raw_match_row,population,target_ra_deg,target_dec_deg,eligible_physical_plate_count,raw_source_calib_rows_in_15arcsec,eligible_source_calib_rows_in_15arcsec,physical_plates_with_any_source_within_15arcsec,strict_physical_plate_recurrence_count,diagnostic_physical_plate_recurrence_count,wide_5_to_15_physical_plate_context_count,best_eligible_separation_arcsec,distinct_nonnull_gaiaedr3_ids_on_strict_plates,gaiaedr3_ids_repeated_on_2plus_strict_plates,catalog_recurrence_class,candidate_disposition_changed
292670,PRIMARY_424,84.42152695134904,9.193517580040298,755,538,535,274,260,5,9,0.03863436596762805,1,3334887490818744448:258,STRICT_RECURRENCE_ON_2PLUS_PHYSICAL_PLATES,False
292672,PRIMARY_424,84.23999947648255,10.070303173081452,776,421,420,225,172,44,9,0.24818129352311669,1,3339451524928505728:166,STRICT_RECURRENCE_ON_2PLUS_PHYSICAL_PLATES,False
292673,PRIMARY_424,85.04110507068629,6.589417697218881,688,416,413,224,94,114,16,1.353222427603475,1,3333133078280284672:88,STRICT_RECURRENCE_ON_2PLUS_PHYSICAL_PLATES,False
292675,DIAGNOSTIC_179,84.79543567149825,6.727827675262417,737,712,706,358,319,24,15,0.07991321328914969,1,3333150984000540800:317,STRICT_RECURRENCE_ON_2PLUS_PHYSICAL_PLATES,False
292677,DIAGNOSTIC_179,84.0535384472597,6.430563196494599,665,418,410,242,199,16,27,0.07208196058260738,1,3333159917532478208:10,STRICT_RECURRENCE_ON_2PLUS_PHYSICAL_PLATES,False
292678,PRIMARY_424,84.28197000186023,10.081951982425755,776,359,358,198,192,3,3,0.050504157185987,1,3339451662367467520:188,STRICT_RECURRENCE_ON_2PLUS_PHYSICAL_PLATES,False
292679,PRIMARY_424,85.75037947502369,9.170606219366912,912,754,751,393,375,7,11,0.10775096972287282,1,3336153853336605056:367,STRICT_RECURRENCE_ON_2PLUS_PHYSICAL_PLATES,False
292681,PRIMARY_424,84.33843989996389,9.290102661609746,756,646,643,314,307,3,4,0.007528715240946743,1,3334900891116702208:301,STRICT_RECURRENCE_ON_2PLUS_PHYSICAL_PLATES,False
292687,PRIMARY_424,84.46826141523495,9.210065042356483,757,809,794,409,315,45,49,0.6475716364014081,1,3334884707679924096:298,STRICT_RECURRENCE_ON_2PLUS_PHYSICAL_PLATES,False
292689,PRIMARY_424,84.05551722233281,9.990203669406688,769,780,766,405,343,13,48,0.04281008704495006,1,3339490527529356160:337,STRICT_RECURRENCE_ON_2PLUS_PHYSICAL_PLATES,False
292691,DIAGNOSTIC_179,85.268053103736,5.7745665907210135,630,244,243,144,4,18,121,1.3856790782161073,1,3332821538532526080:4,STRICT_RECURRENCE_ON_2PLUS_PHYSICAL_PLATES,False
292692,PRIMARY_424,84.96366278713406,6.527192211172705,684,313,310,172,30,113,28,1.5890256751905176,1,3333132391085518976:25,STRICT_RECURRENCE_ON_2PLUS_PHYSICAL_PLATES,False
292693,PRIMARY_424,84.5208872148356,9.23174142376802,764,570,566,298,248,33,17,0.7301365999435052,1,3334890686274390144:237,STRICT_RECURRENCE_ON_2PLUS_PHYSICAL_PLATES,False
292695,DIAGNOSTIC_179,85.41953361894292,9.329138097733253,913,775,770,405,62,314,29,1.0577956548706553,1,3336358392562563840:57,STRICT_RECURRENCE_ON_2PLUS_PHYSICAL_PLATES,False
292697,PRIMARY_424,84.4452378011296,9.180603748960722,756,774,767,378,345,8,24,0.07344518008392376,1,3334884497224112128:345,STRICT_RECURRENCE_ON_2PLUS_PHYSICAL_PLATES,False
292698,PRIMARY_424,84.92147137230093,9.849296474599306,920,682,681,362,335,13,14,0.3621095502119911,1,3336447835257750272:328,STRICT_RECURRENCE_ON_2PLUS_PHYSICAL_PLATES,False
292700,PRIMARY_424,85.68542365397536,9.25526012867555,917,909,906,461,436,8,17,0.03281690890998135,1,3336167077539168768:431,STRICT_RECURRENCE_ON_2PLUS_PHYSICAL_PLATES,False
292701,PRIMARY_424,84.92838260184355,10.062208499502209,924,718,713,368,341,7,20,0.08247294332999,1,3336460715863246592:333,STRICT_RECURRENCE_ON_2PLUS_PHYSICAL_PLATES,False
292702,PRIMARY_424,84.12198277868859,6.834053203811565,699,808,796,397,348,14,35,0.11030702644202792,1,3333213690522941056:342,STRICT_RECURRENCE_ON_2PLUS_PHYSICAL_PLATES,False
292704,PRIMARY_424,85.00661728698256,9.937294010330833,925,695,692,366,346,6,14,0.21774783405227835,1,3336450103000453120:339,STRICT_RECURRENCE_ON_2PLUS_PHYSICAL_PLATES,False
292710,PRIMARY_424,84.49030382270293,10.059628968939531,783,461,460,243,227,6,10,0.17709825735787052,1,3339448643008178176:224,STRICT_RECURRENCE_ON_2PLUS_PHYSICAL_PLATES,False
292711,PRIMARY_424,84.33985366179427,9.362105897999312,757,643,639,309,300,4,5,0.41300567474009525,1,3334908037942270208:300,STRICT_RECURRENCE_ON_2PLUS_PHYSICAL_PLATES,False
292712,PRIMARY_424,84.29791041468305,9.372564901548268,756,737,733,365,327,12,26,0.026618028002479786,1,3334908175381621504:324,STRICT_RECURRENCE_ON_2PLUS_PHYSICAL_PLATES,False
292713,DIAGNOSTIC_179,85.3559684126239,10.082125034091769,929,444,443,245,209,19,16,0.09926300079920115,0,,STRICT_RECURRENCE_ON_2PLUS_PHYSICAL_PLATES,False
292714,PRIMARY_424,85.1120848967332,6.775524615809233,809,897,885,454,350,55,49,0.6172092611040327,1,3333514918052765184:345,STRICT_RECURRENCE_ON_2PLUS_PHYSICAL_PLATES,False
292715,DIAGNOSTIC_179,83.92618885785956,10.229105776925381,764,418,415,224,198,11,15,0.12217259241420132,1,3339511035996854912:193,STRICT_RECURRENCE_ON_2PLUS_PHYSICAL_PLATES,False
292720,PRIMARY_424,85.94178847467174,9.601544857845933,922,866,866,446,419,11,15,0.0974379810829784,1,3336275315011827072:416,STRICT_RECURRENCE_ON_2PLUS_PHYSICAL_PLATES,False
292721,PRIMARY_424,84.01622442895714,6.222886962771511,637,410,410,225,168,20,36,0.19485172235466552,1,3333015091235214208:162,STRICT_RECURRENCE_ON_2PLUS_PHYSICAL_PLATES,False
292725,PRIMARY_424,84.48611713683263,9.171127775801445,757,777,777,380,337,12,31,0.5220482301584553,1,3334884325425420672:333,STRICT_RECURRENCE_ON_2PLUS_PHYSICAL_PLATES,False
292728,DIAGNOSTIC_179,85.1394767401251,9.23459437679201,908,756,756,397,348,32,17,0.03223603276283396,1,3336330496751595776:343,STRICT_RECURRENCE_ON_2PLUS_PHYSICAL_PLATES,False
292730,PRIMARY_424,85.8514442158669,9.263396089502903,917,1065,1065,527,480,13,33,0.05287995798829358,1,3336160553485542912:477,STRICT_RECURRENCE_ON_2PLUS_PHYSICAL_PLATES,False
292733,PRIMARY_424,85.08846765344926,6.4243766554808355,673,362,362,212,157,27,28,0.2886553016549866,1,3332940045271981056:8,STRICT_RECURRENCE_ON_2PLUS_PHYSICAL_PLATES,False
292737,DIAGNOSTIC_179,85.3237246248391,6.877674807396708,830,828,828,422,363,25,33,0.1829493294668156,1,3333520419907728768:352,STRICT_RECURRENCE_ON_2PLUS_PHYSICAL_PLATES,False
292738,PRIMARY_424,85.66336505838512,9.247587675156803,917,863,863,452,414,15,23,0.05420326410643417,1,3336167043178208128:412,STRICT_RECURRENCE_ON_2PLUS_PHYSICAL_PLATES,False
292739,PRIMARY_424,85.09138082797885,6.666738984670975,702,813,813,418,358,31,29,0.2579981342636494,1,3333509076897244160:351,STRICT_RECURRENCE_ON_2PLUS_PHYSICAL_PLATES,False
292740,PRIMARY_424,84.86817786790317,10.30845524762269,921,819,819,412,379,7,26,0.023407726945025728,1,3339471694095807232:376,STRICT_RECURRENCE_ON_2PLUS_PHYSICAL_PLATES,False
292742,PRIMARY_424,84.47767314921458,7.010041452800837,714,512,512,293,255,12,24,0.03238222867278257,1,3333220528110797312:252,STRICT_RECURRENCE_ON_2PLUS_PHYSICAL_PLATES,False
292746,PRIMARY_424,85.63172578168715,9.081087710728236,913,840,840,439,415,6,18,0.006147170253011476,1,3336128216673857152:413,STRICT_RECURRENCE_ON_2PLUS_PHYSICAL_PLATES,False
292747,PRIMARY_424,84.98903162265863,9.699526941150731,916,1042,1042,517,423,57,35,0.5898881715780859,1,3336432957491516800:419,STRICT_RECURRENCE_ON_2PLUS_PHYSICAL_PLATES,False
292753,PRIMARY_424,84.27683330045211,8.972032170783136,751,666,666,342,286,27,29,0.17470837526299465,1,3334856631476303104:267,STRICT_RECURRENCE_ON_2PLUS_PHYSICAL_PLATES,False
292754,PRIMARY_424,85.038727025195,9.652562116033122,917,522,522,279,256,11,12,0.04180527745425577,1,3336429585939050240:248,STRICT_RECURRENCE_ON_2PLUS_PHYSICAL_PLATES,False
292756,PRIMARY_424,85.55062716569904,9.906165669011424,931,733,733,388,362,10,16,0.07446707518117004,1,3336486489963943552:354,STRICT_RECURRENCE_ON_2PLUS_PHYSICAL_PLATES,False
292758,DIAGNOSTIC_179,85.32380486105673,9.264242175105124,912,1039,1039,537,501,14,22,0.15843131361219348,1,3336334276322769280:482,STRICT_RECURRENCE_ON_2PLUS_PHYSICAL_PLATES,False
292761,DIAGNOSTIC_179,84.10934155178094,10.089176753479418,772,594,594,307,283,11,13,0.04661322636196498,1,3339493757344726912:279,STRICT_RECURRENCE_ON_2PLUS_PHYSICAL_PLATES,False
292766,PRIMARY_424,85.10183894553833,10.114534175520602,926,882,882,466,421,11,32,0.14416392116521695,1,3336462262051472128:413,STRICT_RECURRENCE_ON_2PLUS_PHYSICAL_PLATES,False
292767,PRIMARY_424,85.90381494253681,9.12855297820251,911,741,741,389,379,2,8,0.014084936497102967,2,3336149794590774400:327;3336149833244540672:32,STRICT_RECURRENCE_ON_2PLUS_PHYSICAL_PLATES,False
292769,PRIMARY_424,85.44739937672041,6.505824535501352,684,412,412,222,13,184,25,0.9258789393244802,1,3333304533374735104:9,STRICT_RECURRENCE_ON_2PLUS_PHYSICAL_PLATES,False
292771,PRIMARY_424,84.77416951042045,9.329558432893753,882,577,577,310,276,9,25,0.17837389154421873,1,3336346882048786688:268,STRICT_RECURRENCE_ON_2PLUS_PHYSICAL_PLATES,False
292772,PRIMARY_424,85.01448985219062,10.07783996219595,927,1053,1053,531,490,9,32,0.01683471906199563,1,3336461029397231616:485,STRICT_RECURRENCE_ON_2PLUS_PHYSICAL_PLATES,False
292773,PRIMARY_424,84.14077222661253,9.599807592320548,760,780,780,386,318,41,26,0.43817726375212385,1,3337920248828604800:316,STRICT_RECURRENCE_ON_2PLUS_PHYSICAL_PLATES,False
292775,DIAGNOSTIC_179,84.20467633864511,7.81913337886211,748,379,379,207,187,3,17,0.29106705095553775,1,3334438546477198976:181,STRICT_RECURRENCE_ON_2PLUS_PHYSICAL_PLATES,False
292778,PRIMARY_424,83.94768560150737,6.612814917568395,665,487,487,258,161,71,25,0.15958982182003478,1,3333177956395106176:141,STRICT_RECURRENCE_ON_2PLUS_PHYSICAL_PLATES,False
292779,PRIMARY_424,84.90021824456538,6.883021228769949,826,1039,1039,524,412,61,50,0.47539331027198367,1,3333532338440116224:384,STRICT_RECURRENCE_ON_2PLUS_PHYSICAL_PLATES,False
292780,PRIMARY_424,85.66759264872441,9.308646389411011,917,393,393,217,182,30,5,0.9309056733677019,1,3336168318786441600:177,STRICT_RECURRENCE_ON_2PLUS_PHYSICAL_PLATES,False
292781,PRIMARY_424,84.90852057846169,6.532088409356648,683,678,678,345,318,13,14,0.08467713078025829,1,3333131673827591680:317,STRICT_RECURRENCE_ON_2PLUS_PHYSICAL_PLATES,False
292782,PRIMARY_424,85.13864295812104,6.827151733622772,826,987,987,506,81,366,59,1.1326109061062368,2,3333515746982054528:66;3333515746983338240:11,STRICT_RECURRENCE_ON_2PLUS_PHYSICAL_PLATES,False
292784,PRIMARY_424,84.90183556397949,10.026474354353212,924,1019,1019,506,465,11,29,0.03971947335362735,1,3336454702909032576:454,STRICT_RECURRENCE_ON_2PLUS_PHYSICAL_PLATES,False
292786,PRIMARY_424,85.17255958334319,9.73125632329167,922,694,694,364,256,83,24,1.2135057472163244,1,3336431097767534976:251,STRICT_RECURRENCE_ON_2PLUS_PHYSICAL_PLATES,False
292787,DIAGNOSTIC_179,83.82780692096863,10.637805010862332,686,263,263,119,4,60,55,1.409475899212972,1,,STRICT_RECURRENCE_ON_2PLUS_PHYSICAL_PLATES,False
292789,PRIMARY_424,85.91373626462337,9.001517969941164,908,755,755,392,361,13,17,0.15191721123523586,1,3336099560653284736:359,STRICT_RECURRENCE_ON_2PLUS_PHYSICAL_PLATES,False
292793,PRIMARY_424,84.1379418032549,9.378360300517656,753,592,592,308,273,10,25,0.4007464709862889,1,3334906006421765504:264,STRICT_RECURRENCE_ON_2PLUS_PHYSICAL_PLATES,False
292794,PRIMARY_424,84.86213074825753,6.7107221654169855,734,580,580,311,281,9,21,0.15232087546157186,1,3333150296805769600:265,STRICT_RECURRENCE_ON_2PLUS_PHYSICAL_PLATES,False
292795,PRIMARY_424,84.43376611489572,9.865001946805824,775,646,646,332,303,15,14,0.5499227037162686,1,3339432665729893120:296,STRICT_RECURRENCE_ON_2PLUS_PHYSICAL_PLATES,False
292796,PRIMARY_424,85.46093376523349,9.593261157427964,920,980,980,490,86,367,37,1.2875974097994525,1,3336372686213733760:83,STRICT_RECURRENCE_ON_2PLUS_PHYSICAL_PLATES,False
292797,DIAGNOSTIC_179,84.09514944912657,6.641038492599626,680,362,362,211,179,8,24,0.04801093447632602,1,3333183380938320768:177,STRICT_RECURRENCE_ON_2PLUS_PHYSICAL_PLATES,False
292798,PRIMARY_424,85.89128558150516,9.951424683253274,936,740,740,388,349,19,19,0.34159687373433467,1,3336478724663123840:346,STRICT_RECURRENCE_ON_2PLUS_PHYSICAL_PLATES,False
292800,DIAGNOSTIC_179,83.79880582936069,10.00896315740292,615,8,8,6,0,0,6,9.859961443855122,0,,WIDE_5_TO_15_ARCSEC_CONTEXT_ONLY,False
292801,PRIMARY_424,85.22364284308647,9.686710303045391,919,918,918,469,352,40,76,1.4109396219962087,1,3336383818767542144:348,STRICT_RECURRENCE_ON_2PLUS_PHYSICAL_PLATES,False
292802,PRIMARY_424,84.97127462814669,9.98215699750183,925,488,488,256,242,6,8,0.08876224361696693,1,3336453431598714496:238,STRICT_RECURRENCE_ON_2PLUS_PHYSICAL_PLATES,False
292803,PRIMARY_424,84.98541642836375,9.942768300879747,923,1014,1014,487,462,8,17,0.20929738097273162,1,3336450309158886656:436,STRICT_RECURRENCE_ON_2PLUS_PHYSICAL_PLATES,False
292804,PRIMARY_424,86.01038895219402,9.520320634559875,919,1098,1098,557,505,18,34,0.0686586909240834,1,3336270878308408832:487,STRICT_RECURRENCE_ON_2PLUS_PHYSICAL_PLATES,False
292805,DIAGNOSTIC_179,83.99718261570543,6.9644701509775615,699,511,511,283,67,175,41,0.1306183276074187,1,3333966886052662272:55,STRICT_RECURRENCE_ON_2PLUS_PHYSICAL_PLATES,False
292811,DIAGNOSTIC_179,84.25346353088557,9.818301954344507,772,337,337,184,177,3,4,0.11703863472513015,1,3339437476093315584:174,STRICT_RECURRENCE_ON_2PLUS_PHYSICAL_PLATES,False
292812,PRIMARY_424,84.79448922725523,9.38614006988129,889,847,847,438,391,21,25,0.09680573395020796,1,3336395539733722112:384,STRICT_RECURRENCE_ON_2PLUS_PHYSICAL_PLATES,False
292814,DIAGNOSTIC_179,84.084089092507,9.290508651174887,749,464,464,250,189,48,13,0.4783944166552426,1,3334903635599805952:186,STRICT_RECURRENCE_ON_2PLUS_PHYSICAL_PLATES,False
292816,DIAGNOSTIC_179,83.89528953768924,9.326453661597153,728,394,394,208,66,123,19,0.8256738949879092,1,3337884003602133504:51,STRICT_RECURRENCE_ON_2PLUS_PHYSICAL_PLATES,False
292817,DIAGNOSTIC_179,83.88442365957751,6.797053476521099,643,253,253,159,34,95,30,0.8582900476501895,0,,STRICT_RECURRENCE_ON_2PLUS_PHYSICAL_PLATES,False
292821,PRIMARY_424,83.86777481215088,6.46271238499265,596,269,269,151,5,24,121,1.0259238573051699,1,3333174039384967680:4,STRICT_RECURRENCE_ON_2PLUS_PHYSICAL_PLATES,False
292825,PRIMARY_424,84.81302907396804,9.835235232073664,906,684,684,368,300,53,15,0.9438208743407478,1,3336450446597891584:288,STRICT_RECURRENCE_ON_2PLUS_PHYSICAL_PLATES,False
292826,PRIMARY_424,84.46765070217916,9.936941455085355,777,206,206,106,101,3,2,0.12709934168236545,1,3339434177558359040:100,STRICT_RECURRENCE_ON_2PLUS_PHYSICAL_PLATES,False
292829,PRIMARY_424,84.26940880413106,9.37304252493978,756,729,729,361,298,33,30,0.7534610426512292,1,3334905319225558784:296,STRICT_RECURRENCE_ON_2PLUS_PHYSICAL_PLATES,False
292831,PRIMARY_424,84.82809559691711,6.428597924304323,671,773,773,386,339,12,35,0.0701558850066487,1,3333124213467789824:333,STRICT_RECURRENCE_ON_2PLUS_PHYSICAL_PLATES,False
292832,PRIMARY_424,85.41599853729329,7.681124679891837,877,821,821,415,16,369,29,0.8940171035176283,1,3333726333525210624:14,STRICT_RECURRENCE_ON_2PLUS_PHYSICAL_PLATES,False
292833,DIAGNOSTIC_179,84.17786588580634,5.775950289612918,625,30,30,17,2,0,15,0.3657437156030128,0,,STRICT_RECURRENCE_ON_2PLUS_PHYSICAL_PLATES,False
292835,PRIMARY_424,84.39915932696078,9.964948209497576,776,866,866,440,371,22,47,0.009220755379517215,1,3339446340905748608:361,STRICT_RECURRENCE_ON_2PLUS_PHYSICAL_PLATES,False
292840,PRIMARY_424,84.94650699022579,9.725674124050297,915,701,701,371,345,10,16,0.6803670707525512,1,3336433953923473152:340,STRICT_RECURRENCE_ON_2PLUS_PHYSICAL_PLATES,False
292841,PRIMARY_424,84.45818172507309,9.303841791000854,759,527,527,283,270,3,9,0.28074133948490454,1,3334895187400113664:265,STRICT_RECURRENCE_ON_2PLUS_PHYSICAL_PLATES,False
292842,PRIMARY_424,84.15585565957315,9.338227504210161,755,794,794,395,337,21,37,0.21096081667280253,1,3334905632760495872:337,STRICT_RECURRENCE_ON_2PLUS_PHYSICAL_PLATES,False
292845,PRIMARY_424,84.02219567422077,10.357181642817675,771,713,713,376,329,16,31,0.097631694954284,1,3339522482085688320:323,STRICT_RECURRENCE_ON_2PLUS_PHYSICAL_PLATES,False
292846,PRIMARY_424,84.06865975669837,9.990370792143098,769,436,436,250,222,16,12,0.19747634943794268,1,3339490454513576320:217,STRICT_RECURRENCE_ON_2PLUS_PHYSICAL_PLATES,False
292848,PRIMARY_424,84.89986158251116,6.996714232383006,834,1025,1025,513,436,46,31,0.3284712110318823,1,3333534400024415488:426,STRICT_RECURRENCE_ON_2PLUS_PHYSICAL_PLATES,False
292850,PRIMARY_424,85.51071507316323,9.672123988512453,926,593,593,304,94,192,17,1.3995076359889729,1,3336385197454896128:87,STRICT_RECURRENCE_ON_2PLUS_PHYSICAL_PLATES,False
292854,DIAGNOSTIC_179,83.91451353371721,9.873067970251016,756,318,318,162,98,53,11,0.7130386280510842,1,3337987941810575872:92,STRICT_RECURRENCE_ON_2PLUS_PHYSICAL_PLATES,False
292855,PRIMARY_424,85.27923510104553,10.189281082128186,926,1124,1124,569,506,20,43,0.0702231808350775,1,3336555175080589568:498,STRICT_RECURRENCE_ON_2PLUS_PHYSICAL_PLATES,False
292861,PRIMARY_424,85.59160119189872,9.610735329793371,926,1082,1082,555,322,192,40,0.1766442612291342,1,3336373549503587200:319,STRICT_RECURRENCE_ON_2PLUS_PHYSICAL_PLATES,False
292863,PRIMARY_424,85.02898050765417,9.663214788290054,918,1105,1105,565,448,58,57,0.5057331923020537,1,3336429658956173184:443,STRICT_RECURRENCE_ON_2PLUS_PHYSICAL_PLATES,False
292864,PRIMARY_424,84.88241057697451,9.287263935720983,900,701,701,370,342,11,17,0.06085388079417717,1,3336345580676781184:339,STRICT_RECURRENCE_ON_2PLUS_PHYSICAL_PLATES,False
292865,PRIMARY_424,85.00559995889188,6.703486059476672,738,611,611,321,274,23,24,0.3794975358326058,1,3333512787748987520:273,STRICT_RECURRENCE_ON_2PLUS_PHYSICAL_PLATES,False
292866,PRIMARY_424,84.25908954652645,9.37900510746766,756,525,525,260,247,7,6,0.34087708051072774,1,3334905323522947456:246,STRICT_RECURRENCE_ON_2PLUS_PHYSICAL_PLATES,False
292868,PRIMARY_424,85.44037117215215,9.456036206425608,917,1092,1092,542,91,427,24,0.5260052803149377,1,3336364714754435968:89,STRICT_RECURRENCE_ON_2PLUS_PHYSICAL_PLATES,False
292869,DIAGNOSTIC_179,85.12186911387832,6.963126078017294,835,1033,1033,514,364,116,34,0.16038696398977434,1,3333535499536043904:357,STRICT_RECURRENCE_ON_2PLUS_PHYSICAL_PLATES,False
292871,PRIMARY_424,85.5668563395081,7.168805756750195,853,710,710,371,147,199,25,1.3635602840247183,1,3333557184827720320:145,STRICT_RECURRENCE_ON_2PLUS_PHYSICAL_PLATES,False
292872,PRIMARY_424,84.9195355365013,10.352122837215466,922,831,831,417,406,2,9,0.06824466489205985,1,3339565702340124160:402,STRICT_RECURRENCE_ON_2PLUS_PHYSICAL_PLATES,False
292873,DIAGNOSTIC_179,84.1371045145421,7.952276277026372,748,714,714,341,318,3,20,0.03450090747740618,1,3334452565248225536:311,STRICT_RECURRENCE_ON_2PLUS_PHYSICAL_PLATES,False
292874,PRIMARY_424,85.45304101006946,5.837050823834499,634,714,714,384,18,288,77,1.0010738005074402,1,3332843322606645504:16,STRICT_RECURRENCE_ON_2PLUS_PHYSICAL_PLATES,False
292875,PRIMARY_424,85.47289223276991,6.801804272913602,822,792,792,410,117,251,41,0.7143953421086962,1,3333330685432094592:115,STRICT_RECURRENCE_ON_2PLUS_PHYSICAL_PLATES,False
292879,PRIMARY_424,84.8523395511915,8.026450882132284,891,717,717,377,332,11,34,0.3502673576805951,1,3334512488634658176:325,STRICT_RECURRENCE_ON_2PLUS_PHYSICAL_PLATES,False
292880,DIAGNOSTIC_179,84.31019786237746,5.702631214306621,623,552,552,308,248,26,34,0.10905814615202199,1,3332790859582192128:228,STRICT_RECURRENCE_ON_2PLUS_PHYSICAL_PLATES,False
292881,PRIMARY_424,84.983828527963,9.623446318136885,915,943,943,482,443,21,18,0.21666050161015638,1,3336406019456196096:437,STRICT_RECURRENCE_ON_2PLUS_PHYSICAL_PLATES,False
292882,PRIMARY_424,84.97872074909097,6.405293209991697,666,790,790,402,339,30,31,0.1706601049121128,1,3332941286517140992:337,STRICT_RECURRENCE_ON_2PLUS_PHYSICAL_PLATES,False
292885,DIAGNOSTIC_179,84.33182565574414,9.347208797154039,757,457,457,240,227,5,8,0.01567227053674131,1,3334907827486460160:216,STRICT_RECURRENCE_ON_2PLUS_PHYSICAL_PLATES,False
292890,PRIMARY_424,85.35676218287473,10.319828715722679,928,1039,1039,520,223,255,40,0.8611744549152421,1,3336565036325470464:220,STRICT_RECURRENCE_ON_2PLUS_PHYSICAL_PLATES,False
292891,DIAGNOSTIC_179,84.24947034922292,7.709846111025315,741,542,542,289,237,29,23,0.6635741449706206,1,3334432494867798272:236,STRICT_RECURRENCE_ON_2PLUS_PHYSICAL_PLATES,False
292892,DIAGNOSTIC_179,84.37640671538456,10.390880052183805,777,527,527,275,218,52,5,0.25337976616346886,1,3339531690495747072:214,STRICT_RECURRENCE_ON_2PLUS_PHYSICAL_PLATES,False
292893,PRIMARY_424,84.88209643727401,9.988374685140029,922,736,736,383,345,10,28,0.12631649623055274,1,3336453981354528256:344,STRICT_RECURRENCE_ON_2PLUS_PHYSICAL_PLATES,False
292894,DIAGNOSTIC_179,85.57623616961318,5.848899289136627,634,702,702,377,126,203,48,0.09719529582174988,1,3332842841570306816:123,STRICT_RECURRENCE_ON_2PLUS_PHYSICAL_PLATES,False
292895,PRIMARY_424,84.32380498925295,6.6513362052489455,685,507,507,275,243,14,18,0.1285037969331103,1,3333192898584773504:237,STRICT_RECURRENCE_ON_2PLUS_PHYSICAL_PLATES,False
292896,DIAGNOSTIC_179,85.08593418007521,6.186009230064792,648,682,682,350,31,283,36,0.6798670254735515,1,3332917062901609472:31,STRICT_RECURRENCE_ON_2PLUS_PHYSICAL_PLATES,False
292897,PRIMARY_424,84.1821113837729,8.077646125273871,750,326,326,185,25,151,9,1.0270052524147326,1,3334480808955359104:22,STRICT_RECURRENCE_ON_2PLUS_PHYSICAL_PLATES,False
292898,PRIMARY_424,85.5511320944457,9.122611992514457,913,613,613,334,311,17,6,0.06380928540092848,1,3336140998496528640:299,STRICT_RECURRENCE_ON_2PLUS_PHYSICAL_PLATES,False
292899,PRIMARY_424,86.16754646626626,9.987617901206962,928,1076,1076,540,496,18,26,0.09107359999051536,1,3336499851605575168:488,STRICT_RECURRENCE_ON_2PLUS_PHYSICAL_PLATES,False
292900,PRIMARY_424,85.05443445238338,7.072937648189322,849,513,513,291,202,63,26,0.7742811769972501,1,3333541516787093376:196,STRICT_RECURRENCE_ON_2PLUS_PHYSICAL_PLATES,False
292901,DIAGNOSTIC_179,86.07335893255416,6.974586337211351,832,708,708,367,339,2,26,0.06747901974244214,1,3333439360989581184:335,STRICT_RECURRENCE_ON_2PLUS_PHYSICAL_PLATES,False
292903,PRIMARY_424,85.4329307436485,10.134847097481101,929,731,731,415,348,15,50,0.16405575526211152,0,,STRICT_RECURRENCE_ON_2PLUS_PHYSICAL_PLATES,False
292904,DIAGNOSTIC_179,84.17206005824413,7.552161927128624,737,661,661,329,290,22,17,0.2872116880053837,1,3334378000322749440:285,STRICT_RECURRENCE_ON_2PLUS_PHYSICAL_PLATES,False
292906,PRIMARY_424,84.27821023500574,6.57157764052818,681,782,782,390,346,14,29,0.1811590993872398,1,3333167820272242560:346,STRICT_RECURRENCE_ON_2PLUS_PHYSICAL_PLATES,False
292908,PRIMARY_424,85.31568268737617,6.486598437712727,685,735,735,376,122,224,29,0.617744734319669,1,3333315219253368064:122,STRICT_RECURRENCE_ON_2PLUS_PHYSICAL_PLATES,False
292909,PRIMARY_424,84.26155167049096,9.568618294463253,763,413,413,233,212,16,5,0.4149339920783446,1,3337917568768804736:210,STRICT_RECURRENCE_ON_2PLUS_PHYSICAL_PLATES,False
292910,PRIMARY_424,84.48951990821102,6.883118477755923,705,685,685,348,311,16,21,0.11196459341304052,1,3333205542968496384:306,STRICT_RECURRENCE_ON_2PLUS_PHYSICAL_PLATES,False
292911,PRIMARY_424,84.59033217930613,6.606360848739251,682,753,753,379,335,17,27,0.12488744552527242,1,3333142527208334976:330,STRICT_RECURRENCE_ON_2PLUS_PHYSICAL_PLATES,False
292913,DIAGNOSTIC_179,85.47902886570563,9.830392327831637,930,521,521,287,6,199,80,1.9637972184622015,0,,STRICT_RECURRENCE_ON_2PLUS_PHYSICAL_PLATES,False
292915,DIAGNOSTIC_179,85.08476432443955,6.532451264840164,684,720,720,368,321,26,21,0.71320421916252,1,3332944756850679808:319,STRICT_RECURRENCE_ON_2PLUS_PHYSICAL_PLATES,False
292916,PRIMARY_424,84.01117918538601,6.827493103217721,690,419,419,239,195,24,20,0.30416071691476715,1,3333191008800849792:184,STRICT_RECURRENCE_ON_2PLUS_PHYSICAL_PLATES,False
292917,PRIMARY_424,83.86145065400902,7.8642204551968975,674,280,280,149,14,110,25,1.5295649365708381,1,3334448025469537664:9,STRICT_RECURRENCE_ON_2PLUS_PHYSICAL_PLATES,False
292918,DIAGNOSTIC_179,85.4885512428729,9.186775900369373,910,666,666,353,327,8,18,0.062462630779045424,1,3336142407245799680:322,STRICT_RECURRENCE_ON_2PLUS_PHYSICAL_PLATES,False
292920,DIAGNOSTIC_179,86.00041420220832,9.305186156238078,911,894,894,456,417,10,29,0.32447801933336584,1,3336159488333613696:409,STRICT_RECURRENCE_ON_2PLUS_PHYSICAL_PLATES,False
292923,PRIMARY_424,85.22230263732969,8.028448184066797,899,1043,1043,534,470,31,32,0.21904550843660608,1,3334503658182014080:465,STRICT_RECURRENCE_ON_2PLUS_PHYSICAL_PLATES,False
292924,DIAGNOSTIC_179,84.0861338030769,8.829230484913769,742,576,576,295,261,13,21,0.7135948618351197,1,3334848591298950016:256,STRICT_RECURRENCE_ON_2PLUS_PHYSICAL_PLATES,False
292925,PRIMARY_424,85.11643981667774,8.984761607062078,903,644,644,323,295,19,9,0.6925804240519436,1,3336134989840128896:279,STRICT_RECURRENCE_ON_2PLUS_PHYSICAL_PLATES,False
292926,PRIMARY_424,85.82567910126551,10.523104679650013,919,924,924,434,425,5,4,0.07175356725475868,1,3336583998603315968:423,STRICT_RECURRENCE_ON_2PLUS_PHYSICAL_PLATES,False
292930,PRIMARY_424,84.89873827059327,9.497507112364858,908,820,820,419,342,45,32,1.1185400857050027,1,3336402544824958720:339,STRICT_RECURRENCE_ON_2PLUS_PHYSICAL_PLATES,False
292931,PRIMARY_424,84.5340177756854,6.1104008639991285,643,693,693,357,304,6,46,0.011903944008107542,1,3332901154342673024:299,STRICT_RECURRENCE_ON_2PLUS_PHYSICAL_PLATES,False
292938,PRIMARY_424,84.45735148929451,8.280262106394652,753,520,520,278,251,7,20,0.1352377455662549,1,3334488776117326976:251,STRICT_RECURRENCE_ON_2PLUS_PHYSICAL_PLATES,False
292940,DIAGNOSTIC_179,84.09739606577307,5.772007535597298,624,456,456,253,202,22,29,0.13094338408918513,1,3332982655642453248:180,STRICT_RECURRENCE_ON_2PLUS_PHYSICAL_PLATES,False
292941,PRIMARY_424,84.20891083865311,9.51142212915918,759,274,274,155,128,22,5,1.0049213363345166,1,3337915885141623552:124,STRICT_RECURRENCE_ON_2PLUS_PHYSICAL_PLATES,False
292945,PRIMARY_424,83.85336639009599,6.356477182642571,547,285,285,146,87,29,30,0.46157021627254247,1,3333067043159628672:74,STRICT_RECURRENCE_ON_2PLUS_PHYSICAL_PLATES,False
292947,PRIMARY_424,84.01787297337798,9.83162443187417,768,759,759,411,339,32,39,0.10983498487118569,1,3337940834609260416:310,STRICT_RECURRENCE_ON_2PLUS_PHYSICAL_PLATES,False
292949,PRIMARY_424,84.21353156778034,5.939534851194998,636,359,359,221,174,20,27,0.15581591257566024,1,3332991035122121472:163,STRICT_RECURRENCE_ON_2PLUS_PHYSICAL_PLATES,False
292952,PRIMARY_424,84.15068946111775,7.959732323502687,749,773,773,356,313,34,9,0.31386707285980064,1,3334452599610179200:313,STRICT_RECURRENCE_ON_2PLUS_PHYSICAL_PLATES,False
292953,PRIMARY_424,85.11118265398956,9.691158767468467,918,906,906,461,398,34,29,0.1239001775061322,1,3336429487157459840:395,STRICT_RECURRENCE_ON_2PLUS_PHYSICAL_PLATES,False
292955,PRIMARY_424,85.08141517968313,9.500088989039678,913,1059,1059,530,447,48,35,0.24087967246015787,1,3336356330976853376:446,STRICT_RECURRENCE_ON_2PLUS_PHYSICAL_PLATES,False
292956,PRIMARY_424,83.94699015038998,8.81087983249313,735,545,545,289,105,160,24,1.0058046103592757,1,3334849798185907584:90,STRICT_RECURRENCE_ON_2PLUS_PHYSICAL_PLATES,False
292958,DIAGNOSTIC_179,84.36838677899465,9.784376172875042,773,845,845,428,269,125,34,1.02294989809918,1,3339426034300423680:267,STRICT_RECURRENCE_ON_2PLUS_PHYSICAL_PLATES,False
292963,DIAGNOSTIC_179,83.84844480701275,9.965847757834073,710,211,211,116,102,8,6,0.08982023381463296,0,,STRICT_RECURRENCE_ON_2PLUS_PHYSICAL_PLATES,False
292966,DIAGNOSTIC_179,85.40525059836698,10.272617354621849,929,919,919,471,430,24,17,0.2716778039607615,1,3336561634711373056:424,STRICT_RECURRENCE_ON_2PLUS_PHYSICAL_PLATES,False
292967,DIAGNOSTIC_179,85.03635121331175,9.093500141239053,905,900,900,461,438,9,14,0.16747513814953913,1,3336324513860538112:434,STRICT_RECURRENCE_ON_2PLUS_PHYSICAL_PLATES,False
292969,PRIMARY_424,83.96164179212731,6.634005932466094,668,382,382,219,187,12,19,0.10953353560870956,1,3333183866270097408:180,STRICT_RECURRENCE_ON_2PLUS_PHYSICAL_PLATES,False
292970,PRIMARY_424,84.45821477817684,8.401299170651972,751,479,479,251,230,9,11,0.36384030487317487,1,3334587392864063744:229,STRICT_RECURRENCE_ON_2PLUS_PHYSICAL_PLATES,False
292971,PRIMARY_424,84.65272367671993,6.8848848853921165,764,331,331,196,143,22,31,0.3145735922252277,1,3333203378306753024:9,STRICT_RECURRENCE_ON_2PLUS_PHYSICAL_PLATES,False
292974,PRIMARY_424,83.93041974815121,7.568510793386476,716,451,451,254,38,191,25,1.306129031458451,1,3334427345202569984:27,STRICT_RECURRENCE_ON_2PLUS_PHYSICAL_PLATES,False
292979,DIAGNOSTIC_179,84.89136672191785,10.06690788684745,923,820,820,422,384,9,28,0.056674109434187846,1,3339463172880698624:382,STRICT_RECURRENCE_ON_2PLUS_PHYSICAL_PLATES,False
292982,PRIMARY_424,84.73570585971028,5.955938811334411,638,752,752,395,334,26,35,0.11884087540558991,1,3332883523500524032:333,STRICT_RECURRENCE_ON_2PLUS_PHYSICAL_PLATES,False
292984,PRIMARY_424,85.43881164428652,6.117567062525827,645,713,713,369,28,305,36,0.6112958254888543,1,3332868134634136320:26,STRICT_RECURRENCE_ON_2PLUS_PHYSICAL_PLATES,False
292986,PRIMARY_424,83.96786776989168,7.684015286108886,725,281,281,162,63,89,10,0.47647509308893793,1,3334430712456904704:55,STRICT_RECURRENCE_ON_2PLUS_PHYSICAL_PLATES,False
292987,PRIMARY_424,84.68663023613135,6.651263229241697,684,429,429,243,56,159,28,0.8063109914710224,1,3333148711961240064:50,STRICT_RECURRENCE_ON_2PLUS_PHYSICAL_PLATES,False
292988,DIAGNOSTIC_179,84.66559857381941,7.083512579531363,791,403,403,225,203,9,13,0.11943557907974955,1,3333586283229347968:200,STRICT_RECURRENCE_ON_2PLUS_PHYSICAL_PLATES,False
292989,PRIMARY_424,84.64025022466225,9.792071836498632,847,380,380,215,207,3,5,0.18507985295903323,1,3336426115605469952:203,STRICT_RECURRENCE_ON_2PLUS_PHYSICAL_PLATES,False
292991,PRIMARY_424,85.41067284737593,7.031213673911106,842,592,592,314,4,254,55,2.714308066956848,1,3333548453157406720:2,STRICT_RECURRENCE_ON_2PLUS_PHYSICAL_PLATES,False
292993,PRIMARY_424,84.61429852247186,7.485234281208454,770,840,840,416,369,18,28,0.9171446173759403,1,3334364913558254208:368,STRICT_RECURRENCE_ON_2PLUS_PHYSICAL_PLATES,False
292994,PRIMARY_424,85.33784289774184,10.438191487997349,918,393,393,216,195,16,5,0.2906448143149586,1,3339570860597634176:194,STRICT_RECURRENCE_ON_2PLUS_PHYSICAL_PLATES,False
292996,DIAGNOSTIC_179,84.03173251450198,9.42936204109157,749,459,459,236,221,6,9,0.052790558164446576,1,3337908295937114112:207,STRICT_RECURRENCE_ON_2PLUS_PHYSICAL_PLATES,False
293004,PRIMARY_424,84.79818841824519,10.41898741909372,894,994,994,501,452,20,29,0.036237034214363445,1,3339487984908437376:443,STRICT_RECURRENCE_ON_2PLUS_PHYSICAL_PLATES,False
293006,PRIMARY_424,85.8513108120209,10.003026130989682,935,1120,1120,574,510,20,43,0.12743337469383595,1,3336492502918056704:508,STRICT_RECURRENCE_ON_2PLUS_PHYSICAL_PLATES,False
293008,PRIMARY_424,84.43108977624458,7.723866936680562,746,381,381,213,195,4,13,0.09542974489540394,1,3334386560193242496:195,STRICT_RECURRENCE_ON_2PLUS_PHYSICAL_PLATES,False
293009,DIAGNOSTIC_179,85.2261451690713,7.745215864604138,882,1054,1054,526,47,446,32,0.6068676888602095,1,3333738844764766208:42,STRICT_RECURRENCE_ON_2PLUS_PHYSICAL_PLATES,False
293013,PRIMARY_424,85.12183276162605,9.736468453669984,920,605,605,309,37,252,20,2.056892218515741,1,3336431853681778944:33,STRICT_RECURRENCE_ON_2PLUS_PHYSICAL_PLATES,False
293014,PRIMARY_424,84.88646083167902,9.535299204722621,907,324,324,181,157,12,12,0.3158772347710158,1,3336403786073236608:154,STRICT_RECURRENCE_ON_2PLUS_PHYSICAL_PLATES,False
293021,PRIMARY_424,84.82582486328687,9.169890496381097,889,1014,1014,512,414,64,34,0.2163332361774686,1,3334840349257876352:411,STRICT_RECURRENCE_ON_2PLUS_PHYSICAL_PLATES,False
293023,PRIMARY_424,85.88942673273867,9.10858288889679,911,395,395,218,193,12,12,0.17195603190501238,0,,STRICT_RECURRENCE_ON_2PLUS_PHYSICAL_PLATES,False
293025,PRIMARY_424,85.63104292398415,10.652968100378947,920,864,864,436,358,52,26,0.3939108424863191,1,3336601388928589056:356,STRICT_RECURRENCE_ON_2PLUS_PHYSICAL_PLATES,False
293029,DIAGNOSTIC_179,85.65870410098194,7.827260209710506,886,385,385,211,35,171,5,1.7549955758636728,1,3333732247695139712:32,STRICT_RECURRENCE_ON_2PLUS_PHYSICAL_PLATES,False
293031,DIAGNOSTIC_179,86.06145175031348,9.995282935109959,929,993,993,499,466,9,23,0.07769546584963412,1,3336503257516316160:463,STRICT_RECURRENCE_ON_2PLUS_PHYSICAL_PLATES,False
293032,DIAGNOSTIC_179,84.82078253643003,10.260355296278574,912,895,895,500,372,74,52,0.531970019054797,1,3339469598151767552:247,STRICT_RECURRENCE_ON_2PLUS_PHYSICAL_PLATES,False
293033,PRIMARY_424,85.3439423792404,7.917914346103081,898,664,664,354,314,13,27,0.565172049924986,1,3333750557140752768:312,STRICT_RECURRENCE_ON_2PLUS_PHYSICAL_PLATES,False
293035,PRIMARY_424,85.64474639099967,7.128610829678351,852,1032,1032,516,51,422,43,1.231683394036545,1,3333553199098200832:49,STRICT_RECURRENCE_ON_2PLUS_PHYSICAL_PLATES,False
293037,PRIMARY_424,84.77246768949574,7.508580524710104,845,571,571,303,275,10,18,0.31110087118748353,1,3333637307442671744:265,STRICT_RECURRENCE_ON_2PLUS_PHYSICAL_PLATES,False
293038,PRIMARY_424,84.2485888277136,8.78291910455583,746,587,587,310,292,6,12,0.24193625313938882,1,3334799976565235072:288,STRICT_RECURRENCE_ON_2PLUS_PHYSICAL_PLATES,False
293039,DIAGNOSTIC_179,84.90548859923663,5.7886652307168305,629,15,15,10,2,0,8,0.6238696432999775,0,,STRICT_RECURRENCE_ON_2PLUS_PHYSICAL_PLATES,False
293041,PRIMARY_424,85.43821578976613,10.357574645041499,929,580,580,299,18,270,11,2.2982567080660723,1,3336564035595952128:16,STRICT_RECURRENCE_ON_2PLUS_PHYSICAL_PLATES,False
293042,DIAGNOSTIC_179,85.46611429594955,6.5739019492584445,685,662,662,342,16,296,30,0.20974825909323383,1,3333311443978642432:14,STRICT_RECURRENCE_ON_2PLUS_PHYSICAL_PLATES,False
293043,PRIMARY_424,84.45643527977074,9.675497182729858,770,803,803,402,356,25,20,0.1467938593186071,1,3339419845250292864:354,STRICT_RECURRENCE_ON_2PLUS_PHYSICAL_PLATES,False
293046,PRIMARY_424,84.83780404262275,10.445320633658133,902,529,529,290,279,5,6,0.2619408714261827,1,3339579033918608384:270,STRICT_RECURRENCE_ON_2PLUS_PHYSICAL_PLATES,False
293047,PRIMARY_424,86.15208318116485,9.686809596920558,927,1008,1008,507,422,58,27,0.13180628228367922,1,3336279850497224704:413,STRICT_RECURRENCE_ON_2PLUS_PHYSICAL_PLATES,False
293048,PRIMARY_424,84.36065590168518,10.277023661607254,776,506,506,249,235,8,6,0.1623481512933209,1,3339525952419474432:231,STRICT_RECURRENCE_ON_2PLUS_PHYSICAL_PLATES,False
293051,PRIMARY_424,84.70266181482438,6.394952335586713,660,787,787,396,338,20,38,0.33230274226788975,1,3333123148315901056:335,STRICT_RECURRENCE_ON_2PLUS_PHYSICAL_PLATES,False
293053,PRIMARY_424,84.28769572945858,9.612927838666797,763,560,560,312,245,46,20,1.1723501416253412,1,3337918840079123840:240,STRICT_RECURRENCE_ON_2PLUS_PHYSICAL_PLATES,False
293055,PRIMARY_424,84.10590310888585,8.98479440628491,748,722,722,366,260,81,25,0.8225272145945014,1,3334858869156785792:255,STRICT_RECURRENCE_ON_2PLUS_PHYSICAL_PLATES,False
293057,DIAGNOSTIC_179,83.97488391747333,6.41610385446066,656,655,655,353,298,17,37,0.013397446960808189,1,3333161356346030976:292,STRICT_RECURRENCE_ON_2PLUS_PHYSICAL_PLATES,False
293058,PRIMARY_424,85.0592382103228,7.185105416784383,854,1030,1030,517,157,324,35,0.42897163355698253,1,3333590303320574336:153,STRICT_RECURRENCE_ON_2PLUS_PHYSICAL_PLATES,False
293060,PRIMARY_424,84.24262156871897,10.28251594135164,774,840,840,436,353,38,45,0.13916248537680398,1,3339505851972300288:338,STRICT_RECURRENCE_ON_2PLUS_PHYSICAL_PLATES,False
293061,PRIMARY_424,85.5184064587799,10.252248797101936,929,830,830,426,376,30,20,0.6714077691202887,1,3336549265205547776:374,STRICT_RECURRENCE_ON_2PLUS_PHYSICAL_PLATES,False
293064,PRIMARY_424,84.29555987350255,9.606936387882625,763,503,503,270,248,15,7,0.0757250539559767,1,3337918874438862464:237,STRICT_RECURRENCE_ON_2PLUS_PHYSICAL_PLATES,False
293065,PRIMARY_424,84.58468261942276,6.172323227420147,646,771,771,387,327,30,29,0.11099004861229807,1,3333094908907602432:325,STRICT_RECURRENCE_ON_2PLUS_PHYSICAL_PLATES,False
293069,PRIMARY_424,84.38174272004755,10.266326591267603,776,642,642,313,287,5,21,0.2892111316003367,1,3339525196505228416:284,STRICT_RECURRENCE_ON_2PLUS_PHYSICAL_PLATES,False
293070,DIAGNOSTIC_179,85.63708310467317,7.447544929082919,871,893,893,430,241,182,7,1.6853339187030054,1,3333668304222120576:241,STRICT_RECURRENCE_ON_2PLUS_PHYSICAL_PLATES,False
293071,PRIMARY_424,85.57901191725931,9.64590998929049,929,805,805,399,70,307,22,1.235657675833179,1,3336373854444837120:63,STRICT_RECURRENCE_ON_2PLUS_PHYSICAL_PLATES,False
293072,PRIMARY_424,84.23067861979526,6.649874290179714,682,647,647,345,218,97,30,0.39299845481631424,1,3333172561916132608:200,STRICT_RECURRENCE_ON_2PLUS_PHYSICAL_PLATES,False
293078,PRIMARY_424,85.84135632646039,8.99430011182982,911,993,993,502,447,30,25,0.8470111365953104,1,3336099908547388544:443,STRICT_RECURRENCE_ON_2PLUS_PHYSICAL_PLATES,False
293079,PRIMARY_424,83.9513741207863,8.97983685363652,738,344,344,187,167,7,13,0.36264397182561253,1,3334865771168130560:154,STRICT_RECURRENCE_ON_2PLUS_PHYSICAL_PLATES,False
293080,PRIMARY_424,85.91363603222577,9.839099983292286,936,1094,1094,541,505,15,21,0.3764984961136606,1,3336473948659370240:496,STRICT_RECURRENCE_ON_2PLUS_PHYSICAL_PLATES,False
293081,PRIMARY_424,84.9896232090552,8.971784993821284,903,748,748,390,344,16,30,0.4507494064013305,1,3334821485761522688:342,STRICT_RECURRENCE_ON_2PLUS_PHYSICAL_PLATES,False
293082,PRIMARY_424,86.86237908331675,7.9132089161969645,891,307,307,164,7,117,40,1.1315845178113868,1,3335015652642529408:5,STRICT_RECURRENCE_ON_2PLUS_PHYSICAL_PLATES,False
293083,PRIMARY_424,84.90454062604967,10.187022187348582,922,805,805,419,379,11,29,0.24546382835270147,1,3339465268824736128:374,STRICT_RECURRENCE_ON_2PLUS_PHYSICAL_PLATES,False
293084,PRIMARY_424,84.23612984620524,8.882941569602664,749,408,408,237,183,10,43,0.5459486673610738,0,,STRICT_RECURRENCE_ON_2PLUS_PHYSICAL_PLATES,False
293086,PRIMARY_424,85.23748473060031,10.240186819635134,926,1052,1052,526,488,14,24,0.06606420812212424,1,3336558507975208448:485,STRICT_RECURRENCE_ON_2PLUS_PHYSICAL_PLATES,False
293087,PRIMARY_424,84.8459744874007,9.322994365188984,897,995,995,508,368,90,49,0.7145209558939956,1,3336346714548146688:365,STRICT_RECURRENCE_ON_2PLUS_PHYSICAL_PLATES,False
293092,PRIMARY_424,86.13988075704953,7.0626844249076415,843,894,894,454,423,10,21,0.04100674023033486,1,3333444587965302272:420,STRICT_RECURRENCE_ON_2PLUS_PHYSICAL_PLATES,False
293093,PRIMARY_424,85.0166612244315,7.514911677834497,875,690,690,362,125,210,27,0.328140301074958,1,3333635284512852736:122,STRICT_RECURRENCE_ON_2PLUS_PHYSICAL_PLATES,False
293105,PRIMARY_424,85.27359815138642,9.42439170018925,914,839,839,429,394,18,17,0.766765551099285,1,3336340392354016640:392,STRICT_RECURRENCE_ON_2PLUS_PHYSICAL_PLATES,False
293108,DIAGNOSTIC_179,84.49617722073383,6.694295419806709,689,690,690,352,312,19,20,0.29670844108811883,1,3333193860657454848:301,STRICT_RECURRENCE_ON_2PLUS_PHYSICAL_PLATES,False
293109,DIAGNOSTIC_179,85.36305064295699,8.27335472414254,903,1031,1031,529,86,415,27,0.6816987316008053,1,3334534783807027200:85,STRICT_RECURRENCE_ON_2PLUS_PHYSICAL_PLATES,False
293110,PRIMARY_424,84.98870110497008,8.133417459275961,899,1052,1052,539,395,108,36,0.7368403518087789,1,3334515164396424192:393,STRICT_RECURRENCE_ON_2PLUS_PHYSICAL_PLATES,False
293111,DIAGNOSTIC_179,86.48817833602423,9.412912344403193,910,975,975,491,447,28,16,0.0696829944990668,1,3336210611327325696:434,STRICT_RECURRENCE_ON_2PLUS_PHYSICAL_PLATES,False
293113,DIAGNOSTIC_179,84.31838474231294,5.894715159697376,633,306,306,187,154,11,22,0.1260544673593685,1,3332803637110245376:143,STRICT_RECURRENCE_ON_2PLUS_PHYSICAL_PLATES,False
293117,PRIMARY_424,83.93821531656567,10.3988435343952,768,677,677,373,303,25,44,0.1040489147335983,1,3339522340350776192:285,STRICT_RECURRENCE_ON_2PLUS_PHYSICAL_PLATES,False
293118,PRIMARY_424,84.58520864371135,8.490080624638162,761,5,5,5,0,0,5,6.653310856680312,0,,WIDE_5_TO_15_ARCSEC_CONTEXT_ONLY,False
293120,PRIMARY_424,85.28425629934011,9.698195666340245,923,363,363,202,97,94,11,1.027796020462521,0,,STRICT_RECURRENCE_ON_2PLUS_PHYSICAL_PLATES,False
293121,PRIMARY_424,85.22405926735983,7.244998453077119,855,804,804,418,20,367,31,0.9392355151435637,1,3333568764059576320:17,STRICT_RECURRENCE_ON_2PLUS_PHYSICAL_PLATES,False
293124,DIAGNOSTIC_179,85.52857001901228,6.590844439605029,687,617,617,305,29,266,10,1.3914042128270077,1,3333311925014968448:24,STRICT_RECURRENCE_ON_2PLUS_PHYSICAL_PLATES,False
293125,PRIMARY_424,85.82437440288926,6.494659065559766,679,780,780,401,333,24,44,0.49718030272215025,1,3333260316688082688:330,STRICT_RECURRENCE_ON_2PLUS_PHYSICAL_PLATES,False
293127,PRIMARY_424,84.4004526147395,9.048288949896216,753,402,402,214,200,5,9,0.44269229733233406,1,3334880958171065600:198,STRICT_RECURRENCE_ON_2PLUS_PHYSICAL_PLATES,False
293134,PRIMARY_424,85.17425289001541,6.9334892294481145,834,1009,1009,507,38,411,57,0.3222723991835045,1,3333523439267877760:22,STRICT_RECURRENCE_ON_2PLUS_PHYSICAL_PLATES,False
293135,PRIMARY_424,84.50444044537828,8.200307041064123,753,751,751,376,258,95,23,0.6441342789143798,1,3334486886331717888:255,STRICT_RECURRENCE_ON_2PLUS_PHYSICAL_PLATES,False
293137,PRIMARY_424,84.84473464472772,8.129943737471296,889,799,799,419,202,181,34,1.3329653587083816,1,3334517195918796416:196,STRICT_RECURRENCE_ON_2PLUS_PHYSICAL_PLATES,False
293139,PRIMARY_424,84.63926995620582,7.884794229664997,818,660,660,347,241,80,26,0.6936503521862897,1,3334418647891325824:238,STRICT_RECURRENCE_ON_2PLUS_PHYSICAL_PLATES,False
293142,DIAGNOSTIC_179,84.32250509834958,8.32921081359104,749,322,322,173,166,4,3,0.5784549267388713,1,3334492697424785408:164,STRICT_RECURRENCE_ON_2PLUS_PHYSICAL_PLATES,False
293147,DIAGNOSTIC_179,84.57142315714745,8.737912275428195,763,793,793,392,198,167,27,0.6405310107737958,1,3334790424558141312:198,STRICT_RECURRENCE_ON_2PLUS_PHYSICAL_PLATES,False
293148,DIAGNOSTIC_179,84.83756852490103,9.303239767501145,894,705,705,363,337,11,15,0.17035537921587535,1,3336345821194955648:329,STRICT_RECURRENCE_ON_2PLUS_PHYSICAL_PLATES,False
293149,PRIMARY_424,85.39289141777482,7.5719487175610745,871,564,564,308,8,270,29,1.1003735238966694,1,3333720805902126080:5,STRICT_RECURRENCE_ON_2PLUS_PHYSICAL_PLATES,False
293151,DIAGNOSTIC_179,86.12942604100847,6.890907610968191,826,607,607,330,292,12,26,0.047714872447701645,1,3333437784737134848:283,STRICT_RECURRENCE_ON_2PLUS_PHYSICAL_PLATES,False
293152,PRIMARY_424,84.77725361094342,7.94319516025505,873,944,944,481,358,89,34,0.48911546910594095,1,3334417861914801536:345,STRICT_RECURRENCE_ON_2PLUS_PHYSICAL_PLATES,False
293154,PRIMARY_424,85.35103689540277,9.475352224883869,917,469,469,252,126,113,13,1.4120539802430636,1,3336364341093786112:122,STRICT_RECURRENCE_ON_2PLUS_PHYSICAL_PLATES,False
293155,PRIMARY_424,85.75281239519732,10.619003993749155,920,942,942,463,419,14,27,0.6964434632337004,1,3336597570699970048:414,STRICT_RECURRENCE_ON_2PLUS_PHYSICAL_PLATES,False
293157,PRIMARY_424,84.02174174408597,7.25374815665078,716,382,382,211,108,85,18,0.745203375159366,0,,STRICT_RECURRENCE_ON_2PLUS_PHYSICAL_PLATES,False
293162,PRIMARY_424,85.37722716644653,10.376524848470607,929,1076,1076,546,38,462,46,0.48048305495537064,1,3336565826599441024:38,STRICT_RECURRENCE_ON_2PLUS_PHYSICAL_PLATES,False
293163,DIAGNOSTIC_179,84.07311940221125,9.315925560358673,748,444,444,237,210,12,15,0.37037657271942165,1,3334903949133320192:204,STRICT_RECURRENCE_ON_2PLUS_PHYSICAL_PLATES,False
293164,PRIMARY_424,84.22701456627408,9.455271987758811,758,691,691,348,178,147,23,1.7919054007663788,1,3334912607785073408:176,STRICT_RECURRENCE_ON_2PLUS_PHYSICAL_PLATES,False
293166,PRIMARY_424,84.22468500584537,7.784926254525813,747,833,833,418,351,26,40,0.44016700886405263,1,3334435346726081152:344,STRICT_RECURRENCE_ON_2PLUS_PHYSICAL_PLATES,False
293169,DIAGNOSTIC_179,84.55013000770532,9.459178151774706,772,611,611,320,288,12,20,0.7837822869634142,1,3336410864179414912:287,STRICT_RECURRENCE_ON_2PLUS_PHYSICAL_PLATES,False
293171,DIAGNOSTIC_179,83.87469057891272,6.402183571727427,588,288,288,162,62,79,21,0.4758302892572829,1,3333068039592028672:51,STRICT_RECURRENCE_ON_2PLUS_PHYSICAL_PLATES,False
293173,PRIMARY_424,85.87483031260666,10.881589100551844,921,970,970,474,402,62,10,0.6678101978967054,1,3336981850013866112:397,STRICT_RECURRENCE_ON_2PLUS_PHYSICAL_PLATES,False
293174,PRIMARY_424,85.119777833194,9.5847968135187,916,450,450,247,94,137,16,1.2105126846588856,1,3336381276147339008:91,STRICT_RECURRENCE_ON_2PLUS_PHYSICAL_PLATES,False
293176,PRIMARY_424,85.08686279379364,8.88755560631568,904,511,511,269,148,110,11,0.658995574043429,1,3334632301042007040:143,STRICT_RECURRENCE_ON_2PLUS_PHYSICAL_PLATES,False
293179,PRIMARY_424,84.5184109551901,6.108007240952097,643,360,360,201,181,8,12,0.4871123366678761,1,3333088719858059008:174,STRICT_RECURRENCE_ON_2PLUS_PHYSICAL_PLATES,False
293180,PRIMARY_424,84.21765643901834,9.500376479677282,759,728,728,365,301,42,22,0.17082608981590788,1,3337915438465024896:301,STRICT_RECURRENCE_ON_2PLUS_PHYSICAL_PLATES,False
293186,PRIMARY_424,85.53953218348026,6.183510335233425,647,745,745,383,10,231,141,1.6678610809638448,1,3332870123202547712:9,STRICT_RECURRENCE_ON_2PLUS_PHYSICAL_PLATES,False
293198,PRIMARY_424,84.53939914119753,6.596710652758425,682,656,656,333,287,16,30,0.2734109027049396,1,3333145383363228288:283,STRICT_RECURRENCE_ON_2PLUS_PHYSICAL_PLATES,False
293201,PRIMARY_424,85.04873441968172,9.44442541878014,910,673,673,356,307,37,12,0.23000604984938622,1,3336354445489210240:304,STRICT_RECURRENCE_ON_2PLUS_PHYSICAL_PLATES,False
293203,PRIMARY_424,84.48550486483022,6.26555166980312,649,780,780,400,349,16,35,0.15584622400724274,1,3333099959789141888:341,STRICT_RECURRENCE_ON_2PLUS_PHYSICAL_PLATES,False
293204,PRIMARY_424,84.13865546360059,7.402319251145071,731,781,781,397,255,103,39,0.26801944281935414,1,3334371544987695616:251,STRICT_RECURRENCE_ON_2PLUS_PHYSICAL_PLATES,False
293205,DIAGNOSTIC_179,84.65620997689341,9.300538206431632,843,528,528,278,248,12,17,0.8267601204189682,1,3334892262524979968:245,STRICT_RECURRENCE_ON_2PLUS_PHYSICAL_PLATES,False
293209,PRIMARY_424,85.39834356585234,8.842938584539878,907,923,923,459,2,443,14,2.916103472578813,1,3336116950977747968:2,STRICT_RECURRENCE_ON_2PLUS_PHYSICAL_PLATES,False
293210,PRIMARY_424,84.75983414572052,8.937630309561778,872,735,735,384,238,122,24,0.7339757320697674,1,3334817603111130752:232,STRICT_RECURRENCE_ON_2PLUS_PHYSICAL_PLATES,False
293211,PRIMARY_424,85.27452643918026,8.890102245044488,907,558,558,293,208,79,6,0.9921445188902936,1,3336129629721219968:205,STRICT_RECURRENCE_ON_2PLUS_PHYSICAL_PLATES,False
293213,PRIMARY_424,85.36466165676171,8.880358239253688,908,918,918,478,20,372,85,1.2882612247689433,1,3336118080551045632:19,STRICT_RECURRENCE_ON_2PLUS_PHYSICAL_PLATES,False
293215,DIAGNOSTIC_179,84.88676956948002,9.099737831201889,897,1046,1046,537,55,421,59,1.268128594802624,1,3334827326917037184:52,STRICT_RECURRENCE_ON_2PLUS_PHYSICAL_PLATES,False
293216,PRIMARY_424,84.77597250489666,7.77459333266411,858,899,899,449,366,53,30,0.6393057063134494,1,3334402159514396416:357,STRICT_RECURRENCE_ON_2PLUS_PHYSICAL_PLATES,False
293218,PRIMARY_424,84.6753410018871,10.274448682927359,874,611,611,316,218,65,32,0.6724832875552793,1,3339482105096532992:213,STRICT_RECURRENCE_ON_2PLUS_PHYSICAL_PLATES,False
293221,DIAGNOSTIC_179,84.91509289983058,8.140789856117967,896,869,869,446,376,44,26,0.7980674903948423,1,3334517951833025408:375,STRICT_RECURRENCE_ON_2PLUS_PHYSICAL_PLATES,False
293224,PRIMARY_424,85.74433528587895,10.838824383344566,921,653,653,346,143,186,17,0.9271534617673074,1,3339982421544315392:124,STRICT_RECURRENCE_ON_2PLUS_PHYSICAL_PLATES,False
293225,PRIMARY_424,83.957222775235,7.6555280930966445,723,648,648,344,257,55,32,0.5873443449755537,1,3334429131908945280:244,STRICT_RECURRENCE_ON_2PLUS_PHYSICAL_PLATES,False
293226,DIAGNOSTIC_179,85.24695637022178,8.88377196721673,907,893,893,457,420,16,21,0.4539967193834621,1,3336129797221828992:416,STRICT_RECURRENCE_ON_2PLUS_PHYSICAL_PLATES,False
293229,PRIMARY_424,84.82797446678426,9.000993333916332,888,1003,1003,510,422,48,39,0.6341723059691686,1,3334824097101661440:420,STRICT_RECURRENCE_ON_2PLUS_PHYSICAL_PLATES,False
293233,PRIMARY_424,85.16320282792803,9.085371738673281,904,591,591,311,8,267,35,1.8765439154707486,1,3336325170992178816:8,STRICT_RECURRENCE_ON_2PLUS_PHYSICAL_PLATES,False
293234,PRIMARY_424,84.93205932874923,8.038406166993253,898,979,979,482,18,432,32,1.1587538217481965,1,3334512694793073024:15,STRICT_RECURRENCE_ON_2PLUS_PHYSICAL_PLATES,False
293237,DIAGNOSTIC_179,84.01027425096409,8.115916125145676,740,431,431,260,113,98,49,0.9538667299789281,0,,STRICT_RECURRENCE_ON_2PLUS_PHYSICAL_PLATES,False
293238,PRIMARY_424,84.53589148413525,7.892792816389935,758,618,618,325,279,15,31,0.7748787903628392,1,3334413906247430656:278,STRICT_RECURRENCE_ON_2PLUS_PHYSICAL_PLATES,False
293244,PRIMARY_424,85.07771621490791,7.989379525441433,900,878,878,455,327,95,33,1.0155536425395644,1,3334500320989452032:322,STRICT_RECURRENCE_ON_2PLUS_PHYSICAL_PLATES,False
293250,PRIMARY_424,84.45181496613183,7.343127343150356,733,540,540,294,160,109,25,0.890740666231781,1,3334356495422372992:152,STRICT_RECURRENCE_ON_2PLUS_PHYSICAL_PLATES,False
293251,PRIMARY_424,84.89045063827756,10.32143958502085,920,959,959,484,440,13,31,0.16761609864764368,2,3339471664032717696:396;3339471664030522368:41,STRICT_RECURRENCE_ON_2PLUS_PHYSICAL_PLATES,False
293254,PRIMARY_424,83.98313473014562,8.257261413282857,736,581,581,302,57,212,33,1.8459687180190194,1,3334674632239620224:55,STRICT_RECURRENCE_ON_2PLUS_PHYSICAL_PLATES,False
293255,PRIMARY_424,83.8835021091898,9.35043244187131,719,309,309,155,9,124,22,1.6103298308462861,1,3337887022961596288:3,STRICT_RECURRENCE_ON_2PLUS_PHYSICAL_PLATES,False
293262,PRIMARY_424,84.3085326607844,7.53106013847576,738,589,589,303,181,102,20,0.8168627124264486,1,3334374259406968960:177,STRICT_RECURRENCE_ON_2PLUS_PHYSICAL_PLATES,False
293265,PRIMARY_424,84.62401954434137,10.230937080114336,840,806,806,397,163,207,26,0.4188542157068632,1,3339476023422843776:160,STRICT_RECURRENCE_ON_2PLUS_PHYSICAL_PLATES,False
293268,PRIMARY_424,85.60083004584631,7.221520081277774,855,798,798,413,17,338,57,1.5516156687783418,1,3333559035958656640:17,STRICT_RECURRENCE_ON_2PLUS_PHYSICAL_PLATES,False
293273,PRIMARY_424,86.21083858276636,9.599210636911822,920,638,638,324,305,8,11,0.4408854042751123,1,3336266995658608128:299,STRICT_RECURRENCE_ON_2PLUS_PHYSICAL_PLATES,False
293277,PRIMARY_424,84.51797722260648,8.850678731447715,758,577,577,305,65,225,15,1.5572069633075754,1,3334804374611906944:59,STRICT_RECURRENCE_ON_2PLUS_PHYSICAL_PLATES,False
293279,DIAGNOSTIC_179,85.23030382170862,8.64638887063123,893,823,823,425,306,99,20,0.3231506070043579,1,3334609589255106560:305,STRICT_RECURRENCE_ON_2PLUS_PHYSICAL_PLATES,False
293280,DIAGNOSTIC_179,85.55396541599349,7.519314844247236,873,941,941,473,361,95,17,1.1798363970300054,1,3333672702268631808:356,STRICT_RECURRENCE_ON_2PLUS_PHYSICAL_PLATES,False
293281,PRIMARY_424,84.38581456681781,8.614994315032305,744,809,809,394,121,236,37,1.0631850390945314,1,3334782281300197504:121,STRICT_RECURRENCE_ON_2PLUS_PHYSICAL_PLATES,False
293282,DIAGNOSTIC_179,83.93521436076983,7.8884360747631375,731,423,423,223,5,191,27,1.7068639661095235,0,,STRICT_RECURRENCE_ON_2PLUS_PHYSICAL_PLATES,False
293285,DIAGNOSTIC_179,85.45898454137762,9.436324370907716,913,328,328,167,52,101,13,0.2872445779783521,1,3336361661034178432:49,STRICT_RECURRENCE_ON_2PLUS_PHYSICAL_PLATES,False
293287,DIAGNOSTIC_179,83.90180827895605,8.79145352428744,719,322,322,178,2,86,90,2.566384684928724,1,,STRICT_RECURRENCE_ON_2PLUS_PHYSICAL_PLATES,False
293288,PRIMARY_424,85.99548757191951,10.393159109383763,917,807,807,419,337,60,22,1.4141598234302046,1,3336578161745660032:333,STRICT_RECURRENCE_ON_2PLUS_PHYSICAL_PLATES,False
293289,PRIMARY_424,84.62515215532801,8.952630959799814,806,400,400,213,164,39,10,1.2229547645123653,1,3334830071398545408:162,STRICT_RECURRENCE_ON_2PLUS_PHYSICAL_PLATES,False
293290,PRIMARY_424,84.58452413470528,8.274769849021064,769,557,557,284,251,16,17,0.7379037157323767,1,3334581444331730816:248,STRICT_RECURRENCE_ON_2PLUS_PHYSICAL_PLATES,False
293293,DIAGNOSTIC_179,85.52338860866963,7.836033299852694,892,668,668,345,162,162,20,0.7362246934209793,1,3333734545502675456:159,STRICT_RECURRENCE_ON_2PLUS_PHYSICAL_PLATES,False
293295,PRIMARY_424,84.40833712324756,7.453406115416606,737,381,381,227,177,11,39,0.5911599750718836,0,,STRICT_RECURRENCE_ON_2PLUS_PHYSICAL_PLATES,False
293297,PRIMARY_424,84.86218498169104,9.019794922313267,894,595,595,301,207,69,25,0.6108320315179177,1,3334824234540606080:194,STRICT_RECURRENCE_ON_2PLUS_PHYSICAL_PLATES,False
293298,DIAGNOSTIC_179,84.65984321230835,8.755089249457491,835,625,625,331,292,20,18,0.8519321537601715,1,3334811349638790272:287,STRICT_RECURRENCE_ON_2PLUS_PHYSICAL_PLATES,False
293303,PRIMARY_424,85.96027353164943,10.232706865862049,926,868,868,444,403,19,22,0.17181863193748298,1,3336523113148446592:385,STRICT_RECURRENCE_ON_2PLUS_PHYSICAL_PLATES,False
293304,DIAGNOSTIC_179,86.27106444477666,10.620506307189084,912,1138,1138,567,75,443,48,1.2966814179528283,1,3336912035323517056:63,STRICT_RECURRENCE_ON_2PLUS_PHYSICAL_PLATES,False
293306,PRIMARY_424,85.82616795281515,8.9181650968987,911,985,985,503,290,183,30,0.7808539648843427,1,3336075375694463872:289,STRICT_RECURRENCE_ON_2PLUS_PHYSICAL_PLATES,False
293309,PRIMARY_424,84.72584103979851,7.578375895683523,828,795,795,404,346,34,24,0.5499742372291546,1,3334389515130907392:343,STRICT_RECURRENCE_ON_2PLUS_PHYSICAL_PLATES,False
293310,DIAGNOSTIC_179,84.38676770292035,9.68524837404402,768,522,522,233,131,90,12,0.2217885056401161,1,3339420807322967040:116,STRICT_RECURRENCE_ON_2PLUS_PHYSICAL_PLATES,False
293315,DIAGNOSTIC_179,86.89111784106201,7.068748875687346,840,999,999,484,40,407,37,2.0973024257982833,1,3333406792253197312:36,STRICT_RECURRENCE_ON_2PLUS_PHYSICAL_PLATES,False
293316,PRIMARY_424,84.48467774099136,10.710753070321248,780,548,548,292,25,227,40,1.691463458478196,1,3339648994642331904:21,STRICT_RECURRENCE_ON_2PLUS_PHYSICAL_PLATES,False
293317,DIAGNOSTIC_179,85.38089986496495,6.283384502094693,655,539,539,295,15,195,84,0.21917485330080763,1,3332921976344139776:7,STRICT_RECURRENCE_ON_2PLUS_PHYSICAL_PLATES,False
293319,DIAGNOSTIC_179,85.57681741360406,7.615094273620869,871,872,872,442,80,328,34,1.0892813440775277,1,3333722038557916160:76,STRICT_RECURRENCE_ON_2PLUS_PHYSICAL_PLATES,False
293322,DIAGNOSTIC_179,84.82447922341537,7.819265882732636,869,947,947,469,354,84,30,0.39496465826059857,1,3334402812349410176:347,STRICT_RECURRENCE_ON_2PLUS_PHYSICAL_PLATES,False
293325,PRIMARY_424,84.45837803873337,8.97938884495349,755,354,354,195,104,82,9,1.5184848159982811,1,3334832476580230144:101,STRICT_RECURRENCE_ON_2PLUS_PHYSICAL_PLATES,False
293326,PRIMARY_424,84.03743017771247,7.523832217196452,728,153,153,77,71,3,3,0.019194532962935426,1,3334423149018965248:69,STRICT_RECURRENCE_ON_2PLUS_PHYSICAL_PLATES,False
293327,DIAGNOSTIC_179,84.10774155720532,12.202392720430947,755,131,131,66,1,3,61,2.950995482718595,0,,STRICT_RECURRENCE_ON_1_PHYSICAL_PLATE,False
293328,PRIMARY_424,84.33038417106563,8.962720186133716,752,30,30,20,0,1,19,3.9085756183219456,0,,DIAGNOSTIC_RECURRENCE_ONLY,False
293333,PRIMARY_424,85.22530168662043,7.858668816633914,896,714,714,361,170,159,32,1.5537208423861726,1,3333744750344970112:168,STRICT_RECURRENCE_ON_2PLUS_PHYSICAL_PLATES,False
293334,PRIMARY_424,84.63919769037692,10.386521469111148,848,386,386,215,113,82,20,0.7629675950862543,0,,STRICT_RECURRENCE_ON_2PLUS_PHYSICAL_PLATES,False
293335,DIAGNOSTIC_179,84.71556901723734,10.748301058164403,869,623,623,302,103,177,22,1.2656977275442025,1,3339638549282104704:95,STRICT_RECURRENCE_ON_2PLUS_PHYSICAL_PLATES,False
293339,PRIMARY_424,84.90797205229731,7.217799163763063,852,934,934,469,132,309,26,0.5498282130645736,1,3333594121546358656:117,STRICT_RECURRENCE_ON_2PLUS_PHYSICAL_PLATES,False
293341,PRIMARY_424,84.38050744241586,7.6874383699064675,743,350,350,203,169,21,13,1.266973395948706,1,3334386006139881344:167,STRICT_RECURRENCE_ON_2PLUS_PHYSICAL_PLATES,False
293343,PRIMARY_424,86.57084525332628,8.07411258014754,891,529,529,268,0,8,260,3.0030012016529555,0,,DIAGNOSTIC_RECURRENCE_ONLY,False
293344,PRIMARY_424,84.95055779189818,8.026431970854876,898,974,974,483,288,160,35,1.3479063809343461,1,3334511904519089408:283,STRICT_RECURRENCE_ON_2PLUS_PHYSICAL_PLATES,False
293345,PRIMARY_424,83.837855163031,8.893231391802631,653,241,241,128,13,101,14,1.5827053485851634,1,3334863228547494016:5,STRICT_RECURRENCE_ON_2PLUS_PHYSICAL_PLATES,False
293346,DIAGNOSTIC_179,84.5682678397035,8.43211748660446,760,831,831,400,10,357,33,1.1375088992968418,1,3334588114418555136:9,STRICT_RECURRENCE_ON_2PLUS_PHYSICAL_PLATES,False
293348,DIAGNOSTIC_179,84.29985380992356,9.782971818653994,772,779,779,396,222,147,27,1.014054875662429,1,3339425381465408768:219,STRICT_RECURRENCE_ON_2PLUS_PHYSICAL_PLATES,False
293349,PRIMARY_424,85.43360538084201,9.719540292584647,928,668,668,346,1,66,279,1.3369953985317862,1,,STRICT_RECURRENCE_ON_1_PHYSICAL_PLATE,False
293352,PRIMARY_424,85.11371052481938,8.346460152094695,897,559,559,307,241,50,16,0.532733082104661,1,3334528118017778944:236,STRICT_RECURRENCE_ON_2PLUS_PHYSICAL_PLATES,False
293354,DIAGNOSTIC_179,84.73965337053559,9.14264067171714,867,768,768,397,302,67,27,0.8679599779406342,1,3334840001362927488:299,STRICT_RECURRENCE_ON_2PLUS_PHYSICAL_PLATES,False
293355,PRIMARY_424,85.93741083340015,10.501351965842709,916,1006,1006,502,96,374,32,1.259637534432847,1,3336583109547966208:93,STRICT_RECURRENCE_ON_2PLUS_PHYSICAL_PLATES,False
293356,DIAGNOSTIC_179,85.8340865185693,8.733748803146545,906,848,848,434,382,31,21,1.1110021794808602,1,3336068362010853632:378,STRICT_RECURRENCE_ON_2PLUS_PHYSICAL_PLATES,False
293357,DIAGNOSTIC_179,84.07965574202436,10.281317737880594,768,254,254,144,20,108,16,1.5637783736511897,0,,STRICT_RECURRENCE_ON_2PLUS_PHYSICAL_PLATES,False
293359,PRIMARY_424,84.90768923503178,10.776574208028967,911,1065,1065,541,375,123,43,0.3107970616704952,1,3339641091902689408:360,STRICT_RECURRENCE_ON_2PLUS_PHYSICAL_PLATES,False
293361,PRIMARY_424,85.45160023038967,10.257794049009874,930,952,952,478,176,270,32,0.8913449859563055,1,3336561222394509056:175,STRICT_RECURRENCE_ON_2PLUS_PHYSICAL_PLATES,False
293363,PRIMARY_424,84.36886992712454,6.607362647042956,682,482,482,273,228,23,22,0.1080573919495034,1,3333191597211172608:209,STRICT_RECURRENCE_ON_2PLUS_PHYSICAL_PLATES,False
293364,DIAGNOSTIC_179,84.33986421130885,8.139880845723734,751,743,743,364,262,77,24,1.0039526012522642,1,3334485653678441728:261,STRICT_RECURRENCE_ON_2PLUS_PHYSICAL_PLATES,False
293365,PRIMARY_424,85.43488309164354,9.690157347884067,926,822,822,417,4,310,101,0.30502912900865453,1,3336386155231171840:2,STRICT_RECURRENCE_ON_2PLUS_PHYSICAL_PLATES,False
293368,PRIMARY_424,84.94385798711946,8.185064471638631,893,610,610,343,116,204,22,0.5366201487103165,0,,STRICT_RECURRENCE_ON_2PLUS_PHYSICAL_PLATES,False
293371,PRIMARY_424,85.56530885094705,10.544938177280168,918,998,998,508,370,99,39,0.25384538412053337,1,3336593726706952448:348,STRICT_RECURRENCE_ON_2PLUS_PHYSICAL_PLATES,False
293375,PRIMARY_424,84.78411532305962,8.593166498253211,867,545,545,291,49,219,23,0.5805741149123378,1,3334597249812797440:46,STRICT_RECURRENCE_ON_2PLUS_PHYSICAL_PLATES,False
293380,PRIMARY_424,85.46835591782897,8.838877668288651,909,816,816,424,5,368,51,2.154298157644511,1,3336115404789508992:4,STRICT_RECURRENCE_ON_2PLUS_PHYSICAL_PLATES,False
293382,PRIMARY_424,85.3253578348255,9.573869129646779,920,821,821,424,23,365,36,1.5209309211168711,1,3336378359867020288:20,STRICT_RECURRENCE_ON_2PLUS_PHYSICAL_PLATES,False
293385,PRIMARY_424,85.70868410525587,10.557535935391028,918,1096,1096,567,497,37,33,0.04180527745425577,1,3336591076709419136:453,STRICT_RECURRENCE_ON_2PLUS_PHYSICAL_PLATES,False
293392,DIAGNOSTIC_179,84.41774206282614,9.631872025411209,767,673,673,333,153,160,19,1.6228005552979572,1,3336416877133398016:150,STRICT_RECURRENCE_ON_2PLUS_PHYSICAL_PLATES,False
293399,PRIMARY_424,84.87352806706141,7.59428468875486,865,1042,1042,517,444,27,46,0.6155079646316124,1,3333639888717802752:435,STRICT_RECURRENCE_ON_2PLUS_PHYSICAL_PLATES,False
293401,PRIMARY_424,84.0642469646966,8.35514819039169,740,552,552,290,199,68,22,1.119848413957546,1,3334683527114636416:196,STRICT_RECURRENCE_ON_2PLUS_PHYSICAL_PLATES,False
293402,PRIMARY_424,85.84316638273728,7.022872987999666,839,745,745,386,265,91,30,0.24511720945300158,1,3333362051577320192:263,STRICT_RECURRENCE_ON_2PLUS_PHYSICAL_PLATES,False
293403,DIAGNOSTIC_179,85.8770137692864,9.49062147539737,922,811,811,422,407,5,10,0.1497249287273158,1,3336177630275451904:401,STRICT_RECURRENCE_ON_2PLUS_PHYSICAL_PLATES,False
293404,PRIMARY_424,84.54890342169115,10.315429102840039,787,420,420,206,191,12,3,0.545663081810421,1,3339480563205035392:187,STRICT_RECURRENCE_ON_2PLUS_PHYSICAL_PLATES,False
293407,PRIMARY_424,85.63820310040128,7.157290385659425,853,973,973,482,5,437,40,2.289965311322663,1,3333555501200670720:4,STRICT_RECURRENCE_ON_2PLUS_PHYSICAL_PLATES,False
293409,PRIMARY_424,85.79709440938252,7.436538980061569,865,687,687,389,274,73,42,0.5727599287229596,0,,STRICT_RECURRENCE_ON_2PLUS_PHYSICAL_PLATES,False
293411,PRIMARY_424,84.79775475652484,7.4501146755833165,851,972,972,485,367,74,44,0.6852096021184564,1,3333636074786881408:363,STRICT_RECURRENCE_ON_2PLUS_PHYSICAL_PLATES,False
293412,PRIMARY_424,85.41716712998672,9.62756819125024,925,1111,1111,577,26,453,98,0.7728401300574335,1,3336384780841638528:16,STRICT_RECURRENCE_ON_2PLUS_PHYSICAL_PLATES,False
293413,PRIMARY_424,84.24672382266354,7.499361726046172,736,546,546,300,156,126,18,1.2790177114926802,1,3334373911513871360:153,STRICT_RECURRENCE_ON_2PLUS_PHYSICAL_PLATES,False
293414,DIAGNOSTIC_179,86.88514246512725,9.80732091473672,926,706,706,366,9,343,14,0.34325217436843247,1,3336250915300422784:8,STRICT_RECURRENCE_ON_2PLUS_PHYSICAL_PLATES,False
293416,PRIMARY_424,86.08482718612915,8.900546904766289,905,505,505,272,217,39,16,0.20018456008829108,1,3336084412305611648:212,STRICT_RECURRENCE_ON_2PLUS_PHYSICAL_PLATES,False
293417,PRIMARY_424,84.68127690602829,7.719298213572806,824,822,822,420,321,68,31,0.5607334682459212,1,3334395871682299392:315,STRICT_RECURRENCE_ON_2PLUS_PHYSICAL_PLATES,False
293418,PRIMARY_424,84.5944869071059,8.445983415005387,769,766,766,387,126,225,36,1.0751530814795596,1,3334588526735410048:120,STRICT_RECURRENCE_ON_2PLUS_PHYSICAL_PLATES,False
293421,PRIMARY_424,84.87304005995531,8.939197254093507,895,1060,1060,538,128,366,44,0.8780560838269443,1,3334820317530445184:126,STRICT_RECURRENCE_ON_2PLUS_PHYSICAL_PLATES,False
293427,DIAGNOSTIC_179,86.03319564419905,7.342285135927317,856,1010,1010,510,455,18,37,0.40158245195798364,1,3333470289049567744:450,STRICT_RECURRENCE_ON_2PLUS_PHYSICAL_PLATES,False
293429,PRIMARY_424,84.92551690832087,8.627044925819067,890,1010,1010,513,56,403,54,1.0101018487909554,1,3334617384619479680:54,STRICT_RECURRENCE_ON_2PLUS_PHYSICAL_PLATES,False
293439,PRIMARY_424,84.8428921622091,8.209177980318854,888,1033,1033,524,169,309,46,0.5237013862723154,1,3334566124186216064:167,STRICT_RECURRENCE_ON_2PLUS_PHYSICAL_PLATES,False
293440,PRIMARY_424,84.98513886852237,7.670361361342686,876,691,691,395,78,270,47,0.41995791779336666,0,,STRICT_RECURRENCE_ON_2PLUS_PHYSICAL_PLATES,False
293441,PRIMARY_424,86.30155891027565,7.428692013505293,859,404,404,221,188,26,7,0.27552766387080846,1,3333492279282070912:183,STRICT_RECURRENCE_ON_2PLUS_PHYSICAL_PLATES,False
293446,PRIMARY_424,83.86901260061096,8.795904338741705,692,361,361,190,82,73,35,1.184582994680533,1,3334756786373797376:74,STRICT_RECURRENCE_ON_2PLUS_PHYSICAL_PLATES,False
293447,DIAGNOSTIC_179,85.1019615080034,7.506429960057944,873,794,794,414,17,366,30,1.113936115022939,1,3333640232315165824:15,STRICT_RECURRENCE_ON_2PLUS_PHYSICAL_PLATES,False
293448,PRIMARY_424,84.08862467971974,8.057282427400809,746,412,412,243,154,45,44,0.778388088157141,0,,STRICT_RECURRENCE_ON_2PLUS_PHYSICAL_PLATES,False
293450,PRIMARY_424,85.15834681700085,10.663696527403404,915,977,977,484,29,421,33,1.0644815308915307,1,3339590102050921728:27,STRICT_RECURRENCE_ON_2PLUS_PHYSICAL_PLATES,False
293452,DIAGNOSTIC_179,85.82293095759934,9.461654333692675,920,739,739,384,287,86,11,0.37061880309079404,1,3336177149239134976:281,STRICT_RECURRENCE_ON_2PLUS_PHYSICAL_PLATES,False
293455,DIAGNOSTIC_179,85.25044154940952,8.41200450190674,900,977,977,494,448,24,22,0.25849198106098153,1,3334552792607628544:446,STRICT_RECURRENCE_ON_2PLUS_PHYSICAL_PLATES,False
293456,PRIMARY_424,84.22157388707816,10.479395566314722,776,715,715,362,34,296,30,0.9480702381507856,1,3339544163080557824:33,STRICT_RECURRENCE_ON_2PLUS_PHYSICAL_PLATES,False
293457,PRIMARY_424,83.91831848137063,8.355175152303616,726,452,452,254,187,30,37,0.5037305030794048,1,3334689402630616832:177,STRICT_RECURRENCE_ON_2PLUS_PHYSICAL_PLATES,False
293458,PRIMARY_424,85.55815565666926,7.407175655402441,866,588,588,337,9,184,143,2.235267820921649,1,3333667891905281792:6,STRICT_RECURRENCE_ON_2PLUS_PHYSICAL_PLATES,False
293460,PRIMARY_424,85.6791951234692,9.552011849601758,925,637,637,339,68,259,12,1.1975430781053809,1,3336369391975239424:67,STRICT_RECURRENCE_ON_2PLUS_PHYSICAL_PLATES,False
293463,DIAGNOSTIC_179,86.28568149735699,9.620524301900517,921,1062,1062,543,75,434,32,0.13467775249596736,1,3336268202545907584:67,STRICT_RECURRENCE_ON_2PLUS_PHYSICAL_PLATES,False
293470,PRIMARY_424,85.65207014061767,7.458604761715397,871,1033,1033,514,1,391,121,0.9439609932386882,1,,STRICT_RECURRENCE_ON_1_PHYSICAL_PLATE,False
293473,DIAGNOSTIC_179,86.82138671006675,10.951956988270034,908,620,620,322,3,253,66,1.9614386373834025,1,3336952541159285248:2,STRICT_RECURRENCE_ON_2PLUS_PHYSICAL_PLATES,False
293476,PRIMARY_424,86.73150366311013,10.359562675376777,918,1040,1040,511,473,17,21,0.125491134580519,1,3336706869029733248:471,STRICT_RECURRENCE_ON_2PLUS_PHYSICAL_PLATES,False
293480,PRIMARY_424,84.21724201819657,7.542769615441253,736,670,670,351,37,279,35,1.63310658615959,1,3334377588005889152:33,STRICT_RECURRENCE_ON_2PLUS_PHYSICAL_PLATES,False
293484,PRIMARY_424,85.84746944559346,7.182336787373527,851,1065,1065,542,471,26,45,0.6113421855338294,1,3333461114999480192:469,STRICT_RECURRENCE_ON_2PLUS_PHYSICAL_PLATES,False
293487,PRIMARY_424,84.79464764432798,8.897638862424682,883,515,515,297,50,213,34,1.205170717967449,0,,STRICT_RECURRENCE_ON_2PLUS_PHYSICAL_PLATES,False
293488,PRIMARY_424,86.61524956206962,9.843677215779925,925,913,913,465,402,51,12,0.9987070863731384,1,3336298129877902976:399,STRICT_RECURRENCE_ON_2PLUS_PHYSICAL_PLATES,False
293491,PRIMARY_424,85.8459743825601,8.564171030397926,900,725,725,380,136,236,8,1.320261344289732,1,3336045547144145024:134,STRICT_RECURRENCE_ON_2PLUS_PHYSICAL_PLATES,False
293492,PRIMARY_424,83.90580358526381,8.139760963240725,724,385,385,217,30,149,38,0.5295136917275247,1,3334650030666969856:27,STRICT_RECURRENCE_ON_2PLUS_PHYSICAL_PLATES,False
293499,PRIMARY_424,86.60974453767126,9.488700228017281,914,1039,1039,514,471,22,21,0.11719995614522197,1,3336236041831060992:468,STRICT_RECURRENCE_ON_2PLUS_PHYSICAL_PLATES,False
293501,PRIMARY_424,86.4362148861654,10.050052930220609,918,1077,1077,559,479,49,31,0.05206983413719308,1,3336319364196205696:463,STRICT_RECURRENCE_ON_2PLUS_PHYSICAL_PLATES,False
293502,PRIMARY_424,84.28791018150929,10.434003189756694,776,398,398,209,24,184,1,1.7407566230474454,1,3339544472318199680:22,STRICT_RECURRENCE_ON_2PLUS_PHYSICAL_PLATES,False
293506,PRIMARY_424,83.8115590590026,8.4069346257276,582,199,199,122,22,59,41,1.0784911955798535,1,3334692224425474944:19,STRICT_RECURRENCE_ON_2PLUS_PHYSICAL_PLATES,False
293507,PRIMARY_424,84.46222980668725,8.193153446300283,749,431,431,232,98,114,17,1.7835773759568636,1,3334486817612241408:94,STRICT_RECURRENCE_ON_2PLUS_PHYSICAL_PLATES,False
293508,PRIMARY_424,85.10589952789061,7.45746351334838,870,555,555,310,4,246,60,2.144472743586565,1,3333622193452530944:2,STRICT_RECURRENCE_ON_2PLUS_PHYSICAL_PLATES,False
293511,PRIMARY_424,84.1258013405197,7.4519806087258,731,516,516,289,188,76,24,0.46337799944394353,1,3334374804867069440:186,STRICT_RECURRENCE_ON_2PLUS_PHYSICAL_PLATES,False
293512,PRIMARY_424,86.7906863809802,7.870698352931873,888,1044,1044,514,147,335,31,0.6902166381264846,1,3335013792920587136:147,STRICT_RECURRENCE_ON_2PLUS_PHYSICAL_PLATES,False
293513,PRIMARY_424,86.32967275908776,10.102984471001614,921,832,832,432,414,8,10,0.10441145560463483,1,3336507861721247104:409,STRICT_RECURRENCE_ON_2PLUS_PHYSICAL_PLATES,False
293514,DIAGNOSTIC_179,86.41308026547426,9.727000094658154,923,741,741,415,314,70,30,0.47389061364025964,0,,STRICT_RECURRENCE_ON_2PLUS_PHYSICAL_PLATES,False
293518,PRIMARY_424,84.75494058774505,11.058255822027194,885,792,792,408,159,196,53,0.8939484164928985,1,3339664250366104192:147,STRICT_RECURRENCE_ON_2PLUS_PHYSICAL_PLATES,False
293523,PRIMARY_424,84.60586383095489,10.218579617234287,821,772,772,381,318,37,25,0.12974752904869477,1,3339475645465722368:297,STRICT_RECURRENCE_ON_2PLUS_PHYSICAL_PLATES,False
293525,PRIMARY_424,84.70743679719078,10.836297186676573,867,627,627,355,31,127,196,0.4951811780082243,1,3339656897382122496:18,STRICT_RECURRENCE_ON_2PLUS_PHYSICAL_PLATES,False
293527,PRIMARY_424,86.84826217512465,10.25673145610708,920,933,933,470,276,167,27,0.31111605387562546,1,3336701581925893888:276,STRICT_RECURRENCE_ON_2PLUS_PHYSICAL_PLATES,False
293530,DIAGNOSTIC_179,86.06740187271821,9.178740478650404,908,707,707,375,347,10,18,0.011903944008107542,1,3336109215739760384:338,STRICT_RECURRENCE_ON_2PLUS_PHYSICAL_PLATES,False
293531,DIAGNOSTIC_179,86.69996848204374,9.73851216354671,922,813,813,422,392,9,20,0.17394971248093155,1,3336249339049731072:389,STRICT_RECURRENCE_ON_2PLUS_PHYSICAL_PLATES,False
293540,PRIMARY_424,86.34387818850746,9.070626221045739,904,1081,1081,539,157,359,22,0.37495219126666346,1,3336092864798790144:149,STRICT_RECURRENCE_ON_2PLUS_PHYSICAL_PLATES,False
293542,PRIMARY_424,84.11388433458471,10.84604585141151,770,811,811,430,42,326,61,1.0256015192075452,1,3339750836907172096:25,STRICT_RECURRENCE_ON_2PLUS_PHYSICAL_PLATES,False
293547,PRIMARY_424,84.74593498914598,6.041206090708131,642,603,603,321,263,41,17,0.3820900249139794,1,3332902047696030848:256,STRICT_RECURRENCE_ON_2PLUS_PHYSICAL_PLATES,False
293548,PRIMARY_424,84.03694660045589,8.509902839376124,734,614,614,320,54,238,27,0.7379613242043361,1,3334697515825136512:49,STRICT_RECURRENCE_ON_2PLUS_PHYSICAL_PLATES,False
293549,PRIMARY_424,85.86196756922674,8.779163585357898,908,938,938,453,135,306,12,1.4298845238909823,1,3336070084294910848:135,STRICT_RECURRENCE_ON_2PLUS_PHYSICAL_PLATES,False
293551,PRIMARY_424,86.22475489603367,9.860094375388224,931,1029,1029,517,488,9,20,0.014740396439281335,1,3336309915268238592:485,STRICT_RECURRENCE_ON_2PLUS_PHYSICAL_PLATES,False
293554,PRIMARY_424,86.06809585882138,10.436738630080036,915,987,987,498,448,19,31,0.29228162372392597,1,3336533283629487360:427,STRICT_RECURRENCE_ON_2PLUS_PHYSICAL_PLATES,False
293556,PRIMARY_424,83.80924939455417,9.18401988416636,596,289,289,175,89,51,35,0.1568432149625914,1,3337880911223924608:87,STRICT_RECURRENCE_ON_2PLUS_PHYSICAL_PLATES,False
293558,DIAGNOSTIC_179,84.48162705094073,7.249517300489921,728,867,867,429,345,46,36,1.1417944723011473,1,3333604081575655680:344,STRICT_RECURRENCE_ON_2PLUS_PHYSICAL_PLATES,False
293561,PRIMARY_424,84.29076570258763,10.946607190068166,774,825,825,424,16,335,73,0.7988306282426074,1,3339846253901130240:15,STRICT_RECURRENCE_ON_2PLUS_PHYSICAL_PLATES,False
293564,DIAGNOSTIC_179,83.8393459049889,9.232262829119646,660,321,321,160,44,73,43,0.26807230835315066,1,3337881525403459200:34,STRICT_RECURRENCE_ON_2PLUS_PHYSICAL_PLATES,False
293565,DIAGNOSTIC_179,84.35856495685131,12.254734463452172,760,30,30,22,1,4,15,0.7150165843016589,0,,STRICT_RECURRENCE_ON_1_PHYSICAL_PLATE,False
293570,PRIMARY_424,84.53947328297315,7.575159733514883,746,770,770,376,329,18,28,0.7802609280065664,1,3334369689561712512:327,STRICT_RECURRENCE_ON_2PLUS_PHYSICAL_PLATES,False
293572,PRIMARY_424,84.43651214810926,7.731016018609313,748,512,512,263,202,38,22,1.4798889480887807,1,3334410023596999424:200,STRICT_RECURRENCE_ON_2PLUS_PHYSICAL_PLATES,False
293575,DIAGNOSTIC_179,84.49174276802775,10.317223711951108,780,594,594,312,226,65,20,0.9358902683301797,1,3339527051931060480:224,STRICT_RECURRENCE_ON_2PLUS_PHYSICAL_PLATES,False
293587,DIAGNOSTIC_179,84.18529996765515,9.73456995919042,765,349,349,190,109,71,10,1.3652600809387103,1,3337935470192700160:103,STRICT_RECURRENCE_ON_2PLUS_PHYSICAL_PLATES,False
293592,PRIMARY_424,85.94401772281675,10.3816934473115,923,1092,1092,563,436,87,40,0.10021018829570054,1,3336578299184626944:398,STRICT_RECURRENCE_ON_2PLUS_PHYSICAL_PLATES,False
293597,PRIMARY_424,84.21051613691323,8.3110837166919,746,369,369,206,45,146,15,1.3769661366771275,1,3334678922909695616:43,STRICT_RECURRENCE_ON_2PLUS_PHYSICAL_PLATES,False
293598,PRIMARY_424,84.80292799347647,8.947810399324934,882,561,561,285,20,239,26,1.0577733277198802,1,3334823474329724416:11,STRICT_RECURRENCE_ON_2PLUS_PHYSICAL_PLATES,False
293602,PRIMARY_424,84.90764345212618,8.311396928129975,895,446,446,234,209,16,8,0.2557547895326278,1,3334573369793212160:198,STRICT_RECURRENCE_ON_2PLUS_PHYSICAL_PLATES,False
293603,PRIMARY_424,85.38350281256955,8.34042797425982,903,941,941,475,2,245,228,1.277913015654243,1,,STRICT_RECURRENCE_ON_2PLUS_PHYSICAL_PLATES,False
293604,PRIMARY_424,84.33021652015118,11.13186105856821,772,669,669,348,3,155,189,0.5463983780364714,1,3339862192522759936:2,STRICT_RECURRENCE_ON_2PLUS_PHYSICAL_PLATES,False
293605,PRIMARY_424,84.25763300293713,7.64228426946043,735,818,818,405,44,324,37,0.6719281694677599,1,3334384700471731840:43,STRICT_RECURRENCE_ON_2PLUS_PHYSICAL_PLATES,False
293606,DIAGNOSTIC_179,86.83932670640993,10.01837819809818,921,766,766,401,194,196,11,0.8889624370166147,1,3336676808554973056:190,STRICT_RECURRENCE_ON_2PLUS_PHYSICAL_PLATES,False
293609,DIAGNOSTIC_179,84.71238056325637,10.621281854397758,869,479,479,250,87,143,20,1.212349150057301,1,3339632188432857984:85,STRICT_RECURRENCE_ON_2PLUS_PHYSICAL_PLATES,False
293610,PRIMARY_424,84.75809677372261,7.575067517006509,837,836,836,406,6,375,25,1.270446995179739,1,3334388793576399232:3,STRICT_RECURRENCE_ON_2PLUS_PHYSICAL_PLATES,False
293614,DIAGNOSTIC_179,84.76703684648686,7.6166870472970105,840,392,392,214,1,10,203,2.854579672650736,1,,STRICT_RECURRENCE_ON_1_PHYSICAL_PLATE,False
293615,PRIMARY_424,85.42874877080565,8.21171376021888,901,1086,1086,547,12,482,52,1.2420745015949457,1,3334530561857113600:9,STRICT_RECURRENCE_ON_2PLUS_PHYSICAL_PLATES,False
293617,DIAGNOSTIC_179,83.92808396852611,7.778134569562803,726,282,282,173,80,73,19,0.904684081397087,0,,STRICT_RECURRENCE_ON_2PLUS_PHYSICAL_PLATES,False
293623,DIAGNOSTIC_179,84.16701087010401,7.466035374636455,735,250,250,143,131,2,10,0.059993988256185085,1,3334375152760204928:126,STRICT_RECURRENCE_ON_2PLUS_PHYSICAL_PLATES,False
293627,PRIMARY_424,86.03036526677855,7.398326715744401,857,507,507,266,243,8,15,0.2679841933363557,1,3333658374257824256:226,STRICT_RECURRENCE_ON_2PLUS_PHYSICAL_PLATES,False
293628,DIAGNOSTIC_179,84.18366135043844,11.83005254980536,743,22,22,17,1,5,10,2.194074819043385,1,,STRICT_RECURRENCE_ON_1_PHYSICAL_PLATE,False
293629,PRIMARY_424,85.64634605786262,8.250047053703364,901,778,778,390,9,356,25,1.2904885563093462,1,3333786737945249664:8,STRICT_RECURRENCE_ON_2PLUS_PHYSICAL_PLATES,False
293630,PRIMARY_424,84.74423264811287,8.631479932229045,857,559,559,290,84,183,23,1.4819207098350105,1,3334598353620547840:79,STRICT_RECURRENCE_ON_2PLUS_PHYSICAL_PLATES,False
293634,DIAGNOSTIC_179,84.99492695917323,8.392140720482281,900,726,726,369,15,319,34,1.4682281623343838,1,3334576324730706816:13,STRICT_RECURRENCE_ON_2PLUS_PHYSICAL_PLATES,False
293637,PRIMARY_424,86.34608810613173,10.067822471996067,921,1118,1118,573,505,22,46,0.07763464747174283,1,3336320081453488256:494,STRICT_RECURRENCE_ON_2PLUS_PHYSICAL_PLATES,False
293638,DIAGNOSTIC_179,85.57571908599388,8.694814922900237,904,716,716,372,33,312,26,2.1547848545732373,1,3336064204481288704:32,STRICT_RECURRENCE_ON_2PLUS_PHYSICAL_PLATES,False
293640,DIAGNOSTIC_179,86.85453610275985,8.841936094086591,900,497,497,266,4,248,14,2.306581782632416,1,3335411781770458240:4,STRICT_RECURRENCE_ON_2PLUS_PHYSICAL_PLATES,False
293642,PRIMARY_424,85.44682610074638,10.939667324623535,919,733,733,384,32,329,23,0.47969595793257924,1,3339623534076231936:30,STRICT_RECURRENCE_ON_2PLUS_PHYSICAL_PLATES,False
293644,PRIMARY_424,84.74376546576832,10.531265596760589,881,984,984,503,180,277,46,0.47075044246390013,1,3339630367366724992:174,STRICT_RECURRENCE_ON_2PLUS_PHYSICAL_PLATES,False
293646,PRIMARY_424,85.28861258952112,8.84846017356823,906,878,878,443,3,201,239,2.194092041589072,1,3336117702593924224:2,STRICT_RECURRENCE_ON_2PLUS_PHYSICAL_PLATES,False
293649,DIAGNOSTIC_179,85.54045493648871,10.667070878398693,918,991,991,481,291,159,30,0.4795777819608579,1,3339598176589607040:285,STRICT_RECURRENCE_ON_2PLUS_PHYSICAL_PLATES,False
293650,PRIMARY_424,86.64079884805838,7.5083000834610765,864,711,711,360,328,15,17,0.5901843705252988,1,3333488632853427968:323,STRICT_RECURRENCE_ON_2PLUS_PHYSICAL_PLATES,False
293652,PRIMARY_424,83.8606454714364,8.919276085546628,687,383,383,214,73,77,64,0.6517740001165094,1,3334863645160463616:70,STRICT_RECURRENCE_ON_2PLUS_PHYSICAL_PLATES,False
293653,DIAGNOSTIC_179,86.56378368021352,10.758668838026061,907,963,963,474,9,406,59,0.9614476912969144,1,3336943130886637440:6,STRICT_RECURRENCE_ON_2PLUS_PHYSICAL_PLATES,False
293658,PRIMARY_424,85.9787919371108,7.406020338697312,857,1022,1022,520,454,34,31,0.3251033725267842,1,3333658511696780544:451,STRICT_RECURRENCE_ON_2PLUS_PHYSICAL_PLATES,False
293663,DIAGNOSTIC_179,86.25407505562426,10.512908051089987,912,1069,1069,561,155,362,44,0.8672794576233592,1,3336908869931830528:92,STRICT_RECURRENCE_ON_2PLUS_PHYSICAL_PLATES,False
293664,DIAGNOSTIC_179,85.00404822089996,7.204596455700512,856,594,594,312,12,260,40,2.4124921890166466,1,3333591196673770752:7,STRICT_RECURRENCE_ON_2PLUS_PHYSICAL_PLATES,False
293668,PRIMARY_424,86.17588238303688,7.785315789089508,878,721,721,371,266,83,22,0.34529646264132097,1,3333698777012802688:264,STRICT_RECURRENCE_ON_2PLUS_PHYSICAL_PLATES,False
293670,PRIMARY_424,84.91122139536787,8.847924530789616,898,1070,1070,539,14,454,71,1.8394809972892747,1,3334818771342228352:13,STRICT_RECURRENCE_ON_2PLUS_PHYSICAL_PLATES,False
293672,PRIMARY_424,83.94965995096524,11.810651910414478,738,254,254,122,0,68,54,3.091873870839642,0,,DIAGNOSTIC_RECURRENCE_ONLY,False
293674,DIAGNOSTIC_179,84.39488240307381,10.483475227306268,778,870,870,433,56,329,47,0.5913437201950972,1,3339533374122690944:43,STRICT_RECURRENCE_ON_2PLUS_PHYSICAL_PLATES,False
293679,PRIMARY_424,86.72387214035062,9.376183644148854,907,541,541,294,3,226,64,2.010860036815062,0,,STRICT_RECURRENCE_ON_2PLUS_PHYSICAL_PLATES,False
293680,PRIMARY_424,86.43717609250183,8.526058033544752,893,824,824,424,149,252,22,0.562029224278153,1,3335307607340118528:148,STRICT_RECURRENCE_ON_2PLUS_PHYSICAL_PLATES,False
293683,PRIMARY_424,85.97398476532558,7.625243231504228,869,915,915,465,423,16,26,1.1874465085814683,1,3333689847777980672:420,STRICT_RECURRENCE_ON_2PLUS_PHYSICAL_PLATES,False
293691,PRIMARY_424,85.09365949938861,8.284845764116085,899,1078,1078,549,7,469,73,0.774018813243232,1,3334526537469818240:6,STRICT_RECURRENCE_ON_2PLUS_PHYSICAL_PLATES,False
293702,DIAGNOSTIC_179,83.99908230846326,8.17658594679628,736,261,261,149,21,113,15,2.015132982969127,1,3334670577790501248:19,STRICT_RECURRENCE_ON_2PLUS_PHYSICAL_PLATES,False
293703,PRIMARY_424,85.41460450333568,8.713319116473492,904,1029,1029,519,33,459,25,1.0389990732201935,1,3336112071894926208:32,STRICT_RECURRENCE_ON_2PLUS_PHYSICAL_PLATES,False
293707,PRIMARY_424,85.29072227994628,10.765698065765008,916,1109,1109,560,22,472,66,0.4815828295927845,1,3339614463105367296:19,STRICT_RECURRENCE_ON_2PLUS_PHYSICAL_PLATES,False
293710,PRIMARY_424,84.89085240166918,12.005570486121314,752,18,18,16,1,1,14,2.370832156635015,0,,STRICT_RECURRENCE_ON_1_PHYSICAL_PLATE,False
293716,DIAGNOSTIC_179,84.88927682287611,7.709100840293121,875,905,905,461,16,410,34,0.5530489199709374,1,3334397830187572736:13,STRICT_RECURRENCE_ON_2PLUS_PHYSICAL_PLATES,False
293718,DIAGNOSTIC_179,84.57058421696294,11.041109093812512,797,476,476,256,4,154,98,2.1837752027178325,1,3339851059967530624:2,STRICT_RECURRENCE_ON_2PLUS_PHYSICAL_PLATES,False
293720,DIAGNOSTIC_179,86.67873395077157,9.645634196489008,920,704,704,359,51,296,12,1.9591760679295187,1,3336241775610021760:49,STRICT_RECURRENCE_ON_2PLUS_PHYSICAL_PLATES,False
293721,DIAGNOSTIC_179,86.52996976257846,8.280667388847755,900,684,684,379,7,317,54,0.3269144666721315,0,,STRICT_RECURRENCE_ON_2PLUS_PHYSICAL_PLATES,False
293729,DIAGNOSTIC_179,83.98395587614999,8.272881680664689,737,443,443,236,12,214,10,2.295268505725529,1,3334676174130626560:10,STRICT_RECURRENCE_ON_2PLUS_PHYSICAL_PLATES,False
293735,DIAGNOSTIC_179,84.30515373491657,8.344419068114613,748,727,727,352,8,309,35,1.0738122910119658,1,3334680366018462080:6,STRICT_RECURRENCE_ON_2PLUS_PHYSICAL_PLATES,False
293737,DIAGNOSTIC_179,83.91900025717548,11.77104811128374,737,263,263,170,24,81,65,1.0867286019718778,1,3340698783431293568:8,STRICT_RECURRENCE_ON_2PLUS_PHYSICAL_PLATES,False
293738,PRIMARY_424,86.44620412766689,9.343989046608824,908,1026,1026,513,476,7,27,0.23936500023752888,1,3336209653552064128:463,STRICT_RECURRENCE_ON_2PLUS_PHYSICAL_PLATES,False
293739,PRIMARY_424,86.39094768449549,6.936161808764477,824,601,601,312,276,7,28,0.045276736189608244,1,3333389337506204800:267,STRICT_RECURRENCE_ON_2PLUS_PHYSICAL_PLATES,False
293747,PRIMARY_424,84.57151728738536,11.20139238767373,795,281,281,153,5,126,22,2.517988538844799,1,3339857657037293184:4,STRICT_RECURRENCE_ON_2PLUS_PHYSICAL_PLATES,False
293752,PRIMARY_424,84.85978340619455,7.839081256221125,883,780,780,408,33,336,39,1.3855870383402598,1,3334404289818376576:31,STRICT_RECURRENCE_ON_2PLUS_PHYSICAL_PLATES,False
293760,PRIMARY_424,85.40212377209566,8.831618766380041,907,929,929,468,5,425,38,1.174375007444603,1,3336116882258273408:3,STRICT_RECURRENCE_ON_2PLUS_PHYSICAL_PLATES,False
293764,PRIMARY_424,85.55380657297084,10.818827046986115,919,1121,1121,570,69,436,64,0.7889660132666702,1,3339609270488361984:46,STRICT_RECURRENCE_ON_2PLUS_PHYSICAL_PLATES,False
293765,PRIMARY_424,85.67133900011382,8.653220244509873,903,1033,1033,512,4,430,78,2.0025910811428504,1,3336061597439451648:3,STRICT_RECURRENCE_ON_2PLUS_PHYSICAL_PLATES,False
293769,PRIMARY_424,84.61709034054307,8.678386467146202,789,666,666,341,32,281,28,2.276344123670917,1,3334787022944046336:29,STRICT_RECURRENCE_ON_2PLUS_PHYSICAL_PLATES,False
293774,DIAGNOSTIC_179,84.68969743244254,8.833477123420531,850,691,691,355,3,305,47,2.6043188871216767,1,,STRICT_RECURRENCE_ON_2PLUS_PHYSICAL_PLATES,False
293775,PRIMARY_424,86.42502734540159,8.117354311706961,890,939,939,467,204,243,20,0.408798376493332,1,3335218611320156800:201,STRICT_RECURRENCE_ON_2PLUS_PHYSICAL_PLATES,False
293777,PRIMARY_424,85.8695390804075,10.957649910578048,919,847,847,424,28,359,37,0.8991116495572002,2,3339985166026571776:17,STRICT_RECURRENCE_ON_2PLUS_PHYSICAL_PLATES,False
293778,DIAGNOSTIC_179,85.5896531762133,10.938931951889138,919,993,993,492,49,393,50,1.4094055218517085,1,3339612573319670400:36,STRICT_RECURRENCE_ON_2PLUS_PHYSICAL_PLATES,False
293783,PRIMARY_424,84.43857310708638,7.570807243341817,740,754,754,368,11,315,41,2.1901531697795846,1,3334379756965074304:11,STRICT_RECURRENCE_ON_2PLUS_PHYSICAL_PLATES,False
293784,PRIMARY_424,83.86690661891188,8.472712931486656,683,381,381,206,13,148,45,0.605394848720554,1,3334694350432933760:12,STRICT_RECURRENCE_ON_2PLUS_PHYSICAL_PLATES,False
293790,PRIMARY_424,84.26461706950275,8.401119773558866,746,401,401,212,4,194,14,1.3685083845570416,1,3334681572906729216:3,STRICT_RECURRENCE_ON_2PLUS_PHYSICAL_PLATES,False
293791,DIAGNOSTIC_179,86.46320926725986,6.91545925225897,823,1063,1063,532,471,19,42,0.09337832866397262,1,3333394074854422912:452,STRICT_RECURRENCE_ON_2PLUS_PHYSICAL_PLATES,False
293792,PRIMARY_424,84.33333537676734,10.755379807030277,776,679,679,345,7,144,194,0.7632275689622057,1,3339559277068027904:6,STRICT_RECURRENCE_ON_2PLUS_PHYSICAL_PLATES,False
293794,DIAGNOSTIC_179,84.39020694715404,11.762249822404792,744,588,588,314,5,240,69,2.5011052276441057,1,3339973488011908480:4,STRICT_RECURRENCE_ON_2PLUS_PHYSICAL_PLATES,False
293797,DIAGNOSTIC_179,84.3988344706157,8.110145016298612,753,359,359,192,50,135,7,1.1500261419901363,1,3334484652948725120:49,STRICT_RECURRENCE_ON_2PLUS_PHYSICAL_PLATES,False
293799,PRIMARY_424,83.97231473868169,11.566650291968342,739,687,687,364,9,230,124,0.8200944880008889,1,3339943354521269760:5,STRICT_RECURRENCE_ON_2PLUS_PHYSICAL_PLATES,False
293805,PRIMARY_424,86.7925034946806,8.266566097862615,898,806,806,399,8,371,20,1.1982370728747207,1,3335237646615206784:7,STRICT_RECURRENCE_ON_2PLUS_PHYSICAL_PLATES,False
293807,PRIMARY_424,86.37639709482278,9.86721592122992,925,821,821,418,402,4,12,0.1944634744524061,1,3336307883746634240:396,STRICT_RECURRENCE_ON_2PLUS_PHYSICAL_PLATES,False
293810,PRIMARY_424,84.14745067686525,10.742797635237403,773,544,544,285,3,215,66,1.605750418717741,2,,STRICT_RECURRENCE_ON_2PLUS_PHYSICAL_PLATES,False
293811,DIAGNOSTIC_179,86.30234802872472,10.010054400164279,921,619,619,325,286,34,5,0.5465971705086609,1,3336313862340844288:270,STRICT_RECURRENCE_ON_2PLUS_PHYSICAL_PLATES,False
293812,PRIMARY_424,83.95093889831688,11.791075101408834,738,300,300,174,19,102,51,0.7002042473989804,1,3340722392870021888:10,STRICT_RECURRENCE_ON_2PLUS_PHYSICAL_PLATES,False
293814,PRIMARY_424,84.11096055237384,10.934272790030183,768,504,504,277,6,34,237,0.4066435594904039,1,3339764786960925440:3,STRICT_RECURRENCE_ON_2PLUS_PHYSICAL_PLATES,False
293816,DIAGNOSTIC_179,86.27722774358546,7.709898958109031,875,596,596,309,262,34,13,0.15858031328173933,1,3333694172807863296:259,STRICT_RECURRENCE_ON_2PLUS_PHYSICAL_PLATES,False
293819,PRIMARY_424,86.80546924954011,10.24544412032719,920,972,972,486,47,403,36,0.7787035738408319,1,3336701513206426240:46,STRICT_RECURRENCE_ON_2PLUS_PHYSICAL_PLATES,False
293826,PRIMARY_424,83.9613875293104,8.5024843263626,729,547,547,291,7,252,32,0.2653093328986476,1,3334700191588454656:5,STRICT_RECURRENCE_ON_2PLUS_PHYSICAL_PLATES,False
293827,PRIMARY_424,84.8669035938848,10.577083851834395,911,538,538,287,171,105,11,0.7220112496285782,1,3339585356110464768:161,STRICT_RECURRENCE_ON_2PLUS_PHYSICAL_PLATES,False
293829,PRIMARY_424,86.12660663137926,10.655966466540955,915,1109,1109,550,28,479,42,1.0999355916092188,1,3336961341548099712:27,STRICT_RECURRENCE_ON_2PLUS_PHYSICAL_PLATES,False
293833,PRIMARY_424,85.49620531694357,8.277157424208507,902,753,753,403,2,18,383,0.2779343628589641,1,,STRICT_RECURRENCE_ON_2PLUS_PHYSICAL_PLATES,False
293834,PRIMARY_424,85.0543104988119,8.676363359764057,896,822,822,433,22,379,32,1.1348440495128969,1,3334619343124564224:18,STRICT_RECURRENCE_ON_2PLUS_PHYSICAL_PLATES,False
293835,PRIMARY_424,83.9219432554352,8.202185801503116,723,537,537,293,36,212,45,0.21046765501995424,1,3334673945044865280:35,STRICT_RECURRENCE_ON_2PLUS_PHYSICAL_PLATES,False
293841,PRIMARY_424,85.89640504613965,6.892656008107053,829,16,16,12,0,1,11,4.856225593694534,0,,DIAGNOSTIC_RECURRENCE_ONLY,False
293842,PRIMARY_424,84.83950390277022,10.662285263427322,905,838,838,426,184,212,30,0.4696856448453474,1,3339633360961604352:172,STRICT_RECURRENCE_ON_2PLUS_PHYSICAL_PLATES,False
293845,DIAGNOSTIC_179,85.63947599713384,8.393898815449663,907,684,684,370,14,316,39,0.6927509053896773,1,3334540904138315648:12,STRICT_RECURRENCE_ON_2PLUS_PHYSICAL_PLATES,False
293858,DIAGNOSTIC_179,85.32914541882889,8.089424216546215,897,627,627,345,285,41,19,0.9422631527346973,1,3334505578030819328:284,STRICT_RECURRENCE_ON_2PLUS_PHYSICAL_PLATES,False
293867,DIAGNOSTIC_179,85.7435763589951,5.995864925096014,638,506,506,286,9,234,43,0.03713827038732537,1,3332851641958750592:3,STRICT_RECURRENCE_ON_2PLUS_PHYSICAL_PLATES,False
293879,PRIMARY_424,84.15965013793513,8.625536520318766,741,727,727,354,6,324,24,1.3854336249592343,1,3334793890595470336:6,STRICT_RECURRENCE_ON_2PLUS_PHYSICAL_PLATES,False
293880,DIAGNOSTIC_179,84.81077867856237,11.216868149713301,895,933,933,505,79,338,87,0.6646481261754253,1,3339878826933026432:36,STRICT_RECURRENCE_ON_2PLUS_PHYSICAL_PLATES,False
293887,DIAGNOSTIC_179,84.84550992866922,8.39104559687893,889,684,684,363,34,299,30,0.44322546902662746,1,3334577733479980288:26,STRICT_RECURRENCE_ON_2PLUS_PHYSICAL_PLATES,False
293892,PRIMARY_424,85.10466229733937,8.673399264337984,894,612,612,325,1,74,250,2.6237077536869426,1,,STRICT_RECURRENCE_ON_1_PHYSICAL_PLATE,False
293903,PRIMARY_424,86.87792530129158,9.637157254022267,920,798,798,407,1,260,146,2.8883295654432404,1,,STRICT_RECURRENCE_ON_1_PHYSICAL_PLATE,False
293908,DIAGNOSTIC_179,85.74151279036218,7.82693161682344,885,701,701,363,4,313,46,1.1074635198036347,1,3333755539300572672:2,STRICT_RECURRENCE_ON_2PLUS_PHYSICAL_PLATES,False
293917,DIAGNOSTIC_179,86.10512084691372,11.649366322980425,764,565,565,281,4,245,31,1.8872062967099712,1,3340051583399705600:4,STRICT_RECURRENCE_ON_2PLUS_PHYSICAL_PLATES,False
293922,PRIMARY_424,85.66035129574205,11.001983063127847,920,1103,1103,563,147,348,66,0.41630913486397064,1,3339988464561454848:128,STRICT_RECURRENCE_ON_2PLUS_PHYSICAL_PLATES,False
293929,PRIMARY_424,86.25038992067239,8.45192453118089,898,922,922,466,64,372,29,1.4284369073504162,1,3335284139639096320:63,STRICT_RECURRENCE_ON_2PLUS_PHYSICAL_PLATES,False
293931,DIAGNOSTIC_179,83.8906739338493,8.281452296181312,711,294,294,166,103,39,24,0.7178384218981364,1,3334687379702561408:98,STRICT_RECURRENCE_ON_2PLUS_PHYSICAL_PLATES,False
293934,DIAGNOSTIC_179,84.08685321096786,11.712651234458335,737,423,423,260,21,145,92,0.7012423365764339,0,,STRICT_RECURRENCE_ON_2PLUS_PHYSICAL_PLATES,False
293935,PRIMARY_424,84.7507280287247,10.928865877612285,883,954,954,487,48,384,55,0.9191766885457734,1,3339658512289812096:37,STRICT_RECURRENCE_ON_2PLUS_PHYSICAL_PLATES,False
293937,PRIMARY_424,84.5638487635459,11.564340988866762,750,732,732,369,6,303,60,1.568685102159263,1,3339908754264837888:4,STRICT_RECURRENCE_ON_2PLUS_PHYSICAL_PLATES,False
293941,PRIMARY_424,84.9175184931143,10.57535638825744,912,792,792,409,4,339,66,1.9384845787103928,1,3339584948090249088:2,STRICT_RECURRENCE_ON_2PLUS_PHYSICAL_PLATES,False
293948,PRIMARY_424,85.70331072288116,8.538738713019022,899,1086,1086,551,6,477,68,1.4997174303646952,1,3336046715375683840:6,STRICT_RECURRENCE_ON_2PLUS_PHYSICAL_PLATES,False
293955,DIAGNOSTIC_179,85.50902087477611,8.332197810601167,903,1105,1105,563,13,482,67,1.4654910610342657,1,3334541763131799424:11,STRICT_RECURRENCE_ON_2PLUS_PHYSICAL_PLATES,False
293956,DIAGNOSTIC_179,85.65685752301079,8.109689804808344,897,937,937,477,2,14,461,1.788562470435185,1,3333775781483422848:2,STRICT_RECURRENCE_ON_2PLUS_PHYSICAL_PLATES,False
293964,DIAGNOSTIC_179,85.29390435526317,12.113948813820459,763,212,212,125,1,9,115,1.2630415565050794,0,,STRICT_RECURRENCE_ON_1_PHYSICAL_PLATE,False
293965,PRIMARY_424,84.36339571081143,8.397798838541961,749,847,847,420,11,342,67,0.8783303931593937,1,3334774855299876992:10,STRICT_RECURRENCE_ON_2PLUS_PHYSICAL_PLATES,False
293969,DIAGNOSTIC_179,86.19985168465917,6.119851332993063,639,723,723,379,300,37,42,0.2406638743635701,1,3321223447502853248:288,STRICT_RECURRENCE_ON_2PLUS_PHYSICAL_PLATES,False
293971,PRIMARY_424,84.86927949032238,8.585524073935552,883,715,715,374,8,316,50,0.33880612762104056,1,3334617590777911808:5,STRICT_RECURRENCE_ON_2PLUS_PHYSICAL_PLATES,False
293974,DIAGNOSTIC_179,84.90660574472285,8.494456564125471,890,1042,1042,536,48,417,71,1.3825052864502865,1,3334580830154175360:47,STRICT_RECURRENCE_ON_2PLUS_PHYSICAL_PLATES,False
293975,PRIMARY_424,86.65244457098309,11.122910339538542,905,759,759,386,12,324,48,1.665063503262201,1,3337006863903405056:6,STRICT_RECURRENCE_ON_2PLUS_PHYSICAL_PLATES,False
293979,DIAGNOSTIC_179,85.25490554235476,11.51910822241101,766,729,729,400,99,242,58,0.5356774803649899,1,3340078388293048192:56,STRICT_RECURRENCE_ON_2PLUS_PHYSICAL_PLATES,False
293981,PRIMARY_424,86.83549656169784,9.119997614059201,902,856,856,434,3,358,73,0.9730409366045077,1,3335436555141814400:3,STRICT_RECURRENCE_ON_2PLUS_PHYSICAL_PLATES,False
293985,DIAGNOSTIC_179,85.24926049011438,10.618723337555288,915,540,540,284,0,208,76,3.0913727438804584,0,,DIAGNOSTIC_RECURRENCE_ONLY,False
293986,PRIMARY_424,86.11897112929519,7.576946126229217,867,589,589,311,116,175,19,0.5528524473978865,1,3333685793329018624:111,STRICT_RECURRENCE_ON_2PLUS_PHYSICAL_PLATES,False
293995,DIAGNOSTIC_179,84.5687348345911,8.684758028914487,758,478,478,246,1,183,62,2.0201288766143444,0,,STRICT_RECURRENCE_ON_1_PHYSICAL_PLATE,False
293996,PRIMARY_424,84.97106547134744,8.51010484167242,890,846,846,441,7,374,60,0.29144005805506706,1,3334603645020441344:6,STRICT_RECURRENCE_ON_2PLUS_PHYSICAL_PLATES,False
294008,DIAGNOSTIC_179,85.88742596784958,11.04335882880911,918,1053,1053,522,36,418,66,0.28899873461601666,1,3339992351508667264:25,STRICT_RECURRENCE_ON_2PLUS_PHYSICAL_PLATES,False
294011,DIAGNOSTIC_179,84.78624812217653,8.194408768600487,873,971,971,492,7,412,71,1.7052387673041658,1,3334566222967636096:7,STRICT_RECURRENCE_ON_2PLUS_PHYSICAL_PLATES,False
294016,DIAGNOSTIC_179,86.7718657504031,10.662908974599818,908,972,972,482,5,379,96,0.48567508022917455,1,3336926363334287744:5,STRICT_RECURRENCE_ON_2PLUS_PHYSICAL_PLATES,False
294019,DIAGNOSTIC_179,83.96781719667818,11.152209853917178,766,599,599,320,11,255,54,1.0752760866539488,1,3339818972268307072:5,STRICT_RECURRENCE_ON_2PLUS_PHYSICAL_PLATES,False
294020,DIAGNOSTIC_179,84.51287611073637,10.914561160244126,780,403,403,217,9,187,21,2.1752189944951894,1,3339656412048400896:9,STRICT_RECURRENCE_ON_2PLUS_PHYSICAL_PLATES,False
294021,PRIMARY_424,84.68934683795624,8.522831002631335,839,645,645,350,12,301,37,1.1351977824964574,1,3334595055085681664:10,STRICT_RECURRENCE_ON_2PLUS_PHYSICAL_PLATES,False
294026,PRIMARY_424,83.96966485785613,11.498286457035187,747,571,571,299,4,81,214,2.272855414336908,1,3339939574950315776:2,STRICT_RECURRENCE_ON_2PLUS_PHYSICAL_PLATES,False
294027,PRIMARY_424,84.94990011944004,11.045222910893571,910,727,727,385,4,268,113,0.850672641217029,1,3339683972853986176:2,STRICT_RECURRENCE_ON_2PLUS_PHYSICAL_PLATES,False
294028,PRIMARY_424,86.33065700355294,5.950475672982259,631,739,739,382,299,48,35,0.3873205099326596,1,3321204304831854080:292,STRICT_RECURRENCE_ON_2PLUS_PHYSICAL_PLATES,False
294029,DIAGNOSTIC_179,85.81148201326772,8.694047421261043,903,627,627,352,38,276,38,1.7472729962741087,0,,STRICT_RECURRENCE_ON_2PLUS_PHYSICAL_PLATES,False
294042,PRIMARY_424,85.98833233267352,6.058345311191212,636,496,496,267,219,30,18,0.9111819231745908,1,3321218667203517056:212,STRICT_RECURRENCE_ON_2PLUS_PHYSICAL_PLATES,False
294051,DIAGNOSTIC_179,85.77110130684922,8.03827781983432,898,908,908,462,3,268,191,2.6200632142010476,1,3333762793502316032:2,STRICT_RECURRENCE_ON_2PLUS_PHYSICAL_PLATES,False
294052,PRIMARY_424,84.02132246124124,11.073589147611566,769,524,524,269,0,37,232,3.0882679184058976,0,,DIAGNOSTIC_RECURRENCE_ONLY,False
294057,DIAGNOSTIC_179,86.06875739603126,7.982622735937362,894,918,918,453,401,31,21,0.3334237838481535,1,3333716751453036672:398,STRICT_RECURRENCE_ON_2PLUS_PHYSICAL_PLATES,False
294062,PRIMARY_424,85.10049485620586,10.734253391237441,915,1058,1058,546,24,184,338,1.2190630619292764,1,3339593778542921344:9,STRICT_RECURRENCE_ON_2PLUS_PHYSICAL_PLATES,False
294066,DIAGNOSTIC_179,85.28728072716494,8.519586796888833,896,971,971,475,10,432,33,1.1474809281019414,1,3334560454829258496:7,STRICT_RECURRENCE_ON_2PLUS_PHYSICAL_PLATES,False
294070,PRIMARY_424,86.72855544560736,10.989489242398562,908,1072,1072,518,29,360,129,0.10299950179516608,1,3336953748045682432:22,STRICT_RECURRENCE_ON_2PLUS_PHYSICAL_PLATES,False
294071,PRIMARY_424,85.27595310589581,10.944137436989699,915,1063,1063,528,7,422,99,2.3899570253863587,1,3339627210568269056:6,STRICT_RECURRENCE_ON_2PLUS_PHYSICAL_PLATES,False
294078,PRIMARY_424,86.02314012493977,5.8666290625462425,629,376,376,224,12,169,43,1.201917201050831,0,,STRICT_RECURRENCE_ON_2PLUS_PHYSICAL_PLATES,False
294084,DIAGNOSTIC_179,83.89925633606528,8.43784936290645,715,290,290,184,6,120,58,0.9961877734594061,0,,STRICT_RECURRENCE_ON_2PLUS_PHYSICAL_PLATES,False
294085,PRIMARY_424,86.1810459540392,7.900995754872608,891,569,569,319,172,117,30,0.0999742327332917,0,,STRICT_RECURRENCE_ON_2PLUS_PHYSICAL_PLATES,False
294092,DIAGNOSTIC_179,86.6766617812297,10.892627100919654,907,1053,1053,516,139,344,33,0.35739597100345555,1,3336946154543544448:128,STRICT_RECURRENCE_ON_2PLUS_PHYSICAL_PLATES,False
294096,DIAGNOSTIC_179,85.09720191502434,8.448481573663392,893,650,650,346,1,21,324,2.112033873885207,0,,STRICT_RECURRENCE_ON_1_PHYSICAL_PLATE,False
294098,PRIMARY_424,84.6911626127725,8.658497665842663,843,844,844,418,7,99,311,0.7501751800352638,1,3334786335749270400:7,STRICT_RECURRENCE_ON_2PLUS_PHYSICAL_PLATES,False
294103,PRIMARY_424,86.57800500711423,10.21780717674461,919,1051,1051,529,307,162,58,0.7362567716703626,1,3336698420830017792:305,STRICT_RECURRENCE_ON_2PLUS_PHYSICAL_PLATES,False
294104,PRIMARY_424,86.77915063002784,9.536075202370561,917,1093,1093,554,6,434,112,2.241347546388094,1,3336225527751072896:6,STRICT_RECURRENCE_ON_2PLUS_PHYSICAL_PLATES,False
294109,DIAGNOSTIC_179,85.70459860249125,11.02819572174718,920,845,845,433,19,369,45,0.5292013863675774,1,3339990113828896128:10,STRICT_RECURRENCE_ON_2PLUS_PHYSICAL_PLATES,False
294110,PRIMARY_424,85.81772629276468,8.052426582105447,899,520,520,294,32,233,29,0.5297188207097228,0,,STRICT_RECURRENCE_ON_2PLUS_PHYSICAL_PLATES,False
294111,DIAGNOSTIC_179,85.5397379057777,8.52057458330041,900,1037,1037,526,3,468,55,2.375549268788365,1,3334557912208801920:2,STRICT_RECURRENCE_ON_2PLUS_PHYSICAL_PLATES,False
294116,PRIMARY_424,86.92278187576956,5.8840896413063435,630,702,702,370,16,175,179,0.8793193469070483,1,3321162695188693248:9,STRICT_RECURRENCE_ON_2PLUS_PHYSICAL_PLATES,False
294117,PRIMARY_424,86.35156553842792,6.860057493473829,820,1036,1036,527,460,15,52,0.1299294266973086,1,3333388302418379136:445,STRICT_RECURRENCE_ON_2PLUS_PHYSICAL_PLATES,False
294122,PRIMARY_424,86.25324486348302,6.529918433009287,674,720,720,367,319,16,32,0.24103649518019457,2,3333272239517252608:310;3333272235222329088:3,STRICT_RECURRENCE_ON_2PLUS_PHYSICAL_PLATES,False
294130,PRIMARY_424,84.13106753707709,11.775850268665627,740,458,458,243,1,26,214,2.995854814418249,1,,STRICT_RECURRENCE_ON_1_PHYSICAL_PLATE,False
294133,PRIMARY_424,86.32328604896661,8.01115511875972,893,1034,1034,518,5,454,59,2.1785930421287714,1,3335215488881670656:4,STRICT_RECURRENCE_ON_2PLUS_PHYSICAL_PLATES,False
294135,DIAGNOSTIC_179,85.42521007811075,8.313839705310507,902,933,933,468,9,414,45,1.257137647892674,1,3334536368652885248:8,STRICT_RECURRENCE_ON_2PLUS_PHYSICAL_PLATES,False
294136,DIAGNOSTIC_179,85.7256254339793,11.129713580833545,918,984,984,500,21,417,62,1.4550009176896386,1,3340002899948144000:14,STRICT_RECURRENCE_ON_2PLUS_PHYSICAL_PLATES,False
294138,DIAGNOSTIC_179,84.3805916430183,11.84537035626178,744,381,381,203,16,147,40,1.1533277514706337,0,,STRICT_RECURRENCE_ON_2PLUS_PHYSICAL_PLATES,False
294140,PRIMARY_424,84.51290983348406,11.806893742900801,746,775,775,405,43,288,74,0.17225792605667323,1,3339963798565652096:19,STRICT_RECURRENCE_ON_2PLUS_PHYSICAL_PLATES,False
294147,DIAGNOSTIC_179,86.85113471697446,6.018611029138665,634,567,567,312,12,228,72,1.1254652885920915,1,3321185033315457920:7,STRICT_RECURRENCE_ON_2PLUS_PHYSICAL_PLATES,False
294150,DIAGNOSTIC_179,83.9663268673414,12.01281946014366,739,375,375,211,15,103,91,1.748688969624506,1,3340741561305544448:10,STRICT_RECURRENCE_ON_2PLUS_PHYSICAL_PLATES,False
294153,PRIMARY_424,85.95212113855544,8.666511667671486,898,1104,1104,566,40,469,57,1.9983929555221378,1,3336052354669785728:40,STRICT_RECURRENCE_ON_2PLUS_PHYSICAL_PLATES,False
294159,DIAGNOSTIC_179,84.09487334170834,12.156414114325122,752,420,420,243,3,98,142,1.682079660395443,0,,STRICT_RECURRENCE_ON_2PLUS_PHYSICAL_PLATES,False
294161,PRIMARY_424,86.83970943463567,9.047693413316802,901,971,971,489,7,314,167,1.3665534159896473,1,3335434944530052608:7,STRICT_RECURRENCE_ON_2PLUS_PHYSICAL_PLATES,False
294162,PRIMARY_424,84.50059413328437,11.223868414530559,778,733,733,375,7,105,262,1.9189906030721176,1,3339870099559287936:4,STRICT_RECURRENCE_ON_2PLUS_PHYSICAL_PLATES,False
294164,PRIMARY_424,86.10172668787374,11.146773738307896,916,744,744,356,4,299,53,2.568680617378949,1,3340017601619587840:3,STRICT_RECURRENCE_ON_2PLUS_PHYSICAL_PLATES,False
294166,DIAGNOSTIC_179,86.44966364697562,5.869176214721106,628,19,19,13,1,0,11,1.3829083860746245,0,,STRICT_RECURRENCE_ON_1_PHYSICAL_PLATE,False
294171,PRIMARY_424,85.9241737561235,7.977077223771276,897,1069,1069,551,18,447,85,0.33060690915451796,1,3333763583776455936:17,STRICT_RECURRENCE_ON_2PLUS_PHYSICAL_PLATES,False
294179,PRIMARY_424,83.96192900624624,11.984696310074014,741,287,287,153,0,11,142,3.80677260087392,0,,DIAGNOSTIC_RECURRENCE_ONLY,False
294184,PRIMARY_424,86.62119743224247,10.194096808692482,919,603,603,310,27,278,5,0.4286962669050187,1,3336697390037863168:25,STRICT_RECURRENCE_ON_2PLUS_PHYSICAL_PLATES,False
294187,PRIMARY_424,84.24888139435645,11.742165610067708,743,718,718,380,15,255,108,1.3995987604241267,1,3339968230971978880:10,STRICT_RECURRENCE_ON_2PLUS_PHYSICAL_PLATES,False
294188,PRIMARY_424,84.70890911765746,11.577424749392076,754,550,550,286,16,248,22,0.6508384544835373,1,3339908097132195072:15,STRICT_RECURRENCE_ON_2PLUS_PHYSICAL_PLATES,False
294189,PRIMARY_424,85.011928336949,11.104707285068567,910,867,867,436,9,243,184,0.25843715579660986,1,,STRICT_RECURRENCE_ON_2PLUS_PHYSICAL_PLATES,False
294196,PRIMARY_424,84.0604264671267,11.663606528981841,738,719,719,367,31,284,51,0.9369848329589578,1,3339945725343208064:21,STRICT_RECURRENCE_ON_2PLUS_PHYSICAL_PLATES,False
294198,PRIMARY_424,86.89799169036756,8.803041310685124,899,837,837,427,3,364,60,2.444335120215623,1,3335410647899093248:3,STRICT_RECURRENCE_ON_2PLUS_PHYSICAL_PLATES,False
294200,PRIMARY_424,84.83919051002313,8.290431109569953,888,1023,1023,505,4,364,137,0.44951116800211466,1,3334573644671120128:3,STRICT_RECURRENCE_ON_2PLUS_PHYSICAL_PLATES,False
294203,PRIMARY_424,83.93991129367585,11.962391078329635,740,304,304,203,22,67,114,1.1915604162573237,1,3340740740970121344:5,STRICT_RECURRENCE_ON_2PLUS_PHYSICAL_PLATES,False
294205,DIAGNOSTIC_179,84.7258695730629,11.159744465895301,872,622,622,330,8,86,236,0.6680364975297334,0,,STRICT_RECURRENCE_ON_2PLUS_PHYSICAL_PLATES,False
294207,PRIMARY_424,86.46117191533537,6.628271473137215,682,776,776,389,337,11,40,0.34010021491884385,1,3333367793950294912:334,STRICT_RECURRENCE_ON_2PLUS_PHYSICAL_PLATES,False
294210,DIAGNOSTIC_179,85.32586220390894,8.411271228859258,900,688,688,358,2,218,138,2.503898721900156,1,,STRICT_RECURRENCE_ON_2PLUS_PHYSICAL_PLATES,False
294227,PRIMARY_424,86.04344825891756,7.56867908606243,865,1071,1071,536,63,434,39,0.5102243887026191,1,3333688473388618880:60,STRICT_RECURRENCE_ON_2PLUS_PHYSICAL_PLATES,False
294229,PRIMARY_424,85.99639427690185,8.531437081167265,894,996,996,509,23,459,27,0.8620461141712892,1,3335299361002767744:22,STRICT_RECURRENCE_ON_2PLUS_PHYSICAL_PLATES,False
294234,DIAGNOSTIC_179,86.0244570047859,11.072909727845403,914,790,790,408,3,107,298,1.3960709508930713,1,,STRICT_RECURRENCE_ON_2PLUS_PHYSICAL_PLATES,False
294237,PRIMARY_424,86.48300145288844,6.645605059920476,685,363,363,201,166,17,18,1.0028651882300919,0,,STRICT_RECURRENCE_ON_2PLUS_PHYSICAL_PLATES,False
294239,PRIMARY_424,86.0332436860078,11.170667847325657,912,556,556,283,4,21,257,0.7645693590930429,1,,STRICT_RECURRENCE_ON_2PLUS_PHYSICAL_PLATES,False
294244,PRIMARY_424,84.37531211774956,11.54844359645705,746,499,499,260,3,64,193,0.6598050236196346,1,,STRICT_RECURRENCE_ON_2PLUS_PHYSICAL_PLATES,False
294248,PRIMARY_424,86.03360420783811,11.385433604609888,829,570,570,284,6,210,68,1.5626694404862664,1,3340037427187502848:4,STRICT_RECURRENCE_ON_2PLUS_PHYSICAL_PLATES,False
294258,DIAGNOSTIC_179,86.48217651928763,8.729967108399888,898,1060,1060,530,8,463,59,0.7309318890411332,1,3335329352758225280:6,STRICT_RECURRENCE_ON_2PLUS_PHYSICAL_PLATES,False
294264,PRIMARY_424,86.47525368840846,6.832668271254232,817,1013,1013,508,357,115,36,0.6201181747211371,1,3333375765409556352:344,STRICT_RECURRENCE_ON_2PLUS_PHYSICAL_PLATES,False
294284,DIAGNOSTIC_179,86.6303944964218,8.623011013491503,895,629,629,325,17,288,20,0.6067042165226844,1,3335312688285121536:14,STRICT_RECURRENCE_ON_2PLUS_PHYSICAL_PLATES,False
294285,PRIMARY_424,86.42538698806912,8.374430787951532,899,1090,1090,551,4,458,87,1.5494741027041707,1,3335279191836519552:4,STRICT_RECURRENCE_ON_2PLUS_PHYSICAL_PLATES,False
