recno,POSS,MLP,RAradmin,RAradmax,GLON,GLAT,SAO,Obs,fObs,ObsE,ObsO,EHA,EHAew,OHA,OHAew,Eexp,Oexp,Erate,Orate,RA1950,DE1950,_RA.icrs,_DE.icrs,source_archive,source_url
 , , ,rad,rad,deg,deg, ,Y:M:D,Y:M:D,h:m:s,h:m:s,h:m:s, ,h:m:s, ,min,min, , ,h:m:s,d:m:s, ,d:m:s,POSS-I VI/25,https://cdsarc.cds.unistra.fr/viz-bin/cat/VI/25
--------,----,----,-----------,-----------,------,------,---,----------,----------,-----,-----,-----,-,-----,-,--,--,---,---,--------,---------,----------,---------,POSS-I VI/25,https://cdsarc.cds.unistra.fr/viz-bin/cat/VI/25
       1, 570,   1,           ,           ,123.00, 27.40,523,1952-08-22,   0-08-23,21:32,21:12,00:08,W,00:13,E,50,10, 3 ,2-3,19 43 00,+90 00 00,12 01 15.9,+89 43 18,POSS-I VI/25,https://cdsarc.cds.unistra.fr/viz-bin/cat/VI/25
       2, 567,   2,           ,           ,123.00, 27.40,539,1952-08-21,   0-08-22,00:32,01:30,00:16,W,01:14,E,50,10, 2 ,2-3,22 31 00,+90 00 00,12 01 15.9,+89 43 18,POSS-I VI/25,https://cdsarc.cds.unistra.fr/viz-bin/cat/VI/25
       3, 568,   3,-0.93284023, 0.98869079,121.91, 22.02,591,1952-08-21,   0-08-22,01:57,03:02,00:05,W,01:10,W,50,10, 2 , 2 ,00 06 24,+84 31 40,00 09 22.4,+84 48 21,POSS-I VI/25,https://cdsarc.cds.unistra.fr/viz-bin/cat/VI/25
       4,1277,   4,-0.18526113, 1.67329884,126.08, 22.51,545,1954-11-22,   0-11-23,23:22,23:01,00:51,W,00:29,W,45,12,2-3, 3 ,02 50 31,+84 22 24,03 01 03.9,+84 34 25,POSS-I VI/25,https://cdsarc.cds.unistra.fr/viz-bin/cat/VI/25
       5,1328,   5, 0.54402769, 2.28631306,129.11, 25.13,532,1955-01-28,   0-01-29,22:09,23:00,01:28,W,02:19,W,45,12, 2 , 2 ,05 24 20,+84 04 04,05 37 33.4,+84 06 11,POSS-I VI/25,https://cdsarc.cds.unistra.fr/viz-bin/cat/VI/25
       6, 692,   6, 1.24665165, 2.87552261,129.89, 28.94,546,1953-03-08,   0-03-09,21:15,20:57,00:41,W,00:22,W,45,10, 3 , 3 ,07 52 22,+83 44 22,08 03 39.9,+83 36 08,POSS-I VI/25,https://cdsarc.cds.unistra.fr/viz-bin/cat/VI/25
       7, 727,   7, 1.89212418, 3.45018101,127.85, 32.34,574,1953-04-15,   0-04-16,21:20,21:03,00:55,W,00:38,W,45,10,1-2, 2 ,10 12 11,+83 30 58,10 18 58.4,+83 15 58,POSS-I VI/25,https://cdsarc.cds.unistra.fr/viz-bin/cat/VI/25
       8,1340,   8, 2.51448154, 4.05944443,123.54, 33.91,530,1955-02-28,   0-03-01,03:32,04:28,01:45,W,02:41,W,50,12,2-3, 2 ,12 33 19,+83 28 23,12 34 28.5,+83 11 52,POSS-I VI/25,https://cdsarc.cds.unistra.fr/viz-bin/cat/VI/25
       9,1363,   9, 3.09760475, 4.68728924,119.12, 32.83,546,1955-03-23,   0-03-24,03:12,02:54,00:37,W,00:19,W,50,12, 2 , 2 ,14 52 05,+83 37 04,14 48 01.6,+83 24 45,POSS-I VI/25,https://cdsarc.cds.unistra.fr/viz-bin/cat/VI/25
      10, 775,  10, 3.67689037, 5.36304092,116.56, 29.66,577,1953-08-10,   0-08-11,20:14,21:06,00:28,W,01:20,W,45,12, 2 ,1-2,17 15 54,+83 54 34,17 08 18.2,+83 51 06,POSS-I VI/25,https://cdsarc.cds.unistra.fr/viz-bin/cat/VI/25
      11, 802,  11, 4.26639652, 6.07088280,116.78, 25.88,610,1953-09-02,   0-09-03,20:50,21:42,00:08,W,01:00,W,45,12, 2 , 2 ,19 44 34,+84 14 05,19 37 02.9,+84 21 12,POSS-I VI/25,https://cdsarc.cds.unistra.fr/viz-bin/cat/VI/25
      12,1216,  12, 4.91797352, 6.82110023,119.49, 22.89,731,1954-09-22,   0-09-23,21:43,22:39,00:22,E,00:35,W,50,13, 2 ,1-3,22 25 12,+84 29 00,22 22 58.1,+84 44 16,POSS-I VI/25,https://cdsarc.cds.unistra.fr/viz-bin/cat/VI/25
      13,1213,  13,-0.35174334, 0.39479476,120.73, 16.12,434,1954-09-21,   0-09-22,23:29,23:10,00:20,E,00:39,E,50,13, 2 , 2 ,00 04 56,+78 31 45,00 07 38.9,+78 48 27,POSS-I VI/25,https://cdsarc.cds.unistra.fr/viz-bin/cat/VI/25
      14,1214,  14, 0.06953126, 0.81229538,125.68, 16.15,310,1954-09-21,   0-09-22,00:46,00:26,00:41,E,00:59,E,50,13, 4 , 2 ,01 41 03,+78 28 58,01 46 01.5,+78 43 59,POSS-I VI/25,https://cdsarc.cds.unistra.fr/viz-bin/cat/VI/25
      15,1226,  15, 0.49080724, 1.22397804,130.31, 17.91,367,1954-09-26,   0-09-27,02:32,03:28,00:09,E,00:47,W,50,13, 2 , 2 ,03 16 30,+78 21 46,03 23 14.1,+78 32 30,POSS-I VI/25,https://cdsarc.cds.unistra.fr/viz-bin/cat/VI/25
      16,1322,  16, 0.91014183, 1.62698269,134.04, 21.13,446,1955-01-14,   0-01-15,21:35,22:28,00:32,W,01:24,W,45,12, 2 , 2 ,04 50 44,+78 09 05,04 58 24.3,+78 13 47,POSS-I VI/25,https://cdsarc.cds.unistra.fr/viz-bin/cat/VI/25
      17,1256,  17, 1.32007313, 2.02208328,136.27, 25.41,471,1954-10-06,   0-10-07,03:34,03:14,01:35,E,01:55,E,45,13,1-2, 2 ,06 22 59,+77 57 04,06 30 43.1,+77 55 07,POSS-I VI/25,https://cdsarc.cds.unistra.fr/viz-bin/cat/VI/25
      18,1295,  18, 1.72218990, 2.41074753,136.62, 30.14,464,1954-11-26,   0-11-27,01:51,02:42,01:27,E,00:36,E,45,12,2-3,2-3,07 53 36,+77 45 44,08 00 36.8,+77 37 34,POSS-I VI/25,https://cdsarc.cds.unistra.fr/viz-bin/cat/VI/25
      19, 693,  19, 2.11878204, 2.79533482,134.79, 34.63,426,1953-03-08,   0-03-09,22:31,22:14,00:26,W,00:09,W,45,10, 3 , 3 ,09 23 07,+77 35 15,09 28 48.0,+77 22 11,POSS-I VI/25,https://cdsarc.cds.unistra.fr/viz-bin/cat/VI/25
      20,1326,  20, 2.50864983, 3.17908573,130.74, 38.09,302,1955-01-25,   0-01-26,02:49,03:40,00:30,W,01:21,W,45,12, 2 ,1-2,10 51 46,+77 29 46,10 55 44.7,+77 13 46,POSS-I VI/25,https://cdsarc.cds.unistra.fr/viz-bin/cat/VI/25
      21,1339,  21, 2.89373016, 3.56267643,125.05, 39.81,272,1955-02-28,   0-03-01,02:17,03:13,00:43,W,01:39,W,50,12, 3 , 3 ,12 19 51,+77 28 25,12 21 57.7,+77 11 47,POSS-I VI/25,https://cdsarc.cds.unistra.fr/viz-bin/cat/VI/25
      22,1374,  22, 3.27904987, 3.95155525,118.88, 39.39,268,1955-03-30,   0-03-31,02:09,01:51,01:05,W,00:47,W,50,12, 2 , 2 ,13 48 34,+77 31 38,13 48 51.2,+77 16 47,POSS-I VI/25,https://cdsarc.cds.unistra.fr/viz-bin/cat/VI/25
      23, 768,  23, 3.66269207, 4.34444046,113.71, 36.93,282,1953-07-10,   0-07-11,20:58,21:53,01:08,W,02:04,W,45,12,3-4, 3 ,15 17 33,+77 39 50,15 16 17.2,+77 28 56,POSS-I VI/25,https://cdsarc.cds.unistra.fr/viz-bin/cat/VI/25
      24,1433,  24, 4.05013466, 4.74369526,110.48, 32.98,319,1955-05-19,   0-05-20,01:01,00:43,00:16,W,00:07,E,50,12,2-3, 3 ,16 47 42,+77 50 00,16 45 22.8,+77 44 44,POSS-I VI/25,https://cdsarc.cds.unistra.fr/viz-bin/cat/VI/25
      25, 776,  25, 4.44118309, 5.15099716,109.52, 28.30,380,1953-08-10,   0-08-11,21:26,22:13,00:37,W,01:29,W,45,12, 2 , 2 ,18 19 11,+78 03 27,18 16 29.6,+78 04 45,POSS-I VI/25,https://cdsarc.cds.unistra.fr/viz-bin/cat/VI/25
      26, 832,  26, 4.83787823, 5.56252670,110.64, 23.68,446,1953-09-30,   0-10-01,18:52,19:44,00:08,E,00:44,W,45,12, 2 , 2 ,19 51 48,+78 15 13,19 49 35.7,+78 22 58,POSS-I VI/25,https://cdsarc.cds.unistra.fr/viz-bin/cat/VI/25
      27,1232,  27, 5.24443817, 5.98179913,113.50, 19.74,415,1954-09-30,   0-10-01,20:52,20:26,00:14,W,00:12,E,50,13,3-4, 2 ,21 26 26,+78 24 56,21 25 35.0,+78 38 00,POSS-I VI/25,https://cdsarc.cds.unistra.fr/viz-bin/cat/VI/25
      28,1210,  28, 5.65805721, 6.40273666,117.62, 17.04,484,1954-09-20,   0-09-21,22:43,23:39,00:07,E,00:50,W,50,13, 4 , 4 ,23 02 04,+78 30 23,23 03 15.5,+78 46 34,POSS-I VI/25,https://cdsarc.cds.unistra.fr/viz-bin/cat/VI/25
      29,1217,  29,-0.20262372, 0.24625689,119.66, 10.21,259,1954-09-22,   0-09-23,23:20,23:01,00:26,E,00:45,E,50,13,2-3,2-3,00 05 00,+72 31 44,00 07 39.7,+72 48 26,POSS-I VI/25,https://cdsarc.cds.unistra.fr/viz-bin/cat/VI/25
      30,1218,  30, 0.10315293, 0.55119914,124.98, 10.00,250,1954-09-22,   0-09-23,00:38,00:18,00:18,E,00:38,E,50,13, 2 , 2 ,01 14 59,+72 30 03,01 18 43.1,+72 45 49,POSS-I VI/25,https://cdsarc.cds.unistra.fr/viz-bin/cat/VI/25
      31,1230,  31, 0.40901119, 0.85489756,130.18, 11.17,255,1954-09-27,   0-09-28,01:29,02:25,00:17,E,00:39,W,50,13, 2 , 2 ,02 24 50,+72 25 40,02 29 31.0,+72 39 02,POSS-I VI/25,https://cdsarc.cds.unistra.fr/viz-bin/cat/VI/25
      32, 865,  32, 0.71406949, 1.15619564,134.92, 13.63,235,1953-10-13,   0-10-14,02:10,03:02,00:18,W,01:10,W,45,12, 3 , 3 ,03 34 19,+72 17 56,03 39 43.5,+72 27 41,POSS-I VI/25,https://cdsarc.cds.unistra.fr/viz-bin/cat/VI/25
      33, 866,  33, 1.01546097, 1.45490551,138.84, 17.25,264,1953-10-13,   0-10-14,03:25,04:17,00:25,W,00:16,W,45,12, 3 , 4 ,04 43 05,+72 12 20,04 48 56.6,+72 17 38,POSS-I VI/25,https://cdsarc.cds.unistra.fr/viz-bin/cat/VI/25
      34, 975,  34, 1.31666565, 1.75118351,141.76, 21.70,234,1954-02-05,   0-02-06,20:23,20:05,00:13,E,00:31,E,40,12, 2 ,1-2,05 51 33,+72 01 52,05 57 32.7,+72 02 16,POSS-I VI/25,https://cdsarc.cds.unistra.fr/viz-bin/cat/VI/25
      35, 665,  35, 1.61405659, 2.04371548,143.38, 26.72,236,1953-02-10,   0-02-11,21:16,22:03,00:07,E,00:40,W,40,10, 1 , 1 ,06 59 09,+71 51 18,07 04 58.7,+71 46 50,POSS-I VI/25,https://cdsarc.cds.unistra.fr/viz-bin/cat/VI/25
      36, 680,  36, 1.90955257, 2.33581352,143.40, 31.96,227,1953-02-17,   0-02-18,22:22,22:05,00:20,W,00:03,W,40,10,1-2, 2 ,08 06 29,+71 43 46,08 11 53.0,+71 34 51,POSS-I VI/25,https://cdsarc.cds.unistra.fr/viz-bin/cat/VI/25
      37,1325,  37, 2.20238686, 2.62548161,141.62, 36.98,209,1955-01-25,   0-01-26,01:39,02:30,00:58,W,01:49,W,45,12, 2 , 2 ,09 13 14,+71 36 38,09 17 59.0,+71 24 03,POSS-I VI/25,https://cdsarc.cds.unistra.fr/viz-bin/cat/VI/25
      38, 685,  38, 2.49299622, 2.91374111,137.84, 41.31,181,1953-03-06,   0-03-07,22:33,23:20,00:35,E,00:12,W,40,10,1-2,1-2,10 19 34,+71 31 16,10 23 30.4,+71 16 05,POSS-I VI/25,https://cdsarc.cds.unistra.fr/viz-bin/cat/VI/25
      39, 714,  39, 2.78236198, 3.20193386,132.09, 44.43,194,1953-04-11,   0-04-12,22:41,22:21,00:48,W,00:28,W,45,10, 2 ,1-2,11 25 45,+71 28 34,11 28 46.9,+71 12 02,POSS-I VI/25,https://cdsarc.cds.unistra.fr/viz-bin/cat/VI/25
      40,1411,  40, 3.07173729, 3.49128056,124.93, 45.86,229,1955-04-24,   0-04-25,22:55,22:35,00:46,W,00:26,W,50,12,1-2,1-2,12 32 04,+71 28 30,12 34 09.3,+71 11 59,POSS-I VI/25,https://cdsarc.cds.unistra.fr/viz-bin/cat/VI/25
      41,1341,  41, 3.36019230, 3.78082085,117.47, 45.35,200,1955-03-03,   0-03-04,03:54,03:36,01:15,W,00:56,W,50,12,1-2, 2 ,13 38 18,+71 31 00,13 39 28.8,+71 15 50,POSS-I VI/25,https://cdsarc.cds.unistra.fr/viz-bin/cat/VI/25
      42,1442,  42, 3.64816093, 4.07113838,110.97, 43.00,215,1955-05-22,   0-05-23,00:18,01:14,01:47,W,02:43,W,50,12, 2 , 2 ,14 44 34,+71 36 22,14 44 56.3,+71 23 48,POSS-I VI/25,https://cdsarc.cds.unistra.fr/viz-bin/cat/VI/25
      43, 752,  43, 3.93870354, 4.36469746,106.19, 39.18,255,1953-06-13,   0-06-14,22:31,22:13,00:21,W,00:03,W,45,12, 2 , 2 ,15 51 30,+71 43 10,15 51 13.3,+71 34 17,POSS-I VI/25,https://cdsarc.cds.unistra.fr/viz-bin/cat/VI/25
      44, 756,  44, 4.23032951, 4.66007900,103.45, 34.42,300,1953-06-14,   0-06-15,23:18,23:00,00:05,W,00:13,E,45,12, 2 , 2 ,16 58 46,+71 51 30,16 58 03.6,+71 47 04,POSS-I VI/25,https://cdsarc.cds.unistra.fr/viz-bin/cat/VI/25
      45, 801,  45, 4.52275658, 4.95698833,102.66, 29.24,303,1953-09-02,   0-09-03,19:38,20:29,00:32,W,01:23,W,45,12, 2 , 2 ,18 06 18,+72 01 15,18 05 26.0,+72 01 41,POSS-I VI/25,https://cdsarc.cds.unistra.fr/viz-bin/cat/VI/25
      46,1149,  46, 4.81881046, 5.25696564,103.52, 24.06,255,1954-07-28,   0-07-29,22:00,22:57,00:36,E,00:21,W,50,13,2-3, 3 ,19 14 36,+72 09 37,19 13 52.5,+72 14 56,POSS-I VI/25,https://cdsarc.cds.unistra.fr/viz-bin/cat/VI/25
      47, 809,  47, 5.11763859, 5.56027985,105.86, 19.29,228,1953-09-05,   0-09-06,20:40,21:32,00:31,E,00:21,W,45,12, 2 , 2 ,20 23 36,+72 19 00,20 23 19.1,+72 28 47,POSS-I VI/25,https://cdsarc.cds.unistra.fr/viz-bin/cat/VI/25
      48, 772,  48, 5.41795635, 5.86369514,109.32, 15.25,256,1953-07-10,   0-07-11,02:41,02:23,00:37,W,00:19,W,45,12, 3 , 3 ,21 32 47,+72 25 22,21 33 13.8,+72 38 45,POSS-I VI/25,https://cdsarc.cds.unistra.fr/viz-bin/cat/VI/25
      49, 559,  49, 5.72134781, 6.16927814,113.72, 12.21,324,1952-08-19,   0-08-20,23:42,00:38,00:54,E,00:03,W,50,10, 2 , 2 ,22 42 34,+72 29 49,22 43 57.6,+72 45 35,POSS-I VI/25,https://cdsarc.cds.unistra.fr/viz-bin/cat/VI/25
      50, 560,  50, 6.02695847, 6.47583866,118.74, 10.39,251,1952-08-19,   0-08-20,00:56,01:52,00:50,E,00:06,W,50,10, 2 , 2 ,23 52 43,+72 31 44,23 55 11.1,+72 48 26,POSS-I VI/25,https://cdsarc.cds.unistra.fr/viz-bin/cat/VI/25
      51, 555,  51,-0.13964373, 0.18225884,118.62,  4.30,365,1952-08-18,   0-08-19,02:11,03:07,00:09,W,01:06,W,50,10,3-4, 3 ,00 04 53,+66 31 45,00 07 31.0,+66 48 27,POSS-I VI/25,https://cdsarc.cds.unistra.fr/viz-bin/cat/VI/25
      52,1234,  52, 0.09238529, 0.41405106,123.90,  3.93,306,1954-09-30,   0-10-01,00:38,01:35,00:30,W,01:27,W,50,13, 2 , 3 ,00 58 02,+66 30 48,01 01 15.6,+66 46 56,POSS-I VI/25,https://cdsarc.cds.unistra.fr/viz-bin/cat/VI/25
      53, 878,  53, 0.32427782, 0.64525193,129.15,  4.61,289,1953-10-30,   0-10-31,23:02,23:53,00:00, ,00:51,W,45,12, 2 , 2 ,01 51 06,+66 28 01,01 54 52.8,+66 42 44,POSS-I VI/25,https://cdsarc.cds.unistra.fr/viz-bin/cat/VI/25
      54,1241,  54, 0.55588084, 0.87587053,134.18,  6.32,263,1954-10-02,   0-10-03,02:12,01:53,00:27,W,00:07,W,50,13, 3 , 3 ,02 44 04,+66 24 02,02 48 19.7,+66 36 32,POSS-I VI/25,https://cdsarc.cds.unistra.fr/viz-bin/cat/VI/25
      55, 973,  55, 0.78603363, 1.10473824,138.77,  8.98,213,1954-01-30,   0-01-31,18:30,19:17,00:16,E,00:32,W,40,12, 1 , 1 ,03 36 40,+66 18 48,03 41 18.6,+66 28 26,POSS-I VI/25,https://cdsarc.cds.unistra.fr/viz-bin/cat/VI/25
      56,1303,  56, 1.01587009, 1.33319473,142.79, 12.47,207,1954-12-20,   0-12-21,22:50,22:40,00:39,W,00:20,W,45,12,2-3,2-3,04 29 11,+66 13 07,04 34 05.6,+66 19 24,POSS-I VI/25,https://cdsarc.cds.unistra.fr/viz-bin/cat/VI/25
      57,1246,  57, 1.24526882, 1.56092834,146.11, 16.67,213,1954-10-03,   0-10-04,03:22,03:03,00:57,E,01:16,E,50,13,2-3, 2 ,05 21 34,+66 06 12,05 26 36.8,+66 08 48,POSS-I VI/25,https://cdsarc.cds.unistra.fr/viz-bin/cat/VI/25
      58, 677,  58, 1.47305298, 1.78692913,148.59, 21.39,220,1953-02-14,   0-02-15,20:25,20:09,00:03,W,01:13,E,40,10,2-3, 2 ,06 13 34,+65 58 42,06 18 37.2,+65 57 32,POSS-I VI/25,https://cdsarc.cds.unistra.fr/viz-bin/cat/VI/25
      59, 686,  59, 1.70048332, 2.01270199,150.11, 26.49,234,1953-03-07,   0-03-08,19:19,20:06,00:32,E,00:15,W,40,10, 2 , 2 ,07 05 30,+65 51 39,07 10 26.0,+65 46 46,POSS-I VI/25,https://cdsarc.cds.unistra.fr/viz-bin/cat/VI/25
      60,1330,  60, 1.92616940, 2.23687553,150.51, 31.75,219,1955-01-28,   0-01-29,00:57,01:53,01:44,W,02:40,W,50,12,2-3, 3 ,07 57 03,+65 45 09,08 01 45.0,+65 36 50,POSS-I VI/25,https://cdsarc.cds.unistra.fr/viz-bin/cat/VI/25
      61,1286,  61, 2.15066719, 2.45990849,149.60, 36.97,203,1954-11-23,   0-11-24,03:19,04:10,01:06,E,00:15,E,45,12, 3 , 3 ,08 48 20,+65 38 47,08 52 41.8,+65 27 28,POSS-I VI/25,https://cdsarc.cds.unistra.fr/viz-bin/cat/VI/25
      62, 708,  62, 2.37460136, 2.68277836,147.13, 41.89,174,1953-03-15,   0-03-16,22:39,22:27,00:46,W,00:29,W,45,10,3-4, 3 ,09 39 32,+65 34 07,09 43 28.8,+65 20 22,POSS-I VI/25,https://cdsarc.cds.unistra.fr/viz-bin/cat/VI/25
      63, 662,  63, 2.59809685, 2.90550518,142.87, 46.20,200,1953-02-07,   0-02-08,01:36,01:19,00:30,W,00:13,W,40,10, 1 , 1 ,10 30 40,+65 30 44,10 34 08.1,+65 15 14,POSS-I VI/25,https://cdsarc.cds.unistra.fr/viz-bin/cat/VI/25
      64, 977,  64, 2.82092381, 3.12788391,136.75, 49.53,207,1954-02-09,   0-02-10,03:00,02:37,01:10,W,00:47,W,45,12,1-2,1-2,11 21 41,+65 28 45,11 24 38.0,+65 12 16,POSS-I VI/25,https://cdsarc.cds.unistra.fr/viz-bin/cat/VI/25
      65, 674,  65, 3.04328728, 3.35014248,129.05, 51.50,164,1953-02-13,   0-02-14,02:18,02:02,00:06,E,00:22,E,40,10, 2 , 2 ,12 12 38,+65 28 17,12 15 03.0,+65 11 37,POSS-I VI/25,https://cdsarc.cds.unistra.fr/viz-bin/cat/VI/25
      66, 717,  66, 3.26516438, 3.57230568,120.56, 51.84,175,1953-04-12,   0-04-13,23:56,23:39,00:29,W,00:12,W,45,10,1-2, 2 ,13 03 31,+65 29 33,13 05 24.3,+65 13 30,POSS-I VI/25,https://cdsarc.cds.unistra.fr/viz-bin/cat/VI/25
      67,1428,  67, 3.48789597, 3.79565144,112.40, 50.49,195,1955-05-18,   0-05-19,22:00,21:43,00:03,W,00:15,E,50,12, 2 , 2 ,13 54 38,+65 32 16,13 56 01.3,+65 17 38,POSS-I VI/25,https://cdsarc.cds.unistra.fr/viz-bin/cat/VI/25
      68,1575,  68, 3.71016216, 4.01888084,105.61, 47.67,213,1956-03-14,   0-03-15,04:03,03:49,01:02,W,00:48,W,45, 8, 2 , 2 ,14 45 41,+65 36 30,14 46 37.5,+65 24 00,POSS-I VI/25,https://cdsarc.cds.unistra.fr/viz-bin/cat/VI/25
      69,1426,  69, 3.93349838, 4.24336720,100.60, 43.71,216,1955-05-16,   0-05-17,00:29,00:11,00:41,W,00:23,W,50,12, 2 , 2 ,15 37 00,+65 41 31,15 37 34.1,+65 31 47,POSS-I VI/25,https://cdsarc.cds.unistra.fr/viz-bin/cat/VI/25
      70,1410,  70, 4.15773964, 4.46897602, 97.43, 38.99,246,1955-04-23,   0-04-24,02:35,02:17,00:26,W,00:08,W,50,12, 3 , 3 ,16 28 33,+65 47 26,16 28 50.2,+65 40 57,POSS-I VI/25,https://cdsarc.cds.unistra.fr/viz-bin/cat/VI/25
      71, 745,  71, 4.38249588, 4.69539356, 95.93, 33.85,258,1953-06-08,   0-06-09,00:34,01:26,00:36,W,01:28,W,45,10, 2 , 2 ,17 20 15,+65 54 33,17 20 21.8,+65 51 40,POSS-I VI/25,https://cdsarc.cds.unistra.fr/viz-bin/cat/VI/25
      72, 550,  72, 4.60789967, 4.92246628, 95.83, 28.58,239,1952-08-18,   0-08-19,20:00,20:56,00:10,E,00:46,W,50,10, 2 , 2 ,18 12 06,+66 01 37,18 12 09.7,+66 02 30,POSS-I VI/25,https://cdsarc.cds.unistra.fr/viz-bin/cat/VI/25
      73,1090,  73, 4.83452129, 5.15078926, 96.92, 23.39,285,1954-06-06,   0-06-07,00:34,01:30,01:17,E,00:21,E,50,15,2-3, 2 ,19 04 14,+66 08 44,19 04 22.4,+66 13 22,POSS-I VI/25,https://cdsarc.cds.unistra.fr/viz-bin/cat/VI/25
      74, 777,  74, 5.06239605, 5.37975311, 99.00, 18.49,292,1953-08-10,   0-08-11,22:38,23:30,00:12,W,01:04,W,45,12, 2 , 3 ,19 56 35,+66 13 15,19 56 56.0,+66 21 24,POSS-I VI/25,https://cdsarc.cds.unistra.fr/viz-bin/cat/VI/25
      75, 546,  75, 5.29134846, 5.61069870,102.03, 14.07,297,1952-08-17,   0-08-18,21:38,21:21,01:13,E,01:30,E,50,10, 2 , 2 ,20 49 17,+66 21 26,20 49 57.6,+66 32 42,POSS-I VI/25,https://cdsarc.cds.unistra.fr/viz-bin/cat/VI/25
      76,1165,  76, 5.52145100, 5.84194183,105.80, 10.28,382,1954-08-05,   0-08-06,22:31,23:27,02:02,E,01:06,E,50,13,2-3,2-3,21 42 09,+66 26 04,21 43 15.9,+66 39 52,POSS-I VI/25,https://cdsarc.cds.unistra.fr/viz-bin/cat/VI/25
      77, 553,  77, 5.75247097, 6.07387161,110.20,  7.27,331,1952-08-18,   0-08-19,23:42,00:38,00:51,E,00:05,W,50,10, 3 , 3 ,22 35 12,+66 29 44,22 36 50.4,+66 45 19,POSS-I VI/25,https://cdsarc.cds.unistra.fr/viz-bin/cat/VI/25
      78, 548,  78, 5.98323059, 6.30504131,115.05,  5.18,367,1952-08-17,   0-08-18,00:06,23:50,01:23,E,01:39,E,50,10,2-3, 2 ,23 28 08,+66 31 23,23 30 21.1,+66 47 56,POSS-I VI/25,https://cdsarc.cds.unistra.fr/viz-bin/cat/VI/25
      79,1233,  79,-0.10499471, 0.14775527,117.60, -1.61,535,1954-09-30,   0-10-01,23:09,22:55,00:06,E,00:25,E,50,13, 3 , 3 ,00 04 54,+60 31 45,00 07 31.0,+60 48 27,POSS-I VI/25,https://cdsarc.cds.unistra.fr/viz-bin/cat/VI/25
      80, 596,  80, 0.09031558, 0.34296238,123.08, -2.08,495,1952-09-15,   0-09-16,23:44,19:28,01:13,E,01:28,E,60,10, 2 , 2 ,00 49 39,+60 31 03,00 52 39.1,+60 47 20,POSS-I VI/25,https://cdsarc.cds.unistra.fr/viz-bin/cat/VI/25
      81,1240,  81, 0.28556955, 0.53793442,128.56, -1.62,517,1954-10-02,   0-10-03,00:15,23:56,00:22,E,00:40,E,50,13, 2 , 2 ,01 34 22,+60 29 08,01 37 44.0,+60 44 23,POSS-I VI/25,https://cdsarc.cds.unistra.fr/viz-bin/cat/VI/25
      82, 597,  82, 0.48047376, 0.73238373,133.88, -0.26,508,1952-09-15,   0-09-16,01:10,00:53,01:16,E,01:33,E,60,10, 2 , 2 ,02 18 59,+60 26 02,02 22 41.0,+60 39 41,POSS-I VI/25,https://cdsarc.cds.unistra.fr/viz-bin/cat/VI/25
      83, 968,  83, 0.67475569, 0.92614698,138.89,  1.98,422,1954-01-27,   0-01-28,18:30,19:21,00:06,W,00:57,W,40,12,3-4, 4 ,03 03 27,+60 22 29,03 07 26.1,+60 34 00,POSS-I VI/25,https://cdsarc.cds.unistra.fr/viz-bin/cat/VI/25
      84, 957,  84, 0.86920679, 1.11988640,143.49,  5.00,315,1954-01-04,   0-01-05,20:27,21:13,00:12,E,00:34,W,40,12, 2 , 2 ,03 47 56,+60 17 35,03 52 08.8,+60 26 33,POSS-I VI/25,https://cdsarc.cds.unistra.fr/viz-bin/cat/VI/25
      85, 663,  85, 1.06297302, 1.31285381,147.58,  8.71,269,1953-02-10,   0-02-11,19:01,19:49,00:04,W,00:53,W,40,10,1-2, 1 ,04 32 15,+60 12 03,04 36 37.6,+60 18 08,POSS-I VI/25,https://cdsarc.cds.unistra.fr/viz-bin/cat/VI/25
      86, 993,  86, 1.25636768, 1.50546837,151.06, 13.01,228,1954-03-02,   0-03-03,18:56,19:47,00:33,W,01:24,W,45,12, 2 , 2 ,05 16 29,+60 06 36,05 20 57.2,+60 09 35,POSS-I VI/25,https://cdsarc.cds.unistra.fr/viz-bin/cat/VI/25
      87, 959,  87, 1.44894314, 1.69715691,153.88, 17.78,260,1954-01-04,   0-01-05,22:34,23:25,00:17,E,00:29,W,40,12, 2 , 2 ,06 00 31,+60 00 22,06 05 00.5,+60 00 10,POSS-I VI/25,https://cdsarc.cds.unistra.fr/viz-bin/cat/VI/25
      88,1264,  88, 1.64099312, 1.88835049,155.97, 22.91,302,1954-11-02,   0-11-03,03:38,03:19,00:05,E,00:25,E,50,13,1-2,2-3,06 44 26,+59 54 18,06 48 52.5,+59 50 55,POSS-I VI/25,https://cdsarc.cds.unistra.fr/viz-bin/cat/VI/25
      89,1291,  89, 1.83282280, 2.07932949,157.25, 28.29,253,1954-11-24,   0-11-25,02:03,02:53,00:59,E,00:08,E,45,12, 3 ,2-3,07 28 18,+59 48 13,07 32 37.5,+59 41 48,POSS-I VI/25,https://cdsarc.cds.unistra.fr/viz-bin/cat/VI/25
      90, 960,  90, 2.02355099, 2.26922989,157.58, 33.77,255,1954-01-04,   0-01-05,00:37,01:23,00:26,E,00:20,W,40,12, 2 , 2 ,08 11 55,+59 42 16,08 16 03.8,+59 33 03,POSS-I VI/25,https://cdsarc.cds.unistra.fr/viz-bin/cat/VI/25
      91,1296,  91, 2.21394348, 2.45902729,156.76, 39.23,218,1954-11-26,   0-11-27,03:01,03:52,01:20,E,00:29,E,45,12,2-3,2-3,08 55 29,+59 37 57,08 59 23.9,+59 26 16,POSS-I VI/25,https://cdsarc.cds.unistra.fr/viz-bin/cat/VI/25
      92, 703,  92, 2.40386581, 2.64842319,154.56, 44.47,206,1953-03-13,   0-03-14,22:03,21:47,00:02,W,00:14,E,45,10,1-2, 2 ,09 38 57,+59 34 07,09 42 35.4,+59 20 24,POSS-I VI/25,https://cdsarc.cds.unistra.fr/viz-bin/cat/VI/25
      93, 962,  93, 2.59350967, 2.83766079,150.66, 49.28,193,1954-01-04,   0-01-05,02:46,03:33,00:27,E,00:20,W,40,12, 2 , 2 ,10 22 22,+59 31 09,10 25 41.7,+59 15 54,POSS-I VI/25,https://cdsarc.cds.unistra.fr/viz-bin/cat/VI/25
      94, 712,  94, 2.78286648, 3.02675056,144.74, 53.35,192,1953-03-17,   0-03-18,23:17,23:00,00:06,W,00:11,E,45,10, 2 , 2 ,11 05 44,+59 29 11,11 08 43.5,+59 12 55,POSS-I VI/25,https://cdsarc.cds.unistra.fr/viz-bin/cat/VI/25
      95, 723,  95, 2.97178745, 3.21554756,136.71, 56.31,175,1953-04-14,   0-04-15,22:35,22:19,00:31,W,00:14,W,45,10,3-4,3-4,11 49 01,+59 28 17,11 51 39.5,+59 11 36,POSS-I VI/25,https://cdsarc.cds.unistra.fr/viz-bin/cat/VI/25
      96,1427,  96, 3.16077042, 3.40457439,126.97, 57.80,192,1955-05-18,   0-05-19,20:47,20:30,00:11,W,00:06,E,50,12,2-3, 3 ,12 32 20,+59 28 36,12 34 37.4,+59 12 05,POSS-I VI/25,https://cdsarc.cds.unistra.fr/viz-bin/cat/VI/25
      97, 704,  97, 3.35012913, 3.59409714,116.67, 57.57,183,1953-03-13,   0-03-14,01:55,01:37,00:19,W,00:01,W,45,10,1-2, 2 ,13 15 45,+59 29 48,13 17 41.7,+59 14 02,POSS-I VI/25,https://cdsarc.cds.unistra.fr/viz-bin/cat/VI/25
      98, 705,  98, 3.53918266, 3.78348827,107.29, 55.68,186,1953-03-14,   0-03-15,02:51,02:35,00:35,W,00:19,W,45,10,2-3,2-3,13 59 07,+59 32 17,14 00 44.3,+59 17 49,POSS-I VI/25,https://cdsarc.cds.unistra.fr/viz-bin/cat/VI/25
      99,1425,  99, 3.72799683, 3.97283077, 99.80, 52.40,189,1955-03-16,   0-03-17,23:15,22:56,00:21,W,00:02,W,50,12, 2 , 2 ,14 42 27,+59 36 08,14 43 46.7,+59 23 29,POSS-I VI/25,https://cdsarc.cds.unistra.fr/viz-bin/cat/VI/25
     100, 755, 100, 3.91764259, 4.16308308, 94.42, 48.11,200,1953-06-14,   0-06-15,22:04,21:45,00:23,W,00:04,W,45,12,1-2, 2 ,15 25 59,+59 40 32,15 27 03.5,+59 30 10,POSS-I VI/25,https://cdsarc.cds.unistra.fr/viz-bin/cat/VI/25
     101,1100, 101, 4.10770512, 4.35378647, 90.98, 43.16,233,1954-06-28,   0-06-29,20:40,21:35,00:50,E,00:05,W,50,13, 3 ,2-3,16 09 37,+59 45 10,16 10 29.4,+59 37 28,POSS-I VI/25,https://cdsarc.cds.unistra.fr/viz-bin/cat/VI/25
     102,1414, 102, 4.29832077, 4.54525280, 89.17, 37.84,236,1955-04-27,   0-04-28,02:44,02:27,00:25,W,00:08,W,50,12,3-4, 3 ,16 53 24,+59 51 16,16 54 07.7,+59 46 31,POSS-I VI/25,https://cdsarc.cds.unistra.fr/viz-bin/cat/VI/25
     103,1148, 103, 4.48932076, 4.73706150, 88.67, 32.36,252,1954-07-28,   0-07-29,20:45,21:40,00:15,E,00:40,W,50,13, 3 , 3 ,17 37 16,+59 57 01,17 37 54.9,+59 55 23,POSS-I VI/25,https://cdsarc.cds.unistra.fr/viz-bin/cat/VI/25
     104, 512, 104, 4.68098164, 4.92951775, 89.24, 26.89,253,1952-05-26,   0-05-27,01:25,01:09,00:24,E,00:40,E,70,10, 2 , 2 ,18 21 17,+60 02 38,18 21 55.3,+60 04 12,POSS-I VI/25,https://cdsarc.cds.unistra.fr/viz-bin/cat/VI/25
     105, 830, 105, 4.87281799, 5.12223911, 90.73, 21.57,357,1953-09-29,   0-09-30,18:55,19:47,00:37,W,01:29,W,45,12, 2 ,1-2,19 05 21,+60 08 51,19 06 03.0,+60 13 34,POSS-I VI/25,https://cdsarc.cds.unistra.fr/viz-bin/cat/VI/25
     106, 545, 106, 5.06532288, 5.31559467, 93.02, 16.53,477,1952-08-12,   0-08-13,21:50,21:33,00:21,E,00:38,E,50,10, 2 , 2 ,19 49 34,+60 14 46,19 50 23.8,+60 22 29,POSS-I VI/25,https://cdsarc.cds.unistra.fr/viz-bin/cat/VI/25
     107, 593, 107, 5.25864506, 5.50958633, 96.01, 11.86,395,1952-09-15,   0-09-16,19:41,19:25,01:00,E,01:16,E,50,10, 2 , 2 ,20 33 57,+60 19 23,20 34 58.9,+60 29 48,POSS-I VI/25,https://cdsarc.cds.unistra.fr/viz-bin/cat/VI/25
     108, 540, 108, 5.45246601, 5.70410347, 99.66,  7.70,467,1952-07-22,   0-07-23,00:54,00:38,00:08,E,00:24,E,60,10, 3 , 3 ,21 18 27,+60 24 10,21 19 44.5,+60 36 55,POSS-I VI/25,https://cdsarc.cds.unistra.fr/viz-bin/cat/VI/25
     109, 594, 109, 5.64667892, 5.89881134,103.88,  4.16,524,1952-09-15,   0-09-16,20:56,20:38,01:14,E,01:32,E,60,10, 2 , 2 ,22 03 01,+60 27 33,22 04 37.3,+60 42 09,POSS-I VI/25,https://cdsarc.cds.unistra.fr/viz-bin/cat/VI/25
     110, 874, 110, 5.84124470, 6.09373856,108.59,  1.33,437,1953-10-30,   0-10-31,18:20,19:11,01:39,E,00:48,E,45,12, 2 , 2 ,22 47 39,+60 30 01,22 49 36.4,+60 45 55,POSS-I VI/25,https://cdsarc.cds.unistra.fr/viz-bin/cat/VI/25
     111,1173, 111, 6.03646946, 6.28918457,113.71, -0.69,481,1954-08-07,   0-08-08,02:13,01:55,00:02,E,00:20,E,50,13, 2 , 2 ,23 32 25,+60 31 31,23 34 45.1,+60 48 06,POSS-I VI/25,https://cdsarc.cds.unistra.fr/viz-bin/cat/VI/25
     112, 636, 112,-0.08354044, 0.12630099,116.57, -7.52,475,1952-12-13,   0-12-14,18:38,18:22,00:16,W,00:00, ,40,10,1-2, 2 ,00 04 54,+54 31 45,00 07 30.3,+54 48 27,POSS-I VI/25,https://cdsarc.cds.unistra.fr/viz-bin/cat/VI/25
     113,1237, 113, 0.08447224, 0.29426414,122.18, -8.07,445,1954-10-01,   0-10-02,23:40,23:21,00:09,E,00:29,E,50,13, 3 , 2 ,00 43 24,+54 31 14,00 46 16.1,+54 47 37,POSS-I VI/25,https://cdsarc.cds.unistra.fr/viz-bin/cat/VI/25
     114, 945, 114, 0.25245440, 0.46211195,127.81, -7.80,471,1954-01-03,   0-01-04,18:07,18:53,00:10,E,00:36,W,40,12,1-2, 2 ,01 21 53,+54 29 50,01 25 00.3,+54 45 26,POSS-I VI/25,https://cdsarc.cds.unistra.fr/viz-bin/cat/VI/25
     115,1245, 115, 0.42025441, 0.62970644,133.32, -6.71,528,1954-10-03,   0-10-04,02:06,01:47,01:08,W,00:49,W,50,13, 2 , 2 ,02 00 19,+54 27 41,02 03 40.4,+54 42 04,POSS-I VI/25,https://cdsarc.cds.unistra.fr/viz-bin/cat/VI/25
     116,1617, 116, 0.58794844, 0.79711533,138.61, -4.84,417,1957-12-19,   0-12-20,19:26,19:09,01:09,E,01:23,E,50, 8, 3 ,2-3,02 38 43,+54 24 42,02 42 17.2,+54 37 28,POSS-I VI/25,https://cdsarc.cds.unistra.fr/viz-bin/cat/VI/25
     117,1231, 117, 0.75530988, 0.96412975,143.55, -2.25,255,1954-09-27,   0-09-28,02:47,03:43,00:10,W,01:05,W,50,13, 2 , 2 ,03 17 02,+54 21 03,03 20 47.1,+54 31 51,POSS-I VI/25,https://cdsarc.cds.unistra.fr/viz-bin/cat/VI/25
     118,1236, 118, 0.92262805, 1.13104057,148.10,  1.00,281,1954-09-30,   0-10-01,03:12,04:07,00:08,W,01:02,W,50,13, 2 ,1-2,03 55 20,+54 16 45,03 59 13.9,+54 25 16,POSS-I VI/25,https://cdsarc.cds.unistra.fr/viz-bin/cat/VI/25
     119, 846, 119, 1.08982468, 1.29778385,152.18,  4.82,292,1953-10-07,   0-10-08,03:07,01:01,00:07,E,00:47,W,45,12, 3 , 3 ,04 33 36,+54 11 56,04 37 36.3,+54 17 57,POSS-I VI/25,https://cdsarc.cds.unistra.fr/viz-bin/cat/VI/25
     120,1309, 120, 1.25638103, 1.46385765,155.75,  9.12,263,1954-12-21,   0-12-22,22:59,22:41,00:00, ,00:18,E,45,12, 3 , 3 ,05 11 43,+54 06 47,05 15 47.3,+54 10 08,POSS-I VI/25,https://cdsarc.cds.unistra.fr/viz-bin/cat/VI/25
     121, 664, 121, 1.42280293, 1.62977600,158.80, 13.84,273,1953-02-10,   0-02-11,20:08,20:56,00:06,E,00:42,W,40,10, 1 , 1 ,05 49 48,+54 01 23,05 53 53.7,+54 01 59,POSS-I VI/25,https://cdsarc.cds.unistra.fr/viz-bin/cat/VI/25
     122, 984, 122, 1.58861542, 1.79514027,161.27, 18.88,273,1954-02-24,   0-02-25,20:05,20:50,00:07,W,00:52,W,40,12, 2 , 2 ,06 27 45,+53 56 33,06 31 49.7,+53 54 23,POSS-I VI/25,https://cdsarc.cds.unistra.fr/viz-bin/cat/VI/25
     123, 971, 123, 1.75436878, 1.96041775,163.16, 24.19,294,1954-01-27,   0-01-28,21:50,22:36,00:36,E,00:10,W,40,12, 3 , 3 ,07 05 41,+53 51 23,07 09 42.1,+53 46 31,POSS-I VI/25,https://cdsarc.cds.unistra.fr/viz-bin/cat/VI/25
     124, 985, 124, 1.91953659, 2.12511539,164.37, 29.66,239,1954-02-24,   0-02-25,21:09,21:55,00:05,E,00:41,W,40,12,2-3, 2 ,07 43 29,+53 46 15,07 47 24.3,+53 38 50,POSS-I VI/25,https://cdsarc.cds.unistra.fr/viz-bin/cat/VI/25
     125, 679, 125, 2.08437347, 2.28956509,164.82, 35.22,237,1953-02-14,   0-02-15,22:31,22:15,00:02,W,00:14,E,40,10,1-2,1-2,08 21 13,+53 42 01,08 25 00.3,+53 32 15,POSS-I VI/25,https://cdsarc.cds.unistra.fr/viz-bin/cat/VI/25
     126, 982, 126, 2.24899101, 2.45379543,164.36, 40.79,189,1954-02-23,   0-02-24,22:26,22:08,00:07,E,00:25,E,40,12, 2 , 2 ,08 58 54,+53 37 45,09 02 31.5,+53 25 54,POSS-I VI/25,https://cdsarc.cds.unistra.fr/viz-bin/cat/VI/25
     127, 681, 127, 2.41356564, 2.61807060,162.73, 46.25,185,1953-02-17,   0-02-18,23:28,23:12,00:05,E,00:21,E,40,10,1-2, 2 ,09 36 35,+53 34 26,09 40 01.0,+53 20 49,POSS-I VI/25,https://cdsarc.cds.unistra.fr/viz-bin/cat/VI/25
     128,1331, 128, 2.57761097, 2.78185654,159.61, 51.43,209,1955-01-28,   0-01-29,02:12,03:08,00:41,W,01:37,W,50,12, 3 , 2 ,10 14 09,+53 31 33,10 17 22.3,+53 16 33,POSS-I VI/25,https://cdsarc.cds.unistra.fr/viz-bin/cat/VI/25
     129, 673, 129, 2.74175453, 2.94583416,154.52, 56.14,206,1955-02-13,   0-02-14,01:14,00:58,00:11,W,00:05,E,40,10,2-3, 3 ,10 51 45,+53 29 43,10 54 44.5,+53 13 43,POSS-I VI/25,https://cdsarc.cds.unistra.fr/viz-bin/cat/VI/25
     130,  59, 130, 2.90485668, 3.10881901,147.03, 60.05,161,1950-03-20,   0-03-21,00:30,00:05,01:06,W,00:41,W,45,12,2-3,2-3,11 29 07,+53 28 24,11 31 52.3,+53 11 50,POSS-I VI/25,https://cdsarc.cds.unistra.fr/viz-bin/cat/VI/25
     131,1389, 131, 3.06928730, 3.27323723,136.79, 62.79,193,1955-04-14,   0-04-15,22:19,22:02,00:05,E,00:22,E,50,12,2-3, 2 ,12 06 48,+53 28 16,12 09 18.6,+53 11 35,POSS-I VI/25,https://cdsarc.cds.unistra.fr/viz-bin/cat/VI/25
     132, 729, 132, 3.23303127, 3.43703270,124.58, 63.91,169,1953-04-15,   0-04-16,23:52,23:34,00:56,W,00:38,W,45,10,3-4,3-4,12 44 20,+53 28 50,12 46 36.1,+53 12 28,POSS-I VI/25,https://cdsarc.cds.unistra.fr/viz-bin/cat/VI/25
     133, 675, 133, 3.39673805, 3.60086727,112.13, 63.20,183,1953-02-13,   0-02-14,03:21,03:05,00:12,E,00:28,E,40,10,2-3,2-3,13 21 52,+53 30 16,13 23 54.0,+53 14 39,POSS-I VI/25,https://cdsarc.cds.unistra.fr/viz-bin/cat/VI/25
     134,1409, 134, 3.56078243, 3.76508904,101.36, 60.81,198,1955-04-23,   0-04-24,22:58,22:39,00:43,E,01:02,E,50,12, 2 , 2 ,13 59 29,+53 32 14,14 01 17.6,+53 17 47,POSS-I VI/25,https://cdsarc.cds.unistra.fr/viz-bin/cat/VI/25
     135, 715, 135, 3.72448254, 3.92907524, 93.23, 57.13,201,1953-04-11,   0-04-12,01:34,01:16,00:30,W,00:12,W,45,10,1-2, 2 ,14 37 02,+53 35 24,14 38 38.4,+53 22 30,POSS-I VI/25,https://cdsarc.cds.unistra.fr/viz-bin/cat/VI/25
     136,1096, 136, 3.88860321, 4.09351254, 87.62, 52.57,174,1954-06-27,   0-06-28,20:49,21:49,00:14,W,01:10,W,50,13,2-3,2-3,15 14 41,+53 38 54,15 16 06.6,+53 27 55,POSS-I VI/25,https://cdsarc.cds.unistra.fr/viz-bin/cat/VI/25
     137,1413, 137, 4.05298328, 4.25827217, 84.09, 47.47,181,1955-04-27,   0-04-28,01:30,01:13,00:13,W,00:05,E,50,12, 3 ,3-4,15 52 24,+53 43 05,15 53 40.6,+53 34 18,POSS-I VI/25,https://cdsarc.cds.unistra.fr/viz-bin/cat/VI/25
     138,1101, 138, 4.21746635, 4.42321491, 82.16, 42.06,195,1954-06-28,   0-06-29,21:56,22:51,00:05,W,01:00,W,50,13, 3 , 3 ,16 30 09,+53 48 07,16 31 18.5,+53 41 47,POSS-I VI/25,https://cdsarc.cds.unistra.fr/viz-bin/cat/VI/25
     139, 765, 139, 4.38247013, 4.58866310, 81.45, 36.51,219,1953-07-09,   0-07-10,22:34,23:27,00:50,W,01:43,W,45,12, 3 , 3 ,17 08 01,+53 52 57,17 09 05.6,+53 49 14,POSS-I VI/25,https://cdsarc.cds.unistra.fr/viz-bin/cat/VI/25
     140,1102, 140, 4.54766750, 4.75435066, 81.70, 30.94,262,1954-06-28,   0-06-29,23:10,00:05,00:03,W,00:58,W,50,13, 2 ,1-2,17 45 56,+53 58 16,17 46 58.1,+53 57 17,POSS-I VI/25,https://cdsarc.cds.unistra.fr/viz-bin/cat/VI/25
     141, 789, 141, 4.71325397, 4.92037582, 82.74, 25.43,324,1953-08-14,   0-08-15,20:58,21:49,00:20,W,01:11,W,45,12, 2 , 2 ,18 23 56,+54 02 59,18 24 58.1,+54 04 46,POSS-I VI/25,https://cdsarc.cds.unistra.fr/viz-bin/cat/VI/25
     142, 542, 142, 4.87923622, 5.08687496, 84.49, 20.09,384,1952-07-27,   0-07-28,21:47,22:53,00:40,E,00:27,W,60,10, 2 , 2 ,19 02 02,+54 08 31,19 03 06.7,+54 13 01,POSS-I VI/25,https://cdsarc.cds.unistra.fr/viz-bin/cat/VI/25
     143, 774, 143, 5.04562759, 5.25369358, 86.83, 14.97,417,1953-08-09,   0-08-10,22:41,00:06,00:27,W,01:53,W,45,12, 2 , 2 ,19 40 13,+54 13 04,19 41 22.7,+54 20 11,POSS-I VI/25,https://cdsarc.cds.unistra.fr/viz-bin/cat/VI/25
     144, 543, 144, 5.21223259, 5.42073727, 89.75, 10.17,449,1952-07-30,   0-07-31,00:08,01:05,00:37,W,01:35,W,50,10, 3 , 3 ,20 18 27,+54 17 44,20 19 44.2,+54 27 16,POSS-I VI/25,https://cdsarc.cds.unistra.fr/viz-bin/cat/VI/25
     145, 598, 145, 5.37920380, 5.58814144, 93.21,  5.76,407,1952-09-16,   0-09-17,19:41,19:25,01:19,E,01:36,E,50,10,2-3, 2 ,20 56 46,+54 22 17,20 58 12.9,+54 33 58,POSS-I VI/25,https://cdsarc.cds.unistra.fr/viz-bin/cat/VI/25
     146,1496, 146, 5.54638481, 5.75563335, 97.17,  1.83,462,1955-12-08,   0-12-09,18:00,18:51,01:45,W,02:36,W,45, 8,3-4, 4 ,21 35 07,+54 25 33,21 36 45.6,+54 39 04,POSS-I VI/25,https://cdsarc.cds.unistra.fr/viz-bin/cat/VI/25
     147, 588, 147, 5.71387482, 5.92338848,101.61, -1.56,522,1952-09-12,   0-09-13,21:20,21:04,01:12,E,01:29,E,50,10,1-2, 2 ,22 13 32,+54 28 20,22 15 24.0,+54 43 18,POSS-I VI/25,https://cdsarc.cds.unistra.fr/viz-bin/cat/VI/25
     148, 872, 148, 5.88148022, 6.09117603,106.47, -4.31,483,1953-10-28,   0-10-29,19:35,20:27,00:36,E,00:16,W,45,12, 2 , 2 ,22 51 58,+54 30 14,22 54 04.7,+54 46 14,POSS-I VI/25,https://cdsarc.cds.unistra.fr/viz-bin/cat/VI/25
     149, 595, 149, 6.04948330, 6.25929737,111.69, -6.35,479,1952-09-15,   0-09-16,22:21,22:04,01:17,E,01:34,E,60,10, 2 , 2 ,23 30 29,+54 31 28,23 32 51.2,+54 48 02,POSS-I VI/25,https://cdsarc.cds.unistra.fr/viz-bin/cat/VI/25
     150, 839, 150,-0.06899297, 0.11204439,115.52,-13.43,394,1953-10-01,   0-10-02,23:31,00:22,00:21,W,01:12,W,45,12, 2 , 2 ,00 04 56,+48 31 44,00 07 31.8,+48 48 26,POSS-I VI/25,https://cdsarc.cds.unistra.fr/viz-bin/cat/VI/25
     151,1224, 151, 0.08090258, 0.26190913,121.34,-14.05,380,1954-09-26,   0-09-27,00:03,00:58,00:02,E,00:53,W,50,13, 2 , 2 ,00 39 17,+48 31 16,00 42 04.2,+48 47 42,POSS-I VI/25,https://cdsarc.cds.unistra.fr/viz-bin/cat/VI/25
     152, 863, 152, 0.23074692, 0.41167945,127.20,-13.90,346,1953-10-13,   0-10-14,23:16,00:08,00:16,E,00:37,W,45,12,2-3,2-3,01 13 37,+48 30 09,01 16 35.2,+48 45 58,POSS-I VI/25,https://cdsarc.cds.unistra.fr/viz-bin/cat/VI/25
     153, 861, 153, 0.38046509, 0.56128472,132.96,-12.99,317,1953-10-12,   0-10-13,00:59,01:51,00:51,W,01:42,W,45,12, 1 , 1 ,01 47 55,+48 28 27,01 51 03.6,+48 43 17,POSS-I VI/25,https://cdsarc.cds.unistra.fr/viz-bin/cat/VI/25
     154, 907, 154, 0.53027749, 0.71094167,138.53,-11.34,315,1953-11-29,   0-11-30,21:05,21:57,00:29,E,00:22,W,45,12, 2 ,2-3,02 22 14,+48 26 06,02 25 32.2,+48 39 37,POSS-I VI/25,https://cdsarc.cds.unistra.fr/viz-bin/cat/VI/25
     155, 845, 155, 0.67991894, 0.86033362,143.80, -9.02,300,1953-10-07,   0-10-08,01:52,02:45,00:16,W,01:08,W,45,12,2-3, 3 ,02 56 30,+48 22 19,02 59 56.7,+48 34 13,POSS-I VI/25,https://cdsarc.cds.unistra.fr/viz-bin/cat/VI/25
     156,1249, 156, 0.82939190, 1.00960255,148.70, -6.06,339,1954-10-04,   0-10-05,02:37,02:19,00:13,W,00:06,E,50,13, 3 , 3 ,03 30 44,+48 19 13,03 34 18.0,+48 29 14,POSS-I VI/25,https://cdsarc.cds.unistra.fr/viz-bin/cat/VI/25
     157,1253, 157, 0.97880828, 1.15878201,153.19, -2.55,285,1954-10-05,   0-10-06,02:30,02:12,00:24,E,00:43,E,50,13, 2 , 3 ,04 04 57,+48 15 36,04 08 36.8,+48 23 31,POSS-I VI/25,https://cdsarc.cds.unistra.fr/viz-bin/cat/VI/25
     158, 848, 158, 1.12780571, 1.30750751,157.23,  1.44,239,1953-10-08,   0-10-09,03:02,03:53,00:14,E,00:38,W,45,12,1-2,1-2,04 39 04,+48 11 26,04 42 48.2,+48 17 05,POSS-I VI/25,https://cdsarc.cds.unistra.fr/viz-bin/cat/VI/25
     159, 224, 159, 1.27681255, 1.45622444,160.83,  5.85,285,1950-12-08,   0-12-09,22:30,23:25,01:21,E,00:26,E,45,12, 4 , 4 ,05 13 11,+48 06 58,05 16 57.9,+48 10 13,POSS-I VI/25,https://cdsarc.cds.unistra.fr/viz-bin/cat/VI/25
     160, 637, 160, 1.42539120, 1.60449791,163.97, 10.61,275,1952-12-21,   0-12-22,22:12,23:01,01:20,E,00:31,E,40,10, 1 ,1-2,05 47 12,+48 02 15,05 51 00.0,+48 03 03,POSS-I VI/25,https://cdsarc.cds.unistra.fr/viz-bin/cat/VI/25
     161, 225, 161, 1.57391167, 1.75268459,166.66, 15.65,234,1950-12-08,   0-12-09,01:22,01:00,00:23,W,00:01,W,45,12, 4 , 4 ,06 21 12,+47 57 05,06 24 59.4,+47 55 24,POSS-I VI/25,https://cdsarc.cds.unistra.fr/viz-bin/cat/VI/25
     162, 691, 162, 1.72226620, 1.90074348,168.88, 20.94,238,1953-03-08,   0-03-09,20:03,19:45,00:26,W,00:09,W,45,10, 3 , 3 ,06 55 10,+47 52 28,06 58 55.2,+47 48 21,POSS-I VI/25,https://cdsarc.cds.unistra.fr/viz-bin/cat/VI/25
     163, 670, 163, 1.87010860, 2.04829788,170.60, 26.39,273,1953-02-13,   0-02-14,21:39,21:22,00:03,E,00:20,E,40,10, 2 , 2 ,07 29 01,+47 47 57,07 32 42.6,+47 41 30,POSS-I VI/25,https://cdsarc.cds.unistra.fr/viz-bin/cat/VI/25
     164,1317, 164, 2.01814270, 2.19609737,171.77, 31.99,221,1954-12-29,   0-12-30,01:38,02:29,00:21,W,01:12,W,45,12,1-2, 2 ,08 02 55,+47 44 17,08 06 31.5,+47 35 38,POSS-I VI/25,https://cdsarc.cds.unistra.fr/viz-bin/cat/VI/25
     165, 671, 165, 2.16561222, 2.34329796,172.33, 37.65,211,1953-02-13,   0-02-14,22:42,22:26,00:07,E,00:23,E,40,10, 2 ,2-3,08 36 41,+47 40 02,08 40 11.1,+47 29 23,POSS-I VI/25,https://cdsarc.cds.unistra.fr/viz-bin/cat/VI/25
     166,1004, 166, 2.31297779, 2.49045753,172.10, 43.33,200,1954-03-06,   0-03-07,21:15,22:06,00:46,E,00:05,W,45,12, 2 , 3 ,09 10 26,+47 36 45,09 13 48.5,+47 24 20,POSS-I VI/25,https://cdsarc.cds.unistra.fr/viz-bin/cat/VI/25
     167, 672, 167, 2.46033669, 2.63762188,170.89, 48.96,190,1953-02-13,   0-02-14,00:10,23:54,00:14,W,00:02,E,40,10,2-3, 2 ,09 44 11,+47 33 41,09 47 25.0,+47 19 46,POSS-I VI/25,https://cdsarc.cds.unistra.fr/viz-bin/cat/VI/25
     168,1348, 168, 2.60738277, 2.78451920,168.32, 54.42,172,1955-03-18,   0-03-19,21:47,22:43,00:35,E,00:21,W,50,12, 2 , 2 ,10 17 52,+47 31 19,10 20 56.6,+47 16 12,POSS-I VI/25,https://cdsarc.cds.unistra.fr/viz-bin/cat/VI/25
     169, 709, 169, 2.75447655, 2.93151379,163.82, 59.55,153,1953-03-15,   0-03-16,23:49,23:32,00:44,W,00:27,W,45,10,3-4, 3 ,10 51 34,+47 29 43,10 54 28.7,+47 13 43,POSS-I VI/25,https://cdsarc.cds.unistra.fr/viz-bin/cat/VI/25
     170, 700, 170, 2.90140820, 3.07837868,156.58, 64.10,164,1953-03-09,   0-03-10,00:40,01:33,00:38,W,01:31,W,45,10,1-2,1-2,11 25 14,+47 28 39,11 27 58.3,+47 12 08,POSS-I VI/25,https://cdsarc.cds.unistra.fr/viz-bin/cat/VI/25
     171,1338, 171, 3.04817390, 3.22511959,145.70, 67.66,154,1955-02-28,   0-03-01,01:02,01:59,00:11,E,00:46,W,50,12, 2 , 3 ,11 58 52,+47 28 15,12 01 25.7,+47 11 33,POSS-I VI/25,https://cdsarc.cds.unistra.fr/viz-bin/cat/VI/25
     172,1408, 172, 3.19513607, 3.37209988,131.02, 69.67,174,1955-04-23,   0-04-24,21:43,21:25,00:32,E,00:50,E,50,12,2-3,2-3,12 32 33,+47 28 33,12 34 56.1,+47 12 02,POSS-I VI/25,https://cdsarc.cds.unistra.fr/viz-bin/cat/VI/25
     173,1350, 173, 3.34200287, 3.51902866,114.62, 69.63,164,1955-03-18,   0-03-19,01:03,01:58,00:07,E,00:48,W,50,12, 2 , 2 ,13 06 13,+47 29 32,13 08 25.8,+47 13 33,POSS-I VI/25,https://cdsarc.cds.unistra.fr/viz-bin/cat/VI/25
     174,1593, 174, 3.48892403, 3.66605091,100.07, 67.56,154,1956-04-07,   0-04-08,01:25,02:15,01:04,W,01:54,W,45, 8, 2 ,2-3,13 39 54,+47 31 09,13 41 56.8,+47 16 03,POSS-I VI/25,https://cdsarc.cds.unistra.fr/viz-bin/cat/VI/25
     175, 120, 175, 3.63597107, 3.81323814, 89.32, 63.95,189,1950-05-18,   0-05-19,22:28,23:21,00:12,W,01:06,W,45,12, 2 ,2-3,14 13 37,+47 33 23,14 15 30.5,+47 19 29,POSS-I VI/25,https://cdsarc.cds.unistra.fr/viz-bin/cat/VI/25
     176,1368, 176, 3.78378773, 3.96110916, 82.13, 59.36,204,1955-03-24,   0-03-25,01:25,00:08,01:02,E,01:20,E,50,12, 3 , 3 ,14 47 30,+47 34 15,14 49 15.0,+47 21 52,POSS-I VI/25,https://cdsarc.cds.unistra.fr/viz-bin/cat/VI/25
     177, 706, 177, 3.93014526, 4.10782146, 77.81, 54.22,216,1953-03-14,   0-03-15,04:59,03:44,00:21,W,00:06,W,45,10, 3 , 3 ,15 21 05,+47 39 52,15 22 42.4,+47 29 14,POSS-I VI/25,https://cdsarc.cds.unistra.fr/viz-bin/cat/VI/25
     178,1404, 178, 4.07743454, 4.25534725, 75.30, 48.75,234,1955-04-19,   0-04-20,02:42,02:25,00:50,W,00:33,W,50,12,3-4,3-4,15 54 52,+47 43 36,15 56 23.0,+47 34 59,POSS-I VI/25,https://cdsarc.cds.unistra.fr/viz-bin/cat/VI/25
     179,1375, 179, 4.22492981, 4.40309620, 74.12, 43.13,235,1955-03-30,   0-03-31,03:22,03:05,00:22,E,00:39,E,50,12,1-2, 2 ,16 28 42,+47 47 36,16 30 07.9,+47 41 10,POSS-I VI/25,https://cdsarc.cds.unistra.fr/viz-bin/cat/VI/25
     180,1370, 180, 4.37263203, 4.55108452, 73.93, 37.45,267,1955-03-24,   0-03-25,03:50,03:33,00:52,E,01:09,E,50,12, 2 ,2-3,17 02 35,+47 52 05,17 03 57.3,+47 48 00,POSS-I VI/25,https://cdsarc.cds.unistra.fr/viz-bin/cat/VI/25
     181, 769, 181, 4.52055454, 4.69928360, 74.50, 31.78,282,1953-07-10,   0-07-11,22:16,23:09,00:08,W,01:00,W,45,12, 3 , 3 ,17 36 31,+47 56 23,17 37 51.1,+47 54 43,POSS-I VI/25,https://cdsarc.cds.unistra.fr/viz-bin/cat/VI/25
     182, 130, 182, 4.66867733, 4.84772301, 75.70, 26.19,308,1950-05-20,   0-05-21,02:23,02:04,00:19,W,00:00, ,45,12, 3 , 3 ,18 10 30,+48 01 19,18 11 49.6,+48 02 08,POSS-I VI/25,https://cdsarc.cds.unistra.fr/viz-bin/cat/VI/25
     183, 770, 183, 4.81701183, 4.99638176, 77.45, 20.74,288,1953-07-10,   0-07-11,23:29,00:21,00:12,W,01:04,W,45,12, 3 , 3 ,18 44 32,+48 06 19,18 45 52.7,+48 09 35,POSS-I VI/25,https://cdsarc.cds.unistra.fr/viz-bin/cat/VI/25
     184, 814, 184, 4.96559620, 5.14522934, 79.67, 15.46,372,1953-09-07,   0-09-08,19:34,20:25,00:25,E,00:26,W,45,12, 2 , 2 ,19 18 37,+48 10 22,19 20 00.4,+48 16 02,POSS-I VI/25,https://cdsarc.cds.unistra.fr/viz-bin/cat/VI/25
     185, 283, 185, 5.11460972, 5.29451942, 82.38, 10.42,422,1951-07-10,   0-07-11,00:09,01:09,00:18,E,00:42,W,50,12,1-2,1-2,19 52 48,+48 14 38,19 54 15.8,+48 22 34,POSS-I VI/25,https://cdsarc.cds.unistra.fr/viz-bin/cat/VI/25
     186,1099, 186, 5.26340389, 5.44359589, 85.54,  5.68,467,1954-06-27,   0-06-28,01:15,02:10,00:36,E,00:19,W,50,13, 2 ,2-3,20 26 56,+48 18 56,20 28 29.6,+48 28 58,POSS-I VI/25,https://cdsarc.cds.unistra.fr/viz-bin/cat/VI/25
     187, 533, 187, 5.41280746, 5.59323215, 89.16,  1.28,461,1952-07-19,   0-07-20,00:31,01:29,00:25,E,00:32,W,50,10, 2 , 2 ,21 01 12,+48 22 28,21 02 52.9,+48 34 23,POSS-I VI/25,https://cdsarc.cds.unistra.fr/viz-bin/cat/VI/25
     188, 589, 188, 5.56221867, 5.74285126, 93.22, -2.69,477,1952-09-14,   0-09-15,20:02,19:46,01:45,E,02:01,E,50,10, 3 ,2-3,21 35 28,+48 25 37,21 37 17.4,+48 39 09,POSS-I VI/25,https://cdsarc.cds.unistra.fr/viz-bin/cat/VI/25
     189, 599, 189, 5.71172905, 5.89252186, 97.72, -6.18,505,1952-09-16,   0-09-17,20:54,20:38,01:19,E,01:35,E,50,10,3-4,3-4,22 09 45,+48 28 02,22 11 44.0,+48 42 52,POSS-I VI/25,https://cdsarc.cds.unistra.fr/viz-bin/cat/VI/25
     190, 590, 190, 5.86154270, 6.04246712,102.64, -9.11,454,1952-09-14,   0-09-15,21:16,20:59,01:40,E,01:56,E,50,10,3-4,2-3,22 44 06,+48 30 02,22 46 15.4,+48 45 51,POSS-I VI/25,https://cdsarc.cds.unistra.fr/viz-bin/cat/VI/25
     191,1162, 191, 6.01124001, 6.19223881,107.92,-11.42,441,1954-08-01,   0-08-02,02:41,02:23,00:17,W,00:02,E,50,13,3-4, 4 ,23 18 25,+48 31 09,23 20 45.5,+48 47 35,POSS-I VI/25,https://cdsarc.cds.unistra.fr/viz-bin/cat/VI/25
     192, 368, 192, 6.16088009, 6.34191704,113.49,-13.03,430,1951-09-09,   0-09-10,00:01,23:45,00:25,E,00:42,E,60,10, 3 , 3 ,23 52 43,+48 31 43,23 55 14.8,+48 48 25,POSS-I VI/25,https://cdsarc.cds.unistra.fr/viz-bin/cat/VI/25
     193,1243, 193,-0.05897680, 0.10173732,114.41,-19.34,310,1954-10-03,   0-10-04,22:05,21:46,00:58,E,01:18,E,50,13, 2 , 2 ,00 04 54,+42 31 45,00 07 29.4,+42 48 27,POSS-I VI/25,https://cdsarc.cds.unistra.fr/viz-bin/cat/VI/25
     194, 851, 194, 0.07302171, 0.23371989,120.28,-20.00,298,1953-10-09,   0-10-10,23:24,00:16,00:16,W,01:08,W,45,12, 2 , 2 ,00 35 09,+42 31 25,00 37 52.5,+42 47 54,POSS-I VI/25,https://cdsarc.cds.unistra.fr/viz-bin/cat/VI/25
     195, 627, 195, 0.20503312, 0.36568910,126.22,-19.99,300,1952-10-21,   0-10-22,21:23,22:20,01:28,E,00:30,E,50,10,1-3,1-2,01 05 24,+42 30 32,01 08 15.4,+42 46 32,POSS-I VI/25,https://cdsarc.cds.unistra.fr/viz-bin/cat/VI/25
     196, 824, 196, 0.33698237, 0.49757552,132.08,-19.29,326,1953-09-15,   0-09-16,01:45,02:38,00:02,W,00:55,W,45,12,1-2, 2 ,01 35 38,+42 29 13,01 38 37.0,+42 44 26,POSS-I VI/25,https://cdsarc.cds.unistra.fr/viz-bin/cat/VI/25
     197, 931, 197, 0.46894944, 0.62944424,137.79,-17.94,323,1953-12-30,   0-12-31,19:32,20:25,00:16,W,01:09,W,45,12,1-2,1-2,02 05 52,+42 27 09,02 08 58.1,+42 41 20,POSS-I VI/25,https://cdsarc.cds.unistra.fr/viz-bin/cat/VI/25
     198, 449, 198, 0.60084987, 0.76123369,143.23,-15.95,333,1951-12-21,   0-12-22,20:12,19:55,00:12,E,00:29,E,60,10, 2 , 2 ,02 36 05,+42 24 49,02 39 17.7,+42 37 43,POSS-I VI/25,https://cdsarc.cds.unistra.fr/viz-bin/cat/VI/25
     199,1618, 199, 0.73247111, 0.89272058,148.35,-13.40,293,1957-12-19,   0-12-20,21:36,21:21,00:37,W,00:21,W,45, 8,2-3, 3 ,03 06 14,+42 21 59,03 09 32.4,+42 33 23,POSS-I VI/25,https://cdsarc.cds.unistra.fr/viz-bin/cat/VI/25
     200, 643, 200, 0.86424339, 1.02434731,153.10,-10.32,290,1953-01-09,   0-01-10,18:30,19:17,01:37,E,00:50,E,40,10,1-3, 2 ,03 36 25,+42 18 55,03 39 48.4,+42 28 36,POSS-I VI/25,https://cdsarc.cds.unistra.fr/viz-bin/cat/VI/25
     201, 651, 201, 0.99573749, 1.15566921,157.46, -6.80,265,1953-01-11,   0-01-12,18:30,19:17,02:59,E,01:12,E,40,10,1-2,1-2,04 06 32,+42 15 16,04 09 59.5,+42 23 05,POSS-I VI/25,https://cdsarc.cds.unistra.fr/viz-bin/cat/VI/25
     202, 644, 202, 1.12722969, 1.28699398,161.43, -2.87,301,1953-01-09,   0-01-10,19:34,20:21,01:33,E,00:46,E,40,10, 2 ,2-3,04 36 39,+42 11 42,04 40 09.6,+42 17 31,POSS-I VI/25,https://cdsarc.cds.unistra.fr/viz-bin/cat/VI/25
     203, 668, 203, 1.25859547, 1.41815567,165.01,  1.40,420,1953-02-13,   0-02-14,19:26,19:10,00:07,W,00:09,E,40,10, 2 , 2 ,05 06 44,+42 07 20,05 10 16.7,+42 11 03,POSS-I VI/25,https://cdsarc.cds.unistra.fr/viz-bin/cat/VI/25
     204, 645, 204, 1.38965225, 1.54904270,168.21,  5.97,364,1953-01-09,   0-01-10,20:39,21:27,01:27,E,00:40,E,40,10,2-3,2-3,05 36 45,+42 03 42,05 40 18.8,+42 05 16,POSS-I VI/25,https://cdsarc.cds.unistra.fr/viz-bin/cat/VI/25
     205, 669, 205, 1.52080345, 1.67998219,171.06, 10.78,346,1953-02-13,   0-02-14,20:34,20:18,00:15,W,00:01,E,40,10, 2 , 2 ,06 06 47,+41 59 10,06 10 20.8,+41 58 33,POSS-I VI/25,https://cdsarc.cds.unistra.fr/viz-bin/cat/VI/25
     206, 696, 206, 1.65157223, 1.81057739,173.54, 15.79,353,1953-03-09,   0-03-10,19:20,20:12,00:06,W,00:58,W,45,10,1-2, 2 ,06 36 44,+41 55 25,06 40 16.8,+41 52 37,POSS-I VI/25,https://cdsarc.cds.unistra.fr/viz-bin/cat/VI/25
     207, 988, 207, 1.78234959, 1.94116211,175.69, 20.98,281,1954-02-25,   0-02-26,20:08,20:53,00:25,E,00:20,W,40,12, 2 , 2 ,07 06 41,+41 51 15,07 10 11.9,+41 46 20,POSS-I VI/25,https://cdsarc.cds.unistra.fr/viz-bin/cat/VI/25
     208, 701, 208, 1.91290092, 2.07153797,177.47, 26.30,242,1953-03-13,   0-03-14,19:46,19:30,00:13,E,00:29,E,45,10,2-3, 2 ,07 36 35,+41 47 27,07 40 02.9,+41 40 30,POSS-I VI/25,https://cdsarc.cds.unistra.fr/viz-bin/cat/VI/25
     209,1329, 209, 2.04345417, 2.20191193,178.89, 31.74,228,1955-01-28,   0-01-29,23:19,00:09,00:04,E,00:46,W,45,12, 2 , 2 ,08 06 29,+41 43 31,08 09 53.1,+41 34 39,POSS-I VI/25,https://cdsarc.cds.unistra.fr/viz-bin/cat/VI/25
     210, 707, 210, 2.17377663, 2.33207989,179.87, 37.25,192,1953-03-15,   0-03-16,20:47,20:31,00:04,E,00:20,E,45,10,1-2, 2 ,08 36 20,+41 40 09,08 39 39.5,+41 29 32,POSS-I VI/25,https://cdsarc.cds.unistra.fr/viz-bin/cat/VI/25
     211, 721, 211, 2.30401516, 2.46218491,180.34, 42.81,213,1953-04-14,   0-04-15,20:13,19:57,00:51,W,00:35,W,45,10,2-3,2-3,09 06 10,+41 37 13,09 09 24.1,+41 25 01,POSS-I VI/25,https://cdsarc.cds.unistra.fr/viz-bin/cat/VI/25
     212, 661, 212, 2.43410873, 2.59214687,180.19, 48.38,199,1953-02-07,   0-02-08,00:16,23:52,00:04,W,00:20,E,40,10, 1 , 1 ,09 35 58,+41 34 20,09 39 06.1,+41 20 45,POSS-I VI/25,https://cdsarc.cds.unistra.fr/viz-bin/cat/VI/25
     213, 711, 213, 2.56425762, 2.72219753,179.16, 53.92,190,1953-03-16,   0-03-17,22:22,22:06,00:06,W,00:10,E,45,10, 2 , 2 ,10 05 47,+41 32 10,10 08 48.6,+41 17 27,POSS-I VI/25,https://cdsarc.cds.unistra.fr/viz-bin/cat/VI/25
     214, 690, 214, 2.69418049, 2.85203743,176.88, 59.35,166,1953-03-07,   0-03-08,23:40,00:26,00:19,W,01:05,W,40,10, 3 , 3 ,10 35 33,+41 30 21,10 38 27.6,+41 14 44,POSS-I VI/25,https://cdsarc.cds.unistra.fr/viz-bin/cat/VI/25
     215,1349, 215, 2.82415867, 2.98196793,172.66, 64.56,165,1955-03-18,   0-03-19,23:03,23:58,00:06,E,00:49,W,50,12, 2 , 2 ,11 05 20,+41 29 17,11 08 07.3,+41 13 02,POSS-I VI/25,https://cdsarc.cds.unistra.fr/viz-bin/cat/VI/25
     216, 719, 216, 2.95391178, 3.11168671,165.31, 69.34,169,1953-04-13,   0-04-14,22:24,22:05,00:29,W,00:10,W,45,10,1-2, 1 ,11 35 04,+41 28 31,11 37 43.8,+41 11 54,POSS-I VI/25,https://cdsarc.cds.unistra.fr/viz-bin/cat/VI/25
     217,1367, 217, 3.08387280, 3.24163532,152.90, 73.27,195,1955-03-24,   0-03-25,23:29,00:24,00:16,E,00:39,W,50,12, 3 , 3 ,12 04 51,+41 28 15,12 07 23.2,+41 11 33,POSS-I VI/25,https://cdsarc.cds.unistra.fr/viz-bin/cat/VI/25
     218, 115, 218, 3.21360016, 3.37137890,133.93, 75.62,189,1950-05-15,   0-05-16,21:03,21:55,00:14,W,01:06,W,45,12,2-3, 2 ,12 34 35,+41 28 37,12 36 59.6,+41 12 07,POSS-I VI/25,https://cdsarc.cds.unistra.fr/viz-bin/cat/VI/25
     219, 133, 219, 3.34353638, 3.50135231,111.39, 75.56,196,1950-06-07,   0-06-08,21:31,21:07,01:43,W,01:19,W,45,12, 2 , 2 ,13 04 22,+41 29 26,13 06 39.2,+41 13 25,POSS-I VI/25,https://cdsarc.cds.unistra.fr/viz-bin/cat/VI/25
     220, 154, 220, 3.47331238, 3.63119411, 92.69, 73.13,177,1950-06-18,   0-06-19,21:35,22:31,02:00,W,02:57,W,45,12, 4 , 4 ,13 34 07,+41 30 54,13 36 17.0,+41 15 37,POSS-I VI/25,https://cdsarc.cds.unistra.fr/viz-bin/cat/VI/25
     221,1386, 221, 3.60353661, 3.76146030, 80.49, 69.15,201,1955-04-13,   0-04-14,23:23,23:06,01:02,E,01:19,E,50,12, 3 , 3 ,14 03 58,+41 31 48,14 06 01.2,+41 17 31,POSS-I VI/25,https://cdsarc.cds.unistra.fr/viz-bin/cat/VI/25
     222, 145, 222, 3.73320007, 3.89126873, 73.35, 64.34,192,1950-06-14,   0-06-15,21:19,22:14,00:29,W,01:24,W,45,12, 2 , 2 ,14 33 42,+41 35 00,14 35 38.9,+41 21 58,POSS-I VI/25,https://cdsarc.cds.unistra.fr/viz-bin/cat/VI/25
     223,1371, 223, 3.86330986, 4.02150440, 69.23, 59.12,204,1955-03-26,   0-03-27,02:17,02:00,00:18,E,00:40,E,50,12, 2 ,1-2,15 03 32,+41 37 46,15 05 23.1,+41 26 11,POSS-I VI/25,https://cdsarc.cds.unistra.fr/viz-bin/cat/VI/25
     224,1376, 224, 3.99334145, 4.15167141, 67.02, 53.69,210,1955-03-31,   0-04-01,02:00,02:55,00:45,E,00:10,W,50,12, 3 , 3 ,15 33 21,+41 40 44,15 35 07.1,+41 30 49,POSS-I VI/25,https://cdsarc.cds.unistra.fr/viz-bin/cat/VI/25
     225,1369, 225, 4.12349510, 4.28199863, 66.04, 48.15,229,1955-03-24,   0-03-25,02:38,02:21,01:05,E,01:22,E,50,12,2-3, 3 ,16 03 12,+41 44 31,16 04 53.8,+41 36 25,POSS-I VI/25,https://cdsarc.cds.unistra.fr/viz-bin/cat/VI/25
     226, 743, 226, 4.25387669, 4.41254616, 65.91, 42.58,226,1953-05-18,   0-05-19,00:54,00:39,00:20,W,00:05,W,45,10, 2 , 2 ,16 33 06,+41 48 08,16 34 44.3,+41 42 00,POSS-I VI/25,https://cdsarc.cds.unistra.fr/viz-bin/cat/VI/25
     227,1135, 227, 4.38439465, 4.54324341, 66.41, 37.02,238,1954-07-07,   0-07-08,22:53,23:48,01:05,W,02:00,W,50,13, 2 , 2 ,17 03 02,+41 52 02,17 04 37.8,+41 47 59,POSS-I VI/25,https://cdsarc.cds.unistra.fr/viz-bin/cat/VI/25
     228, 753, 228, 4.51498222, 4.67402363, 67.42, 31.51,281,1953-06-13,   0-06-14,23:49,23:31,00:01,E,00:19,E,45,12, 2 , 2 ,17 32 59,+41 56 13,17 34 33.2,+41 54 19,POSS-I VI/25,https://cdsarc.cds.unistra.fr/viz-bin/cat/VI/25
     229, 324, 229, 4.64570999, 4.80494404, 68.84, 26.08,343,1951-08-24,   0-08-25,20:16,19:57,00:36,W,00:17,W,50,10,1-2,1-2,18 02 58,+42 00 21,18 04 31.6,+42 00 37,POSS-I VI/25,https://cdsarc.cds.unistra.fr/viz-bin/cat/VI/25
     230,1445, 230, 4.77650738, 4.93594646, 70.64, 20.76,400,1955-07-22,   0-07-23,21:45,21:24,00:35,E,00:57,E,50,10, 3 , 3 ,18 32 58,+42 04 45,18 34 32.1,+42 07 12,POSS-I VI/25,https://cdsarc.cds.unistra.fr/viz-bin/cat/VI/25
     231, 340, 231, 4.90760803, 5.06722736, 72.80, 15.58,424,1951-09-02,   0-09-03,20:01,19:45,00:04,E,00:20,E,50,10,2-3, 3 ,19 03 02,+42 08 37,19 04 37.6,+42 13 13,POSS-I VI/25,https://cdsarc.cds.unistra.fr/viz-bin/cat/VI/25
     232, 281, 232, 5.03870773, 5.19851208, 75.30, 10.57,480,1951-07-09,   0-07-10,23:46,00:47,00:25,E,00:36,W,50,12, 2 , 2 ,19 33 06,+42 12 32,19 34 44.1,+42 19 11,POSS-I VI/25,https://cdsarc.cds.unistra.fr/viz-bin/cat/VI/25
     233,1145, 233, 5.17010021, 5.33007622, 78.16,  5.77,498,1954-07-27,   0-07-28,22:39,23:36,00:51,E,00:07,W,50,12, 4 , 4 ,20 03 14,+42 16 13,20 04 55.6,+42 24 49,POSS-I VI/25,https://cdsarc.cds.unistra.fr/viz-bin/cat/VI/25
     234, 754, 234, 5.30135632, 5.46149921, 81.38,  1.22,531,1953-06-13,   0-06-14,01:46,01:28,01:05,E,01:23,E,45,12, 2 , 2 ,20 33 20,+42 19 44,20 35 06.0,+42 30 09,POSS-I VI/25,https://cdsarc.cds.unistra.fr/viz-bin/cat/VI/25
     235,1133, 235, 5.43298626, 5.59326553, 84.98, -3.04,443,1954-07-05,   0-07-06,01:16,00:57,00:40,E,00:59,E,50,13,2-3, 2 ,21 03 31,+42 22 37,21 05 22.4,+42 34 39,POSS-I VI/25,https://cdsarc.cds.unistra.fr/viz-bin/cat/VI/25
     236, 806, 236, 5.56469059, 5.72510338, 88.96, -6.95,450,1953-09-04,   0-09-05,21:46,22:37,00:39,E,00:12,W,45,12, 2 ,1-2,21 33 43,+42 25 25,21 35 40.5,+42 38 52,POSS-I VI/25,https://cdsarc.cds.unistra.fr/viz-bin/cat/VI/25
     237, 580, 237, 5.69647789, 5.85700893, 93.34,-10.46,387,1952-08-26,   0-08-27,21:27,22:24,02:04,E,01:06,E,50,10,2-3, 2 ,22 03 56,+42 27 54,22 06 00.2,+42 42 32,POSS-I VI/25,https://cdsarc.cds.unistra.fr/viz-bin/cat/VI/25
     238, 537, 238, 5.82835960, 5.98897076, 98.11,-13.52,386,1952-07-20,   0-07-21,01:35,01:20,00:51,E,01:06,E,50,10, 3 , 3 ,22 34 10,+42 29 36,22 36 21.6,+42 45 10,POSS-I VI/25,https://cdsarc.cds.unistra.fr/viz-bin/cat/VI/25
     239, 876, 239, 5.96024513, 6.12091541,103.24,-16.05,320,1953-10-30,   0-10-31,20:40,21:34,00:24,W,01:18,W,45,12, 2 , 2 ,23 04 24,+42 30 50,23 06 43.3,+42 47 04,POSS-I VI/25,https://cdsarc.cds.unistra.fr/viz-bin/cat/VI/25
     240, 554, 240, 6.09221745, 6.25292206,108.70,-18.01,308,1952-08-18,   0-08-19,00:57,01:52,00:35,E,00:20,W,50,10,3-4, 3 ,23 34 39,+42 31 33,23 37 06.3,+42 48 10,POSS-I VI/25,https://cdsarc.cds.unistra.fr/viz-bin/cat/VI/25
     241,1247, 241,-0.05157796, 0.09433848,113.22,-25.23,258,1954-10-04,   0-10-05,23:05,22:47,00:06,W,00:12,E,50,13, 3 , 3 ,00 04 54,+36 31 44,00 07 29.1,+36 48 26,POSS-I VI/25,https://cdsarc.cds.unistra.fr/viz-bin/cat/VI/25
     242, 398, 242, 0.07132691, 0.21723408,119.44,-25.97,260,1951-10-03,   0-10-04,22:57,22:41,00:35,E,00:51,E,60,10, 2 ,2-3,00 33 04,+36 31 28,00 35 45.2,+36 47 59,POSS-I VI/25,https://cdsarc.cds.unistra.fr/viz-bin/cat/VI/25
     243, 406, 243, 0.19438630, 0.34026593,125.74,-26.02,308,1951-11-02,   0-11-03,21:47,21:31,00:16,E,00:31,E,50,10, 2 , 2 ,01 01 16,+36 30 41,01 04 03.2,+36 46 46,POSS-I VI/25,https://cdsarc.cds.unistra.fr/viz-bin/cat/VI/25
     244,1189, 244, 0.31738228, 0.46321565,131.99,-25.41,284,1954-08-30,   0-08-31,02:49,03:45,00:07,W,01:04,W,50,13,2-3, 2 ,01 29 27,+36 29 22,01 32 19.9,+36 44 46,POSS-I VI/25,https://cdsarc.cds.unistra.fr/viz-bin/cat/VI/25
     245,1225, 245, 0.44023561, 0.58601749,138.06,-24.13,323,1954-09-26,   0-09-27,01:18,02:13,00:05,E,00:50,W,50,13, 2 , 2 ,01 57 36,+36 27 54,02 00 34.4,+36 42 24,POSS-I VI/25,https://cdsarc.cds.unistra.fr/viz-bin/cat/VI/25
     246, 407, 246, 0.56324530, 0.70895350,143.87,-22.23,344,1951-11-02,   0-11-03,23:01,22:45,00:26,E,00:41,E,50,10,1-2, 2 ,02 25 47,+36 25 48,02 28 50.4,+36 39 10,POSS-I VI/25,https://cdsarc.cds.unistra.fr/viz-bin/cat/VI/25
     247,1307, 247, 0.68611681, 0.83173764,149.33,-19.76,333,1954-12-21,   0-12-22,20:41,20:22,00:00, ,00:19,E,45,12, 2 ,2-3,02 53 56,+36 23 18,02 57 04.0,+36 35 20,POSS-I VI/25,https://cdsarc.cds.unistra.fr/viz-bin/cat/VI/25
     248,1333, 248, 0.80892205, 0.95444179,154.40,-16.79,321,1955-02-12,   0-02-13,18:43,19:38,01:02,W,01:58,W,50,12, 3 , 3 ,03 22 04,+36 20 24,03 25 16.0,+36 30 56,POSS-I VI/25,https://cdsarc.cds.unistra.fr/viz-bin/cat/VI/25
     249,1302, 249, 0.93165803, 1.07706738,159.07,-13.36,303,1954-12-20,   0-12-21,21:49,21:32,00:08,W,00:09,E,45,12, 3 , 3 ,03 50 11,+36 17 15,03 53 26.4,+36 26 07,POSS-I VI/25,https://cdsarc.cds.unistra.fr/viz-bin/cat/VI/25
     250,1458, 250, 1.05425167, 1.19954681,163.34, -9.54,246,1955-10-23,   0-10-24,02:37,02:24,00:39,W,00:26,W,50, 8, 2 , 2 ,04 18 16,+36 13 56,04 21 34.2,+36 21 00,POSS-I VI/25,https://cdsarc.cds.unistra.fr/viz-bin/cat/VI/25
     251,1469, 251, 1.17678165, 1.32194519,167.22, -5.39,200,1955-11-10,   0-11-11,01:42,01:29,00:27,W,00:13,W,50, 8, 2 , 2 ,04 46 20,+36 10 08,04 49 40.3,+36 15 18,POSS-I VI/25,https://cdsarc.cds.unistra.fr/viz-bin/cat/VI/25
     252,1315, 252, 1.29915905, 1.44420433,170.74, -0.95,370,1954-12-29,   0-12-30,22:24,23:15,00:05,E,00:45,W,45,12, 2 , 2 ,05 14 22,+36 06 42,05 17 43.6,+36 09 53,POSS-I VI/25,https://cdsarc.cds.unistra.fr/viz-bin/cat/VI/25
     253,1290, 253, 1.42154789, 1.56645393,173.92,  3.73,363,1954-11-24,   0-11-25,00:55,01:45,00:21,E,00:29,W,45,12,2-3,2-3,05 42 24,+36 02 41,05 45 46.3,+36 03 51,POSS-I VI/25,https://cdsarc.cds.unistra.fr/viz-bin/cat/VI/25
     254, 942, 254, 1.54386425, 1.68862915,176.80,  8.62,336,1954-01-02,   0-01-03,22:49,23:35,00:20,E,00:26,W,40,12,2-3, 3 ,06 10 25,+35 58 33,06 13 47.2,+35 57 40,POSS-I VI/25,https://cdsarc.cds.unistra.fr/viz-bin/cat/VI/25
     255,1268, 255, 1.66595268, 1.81059551,179.37, 13.69,357,1954-11-03,   0-11-04,03:35,03:18,00:01,W,00:16,E,45,12,1-2, 2 ,06 38 23,+35 54 59,06 41 44.3,+35 52 05,POSS-I VI/25,https://cdsarc.cds.unistra.fr/viz-bin/cat/VI/25
     256, 889, 256, 1.78804111, 1.93256187,181.68, 18.90,299,1953-11-10,   0-11-11,03:19,04:09,00:19,E,00:36,W,45,12, 3 , 3 ,07 06 21,+35 51 24,07 09 40.8,+35 46 31,POSS-I VI/25,https://cdsarc.cds.unistra.fr/viz-bin/cat/VI/25
     257,1336, 257, 1.90998745, 2.05438042,183.72, 24.24,266,1955-02-12,   0-02-13,22:38,22:21,00:46,W,00:29,W,50,12, 3 , 3 ,07 34 17,+35 47 39,07 37 34.7,+35 40 52,POSS-I VI/25,https://cdsarc.cds.unistra.fr/viz-bin/cat/VI/25
     258, 989, 258, 2.03185463, 2.17613220,185.50, 29.67,262,1954-02-25,   0-02-26,21:11,21:56,00:17,E,00:28,W,40,12, 2 , 2 ,08 02 12,+35 44 13,08 05 26.9,+35 35 38,POSS-I VI/25,https://cdsarc.cds.unistra.fr/viz-bin/cat/VI/25
     259, 648, 259, 2.15364933, 2.29781151,187.00, 35.19,244,1953-01-09,   0-01-10,23:55,00:42,01:05,E,00:18,E,40,10,1-2,1-2,08 30 06,+35 40 49,08 33 17.5,+35 30 33,POSS-I VI/25,https://cdsarc.cds.unistra.fr/viz-bin/cat/VI/25
     260,1342, 260, 2.27521515, 2.41928196,188.20, 40.77,246,1955-03-12,   0-03-13,20:54,20:36,00:32,E,00:50,E,50,12, 3 , 2 ,08 57 57,+35 37 58,09 01 04.6,+35 26 11,POSS-I VI/25,https://cdsarc.cds.unistra.fr/viz-bin/cat/VI/25
     261, 925, 261, 2.39692497, 2.54090023,189.04, 46.40,219,1953-12-09,   0-12-10,04:09,03:52,00:11,W,00:06,E,45,12, 2 , 2 ,09 25 50,+35 35 14,09 28 53.2,+35 22 06,POSS-I VI/25,https://cdsarc.cds.unistra.fr/viz-bin/cat/VI/25
     262,1345, 262, 2.51840687, 2.66230965,189.40, 52.06,187,1955-03-13,   0-03-14,21:26,22:21,00:51,E,00:04,W,50,12, 2 , 2 ,09 53 40,+35 33 06,09 56 38.4,+35 18 49,POSS-I VI/25,https://cdsarc.cds.unistra.fr/viz-bin/cat/VI/25
     263,1032, 263, 2.63988495, 2.78372288,189.13, 57.72,188,1954-04-03,   0-04-04,20:47,21:37,00:35,E,00:15,W,45,12, 2 , 2 ,10 21 30,+35 31 10,10 24 23.3,+35 15 56,POSS-I VI/25,https://cdsarc.cds.unistra.fr/viz-bin/cat/VI/25
     264, 731, 264, 2.76142597, 2.90522003,187.83, 63.35,180,1953-05-06,   0-05-07,21:01,20:44,01:23,W,01:05,W,45,10,1-2,1-2,10 49 21,+35 29 49,10 52 08.9,+35 13 52,POSS-I VI/25,https://cdsarc.cds.unistra.fr/viz-bin/cat/VI/25
     265, 695, 265, 2.88281536, 3.02657700,184.81, 68.88,142,1953-03-08,   0-03-09,00:50,00:34,00:52,W,00:36,W,45,10,3-4, 4 ,11 17 10,+35 28 52,11 19 52.3,+35 12 26,POSS-I VI/25,https://cdsarc.cds.unistra.fr/viz-bin/cat/VI/25
     266, 109, 266, 3.00412369, 3.14786816,178.40, 74.17,135,1950-05-14,   0-05-15,20:44,20:25,00:41,W,00:22,W,45,12, 2 , 2 ,11 44 58,+35 28 20,11 47 34.6,+35 11 40,POSS-I VI/25,https://cdsarc.cds.unistra.fr/viz-bin/cat/VI/25
     267,1599, 267, 3.12549782, 3.26924038,164.46, 78.84,160,1956-05-07,   0-05-08,20:00,20:50,00:57,E,00:07,E,45, 8, 2 , 3 ,12 12 47,+35 28 17,12 15 17.9,+35 11 37,POSS-I VI/25,https://cdsarc.cds.unistra.fr/viz-bin/cat/VI/25
     268, 105, 268, 3.24693775, 3.39069366,134.95, 81.73,181,1950-05-13,   0-05-14,21:43,22:33,00:41,W,01:32,W,45,12, 2 , 2 ,12 40 37,+35 28 41,12 43 02.2,+35 12 16,POSS-I VI/25,https://cdsarc.cds.unistra.fr/viz-bin/cat/VI/25
     269, 110, 269, 3.36829853, 3.51207924, 97.11, 80.91,182,1950-05-14,   0-05-15,21:59,21:40,00:33,W,00:13,W,45,12, 3 , 2 ,13 08 26,+35 29 27,13 10 45.6,+35 13 31,POSS-I VI/25,https://cdsarc.cds.unistra.fr/viz-bin/cat/VI/25
     270, 116, 270, 3.48972034, 3.63354874, 74.81, 77.08,200,1950-05-15,   0-05-16,22:18,23:10,00:27,W,01:20,W,45,12,2-3,2-3,13 36 16,+35 30 51,13 38 30.2,+35 15 38,POSS-I VI/25,https://cdsarc.cds.unistra.fr/viz-bin/cat/VI/25
     271, 106, 271, 3.61084080, 3.75473785, 64.70, 72.09,203,1950-05-13,   0-05-14,23:28,23:07,01:02,W,00:41,W,45,12, 2 , 2 ,14 04 02,+35 32 54,14 06 11.1,+35 18 38,POSS-I VI/25,https://cdsarc.cds.unistra.fr/viz-bin/cat/VI/25
     272, 127, 272, 3.73254490, 3.87650681, 59.93, 66.67,185,1950-05-20,   0-05-21,22:37,22:20,00:12,W,00:06,E,45,12, 3 , 2 ,14 31 56,+35 34 51,14 34 00.3,+35 21 44,POSS-I VI/25,https://cdsarc.cds.unistra.fr/viz-bin/cat/VI/25
     273,1610, 273, 3.85409069, 3.99814415, 57.74, 61.08,188,1956-06-02,   0-06-03,22:29,23:26,00:28,W,01:24,W,45, 8,3-4, 3 ,14 59 48,+35 37 33,15 01 47.9,+35 25 47,POSS-I VI/25,https://cdsarc.cds.unistra.fr/viz-bin/cat/VI/25
     274, 107, 274, 3.97570896, 4.11985397, 56.91, 55.44,193,1950-05-13,   0-05-14,00:43,00:23,00:54,W,00:34,W,45,12, 2 , 2 ,15 27 41,+35 40 19,15 29 37.0,+35 30 04,POSS-I VI/25,https://cdsarc.cds.unistra.fr/viz-bin/cat/VI/25
     275,  71, 275, 4.09732056, 4.24157047, 56.92, 49.78,176,1950-04-12,   0-04-13,01:20,03:15,00:01,W,00:56,W,45,12, 2 , 2 ,15 55 34,+35 43 24,15 57 26.6,+35 34 50,POSS-I VI/25,https://cdsarc.cds.unistra.fr/viz-bin/cat/VI/25
     276,1093, 276, 4.21892452, 4.36328888, 57.50, 44.14,243,1954-06-26,   0-06-27,21:50,22:47,00:02,E,00:55,W,50,13, 2 , 2 ,16 23 27,+35 46 48,16 25 16.9,+35 40 02,POSS-I VI/25,https://cdsarc.cds.unistra.fr/viz-bin/cat/VI/25
     277,1069, 277, 4.34089088, 4.48537731, 58.49, 38.52,252,1954-05-26,   0-05-27,23:52,00:42,00:30,E,00:20,W,45,15, 2 ,1-2,16 51 25,+35 50 23,16 53 12.7,+35 45 31,POSS-I VI/25,https://cdsarc.cds.unistra.fr/viz-bin/cat/VI/25
     278,1132, 278, 4.46277905, 4.60740089, 59.82, 32.96,252,1954-07-05,   0-07-06,23:10,00:06,00:58,W,01:54,W,50,12, 2 , 2 ,17 19 22,+35 54 21,17 21 08.2,+35 51 28,POSS-I VI/25,https://cdsarc.cds.unistra.fr/viz-bin/cat/VI/25
     279, 277, 279, 4.58474541, 4.72948933, 61.43, 27.47,312,1951-07-08,   0-07-09,22:40,23:39,00:10,W,01:10,W,50,12,2-3,2-3,17 47 20,+35 57 57,17 49 05.4,+35 57 06,POSS-I VI/25,https://cdsarc.cds.unistra.fr/viz-bin/cat/VI/25
     280, 197, 280, 4.70677662, 4.85165596, 63.31, 22.08,363,1950-08-08,   0-08-09,22:08,23:02,01:14,W,02:08,W,45,12, 3 , 3 ,18 15 19,+36 01 53,18 17 04.3,+36 03 04,POSS-I VI/25,https://cdsarc.cds.unistra.fr/viz-bin/cat/VI/25
     281, 148, 281, 4.82895851, 4.97396755, 65.46, 16.79,436,1950-06-14,   0-06-15,01:35,01:13,00:36,W,00:15,W,45,12, 2 ,2-3,18 43 20,+36 05 38,18 45 05.9,+36 08 50,POSS-I VI/25,https://cdsarc.cds.unistra.fr/viz-bin/cat/VI/25
     282,1434, 282, 4.95135212, 5.09649372, 67.88, 11.63,497,1955-05-19,   0-05-20,02:14,01:57,00:56,E,01:13,E,50,12, 3 , 3 ,19 11 24,+36 09 30,19 13 11.3,+36 14 41,POSS-I VI/25,https://cdsarc.cds.unistra.fr/viz-bin/cat/VI/25
     283, 530, 283, 5.07375240, 5.21902466, 70.57,  6.63,536,1952-07-16,   0-07-17,23:25,00:20,00:22,E,00:33,W,50,10,1-2,1-2,19 39 28,+36 13 18,19 41 17.4,+36 20 23,POSS-I VI/25,https://cdsarc.cds.unistra.fr/viz-bin/cat/VI/25
     284, 200, 284, 5.19616127, 5.34154224, 73.56,  1.82,635,1950-08-09,   0-08-10,22:58,23:53,00:16,W,01:11,W,45,12,2-3,2-3,20 07 32,+36 16 25,20 09 24.1,+36 25 18,POSS-I VI/25,https://cdsarc.cds.unistra.fr/viz-bin/cat/VI/25
     285, 288, 285, 5.31878567, 5.46428394, 76.88, -2.77,488,1951-07-12,   0-07-13,01:37,01:15,00:35,W,00:13,W,50,12,1-2, 2 ,20 35 39,+36 19 47,20 37 34.6,+36 30 20,POSS-I VI/25,https://cdsarc.cds.unistra.fr/viz-bin/cat/VI/25
     286, 279, 286, 5.44155884, 5.58716297, 80.55, -7.10,470,1951-07-08,   0-07-09,01:26,02:26,00:20,E,00:40,W,50,12, 2 , 3 ,21 03 48,+36 22 50,21 05 47.6,+36 34 53,POSS-I VI/25,https://cdsarc.cds.unistra.fr/viz-bin/cat/VI/25
     287, 269, 287, 5.56441307, 5.71011257, 84.59,-11.13,368,1951-07-05,   0-07-06,01:52,02:46,00:33,E,00:22,W,50,12, 2 , 2 ,21 31 58,+36 25 33,21 34 02.2,+36 38 56,POSS-I VI/25,https://cdsarc.cds.unistra.fr/viz-bin/cat/VI/25
     288, 815, 288, 5.68699074, 5.83275509, 89.00,-14.79,342,1953-09-07,   0-09-08,22:15,21:57,00:25,E,00:43,E,45,12,2-3,2-3,22 00 04,+36 27 25,22 02 13.2,+36 41 55,POSS-I VI/25,https://cdsarc.cds.unistra.fr/viz-bin/cat/VI/25
     289, 778, 289, 5.80993462, 5.95576000, 93.84,-18.04,345,1953-08-10,   0-08-11,00:59,01:50,00:01,W,00:52,W,45,12,2-3, 2 ,22 28 15,+36 29 07,22 30 29.7,+36 44 32,POSS-I VI/25,https://cdsarc.cds.unistra.fr/viz-bin/cat/VI/25
     290, 838, 290, 5.93288136, 6.07875443, 99.07,-20.82,290,1953-10-01,   0-10-02,22:21,23:12,00:19,W,01:11,W,45,12, 2 , 2 ,22 56 26,+36 30 31,22 58 46.4,+36 46 36,POSS-I VI/25,https://cdsarc.cds.unistra.fr/viz-bin/cat/VI/25
     291, 873, 291, 6.05583954, 6.20174313,104.68,-23.06,257,1953-10-28,   0-10-29,20:47,21:37,00:03,W,00:53,W,45,12, 2 , 2 ,23 24 37,+36 31 21,23 27 03.4,+36 47 52,POSS-I VI/25,https://cdsarc.cds.unistra.fr/viz-bin/cat/VI/25
     292, 405, 292, 6.17880344, 6.32472038,110.60,-24.72,250,1951-11-02,   0-11-03,19:46,19:30,01:08,E,01:24,E,50,10,1-2, 2 ,23 52 48,+36 31 44,23 55 20.5,+36 48 26,POSS-I VI/25,https://cdsarc.cds.unistra.fr/viz-bin/cat/VI/25
     293,1257, 293,-0.04617290, 0.08878797,111.90,-31.12,264,1954-10-30,   0-10-31,20:11,19:53,01:06,E,01:24,E,50,13, 2 , 2 ,00 04 53,+30 31 45,00 07 27.8,+30 48 27,POSS-I VI/25,https://cdsarc.cds.unistra.fr/viz-bin/cat/VI/25
     294,1244, 294, 0.06785834, 0.20281303,118.44,-31.92,280,1954-10-03,   0-10-04,23:20,23:01,00:09,E,00:28,E,50,13, 3 , 3 ,00 31 01,+30 31 31,00 33 40.3,+30 48 03,POSS-I VI/25,https://cdsarc.cds.unistra.fr/viz-bin/cat/VI/25
     295, 601, 295, 0.18204176, 0.31697690,125.08,-32.05,271,1952-09-16,   0-09-17,23:31,23:15,01:30,E,01:45,E,60,10, 3 , 3 ,00 57 11,+30 30 46,00 59 54.8,+30 46 56,POSS-I VI/25,https://cdsarc.cds.unistra.fr/viz-bin/cat/VI/25
     296,  30, 296, 0.29690331, 0.43177146,131.72,-31.55,230,1949-12-21,   0-12-22,19:09,19:51,00:01,E,00:19,E,45,12,2-3,2-3,01 23 30,+30 28 12,01 26 18.1,+30 43 46,POSS-I VI/25,https://cdsarc.cds.unistra.fr/viz-bin/cat/VI/25
     297, 413, 297, 0.40998316, 0.54485691,138.09,-30.35,257,1951-11-04,   0-11-05,23:00,22:45,00:18,W,00:03,W,60,10,2-3, 2 ,01 49 25,+30 28 25,01 52 17.1,+30 43 12,POSS-I VI/25,https://cdsarc.cds.unistra.fr/viz-bin/cat/VI/25
     298,1248, 298, 0.52411091, 0.65893126,144.23,-28.58,245,1954-10-04,   0-10-05,00:20,00:02,00:50,E,01:08,E,50,13, 3 , 3 ,02 15 34,+30 26 22,02 18 30.0,+30 40 10,POSS-I VI/25,https://cdsarc.cds.unistra.fr/viz-bin/cat/VI/25
     299,1301, 299, 0.63794833, 0.77271324,149.99,-26.24,202,1954-12-20,   0-12-21,20:36,20:19,00:03,W,00:14,E,45,12,2-3,2-3,02 41 39,+30 24 14,02 44 38.5,+30 36 53,POSS-I VI/25,https://cdsarc.cds.unistra.fr/viz-bin/cat/VI/25
     300, 847, 300, 0.75186086, 0.88656640,155.35,-23.41,194,1953-10-08,   0-10-09,01:47,02:37,00:03,W,00:54,W,45,12, 2 , 2 ,03 07 45,+30 21 57,03 10 47.6,+30 33 16,POSS-I VI/25,https://cdsarc.cds.unistra.fr/viz-bin/cat/VI/25
     301,1457, 301, 0.86585474, 1.00048351,160.29,-20.13,185,1955-10-23,   0-10-24,01:29,01:16,00:15,W,00:02,W,50, 8, 2 , 2 ,03 33 52,+30 18 59,03 36 57.4,+30 28 50,POSS-I VI/25,https://cdsarc.cds.unistra.fr/viz-bin/cat/VI/25
     302,1468, 302, 0.97970271, 1.11425495,164.80,-16.48,187,1955-11-10,   0-11-11,00:34,00:21,00:05,W,00:08,E,50, 8,1-2,1-2,03 59 57,+30 16 02,04 03 04.7,+30 24 17,POSS-I VI/25,https://cdsarc.cds.unistra.fr/viz-bin/cat/VI/25
     303,1454, 303, 1.09340668, 1.22787952,168.92,-12.51,163,1955-10-22,   0-10-23,02:02,02:59,00:08,E,00:49,W,50,10, 2 , 2 ,04 26 00,+30 12 55,04 29 09.6,+30 19 28,POSS-I VI/25,https://cdsarc.cds.unistra.fr/viz-bin/cat/VI/25
     304,1314, 304, 1.20711517, 1.34149837,172.68, -8.27,190,1954-12-29,   0-12-30,21:15,22:05,00:53,E,00:03,E,45,12, 2 , 2 ,04 52 03,+30 09 26,04 55 14.0,+30 14 12,POSS-I VI/25,https://cdsarc.cds.unistra.fr/viz-bin/cat/VI/25
     305,1455, 305, 1.32060814, 1.45489979,176.10, -3.79,316,1955-10-22,   0-10-23,03:14,04:09,00:12,W,01:07,W,50, 9, 2 ,2-3,05 18 03,+30 05 55,05 21 14.9,+30 08 51,POSS-I VI/25,https://cdsarc.cds.unistra.fr/viz-bin/cat/VI/25
     306,1459, 306, 1.43417072, 1.56837463,179.23,  0.89,346,1955-10-23,   0-10-24,03:46,03:33,00:28,W,00:09,W,50, 8, 2 , 2 ,05 44 04,+30 02 26,05 47 16.3,+30 03 29,POSS-I VI/25,https://cdsarc.cds.unistra.fr/viz-bin/cat/VI/25
     307, 411, 307, 1.54766083, 1.68177700,182.09,  5.74,351,1951-11-03,   0-11-04,02:38,02:22,00:28,E,00:44,E,50,10, 3 , 3 ,06 10 04,+29 59 03,06 13 16.2,+29 58 12,POSS-I VI/25,https://cdsarc.cds.unistra.fr/viz-bin/cat/VI/25
     308, 920, 308, 1.66115570, 1.79517651,184.73, 10.73,337,1953-12-06,   0-12-07,01:48,02:39,00:28,W,01:18,W,45,12, 1 , 1 ,06 36 04,+29 55 17,06 39 15.6,+29 52 33,POSS-I VI/25,https://cdsarc.cds.unistra.fr/viz-bin/cat/VI/25
     309,1337, 309, 1.77450085, 1.90843201,187.16, 15.84,292,1955-02-23,   0-02-24,20:16,21:12,00:21,E,00:35,W,50,12, 2 ,1-2,07 02 02,+29 51 42,07 05 12.6,+29 47 07,POSS-I VI/25,https://cdsarc.cds.unistra.fr/viz-bin/cat/VI/25
     310, 678, 310, 1.88777161, 2.02161884,189.39, 21.05,275,1953-02-14,   0-02-15,21:28,21:12,00:08,E,00:24,E,40,10, 2 , 2 ,07 27 59,+29 48 26,07 31 08.1,+29 42 04,POSS-I VI/25,https://cdsarc.cds.unistra.fr/viz-bin/cat/VI/25
     311,1344, 311, 2.00111294, 2.13487816,191.47, 26.35,222,1955-03-13,   0-03-14,20:13,21:08,00:05,E,00:50,W,50,12, 3 , 2 ,07 53 57,+29 45 10,07 57 04.1,+29 37 06,POSS-I VI/25,https://cdsarc.cds.unistra.fr/viz-bin/cat/VI/25
     312,1351, 312, 2.11423683, 2.24792004,193.39, 31.72,208,1955-03-21,   0-03-22,20:18,20:00,00:05,W,00:13,E,50,12, 2 , 2 ,08 19 52,+29 41 52,08 22 56.7,+29 32 12,POSS-I VI/25,https://cdsarc.cds.unistra.fr/viz-bin/cat/VI/25
     313, 924, 313, 2.22735500, 2.36096764,195.16, 37.16,202,1953-12-09,   0-12-10,03:00,02:42,00:19,E,00:37,E,45,12, 2 , 2 ,08 45 47,+29 39 04,08 48 49.0,+29 27 56,POSS-I VI/25,https://cdsarc.cds.unistra.fr/viz-bin/cat/VI/25
     314,1365, 314, 2.34032440, 2.47387218,196.79, 42.64,178,1955-03-24,   0-03-25,20:43,21:58,00:09,E,01:06,W,50,12,3-4,3-4,09 11 40,+29 36 29,09 14 38.9,+29 24 01,POSS-I VI/25,https://cdsarc.cds.unistra.fr/viz-bin/cat/VI/25
     315, 466, 315, 2.45336342, 2.58685398,198.27, 48.18,179,1952-01-30,   0-01-31,23:51,23:35,00:57,E,01:13,E,60,10, 2 , 2 ,09 37 34,+29 34 12,09 40 29.5,+29 20 34,POSS-I VI/25,https://cdsarc.cds.unistra.fr/viz-bin/cat/VI/25
     316,1396, 316, 2.56639671, 2.69984150,199.57, 53.75,190,1955-04-17,   0-04-18,19:30,20:25,00:40,E,00:15,W,50,12, 2 , 2 ,10 03 28,+29 32 19,10 06 19.9,+29 17 41,POSS-I VI/25,https://cdsarc.cds.unistra.fr/viz-bin/cat/VI/25
     317,1387, 317, 2.67935276, 2.81275940,200.66, 59.35,174,1955-04-14,   0-04-15,19:56,19:39,00:51,E,01:08,E,50,12, 3 , 3 ,10 29 21,+29 30 50,10 32 09.0,+29 15 23,POSS-I VI/25,https://cdsarc.cds.unistra.fr/viz-bin/cat/VI/25
     318,1357, 318, 2.79223251, 2.92560863,201.43, 64.96,147,1955-03-22,   0-03-23,23:15,22:57,00:32,W,00:14,W,50,12,2-3,2-3,10 55 13,+29 29 36,10 57 57.0,+29 13 32,POSS-I VI/25,https://cdsarc.cds.unistra.fr/viz-bin/cat/VI/25
     319,  99, 319, 2.90510845, 3.03846359,201.65, 70.59,130,1950-05-05,   0-05-06,20:20,21:15,00:05,W,01:00,W,45,12, 2 , 2 ,11 21 05,+29 28 45,11 23 44.9,+29 12 16,POSS-I VI/25,https://cdsarc.cds.unistra.fr/viz-bin/cat/VI/25
     320,1379, 320, 3.01797867, 3.15132236,200.70, 76.21,141,1955-04-11,   0-04-12,21:30,21:13,00:46,E,01:04,E,50,12, 3 , 3 ,11 46 57,+29 28 19,11 49 32.7,+29 11 38,POSS-I VI/25,https://cdsarc.cds.unistra.fr/viz-bin/cat/VI/25
     321,1398, 321, 3.13077068, 3.26411438,196.28, 81.78,147,1955-04-17,   0-04-18,21:55,22:50,00:24,E,00:31,W,50,12, 2 , 3 ,12 12 48,+29 28 18,12 15 19.5,+29 11 38,POSS-I VI/25,https://cdsarc.cds.unistra.fr/viz-bin/cat/VI/25
     322,  64, 322, 3.24363041, 3.37698364,169.94, 86.92,160,1950-04-10,   0-04-11,23:59,00:55,00:43,W,01:14,W,45,12, 2 ,2-3,12 38 40,+29 28 42,12 41 07.3,+29 12 15,POSS-I VI/25,https://cdsarc.cds.unistra.fr/viz-bin/cat/VI/25
     323,1393, 323, 3.35655785, 3.48993015, 65.36, 85.99,151,1955-04-15,   0-04-16,22:17,22:00,01:01,E,01:18,E,50,12, 3 , 3 ,13 04 33,+29 29 25,13 06 56.1,+29 13 24,POSS-I VI/25,https://cdsarc.cds.unistra.fr/viz-bin/cat/VI/25
     324, 131, 324, 3.46940899, 3.60280895, 48.48, 80.66,143,1950-06-05,   0-06-06,21:33,21:08,01:11,W,00:46,W,45,12, 2 , 2 ,13 30 25,+29 30 33,13 32 44.1,+29 15 10,POSS-I VI/25,https://cdsarc.cds.unistra.fr/viz-bin/cat/VI/25
     325,  86, 325, 3.58225346, 3.71569252, 45.19, 75.07,161,1950-04-18,   0-04-19,00:06,23:43,00:10,W,00:13,E,45,12,2-3,2-3,13 56 17,+29 32 06,13 58 32.3,+29 17 33,POSS-I VI/25,https://cdsarc.cds.unistra.fr/viz-bin/cat/VI/25
     326,  70, 326, 3.69501686, 3.82851315, 44.59, 69.46,177,1950-04-12,   0-04-13,00:54,00:32,00:08,W,00:14,E,45,12, 2 , 2 ,14 22 08,+29 34 26,14 24 19.7,+29 20 53,POSS-I VI/25,https://cdsarc.cds.unistra.fr/viz-bin/cat/VI/25
     327,1390, 327, 3.80807495, 3.94162083, 44.94, 63.82,147,1955-04-14,   0-04-15,23:49,23:32,01:16,E,01:34,E,50,12, 3 , 3 ,14 48 03,+29 36 26,14 50 11.3,+29 24 05,POSS-I VI/25,https://cdsarc.cds.unistra.fr/viz-bin/cat/VI/25
     328,1092, 328, 3.92120171, 4.05480480, 45.78, 58.20,174,1954-06-26,   0-06-27,20:35,21:30,00:08,E,00:47,W,50,13, 2 , 2 ,15 13 59,+29 38 40,15 16 04.3,+29 27 39,POSS-I VI/25,https://cdsarc.cds.unistra.fr/viz-bin/cat/VI/25
     329, 121, 329, 4.03410244, 4.16777992, 46.92, 52.62,173,1950-05-18,   0-05-19,00:12,23:51,00:30,W,00:10,W,45,12,2-3,2-3,15 39 52,+29 41 41,15 41 54.6,+29 32 09,POSS-I VI/25,https://cdsarc.cds.unistra.fr/viz-bin/cat/VI/25
     330, 134, 330, 4.14721680, 4.28096676, 48.26, 47.05,180,1950-06-07,   0-06-08,22:51,22:27,00:02,W,00:22,E,45,12, 2 , 2 ,16 05 48,+29 44 32,16 07 48.3,+29 36 37,POSS-I VI/25,https://cdsarc.cds.unistra.fr/viz-bin/cat/VI/25
     331,1097, 331, 4.26025772, 4.39409351, 49.78, 41.54,210,1954-06-27,   0-06-28,22:09,23:04,00:12,W,01:08,W,50,13, 2 , 2 ,16 31 43,+29 47 56,16 33 41.3,+29 41 44,POSS-I VI/25,https://cdsarc.cds.unistra.fr/viz-bin/cat/VI/25
     332, 129, 332, 4.37358952, 4.50751114, 51.43, 36.05,261,1950-05-20,   0-05-21,01:09,00:48,00:17,W,00:02,E,45,12, 3 , 3 ,16 57 42,+29 51 19,16 59 38.9,+29 46 54,POSS-I VI/25,https://cdsarc.cds.unistra.fr/viz-bin/cat/VI/25
     333, 152, 333, 4.48691845, 4.62093163, 53.24, 30.62,275,1950-06-17,   0-06-18,23:55,00:50,00:27,W,01:23,W,45,12, 3 , 2 ,17 23 41,+29 54 56,17 25 36.8,+29 52 22,POSS-I VI/25,https://cdsarc.cds.unistra.fr/viz-bin/cat/VI/25
     334, 532, 334, 4.60017395, 4.73427296, 55.18, 25.27,281,1952-07-18,   0-07-19,22:09,23:14,00:19,W,01:25,W,60,10,1-2,1-2,17 49 39,+29 58 20,17 51 34.3,+29 57 39,POSS-I VI/25,https://cdsarc.cds.unistra.fr/viz-bin/cat/VI/25
     335, 282, 335, 4.71350479, 4.84769154, 57.29, 19.99,303,1951-07-10,   0-07-11,23:07,22:44,00:17,W,00:06,E,50,12, 2 , 2 ,18 15 38,+30 01 47,18 17 33.2,+30 03 00,POSS-I VI/25,https://cdsarc.cds.unistra.fr/viz-bin/cat/VI/25
     336, 267, 336, 4.82718945, 4.96147537, 59.57, 14.79,395,1951-07-05,   0-07-06,22:12,23:09,01:24,E,00:27,E,50,12, 3 , 3 ,18 41 42,+30 05 40,18 43 37.7,+30 08 46,POSS-I VI/25,https://cdsarc.cds.unistra.fr/viz-bin/cat/VI/25
     337, 153, 337, 4.94052029, 5.07489395, 62.03,  9.71,464,1950-06-17,   0-06-18,01:44,01:21,00:33,W,00:10,W,45,12, 3 , 3 ,19 07 41,+30 09 05,19 09 37.6,+30 14 01,POSS-I VI/25,https://cdsarc.cds.unistra.fr/viz-bin/cat/VI/25
     338, 275, 338, 5.05414009, 5.18860054, 64.71,  4.75,534,1951-07-07,   0-07-08,00:24,01:23,00:05,W,01:04,W,50,12, 3 , 3 ,19 33 44,+30 12 28,19 35 42.1,+30 19 11,POSS-I VI/25,https://cdsarc.cds.unistra.fr/viz-bin/cat/VI/25
     339, 771, 339, 5.16783619, 5.30237961, 67.63, -0.07,582,1953-07-10,   0-07-11,01:08,02:00,00:37,W,01:28,W,45,12,3-4, 4 ,19 59 48,+30 15 41,20 01 48.0,+30 24 05,POSS-I VI/25,https://cdsarc.cds.unistra.fr/viz-bin/cat/VI/25
     340, 332, 340, 5.28160477, 5.41623211, 70.82, -4.71,481,1951-08-31,   0-09-01,20:55,21:51,00:41,E,00:16,W,50,10, 1 , 1 ,20 25 53,+30 18 55,20 27 55.4,+30 28 54,POSS-I VI/25,https://cdsarc.cds.unistra.fr/viz-bin/cat/VI/25
     341, 757, 341, 5.39530945, 5.53000355, 74.30, -9.15,395,1953-06-14,   0-06-15,01:43,01:26,01:23,E,01:40,E,45,12,2-3, 2 ,20 51 57,+30 21 29,20 54 02.2,+30 32 56,POSS-I VI/25,https://cdsarc.cds.unistra.fr/viz-bin/cat/VI/25
     342, 803, 342, 5.50922966, 5.64399242, 78.14,-13.34,333,1953-09-02,   0-09-03,22:03,22:53,00:15,E,00:35,W,45,12, 3 , 3 ,21 18 04,+30 24 11,21 20 12.4,+30 36 56,POSS-I VI/25,https://cdsarc.cds.unistra.fr/viz-bin/cat/VI/25
     343,1212, 343, 5.62308979, 5.75790405, 82.33,-17.25,316,1954-09-21,   0-09-22,21:28,22:24,00:59,W,00:54,W,50,13, 4 , 3 ,21 44 10,+30 26 09,21 46 21.9,+30 40 03,POSS-I VI/25,https://cdsarc.cds.unistra.fr/viz-bin/cat/VI/25
     344, 383, 344, 5.73701954, 5.87188148, 86.93,-20.83,330,1951-09-25,   0-09-26,20:40,21:47,01:01,E,00:06,W,60,10,2-3,3-4,22 10 17,+30 27 59,22 12 32.8,+30 42 51,POSS-I VI/25,https://cdsarc.cds.unistra.fr/viz-bin/cat/VI/25
     345,1174, 345, 5.85102749, 5.98593330, 91.95,-24.02,348,1954-08-08,   0-08-09,00:40,00:22,00:35,E,00:54,E,50,13, 3 , 3 ,22 36 25,+30 29 38,22 38 44.9,+30 45 16,POSS-I VI/25,https://cdsarc.cds.unistra.fr/viz-bin/cat/VI/25
     346,1184, 346, 5.96496868, 6.09990120, 97.39,-26.75,266,1954-08-28,   0-08-29,00:19,01:15,00:03,E,00:53,W,50,13,2-3,2-3,23 02 32,+30 30 40,23 04 56.1,+30 46 52,POSS-I VI/25,https://cdsarc.cds.unistra.fr/viz-bin/cat/VI/25
     347, 914, 347, 6.07906055, 6.21401215,103.24,-28.98,237,1953-12-06,   0-12-07,18:17,19:08,00:03,W,00:54,W,45,12, 3 , 3 ,23 28 41,+30 31 25,23 31 09.6,+30 47 58,POSS-I VI/25,https://cdsarc.cds.unistra.fr/viz-bin/cat/VI/25
     348, 606, 348, 6.18719864, 6.32258892,109.20,-30.31,282,1952-09-17,   0-09-18,23:02,22:47,00:51,E,01:05,E,60,10,2-3,2-3,23 53 31,+30 48 02,23 56 03.9,+31 04 44,POSS-I VI/25,https://cdsarc.cds.unistra.fr/viz-bin/cat/VI/25
     349, 205, 349,-0.04210327, 0.08471835,110.41,-36.99,210,1950-08-11,   0-08-12,02:37,02:05,00:06,W,00:26,E,45,12,2-3, 3 ,00 04 53,+24 31 45,00 07 27.6,+24 48 27,POSS-I VI/25,https://cdsarc.cds.unistra.fr/viz-bin/cat/VI/25
     350,1188, 350, 0.07178175, 0.19859874,117.81,-37.89,231,1954-08-30,   0-08-31,01:35,02:30,00:08,E,00:47,W,50,13,2-3,2-3,00 30 59,+24 31 30,00 33 37.1,+24 48 02,POSS-I VI/25,https://cdsarc.cds.unistra.fr/viz-bin/cat/VI/25
     351, 857, 351, 0.18567067, 0.31247526,125.34,-38.05,191,1953-10-11,   0-10-12,23:04,22:46,00:18,E,00:36,E,45,12, 2 ,1-2,00 57 05,+24 30 52,00 59 46.5,+24 47 02,POSS-I VI/25,https://cdsarc.cds.unistra.fr/viz-bin/cat/VI/25
     352,1229, 352, 0.29963714, 0.42641956,132.81,-37.45,197,1954-09-27,   0-09-28,00:15,01:10,00:30,E,00:25,W,50,13, 2 , 2 ,01 23 12,+24 29 43,01 25 56.8,+24 45 18,POSS-I VI/25,https://cdsarc.cds.unistra.fr/viz-bin/cat/VI/25
     353, 896, 353, 0.41353291, 0.54028898,140.04,-36.13,175,1953-11-12,   0-11-13,21:53,22:43,00:16,E,00:34,W,45,12,3-4,3-4,01 49 18,+24 28 21,01 52 06.0,+24 43 08,POSS-I VI/25,https://cdsarc.cds.unistra.fr/viz-bin/cat/VI/25
     354, 858, 354, 0.52743345, 0.65415412,146.88,-34.13,188,1953-10-11,   0-10-12,00:41,01:33,00:00, ,00:52,W,45,12, 3 , 3 ,02 15 24,+24 26 31,02 18 14.9,+24 40 20,POSS-I VI/25,https://cdsarc.cds.unistra.fr/viz-bin/cat/VI/25
     355, 222, 355, 0.64133841, 0.76801437,153.24,-31.53,153,1950-12-08,   0-12-09,19:50,20:43,01:30,E,00:37,E,45,12, 5 , 5 ,02 41 30,+24 24 12,02 44 23.6,+24 36 51,POSS-I VI/25,https://cdsarc.cds.unistra.fr/viz-bin/cat/VI/25
     356,1276, 356, 0.75509793, 0.88172942,159.06,-28.39,176,1954-11-22,   0-11-23,22:10,21:52,00:39,E,00:57,E,45,12, 3 , 2 ,03 07 34,+24 21 53,03 10 30.1,+24 33 13,POSS-I VI/25,https://cdsarc.cds.unistra.fr/viz-bin/cat/VI/25
     357, 441, 357, 0.86879033, 0.99536628,164.35,-24.81,261,1951-11-29,   0-11-30,22:39,22:18,00:10,E,00:31,E,50,10,1-3,1-2,03 33 37,+24 18 59,03 36 35.2,+24 28 51,POSS-I VI/25,https://cdsarc.cds.unistra.fr/viz-bin/cat/VI/25
     358,  31, 358, 0.98366034, 1.11015034,169.21,-20.83,230,1949-12-21,   0-12-22,20:21,20:04,01:25,E,01:42,E,45,12, 3 , 3 ,03 59 56,+24 14 30,04 02 56.0,+24 22 46,POSS-I VI/25,https://cdsarc.cds.unistra.fr/viz-bin/cat/VI/25
     359, 228, 359, 1.09617615, 1.22263622,173.49,-16.57,134,1950-12-10,   0-12-11,21:02,21:56,01:54,E,01:00,E,45,12, 3 , 3 ,04 25 43,+24 12 57,04 28 44.4,+24 19 32,POSS-I VI/25,https://cdsarc.cds.unistra.fr/viz-bin/cat/VI/25
     360,1461, 360, 1.20994759, 1.33633900,177.44,-12.01,189,1955-10-24,   0-10-25,01:22,02:17,01:06,E,00:11,E,50, 8, 3 , 4 ,04 51 47,+24 09 21,04 54 49.5,+24 14 09,POSS-I VI/25,https://cdsarc.cds.unistra.fr/viz-bin/cat/VI/25
     361, 454, 361, 1.32342625, 1.44975567,181.02, -7.25,186,1951-12-26,   0-12-27,22:17,23:24,00:29,E,00:38,W,60,10, 2 ,1-2,05 17 47,+24 06 02,05 20 50.2,+24 08 59,POSS-I VI/25,https://cdsarc.cds.unistra.fr/viz-bin/cat/VI/25
     362, 416, 362, 1.43704987, 1.56331348,184.31, -2.29,404,1951-11-07,   0-11-08,01:36,01:20,00:49,E,01:05,E,50,10, 2 , 2 ,05 43 49,+24 02 36,05 46 52.5,+24 03 40,POSS-I VI/25,https://cdsarc.cds.unistra.fr/viz-bin/cat/VI/25
     363,1278, 363, 1.55045986, 1.67665100,187.35,  2.81,383,1954-11-22,   0-11-23,01:26,01:08,00:25,E,00:43,E,45,12, 3 , 3 ,06 09 48,+23 58 42,06 12 51.4,+23 57 52,POSS-I VI/25,https://cdsarc.cds.unistra.fr/viz-bin/cat/VI/25
     364,  23, 364, 1.66365910, 1.78976250,190.18,  8.02,329,1949-11-24,   0-11-25,01:06,00:44,01:01,E,01:23,E,45,12, 2 , 2 ,06 35 44,+23 54 00,06 38 46.9,+23 51 18,POSS-I VI/25,https://cdsarc.cds.unistra.fr/viz-bin/cat/VI/25
     365,1590, 365, 1.77742195, 1.90347576,192.82, 13.38,332,1956-04-07,   0-04-08,19:24,20:09,01:40,W,02:25,W,40, 8,2-3, 3 ,07 01 48,+23 51 24,07 04 50.1,+23 46 51,POSS-I VI/25,https://cdsarc.cds.unistra.fr/viz-bin/cat/VI/25
     366,1310, 366, 1.89067936, 2.01667404,195.32, 18.81,276,1954-12-21,   0-12-22,01:03,00:46,00:11,E,00:29,E,45,12,2-3, 3 ,07 27 45,+23 48 14,07 30 45.9,+23 41 54,POSS-I VI/25,https://cdsarc.cds.unistra.fr/viz-bin/cat/VI/25
     367, 226, 367, 2.00393677, 2.12987423,197.71, 24.31,246,1950-12-08,   0-12-09,02:38,03:32,00:07,W,01:01,W,45,12,4-5,2-3,07 53 42,+23 45 09,07 56 41.4,+23 37 06,POSS-I VI/25,https://cdsarc.cds.unistra.fr/viz-bin/cat/VI/25
     368,1364, 368, 2.11712170, 2.24300003,200.04, 29.88,206,1955-03-24,   0-03-25,19:20,20:17,00:40,E,00:16,W,50,12, 3 , 3 ,08 19 38,+23 41 55,08 22 35.6,+23 32 16,POSS-I VI/25,https://cdsarc.cds.unistra.fr/viz-bin/cat/VI/25
     369,1355, 369, 2.23030281, 2.35612965,202.32, 35.50,210,1955-03-22,   0-03-23,20:50,20:33,00:16,W,00:01,E,50,12, 2 , 2 ,08 45 34,+23 39 11,08 48 29.5,+23 28 04,POSS-I VI/25,https://cdsarc.cds.unistra.fr/viz-bin/cat/VI/25
     370, 237, 370, 2.34370327, 2.46947670,204.61, 41.17,189,1951-02-03,   0-02-04,23:10,00:05,00:56,E,00:01,W,50,12, 2 , 2 ,09 11 33,+23 36 16,09 14 26.1,+23 23 48,POSS-I VI/25,https://cdsarc.cds.unistra.fr/viz-bin/cat/VI/25
     371,  25, 371, 2.45565605, 2.58136272,206.96, 46.80,154,1949-11-24,   0-11-25,04:00,03:40,01:08,E,01:28,E,45,12, 2 , 2 ,09 37 12,+23 32 41,09 40 02.5,+23 19 04,POSS-I VI/25,https://cdsarc.cds.unistra.fr/viz-bin/cat/VI/25
     372,1352, 372, 2.56968784, 2.69538689,209.40, 52.58,152,1955-03-21,   0-03-22,21:34,21:14,00:22,E,00:42,E,50,12,1-2,1-2,10 03 20,+23 32 18,10 06 07.7,+23 17 40,POSS-I VI/25,https://cdsarc.cds.unistra.fr/viz-bin/cat/VI/25
     373,1380, 373, 2.68271065, 2.80838299,212.10, 58.31,148,1955-04-12,   0-04-13,20:16,19:59,00:39,E,00:56,E,50,12, 3 , 3 ,10 29 14,+23 30 47,10 31 58.7,+23 15 20,POSS-I VI/25,https://cdsarc.cds.unistra.fr/viz-bin/cat/VI/25
     374,1366, 374, 2.79573154, 2.92138290,215.24, 64.06,157,1955-03-24,   0-03-25,22:16,23:11,00:19,E,00:36,W,50,12, 3 , 3 ,10 55 08,+23 29 38,10 57 49.6,+23 13 34,POSS-I VI/25,https://cdsarc.cds.unistra.fr/viz-bin/cat/VI/25
     375,1353, 375, 2.90867805, 3.03431225,219.26, 69.78,153,1955-03-21,   0-03-22,23:25,23:07,00:12,W,00:06,E,50,12, 2 , 2 ,11 21 01,+23 28 43,11 23 39.5,+23 12 14,POSS-I VI/25,https://cdsarc.cds.unistra.fr/viz-bin/cat/VI/25
     376, 103, 376, 3.02169132, 3.14731789,225.21, 75.46,160,1950-05-09,   0-05-10,20:52,20:33,00:27,W,00:08,W,45,12,2-3, 2 ,11 46 55,+23 28 18,11 49 30.2,+23 11 37,POSS-I VI/25,https://cdsarc.cds.unistra.fr/viz-bin/cat/VI/25
     377, 135, 377, 3.13477421, 3.26040077,236.70, 80.94,154,1950-06-09,   0-06-10,20:45,21:42,01:56,W,02:53,W,45,12, 3 , 3 ,12 12 50,+23 28 17,12 15 22.0,+23 11 37,POSS-I VI/25,https://cdsarc.cds.unistra.fr/viz-bin/cat/VI/25
     378,1435, 378, 3.24770832, 3.37334061,271.82, 85.44,159,1955-05-21,   0-05-22,20:14,21:09,00:17,E,00:38,W,50,12, 3 , 3 ,12 38 43,+23 28 39,12 41 11.8,+23 12 12,POSS-I VI/25,https://cdsarc.cds.unistra.fr/viz-bin/cat/VI/25
     379,1581, 379, 3.36071205, 3.48635864,345.89, 84.74,157,1956-03-17,   0-03-18,23:44,23:32,01:25,E,01:37,E,45, 8,3-4,3-4,13 04 37,+23 29 24,13 07 02.6,+23 13 23,POSS-I VI/25,https://cdsarc.cds.unistra.fr/viz-bin/cat/VI/25
     380, 125, 380, 3.47371101, 3.59937954, 12.75, 79.86,158,1950-05-19,   0-05-20,21:47,22:39,00:19,W,01:10,W,45,12, 3 ,2-3,13 30 31,+23 30 35,13 32 53.5,+23 15 12,POSS-I VI/25,https://cdsarc.cds.unistra.fr/viz-bin/cat/VI/25
     381,  68, 381, 3.58634377, 3.71203995, 22.47, 74.33,161,1950-04-11,   0-04-12,00:26,00:02,00:02,W,00:22,E,45,12, 2 , 2 ,13 56 20,+23 32 06,13 58 39.6,+23 17 33,POSS-I VI/25,https://cdsarc.cds.unistra.fr/viz-bin/cat/VI/25
     382,  61, 382, 3.69969845, 3.82543182, 27.91, 68.63,157,1950-03-20,   0-03-21,03:30,03:01,01:14,W,00:45,W,45,12, 4 , 4 ,14 22 19,+23 34 10,14 24 35.8,+23 20 38,POSS-I VI/25,https://cdsarc.cds.unistra.fr/viz-bin/cat/VI/25
     383, 102, 383, 3.81290627, 3.93867970, 31.70, 62.89,138,1950-05-08,   0-05-09,23:40,23:10,00:11,W,00:20,E,45,12, 3 ,3-4,14 48 16,+23 36 15,14 50 30.2,+23 23 54,POSS-I VI/25,https://cdsarc.cds.unistra.fr/viz-bin/cat/VI/25
     384,  87, 384, 3.92589283, 4.05171394, 34.73, 57.15,145,1950-04-18,   0-04-19,01:04,01:59,00:10,E,00:45,W,45,12,2-3,2-3,15 14 10,+23 38 52,15 16 21.9,+23 27 52,POSS-I VI/25,https://cdsarc.cds.unistra.fr/viz-bin/cat/VI/25
     385,1119, 385, 4.03909492, 4.16496754, 37.36, 51.41,171,1954-07-02,   0-07-03,20:27,21:22,00:19,E,00:37,W,50,13, 4 , 4 ,15 40 07,+23 41 39,15 42 16.8,+23 32 09,POSS-I VI/25,https://cdsarc.cds.unistra.fr/viz-bin/cat/VI/25
     386, 113, 386, 4.15221786, 4.27814770, 39.79, 45.70,183,1950-05-14,   0-05-15,01:30,01:13,01:08,W,00:50,W,45,12,2-3, 2 ,16 06 03,+23 44 43,16 08 11.0,+23 36 49,POSS-I VI/25,https://cdsarc.cds.unistra.fr/viz-bin/cat/VI/25
     387,1438, 387, 4.26542091, 4.39140606, 42.11, 40.01,201,1955-05-21,   0-05-22,00:07,23:51,00:16,E,00:32,E,50,12, 2 , 2 ,16 32 00,+23 47 45,16 34 06.5,+23 41 34,POSS-I VI/25,https://cdsarc.cds.unistra.fr/viz-bin/cat/VI/25
     388,1377, 388, 4.37868786, 4.50473785, 44.39, 34.35,223,1955-03-31,   0-04-01,03:32,03:15,00:37,E,00:55,E,50,12,3-4, 4 ,16 57 58,+23 51 11,17 00 03.3,+23 46 48,POSS-I VI/25,https://cdsarc.cds.unistra.fr/viz-bin/cat/VI/25
     389, 263, 389, 4.49209976, 4.61821842, 46.68, 28.74,248,1951-07-04,   0-07-05,20:56,22:55,01:25,E,00:26,E,50,12, 2 , 2 ,17 23 58,+23 54 51,17 26 02.5,+23 52 19,POSS-I VI/25,https://cdsarc.cds.unistra.fr/viz-bin/cat/VI/25
     390, 260, 390, 4.60544109, 4.73162651, 49.01, 23.19,300,1951-06-27,   0-06-28,22:36,22:10,00:40,E,01:05,E,50,12,1-2, 2 ,17 49 57,+23 58 26,17 52 01.1,+23 57 47,POSS-I VI/25,https://cdsarc.cds.unistra.fr/viz-bin/cat/VI/25
     391,1089, 391, 4.71870804, 4.84496593, 51.43, 17.70,308,1954-06-02,   0-06-03,01:27,02:21,00:08,W,01:02,W,50,15, 3 , 3 ,18 15 55,+24 02 13,18 17 59.1,+24 03 27,POSS-I VI/25,https://cdsarc.cds.unistra.fr/viz-bin/cat/VI/25
     392, 284, 392, 4.83233452, 4.95865536, 53.96, 12.28,313,1951-07-11,   0-07-12,23:32,23:11,00:20,W,00:01,E,50,12,3-4,3-4,18 41 58,+24 05 35,18 44 02.4,+24 08 42,POSS-I VI/25,https://cdsarc.cds.unistra.fr/viz-bin/cat/VI/25
     393, 149, 393, 4.94575024, 5.07213402, 56.63,  6.97,350,1950-06-15,   0-06-16,01:27,02:22,00:08,W,01:02,W,45,12, 2 ,1-2,19 07 58,+24 08 57,19 10 03.1,+24 13 54,POSS-I VI/25,https://cdsarc.cds.unistra.fr/viz-bin/cat/VI/25
     394, 185, 394, 5.05931377, 5.18576622, 59.50,  1.76,416,1950-07-16,   0-07-17,23:45,00:40,00:01,W,00:56,W,45,12,2-3, 3 ,19 34 00,+24 12 33,19 36 06.2,+24 19 17,POSS-I VI/25,https://cdsarc.cds.unistra.fr/viz-bin/cat/VI/25
     395, 289, 395, 5.17301655, 5.29953194, 62.58, -3.32,420,1951-07-13,   0-07-14,00:19,01:15,00:03,E,01:53,W,50,12,1-3, 3 ,20 00 04,+24 15 51,20 02 11.7,+24 24 16,POSS-I VI/25,https://cdsarc.cds.unistra.fr/viz-bin/cat/VI/25
     396,1608, 396, 5.28650761, 5.41307831, 65.92, -8.23,406,1956-05-10,   0-05-11,02:33,02:20,02:24,E,02:37,E,45, 8, 2 , 2 ,20 26 05,+24 18 40,20 28 14.5,+24 28 40,POSS-I VI/25,https://cdsarc.cds.unistra.fr/viz-bin/cat/VI/25
     397,1103, 397, 5.40021610, 5.52683830, 69.58,-12.96,320,1954-06-28,   0-06-29,01:11,02:05,01:02,E,00:07,E,50,13, 3 ,2-3,20 52 09,+24 21 24,20 54 20.7,+24 32 51,POSS-I VI/25,https://cdsarc.cds.unistra.fr/viz-bin/cat/VI/25
     398, 290, 398, 5.51407528, 5.64075089, 73.60,-17.45,224,1951-07-13,   0-07-14,01:35,02:30,00:06,E,00:50,W,50,12, 3 , 3 ,21 18 15,+24 24 10,21 20 29.1,+24 36 56,POSS-I VI/25,https://cdsarc.cds.unistra.fr/viz-bin/cat/VI/25
     399, 286, 399, 5.62800884, 5.75472641, 78.04,-21.68,232,1951-07-11,   0-07-12,02:14,01:52,00:00, ,00:22,E,50,12, 3 ,3-4,21 44 22,+24 26 23,21 46 38.9,+24 40 18,POSS-I VI/25,https://cdsarc.cds.unistra.fr/viz-bin/cat/VI/25
     400, 204, 400, 5.74166012, 5.86840820, 82.92,-25.57,217,1950-08-11,   0-08-12,00:50,01:44,00:13,W,01:07,W,45,12,3-4, 3 ,22 10 25,+24 27 54,22 12 44.8,+24 42 46,POSS-I VI/25,https://cdsarc.cds.unistra.fr/viz-bin/cat/VI/25
     401, 817, 401, 5.85552597, 5.98230648, 88.33,-29.07,211,1953-09-14,   0-09-15,23:12,00:03,01:24,W,01:14,W,45,12,1-2, 2 ,22 36 31,+24 29 36,22 38 54.0,+24 45 14,POSS-I VI/25,https://cdsarc.cds.unistra.fr/viz-bin/cat/VI/25
     402,1175, 402, 5.96946907, 6.09627056, 94.26,-32.10,222,1954-08-08,   0-08-09,01:54,01:36,00:13,W,00:05,E,50,13, 3 , 3 ,23 02 38,+24 30 43,23 05 04.3,+24 46 55,POSS-I VI/25,https://cdsarc.cds.unistra.fr/viz-bin/cat/VI/25
     403, 843, 403, 6.08334446, 6.21015930,100.72,-34.59,217,1953-10-07,   0-10-08,22:29,23:20,00:19,W,01:11,W,45,12,2-3,1-2,23 28 44,+24 31 24,23 31 13.8,+24 47 58,POSS-I VI/25,https://cdsarc.cds.unistra.fr/viz-bin/cat/VI/25
     404, 779, 404, 6.19722748, 6.32404804,107.64,-36.45,201,1953-08-10,   0-08-11,02:11,03:01,00:14,E,00:36,W,45,12,2-3,2-3,23 54 50,+24 31 44,23 57 23.2,+24 48 26,POSS-I VI/25,https://cdsarc.cds.unistra.fr/viz-bin/cat/VI/25
     405,1195, 405,-0.03911887, 0.08173394,108.68,-42.84,155,1954-09-03,   0-09-04,00:06,01:01,00:56,E,00:00, ,50,13, 2 , 2 ,00 04 53,+18 31 44,00 07 27.4,+18 48 26,POSS-I VI/25,https://cdsarc.cds.unistra.fr/viz-bin/cat/VI/25
     406, 903, 406, 0.06589335, 0.18674290,116.41,-43.82,171,1953-11-28,   0-11-29,19:31,20:23,00:15,E,00:37,W,45,12,1-2, 2 ,00 28 57,+18 31 30,00 31 33.7,+18 48 03,POSS-I VI/25,https://cdsarc.cds.unistra.fr/viz-bin/cat/VI/25
     407, 930, 407, 0.17090786, 0.29174978,124.33,-44.07,164,1953-12-30,   0-12-31,18:10,19:04,00:06,W,01:00,W,45,12, 2 , 2 ,00 53 01,+18 30 57,00 55 40.1,+18 47 11,POSS-I VI/25,https://cdsarc.cds.unistra.fr/viz-bin/cat/VI/25
     408,1251, 408, 0.27592421, 0.39675421,132.21,-43.60,163,1954-10-05,   0-10-06,00:01,23:49,00:06,E,00:24,E,50,13,1-3, 3 ,01 17 05,+18 30 06,01 19 46.3,+18 45 50,POSS-I VI/25,https://cdsarc.cds.unistra.fr/viz-bin/cat/VI/25
     409,1275, 409, 0.38094240, 0.50175703,139.84,-42.41,165,1954-11-22,   0-11-23,21:01,20:44,00:22,E,00:39,E,45,12, 2 ,2-3,01 41 09,+18 29 00,01 43 52.5,+18 44 04,POSS-I VI/25,https://cdsarc.cds.unistra.fr/viz-bin/cat/VI/25
     410,1202, 410, 0.48603839, 0.60682797,147.06,-40.57,140,1954-09-05,   0-09-06,02:33,03:28,00:20,E,00:35,W,50,13, 2 , 2 ,02 05 14,+18 27 12,02 07 59.5,+18 41 25,POSS-I VI/25,https://cdsarc.cds.unistra.fr/viz-bin/cat/VI/25
     411, 443, 411, 0.59106249, 0.71182489,153.74,-38.14,135,1951-11-30,   0-12-01,20:25,20:06,01:15,E,01:35,E,50,10, 1 , 1 ,02 29 18,+18 25 15,02 32 05.4,+18 38 28,POSS-I VI/25,https://cdsarc.cds.unistra.fr/viz-bin/cat/VI/25
     412, 425, 412, 0.69594175, 0.81667662,159.84,-35.19,135,1951-11-27,   0-11-28,21:10,20:53,01:06,E,01:23,E,50,10, 2 , 3 ,02 53 20,+18 23 16,02 56 09.2,+18 35 21,POSS-I VI/25,https://cdsarc.cds.unistra.fr/viz-bin/cat/VI/25
     413,1460, 413, 0.80089533, 0.92159879,165.36,-31.82,158,1955-10-24,   0-10-25,00:13,01:08,00:41,E,00:14,W,50, 8,3-4,3-4,03 17 23,+18 21 00,03 20 13.7,+18 31 48,POSS-I VI/25,https://cdsarc.cds.unistra.fr/viz-bin/cat/VI/25
     414, 444, 414, 0.90584904, 1.02652073,170.34,-28.08,143,1951-11-30,   0-12-01,21:53,21:34,00:59,E,01:18,E,50,10,1-2,1-2,03 41 26,+18 18 42,03 44 18.1,+18 28 07,POSS-I VI/25,https://cdsarc.cds.unistra.fr/viz-bin/cat/VI/25
     415, 223, 415, 1.01073742, 1.13136101,174.84,-24.06,141,1950-12-08,   0-12-09,21:29,21:06,01:15,E,01:38,E,45,12, 4 , 5 ,04 05 28,+18 15 12,04 08 21.2,+18 23 07,POSS-I VI/25,https://cdsarc.cds.unistra.fr/viz-bin/cat/VI/25
     416,1501, 416, 1.11562252, 1.23620605,178.92,-19.78,181,1955-12-10,   0-12-11,23:15,00:05,00:14,W,01:04,W,45, 8, 1 , 1 ,04 29 30,+18 12 16,04 32 24.1,+18 18 36,POSS-I VI/25,https://cdsarc.cds.unistra.fr/viz-bin/cat/VI/25
     417,1481, 417, 1.22043610, 1.34097767,182.62,-15.30,156,1955-11-18,   0-11-19,00:01,23:46,00:50,E,01:05,E,50, 8,1-2, 1 ,04 53 31,+18 09 17,04 56 25.8,+18 13 58,POSS-I VI/25,https://cdsarc.cds.unistra.fr/viz-bin/cat/VI/25
     418, 639, 418, 1.32532215, 1.44582176,186.02,-10.65,205,1953-01-08,   0-01-09,20:33,20:16,01:19,E,01:36,E,40,10,3-4,3-4,05 17 33,+18 06 08,05 20 28.3,+18 09 06,POSS-I VI/25,https://cdsarc.cds.unistra.fr/viz-bin/cat/VI/25
     419, 427, 419, 1.43006420, 1.55051994,189.16, -5.87,307,1951-11-27,   0-11-28,23:48,23:30,01:16,E,01:34,E,50,10, 2 , 2 ,05 41 33,+18 02 55,05 44 28.5,+18 04 09,POSS-I VI/25,https://cdsarc.cds.unistra.fr/viz-bin/cat/VI/25
     420,1494, 420, 1.53480816, 1.65521431,192.10, -0.97,356,1955-11-23,   0-11-24,02:22,03:11,00:39,W,01:28,W,45, 8,2-3, 2 ,06 05 33,+17 59 19,06 08 28.4,+17 58 48,POSS-I VI/25,https://cdsarc.cds.unistra.fr/viz-bin/cat/VI/25
     421,1470, 421, 1.63954926, 1.75991344,194.86,  4.02,342,1955-11-10,   0-11-11,02:53,02:41,00:05,E,00:17,E,50, 8,1-2,1-2,06 29 33,+17 56 10,06 32 28.1,+17 53 55,POSS-I VI/25,https://cdsarc.cds.unistra.fr/viz-bin/cat/VI/25
     422, 417, 422, 1.74421787, 1.86453819,197.50,  9.09,346,1951-11-07,   0-11-08,02:49,02:34,00:45,E,01:00,E,50,10, 2 , 2 ,06 53 32,+17 52 54,06 56 26.6,+17 48 56,POSS-I VI/25,https://cdsarc.cds.unistra.fr/viz-bin/cat/VI/25
     423, 641, 423, 1.84888744, 1.96916389,200.04, 14.23,329,1953-01-08,   0-01-09,22:40,22:27,01:09,E,01:25,E,40,10, 3 , 3 ,07 17 31,+17 49 39,07 20 24.9,+17 44 01,POSS-I VI/25,https://cdsarc.cds.unistra.fr/viz-bin/cat/VI/25
     424,1507, 424, 1.95348263, 2.07371712,202.52, 19.42,282,1955-12-11,   0-12-12,01:57,02:46,00:11,E,00:38,W,45, 8, 2 , 2 ,07 41 29,+17 46 32,07 44 22.0,+17 39 17,POSS-I VI/25,https://cdsarc.cds.unistra.fr/viz-bin/cat/VI/25
     425, 236, 425, 2.05822372, 2.17841434,204.99, 24.65,238,1951-02-03,   0-02-04,21:54,22:49,01:05,E,00:10,E,50,12, 2 , 2 ,08 05 29,+17 43 19,08 08 20.8,+17 34 32,POSS-I VI/25,https://cdsarc.cds.unistra.fr/viz-bin/cat/VI/25
     426,1311, 426, 2.16259575, 2.28275585,207.46, 29.91,293,1954-12-21,   0-12-22,02:11,01:54,00:05,E,00:22,E,45,12,2-3, 2 ,08 29 24,+17 40 59,08 32 14.5,+17 30 46,POSS-I VI/25,https://cdsarc.cds.unistra.fr/viz-bin/cat/VI/25
     427,  62, 427, 2.26711559, 2.38723946,210.02, 35.19,250,1950-03-21,   0-03-22,21:26,21:03,00:42,W,00:19,W,45,12,3-4,3-4,08 53 21,+17 38 16,08 56 10.0,+17 26 44,POSS-I VI/25,https://cdsarc.cds.unistra.fr/viz-bin/cat/VI/25
     428,  57, 428, 2.37170410, 2.49179935,212.70, 40.50,195,1950-03-20,   0-03-21,21:40,21:18,00:28,W,00:06,W,45,12, 2 , 2 ,09 17 19,+17 36 09,09 20 06.4,+17 23 25,POSS-I VI/25,https://cdsarc.cds.unistra.fr/viz-bin/cat/VI/25
     429,1509, 429, 2.47622013, 2.59628677,215.60, 45.80,164,1955-12-11,   0-12-12,04:00,04:49,00:07,E,00:41,W,45, 8, 2 , 2 ,09 41 16,+17 34 01,09 44 01.6,+17 20 14,POSS-I VI/25,https://cdsarc.cds.unistra.fr/viz-bin/cat/VI/25
     430,1356, 430, 2.58058834, 2.70063114,218.84, 51.08,163,1955-03-22,   0-03-23,22:02,21:45,00:08,W,00:09,E,50,12,2-3, 2 ,10 05 11,+17 32 09,10 07 54.7,+17 17 27,POSS-I VI/25,https://cdsarc.cds.unistra.fr/viz-bin/cat/VI/25
     431,  58, 431, 2.68502617, 2.80504894,222.60, 56.33,155,1950-03-20,   0-03-21,22:41,23:36,00:17,W,01:12,W,45,12, 2 , 2 ,10 29 07,+17 30 41,10 31 48.7,+17 15 14,POSS-I VI/25,https://cdsarc.cds.unistra.fr/viz-bin/cat/VI/25
     432, 463, 432, 2.78953552, 2.90954494,227.22, 61.53,138,1952-01-29,   0-01-30,01:41,01:25,00:26,E,00:42,E,60,10, 2 , 2 ,10 53 04,+17 29 37,10 55 43.6,+17 13 36,POSS-I VI/25,https://cdsarc.cds.unistra.fr/viz-bin/cat/VI/25
     433,  51, 433, 2.89396954, 3.01396751,233.23, 66.60,126,1950-03-16,   0-03-17,21:50,21:27,01:38,E,02:01,E,45,12, 2 , 2 ,11 17 00,+17 28 49,11 19 37.5,+17 12 23,POSS-I VI/25,https://cdsarc.cds.unistra.fr/viz-bin/cat/VI/25
     434,1406, 434, 2.99832821, 3.11832047,241.75, 71.43,152,1955-04-23,   0-04-24,20:28,20:11,00:55,E,01:12,E,50,12,2-3, 2 ,11 40 55,+17 28 21,11 43 30.4,+17 11 42,POSS-I VI/25,https://cdsarc.cds.unistra.fr/viz-bin/cat/VI/25
     435,  89, 435, 3.10275745, 3.22274971,254.98, 75.78,118,1950-04-19,   0-04-20,22:43,22:19,00:42,W,00:18,W,45,12,2-3, 2 ,12 04 51,+17 28 16,12 07 24.2,+17 11 34,POSS-I VI/25,https://cdsarc.cds.unistra.fr/viz-bin/cat/VI/25
     436,1576, 436, 3.20718575, 3.32717991,276.78, 79.03,126,1956-03-15,   0-03-16,23:03,22:50,01:38,E,01:51,E,45, 8,2-3,2-3,12 28 47,+17 28 30,12 31 18.0,+17 11 56,POSS-I VI/25,https://cdsarc.cds.unistra.fr/viz-bin/cat/VI/25
     437,1572, 437, 3.31161022, 3.43161201,308.13, 80.05,131,1956-03-14,   0-03-15,00:53,00:40,00:15,E,00:29,E,45, 8, 3 , 3 ,12 52 43,+17 29 00,12 55 11.9,+17 12 46,POSS-I VI/25,https://cdsarc.cds.unistra.fr/viz-bin/cat/VI/25
     438,  80, 438, 3.41603374, 3.53604698,337.22, 78.22,143,1950-04-17,   0-04-18,22:35,23:30,00:46,E,00:10,W,45,12,3-4,3-4,13 16 39,+17 29 53,13 19 05.8,+17 14 08,POSS-I VI/25,https://cdsarc.cds.unistra.fr/viz-bin/cat/VI/25
     439,1019, 439, 3.52045345, 3.64048386,355.98, 74.54,111,1954-03-31,   0-04-01,01:04,01:54,00:12,W,01:02,W,45,12, 3 , 3 ,13 40 35,+17 31 14,13 42 59.8,+17 16 09,POSS-I VI/25,https://cdsarc.cds.unistra.fr/viz-bin/cat/VI/25
     440,  81, 440, 3.62494564, 3.74499512,  7.45, 70.00,152,1950-04-17,   0-04-18,00:15,23:53,00:07,W,00:15,E,45,12,3-4,3-4,14 04 32,+17 32 42,14 06 54.8,+17 18 27,POSS-I VI/25,https://cdsarc.cds.unistra.fr/viz-bin/cat/VI/25
     441,1417, 441, 3.72928905, 3.84936523, 15.04, 65.08,143,1955-05-11,   0-05-12,21:59,21:42,01:00,E,01:18,E,50,12, 2 , 2 ,14 28 27,+17 34 38,14 30 48.0,+17 21 22,POSS-I VI/25,https://cdsarc.cds.unistra.fr/viz-bin/cat/VI/25
     442,  54, 442, 3.83377647, 3.95387936, 20.55, 59.96,165,1950-03-16,   0-03-17,02:01,01:37,01:01,E,01:26,E,45,12,2-3,2-3,14 52 24,+17 36 45,14 54 43.3,+17 24 37,POSS-I VI/25,https://cdsarc.cds.unistra.fr/viz-bin/cat/VI/25
     443,  91, 443, 3.93833447, 4.05847168, 24.86, 54.75,151,1950-04-19,   0-04-20,01:28,01:06,00:16,W,00:06,E,45,12, 3 , 3 ,15 16 22,+17 39 14,15 18 39.7,+17 28 22,POSS-I VI/25,https://cdsarc.cds.unistra.fr/viz-bin/cat/VI/25
     444,  82, 444, 4.04281998, 4.16298962, 28.44, 49.48,147,1950-04-17,   0-04-18,01:12,02:07,00:32,E,00:23,W,45,12,3-4,3-4,15 40 19,+17 41 43,15 42 35.3,+17 32 13,POSS-I VI/25,https://cdsarc.cds.unistra.fr/viz-bin/cat/VI/25
     445,  83, 445, 4.14737415, 4.26758003, 31.56, 44.19,185,1950-04-17,   0-04-18,02:55,02:30,00:47,W,00:22,W,45,12,3-4, 3 ,16 04 17,+17 44 28,16 06 32.1,+17 36 28,POSS-I VI/25,https://cdsarc.cds.unistra.fr/viz-bin/cat/VI/25
     446,  55, 446, 4.25192738, 4.37217522, 34.38, 38.89,191,1950-03-16,   0-03-17,03:20,02:58,01:18,E,01:40,E,45,12, 2 , 2 ,16 28 15,+17 47 35,16 30 29.1,+17 41 09,POSS-I VI/25,https://cdsarc.cds.unistra.fr/viz-bin/cat/VI/25
     447, 122, 447, 4.35640430, 4.47669411, 37.02, 33.60,188,1950-05-18,   0-05-19,01:32,01:11,00:38,W,00:17,W,45,12, 3 , 3 ,16 52 12,+17 50 43,16 54 25.2,+17 45 56,POSS-I VI/25,https://cdsarc.cds.unistra.fr/viz-bin/cat/VI/25
     448,1127, 448, 4.46103382, 4.58136559, 39.54, 28.31,210,1954-07-04,   0-07-05,21:45,22:41,00:29,E,00:27,W,50,13, 4 ,4-5,17 16 11,+17 53 52,17 18 23.6,+17 50 46,POSS-I VI/25,https://cdsarc.cds.unistra.fr/viz-bin/cat/VI/25
     449, 274, 449, 4.56594467, 4.68632221, 42.02, 23.05,251,1951-07-07,   0-07-08,23:02,00:04,00:35,W,01:37,W,50,12,2-4, 3 ,17 40 14,+17 57 08,17 42 26.2,+17 55 47,POSS-I VI/25,https://cdsarc.cds.unistra.fr/viz-bin/cat/VI/25
     450, 529, 450, 4.67035866, 4.79077816, 44.47, 17.84,288,1952-07-16,   0-07-17,22:13,23:09,00:01,W,00:57,W,50,10,2-3,2-3,18 04 10,+18 00 19,18 06 22.1,+18 00 42,POSS-I VI/25,https://cdsarc.cds.unistra.fr/viz-bin/cat/VI/25
     451, 808, 451, 4.77512646, 4.89558983, 46.97, 12.66,310,1953-09-05,   0-09-06,19:30,20:21,00:14,W,01:05,W,45,12,2-3, 3 ,18 28 11,+18 03 35,18 30 23.2,+18 05 43,POSS-I VI/25,https://cdsarc.cds.unistra.fr/viz-bin/cat/VI/25
     452, 287, 452, 4.87989426, 5.00040340, 49.54,  7.55,326,1951-07-12,   0-07-13,23:37,00:44,00:24,W,01:31,W,50,12,2-4,2-3,18 52 12,+18 06 53,18 54 24.5,+18 10 44,POSS-I VI/25,https://cdsarc.cds.unistra.fr/viz-bin/cat/VI/25
     453, 793, 453, 4.98466492, 5.10521984, 52.21,  2.50,299,1953-08-15,   0-08-16,21:23,22:13,00:04,E,00:46,W,45,12, 2 , 2 ,19 16 13,+18 10 16,19 18 26.0,+18 15 48,POSS-I VI/25,https://cdsarc.cds.unistra.fr/viz-bin/cat/VI/25
     454, 190, 454, 5.08943367, 5.21003056, 55.02, -2.47,356,1950-07-17,   0-07-18,23:56,00:50,00:10,W,01:04,W,45,12,2-3,2-3,19 40 14,+18 13 17,19 42 27.8,+18 20 26,POSS-I VI/25,https://cdsarc.cds.unistra.fr/viz-bin/cat/VI/25
     455, 372, 455, 5.19428444, 5.31492138, 58.01, -7.33,402,1951-09-20,   0-09-21,19:20,20:25,00:36,E,00:31,W,60,10,1-2,1-2,20 04 16,+18 16 10,20 06 30.9,+18 24 51,POSS-I VI/25,https://cdsarc.cds.unistra.fr/viz-bin/cat/VI/25
     456, 276, 456, 5.29912472, 5.41980362, 61.23,-12.08,335,1951-07-07,   0-07-08,01:45,02:40,00:31,W,01:26,W,50,12, 4 , 4 ,20 28 18,+18 19 10,20 30 34.1,+18 29 18,POSS-I VI/25,https://cdsarc.cds.unistra.fr/viz-bin/cat/VI/25
     457, 831, 457, 5.40411663, 5.52483177, 64.72,-16.68,314,1953-09-30,   0-10-01,20:06,20:56,00:04,W,00:55,W,45,12, 2 , 2 ,20 52 22,+18 21 50,20 54 39.6,+18 33 18,POSS-I VI/25,https://cdsarc.cds.unistra.fr/viz-bin/cat/VI/25
     458,1141, 458, 5.50904369, 5.62978935, 68.53,-21.10,225,1954-07-09,   0-07-10,01:04,00:47,00:49,E,01:07,E,50,12,3-4, 4 ,21 16 25,+18 23 59,21 18 44.2,+18 36 40,POSS-I VI/25,https://cdsarc.cds.unistra.fr/viz-bin/cat/VI/25
     459, 375, 459, 5.61389256, 5.73466301, 72.72,-25.31,233,1951-09-22,   0-09-23,20:56,20:40,00:27,E,00:44,E,60,10,3-4, 3 ,21 40 27,+18 25 53,21 42 48.1,+18 39 38,POSS-I VI/25,https://cdsarc.cds.unistra.fr/viz-bin/cat/VI/25
     460, 187, 460, 5.71896553, 5.83976269, 77.36,-29.25,214,1950-07-16,   0-07-17,02:21,03:13,00:07,W,00:59,W,45,12, 2 , 3 ,22 04 32,+18 27 43,22 06 55.0,+18 42 23,POSS-I VI/25,https://cdsarc.cds.unistra.fr/viz-bin/cat/VI/25
     461, 842, 461, 5.82396412, 5.94478226, 82.50,-32.88,220,1953-10-07,   0-10-08,21:17,22:09,00:07,W,00:59,W,45,12, 3 , 3 ,22 28 36,+18 29 15,22 31 01.1,+18 44 41,POSS-I VI/25,https://cdsarc.cds.unistra.fr/viz-bin/cat/VI/25
     462,1161, 462, 5.92896652, 6.04979992, 88.20,-36.13,205,1954-08-01,   0-08-02,01:26,01:08,00:33,E,00:51,E,50,13,3-4, 4 ,22 52 40,+18 30 22,22 55 07.4,+18 46 23,POSS-I VI/25,https://cdsarc.cds.unistra.fr/viz-bin/cat/VI/25
     463, 320, 463, 6.03397083, 6.15481567, 94.47,-38.93,177,1951-08-12,   0-08-13,01:08,00:53,00:33,E,00:48,E,50,10, 2 , 2 ,23 16 44,+18 31 08,23 19 13.7,+18 47 33,POSS-I VI/25,https://cdsarc.cds.unistra.fr/viz-bin/cat/VI/25
     464,1182, 464, 6.13897800, 6.25982857,101.32,-41.19,168,1954-08-26,   0-08-27,01:34,02:30,00:25,W,01:21,W,50,13, 2 , 2 ,23 40 48,+18 31 37,23 43 20.0,+18 48 16,POSS-I VI/25,https://cdsarc.cds.unistra.fr/viz-bin/cat/VI/25
     465,   9, 465,-0.03701134, 0.07962638,106.58,-48.66,180,1949-11-18,   0-11-19,19:25,19:04,00:32,E,00:53,E,45,12, 2 , 2 ,00 04 53,+12 31 44,00 07 27.2,+12 48 26,POSS-I VI/25,https://cdsarc.cds.unistra.fr/viz-bin/cat/VI/25
     466, 823, 466, 0.06785482, 0.18449056,115.40,-49.78,142,1953-09-15,   0-09-16,00:35,01:26,00:02,E,00:49,W,45,12, 1 , 2 ,00 28 55,+12 31 31,00 31 30.7,+12 48 05,POSS-I VI/25,https://cdsarc.cds.unistra.fr/viz-bin/cat/VI/25
     467,1274, 467, 0.17279536, 0.28942585,124.51,-50.07,145,1954-11-22,   0-11-23,19:53,19:35,00:42,E,01:00,E,45,12, 3 ,2-3,00 52 58,+12 30 58,00 55 35.3,+12 47 12,POSS-I VI/25,https://cdsarc.cds.unistra.fr/viz-bin/cat/VI/25
     468, 635, 468, 0.27773774, 0.39435893,133.57,-49.53,174,1952-12-10,   0-12-11,18:38,18:22,01:08,E,01:24,E,40,10, 2 , 2 ,01 17 01,+12 30 00,01 19 39.8,+12 45 44,POSS-I VI/25,https://cdsarc.cds.unistra.fr/viz-bin/cat/VI/25
     469,  14, 469, 0.38268119, 0.49929130,142.25,-48.17,172,1949-11-20,   0-11-21,20:50,20:29,00:35,E,00:56,E,45,12, 3 , 3 ,01 41 04,+12 28 50,01 43 44.2,+12 43 54,POSS-I VI/25,https://cdsarc.cds.unistra.fr/viz-bin/cat/VI/25
     470, 209, 470, 0.48228943, 0.59894127,149.87,-46.11,138,1950-08-13,   0-08-14,02:27,02:04,01:56,E,02:19,E,45,12, 2 , 2 ,02 03 54,+12 33 12,02 06 35.6,+12 47 28,POSS-I VI/25,https://cdsarc.cds.unistra.fr/viz-bin/cat/VI/25
     471,1300, 471, 0.59250075, 0.70907784,157.64,-43.36,150,1954-12-20,   0-12-21,19:29,19:12,00:52,E,01:09,E,45,12,2-3, 2 ,02 29 09,+12 25 21,02 31 51.8,+12 38 35,POSS-I VI/25,https://cdsarc.cds.unistra.fr/viz-bin/cat/VI/25
     472,  15, 472, 0.69737542, 0.81393367,164.19,-40.10,165,1949-11-20,   0-11-21,22:06,21:45,00:31,E,00:52,E,45,12, 3 , 3 ,02 53 11,+12 23 22,02 55 55.0,+12 35 27,POSS-I VI/25,https://cdsarc.cds.unistra.fr/viz-bin/cat/VI/25
     473,  11, 473, 0.80225271, 0.91878676,170.02,-36.42,132,1949-11-18,   0-11-19,22:30,22:06,00:38,E,01:03,E,45,12, 3 , 3 ,03 17 13,+12 20 48,03 19 58.0,+12 31 37,POSS-I VI/25,https://cdsarc.cds.unistra.fr/viz-bin/cat/VI/25
     474, 940, 474, 0.90712959, 1.02363968,175.19,-32.39,146,1954-01-02,   0-01-03,20:37,21:22,00:03,E,00:42,W,40,12, 4 ,4-5,03 41 15,+12 18 19,03 44 00.9,+12 27 44,POSS-I VI/25,https://cdsarc.cds.unistra.fr/viz-bin/cat/VI/25
     475, 854, 475, 1.01193428, 1.12841892,179.80,-28.08,151,1953-10-09,   0-10-10,03:04,03:54,00:26,W,01:16,W,45,12, 2 , 1 ,04 05 16,+12 15 32,04 08 02.6,+12 23 28,POSS-I VI/25,https://cdsarc.cds.unistra.fr/viz-bin/cat/VI/25
     476,1504, 476, 1.11681461, 1.23326874,183.94,-23.55,142,1955-12-11,   0-12-12,23:03,22:51,00:06,W,00:06,E,45, 8, 2 , 2 ,04 29 18,+12 12 20,04 32 05.2,+12 18 41,POSS-I VI/25,https://cdsarc.cds.unistra.fr/viz-bin/cat/VI/25
     477,1534, 477, 1.22154808, 1.33797550,187.69,-18.84,205,1955-12-17,   0-12-18,22:46,22:33,00:11,E,00:24,E,45, 8,2-3, 3 ,04 53 18,+12 09 30,04 56 05.6,+12 14 12,POSS-I VI/25,https://cdsarc.cds.unistra.fr/viz-bin/cat/VI/25
     478,1267, 478, 1.32635498, 1.44275379,191.13,-13.98,222,1954-11-03,   0-11-04,02:27,02:10,00:15,W,00:03,E,45,12,2-3, 3 ,05 17 19,+12 06 17,05 20 06.9,+12 09 17,POSS-I VI/25,https://cdsarc.cds.unistra.fr/viz-bin/cat/VI/25
     479, 415, 479, 1.43116379, 1.54752922,194.33, -9.01,303,1951-11-04,   0-11-05,01:42,01:26,00:52,E,01:08,E,50,10,1-2,1-2,05 41 20,+12 02 43,05 44 08.0,+12 03 58,POSS-I VI/25,https://cdsarc.cds.unistra.fr/viz-bin/cat/VI/25
     480,1502, 480, 1.53575420, 1.65208817,197.31, -3.96,385,1955-12-10,   0-12-11,00:17,01:07,00:19,E,00:31,W,45, 8, 1 , 1 ,06 05 18,+11 59 20,06 08 05.9,+11 58 51,POSS-I VI/25,https://cdsarc.cds.unistra.fr/viz-bin/cat/VI/25
     481, 445, 481, 1.64048767, 1.75679302,200.15,  1.18,391,1951-11-30,   0-12-01,01:00,00:42,00:39,E,00:58,E,50,10, 1 , 1 ,06 29 18,+11 56 12,06 32 05.7,+11 53 58,POSS-I VI/25,https://cdsarc.cds.unistra.fr/viz-bin/cat/VI/25
     482, 428, 482, 1.74522400, 1.86149788,202.90,  6.37,365,1951-11-27,   0-11-28,01:04,00:47,01:11,E,01:29,E,50,10,2-3,1-2,06 53 18,+11 52 43,06 56 05.4,+11 48 46,POSS-I VI/25,https://cdsarc.cds.unistra.fr/viz-bin/cat/VI/25
     483,1354, 483, 1.84995556, 1.96620369,205.58, 11.62,351,1955-03-22,   0-03-23,19:37,19:20,00:31,W,00:14,W,50,12, 2 , 3 ,07 17 18,+11 49 50,07 20 04.9,+11 44 13,POSS-I VI/25,https://cdsarc.cds.unistra.fr/viz-bin/cat/VI/25
     484,1003, 484, 1.95461845, 2.07083607,208.25, 16.89,297,1954-03-06,   0-03-07,20:06,20:57,00:26,E,00:25,W,45,12, 2 , 2 ,07 41 17,+11 46 33,07 44 03.2,+11 39 19,POSS-I VI/25,https://cdsarc.cds.unistra.fr/viz-bin/cat/VI/25
     485, 247, 485, 2.05927753, 2.17547035,210.94, 22.18,277,1951-03-27,   0-03-28,20:56,19:37,00:22,W,00:04,W,50,12, 2 , 2 ,08 05 16,+11 43 48,08 08 01.5,+11 35 02,POSS-I VI/25,https://cdsarc.cds.unistra.fr/viz-bin/cat/VI/25
     486, 456, 486, 2.16379166, 2.27995968,213.71, 27.48,224,1951-12-26,   0-12-27,01:24,02:33,00:33,E,00:36,W,60,10, 2 , 2 ,08 29 13,+11 41 00,08 31 57.6,+11 30 48,POSS-I VI/25,https://cdsarc.cds.unistra.fr/viz-bin/cat/VI/25
     487, 438, 487, 2.26845074, 2.38459587,216.64, 32.78,198,1951-11-28,   0-11-29,04:07,05:02,00:04,E,00:51,W,50,10, 3 , 3 ,08 53 12,+11 38 22,08 55 55.6,+11 26 50,POSS-I VI/25,https://cdsarc.cds.unistra.fr/viz-bin/cat/VI/25
     488,1508, 488, 2.37296200, 2.48908615,219.78, 38.05,185,1955-12-11,   0-12-12,02:59,03:48,00:45,E,00:04,W,45, 8,2-3, 3 ,09 17 09,+11 36 01,09 19 51.5,+11 23 18,POSS-I VI/25,https://cdsarc.cds.unistra.fr/viz-bin/cat/VI/25
     489, 990, 489, 2.47754478, 2.59365177,223.26, 43.30,162,1954-02-25,   0-02-26,23:00,23:46,00:07,E,00:39,W,40,12,2-3, 2 ,09 41 07,+11 34 15,09 43 48.4,+11 20 28,POSS-I VI/25,https://cdsarc.cds.unistra.fr/viz-bin/cat/VI/25
     490,  74, 490, 2.58212852, 2.69821835,227.22, 48.48,142,1950-04-16,   0-04-17,20:25,20:01,00:12,W,00:17,E,45,12, 3 , 3 ,10 05 05,+11 32 20,10 07 45.2,+11 17 38,POSS-I VI/25,https://cdsarc.cds.unistra.fr/viz-bin/cat/VI/25
     491, 238, 491, 2.68685532, 2.80292988,231.90, 53.57,138,1951-02-03,   0-02-04,00:25,01:23,00:57,E,00:00, ,50,12, 2 , 2 ,10 29 05,+11 30 30,10 31 43.9,+11 15 03,POSS-I VI/25,https://cdsarc.cds.unistra.fr/viz-bin/cat/VI/25
     492, 976, 492, 2.79128551, 2.90735817,237.58, 58.51,130,1954-02-09,   0-02-10,01:41,01:24,00:20,W,00:03,W,45,12, 2 , 2 ,10 53 01,+11 30 24,10 55 38.5,+11 14 23,POSS-I VI/25,https://cdsarc.cds.unistra.fr/viz-bin/cat/VI/25
     493,  66, 493, 2.89557648, 3.01163387,244.89, 63.17,164,1950-04-11,   0-04-12,21:44,21:20,00:00, ,00:25,E,45,12, 2 ,2-3,11 16 55,+11 28 36,11 19 31.2,+11 12 10,POSS-I VI/25,https://cdsarc.cds.unistra.fr/viz-bin/cat/VI/25
     494, 468, 494, 3.00022411, 3.11627960,254.59, 67.44,179,1952-01-30,   0-01-31,02:41,02:26,00:10,E,00:24,E,60,10,1-2, 2 ,11 40 54,+11 28 22,11 43 28.8,+11 11 43,POSS-I VI/25,https://cdsarc.cds.unistra.fr/viz-bin/cat/VI/25
     495,1385, 495, 3.10458565, 3.22063160,267.82, 70.98,144,1955-04-13,   0-04-14,22:10,21:53,00:16,E,00:34,E,50,12, 3 , 3 ,12 04 49,+11 27 15,12 07 22.4,+11 10 33,POSS-I VI/25,https://cdsarc.cds.unistra.fr/viz-bin/cat/VI/25
     496,1563, 496, 3.20922565, 3.32528496,285.44, 73.39,147,1956-03-10,   0-03-11,00:58,00:45,00:02,E,00:15,E,45, 8,1-2,2-3,12 28 48,+11 28 42,12 31 20.0,+11 12 08,POSS-I VI/25,https://cdsarc.cds.unistra.fr/viz-bin/cat/VI/25
     497,  41, 497, 3.31379890, 3.42986012,306.36, 74.06,165,1950-02-16,   0-02-17,01:41,01:21,01:13,E,01:32,E,45,12, 2 , 2 ,12 52 46,+11 29 04,12 55 16.6,+11 12 50,POSS-I VI/25,https://cdsarc.cds.unistra.fr/viz-bin/cat/VI/25
     498,1420, 498, 3.41829681, 3.53436565,326.59, 72.82,131,1955-05-15,   0-05-16,20:31,20:15,01:00,E,01:18,E,50,12, 2 , 2 ,13 16 43,+11 29 55,13 19 12.3,+11 14 10,POSS-I VI/25,https://cdsarc.cds.unistra.fr/viz-bin/cat/VI/25
     499,1079, 499, 3.52351952, 3.63959980,342.97, 70.00,146,1954-05-31,   0-04-01,20:48,20:30,00:04,E,00:22,E,45,13,3-4,2-3,13 40 50,+11 31 09,13 43 18.0,+11 16 05,POSS-I VI/25,https://cdsarc.cds.unistra.fr/viz-bin/cat/VI/25
     500,1051, 500, 3.62743378, 3.74352551,354.91, 66.20,140,1954-05-03,   0-05-04,22:26,23:16,00:40,E,00:10,W,45,12, 2 , 2 ,14 04 39,+11 32 24,14 07 05.7,+11 18 09,POSS-I VI/25,https://cdsarc.cds.unistra.fr/viz-bin/cat/VI/25
     501,  65, 501, 3.73192501, 3.84803772,  3.78, 61.80,145,1950-04-10,   0-04-11,01:39,01:17,00:39,W,00:17,W,45,12, 3 ,2-3,14 28 36,+11 34 47,14 31 01.5,+11 21 31,POSS-I VI/25,https://cdsarc.cds.unistra.fr/viz-bin/cat/VI/25
     502,1087, 502, 3.83648968, 3.95262146, 10.52, 57.03,152,1954-06-02,   0-06-03,22:14,23:09,00:18,W,01:13,W,50,15, 2 ,2-3,14 52 34,+11 36 54,14 54 58.4,+11 24 46,POSS-I VI/25,https://cdsarc.cds.unistra.fr/viz-bin/cat/VI/25
     503,1422, 503, 3.94105530, 4.05720425, 15.86, 52.04,153,1955-05-15,   0-05-16,22:57,22:41,00:34,E,00:51,E,50,12, 2 , 2 ,15 16 32,+11 38 58,15 18 55.4,+11 28 06,POSS-I VI/25,https://cdsarc.cds.unistra.fr/viz-bin/cat/VI/25
     504, 136, 504, 4.04561710, 4.16179180, 20.29, 46.92,163,1950-06-09,   0-06-10,22:44,22:21,00:28,W,00:05,W,45,12, 3 , 3 ,15 40 30,+11 41 45,15 42 52.5,+11 32 16,POSS-I VI/25,https://cdsarc.cds.unistra.fr/viz-bin/cat/VI/25
     505, 168, 505, 4.15024853, 4.26644707, 24.08, 41.71,196,1950-07-11,   0-07-12,20:45,21:39,00:11,W,01:05,W,45,12, 2 , 2 ,16 04 29,+11 44 27,16 06 50.7,+11 36 28,POSS-I VI/25,https://cdsarc.cds.unistra.fr/viz-bin/cat/VI/25
     506,1372, 506, 4.25444508, 4.37067223, 27.44, 36.48,191,1955-03-26,   0-03-27,03:29,03:13,00:31,E,00:47,E,50,12, 2 , 2 ,16 28 22,+11 47 37,16 30 43.0,+11 41 12,POSS-I VI/25,https://cdsarc.cds.unistra.fr/viz-bin/cat/VI/25
     507, 251, 507, 4.35965824, 4.47591019, 30.52, 31.16,191,1951-04-07,   0-04-08,02:26,02:08,01:11,E,01:29,E,50,12, 2 ,2-3,16 52 29,+11 50 22,16 54 49.4,+11 45 36,POSS-I VI/25,https://cdsarc.cds.unistra.fr/viz-bin/cat/VI/25
     508, 505, 508, 4.46407604, 4.58036041, 33.39, 25.87,198,1952-05-24,   0-05-25,00:22,00:06,00:31,E,00:47,E,70,10, 2 , 2 ,17 16 25,+11 53 56,17 18 45.0,+11 50 52,POSS-I VI/25,https://cdsarc.cds.unistra.fr/viz-bin/cat/VI/25
     509,1580, 509, 4.56870461, 4.68501759, 36.13, 20.57,233,1956-03-15,   0-03-16,03:55,03:43,01:57,E,02:09,E,45, 8, 3 , 3 ,17 40 24,+11 57 02,17 42 43.7,+11 55 42,POSS-I VI/25,https://cdsarc.cds.unistra.fr/viz-bin/cat/VI/25
     510, 123, 510, 4.67341137, 4.78975487, 38.81, 15.29,280,1950-05-18,   0-05-19,02:43,02:26,00:37,W,00:19,W,45,12,3-4,3-4,18 04 24,+12 00 23,18 06 43.6,+12 00 47,POSS-I VI/25,https://cdsarc.cds.unistra.fr/viz-bin/cat/VI/25
     511, 184, 511, 4.77811432, 4.89448833, 41.47, 10.03,330,1950-07-16,   0-07-17,22:46,22:20,00:08,W,00:18,E,45,12, 2 ,2-3,18 28 24,+12 03 35,18 30 43.6,+12 05 44,POSS-I VI/25,https://cdsarc.cds.unistra.fr/viz-bin/cat/VI/25
     512, 544, 512, 4.88296509, 4.99936962, 44.17,  4.80,345,1952-08-12,   0-08-13,20:31,20:15,00:43,E,00:59,E,50,10, 2 , 2 ,18 52 26,+12 07 00,18 54 45.8,+12 10 52,POSS-I VI/25,https://cdsarc.cds.unistra.fr/viz-bin/cat/VI/25
     513, 506, 513, 4.98767185, 5.10410786, 46.94, -0.38,325,1952-05-24,   0-05-25,01:57,01:43,00:56,E,01:10,E,70,10, 2 , 2 ,19 16 26,+12 10 20,19 18 46.1,+12 15 53,POSS-I VI/25,https://cdsarc.cds.unistra.fr/viz-bin/cat/VI/25
     514, 782, 514, 5.09244728, 5.20891094, 49.82, -5.49,355,1953-08-12,   0-08-13,22:10,23:01,00:07,W,00:58,W,45,12,4-5,4-5,19 40 27,+12 13 15,19 42 47.6,+12 20 25,POSS-I VI/25,https://cdsarc.cds.unistra.fr/viz-bin/cat/VI/25
     515, 325, 515, 5.19722843, 5.31371880, 52.87,-10.53,381,1951-08-24,   0-08-25,21:35,21:17,00:06,E,00:24,E,50,10, 3 ,2-3,20 04 28,+12 16 14,20 06 49.3,+12 24 56,POSS-I VI/25,https://cdsarc.cds.unistra.fr/viz-bin/cat/VI/25
     516, 812, 516, 5.30036354, 5.41696835, 56.21,-15.30,348,1953-09-06,   0-09-07,20:36,21:26,00:36,E,00:14,W,45,12, 2 ,2-3,20 28 07,+12 28 19,20 30 28.9,+12 38 27,POSS-I VI/25,https://cdsarc.cds.unistra.fr/viz-bin/cat/VI/25
     517, 558, 517, 5.40692997, 5.52347183, 59.65,-20.28,299,1952-08-19,   0-08-20,22:28,23:24,00:18,E,00:38,W,50,10, 2 , 2 ,20 52 32,+12 21 39,20 54 55.1,+12 33 08,POSS-I VI/25,https://cdsarc.cds.unistra.fr/viz-bin/cat/VI/25
     518, 298, 518, 5.51171303, 5.62827778, 63.52,-24.94,250,1951-07-30,   0-07-31,01:00,00:43,00:28,W,00:11,W,50,12, 3 , 3 ,21 16 33,+12 23 59,21 18 57.1,+12 36 40,POSS-I VI/25,https://cdsarc.cds.unistra.fr/viz-bin/cat/VI/25
     519, 799, 519, 5.61664200, 5.73322487, 67.79,-29.41,229,1953-08-18,   0-08-19,23:30,00:20,00:09,E,00:41,W,45,12, 3 , 3 ,21 40 36,+12 25 58,21 43 01.3,+12 39 43,POSS-I VI/25,https://cdsarc.cds.unistra.fr/viz-bin/cat/VI/25
     520,1137, 520, 5.72157192, 5.83817101, 72.57,-33.65,245,1954-07-07,   0-07-08,02:34,02:18,00:16,E,00:31,E,50,12, 3 , 3 ,22 04 39,+12 27 41,22 07 05.7,+12 42 22,POSS-I VI/25,https://cdsarc.cds.unistra.fr/viz-bin/cat/VI/25
     521, 875, 521, 5.82642937, 5.94304371, 77.93,-37.58,199,1953-10-30,   0-10-31,19:31,20:21,00:10,E,00:41,W,45,12, 2 , 2 ,22 28 41,+12 29 16,22 31 09.0,+12 44 42,POSS-I VI/25,https://cdsarc.cds.unistra.fr/viz-bin/cat/VI/25
     522, 800, 522, 5.93128681, 6.04791164, 83.96,-41.14,185,1953-08-18,   0-08-19,01:24,02:14,00:33,W,01:23,W,45,12, 3 , 3 ,22 52 43,+12 30 23,22 55 12.5,+12 46 24,POSS-I VI/25,https://cdsarc.cds.unistra.fr/viz-bin/cat/VI/25
     523, 313, 523, 6.03637028, 6.15299988, 90.75,-44.25,154,1951-08-07,   0-08-08,00:41,00:26,01:18,E,01:34,E,50,10, 3 ,2-3,23 16 48,+12 30 48,23 19 19.0,+12 47 13,POSS-I VI/25,https://cdsarc.cds.unistra.fr/viz-bin/cat/VI/25
     524, 318, 524, 6.14116001, 6.25779724, 98.30,-46.79,180,1951-08-10,   0-08-11,01:11,00:56,01:01,E,01:16,E,50,10, 2 , 2 ,23 40 49,+12 31 36,23 43 21.6,+12 48 15,POSS-I VI/25,https://cdsarc.cds.unistra.fr/viz-bin/cat/VI/25
     525,1465, 525,-0.03572011, 0.07818973,103.92,-54.43,178,1955-11-10,   0-11-11,19:24,19:12,01:10,E,01:23,E,50, 8, 2 , 2 ,00 04 52,+06 31 45,00 07 26.0,+06 48 27,POSS-I VI/25,https://cdsarc.cds.unistra.fr/viz-bin/cat/VI/25
     526, 915, 526, 0.06914574, 0.18305421,114.11,-55.73,202,1953-12-06,   0-12-07,19:27,20:18,00:12,W,01:03,W,45,12, 3 , 3 ,00 28 54,+06 31 30,00 31 28.8,+06 48 04,POSS-I VI/25,https://cdsarc.cds.unistra.fr/viz-bin/cat/VI/25
     527, 877, 527, 0.17393976, 0.28784513,124.74,-56.07,195,1953-10-30,   0-10-31,21:53,22:43,00:11,E,00:39,W,45,12, 2 , 2 ,00 52 55,+06 30 57,00 55 30.6,+06 47 11,POSS-I VI/25,https://cdsarc.cds.unistra.fr/viz-bin/cat/VI/25
     528,1201, 528, 0.27880752, 0.39270741,135.30,-55.43,191,1954-09-05,   0-09-06,01:20,02:14,00:45,E,00:09,W,50,13,1-2, 2 ,01 16 57,+06 29 59,01 19 33.4,+06 45 43,POSS-I VI/25,https://cdsarc.cds.unistra.fr/viz-bin/cat/VI/25
     529,  21, 529, 0.38446671, 0.49837804,145.31,-53.80,201,1949-11-22,   0-11-23,21:46,21:23,00:25,W,00:02,W,45,12, 2 , 2 ,01 41 10,+06 32 00,01 43 47.1,+06 47 04,POSS-I VI/25,https://cdsarc.cds.unistra.fr/viz-bin/cat/VI/25
     530,1282, 530, 0.48840046, 0.60228425,154.29,-51.48,181,1954-11-23,   0-11-24,21:18,22:08,00:25,E,00:25,W,45,12, 2 , 2 ,02 04 59,+06 27 09,02 07 36.8,+06 41 23,POSS-I VI/25,https://cdsarc.cds.unistra.fr/viz-bin/cat/VI/25
     531,1306, 531, 0.59327072, 0.70714438,162.27,-48.42,173,1954-12-21,   0-12-22,19:30,19:13,00:47,E,01:04,E,45,12, 3 , 2 ,02 29 01,+06 25 20,02 31 39.4,+06 38 34,POSS-I VI/25,https://cdsarc.cds.unistra.fr/viz-bin/cat/VI/25
     532,1320, 532, 0.69806927, 0.81193101,169.21,-44.83,188,1955-01-14,   0-01-15,19:17,20:07,00:11,W,01:02,W,45,12, 2 , 3 ,02 53 02,+06 23 12,02 55 41.0,+06 35 18,POSS-I VI/25,https://cdsarc.cds.unistra.fr/viz-bin/cat/VI/25
     533,1471, 533, 0.80279559, 0.91664398,175.24,-40.82,162,1955-11-15,   0-11-16,22:27,23:26,01:00,E,00:01,E,50, 8, 2 , 2 ,03 17 02,+06 20 49,03 19 41.5,+06 31 39,POSS-I VI/25,https://cdsarc.cds.unistra.fr/viz-bin/cat/VI/25
     534,1499, 534, 0.90766835, 1.02150154,180.51,-36.49,174,1955-12-10,   0-12-11,21:22,21:10,00:51,E,01:03,E,45, 8, 2 ,1-2,03 41 04,+06 18 07,03 43 43.9,+06 27 33,POSS-I VI/25,https://cdsarc.cds.unistra.fr/viz-bin/cat/VI/25
     535,1308, 535, 1.01239491, 1.12621307,185.13,-31.91,172,1954-12-21,   0-12-22,21:50,21:32,00:02,E,00:20,E,45,12, 3 ,2-3,04 05 04,+06 15 32,04 07 44.3,+06 23 29,POSS-I VI/25,https://cdsarc.cds.unistra.fr/viz-bin/cat/VI/25
     536, 887, 536, 1.11712265, 1.23092556,189.26,-27.15,188,1953-11-10,   0-11-11,00:39,01:30,00:17,E,00:34,W,45,12, 3 , 3 ,04 29 04,+06 12 28,04 31 44.5,+06 18 50,POSS-I VI/25,https://cdsarc.cds.unistra.fr/viz-bin/cat/VI/25
     537, 974, 537, 1.22192478, 1.33570862,192.98,-22.23,295,1954-01-30,   0-01-31,19:37,20:23,00:25,E,00:21,W,40,12, 1 , 1 ,04 53 05,+06 09 16,04 55 45.7,+06 13 59,POSS-I VI/25,https://cdsarc.cds.unistra.fr/viz-bin/cat/VI/25
     538,1270, 538, 1.32665253, 1.44041920,196.40,-17.20,308,1954-11-05,   0-11-06,02:43,03:37,00:38,W,01:32,W,50,13, 2 ,2-3,05 17 05,+06 05 59,05 19 45.8,+06 09 00,POSS-I VI/25,https://cdsarc.cds.unistra.fr/viz-bin/cat/VI/25
     539,1493, 539, 1.43145370, 1.54520321,199.57,-12.08,301,1955-11-23,   0-11-24,01:18,02:08,00:01,E,00:49,W,45, 8, 2 , 2 ,05 41 06,+06 02 39,05 43 46.8,+06 03 56,POSS-I VI/25,https://cdsarc.cds.unistra.fr/viz-bin/cat/VI/25
     540, 229, 540, 1.53610992, 1.64984131,202.56, -6.90,338,1950-12-10,   0-12-11,22:40,22:19,01:55,E,02:16,E,45,12, 3 , 3 ,06 05 05,+05 59 24,06 07 45.7,+05 58 56,POSS-I VI/25,https://cdsarc.cds.unistra.fr/viz-bin/cat/VI/25
     541, 923, 541, 1.64083862, 1.75455284,205.44, -1.66,444,1953-12-09,   0-12-10,00:22,01:12,00:40,E,00:10,W,45,12, 2 ,1-2,06 29 05,+05 56 12,06 31 45.6,+05 53 59,POSS-I VI/25,https://cdsarc.cds.unistra.fr/viz-bin/cat/VI/25
     542, 929, 542, 1.74556732, 1.85926437,208.24,  3.61,430,1953-12-28,   0-12-29,00:14,23:58,00:03,W,00:13,E,45,12, 2 , 3 ,06 53 05,+05 52 58,06 55 45.4,+05 49 02,POSS-I VI/25,https://cdsarc.cds.unistra.fr/viz-bin/cat/VI/25
     543, 999, 543, 1.85022259, 1.96390152,211.02,  8.89,462,1954-03-05,   0-03-06,20:21,21:12,00:10,W,01:01,W,45,12,2-3,2-3,07 17 04,+05 49 32,07 19 44.1,+05 43 56,POSS-I VI/25,https://cdsarc.cds.unistra.fr/viz-bin/cat/VI/25
     544,1527, 544, 1.95495033, 2.06861401,213.81, 14.20,428,1955-12-15,   0-12-16,00:35,00:23,01:17,E,01:29,E,45, 8, 3 , 2 ,07 41 04,+05 46 35,07 43 43.8,+05 39 22,POSS-I VI/25,https://cdsarc.cds.unistra.fr/viz-bin/cat/VI/25
     545,  27, 545, 2.06011581, 2.17376041,216.71, 19.51,341,1949-11-29,   0-11-30,02:41,02:18,00:36,E,00:59,E,45,12, 3 , 3 ,08 05 10,+05 42 56,08 07 49.4,+05 34 11,POSS-I VI/25,https://cdsarc.cds.unistra.fr/viz-bin/cat/VI/25
     546, 642, 546, 2.16433144, 2.27796459,219.69, 24.78,302,1953-01-08,   0-01-09,23:48,23:32,01:15,E,01:31,E,40,10, 3 , 3 ,08 29 03,+05 40 50,08 31 41.9,+05 30 39,POSS-I VI/25,https://cdsarc.cds.unistra.fr/viz-bin/cat/VI/25
     547,1358, 547, 2.26898479, 2.38260651,222.89, 30.03,282,1955-03-23,   0-03-24,20:55,20:39,00:17,W,00:01,W,50,12, 3 ,2-3,08 53 02,+05 38 25,08 55 40.4,+05 26 54,POSS-I VI/25,https://cdsarc.cds.unistra.fr/viz-bin/cat/VI/25
     548,  28, 548, 2.37378502, 2.48739147,226.39, 35.22,222,1949-11-29,   0-11-30,03:55,03:38,00:34,E,00:51,E,45,12, 2 , 3 ,09 17 03,+05 35 31,09 19 40.9,+05 22 48,POSS-I VI/25,https://cdsarc.cds.unistra.fr/viz-bin/cat/VI/25
     549, 233, 549, 2.47843647, 2.59203339,230.28, 40.34,179,1951-01-03,   0-01-04,00:42,01:43,01:54,E,00:53,E,50,12, 1 , 1 ,09 41 02,+05 33 49,09 43 39.3,+05 20 02,POSS-I VI/25,https://cdsarc.cds.unistra.fr/viz-bin/cat/VI/25
     550,1359, 550, 2.58294201, 2.69653130,234.71, 45.34,182,1955-03-23,   0-03-24,22:07,21:50,00:18,W,00:01,W,50,12,3-4,3-4,10 04 59,+05 32 19,10 07 35.8,+05 17 38,POSS-I VI/25,https://cdsarc.cds.unistra.fr/viz-bin/cat/VI/25
     551,1399, 551, 2.68752003, 2.80110168,239.91, 50.17,181,1955-04-19,   0-04-20,20:03,19:46,00:24,E,00:41,E,50,12, 2 , 2 ,10 28 57,+05 30 50,10 31 33.2,+05 15 24,POSS-I VI/25,https://cdsarc.cds.unistra.fr/viz-bin/cat/VI/25
     552, 722, 552, 2.79216957, 2.90574551,246.17, 54.77,174,1953-04-14,   0-04-15,21:26,21:09,00:17,W,00:00, ,45,10,3-4, 3 ,10 52 56,+05 29 37,10 55 31.5,+05 13 36,POSS-I VI/25,https://cdsarc.cds.unistra.fr/viz-bin/cat/VI/25
     553,1392, 553, 2.89674664, 3.01031876,253.86, 59.01,167,1955-04-15,   0-04-16,21:05,20:48,00:26,E,00:43,E,50,12, 3 , 3 ,11 16 54,+05 28 48,11 19 28.9,+05 12 22,POSS-I VI/25,https://cdsarc.cds.unistra.fr/viz-bin/cat/VI/25
     554, 495, 554, 3.00139427, 3.11496449,263.48, 62.74,140,1952-04-18,   0-04-19,22:19,21:59,00:40,W,00:19,W,60,10, 2 , 2 ,11 40 53,+05 28 23,11 43 27.2,+05 11 44,POSS-I VI/25,https://cdsarc.cds.unistra.fr/viz-bin/cat/VI/25
     555,1611, 555, 3.10604191, 3.21961212,275.44, 65.69,148,1957-04-27,   0-04-28,21:34,22:32,00:05,W,01:03,W,50, 8,2-3,2-3,12 04 52,+05 28 15,12 07 25.6,+05 11 33,POSS-I VI/25,https://cdsarc.cds.unistra.fr/viz-bin/cat/VI/25
     556,1560, 556, 3.21068859, 3.32425880,289.76, 67.56,159,1956-03-09,   0-03-10,00:59,00:47,00:06,E,00:18,E,45, 8, 3 , 3 ,12 28 51,+05 28 29,12 31 23.9,+05 11 55,POSS-I VI/25,https://cdsarc.cds.unistra.fr/viz-bin/cat/VI/25
     557, 104, 557, 3.31526089, 3.42883492,305.54, 68.07,148,1950-05-09,   0-05-10,22:10,21:46,00:40,W,00:15,W,45,12, 2 , 2 ,12 52 49,+05 29 03,12 55 21.3,+05 12 49,POSS-I VI/25,https://cdsarc.cds.unistra.fr/viz-bin/cat/VI/25
     558,1561, 558, 3.41990566, 3.53348351,321.05, 67.12,146,1956-03-09,   0-03-10,02:02,01:50,00:09,W,00:03,E,45, 8, 3 , 3 ,13 16 48,+05 29 58,13 19 19.7,+05 14 13,POSS-I VI/25,https://cdsarc.cds.unistra.fr/viz-bin/cat/VI/25
     559,  90, 559, 3.52454948, 3.63813305,334.70, 64.89,142,1950-04-19,   0-04-20,23:41,00:40,00:04,W,01:03,W,45,12, 2 , 3 ,13 40 47,+05 31 08,13 43 18.0,+05 16 04,POSS-I VI/25,https://cdsarc.cds.unistra.fr/viz-bin/cat/VI/25
     560,  96, 560, 3.62911987, 3.74271297,345.91, 61.68,151,1950-04-21,   0-04-22,00:02,23:37,00:09,W,00:16,E,45,12, 2 , 2 ,14 04 45,+05 32 46,14 07 15.5,+05 18 32,POSS-I VI/25,https://cdsarc.cds.unistra.fr/viz-bin/cat/VI/25
     561,1418, 561, 3.73376274, 3.84736347,354.89, 57.78,146,1955-05-13,   0-05-14,21:28,21:12,01:25,E,01:41,E,50,12, 2 , 2 ,14 28 44,+05 34 32,14 31 13.9,+05 21 17,POSS-I VI/25,https://cdsarc.cds.unistra.fr/viz-bin/cat/VI/25
     562,1421, 562, 3.83840275, 3.95201683,  2.11, 53.41,158,1955-05-15,   0-05-16,21:45,21:28,01:24,E,01:41,E,50,12, 2 , 2 ,14 52 43,+05 36 52,14 55 12.3,+05 24 45,POSS-I VI/25,https://cdsarc.cds.unistra.fr/viz-bin/cat/VI/25
     563,1429, 563, 3.94464684, 4.05826664,  8.07, 48.65,129,1955-05-18,   0-05-19,23:19,23:02,00:06,E,00:19,E,50,12, 2 , 2 ,15 17 04,+05 38 10,15 19 32.8,+05 27 20,POSS-I VI/25,https://cdsarc.cds.unistra.fr/viz-bin/cat/VI/25
     564,1082, 564, 4.04775715, 4.16139603, 12.96, 43.83,164,1954-06-01,   0-06-02,22:20,22:03,00:27,E,00:45,E,45,13, 4 , 4 ,15 40 42,+05 41 40,15 43 10.4,+05 32 12,POSS-I VI/25,https://cdsarc.cds.unistra.fr/viz-bin/cat/VI/25
     565,1067, 565, 4.15239620, 4.26604843, 17.21, 38.79,181,1954-05-24,   0-05-25,23:24,23:04,00:19,E,00:39,E,45,15, 2 , 3 ,16 04 41,+05 44 26,16 07 08.9,+05 36 27,POSS-I VI/25,https://cdsarc.cds.unistra.fr/viz-bin/cat/VI/25
     566,  88, 566, 4.25703430, 4.37070370, 20.97, 33.65,225,1950-04-18,   0-04-19,02:45,02:23,00:16,W,00:06,E,45,12, 2 , 2 ,16 28 40,+05 47 42,16 31 07.6,+05 41 18,POSS-I VI/25,https://cdsarc.cds.unistra.fr/viz-bin/cat/VI/25
     567,1056, 567, 4.36166859, 4.47535324, 24.36, 28.44,206,1954-05-05,   0-05-06,01:16,02:05,00:30,E,00:19,W,45,12, 2 , 2 ,16 52 39,+05 50 45,16 55 06.3,+05 46 00,POSS-I VI/25,https://cdsarc.cds.unistra.fr/viz-bin/cat/VI/25
     568, 169, 568, 4.46638203, 4.58008385, 27.49, 23.18,288,1950-07-11,   0-07-12,22:27,22:05,00:41,W,00:19,W,45,12,2-3, 2 ,17 16 39,+05 53 49,17 19 06.0,+05 50 46,POSS-I VI/25,https://cdsarc.cds.unistra.fr/viz-bin/cat/VI/25
     569, 780, 569, 4.57109165, 4.68481064, 30.45, 17.89,349,1953-08-11,   0-08-12,20:10,20:58,00:02,W,00:51,W,45,12, 2 , 2 ,17 40 39,+05 57 14,17 43 05.8,+05 55 55,POSS-I VI/25,https://cdsarc.cds.unistra.fr/viz-bin/cat/VI/25
     570, 164, 570, 4.67573357, 4.78946972, 33.29, 12.59,328,1950-07-09,   0-07-10,22:45,23:40,00:04,W,00:58,W,45,12,1-2, 2 ,18 04 38,+06 00 25,18 07 04.7,+06 00 51,POSS-I VI/25,https://cdsarc.cds.unistra.fr/viz-bin/cat/VI/25
     571, 166, 571, 4.78051376, 4.89426899, 36.07,  7.29,384,1950-07-10,   0-07-11,23:16,00:15,00:14,W,01:14,W,45,12, 2 , 2 ,18 28 39,+06 03 46,18 31 05.7,+06 05 56,POSS-I VI/25,https://cdsarc.cds.unistra.fr/viz-bin/cat/VI/25
     572, 264, 572, 4.88537121, 4.99914360, 38.86,  2.00,326,1951-07-04,   0-07-05,22:46,22:24,01:05,E,01:27,E,50,12, 2 , 2 ,18 52 41,+06 07 03,18 55 07.8,+06 10 57,POSS-I VI/25,https://cdsarc.cds.unistra.fr/viz-bin/cat/VI/25
     573, 202, 573, 4.98986435, 5.10365582, 41.67, -3.25,335,1950-08-11,   0-08-12,22:17,21:53,00:33,W,00:09,W,45,12, 3 , 3 ,19 16 38,+06 10 27,19 19 04.9,+06 16 01,POSS-I VI/25,https://cdsarc.cds.unistra.fr/viz-bin/cat/VI/25
     574, 171, 574, 5.09464645, 5.20845318, 44.58, -8.47,410,1950-07-11,   0-07-12,01:03,00:42,00:53,W,00:32,W,45,12, 2 , 2 ,19 40 39,+06 13 22,19 43 06.1,+06 20 33,POSS-I VI/25,https://cdsarc.cds.unistra.fr/viz-bin/cat/VI/25
     575, 805, 575, 5.19935989, 5.31318378, 47.62,-13.64,342,1953-09-04,   0-09-05,20:38,21:28,00:19,E,00:31,W,45,12, 2 , 2 ,20 04 39,+06 16 18,20 07 06.4,+06 25 01,POSS-I VI/25,https://cdsarc.cds.unistra.fr/viz-bin/cat/VI/25
     576, 315, 576, 5.30421829, 5.41805744, 50.86,-18.73,341,1951-08-09,   0-08-10,22:32,22:16,00:33,E,00:49,E,50,10, 2 , 2 ,20 28 41,+06 19 02,20 31 08.8,+06 29 12,POSS-I VI/25,https://cdsarc.cds.unistra.fr/viz-bin/cat/VI/25
     577, 836, 577, 5.40900230, 5.52285480, 54.36,-23.73,312,1953-10-01,   0-10-02,20:01,20:51,00:02,W,01:53,W,45,12, 2 , 2 ,20 52 42,+06 21 40,20 55 10.3,+06 33 10,POSS-I VI/25,https://cdsarc.cds.unistra.fr/viz-bin/cat/VI/25
     578, 552, 578, 5.51415253, 5.62801838, 58.21,-28.62,222,1952-08-18,   0-08-19,22:29,23:24,00:46,E,00:09,W,50,10, 3 , 3 ,21 16 48,+06 24 00,21 19 16.8,+06 36 42,POSS-I VI/25,https://cdsarc.cds.unistra.fr/viz-bin/cat/VI/25
     579, 860, 579, 5.61857414, 5.73245144, 62.46,-33.32,225,1953-10-12,   0-10-13,20:06,20:57,00:03,W,00:54,W,45,12, 2 ,1-2,21 40 44,+06 25 57,21 43 13.4,+06 39 43,POSS-I VI/25,https://cdsarc.cds.unistra.fr/viz-bin/cat/VI/25
     580, 795, 580, 5.72336674, 5.83725357, 67.27,-37.83,221,1953-08-15,   0-08-16,00:25,01:15,00:10,W,01:00,W,45,12, 3 ,2-3,22 04 45,+06 27 38,22 07 15.1,+06 42 19,POSS-I VI/25,https://cdsarc.cds.unistra.fr/viz-bin/cat/VI/25
     581,1157, 581, 5.82822418, 5.94212055, 72.75,-42.08,204,1954-07-30,   0-07-31,01:32,01:15,00:11,E,00:28,E,50,13,2-3, 3 ,22 28 47,+06 29 17,22 31 17.8,+06 44 43,POSS-I VI/25,https://cdsarc.cds.unistra.fr/viz-bin/cat/VI/25
     582, 821, 582, 5.93301105, 6.04691315, 79.04,-45.97,210,1953-09-15,   0-09-16,22:07,22:58,00:55,E,00:03,E,45,12, 2 ,2-3,22 52 48,+06 30 23,22 55 19.6,+06 46 24,POSS-I VI/25,https://cdsarc.cds.unistra.fr/viz-bin/cat/VI/25
     583, 316, 583, 6.03780746, 6.15171337, 86.29,-49.41,191,1951-08-09,   0-08-10,01:36,01:21,00:17,E,00:32,E,50,10, 2 , 2 ,23 16 49,+06 31 11,23 19 21.4,+06 47 37,POSS-I VI/25,https://cdsarc.cds.unistra.fr/viz-bin/cat/VI/25
     584, 796, 584, 6.14266777, 6.25657749, 94.59,-52.28,170,1953-08-15,   0-08-16,01:54,02:44,00:03,W,00:53,W,45,12, 2 , 2 ,23 40 51,+06 31 38,23 43 24.2,+06 48 17,POSS-I VI/25,https://cdsarc.cds.unistra.fr/viz-bin/cat/VI/25
     585, 319, 585,-0.03501932, 0.07748896,100.41,-60.13,164,1951-08-10,   0-08-11,02:24,02:09,00:18,E,00:28,E,50,10, 2 , 2 ,00 04 52,+00 31 44,00 07 25.8,+00 48 26,POSS-I VI/25,https://cdsarc.cds.unistra.fr/viz-bin/cat/VI/25
     586, 591, 586, 0.06970066, 0.18220842,112.35,-61.66,160,1952-09-14,   0-09-15,22:39,22:23,02:01,E,02:17,E,50,10, 3 , 3 ,00 28 52,+00 31 28,00 31 25.9,+00 48 02,POSS-I VI/25,https://cdsarc.cds.unistra.fr/viz-bin/cat/VI/25
     587,1196, 587, 0.17442101, 0.28692758,125.06,-62.07,195,1954-09-03,   0-09-04,01:19,02:14,00:30,E,00:25,W,50,13,2-3, 2 ,00 52 52,+00 30 55,00 55 25.9,+00 47 09,POSS-I VI/25,https://cdsarc.cds.unistra.fr/viz-bin/cat/VI/25
     588,1259, 588, 0.27914160, 0.39164627,137.63,-61.31,160,1954-10-30,   0-10-31,22:29,23:17,00:07,E,00:48,W,50,13, 2 ,1-2,01 16 52,+00 30 02,01 19 26.0,+00 45 47,POSS-I VI/25,https://cdsarc.cds.unistra.fr/viz-bin/cat/VI/25
     589, 362, 589, 0.38393533, 0.49643725,149.21,-59.46,196,1951-09-07,   0-09-08,01:31,01:16,00:51,E,01:06,E,60,10,2-3, 2 ,01 40 53,+00 28 42,01 43 27.1,+00 43 46,POSS-I VI/25,https://cdsarc.cds.unistra.fr/viz-bin/cat/VI/25
     590, 852, 590, 0.48865700, 0.60115534,159.32,-56.71,180,1953-10-09,   0-10-10,00:38,01:29,00:00, ,00:51,W,45,12,1-2, 2 ,02 04 53,+00 27 03,02 07 27.1,+00 41 17,POSS-I VI/25,https://cdsarc.cds.unistra.fr/viz-bin/cat/VI/25
     591,1283, 591, 0.59337860, 0.70587313,167.90,-53.27,193,1954-11-23,   0-11-24,22:25,23:15,00:18,W,01:08,W,45,12, 2 , 2 ,02 28 53,+00 25 11,02 31 27.1,+00 38 26,POSS-I VI/25,https://cdsarc.cds.unistra.fr/viz-bin/cat/VI/25
     592,1453, 592, 0.69802767, 0.81051803,175.10,-49.30,195,1955-10-22,   0-10-23,00:03,00:59,00:34,E,00:22,W,50,10,1-2,1-2,02 52 52,+00 23 10,02 55 26.1,+00 35 17,POSS-I VI/25,https://cdsarc.cds.unistra.fr/viz-bin/cat/VI/25
     593, 363, 593, 0.80282289, 0.91530788,181.19,-44.95,189,1951-09-07,   0-09-08,02:54,02:39,01:04,E,01:19,E,60,10, 3 , 2 ,03 16 53,+00 20 33,03 19 27.1,+00 31 23,POSS-I VI/25,https://cdsarc.cds.unistra.fr/viz-bin/cat/VI/25
     594, 932, 594, 0.90754503, 1.02002430,186.39,-40.33,202,1953-12-30,   0-12-31,20:47,21:39,00:03,E,00:49,W,45,12,2-3, 2 ,03 40 53,+00 18 07,03 43 27.1,+00 27 34,POSS-I VI/25,https://cdsarc.cds.unistra.fr/viz-bin/cat/VI/25
     595, 232, 595, 1.01226711, 1.12474060,190.92,-35.50,182,1951-01-03,   0-01-04,20:04,20:59,00:57,E,00:02,E,50,12, 1 , 1 ,04 04 53,+00 15 09,04 07 27.1,+00 23 07,POSS-I VI/25,https://cdsarc.cds.unistra.fr/viz-bin/cat/VI/25
     596,1524, 596, 1.11691761, 1.22938538,194.92,-30.53,224,1955-12-15,   0-12-16,21:26,21:14,01:14,E,01:27,E,45, 8, 2 , 2 ,04 28 52,+00 12 23,04 31 26.0,+00 18 46,POSS-I VI/25,https://cdsarc.cds.unistra.fr/viz-bin/cat/VI/25
     597, 969, 597, 1.22171211, 1.33417416,198.53,-25.44,278,1954-01-27,   0-01-28,19:40,20:25,00:34,E,00:12,W,40,12, 3 , 3 ,04 52 53,+00 09 16,04 55 27.0,+00 14 00,POSS-I VI/25,https://cdsarc.cds.unistra.fr/viz-bin/cat/VI/25
     598, 909, 598, 1.32636261, 1.43881893,201.83,-20.28,304,1953-11-29,   0-11-30,00:30,00:12,00:01,W,00:17,E,45,12,2-3, 2 ,05 16 52,+00 06 09,05 19 25.9,+00 09 11,POSS-I VI/25,https://cdsarc.cds.unistra.fr/viz-bin/cat/VI/25
     599, 435, 599, 1.43108463, 1.54353523,204.93,-15.05,273,1951-11-28,   0-11-29,00:10,01:09,00:49,E,00:10,W,50,10, 3 , 3 ,05 40 52,+00 02 47,05 43 25.8,+00 04 05,POSS-I VI/25,https://cdsarc.cds.unistra.fr/viz-bin/cat/VI/25
     600,1487, 600, 1.53580666, 1.64825344,207.88, -9.79,263,1955-11-19,   0-11-20,01:03,00:48,00:55,E,01:10,E,50, 8, 3 , 3 ,06 04 52,-00 00 35,06 07 25.7,-00 01 02,POSS-I VI/25,https://cdsarc.cds.unistra.fr/viz-bin/cat/VI/25
     601,1483, 601, 1.64052391, 1.75297642,210.74, -4.50,347,1955-11-18,   0-11-19,02:31,02:15,00:05,W,00:11,E,50, 8, 2 , 2 ,06 28 52,-00 04 04,06 31 25.6,-00 06 15,POSS-I VI/25,https://cdsarc.cds.unistra.fr/viz-bin/cat/VI/25
     602,1346, 602, 1.74524021, 1.85769844,213.55,  0.80,430,1955-03-18,   0-03-19,19:16,20:11,00:18,W,01:13,W,50,12,1-2,1-2,06 52 52,-00 07 24,06 55 25.6,-00 11 19,POSS-I VI/25,https://cdsarc.cds.unistra.fr/viz-bin/cat/VI/25
     603,1491, 603, 1.84995747, 1.96242142,216.37,  6.10,381,1955-11-22,   0-11-23,02:21,03:11,00:37,E,00:13,W,45, 8, 2 , 2 ,07 16 52,-00 10 22,07 19 25.5,-00 15 57,POSS-I VI/25,https://cdsarc.cds.unistra.fr/viz-bin/cat/VI/25
     604, 933, 604, 1.95467472, 2.06714535,219.25, 11.39,316,1953-12-31,   0-01-01,00:43,00:26,00:04,E,00:21,E,45,12, 5 , 5 ,07 40 52,-00 13 25,07 43 25.4,-00 20 37,POSS-I VI/25,https://cdsarc.cds.unistra.fr/viz-bin/cat/VI/25
     605,1298, 605, 2.05931854, 2.17179394,222.23, 16.64,359,1954-12-04,   0-12-05,02:41,03:31,00:17,E,00:33,W,45,12, 2 ,1-2,08 04 51,-00 16 14,08 07 24.4,-00 24 58,POSS-I VI/25,https://cdsarc.cds.unistra.fr/viz-bin/cat/VI/25
     606,1305, 606, 2.16410732, 2.27659035,225.39, 21.85,291,1954-12-20,   0-12-21,02:24,02:07,00:05,W,00:12,E,45,12, 3 , 3 ,08 28 52,-00 19 12,08 31 25.4,-00 29 23,POSS-I VI/25,https://cdsarc.cds.unistra.fr/viz-bin/cat/VI/25
     607, 469, 607, 2.26875210, 2.38123894,228.78, 26.99,239,1952-01-31,   0-02-01,23:25,00:30,00:34,E,00:31,W,60,10,2-3, 2 ,08 52 51,-00 21 35,08 55 24.4,-00 33 05,POSS-I VI/25,https://cdsarc.cds.unistra.fr/viz-bin/cat/VI/25
     608, 430, 608, 2.37346935, 2.48596191,232.50, 32.05,192,1951-11-27,   0-11-28,03:36,03:20,01:02,E,01:19,E,50,10, 3 ,2-3,09 16 51,-00 24 04,09 19 24.4,-00 36 46,POSS-I VI/25,https://cdsarc.cds.unistra.fr/viz-bin/cat/VI/25
     609,1318, 609, 2.47826004, 2.59075642,236.64, 36.99,174,1954-12-29,   0-12-30,02:47,03:38,00:07,E,00:43,W,45,12, 2 , 1 ,09 40 52,-00 25 59,09 43 25.4,-00 39 45,POSS-I VI/25,https://cdsarc.cds.unistra.fr/viz-bin/cat/VI/25
     610, 470, 610, 2.58297729, 2.69547749,241.36, 41.76,148,1952-01-31,   0-02-01,00:49,01:54,00:22,E,00:43,W,60,10, 2 ,2-3,10 04 52,-00 27 51,10 07 25.4,-00 42 32,POSS-I VI/25,https://cdsarc.cds.unistra.fr/viz-bin/cat/VI/25
     611, 467, 611, 2.68769646, 2.80019855,246.80, 46.30,146,1952-01-30,   0-01-31,01:14,00:58,00:25,E,00:41,E,60,10, 2 , 2 ,10 28 52,-00 29 12,10 31 25.5,-00 44 38,POSS-I VI/25,https://cdsarc.cds.unistra.fr/viz-bin/cat/VI/25
     612,1397, 612, 2.79234123, 2.90484715,253.20, 50.54,153,1955-04-17,   0-04-18,20:43,21:38,00:16,E,00:39,W,50,12, 2 , 2 ,10 52 51,-00 30 26,10 55 24.5,-00 46 27,POSS-I VI/25,https://cdsarc.cds.unistra.fr/viz-bin/cat/VI/25
     613,1400, 613, 2.89713287, 3.00964069,260.80, 54.37,159,1955-04-19,   0-04-20,21:16,20:59,00:01,W,00:16,E,50,12, 3 , 2 ,11 16 52,-00 31 11,11 19 25.6,-00 47 37,POSS-I VI/25,https://cdsarc.cds.unistra.fr/viz-bin/cat/VI/25
     614, 471, 614, 3.00185299, 3.11436081,269.83, 57.63,130,1952-01-31,   0-02-01,02:11,03:16,00:36,E,00:30,W,60,10, 3 ,2-3,11 40 52,-00 31 38,11 43 25.7,-00 48 17,POSS-I VI/25,https://cdsarc.cds.unistra.fr/viz-bin/cat/VI/25
     615,1401, 615, 3.10657310, 3.21908092,280.41, 60.13,142,1955-04-19,   0-04-20,22:28,22:11,00:25,W,00:08,W,50,12, 3 , 3 ,12 04 52,-00 31 44,12 07 25.8,-00 48 26,POSS-I VI/25,https://cdsarc.cds.unistra.fr/viz-bin/cat/VI/25
     616,1405, 616, 3.21129227, 3.32380009,292.35, 61.66,132,1955-04-20,   0-04-21,22:09,21:52,00:14,E,00:31,E,50,12, 2 , 2 ,12 28 52,-00 31 31,12 31 25.9,-00 48 05,POSS-I VI/25,https://cdsarc.cds.unistra.fr/viz-bin/cat/VI/25
     617,1578, 617, 3.31601334, 3.42851925,305.06, 62.07,151,1956-03-15,   0-03-16,01:37,02:27,00:32,W,01:22,W,45, 8, 3 , 3 ,12 52 52,-00 30 52,12 55 25.9,-00 47 06,POSS-I VI/25,https://cdsarc.cds.unistra.fr/viz-bin/cat/VI/25
     618,1595, 618, 3.42052364, 3.53301239,317.66, 61.43,131,1956-04-08,   0-04-09,22:41,22:29,01:14,E,01:25,W,45, 8,2-3, 3 ,13 16 49,-00 22 50,13 19 23.0,-00 38 35,POSS-I VI/25,https://cdsarc.cds.unistra.fr/viz-bin/cat/VI/25
     619, 465, 619, 3.52530861, 3.63781071,329.19, 59.47,143,1952-01-29,   0-01-30,04:28,04:13,00:26,E,00:41,E,60,10,2-3, 2 ,13 40 50,-00 28 38,13 43 24.1,-00 43 42,POSS-I VI/25,https://cdsarc.cds.unistra.fr/viz-bin/cat/VI/25
     620,1424, 620, 3.63024902, 3.74274731,339.32, 56.71,151,1955-05-16,   0-05-17,20:43,20:26,01:34,E,01:51,E,50,12, 2 , 2 ,14 04 53,-00 27 06,14 07 27.1,-00 41 20,POSS-I VI/25,https://cdsarc.cds.unistra.fr/viz-bin/cat/VI/25
     621,1440, 621, 3.73489761, 3.84739208,347.89, 53.27,153,1955-05-22,   0-05-23,22:08,21:52,00:08,E,00:25,E,50,12, 3 , 3 ,14 28 52,-00 25 21,14 31 26.1,-00 38 36,POSS-I VI/25,https://cdsarc.cds.unistra.fr/viz-bin/cat/VI/25
     622,1613, 622, 3.83961964, 3.95211029,355.10, 49.30,170,1957-04-27,   0-04-28,01:00,01:56,00:44,W,01:40,W,50, 8,2-3, 3 ,14 52 52,-00 23 17,14 55 26.2,-00 35 24,POSS-I VI/25,https://cdsarc.cds.unistra.fr/viz-bin/cat/VI/25
     623,1402, 623, 3.94434166, 4.05682659,  1.18, 44.95,146,1955-04-19,   0-04-20,00:16,23:59,00:58,E,01:15,E,50,12, 3 ,2-3,15 16 52,-00 20 51,15 19 26.2,-00 31 41,POSS-I VI/25,https://cdsarc.cds.unistra.fr/viz-bin/cat/VI/25
     624, 151, 624, 4.04913616, 4.16161728,  6.39, 40.33,147,1950-06-17,   0-06-18,22:46,22:25,01:01,W,00:40,W,45,12, 2 , 2 ,15 40 53,-00 18 17,15 43 27.1,-00 27 44,POSS-I VI/25,https://cdsarc.cds.unistra.fr/viz-bin/cat/VI/25
     625, 761, 625, 4.15378380, 4.26625919, 10.91, 35.51,150,1953-07-08,   0-07-09,21:51,22:44,01:06,W,01:59,W,45,12, 3 ,2-3,16 04 52,-00 15 26,16 07 26.1,-00 23 24,POSS-I VI/25,https://cdsarc.cds.unistra.fr/viz-bin/cat/VI/25
     626, 143, 626, 4.25850582, 4.37097359, 14.92, 30.53,191,1950-06-12,   0-06-13,23:00,23:54,00:07,W,01:01,W,45,12, 3 , 3 ,16 28 52,-00 12 15,16 31 26.1,-00 18 38,POSS-I VI/25,https://cdsarc.cds.unistra.fr/viz-bin/cat/VI/25
     627, 155, 627, 4.36322689, 4.47568893, 18.52, 25.45,175,1950-06-18,   0-06-19,23:21,22:59,00:28,W,00:06,W,45,12, 4 , 4 ,16 52 52,-00 09 11,16 55 26.0,-00 13 55,POSS-I VI/25,https://cdsarc.cds.unistra.fr/viz-bin/cat/VI/25
     628,1154, 628, 4.46802330, 4.58047962, 21.84, 20.28,191,1954-07-30,   0-07-31,20:56,21:51,00:24,W,01:19,W,50,13, 3 , 3 ,17 16 53,-00 05 53,17 19 26.9,-00 08 55,POSS-I VI/25,https://cdsarc.cds.unistra.fr/viz-bin/cat/VI/25
     629,1144, 629, 4.57267284, 4.68512344, 24.94, 15.05,238,1954-07-27,   0-07-28,21:26,22:21,00:18,W,01:13,W,50,12,3-4, 4 ,17 40 52,-00 02 28,17 43 25.8,-00 03 46,POSS-I VI/25,https://cdsarc.cds.unistra.fr/viz-bin/cat/VI/25
     630, 773, 630, 4.67739677, 4.78984356, 27.88,  9.79,223,1953-07-11,   0-07-12,23:09,00:02,00:36,W,01:29,W,45,12, 3 , 2 ,18 04 52,+00 00 36,18 07 25.8,+00 01 03,POSS-I VI/25,https://cdsarc.cds.unistra.fr/viz-bin/cat/VI/25
     631,1084, 631, 4.78204060, 4.89449310, 30.73,  4.50,238,1954-06-01,   0-06-02,01:08,00:49,00:27,E,00:47,E,45,13, 3 , 2 ,18 28 51,+00 03 51,18 31 24.7,+00 06 02,POSS-I VI/25,https://cdsarc.cds.unistra.fr/viz-bin/cat/VI/25
     632, 193, 632, 4.88682747, 4.99928570, 33.55, -0.80,277,1950-07-18,   0-07-19,23:18,22:55,00:23,W,00:00, ,45,12, 2 ,2-3,18 52 52,+00 07 18,18 55 25.6,+00 11 13,POSS-I VI/25,https://cdsarc.cds.unistra.fr/viz-bin/cat/VI/25
     633, 323, 633, 4.99147511, 5.10393906, 36.37, -6.10,279,1951-08-23,   0-08-24,19:57,20:54,01:01,E,00:04,E,50,10,1-2, 1 ,19 16 51,+00 10 21,19 19 24.5,+00 15 56,POSS-I VI/25,https://cdsarc.cds.unistra.fr/viz-bin/cat/VI/25
     634, 167, 634, 5.09618950, 5.20866108, 39.25,-11.38,258,1950-07-10,   0-07-11,01:07,00:44,00:53,W,00:30,W,45,12,1-2, 2 ,19 40 51,+00 13 31,19 43 24.5,+00 20 43,POSS-I VI/25,https://cdsarc.cds.unistra.fr/viz-bin/cat/VI/25
     635, 297, 635, 5.20098019, 5.31345749, 42.24,-16.64,235,1951-07-30,   0-07-31,23:43,23:26,00:23,W,00:05,W,50,12, 2 , 3 ,20 04 52,+00 16 28,20 07 25.4,+00 25 12,POSS-I VI/25,https://cdsarc.cds.unistra.fr/viz-bin/cat/VI/25
     636, 794, 636, 5.30569649, 5.41817760, 45.39,-21.85,279,1953-08-15,   0-08-16,22:32,23:22,00:08,E,00:43,W,45,12, 2 , 2 ,20 28 52,+00 19 07,20 31 25.4,+00 29 18,POSS-I VI/25,https://cdsarc.cds.unistra.fr/viz-bin/cat/VI/25
     637, 305, 637, 5.41041183, 5.52289867, 48.78,-26.99,256,1951-08-05,   0-08-06,23:51,23:37,00:03,W,00:08,E,50,10,1-2,1-2,20 52 52,+00 21 42,20 55 25.4,+00 33 12,POSS-I VI/25,https://cdsarc.cds.unistra.fr/viz-bin/cat/VI/25
     638, 575, 638, 5.51505852, 5.62755299, 52.51,-32.04,213,1952-08-23,   0-08-24,22:56,22:29,00:01,W,00:16,E,50,10,2-3,2-3,21 16 51,+00 24 55,21 19 24.4,+00 37 38,POSS-I VI/25,https://cdsarc.cds.unistra.fr/viz-bin/cat/VI/25
     639,1130, 639, 5.61984730, 5.73234367, 56.65,-36.98,178,1954-07-04,   0-07-05,02:33,02:17,00:05,E,00:21,E,50,12,3-4, 4 ,21 40 52,+00 26 04,21 43 25.4,+00 39 50,POSS-I VI/25,https://cdsarc.cds.unistra.fr/viz-bin/cat/VI/25
     640,1146, 640, 5.72456741, 5.83706760, 61.36,-41.76,155,1954-07-27,   0-07-28,01:23,01:06,00:08,E,00:25,E,50,12,3-4,3-4,22 04 52,+00 27 47,22 07 25.4,+00 42 28,POSS-I VI/25,https://cdsarc.cds.unistra.fr/viz-bin/cat/VI/25
     641, 364, 641, 5.82921219, 5.94171619, 66.80,-46.30,176,1951-09-08,   0-09-09,22:54,22:40,00:13,E,00:27,E,60,10, 3 , 2 ,22 28 51,+00 29 20,22 31 24.5,+00 44 46,POSS-I VI/25,https://cdsarc.cds.unistra.fr/viz-bin/cat/VI/25
     642, 905, 642, 5.93392944, 6.04643536, 73.20,-50.54,154,1953-11-29,   0-11-30,18:02,18:53,00:04,E,00:47,W,45,12, 3 , 2 ,22 52 51,+00 30 22,22 55 24.6,+00 46 23,POSS-I VI/25,https://cdsarc.cds.unistra.fr/viz-bin/cat/VI/25
     643, 834, 643, 6.03872204, 6.15122986, 80.80,-54.37,144,1953-09-30,   0-10-01,22:28,23:18,00:02,W,00:53,W,45,12, 2 , 2 ,23 16 52,+00 31 09,23 19 25.6,+00 47 35,POSS-I VI/25,https://cdsarc.cds.unistra.fr/viz-bin/cat/VI/25
     644, 431, 644, 6.14344025, 6.25594807, 89.83,-57.63,158,1951-11-28,   0-11-29,18:58,19:55,00:02,E,00:55,W,50,10,2-3, 3 ,23 40 52,+00 31 38,23 43 25.7,+00 48 17,POSS-I VI/25,https://cdsarc.cds.unistra.fr/viz-bin/cat/VI/25
     645,1198, 645,-0.03554998, 0.07801962, 95.44,-65.69,132,1954-09-04,   0-09-05,00:16,01:10,00:42,E,00:13,W,50,13, 3 , 3 ,00 04 52,-05 28 16,00 07 25.6,-05 11 34,POSS-I VI/25,https://cdsarc.cds.unistra.fr/viz-bin/cat/VI/25
     646, 314, 646, 0.06902361, 0.18259448,109.75,-67.56,148,1951-08-07,   0-08-08,01:54,01:39,01:19,E,01:34,E,50,10,2-3,2-3,00 28 50,-05 28 31,00 31 22.9,-05 11 57,POSS-I VI/25,https://cdsarc.cds.unistra.fr/viz-bin/cat/VI/25
     647,1206, 647, 0.17366916, 0.28724301,125.54,-68.07,135,1954-09-07,   0-09-08,00:54,01:49,00:40,E,00:16,W,50,13,2-3, 2 ,00 52 49,-05 29 07,00 55 21.3,-05 12 52,POSS-I VI/25,https://cdsarc.cds.unistra.fr/viz-bin/cat/VI/25
     648,1272, 648, 0.27831388, 0.39189237,141.05,-67.12,158,1954-11-19,   0-11-20,20:53,20:36,00:17,E,00:35,E,45,12, 2 , 3 ,01 16 48,-05 30 02,01 19 19.7,-05 14 17,POSS-I VI/25,https://cdsarc.cds.unistra.fr/viz-bin/cat/VI/25
     649, 916, 649, 0.38288474, 0.49646968,154.70,-64.89,145,1953-12-06,   0-12-07,20:36,21:27,00:10,W,01:01,W,45,12,2-3, 3 ,01 40 46,-05 31 18,01 43 17.0,-05 16 13,POSS-I VI/25,https://cdsarc.cds.unistra.fr/viz-bin/cat/VI/25
     650,1281, 650, 0.48752791, 0.60112095,165.92,-61.68,180,1954-11-23,   0-11-24,20:26,20:09,01:17,E,01:34,E,45,12, 2 ,2-3,02 04 45,-05 32 53,02 07 15.4,-05 18 38,POSS-I VI/25,https://cdsarc.cds.unistra.fr/viz-bin/cat/VI/25
     651,1292, 651, 0.59224319, 0.70584506,174.90,-57.77,160,1954-11-26,   0-11-27,21:23,22:13,00:31,E,00:19,W,45,12, 2 , 2 ,02 28 45,-05 34 38,02 31 14.9,-05 21 23,POSS-I VI/25,https://cdsarc.cds.unistra.fr/viz-bin/cat/VI/25
     652,1452, 652, 0.69681174, 0.81042469,182.11,-53.41,151,1955-10-22,   0-10-23,23:05,22:50,01:32,E,01:47,E,50,10, 2 ,2-3,02 52 43,-05 36 48,02 55 12.3,-05 24 41,POSS-I VI/25,https://cdsarc.cds.unistra.fr/viz-bin/cat/VI/25
     653,1456, 653, 0.80145311, 0.91507792,188.01,-48.73,166,1955-10-23,   0-10-24,00:21,00:09,00:36,E,00:48,E,50, 8, 2 , 2 ,03 16 42,-05 39 06,03 19 10.8,-05 28 15,POSS-I VI/25,https://cdsarc.cds.unistra.fr/viz-bin/cat/VI/25
     654,1485, 654, 0.90616602, 1.01980400,192.96,-43.83,184,1955-11-19,   0-11-20,22:38,22:24,00:56,E,01:11,E,50, 8,2-3, 2 ,03 40 42,-05 41 42,03 43 10.3,-05 32 14,POSS-I VI/25,https://cdsarc.cds.unistra.fr/viz-bin/cat/VI/25
     655,1518, 655, 1.01073170, 1.12438583,197.21,-38.80,205,1955-12-14,   0-12-15,22:10,23:00,00:10,E,00:40,W,45, 8, 4 , 3 ,04 04 40,-05 44 43,04 07 07.9,-05 36 44,POSS-I VI/25,https://cdsarc.cds.unistra.fr/viz-bin/cat/VI/25
     656, 918, 656, 1.11544323, 1.22911358,200.97,-33.65,222,1953-12-06,   0-12-07,22:53,23:44,00:21,E,00:30,W,45,12, 2 , 2 ,04 28 40,-05 47 53,04 31 07.5,-05 41 29,POSS-I VI/25,https://cdsarc.cds.unistra.fr/viz-bin/cat/VI/25
     657,1519, 657, 1.22015572, 1.33384037,204.36,-28.44,253,1955-12-14,   0-12-15,23:14,00:04,00:06,W,00:56,W,45, 8, 4 , 4 ,04 52 40,-05 50 43,04 55 07.2,-05 45 58,POSS-I VI/25,https://cdsarc.cds.unistra.fr/viz-bin/cat/VI/25
     658,1526, 658, 1.32479382, 1.43849564,207.49,-23.18,302,1955-12-15,   0-12-16,23:30,23:18,00:02,W,00:10,E,45, 8, 2 , 3 ,05 16 39,-05 53 55,05 19 06.0,-05 50 52,POSS-I VI/25,https://cdsarc.cds.unistra.fr/viz-bin/cat/VI/25
     659,1477, 659, 1.42950439, 1.54322529,210.45,-17.89,302,1955-11-17,   0-11-18,01:25,02:22,00:17,E,00:40,W,50, 8, 2 , 2 ,05 40 39,-05 57 18,05 43 05.8,-05 55 59,POSS-I VI/25,https://cdsarc.cds.unistra.fr/viz-bin/cat/VI/25
     660, 928, 660, 1.53414345, 1.64788151,213.29,-12.59,322,1953-12-28,   0-12-29,23:07,22:45,00:16,E,00:37,E,45,12, 2 , 1 ,06 04 38,-06 00 36,06 07 04.7,-06 01 02,POSS-I VI/25,https://cdsarc.cds.unistra.fr/viz-bin/cat/VI/25
     661, 943, 661, 1.63892555, 1.75268269,216.08, -7.29,359,1954-01-02,   0-01-03,23:54,00:39,00:27,W,01:12,W,40,12,3-4, 3 ,06 28 39,-06 04 07,06 31 05.7,-06 06 17,POSS-I VI/25,https://cdsarc.cds.unistra.fr/viz-bin/cat/VI/25
     662, 653, 662, 1.74363804, 1.85741043,218.85, -2.01,409,1953-01-16,   0-01-17,23:31,22:25,00:36,W,00:30,E,40,10, 2 , 2 ,06 52 39,-06 07 06,06 55 05.7,-06 10 59,POSS-I VI/25,https://cdsarc.cds.unistra.fr/viz-bin/cat/VI/25
     663,1488, 663, 1.84842110, 1.96221256,221.68,  3.26,397,1955-11-19,   0-11-20,02:26,03:23,00:44,E,00:13,W,50, 8,2-3,2-3,07 16 40,-06 10 28,07 19 06.9,-06 16 02,POSS-I VI/25,https://cdsarc.cds.unistra.fr/viz-bin/cat/VI/25
     664,1495, 664, 1.95305920, 2.06686783,224.58,  8.47,348,1955-11-23,   0-11-24,03:24,04:13,00:06,W,00:55,W,45, 8,2-3,2-3,07 40 39,-06 13 35,07 43 06.1,-06 20 46,POSS-I VI/25,https://cdsarc.cds.unistra.fr/viz-bin/cat/VI/25
     665, 702, 665, 2.05784416, 2.17166805,227.62, 13.64,355,1953-03-13,   0-03-14,20:54,20:39,00:27,W,00:12,W,45,10, 2 , 2 ,08 04 40,-06 16 31,08 07 07.4,-06 25 14,POSS-I VI/25,https://cdsarc.cds.unistra.fr/viz-bin/cat/VI/25
     666,1015, 666, 2.16263008, 2.27646828,230.86, 18.73,319,1954-03-27,   0-03-28,19:12,20:02,00:45,E,00:05,W,45,12, 3 , 3 ,08 28 41,-06 19 00,08 31 08.8,-06 29 10,POSS-I VI/25,https://cdsarc.cds.unistra.fr/viz-bin/cat/VI/25
     667, 934, 667, 2.26741505, 2.38126755,234.36, 23.73,283,1953-12-31,   0-01-01,01:51,01:34,00:08,E,00:25,E,45,12, 5 , 5 ,08 52 42,-06 21 34,08 55 10.3,-06 33 04,POSS-I VI/25,https://cdsarc.cds.unistra.fr/viz-bin/cat/VI/25
     668, 922, 668, 2.37220097, 2.48606682,238.20, 28.61,249,1953-12-06,   0-12-07,04:04,04:53,00:03,W,00:52,W,45,12, 3 , 3 ,09 16 43,-06 24 01,09 19 11.8,-06 36 43,POSS-I VI/25,https://cdsarc.cds.unistra.fr/viz-bin/cat/VI/25
     669, 649, 669, 2.47698689, 2.59086418,242.46, 33.32,218,1953-01-09,   0-01-10,01:04,01:49,01:06,E,00:21,E,40,10,1-2,1-2,09 40 44,-06 26 03,09 43 13.4,-06 39 49,POSS-I VI/25,https://cdsarc.cds.unistra.fr/viz-bin/cat/VI/25
     670,1530, 670, 2.58184814, 2.69573498,247.27, 37.84,208,1955-12-15,   0-12-16,04:09,04:57,00:06,E,00:42,W,45, 8, 2 ,2-3,10 04 46,-06 27 47,10 07 16.1,-06 42 28,POSS-I VI/25,https://cdsarc.cds.unistra.fr/viz-bin/cat/VI/25
     671, 694, 671, 2.68656254, 2.80045891,252.75, 42.07,199,1953-03-08,   0-03-09,23:41,23:25,00:31,W,00:15,W,45,10, 3 , 3 ,10 28 46,-06 29 19,10 31 16.8,-06 44 45,POSS-I VI/25,https://cdsarc.cds.unistra.fr/viz-bin/cat/VI/25
     672, 991, 672, 2.79142475, 2.90532684,259.04, 45.97,173,1954-02-25,   0-02-26,00:03,00:47,00:15,E,00:29,W,40,12,2-3, 2 ,10 52 48,-06 30 24,10 55 19.5,-06 46 25,POSS-I VI/25,https://cdsarc.cds.unistra.fr/viz-bin/cat/VI/25
     673,1018, 673, 2.89621544, 3.01012135,266.29, 49.41,179,1954-03-27,   0-03-28,22:34,23:24,00:10,E,00:40,W,45,12, 2 ,1-2,11 16 49,-06 31 10,11 19 21.3,-06 47 36,POSS-I VI/25,https://cdsarc.cds.unistra.fr/viz-bin/cat/VI/25
     674,1006, 674, 3.00107861, 3.11498833,274.59, 52.28,179,1954-03-06,   0-03-07,23:33,00:23,00:58,E,00:08,E,45,12, 3 , 3 ,11 40 51,-06 31 38,11 43 24.1,-06 48 17,POSS-I VI/25,https://cdsarc.cds.unistra.fr/viz-bin/cat/VI/25
     675,1023, 675, 3.10587215, 3.21978188,283.92, 54.43,174,1954-04-01,   0-04-02,22:37,23:27,00:36,E,00:14,W,45,12, 3 , 3 ,12 04 52,-06 31 44,12 07 26.0,-06 48 26,POSS-I VI/25,https://cdsarc.cds.unistra.fr/viz-bin/cat/VI/25
     676,1066, 676, 3.21073723, 3.32464504,294.11, 55.73,168,1954-05-24,   0-05-25,20:10,21:01,00:02,W,00:53,W,45,15, 2 , 2 ,12 28 54,-06 31 31,12 31 28.8,-06 48 05,POSS-I VI/25,https://cdsarc.cds.unistra.fr/viz-bin/cat/VI/25
     677,1600, 677, 3.31553078, 3.42943668,304.74, 56.07,163,1956-05-07,   0-05-08,21:04,21:53,00:33,E,00:17,W,45, 8, 3 , 3 ,12 52 55,-06 30 57,12 55 30.6,-06 47 11,POSS-I VI/25,https://cdsarc.cds.unistra.fr/viz-bin/cat/VI/25
     678,1077, 678, 3.42039967, 3.53429985,315.30, 55.43,163,1954-05-30,   0-05-31,20:27,21:18,00:06,E,00:45,W,45,13, 2 ,1-2,13 16 57,-06 29 58,13 19 33.4,-06 45 42,POSS-I VI/25,https://cdsarc.cds.unistra.fr/viz-bin/cat/VI/25
     679, 500, 679, 3.52519512, 3.63908768,325.26, 53.86,189,1952-05-23,   0-05-24,21:04,20:49,00:18,E,00:33,E,70,10, 2 , 2 ,13 40 58,-06 28 49,13 43 35.1,-06 43 53,POSS-I VI/25,https://cdsarc.cds.unistra.fr/viz-bin/cat/VI/25
     680,1616, 680, 3.62999249, 3.74387550,334.29, 51.48,198,1957-04-29,   0-04-30,23:23,00:20,00:02,W,00:59,W,50, 8,2-3,2-3,14 04 59,-06 27 08,14 07 36.8,-06 41 22,POSS-I VI/25,https://cdsarc.cds.unistra.fr/viz-bin/cat/VI/25
     681,1062, 681, 3.73478985, 3.84866333,342.26, 48.43,174,1954-05-22,   0-05-23,22:09,21:50,00:06,E,00:25,E,45,15, 2 , 2 ,14 29 00,-06 25 22,14 31 38.4,-06 38 36,POSS-I VI/25,https://cdsarc.cds.unistra.fr/viz-bin/cat/VI/25
     682, 751, 682, 3.83958912, 3.95344925,349.21, 44.84,162,1953-06-13,   0-06-14,21:21,21:04,00:09,W,00:08,E,45,12, 2 , 2 ,14 53 01,-06 23 05,14 55 40.0,-06 35 11,POSS-I VI/25,https://cdsarc.cds.unistra.fr/viz-bin/cat/VI/25
     683,1431, 683, 3.94446087, 4.05830765,355.25, 40.82,183,1955-05-19,   0-05-20,22:37,22:21,00:40,E,00:56,E,50,12, 3 , 3 ,15 17 03,-06 20 35,15 19 42.5,-06 31 25,POSS-I VI/25,https://cdsarc.cds.unistra.fr/viz-bin/cat/VI/25
     684,1078, 684, 4.04926014, 4.16309357,  0.51, 36.49,180,1954-05-30,   0-05-31,23:03,23:58,00:00, ,00:57,W,45,13, 2 , 2 ,15 41 04,-06 18 05,15 43 43.9,-06 27 31,POSS-I VI/25,https://cdsarc.cds.unistra.fr/viz-bin/cat/VI/25
     685, 764, 685, 4.15391159, 4.26772976,  5.13, 31.92,194,1953-07-09,   0-07-10,20:52,22:14,00:10,W,01:32,W,45,12, 2 ,2-3,16 05 03,-06 15 23,16 07 43.3,-06 23 20,POSS-I VI/25,https://cdsarc.cds.unistra.fr/viz-bin/cat/VI/25
     686,1043, 686, 4.25870895, 4.37251186,  9.26, 27.15,152,1954-04-10,   0-04-11,02:49,03:41,00:11,E,00:40,W,45,12,2-3, 2 ,16 29 04,-06 12 27,16 31 44.6,-06 18 49,POSS-I VI/25,https://cdsarc.cds.unistra.fr/viz-bin/cat/VI/25
     687,1083, 687, 4.36351585, 4.47730160, 12.98, 22.23,134,1954-06-01,   0-06-02,23:31,23:13,00:29,E,00:47,E,45,13, 3 , 3 ,16 53 05,-06 09 19,16 55 45.7,-06 14 02,POSS-I VI/25,https://cdsarc.cds.unistra.fr/viz-bin/cat/VI/25
     688, 266, 688, 4.46845913, 4.58222580, 16.40, 17.19,117,1951-07-05,   0-07-06,20:57,21:58,01:13,E,00:18,E,50,12, 3 , 3 ,17 17 08,-06 05 50,17 19 48.8,-06 08 51,POSS-I VI/25,https://cdsarc.cds.unistra.fr/viz-bin/cat/VI/25
     689,1116, 689, 4.57297134, 4.68671989, 19.57, 12.09,167,1954-07-01,   0-07-02,22:48,23:43,00:02,E,00:53,W,50,12,3-4, 4 ,17 41 05,-06 02 36,17 43 45.8,-06 03 53,POSS-I VI/25,https://cdsarc.cds.unistra.fr/viz-bin/cat/VI/25
     690, 156, 690, 4.67762566, 4.79135609, 22.57,  6.91,173,1950-06-18,   0-06-19,00:17,01:11,00:12,W,01:06,W,45,12,3-4,3-4,18 05 04,-05 59 10,18 07 44.8,-05 58 42,POSS-I VI/25,https://cdsarc.cds.unistra.fr/viz-bin/cat/VI/25
     691, 300, 691, 4.78242874, 4.89614201, 25.44,  1.67,221,1951-08-04,   0-08-05,21:41,22:39,00:17,W,01:15,W,50,10, 2 , 2 ,18 29 05,-05 56 05,18 31 45.6,-05 53 52,POSS-I VI/25,https://cdsarc.cds.unistra.fr/viz-bin/cat/VI/25
     692,1085, 692, 4.88716030, 5.00085449, 28.24, -3.60,376,1954-06-01,   0-06-02,02:16,01:59,00:16,W,00:01,E,45,13, 1 ,1-2,18 53 05,-05 52 34,18 55 45.4,-05 48 38,POSS-I VI/25,https://cdsarc.cds.unistra.fr/viz-bin/cat/VI/25
     693, 327, 693, 4.99180984, 5.10548878, 31.02, -8.89,321,1951-08-25,   0-08-26,21:21,22:17,04:12,E,01:27,W,50,10,1-2, 1 ,19 17 04,-05 49 26,19 19 44.2,-05 43 50,POSS-I VI/25,https://cdsarc.cds.unistra.fr/viz-bin/cat/VI/25
     694, 835, 694, 5.09653568, 5.21019936, 33.81,-14.20,305,1953-10-01,   0-10-02,18:51,19:41,00:05,W,00:55,W,45,12, 2 , 2 ,19 41 04,-05 46 37,19 43 43.8,-05 39 24,POSS-I VI/25,https://cdsarc.cds.unistra.fr/viz-bin/cat/VI/25
     695, 268, 695, 5.20141220, 5.31506252, 36.69,-19.51,287,1951-07-05,   0-07-06,23:30,00:26,01:29,E,00:33,E,50,12,2-3,2-3,20 05 06,-05 43 53,20 07 45.4,-05 35 08,POSS-I VI/25,https://cdsarc.cds.unistra.fr/viz-bin/cat/VI/25
     696, 309, 696, 5.30584717, 5.41948032, 39.69,-24.77,327,1951-08-06,   0-08-07,22:59,22:39,00:18,E,00:33,E,50,10,1-2, 2 ,20 29 02,-05 40 46,20 31 41.0,-05 30 35,POSS-I VI/25,https://cdsarc.cds.unistra.fr/viz-bin/cat/VI/25
     697, 797, 697, 5.41050434, 5.52412510, 42.89,-30.02,265,1953-08-17,   0-08-18,22:40,23:30,00:16,E,00:34,W,45,12,2-3,2-3,20 53 01,-05 38 20,20 55 39.5,-05 26 49,POSS-I VI/25,https://cdsarc.cds.unistra.fr/viz-bin/cat/VI/25
     698, 810, 698, 5.51515675, 5.62876511, 46.38,-35.22,233,1953-09-05,   0-09-06,21:54,22:44,00:11,E,00:39,W,45,12, 2 ,1-2,21 17 00,-05 35 57,21 19 37.9,-05 23 14,POSS-I VI/25,https://cdsarc.cds.unistra.fr/viz-bin/cat/VI/25
     699,1126, 699, 5.61980724, 5.73340607, 50.26,-40.33,207,1954-07-03,   0-07-04,02:29,02:13,00:13,E,00:29,E,50,12, 3 , 3 ,21 40 59,-05 34 01,21 43 36.4,-05 20 14,POSS-I VI/25,https://cdsarc.cds.unistra.fr/viz-bin/cat/VI/25
     700, 312, 700, 5.72445869, 5.83804798, 54.71,-45.34,194,1951-08-07,   0-08-08,23:29,23:14,01:20,E,01:35,E,50,10,2-3,2-3,22 04 58,-05 32 17,22 07 34.8,-05 17 36,POSS-I VI/25,https://cdsarc.cds.unistra.fr/viz-bin/cat/VI/25
     701,1142, 701, 5.82903671, 5.94261837, 59.91,-50.17,161,1954-07-09,   0-07-10,02:15,01:59,00:51,E,01:07,E,50,12, 4 ,3-4,22 28 56,-05 30 40,22 31 32.2,-05 15 14,POSS-I VI/25,https://cdsarc.cds.unistra.fr/viz-bin/cat/VI/25
     702, 811, 702, 5.93368626, 6.04726219, 66.16,-54.77,184,1953-09-05,   0-09-06,23:02,23:52,00:39,E,00:11,W,45,12,1-2,1-2,22 52 55,-05 29 37,22 55 30.5,-05 13 36,POSS-I VI/25,https://cdsarc.cds.unistra.fr/viz-bin/cat/VI/25
     703, 306, 703, 6.03833771, 6.15190983, 73.86,-59.01,154,1951-08-05,   0-08-06,01:03,01:58,01:05,E,00:09,E,50,10,1-2,1-2,23 16 54,-05 28 49,23 19 28.9,-05 12 23,POSS-I VI/25,https://cdsarc.cds.unistra.fr/viz-bin/cat/VI/25
     704,1147, 704, 6.14298153, 6.25655174, 83.47,-62.74,140,1954-07-27,   0-07-28,02:39,02:23,00:28,E,00:44,E,50,12, 4 , 4 ,23 40 53,-05 28 22,23 43 27.3,-05 11 43,POSS-I VI/25,https://cdsarc.cds.unistra.fr/viz-bin/cat/VI/25
     705,1193, 705,-0.03686528, 0.07918948, 87.81,-71.00,142,1954-09-02,   0-09-03,00:43,01:37,00:22,E,00:32,W,50,12,2-3,2-3,00 04 51,-11 28 17,00 07 24.4,-11 11 35,POSS-I VI/25,https://cdsarc.cds.unistra.fr/viz-bin/cat/VI/25
     706,1203, 706, 0.06770796, 0.18376482,105.45,-73.39,142,1954-09-06,   0-09-07,00:15,01:10,00:59,E,00:03,E,50,12, 3 , 3 ,00 28 49,-11 28 31,00 31 21.0,-11 11 57,POSS-I VI/25,https://cdsarc.cds.unistra.fr/viz-bin/cat/VI/25
     707,1204, 707, 0.17220688, 0.28826898,126.36,-74.06,137,1954-09-06,   0-09-07,01:27,02:21,00:10,E,00:44,W,50,12, 3 , 3 ,00 52 46,-11 29 07,00 55 16.6,-11 12 52,POSS-I VI/25,https://cdsarc.cds.unistra.fr/viz-bin/cat/VI/25
     708, 439, 708, 0.27670401, 0.39277458,146.60,-72.82,158,1951-11-29,   0-11-30,19:33,19:15,00:59,E,01:16,E,50,10, 2 , 2 ,01 16 43,-11 30 04,01 19 12.3,-11 14 19,POSS-I VI/25,https://cdsarc.cds.unistra.fr/viz-bin/cat/VI/25
     709,1207, 709, 0.38127357, 0.49735379,162.88,-70.02,158,1954-09-07,   0-09-08,02:08,03:02,00:13,E,00:41,W,50,12,1-2, 2 ,01 40 41,-11 31 10,01 43 09.0,-11 16 05,POSS-I VI/25,https://cdsarc.cds.unistra.fr/viz-bin/cat/VI/25
     710,1183, 710, 0.48576784, 0.60186291,174.91,-66.21,145,1954-08-26,   0-08-27,03:04,02:48,00:28,E,00:44,E,50,12, 2 ,2-3,02 04 38,-11 32 50,02 07 04.7,-11 18 35,POSS-I VI/25,https://cdsarc.cds.unistra.fr/viz-bin/cat/VI/25
     711, 886, 711, 0.59033424, 0.70644474,183.77,-61.79,170,1953-11-10,   0-11-11,22:51,23:41,00:05,E,00:45,W,45,12, 4 ,3-4,02 28 36,-11 34 34,02 31 01.5,-11 21 18,POSS-I VI/25,https://cdsarc.cds.unistra.fr/viz-bin/cat/VI/25
     712,1467, 712, 0.69497150, 0.81110144,190.52,-57.02,135,1955-11-10,   0-11-11,22:17,22:05,01:05,E,01:17,E,50, 8,1-2,1-2,02 52 35,-11 36 45,02 54 59.4,-11 24 37,POSS-I VI/25,https://cdsarc.cds.unistra.fr/viz-bin/cat/VI/25
     713, 917, 713, 0.79946190, 0.91561449,195.87,-52.04,157,1953-12-06,   0-12-07,21:45,22:35,00:17,E,00:33,W,45,12,1-2,2-3,03 16 32,-11 39 17,03 18 55.4,-11 28 25,POSS-I VI/25,https://cdsarc.cds.unistra.fr/viz-bin/cat/VI/25
     714,1480, 714, 0.90402454, 1.02019978,200.29,-46.92,174,1955-11-18,   0-11-19,22:41,22:29,00:56,E,01:09,E,50, 8,1-2,1-2,03 40 30,-11 41 53,03 42 52.4,-11 32 24,POSS-I VI/25,https://cdsarc.cds.unistra.fr/viz-bin/cat/VI/25
     715, 912, 715, 1.00858593, 1.12478638,204.08,-41.72,191,1953-12-05,   0-12-06,22:29,23:19,00:24,E,00:26,W,45,12,2-3, 3 ,04 04 28,-11 44 31,04 06 49.6,-11 36 31,POSS-I VI/25,https://cdsarc.cds.unistra.fr/viz-bin/cat/VI/25
     716, 941, 716, 1.11329174, 1.22951889,207.45,-36.45,207,1954-01-02,   0-01-03,21:40,22:29,00:13,W,01:02,W,40,12, 3 , 3 ,04 28 28,-11 47 34,04 30 48.9,-11 41 09,POSS-I VI/25,https://cdsarc.cds.unistra.fr/viz-bin/cat/VI/25
     717, 898, 717, 1.21785164, 1.33410740,210.52,-31.17,237,1953-11-12,   0-11-13,01:04,01:54,00:08,E,00:42,W,45,12,3-4,3-4,04 52 26,-11 50 49,04 54 46.4,-11 46 03,POSS-I VI/25,https://cdsarc.cds.unistra.fr/viz-bin/cat/VI/25
     718,1520, 718, 1.32255554, 1.43884373,213.39,-25.87,245,1955-12-14,   0-12-15,00:16,01:06,00:44,W,01:33,W,45, 8, 4 , 4 ,05 16 26,-11 54 13,05 18 45.9,-11 51 09,POSS-I VI/25,https://cdsarc.cds.unistra.fr/viz-bin/cat/VI/25
     719,1334, 719, 1.42726231, 1.54357719,216.13,-20.57,272,1955-02-12,   0-02-13,19:56,20:51,00:02,E,00:52,W,50,12, 3 , 3 ,05 40 26,-11 57 14,05 42 45.7,-11 55 54,POSS-I VI/25,https://cdsarc.cds.unistra.fr/viz-bin/cat/VI/25
     720, 899, 720, 1.53189373, 1.64823914,218.81,-15.29,310,1953-11-12,   0-11-13,02:29,03:19,00:06,W,00:55,W,45,12, 3 , 3 ,06 04 25,-12 00 37,06 06 44.5,-12 01 01,POSS-I VI/25,https://cdsarc.cds.unistra.fr/viz-bin/cat/VI/25
     721,1506, 721, 1.63652420, 1.75290203,221.48,-10.03,376,1955-12-11,   0-12-12,00:55,01:44,00:00, ,00:49,W,45, 8, 1 , 1 ,06 28 24,-12 04 00,06 30 43.5,-12 06 09,POSS-I VI/25,https://cdsarc.cds.unistra.fr/viz-bin/cat/VI/25
     722, 436, 722, 1.74130249, 1.85770893,224.17, -4.80,448,1951-11-28,   0-11-29,01:34,02:31,00:36,E,00:21,W,50,10, 3 , 2 ,06 52 25,-12 07 07,06 54 44.7,-12 10 59,POSS-I VI/25,https://cdsarc.cds.unistra.fr/viz-bin/cat/VI/25
     723,1618, 724, 1.84607887, 1.96251774,226.94,  0.38,442,1958-12-10,   0-12-11,02:07,01:49,01:06,W,00:11,W,45, 8, 3 , 3 ,07 16 26,-12 10 34,07 18 46.1,-12 16 07,POSS-I VI/25,https://cdsarc.cds.unistra.fr/viz-bin/cat/VI/25
     724,1520, 725, 1.95078564, 2.06725121,229.82,  5.49,423,1955-12-14,   0-12-15,02:06,02:57,00:11,W,01:02,W,45, 8, 4 , 3 ,07 40 26,-12 13 28,07 42 46.6,-12 20 38,POSS-I VI/25,https://cdsarc.cds.unistra.fr/viz-bin/cat/VI/25
     725,1483, 726, 2.05570984, 2.17220211,232.87, 10.53,364,1955-11-18,   0-11-19,03:40,03:26,00:21,E,00:35,E,50, 8,2-3,2-3,08 04 29,-12 16 24,08 06 50.3,-12 25 06,POSS-I VI/25,https://cdsarc.cds.unistra.fr/viz-bin/cat/VI/25
     726, 985, 727, 2.16041756, 2.27693558,236.12, 15.46,312,1954-02-24,   0-02-25,22:14,22:58,00:16,W,01:00,W,40,12, 3 , 3 ,08 28 29,-12 19 06,08 30 51.1,-12 29 15,POSS-I VI/25,https://cdsarc.cds.unistra.fr/viz-bin/cat/VI/25
     727,1527, 728, 2.26526928, 2.38181305,239.65, 20.28,241,1955-12-15,   0-12-16,02:17,02:05,00:46,E,00:59,E,45, 8,1-2,1-2,08 52 31,-12 21 45,08 54 54.0,-12 33 14,POSS-I VI/25,https://cdsarc.cds.unistra.fr/viz-bin/cat/VI/25
     728,1015, 729, 2.37019825, 2.48676109,243.52, 24.94,236,1954-03-27,   0-03-28,20:20,21:10,00:24,E,00:26,W,45,12, 3 , 3 ,09 16 34,-12 23 55,09 18 58.1,-12 36 36,POSS-I VI/25,https://cdsarc.cds.unistra.fr/viz-bin/cat/VI/25
     729,1535, 730, 2.47505283, 2.59163475,247.79, 29.41,222,1955-12-17,   0-12-18,03:13,03:01,00:30,E,00:42,E,45, 8, 3 , 3 ,09 40 36,-12 25 57,09 43 01.3,-12 39 43,POSS-I VI/25,https://cdsarc.cds.unistra.fr/viz-bin/cat/VI/25
     730, 934, 731, 2.57998180, 2.69658279,252.57, 33.65,225,1953-12-31,   0-01-01,02:43,03:32,00:27,E,00:21,W,45,12, 5 , 4 ,10 04 39,-12 27 54,10 07 05.6,-12 42 35,POSS-I VI/25,https://cdsarc.cds.unistra.fr/viz-bin/cat/VI/25
     731,1536, 732, 2.68484020, 2.80145454,257.93, 37.58,197,1955-12-17,   0-12-18,04:13,04:02,00:18,E,00:29,E,45, 8, 2 , 2 ,10 28 41,-12 29 15,10 31 09.0,-12 44 41,POSS-I VI/25,https://cdsarc.cds.unistra.fr/viz-bin/cat/VI/25
     732,1021, 733, 2.78970051, 2.90632439,263.96, 41.14,208,1954-04-01,   0-04-02,21:28,22:18,00:33,E,00:17,W,45,12,2-3,2-3,10 52 43,-12 30 20,10 55 12.5,-12 46 21,POSS-I VI/25,https://cdsarc.cds.unistra.fr/viz-bin/cat/VI/25
     733,1028, 734, 2.89463425, 3.01126766,270.74, 44.24,184,1954-04-02,   0-04-03,21:49,22:39,00:32,E,00:18,W,45,12, 3 , 3 ,11 16 46,-12 31 12,11 19 17.0,-12 47 38,POSS-I VI/25,https://cdsarc.cds.unistra.fr/viz-bin/cat/VI/25
     734,1561, 735, 2.99964237, 3.11627960,278.30, 46.79,163,1956-03-10,   0-03-11,22:49,22:37,01:24,E,01:36,E,47, 8,2-3, 3 ,11 40 50,-12 31 38,11 43 22.6,-12 48 17,POSS-I VI/25,https://cdsarc.cds.unistra.fr/viz-bin/cat/VI/25
     735,1032, 736, 3.10458088, 3.22121811,286.58, 48.66,157,1954-04-03,   0-04-04,22:39,23:29,00:26,E,00:24,W,45,12, 2 , 2 ,12 04 53,-12 31 44,12 07 27.2,-12 48 26,POSS-I VI/25,https://cdsarc.cds.unistra.fr/viz-bin/cat/VI/25
     736,1062, 737, 3.20944691, 3.32608223,295.40, 49.78,167,1954-05-23,   0-05-24,20:07,20:57,00:05,E,00:45,W,45,15, 3 , 3 ,12 28 55,-12 31 29,12 31 30.7,-12 48 03,POSS-I VI/25,https://cdsarc.cds.unistra.fr/viz-bin/cat/VI/25
     737,1590, 738, 3.31438732, 3.43101692,304.51, 50.07,169,1956-04-07,   0-04-08,22:51,22:38,00:44,E,00:57,E,45, 8, 3 , 2 ,12 52 58,-12 30 56,12 55 35.3,-12 47 10,POSS-I VI/25,https://cdsarc.cds.unistra.fr/viz-bin/cat/VI/25
     738,1060, 739, 3.41932964, 3.53595161,313.57, 49.53,171,1954-05-22,   0-05-23,20:36,21:27,00:28,E,00:23,W,45,15, 2 , 2 ,13 17 01,-12 30 00,13 19 39.8,-12 45 44,POSS-I VI/25,https://cdsarc.cds.unistra.fr/viz-bin/cat/VI/25
     739,1600, 740, 3.52427387, 3.64088249,322.25, 48.17,184,1956-05-07,   0-05-08,22:05,22:52,00:20,E,00:28,W,41, 7, 3 , 3 ,13 41 04,-12 28 41,13 43 44.2,-12 43 45,POSS-I VI/25,https://cdsarc.cds.unistra.fr/viz-bin/cat/VI/25
     740,1035, 741, 3.62914658, 3.74573994,330.32, 46.08,186,1954-04-07,   0-04-08,00:38,01:28,00:11,E,00:39,W,45,12,2-3, 2 ,14 05 06,-12 27 08,14 07 47.6,-12 41 22,POSS-I VI/25,https://cdsarc.cds.unistra.fr/viz-bin/cat/VI/25
     741,1393, 742, 3.73409271, 3.85066891,337.64, 43.36,185,1955-04-15,   0-04-16,23:29,23:12,01:14,E,01:31,E,50,12, 3 , 3 ,14 29 09,-12 25 16,14 31 51.8,-12 38 30,POSS-I VI/25,https://cdsarc.cds.unistra.fr/viz-bin/cat/VI/25
     742,1024, 743, 3.83896923, 3.95552444,344.19, 40.11,196,1954-04-01,   0-04-02,01:45,02:35,00:16,E,00:34,W,45,12, 3 , 3 ,14 53 11,-12 23 08,14 55 55.0,-12 35 13,POSS-I VI/25,https://cdsarc.cds.unistra.fr/viz-bin/cat/VI/25
     743,1436, 744, 3.94391727, 4.06045151,350.02, 36.42,208,1955-05-21,   0-05-22,22:57,22:40,00:12,E,00:29,E,50,12, 2 , 2 ,15 17 14,-12 20 53,15 19 59.0,-12 31 42,POSS-I VI/25,https://cdsarc.cds.unistra.fr/viz-bin/cat/VI/25
     744,1070, 745, 4.04864979, 4.16515732,355.19, 32.39,172,1954-05-27,   0-05-28,22:35,22:15,00:33,E,00:53,E,45,15, 3 , 3 ,15 41 14,-12 18 04,15 43 59.9,-12 27 29,POSS-I VI/25,https://cdsarc.cds.unistra.fr/viz-bin/cat/VI/25
     745,1037, 746, 4.15359783, 4.27008057,359.80, 28.08,197,1954-04-07,   0-04-08,02:51,03:40,00:03,W,00:51,W,45,12, 2 , 2 ,16 05 17,-12 15 19,16 08 03.6,-12 23 15,POSS-I VI/25,https://cdsarc.cds.unistra.fr/viz-bin/cat/VI/25
     746,1040, 747, 4.25833035, 4.37478447,  3.94, 23.55,163,1954-04-08,   0-04-09,02:46,03:35,00:23,E,00:26,W,45,12, 2 , 2 ,16 29 17,-12 12 15,16 32 04.2,-12 18 36,POSS-I VI/25,https://cdsarc.cds.unistra.fr/viz-bin/cat/VI/25
     747, 136, 748, 4.36313915, 4.47956276,  7.70, 18.84,141,1950-06-10,   0-06-11,23:44,23:27,00:19,W,00:02,W,45,12, 2 , 3 ,16 53 18,-12 08 57,16 56 05.6,-12 13 39,POSS-I VI/25,https://cdsarc.cds.unistra.fr/viz-bin/cat/VI/25
     748,1114, 749, 4.46787071, 4.58426762, 11.13, 13.98,181,1954-07-01,   0-07-02,21:36,22:31,00:50,E,00:05,W,50,12, 3 , 3 ,17 17 18,-12 06 10,17 20 05.9,-12 09 10,POSS-I VI/25,https://cdsarc.cds.unistra.fr/viz-bin/cat/VI/25
     749,1097, 750, 4.57267761, 4.68904209, 14.33,  9.02,186,1954-06-27,   0-06-28,23:23,00:18,00:17,W,01:12,W,50,13, 2 , 2 ,17 41 19,-12 02 34,17 44 07.0,-12 03 49,POSS-I VI/25,https://cdsarc.cds.unistra.fr/viz-bin/cat/VI/25
     750, 502, 751, 4.67734337, 4.79367542, 17.32,  3.96,240,1952-05-23,   0-05-24,01:40,01:26,00:55,W,00:20,E,70,10,1-2, 2 ,18 05 18,-11 59 10,18 08 06.0,-11 58 41,POSS-I VI/25,https://cdsarc.cds.unistra.fr/viz-bin/cat/VI/25
     751, 295, 752, 4.78236675, 4.89867210, 20.16, -1.19,271,1951-07-30,   0-07-31,22:27,22:08,00:42,W,00:23,W,50,12, 3 , 3 ,18 29 22,-11 56 06,18 32 09.8,-11 53 52,POSS-I VI/25,https://cdsarc.cds.unistra.fr/viz-bin/cat/VI/25
     752, 307, 753, 4.88674164, 5.00301456, 22.90, -6.37,326,1951-08-06,   0-08-07,21:48,21:33,00:06,W,00:09,E,50,10, 2 , 2 ,18 53 17,-11 52 38,18 56 04.4,-11 48 41,POSS-I VI/25,https://cdsarc.cds.unistra.fr/viz-bin/cat/VI/25
     753, 330, 754, 4.99140263, 5.10764694, 25.58,-11.61,349,1951-08-31,   0-09-01,19:41,20:36,00:46,E,00:09,W,50,10, 1 , 1 ,19 17 16,-11 49 33,19 20 02.9,-11 43 56,POSS-I VI/25,https://cdsarc.cds.unistra.fr/viz-bin/cat/VI/25
     754, 293, 755, 5.09606171, 5.21227932, 28.24,-16.88,281,1951-07-29,   0-07-30,23:09,22:52,00:09,W,00:08,E,50,12, 2 , 2 ,19 41 15,-11 46 26,19 44 01.3,-11 39 12,POSS-I VI/25,https://cdsarc.cds.unistra.fr/viz-bin/cat/VI/25
     755, 372, 756, 5.20072269, 5.31691170, 30.94,-22.17,241,1951-09-21,   0-09-22,19:38,19:20,00:15,E,00:33,E,60,10,2-3,2-3,20 05 14,-11 43 24,20 07 59.5,-11 34 38,POSS-I VI/25,https://cdsarc.cds.unistra.fr/viz-bin/cat/VI/25
     756, 854, 757, 5.30537987, 5.42154598, 33.72,-27.47,280,1953-10-10,   0-10-11,18:54,19:45,00:05,E,00:45,W,45,12, 1 , 1 ,20 29 13,-11 40 45,20 31 57.6,-11 30 33,POSS-I VI/25,https://cdsarc.cds.unistra.fr/viz-bin/cat/VI/25
     757, 790, 758, 5.40997028, 5.52611351, 36.64,-32.77,236,1953-08-14,   0-08-15,23:18,00:08,00:10,W,01:00,W,45,12, 3 , 3 ,20 53 11,-11 38 17,20 55 54.7,-11 26 45,POSS-I VI/25,https://cdsarc.cds.unistra.fr/viz-bin/cat/VI/25
     758, 812, 759, 5.51455116, 5.63067341, 39.79,-38.05,249,1953-09-06,   0-09-07,21:44,22:34,00:17,E,00:33,W,45,12,2-3,2-3,21 17 09,-11 35 52,21 19 51.6,-11 23 08,POSS-I VI/25,https://cdsarc.cds.unistra.fr/viz-bin/cat/VI/25
     759,1122, 760, 5.61906147, 5.73516655, 43.26,-43.29,230,1954-07-02,   0-07-03,02:26,02:10,00:20,E,00:36,E,50,12,3-4, 3 ,21 41 06,-11 33 56,21 43 47.4,-11 20 09,POSS-I VI/25,https://cdsarc.cds.unistra.fr/viz-bin/cat/VI/25
     760, 832, 761, 5.72684479, 5.84293270, 47.35,-48.64,179,1953-09-30,   0-10-01,21:16,22:07,00:02,W,00:53,W,45,12, 2 , 2 ,22 05 48,-11 32 07,22 08 28.2,-11 17 24,POSS-I VI/25,https://cdsarc.cds.unistra.fr/viz-bin/cat/VI/25
     761,1179, 762, 5.82822514, 5.94430161, 51.89,-53.57,191,1954-08-26,   0-08-27,22:53,22:36,01:04,E,01:21,E,50,12, 2 , 2 ,22 29 02,-11 30 44,22 31 40.9,-11 15 17,POSS-I VI/25,https://cdsarc.cds.unistra.fr/viz-bin/cat/VI/25
     762, 825, 763, 5.93273163, 6.04879856, 57.60,-58.49,167,1953-09-16,   0-09-17,22:57,23:47,00:01,E,00:50,W,45,12,1-2,2-3,22 52 59,-11 29 35,22 55 36.6,-11 13 34,POSS-I VI/25,https://cdsarc.cds.unistra.fr/viz-bin/cat/VI/25
     763,1151, 764, 6.03723812, 6.15329742, 64.89,-63.17,181,1954-07-28,   0-07-29,02:31,02:14,00:08,E,00:25,E,50,13, 3 , 3 ,23 16 56,-11 28 47,23 19 32.2,-11 12 21,POSS-I VI/25,https://cdsarc.cds.unistra.fr/viz-bin/cat/VI/25
     764, 787, 765, 6.14181423, 6.25786972, 74.59,-67.44,161,1953-08-13,   0-08-14,01:57,02:46,00:02,E,00:47,W,45,12,3-4,3-4,23 40 54,-11 28 22,23 43 28.8,-11 11 43,POSS-I VI/25,https://cdsarc.cds.unistra.fr/viz-bin/cat/VI/25
     765, 364, 766,-0.03883371, 0.08115792, 74.98,-75.78,163,1951-09-08,   0-09-09,00:13,23:59,00:30,E,00:44,E,60,10, 2 , 2 ,00 04 51,-17 28 16,00 07 24.2,-17 11 34,POSS-I VI/25,https://cdsarc.cds.unistra.fr/viz-bin/cat/VI/25
     766, 883, 767, 0.06559342, 0.18558836, 96.78,-79.03,162,1953-11-10,   0-11-11,20:32,21:23,00:25,E,00:26,W,45,12,4-5, 3 ,00 28 47,-17 28 31,00 31 18.0,-17 11 57,POSS-I VI/25,https://cdsarc.cds.unistra.fr/viz-bin/cat/VI/25
     767, 905, 768, 0.17001849, 0.29002106,128.13,-80.05,156,1953-11-29,   0-11-30,19:55,20:45,00:11,E,00:40,W,45,12, 2 , 2 ,00 52 43,-17 29 06,00 55 11.9,-17 12 51,POSS-I VI/25,https://cdsarc.cds.unistra.fr/viz-bin/cat/VI/25
     768,1193, 769, 0.27444094, 0.39445603,157.23,-78.23,175,1954-09-02,   0-09-03,01:56,02:50,00:21,E,00:33,W,50,12, 2 , 2 ,01 16 39,-17 30 03,01 19 05.8,-17 14 18,POSS-I VI/25,https://cdsarc.cds.unistra.fr/viz-bin/cat/VI/25
     769, 348, 770, 0.37886208, 0.49889243,175.98,-74.54,182,1951-09-03,   0-09-04,00:49,01:54,01:49,E,00:43,E,60,10,1-2,1-2,01 40 35,-17 31 12,01 42 59.8,-17 16 07,POSS-I VI/25,https://cdsarc.cds.unistra.fr/viz-bin/cat/VI/25
     770, 890, 771, 0.48328090, 0.60333163,187.44,-70.00,168,1953-11-11,   0-11-12,22:38,23:28,00:10,W,01:00,W,45,12, 3 , 3 ,02 04 31,-17 32 45,02 06 53.8,-17 18 30,POSS-I VI/25,https://cdsarc.cds.unistra.fr/viz-bin/cat/VI/25
     771, 439, 772, 0.58777004, 0.70784545,195.04,-65.08,183,1951-11-29,   0-11-30,21:06,20:49,00:37,E,00:54,E,50,10,1-2, 2 ,02 28 28,-17 34 37,02 30 49.0,-17 21 21,POSS-I VI/25,https://cdsarc.cds.unistra.fr/viz-bin/cat/VI/25
     772, 910, 773, 0.69218576, 0.81228727,200.54,-59.96,172,1953-12-05,   0-12-06,21:17,22:08,00:25,E,00:26,W,45,12,1-2, 3 ,02 52 24,-17 36 35,02 54 43.3,-17 24 27,POSS-I VI/25,https://cdsarc.cds.unistra.fr/viz-bin/cat/VI/25
     773, 946, 774, 0.79666960, 0.91680694,204.86,-54.75,178,1954-01-03,   0-01-04,20:14,20:59,00:02,W,00:47,W,40,12, 2 , 2 ,03 16 21,-17 39 17,03 18 38.7,-17 28 24,POSS-I VI/25,https://cdsarc.cds.unistra.fr/viz-bin/cat/VI/25
     774,1474, 775, 0.90130013, 1.02147007,208.44,-49.48,196,1955-11-17,   0-11-18,22:59,22:44,00:43,E,00:58,E,50, 8,1-2,1-2,03 40 20,-17 41 45,03 42 36.3,-17 32 15,POSS-I VI/25,https://cdsarc.cds.unistra.fr/viz-bin/cat/VI/25
     775,1516, 776, 1.00570869, 1.12591839,211.56,-44.19,233,1955-12-14,   0-12-15,21:18,21:06,01:01,E,01:14,E,45, 8, 4 , 4 ,04 04 16,-17 44 41,04 06 31.1,-17 36 40,POSS-I VI/25,https://cdsarc.cds.unistra.fr/viz-bin/cat/VI/25
     776,1475, 777, 1.11026382, 1.23051167,214.38,-38.89,227,1955-11-17,   0-11-18,00:11,23:55,00:19,E,00:34,E,50, 8, 2 , 2 ,04 28 14,-17 47 36,04 30 28.0,-17 41 10,POSS-I VI/25,https://cdsarc.cds.unistra.fr/viz-bin/cat/VI/25
     777,1322, 778, 1.21489048, 1.33517933,217.02,-33.59,213,1955-01-25,   0-01-26,20:21,21:16,00:00, ,00:55,W,50,12,2-3, 2 ,04 52 13,-17 50 37,04 54 26.2,-17 45 49,POSS-I VI/25,https://cdsarc.cds.unistra.fr/viz-bin/cat/VI/25
     778,1472, 779, 1.31944180, 1.43977547,219.54,-28.32,248,1955-11-15,   0-11-16,01:01,02:07,00:25,E,00:42,W,50, 8,1-2,1-2,05 16 11,-17 54 00,05 18 23.6,-17 50 54,POSS-I VI/25,https://cdsarc.cds.unistra.fr/viz-bin/cat/VI/25
     779,1481, 780, 1.42421246, 1.54459000,222.02,-23.05,295,1955-11-18,   0-11-19,01:14,00:59,00:23,E,00:37,E,50, 8,1-2,1-2,05 40 12,-17 57 13,05 42 24.2,-17 55 51,POSS-I VI/25,https://cdsarc.cds.unistra.fr/viz-bin/cat/VI/25
     780, 893, 781, 1.52883911, 1.64925861,224.48,-17.84,282,1953-11-11,   0-11-12,02:29,02:19,00:02,W,00:52,W,45,12, 3 , 3 ,06 04 11,-18 00 20,06 06 23.0,-18 00 43,POSS-I VI/25,https://cdsarc.cds.unistra.fr/viz-bin/cat/VI/25
     781,1323, 782, 1.63353252, 1.75400352,226.98,-12.67,322,1955-01-25,   0-01-26,21:33,22:23,00:24,E,00:26,W,45,12, 2 , 2 ,06 28 11,-18 04 05,06 30 23.1,-18 06 13,POSS-I VI/25,https://cdsarc.cds.unistra.fr/viz-bin/cat/VI/25
     782,1342, 783, 1.73830414, 1.85881710,229.54, -7.55,391,1955-03-13,   0-03-14,19:01,19:56,00:15,E,00:39,W,50,12, 2 , 2 ,06 52 12,-18 07 11,06 54 24.4,-18 11 02,POSS-I VI/25,https://cdsarc.cds.unistra.fr/viz-bin/cat/VI/25
     783, 646, 784, 1.84300327, 1.96355820,232.20, -2.50,420,1953-01-09,   0-01-10,22:50,23:37,00:56,E,00:09,E,40,10,1-2,1-2,07 16 12,-18 10 12,07 18 25.0,-18 15 44,POSS-I VI/25,https://cdsarc.cds.unistra.fr/viz-bin/cat/VI/25
     784, 682, 785, 1.94784641, 2.06844521,235.02,  2.47,410,1953-03-06,   0-03-07,20:23,21:11,00:06,E,00:41,W,40,10,1-2,1-2,07 40 14,-18 13 23,07 42 27.8,-18 20 32,POSS-I VI/25,https://cdsarc.cds.unistra.fr/viz-bin/cat/VI/25
     785,1009, 786, 2.05269146, 2.17333031,238.01,  7.33,395,1954-03-26,   0-03-27,19:23,20:13,00:13,E,00:37,W,45,12, 2 , 2 ,08 04 16,-18 16 20,08 06 30.8,-18 25 01,POSS-I VI/25,https://cdsarc.cds.unistra.fr/viz-bin/cat/VI/25
     786,1491, 787, 2.15760899, 2.27828789,241.23, 12.08,386,1955-11-22,   0-11-23,03:24,04:13,00:46,E,00:03,W,45, 8,1-2, 2 ,08 28 19,-18 19 17,08 30 35.1,-18 29 25,POSS-I VI/25,https://cdsarc.cds.unistra.fr/viz-bin/cat/VI/25
     787,1010, 788, 2.26245689, 2.38317013,244.71, 16.68,266,1954-11-26,   0-11-27,20:30,21:20,00:06,W,00:56,W,45,12, 2 , 2 ,08 52 21,-18 21 44,08 54 38.5,-18 33 12,POSS-I VI/25,https://cdsarc.cds.unistra.fr/viz-bin/cat/VI/25
     788,1534, 789, 2.36745262, 2.48819637,248.53, 21.10,269,1955-12-17,   0-12-18,02:12,02:00,01:07,E,01:19,E,45, 8, 2 , 2 ,09 16 25,-18 23 56,09 18 44.2,-18 36 37,POSS-I VI/25,https://cdsarc.cds.unistra.fr/viz-bin/cat/VI/25
     789,1020, 790, 2.47230339, 2.59307575,252.72, 25.31,259,1954-04-01,   0-04-02,20:21,21:10,00:28,E,00:22,W,45,12, 3 ,2-3,09 40 27,-18 25 56,09 42 48.0,-18 39 41,POSS-I VI/25,https://cdsarc.cds.unistra.fr/viz-bin/cat/VI/25
     790, 688, 791, 2.57737350, 2.69817257,257.36, 29.25,209,1953-03-07,   0-03-08,22:35,23:21,00:14,E,00:31,W,40,10, 3 , 3 ,10 04 32,-18 27 53,10 06 55.0,-18 42 33,POSS-I VI/25,https://cdsarc.cds.unistra.fr/viz-bin/cat/VI/25
     791,1046, 792, 2.68230247, 2.80312061,262.50, 32.88,216,1954-04-22,   0-04-23,19:43,20:34,00:31,E,00:20,W,45,12, 3 , 2 ,10 28 35,-18 29 15,10 31 00.1,-18 44 41,POSS-I VI/25,https://cdsarc.cds.unistra.fr/viz-bin/cat/VI/25
     792,1011, 793, 2.78737640, 2.90821171,268.20, 36.13,207,1954-03-26,   0-03-27,21:37,22:27,00:47,E,00:03,W,45,12,2-3, 3 ,10 52 40,-18 30 26,10 55 07.3,-18 46 27,POSS-I VI/25,https://cdsarc.cds.unistra.fr/viz-bin/cat/VI/25
     793,1557, 794, 2.89238262, 3.01322746,274.47, 38.93,198,1956-03-09,   0-03-10,22:30,22:18,01:23,E,01:35,E,45, 8, 2 ,2-3,11 16 44,-18 31 12,11 19 13.6,-18 47 38,POSS-I VI/25,https://cdsarc.cds.unistra.fr/viz-bin/cat/VI/25
     794,1012, 795, 2.99746323, 3.11831379,281.32, 41.19,201,1954-03-26,   0-03-27,22:44,23:34,00:27,E,00:23,W,45,12,2-3, 2 ,11 40 49,-18 31 38,11 43 21.0,-18 48 17,POSS-I VI/25,https://cdsarc.cds.unistra.fr/viz-bin/cat/VI/25
     795,1029, 796, 3.10247326, 3.22332573,288.68, 42.84,169,1954-04-02,   0-04-03,22:56,23:46,00:13,E,00:32,W,45,12, 3 , 2 ,12 04 53,-18 31 44,12 07 27.4,-18 48 26,POSS-I VI/25,https://cdsarc.cds.unistra.fr/viz-bin/cat/VI/25
     796,1006, 797, 3.20755768, 3.32840633,296.41, 43.82,207,1954-03-06,   0-03-07,01:29,02:19,00:10,W,01:00,W,45,12, 3 , 2 ,12 28 58,-18 31 28,12 31 34.7,-18 48 02,POSS-I VI/25,https://cdsarc.cds.unistra.fr/viz-bin/cat/VI/25
     797,1591, 798, 3.31257248, 3.43341351,304.33, 44.07,203,1956-04-07,   0-04-08,23:53,23:41,00:18,W,00:06,W,45, 8, 3 , 3 ,12 53 02,-18 30 53,12 55 41.1,-18 47 07,POSS-I VI/25,https://cdsarc.cds.unistra.fr/viz-bin/cat/VI/25
     798, 736, 799, 3.41759014, 3.53841782,312.22, 43.60,176,1953-05-10,   0-05-11,21:55,22:47,00:04,W,00:57,W,45,10, 2 , 2 ,13 17 06,-18 29 56,13 19 47.3,-18 45 40,POSS-I VI/25,https://cdsarc.cds.unistra.fr/viz-bin/cat/VI/25
     799,1023, 800, 3.52268124, 3.64349174,319.86, 42.41,179,1954-04-01,   0-04-02,00:38,01:28,00:11,E,00:39,W,45,12,2-3,2-3,13 41 11,-18 28 39,13 43 54.5,-18 43 43,POSS-I VI/25,https://cdsarc.cds.unistra.fr/viz-bin/cat/VI/25
     800,1438, 801, 3.62763119, 3.74841881,327.06, 40.57,174,1955-05-22,   0-05-23,20:58,20:42,00:55,E,01:11,E,50,12, 2 , 2 ,14 05 14,-18 27 04,14 07 59.5,-18 41 17,POSS-I VI/25,https://cdsarc.cds.unistra.fr/viz-bin/cat/VI/25
     801,1596, 802, 3.73265457, 3.85341740,333.74, 38.14,173,1956-04-08,   0-04-09,01:30,02:19,00:23,W,01:12,W,45, 8,2-3, 3 ,14 29 18,-18 25 14,14 32 05.5,-18 38 27,POSS-I VI/25,https://cdsarc.cds.unistra.fr/viz-bin/cat/VI/25
     802,1008, 803, 3.83767986, 3.95841217,339.84, 35.19,188,1954-03-06,   0-03-07,03:48,04:31,00:00, ,00:48,W,45,12, 2 ,1-2,14 53 22,-18 23 06,14 56 11.2,-18 35 11,POSS-I VI/25,https://cdsarc.cds.unistra.fr/viz-bin/cat/VI/25
     803, 740, 804, 3.94248962, 4.06318760,345.36, 31.83,199,1953-05-17,   0-05-18,23:25,23:10,00:02,W,00:13,E,45,10, 2 , 2 ,15 17 23,-18 20 38,15 20 13.8,-18 31 26,POSS-I VI/25,https://cdsarc.cds.unistra.fr/viz-bin/cat/VI/25
     804,1601, 805, 4.04751682, 4.16818237,350.35, 28.09,217,1956-05-07,   0-05-08,23:18,23:07,01:06,E,01:18,E,40, 7,2-3, 3 ,15 41 27,-18 18 15,15 44 19.1,-18 27 40,POSS-I VI/25,https://cdsarc.cds.unistra.fr/viz-bin/cat/VI/25
     805, 145, 806, 4.15232658, 4.27295017,354.84, 24.06,191,1950-06-14,   0-06-15,22:58,22:37,00:37,W,00:16,W,45,12,1-2, 2 ,16 05 28,-18 15 15,16 08 21.3,-18 23 10,POSS-I VI/25,https://cdsarc.cds.unistra.fr/viz-bin/cat/VI/25
     806,1108, 807, 4.25721359, 4.37779617,358.92, 19.78,126,1954-06-30,   0-07-01,20:45,21:39,00:58,E,00:04,E,50,12, 3 , 3 ,16 29 30,-18 12 14,16 32 24.2,-18 18 34,POSS-I VI/25,https://cdsarc.cds.unistra.fr/viz-bin/cat/VI/25
     807,1071, 808, 4.36202812, 4.48256779,  2.62, 15.31,199,1954-05-27,   0-05-28,23:46,23:26,00:35,E,00:55,E,45,15,2-3, 3 ,16 53 31,-18 09 09,16 56 25.9,-18 13 50,POSS-I VI/25,https://cdsarc.cds.unistra.fr/viz-bin/cat/VI/25
     808,1159, 809, 4.46683979, 4.58733559,  6.02, 10.66,265,1954-08-01,   0-08-02,20:10,21:04,00:15,E,00:39,W,50,12, 2 , 2 ,17 17 32,-18 05 56,17 20 27.3,-18 08 54,POSS-I VI/25,https://cdsarc.cds.unistra.fr/viz-bin/cat/VI/25
     809, 158, 810, 4.57165241, 4.69210434,  9.17,  5.87,242,1950-06-19,   0-06-20,00:09,23:46,00:32,W,00:07,W,45,12, 2 , 4 ,17 41 33,-18 02 37,17 44 28.5,-18 03 51,POSS-I VI/25,https://cdsarc.cds.unistra.fr/viz-bin/cat/VI/25
     810,1105, 811, 4.67639923, 4.79680157, 12.11,  0.98,360,1954-06-29,   0-06-30,23:06,00:01,00:17,E,00:38,W,50,13, 3 , 3 ,18 05 33,-17 59 01,18 08 28.5,-17 58 30,POSS-I VI/25,https://cdsarc.cds.unistra.fr/viz-bin/cat/VI/25
     811, 568, 812, 4.78120899, 4.90157127, 14.87, -4.02,330,1952-08-22,   0-08-23,20:11,19:56,00:01,E,00:16,E,50,10,2-3, 2 ,18 29 34,-17 56 05,18 32 29.2,-17 53 50,POSS-I VI/25,https://cdsarc.cds.unistra.fr/viz-bin/cat/VI/25
     812,1110, 813, 4.88573837, 5.00605488, 17.50, -9.09,338,1954-06-30,   0-07-01,23:09,00:04,00:58,E,00:03,E,50,10,2-3,2-3,18 53 31,-17 52 38,18 56 25.7,-17 48 40,POSS-I VI/25,https://cdsarc.cds.unistra.fr/viz-bin/cat/VI/25
     813, 156, 814, 4.99047947, 5.11075020, 20.04,-14.23,353,1950-06-18,   0-06-19,01:55,01:33,00:38,W,00:16,W,45,12, 3 ,3-4,19 17 31,-17 49 19,19 20 24.9,-17 43 40,POSS-I VI/25,https://cdsarc.cds.unistra.fr/viz-bin/cat/VI/25
     814, 162, 815, 5.09499741, 5.21522999, 22.52,-19.41,272,1950-06-20,   0-06-21,01:40,02:33,00:07,W,01:00,W,45,12,3-4, 3 ,19 41 28,-17 46 24,19 44 21.0,-17 39 09,POSS-I VI/25,https://cdsarc.cds.unistra.fr/viz-bin/cat/VI/25
     815, 789, 816, 5.19959450, 5.31978989, 24.98,-24.64,251,1953-08-14,   0-08-15,22:08,22:59,00:12,E,00:39,W,45,12, 2 , 2 ,20 05 26,-17 43 39,20 08 17.9,-17 34 52,POSS-I VI/25,https://cdsarc.cds.unistra.fr/viz-bin/cat/VI/25
     816,1121, 817, 5.30418301, 5.42434120, 27.46,-29.91,266,1954-07-02,   0-07-03,01:15,00:59,00:19,E,00:35,E,50,12, 3 ,3-4,20 29 24,-17 40 52,20 32 14.5,-17 30 39,POSS-I VI/25,https://cdsarc.cds.unistra.fr/viz-bin/cat/VI/25
     817,1149, 818, 5.40870667, 5.52883053, 30.02,-35.19,238,1954-07-28,   0-07-29,23:17,00:11,00:59,E,00:05,E,50,12, 3 , 3 ,20 53 21,-17 38 16,20 56 10.1,-17 26 44,POSS-I VI/25,https://cdsarc.cds.unistra.fr/viz-bin/cat/VI/25
     818,1155, 819, 5.51322079, 5.63331413, 32.70,-40.49,202,1954-07-30,   0-07-31,23:40,23:23,00:52,E,01:09,E,50,12,3-4, 3 ,21 17 18,-17 35 55,21 20 05.4,-17 23 11,POSS-I VI/25,https://cdsarc.cds.unistra.fr/viz-bin/cat/VI/25
     819,1162, 820, 5.61773586, 5.73780251, 35.60,-45.79,196,1954-08-03,   0-08-04,23:24,23:07,01:19,E,01:33,E,50,12, 2 , 2 ,21 41 15,-17 33 57,21 44 00.6,-17 20 09,POSS-I VI/25,https://cdsarc.cds.unistra.fr/viz-bin/cat/VI/25
     820,1447, 821, 5.72217846, 5.84222221, 38.84,-51.08,179,1955-07-23,   0-07-24,01:16,02:15,00:33,E,00:27,W,50,10,2-3,2-3,22 05 11,-17 32 10,22 07 54.7,-17 17 28,POSS-I VI/25,https://cdsarc.cds.unistra.fr/viz-bin/cat/VI/25
     821,1170, 822, 5.82668686, 5.94670963, 42.61,-56.34,168,1954-08-07,   0-08-08,23:47,23:30,01:25,E,01:42,E,50,12, 2 , 2 ,22 29 08,-17 30 40,22 31 49.7,-17 15 13,POSS-I VI/25,https://cdsarc.cds.unistra.fr/viz-bin/cat/VI/25
     822,1189, 823, 5.93112469, 6.05113411, 47.21,-61.53,178,1954-09-01,   0-09-02,23:41,00:37,00:17,E,00:40,W,50,12,2-3,2-3,22 53 04,-17 29 37,22 55 43.7,-17 13 35,POSS-I VI/25,https://cdsarc.cds.unistra.fr/viz-bin/cat/VI/25
     823,1227, 824, 6.03548813, 6.15548611, 53.23,-66.59,168,1954-09-27,   0-09-28,22:14,23:14,00:26,E,00:30,W,50,12, 2 , 2 ,23 16 59,-17 28 46,23 19 36.5,-17 12 20,POSS-I VI/25,https://cdsarc.cds.unistra.fr/viz-bin/cat/VI/25
     824, 333, 825, 6.13991833, 6.25991058, 61.75,-71.43,154,1951-08-31,   0-09-01,00:51,00:35,00:01,W,00:15,E,50,10, 2 ,1-2,23 40 55,-17 28 21,23 43 30.4,-17 11 42,POSS-I VI/25,https://cdsarc.cds.unistra.fr/viz-bin/cat/VI/25
     825, 576, 826,-0.04614808, 0.07960016, 51.03,-79.12,207,1952-08-23,   0-08-24,01:24,01:06,00:18,E,00:36,E,50,10,2-3,2-3,00 03 50,-23 34 56,00 06 23.1,-23 18 14,POSS-I VI/25,https://cdsarc.cds.unistra.fr/viz-bin/cat/VI/25
     826,1270, 827, 0.06693250, 0.19268519, 73.22,-84.22,260,1954-11-19,   0-11-20,19:46,19:29,00:37,E,00:54,E,45,12, 2 , 2 ,00 29 45,-23 35 10,00 32 14.9,-23 18 37,POSS-I VI/25,https://cdsarc.cds.unistra.fr/viz-bin/cat/VI/25
     827,1198, 828, 0.18001050, 0.30577272,144.93,-85.91,252,1954-09-04,   0-09-05,01:30,01:31,00:18,E,00:43,W,50,12,2-3, 2 ,00 55 40,-23 35 41,00 58 06.6,-23 19 29,POSS-I VI/25,https://cdsarc.cds.unistra.fr/viz-bin/cat/VI/25
     828, 365, 829, 0.29308522, 0.41886306,187.52,-81.73,239,1951-09-08,   0-09-09,01:33,01:19,00:25,E,00:40,E,60,10, 2 , 2 ,01 21 35,-23 36 32,01 23 58.5,-23 20 54,POSS-I VI/25,https://cdsarc.cds.unistra.fr/viz-bin/cat/VI/25
     829,1184, 830, 0.40615791, 0.53195614,200.30,-76.28,231,1954-08-28,   0-08-29,01:48,02:42,01:20,E,00:25,E,50,12,2-3,2-3,01 47 30,-23 37 38,01 49 50.5,-23 22 46,POSS-I VI/25,https://cdsarc.cds.unistra.fr/viz-bin/cat/VI/25
     830,1286, 831, 0.51930106, 0.64512420,206.58,-70.61,206,1954-11-24,   0-11-25,20:46,21:35,01:01,E,00:12,E,45,12, 3 , 3 ,02 13 26,-23 38 59,02 15 43.6,-23 25 04,POSS-I VI/25,https://cdsarc.cds.unistra.fr/viz-bin/cat/VI/25
     831, 366, 832, 0.63243967, 0.75829619,210.71,-64.88,235,1951-09-08,   0-09-09,02:54,02:39,00:23,E,00:38,E,60,10, 2 , 2 ,02 39 22,-23 40 47,02 41 37.0,-23 28 00,POSS-I VI/25,https://cdsarc.cds.unistra.fr/viz-bin/cat/VI/25
     832, 896, 833, 0.74557883, 0.87146813,213.89,-59.13,266,1953-11-12,   0-11-13,23:02,23:52,00:22,E,00:27,W,45,12, 3 , 4 ,03 05 18,-23 42 33,03 07 30.5,-23 31 04,POSS-I VI/25,https://cdsarc.cds.unistra.fr/viz-bin/cat/VI/25
     833, 907, 834, 0.85878658, 0.98471725,216.60,-53.39,250,1953-11-29,   0-11-30,22:16,23:06,00:28,E,00:22,W,45,12, 2 , 2 ,03 31 15,-23 44 47,03 33 25.3,-23 34 45,POSS-I VI/25,https://cdsarc.cds.unistra.fr/viz-bin/cat/VI/25
     834,1471, 835, 0.97199184, 1.09796715,219.06,-47.66,285,1955-11-15,   0-11-16,23:42,00:45,00:24,E,00:38,W,50, 8, 2 ,1-2,03 57 12,-23 47 13,03 59 20.4,-23 38 45,POSS-I VI/25,https://cdsarc.cds.unistra.fr/viz-bin/cat/VI/25
     835, 947, 836, 1.08519459, 1.21121979,221.39,-41.96,287,1954-01-03,   0-01-04,21:16,22:01,00:02,E,00:43,W,40,12, 1 , 1 ,04 23 09,-23 49 51,04 25 15.8,-23 43 04,POSS-I VI/25,https://cdsarc.cds.unistra.fr/viz-bin/cat/VI/25
     836, 892, 837, 1.19854546, 1.32461643,223.66,-36.28,307,1953-11-11,   0-11-12,01:21,02:11,00:09,W,00:59,W,45,12, 3 , 3 ,04 49 08,-23 52 21,04 51 13.6,-23 47 20,POSS-I VI/25,https://cdsarc.cds.unistra.fr/viz-bin/cat/VI/25
     837,1461, 838, 1.31189346, 1.43801594,225.92,-30.65,350,1955-10-24,   0-10-25,02:31,03:25,00:20,E,00:34,W,50, 8,3-4,3-4,05 15 07,-23 55 06,05 17 11.7,-23 51 55,POSS-I VI/25,https://cdsarc.cds.unistra.fr/viz-bin/cat/VI/25
     838, 887, 839, 1.42531204, 1.55148983,228.23,-25.07,402,1953-11-10,   0-11-11,02:10,03:00,00:02,W,00:52,W,45,12,3-4,3-4,05 41 07,-23 58 00,05 43 11.1,-23 56 42,POSS-I VI/25,https://cdsarc.cds.unistra.fr/viz-bin/cat/VI/25
     839, 654, 840, 1.53858757, 1.66481686,230.59,-19.56,463,1953-01-19,   0-01-20,22:19,22:05,00:22,W,00:08,W,40,10, 3 ,2-3,06 07 05,-24 00 45,06 09 09.0,-24 01 20,POSS-I VI/25,https://cdsarc.cds.unistra.fr/viz-bin/cat/VI/25
     840, 418, 841, 1.65207863, 1.77836323,233.07,-14.11,522,1951-11-08,   0-11-09,02:34,02:20,00:36,E,00:50,E,50,10,2-3, 2 ,06 33 06,-24 03 39,06 35 10.2,-24 06 08,POSS-I VI/25,https://cdsarc.cds.unistra.fr/viz-bin/cat/VI/25
     841,1334, 842, 1.76557350, 1.89190769,235.68, -8.75,667,1955-02-12,   0-02-13,21:08,22:02,00:09,E,00:45,W,50,12, 3 , 3 ,06 59 07,-24 06 19,07 01 11.8,-24 10 39,POSS-I VI/25,https://cdsarc.cds.unistra.fr/viz-bin/cat/VI/25
     842, 655, 843, 1.87906647, 2.00545216,238.47, -3.50,717,1953-01-19,   0-01-20,23:20,23:04,00:04,W,00:12,E,40,10, 3 , 3 ,07 25 08,-24 09 00,07 27 13.8,-24 15 08,POSS-I VI/25,https://cdsarc.cds.unistra.fr/viz-bin/cat/VI/25
     843, 419, 844, 1.99270439, 2.11914349,241.46,  1.63,691,1951-11-08,   0-11-09,03:45,03:30,00:43,E,00:57,E,50,10,2-3,2-3,07 51 11,-24 11 47,07 53 18.2,-24 19 38,POSS-I VI/25,https://cdsarc.cds.unistra.fr/viz-bin/cat/VI/25
     844, 920, 845, 2.10627651, 2.23275661,244.70,  6.61,646,1953-12-06,   0-12-07,02:57,03:47,00:05,E,00:45,W,45,12, 2 , 3 ,08 17 13,-24 13 58,08 19 21.9,-24 23 27,POSS-I VI/25,https://cdsarc.cds.unistra.fr/viz-bin/cat/VI/25
     845,1279, 846, 2.21991730, 2.34644413,248.24, 11.41,494,1954-11-22,   0-11-23,03:40,03:24,00:44,E,01:00,E,45,12,2-3, 3 ,08 43 16,-24 16 24,08 45 26.9,-24 27 23,POSS-I VI/25,https://cdsarc.cds.unistra.fr/viz-bin/cat/VI/25
     846,1528, 847, 2.33363438, 2.46020126,252.12, 16.00,427,1955-12-15,   0-12-16,03:08,03:57,00:12,E,00:37,W,45, 8,1-3,1-2,09 09 20,-24 18 31,09 11 33.3,-24 30 51,POSS-I VI/25,https://cdsarc.cds.unistra.fr/viz-bin/cat/VI/25
     847,1382, 848, 2.44728374, 2.57388115,256.39, 20.33,475,1955-04-13,   0-04-14,19:30,20:24,00:27,E,00:27,W,50,12,1-2,1-2,09 35 23,-24 20 07,09 37 38.9,-24 33 39,POSS-I VI/25,https://cdsarc.cds.unistra.fr/viz-bin/cat/VI/25
     848,1390, 849, 2.56114960, 2.68777943,261.13, 24.35,384,1955-04-15,   0-04-16,19:35,20:29,00:41,E,00:14,W,50,12, 2 , 2 ,10 01 29,-24 21 46,10 03 47.8,-24 36 20,POSS-I VI/25,https://cdsarc.cds.unistra.fr/viz-bin/cat/VI/25
     849,1522, 850, 2.67487621, 2.80152988,266.34, 28.00,398,1955-12-14,   0-12-15,04:10,04:58,00:32,E,00:16,W,45, 8, 4 , 4 ,10 27 33,-24 23 02,10 29 54.9,-24 38 26,POSS-I VI/25,https://cdsarc.cds.unistra.fr/viz-bin/cat/VI/25
     850,1016, 851, 2.78860378, 2.91527557,272.09, 31.20,323,1954-03-27,   0-03-28,21:27,22:17,00:54,E,00:04,E,45,12, 2 , 2 ,10 53 37,-24 23 57,10 56 02.2,-24 39 59,POSS-I VI/25,https://cdsarc.cds.unistra.fr/viz-bin/cat/VI/25
     851,1387, 852, 2.90240765, 3.02909279,278.37, 33.89,297,1955-04-14,   0-04-15,21:07,20:51,00:30,E,00:47,E,50,12, 2 , 2 ,11 19 42,-24 24 40,11 22 10.6,-24 41 08,POSS-I VI/25,https://cdsarc.cds.unistra.fr/viz-bin/cat/VI/25
     852,1359, 853, 3.01628685, 3.14297867,285.16, 35.99,279,1955-03-23,   0-03-24,23:19,23:03,00:11,E,00:27,E,50,12, 2 , 2 ,11 45 48,-24 25 01,11 48 20.0,-24 41 42,POSS-I VI/25,https://cdsarc.cds.unistra.fr/viz-bin/cat/VI/25
     853, 977, 854, 3.13009644, 3.25678825,292.35, 37.42,328,1954-02-10,   0-02-11,02:06,01:50,00:30,E,00:46,E,40,12, 2 , 2 ,12 11 53,-24 25 01,12 14 28.5,-24 41 42,POSS-I VI/25,https://cdsarc.cds.unistra.fr/viz-bin/cat/VI/25
     854, 978, 855, 3.24390984, 3.37059498,299.81, 38.12,287,1954-02-10,   0-02-11,03:08,02:51,00:06,W,00:11,E,40,12, 2 ,2-3,12 37 58,-24 24 43,12 40 37.0,-24 41 11,POSS-I VI/25,https://cdsarc.cds.unistra.fr/viz-bin/cat/VI/25
     855,1360, 856, 3.35772514, 3.48439884,307.35, 38.07,257,1955-03-23,   0-03-24,00:48,00:31,00:00, ,00:17,E,50,12, 2 , 2 ,13 04 03,-24 24 07,13 06 45.3,-24 40 09,POSS-I VI/25,https://cdsarc.cds.unistra.fr/viz-bin/cat/VI/25
     856,1038, 857, 3.47154427, 3.59820080,314.79, 37.27,282,1954-04-08,   0-04-09,00:33,01:23,00:22,E,01:13,W,45,12, 3 , 2 ,13 30 08,-24 23 10,13 32 53.6,-24 38 34,POSS-I VI/25,https://cdsarc.cds.unistra.fr/viz-bin/cat/VI/25
     857, 979, 858, 3.58536530, 3.71199894,321.94, 35.76,282,1954-02-10,   0-02-11,04:09,03:53,00:11,E,00:27,E,40,12, 2 , 2 ,13 56 13,-24 21 58,13 59 01.7,-24 36 31,POSS-I VI/25,https://cdsarc.cds.unistra.fr/viz-bin/cat/VI/25
     858,1063, 859, 3.69911766, 3.82572174,328.66, 33.58,271,1954-05-23,   0-05-24,21:18,22:13,00:47,E,00:03,W,45,15, 2 , 2 ,14 22 17,-24 20 27,14 25 08.6,-24 33 59,POSS-I VI/25,https://cdsarc.cds.unistra.fr/viz-bin/cat/VI/25
     859,1361, 860, 3.81279850, 3.93936920,334.87, 30.82,286,1955-03-23,   0-03-24,01:58,01:42,00:34,E,00:50,E,50,12,2-3, 2 ,14 48 20,-24 18 44,14 51 14.2,-24 31 04,POSS-I VI/25,https://cdsarc.cds.unistra.fr/viz-bin/cat/VI/25
     860,1394, 861, 3.92655754, 4.05308628,340.55, 27.56,276,1955-04-15,   0-04-16,00:40,00:24,00:47,E,01:04,E,50,12, 3 , 3 ,15 14 24,-24 16 32,15 17 20.6,-24 27 30,POSS-I VI/25,https://cdsarc.cds.unistra.fr/viz-bin/cat/VI/25
     861,1039, 862, 4.04024124, 4.16673183,345.70, 23.85,268,1954-04-08,   0-04-09,01:40,02:29,00:40,E,00:09,W,45,12, 2 , 2 ,15 40 27,-24 14 32,15 43 25.7,-24 24 00,POSS-I VI/25,https://cdsarc.cds.unistra.fr/viz-bin/cat/VI/25
     862,1025, 863, 4.15399933, 4.28044033,350.37, 19.79,282,1954-04-01,   0-04-02,02:52,03:42,00:21,E,00:28,W,45,12, 2 ,2-3,16 06 31,-24 11 55,16 09 31.4,-24 19 46,POSS-I VI/25,https://cdsarc.cds.unistra.fr/viz-bin/cat/VI/25
     863,1104, 864, 4.26753998, 4.39393711,354.59, 15.43,203,1954-06-29,   0-06-30,21:52,22:47,00:03,W,00:53,W,50,13, 2 , 2 ,16 32 32,-24 09 35,16 35 33.7,-24 15 42,POSS-I VI/25,https://cdsarc.cds.unistra.fr/viz-bin/cat/VI/25
     864, 191, 865, 4.38115788, 4.50749969,358.43, 10.81,358,1950-07-18,   0-07-19,21:34,22:28,00:34,W,01:28,W,45,12,1-2,1-2,16 58 34,-24 06 39,17 01 36.7,-24 10 58,POSS-I VI/25,https://cdsarc.cds.unistra.fr/viz-bin/cat/VI/25
     865, 171, 866, 4.49470520, 4.62099743,  1.92,  5.98,263,1950-07-12,   0-07-13,22:00,22:54,00:10,W,01:04,W,45,12, 2 , 2 ,17 24 35,-24 04 04,17 27 38.3,-24 06 32,POSS-I VI/25,https://cdsarc.cds.unistra.fr/viz-bin/cat/VI/25
     866, 174, 867, 4.60825157, 4.73448849,  5.13,  0.98,423,1950-07-13,   0-07-14,22:17,23:10,00:05,W,00:58,W,45,12, 2 , 2 ,17 50 36,-24 01 11,17 53 39.5,-24 01 45,POSS-I VI/25,https://cdsarc.cds.unistra.fr/viz-bin/cat/VI/25
     867, 325, 868, 4.72157669, 4.84776211,  8.09, -4.16,473,1951-08-25,   0-08-26,20:06,19:51,00:16,W,00:01,W,50,10, 1 , 1 ,18 16 34,-23 58 26,18 19 37.4,-23 57 07,POSS-I VI/25,https://cdsarc.cds.unistra.fr/viz-bin/cat/VI/25
     868, 172, 869, 4.83504963, 4.96118164, 10.85, -9.43,404,1950-07-12,   0-07-13,23:37,23:16,00:29,W,00:08,W,45,12, 2 , 2 ,18 42 34,-23 55 31,18 45 36.8,-23 52 19,POSS-I VI/25,https://cdsarc.cds.unistra.fr/viz-bin/cat/VI/25
     869,1154, 870, 4.94845200, 5.07452869, 13.45,-14.80,406,1954-07-30,   0-07-31,22:09,23:03,00:14,E,00:39,W,50,12, 3 ,2-3,19 08 33,-23 52 39,19 11 34.9,-23 47 37,POSS-I VI/25,https://cdsarc.cds.unistra.fr/viz-bin/cat/VI/25
     870, 159, 871, 5.06184959, 5.18788052, 15.91,-20.26,379,1950-06-19,   0-06-20,01:38,02:33,00:08,W,01:02,W,45,12, 3 ,3-4,19 34 32,-23 50 09,19 37 32.7,-23 43 21,POSS-I VI/25,https://cdsarc.cds.unistra.fr/viz-bin/cat/VI/25
     871,1106, 872, 5.17510223, 5.30108166, 18.27,-25.78,313,1954-06-29,   0-06-30,01:08,00:51,00:09,E,00:26,E,50,13, 2 , 2 ,20 00 29,-23 47 24,20 03 28.1,-23 38 55,POSS-I VI/25,https://cdsarc.cds.unistra.fr/viz-bin/cat/VI/25
     872,1111, 873, 5.28842258, 5.41436005, 20.57,-31.37,347,1954-06-30,   0-07-01,01:14,00:58,00:25,E,00:41,E,50,12, 2 , 2 ,20 26 27,-23 45 10,20 29 24.2,-23 35 07,POSS-I VI/25,https://cdsarc.cds.unistra.fr/viz-bin/cat/VI/25
     873,1210, 874, 5.40152645, 5.52742195, 22.83,-37.00,296,1954-09-21,   0-09-22,20:15,21:09,00:23,E,00:31,W,50,12,2-3, 3 ,20 52 22,-23 42 54,20 55 17.0,-23 31 25,POSS-I VI/25,https://cdsarc.cds.unistra.fr/viz-bin/cat/VI/25
     874,1107, 875, 5.51484585, 5.64070892, 25.10,-42.68,286,1954-06-29,   0-06-30,02:20,02:03,00:15,E,00:31,E,50,13, 3 , 2 ,21 18 20,-23 41 06,21 21 12.5,-23 28 19,POSS-I VI/25,https://cdsarc.cds.unistra.fr/viz-bin/cat/VI/25
     875, 193, 876, 5.62794495, 5.75377560, 27.43,-48.39,251,1950-07-19,   0-07-20,01:44,02:39,00:02,W,00:57,W,45,12,2-3, 2 ,21 44 15,-23 39 21,21 47 04.9,-23 25 26,POSS-I VI/25,https://cdsarc.cds.unistra.fr/viz-bin/cat/VI/25
     876,1150, 877, 5.74111557, 5.86691570, 29.92,-54.12,243,1954-07-28,   0-07-29,01:19,01:03,00:13,E,00:30,E,50,12, 3 , 2 ,22 10 11,-23 37 45,22 12 58.0,-23 22 53,POSS-I VI/25,https://cdsarc.cds.unistra.fr/viz-bin/cat/VI/25
     877,1171, 878, 5.85420895, 5.97998810, 32.68,-59.86,226,1954-08-07,   0-08-08,00:59,00:42,00:20,E,00:37,E,50,12, 2 , 2 ,22 36 06,-23 36 37,22 38 50.0,-23 20 59,POSS-I VI/25,https://cdsarc.cds.unistra.fr/viz-bin/cat/VI/25
     878,1180, 879, 5.96737194, 6.09313583, 35.95,-65.61,267,1954-08-26,   0-08-27,00:05,23:48,00:26,E,00:42,E,50,12, 2 , 2 ,23 02 02,-23 35 45,23 04 42.9,-23 19 33,POSS-I VI/25,https://cdsarc.cds.unistra.fr/viz-bin/cat/VI/25
     879,1166, 880, 6.08045959, 6.20621395, 40.25,-71.34,242,1954-08-05,   0-08-06,02:06,01:50,00:12,E,00:28,E,50,12,2-3,2-3,23 27 57,-23 35 13,23 30 34.6,-23 18 40,POSS-I VI/25,https://cdsarc.cds.unistra.fr/viz-bin/cat/VI/25
     880,1157, 881, 6.19354534, 6.31929398, 47.00,-76.99,215,1954-07-30,   0-07-31,02:43,02:27,00:25,E,00:41,E,50,12,2-3, 2 ,23 53 52,-23 34 57,23 56 26.4,-23 18 15,POSS-I VI/25,https://cdsarc.cds.unistra.fr/viz-bin/cat/VI/25
     881,S 18, 882,-0.05002870, 0.08348078, 17.94,-79.84,198,1954-11-24,   0-11-25,19:47,20:31,00:09,W,00:53,W,40,10, 2 ,2-3,00 03 50,-29 34 57,00 06 22.9,-29 18 15,POSS-I VI/25,https://cdsarc.cds.unistra.fr/viz-bin/cat/VI/25
     882,S 19, 883, 0.06290567, 0.19642103,  4.57,-85.23,245,1954-11-26,   0-11-27,19:47,20:31,00:09,E,00:35,W,40,10,1-2,1-2,00 29 43,-29 35 11,00 32 11.7,-29 18 38,POSS-I VI/25,https://cdsarc.cds.unistra.fr/viz-bin/cat/VI/25
     883,S 21, 884, 0.17590994, 0.30943698,269.86,-87.37,222,1955-12-08,   0-12-09,19:04,19:47,00:31,E,00:12,W,40, 7, 2 , 2 ,00 55 37,-29 35 39,00 58 01.5,-29 19 27,POSS-I VI/25,https://cdsarc.cds.unistra.fr/viz-bin/cat/VI/25
     884,S 23, 885, 0.28164941, 0.41531867,233.48,-82.85,214,1955-12-10,   0-12-11,19:31,19:21,00:21,E,00:31,E,40, 7, 1 , 1 ,01 19 52,-29 41 20,01 22 12.6,-29 25 40,POSS-I VI/25,https://cdsarc.cds.unistra.fr/viz-bin/cat/VI/25
     885,S 22, 886, 0.40190494, 0.53548157,226.29,-76.98,266,1955-12-08,   0-12-09,19:58,20:41,00:29,E,00:14,W,40, 7, 3 ,2-3,01 47 25,-29 37 38,01 49 41.5,-29 22 46,POSS-I VI/25,https://cdsarc.cds.unistra.fr/viz-bin/cat/VI/25
     886,S 25, 887, 0.51489818, 0.64850891,224.93,-71.37,262,1955-12-11,   0-12-12,19:54,19:43,00:47,E,00:58,E,40, 7, 1 , 2 ,02 13 19,-29 39 00,02 15 31.8,-29 25 05,POSS-I VI/25,https://cdsarc.cds.unistra.fr/viz-bin/cat/VI/25
     887,S 28, 888, 0.62795991, 0.76161247,224.95,-65.74,222,1955-12-14,   0-12-15,20:22,20:11,00:33,E,00:44,E,40, 7, 4 , 4 ,02 39 14,-29 40 40,02 41 23.3,-29 27 53,POSS-I VI/25,https://cdsarc.cds.unistra.fr/viz-bin/cat/VI/25
     888,S 29, 889, 0.74109203, 0.87479144,225.61,-60.12,225,1955-12-15,   0-12-16,20:30,20:19,00:47,E,00:58,E,40, 7, 3 , 3 ,03 05 10,-29 42 32,03 07 16.2,-29 31 03,POSS-I VI/25,https://cdsarc.cds.unistra.fr/viz-bin/cat/VI/25
     889,S 30, 890, 0.85407400, 0.98782992,226.63,-54.52,263,1955-12-16,   0-12-17,20:54,20:43,00:45,E,00:56,E,40, 7,2-3, 2 ,03 31 04,-29 44 47,03 33 07.3,-29 34 44,POSS-I VI/25,https://cdsarc.cds.unistra.fr/viz-bin/cat/VI/25
     890,S 31, 891, 0.96727377, 1.10108471,227.88,-48.94,288,1955-12-17,   0-12-18,21:42,21:32,00:18,E,00:28,E,40, 7,1-2, 1 ,03 57 01,-29 47 00,03 59 01.9,-29 38 31,POSS-I VI/25,https://cdsarc.cds.unistra.fr/viz-bin/cat/VI/25
     891,S 73, 892, 1.08054066, 1.21441841,229.31,-43.40,292,1957-12-20,   0-12-21,21:18,21:07,00:55,E,01:06,E,40, 7, 4 , 4 ,04 22 59,-29 49 39,04 24 57.8,-29 42 51,POSS-I VI/25,https://cdsarc.cds.unistra.fr/viz-bin/cat/VI/25
     892,S 72, 893, 1.19373512, 1.32768154,230.90,-37.90,302,1957-12-19,   0-12-20,22:45,22:28,00:03,W,00:15,E,40, 7, 3 , 2 ,04 48 56,-29 52 18,04 50 53.2,-29 47 16,POSS-I VI/25,https://cdsarc.cds.unistra.fr/viz-bin/cat/VI/25
     893,S 74, 894, 1.30700397, 1.44101524,232.64,-32.46,337,1957-12-20,   0-12-21,22:13,22:02,00:51,E,01:02,E,40, 7, 4 ,3-4,05 14 54,-29 54 54,05 16 50.0,-29 51 42,POSS-I VI/25,https://cdsarc.cds.unistra.fr/viz-bin/cat/VI/25
     894,S 75, 895, 1.42033768, 1.55442905,234.53,-27.07,393,1957-12-20,   0-12-21,23:35,22:58,00:04,W,00:33,E,40, 7, 4 , 4 ,05 40 53,-29 58 03,05 42 48.3,-29 56 44,POSS-I VI/25,https://cdsarc.cds.unistra.fr/viz-bin/cat/VI/25
     895,S 51, 896, 1.53374767, 1.66791153,236.56,-21.76,391,1956-03-09,   0-03-10,19:01,19:45,00:17,W,01:01,W,40, 7, 2 , 2 ,06 06 53,-30 00 51,06 08 48.2,-30 01 25,POSS-I VI/25,https://cdsarc.cds.unistra.fr/viz-bin/cat/VI/25
     896,S 54, 897, 1.64715958, 1.78139210,238.76,-16.53,456,1956-03-10,   0-03-11,19:05,19:44,00:01,E,00:38,W,35, 7, 1 ,1-1,06 32 53,-30 03 33,06 34 48.5,-30 06 00,POSS-I VI/25,https://cdsarc.cds.unistra.fr/viz-bin/cat/VI/25
     897,S 77, 898, 1.76064396, 1.89494514,241.15,-11.40,542,1958-02-16,   0-02-17,21:11,22:00,00:11,W,01:00,W,40, 7, 3 , 3 ,06 58 54,-30 06 15,07 00 50.3,-30 10 34,POSS-I VI/25,https://cdsarc.cds.unistra.fr/viz-bin/cat/VI/25
     898,S 55, 899, 1.87420273, 2.00857067,243.74, -6.39,582,1956-03-10,   0-03-11,19:55,20:34,00:03,E,00:36,W,35, 7, 1 ,1-2,07 24 56,-30 08 51,07 26 53.5,-30 14 58,POSS-I VI/25,https://cdsarc.cds.unistra.fr/viz-bin/cat/VI/25
     899,S 62, 900, 1.98783398, 2.12226963,246.57, -1.51,545,1956-03-13,   0-03-14,20:13,20:47,00:01,W,00:36,W,30, 7, 2 , 2 ,07 50 59,-30 11 30,07 52 58.3,-30 19 20,POSS-I VI/25,https://cdsarc.cds.unistra.fr/viz-bin/cat/VI/25
     900,S 52, 901, 2.10153866, 2.23603821,249.65,  3.20,503,1956-03-09,   0-03-10,20:23,21:08,00:30,E,00:15,W,40, 7, 2 , 2 ,08 17 03,-30 13 59,08 19 04.5,-30 23 27,POSS-I VI/25,https://cdsarc.cds.unistra.fr/viz-bin/cat/VI/25
     901,S 56, 902, 2.21517277, 2.34973335,253.03,  7.71,532,1956-03-10,   0-03-11,20:45,21:29,00:31,E,00:13,W,40, 7,1-2, 1 ,08 43 06,-30 16 20,08 45 10.2,-30 27 18,POSS-I VI/25,https://cdsarc.cds.unistra.fr/viz-bin/cat/VI/25
     902,S 53, 903, 2.32895756, 2.46356773,256.73, 12.00,486,1956-03-09,   0-03-10,21:21,22:05,00:24,E,00:20,W,40, 7,1-2,1-2,09 09 11,-30 18 16,09 11 18.3,-30 30 36,POSS-I VI/25,https://cdsarc.cds.unistra.fr/viz-bin/cat/VI/25
     903,S 57, 904, 2.44274330, 2.57740307,260.79, 16.02,470,1956-03-10,   0-03-11,21:40,22:24,00:28,E,00:16,W,40, 7, 1 , 2 ,09 35 16,-30 20 12,09 37 26.7,-30 33 44,POSS-I VI/25,https://cdsarc.cds.unistra.fr/viz-bin/cat/VI/25
     904,S 59, 905, 2.55653381, 2.69123173,265.24, 19.72,418,1956-03-12,   0-03-13,21:34,21:23,00:52,E,01:03,E,35, 7,1-2, 1 ,10 01 21,-30 21 41,10 03 35.4,-30 36 14,POSS-I VI/25,https://cdsarc.cds.unistra.fr/viz-bin/cat/VI/25
     905,S 64, 906, 2.67039871, 2.80513287,270.12, 23.06,386,1956-03-13,   0-03-14,22:14,22:03,00:34,E,00:45,E,35, 7, 1 , 1 ,10 27 27,-30 23 01,10 29 45.5,-30 38 25,POSS-I VI/25,https://cdsarc.cds.unistra.fr/viz-bin/cat/VI/25
     906,S 78, 907, 2.78434277, 2.91909981,275.42, 25.96,390,1958-02-21,   0-02-22,01:04,01:48,00:30,W,01:13,W,40, 7, 2 , 2 ,10 53 34,-30 23 57,10 55 56.7,-30 39 59,POSS-I VI/25,https://cdsarc.cds.unistra.fr/viz-bin/cat/VI/25
     907,S 68, 908, 2.89821625, 3.03299236,281.13, 28.38,369,1957-04-29,   0-04-30,20:46,21:33,00:10,W,00:57,W,40, 7,2-3,1-2,11 19 40,-30 24 41,11 22 07.1,-30 41 09,POSS-I VI/25,https://cdsarc.cds.unistra.fr/viz-bin/cat/VI/25
     908,S 81, 909, 3.01216698, 3.14695263,287.22, 30.24,307,1958-04-14,   0-04-15,22:11,21:53,00:09,W,00:09,E,40, 7,1-2,1-2,11 45 47,-30 25 01,11 48 18.5,-30 41 42,POSS-I VI/25,https://cdsarc.cds.unistra.fr/viz-bin/cat/VI/25
     909,S 79, 910, 3.12604904, 3.26083469,293.61, 31.51,337,1958-02-21,   0-02-22,02:03,02:49,00:11,W,00:56,W,40, 7,2-3,2-3,12 11 53,-30 25 02,12 14 29.0,-30 41 43,POSS-I VI/25,https://cdsarc.cds.unistra.fr/viz-bin/cat/VI/25
     910,S 69, 911, 3.23993587, 3.37471390,300.20, 32.13,320,1957-04-29,   0-04-30,21:58,22:45,00:04,W,00:51,W,40, 7, 2 , 2 ,12 37 59,-30 24 46,12 40 39.5,-30 41 14,POSS-I VI/25,https://cdsarc.cds.unistra.fr/viz-bin/cat/VI/25
     911,S 82, 912, 3.35397243, 3.48873329,306.85, 32.09,319,1958-04-14,   0-04-15,23:30,00:18,00:10,W,00:58,W,40, 7, 1 , 1 ,13 04 07,-30 24 05,13 06 51.9,-30 40 07,POSS-I VI/25,https://cdsarc.cds.unistra.fr/viz-bin/cat/VI/25
     912,S 80, 913, 3.46786690, 3.60260487,313.41, 31.38,343,1958-02-21,   0-02-22,03:12,03:56,00:02,W,00:45,W,40, 7, 3 , 2 ,13 30 13,-30 23 13,13 33 02.1,-30 38 36,POSS-I VI/25,https://cdsarc.cds.unistra.fr/viz-bin/cat/VI/25
     913,S 89, 914, 3.58176613, 3.71647263,319.77, 30.04,374,1958-04-18,   0-04-19,00:24,23:03,00:28,W,00:53,E,40, 7,1-3,2-3,13 56 19,-30 21 59,13 59 12.1,-30 36 32,POSS-I VI/25,https://cdsarc.cds.unistra.fr/viz-bin/cat/VI/25
     914,S 86, 915, 3.69566727, 3.83033466,325.82, 28.10,372,1958-04-17,   0-04-18,00:29,00:16,00:03,W,00:10,E,40, 7, 2 , 2 ,14 22 25,-30 20 28,14 25 21.8,-30 33 59,POSS-I VI/25,https://cdsarc.cds.unistra.fr/viz-bin/cat/VI/25
     915,S 84, 916, 3.80950260, 3.94412041,331.48, 25.62,374,1958-04-16,   0-04-17,00:12,00:56,00:10,W,00:00, ,40, 7,2-3, 2 ,14 48 30,-30 18 35,14 51 30.3,-30 30 54,POSS-I VI/25,https://cdsarc.cds.unistra.fr/viz-bin/cat/VI/25
     916,S 66, 917, 3.92326450, 4.05783272,336.73, 22.65,314,1957-04-28,   0-04-29,00:39,01:25,00:05,W,00:51,W,40, 6, 2 , 2 ,15 14 34,-30 16 37,15 17 37.3,-30 27 34,POSS-I VI/25,https://cdsarc.cds.unistra.fr/viz-bin/cat/VI/25
     917,S 70, 918, 4.03710461, 4.17161369,341.55, 19.27,376,1957-04-29,   0-04-30,00:58,01:45,00:02,W,00:49,W,40, 7, 2 ,1-2,15 40 39,-30 14 20,15 43 45.0,-30 23 47,POSS-I VI/25,https://cdsarc.cds.unistra.fr/viz-bin/cat/VI/25
     918,S 87, 919, 4.15086842, 4.28531265,345.95, 15.52,356,1958-04-17,   0-04-18,01:28,02:14,00:43,E,00:03,W,40, 7, 2 ,1-2,16 06 43,-30 11 49,16 09 51.2,-30 19 39,POSS-I VI/25,https://cdsarc.cds.unistra.fr/viz-bin/cat/VI/25
     919,S 67, 920, 4.26449394, 4.39887714,349.96, 11.46,380,1957-04-28,   0-04-29,01:54,02:40,00:02,W,00:48,W,40, 6, 2 , 2 ,16 32 45,-30 09 28,16 35 55.0,-30 15 34,POSS-I VI/25,https://cdsarc.cds.unistra.fr/viz-bin/cat/VI/25
     920,S 65, 921, 4.37811756, 4.51243401,353.62,  7.14,471,1957-04-27,   0-04-28,02:12,02:59,00:10,E,00:37,W,40, 6,1-2,1-2,16 58 47,-30 06 51,17 01 58.3,-30 11 09,POSS-I VI/25,https://cdsarc.cds.unistra.fr/viz-bin/cat/VI/25
     921,S 88, 922, 4.49160004, 4.62584400,356.95,  2.61,419,1958-04-17,   0-04-18,02:43,02:30,00:45,E,00:58,E,40, 7,1-2,1-2,17 24 47,-30 04 00,17 27 59.1,-30 06 27,POSS-I VI/25,https://cdsarc.cds.unistra.fr/viz-bin/cat/VI/25
     922,S 90, 923, 4.60523033, 4.73940372,  0.00, -2.13,573,1958-04-18,   0-04-19,03:00,02:48,00:50,E,01:02,E,40, 7, 2 , 2 ,17 50 49,-30 01 14,17 54 01.4,-30 01 47,POSS-I VI/25,https://cdsarc.cds.unistra.fr/viz-bin/cat/VI/25
     923,S 91, 924, 4.71864128, 4.85273457,  2.80, -7.02,512,1958-07-11,   0-07-12,22:47,22:35,00:01,W,00:11,E,40, 7,2-3, 2 ,18 16 48,-29 58 08,18 20 00.2,-29 56 48,POSS-I VI/25,https://cdsarc.cds.unistra.fr/viz-bin/cat/VI/25
     924,S  3, 925, 4.83205128, 4.96607399,  5.36,-12.05,443,1954-08-28,   0-08-29,19:53,20:38,00:11,E,00:34,W,40,10, 2 , 2 ,18 42 47,-29 55 21,18 45 58.5,-29 52 08,POSS-I VI/25,https://cdsarc.cds.unistra.fr/viz-bin/cat/VI/25
     925,S  9, 926, 4.94538593, 5.07934380,  7.72,-17.19,395,1954-09-21,   0-09-22,19:06,19:58,00:10,W,01:03,W,40,10, 3 , 2 ,19 08 45,-29 52 45,19 11 55.3,-29 47 42,POSS-I VI/25,https://cdsarc.cds.unistra.fr/viz-bin/cat/VI/25
     926,S 92, 927, 5.05879021, 5.19268131,  9.90,-22.43,409,1958-07-11,   0-07-12,00:03,23:50,00:10,W,00:14,E,40, 7,2-3,2-3,19 34 44,-29 50 10,19 37 52.7,-29 43 21,POSS-I VI/25,https://cdsarc.cds.unistra.fr/viz-bin/cat/VI/25
     927,S  2, 928, 5.17198181, 5.30580807, 11.92,-27.75,380,1954-08-26,   0-08-27,20:51,21:36,00:38,E,00:07,W,40,10, 2 ,1-2,20 00 40,-29 47 35,20 03 46.6,-29 39 05,POSS-I VI/25,https://cdsarc.cds.unistra.fr/viz-bin/cat/VI/25
     928,S  6, 929, 5.28516293, 5.41893005, 13.78,-33.15,374,1954-08-29,   0-08-30,20:31,21:15,01:12,E,00:28,E,40,10, 2 , 2 ,20 26 36,-29 45 15,20 29 40.2,-29 35 11,POSS-I VI/25,https://cdsarc.cds.unistra.fr/viz-bin/cat/VI/25
     929,S 10, 930, 5.39834595, 5.53205585, 15.50,-38.60,365,1954-09-24,   0-09-25,20:13,20:57,00:14,E,00:30,W,40,10, 2 ,1-2,20 52 32,-29 42 58,20 55 33.3,-29 31 28,POSS-I VI/25,https://cdsarc.cds.unistra.fr/viz-bin/cat/VI/25
     930,S  5, 931, 5.51145458, 5.64511490, 17.08,-44.10,314,1954-08-28,   0-08-29,21:54,22:38,00:45,E,00:01,E,40,10, 2 , 2 ,21 18 27,-29 40 57,21 21 25.2,-29 28 09,POSS-I VI/25,https://cdsarc.cds.unistra.fr/viz-bin/cat/VI/25
     931,S  8, 932, 5.62456036, 5.75817490, 18.49,-49.65,279,1954-09-03,   0-09-04,21:55,22:39,00:47,E,00:07,E,40,10, 2 , 2 ,21 44 22,-29 39 10,21 47 16.7,-29 25 15,POSS-I VI/25,https://cdsarc.cds.unistra.fr/viz-bin/cat/VI/25
     932,S 14, 933, 5.73766041, 5.87124062, 19.71,-55.23,270,1954-10-01,   0-10-02,21:18,22:02,00:01,W,00:45,W,40,10, 2 , 2 ,22 10 17,-29 37 45,22 13 08.0,-29 22 52,POSS-I VI/25,https://cdsarc.cds.unistra.fr/viz-bin/cat/VI/25
     933,S 12, 934, 5.85068703, 5.98423672, 20.69,-60.84,271,1954-09-27,   0-09-28,21:15,21:59,00:44,E,00:00, ,40,10,1-2,1-2,22 36 11,-29 36 34,22 38 58.1,-29 20 56,POSS-I VI/25,https://cdsarc.cds.unistra.fr/viz-bin/cat/VI/25
     934,S 16, 935, 5.96377945, 6.09731007, 21.29,-66.46,248,1954-10-02,   0-10-03,21:33,21:18,00:32,E,00:47,E,40,10, 2 , 2 ,23 02 06,-29 35 49,23 04 49.0,-29 19 37,POSS-I VI/25,https://cdsarc.cds.unistra.fr/viz-bin/cat/VI/25
     935,S 15, 936, 6.07665062, 6.21016598, 21.20,-72.08,241,1954-10-01,   0-10-02,22:19,23:02,00:17,E,00:27,W,40,10, 2 , 2 ,23 27 58,-29 35 10,23 30 36.8,-29 18 37,POSS-I VI/25,https://cdsarc.cds.unistra.fr/viz-bin/cat/VI/25
     936,S 17, 937, 6.18966484, 6.32317448, 19.54,-77.70,204,1954-10-02,   0-10-03,22:32,22:18,00:24,E,00:38,E,40,10, 2 , 2 ,23 53 52,-29 34 57,23 56 26.6,-29 18 15,POSS-I VI/25,https://cdsarc.cds.unistra.fr/viz-bin/cat/VI/25
     937,8797, 938,-0.05212440, 0.09168512,349.68,-77.54,184,1964-10-02,   0-10-03,     ,     ,00:00, ,     , ,20,  ,   ,   ,00 04 32,-35 30 18,00 07 04.6,-35 13 36,POSS-I VI/25,https://cdsarc.cds.unistra.fr/viz-bin/cat/VI/25
     938,8826, 939, 0.06931633, 0.21313602,325.56,-81.15,183,1964-10-04,   0-10-05,     ,     ,00:00, ,     , ,20,  ,   ,   ,00 32 22,-35 30 36,00 34 48.8,-35 14 04,POSS-I VI/25,https://cdsarc.cds.unistra.fr/viz-bin/cat/VI/25
     939,8827, 940, 0.19075042, 0.33459347,287.33,-81.54,179,1964-10-04,   0-10-05,     ,     ,00:00, ,     , ,20,  ,   ,   ,01 00 12,-35 31 18,01 02 33.2,-35 15 11,POSS-I VI/25,https://cdsarc.cds.unistra.fr/viz-bin/cat/VI/25
     940,7987, 941, 0.31217766, 0.45605755,259.83,-78.37,173,1963-10-14,   0-10-15,     ,     ,00:00, ,     , ,20,  ,   ,   ,01 28 02,-35 32 24,01 30 17.7,-35 16 56,POSS-I VI/25,https://cdsarc.cds.unistra.fr/viz-bin/cat/VI/25
     941,7988, 942, 0.43366939, 0.57760292,247.00,-73.60,190,1963-10-14,   0-10-15,     ,     ,00:00, ,     , ,20,  ,   ,   ,01 55 53,-35 34 00,01 58 03.5,-35 19 25,POSS-I VI/25,https://cdsarc.cds.unistra.fr/viz-bin/cat/VI/25
     942,8828, 943, 0.55515438, 0.69915503,241.07,-68.28,187,1964-10-04,   0-10-05,     ,     ,00:00, ,     , ,20,  ,   ,   ,02 23 44,-35 36 00,02 25 49.6,-35 22 31,POSS-I VI/25,https://cdsarc.cds.unistra.fr/viz-bin/cat/VI/25
     943,8802, 944, 0.67670691, 0.82078493,238.27,-62.73,175,1964-10-02,   0-10-03,     ,     ,00:00, ,     , ,20,  ,   ,   ,02 51 36,-35 38 18,02 53 37.1,-35 26 07,POSS-I VI/25,https://cdsarc.cds.unistra.fr/viz-bin/cat/VI/25
     944,7990, 945, 0.79825455, 0.94242018,237.10,-57.10,196,1963-10-14,   0-10-15,     ,     ,00:00, ,     , ,20,  ,   ,   ,03 19 28,-35 40 54,03 21 25.0,-35 30 11,POSS-I VI/25,https://cdsarc.cds.unistra.fr/viz-bin/cat/VI/25
     945,7991, 946, 0.91994214, 1.06420517,236.89,-51.44,224,1963-10-14,   0-10-15,     ,     ,00:00, ,     , ,20,  ,   ,   ,03 47 22,-35 43 48,03 49 15.5,-35 34 43,POSS-I VI/25,https://cdsarc.cds.unistra.fr/viz-bin/cat/VI/25
     946,7992, 947, 1.04169655, 1.18606853,237.31,-45.79,264,1963-10-14,   0-10-15,     ,     ,00:00, ,     , ,20,  ,   ,   ,04 15 17,-35 47 00,04 17 07.5,-35 39 41,POSS-I VI/25,https://cdsarc.cds.unistra.fr/viz-bin/cat/VI/25
     947,7993, 948, 1.16344929, 1.30793381,238.18,-40.16,255,1963-10-14,   0-10-15,     ,     ,00:00, ,     , ,20,  ,   ,   ,04 43 12,-35 50 18,04 45 00.2,-35 44 52,POSS-I VI/25,https://cdsarc.cds.unistra.fr/viz-bin/cat/VI/25
     948,8819, 949, 1.28534508, 1.42994785,239.41,-34.59,248,1964-10-03,   0-10-04,     ,     ,00:00, ,     , ,20,  ,   ,   ,05 11 09,-35 53 48,05 12 55.5,-35 50 20,POSS-I VI/25,https://cdsarc.cds.unistra.fr/viz-bin/cat/VI/25
     949,7995, 950, 1.40738487, 1.55211067,240.94,-29.07,290,1963-10-14,   0-10-15,     ,     ,00:00, ,     , ,20,  ,   ,   ,05 39 08,-35 57 24,05 40 53.5,-35 55 57,POSS-I VI/25,https://cdsarc.cds.unistra.fr/viz-bin/cat/VI/25
     950,8135, 951, 1.52942276, 1.67427158,242.74,-23.65,317,1963-12-12,   0-12-13,     ,     ,00:00, ,     , ,20,  ,   ,   ,06 07 07,-36 01 00,06 08 52.2,-36 01 35,POSS-I VI/25,https://cdsarc.cds.unistra.fr/viz-bin/cat/VI/25
     951,8284, 952, 1.65160656, 1.79657936,244.81,-18.32,355,1964-02-04,   0-02-05,     ,     ,00:00, ,     , ,20,  ,   ,   ,06 35 08,-36 04 36,06 36 53.6,-36 07 13,POSS-I VI/25,https://cdsarc.cds.unistra.fr/viz-bin/cat/VI/25
     952,8285, 953, 1.77386284, 1.91895962,247.14,-13.13,379,1964-02-04,   0-02-05,     ,     ,00:00, ,     , ,20,  ,   ,   ,07 03 10,-36 08 12,07 04 56.8,-36 12 48,POSS-I VI/25,https://cdsarc.cds.unistra.fr/viz-bin/cat/VI/25
     953,8138, 954, 1.89619637, 2.04141045,249.74, -8.08,424,1963-12-12,   0-12-13,     ,     ,00:00, ,     , ,20,  ,   ,   ,07 31 13,-36 11 36,07 33 01.6,-36 18 08,POSS-I VI/25,https://cdsarc.cds.unistra.fr/viz-bin/cat/VI/25
     954,8139, 955, 2.01867580, 2.16400337,252.64, -3.21,411,1963-12-12,   0-12-13,     ,     ,00:00, ,     , ,20,  ,   ,   ,07 59 18,-36 14 54,08 01 09.2,-36 23 16,POSS-I VI/25,https://cdsarc.cds.unistra.fr/viz-bin/cat/VI/25
     955,8140, 956, 2.14123249, 2.28666496,255.86,  1.46,366,1963-12-12,   0-12-13,     ,     ,00:00, ,     , ,20,  ,   ,   ,08 27 24,-36 17 54,08 29 18.5,-36 27 58,POSS-I VI/25,https://cdsarc.cds.unistra.fr/viz-bin/cat/VI/25
     956,8141, 957, 2.26379395, 2.40932369,259.41,  5.87,382,1963-12-12,   0-12-13,     ,     ,00:00, ,     , ,20,  ,   ,   ,08 55 30,-36 20 42,08 57 28.3,-36 32 20,POSS-I VI/25,https://cdsarc.cds.unistra.fr/viz-bin/cat/VI/25
     957,8142, 958, 2.38577938, 2.53139305,263.31,  9.97,378,1963-12-12,   0-12-13,     ,     ,00:00, ,     , ,20,  ,   ,   ,09 23 28,-36 23 06,09 25 30.7,-36 36 06,POSS-I VI/25,https://cdsarc.cds.unistra.fr/viz-bin/cat/VI/25
     958,8143, 959, 2.50929642, 2.65498447,267.64, 13.77,313,1963-12-12,   0-12-13,     ,     ,00:00, ,     , ,20,  ,   ,   ,09 51 47,-36 25 12,09 53 54.7,-36 39 24,POSS-I VI/25,https://cdsarc.cds.unistra.fr/viz-bin/cat/VI/25
     959,9260, 960, 2.63209343, 2.77784443,272.35, 17.15,308,1965-03-04,   0-03-05,     ,     ,00:00, ,     , ,20,  ,   ,   ,10 19 56,-36 27 00,10 22 09.0,-36 42 10,POSS-I VI/25,https://cdsarc.cds.unistra.fr/viz-bin/cat/VI/25
     960,9261, 961, 2.75497150, 2.90076733,277.47, 20.08,345,1965-03-04,   0-03-05,     ,     ,00:00, ,     , ,20,  ,   ,   ,10 48 06,-36 28 18,10 50 24.7,-36 44 13,POSS-I VI/25,https://cdsarc.cds.unistra.fr/viz-bin/cat/VI/25
     961,8437, 962, 2.87785530, 3.02368259,282.97, 22.49,341,1964-03-18,   0-03-19,     ,     ,00:00, ,     , ,20,  ,   ,   ,11 16 16,-36 29 12,11 18 40.6,-36 45 37,POSS-I VI/25,https://cdsarc.cds.unistra.fr/viz-bin/cat/VI/25
     962,8438, 963, 3.00081921, 3.14666367,288.81, 24.32,355,1964-03-18,   0-03-19,     ,     ,00:00, ,     , ,20,  ,   ,   ,11 44 27,-36 29 42,11 46 57.7,-36 46 22,POSS-I VI/25,https://cdsarc.cds.unistra.fr/viz-bin/cat/VI/25
     963,8439, 964, 3.12372017, 3.26956463,294.90, 25.53,338,1964-03-18,   0-03-19,     ,     ,00:00, ,     , ,20,  ,   ,   ,12 12 37,-36 29 42,12 15 13.8,-36 46 23,POSS-I VI/25,https://cdsarc.cds.unistra.fr/viz-bin/cat/VI/25
     964,8451, 965, 3.24669933, 3.39253044,301.16, 26.08,322,1964-03-19,   0-03-20,     ,     ,00:00, ,     , ,20,  ,   ,   ,12 40 48,-36 29 18,12 43 30.8,-36 45 44,POSS-I VI/25,https://cdsarc.cds.unistra.fr/viz-bin/cat/VI/25
     965,8440, 966, 3.36961651, 3.51541519,307.46, 25.95,352,1964-03-18,   0-03-19,     ,     ,00:00, ,     , ,20,  ,   ,   ,13 08 58,-36 28 24,13 11 46.8,-36 44 20,POSS-I VI/25,https://cdsarc.cds.unistra.fr/viz-bin/cat/VI/25
     966,8441, 967, 3.49253941, 3.63829327,313.68, 25.15,343,1964-03-18,   0-03-19,     ,     ,00:00, ,     , ,20,  ,   ,   ,13 37 08,-36 27 06,13 40 02.4,-36 42 17,POSS-I VI/25,https://cdsarc.cds.unistra.fr/viz-bin/cat/VI/25
     967,8442, 968, 3.61546898, 3.76116276,319.69, 23.70,368,1964-03-18,   0-03-19,     ,     ,00:00, ,     , ,20,  ,   ,   ,14 05 18,-36 25 24,14 08 17.8,-36 39 37,POSS-I VI/25,https://cdsarc.cds.unistra.fr/viz-bin/cat/VI/25
     968,9267, 969, 3.73833084, 3.88395596,325.41, 21.64,368,1965-03-04,   0-03-05,     ,     ,00:00, ,     , ,20,  ,   ,   ,14 33 27,-36 23 24,14 36 31.7,-36 36 26,POSS-I VI/25,https://cdsarc.cds.unistra.fr/viz-bin/cat/VI/25
     969,8444, 970, 3.86112976, 4.00666714,330.76, 19.02,358,1964-03-18,   0-03-19,     ,     ,00:00, ,     , ,20,  ,   ,   ,15 01 35,-36 20 54,15 04 44.1,-36 32 33,POSS-I VI/25,https://cdsarc.cds.unistra.fr/viz-bin/cat/VI/25
     970,9280, 971, 3.98385811, 4.12930202,335.73, 15.92,316,1965-03-05,   0-03-06,     ,     ,00:00, ,     , ,20,  ,   ,   ,15 29 42,-36 18 18,15 32 55.0,-36 28 24,POSS-I VI/25,https://cdsarc.cds.unistra.fr/viz-bin/cat/VI/25
     971,8621, 972, 4.10652065, 4.25185966,340.28, 12.37,340,1964-06-12,   0-06-13,     ,     ,00:00, ,     , ,20,  ,   ,   ,15 57 48,-36 15 12,16 01 04.3,-36 23 35,POSS-I VI/25,https://cdsarc.cds.unistra.fr/viz-bin/cat/VI/25
     972,8447, 973, 4.22910690, 4.37433529,344.44,  8.46,294,1964-03-18,   0-03-19,     ,     ,00:00, ,     , ,20,  ,   ,   ,16 25 53,-36 12 00,16 29 11.9,-36 18 34,POSS-I VI/25,https://cdsarc.cds.unistra.fr/viz-bin/cat/VI/25
     973,8623, 974, 4.35156250, 4.49666882,348.22,  4.22,337,1964-06-12,   0-06-13,     ,     ,00:00, ,     , ,20,  ,   ,   ,16 53 56,-36 08 30,16 57 16.7,-36 13 08,POSS-I VI/25,https://cdsarc.cds.unistra.fr/viz-bin/cat/VI/25
     974,8624, 975, 4.47401333, 4.61899948,351.64, -0.29,394,1964-06-12,   0-06-13,     ,     ,00:00, ,     , ,20,  ,   ,   ,17 21 59,-36 05 00,17 25 20.9,-36 07 38,POSS-I VI/25,https://cdsarc.cds.unistra.fr/viz-bin/cat/VI/25
     975,8625, 976, 4.59632206, 4.74118423,354.74, -5.04,472,1964-06-12,   0-06-13,     ,     ,00:00, ,     , ,20,  ,   ,   ,17 50 00,-36 01 24,17 53 22.4,-36 02 00,POSS-I VI/25,https://cdsarc.cds.unistra.fr/viz-bin/cat/VI/25
     976,8626, 977, 4.71855450, 4.86329460,357.52, -9.98,434,1964-06-12,   0-06-13,     ,     ,00:00, ,     , ,20,  ,   ,   ,18 18 00,-35 57 48,18 21 22.1,-35 56 22,POSS-I VI/25,https://cdsarc.cds.unistra.fr/viz-bin/cat/VI/25
     977,8701, 978, 4.84064388, 4.98526001,  0.02,-15.09,371,1964-08-06,   0-08-07,     ,     ,00:00, ,     , ,20,  ,   ,   ,18 45 58,-35 54 12,18 49 19.1,-35 50 45,POSS-I VI/25,https://cdsarc.cds.unistra.fr/viz-bin/cat/VI/25
     978,8628, 979, 4.96273041, 5.10722828,  2.25,-20.34,304,1964-06-12,   0-06-13,     ,     ,00:00, ,     , ,20,  ,   ,   ,19 13 56,-35 50 42,19 17 15.4,-35 45 17,POSS-I VI/25,https://cdsarc.cds.unistra.fr/viz-bin/cat/VI/25
     979,8644, 980, 5.08466816, 5.22904968,  4.22,-25.71,235,1964-06-14,   0-06-15,     ,     ,00:00, ,     , ,20,  ,   ,   ,19 41 52,-35 47 18,19 45 09.0,-35 40 00,POSS-I VI/25,https://cdsarc.cds.unistra.fr/viz-bin/cat/VI/25
     980,8645, 981, 5.20653439, 5.35080719,  5.92,-31.17,297,1964-06-14,   0-06-15,     ,     ,00:00, ,     , ,20,  ,   ,   ,20 09 47,-35 44 06,20 13 01.1,-35 35 02,POSS-I VI/25,https://cdsarc.cds.unistra.fr/viz-bin/cat/VI/25
     981,8715, 982, 5.32831860, 5.47249413,  7.33,-36.71,277,1964-08-07,   0-08-08,     ,     ,00:00, ,     , ,20,  ,   ,   ,20 37 41,-35 41 12,20 40 51.5,-35 30 30,POSS-I VI/25,https://cdsarc.cds.unistra.fr/viz-bin/cat/VI/25
     982,8716, 983, 5.44995689, 5.59404087,  8.43,-42.30,282,1964-08-07,   0-08-08,     ,     ,00:00, ,     , ,20,  ,   ,   ,21 05 33,-35 38 30,21 08 39.5,-35 26 20,POSS-I VI/25,https://cdsarc.cds.unistra.fr/viz-bin/cat/VI/25
     983,8792, 984, 5.57165813, 5.71566582,  9.15,-47.95,283,1964-10-02,   0-10-03,     ,     ,00:00, ,     , ,20,  ,   ,   ,21 33 26,-35 36 12,21 36 28.0,-35 22 44,POSS-I VI/25,https://cdsarc.cds.unistra.fr/viz-bin/cat/VI/25
     984,8793, 985, 5.69321156, 5.83715248,  9.36,-53.61,293,1964-10-02,   0-10-03,     ,     ,00:00, ,     , ,20,  ,   ,   ,22 01 17,-35 34 12,22 04 14.1,-35 19 38,POSS-I VI/25,https://cdsarc.cds.unistra.fr/viz-bin/cat/VI/25
     985,8794, 986, 5.81468391, 5.95857048,  8.83,-59.26,258,1964-10-02,   0-10-03,     ,     ,00:00, ,     , ,20,  ,   ,   ,22 29 07,-35 32 36,22 31 58.9,-35 17 09,POSS-I VI/25,https://cdsarc.cds.unistra.fr/viz-bin/cat/VI/25
     986,8808, 987, 5.93622017, 6.08006668,  7.15,-64.87,218,1964-10-03,   0-10-04,     ,     ,00:00, ,     , ,20,  ,   ,   ,22 56 58,-35 31 24,22 59 44.4,-35 15 18,POSS-I VI/25,https://cdsarc.cds.unistra.fr/viz-bin/cat/VI/25
     987,8796, 988, 6.05768108, 6.20149994,  3.40,-70.35,227,1964-10-02,   0-10-03,     ,     ,00:00, ,     , ,20,  ,   ,   ,23 24 48,-35 30 36,23 27 28.8,-35 14 04,POSS-I VI/25,https://cdsarc.cds.unistra.fr/viz-bin/cat/VI/25
     988,8825, 989, 6.17905807, 6.32286739,355.48,-75.52,191,1964-10-04,   0-10-05,     ,     ,00:00, ,     , ,20,  ,   ,   ,23 52 37,-35 30 18,23 55 12.0,-35 13 36,POSS-I VI/25,https://cdsarc.cds.unistra.fr/viz-bin/cat/VI/25
     989,8810, 990,-0.05914719, 0.09870791,332.99,-73.21,165,1964-10-03,   0-10-04,     ,     ,00:00, ,     , ,20,  ,   ,   ,00 04 32,-41 30 18,00 07 04.3,-41 13 36,POSS-I VI/25,https://cdsarc.cds.unistra.fr/viz-bin/cat/VI/25
     990,8811, 991, 0.07080030, 0.22866905,314.09,-75.57,155,1964-10-03,   0-10-04,     ,     ,00:00, ,     , ,20,  ,   ,   ,00 34 19,-41 30 36,00 36 43.7,-41 14 06,POSS-I VI/25,https://cdsarc.cds.unistra.fr/viz-bin/cat/VI/25
     991,8812, 992, 0.20066369, 0.35856867,291.63,-75.54,162,1964-10-03,   0-10-04,     ,     ,00:00, ,     , ,20,  ,   ,   ,01 04 05,-41 31 24,01 06 22.2,-41 15 22,POSS-I VI/25,https://cdsarc.cds.unistra.fr/viz-bin/cat/VI/25
     992,8813, 993, 0.33058834, 0.48855233,272.88,-73.13,158,1964-10-03,   0-10-04,     ,     ,00:00, ,     , ,20,  ,   ,   ,01 33 52,-41 32 42,01 36 02.0,-41 17 24,POSS-I VI/25,https://cdsarc.cds.unistra.fr/viz-bin/cat/VI/25
     993,8814, 994, 0.46057433, 0.61862010,260.68,-69.17,143,1964-10-03,   0-10-04,     ,     ,00:00, ,     , ,20,  ,   ,   ,02 03 40,-41 34 30,02 05 43.2,-41 20 12,POSS-I VI/25,https://cdsarc.cds.unistra.fr/viz-bin/cat/VI/25
     994,8815, 995, 0.59055132, 0.74869722,253.45,-64.37,156,1964-10-03,   0-10-04,     ,     ,00:00, ,     , ,20,  ,   ,   ,02 33 28,-41 36 42,02 35 24.9,-41 23 39,POSS-I VI/25,https://cdsarc.cds.unistra.fr/viz-bin/cat/VI/25
     995,8816, 996, 0.72066444, 0.87892896,249.31,-59.15,153,1964-10-03,   0-10-04,     ,     ,00:00, ,     , ,20,  ,   ,   ,03 03 18,-41 39 18,03 05 09.1,-41 27 42,POSS-I VI/25,https://cdsarc.cds.unistra.fr/viz-bin/cat/VI/25
     996,8817, 997, 0.85084128, 1.00924206,247.07,-53.72,180,1964-10-03,   0-10-04,     ,     ,00:00, ,     , ,20,  ,   ,   ,03 33 09,-41 42 18,03 34 55.0,-41 32 22,POSS-I VI/25,https://cdsarc.cds.unistra.fr/viz-bin/cat/VI/25
     997,8818, 998, 0.98108357, 1.13963604,246.07,-48.18,186,1964-10-03,   0-10-04,     ,     ,00:00, ,     , ,20,  ,   ,   ,04 03 01,-41 45 36,04 04 42.7,-41 37 29,POSS-I VI/25,https://cdsarc.cds.unistra.fr/viz-bin/cat/VI/25
     998,8133, 999, 1.11146545, 1.27017879,245.93,-42.61,227,1963-12-12,   0-12-13,     ,     ,00:00, ,     , ,20,  ,   ,   ,04 32 55,-41 49 06,04 34 33.2,-41 42 57,POSS-I VI/25,https://cdsarc.cds.unistra.fr/viz-bin/cat/VI/25
     999,8134,1000, 1.24191570, 1.40080070,246.42,-37.06,219,1963-12-12,   0-12-13,     ,     ,00:00, ,     , ,20,  ,   ,   ,05 02 50,-41 52 48,05 04 25.7,-41 48 44,POSS-I VI/25,https://cdsarc.cds.unistra.fr/viz-bin/cat/VI/25
    1000,8834,1001, 1.37250996, 1.53157043,247.42,-31.55,218,1964-10-04,   0-10-05,     ,     ,00:00, ,     , ,20,  ,   ,   ,05 32 47,-41 56 48,05 34 21.1,-41 54 53,POSS-I VI/25,https://cdsarc.cds.unistra.fr/viz-bin/cat/VI/25
    1001,8294,1002, 1.50324631, 1.66248798,248.83,-26.11,264,1964-02-05,   0-02-06,     ,     ,00:00, ,     , ,20,  ,   ,   ,06 02 46,-42 00 30,06 04 19.6,-42 00 45,POSS-I VI/25,https://cdsarc.cds.unistra.fr/viz-bin/cat/VI/25
    1002,8295,1003, 1.63412762, 1.79355049,250.63,-20.79,273,1964-02-05,   0-02-06,     ,     ,00:00, ,     , ,20,  ,   ,   ,06 32 47,-42 04 24,06 34 21.0,-42 06 50,POSS-I VI/25,https://cdsarc.cds.unistra.fr/viz-bin/cat/VI/25
    1003,8296,1004, 1.76515675, 1.92475700,252.78,-15.61,320,1964-02-04,   0-02-05,     ,     ,00:00, ,     , ,20,  ,   ,   ,07 02 50,-42 08 12,07 04 25.5,-42 12 47,POSS-I VI/25,https://cdsarc.cds.unistra.fr/viz-bin/cat/VI/25
    1004,9255,1005, 1.89633656, 2.05610561,255.28,-10.59,320,1965-03-04,   0-03-05,     ,     ,00:00, ,     , ,20,  ,   ,   ,07 32 55,-42 11 48,07 34 33.0,-42 18 27,POSS-I VI/25,https://cdsarc.cds.unistra.fr/viz-bin/cat/VI/25
    1005,8287,1006, 2.02758980, 2.18752384,258.13, -5.79,488,1964-02-04,   0-02-05,     ,     ,00:00, ,     , ,20,  ,   ,   ,08 03 01,-42 15 18,08 04 42.5,-42 23 54,POSS-I VI/25,https://cdsarc.cds.unistra.fr/viz-bin/cat/VI/25
    1006,8288,1007, 2.15899563, 2.31908035,261.35, -1.24,538,1964-02-04,   0-02-05,     ,     ,00:00, ,     , ,20,  ,   ,   ,08 33 09,-42 18 30,08 34 55.0,-42 28 54,POSS-I VI/25,https://cdsarc.cds.unistra.fr/viz-bin/cat/VI/25
    1007,8289,1008, 2.29048157, 2.45070362,264.94,  3.02,388,1964-02-04,   0-02-05,     ,     ,00:00, ,     , ,20,  ,   ,   ,09 03 18,-42 21 24,09 05 09.3,-42 33 26,POSS-I VI/25,https://cdsarc.cds.unistra.fr/viz-bin/cat/VI/25
    1008,9278,1009, 2.42212200, 2.58246231,268.92,  6.94,320,1965-03-05,   0-03-06,     ,     ,00:00, ,     , ,20,  ,   ,   ,09 33 29,-42 23 54,09 35 26.4,-42 37 21,POSS-I VI/25,https://cdsarc.cds.unistra.fr/viz-bin/cat/VI/25
    1009,8420,1010, 2.55377197, 2.71421146,273.29, 10.46,296,1964-03-17,   0-03-18,     ,     ,00:00, ,     , ,20,  ,   ,   ,10 03 40,-42 26 00,10 05 44.2,-42 40 38,POSS-I VI/25,https://cdsarc.cds.unistra.fr/viz-bin/cat/VI/25
    1010,8421,1011, 2.68557549, 2.84609699,278.05, 13.52,264,1964-03-17,   0-03-18,     ,     ,00:00, ,     , ,20,  ,   ,   ,10 33 53,-42 27 42,10 36 04.5,-42 43 16,POSS-I VI/25,https://cdsarc.cds.unistra.fr/viz-bin/cat/VI/25
    1011,8422,1012, 2.81746483, 2.97804356,283.18, 16.06,256,1964-03-17,   0-03-18,     ,     ,00:00, ,     , ,20,  ,   ,   ,11 04 07,-42 28 54,11 06 26.2,-42 45 08,POSS-I VI/25,https://cdsarc.cds.unistra.fr/viz-bin/cat/VI/25
    1012,8423,1013, 2.94929409, 3.10990524,288.63, 18.02,212,1964-03-17,   0-03-18,     ,     ,00:00, ,     , ,20,  ,   ,   ,11 34 20,-42 29 36,11 36 47.2,-42 46 13,POSS-I VI/25,https://cdsarc.cds.unistra.fr/viz-bin/cat/VI/25
    1013,8424,1014, 3.08128166, 3.24189854,294.34, 19.36,225,1964-03-17,   0-03-18,     ,     ,00:00, ,     , ,20,  ,   ,   ,12 04 35,-42 29 42,12 07 10.3,-42 46 24,POSS-I VI/25,https://cdsarc.cds.unistra.fr/viz-bin/cat/VI/25
    1014,9263,1015, 3.21320724, 3.37380886,300.22, 20.03,234,1965-03-04,   0-03-05,     ,     ,00:00, ,     , ,20,  ,   ,   ,12 34 49,-42 29 24,12 37 32.4,-42 45 54,POSS-I VI/25,https://cdsarc.cds.unistra.fr/viz-bin/cat/VI/25
    1015,8452,1016, 3.34514427, 3.50570774,306.15, 20.03,248,1964-03-19,   0-03-20,     ,     ,00:00, ,     , ,20,  ,   ,   ,13 05 03,-42 28 36,13 07 54.3,-42 44 37,POSS-I VI/25,https://cdsarc.cds.unistra.fr/viz-bin/cat/VI/25
    1016,8426,1017, 3.47702217, 3.63751888,312.02, 19.34,259,1964-03-17,   0-03-18,     ,     ,00:00, ,     , ,20,  ,   ,   ,13 35 16,-42 27 12,13 38 14.9,-42 42 26,POSS-I VI/25,https://cdsarc.cds.unistra.fr/viz-bin/cat/VI/25
    1017,8453,1018, 3.60891056, 3.76932144,317.73, 17.98,242,1964-03-19,   0-03-20,     ,     ,00:00, ,     , ,20,  ,   ,   ,14 05 29,-42 25 24,14 08 35.0,-42 39 36,POSS-I VI/25,https://cdsarc.cds.unistra.fr/viz-bin/cat/VI/25
    1018,9279,1019, 3.74066162, 3.90096951,323.17, 16.01,270,1965-03-05,   0-03-06,     ,     ,00:00, ,     , ,20,  ,   ,   ,14 35 40,-42 23 12,14 38 52.6,-42 36 08,POSS-I VI/25,https://cdsarc.cds.unistra.fr/viz-bin/cat/VI/25
    1019,9268,1020, 3.87242603, 4.03260517,328.30, 13.46,325,1965-03-04,   0-03-05,     ,     ,00:00, ,     , ,20,  ,   ,   ,15 05 51,-42 20 30,15 09 09.4,-42 31 55,POSS-I VI/25,https://cdsarc.cds.unistra.fr/viz-bin/cat/VI/25
    1020,9269,1021, 4.00404835, 4.16409111,333.05, 10.39,373,1965-03-04,   0-03-05,     ,     ,00:00, ,     , ,20,  ,   ,   ,15 36 00,-42 17 36,15 39 23.4,-42 27 19,POSS-I VI/25,https://cdsarc.cds.unistra.fr/viz-bin/cat/VI/25
    1021,8632,1022, 4.13553143, 4.29541779,337.41,  6.86,272,1964-06-13,   0-06-14,     ,     ,00:00, ,     , ,20,  ,   ,   ,16 06 07,-42 14 18,16 09 34.5,-42 22 09,POSS-I VI/25,https://cdsarc.cds.unistra.fr/viz-bin/cat/VI/25
    1022,8633,1023, 4.26695061, 4.42666721,341.38,  2.94,427,1964-06-13,   0-06-14,     ,     ,00:00, ,     , ,20,  ,   ,   ,16 36 13,-42 10 42,16 39 43.6,-42 16 33,POSS-I VI/25,https://cdsarc.cds.unistra.fr/viz-bin/cat/VI/25
    1023,8634,1024, 4.39822865, 4.55777359,344.97, -1.33,384,1964-06-13,   0-06-14,     ,     ,00:00, ,     , ,20,  ,   ,   ,17 06 17,-42 07 00,17 09 49.7,-42 10 45,POSS-I VI/25,https://cdsarc.cds.unistra.fr/viz-bin/cat/VI/25
    1024,8641,1025, 4.52943611, 4.68880367,348.17, -5.90,457,1964-06-14,   0-06-15,     ,     ,00:00, ,     , ,20,  ,   ,   ,17 36 20,-42 03 12,17 39 53.8,-42 04 48,POSS-I VI/25,https://cdsarc.cds.unistra.fr/viz-bin/cat/VI/25
    1025,8700,1026, 4.66049957, 4.81968498,351.02,-10.71,332,1964-08-06,   0-08-07,     ,     ,00:00, ,     , ,20,  ,   ,   ,18 06 21,-41 59 18,18 09 54.9,-41 58 42,POSS-I VI/25,https://cdsarc.cds.unistra.fr/viz-bin/cat/VI/25
    1026,8642,1027, 4.79134083, 4.95034599,353.51,-15.72,295,1964-06-14,   0-06-15,     ,     ,00:00, ,     , ,20,  ,   ,   ,18 36 19,-41 55 24,18 39 51.9,-41 52 38,POSS-I VI/25,https://cdsarc.cds.unistra.fr/viz-bin/cat/VI/25
    1027,8643,1028, 4.92211246, 5.08094215,355.66,-20.91,207,1964-06-14,   0-06-15,     ,     ,00:00, ,     , ,20,  ,   ,   ,19 06 16,-41 51 36,19 09 47.0,-41 46 43,POSS-I VI/25,https://cdsarc.cds.unistra.fr/viz-bin/cat/VI/25
    1028,8702,1029, 5.05280399, 5.21146774,357.44,-26.24,194,1964-08-06,   0-08-07,     ,     ,00:00, ,     , ,20,  ,   ,   ,19 36 12,-41 48 00,19 39 40.0,-41 41 05,POSS-I VI/25,https://cdsarc.cds.unistra.fr/viz-bin/cat/VI/25
    1029,8703,1030, 5.18327713, 5.34177876,358.85,-31.67,197,1964-08-06,   0-08-07,     ,     ,00:00, ,     , ,20,  ,   ,   ,20 06 05,-41 44 30,20 09 29.2,-41 35 40,POSS-I VI/25,https://cdsarc.cds.unistra.fr/viz-bin/cat/VI/25
    1030,8805,1031, 5.31366444, 5.47202492,359.83,-37.18,173,1964-10-03,   0-10-04,     ,     ,00:00, ,     , ,20,  ,   ,   ,20 35 57,-41 41 24,20 39 16.6,-41 30 48,POSS-I VI/25,https://cdsarc.cds.unistra.fr/viz-bin/cat/VI/25
    1031,8705,1032, 5.44397449, 5.60220337,  0.31,-42.74,179,1964-08-06,   0-08-07,     ,     ,00:00, ,     , ,20,  ,   ,   ,21 05 48,-41 38 30,21 09 02.3,-41 26 19,POSS-I VI/25,https://cdsarc.cds.unistra.fr/viz-bin/cat/VI/25
    1032,8706,1033, 5.57413292, 5.73224735,  0.15,-48.31,167,1964-08-06,   0-08-07,     ,     ,00:00, ,     , ,20,  ,   ,   ,21 35 37,-41 36 00,21 38 45.3,-41 22 26,POSS-I VI/25,https://cdsarc.cds.unistra.fr/viz-bin/cat/VI/25
    1033,8807,1034, 5.70428085, 5.86229992,359.13,-53.85,165,1964-10-03,   0-10-04,     ,     ,00:00, ,     , ,20,  ,   ,   ,22 05 26,-41 33 54,22 08 27.7,-41 19 11,POSS-I VI/25,https://cdsarc.cds.unistra.fr/viz-bin/cat/VI/25
    1034,8708,1035, 5.83427048, 5.99221706,356.86,-59.28,175,1964-08-06,   0-08-07,     ,     ,00:00, ,     , ,20,  ,   ,   ,22 35 13,-41 32 18,22 38 07.7,-41 16 41,POSS-I VI/25,https://cdsarc.cds.unistra.fr/viz-bin/cat/VI/25
    1035,8709,1036, 5.96425438, 6.12214565,352.66,-64.49,163,1964-08-06,   0-08-07,     ,     ,00:00, ,     , ,20,  ,   ,   ,23 05 00,-41 31 06,23 07 47.4,-41 14 51,POSS-I VI/25,https://cdsarc.cds.unistra.fr/viz-bin/cat/VI/25
    1036,8710,1037, 6.09414959, 6.25201416,345.33,-69.27,176,1964-08-06,   0-08-07,     ,     ,00:00, ,     , ,20,  ,   ,   ,23 34 46,-41 30 30,23 37 25.9,-41 13 53,POSS-I VI/25,https://cdsarc.cds.unistra.fr/viz-bin/cat/VI/25
    1037, 895, 723, 1.84634876, 1.96224880,226.06,  0.85,423,1953-11-11,   0-11-12,03:38,04:27,00:00, ,00:48,W,45,12, 3 , 3 ,07 16 26,-11 10 34,07 18 47.2,-11 16 07,POSS-I VI/25,https://cdsarc.cds.unistra.fr/viz-bin/cat/VI/25
