scan_id,relative_path,size_bytes,sha256
3630,work/applause_dr4_tierA_busko_source_census_v094b/source_scan_minimal_npz/scan_3630.npz,828441,faa84408d40ae176a820657474e86fc7bb29b3362e7e2e2fec72bd0b1c24c016
3631,work/applause_dr4_tierA_busko_source_census_v094b/source_scan_minimal_npz/scan_3631.npz,866807,ec365551bb03124bb7941445d20335e8506e33f0a82f98d24a38f92f4fd79e6d
3766,work/applause_dr4_tierA_busko_source_census_v094b/source_scan_minimal_npz/scan_3766.npz,532297,5d91e15806d1bdb91b5c38f2db243081351f265b014eea99bed309781f7fb777
3767,work/applause_dr4_tierA_busko_source_census_v094b/source_scan_minimal_npz/scan_3767.npz,497093,bc6454de5be5258dab341e547dfa90a047f9e930bb39608dc20d36110d4b2e44
3768,work/applause_dr4_tierA_busko_source_census_v094b/source_scan_minimal_npz/scan_3768.npz,551987,168e0682e5ac8d148e8199f4cc536e2c47d2c5da086690c1f6773a3535d0d281
3769,work/applause_dr4_tierA_busko_source_census_v094b/source_scan_minimal_npz/scan_3769.npz,505330,fb03d40c76a342fd33fca9688800c75a107ea11f6076be66010b5fffba218228
3908,work/applause_dr4_tierA_busko_source_census_v094b/source_scan_minimal_npz/scan_3908.npz,253505,4addb2f12824a8496f645ec9f31ead5119f4d3c231c6afcbfbd4d6a9b644d51e
3909,work/applause_dr4_tierA_busko_source_census_v094b/source_scan_minimal_npz/scan_3909.npz,120645,638790231ac1dd2ea2604dc7cf7908f8767aac85d7ad84928d7326c6631d030a
3910,work/applause_dr4_tierA_busko_source_census_v094b/source_scan_minimal_npz/scan_3910.npz,134629,0adc730f4e3d32ba60ca0ad5d7c77b7435947362ecb6c9cda2e535b50a9da69a
3911,work/applause_dr4_tierA_busko_source_census_v094b/source_scan_minimal_npz/scan_3911.npz,129177,374ee40b920818dd44b10388e800e3e2a744590053fbce4c05db767852ec1b59
3912,work/applause_dr4_tierA_busko_source_census_v094b/source_scan_minimal_npz/scan_3912.npz,99714,9a18c8764477e90110db336aeba5ed2af498c7c3a57f414e48890cd37e2137fd
3913,work/applause_dr4_tierA_busko_source_census_v094b/source_scan_minimal_npz/scan_3913.npz,112100,69dbfbcec7482e9c185bfb9ef2a8b9f208641907b58a3a9994e4933c95e8559c
3914,work/applause_dr4_tierA_busko_source_census_v094b/source_scan_minimal_npz/scan_3914.npz,391622,4cbf27106bf6c0bf310dcaebb8f58c340a2dc7e832f543289973220f0ef68d76
3915,work/applause_dr4_tierA_busko_source_census_v094b/source_scan_minimal_npz/scan_3915.npz,374851,456a948b4408f65cb32380cfc01088e9ff5bc520507977fd34062d84c8dead79
3980,work/applause_dr4_tierA_busko_source_census_v094b/source_scan_minimal_npz/scan_3980.npz,1307053,b940a6568e9701d8c29a9129a65192c4c12632cc23518a77ec4d7bef62e09240
3981,work/applause_dr4_tierA_busko_source_census_v094b/source_scan_minimal_npz/scan_3981.npz,1320094,6ce5ae59e60a3933cd59af4c9188690c55acd907f5c58daf78cfdd7c64fce436
3982,work/applause_dr4_tierA_busko_source_census_v094b/source_scan_minimal_npz/scan_3982.npz,1498411,c60f7e96bc380a2c901c46120e2541392f3ba5d229a7047501d564c2d12600a0
3983,work/applause_dr4_tierA_busko_source_census_v094b/source_scan_minimal_npz/scan_3983.npz,1446225,732d11e563b7486cd7f78c9ae6da8f43b337c07d6fde098103ecaa1059101473
3998,work/applause_dr4_tierA_busko_source_census_v094b/source_scan_minimal_npz/scan_3998.npz,1928298,8ce94cf65c03edd50dc6b89b3e1ae057ed432cf45867d05659296877b2b86436
3999,work/applause_dr4_tierA_busko_source_census_v094b/source_scan_minimal_npz/scan_3999.npz,1976268,f02656cc2e5fbaba738bcfcd2d7965bf12fb6e74277dfc3d07795faaf72aae23
4002,work/applause_dr4_tierA_busko_source_census_v094b/source_scan_minimal_npz/scan_4002.npz,747163,a55ef62446b4dc81da01099e55cdbefdeac374ce58942f96d20fe05f3eab6a17
4003,work/applause_dr4_tierA_busko_source_census_v094b/source_scan_minimal_npz/scan_4003.npz,692587,90f9e0930f96a685c0a3ae5d9414e2d9e3e478aca5f4d6607db182324bdf9188
4006,work/applause_dr4_tierA_busko_source_census_v094b/source_scan_minimal_npz/scan_4006.npz,1280170,e3a48f78265de65f6e2674c85188c94e99fe508484c95083d93a82d2d4e45bf5
4007,work/applause_dr4_tierA_busko_source_census_v094b/source_scan_minimal_npz/scan_4007.npz,1297829,9808f57ed8046a526b72251e15530d4ec234c79ce8fa1a818046144864168781
4008,work/applause_dr4_tierA_busko_source_census_v094b/source_scan_minimal_npz/scan_4008.npz,1170733,accbf878e25a6de9387bf19d43a51b16ba72a67a6d5fdaf5c71eb78a864b7925
4009,work/applause_dr4_tierA_busko_source_census_v094b/source_scan_minimal_npz/scan_4009.npz,1153585,a3afe9b25667f166c8e6c3e9b688ed4c2cbd77752ee4ac1dcc5dcce2b6f5ca22
4018,work/applause_dr4_tierA_busko_source_census_v094b/source_scan_minimal_npz/scan_4018.npz,1698358,5e0d2c1e0a78824ce14c60814998e56f914b510c41a1d95089f8c5450a2f0b62
4019,work/applause_dr4_tierA_busko_source_census_v094b/source_scan_minimal_npz/scan_4019.npz,1657215,549a72f0f4fb8900e60d9bf855919f14fe46a5f8ef7d8539f636f6ada883cf38
4170,work/applause_dr4_tierA_busko_source_census_v094b/source_scan_minimal_npz/scan_4170.npz,469999,0a6ac3bcb0d311d1f252f1e6058a1fe34a3d8ba1777557831967405b2fe63186
4171,work/applause_dr4_tierA_busko_source_census_v094b/source_scan_minimal_npz/scan_4171.npz,468289,dc31fab0bdeceab6c52d1a6513632cebe3f2f2754774e796f16dcb95ccb2a131
4194,work/applause_dr4_tierA_busko_source_census_v094b/source_scan_minimal_npz/scan_4194.npz,293273,e992354a9858a4c5054b11a95ce74586da2b3790da1e85e09d1d652bf144e724
4195,work/applause_dr4_tierA_busko_source_census_v094b/source_scan_minimal_npz/scan_4195.npz,346796,607d751f42571f7ef1fa2af29b578339333afa31985e5cca937de5d3ae42c833
4196,work/applause_dr4_tierA_busko_source_census_v094b/source_scan_minimal_npz/scan_4196.npz,308341,ea663a1797b281bb079c7c8c0ddd71d7ab559a77c30176d8d0e45c3d867f4195
4197,work/applause_dr4_tierA_busko_source_census_v094b/source_scan_minimal_npz/scan_4197.npz,326629,81451eb46cb84eb4440a20b6682e96fd93c6dec19333390023ef908ba8521cc3
4228,work/applause_dr4_tierA_busko_source_census_v094b/source_scan_minimal_npz/scan_4228.npz,635344,8636732342ab12e1d5c25351c991c775a28e38145e4a7a54fccc5d470b43c7d9
4229,work/applause_dr4_tierA_busko_source_census_v094b/source_scan_minimal_npz/scan_4229.npz,622180,984b2d9d29f3159341c1b0572878e14dabcaa059c6ad3c347f395afb7ce79b68
4230,work/applause_dr4_tierA_busko_source_census_v094b/source_scan_minimal_npz/scan_4230.npz,680708,4bf845767417b042f6b3c9dbf0231941c2dd09c41a06ab5bee900fcdd18126f7
4231,work/applause_dr4_tierA_busko_source_census_v094b/source_scan_minimal_npz/scan_4231.npz,606479,998e0a4c3dafb6e7e2407866b178949b6ad31b7b0673ac49c0e85e5cee048df9
4232,work/applause_dr4_tierA_busko_source_census_v094b/source_scan_minimal_npz/scan_4232.npz,674676,da03982173d2761dae300d91b17046a41314f939152b6642099ee1725f50088f
4233,work/applause_dr4_tierA_busko_source_census_v094b/source_scan_minimal_npz/scan_4233.npz,628166,785244b0f3a1e71fded56a921b31bdad5a26eb22037274ba51e08f3f41d36456
4253,work/applause_dr4_tierA_busko_source_census_v094b/source_scan_minimal_npz/scan_4253.npz,964634,064a9d0815657e81426737eedcf70ce00059a2dc3863f0ac1a17c90faa9dde48
4254,work/applause_dr4_tierA_busko_source_census_v094b/source_scan_minimal_npz/scan_4254.npz,1012522,a0d2fd1551fd3503c9584b28633a6a176cb9344a20ec1f9d4c4dac59f2d565cf
4264,work/applause_dr4_tierA_busko_source_census_v094b/source_scan_minimal_npz/scan_4264.npz,171500,451305c4b29368b093a762e86ac83a9fd612adc9964cc5f2c5bca0932cc86b27
4481,work/applause_dr4_tierA_busko_source_census_v094b/source_scan_minimal_npz/scan_4481.npz,544806,e141f697327394620d5b907078be822620d14778fe253ebacf8e96a156395c60
4482,work/applause_dr4_tierA_busko_source_census_v094b/source_scan_minimal_npz/scan_4482.npz,547128,0ab83b8276d4bed8cc0d6e3c85acbaf1c2433c0585153b72f9acfdb9125bf9f2
4499,work/applause_dr4_tierA_busko_source_census_v094b/source_scan_minimal_npz/scan_4499.npz,845348,87ca48c5086e4b7a10e2f230e0b09d51a16f4213df9949ce2ef36acf88cca132
4500,work/applause_dr4_tierA_busko_source_census_v094b/source_scan_minimal_npz/scan_4500.npz,803488,def382be257fb1fce9b449691c83d0acfe0cfee6f1583cfd33dc0d20cfb9d74e
4565,work/applause_dr4_tierA_busko_source_census_v094b/source_scan_minimal_npz/scan_4565.npz,431111,6bd9d96b215dbec759aab9a3213a14093ca768b2b7ec658d84d4eba1b3986b79
4566,work/applause_dr4_tierA_busko_source_census_v094b/source_scan_minimal_npz/scan_4566.npz,464569,2444cdf86a4db6c034af78e9fa77b179c05f1d27ff546f0bc07656129db0d00a
4582,work/applause_dr4_tierA_busko_source_census_v094b/source_scan_minimal_npz/scan_4582.npz,1526226,33e7e14d94d55833417d6e7653d929dd68792499a46b196adc2c3973427591a5
4583,work/applause_dr4_tierA_busko_source_census_v094b/source_scan_minimal_npz/scan_4583.npz,1555794,ffb4c4df72b0689c72dff0acf5bcdb1eb80a7006139dd62d77f593ec5da2ec08
4614,work/applause_dr4_tierA_busko_source_census_v094b/source_scan_minimal_npz/scan_4614.npz,340488,c904999bd4a200ef26779a8b47ad963ce6a069ad7a66dd172314e9398e1d87d4
4615,work/applause_dr4_tierA_busko_source_census_v094b/source_scan_minimal_npz/scan_4615.npz,318827,42c5dee94fe01d2bc351ef3c4e6e66516dcd60fdb540b18f17eeeaf8018f18ce
4617,work/applause_dr4_tierA_busko_source_census_v094b/source_scan_minimal_npz/scan_4617.npz,610301,36fac15c8ea2cbd2a29707ebbcce850bca78a4a28efe120bf8cc2a128b37b598
4618,work/applause_dr4_tierA_busko_source_census_v094b/source_scan_minimal_npz/scan_4618.npz,647860,6bd2f068c556a0c5ad446c380de1c621198e31e28cfd468844ed4b8645046208
4633,work/applause_dr4_tierA_busko_source_census_v094b/source_scan_minimal_npz/scan_4633.npz,1892148,2e3a3df8c93d71df98dcb6c60801cb48e8d650d16f8830d0f6f2bf90d4583cd4
4634,work/applause_dr4_tierA_busko_source_census_v094b/source_scan_minimal_npz/scan_4634.npz,1910824,bbe8d22906f33e64c87a2c59c48f9215d7ebd9d0a1cee37d6c155c0f06b823f3
4673,work/applause_dr4_tierA_busko_source_census_v094b/source_scan_minimal_npz/scan_4673.npz,1564617,3ed73aa8fe39165a6c371ffd007cfc93dc2303917a29606f419f944ea4980b68
4674,work/applause_dr4_tierA_busko_source_census_v094b/source_scan_minimal_npz/scan_4674.npz,1593427,46d6bff36d71f34f373ff4263b59c28a3a282ecd330a7a98e71c8093792e5240
4729,work/applause_dr4_tierA_busko_source_census_v094b/source_scan_minimal_npz/scan_4729.npz,424123,4f3239bf8c82dc1b44fe5b0f29feaf1e2e98da652803c449084603cbbdd7a7be
4730,work/applause_dr4_tierA_busko_source_census_v094b/source_scan_minimal_npz/scan_4730.npz,373552,33086a3a42fdbee73a4a72a319ce8a54bf037c34b05ce770ddd3b43f1289336a
4748,work/applause_dr4_tierA_busko_source_census_v094b/source_scan_minimal_npz/scan_4748.npz,301591,5a348a655a79d9870df38a2a72a4b3622cca418340470cde84718690a44416c1
4749,work/applause_dr4_tierA_busko_source_census_v094b/source_scan_minimal_npz/scan_4749.npz,281913,8341e420d1da40560425a0e78a9f82939049ce07ed5ce842ce412595829e9ab5
4766,work/applause_dr4_tierA_busko_source_census_v094b/source_scan_minimal_npz/scan_4766.npz,241010,dc38127e901560b2c3116f17ab870e5fbf28068c3376adb8aa9bafb4ec7533ce
4767,work/applause_dr4_tierA_busko_source_census_v094b/source_scan_minimal_npz/scan_4767.npz,223071,96b1435548db0fb79e763b757639a5526ba347d4f185a5d2017f07377cca4ee6
4775,work/applause_dr4_tierA_busko_source_census_v094b/source_scan_minimal_npz/scan_4775.npz,358972,02ae38f2d8e16803c16338f7453f772fa6c4ee2c92e9ab2f1da364fcbd79502f
4776,work/applause_dr4_tierA_busko_source_census_v094b/source_scan_minimal_npz/scan_4776.npz,333975,bad73ab4a8b08ee28fd68cbcb8bc4fa6f33cb3a770de9cc24afe172c478cbac2
4807,work/applause_dr4_tierA_busko_source_census_v094b/source_scan_minimal_npz/scan_4807.npz,308432,5d4e2a733a87d14fa35bf26d159fcb512840d84f18a42b4935bba2454138b666
4808,work/applause_dr4_tierA_busko_source_census_v094b/source_scan_minimal_npz/scan_4808.npz,308684,00aa8d92172f4cf67c635728944d5968221f9bb77e8623d955cf565d0abdd18c
5021,work/applause_dr4_tierA_busko_source_census_v094b/source_scan_minimal_npz/scan_5021.npz,486026,8da7f6c2e0b8fce874dbb4b6d0090c0913a45995f2fad625ee43ffb2b4c62802
5022,work/applause_dr4_tierA_busko_source_census_v094b/source_scan_minimal_npz/scan_5022.npz,540195,b7a21eeb416afccfa32465f4c454de70867ca7aa6f42483f3205ee2307a14373
5025,work/applause_dr4_tierA_busko_source_census_v094b/source_scan_minimal_npz/scan_5025.npz,129224,b23c848cd997cb46d03fbb0827f71968b07ed15c159f48c4ed35ae459839ef5f
5026,work/applause_dr4_tierA_busko_source_census_v094b/source_scan_minimal_npz/scan_5026.npz,152446,c3586d0a3644bb5dc1b596cae0edcdb798b8ff37978dbb12fe3a53a87314be22
5027,work/applause_dr4_tierA_busko_source_census_v094b/source_scan_minimal_npz/scan_5027.npz,183191,ffe8c28a6f43426aaebeabb79eab0537c66b85e1d3637e79dc5f8a722cb99715
5028,work/applause_dr4_tierA_busko_source_census_v094b/source_scan_minimal_npz/scan_5028.npz,169072,a2e3e513556f9e1cbf5d711a19ff091b9d5075317fe5084d06eb140a3f49570e
5029,work/applause_dr4_tierA_busko_source_census_v094b/source_scan_minimal_npz/scan_5029.npz,190913,82688a654cb97cf4f45cfca5d03a7fb601627354003e840689d80671067fe29f
5030,work/applause_dr4_tierA_busko_source_census_v094b/source_scan_minimal_npz/scan_5030.npz,171133,fc41bbcba5de370dab43a8b74f3310c6b5624c35edc45e6f9200923ae2ef0e69
5031,work/applause_dr4_tierA_busko_source_census_v094b/source_scan_minimal_npz/scan_5031.npz,172119,fb86ef406b43d8e46a45c2aa9ac0d0d39b45f3ae5909fd91e4e6d925c24dc027
5032,work/applause_dr4_tierA_busko_source_census_v094b/source_scan_minimal_npz/scan_5032.npz,168094,8f76d4e5acff573824341a57e701eb38518890ad29fe2952be5b47c2abd86ee2
5654,work/applause_dr4_tierA_busko_source_census_v094b/source_scan_minimal_npz/scan_5654.npz,94359,8ecb867edefdf5ef60ffbf3b655dda0a98210fec4ddf859edfa84431cb8bdfdf
5655,work/applause_dr4_tierA_busko_source_census_v094b/source_scan_minimal_npz/scan_5655.npz,79700,5569fc07ed29fff3eb248ae4136a5c1345fa0427841f7464138de818a90c44b3
5656,work/applause_dr4_tierA_busko_source_census_v094b/source_scan_minimal_npz/scan_5656.npz,85487,5c6242a1b6b9135d9c26df0570ab85607f6f248bcef9bc81f04325679bd4c6b3
5657,work/applause_dr4_tierA_busko_source_census_v094b/source_scan_minimal_npz/scan_5657.npz,75645,b8c09fbf086e32a7dc7792064b3b245a07e306785ce607283dc4035bf210448f
5658,work/applause_dr4_tierA_busko_source_census_v094b/source_scan_minimal_npz/scan_5658.npz,69043,fa439eb0ca0c882c890ba1735b2737bd2b135af2f06f75f7dbb2ee729b4aa574
5659,work/applause_dr4_tierA_busko_source_census_v094b/source_scan_minimal_npz/scan_5659.npz,68378,9953583a74469048291f65361ef76b089a2bc256d73868b4f7d13315cb3441fe
5672,work/applause_dr4_tierA_busko_source_census_v094b/source_scan_minimal_npz/scan_5672.npz,102647,6af7259035502d3fbe31713bcd94f2fff1392e431cdd70abfc4527a1409d10e3
5673,work/applause_dr4_tierA_busko_source_census_v094b/source_scan_minimal_npz/scan_5673.npz,88461,e5dfd1c5a33bc611da81c5e50b2b068a6812b41d927626c61dce4f772e4b7807
5674,work/applause_dr4_tierA_busko_source_census_v094b/source_scan_minimal_npz/scan_5674.npz,140431,5dd956860bfa8eb25c59af92408cff51924e63e2117dabe732deb942603776e0
5675,work/applause_dr4_tierA_busko_source_census_v094b/source_scan_minimal_npz/scan_5675.npz,133525,20a9c743bd9a2b16ec945ef89b73c94d9051cc4a9c54009d45bc343d9eb411fb
5676,work/applause_dr4_tierA_busko_source_census_v094b/source_scan_minimal_npz/scan_5676.npz,112607,4386b5fbd418f0745d315b0928130f7ae47aa58fdeccfb2a6ef9dd8428bae722
5677,work/applause_dr4_tierA_busko_source_census_v094b/source_scan_minimal_npz/scan_5677.npz,106337,32764113c7c130ac6623bffe16da9ec9536fe4a992921cbe2031813b22cd8ac2
5678,work/applause_dr4_tierA_busko_source_census_v094b/source_scan_minimal_npz/scan_5678.npz,122950,5d316f987460429b7c5ce73d306d082e5d7ec49217dd884bfcac8454116368dd
5679,work/applause_dr4_tierA_busko_source_census_v094b/source_scan_minimal_npz/scan_5679.npz,138677,ba7e7ab979dce94ad0c5f46dd39892a2faa8ed107d770fc99d7b998c198d6d5e
5781,work/applause_dr4_tierA_busko_source_census_v094b/source_scan_minimal_npz/scan_5781.npz,232314,ec6c004692fc5e360b1609644e368378a08dd0b3e08fb0cc6e25f51c37d3e340
5782,work/applause_dr4_tierA_busko_source_census_v094b/source_scan_minimal_npz/scan_5782.npz,395984,40500c6cd062b7a87611ddbfe47ef42dd930922330ddac51547b4193c4c2f2de
5783,work/applause_dr4_tierA_busko_source_census_v094b/source_scan_minimal_npz/scan_5783.npz,219628,ff02e30b5fa199c975ac96ae92760f1facb2b7d84e0521ff280fc0458295370d
5784,work/applause_dr4_tierA_busko_source_census_v094b/source_scan_minimal_npz/scan_5784.npz,189306,134a557822d0ccd94780ba07e061d9cd1f4a552e0db69006992520957fd935d2
5785,work/applause_dr4_tierA_busko_source_census_v094b/source_scan_minimal_npz/scan_5785.npz,181830,617c8f09e2ebe3a23fd17851ac9332975d4fd629f2540db08ca00a1132611a3f
5786,work/applause_dr4_tierA_busko_source_census_v094b/source_scan_minimal_npz/scan_5786.npz,190727,71d14e1bfb8e7d9238cbd3fe971f1c0513eeeee8cb8c911d69ea7367977252e3
5912,work/applause_dr4_tierA_busko_source_census_v094b/source_scan_minimal_npz/scan_5912.npz,874516,99e04e8b89e16bd6f7487a7264bb0b5c47913d06ab324aa9d6b3e04e3bf21c2e
5913,work/applause_dr4_tierA_busko_source_census_v094b/source_scan_minimal_npz/scan_5913.npz,850972,47250278d4efdbda7025219a5737e3a3daa55f447805724d04ad08d818bbdfc7
6069,work/applause_dr4_tierA_busko_source_census_v094b/source_scan_minimal_npz/scan_6069.npz,736126,37730908dc9bcb7e7a9896a702b5772929d5638f448cf793d049cb2939586b2d
6070,work/applause_dr4_tierA_busko_source_census_v094b/source_scan_minimal_npz/scan_6070.npz,738461,4114f456c58b6e29067147eb06a224579604569bce43f75ae918a2ae73a817d1
6073,work/applause_dr4_tierA_busko_source_census_v094b/source_scan_minimal_npz/scan_6073.npz,483677,98b14145515c45cd73f04d6e449ba52a3f59cb6f95e2ccd210c677e781b163b0
6074,work/applause_dr4_tierA_busko_source_census_v094b/source_scan_minimal_npz/scan_6074.npz,438733,b8d35c120b1fa5366cf6b12cd4d3208336357509444607d443c04da0a0a76bfd
6075,work/applause_dr4_tierA_busko_source_census_v094b/source_scan_minimal_npz/scan_6075.npz,756423,026e32152a35fe92f626c5450dfacb5043b97e736cfe604b214df21bc3d2f903
6076,work/applause_dr4_tierA_busko_source_census_v094b/source_scan_minimal_npz/scan_6076.npz,756564,b12719ea542fe7aa954c53da77341e8963545ab05659b2999e0f25a8c2790f37
6077,work/applause_dr4_tierA_busko_source_census_v094b/source_scan_minimal_npz/scan_6077.npz,690664,945874115c253d5da9a51c68886ce462507fc334090d19051dbf7f43d9d2b16f
6078,work/applause_dr4_tierA_busko_source_census_v094b/source_scan_minimal_npz/scan_6078.npz,636718,fac2cd361fe36c2a66bc46a7c461d948047ca580665a932ee75da99f25a74250
6079,work/applause_dr4_tierA_busko_source_census_v094b/source_scan_minimal_npz/scan_6079.npz,622701,ca292ad4b89367a7e67e9cf0a57813e4b28a80b93e1726131d1b7541c9cfaa39
6080,work/applause_dr4_tierA_busko_source_census_v094b/source_scan_minimal_npz/scan_6080.npz,630067,07f45a995ad9575184cfea27463d794f6f2538dc9a0cafb3ebfb69437379bd71
6081,work/applause_dr4_tierA_busko_source_census_v094b/source_scan_minimal_npz/scan_6081.npz,667473,e80f47aa80df269143efeb22a7c4ef88af37b1b2b4f1d6b28262fc17c4ff5349
6082,work/applause_dr4_tierA_busko_source_census_v094b/source_scan_minimal_npz/scan_6082.npz,655042,6cae3364f970e28279728e6fdb37c37ee763d36ffd9ff5981ee5dcc40b2df042
6083,work/applause_dr4_tierA_busko_source_census_v094b/source_scan_minimal_npz/scan_6083.npz,575156,6176bc48f62028a9e9bd370d480cae4420ac62ecd6d0de082f51bbaccbe1408b
6084,work/applause_dr4_tierA_busko_source_census_v094b/source_scan_minimal_npz/scan_6084.npz,561878,89b32b51be069b19c1aa288cb917538c67938c6c92a3208dd9180148b856e71c
6085,work/applause_dr4_tierA_busko_source_census_v094b/source_scan_minimal_npz/scan_6085.npz,622719,ec53f2a0b13cb4ca93d6954057feccb9ac28bf8a0d98a809570c87ad7d2e4968
6086,work/applause_dr4_tierA_busko_source_census_v094b/source_scan_minimal_npz/scan_6086.npz,599838,6eb7cd80291ce1d13b8078813687e230ac1ee9ab122c0c8ee3c0ec049070a5d8
6087,work/applause_dr4_tierA_busko_source_census_v094b/source_scan_minimal_npz/scan_6087.npz,559959,dd3496957f6831025d8319e98d4840f35b9c6f63ab635d92c01cff8614edf521
6088,work/applause_dr4_tierA_busko_source_census_v094b/source_scan_minimal_npz/scan_6088.npz,557321,2a4aa6d7abac9754406f65162ff6c56b0438649a2b23cccece3559aeeb57ab9f
6089,work/applause_dr4_tierA_busko_source_census_v094b/source_scan_minimal_npz/scan_6089.npz,577562,14a5278e60172e826c62f3fb51a59b0006086ea747d157bbe17c8bb06bf31704
6090,work/applause_dr4_tierA_busko_source_census_v094b/source_scan_minimal_npz/scan_6090.npz,557009,a1960914851735e7385a8980d88571d8511d918548206dae2cc36e9e27489261
6091,work/applause_dr4_tierA_busko_source_census_v094b/source_scan_minimal_npz/scan_6091.npz,563053,241546b119fccc696f2139d73768db43f0efea9978451304b8ef0f756b402e16
6092,work/applause_dr4_tierA_busko_source_census_v094b/source_scan_minimal_npz/scan_6092.npz,549986,b16be608e62b606744072c8a05ec79071960e97ddcf4d8795c92b088bcea9457
6108,work/applause_dr4_tierA_busko_source_census_v094b/source_scan_minimal_npz/scan_6108.npz,247432,e0dbc9f8494bee2e214ce787c57a4da581a91f5d5182d6846f6cf7c3e7d12206
6109,work/applause_dr4_tierA_busko_source_census_v094b/source_scan_minimal_npz/scan_6109.npz,219463,b4885f69cb4b4f5799f030dc282f3ee61321dd9a548ae711e61d9cc718daa839
6110,work/applause_dr4_tierA_busko_source_census_v094b/source_scan_minimal_npz/scan_6110.npz,228474,4cc24a709685365fc8966adba7e4f69ae303a9c0a69760a202999169935a65b9
6111,work/applause_dr4_tierA_busko_source_census_v094b/source_scan_minimal_npz/scan_6111.npz,202516,bca6bd16902f94733699ca2754100f064348de0e999c4202991b361d870d489f
6112,work/applause_dr4_tierA_busko_source_census_v094b/source_scan_minimal_npz/scan_6112.npz,329187,ed6592781e8060adc257bcb7bab1f91c6b075e1181f7a1d028544420476108bf
6113,work/applause_dr4_tierA_busko_source_census_v094b/source_scan_minimal_npz/scan_6113.npz,302742,26dc6ec818435b40e7bcffa8db9876445af3c69b3ef830d81434108601e9c300
6114,work/applause_dr4_tierA_busko_source_census_v094b/source_scan_minimal_npz/scan_6114.npz,276994,c2cda18f0d9020b0ca3981f1ba39d94cc195b3cfd2b8dec32463dde809bd7ddd
6115,work/applause_dr4_tierA_busko_source_census_v094b/source_scan_minimal_npz/scan_6115.npz,260810,c92010cb3527ad75f3dd211cbe4826d5dd406d032d18e9983f09fe8f5ace0b1e
6116,work/applause_dr4_tierA_busko_source_census_v094b/source_scan_minimal_npz/scan_6116.npz,184528,31e3a126172264af6ce93623886eaab940614e94fd15fe6bb68b03fc41d2d9a2
6117,work/applause_dr4_tierA_busko_source_census_v094b/source_scan_minimal_npz/scan_6117.npz,171641,7c81e770cb6aa676de2262e7a0324a8cd921d401758c6609959a64e2110bcced
6132,work/applause_dr4_tierA_busko_source_census_v094b/source_scan_minimal_npz/scan_6132.npz,728458,1d4a2fb13cac2f2b6795dcad3413d01540edabc07197589d46be6ec617022d83
6133,work/applause_dr4_tierA_busko_source_census_v094b/source_scan_minimal_npz/scan_6133.npz,749760,33aa06e620825b3a196d9ecaa99bccc92c19908a89108cfeddc455667cc220d2
8742,work/applause_dr4_tierA_busko_source_census_v094b/source_scan_minimal_npz/scan_8742.npz,4121622,3d0a13f7b8f8bf1055bcc2007b75b385e7fbdffde0828ecef3dab97fa8592c4e
8743,work/applause_dr4_tierA_busko_source_census_v094b/source_scan_minimal_npz/scan_8743.npz,4042185,3db4b41bfc55b7e6e4ab68790f6bcbe2aed8a08e5acc26c631621f061ffd3e45
8744,work/applause_dr4_tierA_busko_source_census_v094b/source_scan_minimal_npz/scan_8744.npz,4297451,de58dea795b4b801eef315d8aec249027407f55a88b6f6555c457329d04e6f4f
8745,work/applause_dr4_tierA_busko_source_census_v094b/source_scan_minimal_npz/scan_8745.npz,4243556,458bc13010b3458dfb9cfe8f9e3e81b20fd502e33218c1541bc6b4e40ad20c53
8746,work/applause_dr4_tierA_busko_source_census_v094b/source_scan_minimal_npz/scan_8746.npz,4873456,1dbd51961635b8851ab27ffb4fd0689601b285931f8406231f08401f0313ae76
8747,work/applause_dr4_tierA_busko_source_census_v094b/source_scan_minimal_npz/scan_8747.npz,4758415,af167faf33551fa9558c252f70b7e5b782842f3bf8809a42a1dec765f987e95b
9172,work/applause_dr4_tierA_busko_source_census_v094b/source_scan_minimal_npz/scan_9172.npz,3692921,86fb20727d7d8c45a36697baf37bb2a3d302c1b74ac8a3aaff97ba7b273b38fc
9173,work/applause_dr4_tierA_busko_source_census_v094b/source_scan_minimal_npz/scan_9173.npz,3687825,67a3319aad5aee94728ce63f686c2cb5668e79d7ac78df94f5264965251f2370
9174,work/applause_dr4_tierA_busko_source_census_v094b/source_scan_minimal_npz/scan_9174.npz,3678021,0a0456326621ef61c36109b02858dd5bd24661e9c55b5c159ae4cf73e1828ae5
9175,work/applause_dr4_tierA_busko_source_census_v094b/source_scan_minimal_npz/scan_9175.npz,3664923,0bf4a9f7f42b5bf2a6c26b353d107be016484b3e425da5bba8c2f10a87aac496
9176,work/applause_dr4_tierA_busko_source_census_v094b/source_scan_minimal_npz/scan_9176.npz,3552343,64eb055a7612de425a20e09dbebdbfd8647e3b5c450a2b087eb5d3b00e815212
9177,work/applause_dr4_tierA_busko_source_census_v094b/source_scan_minimal_npz/scan_9177.npz,3473280,2e42be6fcf24f24bbbafe7d8f3c2e5da797e944b2e830987f23d855e4a45ad75
9421,work/applause_dr4_tierA_busko_source_census_v094b/source_scan_minimal_npz/scan_9421.npz,3827260,c3af3393fddc0d5ff3fa080d858705eebe6abf7afbb0f9267bea14492650a44f
9422,work/applause_dr4_tierA_busko_source_census_v094b/source_scan_minimal_npz/scan_9422.npz,3767479,b083e22fe4a121f40547679413637d09df338d548e39ae98c0a9892d9378bc2e
9423,work/applause_dr4_tierA_busko_source_census_v094b/source_scan_minimal_npz/scan_9423.npz,3860162,6f5b6fe18c799ecdeae48e6126547a4fe6c8cfc2ea48c76ab482b1861eac3898
9424,work/applause_dr4_tierA_busko_source_census_v094b/source_scan_minimal_npz/scan_9424.npz,3919214,d729651d8b506ae62facdd50766a84cab6c611b877621c825fa52099dbe49ef2
9425,work/applause_dr4_tierA_busko_source_census_v094b/source_scan_minimal_npz/scan_9425.npz,138061,258ee0f65c864bade250f04547811219f271d4906e6a7e86683c0d822ddbcd1e
9426,work/applause_dr4_tierA_busko_source_census_v094b/source_scan_minimal_npz/scan_9426.npz,121547,4aadae79bd81580d932fdc179ebeaede804f0f8f58a6568717d13795bd622f6e
9427,work/applause_dr4_tierA_busko_source_census_v094b/source_scan_minimal_npz/scan_9427.npz,306524,73abea94affc9f9b03924a18548f5e662444a2282f90ebd82aae15e20120eaf5
9428,work/applause_dr4_tierA_busko_source_census_v094b/source_scan_minimal_npz/scan_9428.npz,293166,ec51a18525aeacf801db48818651de38822661a4f07c44128efba3d10cb39707
9429,work/applause_dr4_tierA_busko_source_census_v094b/source_scan_minimal_npz/scan_9429.npz,264395,69e60651b388fcb7c7d353a31e13d9f1bc3ce0f425aa0ae82cc8c06515ec8e4d
9430,work/applause_dr4_tierA_busko_source_census_v094b/source_scan_minimal_npz/scan_9430.npz,277748,b9917568f7cbe42ef05c8739add64f068d67ede01d6cc7465a61fa76d6e454ed
9458,work/applause_dr4_tierA_busko_source_census_v094b/source_scan_minimal_npz/scan_9458.npz,2573185,c2bee1b8ddd1f9cc4c09fad06262e4fabbb9344966a977e4d0ffa1e04b9a66ea
9459,work/applause_dr4_tierA_busko_source_census_v094b/source_scan_minimal_npz/scan_9459.npz,2579568,8c5363251ff2de84645cd74284fe11a685db421bc32c05583526af96728516a4
9460,work/applause_dr4_tierA_busko_source_census_v094b/source_scan_minimal_npz/scan_9460.npz,2811104,c5b1f44c4a52689db5614eab47eb9904218d663f6b59f8d10c60a43b0ea7c689
9461,work/applause_dr4_tierA_busko_source_census_v094b/source_scan_minimal_npz/scan_9461.npz,2128184,e67b17290ccd14166e074aa9b22c0adea8f4b88525181238d2a5cd4913090229
9498,work/applause_dr4_tierA_busko_source_census_v094b/source_scan_minimal_npz/scan_9498.npz,540395,7fcc20b96fa6281abec66bace8b307c680d82563a174ea6682d0630721221772
9499,work/applause_dr4_tierA_busko_source_census_v094b/source_scan_minimal_npz/scan_9499.npz,538612,f2c3fc5003e691801b85d8987c7c649c4ad37f6a90430f7a0bd1490638b61145
9500,work/applause_dr4_tierA_busko_source_census_v094b/source_scan_minimal_npz/scan_9500.npz,576627,c08964bbc9afe9e369f3e85cf19ea6e1c041fa0600e0b3c7c511f37fad5cd735
9501,work/applause_dr4_tierA_busko_source_census_v094b/source_scan_minimal_npz/scan_9501.npz,578981,a0b9a58c8016a64147ec8e8093f3143ce469d6da188f97f55a8347b14c8c9d66
9502,work/applause_dr4_tierA_busko_source_census_v094b/source_scan_minimal_npz/scan_9502.npz,557276,129ac67c7c7a44015ca3de3004fd7206834d69c1d94545315dfdbac66da507eb
9503,work/applause_dr4_tierA_busko_source_census_v094b/source_scan_minimal_npz/scan_9503.npz,566474,2e3b4ad6e098853b458f1074536b8d15a6e8f6226a2f5e8b1f39acfea75eca49
9504,work/applause_dr4_tierA_busko_source_census_v094b/source_scan_minimal_npz/scan_9504.npz,299382,c4908543744c6ed9ae5b86fa50e44559b9b1714dc3bedb916f21ae05589bc563
9505,work/applause_dr4_tierA_busko_source_census_v094b/source_scan_minimal_npz/scan_9505.npz,498857,7744ab3094bfadb89653b2f8a9b668e50df23b0f7ce66b6802769bede0c3b99b
9522,work/applause_dr4_tierA_busko_source_census_v094b/source_scan_minimal_npz/scan_9522.npz,3311403,66cdd9881593c80b5c012e0c1388908755d6831fe91058d3b09663f3b429ccfa
9523,work/applause_dr4_tierA_busko_source_census_v094b/source_scan_minimal_npz/scan_9523.npz,3273525,819a66106714d400c57c21e7ad8019556edc43609f96f124c27585203c7fe889
9524,work/applause_dr4_tierA_busko_source_census_v094b/source_scan_minimal_npz/scan_9524.npz,3426879,82fe681e0a9a9e0be2bd3668d21945ea0ef2649f60f0346c4873c897e004f2f3
9676,work/applause_dr4_tierA_busko_source_census_v094b/source_scan_minimal_npz/scan_9676.npz,461264,6c8ac32c973722d6f3faef6ffec4cbfd1ded700356efa93820609dbd2119c26e
9677,work/applause_dr4_tierA_busko_source_census_v094b/source_scan_minimal_npz/scan_9677.npz,455291,c9f4609fbd3786266e0e14500ed730d17214b5118c3baf36fdbff5cd42671480
9714,work/applause_dr4_tierA_busko_source_census_v094b/source_scan_minimal_npz/scan_9714.npz,2746022,54ffde0642665f44deb1627de6555d9513017994cf6e490d97d32c306b5fce32
9715,work/applause_dr4_tierA_busko_source_census_v094b/source_scan_minimal_npz/scan_9715.npz,2410049,4f0f5d899c03d1480d7e37d3e9352e8ce0d2a3d119092f07c9f36eef723c18d2
9716,work/applause_dr4_tierA_busko_source_census_v094b/source_scan_minimal_npz/scan_9716.npz,5201844,0af5d9cac4fd16a8dbf0cb3faaaca9cd7451a297032c6bba25ce54bdceb8c879
9717,work/applause_dr4_tierA_busko_source_census_v094b/source_scan_minimal_npz/scan_9717.npz,5071201,deff9a6276fbacb782419eba3622f4cc27162456361fd1f3fadce9db0cf17286
9718,work/applause_dr4_tierA_busko_source_census_v094b/source_scan_minimal_npz/scan_9718.npz,4579480,a947cd36a36a6fef235ee04c50d45b90007198b49b980fc9341fd3c91215b6ff
9719,work/applause_dr4_tierA_busko_source_census_v094b/source_scan_minimal_npz/scan_9719.npz,4529069,34399d708fc55a5c779231bfbb8d0819879aea72ccdf65c4e7c324c1d0f131cb
9720,work/applause_dr4_tierA_busko_source_census_v094b/source_scan_minimal_npz/scan_9720.npz,4941676,910a2c1dfbe3e54dd0f574111a10efe8c1f911075ad76b2d305e3ad64c78e63c
9721,work/applause_dr4_tierA_busko_source_census_v094b/source_scan_minimal_npz/scan_9721.npz,4909932,18ec0e162168b0b3b4b9a88ac03805d3e43811a6e5cb0fe6119b7fb43fd79bb4
9722,work/applause_dr4_tierA_busko_source_census_v094b/source_scan_minimal_npz/scan_9722.npz,2859658,fd9e83c698145db6f0fce5f9ef7fe1c84db1b5fefdd83da8fb771c280d8b5abb
9723,work/applause_dr4_tierA_busko_source_census_v094b/source_scan_minimal_npz/scan_9723.npz,2795867,dda1890585109ac805b9b2e3b1d21373a726106da305ba966e75f62d0d9dae61
9730,work/applause_dr4_tierA_busko_source_census_v094b/source_scan_minimal_npz/scan_9730.npz,2930990,df3af7b28b2f4cf6d845ed2c212f8ddb70ce07663eb1a4ec779730119942ca2e
9731,work/applause_dr4_tierA_busko_source_census_v094b/source_scan_minimal_npz/scan_9731.npz,3151537,0597d43b1d40c5fc4243d0ba74b436544b7692f8864df7f7ee66fa4b0f8e4c68
9732,work/applause_dr4_tierA_busko_source_census_v094b/source_scan_minimal_npz/scan_9732.npz,1813818,626f30f4c59d51623505e1cc16da597cb2e6e59c1ed66093725215c6865b81da
9733,work/applause_dr4_tierA_busko_source_census_v094b/source_scan_minimal_npz/scan_9733.npz,1496262,16b034a53810c74a080667a03efc881bdd36155f6f7621e6d222611051de3a66
9734,work/applause_dr4_tierA_busko_source_census_v094b/source_scan_minimal_npz/scan_9734.npz,2256604,4941a177c07f43ebb8232cbc6e822e4b80b6391d961c9faed656a07ac171e513
9735,work/applause_dr4_tierA_busko_source_census_v094b/source_scan_minimal_npz/scan_9735.npz,2261914,b6ca8f0ca0acec536dca63a8bef078318015308655adff2a5bbc2f2ed03704aa
9736,work/applause_dr4_tierA_busko_source_census_v094b/source_scan_minimal_npz/scan_9736.npz,2185913,5713cbdfb8bd179e30c268e0639da9116de00301360e6729ffb855d5d3a4dff0
9737,work/applause_dr4_tierA_busko_source_census_v094b/source_scan_minimal_npz/scan_9737.npz,2128304,077393925bd9b3c140bd1db864fdd4391115fd04693657a38476aec1b9686e00
9748,work/applause_dr4_tierA_busko_source_census_v094b/source_scan_minimal_npz/scan_9748.npz,2818501,9963aa94a5256d2f613bcbc4c2c75c6c1564ef1017b2a4406644bdd89bbc8688
9749,work/applause_dr4_tierA_busko_source_census_v094b/source_scan_minimal_npz/scan_9749.npz,2746971,f61f5a8bbbe098c99a8290aed0683edea75fb0b70382f4744e36c907d8a5332f
9750,work/applause_dr4_tierA_busko_source_census_v094b/source_scan_minimal_npz/scan_9750.npz,2473443,bb8af696804ed42703a90c8b27b6a2e69b86aa712eb916dc39d81a20de2a48e2
9751,work/applause_dr4_tierA_busko_source_census_v094b/source_scan_minimal_npz/scan_9751.npz,2432851,16fca34bcc60c4fb0f1fe83482b0a350940f03363006d95ca8d1e8b5f4290c33
9822,work/applause_dr4_tierA_busko_source_census_v094b/source_scan_minimal_npz/scan_9822.npz,3197574,f56d79c9b54e8fd7447de7015b061c01009fda7b6a2de3f470e51fe811c181ab
9823,work/applause_dr4_tierA_busko_source_census_v094b/source_scan_minimal_npz/scan_9823.npz,3149158,ddb534ed028af65bcd38ac8b2680b1404218c81e2ce9f24b021bc577c6c906d8
9868,work/applause_dr4_tierA_busko_source_census_v094b/source_scan_minimal_npz/scan_9868.npz,3068811,0e969acbd3e1e4c94534ba6a346b367fafcfa9a3ab1b1c09b7d0d4ad4e751357
9869,work/applause_dr4_tierA_busko_source_census_v094b/source_scan_minimal_npz/scan_9869.npz,2986675,9b9812e1f9b6890cf8915fdb3449c5fefa94d2e1122a908f0d054ea934c31e2a
9872,work/applause_dr4_tierA_busko_source_census_v094b/source_scan_minimal_npz/scan_9872.npz,1969819,5844714d2e91d327d193913009d5ce937ce3c8ced189c1248136e33e9b5197b9
9873,work/applause_dr4_tierA_busko_source_census_v094b/source_scan_minimal_npz/scan_9873.npz,1940041,5dffcdadacc3275a8b0cca46266f12654ccb11d95ac3503c950e0fd712094af3
9874,work/applause_dr4_tierA_busko_source_census_v094b/source_scan_minimal_npz/scan_9874.npz,2267284,a0feb459c4353e9ac3ccf2b08964ededc256a5d64db518d081b483a433c1e0c1
9875,work/applause_dr4_tierA_busko_source_census_v094b/source_scan_minimal_npz/scan_9875.npz,2231779,a228a166f2ea94a14c6714ececfbc3285e08ba359b4ee91b445ad91dc90dee48
10950,work/applause_dr4_tierA_busko_source_census_v094b/source_scan_minimal_npz/scan_10950.npz,1760153,815aaf52d0d6b17acbbdd92fae9a8874e4edf0429651ff7a2830007168381402
10951,work/applause_dr4_tierA_busko_source_census_v094b/source_scan_minimal_npz/scan_10951.npz,1722837,dda8d57681af9689a1233e6db7874fcf937c4c2333ddc51c4d6841301b19fc07
10952,work/applause_dr4_tierA_busko_source_census_v094b/source_scan_minimal_npz/scan_10952.npz,1994720,548279320c8ce514da4cbff2fa04aa664143dd798e487b2d149e2206a0492014
10953,work/applause_dr4_tierA_busko_source_census_v094b/source_scan_minimal_npz/scan_10953.npz,2019817,3525a09c5f4c42c7c14aeecf7d3014c2b3c6aef837eb4c7313b774dec8da8f96
10956,work/applause_dr4_tierA_busko_source_census_v094b/source_scan_minimal_npz/scan_10956.npz,1013959,229ce6a56784ae4f2a7a3e226704ad3e57c207ac8327b1825e4b0ba9409eac14
10957,work/applause_dr4_tierA_busko_source_census_v094b/source_scan_minimal_npz/scan_10957.npz,983368,3b7b5fef294a50ee31694d706d66173a611af50ac0d384f6f61bb8e136ddb6e2
10958,work/applause_dr4_tierA_busko_source_census_v094b/source_scan_minimal_npz/scan_10958.npz,987795,bbaec4ff0f38c06dfa0ca2890103b3bb7cd7e135b62d4c2728a7aebb846d918a
10959,work/applause_dr4_tierA_busko_source_census_v094b/source_scan_minimal_npz/scan_10959.npz,1000183,d891a0e15cf76808a26a1fad9a9617a07a1f07d92e85c9659743f23cd2d9244c
10997,work/applause_dr4_tierA_busko_source_census_v094b/source_scan_minimal_npz/scan_10997.npz,124052,939837073d1a4a0d90b787f8750bf4f1943cf2947ea13dd09a651be72c059f2c
10998,work/applause_dr4_tierA_busko_source_census_v094b/source_scan_minimal_npz/scan_10998.npz,110352,6039532003aa7f3b697256c1c57a64d28256aee84c62e9719355e0d302a9c70f
10999,work/applause_dr4_tierA_busko_source_census_v094b/source_scan_minimal_npz/scan_10999.npz,100230,2b08de231dbaa2e139dec3f264fd01346624643a70671f2093adce589f71b694
11000,work/applause_dr4_tierA_busko_source_census_v094b/source_scan_minimal_npz/scan_11000.npz,95891,8b24aacf52d846f19dd39111175e7de15ced954ada6f1a0f03b6dfbe1e3b655d
11001,work/applause_dr4_tierA_busko_source_census_v094b/source_scan_minimal_npz/scan_11001.npz,141912,23a00fd715c6ba899903b9b63e65d44b4d544f7a8cb3bb0b1d9a5d68c64d9606
11002,work/applause_dr4_tierA_busko_source_census_v094b/source_scan_minimal_npz/scan_11002.npz,131600,b4da7387e2a66bf70950d59ece6b363b0eab7b80155630cd6e55d0880c868fd1
11017,work/applause_dr4_tierA_busko_source_census_v094b/source_scan_minimal_npz/scan_11017.npz,185231,ea10ddb0709a854f28623fa7eb717f8a8ddbdad21117135de1dc0730d6093ccd
11018,work/applause_dr4_tierA_busko_source_census_v094b/source_scan_minimal_npz/scan_11018.npz,167435,ddf97aef5a88ae5a39c87e4b1640051e02c935c510bcb329ab23b553a790cb7e
11019,work/applause_dr4_tierA_busko_source_census_v094b/source_scan_minimal_npz/scan_11019.npz,193386,c6adf8180a5a7c3f5ae4b08a51a541394f13f04a02d1059b12ab7db4d52cd149
11020,work/applause_dr4_tierA_busko_source_census_v094b/source_scan_minimal_npz/scan_11020.npz,193832,1df9410c7b647d6708b6e7ef3fb5ccbc4ec1f7681f6e0622852666a639c15304
11021,work/applause_dr4_tierA_busko_source_census_v094b/source_scan_minimal_npz/scan_11021.npz,161828,1d6c878859122cba1c1cc2ce5dd14a56b6563dccfd48699c416814a990ee8691
11022,work/applause_dr4_tierA_busko_source_census_v094b/source_scan_minimal_npz/scan_11022.npz,161690,f2f3f0a9bf2cad282ce5316b3639b14c98a7fcdc64ce2856eb632ff33379b676
11023,work/applause_dr4_tierA_busko_source_census_v094b/source_scan_minimal_npz/scan_11023.npz,184030,b1b9412296367682ed926543545541a5c3415bebb61f7f7b02d62218839f94dc
11024,work/applause_dr4_tierA_busko_source_census_v094b/source_scan_minimal_npz/scan_11024.npz,172549,5a68784c95261a94e13f8279a85b5024e7263be850f63b03855fd87e95343c50
11025,work/applause_dr4_tierA_busko_source_census_v094b/source_scan_minimal_npz/scan_11025.npz,178632,8af5324bdba91805da9475d159204493742d10cc65834836a602bb459b5e28b5
11026,work/applause_dr4_tierA_busko_source_census_v094b/source_scan_minimal_npz/scan_11026.npz,180456,d68f3051c92be204334805e03b3026dda2dd25163475aa30b3be7938efb7c9c6
11027,work/applause_dr4_tierA_busko_source_census_v094b/source_scan_minimal_npz/scan_11027.npz,205521,d3e202d88e2bdd1e2402c398bbcd2b493fe214a288864d84589e16357d2c9577
11028,work/applause_dr4_tierA_busko_source_census_v094b/source_scan_minimal_npz/scan_11028.npz,188503,946019eea58365cfe462bd944973363eda8cd92616900dbb4e0cd832e3ade32f
11037,work/applause_dr4_tierA_busko_source_census_v094b/source_scan_minimal_npz/scan_11037.npz,198773,4b85bd5da709ea29561741ff750858df3c10a1947706f0faec3233139295dd86
11038,work/applause_dr4_tierA_busko_source_census_v094b/source_scan_minimal_npz/scan_11038.npz,193609,0834aae5576413491d135407adcfa1203990902b9c011b6a1fee87f96df9e64d
11039,work/applause_dr4_tierA_busko_source_census_v094b/source_scan_minimal_npz/scan_11039.npz,190068,8239fda74cc6fd1f94d83b1b764acc841e94b9faab0c64f1db37d3396b164db1
11040,work/applause_dr4_tierA_busko_source_census_v094b/source_scan_minimal_npz/scan_11040.npz,175086,225e261efdfe04064d592f05908feb53b6e1e753adfe99f87d2951e3cd68eecd
11041,work/applause_dr4_tierA_busko_source_census_v094b/source_scan_minimal_npz/scan_11041.npz,191201,6a988b75382df387e616b44b098da0ea810bad2b3beda1857063c0d6027f8ad3
11042,work/applause_dr4_tierA_busko_source_census_v094b/source_scan_minimal_npz/scan_11042.npz,188585,f07160e3912fd7cac4d1da9737af27527f9598543e9d298f1bfc27c33b6b1862
11043,work/applause_dr4_tierA_busko_source_census_v094b/source_scan_minimal_npz/scan_11043.npz,209976,0cb0a2cb3d5e7d2d4f865b4f5449b44ea36821134cb59b902d5b96a2ad015768
11044,work/applause_dr4_tierA_busko_source_census_v094b/source_scan_minimal_npz/scan_11044.npz,218228,1dad6a84bebe6cc704abbd596cc523b7e364ef703d45b7d6eabafccd228055a1
11045,work/applause_dr4_tierA_busko_source_census_v094b/source_scan_minimal_npz/scan_11045.npz,172212,cd6c6b61f80df4df9ab5d984db695b447257530adcbb0ece101d5ea0e59fce15
11046,work/applause_dr4_tierA_busko_source_census_v094b/source_scan_minimal_npz/scan_11046.npz,141098,e2392967e181cea6d7ccf4978755c629611ce06a48466e210bd525d2d70debac
11047,work/applause_dr4_tierA_busko_source_census_v094b/source_scan_minimal_npz/scan_11047.npz,231317,473461016825172f7771884f03e81d43f96f152a4302f96cc7b9f2916b7666c2
11048,work/applause_dr4_tierA_busko_source_census_v094b/source_scan_minimal_npz/scan_11048.npz,202510,4bd5303e904ab9ff3609d3a9683929aa68b357f3d5ff4199de859adf9ffa7171
11049,work/applause_dr4_tierA_busko_source_census_v094b/source_scan_minimal_npz/scan_11049.npz,152318,56234f44a368ff29f1f334eda4bd978496b8142eb3cf0c1f55768d735687699c
11050,work/applause_dr4_tierA_busko_source_census_v094b/source_scan_minimal_npz/scan_11050.npz,128239,c12b112a4eb91578a46d686ca1e97338ff15987ae07449640244677a9f3049f2
11051,work/applause_dr4_tierA_busko_source_census_v094b/source_scan_minimal_npz/scan_11051.npz,167954,d41b6f903670a68120c446591da7f12ee08daa04e34579eff8f1ec1a8022bf3c
11052,work/applause_dr4_tierA_busko_source_census_v094b/source_scan_minimal_npz/scan_11052.npz,158487,d457528a19f789b769b21ad5ca77f0b730207084d75f77dd349183b60f363ca7
11053,work/applause_dr4_tierA_busko_source_census_v094b/source_scan_minimal_npz/scan_11053.npz,203294,8889a2b8a405168bfd4b5e8332b10d7d9551389cf06a45fda357b420bad094d0
11054,work/applause_dr4_tierA_busko_source_census_v094b/source_scan_minimal_npz/scan_11054.npz,194701,b72625f1bb65a77cea1c8ce6842830e0b5b048ac925bc007e1338db570e50614
11055,work/applause_dr4_tierA_busko_source_census_v094b/source_scan_minimal_npz/scan_11055.npz,189566,3ddd2000dbd123acb64fec69b916c466d5bf910d911451f5d6cdbb6af5646085
11056,work/applause_dr4_tierA_busko_source_census_v094b/source_scan_minimal_npz/scan_11056.npz,177884,818660d416867900e19bfba784fc395587a74d04eea139515d5bf128db2cdfc7
11057,work/applause_dr4_tierA_busko_source_census_v094b/source_scan_minimal_npz/scan_11057.npz,216747,1345c06ba79d5684e263bd909f14e4f5b94305471810b310d40a1b4dea69c4e3
11058,work/applause_dr4_tierA_busko_source_census_v094b/source_scan_minimal_npz/scan_11058.npz,219261,0b6f8b3d5609242fe411ded11780e7faae78702ada97881b998bb24ea31395d5
11065,work/applause_dr4_tierA_busko_source_census_v094b/source_scan_minimal_npz/scan_11065.npz,126678,9149a4b63ce127f93c70c27ffd35e5525503adaddf29c85a127dbd38c5b6f3a8
11066,work/applause_dr4_tierA_busko_source_census_v094b/source_scan_minimal_npz/scan_11066.npz,127350,091febf20ea783551feb892c5eac60ce391470ff9f265ab31e7e2322de9737ab
11067,work/applause_dr4_tierA_busko_source_census_v094b/source_scan_minimal_npz/scan_11067.npz,165563,020e4d7a9a743bd15e944c8287056ade8bc92d08b5191306a248970a37d48104
11068,work/applause_dr4_tierA_busko_source_census_v094b/source_scan_minimal_npz/scan_11068.npz,167664,cc13b5deab785bb253bacfe281c7e45e6a69425086b8cedfb917a6fd84db7d8a
11069,work/applause_dr4_tierA_busko_source_census_v094b/source_scan_minimal_npz/scan_11069.npz,123237,457f01d530726db04c406b70b9e23d1252d98fb2d526f092f68a1cfd41f47577
11070,work/applause_dr4_tierA_busko_source_census_v094b/source_scan_minimal_npz/scan_11070.npz,128867,f25d01624b176f88087d49a7cab1c483c103ecebc071bdd7ca75d605d8460584
11071,work/applause_dr4_tierA_busko_source_census_v094b/source_scan_minimal_npz/scan_11071.npz,122457,e05b3aef1a7abf0b894da573b345a2146a9cd18b009820e6eaa231486fc16469
11072,work/applause_dr4_tierA_busko_source_census_v094b/source_scan_minimal_npz/scan_11072.npz,127485,8c52172c9f0a84ce68234d3fea10d3ae9c19e7b8a8119bc600419887ab7602b1
11073,work/applause_dr4_tierA_busko_source_census_v094b/source_scan_minimal_npz/scan_11073.npz,145524,ec02f4dc07b46b37801bd2881b7399d4393aa46f8b90bac64df86207f060b494
11074,work/applause_dr4_tierA_busko_source_census_v094b/source_scan_minimal_npz/scan_11074.npz,138420,760785e0d8c3fee7535a5011396283b321712ea15a14d67658466c526d9503a0
11075,work/applause_dr4_tierA_busko_source_census_v094b/source_scan_minimal_npz/scan_11075.npz,132660,1a1e6b131bd13a8d2e81c17f12dfdce5b278e9498bd39654b366d655faba952e
11076,work/applause_dr4_tierA_busko_source_census_v094b/source_scan_minimal_npz/scan_11076.npz,133288,9f1da4d84399719bb1565995dd6cbd492a0a49c70092d79e2ae77a615b7dcb9f
11105,work/applause_dr4_tierA_busko_source_census_v094b/source_scan_minimal_npz/scan_11105.npz,4662687,09cbb8c70ea81fcdd2d56d55e6351b5a23be8c63828c7569397f9888082da3e0
11106,work/applause_dr4_tierA_busko_source_census_v094b/source_scan_minimal_npz/scan_11106.npz,4639294,9217f4cc1f89dadceb69c816dade89c3533f9efaad7b5ae75d5231226a81b8da
11107,work/applause_dr4_tierA_busko_source_census_v094b/source_scan_minimal_npz/scan_11107.npz,3784006,e2ab394e0882395c5c0ac647aa5fa9d6d22342b285a00a229687b5b8700090ee
11108,work/applause_dr4_tierA_busko_source_census_v094b/source_scan_minimal_npz/scan_11108.npz,3741560,78988d28a0317ba1c68e516c96f8a6557aa96a11c2992ee153abe0809d2f66d3
11121,work/applause_dr4_tierA_busko_source_census_v094b/source_scan_minimal_npz/scan_11121.npz,2319325,ea5cd5a7eba2a752b82a2ae06bf8d5c97f54c549a60f5ec9ec524bb9652e5949
11122,work/applause_dr4_tierA_busko_source_census_v094b/source_scan_minimal_npz/scan_11122.npz,4463361,d28c3c16420299cda027f49e4d3bff13ac50bc190ad20191be31405658c0da52
11123,work/applause_dr4_tierA_busko_source_census_v094b/source_scan_minimal_npz/scan_11123.npz,4446803,dbed39ccbaf5f76221e28b05526cf639daa7fd906217ac975cdce678abe3bb9a
11124,work/applause_dr4_tierA_busko_source_census_v094b/source_scan_minimal_npz/scan_11124.npz,4962577,c0e98b78c2308484cfc74db4e09cada416f0f513d5f6597d16f5372691b3ff8e
11125,work/applause_dr4_tierA_busko_source_census_v094b/source_scan_minimal_npz/scan_11125.npz,4903226,2d73cc0cae753d57c9809dbb26164c680d8313885201e5e28614bed5d02c75c5
11134,work/applause_dr4_tierA_busko_source_census_v094b/source_scan_minimal_npz/scan_11134.npz,3847618,1728aeaf82c74837602af7c2bf946313a48e3c8a0e5672d828921539a17eb419
11135,work/applause_dr4_tierA_busko_source_census_v094b/source_scan_minimal_npz/scan_11135.npz,3829313,5705cd6306b88e82b0a650f5125fb7009a6f82ab34dbb82c1c3fcdd0f9dbbece
11136,work/applause_dr4_tierA_busko_source_census_v094b/source_scan_minimal_npz/scan_11136.npz,3905451,49dccf1a91b16772442fd4c1ca893307fefaf0390ba9e370757811c0ee35d62f
11137,work/applause_dr4_tierA_busko_source_census_v094b/source_scan_minimal_npz/scan_11137.npz,3914327,63c7f8ae603e11efd2dfdb043a3e5753a1968278354c313edf6fd2abb6702e92
11160,work/applause_dr4_tierA_busko_source_census_v094b/source_scan_minimal_npz/scan_11160.npz,4593666,06d6a321a194fb20f5ee7e6185001e88f61704452f9bba9b07e123eaab26b684
11161,work/applause_dr4_tierA_busko_source_census_v094b/source_scan_minimal_npz/scan_11161.npz,4861974,a7088661a35aecebdf87d3cb485e6a89012b3381033676250ab0a199f553959b
11162,work/applause_dr4_tierA_busko_source_census_v094b/source_scan_minimal_npz/scan_11162.npz,4695504,9cf95adca48cc5808764d1ab32e39afcd1ffc9abaf8f12553be45ccdab5df79b
11163,work/applause_dr4_tierA_busko_source_census_v094b/source_scan_minimal_npz/scan_11163.npz,4633083,9073c8e4613b8e29c2bcb1e5f77fe8058c98028217fb6dca817b7d4ccb7bec34
11164,work/applause_dr4_tierA_busko_source_census_v094b/source_scan_minimal_npz/scan_11164.npz,4868156,3b98330b296bed0f6c631dcce6ed77135af72994ef5fe8ecdff4cbe16008b0b2
11165,work/applause_dr4_tierA_busko_source_census_v094b/source_scan_minimal_npz/scan_11165.npz,4824070,6b7facc5a155151b78d1e5c9187f4a41c50691c1556d11dbe767036cb393974c
11186,work/applause_dr4_tierA_busko_source_census_v094b/source_scan_minimal_npz/scan_11186.npz,3553884,8da4042f6f17966bca5cfd1fc0dfd87361fc702f528846bfba8417d6f8e9b61a
11187,work/applause_dr4_tierA_busko_source_census_v094b/source_scan_minimal_npz/scan_11187.npz,3553640,44012792ed7969219ecf15a8cefcdaff83827b6bb63564377d759b3f724f2af9
11188,work/applause_dr4_tierA_busko_source_census_v094b/source_scan_minimal_npz/scan_11188.npz,4258858,a2a1452a2a203b311ccefd6d114b7b9d2bccbe17268f2012e92da91fda95a57b
11189,work/applause_dr4_tierA_busko_source_census_v094b/source_scan_minimal_npz/scan_11189.npz,4236753,048eaa64ab85663a052aee5a56dcbde5e44a0941a429a36ff937b882c6563399
11190,work/applause_dr4_tierA_busko_source_census_v094b/source_scan_minimal_npz/scan_11190.npz,4409425,dff63bf9020fdc351b13cb319ad1ad51603a5334ab18655a76e070987a515b90
11191,work/applause_dr4_tierA_busko_source_census_v094b/source_scan_minimal_npz/scan_11191.npz,4348368,b1bd9d624406e0ee602738d7ea4f7131d0bcaf1908a9e9f6abd9e3400ccd35b3
11206,work/applause_dr4_tierA_busko_source_census_v094b/source_scan_minimal_npz/scan_11206.npz,4225658,fec49f91530044068d4d77f1e323ce1e001fae19faa9fcde63f6460673f58f6b
11207,work/applause_dr4_tierA_busko_source_census_v094b/source_scan_minimal_npz/scan_11207.npz,4178894,e2df00c211884cb4d5dca48a924ceb87fb5eea102c37e14522de686599195803
11208,work/applause_dr4_tierA_busko_source_census_v094b/source_scan_minimal_npz/scan_11208.npz,4652836,e1a76f2524bd78eb40ae25fb08f9f777e37972c92c35d3fcb7d30fbd7fc18af7
11209,work/applause_dr4_tierA_busko_source_census_v094b/source_scan_minimal_npz/scan_11209.npz,4609521,025fe60b2bbcea491cb32b1484b9d981353b0e58a06f9d2dcf10b91f648a446f
11210,work/applause_dr4_tierA_busko_source_census_v094b/source_scan_minimal_npz/scan_11210.npz,4717432,c7cfa9c56c68f33322ff3730c33d108eedfc00a51ca75715ec2fad5cf2e4eb23
11211,work/applause_dr4_tierA_busko_source_census_v094b/source_scan_minimal_npz/scan_11211.npz,4655433,950a73e03144f36582ec33fa23ba251fadb9d0e228aa0df0b357284edf47e74b
11224,work/applause_dr4_tierA_busko_source_census_v094b/source_scan_minimal_npz/scan_11224.npz,3849133,c87924104886d618bb8b1e2d03504719fd122f8e407fbd0db9b11b088b1eb2b1
11225,work/applause_dr4_tierA_busko_source_census_v094b/source_scan_minimal_npz/scan_11225.npz,3795528,83b611ee32e793b927dc2b04e18c04e380cd34726f9352174b23c37feea9b6d2
11226,work/applause_dr4_tierA_busko_source_census_v094b/source_scan_minimal_npz/scan_11226.npz,4257566,96e9d2c37c14cdd276b64918f5d6f5ca1b18d0b80e572c04bcdfa4c5444f2bc4
11227,work/applause_dr4_tierA_busko_source_census_v094b/source_scan_minimal_npz/scan_11227.npz,4200117,4b94aaab4cec8636ed1918f4af0a6f9302930ec50425bff1cb4d0a123928572c
11228,work/applause_dr4_tierA_busko_source_census_v094b/source_scan_minimal_npz/scan_11228.npz,4740667,0047475bd3f60e49f909f53335693243c707be32d2944f387e9466e27525eefc
11229,work/applause_dr4_tierA_busko_source_census_v094b/source_scan_minimal_npz/scan_11229.npz,4666834,2712d98f41650c493716bd8cc59336f387135f01d0d80a4370f5e48fb090cbb4
11236,work/applause_dr4_tierA_busko_source_census_v094b/source_scan_minimal_npz/scan_11236.npz,3332445,952f38c940b39687cc4a30f933b149cbc91c5c97eeb842102f6c094bad41b874
11237,work/applause_dr4_tierA_busko_source_census_v094b/source_scan_minimal_npz/scan_11237.npz,3305323,9fc70b89df1bcebbddf98e58b393dd314a2614ca34508636a64935f3983bab3a
11238,work/applause_dr4_tierA_busko_source_census_v094b/source_scan_minimal_npz/scan_11238.npz,3534873,0edc4fa481c1e191d09506fa808146c8074bdd836fdff43f1e8abef1a7ffd7e0
11239,work/applause_dr4_tierA_busko_source_census_v094b/source_scan_minimal_npz/scan_11239.npz,3474468,ce62f0dc11c66ba92cd9add964558bcea0f0a9b7eda0afd5fba4d85a4746b65b
11240,work/applause_dr4_tierA_busko_source_census_v094b/source_scan_minimal_npz/scan_11240.npz,2622026,e56eb25dc12a24c180f5b036093c5ddba2e8a8a32229d095c48ccaea4eaf4466
11241,work/applause_dr4_tierA_busko_source_census_v094b/source_scan_minimal_npz/scan_11241.npz,3159123,0ede90708629461ea5001265c4f62cb540b0b401c0ab0f92e92f03712453d8c0
11242,work/applause_dr4_tierA_busko_source_census_v094b/source_scan_minimal_npz/scan_11242.npz,4132299,991ec4c7203caac07a0cc814af41a7547c89d0dac16a8cf40cf4912edec47a7a
11243,work/applause_dr4_tierA_busko_source_census_v094b/source_scan_minimal_npz/scan_11243.npz,4151679,f2990ef01d0a06bb48975d95ac536486d0bc9a0890099bc91026d90a9e0674a8
11281,work/applause_dr4_tierA_busko_source_census_v094b/source_scan_minimal_npz/scan_11281.npz,888071,323aab4a01a1e4cedffbe982ccd53cf336ae42d083fa2c3c1923c08fda2aabd5
11282,work/applause_dr4_tierA_busko_source_census_v094b/source_scan_minimal_npz/scan_11282.npz,865099,1bd1fa8867c9722cd62489a1076982893bf0d74b56473379f3d211f80abbe2bc
11293,work/applause_dr4_tierA_busko_source_census_v094b/source_scan_minimal_npz/scan_11293.npz,906300,7605a3cbf99b161524a992b7c7647d6e348816b6da040588e7c38bb741143b1d
11294,work/applause_dr4_tierA_busko_source_census_v094b/source_scan_minimal_npz/scan_11294.npz,896221,d8448657709a86a66c1e327afff82a6c2c515da85c4afa83a13292d074cb99ec
11301,work/applause_dr4_tierA_busko_source_census_v094b/source_scan_minimal_npz/scan_11301.npz,755472,61858c8b842543c78c4ea944beb705ebb68fb03218a9a7e46b2a351e6eaafff9
11302,work/applause_dr4_tierA_busko_source_census_v094b/source_scan_minimal_npz/scan_11302.npz,754092,585941676b88e3e53804b04226661b83bfedda1d829f8fd10717248d309b66eb
11357,work/applause_dr4_tierA_busko_source_census_v094b/source_scan_minimal_npz/scan_11357.npz,417163,592b99ded27ab018d537d77fbe96331e8521ed9dc185fe1d5ebe5f557e5945a3
11358,work/applause_dr4_tierA_busko_source_census_v094b/source_scan_minimal_npz/scan_11358.npz,429167,e4323d04c6cf7d3029496f2083be5ced7ebe79984c6c830b2728a29ebae8bd5f
11359,work/applause_dr4_tierA_busko_source_census_v094b/source_scan_minimal_npz/scan_11359.npz,220581,553f5145d2dc96ea1f46b74f456c5686db0fb0a62c8884251543f1830b4bd44b
11360,work/applause_dr4_tierA_busko_source_census_v094b/source_scan_minimal_npz/scan_11360.npz,184539,54b1ff1c9b486dd4a0abf01b512af9af4fa1f62312520a7cb1ea71113cf21d71
11361,work/applause_dr4_tierA_busko_source_census_v094b/source_scan_minimal_npz/scan_11361.npz,138450,bd7f56eed64c42b7beddb4f388ab4cfa5cb5a0e45ef3ef85a034eef06ce38f65
11362,work/applause_dr4_tierA_busko_source_census_v094b/source_scan_minimal_npz/scan_11362.npz,148009,cdd5d3ee6edcf7d489df31590a138a283d5f7033dc19705cb00980b41918bdb7
11363,work/applause_dr4_tierA_busko_source_census_v094b/source_scan_minimal_npz/scan_11363.npz,157142,c7dfe552c49a5b0c378b462d60c25425abdba85a8ab10f6f08025bca105f5e4f
11364,work/applause_dr4_tierA_busko_source_census_v094b/source_scan_minimal_npz/scan_11364.npz,134265,2659f12cfbe8c18fe1413060c36bd190f481112c33092ba7fc7aaf8765a7891d
11365,work/applause_dr4_tierA_busko_source_census_v094b/source_scan_minimal_npz/scan_11365.npz,160421,d94509b20b8680aa9a4e4cc597ce1930a16017bdbe059dafa3dc66425e4e3b8a
11366,work/applause_dr4_tierA_busko_source_census_v094b/source_scan_minimal_npz/scan_11366.npz,151839,0a6d8cb25f85fd6bb9ebfff4ea03c4c68f3b7bd4cdf6267b424bdb0a2e6e4a03
11367,work/applause_dr4_tierA_busko_source_census_v094b/source_scan_minimal_npz/scan_11367.npz,134841,366bd7e92c7abfd28e39daf922449f5320e031759460b0b9b6a49aa2904484e8
11368,work/applause_dr4_tierA_busko_source_census_v094b/source_scan_minimal_npz/scan_11368.npz,144253,0ef81a3eff63aa696e00b5fd6509231dfd932017b070fcc5dc1e73a8fc064912
11432,work/applause_dr4_tierA_busko_source_census_v094b/source_scan_minimal_npz/scan_11432.npz,3787361,3b7d4116d92eba1a3bde230478c2687d955325e52ca43502b470be34394bec04
11433,work/applause_dr4_tierA_busko_source_census_v094b/source_scan_minimal_npz/scan_11433.npz,3793997,fba9cdca332fc9d7345414d63acbd13508ba22cc0787c133becbb649eef5856a
11434,work/applause_dr4_tierA_busko_source_census_v094b/source_scan_minimal_npz/scan_11434.npz,3636914,4834336660f6884bd99c06a2acd1642b948c94d060955710b46b51e5d611989f
11435,work/applause_dr4_tierA_busko_source_census_v094b/source_scan_minimal_npz/scan_11435.npz,3604641,4b9b43df2f6ed2945a928ef2d9ab9c98ecefdc5b10e1021c339992d560aede22
11454,work/applause_dr4_tierA_busko_source_census_v094b/source_scan_minimal_npz/scan_11454.npz,4506663,1b87618241d6a72388281f4c35c11e017f8489cd684779f57cad170b16dc72d2
11455,work/applause_dr4_tierA_busko_source_census_v094b/source_scan_minimal_npz/scan_11455.npz,4513691,b39770eede5985044ccab0850d599eda76685b930634982756634d2dcf236d18
11456,work/applause_dr4_tierA_busko_source_census_v094b/source_scan_minimal_npz/scan_11456.npz,3087814,7ec5b1fd9beb4e43e84bd525072221f64227e1b43d13a2ee4f185f5f3d22ce82
11457,work/applause_dr4_tierA_busko_source_census_v094b/source_scan_minimal_npz/scan_11457.npz,3096896,713a6ef2bd0a7107ea6ee885b03c2958da1d1d0944583ae2ea53c47dd992d6a1
11597,work/applause_dr4_tierA_busko_source_census_v094b/source_scan_minimal_npz/scan_11597.npz,5227478,6209d7a2209f9495a5d349bf2786a13e7f0dfa663adb3aa566656360175aa934
11598,work/applause_dr4_tierA_busko_source_census_v094b/source_scan_minimal_npz/scan_11598.npz,5136522,c8a57f55f529f36b48887ae24487ee706a50d982122559b8e4b1ac0206e4b9b9
11599,work/applause_dr4_tierA_busko_source_census_v094b/source_scan_minimal_npz/scan_11599.npz,5256154,c2aed1835fc237d77cd7fe6f8297c56646b94f22fc3c982f3b0fe0b2d06929f4
11600,work/applause_dr4_tierA_busko_source_census_v094b/source_scan_minimal_npz/scan_11600.npz,5136764,c4f7d24cefa29da292b40a8b52377cbe53afdcc59ac35d83ab94fa56322a10dc
11615,work/applause_dr4_tierA_busko_source_census_v094b/source_scan_minimal_npz/scan_11615.npz,4950998,fbd7068e67ad9874bcdb1314a4247331c686c605b5d2c7658984b70f93d6a836
11616,work/applause_dr4_tierA_busko_source_census_v094b/source_scan_minimal_npz/scan_11616.npz,4851377,6b4b5c6128447c7bce6d3ab8782a52cbca0a0e2749e1428fd91df37d9b789895
11617,work/applause_dr4_tierA_busko_source_census_v094b/source_scan_minimal_npz/scan_11617.npz,4989970,99ed3dde1ffe3da29065b123653554262b8f37322a055c24bd7e75107f6f8c9e
11618,work/applause_dr4_tierA_busko_source_census_v094b/source_scan_minimal_npz/scan_11618.npz,4929475,3162a3968181e3c14ff72606c7ef123048ae1531efef6ab664d9609afc08659c
11619,work/applause_dr4_tierA_busko_source_census_v094b/source_scan_minimal_npz/scan_11619.npz,5128541,2bea9658757441af17a7fbce4a064c799949d3958a7548775d349df3f719415a
11620,work/applause_dr4_tierA_busko_source_census_v094b/source_scan_minimal_npz/scan_11620.npz,5055785,0b702b2e86643a785b52955006a46f6ffae0472aba76ad8a5720ce7666575545
11621,work/applause_dr4_tierA_busko_source_census_v094b/source_scan_minimal_npz/scan_11621.npz,4479715,13ca0cc2ea4cce7bd858217031a1c1640aa48a7894afc3e4bb3e6493b22b78bc
12608,work/applause_dr4_tierA_busko_source_census_v094b/source_scan_minimal_npz/scan_12608.npz,1747640,7300cecb63ff1c28e0dfdcf579878db5d4593f8e473ce166f5c4a833b7bf14e5
12609,work/applause_dr4_tierA_busko_source_census_v094b/source_scan_minimal_npz/scan_12609.npz,1668967,9e5d9e4c360c243c46cbad6e867e2c0a974de716c601a6882215f1030b140838
12612,work/applause_dr4_tierA_busko_source_census_v094b/source_scan_minimal_npz/scan_12612.npz,1730718,451d47aa489b4bc8444fe236753bd8b1fb3b3bbbb69a71e889d67bbbb4d94dc4
12613,work/applause_dr4_tierA_busko_source_census_v094b/source_scan_minimal_npz/scan_12613.npz,1797583,916fc57a031bd96e2306a8d36a5fe18e9b9584603b12d8fc887737b64d2cd030
12614,work/applause_dr4_tierA_busko_source_census_v094b/source_scan_minimal_npz/scan_12614.npz,1383435,c9d6a70957ffb0b83341369b4695a80f12dcf3dcc384a8d5b7acd741d9eeabff
12615,work/applause_dr4_tierA_busko_source_census_v094b/source_scan_minimal_npz/scan_12615.npz,1410668,18803e3c42c9363cae3f73a1a76196e6055035d97c09b7186e672de5b55bb827
12616,work/applause_dr4_tierA_busko_source_census_v094b/source_scan_minimal_npz/scan_12616.npz,1349494,679762ae7e5a69496f463506e2b56115a1b1bcd936c0213e98e495d85fea0ca0
12617,work/applause_dr4_tierA_busko_source_census_v094b/source_scan_minimal_npz/scan_12617.npz,1348002,966bc96f5d9aefeb06017350534d743c80a62820634cdfc1341a8b21a2ecc230
12618,work/applause_dr4_tierA_busko_source_census_v094b/source_scan_minimal_npz/scan_12618.npz,1413792,bc90681ab974f09cd556a2b98978e3070a312d7e9656f0dbf9578d694eef8352
12619,work/applause_dr4_tierA_busko_source_census_v094b/source_scan_minimal_npz/scan_12619.npz,1477064,286e71e26e2d3203705ebe8bcc4057ab1a66e633b7d343468ae43aaf2a1c0305
12620,work/applause_dr4_tierA_busko_source_census_v094b/source_scan_minimal_npz/scan_12620.npz,1240811,c76349007a0f74a1e564c3e0190c3c84cf6119f902bdc226edb5674d8d1aab39
12621,work/applause_dr4_tierA_busko_source_census_v094b/source_scan_minimal_npz/scan_12621.npz,1265975,589e5bd5f3d18b79d1440c32772e6e892fd2d2ccb74d89c69e4d3b27721f7ba4
12622,work/applause_dr4_tierA_busko_source_census_v094b/source_scan_minimal_npz/scan_12622.npz,1102791,d252237bc6c683e128d4a179afa8dcefbc3f430f3bf1a5638a66184836415294
12623,work/applause_dr4_tierA_busko_source_census_v094b/source_scan_minimal_npz/scan_12623.npz,1095723,a21f544096d8011f6036605b5b203b07e581c0a8169a44a0c83be68dc0fc6908
12624,work/applause_dr4_tierA_busko_source_census_v094b/source_scan_minimal_npz/scan_12624.npz,1134015,39bc8907d6a2500ea78f537c9d27f3394b1600d18ca09e34fc16064f12bdaa78
12625,work/applause_dr4_tierA_busko_source_census_v094b/source_scan_minimal_npz/scan_12625.npz,1135052,3c26cf5d17f4671c5e6abef7316e6e5160e68b784a1f02c97e4045c37cc2bc8e
12626,work/applause_dr4_tierA_busko_source_census_v094b/source_scan_minimal_npz/scan_12626.npz,1004552,3685cb596e6604bf7ab2125aa65afd77c85fea39690d9c7f3633460515f06de2
12627,work/applause_dr4_tierA_busko_source_census_v094b/source_scan_minimal_npz/scan_12627.npz,1007835,b040fc963e63ed3c5c84be98d1c68f0bfc2050e95877de33add92b3c9018ea9e
12634,work/applause_dr4_tierA_busko_source_census_v094b/source_scan_minimal_npz/scan_12634.npz,1055213,21470692f10f61284b7c8735a7ddf64ce0cf986151b7ec0dca0cb185f207e2e3
12635,work/applause_dr4_tierA_busko_source_census_v094b/source_scan_minimal_npz/scan_12635.npz,962997,81c24802e724d51014696184828a80f5108ea333c506f0ef23c80820d504ade4
12636,work/applause_dr4_tierA_busko_source_census_v094b/source_scan_minimal_npz/scan_12636.npz,435327,65bf3f4b0ae1d286badfb03942c3e0a2855d698cf690227653073ed3ed6d6015
12637,work/applause_dr4_tierA_busko_source_census_v094b/source_scan_minimal_npz/scan_12637.npz,428926,45291101032f79dc4ef0ca7de7274681552877cea8b614af6af6168b35e07d04
12638,work/applause_dr4_tierA_busko_source_census_v094b/source_scan_minimal_npz/scan_12638.npz,914972,96ca03826c222b64f7155d924860d1935f65bc07feb1d6e94cb0975d503ab0cc
12639,work/applause_dr4_tierA_busko_source_census_v094b/source_scan_minimal_npz/scan_12639.npz,905793,003e64189f13c1601cc7319c4dd5bb98ab1cb21d947edafde6a0c179782a5eb3
12640,work/applause_dr4_tierA_busko_source_census_v094b/source_scan_minimal_npz/scan_12640.npz,923119,59b2214b5c5cc6fe9aeca2710298c6c4f410c3ae770a7b1a291154b3ea4514fe
12641,work/applause_dr4_tierA_busko_source_census_v094b/source_scan_minimal_npz/scan_12641.npz,944815,f4d403d791ea0704a629fdc950f76de49a9cdd3dd87a16bef90087828dc1a331
12644,work/applause_dr4_tierA_busko_source_census_v094b/source_scan_minimal_npz/scan_12644.npz,53009,8e1ccd91bd9ddad9c1844dd01a100c6c89f972035b84173ac49c41bf393c2614
12645,work/applause_dr4_tierA_busko_source_census_v094b/source_scan_minimal_npz/scan_12645.npz,59682,f1cbc06114082b0cff9c7e5cb7999e5c0fc6db94191a43c68d763d35e59e3ba2
12646,work/applause_dr4_tierA_busko_source_census_v094b/source_scan_minimal_npz/scan_12646.npz,43110,4a6fda8e6875eb91d8299ab78b1107edcc0a3bd3bca82a553b630cb46a5f9810
12647,work/applause_dr4_tierA_busko_source_census_v094b/source_scan_minimal_npz/scan_12647.npz,43565,93cc3f140b1745bc6032c9e0a747c477984dd72173404bec8879dee38f23bd49
12698,work/applause_dr4_tierA_busko_source_census_v094b/source_scan_minimal_npz/scan_12698.npz,1101794,4c0a95013752e9bd2be05689399d739efcef6dc1843781123803cd73dd117f86
12699,work/applause_dr4_tierA_busko_source_census_v094b/source_scan_minimal_npz/scan_12699.npz,1192193,56e668687037f7c78c94d423196a462fc0568bc692810b5ff3f6f7e846d184d6
12700,work/applause_dr4_tierA_busko_source_census_v094b/source_scan_minimal_npz/scan_12700.npz,984119,ade0f89a8b1253137e62c043c9acb9ddbd3afedae8de03ae802c89430aea7c25
12701,work/applause_dr4_tierA_busko_source_census_v094b/source_scan_minimal_npz/scan_12701.npz,967521,9be5abe06ee22c688ad1534b66c546c5c522d16118403de1b7c7e35363cbaf7a
12714,work/applause_dr4_tierA_busko_source_census_v094b/source_scan_minimal_npz/scan_12714.npz,903692,e5b7c6ee3600c5e9e2828b40f3eb9704ba3b14fb51d0383490075567401d0a80
12715,work/applause_dr4_tierA_busko_source_census_v094b/source_scan_minimal_npz/scan_12715.npz,923968,1e779e8118a21db8cc2cb358c38820e68469e7690985b60747ed80887f0f4abd
12716,work/applause_dr4_tierA_busko_source_census_v094b/source_scan_minimal_npz/scan_12716.npz,796740,7968634dfe62d8ac6874e242515a34814742836c748e1ff205f6b48aacc6be53
12717,work/applause_dr4_tierA_busko_source_census_v094b/source_scan_minimal_npz/scan_12717.npz,793482,6099121bb83e958fcbc552a8d4f8bbe49448f515ae50cbfc5ef868ac29486259
12720,work/applause_dr4_tierA_busko_source_census_v094b/source_scan_minimal_npz/scan_12720.npz,1021748,af27e96fa81228a9a7d4a79cd82207cee55c556c4a2086a84f7f50b62120fdae
12721,work/applause_dr4_tierA_busko_source_census_v094b/source_scan_minimal_npz/scan_12721.npz,1061737,2cba3ee4f427e770c4c0e8847c93d5575b5e925f4951994aad20a32d872489f6
12722,work/applause_dr4_tierA_busko_source_census_v094b/source_scan_minimal_npz/scan_12722.npz,999974,095cad9a8dbf96971b59774880249268e39fc6b7e0d9ce867226967720a42c1b
12723,work/applause_dr4_tierA_busko_source_census_v094b/source_scan_minimal_npz/scan_12723.npz,1017137,c1290d0aed20e708cfa6a0f9b09b9489f8a1420e230804b2fbe47611bf161ac3
12866,work/applause_dr4_tierA_busko_source_census_v094b/source_scan_minimal_npz/scan_12866.npz,2073029,5bcbe795a06fc9bb9478d65e2d287e0a5a4da8167713dcc01bc9d50f1f8d34a2
12867,work/applause_dr4_tierA_busko_source_census_v094b/source_scan_minimal_npz/scan_12867.npz,1530757,99c2ca2f434096272691682c5a660955e631be7fc8efb766771b0dad758a9df5
12868,work/applause_dr4_tierA_busko_source_census_v094b/source_scan_minimal_npz/scan_12868.npz,1536119,5dc1b2d9661594386b5f7b38b124e19a287ee3bdb1c419cf533fcaffe0109d3b
12875,work/applause_dr4_tierA_busko_source_census_v094b/source_scan_minimal_npz/scan_12875.npz,1071741,46ffad4c2fa837501c62f562f7dfa6e93e7f56a59753fdbc9633c21f1462828e
12876,work/applause_dr4_tierA_busko_source_census_v094b/source_scan_minimal_npz/scan_12876.npz,1093690,f8ab53718a5018e0d87e3bad2561066b2c7027323abf7ea379e527f44c8f9e7f
12877,work/applause_dr4_tierA_busko_source_census_v094b/source_scan_minimal_npz/scan_12877.npz,820649,4906cc13c6a2e30574f6156e7b96e5b4d882f10e52443244e7676aa008ca6593
12878,work/applause_dr4_tierA_busko_source_census_v094b/source_scan_minimal_npz/scan_12878.npz,847532,970d43555521e28f4861775eba2292a23ab4c081fb83cce115c8bb3bade59598
12879,work/applause_dr4_tierA_busko_source_census_v094b/source_scan_minimal_npz/scan_12879.npz,1012333,47c2660b55f734ddf268d4d2247115d7b73172bb087621f703767bba9a818562
12880,work/applause_dr4_tierA_busko_source_census_v094b/source_scan_minimal_npz/scan_12880.npz,939829,01ff153af0b99530b24af6c71ecd04377742fcad3ce73cb1127d866126a16cdf
12881,work/applause_dr4_tierA_busko_source_census_v094b/source_scan_minimal_npz/scan_12881.npz,1050553,140c0aa41575f47bedc989c5eea1ad27d6b60e92c2c6e80fb2e17a90d90741ff
12882,work/applause_dr4_tierA_busko_source_census_v094b/source_scan_minimal_npz/scan_12882.npz,1021701,bf73c932298cacd0e33464818506d1fc581727b0069b181f39ea31386fb19277
12883,work/applause_dr4_tierA_busko_source_census_v094b/source_scan_minimal_npz/scan_12883.npz,956922,b8415784d1b984163ff3802da5058c7addcfac90631bf8801e9ef07c32121ee0
12884,work/applause_dr4_tierA_busko_source_census_v094b/source_scan_minimal_npz/scan_12884.npz,962496,e6af401ab6ff55a2ee481e5834e88ffeb77cdcd168956d63eec25baad0951d95
12889,work/applause_dr4_tierA_busko_source_census_v094b/source_scan_minimal_npz/scan_12889.npz,970408,f80fc404e2f21e9e9dc6a077ffeeb7a09b126173124e3a37f908be76aad38a6e
12890,work/applause_dr4_tierA_busko_source_census_v094b/source_scan_minimal_npz/scan_12890.npz,979680,a5d40ca304d546685ba595e6fe76b44336fd81f9ca8e45797140a01ca15547ee
12891,work/applause_dr4_tierA_busko_source_census_v094b/source_scan_minimal_npz/scan_12891.npz,979930,3eafa76c4f638583440fe0cfe4c4fc9834a33e5c59a45db4e12c194f8eac787b
12892,work/applause_dr4_tierA_busko_source_census_v094b/source_scan_minimal_npz/scan_12892.npz,1027365,e48e22b4bc655463fdcb5e8671512cb4911ad3b5adf980c535a328a101d14368
12893,work/applause_dr4_tierA_busko_source_census_v094b/source_scan_minimal_npz/scan_12893.npz,903669,c662e121b844faa0c70430d1cff89e2f084fd52a74fc8e97d170b493ebbb9fa4
12894,work/applause_dr4_tierA_busko_source_census_v094b/source_scan_minimal_npz/scan_12894.npz,935711,2ca94935e5e110eb0dd791438ccfaaa70de22898c2469be79a61a257de6cf5db
12895,work/applause_dr4_tierA_busko_source_census_v094b/source_scan_minimal_npz/scan_12895.npz,986342,cb245a0c7413d41c7613d6a82de25026ef4b37f1f0a01ae833e8f63b66e5831b
12896,work/applause_dr4_tierA_busko_source_census_v094b/source_scan_minimal_npz/scan_12896.npz,1007142,056c6d2a2d3355a0f9daace6a30178bddc02aabf6f48f9f844744bcdb8e62599
12903,work/applause_dr4_tierA_busko_source_census_v094b/source_scan_minimal_npz/scan_12903.npz,961603,25e9cf5e2d288b51b56df9f9eda03060ae6e1cee0da1d09ccdfdb863d8224fe2
12904,work/applause_dr4_tierA_busko_source_census_v094b/source_scan_minimal_npz/scan_12904.npz,973578,069396851597182ba744e7b35cb0ba234e0e5cb0086bdab8ac7c754cc40b0b12
12905,work/applause_dr4_tierA_busko_source_census_v094b/source_scan_minimal_npz/scan_12905.npz,984353,13ea1a1cdc61810dee5b982c8aedcf1c87813a87810b429fe850ceb3c5ca2880
12906,work/applause_dr4_tierA_busko_source_census_v094b/source_scan_minimal_npz/scan_12906.npz,895560,29905e6acaa43a0c69acc8927eb7348b3b5fcc6997c364212ac440dd5ff0f1d5
12921,work/applause_dr4_tierA_busko_source_census_v094b/source_scan_minimal_npz/scan_12921.npz,1035470,4ef9cd26ffcbe0c87ab5b49f15291607e6b5c9118e2e0a26e47f966bc1c94bd1
12922,work/applause_dr4_tierA_busko_source_census_v094b/source_scan_minimal_npz/scan_12922.npz,1010488,8637a9dcc5a5db1b830c8992c910371f06cfcc4c1f7ee820a9fd3aeada142c43
12923,work/applause_dr4_tierA_busko_source_census_v094b/source_scan_minimal_npz/scan_12923.npz,922898,c1a3c336f2c87bbaabec5cb47bf34292ef7f7e77168bba53ce5e11a10c72e789
12924,work/applause_dr4_tierA_busko_source_census_v094b/source_scan_minimal_npz/scan_12924.npz,866044,e3b03db489efe81a2259ce956728e5a67210203bf1a041361c0af585ead1f29c
12925,work/applause_dr4_tierA_busko_source_census_v094b/source_scan_minimal_npz/scan_12925.npz,780000,9cd77c48ee1cc366019df1b3872e0bac8872f8af048039bb5fa1742ecb567dbd
12926,work/applause_dr4_tierA_busko_source_census_v094b/source_scan_minimal_npz/scan_12926.npz,773276,df0a5e1e4cffb11daa04bafe24978a470fa04a339c2a2c89d4b599617317fb59
12927,work/applause_dr4_tierA_busko_source_census_v094b/source_scan_minimal_npz/scan_12927.npz,817179,beb5f1cde1afc46dd8f046c6ce3109d22c21ce893c14d9eac92bb7146eb9a496
12928,work/applause_dr4_tierA_busko_source_census_v094b/source_scan_minimal_npz/scan_12928.npz,789893,075950994fe4db53dd1919571e4d4c3c901a5e56ebd4cbaaf652c1f4bd734cba
12937,work/applause_dr4_tierA_busko_source_census_v094b/source_scan_minimal_npz/scan_12937.npz,915199,8d4575664ac7c9a44324e70cfa612e6399748638115d9093e02b7e8c9024de1d
12938,work/applause_dr4_tierA_busko_source_census_v094b/source_scan_minimal_npz/scan_12938.npz,968541,3c06895eeaf81c6c29de03ec1d8227f1c1cd98565ec4dea2c17c269fcec7b3e2
12939,work/applause_dr4_tierA_busko_source_census_v094b/source_scan_minimal_npz/scan_12939.npz,835510,6916f8e9cb2d6fbd3236018e4991d012298ae33fd68058cc68d97c132dac852e
12940,work/applause_dr4_tierA_busko_source_census_v094b/source_scan_minimal_npz/scan_12940.npz,870700,a73b7b1d29557ae80fce837015d5274068fbf2a5c2c1edd5464677b047133d24
12959,work/applause_dr4_tierA_busko_source_census_v094b/source_scan_minimal_npz/scan_12959.npz,1814994,ba191ea86a4f36ac5811edbb697b288b0aa3fa27e08f072c96da2dc84d9719b9
12960,work/applause_dr4_tierA_busko_source_census_v094b/source_scan_minimal_npz/scan_12960.npz,1825766,78b10afee6691e5aeaf8dbbbb0f3f3a6b192cf8cb6411e5b1d2da0cf85ad4422
12961,work/applause_dr4_tierA_busko_source_census_v094b/source_scan_minimal_npz/scan_12961.npz,1472415,6cdeaf01e4a8d041de6ed0f8d35361d386903e0a44471f575b95ca7095e321ee
12962,work/applause_dr4_tierA_busko_source_census_v094b/source_scan_minimal_npz/scan_12962.npz,1428061,2643b9b7b5600f69bef8ba4bb34ff2c02abcdd764f1425fc84189a148a61fd18
12963,work/applause_dr4_tierA_busko_source_census_v094b/source_scan_minimal_npz/scan_12963.npz,1320135,5acef2d2e83284101c14df7770d458ab432c3fb766f8de6493c8b05f16c6aba7
12964,work/applause_dr4_tierA_busko_source_census_v094b/source_scan_minimal_npz/scan_12964.npz,1334283,81109c79c8915ce4ac5218cab19bd3acf1deba5f4f81d6750d2d97b10a8f3eda
12965,work/applause_dr4_tierA_busko_source_census_v094b/source_scan_minimal_npz/scan_12965.npz,1212299,61819bf20bc05a2ece42b91bbfd45e726d3c2a9af9b42271a2cbc74359f3dc17
12966,work/applause_dr4_tierA_busko_source_census_v094b/source_scan_minimal_npz/scan_12966.npz,1236675,5817b4904efde1140b46570c0e097b86a3c600ec54156794ab411dcdb66615e9
13023,work/applause_dr4_tierA_busko_source_census_v094b/source_scan_minimal_npz/scan_13023.npz,3293728,63bba823a1509050b092ead9c33dad9083379ab30b7b8e8070eb3596915a6aad
13090,work/applause_dr4_tierA_busko_source_census_v094b/source_scan_minimal_npz/scan_13090.npz,578633,0ec299070bab2c299b17559b7e05914bcfe8b33d7300aef686b6cb5744e7be2f
13091,work/applause_dr4_tierA_busko_source_census_v094b/source_scan_minimal_npz/scan_13091.npz,582766,52d8295143121a8a6607439b6d4cb2c25642e7076c7fef1ed1f26b63c5d672f4
13092,work/applause_dr4_tierA_busko_source_census_v094b/source_scan_minimal_npz/scan_13092.npz,637928,11d5c113bf25981defbb265af4aba25fb397317fcf31170c9981028612e2712c
13093,work/applause_dr4_tierA_busko_source_census_v094b/source_scan_minimal_npz/scan_13093.npz,647930,2458cf2527f37b8238a0069aa91f6d25aedbbda27399e41798012b97f28041bf
13172,work/applause_dr4_tierA_busko_source_census_v094b/source_scan_minimal_npz/scan_13172.npz,1769355,5fceb23f2ae123b8c00ef540d1f8494ab4fe6fd07f73b020981f509fa585f541
13173,work/applause_dr4_tierA_busko_source_census_v094b/source_scan_minimal_npz/scan_13173.npz,1783220,8623ae0721f1fdd107bc4edef71baedda5bbeb225c5ed16d2868e3913a4ad0c3
13174,work/applause_dr4_tierA_busko_source_census_v094b/source_scan_minimal_npz/scan_13174.npz,1289603,18226bddcca2f93ec8516aa19e73a441c116c5dc49a96ccc6e0c16d4972cc328
13175,work/applause_dr4_tierA_busko_source_census_v094b/source_scan_minimal_npz/scan_13175.npz,1311308,0b9426e3edca96e54aa9c78f3089799a04b0675e2aaf146cdef71462f6dfb7f4
13176,work/applause_dr4_tierA_busko_source_census_v094b/source_scan_minimal_npz/scan_13176.npz,1071529,26afd7d1a7bbf7576cf17c3560c2d565bb25d511f626f8182433b56455fe480a
13177,work/applause_dr4_tierA_busko_source_census_v094b/source_scan_minimal_npz/scan_13177.npz,1063334,26f117a9ce0c13a7180e0bd01804d412b4668802722b22c91d49c1988e44038e
13178,work/applause_dr4_tierA_busko_source_census_v094b/source_scan_minimal_npz/scan_13178.npz,920791,7a17bbb5cfe4a772a9f9bc6ab1bf26a38f44c23533386b8b41fd2fd3e2b8da14
13179,work/applause_dr4_tierA_busko_source_census_v094b/source_scan_minimal_npz/scan_13179.npz,1482806,0db4989b63b8a0b69a1f35d52e5858ae30a5a801fadd6f456494c5fc94fe7004
13180,work/applause_dr4_tierA_busko_source_census_v094b/source_scan_minimal_npz/scan_13180.npz,919638,d07740418905923e461010723b0b1aa925f6df547276fed9bd9c6ec0cfef8b96
13181,work/applause_dr4_tierA_busko_source_census_v094b/source_scan_minimal_npz/scan_13181.npz,1502239,9d32d47bca9ab16aa21710b56990fac4247cd23c0d9e9e9baf85784f0434c18d
13286,work/applause_dr4_tierA_busko_source_census_v094b/source_scan_minimal_npz/scan_13286.npz,977349,57ab650e94c07ec960f2ad4bdcc36d53e03b4ea19513f90af2fed8fa7fd2c7de
13287,work/applause_dr4_tierA_busko_source_census_v094b/source_scan_minimal_npz/scan_13287.npz,969052,69ee9dbaf0dcbf284c926bc4c9a9fd628407fcf481c23d7e57db6feae4201288
13292,work/applause_dr4_tierA_busko_source_census_v094b/source_scan_minimal_npz/scan_13292.npz,1014078,fff8c0928f233ee825f8d378ddfd7cd2c40a61ab2df8a2b38b3cb66baeb0df11
13293,work/applause_dr4_tierA_busko_source_census_v094b/source_scan_minimal_npz/scan_13293.npz,1034263,6f77fadb46dd6df8e8f20f73deb351ade7682bfb635820742676613656fe1496
13294,work/applause_dr4_tierA_busko_source_census_v094b/source_scan_minimal_npz/scan_13294.npz,1050463,08bfc8c893bf08ac8513ce671a6617d834afe33d3392d03f3b45acaf9fe1a6d2
13295,work/applause_dr4_tierA_busko_source_census_v094b/source_scan_minimal_npz/scan_13295.npz,1050893,34b942e51f33dcb19d023f7b4be9d3d375b3686b9403c3ee58fa6db945258915
13296,work/applause_dr4_tierA_busko_source_census_v094b/source_scan_minimal_npz/scan_13296.npz,2794944,6d9988e6f876881cfd90c4b0bb7c95650039bd6d57ba24429bbc661ec2919ec8
13297,work/applause_dr4_tierA_busko_source_census_v094b/source_scan_minimal_npz/scan_13297.npz,2763094,3ca690bcd61f44f31a5ccfd60a065618d8aa6ed39ea401e01c690a11bbb320b5
13300,work/applause_dr4_tierA_busko_source_census_v094b/source_scan_minimal_npz/scan_13300.npz,841924,554ed5a86c009ca0e65114be331fe8c795388b25a8ad85ce515d05d77e1e44e9
13301,work/applause_dr4_tierA_busko_source_census_v094b/source_scan_minimal_npz/scan_13301.npz,905655,fffad3d3fb75fa26b4e5a91d8db78cc212249340b175e43267b8ea49da7a43cc
13302,work/applause_dr4_tierA_busko_source_census_v094b/source_scan_minimal_npz/scan_13302.npz,2399456,a245630cd2a642463866aa47fd3862aed9a5e3b8b48b3a8f64afc2a8a921df87
13303,work/applause_dr4_tierA_busko_source_census_v094b/source_scan_minimal_npz/scan_13303.npz,2401909,4873147e95fcad72efc2b8f0a1e3fe70850422daa12bc18c1c97b8d4b8aa6685
13536,work/applause_dr4_tierA_busko_source_census_v094b/source_scan_minimal_npz/scan_13536.npz,3360070,53ee78fb4b97f37becd8ac2dbb05ade9c3ea4558401b737640f7e09452fdabba
13537,work/applause_dr4_tierA_busko_source_census_v094b/source_scan_minimal_npz/scan_13537.npz,3331491,761ea4539edcd137ba66e4906f71e318240f64724d5891463ac57fd5c0f9aff6
13538,work/applause_dr4_tierA_busko_source_census_v094b/source_scan_minimal_npz/scan_13538.npz,4505033,ab4f9343792238c3aea9ee341acbef721dcc9400ca03d44d9f79b417e0e2c3a0
13539,work/applause_dr4_tierA_busko_source_census_v094b/source_scan_minimal_npz/scan_13539.npz,4547278,73bb16a9c021857b4154edb4bd66f6f4097bcac5fa3bd969276781159325294c
13540,work/applause_dr4_tierA_busko_source_census_v094b/source_scan_minimal_npz/scan_13540.npz,1919475,f06077508ced302b38386a184da81248c331b8250291c528de54e864c72987ce
13541,work/applause_dr4_tierA_busko_source_census_v094b/source_scan_minimal_npz/scan_13541.npz,1923249,b7bf753b2a736324be2bb167db9e777777caf1255990746e57ee6a583412f899
13548,work/applause_dr4_tierA_busko_source_census_v094b/source_scan_minimal_npz/scan_13548.npz,2810324,fa8e933a720654fddbca6b162289f37f659ee08f2637a922578fbe6b070d8870
13549,work/applause_dr4_tierA_busko_source_census_v094b/source_scan_minimal_npz/scan_13549.npz,2793887,6843fb0b1dcb066de27974fa1bfa843177f9344f2e20d8feb4fa03c9ec6cc4b4
13550,work/applause_dr4_tierA_busko_source_census_v094b/source_scan_minimal_npz/scan_13550.npz,2479361,17e9e79bb4c11e745d72d93f70539c8a2857e278bf21dadee6dd812c5aefd341
13551,work/applause_dr4_tierA_busko_source_census_v094b/source_scan_minimal_npz/scan_13551.npz,2454145,ad580ced92e0c23f0a3d556933f055cf3cc1395b6d991d12ed2d1f483c9026c7
13586,work/applause_dr4_tierA_busko_source_census_v094b/source_scan_minimal_npz/scan_13586.npz,2181465,43138645e29a34f76453da6ec43b7ada35ea2cdc3d0c2cfa0c1640fb41e9e54c
13587,work/applause_dr4_tierA_busko_source_census_v094b/source_scan_minimal_npz/scan_13587.npz,2236925,ae06e41be1f2902567bf3fca00948dbdd20f04c774cb52386be1828b5f6037f3
13588,work/applause_dr4_tierA_busko_source_census_v094b/source_scan_minimal_npz/scan_13588.npz,2621977,ed9be85faab1746d811555f9e476e3cefb2a228e8754dab16e8235ae25f704a1
13589,work/applause_dr4_tierA_busko_source_census_v094b/source_scan_minimal_npz/scan_13589.npz,2666815,9df244e232bee7f01f5f6c3c817ddb1f1f3483b686b969af6fe0c62cf5ce31b6
13851,work/applause_dr4_tierA_busko_source_census_v094b/source_scan_minimal_npz/scan_13851.npz,1648023,884d8ff14ebb75330ff503067cbc24a59da6d95edf0aaf147ef2626fc3e3e89f
13852,work/applause_dr4_tierA_busko_source_census_v094b/source_scan_minimal_npz/scan_13852.npz,1618097,9328cdb0cec2c6497e5ecb6560dcfa4f59beb68866d637108f34f3832f4f43e8
13853,work/applause_dr4_tierA_busko_source_census_v094b/source_scan_minimal_npz/scan_13853.npz,1415623,f5336d0bec19896f5765e7f761846202b706d409011dc906ffab785b895a2d82
13854,work/applause_dr4_tierA_busko_source_census_v094b/source_scan_minimal_npz/scan_13854.npz,1409423,068404ca5e1c9c8c83241e14e58fe0e284eb844d0ac8ee97cc4abea98f9e16a9
13857,work/applause_dr4_tierA_busko_source_census_v094b/source_scan_minimal_npz/scan_13857.npz,5298478,abf99f158e1d3b5a5bff626918b6a1e124b97f8c5351860409fa148b7fe18772
13858,work/applause_dr4_tierA_busko_source_census_v094b/source_scan_minimal_npz/scan_13858.npz,5337312,e9ce7d380cd14b53adf88e4b189c785e289f7a55122f71aa66e628df987a4241
13859,work/applause_dr4_tierA_busko_source_census_v094b/source_scan_minimal_npz/scan_13859.npz,5651994,035269defb271b8d82dd40e62505ccb1a0f70bf970fe00d4628262a8e4cd7071
13860,work/applause_dr4_tierA_busko_source_census_v094b/source_scan_minimal_npz/scan_13860.npz,5684531,2f464d4479365ce91b91a547cc1170922efd1d88b5cc9cbbc6548578655f657c
13861,work/applause_dr4_tierA_busko_source_census_v094b/source_scan_minimal_npz/scan_13861.npz,4856185,729fa7065a9f19f49f4ece58433de749fa73cad05fbebaea7d3a3dc0d74811a9
13862,work/applause_dr4_tierA_busko_source_census_v094b/source_scan_minimal_npz/scan_13862.npz,4905360,bf81a1667ad3b2e47ac8df99d9ad23e74b8868be6bedada5eee10b5bffd97665
14271,work/applause_dr4_tierA_busko_source_census_v094b/source_scan_minimal_npz/scan_14271.npz,1062854,893781023f64789343af08c0643ead4955a9d3c6a869bdf8c84703ff4f29a27e
14272,work/applause_dr4_tierA_busko_source_census_v094b/source_scan_minimal_npz/scan_14272.npz,1034252,754c7763fc674c9456094230e79e390435975eaa5186a89c731ff2e93cdbac52
14273,work/applause_dr4_tierA_busko_source_census_v094b/source_scan_minimal_npz/scan_14273.npz,1099975,f6c20ea70d7b25ab7f6716811b97bd22e47ccfa6311f447975bcab4ae6e11816
14274,work/applause_dr4_tierA_busko_source_census_v094b/source_scan_minimal_npz/scan_14274.npz,1090253,1fb205107613a2c7b7857e67a80664004a6026299bdfbb10d29f8766b522728c
14279,work/applause_dr4_tierA_busko_source_census_v094b/source_scan_minimal_npz/scan_14279.npz,1219634,ebee2760e2254238ce9e499995dee245388cb4ce50a0049e972c4cc2b0f1f138
14280,work/applause_dr4_tierA_busko_source_census_v094b/source_scan_minimal_npz/scan_14280.npz,1189069,262f546b2d75f86f408cd69c2edc5b158f9420f44b2de199ceae899aabb13de8
14281,work/applause_dr4_tierA_busko_source_census_v094b/source_scan_minimal_npz/scan_14281.npz,1179640,62a42d443e5b4805cbf32d5a151733e0ee681f9f4c40c65d5e896ff52211aa0e
14283,work/applause_dr4_tierA_busko_source_census_v094b/source_scan_minimal_npz/scan_14283.npz,1307962,763e81da780885d5fc6207cde4b50d3d3388d9f63ee71f3e5113acca1e5ab462
14284,work/applause_dr4_tierA_busko_source_census_v094b/source_scan_minimal_npz/scan_14284.npz,1338745,654602dd4666fcc18c7e9c4f7b3a194739a9a5c848f2f630ee22822e34d35dae
14285,work/applause_dr4_tierA_busko_source_census_v094b/source_scan_minimal_npz/scan_14285.npz,1208403,103d80a6946bd53ca3ae194ecd9c3fb70366c7908d02dd525467b25ac1136b26
14286,work/applause_dr4_tierA_busko_source_census_v094b/source_scan_minimal_npz/scan_14286.npz,1202389,ddf96ee72629256538d5f4c896af65831ede9ddccc31a5c452bb1a67ffebd556
21425,work/applause_dr4_tierA_busko_source_census_v094b/source_scan_minimal_npz/scan_21425.npz,358449,9183decba494e72da0a93e2ed0ec4c30a76e6b6d3fe178c3886d4addc0aff425
21506,work/applause_dr4_tierA_busko_source_census_v094b/source_scan_minimal_npz/scan_21506.npz,325068,0ee20278e3cb6507e7335d06c1db8cfec0592c291a35cd69b9433e31c0c46120
21507,work/applause_dr4_tierA_busko_source_census_v094b/source_scan_minimal_npz/scan_21507.npz,233364,0dcfba6ae59ab45440d1ffa974bcdd4c6dc25c66bd304770e0971566a0cfd431
32498,work/applause_dr4_tierA_busko_source_census_v094b/source_scan_minimal_npz/scan_32498.npz,42550,1df1a48aedff5cf579ea98daa75ee682fa21b4b11396b5462dc459ed5450d4fd
32505,work/applause_dr4_tierA_busko_source_census_v094b/source_scan_minimal_npz/scan_32505.npz,104850,79c920a1bc651365f4ce08bad4a38e0f1fae5604cf3ddf3ed4e8589e61d2b7c3
32607,work/applause_dr4_tierA_busko_source_census_v094b/source_scan_minimal_npz/scan_32607.npz,164873,9e6f31a5dcd10732c0ceb3a97f4aabb65f61041267d708d8d78cc23b611ab3d3
32914,work/applause_dr4_tierA_busko_source_census_v094b/source_scan_minimal_npz/scan_32914.npz,525143,f0c231654bf377fea8a3295ea4922ef47e92e35f17e17d04f2e2ce4df3a03d24
32918,work/applause_dr4_tierA_busko_source_census_v094b/source_scan_minimal_npz/scan_32918.npz,516012,f1f7d9a73c77f30b140846b10845f1bb836924bef1652314eeb42e90fc9eee32
32926,work/applause_dr4_tierA_busko_source_census_v094b/source_scan_minimal_npz/scan_32926.npz,175983,e9efa59776f45d4f2fe85dceed3a15be74bb9101ae6a4bac06757e7370252743
40008,work/applause_dr4_tierA_busko_source_census_v094b/source_scan_minimal_npz/scan_40008.npz,145110,59816b125242e730bf8c68e7fd7b5a8ce4df8c72262d58f8f69fe2a9c51372b1
40009,work/applause_dr4_tierA_busko_source_census_v094b/source_scan_minimal_npz/scan_40009.npz,120538,16d3c2021ca2a2f675d899f16f51221dbe8ce8c53a37d8ac73cce23be39700c6
40010,work/applause_dr4_tierA_busko_source_census_v094b/source_scan_minimal_npz/scan_40010.npz,117968,2946ce9e892f85591b611892cb35cbe088c10b28ca5ed03f90c1e187429662dc
40011,work/applause_dr4_tierA_busko_source_census_v094b/source_scan_minimal_npz/scan_40011.npz,178638,be7ec7ff9ffb1985461df72acf5515e3f446d796d1ac352d83e2dd3d32fb0a1e
40012,work/applause_dr4_tierA_busko_source_census_v094b/source_scan_minimal_npz/scan_40012.npz,225254,64ac189211ae71ec2b20be57400e53522fb673e68e57c5d752951dbbd016c01f
40013,work/applause_dr4_tierA_busko_source_census_v094b/source_scan_minimal_npz/scan_40013.npz,239657,6fef79f1d4a7014d3fb09ab410ff42fd8d25194e067c60ec60d2c505f72bbca1
40061,work/applause_dr4_tierA_busko_source_census_v094b/source_scan_minimal_npz/scan_40061.npz,105266,e41ed6d1221941f3a5eac910dec2d2b5e8fa6f796349d6a052f99e852b50ca80
40062,work/applause_dr4_tierA_busko_source_census_v094b/source_scan_minimal_npz/scan_40062.npz,106250,1c878f5a0aba687330dee43fcf91c20085bd8f6acf743f512383eed522395b1f
40063,work/applause_dr4_tierA_busko_source_census_v094b/source_scan_minimal_npz/scan_40063.npz,97700,46b8bd7650588606ce517e022d2cdaa62ca2942a6d67dcb5651a652626adf3f0
60392,work/applause_dr4_tierA_busko_source_census_v094b/source_scan_minimal_npz/scan_60392.npz,1127807,f6dfec22444600b1da5ca4924d281317f7722fd040b63f559a1c5c117d00ce9b
60403,work/applause_dr4_tierA_busko_source_census_v094b/source_scan_minimal_npz/scan_60403.npz,637110,c41a7613e60a167adf07569f8ec1cfd900ecc2aaae4cdfb6c944fe1f8958a25d
61572,work/applause_dr4_tierA_busko_source_census_v094b/source_scan_minimal_npz/scan_61572.npz,2048018,ca6ae300181cb5b069ffb17b55453b6f1093790dc6471ec68c8d40730015fb25
61573,work/applause_dr4_tierA_busko_source_census_v094b/source_scan_minimal_npz/scan_61573.npz,2006823,59d1eb77a07e62407d29a460f4bc271885646c5cd7553f19c35eac6dc4109b0a
61574,work/applause_dr4_tierA_busko_source_census_v094b/source_scan_minimal_npz/scan_61574.npz,1806962,cbc5470592ba8526f10d04adb62068a0af6d4ce4db1278c36f9f7b06a81fc216
61575,work/applause_dr4_tierA_busko_source_census_v094b/source_scan_minimal_npz/scan_61575.npz,1803642,408141d02a1ab5414dcc46ebdeb97448ec1d394291e5e9639cc89a304573b395
61579,work/applause_dr4_tierA_busko_source_census_v094b/source_scan_minimal_npz/scan_61579.npz,2113312,35a4779ef2a5dd8753e1487c5dd7db9a5fbbf9b1a3efd009922ee1cf29bbc1b5
68310,work/applause_dr4_tierA_busko_source_census_v094b/source_scan_minimal_npz/scan_68310.npz,462810,9e0979195825022daa5196d74c39b31e294cc65a62fcd57c4a08142359b5e52d
68311,work/applause_dr4_tierA_busko_source_census_v094b/source_scan_minimal_npz/scan_68311.npz,454077,7ccfc21fec4875939d0b24cfaf5336bb96a15b17ed535a490fa5d057bfffd4f9
68378,work/applause_dr4_tierA_busko_source_census_v094b/source_scan_minimal_npz/scan_68378.npz,397877,f8411b715f646c8299532bb3c4d5f14b3dda239c6416436c7f29f53f263c9ee9
68379,work/applause_dr4_tierA_busko_source_census_v094b/source_scan_minimal_npz/scan_68379.npz,401861,c2420fb736e92f8b2c2c3f0ad47fc37e1cb18e3a0db45aed5d4e927590c9b267
68380,work/applause_dr4_tierA_busko_source_census_v094b/source_scan_minimal_npz/scan_68380.npz,480942,71a97d628a3ad212a5a2dd671a6ee4a7c0abd09879b56654dbac18f4e2e2bbec
68381,work/applause_dr4_tierA_busko_source_census_v094b/source_scan_minimal_npz/scan_68381.npz,469753,45ef605f9e22ea73f2bb3dedd69f4693067055728cd9ec78d2b7ee1a15d4c33c
68382,work/applause_dr4_tierA_busko_source_census_v094b/source_scan_minimal_npz/scan_68382.npz,402983,2d2bf70fec4a5bc0868bf67b295f4ad37387f70ee0422190ca6ca91302feac4f
68383,work/applause_dr4_tierA_busko_source_census_v094b/source_scan_minimal_npz/scan_68383.npz,397560,73511b43edbd41cb23a63b951ca6a75c391f1aebc3e42e1bd4066c4c6168e813
68384,work/applause_dr4_tierA_busko_source_census_v094b/source_scan_minimal_npz/scan_68384.npz,431865,f4106fbcc20893099ae8ab55fba7f41b2d24e4cf71d54409993753dd621b6eea
68385,work/applause_dr4_tierA_busko_source_census_v094b/source_scan_minimal_npz/scan_68385.npz,417903,694f6f358b317c7ec9ef9cc85d41480e9c5745e4311d631618d8bc76d4a945e4
68498,work/applause_dr4_tierA_busko_source_census_v094b/source_scan_minimal_npz/scan_68498.npz,352324,6466827c05670fd65a1ab727e33789c13a3add70a5034aaf2d5495020b647c5c
68499,work/applause_dr4_tierA_busko_source_census_v094b/source_scan_minimal_npz/scan_68499.npz,373602,5787a865375d6a75592c134f15a2168424c268235576dc4c833c018ac3125601
68500,work/applause_dr4_tierA_busko_source_census_v094b/source_scan_minimal_npz/scan_68500.npz,339370,237fc60b2243e4c0eba5d1fe1c5d9047f1607cc4c0868645cf785f011f2db4f4
68501,work/applause_dr4_tierA_busko_source_census_v094b/source_scan_minimal_npz/scan_68501.npz,356265,f010890e02621a82d4f595c229ae262b9e6f951b28212fbd854124a74ab0238e
68502,work/applause_dr4_tierA_busko_source_census_v094b/source_scan_minimal_npz/scan_68502.npz,407864,7381dd749f9930c4a86a530a2fbc23690f190a786e613faa92d51810a270204d
68503,work/applause_dr4_tierA_busko_source_census_v094b/source_scan_minimal_npz/scan_68503.npz,427615,44ad50d1f2496e9f753b2f7ebb5dda6c4467a164d326555ca9b6c961de4e4ced
68505,work/applause_dr4_tierA_busko_source_census_v094b/source_scan_minimal_npz/scan_68505.npz,340387,af52b67a80d020777e614a368ef2ea101818bc9fbcd84b003a86edaca5a6107c
68506,work/applause_dr4_tierA_busko_source_census_v094b/source_scan_minimal_npz/scan_68506.npz,277282,6dfedc97366ed36be799a70f779cbc86cf1e5457b082ed55d7850d4b769f6fea
68507,work/applause_dr4_tierA_busko_source_census_v094b/source_scan_minimal_npz/scan_68507.npz,282126,9c75c3c6194dc875ae9ea04d21517ea788fb84013bc66a77db2e0899897a2583
68508,work/applause_dr4_tierA_busko_source_census_v094b/source_scan_minimal_npz/scan_68508.npz,286353,27911de328d398ff18015761079185df10aca59f63bbc88195c02024f9511ed8
68509,work/applause_dr4_tierA_busko_source_census_v094b/source_scan_minimal_npz/scan_68509.npz,300924,e00242d7259c5989b46a49aca4295d2fe59c9878c8d5bc83f7bd431dafb258ac
68510,work/applause_dr4_tierA_busko_source_census_v094b/source_scan_minimal_npz/scan_68510.npz,372727,c92adac44814264974867eee9532196bb8e594c8872d736bd993c895348d91ce
68511,work/applause_dr4_tierA_busko_source_census_v094b/source_scan_minimal_npz/scan_68511.npz,408541,8999ae380fe9d2fa56c976e8b4ca11a5dff78c809f8701db743315a76fe59b0a
68512,work/applause_dr4_tierA_busko_source_census_v094b/source_scan_minimal_npz/scan_68512.npz,396599,e65422de55365a515fae7f5e01e4314be2e75d9699b8660743705bcfc986ca87
68513,work/applause_dr4_tierA_busko_source_census_v094b/source_scan_minimal_npz/scan_68513.npz,451225,fca86e38829e0299702a74dd163eab445f94681c80cfea285d84e5eb4dde5939
68514,work/applause_dr4_tierA_busko_source_census_v094b/source_scan_minimal_npz/scan_68514.npz,386147,7bc29b1b8f14f4e79cef7ebf1e909902068392f81b68b3814362ba6b77baa5c2
68515,work/applause_dr4_tierA_busko_source_census_v094b/source_scan_minimal_npz/scan_68515.npz,356206,5bb17d14118eddb039980144c7acb178485c4f04a77e194a18d21112efd5fb5a
68516,work/applause_dr4_tierA_busko_source_census_v094b/source_scan_minimal_npz/scan_68516.npz,375386,c221401e877c8c095d68270c2161cad2b927ad1103c66b83ba493e6f06b50fae
68517,work/applause_dr4_tierA_busko_source_census_v094b/source_scan_minimal_npz/scan_68517.npz,381289,29e94e86d6da238caab487f04d831e19c9501bad9369e9caecbda9f4c78b6f02
68518,work/applause_dr4_tierA_busko_source_census_v094b/source_scan_minimal_npz/scan_68518.npz,349734,847d51c4691fe8a99811f4a37d202c55ae1c64327ea32e7d0034789d83133204
68519,work/applause_dr4_tierA_busko_source_census_v094b/source_scan_minimal_npz/scan_68519.npz,316045,89e7dfa26f69a85c42f4bd99077e016cb724f6cfdbfc04129688a6a1920ec167
68544,work/applause_dr4_tierA_busko_source_census_v094b/source_scan_minimal_npz/scan_68544.npz,287412,6a4f08b7298ba7e03b8f193abd2c0f37b154b8a92d1da5bcf99ce69f6c8052f6
68545,work/applause_dr4_tierA_busko_source_census_v094b/source_scan_minimal_npz/scan_68545.npz,274657,8c5231e3837d9e9561d35c28bc1c7607e8d250091437c50686efa4e2febdd62c
68546,work/applause_dr4_tierA_busko_source_census_v094b/source_scan_minimal_npz/scan_68546.npz,238119,f7da9ba4704f577ee52592edd0a982ecdc6fed0e59a36b11a2341e1a5e705f07
68547,work/applause_dr4_tierA_busko_source_census_v094b/source_scan_minimal_npz/scan_68547.npz,258310,9ee43460ca6338d090062d75abfd55113ee4e7dd571ca86d8e62b8bde7e5faf1
68549,work/applause_dr4_tierA_busko_source_census_v094b/source_scan_minimal_npz/scan_68549.npz,325592,fe5ae45abdec10c6a3b3ce5e1187d4c2eeec118c028b4293aedc4ab564c82721
68550,work/applause_dr4_tierA_busko_source_census_v094b/source_scan_minimal_npz/scan_68550.npz,234409,a64261712563884c0738c6290f8b434f8d6487bcc401bc5cafacfcb322de17fc
68551,work/applause_dr4_tierA_busko_source_census_v094b/source_scan_minimal_npz/scan_68551.npz,230800,21accf520ee3a4df2baa9d4cd1d90f6b1aaaac618c8661266725156d931b0890
68552,work/applause_dr4_tierA_busko_source_census_v094b/source_scan_minimal_npz/scan_68552.npz,292595,8070636da3e8b8fd9fac0ab56bd6b3ee80f33e79d04a08f485053f7f6ba69384
68553,work/applause_dr4_tierA_busko_source_census_v094b/source_scan_minimal_npz/scan_68553.npz,284934,29b9a145fe11073eacfdcbbb6781a3f702e0777fd27ef86271be70b20f4a70cc
68568,work/applause_dr4_tierA_busko_source_census_v094b/source_scan_minimal_npz/scan_68568.npz,269496,177ecf144fc3759e06e617af187580c500a1564fabfe9bf9b8b2854479a84288
68569,work/applause_dr4_tierA_busko_source_census_v094b/source_scan_minimal_npz/scan_68569.npz,270792,25107d20ce43b60ed7887900d3a0c35d60b854a1ddf7e9b53cf544a1cb74fd91
68636,work/applause_dr4_tierA_busko_source_census_v094b/source_scan_minimal_npz/scan_68636.npz,364648,fa5b4937d69be620cf4438e4f7a2281ffb2b75ec202989f2258aefd51f163cd4
68637,work/applause_dr4_tierA_busko_source_census_v094b/source_scan_minimal_npz/scan_68637.npz,366362,5c5dfa9160d3493ecdf5c7bcf01d05c65fc0be61771ae28ba77709180be7a90a
68640,work/applause_dr4_tierA_busko_source_census_v094b/source_scan_minimal_npz/scan_68640.npz,352331,b2c8d5d7a4e3930a38a9ebe594351530ddfeb28557a0a811291897ad9a6b8180
68641,work/applause_dr4_tierA_busko_source_census_v094b/source_scan_minimal_npz/scan_68641.npz,345338,379bc9adb6ec9876d83cc2efbcd8fead8d2d3290a31a21be2b81695a62cfcfc1
68642,work/applause_dr4_tierA_busko_source_census_v094b/source_scan_minimal_npz/scan_68642.npz,345868,8a1e712627f3e9ddb1e09e3124c5cdeeeb88eb6e004f6b3a0b29cac647261eed
68643,work/applause_dr4_tierA_busko_source_census_v094b/source_scan_minimal_npz/scan_68643.npz,336475,b2427b06db3800d17e5dd42c8440719ac1cde09b9b34475953ddc9cb726ca51f
68644,work/applause_dr4_tierA_busko_source_census_v094b/source_scan_minimal_npz/scan_68644.npz,29635,0d63322e1517c8e4adcdb3ebf11be3db74d5969485b156c3845f0712755a6c87
68645,work/applause_dr4_tierA_busko_source_census_v094b/source_scan_minimal_npz/scan_68645.npz,28210,03d9780c80f1d33d95ec0a673bc5573964435dd47f8954edf25dccff79fa9ac2
68646,work/applause_dr4_tierA_busko_source_census_v094b/source_scan_minimal_npz/scan_68646.npz,314842,10338ce8621a5a054190efb60c957dac7029845a5c595d7ee0a9d06cd2ccc5e7
68647,work/applause_dr4_tierA_busko_source_census_v094b/source_scan_minimal_npz/scan_68647.npz,301135,c10dd8c5500fd9ec053164e654dbdd6293f33e937a3d45e71ac996ed927e4f71
68648,work/applause_dr4_tierA_busko_source_census_v094b/source_scan_minimal_npz/scan_68648.npz,290073,698bafe5828d284fad274cc88b9f25867aa3a886f5a0904b70b24811518d1e82
68649,work/applause_dr4_tierA_busko_source_census_v094b/source_scan_minimal_npz/scan_68649.npz,303102,ef63736048fd7aaa4f755e7b777cd6af63186abd756186fae54b945cc23e3c3b
68650,work/applause_dr4_tierA_busko_source_census_v094b/source_scan_minimal_npz/scan_68650.npz,217440,3c8576ec56be56679af3ded999dfa669b3916eb52b1628790714e4314f0b59ff
68651,work/applause_dr4_tierA_busko_source_census_v094b/source_scan_minimal_npz/scan_68651.npz,241463,d3c950d06e9298e7e75a9a8830d895c9cccce4e3601c7c90e56a8d9d72e4b932
68652,work/applause_dr4_tierA_busko_source_census_v094b/source_scan_minimal_npz/scan_68652.npz,200920,c893ffc725ef1563910ecbd73861b33c2a3490480a52b87b4ecb6d0a01d6193e
68653,work/applause_dr4_tierA_busko_source_census_v094b/source_scan_minimal_npz/scan_68653.npz,204867,fcd99b8f09d77b4b25a8ce242b032ccd08fbf4fbc4f33a12766ba496d9c29fa7
68726,work/applause_dr4_tierA_busko_source_census_v094b/source_scan_minimal_npz/scan_68726.npz,212619,7c25be9c19cc6b50fc09a49f205a136d709d3f92d679dfd56c8327f071b85e11
68727,work/applause_dr4_tierA_busko_source_census_v094b/source_scan_minimal_npz/scan_68727.npz,198234,6e1d940fc7e61f5dda56113ac44f0f1fe9dc384cf32252e618bb0364daf502dd
68728,work/applause_dr4_tierA_busko_source_census_v094b/source_scan_minimal_npz/scan_68728.npz,189739,2ce6278c173ee9bb150a48008cc4f627d4827ddf442c59dbc17db80ef51d08d3
68729,work/applause_dr4_tierA_busko_source_census_v094b/source_scan_minimal_npz/scan_68729.npz,192368,63f1dd41186bf73eae8457c5121f1cae1f86069a12c56fb2506464c0348e659f
68732,work/applause_dr4_tierA_busko_source_census_v094b/source_scan_minimal_npz/scan_68732.npz,195647,3449bf43542a01c842012c986fe0419de436c2c9ae060fa819d477ca2bb6a251
68733,work/applause_dr4_tierA_busko_source_census_v094b/source_scan_minimal_npz/scan_68733.npz,200207,50b55004dfef2bbb31f592f9cb77795b301ed4256e9543dd5491b07e210424c7
68748,work/applause_dr4_tierA_busko_source_census_v094b/source_scan_minimal_npz/scan_68748.npz,230254,85d8c304cc8d64141deae5e23419071c85a07b690a75d907e68232fc0be1442a
68749,work/applause_dr4_tierA_busko_source_census_v094b/source_scan_minimal_npz/scan_68749.npz,203083,2c09f419760162e657bc4da8a39e8c62499fd81fff4236ef54d286ced0369a73
68782,work/applause_dr4_tierA_busko_source_census_v094b/source_scan_minimal_npz/scan_68782.npz,199065,4c8085359d53f1b5554247ac04608922c6161f345d71b70616adef23a09a67fc
68783,work/applause_dr4_tierA_busko_source_census_v094b/source_scan_minimal_npz/scan_68783.npz,190157,fb49beed3972a36e160cae48939ce20d3c5b62cadc09b32ee9ce54708998a8c7
68784,work/applause_dr4_tierA_busko_source_census_v094b/source_scan_minimal_npz/scan_68784.npz,155142,ade905d91c5784f900ca4dbc88da4ec41d27a18ab2d873e9e2c384ac0b3610a1
68785,work/applause_dr4_tierA_busko_source_census_v094b/source_scan_minimal_npz/scan_68785.npz,177613,8b1d013fa5c9d8674753c9dec82304be3f9493eed3c3016e288984174d66587b
68786,work/applause_dr4_tierA_busko_source_census_v094b/source_scan_minimal_npz/scan_68786.npz,204035,bf65133e4f11ee7a63c6e7c8c66cf7371a6fbdcbc833fdf568591ffc52c3c6dc
68787,work/applause_dr4_tierA_busko_source_census_v094b/source_scan_minimal_npz/scan_68787.npz,170730,197a1ceba139d37ab68a57db88dd7349ab55d1ee036ba4a352f4d74ffb79e7a1
68788,work/applause_dr4_tierA_busko_source_census_v094b/source_scan_minimal_npz/scan_68788.npz,27504,17dd227115c80e827d2f335958d89cf124007b35285228de31e4b492051dac31
68789,work/applause_dr4_tierA_busko_source_census_v094b/source_scan_minimal_npz/scan_68789.npz,25536,67c3242294b3b4f7dac0bd0081ba00d2e762289ffd83010fcdd44c635757b571
68790,work/applause_dr4_tierA_busko_source_census_v094b/source_scan_minimal_npz/scan_68790.npz,178515,fb5effcaf22ec2f4e9b8a6f4493cd7b5a392a28776265cd13c485b90cc3b8098
68791,work/applause_dr4_tierA_busko_source_census_v094b/source_scan_minimal_npz/scan_68791.npz,196030,0503c6f7574b536b5997eefa3e23a76ff26ff8b9cf445e2f32d5bf4dbe0ea404
68792,work/applause_dr4_tierA_busko_source_census_v094b/source_scan_minimal_npz/scan_68792.npz,172379,3633ce7a48e1da2a3cf2eccf04dcf9f4338bece39d8481f4e274105aebe21a0f
68793,work/applause_dr4_tierA_busko_source_census_v094b/source_scan_minimal_npz/scan_68793.npz,153273,9eccdb69931d123b39c29c51a31f92c12389c9e848ec3e2b74abd7f1adb356d1
68794,work/applause_dr4_tierA_busko_source_census_v094b/source_scan_minimal_npz/scan_68794.npz,181133,67014de0d8babf9c66e91d7bde2e348aba8095e04139441360c18a5a2e48591c
68795,work/applause_dr4_tierA_busko_source_census_v094b/source_scan_minimal_npz/scan_68795.npz,188481,273649dd26d1687e4f47f005ff6bb2d19db87046a2ab88e470d57dbe71d9bc12
68796,work/applause_dr4_tierA_busko_source_census_v094b/source_scan_minimal_npz/scan_68796.npz,206603,3c860fdc55a853735aeb79b51615e2b6dd42f714fe4ddfc87d658732c5b137ac
68797,work/applause_dr4_tierA_busko_source_census_v094b/source_scan_minimal_npz/scan_68797.npz,208892,078963c26a45c62f23bf92425d8b04fd68c215bcf5d5b52447cab6e8f8d7dcca
68798,work/applause_dr4_tierA_busko_source_census_v094b/source_scan_minimal_npz/scan_68798.npz,195927,d3620f68b256aea3df72e5cab5f0eb71429718a3ea00978d1594d028bf1e999b
68799,work/applause_dr4_tierA_busko_source_census_v094b/source_scan_minimal_npz/scan_68799.npz,207775,0feb10da981c2a73e6d5e318e13054cae90de3865eb571abf49cb51a8a86a185
68800,work/applause_dr4_tierA_busko_source_census_v094b/source_scan_minimal_npz/scan_68800.npz,237826,d79be64d9dac4e5bd33745814daf0b57fb2469401a1abee6e3357cd9af01fbc3
68801,work/applause_dr4_tierA_busko_source_census_v094b/source_scan_minimal_npz/scan_68801.npz,256128,940d70950298d711e3ed21670ca08268fab0b6a7e8de21752ce5f05d7aaf3a5a
68802,work/applause_dr4_tierA_busko_source_census_v094b/source_scan_minimal_npz/scan_68802.npz,221232,47ac3db590dd48139eddf6059b557b3ee3cbe390f15ceb8ed266826c0a7c96e5
68803,work/applause_dr4_tierA_busko_source_census_v094b/source_scan_minimal_npz/scan_68803.npz,236153,b7e499d5415a12830c03285cf3bf7ec00672176b6ff834a2084474eec2da495a
68882,work/applause_dr4_tierA_busko_source_census_v094b/source_scan_minimal_npz/scan_68882.npz,157220,0ed9facc9fde7bfa677301b60fd8813f16cc6b6b2d9dd345068befd00cb2bf02
68883,work/applause_dr4_tierA_busko_source_census_v094b/source_scan_minimal_npz/scan_68883.npz,141043,ee1553baa9eea16b29e572d783e5206bfa9254ad81f67370861234202408c1f7
68886,work/applause_dr4_tierA_busko_source_census_v094b/source_scan_minimal_npz/scan_68886.npz,151010,ed6bd240614ab32abe8b585e965a57011bb5db1bb0fc19038c7b880848d4187e
68887,work/applause_dr4_tierA_busko_source_census_v094b/source_scan_minimal_npz/scan_68887.npz,136930,d16e62ee6e5f1ce185fba5af0e93edaf968afd6d28fc248fd793e95117d420f5
68898,work/applause_dr4_tierA_busko_source_census_v094b/source_scan_minimal_npz/scan_68898.npz,196141,b985263fcd37994dc0ab5ccb3a6ea77dec446bf3d24c739c1d1f10ab3a83cf52
68899,work/applause_dr4_tierA_busko_source_census_v094b/source_scan_minimal_npz/scan_68899.npz,179362,200a8f3bb852a30e9b4813c611cdb6a93984b202e35eccdbb160b536545ab093
68912,work/applause_dr4_tierA_busko_source_census_v094b/source_scan_minimal_npz/scan_68912.npz,93265,cdf386f51f36b8b2346ab8178dbedb023ec41dab18e3636dcfb8efe29cbe94ef
68913,work/applause_dr4_tierA_busko_source_census_v094b/source_scan_minimal_npz/scan_68913.npz,87818,c072cbe13cc709b5ba736eb025a5b8061c54974f703aa3505c0bcc95cc7d35cd
68920,work/applause_dr4_tierA_busko_source_census_v094b/source_scan_minimal_npz/scan_68920.npz,144560,4edd26e27dcf2ef757d8a5950c1d8b56b04932e966cdfce2669379e1137cd34a
68922,work/applause_dr4_tierA_busko_source_census_v094b/source_scan_minimal_npz/scan_68922.npz,140092,b1171be026077f157e26ed845381e6fa5d89351ab54f922e8f296f14b488aea7
68923,work/applause_dr4_tierA_busko_source_census_v094b/source_scan_minimal_npz/scan_68923.npz,147991,ff187fcf670e54c04b14a6e247b43f3b457ba481a2630f6ed8a127c56606d0fb
68924,work/applause_dr4_tierA_busko_source_census_v094b/source_scan_minimal_npz/scan_68924.npz,125722,896443c827db3566c48d39ef5827de7786a2985b1ba42dcb6f39329cc3748af2
68925,work/applause_dr4_tierA_busko_source_census_v094b/source_scan_minimal_npz/scan_68925.npz,139753,eb23b1472c956ee34ee2bd49b3a981d758edba3f1c2693310de2f005f153957b
68926,work/applause_dr4_tierA_busko_source_census_v094b/source_scan_minimal_npz/scan_68926.npz,87168,256b87ad6d30fd1551ad19e7fe156eb41e151b421ed4fc4441d023dfa1239716
68927,work/applause_dr4_tierA_busko_source_census_v094b/source_scan_minimal_npz/scan_68927.npz,78425,d3372b0c71d7ed465f46265fd0ac2663c9cf672adaaa48c16fd61e53ea7562d8
68934,work/applause_dr4_tierA_busko_source_census_v094b/source_scan_minimal_npz/scan_68934.npz,134924,bb7b88aefc2a9c85adfd63480cbf782c6bc1eafbbd0445fd0e83a09cc69bdb73
68935,work/applause_dr4_tierA_busko_source_census_v094b/source_scan_minimal_npz/scan_68935.npz,134621,559ca7e85488177a9e87be3af10acc06de5d942c13d4ef79c8b5dd1623ebf12a
68936,work/applause_dr4_tierA_busko_source_census_v094b/source_scan_minimal_npz/scan_68936.npz,108541,e5731f4c0efd048ec861114952b2451ea7b74ef9d335e73808ec67aae8b690f0
68937,work/applause_dr4_tierA_busko_source_census_v094b/source_scan_minimal_npz/scan_68937.npz,93657,93296bd8d1f6662c63a81b22520bed0a9db46bfa4254e6cc1e87688357aa7cad
68938,work/applause_dr4_tierA_busko_source_census_v094b/source_scan_minimal_npz/scan_68938.npz,110343,5f6cfe8b92fe94e80277fd0fa455c0e81f825edaf9ec6ad98588219f848f012b
68939,work/applause_dr4_tierA_busko_source_census_v094b/source_scan_minimal_npz/scan_68939.npz,119169,0e7c3e44a7478484fcfc5ad1b5617f67b63822809615350080016fe36dd0af11
68940,work/applause_dr4_tierA_busko_source_census_v094b/source_scan_minimal_npz/scan_68940.npz,199753,58ea5348c50a1080fbb3f1b4731771ea824a356f9210b9a404c5a70ec655410b
68941,work/applause_dr4_tierA_busko_source_census_v094b/source_scan_minimal_npz/scan_68941.npz,191535,94032583753a34061f725afac33a4404e417fd1fa0310407c7cfd0d35a2bfa02
68944,work/applause_dr4_tierA_busko_source_census_v094b/source_scan_minimal_npz/scan_68944.npz,152261,33a8423cf6032213a8c1f2beac87efcff41b3a1bd50e015cd06f2c3e59368e9f
68945,work/applause_dr4_tierA_busko_source_census_v094b/source_scan_minimal_npz/scan_68945.npz,172478,f61655ac7f147c1bf0bcd83a21ff1b794486dd4bf6fb667dbc610130deb341bd
68946,work/applause_dr4_tierA_busko_source_census_v094b/source_scan_minimal_npz/scan_68946.npz,180870,1a8e653f67d6bc8c6f32619620df1cf352d4c44aab833423793e71c4e13aa3c1
68947,work/applause_dr4_tierA_busko_source_census_v094b/source_scan_minimal_npz/scan_68947.npz,182858,a80c7bfd3c9d160b541123f8a75aa1ff14940d47a0db4b43bbbb41cc8b5b97a0
68948,work/applause_dr4_tierA_busko_source_census_v094b/source_scan_minimal_npz/scan_68948.npz,133123,f6eb49b0aa8bd5fe13366557a25db56a8a64a4ad41d58da3f8b3d6164f4f3948
68949,work/applause_dr4_tierA_busko_source_census_v094b/source_scan_minimal_npz/scan_68949.npz,151099,c56ec978153c7fb9e9044337aa412a1cbe42dfe17232d061e516df24afed11fc
68950,work/applause_dr4_tierA_busko_source_census_v094b/source_scan_minimal_npz/scan_68950.npz,165694,147750eb98bd9df1a95fd71edf87293df8e01ff57bcf6931b10170feb1069512
68951,work/applause_dr4_tierA_busko_source_census_v094b/source_scan_minimal_npz/scan_68951.npz,162751,9743e1de89d45fbea533bbb864c1641881e8c9c8f98e11376c7ca867d118fe0c
68952,work/applause_dr4_tierA_busko_source_census_v094b/source_scan_minimal_npz/scan_68952.npz,164952,c3fed0f0e1a93e24449569e13b10302be55c57182ff9f50100c303becbec76fe
68953,work/applause_dr4_tierA_busko_source_census_v094b/source_scan_minimal_npz/scan_68953.npz,162404,72edfc7de6acef2f68817cd37e60f09804d31635cd0609e0b19be4a5b607c4ca
68954,work/applause_dr4_tierA_busko_source_census_v094b/source_scan_minimal_npz/scan_68954.npz,157037,83837a525b358945963c88f313c4f72e6671e3ed97665f1bbd1c25de04af471e
68955,work/applause_dr4_tierA_busko_source_census_v094b/source_scan_minimal_npz/scan_68955.npz,169095,a8e9ef9a4beeae9711366c2d51d98b471435b4b5b24f902ad7a9ca8b090f2c8f
68956,work/applause_dr4_tierA_busko_source_census_v094b/source_scan_minimal_npz/scan_68956.npz,218362,e1992a2e78342169ec1c8ef50c816cc2a74cf04435e584dc003cff19818f6715
68957,work/applause_dr4_tierA_busko_source_census_v094b/source_scan_minimal_npz/scan_68957.npz,195204,7a8635c1024be691fe9d09d338a4b9c3fca67415f0d43ae5cf4ba7db5983cbbb
68958,work/applause_dr4_tierA_busko_source_census_v094b/source_scan_minimal_npz/scan_68958.npz,132507,f987508154239f4d9c83142216cc20b0730e022e562fb9ab83616b3e5ba32804
68959,work/applause_dr4_tierA_busko_source_census_v094b/source_scan_minimal_npz/scan_68959.npz,149577,65c8a79b07382a7d7674e6392aa59bc67676b1d3fd371421b44f8c699c8a1c5e
68962,work/applause_dr4_tierA_busko_source_census_v094b/source_scan_minimal_npz/scan_68962.npz,208237,6aed617324ee03928eef8a610475625a5134158f00641bd03e127495e267bb06
68963,work/applause_dr4_tierA_busko_source_census_v094b/source_scan_minimal_npz/scan_68963.npz,177743,8767cfeb676231279f22ff59fd2d9e7d6452ff94c9424e6148ab4d5f6d5f5549
68964,work/applause_dr4_tierA_busko_source_census_v094b/source_scan_minimal_npz/scan_68964.npz,150719,78a29a149c2ceaf9db37ac65a8926f1378be7849c74a728f4b7c727a503d36c7
68965,work/applause_dr4_tierA_busko_source_census_v094b/source_scan_minimal_npz/scan_68965.npz,165362,21fef2c4a82c8da18aedb38e055579b12840e204e67b363861c1f6785a8afa2f
68992,work/applause_dr4_tierA_busko_source_census_v094b/source_scan_minimal_npz/scan_68992.npz,189228,9877c047575c4a8b6e1aa8ec0ede922a68e9d9e4c354cf8c42a7dd6a361b189c
68994,work/applause_dr4_tierA_busko_source_census_v094b/source_scan_minimal_npz/scan_68994.npz,197501,2ca377a224c0f82885309d8ebce43e97edfb804dfa691d789b9d86a8942ca149
68995,work/applause_dr4_tierA_busko_source_census_v094b/source_scan_minimal_npz/scan_68995.npz,173693,ca6f2a931fe5cfb3702adf76a711e2df285cf6371c320ebc58b2f1bd7680c085
68996,work/applause_dr4_tierA_busko_source_census_v094b/source_scan_minimal_npz/scan_68996.npz,151033,a142fcbed7eb2bf3bb298afaaaae40ded12786ad905c4750bdf12450ca22b661
68997,work/applause_dr4_tierA_busko_source_census_v094b/source_scan_minimal_npz/scan_68997.npz,128639,d745c1c7fc7b96b5ad9cc5a445832be8c1bc081c2ed1539ff2e124c022da1606
69004,work/applause_dr4_tierA_busko_source_census_v094b/source_scan_minimal_npz/scan_69004.npz,263615,d57daca3ac8884b47ffedfbf4bcb865d9fbc06504b11d914142165e381104c60
69005,work/applause_dr4_tierA_busko_source_census_v094b/source_scan_minimal_npz/scan_69005.npz,276598,9c32dc7aad8e4b2980dc75c5e63b6a2499734900960b5dab11037b2094e38509
69006,work/applause_dr4_tierA_busko_source_census_v094b/source_scan_minimal_npz/scan_69006.npz,168871,924169fd4bacebcf95fedbe1b60c78dbf055e35aa05f1bc2d30de0ba4ab4eb9a
69007,work/applause_dr4_tierA_busko_source_census_v094b/source_scan_minimal_npz/scan_69007.npz,192360,acbade65fb840be0d6aa5de59ea7f28cd171b8503b85fd585a87f2e89cc0efbf
69008,work/applause_dr4_tierA_busko_source_census_v094b/source_scan_minimal_npz/scan_69008.npz,131890,c88bb5740c8d915e2140aa7057d21003aaa2f3c99e80155bf74b3d48ce8386a7
69009,work/applause_dr4_tierA_busko_source_census_v094b/source_scan_minimal_npz/scan_69009.npz,138436,151a5a508a39efc77cdcb6866eed5824c0662e924c42984688e35f8c92142ceb
69010,work/applause_dr4_tierA_busko_source_census_v094b/source_scan_minimal_npz/scan_69010.npz,168726,e96eaa0c8842e0763e5a445702681a6430485346514228867f4c79515bebf164
69011,work/applause_dr4_tierA_busko_source_census_v094b/source_scan_minimal_npz/scan_69011.npz,149658,bd6f26bdcd775c8ee303b8c7c693e52e2321f611b851dd017ab0090934cfde57
69018,work/applause_dr4_tierA_busko_source_census_v094b/source_scan_minimal_npz/scan_69018.npz,154672,fcfd54e6abf1678d4f79166d59123ae70421dd0d9ffeba3cc1e251246731fda8
69019,work/applause_dr4_tierA_busko_source_census_v094b/source_scan_minimal_npz/scan_69019.npz,156164,1c033c6d5c8331a90dd256cd6ff8aa6f5db76abb99e30a4ffb1983e28a84222d
69020,work/applause_dr4_tierA_busko_source_census_v094b/source_scan_minimal_npz/scan_69020.npz,118371,53912d2dccd6d2999c444575282420f55c5b2de96c80cf7da28ea909c9f3bedb
69021,work/applause_dr4_tierA_busko_source_census_v094b/source_scan_minimal_npz/scan_69021.npz,131508,1f24233601fd5779840f7b785bc21cb393bd5ae5bf0f39d14b0db07b7107c072
69028,work/applause_dr4_tierA_busko_source_census_v094b/source_scan_minimal_npz/scan_69028.npz,188205,22732e023a12d3f053a5831cc1db1006a8fa3907608755c8e29af2cf02e3b533
69029,work/applause_dr4_tierA_busko_source_census_v094b/source_scan_minimal_npz/scan_69029.npz,154983,7020a1f2a4a4dbbdcf76b85be8570bb94284e1279bcb49dce60f54a436d904bc
69030,work/applause_dr4_tierA_busko_source_census_v094b/source_scan_minimal_npz/scan_69030.npz,148088,b99626bb9eac671d1f8f86c78bc0caa8598e0daf44e419911e016bf70f960a71
69031,work/applause_dr4_tierA_busko_source_census_v094b/source_scan_minimal_npz/scan_69031.npz,141734,f5ac8c3b287498b83bd63f28fa6fbda478ad887a94dafb966473537adc0f0a20
69032,work/applause_dr4_tierA_busko_source_census_v094b/source_scan_minimal_npz/scan_69032.npz,161582,1105e2ab237acec0d6a84db93687be50c1269ad7d79177ab392976d582ace6d7
69033,work/applause_dr4_tierA_busko_source_census_v094b/source_scan_minimal_npz/scan_69033.npz,160073,4f8b5916287217352f1733d9e3df26d2437886e22f2825a3ac09e223f8b6489a
69072,work/applause_dr4_tierA_busko_source_census_v094b/source_scan_minimal_npz/scan_69072.npz,751378,0c4f99ce22e3dfc98e3f90c1a79c14c5212c7221fa02ec3139c720cc63806e74
69073,work/applause_dr4_tierA_busko_source_census_v094b/source_scan_minimal_npz/scan_69073.npz,742420,fda7c48bf175108a544d894f95fe54da64b1551dac7c9861f08256316da1938c
69080,work/applause_dr4_tierA_busko_source_census_v094b/source_scan_minimal_npz/scan_69080.npz,392163,ff4e8f8b0dbadb39f70a6212d603e819771ae0eb545c3c0858116c3434dbcd0a
69081,work/applause_dr4_tierA_busko_source_census_v094b/source_scan_minimal_npz/scan_69081.npz,386326,8a06ce822a2abddf85cc3c5055ee905f219c162922346ae719ecf1c95caa9b01
69088,work/applause_dr4_tierA_busko_source_census_v094b/source_scan_minimal_npz/scan_69088.npz,873306,30db9c06852b6943e8bb849e85135c5400a48e99dc531787e62974dae7ff2550
69089,work/applause_dr4_tierA_busko_source_census_v094b/source_scan_minimal_npz/scan_69089.npz,821594,12c633ddbea0f19b9036073bebda56f169ec03a13db2255e80de16926c39fd05
69090,work/applause_dr4_tierA_busko_source_census_v094b/source_scan_minimal_npz/scan_69090.npz,347583,aa86a03a77becbe65c47d568dfad7d78184ebfbbe1b1595fc93295967b557bd3
69091,work/applause_dr4_tierA_busko_source_census_v094b/source_scan_minimal_npz/scan_69091.npz,419679,661ae33d92b0d2e3f5b84826ab8ba3db9a12ddde0e4e11f736c5c2e8ea107703
69092,work/applause_dr4_tierA_busko_source_census_v094b/source_scan_minimal_npz/scan_69092.npz,549130,f613c119bd3b6b3d93db1118a3a9e7d3085bb0c9c77fc865c5ee4eec0ce8165d
69093,work/applause_dr4_tierA_busko_source_census_v094b/source_scan_minimal_npz/scan_69093.npz,525600,3f6827b0f053be8d384e8f5ff9c392ceb26819ac79c3dc021a2def61a5b03015
69094,work/applause_dr4_tierA_busko_source_census_v094b/source_scan_minimal_npz/scan_69094.npz,716714,12453b38e3736930bab996ddb7d37104669f9f0c5453a6cce3914e806c47121e
69095,work/applause_dr4_tierA_busko_source_census_v094b/source_scan_minimal_npz/scan_69095.npz,718467,793bddf69afe530fc1ff1da3555c4f343b6c87852cc916af037ec97d362c7104
69096,work/applause_dr4_tierA_busko_source_census_v094b/source_scan_minimal_npz/scan_69096.npz,620361,78d73875b77d1d39e2a639f0dca2b0379d1dddd19832c33ece3cf19e27f2adc2
69097,work/applause_dr4_tierA_busko_source_census_v094b/source_scan_minimal_npz/scan_69097.npz,643780,29fc5caddaa1d3019a9d449ab42bdea6654a5127cb357fe8fe6d80f7583344a8
69366,work/applause_dr4_tierA_busko_source_census_v094b/source_scan_minimal_npz/scan_69366.npz,225333,4e656d77acc525be6ae3f688054f5dde9843fcafa569a7c72fce9b004c3dad15
69367,work/applause_dr4_tierA_busko_source_census_v094b/source_scan_minimal_npz/scan_69367.npz,202590,cd394de6500226f89639cc2c479483d129cad7a8212c2f938b1795c0e169c793
69548,work/applause_dr4_tierA_busko_source_census_v094b/source_scan_minimal_npz/scan_69548.npz,305890,db51f3ec8240fb6c7c8d184f5d221261f2597e83c65602ca6f2983479a53f951
69549,work/applause_dr4_tierA_busko_source_census_v094b/source_scan_minimal_npz/scan_69549.npz,312066,d25c4cc58aa83e51bc6442ad4d2e7be70d0fbb345eed857b7ff7c924363a2ec8
69550,work/applause_dr4_tierA_busko_source_census_v094b/source_scan_minimal_npz/scan_69550.npz,292676,ab159f43caf0a2b880d3baf9fd693a1f500ff7675b58f8bd67802ebfc5776da4
69551,work/applause_dr4_tierA_busko_source_census_v094b/source_scan_minimal_npz/scan_69551.npz,306075,1b171e3df16095c4e0919c0869a850fd579b6ae50b8b3e6dcc4e0e6a0e0c80d6
69552,work/applause_dr4_tierA_busko_source_census_v094b/source_scan_minimal_npz/scan_69552.npz,270555,fa22858a627dd9c611e8dd27b4444e4f3eb2e1d94592c907f6aec5276e06a696
69553,work/applause_dr4_tierA_busko_source_census_v094b/source_scan_minimal_npz/scan_69553.npz,286093,20283d4bf89c4ca775281bf8dcdbc5620fba97458b4341834d3d113dbd970ea9
69554,work/applause_dr4_tierA_busko_source_census_v094b/source_scan_minimal_npz/scan_69554.npz,341858,1a30588832a4bb84204665f9d3dfab0a75faaf8d7d1116f13c2e1d718f286f00
69555,work/applause_dr4_tierA_busko_source_census_v094b/source_scan_minimal_npz/scan_69555.npz,298330,9d707fa22458f2514c58445d02dba9c6796cb179918cd967897270f8941c25a1
69556,work/applause_dr4_tierA_busko_source_census_v094b/source_scan_minimal_npz/scan_69556.npz,287481,655330c3df7bbdc966a32c5f0591315480adaa2580567fe156b2f564ff31dcb5
69557,work/applause_dr4_tierA_busko_source_census_v094b/source_scan_minimal_npz/scan_69557.npz,273602,6949e3dc20c100249e3112d5eeecefdb3d58dd2c4a440981038b8b31a82f5dca
69558,work/applause_dr4_tierA_busko_source_census_v094b/source_scan_minimal_npz/scan_69558.npz,244797,1a9f78c7281aacb6998b18d9a4d79ea2fc15584d494eb46b7c4f9181e8cc6494
69559,work/applause_dr4_tierA_busko_source_census_v094b/source_scan_minimal_npz/scan_69559.npz,229898,d6589e32af257bebbaa2fc58d76ed3cbd283d3e977e02875e43d33446bf314fa
69560,work/applause_dr4_tierA_busko_source_census_v094b/source_scan_minimal_npz/scan_69560.npz,256071,ec53175934629999b9285537c4da2a4549a838f698fe48b7616cfde2ffc2e0ce
69561,work/applause_dr4_tierA_busko_source_census_v094b/source_scan_minimal_npz/scan_69561.npz,242533,611f20b6c42acd1d6530ca1befa4874fdfcc8f2f8f89588c1ca322b493abd965
69825,work/applause_dr4_tierA_busko_source_census_v094b/source_scan_minimal_npz/scan_69825.npz,208412,01066572873e21620372f8afe3577fc11becf13ba641a4cfcd701036a3d8ff66
69826,work/applause_dr4_tierA_busko_source_census_v094b/source_scan_minimal_npz/scan_69826.npz,199366,104ca9442306cfd94e63737669dc87fb31e71784b704b483331df58aba3339ff
72933,work/applause_dr4_tierA_busko_source_census_v094b/source_scan_minimal_npz/scan_72933.npz,213339,0fe63fa41a024a4c0e69aaac1bfaf68c0896a37124617767e417db0c183811df
72934,work/applause_dr4_tierA_busko_source_census_v094b/source_scan_minimal_npz/scan_72934.npz,201454,31e076131e1c474639993c1a1686c8cd98a5e12e7f8ee85d7adb8aacb673eca7
73041,work/applause_dr4_tierA_busko_source_census_v094b/source_scan_minimal_npz/scan_73041.npz,374620,2e8d44fecdb6f0a40c65be428c6e7aca4c1d5b511313c717f2b6b80ef16c2ce8
104759,work/applause_dr4_tierA_busko_source_census_v094b/source_scan_minimal_npz/scan_104759.npz,500620,eb519a06e75e965928d87789da3190ba3169c41b23cf0ed79bf68a035cea7571
104760,work/applause_dr4_tierA_busko_source_census_v094b/source_scan_minimal_npz/scan_104760.npz,421027,c8583993d319635437cddecac05a9be9f9f04a56d9fb03fc1342e04840b7459b
105202,work/applause_dr4_tierA_busko_source_census_v094b/source_scan_minimal_npz/scan_105202.npz,196709,ff1f2c4b83b12168f734758fcca7294b0756817cfa883d71d015da9ad5f14d4e
105203,work/applause_dr4_tierA_busko_source_census_v094b/source_scan_minimal_npz/scan_105203.npz,264109,05ca16897ccd0369bf90e536d1b91121ac39f38e02eedf913613ee2ef42f5254
105220,work/applause_dr4_tierA_busko_source_census_v094b/source_scan_minimal_npz/scan_105220.npz,975470,3e9c437fc5d0ef504255032653a103ddbae78d652c88e7beca8df5938175014a
105623,work/applause_dr4_tierA_busko_source_census_v094b/source_scan_minimal_npz/scan_105623.npz,789592,f089c175a25ca701fff9cb5b35c12f78d5e53e1835ca2b7256c2e703f7b7b265
105624,work/applause_dr4_tierA_busko_source_census_v094b/source_scan_minimal_npz/scan_105624.npz,865869,22cf53e4faf5e3d67a4f7c873f03b36d09cee2ef6a03e6cf8cbcbe1ed67f5f6e
105627,work/applause_dr4_tierA_busko_source_census_v094b/source_scan_minimal_npz/scan_105627.npz,680410,07bcf2378deaafd3af4397a1571605569c49f692f8a8cde6489250befc15c67a
105628,work/applause_dr4_tierA_busko_source_census_v094b/source_scan_minimal_npz/scan_105628.npz,565423,360ac7d6db4d2855e487d224c774f880edbb74d9c38132f1fda19a430ac31247
105629,work/applause_dr4_tierA_busko_source_census_v094b/source_scan_minimal_npz/scan_105629.npz,515413,215b4fcab7071eb3f2a568b25bb193cdb1c577257503db2849cc9adcf1f77561
105630,work/applause_dr4_tierA_busko_source_census_v094b/source_scan_minimal_npz/scan_105630.npz,265637,41960dec0c73f8cce42ce42120f5a4acdff318a833f71ee47759fb5e48aab1d9
105631,work/applause_dr4_tierA_busko_source_census_v094b/source_scan_minimal_npz/scan_105631.npz,278724,96055a931f8b75b17ee8f2816d8b77632d5218baf9810f9dd624e32605bc8b27
105723,work/applause_dr4_tierA_busko_source_census_v094b/source_scan_minimal_npz/scan_105723.npz,480581,f190fa8063489adf6289e215f9b2dc4b9cc92a5db570a03d0ab3c71c0bff591a
105727,work/applause_dr4_tierA_busko_source_census_v094b/source_scan_minimal_npz/scan_105727.npz,327809,4a9554292b43b5910b252ef96c9c5568fd0b957e63b9b45b24a3c19c9c66527d
105729,work/applause_dr4_tierA_busko_source_census_v094b/source_scan_minimal_npz/scan_105729.npz,385646,d6ea5df71a07879a9e6b64b28fb8111c0fdaa429104425d3c110221466f83e00
105731,work/applause_dr4_tierA_busko_source_census_v094b/source_scan_minimal_npz/scan_105731.npz,583572,8f264746c6497c5e2826c3c4770a9e61d3f00017d11181b4bb50486424dd78c7
105732,work/applause_dr4_tierA_busko_source_census_v094b/source_scan_minimal_npz/scan_105732.npz,259401,82787e38573d37538d0e9993e2bb4ce0465f37759966478c1ab6b7306ed7ea05
105739,work/applause_dr4_tierA_busko_source_census_v094b/source_scan_minimal_npz/scan_105739.npz,318997,11e60f343128bf29f0c578aa622a08d2bf224f816ea77575d6269ae941ebdfcf
105740,work/applause_dr4_tierA_busko_source_census_v094b/source_scan_minimal_npz/scan_105740.npz,222989,16ea4bb0ffe855c5e6eaafef541044502ee7e5394740000a6275700be86b10e3
105758,work/applause_dr4_tierA_busko_source_census_v094b/source_scan_minimal_npz/scan_105758.npz,59749,024b5e8ae69a9ffea8f0710ef2aa44fa1d0b0124dd69d99cc83ea385ca25df83
105761,work/applause_dr4_tierA_busko_source_census_v094b/source_scan_minimal_npz/scan_105761.npz,984085,c6809c373f44b3b0c2e24de7ec2512a83742df082815f26f98e939ac8529ef15
105762,work/applause_dr4_tierA_busko_source_census_v094b/source_scan_minimal_npz/scan_105762.npz,1047440,a7d54ab2eeb619a5cac23d5c9064d012bcf0d720409f7ab5d52c4e53da5b4fc7
105766,work/applause_dr4_tierA_busko_source_census_v094b/source_scan_minimal_npz/scan_105766.npz,678336,90da7061ad00b68b3220c2b6f589f269f1b5aea67ac48dbff214a72294f02842
105782,work/applause_dr4_tierA_busko_source_census_v094b/source_scan_minimal_npz/scan_105782.npz,566799,26561fa571c41db846a8dcc780960df88a8beacfdf7b3fa27a5b12adcf2f168f
105783,work/applause_dr4_tierA_busko_source_census_v094b/source_scan_minimal_npz/scan_105783.npz,294456,4c66e0af91d9e5e7431c1da29df39094b24f69aefc9b1daf3ca5d17fcf5e1ad3
105787,work/applause_dr4_tierA_busko_source_census_v094b/source_scan_minimal_npz/scan_105787.npz,463716,7d9980c665262f178b51b2560fcaec1710077d1bad7afaaf32217218eede547d
105803,work/applause_dr4_tierA_busko_source_census_v094b/source_scan_minimal_npz/scan_105803.npz,893606,53f36cecc6d84589b60ce6d3886f7ab58883f201f5be8ca3a9336744d70ceb2f
105805,work/applause_dr4_tierA_busko_source_census_v094b/source_scan_minimal_npz/scan_105805.npz,1029455,fbea018d09197563e1a8868a63313dfbf1311c9304c75403acd7ca8a8b1be67d
106397,work/applause_dr4_tierA_busko_source_census_v094b/source_scan_minimal_npz/scan_106397.npz,268192,ce4fe99e01b5c03c432e28dfe198c32f8a60f589fcc94090c4163acdb9f5a4a7
106398,work/applause_dr4_tierA_busko_source_census_v094b/source_scan_minimal_npz/scan_106398.npz,337579,ef03b961eb977741aa1046ea836cdbbbc5caa0f63b6c2c2a6fa8fde845d37305
106495,work/applause_dr4_tierA_busko_source_census_v094b/source_scan_minimal_npz/scan_106495.npz,165336,ed1189040831424a5419f7369c0f281c1b2f682403a7d91d355a2c1befa899dd
106496,work/applause_dr4_tierA_busko_source_census_v094b/source_scan_minimal_npz/scan_106496.npz,136913,f594383dfccef762415c8b788e5b12dd1e8259c763f83f774c8bb7a0bc92b340
106703,work/applause_dr4_tierA_busko_source_census_v094b/source_scan_minimal_npz/scan_106703.npz,703003,e90f30df1942f58b7a007e58b6293bc4277c7591bdd6be544a92b53e3633dfa1
106754,work/applause_dr4_tierA_busko_source_census_v094b/source_scan_minimal_npz/scan_106754.npz,676525,4db0608140f64cdbc91303d69c92bd331e4818448eaedada0d9bb96ccb377f07
106755,work/applause_dr4_tierA_busko_source_census_v094b/source_scan_minimal_npz/scan_106755.npz,670212,1d8db7c48311332d660178d076999775a1403f05192c7bdfec81a79f58478776
106843,work/applause_dr4_tierA_busko_source_census_v094b/source_scan_minimal_npz/scan_106843.npz,319396,36cdf780f6aad9cc36fc6231d08370b218bf5018e852c2edd3ce29fbb555340d
106844,work/applause_dr4_tierA_busko_source_census_v094b/source_scan_minimal_npz/scan_106844.npz,293935,99c04cfc5956dfbcbe78a2dfabed1f22d591822187295e1f829de25264ccb1f4
107454,work/applause_dr4_tierA_busko_source_census_v094b/source_scan_minimal_npz/scan_107454.npz,710124,20b1bc5e1aec06f57ebd3b572b8517ad13e2d4133e634742edbdae6b61cf46f7
107468,work/applause_dr4_tierA_busko_source_census_v094b/source_scan_minimal_npz/scan_107468.npz,543954,d9352f5eae36713cfb91c124d47be09d57b3be5b52f07066f62c854c29b0f5d0
107472,work/applause_dr4_tierA_busko_source_census_v094b/source_scan_minimal_npz/scan_107472.npz,571152,106976e3ec226b8845d58c2c452324267dd84b24dc4a6da12876cc73a7599b99
107530,work/applause_dr4_tierA_busko_source_census_v094b/source_scan_minimal_npz/scan_107530.npz,314508,c7c0f91767c3a12f6e73fe5cfc3b8bf8624377481236a5c134c07254ae355daa
107531,work/applause_dr4_tierA_busko_source_census_v094b/source_scan_minimal_npz/scan_107531.npz,366277,a1ae62e51e8c47c9e929fb4415a1ea2adc275b52cfd19730513a06aaecbd0296
107543,work/applause_dr4_tierA_busko_source_census_v094b/source_scan_minimal_npz/scan_107543.npz,349414,7923d48031d349a9b57d2bd6711c3cae48a7e46bc7c2b0a9fd23853ae4df7b7e
107544,work/applause_dr4_tierA_busko_source_census_v094b/source_scan_minimal_npz/scan_107544.npz,311381,f6fc66879e9295cad73f0cc2e9d1e7e96eb5790a2fc0f0a0499c8c8908e93154
107545,work/applause_dr4_tierA_busko_source_census_v094b/source_scan_minimal_npz/scan_107545.npz,277657,6d4f45f5893e0caf0d1432f0545ab2719d6d0e3d007b8f2929ec9bfd35c1d718
107546,work/applause_dr4_tierA_busko_source_census_v094b/source_scan_minimal_npz/scan_107546.npz,318491,837c373b8b812482b6e9adcf6b7b3bc67ae96ac852f2a804c48061b06528d0ca
107547,work/applause_dr4_tierA_busko_source_census_v094b/source_scan_minimal_npz/scan_107547.npz,294152,511ea643462e6fcae5cbca114152bbcfb83b3ec0a1d7051c66c1e05142ba7e2c
107548,work/applause_dr4_tierA_busko_source_census_v094b/source_scan_minimal_npz/scan_107548.npz,285042,23631963c98e4df7203d62303eefb4853b5eccc69d12350dad53f365df7a6138
107549,work/applause_dr4_tierA_busko_source_census_v094b/source_scan_minimal_npz/scan_107549.npz,271463,96cb3ccc83d409f292886599c964faa62a7bcfd828ef3c7a68b2e4ae3931acca
107576,work/applause_dr4_tierA_busko_source_census_v094b/source_scan_minimal_npz/scan_107576.npz,543808,8bc460423a335553a9505465e6e8c2cd92e0fd6353df84c4a34a2edb6466662c
107577,work/applause_dr4_tierA_busko_source_census_v094b/source_scan_minimal_npz/scan_107577.npz,538497,32a94db8ce69724c7ac375e1a8296e5e9b24f622208b0fe58667558aef547dae
107828,work/applause_dr4_tierA_busko_source_census_v094b/source_scan_minimal_npz/scan_107828.npz,845897,769db3a088f3d2701686c569fd33dbd8dd89829520f27168ba13ec1969cfcfd8
107859,work/applause_dr4_tierA_busko_source_census_v094b/source_scan_minimal_npz/scan_107859.npz,297108,f9b551a1278011c9461652009041194e60f14a6ff2c1f7c85cbfb86b12bd5345
107860,work/applause_dr4_tierA_busko_source_census_v094b/source_scan_minimal_npz/scan_107860.npz,267573,f2700cf046c6cc09dccaa154589e0f095b84cd76fd05ad52d46668e83b2c26bb
107868,work/applause_dr4_tierA_busko_source_census_v094b/source_scan_minimal_npz/scan_107868.npz,395895,bebed2731f351547014a70e004e85987608b54b9d79b4a5386fd844abd4dca5e
107962,work/applause_dr4_tierA_busko_source_census_v094b/source_scan_minimal_npz/scan_107962.npz,602488,92cc0eaf2970c82bb38dabffdf08e783f88eb3cb01fcbe1b8b3345c093a1b31d
107963,work/applause_dr4_tierA_busko_source_census_v094b/source_scan_minimal_npz/scan_107963.npz,605423,9dc28552e8ffe9e6512795d9c1c725eb0607bd00e01b950baa34d5666c66b4b7
107970,work/applause_dr4_tierA_busko_source_census_v094b/source_scan_minimal_npz/scan_107970.npz,258343,e668d3b41dbe439ad178f62b348dac010dcea851ccef2e9251fe6217d54e5771
107971,work/applause_dr4_tierA_busko_source_census_v094b/source_scan_minimal_npz/scan_107971.npz,264780,6b1c4788ca4a9c3d8f394646305f569a27dd4f4a5b5a35b3e28ef813cd25a4c9
107978,work/applause_dr4_tierA_busko_source_census_v094b/source_scan_minimal_npz/scan_107978.npz,234843,fe797e6659b84ee9acab72f5d8bbe7b4cc972c18d1e3bd05ca7a69c5890abded
107979,work/applause_dr4_tierA_busko_source_census_v094b/source_scan_minimal_npz/scan_107979.npz,208571,969a3f3a3096046c42866768a9e862e5340ac0a2d4b6f8459e1a692437c6e3a4
107980,work/applause_dr4_tierA_busko_source_census_v094b/source_scan_minimal_npz/scan_107980.npz,282204,6290096c15408ba2f5d639b033816c20d77b44bc183e438bbb0ebb4076a4e7d0
107985,work/applause_dr4_tierA_busko_source_census_v094b/source_scan_minimal_npz/scan_107985.npz,161602,ed2c29d468b83213965b5b5d010ac22601f957e5353c1e2284886048cb6e1db1
107986,work/applause_dr4_tierA_busko_source_census_v094b/source_scan_minimal_npz/scan_107986.npz,590486,8cf542973534b3de46d5b79246d0127756db2f0e7e0a0628ecfdc4a27223d71b
108202,work/applause_dr4_tierA_busko_source_census_v094b/source_scan_minimal_npz/scan_108202.npz,309436,95bcbe31a852b2a38f2369f920315cc74cca32fbe756e40f47f72a6d7d8efd0b
108208,work/applause_dr4_tierA_busko_source_census_v094b/source_scan_minimal_npz/scan_108208.npz,168235,bd5e43591063562d467bdc9967edd0faf6bf6fc9223ba377e3be272561774a11
108212,work/applause_dr4_tierA_busko_source_census_v094b/source_scan_minimal_npz/scan_108212.npz,634573,a1435805a46cf6191bbad18d48a52bb4be33f4f3ad4655603a2644b31b81759c
108213,work/applause_dr4_tierA_busko_source_census_v094b/source_scan_minimal_npz/scan_108213.npz,595762,a0f5eab3915796fbb103eb26c3069c8888fa37d45a5f88fcee3ae0846a37d2c5
108215,work/applause_dr4_tierA_busko_source_census_v094b/source_scan_minimal_npz/scan_108215.npz,437974,650feb29913e88909688385fdd6035fe07b7dd02d9cc9c9a150fcd4b6329e054
108216,work/applause_dr4_tierA_busko_source_census_v094b/source_scan_minimal_npz/scan_108216.npz,746412,c90be0918c852dc82c36e1333524b85111c790bf7069b22bdd28b26331fce554
108217,work/applause_dr4_tierA_busko_source_census_v094b/source_scan_minimal_npz/scan_108217.npz,664175,19f7e0af1adf986332b0b51c86fbd8e14f4cfda256667ab8abfdc121ae3c892d
108219,work/applause_dr4_tierA_busko_source_census_v094b/source_scan_minimal_npz/scan_108219.npz,746409,5c200cc317b6b3930e084ba1d457d46fcb50638aa877a45f9e614785b55ffc69
108220,work/applause_dr4_tierA_busko_source_census_v094b/source_scan_minimal_npz/scan_108220.npz,664084,fdbed3f683c90c2195211ce83b94805f03e6c545dfa8595de36ea4ea17634f12
108324,work/applause_dr4_tierA_busko_source_census_v094b/source_scan_minimal_npz/scan_108324.npz,265624,70a561abd55db1f1a7ed17ef4482cf4f2d3f795f321d9cd6d50e3151965da406
108325,work/applause_dr4_tierA_busko_source_census_v094b/source_scan_minimal_npz/scan_108325.npz,316539,6f7df2226fad1fd19ea41d6d250b9d432e65dcfedd603fc424f1475205e2a312
108326,work/applause_dr4_tierA_busko_source_census_v094b/source_scan_minimal_npz/scan_108326.npz,348487,2b63843d9a4fd7bf9b5b0381a1afcf33abd0873320536dc6e558a54c9fe4067e
108336,work/applause_dr4_tierA_busko_source_census_v094b/source_scan_minimal_npz/scan_108336.npz,523329,e9af8c88c7c262bfeae42a041c22a3fa814c9e4b598915de41e1aa88d90b40ee
108348,work/applause_dr4_tierA_busko_source_census_v094b/source_scan_minimal_npz/scan_108348.npz,1239780,8a2f2ce8bcb55bfb513638d6ac953ecdfcedc011f8d673eee5101342b3242067
108349,work/applause_dr4_tierA_busko_source_census_v094b/source_scan_minimal_npz/scan_108349.npz,1285583,322f9c24919e6702d42827f05206fefbd4a65a012786efe8b4f018815b5b9ce2
108359,work/applause_dr4_tierA_busko_source_census_v094b/source_scan_minimal_npz/scan_108359.npz,1175674,695518fd50ea0aa0867bd1a3ee638d5d64e8a5c77c5e2ded9e39fb9436804b02
108360,work/applause_dr4_tierA_busko_source_census_v094b/source_scan_minimal_npz/scan_108360.npz,1154258,e92112e0e6323726f54f922f27a0b1eac84b5fc54cd803bc340f4311fac3ff03
108548,work/applause_dr4_tierA_busko_source_census_v094b/source_scan_minimal_npz/scan_108548.npz,345298,95fc228df1bf4daddf1dd5842b27ad00053a96e94b024b8a05ba1658ce7c1aa7
108549,work/applause_dr4_tierA_busko_source_census_v094b/source_scan_minimal_npz/scan_108549.npz,366774,5ee54ba7da6c4ecf804e5826bacbecece9b2082cc3d5db3544418db5ee2de65b
108550,work/applause_dr4_tierA_busko_source_census_v094b/source_scan_minimal_npz/scan_108550.npz,297038,0e868f3c69309e4af6528737d05ecbc49fb00221525bf15810b15b991b9344cd
108564,work/applause_dr4_tierA_busko_source_census_v094b/source_scan_minimal_npz/scan_108564.npz,347552,fb15f45d3cf5f6647ff3097bae47f60441e0cbaec7948e4d93c3950df29de38b
109111,work/applause_dr4_tierA_busko_source_census_v094b/source_scan_minimal_npz/scan_109111.npz,429400,4105d0333ca26fa5daad37b7a9354f3a3b0525b9cd5a283a61d9bfa1bd5d8578
109112,work/applause_dr4_tierA_busko_source_census_v094b/source_scan_minimal_npz/scan_109112.npz,373285,7f6b2e442358511e4fe75ac66fb318019df2e323604c029a42efb6c87f4800af
109177,work/applause_dr4_tierA_busko_source_census_v094b/source_scan_minimal_npz/scan_109177.npz,555785,fe84234368b5c1b7f393466359b2cbf929db22bbae6642cc5f8d838224003446
109188,work/applause_dr4_tierA_busko_source_census_v094b/source_scan_minimal_npz/scan_109188.npz,268112,925f245544dec9932165b0fe2b469995381abe4bd5f28af42b910b5a5826d61b
109189,work/applause_dr4_tierA_busko_source_census_v094b/source_scan_minimal_npz/scan_109189.npz,196488,3b97ad89e1b99292224f5603067c82f72240201454c8142de23ae9c27051785e
109228,work/applause_dr4_tierA_busko_source_census_v094b/source_scan_minimal_npz/scan_109228.npz,335864,71014dd2545132822f5896db990888172a2b0d1c2abae80145a920c31c7e9714
109229,work/applause_dr4_tierA_busko_source_census_v094b/source_scan_minimal_npz/scan_109229.npz,358242,451a43c53fd3d763d624c0d3854a308fbc030178f14bd9466a057b45a6e89569
109255,work/applause_dr4_tierA_busko_source_census_v094b/source_scan_minimal_npz/scan_109255.npz,313801,7b86170ece83ad1c7834905affde4dd224e0dfd069b42ba5e317b9ccac151284
109256,work/applause_dr4_tierA_busko_source_census_v094b/source_scan_minimal_npz/scan_109256.npz,258681,5f028ed6ba6d35233aad39456554e176b3006b313d85b4add55beafead9ed9f4
109257,work/applause_dr4_tierA_busko_source_census_v094b/source_scan_minimal_npz/scan_109257.npz,296111,53f05eb57f5850b5d65b7b15aa4fc4d723f5244ae4abd825088b4c799db62dbd
109258,work/applause_dr4_tierA_busko_source_census_v094b/source_scan_minimal_npz/scan_109258.npz,154313,7fbe53c573e4ae7a9789d9f4d9b378e742ebfb74adb789e1c164c4f14c495b0f
109259,work/applause_dr4_tierA_busko_source_census_v094b/source_scan_minimal_npz/scan_109259.npz,144029,59d09b3c4b3e5aca122104c5d06a03b3f9ca1ef88586661b793e06ef4dcaf4ef
109260,work/applause_dr4_tierA_busko_source_census_v094b/source_scan_minimal_npz/scan_109260.npz,163741,3bea27fb74503c834b5c18c911669285bfab2577593aa7fdd4e236ce3ace0fbc
109273,work/applause_dr4_tierA_busko_source_census_v094b/source_scan_minimal_npz/scan_109273.npz,598291,9de70aa4e9fd42acfa70578963a7d55dd60ad6a79c0481cd55a46be6e03da521
109274,work/applause_dr4_tierA_busko_source_census_v094b/source_scan_minimal_npz/scan_109274.npz,624603,8751883505e6c68e096377ba3c71cfd83198946fdd0371cfee7ace062e1b36a5
109438,work/applause_dr4_tierA_busko_source_census_v094b/source_scan_minimal_npz/scan_109438.npz,323732,21e812d28196dd9a1b300b766ea8eb96279ce62bd8627ccffc67e6287d58a030
109439,work/applause_dr4_tierA_busko_source_census_v094b/source_scan_minimal_npz/scan_109439.npz,324813,54c6f2e85a69d3287a1aa0cc35c97c4e9c9427fae5d4bb517d74fed7ad65d90b
109440,work/applause_dr4_tierA_busko_source_census_v094b/source_scan_minimal_npz/scan_109440.npz,319868,b4edb66bb5032ceafe60771032273f53cc6669e14edc164a7b6e34f50b4b13db
109441,work/applause_dr4_tierA_busko_source_census_v094b/source_scan_minimal_npz/scan_109441.npz,357596,99a025f070175a9e9f85d01fd1edcee65fff34626e0cc0b0d10224442ae52060
109444,work/applause_dr4_tierA_busko_source_census_v094b/source_scan_minimal_npz/scan_109444.npz,742466,2b529ae1c92e4016a8168879e828552b46152436911d6bcbcd989f61beb1dfdc
109445,work/applause_dr4_tierA_busko_source_census_v094b/source_scan_minimal_npz/scan_109445.npz,566,3c4bde4a5dcdfdddbc0b2030bc5bc1361d64fdf8fa02c7a624740804eeb9f250
109447,work/applause_dr4_tierA_busko_source_census_v094b/source_scan_minimal_npz/scan_109447.npz,744813,01e769bfbf8aab9b1ffcc71ccfe2e5ada50c26957b753a09e6f7f1d00802364e
109911,work/applause_dr4_tierA_busko_source_census_v094b/source_scan_minimal_npz/scan_109911.npz,177999,c7ea4c74976cbe0c8a986d8b6d3a17495eaa04adfb5ad0a67074d3e2badbc57a
109912,work/applause_dr4_tierA_busko_source_census_v094b/source_scan_minimal_npz/scan_109912.npz,179885,b5babc3a591ed0a59fa72d65778a8f5a5788c41693845b0d74abab8eb03cda48
109913,work/applause_dr4_tierA_busko_source_census_v094b/source_scan_minimal_npz/scan_109913.npz,251734,7d599981791e02bf42e46e8bc48bf64b1c2f7f743df993da61360c374f81fe26
109914,work/applause_dr4_tierA_busko_source_census_v094b/source_scan_minimal_npz/scan_109914.npz,227409,2f8ff7204f3be9b551e25bcc0b97a49228e83441147bad83cf61a091441ea3d4
109915,work/applause_dr4_tierA_busko_source_census_v094b/source_scan_minimal_npz/scan_109915.npz,176747,9b61df582a07ac149305b6dcba0af16b464ea8ee1484fb96a059ffed18152dfb
109920,work/applause_dr4_tierA_busko_source_census_v094b/source_scan_minimal_npz/scan_109920.npz,235523,5e70409120066b9917c9c63316dc4bd44aaf4d1db30a49c358c7e87128a7ad51
109921,work/applause_dr4_tierA_busko_source_census_v094b/source_scan_minimal_npz/scan_109921.npz,243883,73f6187097cf8daf0827b34006ea7d47adb7ca2c8c3226fd7e1ca50cf68a2af9
109922,work/applause_dr4_tierA_busko_source_census_v094b/source_scan_minimal_npz/scan_109922.npz,201908,6f355b86ce1446d270febe84e0d74ba115b308ed203e7095515693e331c31102
109923,work/applause_dr4_tierA_busko_source_census_v094b/source_scan_minimal_npz/scan_109923.npz,194179,3c234a2b070add7a8f1595bffb850ca26c9ed775b7d886c2179839bed8cd35af
109927,work/applause_dr4_tierA_busko_source_census_v094b/source_scan_minimal_npz/scan_109927.npz,635997,dbe430c70ab67b169febe20f1d0674ac4889c07e17cf8df2328c582bcd373b4d
109928,work/applause_dr4_tierA_busko_source_census_v094b/source_scan_minimal_npz/scan_109928.npz,550807,e6126617300e301d358a4b76ad1c31f12613109d486902cbfc1a91d9df7bc201
111149,work/applause_dr4_tierA_busko_source_census_v094b/source_scan_minimal_npz/scan_111149.npz,790596,fd3087235f6626c43f003d7eacbaa9b2d60f01dede145120accfc02919f9b071
111165,work/applause_dr4_tierA_busko_source_census_v094b/source_scan_minimal_npz/scan_111165.npz,565666,a54f3b96756cd47f0417cc17d90aa4181024fd5d4733ffa4bbd0e624a73406b0
111347,work/applause_dr4_tierA_busko_source_census_v094b/source_scan_minimal_npz/scan_111347.npz,758568,d55c28e65cb1bd170df776e00d899ab0b1302f6f854aa9d960609f3ad8b0126c
111427,work/applause_dr4_tierA_busko_source_census_v094b/source_scan_minimal_npz/scan_111427.npz,540252,0f72ac69dd90652c8b7bec4f0087aa4f6ec11ad2d01fdfb003cbc44e223e15c9
111428,work/applause_dr4_tierA_busko_source_census_v094b/source_scan_minimal_npz/scan_111428.npz,452260,787581b03f483743d1acd7607d94637300985d7616aebd3e3b4392a08d522c50
111527,work/applause_dr4_tierA_busko_source_census_v094b/source_scan_minimal_npz/scan_111527.npz,901380,19f8deb79e0bafa7b33ffb7a4b9b6db86245e6d6ca0973af54824e72a726e9cf
111529,work/applause_dr4_tierA_busko_source_census_v094b/source_scan_minimal_npz/scan_111529.npz,856789,80e4549122a07991e4c3d07c97b0ad6e8e40f58d3d51d64baed445d398bd3b14
111625,work/applause_dr4_tierA_busko_source_census_v094b/source_scan_minimal_npz/scan_111625.npz,1065017,9db0ad7abf013f4cd04e12bcf6d1981f7928e94bdea0c06a0cf9d4eb80a62891
111731,work/applause_dr4_tierA_busko_source_census_v094b/source_scan_minimal_npz/scan_111731.npz,478401,7c630478acc1a58373e1e783fae2c2abdf297b2bcbcdf7f134b5dbfc4469995c
111736,work/applause_dr4_tierA_busko_source_census_v094b/source_scan_minimal_npz/scan_111736.npz,347141,78daae2955bfe0518a2a6d5a254861f8764537fa1ea6ebfc4e3f8da9a3ab2855
113036,work/applause_dr4_tierA_busko_source_census_v094b/source_scan_minimal_npz/scan_113036.npz,406753,eb2340e435409d0a0735762377fdffca393495cd77c294fe55008911e5259a42
113037,work/applause_dr4_tierA_busko_source_census_v094b/source_scan_minimal_npz/scan_113037.npz,227652,dcc3810c2fb3fa6188e0aee91aaa927e3bc3b4bfcef91d8548e964e2cfca8770
113296,work/applause_dr4_tierA_busko_source_census_v094b/source_scan_minimal_npz/scan_113296.npz,552531,1df8082c6b37879daa531a25047748fb09c1ca1fc735d4edf67d69a046968e74
113298,work/applause_dr4_tierA_busko_source_census_v094b/source_scan_minimal_npz/scan_113298.npz,606727,1d18986391567c35d1e8225be074113a7e191d7b79b7b00ca3eb8f4eac8f994f
113385,work/applause_dr4_tierA_busko_source_census_v094b/source_scan_minimal_npz/scan_113385.npz,988899,0338c0b1f7878d8eddfb298be1fa2063c77e55d333e8e5d4b43218ba57c52c88
113428,work/applause_dr4_tierA_busko_source_census_v094b/source_scan_minimal_npz/scan_113428.npz,897708,ad4870eaef2dc0ef7a5be483cf3cbb084ba2532bf2ddf5d2e459ad741af03c49
113507,work/applause_dr4_tierA_busko_source_census_v094b/source_scan_minimal_npz/scan_113507.npz,852571,f6fc396a9fb18a216557dcb98ae194e6d9ab8cc2ff7bbc6c5757e44bdac4475a
113536,work/applause_dr4_tierA_busko_source_census_v094b/source_scan_minimal_npz/scan_113536.npz,589004,38b32b7023792a7ba5053dd610cb0946800938589596a37505dfe5944b03743e
113537,work/applause_dr4_tierA_busko_source_census_v094b/source_scan_minimal_npz/scan_113537.npz,701195,6af56fc428b55e42a7bc58d6d63a4182fe43d8de6b3914f753ff86a4eb3b1e0d
113697,work/applause_dr4_tierA_busko_source_census_v094b/source_scan_minimal_npz/scan_113697.npz,373604,d9a3480d0808f0ed0307d3c21a5a21ea22771236643e4377ae65954be4996ccd
113700,work/applause_dr4_tierA_busko_source_census_v094b/source_scan_minimal_npz/scan_113700.npz,475777,ec05e425f6f1a8aa3d6c6437f7f36a4b638708150f614318ef55660cb5d65d7a
113925,work/applause_dr4_tierA_busko_source_census_v094b/source_scan_minimal_npz/scan_113925.npz,278996,cbe2fc787b3553c67ed24b9729c662d580941c9f47de2e9eb93e0dd2feae63d7
114022,work/applause_dr4_tierA_busko_source_census_v094b/source_scan_minimal_npz/scan_114022.npz,514036,d2ca474fabb30423e070404667addae32201805cf7f28ad349a7de0fe90917b1
114032,work/applause_dr4_tierA_busko_source_census_v094b/source_scan_minimal_npz/scan_114032.npz,787874,6bc24fc79d331132d51f15092223325f4b9a1a8b28cf50729ba8b82c66ce4c7b
114628,work/applause_dr4_tierA_busko_source_census_v094b/source_scan_minimal_npz/scan_114628.npz,257373,440f9bf8b9b736d206e61f1e633cc2d204962d86bc2c26394dec4775e34d0aa9
114631,work/applause_dr4_tierA_busko_source_census_v094b/source_scan_minimal_npz/scan_114631.npz,63258,a8bc522f134d79f743616d7cd70e9cb3a7a63233c7bf00b3bb2d6d7119da8323
114677,work/applause_dr4_tierA_busko_source_census_v094b/source_scan_minimal_npz/scan_114677.npz,566,3c4bde4a5dcdfdddbc0b2030bc5bc1361d64fdf8fa02c7a624740804eeb9f250
114678,work/applause_dr4_tierA_busko_source_census_v094b/source_scan_minimal_npz/scan_114678.npz,360959,a94f5c7a5bde81183c0abbfad750ecbecb9a7db25d513af60ffcd6a1ad75e702
114681,work/applause_dr4_tierA_busko_source_census_v094b/source_scan_minimal_npz/scan_114681.npz,422319,51daabef688226eb3157485c98f31515c096684fbf105eea0887f083efe223b5
114682,work/applause_dr4_tierA_busko_source_census_v094b/source_scan_minimal_npz/scan_114682.npz,566,3c4bde4a5dcdfdddbc0b2030bc5bc1361d64fdf8fa02c7a624740804eeb9f250
114685,work/applause_dr4_tierA_busko_source_census_v094b/source_scan_minimal_npz/scan_114685.npz,380787,900d7fb361e93b8dbf36b68753f20850fdc43ad95ece6ad06f37933a65576eb7
114689,work/applause_dr4_tierA_busko_source_census_v094b/source_scan_minimal_npz/scan_114689.npz,315269,504a9fabc6f47574a55ba6b3a00ea41f224294ef782004fe4d26c0c4cedef5e3
114782,work/applause_dr4_tierA_busko_source_census_v094b/source_scan_minimal_npz/scan_114782.npz,303817,a4be5bbc1c78c34384a9098a9f99cef7785c64fa97e5633b2af53ca91d5bbf98
114786,work/applause_dr4_tierA_busko_source_census_v094b/source_scan_minimal_npz/scan_114786.npz,378776,1608893b37b06572cfdd80ef1a8c5fe25b225586311193e3891154aadfffc4a9
114790,work/applause_dr4_tierA_busko_source_census_v094b/source_scan_minimal_npz/scan_114790.npz,382420,709f1d6b2b289e914ff463f9f02c69a310600f7fd6a5a4c21829376c1b5fb01a
114798,work/applause_dr4_tierA_busko_source_census_v094b/source_scan_minimal_npz/scan_114798.npz,217673,7c422223fd15be225f19a1b77676bfc326ad0c07d0db038496cdeb34326c59a0
114802,work/applause_dr4_tierA_busko_source_census_v094b/source_scan_minimal_npz/scan_114802.npz,386535,bf84840d9bfdb3c0d001c70a50396bd1184380ae1ac8ec118027405e516c4202
114806,work/applause_dr4_tierA_busko_source_census_v094b/source_scan_minimal_npz/scan_114806.npz,374366,81ce7cc2b9b9c7082d5884d18ff6744d2443f95dcefa6a6d53e41d21493de75d
114813,work/applause_dr4_tierA_busko_source_census_v094b/source_scan_minimal_npz/scan_114813.npz,566,3c4bde4a5dcdfdddbc0b2030bc5bc1361d64fdf8fa02c7a624740804eeb9f250
114817,work/applause_dr4_tierA_busko_source_census_v094b/source_scan_minimal_npz/scan_114817.npz,243330,f485310700d3d8855762ac4dc7dfba89ddad0f742c259458a689821f0b0ecb2b
115026,work/applause_dr4_tierA_busko_source_census_v094b/source_scan_minimal_npz/scan_115026.npz,186544,12b8ea99416d3180cbca24d579cc4cde7297bead5b8da7b24d6e304245757710
115027,work/applause_dr4_tierA_busko_source_census_v094b/source_scan_minimal_npz/scan_115027.npz,370653,9a55a5ea926973074dc32366f8ef1184df5a9c5d07a7c94c293a399694654166
115030,work/applause_dr4_tierA_busko_source_census_v094b/source_scan_minimal_npz/scan_115030.npz,225319,93a524b166759edbfd1015695047d910a825f47d6f1ce4b57369cd5d65a433dc
115031,work/applause_dr4_tierA_busko_source_census_v094b/source_scan_minimal_npz/scan_115031.npz,566,3c4bde4a5dcdfdddbc0b2030bc5bc1361d64fdf8fa02c7a624740804eeb9f250
115034,work/applause_dr4_tierA_busko_source_census_v094b/source_scan_minimal_npz/scan_115034.npz,207056,5b24d9324956e679e15a4a08f5cf39a51c261ab753fbd85f005c1928e906ee1f
115035,work/applause_dr4_tierA_busko_source_census_v094b/source_scan_minimal_npz/scan_115035.npz,470668,939d6a5d1bc750a11d1bc4d0a54a0730c536bb064a8520bbdf4b6c05b0730607
115036,work/applause_dr4_tierA_busko_source_census_v094b/source_scan_minimal_npz/scan_115036.npz,344902,6dd191132f364923dd725a623006d47065fa029a983ed4819fa488e5791905f7
115038,work/applause_dr4_tierA_busko_source_census_v094b/source_scan_minimal_npz/scan_115038.npz,214294,bb0b89d0b055f83969c75dfb76a7ee0220b6098fe20327c7cbdfeadf0b917170
115039,work/applause_dr4_tierA_busko_source_census_v094b/source_scan_minimal_npz/scan_115039.npz,383483,1176e187a627fab2e12d44e5d0abda8e34e8a09efc1a78cae87294eda9e7ab77
115042,work/applause_dr4_tierA_busko_source_census_v094b/source_scan_minimal_npz/scan_115042.npz,235127,6788e511ffef56b63e30d2169313bae23f7234b9dbfcdec1f4ea701f714a7a01
115043,work/applause_dr4_tierA_busko_source_census_v094b/source_scan_minimal_npz/scan_115043.npz,367196,1baadd842ad0fc4c9a7a42a18f5d7fc87725133886f3da9d6f731426ba7c1348
115046,work/applause_dr4_tierA_busko_source_census_v094b/source_scan_minimal_npz/scan_115046.npz,173032,4528e5171aa955cfd50e09b5cf94c6ae74fa34450fefdc3f6f3e701cd889a627
115047,work/applause_dr4_tierA_busko_source_census_v094b/source_scan_minimal_npz/scan_115047.npz,314506,8636baf1de49fbbf591c27c51834e33f63bda3f043365146a7ce84030324cefd
115051,work/applause_dr4_tierA_busko_source_census_v094b/source_scan_minimal_npz/scan_115051.npz,300887,3b171a696ba93fa39be2aa72af5906ef5a3f6ceafe6c8e2c0dc2b6ff20fb8730
115084,work/applause_dr4_tierA_busko_source_census_v094b/source_scan_minimal_npz/scan_115084.npz,318596,75ec6373f8489481adc53edf296d71dd1cf142120bbc019b4a67728c92df5de2
115088,work/applause_dr4_tierA_busko_source_census_v094b/source_scan_minimal_npz/scan_115088.npz,278654,902952156f8907afbc11be5f1ea7d913db43c326239537dca9512897a64f4530
115096,work/applause_dr4_tierA_busko_source_census_v094b/source_scan_minimal_npz/scan_115096.npz,239710,159636dbe4b922cf6f2f2b0ea8140a623f3a559324dc494c509599220fb0fd68
115100,work/applause_dr4_tierA_busko_source_census_v094b/source_scan_minimal_npz/scan_115100.npz,238681,75412d208e2cc6868777a8ad702366217929936b04280a964c2b67a99640297e
115120,work/applause_dr4_tierA_busko_source_census_v094b/source_scan_minimal_npz/scan_115120.npz,259731,4e021f22afb395f5eee1fac3aec3606e30f02bf301b0baa165daff8c711321b6
115124,work/applause_dr4_tierA_busko_source_census_v094b/source_scan_minimal_npz/scan_115124.npz,265982,5cf8c0a980d1ddfb27f9110f10adc23fac9eb8d5ec7488cffe4ee313ebdbdba9
115128,work/applause_dr4_tierA_busko_source_census_v094b/source_scan_minimal_npz/scan_115128.npz,215744,38b28c11c8c9ca5b2505758b5b9bea11c12f32c1959422fdab6088c69d31594b
115236,work/applause_dr4_tierA_busko_source_census_v094b/source_scan_minimal_npz/scan_115236.npz,296913,f760cebb9bc0e424b89ab4f79b64e31f6a065300685e0bfc73f3d8b2f2fdc146
115240,work/applause_dr4_tierA_busko_source_census_v094b/source_scan_minimal_npz/scan_115240.npz,145086,ad19c444bda5bbc866ea109a1914b2f5c4e8e68cae858aff5981d15d1f17ab50
115244,work/applause_dr4_tierA_busko_source_census_v094b/source_scan_minimal_npz/scan_115244.npz,404157,1b4e7d38b445cdea2299945c145963f2ba65c3b171ebee2f807dec52ee2770f5
115247,work/applause_dr4_tierA_busko_source_census_v094b/source_scan_minimal_npz/scan_115247.npz,392530,4f2e81ab32578e622a47299149c8681ead5f9d94f26f80f410f4000e3813fe71
115251,work/applause_dr4_tierA_busko_source_census_v094b/source_scan_minimal_npz/scan_115251.npz,305834,1b8edcb35a32c8bbfafa2f54b06fb540841886907345deea7b884c0868d01d37
115287,work/applause_dr4_tierA_busko_source_census_v094b/source_scan_minimal_npz/scan_115287.npz,290842,5bcdfacceefa5ba7415ab207389b49d61da9bbaccdedf369698d7f6ddd3f4cd5
115290,work/applause_dr4_tierA_busko_source_census_v094b/source_scan_minimal_npz/scan_115290.npz,353952,025850900132f9ce78ed9677d3355e8f3878e960784e1d2c977b24770287874e
115291,work/applause_dr4_tierA_busko_source_census_v094b/source_scan_minimal_npz/scan_115291.npz,284364,225208cf442b81fb5db0eda46834548e57de034326c2dfe2d863ecc2150c3e40
115294,work/applause_dr4_tierA_busko_source_census_v094b/source_scan_minimal_npz/scan_115294.npz,268250,d29d4c145eabfcc87384f4925be9716fbcfd24ec88c4baf4c16d660aeb8968f9
115299,work/applause_dr4_tierA_busko_source_census_v094b/source_scan_minimal_npz/scan_115299.npz,226061,25c35f2c89c94f5e4aa682e12681867f36c7ca3fd6ac76f1ba20761855a95acb
115303,work/applause_dr4_tierA_busko_source_census_v094b/source_scan_minimal_npz/scan_115303.npz,248577,d3ecaa6599db85f53993d7936aa71ad5a9dd7d875fe3598a01b23529b893d73e
115314,work/applause_dr4_tierA_busko_source_census_v094b/source_scan_minimal_npz/scan_115314.npz,260622,8179b871c1de33eaff2b994e5a5233078baced72ca634895c4d48d9f811b4b85
115366,work/applause_dr4_tierA_busko_source_census_v094b/source_scan_minimal_npz/scan_115366.npz,175324,f4d1d427488029d19fce644dc8fa66e6bf811e3167847065590d435908634d18
115371,work/applause_dr4_tierA_busko_source_census_v094b/source_scan_minimal_npz/scan_115371.npz,207518,d9abbe681aaedf56bccfdb2872407d8a24d4573061922422e2e10d64480530d6
115375,work/applause_dr4_tierA_busko_source_census_v094b/source_scan_minimal_npz/scan_115375.npz,285747,289e849586740af7cae5810d59ee355e9ca31e7b2d52f15a8c715a9e29eac9d4
115402,work/applause_dr4_tierA_busko_source_census_v094b/source_scan_minimal_npz/scan_115402.npz,220909,e211bebdfb0fca7369bff4086c9e56ef4137836a05b2ffced6ebe17824e997be
115414,work/applause_dr4_tierA_busko_source_census_v094b/source_scan_minimal_npz/scan_115414.npz,158225,8f115218027f8e135ec91ac3fc531ff69d4ddcc2a6a41f13db8ef8cc4c189492
115418,work/applause_dr4_tierA_busko_source_census_v094b/source_scan_minimal_npz/scan_115418.npz,213111,ae76a44a3c3dda48974ef0fbf44e2acdc4f7573da8eb5d0c0d5cb43f251af7a5
115422,work/applause_dr4_tierA_busko_source_census_v094b/source_scan_minimal_npz/scan_115422.npz,209445,bc2cb717f1e05af28e81447447a109b27d705504fff7c0084539436f0f97cb53
115426,work/applause_dr4_tierA_busko_source_census_v094b/source_scan_minimal_npz/scan_115426.npz,174190,ce2a29d4840cf9ad56c9190f292271286323a590b34dcf94e0ffba01aba07756
115430,work/applause_dr4_tierA_busko_source_census_v094b/source_scan_minimal_npz/scan_115430.npz,205037,cc2acb6c39b4eff24367f3215e4c3dd607137a42cc9548cdb6ffc92f12320d08
115507,work/applause_dr4_tierA_busko_source_census_v094b/source_scan_minimal_npz/scan_115507.npz,237923,cb9036b685bd5e476650e88c89a326d6ec56d235ead403dd88c2dc50ceacd31d
115511,work/applause_dr4_tierA_busko_source_census_v094b/source_scan_minimal_npz/scan_115511.npz,226941,5015deef39f58e40bd7a4e9ec4504d4ae9162893484048cddef6bee84d334dc5
115515,work/applause_dr4_tierA_busko_source_census_v094b/source_scan_minimal_npz/scan_115515.npz,230327,67eea515c3910c1a99c2c4ed30c1ee07131e9827f3ab9930142db0f3e2148411
115598,work/applause_dr4_tierA_busko_source_census_v094b/source_scan_minimal_npz/scan_115598.npz,176373,b512dd03d67034889092777ef3f22f079774c4b21339351c81886371ced3ce9b
115602,work/applause_dr4_tierA_busko_source_census_v094b/source_scan_minimal_npz/scan_115602.npz,360348,e230378cb923e599a8f1b5960d4701db0b0753b5cf502e8535d8839b9738f39b
115734,work/applause_dr4_tierA_busko_source_census_v094b/source_scan_minimal_npz/scan_115734.npz,232252,11fb106584d83aa76c5ba8703ae9e0e65ede0d6c8a4005cc35147e1f92fbd489
115738,work/applause_dr4_tierA_busko_source_census_v094b/source_scan_minimal_npz/scan_115738.npz,422084,6f57a9229dca8891351f364eca561811239566ec32570fadddffdee376083c94
115830,work/applause_dr4_tierA_busko_source_census_v094b/source_scan_minimal_npz/scan_115830.npz,531033,2a59e0ed04aa731695b9e7d6e0717b3a3800cfc2cd5aecc9889fde766fa47a25
115838,work/applause_dr4_tierA_busko_source_census_v094b/source_scan_minimal_npz/scan_115838.npz,479845,f72750c2e38d560343d9f9947d0f5f00d45a02fdfb84702f0e9914b42bf4be85
115842,work/applause_dr4_tierA_busko_source_census_v094b/source_scan_minimal_npz/scan_115842.npz,403355,0a8f70c09143e7706e531aa17603bc65b0b5880ab3e81771f069b845e13d5068
115858,work/applause_dr4_tierA_busko_source_census_v094b/source_scan_minimal_npz/scan_115858.npz,426181,235093c687e78d03e8c989476bdd7b8779f5c134a5ccf78d497605c89bef95d5
115910,work/applause_dr4_tierA_busko_source_census_v094b/source_scan_minimal_npz/scan_115910.npz,554439,9d32cd1a2a54749d15ddb857ba19db1cf3f1c373d56b1661c557a0b08cf25799
115911,work/applause_dr4_tierA_busko_source_census_v094b/source_scan_minimal_npz/scan_115911.npz,566,3c4bde4a5dcdfdddbc0b2030bc5bc1361d64fdf8fa02c7a624740804eeb9f250
115923,work/applause_dr4_tierA_busko_source_census_v094b/source_scan_minimal_npz/scan_115923.npz,195138,7fd3283b9943c63b16c679a5b8bc2772c007578961f2da2ad61274e6c5909707
115927,work/applause_dr4_tierA_busko_source_census_v094b/source_scan_minimal_npz/scan_115927.npz,174776,acbca791adfe88ee3b4de2d975b9c9c974be5b4a7753f55db6315840e3bebe3a
115956,work/applause_dr4_tierA_busko_source_census_v094b/source_scan_minimal_npz/scan_115956.npz,510047,2d4b2db1bdbd6edcd3c8799b5b7b908d21f22365938dd97d5a71c3c50b3513ff
116012,work/applause_dr4_tierA_busko_source_census_v094b/source_scan_minimal_npz/scan_116012.npz,543193,66f4ef79fa2d0c85c2ae7d253eec28053f360e4df428ccfa1e92d6c81683ce06
116013,work/applause_dr4_tierA_busko_source_census_v094b/source_scan_minimal_npz/scan_116013.npz,256104,d62b8faaf6fc28e51a2469af64691e6d9c481d726d1fdb11f17ac42d0900a010
116016,work/applause_dr4_tierA_busko_source_census_v094b/source_scan_minimal_npz/scan_116016.npz,494609,77fa44ca015471ccfc7421fcb99cadcfc6281df53a52388b7b72fc3945b8bc91
116020,work/applause_dr4_tierA_busko_source_census_v094b/source_scan_minimal_npz/scan_116020.npz,557166,f33e6726d1f604272451dea72ed5168ae8c6083137b37fb6aa276975fe38f6af
116028,work/applause_dr4_tierA_busko_source_census_v094b/source_scan_minimal_npz/scan_116028.npz,463885,0c68645a78214e67518535baba312595892c526e1f61c0e32028dc1cf8925bb0
116029,work/applause_dr4_tierA_busko_source_census_v094b/source_scan_minimal_npz/scan_116029.npz,236587,a0119179c46ec1c965f3489ae33cea3482806700bd64417710f77666c648ba39
116032,work/applause_dr4_tierA_busko_source_census_v094b/source_scan_minimal_npz/scan_116032.npz,477262,9c00e4f2c0a9ffa8622d12f70afcaf02e00e60b127906e6f733a3da34041d8ff
116033,work/applause_dr4_tierA_busko_source_census_v094b/source_scan_minimal_npz/scan_116033.npz,230938,ce6cd8c7b7cf4d555020891c78562298870bc1032a271fa9f482bd311d339ed4
116037,work/applause_dr4_tierA_busko_source_census_v094b/source_scan_minimal_npz/scan_116037.npz,225692,62f6dbf0b81b565891045872f41ba62fa94249ebd5d6505b5b774be7fa766dd3
116040,work/applause_dr4_tierA_busko_source_census_v094b/source_scan_minimal_npz/scan_116040.npz,468245,aa959a6becf78dbcfee375947b0c173336cd6c4b10bcaf629c8155e4ee062a36
116041,work/applause_dr4_tierA_busko_source_census_v094b/source_scan_minimal_npz/scan_116041.npz,228324,1f8434b506618eb9d3516bc21d404bf8984670253048c7bf3f70a6f94e878e45
116069,work/applause_dr4_tierA_busko_source_census_v094b/source_scan_minimal_npz/scan_116069.npz,262637,2081cd39c4a4f1ffa02ef52ae32c0d3ca48866f10961e245af18b96fbb822234
116073,work/applause_dr4_tierA_busko_source_census_v094b/source_scan_minimal_npz/scan_116073.npz,255346,d33d01439c85c96b259d92767466153e6f9eac5b1813f362add1b14142bc117e
116077,work/applause_dr4_tierA_busko_source_census_v094b/source_scan_minimal_npz/scan_116077.npz,241105,f6f09f68f7c188a01a9ec5b3093ae47fc7f71b6d52bb5a776151f21e0a1b892d
116080,work/applause_dr4_tierA_busko_source_census_v094b/source_scan_minimal_npz/scan_116080.npz,446545,7839536d1b906888ef511df8779555eb8c85db6794103187823242ae191ae776
116081,work/applause_dr4_tierA_busko_source_census_v094b/source_scan_minimal_npz/scan_116081.npz,195141,a04e9a0b943d75d2829e19b6e98aa046508166af0ee48af76945d858f2c735a1
116084,work/applause_dr4_tierA_busko_source_census_v094b/source_scan_minimal_npz/scan_116084.npz,435495,e303b75a1e552702291ca5410b5e36ab0aa04284f73a6fe720f3173af1ab0185
116088,work/applause_dr4_tierA_busko_source_census_v094b/source_scan_minimal_npz/scan_116088.npz,367395,f070f3536eefe3b1199d60aa41649f4dea6bb6d17c1945eb0ad55a2a0d8bb059
116092,work/applause_dr4_tierA_busko_source_census_v094b/source_scan_minimal_npz/scan_116092.npz,436542,94609552b6ed7f65f337a48f3db4cfa99b7c90dac68cb9180c0c33e9d6b2dbb6
116129,work/applause_dr4_tierA_busko_source_census_v094b/source_scan_minimal_npz/scan_116129.npz,265497,349f01960e63de6e5c6ebc6d3c2a77d008a5fc3436bdb93405e449209c104e99
116236,work/applause_dr4_tierA_busko_source_census_v094b/source_scan_minimal_npz/scan_116236.npz,429877,ecd90ff01775263b6f1a8eab3fe82ec1ff0123efe5a65dd6df2938039455c725
116240,work/applause_dr4_tierA_busko_source_census_v094b/source_scan_minimal_npz/scan_116240.npz,437173,54579bacb2447b40056af57a411cc9095a7623daa2b67a4ec5f96621eac71888
116245,work/applause_dr4_tierA_busko_source_census_v094b/source_scan_minimal_npz/scan_116245.npz,239300,d1bb87fadda76cd82838fae32f62b752aa29262853f3db4cc69fe4d47df3e051
116249,work/applause_dr4_tierA_busko_source_census_v094b/source_scan_minimal_npz/scan_116249.npz,244779,171ac3a9155bdff9111f70e8ccff84f89e7d68121bb2f146a8a083f118a74bc4
116336,work/applause_dr4_tierA_busko_source_census_v094b/source_scan_minimal_npz/scan_116336.npz,435939,f3af3d0d4951fb8abd60e3bf1678be09e9e90cb47f709c6c53b1d3576e48a396
116337,work/applause_dr4_tierA_busko_source_census_v094b/source_scan_minimal_npz/scan_116337.npz,170277,5e88839c043804ce5816790f14765ec625be1cd7fc5a22944b92c69d3d818e09
116340,work/applause_dr4_tierA_busko_source_census_v094b/source_scan_minimal_npz/scan_116340.npz,509549,a556748399092241006fa9374065155fbcdd7f38ed0b1450a885e0aff6f634f7
116341,work/applause_dr4_tierA_busko_source_census_v094b/source_scan_minimal_npz/scan_116341.npz,213346,a4b36caf9ef5677d06d451f1242a8c2a9687dd1ed60263f6e967942452c17393
116345,work/applause_dr4_tierA_busko_source_census_v094b/source_scan_minimal_npz/scan_116345.npz,228718,787a3920ee61d7ddd8bb6d6a9c9aa1c8def1674386f56f8a537111520abccb63
116372,work/applause_dr4_tierA_busko_source_census_v094b/source_scan_minimal_npz/scan_116372.npz,445350,dc15cdd39198b103f874b58f8dab20c50be731ae07d28fd02e20e23f095dcd17
116376,work/applause_dr4_tierA_busko_source_census_v094b/source_scan_minimal_npz/scan_116376.npz,451874,4aef565219aa61a04a962eb535b6f6eed16bbcc34875b648fd7203bcaf29b3df
116377,work/applause_dr4_tierA_busko_source_census_v094b/source_scan_minimal_npz/scan_116377.npz,566,3c4bde4a5dcdfdddbc0b2030bc5bc1361d64fdf8fa02c7a624740804eeb9f250
116381,work/applause_dr4_tierA_busko_source_census_v094b/source_scan_minimal_npz/scan_116381.npz,253178,d3e7ae4011c6785684927f8c87bf09b7157c4478106f16014cb50a97807e885d
116385,work/applause_dr4_tierA_busko_source_census_v094b/source_scan_minimal_npz/scan_116385.npz,273441,cc274ab9b5e361e655abe3aec942200e7613d01615aab61371316493305c0e6a
116455,work/applause_dr4_tierA_busko_source_census_v094b/source_scan_minimal_npz/scan_116455.npz,448311,04c8e21bd458b04b702b2d541d186149ab0fee8cbae26a4781d4d2145d7e235a
116459,work/applause_dr4_tierA_busko_source_census_v094b/source_scan_minimal_npz/scan_116459.npz,387874,4407af894926988dfec25892e2f1c85399444ef63e2c50cc7b7b18b8e43f6616
116463,work/applause_dr4_tierA_busko_source_census_v094b/source_scan_minimal_npz/scan_116463.npz,369721,bddfbc5f42154613fd3bc0c11be41339b96583e5ac71ed49ba2193f07bbc088b
116484,work/applause_dr4_tierA_busko_source_census_v094b/source_scan_minimal_npz/scan_116484.npz,240941,03cfdbdf5c2981d18cb78afd38379f6bfad7a993ea4badba7726ececdde5381a
116487,work/applause_dr4_tierA_busko_source_census_v094b/source_scan_minimal_npz/scan_116487.npz,482507,72342fd92b9b7ac22608d9203622990a36d035c7744173a44259ed79ea19f3e4
116488,work/applause_dr4_tierA_busko_source_census_v094b/source_scan_minimal_npz/scan_116488.npz,212401,896b05be497e35814ce51d32ccea703453d930a14fee38ff4692cf931b1cce7a
116491,work/applause_dr4_tierA_busko_source_census_v094b/source_scan_minimal_npz/scan_116491.npz,480150,c1ad38f28ebe7fda465ae2a8d24a1b0c79ddfe054fc2665b664c0ce504fb17a6
116492,work/applause_dr4_tierA_busko_source_census_v094b/source_scan_minimal_npz/scan_116492.npz,210027,842c30afb908984dc9989c1846b5bd10afd517370fedcd224183b3ef3c218391
116496,work/applause_dr4_tierA_busko_source_census_v094b/source_scan_minimal_npz/scan_116496.npz,221844,51dc0ae8f66b4e91420f95e167723c9bf1db9f435efaa0e2a54db3c4cb6a6759
116524,work/applause_dr4_tierA_busko_source_census_v094b/source_scan_minimal_npz/scan_116524.npz,233297,2ec95b4481bbf0de9eda3c62ffdb772e2577c5dddb84716a3f92e5e7f73549df
116528,work/applause_dr4_tierA_busko_source_census_v094b/source_scan_minimal_npz/scan_116528.npz,566,3c4bde4a5dcdfdddbc0b2030bc5bc1361d64fdf8fa02c7a624740804eeb9f250
116547,work/applause_dr4_tierA_busko_source_census_v094b/source_scan_minimal_npz/scan_116547.npz,505905,7dfb82c1f361bfd4bde50ccbfd72a114142450ab890307556d1ceef61e66253c
116551,work/applause_dr4_tierA_busko_source_census_v094b/source_scan_minimal_npz/scan_116551.npz,476172,4a41c29bf12cc6cfabd575562e600d77882f836924259015b939c82c654065d8
116560,work/applause_dr4_tierA_busko_source_census_v094b/source_scan_minimal_npz/scan_116560.npz,237603,a6a421fc12fc6c420a033477efe7e64954c5e0b3c0a8251689e0792f66779718
116564,work/applause_dr4_tierA_busko_source_census_v094b/source_scan_minimal_npz/scan_116564.npz,243847,112ca8943665c7607fb5f78abe778a48d5e051da3d7739c8987f7bb637aad586
116627,work/applause_dr4_tierA_busko_source_census_v094b/source_scan_minimal_npz/scan_116627.npz,389393,3757ccf3b8e90b76425af9ef34ebf53cc9bd8c0658c932c2f010ba94f07ab5be
116631,work/applause_dr4_tierA_busko_source_census_v094b/source_scan_minimal_npz/scan_116631.npz,412600,2de32f0dad1e7ce7b479109a01adcd1c1f3eb136682258bade9757cdb3248c5f
116713,work/applause_dr4_tierA_busko_source_census_v094b/source_scan_minimal_npz/scan_116713.npz,643324,c04c95517380b46c43905f4966144939c32b58887e91b7013b3b0fb6ee309699
116717,work/applause_dr4_tierA_busko_source_census_v094b/source_scan_minimal_npz/scan_116717.npz,600321,98bba82a0c718a314364f70f2cbcc1682a88a89feef00bc987da421dd7e5eca6
116906,work/applause_dr4_tierA_busko_source_census_v094b/source_scan_minimal_npz/scan_116906.npz,471163,7d384f316998dccf4c7717d1db7e40ce72ef69b4cb7e91395aa45f38ba8790e0
116972,work/applause_dr4_tierA_busko_source_census_v094b/source_scan_minimal_npz/scan_116972.npz,411831,46211ef1914068d5efe24eb9f98b37b0e6170a1e92fd95f3f62d4a33ec687063
116977,work/applause_dr4_tierA_busko_source_census_v094b/source_scan_minimal_npz/scan_116977.npz,358415,563e02b48a1dce0b94ff79a96aaa1298f21099a230594677dea131cacf95c28f
116982,work/applause_dr4_tierA_busko_source_census_v094b/source_scan_minimal_npz/scan_116982.npz,338562,fdbfec123eea987ad3b794e5a4bd620fdd074746a7bf87c850b7d2fd1fa34e77
116986,work/applause_dr4_tierA_busko_source_census_v094b/source_scan_minimal_npz/scan_116986.npz,397748,a42c015eddb1d0b5ca570c23d0652807c47bd3e28f2c87d7f713ed69adc9592a
116991,work/applause_dr4_tierA_busko_source_census_v094b/source_scan_minimal_npz/scan_116991.npz,412980,c41512eb343fe778efdded0322d0d58a5e6e32e13497e51b777f02a1f17e5824
116992,work/applause_dr4_tierA_busko_source_census_v094b/source_scan_minimal_npz/scan_116992.npz,305357,6164c909a2c6e57412813495016f833e6e0f6c0db434c60eec292a2108102177
116997,work/applause_dr4_tierA_busko_source_census_v094b/source_scan_minimal_npz/scan_116997.npz,294677,ce5c96d9ffe6ea0454418598e6dcdf1021f74d96c9237a1300f1d4fd05103a31
117016,work/applause_dr4_tierA_busko_source_census_v094b/source_scan_minimal_npz/scan_117016.npz,476477,4a4b4a3f6cbec2c29429980a18fd14a86e7757e4e07ca44940f7163896fa3ba6
117021,work/applause_dr4_tierA_busko_source_census_v094b/source_scan_minimal_npz/scan_117021.npz,422367,945667681f494c21b4ff939db2d30d93cb8e8bc296ac3552c9f04fc0a947e90b
117051,work/applause_dr4_tierA_busko_source_census_v094b/source_scan_minimal_npz/scan_117051.npz,416433,21d879071f64790b37e0c9795e4aa3ca60b15c2a971f70b6091d2722c224d664
117056,work/applause_dr4_tierA_busko_source_census_v094b/source_scan_minimal_npz/scan_117056.npz,327312,2df8d911316aa800a7b57060eb2df4e74d70f9ee34fcc152d173ce820d195cb1
117061,work/applause_dr4_tierA_busko_source_census_v094b/source_scan_minimal_npz/scan_117061.npz,334611,2c4e8349c38b28da43b2d98998cbe0a527dacab8c289784f56a1eb499ce5bfb6
117066,work/applause_dr4_tierA_busko_source_census_v094b/source_scan_minimal_npz/scan_117066.npz,330514,abd091d06f5b4d57d54968d1385bceb0849359f049ccc91ab217e39aa1179c60
117122,work/applause_dr4_tierA_busko_source_census_v094b/source_scan_minimal_npz/scan_117122.npz,161898,22e25155aa8f5aed2d2e9bd3c065367cf07945dab9ac23b50b954cbb64688187
117126,work/applause_dr4_tierA_busko_source_census_v094b/source_scan_minimal_npz/scan_117126.npz,217277,6aff38fb1d1fea54eaf90100450157f78f7449449c6b1d6fd5a7b355cfbf5e87
117127,work/applause_dr4_tierA_busko_source_census_v094b/source_scan_minimal_npz/scan_117127.npz,148397,d98a1817b52e56376bd80c9f8caa3f600c5d7d0076e0cd6aa9edef34bec715cd
117496,work/applause_dr4_tierA_busko_source_census_v094b/source_scan_minimal_npz/scan_117496.npz,450613,384ff8c3cb7382ee7cad9ac760f93b3327ad4bcc2012ad051976b6889b818644
117572,work/applause_dr4_tierA_busko_source_census_v094b/source_scan_minimal_npz/scan_117572.npz,779183,a1a6a8018c7358f1eba7a95e9217eb2271708e348f91a482313c0de0de7c4e88
117609,work/applause_dr4_tierA_busko_source_census_v094b/source_scan_minimal_npz/scan_117609.npz,567969,aa79117a372cc25c481b0d1b49d63944d4372cb1b19242f3be04fad891c973c9
117610,work/applause_dr4_tierA_busko_source_census_v094b/source_scan_minimal_npz/scan_117610.npz,380377,88cb24f3fea310981cfaea3f51f96b966a598ed054c34b318f74c1ed5361f3be
117611,work/applause_dr4_tierA_busko_source_census_v094b/source_scan_minimal_npz/scan_117611.npz,283121,9aed98037dc8528e302550d0cda79f478bc32356cd15c52d1e579af61a32ec36
117972,work/applause_dr4_tierA_busko_source_census_v094b/source_scan_minimal_npz/scan_117972.npz,366858,d209ef34588f3951cccc5eacad16d73c1eaf0197b8e730c5326e050aafd7438f
117975,work/applause_dr4_tierA_busko_source_census_v094b/source_scan_minimal_npz/scan_117975.npz,684411,783b568ebd0e016a513b4466c257ff102dc9b96fe0d538e27c3aaaada0261f7e
117977,work/applause_dr4_tierA_busko_source_census_v094b/source_scan_minimal_npz/scan_117977.npz,293978,adbb59bc02d25cf11c50404a8ecd8769b09eda6fa2c750d3e26d3c3a25bae6ce
117980,work/applause_dr4_tierA_busko_source_census_v094b/source_scan_minimal_npz/scan_117980.npz,566,3c4bde4a5dcdfdddbc0b2030bc5bc1361d64fdf8fa02c7a624740804eeb9f250
117982,work/applause_dr4_tierA_busko_source_census_v094b/source_scan_minimal_npz/scan_117982.npz,374593,c2aa623be47ec422741d88e6e51f21c81ed8b2f5a7b0f0900a64e40834e61263
117985,work/applause_dr4_tierA_busko_source_census_v094b/source_scan_minimal_npz/scan_117985.npz,740005,ec8ff044ad437920d38aa8c15e2adb07372dcb0a40d5a04b749771e60fcd80c2
117990,work/applause_dr4_tierA_busko_source_census_v094b/source_scan_minimal_npz/scan_117990.npz,1075163,a9653852c9a7a7602557a721239a2431d48f0ce0a89d51bdd2f542e5196e8cf9
118022,work/applause_dr4_tierA_busko_source_census_v094b/source_scan_minimal_npz/scan_118022.npz,271595,0e4b9a7b261e69173b782bf2baf67da850e79b99dfdb65b0da21eec1f15f7740
118027,work/applause_dr4_tierA_busko_source_census_v094b/source_scan_minimal_npz/scan_118027.npz,382893,50016882c2d12592c7f4c3d5f8110b93fba403af9fe11553cb644d5e3d2e02b9
118032,work/applause_dr4_tierA_busko_source_census_v094b/source_scan_minimal_npz/scan_118032.npz,395452,2f03cfa1b9ccb14f3956e9e4b4ea46b17b5fff24a2ecd2792aca895cab2c3848
118035,work/applause_dr4_tierA_busko_source_census_v094b/source_scan_minimal_npz/scan_118035.npz,907820,346d390ccb1e5d10e3c031bbb7fbec4e890d4a4222c7e3d5c32b5158d0a4a15b
118040,work/applause_dr4_tierA_busko_source_census_v094b/source_scan_minimal_npz/scan_118040.npz,446495,0b2a603ce751786dcd4d0dcc3bd4ce25b0115cd64aba44b60ffddfd8eef4dac8
118045,work/applause_dr4_tierA_busko_source_census_v094b/source_scan_minimal_npz/scan_118045.npz,1103254,bf4fe42daf397bacb4494e8a0c2d864f335112d2571aedede2466db9a2259de3
118050,work/applause_dr4_tierA_busko_source_census_v094b/source_scan_minimal_npz/scan_118050.npz,323916,61fb911f99a7b16c1ae91047fda58008d172921401e72b4ddc0f5df06bad0d7c
118055,work/applause_dr4_tierA_busko_source_census_v094b/source_scan_minimal_npz/scan_118055.npz,802823,915a828fb97d1bdbb9fefac793757497d81b3ed9df47a5ac77f4b7aeb3cb0251
118077,work/applause_dr4_tierA_busko_source_census_v094b/source_scan_minimal_npz/scan_118077.npz,59678,d5c302505e6108755d94ab0adbe3245c6db9542de1ec0337d6c654900c0975e0
118082,work/applause_dr4_tierA_busko_source_census_v094b/source_scan_minimal_npz/scan_118082.npz,314789,ed145dce6c84d153b78021c6a3886171105c1f2babe56daaab0b1ba11bd38a80
118085,work/applause_dr4_tierA_busko_source_census_v094b/source_scan_minimal_npz/scan_118085.npz,715583,6e4728187006e1a9c8b4edbad37158c4976a28975d65e38f2b701aac00463f23
118090,work/applause_dr4_tierA_busko_source_census_v094b/source_scan_minimal_npz/scan_118090.npz,302139,18db3fea58784ace79a4b7bf3cfb86a08b8da20b729a43c2855bb0ceb276f1d8
118830,work/applause_dr4_tierA_busko_source_census_v094b/source_scan_minimal_npz/scan_118830.npz,901157,e84be23abc121b95e89d1711daee99efcdb28bb62110926c148f6561d161cd38
118838,work/applause_dr4_tierA_busko_source_census_v094b/source_scan_minimal_npz/scan_118838.npz,851262,8b78e8d910ebf374221af111a968f4cd928c22b71f94625e16a180aae7095d65
119260,work/applause_dr4_tierA_busko_source_census_v094b/source_scan_minimal_npz/scan_119260.npz,625862,a45380b27af979582500ce8415a36c54a96ec6435573b3c4721b89e3b8b94b51
119261,work/applause_dr4_tierA_busko_source_census_v094b/source_scan_minimal_npz/scan_119261.npz,770795,3ee4773288c437a941083e1acf48e0ff04e14f2236bc5c2dfd8873bc09af0e42
119268,work/applause_dr4_tierA_busko_source_census_v094b/source_scan_minimal_npz/scan_119268.npz,750350,453d30b5c3a62e47fa612f79978b3152809f3b2fc20aefa3e6b64e12883d0907
119269,work/applause_dr4_tierA_busko_source_census_v094b/source_scan_minimal_npz/scan_119269.npz,661179,793d895bbeeba06c8d6b7e4f66109d58a9052d111bc3d99e6619408921643587
119276,work/applause_dr4_tierA_busko_source_census_v094b/source_scan_minimal_npz/scan_119276.npz,647244,81bae10a707e1c6013924aedd45c9d1b8be3ce5b4a0aa795b85691455bf42ee5
119284,work/applause_dr4_tierA_busko_source_census_v094b/source_scan_minimal_npz/scan_119284.npz,688865,a34442e51016d296f439dcf7542bcc5a24c982fbf778aacc56b47c129d1c754b
119292,work/applause_dr4_tierA_busko_source_census_v094b/source_scan_minimal_npz/scan_119292.npz,788219,4fd224c5e9013316cc291b5700f1e4e24c3f5054f160f7c5ea882e3575aa44e4
119332,work/applause_dr4_tierA_busko_source_census_v094b/source_scan_minimal_npz/scan_119332.npz,921098,3ccbcf131a68a8c767bb007cd3297da5ee38893f2bdc649d0924be383ef8e03a
119477,work/applause_dr4_tierA_busko_source_census_v094b/source_scan_minimal_npz/scan_119477.npz,933443,7ef9b4cb57b547becc87a3db51ee9c03a4d2576476e0a3511f9c4469d914d688
119481,work/applause_dr4_tierA_busko_source_census_v094b/source_scan_minimal_npz/scan_119481.npz,939218,7f9a9a06c44459685d96a14125b7cc3bb24e2a6de58013a38b5f48ed66b6a54f
119485,work/applause_dr4_tierA_busko_source_census_v094b/source_scan_minimal_npz/scan_119485.npz,1148646,a7d5924241469b723a0570ca110e42236340e396d6920b3b607a8626484fa64d
119489,work/applause_dr4_tierA_busko_source_census_v094b/source_scan_minimal_npz/scan_119489.npz,887411,defe45a5b31b8300b868014e0f0c97b8b757a87b5c3beb810aee478340e9c6b1
119553,work/applause_dr4_tierA_busko_source_census_v094b/source_scan_minimal_npz/scan_119553.npz,772381,85dd0592bf71fac56f33d14d10b2f429e1bdecce9443e0108ca151f698f6ae1f
119617,work/applause_dr4_tierA_busko_source_census_v094b/source_scan_minimal_npz/scan_119617.npz,335533,669e51646d7b84452ee1696f833754aff7427116fcad753f8a08ea41ab4b4a5a
120044,work/applause_dr4_tierA_busko_source_census_v094b/source_scan_minimal_npz/scan_120044.npz,401757,1910710b91de9d10124f5ee2355884a33d98678dbc501aa8d013989c2e49f706
120059,work/applause_dr4_tierA_busko_source_census_v094b/source_scan_minimal_npz/scan_120059.npz,274748,c9b4254d1d66d26d4799c44aba4fc2cd1709acaff4563c4465e2278dda8eb4a7
120117,work/applause_dr4_tierA_busko_source_census_v094b/source_scan_minimal_npz/scan_120117.npz,228282,1ec45bf4502c7fc7e7c39d93118b104accf5785ec7c765d8692169666ea36e16
120122,work/applause_dr4_tierA_busko_source_census_v094b/source_scan_minimal_npz/scan_120122.npz,446399,3c0e1146f15dae24f1b4afff33e74e98e12a6ea583cb28f7997b125d0ef303d5
120127,work/applause_dr4_tierA_busko_source_census_v094b/source_scan_minimal_npz/scan_120127.npz,301471,a6b18ed5dee169068b8f75178ec0911b5cdaff598c12264fdf867967cf168645
120208,work/applause_dr4_tierA_busko_source_census_v094b/source_scan_minimal_npz/scan_120208.npz,727546,04ae09bfc886a0a517dc5238322eb5c1c2f87c2eecea24f3756e5d76639d7c44
120209,work/applause_dr4_tierA_busko_source_census_v094b/source_scan_minimal_npz/scan_120209.npz,246772,cffe13da8fd3d55e4ad02e8e42fb596db34e14212bbd2b4d7a6f35ef05650846
120210,work/applause_dr4_tierA_busko_source_census_v094b/source_scan_minimal_npz/scan_120210.npz,404090,d29d0a3fc77ef8407f54bb9a5fce310f93e06b51d9fced7c905bf28a90fa1c3d
120211,work/applause_dr4_tierA_busko_source_census_v094b/source_scan_minimal_npz/scan_120211.npz,62402,db1bb27778a0f793c8b93d96413b6b5cb444dfec8817b521ca88b9f8f80b57d2
120213,work/applause_dr4_tierA_busko_source_census_v094b/source_scan_minimal_npz/scan_120213.npz,503737,dcd259296eae5730160249fe6d8fa70282a8080a157aae6a547167c914648a09
120215,work/applause_dr4_tierA_busko_source_census_v094b/source_scan_minimal_npz/scan_120215.npz,468872,13f9d106a767c97475537ffdbd20674d3fcfbaa6768903e70dc1eb52830cb386
120217,work/applause_dr4_tierA_busko_source_census_v094b/source_scan_minimal_npz/scan_120217.npz,476173,78f8ff096924fd6b327e50f23d5b02c61585aab990139e49a72577a08ddc0e32
120561,work/applause_dr4_tierA_busko_source_census_v094b/source_scan_minimal_npz/scan_120561.npz,2975435,0380b87099432cc1258b87639da3653a2245dff314268886cee4abb7fdcde171
120562,work/applause_dr4_tierA_busko_source_census_v094b/source_scan_minimal_npz/scan_120562.npz,1939955,87d3f637a7b9cb61bba675b1a3485c0f326feae57f694eb867dd656c07173b59
120783,work/applause_dr4_tierA_busko_source_census_v094b/source_scan_minimal_npz/scan_120783.npz,2875378,490d4ef283fe227c03a8ca9d0723b33b0658391970ce01cfc3c5c76e365973d5
120784,work/applause_dr4_tierA_busko_source_census_v094b/source_scan_minimal_npz/scan_120784.npz,2857062,a3df79501dc54d7589bd493d1a4ea6a290e74db2af68ddf8c54afcc81ba98214
120785,work/applause_dr4_tierA_busko_source_census_v094b/source_scan_minimal_npz/scan_120785.npz,1956815,5bcf982f4da1d24e7e386ffce39d350d88a04ecf14aebb8e9ca438de9b992632
120786,work/applause_dr4_tierA_busko_source_census_v094b/source_scan_minimal_npz/scan_120786.npz,1843920,c0274773d639ea9ffdf134546b255a3a6ba550a8a9b44742f67a0605896dfec0
120787,work/applause_dr4_tierA_busko_source_census_v094b/source_scan_minimal_npz/scan_120787.npz,2820560,af68f0c51f776f9eecc3de74392bcbd8e923df614e727dfce4eabde0c2e2a15b
120788,work/applause_dr4_tierA_busko_source_census_v094b/source_scan_minimal_npz/scan_120788.npz,2566974,f905ce58aded0c46401430b3e64a4802a4a804b8d4a95494a78a537f30685140
120801,work/applause_dr4_tierA_busko_source_census_v094b/source_scan_minimal_npz/scan_120801.npz,2057427,6b168a4b0a513fd3dcb6656b710f144f9134808aa6928d6ba0720b5fc23ef52e
120802,work/applause_dr4_tierA_busko_source_census_v094b/source_scan_minimal_npz/scan_120802.npz,1956577,9fe322ef18c5f3bbb65642d04f04821dd13f6dcf760160b437599851c4938651
120807,work/applause_dr4_tierA_busko_source_census_v094b/source_scan_minimal_npz/scan_120807.npz,1699518,2f82b9933fa794992e96f1703c2a212d6779e15acb8edf4366b953a19c95319f
120808,work/applause_dr4_tierA_busko_source_census_v094b/source_scan_minimal_npz/scan_120808.npz,1641895,577605ff2598424e7c5a2c895c20405ea1c9ed98f08ef52771f036e2ee55a65f
120826,work/applause_dr4_tierA_busko_source_census_v094b/source_scan_minimal_npz/scan_120826.npz,3035315,950a1e7e76e89a0eef398dfcb26bb5fe9c61ca6ed853ebdfb568513bb74c7620
120860,work/applause_dr4_tierA_busko_source_census_v094b/source_scan_minimal_npz/scan_120860.npz,3457179,cc42468b9c4e6683bd530192ed653eb990e182552c372cb0aab39b623743eea4
120861,work/applause_dr4_tierA_busko_source_census_v094b/source_scan_minimal_npz/scan_120861.npz,3350232,66fb013500b31d6a028bbe4d43129996488d76b239a387ff851fcf85b0a1680b
120864,work/applause_dr4_tierA_busko_source_census_v094b/source_scan_minimal_npz/scan_120864.npz,1431750,c3ac4ed49999d4a9e26085854f28e57844471571e4453870c1fe1ce7b1176263
120865,work/applause_dr4_tierA_busko_source_census_v094b/source_scan_minimal_npz/scan_120865.npz,1260278,272cd484b55efe13aacaed4c754802d757626d02eb553b73afedde32ceb51124
120866,work/applause_dr4_tierA_busko_source_census_v094b/source_scan_minimal_npz/scan_120866.npz,1203202,13ad9c78083ef483fec85c1bf82c60efc9fb480f086573a4f691bc41d16cec4e
120867,work/applause_dr4_tierA_busko_source_census_v094b/source_scan_minimal_npz/scan_120867.npz,1174786,1880b3727a3596e02379e2a396d9394073333688d4a32cd5a10cc08074437f4d
120868,work/applause_dr4_tierA_busko_source_census_v094b/source_scan_minimal_npz/scan_120868.npz,765660,2d9d6281f0bf89b338306d06c4d6a063dd029814a130ed42c67a03f31425c463
120869,work/applause_dr4_tierA_busko_source_census_v094b/source_scan_minimal_npz/scan_120869.npz,773143,33f9741afafd2c4a3400772459018ba18e96b57a05cdce2c2312b74d198264a6
120870,work/applause_dr4_tierA_busko_source_census_v094b/source_scan_minimal_npz/scan_120870.npz,749193,94119f364103a650a106bbdf1cb54ea3df68278ea92227f9ccef6c9444468a68
120871,work/applause_dr4_tierA_busko_source_census_v094b/source_scan_minimal_npz/scan_120871.npz,730475,b191fe02e1eeba83e695b51003ab3ee432aa48a6ed0505ea5cec92e056e62153
120872,work/applause_dr4_tierA_busko_source_census_v094b/source_scan_minimal_npz/scan_120872.npz,1536401,6b4176e670b2f8c69f8cf6bb55b9a1225c26ce6489110ee2e0775260cf77d035
120873,work/applause_dr4_tierA_busko_source_census_v094b/source_scan_minimal_npz/scan_120873.npz,1472884,3660afb5ba6b5347af3c3ce8b267368e15c56a7318ee45bef42f82f54a042f28
120874,work/applause_dr4_tierA_busko_source_census_v094b/source_scan_minimal_npz/scan_120874.npz,1552030,535009a60716f1a9c23716a1b3c4a2170229f7b3b3f937d264bcdd90a1d16730
