pair_id,exposure_a,exposure_b,plate_a,plate_b,archive_a,archive_b,site_a,site_b,site_pair,timing_bin,min_fragment_gap_seconds,fragment_overlap_intervals_json,fragment_overlap_count,total_fragment_overlap_seconds,max_fragment_overlap_seconds,scan_id_a,scan_id_b,solution_id_a,solution_id_b,solution_num_a,solution_num_b,common_tangent_area_deg2,common_fraction_of_a,common_fraction_of_b,common_fraction_of_smaller,site_separation_km_diagnostic,site_separation_band,epoch_label,in_1951_1955,pre_sputnik
3018|85397,3018,85397,2194,57812,101,105,"Hamburg-Bergedorf, Germany","Bonn, Germany","Bonn, Germany | Hamburg-Bergedorf, Germany",OVERLAP,0.000000,"[{""a_fragment"":""PARENT_PROVISIONAL_CONTINUOUS"",""b_fragment"":""667"",""duration_seconds"":1197.0,""end_utc"":""1928-10-15T22:24:56+00:00"",""exposure_active"":3018,""exposure_current"":85397,""start_utc"":""1928-10-15T22:04:59+00:00""}]",1,1197.000000,1197.000000,2479,61893,2858,63900,1,1,11.3974074144,0.1081246956,0.2964500136,0.2964500136,428.609118,GE100_LT500,PRE_SPUTNIK,False,True
3018|85398,3018,85398,2194,57812,101,105,"Hamburg-Bergedorf, Germany","Bonn, Germany","Bonn, Germany | Hamburg-Bergedorf, Germany",OVERLAP,0.000000,"[{""a_fragment"":""PARENT_PROVISIONAL_CONTINUOUS"",""b_fragment"":""667"",""duration_seconds"":359.0,""end_utc"":""1928-10-15T22:31:55+00:00"",""exposure_active"":3018,""exposure_current"":85398,""start_utc"":""1928-10-15T22:25:56+00:00""}]",1,359.000000,359.000000,2479,61893,2858,63900,1,1,11.3974074144,0.1081246956,0.2964500136,0.2964500136,428.609118,GE100_LT500,PRE_SPUTNIK,False,True
3018|85399,3018,85399,2194,57813,101,105,"Hamburg-Bergedorf, Germany","Bonn, Germany","Bonn, Germany | Hamburg-Bergedorf, Germany",OVERLAP,0.000000,"[{""a_fragment"":""PARENT_PROVISIONAL_CONTINUOUS"",""b_fragment"":""667"",""duration_seconds"":1317.0,""end_utc"":""1928-10-15T23:03:50+00:00"",""exposure_active"":3018,""exposure_current"":85399,""start_utc"":""1928-10-15T22:41:53+00:00""}]",1,1317.000000,1317.000000,2479,61895,2858,63896,1,1,35.5540872147,0.3388256076,0.9318008433,0.9318008433,428.609118,GE100_LT500,PRE_SPUTNIK,False,True
3018|85400,3018,85400,2194,57813,101,105,"Hamburg-Bergedorf, Germany","Bonn, Germany","Bonn, Germany | Hamburg-Bergedorf, Germany",OVERLAP,0.000000,"[{""a_fragment"":""PARENT_PROVISIONAL_CONTINUOUS"",""b_fragment"":""667"",""duration_seconds"":478.0,""end_utc"":""1928-10-15T23:12:48+00:00"",""exposure_active"":3018,""exposure_current"":85400,""start_utc"":""1928-10-15T23:04:50+00:00""}]",1,478.000000,478.000000,2479,61895,2858,63896,1,1,35.5540872147,0.3388256076,0.9318008433,0.9318008433,428.609118,GE100_LT500,PRE_SPUTNIK,False,True
3075|85573,3075,85573,2248,57900,101,105,"Hamburg-Bergedorf, Germany","Bonn, Germany","Bonn, Germany | Hamburg-Bergedorf, Germany",OVERLAP,0.000000,"[{""a_fragment"":""PARENT_PROVISIONAL_CONTINUOUS"",""b_fragment"":""PARENT_PROVISIONAL_CONTINUOUS"",""duration_seconds"":1197.0,""end_utc"":""1929-01-31T21:12:20+00:00"",""exposure_active"":3075,""exposure_current"":85573,""start_utc"":""1929-01-31T20:52:23+00:00""}]",1,1197.000000,1197.000000,2536,62069,2938,64162,1,1,3.8288097331,0.0361973516,0.1003462770,0.1003462770,428.609118,GE100_LT500,PRE_SPUTNIK,False,True
3075|85574,3075,85574,2248,57900,101,105,"Hamburg-Bergedorf, Germany","Bonn, Germany","Bonn, Germany | Hamburg-Bergedorf, Germany",OVERLAP,0.000000,"[{""a_fragment"":""PARENT_PROVISIONAL_CONTINUOUS"",""b_fragment"":""PARENT_PROVISIONAL_CONTINUOUS"",""duration_seconds"":359.0,""end_utc"":""1929-01-31T21:19:19+00:00"",""exposure_active"":3075,""exposure_current"":85574,""start_utc"":""1929-01-31T21:13:20+00:00""}]",1,359.000000,359.000000,2536,62069,2938,64162,1,1,3.8288097331,0.0361973516,0.1003462770,0.1003462770,428.609118,GE100_LT500,PRE_SPUTNIK,False,True
3104|85663,3104,85663,2277,57945,101,105,"Hamburg-Bergedorf, Germany","Bonn, Germany","Bonn, Germany | Hamburg-Bergedorf, Germany",OVERLAP,0.000000,"[{""a_fragment"":""PARENT_PROVISIONAL_CONTINUOUS"",""b_fragment"":""PARENT_PROVISIONAL_CONTINUOUS"",""duration_seconds"":898.0,""end_utc"":""1929-02-08T21:24:34+00:00"",""exposure_active"":85663,""exposure_current"":3104,""start_utc"":""1929-02-08T21:09:36+00:00""}]",1,898.000000,898.000000,2570,62158,2955,64302,1,2,1.8602300323,0.0544358385,0.0484250881,0.0544358385,428.609118,GE100_LT500,PRE_SPUTNIK,False,True
3104|85664,3104,85664,2277,57945,101,105,"Hamburg-Bergedorf, Germany","Bonn, Germany","Bonn, Germany | Hamburg-Bergedorf, Germany",GT0_LE5MIN,251.000000,[],0,0.000000,0.000000,2570,62158,2955,64302,1,2,1.8602300323,0.0544358385,0.0484250881,0.0544358385,428.609118,GE100_LT500,PRE_SPUTNIK,False,True
3141|120929,3141,120929,2314,78250,101,208,"Hamburg-Bergedorf, Germany","Dr. Remeis-Observatory, Bamberg, Germany","Dr. Remeis-Observatory, Bamberg, Germany | Hamburg-Bergedorf, Germany",OVERLAP,0.000000,"[{""a_fragment"":""PARENT_PROVISIONAL_CONTINUOUS"",""b_fragment"":""PARENT_PROVISIONAL_CONTINUOUS"",""duration_seconds"":1800.0,""end_utc"":""1929-03-28T21:30:00+00:00"",""exposure_active"":3141,""exposure_current"":120929,""start_utc"":""1929-03-28T21:00:00+00:00""}]",1,1800.000000,1800.000000,2612,103913,3008,105195,1,1,131.1925648944,1.0000000000,0.1031404213,1.0000000000,402.491931,GE100_LT500,PRE_SPUTNIK,False,True
3170|120977,3170,120977,2338,78298,101,208,"Hamburg-Bergedorf, Germany","Dr. Remeis-Observatory, Bamberg, Germany","Dr. Remeis-Observatory, Bamberg, Germany | Hamburg-Bergedorf, Germany",OVERLAP,0.000000,"[{""a_fragment"":""PARENT_PROVISIONAL_CONTINUOUS"",""b_fragment"":""PARENT_PROVISIONAL_CONTINUOUS"",""duration_seconds"":1800.0,""end_utc"":""1929-05-02T23:12:00+00:00"",""exposure_active"":3170,""exposure_current"":120977,""start_utc"":""1929-05-02T22:42:00+00:00""}]",1,1800.000000,1800.000000,2635,103940,3046,105213,1,1,103.7310082770,0.7792745075,0.0772886517,0.7792745075,402.491931,GE100_LT500,PRE_SPUTNIK,False,True
3202|121066,3202,121066,2370,78387,101,208,"Hamburg-Bergedorf, Germany","Dr. Remeis-Observatory, Bamberg, Germany","Dr. Remeis-Observatory, Bamberg, Germany | Hamburg-Bergedorf, Germany",OVERLAP,0.000000,"[{""a_fragment"":""PARENT_PROVISIONAL_CONTINUOUS"",""b_fragment"":""PARENT_PROVISIONAL_CONTINUOUS"",""duration_seconds"":1800.0,""end_utc"":""1929-06-11T22:51:00+00:00"",""exposure_active"":3202,""exposure_current"":121066,""start_utc"":""1929-06-11T22:21:00+00:00""}]",1,1800.000000,1800.000000,2684,103982,3081,105242,1,1,19.5650536808,0.1445461045,0.0146922335,0.1445461045,402.491931,GE100_LT500,PRE_SPUTNIK,False,True
3207|85825,3207,85825,2375,58026,101,105,"Hamburg-Bergedorf, Germany","Bonn, Germany","Bonn, Germany | Hamburg-Bergedorf, Germany",OVERLAP,0.000000,"[{""a_fragment"":""PARENT_PROVISIONAL_CONTINUOUS"",""b_fragment"":""PARENT_PROVISIONAL_CONTINUOUS"",""duration_seconds"":599.0,""end_utc"":""1929-06-17T22:23:29+00:00"",""exposure_active"":85825,""exposure_current"":3207,""start_utc"":""1929-06-17T22:13:30+00:00""}]",1,599.000000,599.000000,2690,62321,3075,64557,1,1,4.2309819237,0.1256065352,0.1105897507,0.1256065352,428.609118,GE100_LT500,PRE_SPUTNIK,False,True
3207|85826,3207,85826,2375,58026,101,105,"Hamburg-Bergedorf, Germany","Bonn, Germany","Bonn, Germany | Hamburg-Bergedorf, Germany",GT0_LE5MIN,61.000000,[],0,0.000000,0.000000,2690,62321,3075,64557,1,1,4.2309819237,0.1256065352,0.1105897507,0.1256065352,428.609118,GE100_LT500,PRE_SPUTNIK,False,True
3274|121194,3274,121194,2442,78513,101,208,"Hamburg-Bergedorf, Germany","Dr. Remeis-Observatory, Bamberg, Germany","Dr. Remeis-Observatory, Bamberg, Germany | Hamburg-Bergedorf, Germany",OVERLAP,0.000000,"[{""a_fragment"":""760"",""b_fragment"":""PARENT_PROVISIONAL_CONTINUOUS"",""duration_seconds"":1073.0,""end_utc"":""1929-09-02T20:21:00+00:00"",""exposure_active"":121194,""exposure_current"":3274,""start_utc"":""1929-09-02T20:03:07+00:00""}]",1,1073.000000,1073.000000,2794,104052,3248,105285,-1,1,73.5431488877,0.5479004120,0.0537962000,0.5479004120,402.491931,GE100_LT500,PRE_SPUTNIK,False,True
3274|121195,3274,121195,2442,78514,101,208,"Hamburg-Bergedorf, Germany","Dr. Remeis-Observatory, Bamberg, Germany","Dr. Remeis-Observatory, Bamberg, Germany | Hamburg-Bergedorf, Germany",OVERLAP,0.000000,"[{""a_fragment"":""PARENT_PROVISIONAL_CONTINUOUS"",""b_fragment"":""760"",""duration_seconds"":1800.0,""end_utc"":""1929-09-02T20:52:00+00:00"",""exposure_active"":3274,""exposure_current"":121195,""start_utc"":""1929-09-02T20:22:00+00:00""}]",1,1800.000000,1800.000000,2794,104053,3248,105288,-1,1,56.4689378868,0.4193939432,0.0422249595,0.4193939432,402.491931,GE100_LT500,PRE_SPUTNIK,False,True
3291|85975,3291,85975,2459,58101,101,105,"Hamburg-Bergedorf, Germany","Bonn, Germany","Bonn, Germany | Hamburg-Bergedorf, Germany",OVERLAP,0.000000,"[{""a_fragment"":""PARENT_PROVISIONAL_CONTINUOUS"",""b_fragment"":""PARENT_PROVISIONAL_CONTINUOUS"",""duration_seconds"":898.0,""end_utc"":""1929-09-11T23:47:43+00:00"",""exposure_active"":3291,""exposure_current"":85975,""start_utc"":""1929-09-11T23:32:45+00:00""}]",1,898.000000,898.000000,2813,62471,3231,64734,1,1,9.9718959985,0.0769890150,0.2590829730,0.2590829730,428.609118,GE100_LT500,PRE_SPUTNIK,False,True
3291|85976,3291,85976,2459,58101,101,105,"Hamburg-Bergedorf, Germany","Bonn, Germany","Bonn, Germany | Hamburg-Bergedorf, Germany",OVERLAP,0.000000,"[{""a_fragment"":""PARENT_PROVISIONAL_CONTINUOUS"",""b_fragment"":""PARENT_PROVISIONAL_CONTINUOUS"",""duration_seconds"":269.0,""end_utc"":""1929-09-11T23:53:12+00:00"",""exposure_active"":3291,""exposure_current"":85976,""start_utc"":""1929-09-11T23:48:43+00:00""}]",1,269.000000,269.000000,2813,62471,3231,64734,1,1,9.9718959985,0.0769890150,0.2590829730,0.2590829730,428.609118,GE100_LT500,PRE_SPUTNIK,False,True
3308|85985,3308,85985,2475,58106,101,105,"Hamburg-Bergedorf, Germany","Bonn, Germany","Bonn, Germany | Hamburg-Bergedorf, Germany",OVERLAP,0.000000,"[{""a_fragment"":""PARENT_PROVISIONAL_CONTINUOUS"",""b_fragment"":""PARENT_PROVISIONAL_CONTINUOUS"",""duration_seconds"":208.0,""end_utc"":""1929-09-25T22:38:11+00:00"",""exposure_active"":3308,""exposure_current"":85985,""start_utc"":""1929-09-25T22:34:43+00:00""}]",1,208.000000,208.000000,2833,62481,3241,64748,1,1,1.3762090508,0.0133630840,0.0353962923,0.0353962923,428.609118,GE100_LT500,PRE_SPUTNIK,False,True
3317|85993,3317,85993,2483,58110,101,105,"Hamburg-Bergedorf, Germany","Bonn, Germany","Bonn, Germany | Hamburg-Bergedorf, Germany",OVERLAP,0.000000,"[{""a_fragment"":""PARENT_PROVISIONAL_CONTINUOUS"",""b_fragment"":""PARENT_PROVISIONAL_CONTINUOUS"",""duration_seconds"":1227.0,""end_utc"":""1929-09-26T22:38:46+00:00"",""exposure_active"":3317,""exposure_current"":85993,""start_utc"":""1929-09-26T22:18:19+00:00""}]",1,1227.000000,1227.000000,2846,62489,3255,64752,1,1,20.7006590750,0.2011990969,0.5393144417,0.5393144417,428.609118,GE100_LT500,PRE_SPUTNIK,False,True
3317|85994,3317,85994,2483,58110,101,105,"Hamburg-Bergedorf, Germany","Bonn, Germany","Bonn, Germany | Hamburg-Bergedorf, Germany",OVERLAP,0.000000,"[{""a_fragment"":""PARENT_PROVISIONAL_CONTINUOUS"",""b_fragment"":""PARENT_PROVISIONAL_CONTINUOUS"",""duration_seconds"":419.0,""end_utc"":""1929-09-26T22:46:45+00:00"",""exposure_active"":3317,""exposure_current"":85994,""start_utc"":""1929-09-26T22:39:46+00:00""}]",1,419.000000,419.000000,2846,62489,3255,64752,1,1,20.7006590750,0.2011990969,0.5393144417,0.5393144417,428.609118,GE100_LT500,PRE_SPUTNIK,False,True
3400|86067,3400,86067,2562,58147,101,105,"Hamburg-Bergedorf, Germany","Bonn, Germany","Bonn, Germany | Hamburg-Bergedorf, Germany",OVERLAP,0.000000,"[{""a_fragment"":""PARENT_PROVISIONAL_CONTINUOUS"",""b_fragment"":""PARENT_PROVISIONAL_CONTINUOUS"",""duration_seconds"":598.0,""end_utc"":""1929-11-09T22:51:15+00:00"",""exposure_active"":3400,""exposure_current"":86067,""start_utc"":""1929-11-09T22:41:17+00:00""}]",1,598.000000,598.000000,2941,62563,3352,64868,1,1,4.1800844155,0.0325283902,0.1078956016,0.1078956016,428.609118,GE100_LT500,PRE_SPUTNIK,False,True
3400|86068,3400,86068,2562,58147,101,105,"Hamburg-Bergedorf, Germany","Bonn, Germany","Bonn, Germany | Hamburg-Bergedorf, Germany",OVERLAP,0.000000,"[{""a_fragment"":""PARENT_PROVISIONAL_CONTINUOUS"",""b_fragment"":""PARENT_PROVISIONAL_CONTINUOUS"",""duration_seconds"":180.0,""end_utc"":""1929-11-09T22:54:45+00:00"",""exposure_active"":3400,""exposure_current"":86068,""start_utc"":""1929-11-09T22:51:45+00:00""}]",1,180.000000,180.000000,2941,62563,3352,64868,1,1,4.1800844155,0.0325283902,0.1078956016,0.1078956016,428.609118,GE100_LT500,PRE_SPUTNIK,False,True
3400|86069,3400,86069,2562,58148,101,105,"Hamburg-Bergedorf, Germany","Bonn, Germany","Bonn, Germany | Hamburg-Bergedorf, Germany",OVERLAP,0.000000,"[{""a_fragment"":""PARENT_PROVISIONAL_CONTINUOUS"",""b_fragment"":""PARENT_PROVISIONAL_CONTINUOUS"",""duration_seconds"":598.0,""end_utc"":""1929-11-09T23:12:12+00:00"",""exposure_active"":3400,""exposure_current"":86069,""start_utc"":""1929-11-09T23:02:14+00:00""}]",1,598.000000,598.000000,2941,62565,3352,64876,1,1,6.4249778430,0.0501252243,0.1668512846,0.1668512846,428.609118,GE100_LT500,PRE_SPUTNIK,False,True
3400|86070,3400,86070,2562,58148,101,105,"Hamburg-Bergedorf, Germany","Bonn, Germany","Bonn, Germany | Hamburg-Bergedorf, Germany",OVERLAP,0.000000,"[{""a_fragment"":""PARENT_PROVISIONAL_CONTINUOUS"",""b_fragment"":""PARENT_PROVISIONAL_CONTINUOUS"",""duration_seconds"":179.0,""end_utc"":""1929-11-09T23:15:41+00:00"",""exposure_active"":3400,""exposure_current"":86070,""start_utc"":""1929-11-09T23:12:42+00:00""}]",1,179.000000,179.000000,2941,62565,3352,64876,1,1,6.4249778430,0.0501252243,0.1668512846,0.1668512846,428.609118,GE100_LT500,PRE_SPUTNIK,False,True
3400|86071,3400,86071,2562,58149,101,105,"Hamburg-Bergedorf, Germany","Bonn, Germany","Bonn, Germany | Hamburg-Bergedorf, Germany",OVERLAP,0.000000,"[{""a_fragment"":""PARENT_PROVISIONAL_CONTINUOUS"",""b_fragment"":""PARENT_PROVISIONAL_CONTINUOUS"",""duration_seconds"":598.0,""end_utc"":""1929-11-09T23:31:09+00:00"",""exposure_active"":3400,""exposure_current"":86071,""start_utc"":""1929-11-09T23:21:11+00:00""}]",1,598.000000,598.000000,2941,62567,3352,64870,1,1,3.5261840247,0.0274206436,0.0912701663,0.0912701663,428.609118,GE100_LT500,PRE_SPUTNIK,False,True
3400|86072,3400,86072,2562,58149,101,105,"Hamburg-Bergedorf, Germany","Bonn, Germany","Bonn, Germany | Hamburg-Bergedorf, Germany",OVERLAP,0.000000,"[{""a_fragment"":""PARENT_PROVISIONAL_CONTINUOUS"",""b_fragment"":""PARENT_PROVISIONAL_CONTINUOUS"",""duration_seconds"":179.0,""end_utc"":""1929-11-09T23:34:38+00:00"",""exposure_active"":3400,""exposure_current"":86072,""start_utc"":""1929-11-09T23:31:39+00:00""}]",1,179.000000,179.000000,2941,62567,3352,64870,1,1,3.5261840247,0.0274206436,0.0912701663,0.0912701663,428.609118,GE100_LT500,PRE_SPUTNIK,False,True
3400|86073,3400,86073,2562,58150,101,105,"Hamburg-Bergedorf, Germany","Bonn, Germany","Bonn, Germany | Hamburg-Bergedorf, Germany",OVERLAP,0.000000,"[{""a_fragment"":""PARENT_PROVISIONAL_CONTINUOUS"",""b_fragment"":""PARENT_PROVISIONAL_CONTINUOUS"",""duration_seconds"":598.0,""end_utc"":""1929-11-09T23:49:06+00:00"",""exposure_active"":3400,""exposure_current"":86073,""start_utc"":""1929-11-09T23:39:08+00:00""}]",1,598.000000,598.000000,2941,62569,3352,64880,1,1,5.8955916380,0.0459894074,0.1531055821,0.1531055821,428.609118,GE100_LT500,PRE_SPUTNIK,False,True
3400|86074,3400,86074,2562,58150,101,105,"Hamburg-Bergedorf, Germany","Bonn, Germany","Bonn, Germany | Hamburg-Bergedorf, Germany",OVERLAP,0.000000,"[{""a_fragment"":""PARENT_PROVISIONAL_CONTINUOUS"",""b_fragment"":""PARENT_PROVISIONAL_CONTINUOUS"",""duration_seconds"":179.0,""end_utc"":""1929-11-09T23:52:35+00:00"",""exposure_active"":3400,""exposure_current"":86074,""start_utc"":""1929-11-09T23:49:36+00:00""}]",1,179.000000,179.000000,2941,62569,3352,64880,1,1,5.8955916380,0.0459894074,0.1531055821,0.1531055821,428.609118,GE100_LT500,PRE_SPUTNIK,False,True
3527|121680,3527,121680,2687,78997,101,208,"Hamburg-Bergedorf, Germany","Dr. Remeis-Observatory, Bamberg, Germany","Dr. Remeis-Observatory, Bamberg, Germany | Hamburg-Bergedorf, Germany",OVERLAP,0.000000,"[{""a_fragment"":""PARENT_PROVISIONAL_CONTINUOUS"",""b_fragment"":""PARENT_PROVISIONAL_CONTINUOUS"",""duration_seconds"":548.0,""end_utc"":""1930-02-19T19:27:08+00:00"",""exposure_active"":3527,""exposure_current"":121680,""start_utc"":""1930-02-19T19:18:00+00:00""}]",1,548.000000,548.000000,3117,104127,3527,105324,1,1,33.5138670019,1.0000000000,0.0255346826,1.0000000000,402.491931,GE100_LT500,PRE_SPUTNIK,False,True
3706|121863,3706,121863,2866,79179,101,208,"Hamburg-Bergedorf, Germany","Dr. Remeis-Observatory, Bamberg, Germany","Dr. Remeis-Observatory, Bamberg, Germany | Hamburg-Bergedorf, Germany",OVERLAP,0.000000,"[{""a_fragment"":""854"",""b_fragment"":""PARENT_PROVISIONAL_CONTINUOUS"",""duration_seconds"":1786.0,""end_utc"":""1930-06-17T23:06:00+00:00"",""exposure_active"":121863,""exposure_current"":3706,""start_utc"":""1930-06-17T22:36:14+00:00""}]",1,1786.000000,1786.000000,3357,104270,3803,105408,1,1,130.9619393582,1.0000000000,0.1025363914,1.0000000000,402.491931,GE100_LT500,PRE_SPUTNIK,False,True
3708|86395,3708,86395,2868,58311,101,105,"Hamburg-Bergedorf, Germany","Bonn, Germany","Bonn, Germany | Hamburg-Bergedorf, Germany",OVERLAP,0.000000,"[{""a_fragment"":""PARENT_PROVISIONAL_CONTINUOUS"",""b_fragment"":""PARENT_PROVISIONAL_CONTINUOUS"",""duration_seconds"":718.0,""end_utc"":""1930-06-18T23:09:24+00:00"",""exposure_active"":3708,""exposure_current"":86395,""start_utc"":""1930-06-18T22:57:26+00:00""}]",1,718.000000,718.000000,3359,62891,3804,65403,1,1,10.4799693383,0.0809442554,0.2740437265,0.2740437265,428.609118,GE100_LT500,PRE_SPUTNIK,False,True
3708|86396,3708,86396,2868,58311,101,105,"Hamburg-Bergedorf, Germany","Bonn, Germany","Bonn, Germany | Hamburg-Bergedorf, Germany",OVERLAP,0.000000,"[{""a_fragment"":""PARENT_PROVISIONAL_CONTINUOUS"",""b_fragment"":""PARENT_PROVISIONAL_CONTINUOUS"",""duration_seconds"":209.0,""end_utc"":""1930-06-18T23:14:23+00:00"",""exposure_active"":3708,""exposure_current"":86396,""start_utc"":""1930-06-18T23:10:54+00:00""}]",1,209.000000,209.000000,3359,62891,3804,65403,1,1,10.4799693383,0.0809442554,0.2740437265,0.2740437265,428.609118,GE100_LT500,PRE_SPUTNIK,False,True
3736|121932,3736,121932,2896,79239,101,208,"Hamburg-Bergedorf, Germany","Dr. Remeis-Observatory, Bamberg, Germany","Dr. Remeis-Observatory, Bamberg, Germany | Hamburg-Bergedorf, Germany",OVERLAP,0.000000,"[{""a_fragment"":""PARENT_PROVISIONAL_CONTINUOUS"",""b_fragment"":""878"",""duration_seconds"":1800.0,""end_utc"":""1930-08-25T21:13:00+00:00"",""exposure_active"":3736,""exposure_current"":121932,""start_utc"":""1930-08-25T20:43:00+00:00""}]",1,1800.000000,1800.000000,3396,104321,3866,105426,1,1,0.9949110276,0.0072166085,0.0007344480,0.0072166085,402.491931,GE100_LT500,PRE_SPUTNIK,False,True
3737|121935,3737,121935,2897,79242,101,208,"Hamburg-Bergedorf, Germany","Dr. Remeis-Observatory, Bamberg, Germany","Dr. Remeis-Observatory, Bamberg, Germany | Hamburg-Bergedorf, Germany",OVERLAP,0.000000,"[{""a_fragment"":""PARENT_PROVISIONAL_CONTINUOUS"",""b_fragment"":""PARENT_PROVISIONAL_CONTINUOUS"",""duration_seconds"":849.0,""end_utc"":""1930-08-25T22:49:09+00:00"",""exposure_active"":3737,""exposure_current"":121935,""start_utc"":""1930-08-25T22:35:00+00:00""}]",1,849.000000,849.000000,3398,104324,3844,105435,1,1,9.1145444299,0.2581889337,0.0066974490,0.2581889337,402.491931,GE100_LT500,PRE_SPUTNIK,False,True
3751|121952,3751,121952,2909,79259,101,208,"Hamburg-Bergedorf, Germany","Dr. Remeis-Observatory, Bamberg, Germany","Dr. Remeis-Observatory, Bamberg, Germany | Hamburg-Bergedorf, Germany",OVERLAP,0.000000,"[{""a_fragment"":""PARENT_PROVISIONAL_CONTINUOUS"",""b_fragment"":""882"",""duration_seconds"":1107.0,""end_utc"":""1930-08-27T21:45:27+00:00"",""exposure_active"":3751,""exposure_current"":121952,""start_utc"":""1930-08-27T21:27:00+00:00""}]",1,1107.000000,1107.000000,3418,104338,3888,105445,1,1,124.8745176732,0.9466956865,0.0974555882,0.9466956865,402.491931,GE100_LT500,PRE_SPUTNIK,False,True
3786|121982,3786,121982,2941,79289,101,208,"Hamburg-Bergedorf, Germany","Dr. Remeis-Observatory, Bamberg, Germany","Dr. Remeis-Observatory, Bamberg, Germany | Hamburg-Bergedorf, Germany",OVERLAP,0.000000,"[{""a_fragment"":""PARENT_PROVISIONAL_CONTINUOUS"",""b_fragment"":""PARENT_PROVISIONAL_CONTINUOUS"",""duration_seconds"":52.0,""end_utc"":""1930-10-16T18:20:52+00:00"",""exposure_active"":3786,""exposure_current"":121982,""start_utc"":""1930-10-16T18:20:00+00:00""}]",1,52.000000,52.000000,3471,104368,3922,105460,1,1,15.9379449261,0.4510203062,0.0118580868,0.4510203062,402.491931,GE100_LT500,PRE_SPUTNIK,False,True
3938|122170,3938,122170,3009,79464,101,208,"Hamburg-Bergedorf, Germany","Dr. Remeis-Observatory, Bamberg, Germany","Dr. Remeis-Observatory, Bamberg, Germany | Hamburg-Bergedorf, Germany",OVERLAP,0.000000,"[{""a_fragment"":""PARENT_PROVISIONAL_CONTINUOUS"",""b_fragment"":""PARENT_PROVISIONAL_CONTINUOUS"",""duration_seconds"":911.0,""end_utc"":""1931-02-13T19:47:00+00:00"",""exposure_active"":122170,""exposure_current"":3938,""start_utc"":""1931-02-13T19:31:49+00:00""}]",1,911.000000,911.000000,3556,104520,4069,105542,1,1,6.2011512909,0.1740725379,0.0046491143,0.1740725379,402.491931,GE100_LT500,PRE_SPUTNIK,False,True
3958|122228,3958,122228,3029,79522,101,208,"Hamburg-Bergedorf, Germany","Dr. Remeis-Observatory, Bamberg, Germany","Dr. Remeis-Observatory, Bamberg, Germany | Hamburg-Bergedorf, Germany",OVERLAP,0.000000,"[{""a_fragment"":""PARENT_PROVISIONAL_CONTINUOUS"",""b_fragment"":""PARENT_PROVISIONAL_CONTINUOUS"",""duration_seconds"":299.0,""end_utc"":""1931-03-06T20:39:10+00:00"",""exposure_active"":122228,""exposure_current"":3958,""start_utc"":""1931-03-06T20:34:11+00:00""}]",1,299.000000,299.000000,3584,104577,4115,105576,1,1,18.0323382779,0.5089922857,0.0132335919,0.5089922857,402.491931,GE100_LT500,PRE_SPUTNIK,False,True
3967|122339,3967,122339,3038,79633,101,208,"Hamburg-Bergedorf, Germany","Dr. Remeis-Observatory, Bamberg, Germany","Dr. Remeis-Observatory, Bamberg, Germany | Hamburg-Bergedorf, Germany",OVERLAP,0.000000,"[{""a_fragment"":""PARENT_PROVISIONAL_CONTINUOUS"",""b_fragment"":""PARENT_PROVISIONAL_CONTINUOUS"",""duration_seconds"":3540.0,""end_utc"":""1931-03-15T20:59:00+00:00"",""exposure_active"":3967,""exposure_current"":122339,""start_utc"":""1931-03-15T20:00:00+00:00""}]",1,3540.000000,3540.000000,3592,104675,4137,105667,1,1,42.9880021192,0.3210247628,0.0313739544,0.3210247628,402.491931,GE100_LT500,PRE_SPUTNIK,False,True
3970|122349,3970,122349,3041,79643,101,208,"Hamburg-Bergedorf, Germany","Dr. Remeis-Observatory, Bamberg, Germany","Dr. Remeis-Observatory, Bamberg, Germany | Hamburg-Bergedorf, Germany",OVERLAP,0.000000,"[{""a_fragment"":""PARENT_PROVISIONAL_CONTINUOUS"",""b_fragment"":""PARENT_PROVISIONAL_CONTINUOUS"",""duration_seconds"":28.0,""end_utc"":""1931-03-16T03:08:00+00:00"",""exposure_active"":122349,""exposure_current"":3970,""start_utc"":""1931-03-16T03:07:32+00:00""}]",1,28.000000,28.000000,3596,104685,4120,105669,1,1,3.4867000245,0.0999442034,0.0025198755,0.0999442034,402.491931,GE100_LT500,PRE_SPUTNIK,False,True
3983|86495,3983,86495,3053,58360,101,105,"Hamburg-Bergedorf, Germany","Bonn, Germany","Bonn, Germany | Hamburg-Bergedorf, Germany",OVERLAP,0.000000,"[{""a_fragment"":""PARENT_PROVISIONAL_CONTINUOUS"",""b_fragment"":""PARENT_PROVISIONAL_CONTINUOUS"",""duration_seconds"":748.0,""end_utc"":""1931-03-17T23:55:53+00:00"",""exposure_active"":3983,""exposure_current"":86495,""start_utc"":""1931-03-17T23:43:25+00:00""}]",1,748.000000,748.000000,3605,62989,4130,65560,1,2,23.3611208427,0.1795417291,0.6148911106,0.6148911106,428.609118,GE100_LT500,PRE_SPUTNIK,False,True
3983|86496,3983,86496,3053,58360,101,105,"Hamburg-Bergedorf, Germany","Bonn, Germany","Bonn, Germany | Hamburg-Bergedorf, Germany",OVERLAP,0.000000,"[{""a_fragment"":""PARENT_PROVISIONAL_CONTINUOUS"",""b_fragment"":""PARENT_PROVISIONAL_CONTINUOUS"",""duration_seconds"":209.0,""end_utc"":""1931-03-17T23:59:52+00:00"",""exposure_active"":3983,""exposure_current"":86496,""start_utc"":""1931-03-17T23:56:23+00:00""}]",1,209.000000,209.000000,3605,62989,4130,65560,1,2,23.3611208427,0.1795417291,0.6148911106,0.6148911106,428.609118,GE100_LT500,PRE_SPUTNIK,False,True
3985|122378,3985,122378,3055,79672,101,208,"Hamburg-Bergedorf, Germany","Dr. Remeis-Observatory, Bamberg, Germany","Dr. Remeis-Observatory, Bamberg, Germany | Hamburg-Bergedorf, Germany",OVERLAP,0.000000,"[{""a_fragment"":""PARENT_PROVISIONAL_CONTINUOUS"",""b_fragment"":""PARENT_PROVISIONAL_CONTINUOUS"",""duration_seconds"":1800.0,""end_utc"":""1931-03-18T01:46:00+00:00"",""exposure_active"":3985,""exposure_current"":122378,""start_utc"":""1931-03-18T01:16:00+00:00""}]",1,1800.000000,1800.000000,3606,104713,4150,105682,1,1,101.0586450402,0.7736583435,0.1732099272,0.7736583435,402.491931,GE100_LT500,PRE_SPUTNIK,False,True
3995|122429,3995,122429,3063,79723,101,208,"Hamburg-Bergedorf, Germany","Dr. Remeis-Observatory, Bamberg, Germany","Dr. Remeis-Observatory, Bamberg, Germany | Hamburg-Bergedorf, Germany",OVERLAP,0.000000,"[{""a_fragment"":""PARENT_PROVISIONAL_CONTINUOUS"",""b_fragment"":""PARENT_PROVISIONAL_CONTINUOUS"",""duration_seconds"":1800.0,""end_utc"":""1931-03-19T01:14:00+00:00"",""exposure_active"":3995,""exposure_current"":122429,""start_utc"":""1931-03-19T00:44:00+00:00""}]",1,1800.000000,1800.000000,3617,104735,4156,105696,1,1,67.4385670053,0.5120562795,0.1260583657,0.5120562795,402.491931,GE100_LT500,PRE_SPUTNIK,False,True
4008|122455,4008,122455,3076,79749,101,208,"Hamburg-Bergedorf, Germany","Dr. Remeis-Observatory, Bamberg, Germany","Dr. Remeis-Observatory, Bamberg, Germany | Hamburg-Bergedorf, Germany",OVERLAP,0.000000,"[{""a_fragment"":""939"",""b_fragment"":""PARENT_PROVISIONAL_CONTINUOUS"",""duration_seconds"":585.0,""end_utc"":""1931-03-20T21:42:00+00:00"",""exposure_active"":122455,""exposure_current"":4008,""start_utc"":""1931-03-20T21:32:15+00:00""}]",1,585.000000,585.000000,3630,104759,4163,105728,1,1,68.5552504472,0.5063393304,0.0524089400,0.5063393304,402.491931,GE100_LT500,PRE_SPUTNIK,False,True
4008|122456,4008,122456,3076,79750,101,208,"Hamburg-Bergedorf, Germany","Dr. Remeis-Observatory, Bamberg, Germany","Dr. Remeis-Observatory, Bamberg, Germany | Hamburg-Bergedorf, Germany",OVERLAP,0.000000,"[{""a_fragment"":""PARENT_PROVISIONAL_CONTINUOUS"",""b_fragment"":""939"",""duration_seconds"":1150.0,""end_utc"":""1931-03-20T22:02:10+00:00"",""exposure_active"":4008,""exposure_current"":122456,""start_utc"":""1931-03-20T21:43:00+00:00""},{""a_fragment"":""940"",""b_fragment"":""PARENT_PROVISIONAL_CONTINUOUS"",""duration_seconds"":1795.0,""end_utc"":""1931-03-20T22:41:04+00:00"",""exposure_active"":122456,""exposure_current"":4008,""start_utc"":""1931-03-20T22:11:09+00:00""}]",2,2945.000000,1795.000000,3630,104760,4163,105723,1,1,131.2551588378,0.9991561820,0.1040410698,0.9991561820,402.491931,GE100_LT500,PRE_SPUTNIK,False,True
4014|122465,4014,122465,3081,79759,101,208,"Hamburg-Bergedorf, Germany","Dr. Remeis-Observatory, Bamberg, Germany","Dr. Remeis-Observatory, Bamberg, Germany | Hamburg-Bergedorf, Germany",OVERLAP,0.000000,"[{""a_fragment"":""PARENT_PROVISIONAL_CONTINUOUS"",""b_fragment"":""PARENT_PROVISIONAL_CONTINUOUS"",""duration_seconds"":900.0,""end_utc"":""1931-03-21T02:51:00+00:00"",""exposure_active"":4014,""exposure_current"":122465,""start_utc"":""1931-03-21T02:36:00+00:00""}]",1,900.000000,900.000000,3635,104769,4169,105727,1,1,129.7064517033,0.9765214806,0.0978550573,0.9765214806,402.491931,GE100_LT500,PRE_SPUTNIK,False,True
4051|122525,4051,122525,3115,79819,101,208,"Hamburg-Bergedorf, Germany","Dr. Remeis-Observatory, Bamberg, Germany","Dr. Remeis-Observatory, Bamberg, Germany | Hamburg-Bergedorf, Germany",OVERLAP,0.000000,"[{""a_fragment"":""PARENT_PROVISIONAL_CONTINUOUS"",""b_fragment"":""PARENT_PROVISIONAL_CONTINUOUS"",""duration_seconds"":1800.0,""end_utc"":""1931-04-06T21:30:00+00:00"",""exposure_active"":4051,""exposure_current"":122525,""start_utc"":""1931-04-06T21:00:00+00:00""}]",1,1800.000000,1800.000000,3665,104828,4177,105766,1,1,3.1266447979,0.0230529563,0.0023256517,0.0230529563,402.491931,GE100_LT500,PRE_SPUTNIK,False,True
4053|122536,4053,122536,3117,79830,101,208,"Hamburg-Bergedorf, Germany","Dr. Remeis-Observatory, Bamberg, Germany","Dr. Remeis-Observatory, Bamberg, Germany | Hamburg-Bergedorf, Germany",OVERLAP,0.000000,"[{""a_fragment"":""PARENT_PROVISIONAL_CONTINUOUS"",""b_fragment"":""941"",""duration_seconds"":1582.0,""end_utc"":""1931-04-07T21:00:22+00:00"",""exposure_active"":4053,""exposure_current"":122536,""start_utc"":""1931-04-07T20:34:00+00:00""}]",1,1582.000000,1582.000000,3667,104833,4181,105775,1,1,100.5535463491,0.7567950717,0.0757984477,0.7567950717,402.491931,GE100_LT500,PRE_SPUTNIK,False,True
4053|122537,4053,122537,3117,79831,101,208,"Hamburg-Bergedorf, Germany","Dr. Remeis-Observatory, Bamberg, Germany","Dr. Remeis-Observatory, Bamberg, Germany | Hamburg-Bergedorf, Germany",GT0_LE5MIN,278.000000,[],0,0.000000,0.000000,3667,104834,4181,105773,1,1,21.4116404644,0.1555016666,0.0154101822,0.1555016666,402.491931,GE100_LT500,PRE_SPUTNIK,False,True
4079|122680,4079,122680,3143,79974,101,208,"Hamburg-Bergedorf, Germany","Dr. Remeis-Observatory, Bamberg, Germany","Dr. Remeis-Observatory, Bamberg, Germany | Hamburg-Bergedorf, Germany",OVERLAP,0.000000,"[{""a_fragment"":""PARENT_PROVISIONAL_CONTINUOUS"",""b_fragment"":""PARENT_PROVISIONAL_CONTINUOUS"",""duration_seconds"":1127.0,""end_utc"":""1931-05-14T01:01:47+00:00"",""exposure_active"":4079,""exposure_current"":122680,""start_utc"":""1931-05-14T00:43:00+00:00""}]",1,1127.000000,1127.000000,3695,104963,4224,105868,1,1,90.3035872436,0.6763805117,0.0698084880,0.6763805117,402.491931,GE100_LT500,PRE_SPUTNIK,False,True
4090|122792,4090,122792,3154,80086,101,208,"Hamburg-Bergedorf, Germany","Dr. Remeis-Observatory, Bamberg, Germany","Dr. Remeis-Observatory, Bamberg, Germany | Hamburg-Bergedorf, Germany",OVERLAP,0.000000,"[{""a_fragment"":""PARENT_PROVISIONAL_CONTINUOUS"",""b_fragment"":""947"",""duration_seconds"":314.0,""end_utc"":""1931-06-04T23:53:14+00:00"",""exposure_active"":4090,""exposure_current"":122792,""start_utc"":""1931-06-04T23:48:00+00:00""}]",1,314.000000,314.000000,3705,105042,4228,105909,1,1,21.7355346777,0.1583425932,0.0156015717,0.1583425932,402.491931,GE100_LT500,PRE_SPUTNIK,False,True
4100|122849,4100,122849,3164,80143,101,208,"Hamburg-Bergedorf, Germany","Dr. Remeis-Observatory, Bamberg, Germany","Dr. Remeis-Observatory, Bamberg, Germany | Hamburg-Bergedorf, Germany",OVERLAP,0.000000,"[{""a_fragment"":""PARENT_PROVISIONAL_CONTINUOUS"",""b_fragment"":""PARENT_PROVISIONAL_CONTINUOUS"",""duration_seconds"":84.0,""end_utc"":""1931-06-23T00:02:24+00:00"",""exposure_active"":4100,""exposure_current"":122849,""start_utc"":""1931-06-23T00:01:00+00:00""}]",1,84.000000,84.000000,3721,105093,4231,105928,1,1,13.0913603231,0.3717000844,0.0096570805,0.3717000844,402.491931,GE100_LT500,PRE_SPUTNIK,False,True
4134|122966,4134,122966,3196,80260,101,208,"Hamburg-Bergedorf, Germany","Dr. Remeis-Observatory, Bamberg, Germany","Dr. Remeis-Observatory, Bamberg, Germany | Hamburg-Bergedorf, Germany",OVERLAP,0.000000,"[{""a_fragment"":""PARENT_PROVISIONAL_CONTINUOUS"",""b_fragment"":""PARENT_PROVISIONAL_CONTINUOUS"",""duration_seconds"":1090.0,""end_utc"":""1931-09-09T01:36:00+00:00"",""exposure_active"":122966,""exposure_current"":4134,""start_utc"":""1931-09-09T01:17:50+00:00""}]",1,1090.000000,1090.000000,3766,105203,4269,105978,1,1,34.0616834345,1.0000000000,0.2620589599,1.0000000000,402.491931,GE100_LT500,PRE_SPUTNIK,False,True
4134|122984,4134,122984,3196,80278,101,208,"Hamburg-Bergedorf, Germany","Dr. Remeis-Observatory, Bamberg, Germany","Dr. Remeis-Observatory, Bamberg, Germany | Hamburg-Bergedorf, Germany",OVERLAP,0.000000,"[{""a_fragment"":""PARENT_PROVISIONAL_CONTINUOUS"",""b_fragment"":""PARENT_PROVISIONAL_CONTINUOUS"",""duration_seconds"":1090.0,""end_utc"":""1931-09-09T01:36:00+00:00"",""exposure_active"":122984,""exposure_current"":4134,""start_utc"":""1931-09-09T01:17:50+00:00""}]",1,1090.000000,1090.000000,3766,105220,4269,105984,1,1,34.1618458536,1.0000000000,0.0264514991,1.0000000000,402.491931,GE100_LT500,PRE_SPUTNIK,False,True
4142|123002,4142,123002,3204,80296,101,208,"Hamburg-Bergedorf, Germany","Dr. Remeis-Observatory, Bamberg, Germany","Dr. Remeis-Observatory, Bamberg, Germany | Hamburg-Bergedorf, Germany",OVERLAP,0.000000,"[{""a_fragment"":""PARENT_PROVISIONAL_CONTINUOUS"",""b_fragment"":""978"",""duration_seconds"":588.0,""end_utc"":""1931-09-09T23:53:48+00:00"",""exposure_active"":4142,""exposure_current"":123002,""start_utc"":""1931-09-09T23:44:00+00:00""}]",1,588.000000,588.000000,3778,105238,4328,105989,1,1,105.0423104433,0.7848041353,0.0807910790,0.7848041353,402.491931,GE100_LT500,PRE_SPUTNIK,False,True
4172|123020,4172,123020,3228,80314,101,208,"Hamburg-Bergedorf, Germany","Dr. Remeis-Observatory, Bamberg, Germany","Dr. Remeis-Observatory, Bamberg, Germany | Hamburg-Bergedorf, Germany",GT0_LE5MIN,218.000000,[],0,0.000000,0.000000,3811,105256,4347,105998,1,1,6.3216620716,0.0573253799,0.0047539204,0.0573253799,402.491931,GE100_LT500,PRE_SPUTNIK,False,True
4198|123084,4198,123084,3254,80378,101,208,"Hamburg-Bergedorf, Germany","Dr. Remeis-Observatory, Bamberg, Germany","Dr. Remeis-Observatory, Bamberg, Germany | Hamburg-Bergedorf, Germany",GT0_LE5MIN,122.000000,[],0,0.000000,0.000000,3840,105320,4352,106030,1,1,11.3808391142,0.3191870609,0.0082975729,0.3191870609,402.491931,GE100_LT500,PRE_SPUTNIK,False,True
4207|123177,4207,123177,3263,80471,101,208,"Hamburg-Bergedorf, Germany","Dr. Remeis-Observatory, Bamberg, Germany","Dr. Remeis-Observatory, Bamberg, Germany | Hamburg-Bergedorf, Germany",GT0_LE5MIN,48.000000,[],0,0.000000,0.000000,3850,105406,4357,106060,1,1,34.2062448859,1.0000000000,0.0265178156,1.0000000000,402.491931,GE100_LT500,PRE_SPUTNIK,False,True
4211|123179,4211,123179,3267,80473,101,208,"Hamburg-Bergedorf, Germany","Dr. Remeis-Observatory, Bamberg, Germany","Dr. Remeis-Observatory, Bamberg, Germany | Hamburg-Bergedorf, Germany",OVERLAP,0.000000,"[{""a_fragment"":""PARENT_PROVISIONAL_CONTINUOUS"",""b_fragment"":""PARENT_PROVISIONAL_CONTINUOUS"",""duration_seconds"":1721.0,""end_utc"":""1931-10-15T00:40:41+00:00"",""exposure_active"":4211,""exposure_current"":123179,""start_utc"":""1931-10-15T00:12:00+00:00""}]",1,1721.000000,1721.000000,3854,105408,4363,106052,1,1,59.8984101004,0.5563570552,0.0443791364,0.5563570552,402.491931,GE100_LT500,PRE_SPUTNIK,False,True
4234|123247,4234,123247,3282,80541,101,208,"Hamburg-Bergedorf, Germany","Dr. Remeis-Observatory, Bamberg, Germany","Dr. Remeis-Observatory, Bamberg, Germany | Hamburg-Bergedorf, Germany",OVERLAP,0.000000,"[{""a_fragment"":""PARENT_PROVISIONAL_CONTINUOUS"",""b_fragment"":""PARENT_PROVISIONAL_CONTINUOUS"",""duration_seconds"":1354.0,""end_utc"":""1931-11-03T20:05:34+00:00"",""exposure_active"":4234,""exposure_current"":123247,""start_utc"":""1931-11-03T19:43:00+00:00""}]",1,1354.000000,1354.000000,3878,105476,4399,106088,1,1,93.4403136458,0.8806676729,0.0704741205,0.8806676729,402.491931,GE100_LT500,PRE_SPUTNIK,False,True
4237|123264,4237,123264,3285,80558,101,208,"Hamburg-Bergedorf, Germany","Dr. Remeis-Observatory, Bamberg, Germany","Dr. Remeis-Observatory, Bamberg, Germany | Hamburg-Bergedorf, Germany",OVERLAP,0.000000,"[{""a_fragment"":""PARENT_PROVISIONAL_CONTINUOUS"",""b_fragment"":""PARENT_PROVISIONAL_CONTINUOUS"",""duration_seconds"":1800.0,""end_utc"":""1931-11-04T20:09:00+00:00"",""exposure_active"":4237,""exposure_current"":123264,""start_utc"":""1931-11-04T19:39:00+00:00""}]",1,1800.000000,1800.000000,3883,105493,4391,106096,1,1,104.4787446032,1.0000000000,0.0790038267,1.0000000000,402.491931,GE100_LT500,PRE_SPUTNIK,False,True
4237|123265,4237,123265,3285,80559,101,208,"Hamburg-Bergedorf, Germany","Dr. Remeis-Observatory, Bamberg, Germany","Dr. Remeis-Observatory, Bamberg, Germany | Hamburg-Bergedorf, Germany",OVERLAP,0.000000,"[{""a_fragment"":""PARENT_PROVISIONAL_CONTINUOUS"",""b_fragment"":""PARENT_PROVISIONAL_CONTINUOUS"",""duration_seconds"":1800.0,""end_utc"":""1931-11-04T20:40:00+00:00"",""exposure_active"":4237,""exposure_current"":123265,""start_utc"":""1931-11-04T20:10:00+00:00""}]",1,1800.000000,1800.000000,3883,105494,4391,106097,1,1,19.5280617744,0.1805585443,0.0140726908,0.1805585443,402.491931,GE100_LT500,PRE_SPUTNIK,False,True
4237|123268,4237,123268,3285,80562,101,208,"Hamburg-Bergedorf, Germany","Dr. Remeis-Observatory, Bamberg, Germany","Dr. Remeis-Observatory, Bamberg, Germany | Hamburg-Bergedorf, Germany",OVERLAP,0.000000,"[{""a_fragment"":""PARENT_PROVISIONAL_CONTINUOUS"",""b_fragment"":""PARENT_PROVISIONAL_CONTINUOUS"",""duration_seconds"":979.0,""end_utc"":""1931-11-04T22:00:19+00:00"",""exposure_active"":4237,""exposure_current"":123268,""start_utc"":""1931-11-04T21:44:00+00:00""}]",1,979.000000,979.000000,3883,105497,4391,106099,1,1,3.5211837242,0.0314751456,0.0024237670,0.0314751456,402.491931,GE100_LT500,PRE_SPUTNIK,False,True
4246|123369,4246,123369,3294,80663,101,208,"Hamburg-Bergedorf, Germany","Dr. Remeis-Observatory, Bamberg, Germany","Dr. Remeis-Observatory, Bamberg, Germany | Hamburg-Bergedorf, Germany",GT0_LE5MIN,194.000000,[],0,0.000000,0.000000,3894,105598,4412,106152,1,1,103.3040543605,0.9747305489,0.0779988246,0.9747305489,402.491931,GE100_LT500,PRE_SPUTNIK,False,True
4256|123395,4256,123395,3304,80689,101,208,"Hamburg-Bergedorf, Germany","Dr. Remeis-Observatory, Bamberg, Germany","Dr. Remeis-Observatory, Bamberg, Germany | Hamburg-Bergedorf, Germany",OVERLAP,0.000000,"[{""a_fragment"":""PARENT_PROVISIONAL_CONTINUOUS"",""b_fragment"":""PARENT_PROVISIONAL_CONTINUOUS"",""duration_seconds"":224.0,""end_utc"":""1931-12-17T03:52:00+00:00"",""exposure_active"":123395,""exposure_current"":4256,""start_utc"":""1931-12-17T03:48:16+00:00""}]",1,224.000000,224.000000,3909,105624,4415,106171,2,1,18.1758977372,0.5094804046,0.0135844854,0.5094804046,402.491931,GE100_LT500,PRE_SPUTNIK,False,True
4257|123398,4257,123398,3305,80692,101,208,"Hamburg-Bergedorf, Germany","Dr. Remeis-Observatory, Bamberg, Germany","Dr. Remeis-Observatory, Bamberg, Germany | Hamburg-Bergedorf, Germany",OVERLAP,0.000000,"[{""a_fragment"":""PARENT_PROVISIONAL_CONTINUOUS"",""b_fragment"":""PARENT_PROVISIONAL_CONTINUOUS"",""duration_seconds"":45.0,""end_utc"":""1931-12-17T04:55:45+00:00"",""exposure_active"":4257,""exposure_current"":123398,""start_utc"":""1931-12-17T04:55:00+00:00""}]",1,45.000000,45.000000,3911,105627,4409,106176,1,1,34.6987680171,1.0000000000,0.0258006722,1.0000000000,402.491931,GE100_LT500,PRE_SPUTNIK,False,True
4257|123402,4257,123402,3305,80696,101,208,"Hamburg-Bergedorf, Germany","Dr. Remeis-Observatory, Bamberg, Germany","Dr. Remeis-Observatory, Bamberg, Germany | Hamburg-Bergedorf, Germany",OVERLAP,0.000000,"[{""a_fragment"":""PARENT_PROVISIONAL_CONTINUOUS"",""b_fragment"":""PARENT_PROVISIONAL_CONTINUOUS"",""duration_seconds"":1740.0,""end_utc"":""1931-12-17T04:54:00+00:00"",""exposure_active"":4257,""exposure_current"":123402,""start_utc"":""1931-12-17T04:25:00+00:00""}]",1,1740.000000,1740.000000,3911,105630,4409,106165,1,1,15.1211445865,0.4275079814,0.0084133669,0.4275079814,402.491931,GE100_LT500,PRE_SPUTNIK,False,True
4257|123403,4257,123403,3305,80697,101,208,"Hamburg-Bergedorf, Germany","Dr. Remeis-Observatory, Bamberg, Germany","Dr. Remeis-Observatory, Bamberg, Germany | Hamburg-Bergedorf, Germany",OVERLAP,0.000000,"[{""a_fragment"":""PARENT_PROVISIONAL_CONTINUOUS"",""b_fragment"":""PARENT_PROVISIONAL_CONTINUOUS"",""duration_seconds"":45.0,""end_utc"":""1931-12-17T04:55:45+00:00"",""exposure_active"":4257,""exposure_current"":123403,""start_utc"":""1931-12-17T04:55:00+00:00""}]",1,45.000000,45.000000,3911,105631,4409,106167,1,1,15.8643502548,0.4480323018,0.0088468977,0.4480323018,402.491931,GE100_LT500,PRE_SPUTNIK,False,True
4258|123398,4258,123398,3306,80692,101,208,"Hamburg-Bergedorf, Germany","Dr. Remeis-Observatory, Bamberg, Germany","Dr. Remeis-Observatory, Bamberg, Germany | Hamburg-Bergedorf, Germany",OVERLAP,0.000000,"[{""a_fragment"":""PARENT_PROVISIONAL_CONTINUOUS"",""b_fragment"":""PARENT_PROVISIONAL_CONTINUOUS"",""duration_seconds"":897.0,""end_utc"":""1931-12-17T05:14:31+00:00"",""exposure_active"":123398,""exposure_current"":4258,""start_utc"":""1931-12-17T04:59:34+00:00""}]",1,897.000000,897.000000,3912,105627,4410,106176,1,1,35.0949610335,1.0000000000,0.0260935558,1.0000000000,402.491931,GE100_LT500,PRE_SPUTNIK,False,True
4258|123403,4258,123403,3306,80697,101,208,"Hamburg-Bergedorf, Germany","Dr. Remeis-Observatory, Bamberg, Germany","Dr. Remeis-Observatory, Bamberg, Germany | Hamburg-Bergedorf, Germany",OVERLAP,0.000000,"[{""a_fragment"":""PARENT_PROVISIONAL_CONTINUOUS"",""b_fragment"":""PARENT_PROVISIONAL_CONTINUOUS"",""duration_seconds"":897.0,""end_utc"":""1931-12-17T05:14:31+00:00"",""exposure_active"":123403,""exposure_current"":4258,""start_utc"":""1931-12-17T04:59:34+00:00""}]",1,897.000000,897.000000,3912,105631,4410,106167,1,1,15.9998837101,0.4467504497,0.0089215880,0.4467504497,402.491931,GE100_LT500,PRE_SPUTNIK,False,True
4259|123399,4259,123399,3307,80693,101,208,"Hamburg-Bergedorf, Germany","Dr. Remeis-Observatory, Bamberg, Germany","Dr. Remeis-Observatory, Bamberg, Germany | Hamburg-Bergedorf, Germany",OVERLAP,0.000000,"[{""a_fragment"":""PARENT_PROVISIONAL_CONTINUOUS"",""b_fragment"":""PARENT_PROVISIONAL_CONTINUOUS"",""duration_seconds"":480.0,""end_utc"":""1931-12-17T05:34:00+00:00"",""exposure_active"":4259,""exposure_current"":123399,""start_utc"":""1931-12-17T05:26:00+00:00""}]",1,480.000000,480.000000,3914,105628,4420,106168,1,1,34.8496722454,1.0000000000,0.0265536955,1.0000000000,402.491931,GE100_LT500,PRE_SPUTNIK,False,True
4259|123400,4259,123400,3307,80694,101,208,"Hamburg-Bergedorf, Germany","Dr. Remeis-Observatory, Bamberg, Germany","Dr. Remeis-Observatory, Bamberg, Germany | Hamburg-Bergedorf, Germany",OVERLAP,0.000000,"[{""a_fragment"":""PARENT_PROVISIONAL_CONTINUOUS"",""b_fragment"":""PARENT_PROVISIONAL_CONTINUOUS"",""duration_seconds"":267.0,""end_utc"":""1931-12-17T05:39:27+00:00"",""exposure_active"":4259,""exposure_current"":123400,""start_utc"":""1931-12-17T05:35:00+00:00""}]",1,267.000000,267.000000,3914,105629,4420,106170,1,1,34.8494062103,1.0000000000,0.0264593993,1.0000000000,402.491931,GE100_LT500,PRE_SPUTNIK,False,True
4284|123406,4284,123406,3332,80700,101,208,"Hamburg-Bergedorf, Germany","Dr. Remeis-Observatory, Bamberg, Germany","Dr. Remeis-Observatory, Bamberg, Germany | Hamburg-Bergedorf, Germany",OVERLAP,0.000000,"[{""a_fragment"":""PARENT_PROVISIONAL_CONTINUOUS"",""b_fragment"":""PARENT_PROVISIONAL_CONTINUOUS"",""duration_seconds"":1800.0,""end_utc"":""1931-12-18T04:38:00+00:00"",""exposure_active"":4284,""exposure_current"":123406,""start_utc"":""1931-12-18T04:08:00+00:00""}]",1,1800.000000,1800.000000,3962,105633,4487,106177,1,1,104.9593974423,1.0000000000,0.0827288290,1.0000000000,402.491931,GE100_LT500,PRE_SPUTNIK,False,True
4297|123504,4297,123504,3345,80798,101,208,"Hamburg-Bergedorf, Germany","Dr. Remeis-Observatory, Bamberg, Germany","Dr. Remeis-Observatory, Bamberg, Germany | Hamburg-Bergedorf, Germany",OVERLAP,0.000000,"[{""a_fragment"":""PARENT_PROVISIONAL_CONTINUOUS"",""b_fragment"":""PARENT_PROVISIONAL_CONTINUOUS"",""duration_seconds"":458.0,""end_utc"":""1932-01-28T19:22:38+00:00"",""exposure_active"":4297,""exposure_current"":123504,""start_utc"":""1932-01-28T19:15:00+00:00""}]",1,458.000000,458.000000,3980,105723,4503,106216,1,1,73.9073806531,0.6974119805,0.0553690332,0.6974119805,402.491931,GE100_LT500,PRE_SPUTNIK,False,True
4297|123508,4297,123508,3345,80802,101,208,"Hamburg-Bergedorf, Germany","Dr. Remeis-Observatory, Bamberg, Germany","Dr. Remeis-Observatory, Bamberg, Germany | Hamburg-Bergedorf, Germany",OVERLAP,0.000000,"[{""a_fragment"":""PARENT_PROVISIONAL_CONTINUOUS"",""b_fragment"":""PARENT_PROVISIONAL_CONTINUOUS"",""duration_seconds"":1800.0,""end_utc"":""1932-01-28T18:43:00+00:00"",""exposure_active"":4297,""exposure_current"":123508,""start_utc"":""1932-01-28T18:13:00+00:00""}]",1,1800.000000,1800.000000,3980,105727,4503,106211,1,1,42.3163129241,0.3872590366,0.0232725009,0.3872590366,402.491931,GE100_LT500,PRE_SPUTNIK,False,True
4297|123510,4297,123510,3345,80804,101,208,"Hamburg-Bergedorf, Germany","Dr. Remeis-Observatory, Bamberg, Germany","Dr. Remeis-Observatory, Bamberg, Germany | Hamburg-Bergedorf, Germany",OVERLAP,0.000000,"[{""a_fragment"":""PARENT_PROVISIONAL_CONTINUOUS"",""b_fragment"":""PARENT_PROVISIONAL_CONTINUOUS"",""duration_seconds"":458.0,""end_utc"":""1932-01-28T19:22:38+00:00"",""exposure_active"":4297,""exposure_current"":123510,""start_utc"":""1932-01-28T19:15:00+00:00""}]",1,458.000000,458.000000,3980,105729,4503,106214,1,1,38.0543384576,0.3476331401,0.0208251442,0.3476331401,402.491931,GE100_LT500,PRE_SPUTNIK,False,True
4299|123504,4299,123504,3347,80798,101,208,"Hamburg-Bergedorf, Germany","Dr. Remeis-Observatory, Bamberg, Germany","Dr. Remeis-Observatory, Bamberg, Germany | Hamburg-Bergedorf, Germany",OVERLAP,0.000000,"[{""a_fragment"":""PARENT_PROVISIONAL_CONTINUOUS"",""b_fragment"":""PARENT_PROVISIONAL_CONTINUOUS"",""duration_seconds"":26.0,""end_utc"":""1932-01-28T19:45:00+00:00"",""exposure_active"":123504,""exposure_current"":4299,""start_utc"":""1932-01-28T19:44:34+00:00""}]",1,26.000000,26.000000,3982,105723,4506,106216,1,1,74.1613970152,0.6936617279,0.0555566914,0.6936617279,402.491931,GE100_LT500,PRE_SPUTNIK,False,True
4299|123510,4299,123510,3347,80804,101,208,"Hamburg-Bergedorf, Germany","Dr. Remeis-Observatory, Bamberg, Germany","Dr. Remeis-Observatory, Bamberg, Germany | Hamburg-Bergedorf, Germany",OVERLAP,0.000000,"[{""a_fragment"":""PARENT_PROVISIONAL_CONTINUOUS"",""b_fragment"":""PARENT_PROVISIONAL_CONTINUOUS"",""duration_seconds"":26.0,""end_utc"":""1932-01-28T19:45:00+00:00"",""exposure_active"":123510,""exposure_current"":4299,""start_utc"":""1932-01-28T19:44:34+00:00""}]",1,26.000000,26.000000,3982,105729,4506,106214,1,1,38.3599853239,0.3473370457,0.0209905452,0.3473370457,402.491931,GE100_LT500,PRE_SPUTNIK,False,True
4308|123513,4308,123513,3356,80807,101,208,"Hamburg-Bergedorf, Germany","Dr. Remeis-Observatory, Bamberg, Germany","Dr. Remeis-Observatory, Bamberg, Germany | Hamburg-Bergedorf, Germany",OVERLAP,0.000000,"[{""a_fragment"":""PARENT_PROVISIONAL_CONTINUOUS"",""b_fragment"":""PARENT_PROVISIONAL_CONTINUOUS"",""duration_seconds"":389.0,""end_utc"":""1932-02-05T18:50:00+00:00"",""exposure_active"":123513,""exposure_current"":4308,""start_utc"":""1932-02-05T18:43:31+00:00""}]",1,389.000000,389.000000,3999,105731,4533,106217,1,1,59.5818515590,0.5452805441,0.0331914535,0.5452805441,402.491931,GE100_LT500,PRE_SPUTNIK,False,True
4308|123514,4308,123514,3356,80808,101,208,"Hamburg-Bergedorf, Germany","Dr. Remeis-Observatory, Bamberg, Germany","Dr. Remeis-Observatory, Bamberg, Germany | Hamburg-Bergedorf, Germany",OVERLAP,0.000000,"[{""a_fragment"":""PARENT_PROVISIONAL_CONTINUOUS"",""b_fragment"":""PARENT_PROVISIONAL_CONTINUOUS"",""duration_seconds"":1800.0,""end_utc"":""1932-02-05T19:21:00+00:00"",""exposure_active"":4308,""exposure_current"":123514,""start_utc"":""1932-02-05T18:51:00+00:00""}]",1,1800.000000,1800.000000,3999,105732,4533,106212,1,1,52.3546115840,0.4780582981,0.0296989988,0.4780582981,402.491931,GE100_LT500,PRE_SPUTNIK,False,True
4308|123515,4308,123515,3356,80809,101,208,"Hamburg-Bergedorf, Germany","Dr. Remeis-Observatory, Bamberg, Germany","Dr. Remeis-Observatory, Bamberg, Germany | Hamburg-Bergedorf, Germany",OVERLAP,0.000000,"[{""a_fragment"":""PARENT_PROVISIONAL_CONTINUOUS"",""b_fragment"":""PARENT_PROVISIONAL_CONTINUOUS"",""duration_seconds"":4020.0,""end_utc"":""1932-02-05T20:29:00+00:00"",""exposure_active"":4308,""exposure_current"":123515,""start_utc"":""1932-02-05T19:22:00+00:00""}]",1,4020.000000,4020.000000,3999,105733,4533,106221,1,1,24.4350734659,0.2173567954,0.0129728713,0.2173567954,402.491931,GE100_LT500,PRE_SPUTNIK,False,True
4310|123519,4310,123519,3358,80813,101,208,"Hamburg-Bergedorf, Germany","Dr. Remeis-Observatory, Bamberg, Germany","Dr. Remeis-Observatory, Bamberg, Germany | Hamburg-Bergedorf, Germany",OVERLAP,0.000000,"[{""a_fragment"":""PARENT_PROVISIONAL_CONTINUOUS"",""b_fragment"":""PARENT_PROVISIONAL_CONTINUOUS"",""duration_seconds"":3600.0,""end_utc"":""1932-02-05T23:44:00+00:00"",""exposure_active"":4310,""exposure_current"":123519,""start_utc"":""1932-02-05T22:44:00+00:00""}]",1,3600.000000,3600.000000,4000,105737,4512,106230,1,1,105.1176922477,1.0000000000,0.0623542176,1.0000000000,402.491931,GE100_LT500,PRE_SPUTNIK,False,True
4310|123534,4310,123534,3358,80828,101,208,"Hamburg-Bergedorf, Germany","Dr. Remeis-Observatory, Bamberg, Germany","Dr. Remeis-Observatory, Bamberg, Germany | Hamburg-Bergedorf, Germany",OVERLAP,0.000000,"[{""a_fragment"":""PARENT_PROVISIONAL_CONTINUOUS"",""b_fragment"":""PARENT_PROVISIONAL_CONTINUOUS"",""duration_seconds"":1740.0,""end_utc"":""1932-02-05T23:13:00+00:00"",""exposure_active"":4310,""exposure_current"":123534,""start_utc"":""1932-02-05T22:44:00+00:00""}]",1,1740.000000,1740.000000,4000,105752,4512,106240,1,1,104.7155638827,1.0000000000,0.0838151265,1.0000000000,402.491931,GE100_LT500,PRE_SPUTNIK,False,True
4310|123535,4310,123535,3358,80829,101,208,"Hamburg-Bergedorf, Germany","Dr. Remeis-Observatory, Bamberg, Germany","Dr. Remeis-Observatory, Bamberg, Germany | Hamburg-Bergedorf, Germany",OVERLAP,0.000000,"[{""a_fragment"":""PARENT_PROVISIONAL_CONTINUOUS"",""b_fragment"":""PARENT_PROVISIONAL_CONTINUOUS"",""duration_seconds"":1800.0,""end_utc"":""1932-02-05T23:44:00+00:00"",""exposure_active"":4310,""exposure_current"":123535,""start_utc"":""1932-02-05T23:14:00+00:00""}]",1,1800.000000,1800.000000,4000,105753,4512,106237,1,1,4.2578878802,0.0389774746,0.0031868724,0.0389774746,402.491931,GE100_LT500,PRE_SPUTNIK,False,True
4312|123521,4312,123521,3360,80815,101,208,"Hamburg-Bergedorf, Germany","Dr. Remeis-Observatory, Bamberg, Germany","Dr. Remeis-Observatory, Bamberg, Germany | Hamburg-Bergedorf, Germany",OVERLAP,0.000000,"[{""a_fragment"":""PARENT_PROVISIONAL_CONTINUOUS"",""b_fragment"":""PARENT_PROVISIONAL_CONTINUOUS"",""duration_seconds"":476.0,""end_utc"":""1932-02-06T01:45:00+00:00"",""exposure_active"":123521,""exposure_current"":4312,""start_utc"":""1932-02-06T01:37:04+00:00""}]",1,476.000000,476.000000,4002,105739,4513,106231,1,1,32.4917535663,0.2969078118,0.0176528428,0.2969078118,402.491931,GE100_LT500,PRE_SPUTNIK,False,True
4312|123522,4312,123522,3360,80816,101,208,"Hamburg-Bergedorf, Germany","Dr. Remeis-Observatory, Bamberg, Germany","Dr. Remeis-Observatory, Bamberg, Germany | Hamburg-Bergedorf, Germany",OVERLAP,0.000000,"[{""a_fragment"":""PARENT_PROVISIONAL_CONTINUOUS"",""b_fragment"":""PARENT_PROVISIONAL_CONTINUOUS"",""duration_seconds"":1800.0,""end_utc"":""1932-02-06T02:16:00+00:00"",""exposure_active"":4312,""exposure_current"":123522,""start_utc"":""1932-02-06T01:46:00+00:00""}]",1,1800.000000,1800.000000,4002,105740,4513,106225,1,1,45.5699014887,0.4194742462,0.0257669584,0.4194742462,402.491931,GE100_LT500,PRE_SPUTNIK,False,True
4312|123540,4312,123540,3360,80834,101,208,"Hamburg-Bergedorf, Germany","Dr. Remeis-Observatory, Bamberg, Germany","Dr. Remeis-Observatory, Bamberg, Germany | Hamburg-Bergedorf, Germany",OVERLAP,0.000000,"[{""a_fragment"":""PARENT_PROVISIONAL_CONTINUOUS"",""b_fragment"":""PARENT_PROVISIONAL_CONTINUOUS"",""duration_seconds"":2400.0,""end_utc"":""1932-02-06T02:57:00+00:00"",""exposure_active"":4312,""exposure_current"":123540,""start_utc"":""1932-02-06T02:17:00+00:00""}]",1,2400.000000,2400.000000,4002,105758,4513,106239,1,1,104.1113086493,1.0000000000,0.0821594706,1.0000000000,402.491931,GE100_LT500,PRE_SPUTNIK,False,True
4315|123543,4315,123543,3363,80837,101,208,"Hamburg-Bergedorf, Germany","Dr. Remeis-Observatory, Bamberg, Germany","Dr. Remeis-Observatory, Bamberg, Germany | Hamburg-Bergedorf, Germany",OVERLAP,0.000000,"[{""a_fragment"":""PARENT_PROVISIONAL_CONTINUOUS"",""b_fragment"":""PARENT_PROVISIONAL_CONTINUOUS"",""duration_seconds"":1800.0,""end_utc"":""1932-02-06T18:31:00+00:00"",""exposure_active"":4315,""exposure_current"":123543,""start_utc"":""1932-02-06T18:01:00+00:00""}]",1,1800.000000,1800.000000,4006,105761,4530,106244,1,1,106.1215689933,1.0000000000,0.0798951508,1.0000000000,402.491931,GE100_LT500,PRE_SPUTNIK,False,True
4315|123544,4315,123544,3363,80838,101,208,"Hamburg-Bergedorf, Germany","Dr. Remeis-Observatory, Bamberg, Germany","Dr. Remeis-Observatory, Bamberg, Germany | Hamburg-Bergedorf, Germany",OVERLAP,0.000000,"[{""a_fragment"":""PARENT_PROVISIONAL_CONTINUOUS"",""b_fragment"":""PARENT_PROVISIONAL_CONTINUOUS"",""duration_seconds"":1800.0,""end_utc"":""1932-02-06T19:02:00+00:00"",""exposure_active"":4315,""exposure_current"":123544,""start_utc"":""1932-02-06T18:32:00+00:00""}]",1,1800.000000,1800.000000,4006,105762,4530,106243,1,1,106.0372897603,1.0000000000,0.0826673418,1.0000000000,402.491931,GE100_LT500,PRE_SPUTNIK,False,True
4315|123546,4315,123546,3363,80840,101,208,"Hamburg-Bergedorf, Germany","Dr. Remeis-Observatory, Bamberg, Germany","Dr. Remeis-Observatory, Bamberg, Germany | Hamburg-Bergedorf, Germany",OVERLAP,0.000000,"[{""a_fragment"":""PARENT_PROVISIONAL_CONTINUOUS"",""b_fragment"":""PARENT_PROVISIONAL_CONTINUOUS"",""duration_seconds"":1800.0,""end_utc"":""1932-02-06T20:32:00+00:00"",""exposure_active"":4315,""exposure_current"":123546,""start_utc"":""1932-02-06T20:02:00+00:00""}]",1,1800.000000,1800.000000,4006,105764,4530,106246,1,1,105.9139061574,1.0000000000,0.0859181294,1.0000000000,402.491931,GE100_LT500,PRE_SPUTNIK,False,True
4315|123564,4315,123564,3363,80858,101,208,"Hamburg-Bergedorf, Germany","Dr. Remeis-Observatory, Bamberg, Germany","Dr. Remeis-Observatory, Bamberg, Germany | Hamburg-Bergedorf, Germany",OVERLAP,0.000000,"[{""a_fragment"":""PARENT_PROVISIONAL_CONTINUOUS"",""b_fragment"":""PARENT_PROVISIONAL_CONTINUOUS"",""duration_seconds"":1800.0,""end_utc"":""1932-02-06T18:31:00+00:00"",""exposure_active"":4315,""exposure_current"":123564,""start_utc"":""1932-02-06T18:01:00+00:00""}]",1,1800.000000,1800.000000,4006,105782,4530,106255,1,1,105.2228261207,1.0000000000,0.0624978691,1.0000000000,402.491931,GE100_LT500,PRE_SPUTNIK,False,True
4315|123565,4315,123565,3363,80859,101,208,"Hamburg-Bergedorf, Germany","Dr. Remeis-Observatory, Bamberg, Germany","Dr. Remeis-Observatory, Bamberg, Germany | Hamburg-Bergedorf, Germany",OVERLAP,0.000000,"[{""a_fragment"":""PARENT_PROVISIONAL_CONTINUOUS"",""b_fragment"":""PARENT_PROVISIONAL_CONTINUOUS"",""duration_seconds"":1800.0,""end_utc"":""1932-02-06T19:02:00+00:00"",""exposure_active"":4315,""exposure_current"":123565,""start_utc"":""1932-02-06T18:32:00+00:00""}]",1,1800.000000,1800.000000,4006,105783,4530,106251,1,1,105.6126866834,1.0000000000,0.0635152402,1.0000000000,402.491931,GE100_LT500,PRE_SPUTNIK,False,True
4315|123566,4315,123566,3363,80860,101,208,"Hamburg-Bergedorf, Germany","Dr. Remeis-Observatory, Bamberg, Germany","Dr. Remeis-Observatory, Bamberg, Germany | Hamburg-Bergedorf, Germany",OVERLAP,0.000000,"[{""a_fragment"":""PARENT_PROVISIONAL_CONTINUOUS"",""b_fragment"":""PARENT_PROVISIONAL_CONTINUOUS"",""duration_seconds"":1800.0,""end_utc"":""1932-02-06T20:32:00+00:00"",""exposure_active"":4315,""exposure_current"":123566,""start_utc"":""1932-02-06T20:02:00+00:00""}]",1,1800.000000,1800.000000,4006,105784,4530,106263,1,1,105.3978541246,1.0000000000,0.0620165401,1.0000000000,402.491931,GE100_LT500,PRE_SPUTNIK,False,True
4316|123547,4316,123547,3364,80841,101,208,"Hamburg-Bergedorf, Germany","Dr. Remeis-Observatory, Bamberg, Germany","Dr. Remeis-Observatory, Bamberg, Germany | Hamburg-Bergedorf, Germany",OVERLAP,0.000000,"[{""a_fragment"":""PARENT_PROVISIONAL_CONTINUOUS"",""b_fragment"":""PARENT_PROVISIONAL_CONTINUOUS"",""duration_seconds"":98.0,""end_utc"":""1932-02-06T21:37:00+00:00"",""exposure_active"":123547,""exposure_current"":4316,""start_utc"":""1932-02-06T21:35:22+00:00""}]",1,98.000000,98.000000,4008,105765,4520,106245,-1,1,103.0365466014,1.0000000000,0.0823014354,1.0000000000,402.491931,GE100_LT500,PRE_SPUTNIK,False,True
4316|123548,4316,123548,3364,80842,101,208,"Hamburg-Bergedorf, Germany","Dr. Remeis-Observatory, Bamberg, Germany","Dr. Remeis-Observatory, Bamberg, Germany | Hamburg-Bergedorf, Germany",OVERLAP,0.000000,"[{""a_fragment"":""PARENT_PROVISIONAL_CONTINUOUS"",""b_fragment"":""PARENT_PROVISIONAL_CONTINUOUS"",""duration_seconds"":3600.0,""end_utc"":""1932-02-06T22:39:00+00:00"",""exposure_active"":4316,""exposure_current"":123548,""start_utc"":""1932-02-06T21:39:00+00:00""}]",1,3600.000000,3600.000000,4008,105766,4520,106262,-1,1,2.9802819893,0.0273909018,0.0021327831,0.0273909018,402.491931,GE100_LT500,PRE_SPUTNIK,False,True
4316|123569,4316,123569,3364,80863,101,208,"Hamburg-Bergedorf, Germany","Dr. Remeis-Observatory, Bamberg, Germany","Dr. Remeis-Observatory, Bamberg, Germany | Hamburg-Bergedorf, Germany",OVERLAP,0.000000,"[{""a_fragment"":""PARENT_PROVISIONAL_CONTINUOUS"",""b_fragment"":""PARENT_PROVISIONAL_CONTINUOUS"",""duration_seconds"":1508.0,""end_utc"":""1932-02-06T23:05:08+00:00"",""exposure_active"":4316,""exposure_current"":123569,""start_utc"":""1932-02-06T22:40:00+00:00""}]",1,1508.000000,1508.000000,4008,105787,4520,106259,-1,1,0.0826696959,0.0007589528,0.0000458165,0.0007589528,402.491931,GE100_LT500,PRE_SPUTNIK,False,True
4326|123592,4326,123592,3374,80886,101,208,"Hamburg-Bergedorf, Germany","Dr. Remeis-Observatory, Bamberg, Germany","Dr. Remeis-Observatory, Bamberg, Germany | Hamburg-Bergedorf, Germany",OVERLAP,0.000000,"[{""a_fragment"":""PARENT_PROVISIONAL_CONTINUOUS"",""b_fragment"":""PARENT_PROVISIONAL_CONTINUOUS"",""duration_seconds"":1800.0,""end_utc"":""1932-02-10T19:20:00+00:00"",""exposure_active"":4326,""exposure_current"":123592,""start_utc"":""1932-02-10T18:50:00+00:00""}]",1,1800.000000,1800.000000,4018,105805,4545,106273,1,1,102.5742430135,1.0000000000,0.0786201447,1.0000000000,402.491931,GE100_LT500,PRE_SPUTNIK,False,True
4334|123622,4334,123622,3382,80916,101,208,"Hamburg-Bergedorf, Germany","Dr. Remeis-Observatory, Bamberg, Germany","Dr. Remeis-Observatory, Bamberg, Germany | Hamburg-Bergedorf, Germany",OVERLAP,0.000000,"[{""a_fragment"":""1032"",""b_fragment"":""PARENT_PROVISIONAL_CONTINUOUS"",""duration_seconds"":1480.0,""end_utc"":""1932-02-25T19:11:00+00:00"",""exposure_active"":123622,""exposure_current"":4334,""start_utc"":""1932-02-25T18:46:20+00:00""}]",1,1480.000000,1480.000000,4027,105831,4561,106290,1,1,101.5839413675,0.9658114782,0.0790266263,0.9658114782,402.491931,GE100_LT500,PRE_SPUTNIK,False,True
4334|123625,4334,123625,3382,80919,101,208,"Hamburg-Bergedorf, Germany","Dr. Remeis-Observatory, Bamberg, Germany","Dr. Remeis-Observatory, Bamberg, Germany | Hamburg-Bergedorf, Germany",OVERLAP,0.000000,"[{""a_fragment"":""PARENT_PROVISIONAL_CONTINUOUS"",""b_fragment"":""1032"",""duration_seconds"":1800.0,""end_utc"":""1932-02-25T20:44:00+00:00"",""exposure_active"":4334,""exposure_current"":123625,""start_utc"":""1932-02-25T20:14:00+00:00""}]",1,1800.000000,1800.000000,4027,105834,4561,106300,1,1,10.4633733716,0.0942265814,0.0073793602,0.0942265814,402.491931,GE100_LT500,PRE_SPUTNIK,False,True
4350|123671,4350,123671,3398,80965,101,208,"Hamburg-Bergedorf, Germany","Dr. Remeis-Observatory, Bamberg, Germany","Dr. Remeis-Observatory, Bamberg, Germany | Hamburg-Bergedorf, Germany",OVERLAP,0.000000,"[{""a_fragment"":""PARENT_PROVISIONAL_CONTINUOUS"",""b_fragment"":""PARENT_PROVISIONAL_CONTINUOUS"",""duration_seconds"":1800.0,""end_utc"":""1932-02-29T23:13:00+00:00"",""exposure_active"":4350,""exposure_current"":123671,""start_utc"":""1932-02-29T22:43:00+00:00""}]",1,1800.000000,1800.000000,4047,105879,4557,106313,1,1,49.1662014582,0.4497453290,0.0355073394,0.4497453290,402.491931,GE100_LT500,PRE_SPUTNIK,False,True
4350|123672,4350,123672,3398,80966,101,208,"Hamburg-Bergedorf, Germany","Dr. Remeis-Observatory, Bamberg, Germany","Dr. Remeis-Observatory, Bamberg, Germany | Hamburg-Bergedorf, Germany",OVERLAP,0.000000,"[{""a_fragment"":""PARENT_PROVISIONAL_CONTINUOUS"",""b_fragment"":""PARENT_PROVISIONAL_CONTINUOUS"",""duration_seconds"":678.0,""end_utc"":""1932-02-29T23:25:18+00:00"",""exposure_active"":4350,""exposure_current"":123672,""start_utc"":""1932-02-29T23:14:00+00:00""}]",1,678.000000,678.000000,4047,105880,4557,106306,1,1,31.6176062224,0.2870620506,0.0226741793,0.2870620506,402.491931,GE100_LT500,PRE_SPUTNIK,False,True
4352|123678,4352,123678,3400,80972,101,208,"Hamburg-Bergedorf, Germany","Dr. Remeis-Observatory, Bamberg, Germany","Dr. Remeis-Observatory, Bamberg, Germany | Hamburg-Bergedorf, Germany",OVERLAP,0.000000,"[{""a_fragment"":""PARENT_PROVISIONAL_CONTINUOUS"",""b_fragment"":""PARENT_PROVISIONAL_CONTINUOUS"",""duration_seconds"":1800.0,""end_utc"":""1932-03-01T02:51:00+00:00"",""exposure_active"":4352,""exposure_current"":123678,""start_utc"":""1932-03-01T02:21:00+00:00""}]",1,1800.000000,1800.000000,4048,105886,4559,106309,1,1,4.5461735758,0.0402023229,0.0032929774,0.0402023229,402.491931,GE100_LT500,PRE_SPUTNIK,False,True
4372|123759,4372,123759,3418,81053,101,208,"Hamburg-Bergedorf, Germany","Dr. Remeis-Observatory, Bamberg, Germany","Dr. Remeis-Observatory, Bamberg, Germany | Hamburg-Bergedorf, Germany",OVERLAP,0.000000,"[{""a_fragment"":""PARENT_PROVISIONAL_CONTINUOUS"",""b_fragment"":""PARENT_PROVISIONAL_CONTINUOUS"",""duration_seconds"":1680.0,""end_utc"":""1932-03-04T02:45:00+00:00"",""exposure_active"":4372,""exposure_current"":123759,""start_utc"":""1932-03-04T02:17:00+00:00""}]",1,1680.000000,1680.000000,4068,105967,4584,106347,1,1,0.2219940035,0.0019663896,0.0001547589,0.0019663896,402.491931,GE100_LT500,PRE_SPUTNIK,False,True
4423|124004,4423,124004,3469,81298,101,208,"Hamburg-Bergedorf, Germany","Dr. Remeis-Observatory, Bamberg, Germany","Dr. Remeis-Observatory, Bamberg, Germany | Hamburg-Bergedorf, Germany",OVERLAP,0.000000,"[{""a_fragment"":""PARENT_PROVISIONAL_CONTINUOUS"",""b_fragment"":""PARENT_PROVISIONAL_CONTINUOUS"",""duration_seconds"":1800.0,""end_utc"":""1932-04-27T22:45:00+00:00"",""exposure_active"":4423,""exposure_current"":124004,""start_utc"":""1932-04-27T22:15:00+00:00""}]",1,1800.000000,1800.000000,4143,106199,4695,106453,1,1,93.2374425225,0.8591359627,0.0531674926,0.8591359627,402.491931,GE100_LT500,PRE_SPUTNIK,False,True
4426|124092,4426,124092,3472,81386,101,208,"Hamburg-Bergedorf, Germany","Dr. Remeis-Observatory, Bamberg, Germany","Dr. Remeis-Observatory, Bamberg, Germany | Hamburg-Bergedorf, Germany",OVERLAP,0.000000,"[{""a_fragment"":""PARENT_PROVISIONAL_CONTINUOUS"",""b_fragment"":""1044"",""duration_seconds"":1800.0,""end_utc"":""1932-05-06T00:55:00+00:00"",""exposure_active"":4426,""exposure_current"":124092,""start_utc"":""1932-05-06T00:25:00+00:00""}]",1,1800.000000,1800.000000,4144,106286,4715,106518,1,1,66.6224517367,0.6277316849,0.0492433798,0.6277316849,402.491931,GE100_LT500,PRE_SPUTNIK,False,True
4426|124093,4426,124093,3472,81387,101,208,"Hamburg-Bergedorf, Germany","Dr. Remeis-Observatory, Bamberg, Germany","Dr. Remeis-Observatory, Bamberg, Germany | Hamburg-Bergedorf, Germany",OVERLAP,0.000000,"[{""a_fragment"":""PARENT_PROVISIONAL_CONTINUOUS"",""b_fragment"":""1044"",""duration_seconds"":1800.0,""end_utc"":""1932-05-06T01:26:00+00:00"",""exposure_active"":4426,""exposure_current"":124093,""start_utc"":""1932-05-06T00:56:00+00:00""}]",1,1800.000000,1800.000000,4144,106287,4715,106526,1,1,15.0789789120,0.1375730952,0.0106965373,0.1375730952,402.491931,GE100_LT500,PRE_SPUTNIK,False,True
4443|124204,4443,124204,3487,81498,101,208,"Hamburg-Bergedorf, Germany","Dr. Remeis-Observatory, Bamberg, Germany","Dr. Remeis-Observatory, Bamberg, Germany | Hamburg-Bergedorf, Germany",OVERLAP,0.000000,"[{""a_fragment"":""PARENT_PROVISIONAL_CONTINUOUS"",""b_fragment"":""PARENT_PROVISIONAL_CONTINUOUS"",""duration_seconds"":320.0,""end_utc"":""1932-06-04T23:22:20+00:00"",""exposure_active"":4443,""exposure_current"":124204,""start_utc"":""1932-06-04T23:17:00+00:00""}]",1,320.000000,320.000000,4169,106398,4709,106575,2,1,34.7841498467,1.0000000000,0.0200646596,1.0000000000,402.491931,GE100_LT500,PRE_SPUTNIK,False,True
4444|124204,4444,124204,3488,81498,101,208,"Hamburg-Bergedorf, Germany","Dr. Remeis-Observatory, Bamberg, Germany","Dr. Remeis-Observatory, Bamberg, Germany | Hamburg-Bergedorf, Germany",OVERLAP,0.000000,"[{""a_fragment"":""PARENT_PROVISIONAL_CONTINUOUS"",""b_fragment"":""PARENT_PROVISIONAL_CONTINUOUS"",""duration_seconds"":942.0,""end_utc"":""1932-06-04T23:47:00+00:00"",""exposure_active"":124204,""exposure_current"":4444,""start_utc"":""1932-06-04T23:31:18+00:00""}]",1,942.000000,942.000000,4170,106398,4706,106575,1,1,35.2370183852,1.0000000000,0.0202524651,1.0000000000,402.491931,GE100_LT500,PRE_SPUTNIK,False,True
4460|124301,4460,124301,3504,81595,101,208,"Hamburg-Bergedorf, Germany","Dr. Remeis-Observatory, Bamberg, Germany","Dr. Remeis-Observatory, Bamberg, Germany | Hamburg-Bergedorf, Germany",OVERLAP,0.000000,"[{""a_fragment"":""PARENT_PROVISIONAL_CONTINUOUS"",""b_fragment"":""PARENT_PROVISIONAL_CONTINUOUS"",""duration_seconds"":836.0,""end_utc"":""1932-07-03T23:46:56+00:00"",""exposure_active"":4460,""exposure_current"":124301,""start_utc"":""1932-07-03T23:33:00+00:00""}]",1,836.000000,836.000000,4196,106495,4742,106621,1,1,94.5603745606,0.8809308975,0.0530060019,0.8809308975,402.491931,GE100_LT500,PRE_SPUTNIK,False,True
4466|124369,4466,124369,3510,81663,101,208,"Hamburg-Bergedorf, Germany","Dr. Remeis-Observatory, Bamberg, Germany","Dr. Remeis-Observatory, Bamberg, Germany | Hamburg-Bergedorf, Germany",OVERLAP,0.000000,"[{""a_fragment"":""PARENT_PROVISIONAL_CONTINUOUS"",""b_fragment"":""PARENT_PROVISIONAL_CONTINUOUS"",""duration_seconds"":1500.0,""end_utc"":""1932-07-26T22:59:00+00:00"",""exposure_active"":4466,""exposure_current"":124369,""start_utc"":""1932-07-26T22:34:00+00:00""}]",1,1500.000000,1500.000000,4205,106563,4766,106652,2,1,4.1067070876,0.0376416436,0.0030207686,0.0376416436,402.491931,GE100_LT500,PRE_SPUTNIK,False,True
4466|124370,4466,124370,3510,81664,101,208,"Hamburg-Bergedorf, Germany","Dr. Remeis-Observatory, Bamberg, Germany","Dr. Remeis-Observatory, Bamberg, Germany | Hamburg-Bergedorf, Germany",OVERLAP,0.000000,"[{""a_fragment"":""PARENT_PROVISIONAL_CONTINUOUS"",""b_fragment"":""PARENT_PROVISIONAL_CONTINUOUS"",""duration_seconds"":1200.0,""end_utc"":""1932-07-26T23:20:00+00:00"",""exposure_active"":4466,""exposure_current"":124370,""start_utc"":""1932-07-26T23:00:00+00:00""}]",1,1200.000000,1200.000000,4205,106564,4766,106660,2,1,0.3959056723,0.0035277416,0.0002724223,0.0035277416,402.491931,GE100_LT500,PRE_SPUTNIK,False,True
4487|124520,4487,124520,3527,81814,101,208,"Hamburg-Bergedorf, Germany","Dr. Remeis-Observatory, Bamberg, Germany","Dr. Remeis-Observatory, Bamberg, Germany | Hamburg-Bergedorf, Germany",GT0_LE5MIN,2.000000,[],0,0.000000,0.000000,4229,106703,4774,106739,1,1,34.3937186835,1.0000000000,0.0272548224,1.0000000000,402.491931,GE100_LT500,PRE_SPUTNIK,False,True
4488|124520,4488,124520,3528,81814,101,208,"Hamburg-Bergedorf, Germany","Dr. Remeis-Observatory, Bamberg, Germany","Dr. Remeis-Observatory, Bamberg, Germany | Hamburg-Bergedorf, Germany",OVERLAP,0.000000,"[{""a_fragment"":""PARENT_PROVISIONAL_CONTINUOUS"",""b_fragment"":""PARENT_PROVISIONAL_CONTINUOUS"",""duration_seconds"":897.0,""end_utc"":""1932-08-24T23:47:54+00:00"",""exposure_active"":124520,""exposure_current"":4488,""start_utc"":""1932-08-24T23:32:57+00:00""}]",1,897.000000,897.000000,4231,106703,4776,106739,1,1,34.3986657286,1.0000000000,0.0272543134,1.0000000000,402.491931,GE100_LT500,PRE_SPUTNIK,False,True
4489|124520,4489,124520,3529,81814,101,208,"Hamburg-Bergedorf, Germany","Dr. Remeis-Observatory, Bamberg, Germany","Dr. Remeis-Observatory, Bamberg, Germany | Hamburg-Bergedorf, Germany",GT0_LE5MIN,53.000000,[],0,0.000000,0.000000,4233,106703,4780,106739,1,1,34.3929571410,1.0000000000,0.0272500253,1.0000000000,402.491931,GE100_LT500,PRE_SPUTNIK,False,True
4502|124563,4502,124563,3542,81857,101,208,"Hamburg-Bergedorf, Germany","Dr. Remeis-Observatory, Bamberg, Germany","Dr. Remeis-Observatory, Bamberg, Germany | Hamburg-Bergedorf, Germany",OVERLAP,0.000000,"[{""a_fragment"":""PARENT_PROVISIONAL_CONTINUOUS"",""b_fragment"":""PARENT_PROVISIONAL_CONTINUOUS"",""duration_seconds"":2040.0,""end_utc"":""1932-08-26T21:32:00+00:00"",""exposure_active"":4502,""exposure_current"":124563,""start_utc"":""1932-08-26T20:58:00+00:00""}]",1,2040.000000,2040.000000,4254,106744,4820,106764,1,1,4.4404663537,0.0401787707,0.0023988462,0.0401787707,402.491931,GE100_LT500,PRE_SPUTNIK,False,True
4502|124575,4502,124575,3542,81869,101,208,"Hamburg-Bergedorf, Germany","Dr. Remeis-Observatory, Bamberg, Germany","Dr. Remeis-Observatory, Bamberg, Germany | Hamburg-Bergedorf, Germany",OVERLAP,0.000000,"[{""a_fragment"":""PARENT_PROVISIONAL_CONTINUOUS"",""b_fragment"":""PARENT_PROVISIONAL_CONTINUOUS"",""duration_seconds"":1287.0,""end_utc"":""1932-08-26T20:57:00+00:00"",""exposure_active"":124575,""exposure_current"":4502,""start_utc"":""1932-08-26T20:35:33+00:00""}]",1,1287.000000,1287.000000,4254,106755,4820,106771,1,1,102.9113306216,1.0000000000,0.0820277777,1.0000000000,402.491931,GE100_LT500,PRE_SPUTNIK,False,True
4502|124576,4502,124576,3542,81870,101,208,"Hamburg-Bergedorf, Germany","Dr. Remeis-Observatory, Bamberg, Germany","Dr. Remeis-Observatory, Bamberg, Germany | Hamburg-Bergedorf, Germany",OVERLAP,0.000000,"[{""a_fragment"":""PARENT_PROVISIONAL_CONTINUOUS"",""b_fragment"":""PARENT_PROVISIONAL_CONTINUOUS"",""duration_seconds"":2040.0,""end_utc"":""1932-08-26T21:32:00+00:00"",""exposure_active"":4502,""exposure_current"":124576,""start_utc"":""1932-08-26T20:58:00+00:00""}]",1,2040.000000,2040.000000,4254,106756,4820,106772,1,1,19.4401241306,0.1807504607,0.0140998022,0.1807504607,402.491931,GE100_LT500,PRE_SPUTNIK,False,True
4508|124665,4508,124665,3548,81959,101,208,"Hamburg-Bergedorf, Germany","Dr. Remeis-Observatory, Bamberg, Germany","Dr. Remeis-Observatory, Bamberg, Germany | Hamburg-Bergedorf, Germany",OVERLAP,0.000000,"[{""a_fragment"":""1065"",""b_fragment"":""PARENT_PROVISIONAL_CONTINUOUS"",""duration_seconds"":530.0,""end_utc"":""1932-09-05T20:29:00+00:00"",""exposure_active"":124665,""exposure_current"":4508,""start_utc"":""1932-09-05T20:20:10+00:00""}]",1,530.000000,530.000000,4264,106844,4832,106809,8,1,1.8309176697,0.0159298816,0.0009343347,0.0159298816,402.491931,GE100_LT500,PRE_SPUTNIK,False,True
4528|124856,4528,124856,3568,82150,101,208,"Hamburg-Bergedorf, Germany","Dr. Remeis-Observatory, Bamberg, Germany","Dr. Remeis-Observatory, Bamberg, Germany | Hamburg-Bergedorf, Germany",OVERLAP,0.000000,"[{""a_fragment"":""PARENT_PROVISIONAL_CONTINUOUS"",""b_fragment"":""PARENT_PROVISIONAL_CONTINUOUS"",""duration_seconds"":1800.0,""end_utc"":""1932-10-04T23:15:00+00:00"",""exposure_active"":4528,""exposure_current"":124856,""start_utc"":""1932-10-04T22:45:00+00:00""}]",1,1800.000000,1800.000000,4284,107001,4849,106894,1,1,124.8483904770,0.9446762551,0.0932805654,0.9446762551,402.491931,GE100_LT500,PRE_SPUTNIK,False,True
4535|124872,4535,124872,3575,82166,101,208,"Hamburg-Bergedorf, Germany","Dr. Remeis-Observatory, Bamberg, Germany","Dr. Remeis-Observatory, Bamberg, Germany | Hamburg-Bergedorf, Germany",OVERLAP,0.000000,"[{""a_fragment"":""PARENT_PROVISIONAL_CONTINUOUS"",""b_fragment"":""PARENT_PROVISIONAL_CONTINUOUS"",""duration_seconds"":496.0,""end_utc"":""1932-10-06T00:26:00+00:00"",""exposure_active"":124872,""exposure_current"":4535,""start_utc"":""1932-10-06T00:17:44+00:00""}]",1,496.000000,496.000000,4292,107017,4900,106914,1,1,1.2455321523,0.0110280423,0.0008733129,0.0110280423,402.491931,GE100_LT500,PRE_SPUTNIK,False,True
4535|124873,4535,124873,3575,82167,101,208,"Hamburg-Bergedorf, Germany","Dr. Remeis-Observatory, Bamberg, Germany","Dr. Remeis-Observatory, Bamberg, Germany | Hamburg-Bergedorf, Germany",OVERLAP,0.000000,"[{""a_fragment"":""PARENT_PROVISIONAL_CONTINUOUS"",""b_fragment"":""PARENT_PROVISIONAL_CONTINUOUS"",""duration_seconds"":720.0,""end_utc"":""1932-10-06T00:43:00+00:00"",""exposure_active"":4535,""exposure_current"":124873,""start_utc"":""1932-10-06T00:31:00+00:00""}]",1,720.000000,720.000000,4292,107018,4900,106903,1,1,44.4506762498,0.4103260777,0.0339336026,0.4103260777,402.491931,GE100_LT500,PRE_SPUTNIK,False,True
4535|124895,4535,124895,3575,82189,101,208,"Hamburg-Bergedorf, Germany","Dr. Remeis-Observatory, Bamberg, Germany","Dr. Remeis-Observatory, Bamberg, Germany | Hamburg-Bergedorf, Germany",OVERLAP,0.000000,"[{""a_fragment"":""PARENT_PROVISIONAL_CONTINUOUS"",""b_fragment"":""PARENT_PROVISIONAL_CONTINUOUS"",""duration_seconds"":496.0,""end_utc"":""1932-10-06T00:26:00+00:00"",""exposure_active"":124895,""exposure_current"":4535,""start_utc"":""1932-10-06T00:17:44+00:00""}]",1,496.000000,496.000000,4292,107040,4900,106917,1,1,0.8383202855,0.0073457517,0.0004408164,0.0073457517,402.491931,GE100_LT500,PRE_SPUTNIK,False,True
4605|125016,4605,125016,3604,82310,101,208,"Hamburg-Bergedorf, Germany","Dr. Remeis-Observatory, Bamberg, Germany","Dr. Remeis-Observatory, Bamberg, Germany | Hamburg-Bergedorf, Germany",OVERLAP,0.000000,"[{""a_fragment"":""PARENT_PROVISIONAL_CONTINUOUS"",""b_fragment"":""PARENT_PROVISIONAL_CONTINUOUS"",""duration_seconds"":291.0,""end_utc"":""1932-11-22T17:23:51+00:00"",""exposure_active"":4605,""exposure_current"":125016,""start_utc"":""1932-11-22T17:19:00+00:00""}]",1,291.000000,291.000000,4328,107138,4910,106980,1,1,34.4401497282,1.0000000000,0.0263782046,1.0000000000,402.491931,GE100_LT500,PRE_SPUTNIK,False,True
4658|125117,4658,125117,3644,82411,101,208,"Hamburg-Bergedorf, Germany","Dr. Remeis-Observatory, Bamberg, Germany","Dr. Remeis-Observatory, Bamberg, Germany | Hamburg-Bergedorf, Germany",GT0_LE5MIN,259.000000,[],0,0.000000,0.000000,4367,107238,4988,107041,7,1,34.4145591767,1.0000000000,0.0272903333,1.0000000000,402.491931,GE100_LT500,PRE_SPUTNIK,False,True
4659|125117,4659,125117,3644,82411,101,208,"Hamburg-Bergedorf, Germany","Dr. Remeis-Observatory, Bamberg, Germany","Dr. Remeis-Observatory, Bamberg, Germany | Hamburg-Bergedorf, Germany",GT0_LE5MIN,140.000000,[],0,0.000000,0.000000,4367,107238,4988,107041,7,1,34.4145591767,1.0000000000,0.0272903333,1.0000000000,402.491931,GE100_LT500,PRE_SPUTNIK,False,True
4660|125117,4660,125117,3644,82411,101,208,"Hamburg-Bergedorf, Germany","Dr. Remeis-Observatory, Bamberg, Germany","Dr. Remeis-Observatory, Bamberg, Germany | Hamburg-Bergedorf, Germany",GT0_LE5MIN,20.000000,[],0,0.000000,0.000000,4367,107238,4988,107041,7,1,34.4145591767,1.0000000000,0.0272903333,1.0000000000,402.491931,GE100_LT500,PRE_SPUTNIK,False,True
4661|125117,4661,125117,3644,82411,101,208,"Hamburg-Bergedorf, Germany","Dr. Remeis-Observatory, Bamberg, Germany","Dr. Remeis-Observatory, Bamberg, Germany | Hamburg-Bergedorf, Germany",OVERLAP,0.000000,"[{""a_fragment"":""PARENT_PROVISIONAL_CONTINUOUS"",""b_fragment"":""PARENT_PROVISIONAL_CONTINUOUS"",""duration_seconds"":60.0,""end_utc"":""1932-12-19T17:20:40+00:00"",""exposure_active"":125117,""exposure_current"":4661,""start_utc"":""1932-12-19T17:19:40+00:00""}]",1,60.000000,60.000000,4367,107238,4988,107041,7,1,34.4145591767,1.0000000000,0.0272903333,1.0000000000,402.491931,GE100_LT500,PRE_SPUTNIK,False,True
4662|125117,4662,125117,3644,82411,101,208,"Hamburg-Bergedorf, Germany","Dr. Remeis-Observatory, Bamberg, Germany","Dr. Remeis-Observatory, Bamberg, Germany | Hamburg-Bergedorf, Germany",OVERLAP,0.000000,"[{""a_fragment"":""PARENT_PROVISIONAL_CONTINUOUS"",""b_fragment"":""PARENT_PROVISIONAL_CONTINUOUS"",""duration_seconds"":59.0,""end_utc"":""1932-12-19T17:22:39+00:00"",""exposure_active"":125117,""exposure_current"":4662,""start_utc"":""1932-12-19T17:21:40+00:00""}]",1,59.000000,59.000000,4367,107238,4988,107041,7,1,34.4145591767,1.0000000000,0.0272903333,1.0000000000,402.491931,GE100_LT500,PRE_SPUTNIK,False,True
4753|125163,4753,125163,3713,82457,101,208,"Hamburg-Bergedorf, Germany","Dr. Remeis-Observatory, Bamberg, Germany","Dr. Remeis-Observatory, Bamberg, Germany | Hamburg-Bergedorf, Germany",OVERLAP,0.000000,"[{""a_fragment"":""PARENT_PROVISIONAL_CONTINUOUS"",""b_fragment"":""PARENT_PROVISIONAL_CONTINUOUS"",""duration_seconds"":1800.0,""end_utc"":""1933-01-25T21:08:00+00:00"",""exposure_active"":4753,""exposure_current"":125163,""start_utc"":""1933-01-25T20:38:00+00:00""}]",1,1800.000000,1800.000000,4436,107283,5065,107060,1,1,102.4638196728,0.9730613374,0.0599851441,0.9730613374,402.491931,GE100_LT500,PRE_SPUTNIK,False,True
4793|125241,4793,125241,3728,82535,101,208,"Hamburg-Bergedorf, Germany","Dr. Remeis-Observatory, Bamberg, Germany","Dr. Remeis-Observatory, Bamberg, Germany | Hamburg-Bergedorf, Germany",OVERLAP,0.000000,"[{""a_fragment"":""PARENT_PROVISIONAL_CONTINUOUS"",""b_fragment"":""PARENT_PROVISIONAL_CONTINUOUS"",""duration_seconds"":38.0,""end_utc"":""1933-02-16T19:59:38+00:00"",""exposure_active"":4793,""exposure_current"":125241,""start_utc"":""1933-02-16T19:59:00+00:00""}]",1,38.000000,38.000000,4454,107360,5074,107104,1,1,89.4033409469,0.8491069556,0.0673150059,0.8491069556,402.491931,GE100_LT500,PRE_SPUTNIK,False,True
4835|125332,4835,125332,3745,82626,101,208,"Hamburg-Bergedorf, Germany","Dr. Remeis-Observatory, Bamberg, Germany","Dr. Remeis-Observatory, Bamberg, Germany | Hamburg-Bergedorf, Germany",OVERLAP,0.000000,"[{""a_fragment"":""PARENT_PROVISIONAL_CONTINUOUS"",""b_fragment"":""PARENT_PROVISIONAL_CONTINUOUS"",""duration_seconds"":771.0,""end_utc"":""1933-02-28T21:18:00+00:00"",""exposure_active"":125332,""exposure_current"":4835,""start_utc"":""1933-02-28T21:05:09+00:00""}]",1,771.000000,771.000000,4472,107451,5105,107163,1,1,104.7534097229,1.0000000000,0.0830745887,1.0000000000,402.491931,GE100_LT500,PRE_SPUTNIK,False,True
4848|125349,4848,125349,3753,82643,101,208,"Hamburg-Bergedorf, Germany","Dr. Remeis-Observatory, Bamberg, Germany","Dr. Remeis-Observatory, Bamberg, Germany | Hamburg-Bergedorf, Germany",OVERLAP,0.000000,"[{""a_fragment"":""PARENT_PROVISIONAL_CONTINUOUS"",""b_fragment"":""1090"",""duration_seconds"":1800.0,""end_utc"":""1933-03-02T00:44:00+00:00"",""exposure_active"":4848,""exposure_current"":125349,""start_utc"":""1933-03-02T00:14:00+00:00""}]",1,1800.000000,1800.000000,4482,107468,5125,107172,1,1,103.5084128736,1.0000000000,0.0823691868,1.0000000000,402.491931,GE100_LT500,PRE_SPUTNIK,False,True
4848|125353,4848,125353,3753,82647,101,208,"Hamburg-Bergedorf, Germany","Dr. Remeis-Observatory, Bamberg, Germany","Dr. Remeis-Observatory, Bamberg, Germany | Hamburg-Bergedorf, Germany",OVERLAP,0.000000,"[{""a_fragment"":""PARENT_PROVISIONAL_CONTINUOUS"",""b_fragment"":""1091"",""duration_seconds"":579.0,""end_utc"":""1933-03-02T02:27:39+00:00"",""exposure_active"":4848,""exposure_current"":125353,""start_utc"":""1933-03-02T02:18:00+00:00""}]",1,579.000000,579.000000,4482,107472,5125,107181,1,1,99.5017493603,0.9499065746,0.0783215686,0.9499065746,402.491931,GE100_LT500,PRE_SPUTNIK,False,True
4848|125424,4848,125424,3753,82718,101,208,"Hamburg-Bergedorf, Germany","Dr. Remeis-Observatory, Bamberg, Germany","Dr. Remeis-Observatory, Bamberg, Germany | Hamburg-Bergedorf, Germany",OVERLAP,0.000000,"[{""a_fragment"":""PARENT_PROVISIONAL_CONTINUOUS"",""b_fragment"":""1090"",""duration_seconds"":1800.0,""end_utc"":""1933-03-02T00:13:00+00:00"",""exposure_active"":4848,""exposure_current"":125424,""start_utc"":""1933-03-01T23:43:00+00:00""}]",1,1800.000000,1800.000000,4482,107543,5125,107219,1,1,102.7708859938,1.0000000000,0.0635389699,1.0000000000,402.491931,GE100_LT500,PRE_SPUTNIK,False,True
4848|125425,4848,125425,3753,82719,101,208,"Hamburg-Bergedorf, Germany","Dr. Remeis-Observatory, Bamberg, Germany","Dr. Remeis-Observatory, Bamberg, Germany | Hamburg-Bergedorf, Germany",OVERLAP,0.000000,"[{""a_fragment"":""PARENT_PROVISIONAL_CONTINUOUS"",""b_fragment"":""1090"",""duration_seconds"":1800.0,""end_utc"":""1933-03-02T00:44:00+00:00"",""exposure_active"":4848,""exposure_current"":125425,""start_utc"":""1933-03-02T00:14:00+00:00""}]",1,1800.000000,1800.000000,4482,107544,5125,107222,1,1,102.8349847897,1.0000000000,0.0639521607,1.0000000000,402.491931,GE100_LT500,PRE_SPUTNIK,False,True
4848|125426,4848,125426,3753,82720,101,208,"Hamburg-Bergedorf, Germany","Dr. Remeis-Observatory, Bamberg, Germany","Dr. Remeis-Observatory, Bamberg, Germany | Hamburg-Bergedorf, Germany",OVERLAP,0.000000,"[{""a_fragment"":""PARENT_PROVISIONAL_CONTINUOUS"",""b_fragment"":""1090"",""duration_seconds"":1572.0,""end_utc"":""1933-03-02T01:11:12+00:00"",""exposure_active"":4848,""exposure_current"":125426,""start_utc"":""1933-03-02T00:45:00+00:00""},{""a_fragment"":""1091"",""b_fragment"":""PARENT_PROVISIONAL_CONTINUOUS"",""duration_seconds"":49.0,""end_utc"":""1933-03-02T01:15:00+00:00"",""exposure_active"":125426,""exposure_current"":4848,""start_utc"":""1933-03-02T01:14:11+00:00""}]",2,1621.000000,1572.000000,4482,107545,5125,107221,1,1,102.7648479080,1.0000000000,0.0628166273,1.0000000000,402.491931,GE100_LT500,PRE_SPUTNIK,False,True
4848|125427,4848,125427,3753,82721,101,208,"Hamburg-Bergedorf, Germany","Dr. Remeis-Observatory, Bamberg, Germany","Dr. Remeis-Observatory, Bamberg, Germany | Hamburg-Bergedorf, Germany",OVERLAP,0.000000,"[{""a_fragment"":""PARENT_PROVISIONAL_CONTINUOUS"",""b_fragment"":""1091"",""duration_seconds"":1800.0,""end_utc"":""1933-03-02T01:46:00+00:00"",""exposure_active"":4848,""exposure_current"":125427,""start_utc"":""1933-03-02T01:16:00+00:00""}]",1,1800.000000,1800.000000,4482,107546,5125,107223,1,1,102.7707325115,1.0000000000,0.0631187629,1.0000000000,402.491931,GE100_LT500,PRE_SPUTNIK,False,True
4848|125428,4848,125428,3753,82722,101,208,"Hamburg-Bergedorf, Germany","Dr. Remeis-Observatory, Bamberg, Germany","Dr. Remeis-Observatory, Bamberg, Germany | Hamburg-Bergedorf, Germany",OVERLAP,0.000000,"[{""a_fragment"":""PARENT_PROVISIONAL_CONTINUOUS"",""b_fragment"":""1091"",""duration_seconds"":1800.0,""end_utc"":""1933-03-02T02:17:00+00:00"",""exposure_active"":4848,""exposure_current"":125428,""start_utc"":""1933-03-02T01:47:00+00:00""}]",1,1800.000000,1800.000000,4482,107547,5125,107224,1,1,92.4474304866,0.8846789910,0.0562615156,0.8846789910,402.491931,GE100_LT500,PRE_SPUTNIK,False,True
4848|125429,4848,125429,3753,82723,101,208,"Hamburg-Bergedorf, Germany","Dr. Remeis-Observatory, Bamberg, Germany","Dr. Remeis-Observatory, Bamberg, Germany | Hamburg-Bergedorf, Germany",OVERLAP,0.000000,"[{""a_fragment"":""PARENT_PROVISIONAL_CONTINUOUS"",""b_fragment"":""1091"",""duration_seconds"":579.0,""end_utc"":""1933-03-02T02:27:39+00:00"",""exposure_active"":4848,""exposure_current"":125429,""start_utc"":""1933-03-02T02:18:00+00:00""}]",1,579.000000,579.000000,4482,107548,5125,107226,1,1,92.7664593083,0.8877832534,0.0554182150,0.8877832534,402.491931,GE100_LT500,PRE_SPUTNIK,False,True
4859|125450,4859,125450,3764,82744,101,208,"Hamburg-Bergedorf, Germany","Dr. Remeis-Observatory, Bamberg, Germany","Dr. Remeis-Observatory, Bamberg, Germany | Hamburg-Bergedorf, Germany",OVERLAP,0.000000,"[{""a_fragment"":""PARENT_PROVISIONAL_CONTINUOUS"",""b_fragment"":""PARENT_PROVISIONAL_CONTINUOUS"",""duration_seconds"":1800.0,""end_utc"":""1933-03-21T20:32:00+00:00"",""exposure_active"":4859,""exposure_current"":125450,""start_utc"":""1933-03-21T20:02:00+00:00""}]",1,1800.000000,1800.000000,4497,107569,5133,107243,1,1,105.4946289082,1.0000000000,0.0826700337,1.0000000000,402.491931,GE100_LT500,PRE_SPUTNIK,False,True
4859|125451,4859,125451,3764,82745,101,208,"Hamburg-Bergedorf, Germany","Dr. Remeis-Observatory, Bamberg, Germany","Dr. Remeis-Observatory, Bamberg, Germany | Hamburg-Bergedorf, Germany",OVERLAP,0.000000,"[{""a_fragment"":""PARENT_PROVISIONAL_CONTINUOUS"",""b_fragment"":""PARENT_PROVISIONAL_CONTINUOUS"",""duration_seconds"":934.0,""end_utc"":""1933-03-21T20:48:34+00:00"",""exposure_active"":4859,""exposure_current"":125451,""start_utc"":""1933-03-21T20:33:00+00:00""}]",1,934.000000,934.000000,4497,107570,5133,107248,1,1,43.3793801006,0.4006705822,0.0320330671,0.4006705822,402.491931,GE100_LT500,PRE_SPUTNIK,False,True
4861|125454,4861,125454,3766,82748,101,208,"Hamburg-Bergedorf, Germany","Dr. Remeis-Observatory, Bamberg, Germany","Dr. Remeis-Observatory, Bamberg, Germany | Hamburg-Bergedorf, Germany",OVERLAP,0.000000,"[{""a_fragment"":""1102"",""b_fragment"":""PARENT_PROVISIONAL_CONTINUOUS"",""duration_seconds"":1580.0,""end_utc"":""1933-03-21T22:37:00+00:00"",""exposure_active"":125454,""exposure_current"":4861,""start_utc"":""1933-03-21T22:10:40+00:00""}]",1,1580.000000,1580.000000,4499,107573,5140,107245,1,1,2.0983891768,0.0188975113,0.0015135469,0.0188975113,402.491931,GE100_LT500,PRE_SPUTNIK,False,True
4861|125457,4861,125457,3766,82751,101,208,"Hamburg-Bergedorf, Germany","Dr. Remeis-Observatory, Bamberg, Germany","Dr. Remeis-Observatory, Bamberg, Germany | Hamburg-Bergedorf, Germany",OVERLAP,0.000000,"[{""a_fragment"":""1100"",""b_fragment"":""PARENT_PROVISIONAL_CONTINUOUS"",""duration_seconds"":559.0,""end_utc"":""1933-03-21T21:31:47+00:00"",""exposure_active"":125457,""exposure_current"":4861,""start_utc"":""1933-03-21T21:22:28+00:00""}]",1,559.000000,559.000000,4499,107576,5140,107241,1,1,75.5492552759,0.7097343996,0.0440459720,0.7097343996,402.491931,GE100_LT500,PRE_SPUTNIK,False,True
4861|125458,4861,125458,3766,82752,101,208,"Hamburg-Bergedorf, Germany","Dr. Remeis-Observatory, Bamberg, Germany","Dr. Remeis-Observatory, Bamberg, Germany | Hamburg-Bergedorf, Germany",OVERLAP,0.000000,"[{""a_fragment"":""1101"",""b_fragment"":""PARENT_PROVISIONAL_CONTINUOUS"",""duration_seconds"":1317.0,""end_utc"":""1933-03-21T22:01:42+00:00"",""exposure_active"":125458,""exposure_current"":4861,""start_utc"":""1933-03-21T21:39:45+00:00""}]",1,1317.000000,1317.000000,4499,107577,5140,107240,1,1,0.1703953190,0.0015339947,0.0000936531,0.0015339947,402.491931,GE100_LT500,PRE_SPUTNIK,False,True
4876|125477,4876,125477,3781,82771,101,208,"Hamburg-Bergedorf, Germany","Dr. Remeis-Observatory, Bamberg, Germany","Dr. Remeis-Observatory, Bamberg, Germany | Hamburg-Bergedorf, Germany",OVERLAP,0.000000,"[{""a_fragment"":""PARENT_PROVISIONAL_CONTINUOUS"",""b_fragment"":""PARENT_PROVISIONAL_CONTINUOUS"",""duration_seconds"":1364.0,""end_utc"":""1933-03-23T22:38:00+00:00"",""exposure_active"":125477,""exposure_current"":4876,""start_utc"":""1933-03-23T22:15:16+00:00""}]",1,1364.000000,1364.000000,4515,107592,5146,107251,1,1,105.0083471029,1.0000000000,0.0632085652,1.0000000000,402.491931,GE100_LT500,PRE_SPUTNIK,False,True
4885|125488,4885,125488,3787,82782,101,208,"Hamburg-Bergedorf, Germany","Dr. Remeis-Observatory, Bamberg, Germany","Dr. Remeis-Observatory, Bamberg, Germany | Hamburg-Bergedorf, Germany",OVERLAP,0.000000,"[{""a_fragment"":""PARENT_PROVISIONAL_CONTINUOUS"",""b_fragment"":""PARENT_PROVISIONAL_CONTINUOUS"",""duration_seconds"":60.0,""end_utc"":""1933-03-25T00:03:47+00:00"",""exposure_active"":125488,""exposure_current"":4885,""start_utc"":""1933-03-25T00:02:47+00:00""}]",1,60.000000,60.000000,4523,107603,5151,107259,1,1,13.8234631438,0.3863651813,0.0105552174,0.3863651813,402.491931,GE100_LT500,PRE_SPUTNIK,False,True
4886|125488,4886,125488,3788,82782,101,208,"Hamburg-Bergedorf, Germany","Dr. Remeis-Observatory, Bamberg, Germany","Dr. Remeis-Observatory, Bamberg, Germany | Hamburg-Bergedorf, Germany",GT0_LE5MIN,118.000000,[],0,0.000000,0.000000,4524,107603,5153,107259,1,1,34.7692836229,1.0000000000,0.0277397742,1.0000000000,402.491931,GE100_LT500,PRE_SPUTNIK,False,True
4893|125568,4893,125568,3792,82862,101,208,"Hamburg-Bergedorf, Germany","Dr. Remeis-Observatory, Bamberg, Germany","Dr. Remeis-Observatory, Bamberg, Germany | Hamburg-Bergedorf, Germany",OVERLAP,0.000000,"[{""a_fragment"":""PARENT_PROVISIONAL_CONTINUOUS"",""b_fragment"":""PARENT_PROVISIONAL_CONTINUOUS"",""duration_seconds"":452.0,""end_utc"":""1933-03-25T21:19:32+00:00"",""exposure_active"":4893,""exposure_current"":125568,""start_utc"":""1933-03-25T21:12:00+00:00""}]",1,452.000000,452.000000,4530,107683,5189,107311,1,1,2.7781711842,0.0256393173,0.0015728501,0.0256393173,402.491931,GE100_LT500,PRE_SPUTNIK,False,True
4896|125503,4896,125503,3795,82797,101,208,"Hamburg-Bergedorf, Germany","Dr. Remeis-Observatory, Bamberg, Germany","Dr. Remeis-Observatory, Bamberg, Germany | Hamburg-Bergedorf, Germany",OVERLAP,0.000000,"[{""a_fragment"":""PARENT_PROVISIONAL_CONTINUOUS"",""b_fragment"":""PARENT_PROVISIONAL_CONTINUOUS"",""duration_seconds"":1800.0,""end_utc"":""1933-03-25T23:50:00+00:00"",""exposure_active"":4896,""exposure_current"":125503,""start_utc"":""1933-03-25T23:20:00+00:00""}]",1,1800.000000,1800.000000,4532,107618,5173,107271,1,1,105.4389967896,1.0000000000,0.0808592552,1.0000000000,402.491931,GE100_LT500,PRE_SPUTNIK,False,True
4896|125506,4896,125506,3795,82800,101,208,"Hamburg-Bergedorf, Germany","Dr. Remeis-Observatory, Bamberg, Germany","Dr. Remeis-Observatory, Bamberg, Germany | Hamburg-Bergedorf, Germany",OVERLAP,0.000000,"[{""a_fragment"":""PARENT_PROVISIONAL_CONTINUOUS"",""b_fragment"":""PARENT_PROVISIONAL_CONTINUOUS"",""duration_seconds"":1563.0,""end_utc"":""1933-03-26T01:19:03+00:00"",""exposure_active"":4896,""exposure_current"":125506,""start_utc"":""1933-03-26T00:53:00+00:00""}]",1,1563.000000,1563.000000,4532,107621,5173,107269,1,1,106.6796620374,0.9977150213,0.0804584378,0.9977150213,402.491931,GE100_LT500,PRE_SPUTNIK,False,True
4896|125569,4896,125569,3795,82863,101,208,"Hamburg-Bergedorf, Germany","Dr. Remeis-Observatory, Bamberg, Germany","Dr. Remeis-Observatory, Bamberg, Germany | Hamburg-Bergedorf, Germany",OVERLAP,0.000000,"[{""a_fragment"":""PARENT_PROVISIONAL_CONTINUOUS"",""b_fragment"":""PARENT_PROVISIONAL_CONTINUOUS"",""duration_seconds"":3660.0,""end_utc"":""1933-03-25T23:19:00+00:00"",""exposure_active"":4896,""exposure_current"":125569,""start_utc"":""1933-03-25T22:18:00+00:00""}]",1,3660.000000,3660.000000,4532,107684,5173,107309,1,1,0.1590036191,0.0014254792,0.0000892024,0.0014254792,402.491931,GE100_LT500,PRE_SPUTNIK,False,True
4896|125570,4896,125570,3795,82864,101,208,"Hamburg-Bergedorf, Germany","Dr. Remeis-Observatory, Bamberg, Germany","Dr. Remeis-Observatory, Bamberg, Germany | Hamburg-Bergedorf, Germany",OVERLAP,0.000000,"[{""a_fragment"":""PARENT_PROVISIONAL_CONTINUOUS"",""b_fragment"":""PARENT_PROVISIONAL_CONTINUOUS"",""duration_seconds"":3660.0,""end_utc"":""1933-03-26T00:21:00+00:00"",""exposure_active"":4896,""exposure_current"":125570,""start_utc"":""1933-03-25T23:20:00+00:00""}]",1,3660.000000,3660.000000,4532,107685,5173,107313,1,1,106.2063170757,1.0000000000,0.0636913577,1.0000000000,402.491931,GE100_LT500,PRE_SPUTNIK,False,True
4898|125510,4898,125510,3797,82804,101,208,"Hamburg-Bergedorf, Germany","Dr. Remeis-Observatory, Bamberg, Germany","Dr. Remeis-Observatory, Bamberg, Germany | Hamburg-Bergedorf, Germany",OVERLAP,0.000000,"[{""a_fragment"":""PARENT_PROVISIONAL_CONTINUOUS"",""b_fragment"":""PARENT_PROVISIONAL_CONTINUOUS"",""duration_seconds"":1680.0,""end_utc"":""1933-03-26T03:25:00+00:00"",""exposure_active"":4898,""exposure_current"":125510,""start_utc"":""1933-03-26T02:57:00+00:00""}]",1,1680.000000,1680.000000,4534,107625,5183,107274,1,1,30.6227653597,0.2836548469,0.0221933387,0.2836548469,402.491931,GE100_LT500,PRE_SPUTNIK,False,True
4901|125520,4901,125520,3800,82814,101,208,"Hamburg-Bergedorf, Germany","Dr. Remeis-Observatory, Bamberg, Germany","Dr. Remeis-Observatory, Bamberg, Germany | Hamburg-Bergedorf, Germany",OVERLAP,0.000000,"[{""a_fragment"":""PARENT_PROVISIONAL_CONTINUOUS"",""b_fragment"":""PARENT_PROVISIONAL_CONTINUOUS"",""duration_seconds"":599.0,""end_utc"":""1933-03-27T00:12:08+00:00"",""exposure_active"":125520,""exposure_current"":4901,""start_utc"":""1933-03-27T00:02:09+00:00""}]",1,599.000000,599.000000,4537,107635,5161,107278,1,1,34.4690917320,1.0000000000,0.0260985778,1.0000000000,402.491931,GE100_LT500,PRE_SPUTNIK,False,True
4901|125581,4901,125581,3800,82875,101,208,"Hamburg-Bergedorf, Germany","Dr. Remeis-Observatory, Bamberg, Germany","Dr. Remeis-Observatory, Bamberg, Germany | Hamburg-Bergedorf, Germany",OVERLAP,0.000000,"[{""a_fragment"":""PARENT_PROVISIONAL_CONTINUOUS"",""b_fragment"":""PARENT_PROVISIONAL_CONTINUOUS"",""duration_seconds"":599.0,""end_utc"":""1933-03-27T00:12:08+00:00"",""exposure_active"":125581,""exposure_current"":4901,""start_utc"":""1933-03-27T00:02:09+00:00""}]",1,599.000000,599.000000,4537,107696,5161,107318,1,1,34.3592708284,1.0000000000,0.0208627694,1.0000000000,402.491931,GE100_LT500,PRE_SPUTNIK,False,True
4902|125520,4902,125520,3800,82814,101,208,"Hamburg-Bergedorf, Germany","Dr. Remeis-Observatory, Bamberg, Germany","Dr. Remeis-Observatory, Bamberg, Germany | Hamburg-Bergedorf, Germany",OVERLAP,0.000000,"[{""a_fragment"":""PARENT_PROVISIONAL_CONTINUOUS"",""b_fragment"":""PARENT_PROVISIONAL_CONTINUOUS"",""duration_seconds"":413.0,""end_utc"":""1933-03-27T00:20:00+00:00"",""exposure_active"":125520,""exposure_current"":4902,""start_utc"":""1933-03-27T00:13:07+00:00""}]",1,413.000000,413.000000,4537,107635,5161,107278,1,1,34.4690917320,1.0000000000,0.0260985778,1.0000000000,402.491931,GE100_LT500,PRE_SPUTNIK,False,True
4902|125581,4902,125581,3800,82875,101,208,"Hamburg-Bergedorf, Germany","Dr. Remeis-Observatory, Bamberg, Germany","Dr. Remeis-Observatory, Bamberg, Germany | Hamburg-Bergedorf, Germany",OVERLAP,0.000000,"[{""a_fragment"":""PARENT_PROVISIONAL_CONTINUOUS"",""b_fragment"":""PARENT_PROVISIONAL_CONTINUOUS"",""duration_seconds"":599.0,""end_utc"":""1933-03-27T00:23:06+00:00"",""exposure_active"":125581,""exposure_current"":4902,""start_utc"":""1933-03-27T00:13:07+00:00""}]",1,599.000000,599.000000,4537,107696,5161,107318,1,1,34.3592708284,1.0000000000,0.0208627694,1.0000000000,402.491931,GE100_LT500,PRE_SPUTNIK,False,True
4903|125520,4903,125520,3800,82814,101,208,"Hamburg-Bergedorf, Germany","Dr. Remeis-Observatory, Bamberg, Germany","Dr. Remeis-Observatory, Bamberg, Germany | Hamburg-Bergedorf, Germany",GT0_LE5MIN,246.000000,[],0,0.000000,0.000000,4537,107635,5161,107278,1,1,34.4690917320,1.0000000000,0.0260985778,1.0000000000,402.491931,GE100_LT500,PRE_SPUTNIK,False,True
4903|125581,4903,125581,3800,82875,101,208,"Hamburg-Bergedorf, Germany","Dr. Remeis-Observatory, Bamberg, Germany","Dr. Remeis-Observatory, Bamberg, Germany | Hamburg-Bergedorf, Germany",OVERLAP,0.000000,"[{""a_fragment"":""PARENT_PROVISIONAL_CONTINUOUS"",""b_fragment"":""PARENT_PROVISIONAL_CONTINUOUS"",""duration_seconds"":59.0,""end_utc"":""1933-03-27T00:25:05+00:00"",""exposure_active"":125581,""exposure_current"":4903,""start_utc"":""1933-03-27T00:24:06+00:00""}]",1,59.000000,59.000000,4537,107696,5161,107318,1,1,34.3592708284,1.0000000000,0.0208627694,1.0000000000,402.491931,GE100_LT500,PRE_SPUTNIK,False,True
4904|125581,4904,125581,3800,82875,101,208,"Hamburg-Bergedorf, Germany","Dr. Remeis-Observatory, Bamberg, Germany","Dr. Remeis-Observatory, Bamberg, Germany | Hamburg-Bergedorf, Germany",OVERLAP,0.000000,"[{""a_fragment"":""PARENT_PROVISIONAL_CONTINUOUS"",""b_fragment"":""PARENT_PROVISIONAL_CONTINUOUS"",""duration_seconds"":60.0,""end_utc"":""1933-03-27T00:29:25+00:00"",""exposure_active"":125581,""exposure_current"":4904,""start_utc"":""1933-03-27T00:28:25+00:00""}]",1,60.000000,60.000000,4537,107696,5161,107318,1,1,34.3592708284,1.0000000000,0.0208627694,1.0000000000,402.491931,GE100_LT500,PRE_SPUTNIK,False,True
4905|125581,4905,125581,3801,82875,101,208,"Hamburg-Bergedorf, Germany","Dr. Remeis-Observatory, Bamberg, Germany","Dr. Remeis-Observatory, Bamberg, Germany | Hamburg-Bergedorf, Germany",OVERLAP,0.000000,"[{""a_fragment"":""PARENT_PROVISIONAL_CONTINUOUS"",""b_fragment"":""PARENT_PROVISIONAL_CONTINUOUS"",""duration_seconds"":598.0,""end_utc"":""1933-03-27T00:43:02+00:00"",""exposure_active"":125581,""exposure_current"":4905,""start_utc"":""1933-03-27T00:33:04+00:00""}]",1,598.000000,598.000000,4538,107696,5166,107318,1,1,10.0615320485,0.2843201209,0.0058660311,0.2843201209,402.491931,GE100_LT500,PRE_SPUTNIK,False,True
4906|125522,4906,125522,3801,82816,101,208,"Hamburg-Bergedorf, Germany","Dr. Remeis-Observatory, Bamberg, Germany","Dr. Remeis-Observatory, Bamberg, Germany | Hamburg-Bergedorf, Germany",GT0_LE5MIN,179.000000,[],0,0.000000,0.000000,4538,107637,5166,107281,1,1,34.2840259590,1.0000000000,0.0262518312,1.0000000000,402.491931,GE100_LT500,PRE_SPUTNIK,False,True
4906|125581,4906,125581,3801,82875,101,208,"Hamburg-Bergedorf, Germany","Dr. Remeis-Observatory, Bamberg, Germany","Dr. Remeis-Observatory, Bamberg, Germany | Hamburg-Bergedorf, Germany",OVERLAP,0.000000,"[{""a_fragment"":""PARENT_PROVISIONAL_CONTINUOUS"",""b_fragment"":""PARENT_PROVISIONAL_CONTINUOUS"",""duration_seconds"":599.0,""end_utc"":""1933-03-27T00:54:01+00:00"",""exposure_active"":125581,""exposure_current"":4906,""start_utc"":""1933-03-27T00:44:02+00:00""}]",1,599.000000,599.000000,4538,107696,5166,107318,1,1,10.0615320485,0.2843201209,0.0058660311,0.2843201209,402.491931,GE100_LT500,PRE_SPUTNIK,False,True
4907|125522,4907,125522,3801,82816,101,208,"Hamburg-Bergedorf, Germany","Dr. Remeis-Observatory, Bamberg, Germany","Dr. Remeis-Observatory, Bamberg, Germany | Hamburg-Bergedorf, Germany",GT0_LE5MIN,90.000000,[],0,0.000000,0.000000,4538,107637,5166,107281,1,1,34.2840259590,1.0000000000,0.0262518312,1.0000000000,402.491931,GE100_LT500,PRE_SPUTNIK,False,True
4907|125581,4907,125581,3801,82875,101,208,"Hamburg-Bergedorf, Germany","Dr. Remeis-Observatory, Bamberg, Germany","Dr. Remeis-Observatory, Bamberg, Germany | Hamburg-Bergedorf, Germany",OVERLAP,0.000000,"[{""a_fragment"":""PARENT_PROVISIONAL_CONTINUOUS"",""b_fragment"":""PARENT_PROVISIONAL_CONTINUOUS"",""duration_seconds"":59.0,""end_utc"":""1933-03-27T00:55:30+00:00"",""exposure_active"":125581,""exposure_current"":4907,""start_utc"":""1933-03-27T00:54:31+00:00""}]",1,59.000000,59.000000,4538,107696,5166,107318,1,1,10.0615320485,0.2843201209,0.0058660311,0.2843201209,402.491931,GE100_LT500,PRE_SPUTNIK,False,True
4908|125522,4908,125522,3801,82816,101,208,"Hamburg-Bergedorf, Germany","Dr. Remeis-Observatory, Bamberg, Germany","Dr. Remeis-Observatory, Bamberg, Germany | Hamburg-Bergedorf, Germany",OVERLAP,0.000000,"[{""a_fragment"":""PARENT_PROVISIONAL_CONTINUOUS"",""b_fragment"":""PARENT_PROVISIONAL_CONTINUOUS"",""duration_seconds"":60.0,""end_utc"":""1933-03-27T00:59:30+00:00"",""exposure_active"":125522,""exposure_current"":4908,""start_utc"":""1933-03-27T00:58:30+00:00""}]",1,60.000000,60.000000,4538,107637,5166,107281,1,1,34.2840259590,1.0000000000,0.0262518312,1.0000000000,402.491931,GE100_LT500,PRE_SPUTNIK,False,True
4908|125581,4908,125581,3801,82875,101,208,"Hamburg-Bergedorf, Germany","Dr. Remeis-Observatory, Bamberg, Germany","Dr. Remeis-Observatory, Bamberg, Germany | Hamburg-Bergedorf, Germany",GT0_LE5MIN,150.000000,[],0,0.000000,0.000000,4538,107696,5166,107318,1,1,10.0615320485,0.2843201209,0.0058660311,0.2843201209,402.491931,GE100_LT500,PRE_SPUTNIK,False,True
4912|125528,4912,125528,3805,82822,101,208,"Hamburg-Bergedorf, Germany","Dr. Remeis-Observatory, Bamberg, Germany","Dr. Remeis-Observatory, Bamberg, Germany | Hamburg-Bergedorf, Germany",OVERLAP,0.000000,"[{""a_fragment"":""PARENT_PROVISIONAL_CONTINUOUS"",""b_fragment"":""PARENT_PROVISIONAL_CONTINUOUS"",""duration_seconds"":725.0,""end_utc"":""1933-03-27T19:58:00+00:00"",""exposure_active"":125528,""exposure_current"":4912,""start_utc"":""1933-03-27T19:45:55+00:00""}]",1,725.000000,725.000000,4542,107643,5180,107288,-1,1,25.6470373174,0.2342173262,0.0195208187,0.2342173262,402.491931,GE100_LT500,PRE_SPUTNIK,False,True
4912|125585,4912,125585,3805,82879,101,208,"Hamburg-Bergedorf, Germany","Dr. Remeis-Observatory, Bamberg, Germany","Dr. Remeis-Observatory, Bamberg, Germany | Hamburg-Bergedorf, Germany",OVERLAP,0.000000,"[{""a_fragment"":""PARENT_PROVISIONAL_CONTINUOUS"",""b_fragment"":""PARENT_PROVISIONAL_CONTINUOUS"",""duration_seconds"":725.0,""end_utc"":""1933-03-27T19:58:00+00:00"",""exposure_active"":125585,""exposure_current"":4912,""start_utc"":""1933-03-27T19:45:55+00:00""}]",1,725.000000,725.000000,4542,107700,5180,107322,-1,1,108.3922830660,0.9964132749,0.0634876940,0.9964132749,402.491931,GE100_LT500,PRE_SPUTNIK,False,True
4914|125532,4914,125532,3807,82826,101,208,"Hamburg-Bergedorf, Germany","Dr. Remeis-Observatory, Bamberg, Germany","Dr. Remeis-Observatory, Bamberg, Germany | Hamburg-Bergedorf, Germany",OVERLAP,0.000000,"[{""a_fragment"":""PARENT_PROVISIONAL_CONTINUOUS"",""b_fragment"":""PARENT_PROVISIONAL_CONTINUOUS"",""duration_seconds"":1740.0,""end_utc"":""1933-03-27T21:58:00+00:00"",""exposure_active"":4914,""exposure_current"":125532,""start_utc"":""1933-03-27T21:29:00+00:00""}]",1,1740.000000,1740.000000,4544,107647,5188,107294,1,1,59.6342443919,0.5535633080,0.0452992540,0.5535633080,402.491931,GE100_LT500,PRE_SPUTNIK,False,True
4914|125535,4914,125535,3807,82829,101,208,"Hamburg-Bergedorf, Germany","Dr. Remeis-Observatory, Bamberg, Germany","Dr. Remeis-Observatory, Bamberg, Germany | Hamburg-Bergedorf, Germany",OVERLAP,0.000000,"[{""a_fragment"":""PARENT_PROVISIONAL_CONTINUOUS"",""b_fragment"":""PARENT_PROVISIONAL_CONTINUOUS"",""duration_seconds"":1800.0,""end_utc"":""1933-03-28T00:00:00+00:00"",""exposure_active"":4914,""exposure_current"":125535,""start_utc"":""1933-03-27T23:30:00+00:00""}]",1,1800.000000,1800.000000,4544,107650,5188,107286,1,1,105.3089626618,0.9999801023,0.0820678356,0.9999801023,402.491931,GE100_LT500,PRE_SPUTNIK,False,True
4914|125588,4914,125588,3807,82882,101,208,"Hamburg-Bergedorf, Germany","Dr. Remeis-Observatory, Bamberg, Germany","Dr. Remeis-Observatory, Bamberg, Germany | Hamburg-Bergedorf, Germany",OVERLAP,0.000000,"[{""a_fragment"":""PARENT_PROVISIONAL_CONTINUOUS"",""b_fragment"":""PARENT_PROVISIONAL_CONTINUOUS"",""duration_seconds"":1740.0,""end_utc"":""1933-03-27T22:28:00+00:00"",""exposure_active"":4914,""exposure_current"":125588,""start_utc"":""1933-03-27T21:59:00+00:00""}]",1,1740.000000,1740.000000,4544,107703,5188,107317,1,1,105.6805429446,1.0000000000,0.0624207246,1.0000000000,402.491931,GE100_LT500,PRE_SPUTNIK,False,True
4914|125590,4914,125590,3807,82884,101,208,"Hamburg-Bergedorf, Germany","Dr. Remeis-Observatory, Bamberg, Germany","Dr. Remeis-Observatory, Bamberg, Germany | Hamburg-Bergedorf, Germany",OVERLAP,0.000000,"[{""a_fragment"":""PARENT_PROVISIONAL_CONTINUOUS"",""b_fragment"":""PARENT_PROVISIONAL_CONTINUOUS"",""duration_seconds"":1800.0,""end_utc"":""1933-03-28T00:00:00+00:00"",""exposure_active"":4914,""exposure_current"":125590,""start_utc"":""1933-03-27T23:30:00+00:00""}]",1,1800.000000,1800.000000,4544,107705,5188,107319,1,1,105.6219177524,1.0000000000,0.0631917785,1.0000000000,402.491931,GE100_LT500,PRE_SPUTNIK,False,True
4925|125613,4925,125613,3815,82907,101,208,"Hamburg-Bergedorf, Germany","Dr. Remeis-Observatory, Bamberg, Germany","Dr. Remeis-Observatory, Bamberg, Germany | Hamburg-Bergedorf, Germany",OVERLAP,0.000000,"[{""a_fragment"":""PARENT_PROVISIONAL_CONTINUOUS"",""b_fragment"":""PARENT_PROVISIONAL_CONTINUOUS"",""duration_seconds"":71.0,""end_utc"":""1933-04-13T20:13:00+00:00"",""exposure_active"":125613,""exposure_current"":4925,""start_utc"":""1933-04-13T20:11:49+00:00""}]",1,71.000000,71.000000,4550,107728,5191,107342,1,1,12.7447389956,0.1138736590,0.0089723492,0.1138736590,402.491931,GE100_LT500,PRE_SPUTNIK,False,True
4925|125614,4925,125614,3815,82908,101,208,"Hamburg-Bergedorf, Germany","Dr. Remeis-Observatory, Bamberg, Germany","Dr. Remeis-Observatory, Bamberg, Germany | Hamburg-Bergedorf, Germany",OVERLAP,0.000000,"[{""a_fragment"":""PARENT_PROVISIONAL_CONTINUOUS"",""b_fragment"":""PARENT_PROVISIONAL_CONTINUOUS"",""duration_seconds"":1800.0,""end_utc"":""1933-04-13T20:44:00+00:00"",""exposure_active"":4925,""exposure_current"":125614,""start_utc"":""1933-04-13T20:14:00+00:00""}]",1,1800.000000,1800.000000,4550,107729,5191,107348,1,1,54.3827228480,0.5030275169,0.0416290876,0.5030275169,402.491931,GE100_LT500,PRE_SPUTNIK,False,True
4927|125623,4927,125623,3817,82917,101,208,"Hamburg-Bergedorf, Germany","Dr. Remeis-Observatory, Bamberg, Germany","Dr. Remeis-Observatory, Bamberg, Germany | Hamburg-Bergedorf, Germany",OVERLAP,0.000000,"[{""a_fragment"":""1116"",""b_fragment"":""PARENT_PROVISIONAL_CONTINUOUS"",""duration_seconds"":787.0,""end_utc"":""1933-04-14T20:21:00+00:00"",""exposure_active"":125623,""exposure_current"":4927,""start_utc"":""1933-04-14T20:07:53+00:00""}]",1,787.000000,787.000000,4552,107738,5195,107344,1,1,105.6668759380,0.9891067401,0.0609789646,0.9891067401,402.491931,GE100_LT500,PRE_SPUTNIK,False,True
4927|125627,4927,125627,3817,82921,101,208,"Hamburg-Bergedorf, Germany","Dr. Remeis-Observatory, Bamberg, Germany","Dr. Remeis-Observatory, Bamberg, Germany | Hamburg-Bergedorf, Germany",OVERLAP,0.000000,"[{""a_fragment"":""1116"",""b_fragment"":""PARENT_PROVISIONAL_CONTINUOUS"",""duration_seconds"":787.0,""end_utc"":""1933-04-14T20:21:00+00:00"",""exposure_active"":125627,""exposure_current"":4927,""start_utc"":""1933-04-14T20:07:53+00:00""}]",1,787.000000,787.000000,4552,107742,5195,107353,1,1,104.3328341749,0.9941677308,0.0810474113,0.9941677308,402.491931,GE100_LT500,PRE_SPUTNIK,False,True
4937|125695,4937,125695,3827,82989,101,208,"Hamburg-Bergedorf, Germany","Dr. Remeis-Observatory, Bamberg, Germany","Dr. Remeis-Observatory, Bamberg, Germany | Hamburg-Bergedorf, Germany",OVERLAP,0.000000,"[{""a_fragment"":""PARENT_PROVISIONAL_CONTINUOUS"",""b_fragment"":""PARENT_PROVISIONAL_CONTINUOUS"",""duration_seconds"":1800.0,""end_utc"":""1933-04-22T22:40:00+00:00"",""exposure_active"":4937,""exposure_current"":125695,""start_utc"":""1933-04-22T22:10:00+00:00""}]",1,1800.000000,1800.000000,4560,107810,5202,107408,1,1,51.4043842727,0.4747326892,0.0376975997,0.4747326892,402.491931,GE100_LT500,PRE_SPUTNIK,False,True
4937|125696,4937,125696,3827,82990,101,208,"Hamburg-Bergedorf, Germany","Dr. Remeis-Observatory, Bamberg, Germany","Dr. Remeis-Observatory, Bamberg, Germany | Hamburg-Bergedorf, Germany",OVERLAP,0.000000,"[{""a_fragment"":""PARENT_PROVISIONAL_CONTINUOUS"",""b_fragment"":""PARENT_PROVISIONAL_CONTINUOUS"",""duration_seconds"":1680.0,""end_utc"":""1933-04-22T23:09:00+00:00"",""exposure_active"":4937,""exposure_current"":125696,""start_utc"":""1933-04-22T22:41:00+00:00""}]",1,1680.000000,1680.000000,4560,107811,5202,107407,1,1,5.4014924992,0.0480066658,0.0038882951,0.0480066658,402.491931,GE100_LT500,PRE_SPUTNIK,False,True
4941|125710,4941,125710,3831,83004,101,208,"Hamburg-Bergedorf, Germany","Dr. Remeis-Observatory, Bamberg, Germany","Dr. Remeis-Observatory, Bamberg, Germany | Hamburg-Bergedorf, Germany",OVERLAP,0.000000,"[{""a_fragment"":""PARENT_PROVISIONAL_CONTINUOUS"",""b_fragment"":""PARENT_PROVISIONAL_CONTINUOUS"",""duration_seconds"":573.0,""end_utc"":""1933-04-25T02:25:00+00:00"",""exposure_active"":125710,""exposure_current"":4941,""start_utc"":""1933-04-25T02:15:27+00:00""}]",1,573.000000,573.000000,4564,107825,5203,107427,1,1,0.5895930940,0.0051332869,0.0004059229,0.0051332869,402.491931,GE100_LT500,PRE_SPUTNIK,False,True
4943|125711,4943,125711,3833,83005,101,208,"Hamburg-Bergedorf, Germany","Dr. Remeis-Observatory, Bamberg, Germany","Dr. Remeis-Observatory, Bamberg, Germany | Hamburg-Bergedorf, Germany",OVERLAP,0.000000,"[{""a_fragment"":""PARENT_PROVISIONAL_CONTINUOUS"",""b_fragment"":""PARENT_PROVISIONAL_CONTINUOUS"",""duration_seconds"":932.0,""end_utc"":""1933-04-25T20:41:00+00:00"",""exposure_active"":125711,""exposure_current"":4943,""start_utc"":""1933-04-25T20:25:28+00:00""}]",1,932.000000,932.000000,4565,107826,5207,107422,1,1,97.5762868543,0.9159914163,0.0765133702,0.9159914163,402.491931,GE100_LT500,PRE_SPUTNIK,False,True
4943|125712,4943,125712,3833,83006,101,208,"Hamburg-Bergedorf, Germany","Dr. Remeis-Observatory, Bamberg, Germany","Dr. Remeis-Observatory, Bamberg, Germany | Hamburg-Bergedorf, Germany",OVERLAP,0.000000,"[{""a_fragment"":""PARENT_PROVISIONAL_CONTINUOUS"",""b_fragment"":""PARENT_PROVISIONAL_CONTINUOUS"",""duration_seconds"":1680.0,""end_utc"":""1933-04-25T21:10:00+00:00"",""exposure_active"":4943,""exposure_current"":125712,""start_utc"":""1933-04-25T20:42:00+00:00""}]",1,1680.000000,1680.000000,4565,107827,5207,107419,1,1,19.0661967050,0.1724227134,0.0136651193,0.1724227134,402.491931,GE100_LT500,PRE_SPUTNIK,False,True
4943|125713,4943,125713,3833,83007,101,208,"Hamburg-Bergedorf, Germany","Dr. Remeis-Observatory, Bamberg, Germany","Dr. Remeis-Observatory, Bamberg, Germany | Hamburg-Bergedorf, Germany",OVERLAP,0.000000,"[{""a_fragment"":""PARENT_PROVISIONAL_CONTINUOUS"",""b_fragment"":""PARENT_PROVISIONAL_CONTINUOUS"",""duration_seconds"":1740.0,""end_utc"":""1933-04-25T21:41:00+00:00"",""exposure_active"":4943,""exposure_current"":125713,""start_utc"":""1933-04-25T21:12:00+00:00""}]",1,1740.000000,1740.000000,4565,107828,5207,107421,1,1,11.3196802825,0.1010725276,0.0079637719,0.1010725276,402.491931,GE100_LT500,PRE_SPUTNIK,False,True
4943|125714,4943,125714,3833,83008,101,208,"Hamburg-Bergedorf, Germany","Dr. Remeis-Observatory, Bamberg, Germany","Dr. Remeis-Observatory, Bamberg, Germany | Hamburg-Bergedorf, Germany",OVERLAP,0.000000,"[{""a_fragment"":""PARENT_PROVISIONAL_CONTINUOUS"",""b_fragment"":""PARENT_PROVISIONAL_CONTINUOUS"",""duration_seconds"":1740.0,""end_utc"":""1933-04-25T22:11:00+00:00"",""exposure_active"":4943,""exposure_current"":125714,""start_utc"":""1933-04-25T21:42:00+00:00""}]",1,1740.000000,1740.000000,4565,107829,5207,107418,1,1,53.9667950817,0.4979668311,0.0395917174,0.4979668311,402.491931,GE100_LT500,PRE_SPUTNIK,False,True
4943|125743,4943,125743,3833,83037,101,208,"Hamburg-Bergedorf, Germany","Dr. Remeis-Observatory, Bamberg, Germany","Dr. Remeis-Observatory, Bamberg, Germany | Hamburg-Bergedorf, Germany",OVERLAP,0.000000,"[{""a_fragment"":""PARENT_PROVISIONAL_CONTINUOUS"",""b_fragment"":""PARENT_PROVISIONAL_CONTINUOUS"",""duration_seconds"":1680.0,""end_utc"":""1933-04-25T21:10:00+00:00"",""exposure_active"":4943,""exposure_current"":125743,""start_utc"":""1933-04-25T20:42:00+00:00""}]",1,1680.000000,1680.000000,4565,107858,5207,107448,1,1,106.9295958620,0.9943911892,0.0627037593,0.9943911892,402.491931,GE100_LT500,PRE_SPUTNIK,False,True
4943|125744,4943,125744,3833,83038,101,208,"Hamburg-Bergedorf, Germany","Dr. Remeis-Observatory, Bamberg, Germany","Dr. Remeis-Observatory, Bamberg, Germany | Hamburg-Bergedorf, Germany",OVERLAP,0.000000,"[{""a_fragment"":""PARENT_PROVISIONAL_CONTINUOUS"",""b_fragment"":""PARENT_PROVISIONAL_CONTINUOUS"",""duration_seconds"":1740.0,""end_utc"":""1933-04-25T21:41:00+00:00"",""exposure_active"":4943,""exposure_current"":125744,""start_utc"":""1933-04-25T21:12:00+00:00""}]",1,1740.000000,1740.000000,4565,107859,5207,107449,1,1,38.4692035541,0.3499117677,0.0218866390,0.3499117677,402.491931,GE100_LT500,PRE_SPUTNIK,False,True
4943|125745,4943,125745,3833,83039,101,208,"Hamburg-Bergedorf, Germany","Dr. Remeis-Observatory, Bamberg, Germany","Dr. Remeis-Observatory, Bamberg, Germany | Hamburg-Bergedorf, Germany",OVERLAP,0.000000,"[{""a_fragment"":""PARENT_PROVISIONAL_CONTINUOUS"",""b_fragment"":""PARENT_PROVISIONAL_CONTINUOUS"",""duration_seconds"":1740.0,""end_utc"":""1933-04-25T22:11:00+00:00"",""exposure_active"":4943,""exposure_current"":125745,""start_utc"":""1933-04-25T21:42:00+00:00""}]",1,1740.000000,1740.000000,4565,107860,5207,107446,1,1,36.4350169776,0.3315857677,0.0208073927,0.3315857677,402.491931,GE100_LT500,PRE_SPUTNIK,False,True
4945|125748,4945,125748,3835,83042,101,208,"Hamburg-Bergedorf, Germany","Dr. Remeis-Observatory, Bamberg, Germany","Dr. Remeis-Observatory, Bamberg, Germany | Hamburg-Bergedorf, Germany",OVERLAP,0.000000,"[{""a_fragment"":""PARENT_PROVISIONAL_CONTINUOUS"",""b_fragment"":""PARENT_PROVISIONAL_CONTINUOUS"",""duration_seconds"":245.0,""end_utc"":""1933-04-25T23:50:00+00:00"",""exposure_active"":125748,""exposure_current"":4945,""start_utc"":""1933-04-25T23:45:55+00:00""}]",1,245.000000,245.000000,4567,107863,5218,107452,1,1,64.9802305962,0.6157094524,0.0378795554,0.6157094524,402.491931,GE100_LT500,PRE_SPUTNIK,False,True
4947|125726,4947,125726,3837,83020,101,208,"Hamburg-Bergedorf, Germany","Dr. Remeis-Observatory, Bamberg, Germany","Dr. Remeis-Observatory, Bamberg, Germany | Hamburg-Bergedorf, Germany",OVERLAP,0.000000,"[{""a_fragment"":""PARENT_PROVISIONAL_CONTINUOUS"",""b_fragment"":""PARENT_PROVISIONAL_CONTINUOUS"",""duration_seconds"":1800.0,""end_utc"":""1933-04-26T21:45:00+00:00"",""exposure_active"":4947,""exposure_current"":125726,""start_utc"":""1933-04-26T21:15:00+00:00""}]",1,1800.000000,1800.000000,4569,107841,5215,107434,1,1,22.8063933901,0.2081869208,0.0171962221,0.2081869208,402.491931,GE100_LT500,PRE_SPUTNIK,False,True
4947|125757,4947,125757,3837,83051,101,208,"Hamburg-Bergedorf, Germany","Dr. Remeis-Observatory, Bamberg, Germany","Dr. Remeis-Observatory, Bamberg, Germany | Hamburg-Bergedorf, Germany",OVERLAP,0.000000,"[{""a_fragment"":""PARENT_PROVISIONAL_CONTINUOUS"",""b_fragment"":""PARENT_PROVISIONAL_CONTINUOUS"",""duration_seconds"":1800.0,""end_utc"":""1933-04-26T21:45:00+00:00"",""exposure_active"":4947,""exposure_current"":125757,""start_utc"":""1933-04-26T21:15:00+00:00""}]",1,1800.000000,1800.000000,4569,107872,5215,107457,1,1,7.6801726991,0.0692482993,0.0043334580,0.0692482993,402.491931,GE100_LT500,PRE_SPUTNIK,False,True
4955|125781,4955,125781,3842,83075,101,208,"Hamburg-Bergedorf, Germany","Dr. Remeis-Observatory, Bamberg, Germany","Dr. Remeis-Observatory, Bamberg, Germany | Hamburg-Bergedorf, Germany",OVERLAP,0.000000,"[{""a_fragment"":""PARENT_PROVISIONAL_CONTINUOUS"",""b_fragment"":""PARENT_PROVISIONAL_CONTINUOUS"",""duration_seconds"":1860.0,""end_utc"":""1933-04-28T00:27:00+00:00"",""exposure_active"":4955,""exposure_current"":125781,""start_utc"":""1933-04-27T23:56:00+00:00""}]",1,1860.000000,1860.000000,4574,107896,5233,107473,1,1,13.8466279423,0.1256666503,0.0103232060,0.1256666503,402.491931,GE100_LT500,PRE_SPUTNIK,False,True
4955|125782,4955,125782,3842,83076,101,208,"Hamburg-Bergedorf, Germany","Dr. Remeis-Observatory, Bamberg, Germany","Dr. Remeis-Observatory, Bamberg, Germany | Hamburg-Bergedorf, Germany",OVERLAP,0.000000,"[{""a_fragment"":""PARENT_PROVISIONAL_CONTINUOUS"",""b_fragment"":""PARENT_PROVISIONAL_CONTINUOUS"",""duration_seconds"":1800.0,""end_utc"":""1933-04-28T00:58:00+00:00"",""exposure_active"":4955,""exposure_current"":125782,""start_utc"":""1933-04-28T00:28:00+00:00""}]",1,1800.000000,1800.000000,4574,107897,5233,107478,1,1,0.9376349094,0.0081971514,0.0006598415,0.0081971514,402.491931,GE100_LT500,PRE_SPUTNIK,False,True
4955|125783,4955,125783,3842,83077,101,208,"Hamburg-Bergedorf, Germany","Dr. Remeis-Observatory, Bamberg, Germany","Dr. Remeis-Observatory, Bamberg, Germany | Hamburg-Bergedorf, Germany",OVERLAP,0.000000,"[{""a_fragment"":""PARENT_PROVISIONAL_CONTINUOUS"",""b_fragment"":""PARENT_PROVISIONAL_CONTINUOUS"",""duration_seconds"":720.0,""end_utc"":""1933-04-28T01:11:00+00:00"",""exposure_active"":4955,""exposure_current"":125783,""start_utc"":""1933-04-28T00:59:00+00:00""}]",1,720.000000,720.000000,4574,107898,5233,107493,1,1,13.0883843313,0.1185704148,0.0093768702,0.1185704148,402.491931,GE100_LT500,PRE_SPUTNIK,False,True
4960|125821,4960,125821,3844,83115,101,208,"Hamburg-Bergedorf, Germany","Dr. Remeis-Observatory, Bamberg, Germany","Dr. Remeis-Observatory, Bamberg, Germany | Hamburg-Bergedorf, Germany",OVERLAP,0.000000,"[{""a_fragment"":""PARENT_PROVISIONAL_CONTINUOUS"",""b_fragment"":""PARENT_PROVISIONAL_CONTINUOUS"",""duration_seconds"":256.0,""end_utc"":""1933-05-20T21:31:00+00:00"",""exposure_active"":125821,""exposure_current"":4960,""start_utc"":""1933-05-20T21:26:44+00:00""}]",1,256.000000,256.000000,4578,107936,5219,107502,1,1,26.1498474455,0.2365410142,0.0195515874,0.2365410142,402.491931,GE100_LT500,PRE_SPUTNIK,False,True
4960|125823,4960,125823,3844,83117,101,208,"Hamburg-Bergedorf, Germany","Dr. Remeis-Observatory, Bamberg, Germany","Dr. Remeis-Observatory, Bamberg, Germany | Hamburg-Bergedorf, Germany",OVERLAP,0.000000,"[{""a_fragment"":""PARENT_PROVISIONAL_CONTINUOUS"",""b_fragment"":""PARENT_PROVISIONAL_CONTINUOUS"",""duration_seconds"":1414.0,""end_utc"":""1933-05-20T22:26:34+00:00"",""exposure_active"":4960,""exposure_current"":125823,""start_utc"":""1933-05-20T22:03:00+00:00""}]",1,1414.000000,1414.000000,4578,107938,5219,107513,1,1,6.7394827161,0.0592454938,0.0048358120,0.0592454938,402.491931,GE100_LT500,PRE_SPUTNIK,False,True
4969|125847,4969,125847,3850,83141,101,208,"Hamburg-Bergedorf, Germany","Dr. Remeis-Observatory, Bamberg, Germany","Dr. Remeis-Observatory, Bamberg, Germany | Hamburg-Bergedorf, Germany",OVERLAP,0.000000,"[{""a_fragment"":""1130"",""b_fragment"":""PARENT_PROVISIONAL_CONTINUOUS"",""duration_seconds"":439.0,""end_utc"":""1933-05-22T23:36:00+00:00"",""exposure_active"":125847,""exposure_current"":4969,""start_utc"":""1933-05-22T23:28:41+00:00""}]",1,439.000000,439.000000,4582,107962,5247,107530,1,1,50.5357179590,0.4618005182,0.0366968563,0.4618005182,402.491931,GE100_LT500,PRE_SPUTNIK,False,True
4969|125848,4969,125848,3850,83142,101,208,"Hamburg-Bergedorf, Germany","Dr. Remeis-Observatory, Bamberg, Germany","Dr. Remeis-Observatory, Bamberg, Germany | Hamburg-Bergedorf, Germany",OVERLAP,0.000000,"[{""a_fragment"":""PARENT_PROVISIONAL_CONTINUOUS"",""b_fragment"":""1130"",""duration_seconds"":1800.0,""end_utc"":""1933-05-23T00:07:00+00:00"",""exposure_active"":4969,""exposure_current"":125848,""start_utc"":""1933-05-22T23:37:00+00:00""}]",1,1800.000000,1800.000000,4582,107963,5247,107534,1,1,54.3682487530,0.5049805811,0.0405086645,0.5049805811,402.491931,GE100_LT500,PRE_SPUTNIK,False,True
4969|125855,4969,125855,3850,83149,101,208,"Hamburg-Bergedorf, Germany","Dr. Remeis-Observatory, Bamberg, Germany","Dr. Remeis-Observatory, Bamberg, Germany | Hamburg-Bergedorf, Germany",OVERLAP,0.000000,"[{""a_fragment"":""1130"",""b_fragment"":""PARENT_PROVISIONAL_CONTINUOUS"",""duration_seconds"":439.0,""end_utc"":""1933-05-22T23:36:00+00:00"",""exposure_active"":125855,""exposure_current"":4969,""start_utc"":""1933-05-22T23:28:41+00:00""}]",1,439.000000,439.000000,4582,107970,5247,107524,1,1,68.8970461996,0.6332566939,0.0398686207,0.6332566939,402.491931,GE100_LT500,PRE_SPUTNIK,False,True
4969|125856,4969,125856,3850,83150,101,208,"Hamburg-Bergedorf, Germany","Dr. Remeis-Observatory, Bamberg, Germany","Dr. Remeis-Observatory, Bamberg, Germany | Hamburg-Bergedorf, Germany",OVERLAP,0.000000,"[{""a_fragment"":""PARENT_PROVISIONAL_CONTINUOUS"",""b_fragment"":""1130"",""duration_seconds"":1800.0,""end_utc"":""1933-05-23T00:07:00+00:00"",""exposure_active"":4969,""exposure_current"":125856,""start_utc"":""1933-05-22T23:37:00+00:00""}]",1,1800.000000,1800.000000,4582,107971,5247,107531,1,1,62.8727735532,0.5862414218,0.0369328154,0.5862414218,402.491931,GE100_LT500,PRE_SPUTNIK,False,True
4969|125863,4969,125863,3850,83157,101,208,"Hamburg-Bergedorf, Germany","Dr. Remeis-Observatory, Bamberg, Germany","Dr. Remeis-Observatory, Bamberg, Germany | Hamburg-Bergedorf, Germany",OVERLAP,0.000000,"[{""a_fragment"":""PARENT_PROVISIONAL_CONTINUOUS"",""b_fragment"":""1131"",""duration_seconds"":1800.0,""end_utc"":""1933-05-23T23:48:00+00:00"",""exposure_active"":4969,""exposure_current"":125863,""start_utc"":""1933-05-23T23:18:00+00:00""}]",1,1800.000000,1800.000000,4582,107978,5247,107537,1,1,66.1049762061,0.6159544802,0.0387762063,0.6159544802,402.491931,GE100_LT500,PRE_SPUTNIK,False,True
4969|125864,4969,125864,3850,83158,101,208,"Hamburg-Bergedorf, Germany","Dr. Remeis-Observatory, Bamberg, Germany","Dr. Remeis-Observatory, Bamberg, Germany | Hamburg-Bergedorf, Germany",OVERLAP,0.000000,"[{""a_fragment"":""PARENT_PROVISIONAL_CONTINUOUS"",""b_fragment"":""1131"",""duration_seconds"":1860.0,""end_utc"":""1933-05-24T00:20:00+00:00"",""exposure_active"":4969,""exposure_current"":125864,""start_utc"":""1933-05-23T23:49:00+00:00""}]",1,1860.000000,1860.000000,4582,107979,5247,107536,1,1,105.3698051266,1.0000000000,0.0629198103,1.0000000000,402.491931,GE100_LT500,PRE_SPUTNIK,False,True
4969|125865,4969,125865,3850,83159,101,208,"Hamburg-Bergedorf, Germany","Dr. Remeis-Observatory, Bamberg, Germany","Dr. Remeis-Observatory, Bamberg, Germany | Hamburg-Bergedorf, Germany",OVERLAP,0.000000,"[{""a_fragment"":""PARENT_PROVISIONAL_CONTINUOUS"",""b_fragment"":""1131"",""duration_seconds"":265.0,""end_utc"":""1933-05-24T00:25:25+00:00"",""exposure_active"":4969,""exposure_current"":125865,""start_utc"":""1933-05-24T00:21:00+00:00""}]",1,265.000000,265.000000,4582,107980,5247,107539,1,1,95.7696123621,0.8999903793,0.0567826923,0.8999903793,402.491931,GE100_LT500,PRE_SPUTNIK,False,True
4969|125870,4969,125870,3850,83164,101,208,"Hamburg-Bergedorf, Germany","Dr. Remeis-Observatory, Bamberg, Germany","Dr. Remeis-Observatory, Bamberg, Germany | Hamburg-Bergedorf, Germany",OVERLAP,0.000000,"[{""a_fragment"":""1131"",""b_fragment"":""PARENT_PROVISIONAL_CONTINUOUS"",""duration_seconds"":11.0,""end_utc"":""1933-05-23T23:17:00+00:00"",""exposure_active"":125870,""exposure_current"":4969,""start_utc"":""1933-05-23T23:16:49+00:00""}]",1,11.000000,11.000000,4582,107985,5247,107542,1,1,55.2854256597,0.5136359576,0.0411086764,0.5136359576,402.491931,GE100_LT500,PRE_SPUTNIK,False,True
4969|125871,4969,125871,3850,83165,101,208,"Hamburg-Bergedorf, Germany","Dr. Remeis-Observatory, Bamberg, Germany","Dr. Remeis-Observatory, Bamberg, Germany | Hamburg-Bergedorf, Germany",OVERLAP,0.000000,"[{""a_fragment"":""PARENT_PROVISIONAL_CONTINUOUS"",""b_fragment"":""1131"",""duration_seconds"":1800.0,""end_utc"":""1933-05-23T23:48:00+00:00"",""exposure_active"":4969,""exposure_current"":125871,""start_utc"":""1933-05-23T23:18:00+00:00""}]",1,1800.000000,1800.000000,4582,107986,5247,107550,1,1,51.4350848049,0.4698411546,0.0374634044,0.4698411546,402.491931,GE100_LT500,PRE_SPUTNIK,False,True
5018|125922,5018,125922,3873,83216,101,208,"Hamburg-Bergedorf, Germany","Dr. Remeis-Observatory, Bamberg, Germany","Dr. Remeis-Observatory, Bamberg, Germany | Hamburg-Bergedorf, Germany",OVERLAP,0.000000,"[{""a_fragment"":""PARENT_PROVISIONAL_CONTINUOUS"",""b_fragment"":""PARENT_PROVISIONAL_CONTINUOUS"",""duration_seconds"":1800.0,""end_utc"":""1933-07-27T23:15:00+00:00"",""exposure_active"":5018,""exposure_current"":125922,""start_utc"":""1933-07-27T22:45:00+00:00""}]",1,1800.000000,1800.000000,4601,108037,5279,107578,1,1,107.2672544378,1.0000000000,0.0802112317,1.0000000000,402.491931,GE100_LT500,PRE_SPUTNIK,False,True
5018|125985,5018,125985,3873,83279,101,208,"Hamburg-Bergedorf, Germany","Dr. Remeis-Observatory, Bamberg, Germany","Dr. Remeis-Observatory, Bamberg, Germany | Hamburg-Bergedorf, Germany",OVERLAP,0.000000,"[{""a_fragment"":""PARENT_PROVISIONAL_CONTINUOUS"",""b_fragment"":""PARENT_PROVISIONAL_CONTINUOUS"",""duration_seconds"":1800.0,""end_utc"":""1933-07-27T23:15:00+00:00"",""exposure_active"":5018,""exposure_current"":125985,""start_utc"":""1933-07-27T22:45:00+00:00""}]",1,1800.000000,1800.000000,4601,108099,5279,107611,1,1,92.3351022634,0.8657737962,0.0557050421,0.8657737962,402.491931,GE100_LT500,PRE_SPUTNIK,False,True
5027|125993,5027,125993,3876,83287,101,208,"Hamburg-Bergedorf, Germany","Dr. Remeis-Observatory, Bamberg, Germany","Dr. Remeis-Observatory, Bamberg, Germany | Hamburg-Bergedorf, Germany",GT0_LE5MIN,198.000000,[],0,0.000000,0.000000,4604,108107,5249,107612,1,1,2.4552751538,0.0665774064,0.0013400247,0.0665774064,402.491931,GE100_LT500,PRE_SPUTNIK,False,True
5028|125993,5028,125993,3876,83287,101,208,"Hamburg-Bergedorf, Germany","Dr. Remeis-Observatory, Bamberg, Germany","Dr. Remeis-Observatory, Bamberg, Germany | Hamburg-Bergedorf, Germany",OVERLAP,0.000000,"[{""a_fragment"":""PARENT_PROVISIONAL_CONTINUOUS"",""b_fragment"":""PARENT_PROVISIONAL_CONTINUOUS"",""duration_seconds"":460.0,""end_utc"":""1933-08-13T21:05:40+00:00"",""exposure_active"":5028,""exposure_current"":125993,""start_utc"":""1933-08-13T20:58:00+00:00""}]",1,460.000000,460.000000,4604,108107,5249,107612,1,1,2.4552751538,0.0665774064,0.0013400247,0.0665774064,402.491931,GE100_LT500,PRE_SPUTNIK,False,True
5029|125993,5029,125993,3876,83287,101,208,"Hamburg-Bergedorf, Germany","Dr. Remeis-Observatory, Bamberg, Germany","Dr. Remeis-Observatory, Bamberg, Germany | Hamburg-Bergedorf, Germany",OVERLAP,0.000000,"[{""a_fragment"":""PARENT_PROVISIONAL_CONTINUOUS"",""b_fragment"":""PARENT_PROVISIONAL_CONTINUOUS"",""duration_seconds"":60.0,""end_utc"":""1933-08-13T21:07:40+00:00"",""exposure_active"":125993,""exposure_current"":5029,""start_utc"":""1933-08-13T21:06:40+00:00""}]",1,60.000000,60.000000,4604,108107,5249,107612,1,1,2.4552751538,0.0665774064,0.0013400247,0.0665774064,402.491931,GE100_LT500,PRE_SPUTNIK,False,True
5030|125993,5030,125993,3876,83287,101,208,"Hamburg-Bergedorf, Germany","Dr. Remeis-Observatory, Bamberg, Germany","Dr. Remeis-Observatory, Bamberg, Germany | Hamburg-Bergedorf, Germany",OVERLAP,0.000000,"[{""a_fragment"":""PARENT_PROVISIONAL_CONTINUOUS"",""b_fragment"":""PARENT_PROVISIONAL_CONTINUOUS"",""duration_seconds"":60.0,""end_utc"":""1933-08-13T21:12:39+00:00"",""exposure_active"":125993,""exposure_current"":5030,""start_utc"":""1933-08-13T21:11:39+00:00""}]",1,60.000000,60.000000,4604,108107,5249,107612,1,1,2.4552751538,0.0665774064,0.0013400247,0.0665774064,402.491931,GE100_LT500,PRE_SPUTNIK,False,True
5053|126100,5053,126100,3895,83394,101,208,"Hamburg-Bergedorf, Germany","Dr. Remeis-Observatory, Bamberg, Germany","Dr. Remeis-Observatory, Bamberg, Germany | Hamburg-Bergedorf, Germany",OVERLAP,0.000000,"[{""a_fragment"":""PARENT_PROVISIONAL_CONTINUOUS"",""b_fragment"":""PARENT_PROVISIONAL_CONTINUOUS"",""duration_seconds"":180.0,""end_utc"":""1933-08-27T21:29:35+00:00"",""exposure_active"":126100,""exposure_current"":5053,""start_utc"":""1933-08-27T21:26:35+00:00""}]",1,180.000000,180.000000,4615,108213,5260,107668,1,1,11.1798371628,0.3164017470,0.0081873968,0.3164017470,402.491931,GE100_LT500,PRE_SPUTNIK,False,True
5054|126090,5054,126090,3896,83384,101,208,"Hamburg-Bergedorf, Germany","Dr. Remeis-Observatory, Bamberg, Germany","Dr. Remeis-Observatory, Bamberg, Germany | Hamburg-Bergedorf, Germany",OVERLAP,0.000000,"[{""a_fragment"":""PARENT_PROVISIONAL_CONTINUOUS"",""b_fragment"":""PARENT_PROVISIONAL_CONTINUOUS"",""duration_seconds"":30.0,""end_utc"":""1933-08-27T22:01:00+00:00"",""exposure_active"":126090,""exposure_current"":5054,""start_utc"":""1933-08-27T22:00:30+00:00""}]",1,30.000000,30.000000,4616,108203,5269,107661,1,1,14.0142376334,0.3956922673,0.0080297584,0.3956922673,402.491931,GE100_LT500,PRE_SPUTNIK,False,True
5060|126095,5060,126095,3899,83389,101,208,"Hamburg-Bergedorf, Germany","Dr. Remeis-Observatory, Bamberg, Germany","Dr. Remeis-Observatory, Bamberg, Germany | Hamburg-Bergedorf, Germany",OVERLAP,0.000000,"[{""a_fragment"":""PARENT_PROVISIONAL_CONTINUOUS"",""b_fragment"":""PARENT_PROVISIONAL_CONTINUOUS"",""duration_seconds"":1680.0,""end_utc"":""1933-08-28T01:16:00+00:00"",""exposure_active"":5060,""exposure_current"":126095,""start_utc"":""1933-08-28T00:48:00+00:00""}]",1,1680.000000,1680.000000,4617,108208,5277,107659,1,1,6.4559626296,0.0582465567,0.0036285830,0.0582465567,402.491931,GE100_LT500,PRE_SPUTNIK,False,True
5060|126104,5060,126104,3899,83398,101,208,"Hamburg-Bergedorf, Germany","Dr. Remeis-Observatory, Bamberg, Germany","Dr. Remeis-Observatory, Bamberg, Germany | Hamburg-Bergedorf, Germany",OVERLAP,0.000000,"[{""a_fragment"":""PARENT_PROVISIONAL_CONTINUOUS"",""b_fragment"":""PARENT_PROVISIONAL_CONTINUOUS"",""duration_seconds"":1671.0,""end_utc"":""1933-08-27T23:31:00+00:00"",""exposure_active"":126104,""exposure_current"":5060,""start_utc"":""1933-08-27T23:03:09+00:00""}]",1,1671.000000,1671.000000,4617,108217,5277,107669,1,1,7.4619647805,0.0661720988,0.0051967630,0.0661720988,402.491931,GE100_LT500,PRE_SPUTNIK,False,True
5060|126105,5060,126105,3899,83399,101,208,"Hamburg-Bergedorf, Germany","Dr. Remeis-Observatory, Bamberg, Germany","Dr. Remeis-Observatory, Bamberg, Germany | Hamburg-Bergedorf, Germany",OVERLAP,0.000000,"[{""a_fragment"":""PARENT_PROVISIONAL_CONTINUOUS"",""b_fragment"":""PARENT_PROVISIONAL_CONTINUOUS"",""duration_seconds"":1680.0,""end_utc"":""1933-08-28T00:00:00+00:00"",""exposure_active"":5060,""exposure_current"":126105,""start_utc"":""1933-08-27T23:32:00+00:00""}]",1,1680.000000,1680.000000,4617,108218,5277,107664,1,1,22.5037122917,0.2047587410,0.0168500660,0.2047587410,402.491931,GE100_LT500,PRE_SPUTNIK,False,True
5060|126106,5060,126106,3899,83400,101,208,"Hamburg-Bergedorf, Germany","Dr. Remeis-Observatory, Bamberg, Germany","Dr. Remeis-Observatory, Bamberg, Germany | Hamburg-Bergedorf, Germany",OVERLAP,0.000000,"[{""a_fragment"":""PARENT_PROVISIONAL_CONTINUOUS"",""b_fragment"":""PARENT_PROVISIONAL_CONTINUOUS"",""duration_seconds"":1800.0,""end_utc"":""1933-08-28T00:31:00+00:00"",""exposure_active"":5060,""exposure_current"":126106,""start_utc"":""1933-08-28T00:01:00+00:00""}]",1,1800.000000,1800.000000,4617,108219,5277,107667,1,1,5.3012146627,0.0468824071,0.0037930350,0.0468824071,402.491931,GE100_LT500,PRE_SPUTNIK,False,True
5060|126107,5060,126107,3899,83401,101,208,"Hamburg-Bergedorf, Germany","Dr. Remeis-Observatory, Bamberg, Germany","Dr. Remeis-Observatory, Bamberg, Germany | Hamburg-Bergedorf, Germany",OVERLAP,0.000000,"[{""a_fragment"":""PARENT_PROVISIONAL_CONTINUOUS"",""b_fragment"":""PARENT_PROVISIONAL_CONTINUOUS"",""duration_seconds"":900.0,""end_utc"":""1933-08-28T00:47:00+00:00"",""exposure_active"":5060,""exposure_current"":126107,""start_utc"":""1933-08-28T00:32:00+00:00""}]",1,900.000000,900.000000,4617,108220,5277,107671,1,1,7.4619647805,0.0661720988,0.0051967630,0.0661720988,402.491931,GE100_LT500,PRE_SPUTNIK,False,True
5065|126116,5065,126116,3903,83410,101,208,"Hamburg-Bergedorf, Germany","Dr. Remeis-Observatory, Bamberg, Germany","Dr. Remeis-Observatory, Bamberg, Germany | Hamburg-Bergedorf, Germany",GT0_LE5MIN,59.000000,[],0,0.000000,0.000000,4622,108229,5271,107684,2,1,34.9230041821,1.0000000000,0.0269279038,1.0000000000,402.491931,GE100_LT500,PRE_SPUTNIK,False,True
5067|126122,5067,126122,3905,83416,101,208,"Hamburg-Bergedorf, Germany","Dr. Remeis-Observatory, Bamberg, Germany","Dr. Remeis-Observatory, Bamberg, Germany | Hamburg-Bergedorf, Germany",OVERLAP,0.000000,"[{""a_fragment"":""PARENT_PROVISIONAL_CONTINUOUS"",""b_fragment"":""PARENT_PROVISIONAL_CONTINUOUS"",""duration_seconds"":1800.0,""end_utc"":""1933-08-29T01:33:00+00:00"",""exposure_active"":5067,""exposure_current"":126122,""start_utc"":""1933-08-29T01:03:00+00:00""}]",1,1800.000000,1800.000000,4623,108235,5282,107681,1,1,105.6594630674,0.9990310602,0.0801789062,0.9990310602,402.491931,GE100_LT500,PRE_SPUTNIK,False,True
5072|126153,5072,126153,3909,83447,101,208,"Hamburg-Bergedorf, Germany","Dr. Remeis-Observatory, Bamberg, Germany","Dr. Remeis-Observatory, Bamberg, Germany | Hamburg-Bergedorf, Germany",OVERLAP,0.000000,"[{""a_fragment"":""PARENT_PROVISIONAL_CONTINUOUS"",""b_fragment"":""PARENT_PROVISIONAL_CONTINUOUS"",""duration_seconds"":1800.0,""end_utc"":""1933-08-30T00:14:00+00:00"",""exposure_active"":5072,""exposure_current"":126153,""start_utc"":""1933-08-29T23:44:00+00:00""}]",1,1800.000000,1800.000000,4627,108266,5289,107708,1,1,104.8551174604,1.0000000000,0.0831458378,1.0000000000,402.491931,GE100_LT500,PRE_SPUTNIK,False,True
5074|126173,5074,126173,3911,83467,101,208,"Hamburg-Bergedorf, Germany","Dr. Remeis-Observatory, Bamberg, Germany","Dr. Remeis-Observatory, Bamberg, Germany | Hamburg-Bergedorf, Germany",OVERLAP,0.000000,"[{""a_fragment"":""PARENT_PROVISIONAL_CONTINUOUS"",""b_fragment"":""PARENT_PROVISIONAL_CONTINUOUS"",""duration_seconds"":82.0,""end_utc"":""1933-09-11T19:50:00+00:00"",""exposure_active"":126173,""exposure_current"":5074,""start_utc"":""1933-09-11T19:48:38+00:00""}]",1,82.000000,82.000000,4629,108286,5272,107722,1,1,34.1008874394,1.0000000000,0.0270670282,1.0000000000,402.491931,GE100_LT500,PRE_SPUTNIK,False,True
5075|126174,5075,126174,3912,83468,101,208,"Hamburg-Bergedorf, Germany","Dr. Remeis-Observatory, Bamberg, Germany","Dr. Remeis-Observatory, Bamberg, Germany | Hamburg-Bergedorf, Germany",OVERLAP,0.000000,"[{""a_fragment"":""PARENT_PROVISIONAL_CONTINUOUS"",""b_fragment"":""PARENT_PROVISIONAL_CONTINUOUS"",""duration_seconds"":1196.0,""end_utc"":""1933-09-11T20:27:26+00:00"",""exposure_active"":126174,""exposure_current"":5075,""start_utc"":""1933-09-11T20:07:30+00:00""}]",1,1196.000000,1196.000000,4631,108287,5274,107721,1,1,34.4963266547,1.0000000000,0.0274483495,1.0000000000,402.491931,GE100_LT500,PRE_SPUTNIK,False,True
5085|126211,5085,126211,3918,83505,101,208,"Hamburg-Bergedorf, Germany","Dr. Remeis-Observatory, Bamberg, Germany","Dr. Remeis-Observatory, Bamberg, Germany | Hamburg-Bergedorf, Germany",OVERLAP,0.000000,"[{""a_fragment"":""PARENT_PROVISIONAL_CONTINUOUS"",""b_fragment"":""1140"",""duration_seconds"":1800.0,""end_utc"":""1933-09-16T21:28:00+00:00"",""exposure_active"":5085,""exposure_current"":126211,""start_utc"":""1933-09-16T20:58:00+00:00""}]",1,1800.000000,1800.000000,4633,108324,5306,107739,1,1,61.8516328882,0.5704172714,0.0349176818,0.5704172714,402.491931,GE100_LT500,PRE_SPUTNIK,False,True
5085|126212,5085,126212,3918,83506,101,208,"Hamburg-Bergedorf, Germany","Dr. Remeis-Observatory, Bamberg, Germany","Dr. Remeis-Observatory, Bamberg, Germany | Hamburg-Bergedorf, Germany",OVERLAP,0.000000,"[{""a_fragment"":""PARENT_PROVISIONAL_CONTINUOUS"",""b_fragment"":""1140"",""duration_seconds"":931.0,""end_utc"":""1933-09-16T21:44:31+00:00"",""exposure_active"":5085,""exposure_current"":126212,""start_utc"":""1933-09-16T21:29:00+00:00""},{""a_fragment"":""1141"",""b_fragment"":""PARENT_PROVISIONAL_CONTINUOUS"",""duration_seconds"":749.0,""end_utc"":""1933-09-16T21:59:00+00:00"",""exposure_active"":126212,""exposure_current"":5085,""start_utc"":""1933-09-16T21:46:31+00:00""}]",2,1680.000000,931.000000,4633,108325,5306,107741,1,1,68.2764043350,0.6310316897,0.0382192492,0.6310316897,402.491931,GE100_LT500,PRE_SPUTNIK,False,True
5085|126213,5085,126213,3918,83507,101,208,"Hamburg-Bergedorf, Germany","Dr. Remeis-Observatory, Bamberg, Germany","Dr. Remeis-Observatory, Bamberg, Germany | Hamburg-Bergedorf, Germany",OVERLAP,0.000000,"[{""a_fragment"":""PARENT_PROVISIONAL_CONTINUOUS"",""b_fragment"":""1141"",""duration_seconds"":926.0,""end_utc"":""1933-09-16T22:15:26+00:00"",""exposure_active"":5085,""exposure_current"":126213,""start_utc"":""1933-09-16T22:00:00+00:00""}]",1,926.000000,926.000000,4633,108326,5306,107742,1,1,70.5452263700,0.6527259287,0.0397563726,0.6527259287,402.491931,GE100_LT500,PRE_SPUTNIK,False,True
5085|126235,5085,126235,3918,83529,101,208,"Hamburg-Bergedorf, Germany","Dr. Remeis-Observatory, Bamberg, Germany","Dr. Remeis-Observatory, Bamberg, Germany | Hamburg-Bergedorf, Germany",OVERLAP,0.000000,"[{""a_fragment"":""PARENT_PROVISIONAL_CONTINUOUS"",""b_fragment"":""1140"",""duration_seconds"":931.0,""end_utc"":""1933-09-16T21:44:31+00:00"",""exposure_active"":5085,""exposure_current"":126235,""start_utc"":""1933-09-16T21:29:00+00:00""},{""a_fragment"":""1141"",""b_fragment"":""PARENT_PROVISIONAL_CONTINUOUS"",""duration_seconds"":749.0,""end_utc"":""1933-09-16T21:59:00+00:00"",""exposure_active"":126235,""exposure_current"":5085,""start_utc"":""1933-09-16T21:46:31+00:00""}]",2,1680.000000,931.000000,4633,108348,5306,107753,1,1,96.4435053293,0.9236339687,0.0746803612,0.9236339687,402.491931,GE100_LT500,PRE_SPUTNIK,False,True
5085|126236,5085,126236,3918,83530,101,208,"Hamburg-Bergedorf, Germany","Dr. Remeis-Observatory, Bamberg, Germany","Dr. Remeis-Observatory, Bamberg, Germany | Hamburg-Bergedorf, Germany",OVERLAP,0.000000,"[{""a_fragment"":""PARENT_PROVISIONAL_CONTINUOUS"",""b_fragment"":""1141"",""duration_seconds"":926.0,""end_utc"":""1933-09-16T22:15:26+00:00"",""exposure_active"":5085,""exposure_current"":126236,""start_utc"":""1933-09-16T22:00:00+00:00""}]",1,926.000000,926.000000,4633,108349,5306,107756,1,1,49.2206261876,0.4584429716,0.0356651127,0.4584429716,402.491931,GE100_LT500,PRE_SPUTNIK,False,True
5087|126219,5087,126219,3920,83513,101,208,"Hamburg-Bergedorf, Germany","Dr. Remeis-Observatory, Bamberg, Germany","Dr. Remeis-Observatory, Bamberg, Germany | Hamburg-Bergedorf, Germany",OVERLAP,0.000000,"[{""a_fragment"":""PARENT_PROVISIONAL_CONTINUOUS"",""b_fragment"":""PARENT_PROVISIONAL_CONTINUOUS"",""duration_seconds"":2160.0,""end_utc"":""1933-09-17T01:35:00+00:00"",""exposure_active"":5087,""exposure_current"":126219,""start_utc"":""1933-09-17T00:59:00+00:00""}]",1,2160.000000,2160.000000,4635,108332,5298,107744,1,1,69.2976137085,0.6483689222,0.0408447278,0.6483689222,402.491931,GE100_LT500,PRE_SPUTNIK,False,True
5087|126243,5087,126243,3920,83537,101,208,"Hamburg-Bergedorf, Germany","Dr. Remeis-Observatory, Bamberg, Germany","Dr. Remeis-Observatory, Bamberg, Germany | Hamburg-Bergedorf, Germany",OVERLAP,0.000000,"[{""a_fragment"":""PARENT_PROVISIONAL_CONTINUOUS"",""b_fragment"":""PARENT_PROVISIONAL_CONTINUOUS"",""duration_seconds"":300.0,""end_utc"":""1933-09-17T01:35:00+00:00"",""exposure_active"":5087,""exposure_current"":126243,""start_utc"":""1933-09-17T01:30:00+00:00""}]",1,300.000000,300.000000,4635,108356,5298,107751,1,1,63.9255193077,0.5948185235,0.0491945555,0.5948185235,402.491931,GE100_LT500,PRE_SPUTNIK,False,True
5089|126223,5089,126223,3922,83517,101,208,"Hamburg-Bergedorf, Germany","Dr. Remeis-Observatory, Bamberg, Germany","Dr. Remeis-Observatory, Bamberg, Germany | Hamburg-Bergedorf, Germany",OVERLAP,0.000000,"[{""a_fragment"":""PARENT_PROVISIONAL_CONTINUOUS"",""b_fragment"":""PARENT_PROVISIONAL_CONTINUOUS"",""duration_seconds"":1860.0,""end_utc"":""1933-09-17T21:51:00+00:00"",""exposure_active"":5089,""exposure_current"":126223,""start_utc"":""1933-09-17T21:20:00+00:00""}]",1,1860.000000,1860.000000,4637,108336,5307,107746,1,1,83.8438305758,0.7719676944,0.0481221503,0.7719676944,402.491931,GE100_LT500,PRE_SPUTNIK,False,True
5089|126247,5089,126247,3922,83541,101,208,"Hamburg-Bergedorf, Germany","Dr. Remeis-Observatory, Bamberg, Germany","Dr. Remeis-Observatory, Bamberg, Germany | Hamburg-Bergedorf, Germany",OVERLAP,0.000000,"[{""a_fragment"":""PARENT_PROVISIONAL_CONTINUOUS"",""b_fragment"":""PARENT_PROVISIONAL_CONTINUOUS"",""duration_seconds"":1860.0,""end_utc"":""1933-09-17T21:51:00+00:00"",""exposure_active"":5089,""exposure_current"":126247,""start_utc"":""1933-09-17T21:20:00+00:00""}]",1,1860.000000,1860.000000,4637,108360,5307,107760,1,1,11.3585606176,0.1031458156,0.0084630508,0.1031458156,402.491931,GE100_LT500,PRE_SPUTNIK,False,True
5223|126438,5223,126438,3978,83732,101,208,"Hamburg-Bergedorf, Germany","Dr. Remeis-Observatory, Bamberg, Germany","Dr. Remeis-Observatory, Bamberg, Germany | Hamburg-Bergedorf, Germany",OVERLAP,0.000000,"[{""a_fragment"":""PARENT_PROVISIONAL_CONTINUOUS"",""b_fragment"":""PARENT_PROVISIONAL_CONTINUOUS"",""duration_seconds"":739.0,""end_utc"":""1933-10-23T18:31:00+00:00"",""exposure_active"":126438,""exposure_current"":5223,""start_utc"":""1933-10-23T18:18:41+00:00""}]",1,739.000000,739.000000,4673,108548,5364,107870,1,1,76.9040861097,0.7015134449,0.0442360889,0.7015134449,402.491931,GE100_LT500,PRE_SPUTNIK,False,True
5223|126439,5223,126439,3978,83733,101,208,"Hamburg-Bergedorf, Germany","Dr. Remeis-Observatory, Bamberg, Germany","Dr. Remeis-Observatory, Bamberg, Germany | Hamburg-Bergedorf, Germany",OVERLAP,0.000000,"[{""a_fragment"":""PARENT_PROVISIONAL_CONTINUOUS"",""b_fragment"":""PARENT_PROVISIONAL_CONTINUOUS"",""duration_seconds"":1800.0,""end_utc"":""1933-10-23T19:02:00+00:00"",""exposure_active"":5223,""exposure_current"":126439,""start_utc"":""1933-10-23T18:32:00+00:00""}]",1,1800.000000,1800.000000,4673,108549,5364,107872,1,1,77.2156605804,0.7044870469,0.0440688004,0.7044870469,402.491931,GE100_LT500,PRE_SPUTNIK,False,True
5223|126440,5223,126440,3978,83734,101,208,"Hamburg-Bergedorf, Germany","Dr. Remeis-Observatory, Bamberg, Germany","Dr. Remeis-Observatory, Bamberg, Germany | Hamburg-Bergedorf, Germany",OVERLAP,0.000000,"[{""a_fragment"":""PARENT_PROVISIONAL_CONTINUOUS"",""b_fragment"":""PARENT_PROVISIONAL_CONTINUOUS"",""duration_seconds"":1800.0,""end_utc"":""1933-10-23T19:33:00+00:00"",""exposure_active"":5223,""exposure_current"":126440,""start_utc"":""1933-10-23T19:03:00+00:00""}]",1,1800.000000,1800.000000,4673,108550,5364,107871,1,1,77.1836609070,0.7043566145,0.0443264349,0.7043566145,402.491931,GE100_LT500,PRE_SPUTNIK,False,True
5223|126454,5223,126454,3978,83748,101,208,"Hamburg-Bergedorf, Germany","Dr. Remeis-Observatory, Bamberg, Germany","Dr. Remeis-Observatory, Bamberg, Germany | Hamburg-Bergedorf, Germany",OVERLAP,0.000000,"[{""a_fragment"":""PARENT_PROVISIONAL_CONTINUOUS"",""b_fragment"":""PARENT_PROVISIONAL_CONTINUOUS"",""duration_seconds"":1800.0,""end_utc"":""1933-10-23T19:02:00+00:00"",""exposure_active"":5223,""exposure_current"":126454,""start_utc"":""1933-10-23T18:32:00+00:00""}]",1,1800.000000,1800.000000,4673,108564,5364,107886,1,1,17.3041902809,0.1611478552,0.0317069504,0.1611478552,402.491931,GE100_LT500,PRE_SPUTNIK,False,True
5473|127020,5473,127020,4030,84314,101,208,"Hamburg-Bergedorf, Germany","Dr. Remeis-Observatory, Bamberg, Germany","Dr. Remeis-Observatory, Bamberg, Germany | Hamburg-Bergedorf, Germany",OVERLAP,0.000000,"[{""a_fragment"":""PARENT_PROVISIONAL_CONTINUOUS"",""b_fragment"":""PARENT_PROVISIONAL_CONTINUOUS"",""duration_seconds"":23.0,""end_utc"":""1934-02-14T19:04:00+00:00"",""exposure_active"":127020,""exposure_current"":5473,""start_utc"":""1934-02-14T19:03:37+00:00""}]",1,23.000000,23.000000,4729,109112,5392,108208,1,1,34.0844979947,1.0000000000,0.0208754782,1.0000000000,402.491931,GE100_LT500,PRE_SPUTNIK,False,True
5479|127007,5479,127007,4032,84301,101,208,"Hamburg-Bergedorf, Germany","Dr. Remeis-Observatory, Bamberg, Germany","Dr. Remeis-Observatory, Bamberg, Germany | Hamburg-Bergedorf, Germany",OVERLAP,0.000000,"[{""a_fragment"":""PARENT_PROVISIONAL_CONTINUOUS"",""b_fragment"":""PARENT_PROVISIONAL_CONTINUOUS"",""duration_seconds"":599.0,""end_utc"":""1934-02-14T22:56:00+00:00"",""exposure_active"":127007,""exposure_current"":5479,""start_utc"":""1934-02-14T22:46:01+00:00""}]",1,599.000000,599.000000,4732,109099,5394,108209,1,1,34.5462930106,1.0000000000,0.0274831694,1.0000000000,402.491931,GE100_LT500,PRE_SPUTNIK,False,True
5479|127027,5479,127027,4032,84321,101,208,"Hamburg-Bergedorf, Germany","Dr. Remeis-Observatory, Bamberg, Germany","Dr. Remeis-Observatory, Bamberg, Germany | Hamburg-Bergedorf, Germany",OVERLAP,0.000000,"[{""a_fragment"":""PARENT_PROVISIONAL_CONTINUOUS"",""b_fragment"":""PARENT_PROVISIONAL_CONTINUOUS"",""duration_seconds"":599.0,""end_utc"":""1934-02-14T22:56:00+00:00"",""exposure_active"":127027,""exposure_current"":5479,""start_utc"":""1934-02-14T22:46:01+00:00""}]",1,599.000000,599.000000,4732,109119,5394,108224,1,1,34.6848407616,1.0000000000,0.0209462805,1.0000000000,402.491931,GE100_LT500,PRE_SPUTNIK,False,True
5479|127028,5479,127028,4032,84322,101,208,"Hamburg-Bergedorf, Germany","Dr. Remeis-Observatory, Bamberg, Germany","Dr. Remeis-Observatory, Bamberg, Germany | Hamburg-Bergedorf, Germany",GT0_LE5MIN,180.000000,[],0,0.000000,0.000000,4732,109120,5394,108223,1,1,34.7768223510,1.0000000000,0.0210512230,1.0000000000,402.491931,GE100_LT500,PRE_SPUTNIK,False,True
5480|127007,5480,127007,4032,84301,101,208,"Hamburg-Bergedorf, Germany","Dr. Remeis-Observatory, Bamberg, Germany","Dr. Remeis-Observatory, Bamberg, Germany | Hamburg-Bergedorf, Germany",OVERLAP,0.000000,"[{""a_fragment"":""PARENT_PROVISIONAL_CONTINUOUS"",""b_fragment"":""PARENT_PROVISIONAL_CONTINUOUS"",""duration_seconds"":106.0,""end_utc"":""1934-02-14T22:58:00+00:00"",""exposure_active"":127007,""exposure_current"":5480,""start_utc"":""1934-02-14T22:56:14+00:00""}]",1,106.000000,106.000000,4732,109099,5394,108209,1,1,34.5462930106,1.0000000000,0.0274831694,1.0000000000,402.491931,GE100_LT500,PRE_SPUTNIK,False,True
5480|127027,5480,127027,4032,84321,101,208,"Hamburg-Bergedorf, Germany","Dr. Remeis-Observatory, Bamberg, Germany","Dr. Remeis-Observatory, Bamberg, Germany | Hamburg-Bergedorf, Germany",OVERLAP,0.000000,"[{""a_fragment"":""PARENT_PROVISIONAL_CONTINUOUS"",""b_fragment"":""PARENT_PROVISIONAL_CONTINUOUS"",""duration_seconds"":106.0,""end_utc"":""1934-02-14T22:58:00+00:00"",""exposure_active"":127027,""exposure_current"":5480,""start_utc"":""1934-02-14T22:56:14+00:00""}]",1,106.000000,106.000000,4732,109119,5394,108224,1,1,34.6848407616,1.0000000000,0.0209462805,1.0000000000,402.491931,GE100_LT500,PRE_SPUTNIK,False,True
5480|127028,5480,127028,4032,84322,101,208,"Hamburg-Bergedorf, Germany","Dr. Remeis-Observatory, Bamberg, Germany","Dr. Remeis-Observatory, Bamberg, Germany | Hamburg-Bergedorf, Germany",OVERLAP,0.000000,"[{""a_fragment"":""PARENT_PROVISIONAL_CONTINUOUS"",""b_fragment"":""PARENT_PROVISIONAL_CONTINUOUS"",""duration_seconds"":430.0,""end_utc"":""1934-02-14T23:06:10+00:00"",""exposure_active"":5480,""exposure_current"":127028,""start_utc"":""1934-02-14T22:59:00+00:00""}]",1,430.000000,430.000000,4732,109120,5394,108223,1,1,34.7768223510,1.0000000000,0.0210512230,1.0000000000,402.491931,GE100_LT500,PRE_SPUTNIK,False,True
5512|127122,5512,127122,4045,84403,101,208,"Hamburg-Bergedorf, Germany","Dr. Remeis-Observatory, Bamberg, Germany","Dr. Remeis-Observatory, Bamberg, Germany | Hamburg-Bergedorf, Germany",OVERLAP,0.000000,"[{""a_fragment"":""PARENT_PROVISIONAL_CONTINUOUS"",""b_fragment"":""PARENT_PROVISIONAL_CONTINUOUS"",""duration_seconds"":348.0,""end_utc"":""1934-03-20T00:41:00+00:00"",""exposure_active"":127122,""exposure_current"":5512,""start_utc"":""1934-03-20T00:35:12+00:00""}]",1,348.000000,348.000000,4749,109189,5428,108266,-1,1,16.9721948369,0.4727265087,0.0095117026,0.4727265087,402.491931,GE100_LT500,PRE_SPUTNIK,False,True
5521|127130,5521,127130,4048,84411,101,208,"Hamburg-Bergedorf, Germany","Dr. Remeis-Observatory, Bamberg, Germany","Dr. Remeis-Observatory, Bamberg, Germany | Hamburg-Bergedorf, Germany",OVERLAP,0.000000,"[{""a_fragment"":""PARENT_PROVISIONAL_CONTINUOUS"",""b_fragment"":""PARENT_PROVISIONAL_CONTINUOUS"",""duration_seconds"":10.0,""end_utc"":""1934-04-03T19:37:27+00:00"",""exposure_active"":127130,""exposure_current"":5521,""start_utc"":""1934-04-03T19:37:17+00:00""}]",1,10.000000,10.000000,4752,109197,5562,108293,41,1,33.9965561077,1.0000000000,0.0270071343,1.0000000000,402.491931,GE100_LT500,PRE_SPUTNIK,False,True
5522|127130,5522,127130,4048,84411,101,208,"Hamburg-Bergedorf, Germany","Dr. Remeis-Observatory, Bamberg, Germany","Dr. Remeis-Observatory, Bamberg, Germany | Hamburg-Bergedorf, Germany",OVERLAP,0.000000,"[{""a_fragment"":""PARENT_PROVISIONAL_CONTINUOUS"",""b_fragment"":""PARENT_PROVISIONAL_CONTINUOUS"",""duration_seconds"":10.0,""end_utc"":""1934-04-03T19:38:27+00:00"",""exposure_active"":127130,""exposure_current"":5522,""start_utc"":""1934-04-03T19:38:17+00:00""}]",1,10.000000,10.000000,4752,109197,5562,108293,41,1,33.9965561077,1.0000000000,0.0270071343,1.0000000000,402.491931,GE100_LT500,PRE_SPUTNIK,False,True
5523|127130,5523,127130,4048,84411,101,208,"Hamburg-Bergedorf, Germany","Dr. Remeis-Observatory, Bamberg, Germany","Dr. Remeis-Observatory, Bamberg, Germany | Hamburg-Bergedorf, Germany",OVERLAP,0.000000,"[{""a_fragment"":""PARENT_PROVISIONAL_CONTINUOUS"",""b_fragment"":""PARENT_PROVISIONAL_CONTINUOUS"",""duration_seconds"":10.0,""end_utc"":""1934-04-03T19:39:27+00:00"",""exposure_active"":127130,""exposure_current"":5523,""start_utc"":""1934-04-03T19:39:17+00:00""}]",1,10.000000,10.000000,4752,109197,5562,108293,41,1,33.9965561077,1.0000000000,0.0270071343,1.0000000000,402.491931,GE100_LT500,PRE_SPUTNIK,False,True
5524|127130,5524,127130,4048,84411,101,208,"Hamburg-Bergedorf, Germany","Dr. Remeis-Observatory, Bamberg, Germany","Dr. Remeis-Observatory, Bamberg, Germany | Hamburg-Bergedorf, Germany",OVERLAP,0.000000,"[{""a_fragment"":""PARENT_PROVISIONAL_CONTINUOUS"",""b_fragment"":""PARENT_PROVISIONAL_CONTINUOUS"",""duration_seconds"":10.0,""end_utc"":""1934-04-03T19:40:27+00:00"",""exposure_active"":127130,""exposure_current"":5524,""start_utc"":""1934-04-03T19:40:17+00:00""}]",1,10.000000,10.000000,4752,109197,5562,108293,41,1,33.9965561077,1.0000000000,0.0270071343,1.0000000000,402.491931,GE100_LT500,PRE_SPUTNIK,False,True
5525|127130,5525,127130,4048,84411,101,208,"Hamburg-Bergedorf, Germany","Dr. Remeis-Observatory, Bamberg, Germany","Dr. Remeis-Observatory, Bamberg, Germany | Hamburg-Bergedorf, Germany",OVERLAP,0.000000,"[{""a_fragment"":""PARENT_PROVISIONAL_CONTINUOUS"",""b_fragment"":""PARENT_PROVISIONAL_CONTINUOUS"",""duration_seconds"":10.0,""end_utc"":""1934-04-03T19:41:26+00:00"",""exposure_active"":127130,""exposure_current"":5525,""start_utc"":""1934-04-03T19:41:16+00:00""}]",1,10.000000,10.000000,4752,109197,5562,108293,41,1,33.9965561077,1.0000000000,0.0270071343,1.0000000000,402.491931,GE100_LT500,PRE_SPUTNIK,False,True
5526|127130,5526,127130,4048,84411,101,208,"Hamburg-Bergedorf, Germany","Dr. Remeis-Observatory, Bamberg, Germany","Dr. Remeis-Observatory, Bamberg, Germany | Hamburg-Bergedorf, Germany",OVERLAP,0.000000,"[{""a_fragment"":""PARENT_PROVISIONAL_CONTINUOUS"",""b_fragment"":""PARENT_PROVISIONAL_CONTINUOUS"",""duration_seconds"":10.0,""end_utc"":""1934-04-03T19:42:26+00:00"",""exposure_active"":127130,""exposure_current"":5526,""start_utc"":""1934-04-03T19:42:16+00:00""}]",1,10.000000,10.000000,4752,109197,5562,108293,41,1,33.9965561077,1.0000000000,0.0270071343,1.0000000000,402.491931,GE100_LT500,PRE_SPUTNIK,False,True
5527|127130,5527,127130,4048,84411,101,208,"Hamburg-Bergedorf, Germany","Dr. Remeis-Observatory, Bamberg, Germany","Dr. Remeis-Observatory, Bamberg, Germany | Hamburg-Bergedorf, Germany",OVERLAP,0.000000,"[{""a_fragment"":""PARENT_PROVISIONAL_CONTINUOUS"",""b_fragment"":""PARENT_PROVISIONAL_CONTINUOUS"",""duration_seconds"":10.0,""end_utc"":""1934-04-03T19:43:26+00:00"",""exposure_active"":127130,""exposure_current"":5527,""start_utc"":""1934-04-03T19:43:16+00:00""}]",1,10.000000,10.000000,4752,109197,5562,108293,41,1,33.9965561077,1.0000000000,0.0270071343,1.0000000000,402.491931,GE100_LT500,PRE_SPUTNIK,False,True
5528|127130,5528,127130,4048,84411,101,208,"Hamburg-Bergedorf, Germany","Dr. Remeis-Observatory, Bamberg, Germany","Dr. Remeis-Observatory, Bamberg, Germany | Hamburg-Bergedorf, Germany",OVERLAP,0.000000,"[{""a_fragment"":""PARENT_PROVISIONAL_CONTINUOUS"",""b_fragment"":""PARENT_PROVISIONAL_CONTINUOUS"",""duration_seconds"":10.0,""end_utc"":""1934-04-03T19:44:26+00:00"",""exposure_active"":127130,""exposure_current"":5528,""start_utc"":""1934-04-03T19:44:16+00:00""}]",1,10.000000,10.000000,4752,109197,5562,108293,41,1,33.9965561077,1.0000000000,0.0270071343,1.0000000000,402.491931,GE100_LT500,PRE_SPUTNIK,False,True
5529|127130,5529,127130,4048,84411,101,208,"Hamburg-Bergedorf, Germany","Dr. Remeis-Observatory, Bamberg, Germany","Dr. Remeis-Observatory, Bamberg, Germany | Hamburg-Bergedorf, Germany",OVERLAP,0.000000,"[{""a_fragment"":""PARENT_PROVISIONAL_CONTINUOUS"",""b_fragment"":""PARENT_PROVISIONAL_CONTINUOUS"",""duration_seconds"":10.0,""end_utc"":""1934-04-03T19:45:26+00:00"",""exposure_active"":127130,""exposure_current"":5529,""start_utc"":""1934-04-03T19:45:16+00:00""}]",1,10.000000,10.000000,4752,109197,5562,108293,41,1,33.9965561077,1.0000000000,0.0270071343,1.0000000000,402.491931,GE100_LT500,PRE_SPUTNIK,False,True
5530|127130,5530,127130,4048,84411,101,208,"Hamburg-Bergedorf, Germany","Dr. Remeis-Observatory, Bamberg, Germany","Dr. Remeis-Observatory, Bamberg, Germany | Hamburg-Bergedorf, Germany",OVERLAP,0.000000,"[{""a_fragment"":""PARENT_PROVISIONAL_CONTINUOUS"",""b_fragment"":""PARENT_PROVISIONAL_CONTINUOUS"",""duration_seconds"":10.0,""end_utc"":""1934-04-03T19:46:26+00:00"",""exposure_active"":127130,""exposure_current"":5530,""start_utc"":""1934-04-03T19:46:16+00:00""}]",1,10.000000,10.000000,4752,109197,5562,108293,41,1,33.9965561077,1.0000000000,0.0270071343,1.0000000000,402.491931,GE100_LT500,PRE_SPUTNIK,False,True
5531|127130,5531,127130,4048,84411,101,208,"Hamburg-Bergedorf, Germany","Dr. Remeis-Observatory, Bamberg, Germany","Dr. Remeis-Observatory, Bamberg, Germany | Hamburg-Bergedorf, Germany",OVERLAP,0.000000,"[{""a_fragment"":""PARENT_PROVISIONAL_CONTINUOUS"",""b_fragment"":""PARENT_PROVISIONAL_CONTINUOUS"",""duration_seconds"":10.0,""end_utc"":""1934-04-03T19:47:25+00:00"",""exposure_active"":127130,""exposure_current"":5531,""start_utc"":""1934-04-03T19:47:15+00:00""}]",1,10.000000,10.000000,4752,109197,5562,108293,41,1,33.9965561077,1.0000000000,0.0270071343,1.0000000000,402.491931,GE100_LT500,PRE_SPUTNIK,False,True
5532|127130,5532,127130,4048,84411,101,208,"Hamburg-Bergedorf, Germany","Dr. Remeis-Observatory, Bamberg, Germany","Dr. Remeis-Observatory, Bamberg, Germany | Hamburg-Bergedorf, Germany",OVERLAP,0.000000,"[{""a_fragment"":""PARENT_PROVISIONAL_CONTINUOUS"",""b_fragment"":""PARENT_PROVISIONAL_CONTINUOUS"",""duration_seconds"":10.0,""end_utc"":""1934-04-03T19:48:25+00:00"",""exposure_active"":127130,""exposure_current"":5532,""start_utc"":""1934-04-03T19:48:15+00:00""}]",1,10.000000,10.000000,4752,109197,5562,108293,41,1,33.9965561077,1.0000000000,0.0270071343,1.0000000000,402.491931,GE100_LT500,PRE_SPUTNIK,False,True
5533|127130,5533,127130,4048,84411,101,208,"Hamburg-Bergedorf, Germany","Dr. Remeis-Observatory, Bamberg, Germany","Dr. Remeis-Observatory, Bamberg, Germany | Hamburg-Bergedorf, Germany",OVERLAP,0.000000,"[{""a_fragment"":""PARENT_PROVISIONAL_CONTINUOUS"",""b_fragment"":""PARENT_PROVISIONAL_CONTINUOUS"",""duration_seconds"":10.0,""end_utc"":""1934-04-03T19:49:25+00:00"",""exposure_active"":127130,""exposure_current"":5533,""start_utc"":""1934-04-03T19:49:15+00:00""}]",1,10.000000,10.000000,4752,109197,5562,108293,41,1,33.9965561077,1.0000000000,0.0270071343,1.0000000000,402.491931,GE100_LT500,PRE_SPUTNIK,False,True
5534|127130,5534,127130,4048,84411,101,208,"Hamburg-Bergedorf, Germany","Dr. Remeis-Observatory, Bamberg, Germany","Dr. Remeis-Observatory, Bamberg, Germany | Hamburg-Bergedorf, Germany",OVERLAP,0.000000,"[{""a_fragment"":""PARENT_PROVISIONAL_CONTINUOUS"",""b_fragment"":""PARENT_PROVISIONAL_CONTINUOUS"",""duration_seconds"":10.0,""end_utc"":""1934-04-03T19:50:25+00:00"",""exposure_active"":127130,""exposure_current"":5534,""start_utc"":""1934-04-03T19:50:15+00:00""}]",1,10.000000,10.000000,4752,109197,5562,108293,41,1,33.9965561077,1.0000000000,0.0270071343,1.0000000000,402.491931,GE100_LT500,PRE_SPUTNIK,False,True
5535|127130,5535,127130,4048,84411,101,208,"Hamburg-Bergedorf, Germany","Dr. Remeis-Observatory, Bamberg, Germany","Dr. Remeis-Observatory, Bamberg, Germany | Hamburg-Bergedorf, Germany",OVERLAP,0.000000,"[{""a_fragment"":""PARENT_PROVISIONAL_CONTINUOUS"",""b_fragment"":""PARENT_PROVISIONAL_CONTINUOUS"",""duration_seconds"":10.0,""end_utc"":""1934-04-03T19:51:25+00:00"",""exposure_active"":127130,""exposure_current"":5535,""start_utc"":""1934-04-03T19:51:15+00:00""}]",1,10.000000,10.000000,4752,109197,5562,108293,41,1,33.9965561077,1.0000000000,0.0270071343,1.0000000000,402.491931,GE100_LT500,PRE_SPUTNIK,False,True
5536|127130,5536,127130,4048,84411,101,208,"Hamburg-Bergedorf, Germany","Dr. Remeis-Observatory, Bamberg, Germany","Dr. Remeis-Observatory, Bamberg, Germany | Hamburg-Bergedorf, Germany",OVERLAP,0.000000,"[{""a_fragment"":""PARENT_PROVISIONAL_CONTINUOUS"",""b_fragment"":""PARENT_PROVISIONAL_CONTINUOUS"",""duration_seconds"":10.0,""end_utc"":""1934-04-03T19:52:25+00:00"",""exposure_active"":127130,""exposure_current"":5536,""start_utc"":""1934-04-03T19:52:15+00:00""}]",1,10.000000,10.000000,4752,109197,5562,108293,41,1,33.9965561077,1.0000000000,0.0270071343,1.0000000000,402.491931,GE100_LT500,PRE_SPUTNIK,False,True
5537|127130,5537,127130,4048,84411,101,208,"Hamburg-Bergedorf, Germany","Dr. Remeis-Observatory, Bamberg, Germany","Dr. Remeis-Observatory, Bamberg, Germany | Hamburg-Bergedorf, Germany",OVERLAP,0.000000,"[{""a_fragment"":""PARENT_PROVISIONAL_CONTINUOUS"",""b_fragment"":""PARENT_PROVISIONAL_CONTINUOUS"",""duration_seconds"":10.0,""end_utc"":""1934-04-03T19:53:24+00:00"",""exposure_active"":127130,""exposure_current"":5537,""start_utc"":""1934-04-03T19:53:14+00:00""}]",1,10.000000,10.000000,4752,109197,5562,108293,41,1,33.9965561077,1.0000000000,0.0270071343,1.0000000000,402.491931,GE100_LT500,PRE_SPUTNIK,False,True
5538|127130,5538,127130,4048,84411,101,208,"Hamburg-Bergedorf, Germany","Dr. Remeis-Observatory, Bamberg, Germany","Dr. Remeis-Observatory, Bamberg, Germany | Hamburg-Bergedorf, Germany",OVERLAP,0.000000,"[{""a_fragment"":""PARENT_PROVISIONAL_CONTINUOUS"",""b_fragment"":""PARENT_PROVISIONAL_CONTINUOUS"",""duration_seconds"":10.0,""end_utc"":""1934-04-03T19:54:24+00:00"",""exposure_active"":127130,""exposure_current"":5538,""start_utc"":""1934-04-03T19:54:14+00:00""}]",1,10.000000,10.000000,4752,109197,5562,108293,41,1,33.9965561077,1.0000000000,0.0270071343,1.0000000000,402.491931,GE100_LT500,PRE_SPUTNIK,False,True
5539|127130,5539,127130,4048,84411,101,208,"Hamburg-Bergedorf, Germany","Dr. Remeis-Observatory, Bamberg, Germany","Dr. Remeis-Observatory, Bamberg, Germany | Hamburg-Bergedorf, Germany",OVERLAP,0.000000,"[{""a_fragment"":""PARENT_PROVISIONAL_CONTINUOUS"",""b_fragment"":""PARENT_PROVISIONAL_CONTINUOUS"",""duration_seconds"":10.0,""end_utc"":""1934-04-03T19:55:24+00:00"",""exposure_active"":127130,""exposure_current"":5539,""start_utc"":""1934-04-03T19:55:14+00:00""}]",1,10.000000,10.000000,4752,109197,5562,108293,41,1,33.9965561077,1.0000000000,0.0270071343,1.0000000000,402.491931,GE100_LT500,PRE_SPUTNIK,False,True
5540|127130,5540,127130,4048,84411,101,208,"Hamburg-Bergedorf, Germany","Dr. Remeis-Observatory, Bamberg, Germany","Dr. Remeis-Observatory, Bamberg, Germany | Hamburg-Bergedorf, Germany",OVERLAP,0.000000,"[{""a_fragment"":""PARENT_PROVISIONAL_CONTINUOUS"",""b_fragment"":""PARENT_PROVISIONAL_CONTINUOUS"",""duration_seconds"":10.0,""end_utc"":""1934-04-03T19:56:24+00:00"",""exposure_active"":127130,""exposure_current"":5540,""start_utc"":""1934-04-03T19:56:14+00:00""}]",1,10.000000,10.000000,4752,109197,5562,108293,41,1,33.9965561077,1.0000000000,0.0270071343,1.0000000000,402.491931,GE100_LT500,PRE_SPUTNIK,False,True
5541|127130,5541,127130,4048,84411,101,208,"Hamburg-Bergedorf, Germany","Dr. Remeis-Observatory, Bamberg, Germany","Dr. Remeis-Observatory, Bamberg, Germany | Hamburg-Bergedorf, Germany",OVERLAP,0.000000,"[{""a_fragment"":""PARENT_PROVISIONAL_CONTINUOUS"",""b_fragment"":""PARENT_PROVISIONAL_CONTINUOUS"",""duration_seconds"":10.0,""end_utc"":""1934-04-03T19:57:24+00:00"",""exposure_active"":127130,""exposure_current"":5541,""start_utc"":""1934-04-03T19:57:14+00:00""}]",1,10.000000,10.000000,4752,109197,5562,108293,41,1,33.9965561077,1.0000000000,0.0270071343,1.0000000000,402.491931,GE100_LT500,PRE_SPUTNIK,False,True
5542|127130,5542,127130,4048,84411,101,208,"Hamburg-Bergedorf, Germany","Dr. Remeis-Observatory, Bamberg, Germany","Dr. Remeis-Observatory, Bamberg, Germany | Hamburg-Bergedorf, Germany",GT0_LE5MIN,14.000000,[],0,0.000000,0.000000,4752,109197,5562,108293,41,1,33.9965561077,1.0000000000,0.0270071343,1.0000000000,402.491931,GE100_LT500,PRE_SPUTNIK,False,True
5543|127130,5543,127130,4048,84411,101,208,"Hamburg-Bergedorf, Germany","Dr. Remeis-Observatory, Bamberg, Germany","Dr. Remeis-Observatory, Bamberg, Germany | Hamburg-Bergedorf, Germany",GT0_LE5MIN,74.000000,[],0,0.000000,0.000000,4752,109197,5562,108293,41,1,33.9965561077,1.0000000000,0.0270071343,1.0000000000,402.491931,GE100_LT500,PRE_SPUTNIK,False,True
5544|127130,5544,127130,4048,84411,101,208,"Hamburg-Bergedorf, Germany","Dr. Remeis-Observatory, Bamberg, Germany","Dr. Remeis-Observatory, Bamberg, Germany | Hamburg-Bergedorf, Germany",GT0_LE5MIN,133.000000,[],0,0.000000,0.000000,4752,109197,5562,108293,41,1,33.9965561077,1.0000000000,0.0270071343,1.0000000000,402.491931,GE100_LT500,PRE_SPUTNIK,False,True
5545|127130,5545,127130,4048,84411,101,208,"Hamburg-Bergedorf, Germany","Dr. Remeis-Observatory, Bamberg, Germany","Dr. Remeis-Observatory, Bamberg, Germany | Hamburg-Bergedorf, Germany",GT0_LE5MIN,193.000000,[],0,0.000000,0.000000,4752,109197,5562,108293,41,1,33.9965561077,1.0000000000,0.0270071343,1.0000000000,402.491931,GE100_LT500,PRE_SPUTNIK,False,True
5546|127130,5546,127130,4048,84411,101,208,"Hamburg-Bergedorf, Germany","Dr. Remeis-Observatory, Bamberg, Germany","Dr. Remeis-Observatory, Bamberg, Germany | Hamburg-Bergedorf, Germany",GT0_LE5MIN,253.000000,[],0,0.000000,0.000000,4752,109197,5562,108293,41,1,33.9965561077,1.0000000000,0.0270071343,1.0000000000,402.491931,GE100_LT500,PRE_SPUTNIK,False,True
5704|127161,5704,127161,4061,84442,101,208,"Hamburg-Bergedorf, Germany","Dr. Remeis-Observatory, Bamberg, Germany","Dr. Remeis-Observatory, Bamberg, Germany | Hamburg-Bergedorf, Germany",OVERLAP,0.000000,"[{""a_fragment"":""PARENT_PROVISIONAL_CONTINUOUS"",""b_fragment"":""PARENT_PROVISIONAL_CONTINUOUS"",""duration_seconds"":1738.0,""end_utc"":""1934-04-05T23:18:58+00:00"",""exposure_active"":5704,""exposure_current"":127161,""start_utc"":""1934-04-05T22:50:00+00:00""}]",1,1738.000000,1738.000000,4766,109228,5441,108300,1,1,29.5585593007,0.8347981379,0.0170755653,0.8347981379,402.491931,GE100_LT500,PRE_SPUTNIK,False,True
5704|127162,5704,127162,4061,84443,101,208,"Hamburg-Bergedorf, Germany","Dr. Remeis-Observatory, Bamberg, Germany","Dr. Remeis-Observatory, Bamberg, Germany | Hamburg-Bergedorf, Germany",GT0_LE5MIN,122.000000,[],0,0.000000,0.000000,4766,109229,5441,108296,1,1,32.2898774087,0.9141439040,0.0188493411,0.9141439040,402.491931,GE100_LT500,PRE_SPUTNIK,False,True
5704|127172,5704,127172,4061,84453,101,208,"Hamburg-Bergedorf, Germany","Dr. Remeis-Observatory, Bamberg, Germany","Dr. Remeis-Observatory, Bamberg, Germany | Hamburg-Bergedorf, Germany",OVERLAP,0.000000,"[{""a_fragment"":""PARENT_PROVISIONAL_CONTINUOUS"",""b_fragment"":""PARENT_PROVISIONAL_CONTINUOUS"",""duration_seconds"":1738.0,""end_utc"":""1934-04-05T23:18:58+00:00"",""exposure_active"":5704,""exposure_current"":127172,""start_utc"":""1934-04-05T22:50:00+00:00""}]",1,1738.000000,1738.000000,4766,109239,5441,108320,1,1,34.1212237465,1.0000000000,0.0274148936,1.0000000000,402.491931,GE100_LT500,PRE_SPUTNIK,False,True
5728|127192,5728,127192,4071,84473,101,208,"Hamburg-Bergedorf, Germany","Dr. Remeis-Observatory, Bamberg, Germany","Dr. Remeis-Observatory, Bamberg, Germany | Hamburg-Bergedorf, Germany",OVERLAP,0.000000,"[{""a_fragment"":""PARENT_PROVISIONAL_CONTINUOUS"",""b_fragment"":""PARENT_PROVISIONAL_CONTINUOUS"",""duration_seconds"":231.0,""end_utc"":""1934-04-07T21:54:00+00:00"",""exposure_active"":127192,""exposure_current"":5728,""start_utc"":""1934-04-07T21:50:09+00:00""}]",1,231.000000,231.000000,4775,109256,5472,108315,1,1,34.4585796928,1.0000000000,0.0205504666,1.0000000000,402.491931,GE100_LT500,PRE_SPUTNIK,False,True
5728|127193,5728,127193,4071,84474,101,208,"Hamburg-Bergedorf, Germany","Dr. Remeis-Observatory, Bamberg, Germany","Dr. Remeis-Observatory, Bamberg, Germany | Hamburg-Bergedorf, Germany",OVERLAP,0.000000,"[{""a_fragment"":""PARENT_PROVISIONAL_CONTINUOUS"",""b_fragment"":""PARENT_PROVISIONAL_CONTINUOUS"",""duration_seconds"":1800.0,""end_utc"":""1934-04-07T22:25:00+00:00"",""exposure_active"":5728,""exposure_current"":127193,""start_utc"":""1934-04-07T21:55:00+00:00""}]",1,1800.000000,1800.000000,4775,109257,5472,108326,1,1,34.4485610138,1.0000000000,0.0205918639,1.0000000000,402.491931,GE100_LT500,PRE_SPUTNIK,False,True
5728|127194,5728,127194,4071,84475,101,208,"Hamburg-Bergedorf, Germany","Dr. Remeis-Observatory, Bamberg, Germany","Dr. Remeis-Observatory, Bamberg, Germany | Hamburg-Bergedorf, Germany",OVERLAP,0.000000,"[{""a_fragment"":""PARENT_PROVISIONAL_CONTINUOUS"",""b_fragment"":""PARENT_PROVISIONAL_CONTINUOUS"",""duration_seconds"":1800.0,""end_utc"":""1934-04-07T22:56:00+00:00"",""exposure_active"":5728,""exposure_current"":127194,""start_utc"":""1934-04-07T22:26:00+00:00""}]",1,1800.000000,1800.000000,4775,109258,5472,108327,1,1,34.5269968893,1.0000000000,0.0207162636,1.0000000000,402.491931,GE100_LT500,PRE_SPUTNIK,False,True
5728|127195,5728,127195,4071,84476,101,208,"Hamburg-Bergedorf, Germany","Dr. Remeis-Observatory, Bamberg, Germany","Dr. Remeis-Observatory, Bamberg, Germany | Hamburg-Bergedorf, Germany",OVERLAP,0.000000,"[{""a_fragment"":""PARENT_PROVISIONAL_CONTINUOUS"",""b_fragment"":""PARENT_PROVISIONAL_CONTINUOUS"",""duration_seconds"":1800.0,""end_utc"":""1934-04-07T23:27:00+00:00"",""exposure_active"":5728,""exposure_current"":127195,""start_utc"":""1934-04-07T22:57:00+00:00""}]",1,1800.000000,1800.000000,4775,109259,5472,108328,1,1,34.4931045139,1.0000000000,0.0205459296,1.0000000000,402.491931,GE100_LT500,PRE_SPUTNIK,False,True
5728|127196,5728,127196,4071,84477,101,208,"Hamburg-Bergedorf, Germany","Dr. Remeis-Observatory, Bamberg, Germany","Dr. Remeis-Observatory, Bamberg, Germany | Hamburg-Bergedorf, Germany",OVERLAP,0.000000,"[{""a_fragment"":""PARENT_PROVISIONAL_CONTINUOUS"",""b_fragment"":""PARENT_PROVISIONAL_CONTINUOUS"",""duration_seconds"":1310.0,""end_utc"":""1934-04-07T23:49:50+00:00"",""exposure_active"":5728,""exposure_current"":127196,""start_utc"":""1934-04-07T23:28:00+00:00""}]",1,1310.000000,1310.000000,4775,109260,5472,108329,1,1,34.5048343032,1.0000000000,0.0207187679,1.0000000000,402.491931,GE100_LT500,PRE_SPUTNIK,False,True
5728|127209,5728,127209,4071,84490,101,208,"Hamburg-Bergedorf, Germany","Dr. Remeis-Observatory, Bamberg, Germany","Dr. Remeis-Observatory, Bamberg, Germany | Hamburg-Bergedorf, Germany",OVERLAP,0.000000,"[{""a_fragment"":""PARENT_PROVISIONAL_CONTINUOUS"",""b_fragment"":""PARENT_PROVISIONAL_CONTINUOUS"",""duration_seconds"":1800.0,""end_utc"":""1934-04-07T23:27:00+00:00"",""exposure_active"":5728,""exposure_current"":127209,""start_utc"":""1934-04-07T22:57:00+00:00""}]",1,1800.000000,1800.000000,4775,109273,5472,108333,1,1,34.4434503796,1.0000000000,0.0262053490,1.0000000000,402.491931,GE100_LT500,PRE_SPUTNIK,False,True
5728|127210,5728,127210,4071,84491,101,208,"Hamburg-Bergedorf, Germany","Dr. Remeis-Observatory, Bamberg, Germany","Dr. Remeis-Observatory, Bamberg, Germany | Hamburg-Bergedorf, Germany",OVERLAP,0.000000,"[{""a_fragment"":""PARENT_PROVISIONAL_CONTINUOUS"",""b_fragment"":""PARENT_PROVISIONAL_CONTINUOUS"",""duration_seconds"":1310.0,""end_utc"":""1934-04-07T23:49:50+00:00"",""exposure_active"":5728,""exposure_current"":127210,""start_utc"":""1934-04-07T23:28:00+00:00""}]",1,1310.000000,1310.000000,4775,109274,5472,108336,1,1,34.4412442250,1.0000000000,0.0262201732,1.0000000000,402.491931,GE100_LT500,PRE_SPUTNIK,False,True
5733|127260,5733,127260,4075,84541,101,208,"Hamburg-Bergedorf, Germany","Dr. Remeis-Observatory, Bamberg, Germany","Dr. Remeis-Observatory, Bamberg, Germany | Hamburg-Bergedorf, Germany",GT0_LE5MIN,163.000000,[],0,0.000000,0.000000,4783,109324,5480,108376,1,1,32.8753664363,0.9371717569,0.0254712867,0.9371717569,402.491931,GE100_LT500,PRE_SPUTNIK,False,True
5769|127370,5769,127370,4090,84651,101,208,"Hamburg-Bergedorf, Germany","Dr. Remeis-Observatory, Bamberg, Germany","Dr. Remeis-Observatory, Bamberg, Germany | Hamburg-Bergedorf, Germany",OVERLAP,0.000000,"[{""a_fragment"":""PARENT_PROVISIONAL_CONTINUOUS"",""b_fragment"":""PARENT_PROVISIONAL_CONTINUOUS"",""duration_seconds"":487.0,""end_utc"":""1934-06-12T23:54:07+00:00"",""exposure_active"":5769,""exposure_current"":127370,""start_utc"":""1934-06-12T23:46:00+00:00""}]",1,487.000000,487.000000,4806,109433,5559,108449,1,1,5.5568805753,0.1537717594,0.0031091638,0.1537717594,402.491931,GE100_LT500,PRE_SPUTNIK,False,True
5770|127375,5770,127375,4091,84656,101,208,"Hamburg-Bergedorf, Germany","Dr. Remeis-Observatory, Bamberg, Germany","Dr. Remeis-Observatory, Bamberg, Germany | Hamburg-Bergedorf, Germany",OVERLAP,0.000000,"[{""a_fragment"":""PARENT_PROVISIONAL_CONTINUOUS"",""b_fragment"":""PARENT_PROVISIONAL_CONTINUOUS"",""duration_seconds"":1299.0,""end_utc"":""1934-06-13T23:11:00+00:00"",""exposure_active"":127375,""exposure_current"":5770,""start_utc"":""1934-06-13T22:49:21+00:00""}]",1,1299.000000,1299.000000,4808,109438,5588,108451,1,1,81.2070347679,0.7417133876,0.0468650648,0.7417133876,402.491931,GE100_LT500,PRE_SPUTNIK,False,True
5770|127376,5770,127376,4091,84657,101,208,"Hamburg-Bergedorf, Germany","Dr. Remeis-Observatory, Bamberg, Germany","Dr. Remeis-Observatory, Bamberg, Germany | Hamburg-Bergedorf, Germany",OVERLAP,0.000000,"[{""a_fragment"":""PARENT_PROVISIONAL_CONTINUOUS"",""b_fragment"":""PARENT_PROVISIONAL_CONTINUOUS"",""duration_seconds"":1800.0,""end_utc"":""1934-06-13T23:42:00+00:00"",""exposure_active"":5770,""exposure_current"":127376,""start_utc"":""1934-06-13T23:12:00+00:00""}]",1,1800.000000,1800.000000,4808,109439,5588,108456,1,1,85.4066593383,0.7807477458,0.0494046859,0.7807477458,402.491931,GE100_LT500,PRE_SPUTNIK,False,True
5770|127377,5770,127377,4091,84658,101,208,"Hamburg-Bergedorf, Germany","Dr. Remeis-Observatory, Bamberg, Germany","Dr. Remeis-Observatory, Bamberg, Germany | Hamburg-Bergedorf, Germany",OVERLAP,0.000000,"[{""a_fragment"":""PARENT_PROVISIONAL_CONTINUOUS"",""b_fragment"":""PARENT_PROVISIONAL_CONTINUOUS"",""duration_seconds"":371.0,""end_utc"":""1934-06-13T23:49:11+00:00"",""exposure_active"":5770,""exposure_current"":127377,""start_utc"":""1934-06-13T23:43:00+00:00""}]",1,371.000000,371.000000,4808,109440,5588,108452,1,1,79.6968337515,0.7270997952,0.0457492393,0.7270997952,402.491931,GE100_LT500,PRE_SPUTNIK,False,True
5770|127381,5770,127381,4091,84662,101,208,"Hamburg-Bergedorf, Germany","Dr. Remeis-Observatory, Bamberg, Germany","Dr. Remeis-Observatory, Bamberg, Germany | Hamburg-Bergedorf, Germany",OVERLAP,0.000000,"[{""a_fragment"":""PARENT_PROVISIONAL_CONTINUOUS"",""b_fragment"":""PARENT_PROVISIONAL_CONTINUOUS"",""duration_seconds"":1299.0,""end_utc"":""1934-06-13T23:11:00+00:00"",""exposure_active"":127381,""exposure_current"":5770,""start_utc"":""1934-06-13T22:49:21+00:00""}]",1,1299.000000,1299.000000,4808,109444,5588,108462,1,1,105.8622058920,1.0000000000,0.0835685283,1.0000000000,402.491931,GE100_LT500,PRE_SPUTNIK,False,True
5770|127382,5770,127382,4091,84663,101,208,"Hamburg-Bergedorf, Germany","Dr. Remeis-Observatory, Bamberg, Germany","Dr. Remeis-Observatory, Bamberg, Germany | Hamburg-Bergedorf, Germany",OVERLAP,0.000000,"[{""a_fragment"":""PARENT_PROVISIONAL_CONTINUOUS"",""b_fragment"":""PARENT_PROVISIONAL_CONTINUOUS"",""duration_seconds"":1800.0,""end_utc"":""1934-06-13T23:42:00+00:00"",""exposure_active"":5770,""exposure_current"":127382,""start_utc"":""1934-06-13T23:12:00+00:00""}]",1,1800.000000,1800.000000,4808,109445,5588,108465,1,1,105.8710805219,1.0000000000,0.0834896917,1.0000000000,402.491931,GE100_LT500,PRE_SPUTNIK,False,True
6207|127615,6207,127615,4171,84889,101,208,"Hamburg-Bergedorf, Germany","Dr. Remeis-Observatory, Bamberg, Germany","Dr. Remeis-Observatory, Bamberg, Germany | Hamburg-Bergedorf, Germany",OVERLAP,0.000000,"[{""a_fragment"":""PARENT_PROVISIONAL_CONTINUOUS"",""b_fragment"":""PARENT_PROVISIONAL_CONTINUOUS"",""duration_seconds"":30.0,""end_utc"":""1934-11-03T19:32:05+00:00"",""exposure_active"":127615,""exposure_current"":6207,""start_utc"":""1934-11-03T19:31:35+00:00""}]",1,30.000000,30.000000,4914,109658,5833,108581,1,1,15.7542991290,1.0000000000,0.0095931333,1.0000000000,402.491931,GE100_LT500,PRE_SPUTNIK,False,True
6207|127624,6207,127624,4171,84898,101,208,"Hamburg-Bergedorf, Germany","Dr. Remeis-Observatory, Bamberg, Germany","Dr. Remeis-Observatory, Bamberg, Germany | Hamburg-Bergedorf, Germany",OVERLAP,0.000000,"[{""a_fragment"":""PARENT_PROVISIONAL_CONTINUOUS"",""b_fragment"":""PARENT_PROVISIONAL_CONTINUOUS"",""duration_seconds"":30.0,""end_utc"":""1934-11-03T19:32:05+00:00"",""exposure_active"":127624,""exposure_current"":6207,""start_utc"":""1934-11-03T19:31:35+00:00""}]",1,30.000000,30.000000,4914,109667,5833,108588,1,1,15.7394052976,1.0000000000,0.0121035436,1.0000000000,402.491931,GE100_LT500,PRE_SPUTNIK,False,True
6208|127615,6208,127615,4171,84889,101,208,"Hamburg-Bergedorf, Germany","Dr. Remeis-Observatory, Bamberg, Germany","Dr. Remeis-Observatory, Bamberg, Germany | Hamburg-Bergedorf, Germany",OVERLAP,0.000000,"[{""a_fragment"":""PARENT_PROVISIONAL_CONTINUOUS"",""b_fragment"":""PARENT_PROVISIONAL_CONTINUOUS"",""duration_seconds"":36.0,""end_utc"":""1934-11-03T19:36:10+00:00"",""exposure_active"":127615,""exposure_current"":6208,""start_utc"":""1934-11-03T19:35:34+00:00""}]",1,36.000000,36.000000,4914,109658,5833,108581,1,1,15.7542991290,1.0000000000,0.0095931333,1.0000000000,402.491931,GE100_LT500,PRE_SPUTNIK,False,True
6208|127624,6208,127624,4171,84898,101,208,"Hamburg-Bergedorf, Germany","Dr. Remeis-Observatory, Bamberg, Germany","Dr. Remeis-Observatory, Bamberg, Germany | Hamburg-Bergedorf, Germany",OVERLAP,0.000000,"[{""a_fragment"":""PARENT_PROVISIONAL_CONTINUOUS"",""b_fragment"":""PARENT_PROVISIONAL_CONTINUOUS"",""duration_seconds"":36.0,""end_utc"":""1934-11-03T19:36:10+00:00"",""exposure_active"":127624,""exposure_current"":6208,""start_utc"":""1934-11-03T19:35:34+00:00""}]",1,36.000000,36.000000,4914,109667,5833,108588,1,1,15.7394052976,1.0000000000,0.0121035436,1.0000000000,402.491931,GE100_LT500,PRE_SPUTNIK,False,True
6209|127615,6209,127615,4171,84889,101,208,"Hamburg-Bergedorf, Germany","Dr. Remeis-Observatory, Bamberg, Germany","Dr. Remeis-Observatory, Bamberg, Germany | Hamburg-Bergedorf, Germany",OVERLAP,0.000000,"[{""a_fragment"":""PARENT_PROVISIONAL_CONTINUOUS"",""b_fragment"":""PARENT_PROVISIONAL_CONTINUOUS"",""duration_seconds"":30.0,""end_utc"":""1934-11-03T19:40:04+00:00"",""exposure_active"":127615,""exposure_current"":6209,""start_utc"":""1934-11-03T19:39:34+00:00""}]",1,30.000000,30.000000,4914,109658,5833,108581,1,1,15.7542991290,1.0000000000,0.0095931333,1.0000000000,402.491931,GE100_LT500,PRE_SPUTNIK,False,True
6209|127624,6209,127624,4171,84898,101,208,"Hamburg-Bergedorf, Germany","Dr. Remeis-Observatory, Bamberg, Germany","Dr. Remeis-Observatory, Bamberg, Germany | Hamburg-Bergedorf, Germany",OVERLAP,0.000000,"[{""a_fragment"":""PARENT_PROVISIONAL_CONTINUOUS"",""b_fragment"":""PARENT_PROVISIONAL_CONTINUOUS"",""duration_seconds"":30.0,""end_utc"":""1934-11-03T19:40:04+00:00"",""exposure_active"":127624,""exposure_current"":6209,""start_utc"":""1934-11-03T19:39:34+00:00""}]",1,30.000000,30.000000,4914,109667,5833,108588,1,1,15.7394052976,1.0000000000,0.0121035436,1.0000000000,402.491931,GE100_LT500,PRE_SPUTNIK,False,True
6210|127615,6210,127615,4171,84889,101,208,"Hamburg-Bergedorf, Germany","Dr. Remeis-Observatory, Bamberg, Germany","Dr. Remeis-Observatory, Bamberg, Germany | Hamburg-Bergedorf, Germany",OVERLAP,0.000000,"[{""a_fragment"":""PARENT_PROVISIONAL_CONTINUOUS"",""b_fragment"":""PARENT_PROVISIONAL_CONTINUOUS"",""duration_seconds"":30.0,""end_utc"":""1934-11-03T19:45:03+00:00"",""exposure_active"":127615,""exposure_current"":6210,""start_utc"":""1934-11-03T19:44:33+00:00""}]",1,30.000000,30.000000,4914,109658,5833,108581,1,1,15.7542991290,1.0000000000,0.0095931333,1.0000000000,402.491931,GE100_LT500,PRE_SPUTNIK,False,True
6210|127624,6210,127624,4171,84898,101,208,"Hamburg-Bergedorf, Germany","Dr. Remeis-Observatory, Bamberg, Germany","Dr. Remeis-Observatory, Bamberg, Germany | Hamburg-Bergedorf, Germany",OVERLAP,0.000000,"[{""a_fragment"":""PARENT_PROVISIONAL_CONTINUOUS"",""b_fragment"":""PARENT_PROVISIONAL_CONTINUOUS"",""duration_seconds"":30.0,""end_utc"":""1934-11-03T19:45:03+00:00"",""exposure_active"":127624,""exposure_current"":6210,""start_utc"":""1934-11-03T19:44:33+00:00""}]",1,30.000000,30.000000,4914,109667,5833,108588,1,1,15.7394052976,1.0000000000,0.0121035436,1.0000000000,402.491931,GE100_LT500,PRE_SPUTNIK,False,True
6211|127615,6211,127615,4171,84889,101,208,"Hamburg-Bergedorf, Germany","Dr. Remeis-Observatory, Bamberg, Germany","Dr. Remeis-Observatory, Bamberg, Germany | Hamburg-Bergedorf, Germany",OVERLAP,0.000000,"[{""a_fragment"":""PARENT_PROVISIONAL_CONTINUOUS"",""b_fragment"":""PARENT_PROVISIONAL_CONTINUOUS"",""duration_seconds"":30.0,""end_utc"":""1934-11-03T19:50:02+00:00"",""exposure_active"":127615,""exposure_current"":6211,""start_utc"":""1934-11-03T19:49:32+00:00""}]",1,30.000000,30.000000,4914,109658,5833,108581,1,1,15.7542991290,1.0000000000,0.0095931333,1.0000000000,402.491931,GE100_LT500,PRE_SPUTNIK,False,True
6211|127624,6211,127624,4171,84898,101,208,"Hamburg-Bergedorf, Germany","Dr. Remeis-Observatory, Bamberg, Germany","Dr. Remeis-Observatory, Bamberg, Germany | Hamburg-Bergedorf, Germany",OVERLAP,0.000000,"[{""a_fragment"":""PARENT_PROVISIONAL_CONTINUOUS"",""b_fragment"":""PARENT_PROVISIONAL_CONTINUOUS"",""duration_seconds"":30.0,""end_utc"":""1934-11-03T19:50:02+00:00"",""exposure_active"":127624,""exposure_current"":6211,""start_utc"":""1934-11-03T19:49:32+00:00""}]",1,30.000000,30.000000,4914,109667,5833,108588,1,1,15.7394052976,1.0000000000,0.0121035436,1.0000000000,402.491931,GE100_LT500,PRE_SPUTNIK,False,True
6212|127615,6212,127615,4171,84889,101,208,"Hamburg-Bergedorf, Germany","Dr. Remeis-Observatory, Bamberg, Germany","Dr. Remeis-Observatory, Bamberg, Germany | Hamburg-Bergedorf, Germany",GT0_LE5MIN,211.000000,[],0,0.000000,0.000000,4914,109658,5833,108581,1,1,15.7542991290,1.0000000000,0.0095931333,1.0000000000,402.491931,GE100_LT500,PRE_SPUTNIK,False,True
6212|127624,6212,127624,4171,84898,101,208,"Hamburg-Bergedorf, Germany","Dr. Remeis-Observatory, Bamberg, Germany","Dr. Remeis-Observatory, Bamberg, Germany | Hamburg-Bergedorf, Germany",GT0_LE5MIN,211.000000,[],0,0.000000,0.000000,4914,109667,5833,108588,1,1,15.7394052976,1.0000000000,0.0121035436,1.0000000000,402.491931,GE100_LT500,PRE_SPUTNIK,False,True
6405|127772,6405,127772,4261,85046,101,208,"Hamburg-Bergedorf, Germany","Dr. Remeis-Observatory, Bamberg, Germany","Dr. Remeis-Observatory, Bamberg, Germany | Hamburg-Bergedorf, Germany",OVERLAP,0.000000,"[{""a_fragment"":""PARENT_PROVISIONAL_CONTINUOUS"",""b_fragment"":""PARENT_PROVISIONAL_CONTINUOUS"",""duration_seconds"":1316.0,""end_utc"":""1935-03-12T01:36:56+00:00"",""exposure_active"":6405,""exposure_current"":127772,""start_utc"":""1935-03-12T01:15:00+00:00""}]",1,1316.000000,1316.000000,5000,109809,5938,108667,1,1,24.2881640141,0.6833416127,0.0139076008,0.6833416127,402.491931,GE100_LT500,PRE_SPUTNIK,False,True
6405|127782,6405,127782,4261,85056,101,208,"Hamburg-Bergedorf, Germany","Dr. Remeis-Observatory, Bamberg, Germany","Dr. Remeis-Observatory, Bamberg, Germany | Hamburg-Bergedorf, Germany",OVERLAP,0.000000,"[{""a_fragment"":""PARENT_PROVISIONAL_CONTINUOUS"",""b_fragment"":""PARENT_PROVISIONAL_CONTINUOUS"",""duration_seconds"":1316.0,""end_utc"":""1935-03-12T01:36:56+00:00"",""exposure_active"":6405,""exposure_current"":127782,""start_utc"":""1935-03-12T01:15:00+00:00""}]",1,1316.000000,1316.000000,5000,109819,5938,108682,1,1,19.0567524358,0.5428669389,0.0142523699,0.5428669389,402.491931,GE100_LT500,PRE_SPUTNIK,False,True
6420|127880,6420,127880,4275,85154,101,208,"Hamburg-Bergedorf, Germany","Dr. Remeis-Observatory, Bamberg, Germany","Dr. Remeis-Observatory, Bamberg, Germany | Hamburg-Bergedorf, Germany",OVERLAP,0.000000,"[{""a_fragment"":""PARENT_PROVISIONAL_CONTINUOUS"",""b_fragment"":""PARENT_PROVISIONAL_CONTINUOUS"",""duration_seconds"":1380.0,""end_utc"":""1935-05-03T22:04:00+00:00"",""exposure_active"":6420,""exposure_current"":127880,""start_utc"":""1935-05-03T21:41:00+00:00""}]",1,1380.000000,1380.000000,5022,109911,5983,108735,1,1,0.0153284169,0.0001319451,0.0000079595,0.0001319451,402.491931,GE100_LT500,PRE_SPUTNIK,False,True
6420|127881,6420,127881,4275,85155,101,208,"Hamburg-Bergedorf, Germany","Dr. Remeis-Observatory, Bamberg, Germany","Dr. Remeis-Observatory, Bamberg, Germany | Hamburg-Bergedorf, Germany",OVERLAP,0.000000,"[{""a_fragment"":""PARENT_PROVISIONAL_CONTINUOUS"",""b_fragment"":""PARENT_PROVISIONAL_CONTINUOUS"",""duration_seconds"":1800.0,""end_utc"":""1935-05-03T22:35:00+00:00"",""exposure_active"":6420,""exposure_current"":127881,""start_utc"":""1935-05-03T22:05:00+00:00""}]",1,1800.000000,1800.000000,5022,109912,5983,108742,1,1,0.0576004445,0.0004944412,0.0000298558,0.0004944412,402.491931,GE100_LT500,PRE_SPUTNIK,False,True
6420|127882,6420,127882,4275,85156,101,208,"Hamburg-Bergedorf, Germany","Dr. Remeis-Observatory, Bamberg, Germany","Dr. Remeis-Observatory, Bamberg, Germany | Hamburg-Bergedorf, Germany",OVERLAP,0.000000,"[{""a_fragment"":""PARENT_PROVISIONAL_CONTINUOUS"",""b_fragment"":""PARENT_PROVISIONAL_CONTINUOUS"",""duration_seconds"":1680.0,""end_utc"":""1935-05-03T23:04:00+00:00"",""exposure_active"":6420,""exposure_current"":127882,""start_utc"":""1935-05-03T22:36:00+00:00""}]",1,1680.000000,1680.000000,5022,109913,5983,108746,1,1,0.1257287895,0.0010826267,0.0000655255,0.0010826267,402.491931,GE100_LT500,PRE_SPUTNIK,False,True
6420|127883,6420,127883,4275,85157,101,208,"Hamburg-Bergedorf, Germany","Dr. Remeis-Observatory, Bamberg, Germany","Dr. Remeis-Observatory, Bamberg, Germany | Hamburg-Bergedorf, Germany",OVERLAP,0.000000,"[{""a_fragment"":""PARENT_PROVISIONAL_CONTINUOUS"",""b_fragment"":""PARENT_PROVISIONAL_CONTINUOUS"",""duration_seconds"":1920.0,""end_utc"":""1935-05-03T23:37:00+00:00"",""exposure_active"":6420,""exposure_current"":127883,""start_utc"":""1935-05-03T23:05:00+00:00""}]",1,1920.000000,1920.000000,5022,109914,5983,108747,1,1,0.0846616822,0.0007270002,0.0000437281,0.0007270002,402.491931,GE100_LT500,PRE_SPUTNIK,False,True
6420|127884,6420,127884,4275,85158,101,208,"Hamburg-Bergedorf, Germany","Dr. Remeis-Observatory, Bamberg, Germany","Dr. Remeis-Observatory, Bamberg, Germany | Hamburg-Bergedorf, Germany",OVERLAP,0.000000,"[{""a_fragment"":""PARENT_PROVISIONAL_CONTINUOUS"",""b_fragment"":""PARENT_PROVISIONAL_CONTINUOUS"",""duration_seconds"":138.0,""end_utc"":""1935-05-03T23:40:18+00:00"",""exposure_active"":6420,""exposure_current"":127884,""start_utc"":""1935-05-03T23:38:00+00:00""}]",1,138.000000,138.000000,5022,109915,5983,108748,1,1,0.0978291422,0.0008403830,0.0000507065,0.0008403830,402.491931,GE100_LT500,PRE_SPUTNIK,False,True
6423|127889,6423,127889,4278,85163,101,208,"Hamburg-Bergedorf, Germany","Dr. Remeis-Observatory, Bamberg, Germany","Dr. Remeis-Observatory, Bamberg, Germany | Hamburg-Bergedorf, Germany",OVERLAP,0.000000,"[{""a_fragment"":""PARENT_PROVISIONAL_CONTINUOUS"",""b_fragment"":""PARENT_PROVISIONAL_CONTINUOUS"",""duration_seconds"":465.0,""end_utc"":""1935-05-04T21:24:00+00:00"",""exposure_active"":127889,""exposure_current"":6423,""start_utc"":""1935-05-04T21:16:15+00:00""}]",1,465.000000,465.000000,5025,109920,5965,108755,1,1,4.1168942371,0.1118312079,0.0022494545,0.1118312079,402.491931,GE100_LT500,PRE_SPUTNIK,False,True
6423|127890,6423,127890,4278,85164,101,208,"Hamburg-Bergedorf, Germany","Dr. Remeis-Observatory, Bamberg, Germany","Dr. Remeis-Observatory, Bamberg, Germany | Hamburg-Bergedorf, Germany",OVERLAP,0.000000,"[{""a_fragment"":""PARENT_PROVISIONAL_CONTINUOUS"",""b_fragment"":""PARENT_PROVISIONAL_CONTINUOUS"",""duration_seconds"":1800.0,""end_utc"":""1935-05-04T21:55:00+00:00"",""exposure_active"":6423,""exposure_current"":127890,""start_utc"":""1935-05-04T21:25:00+00:00""}]",1,1800.000000,1800.000000,5025,109921,5965,108754,1,1,3.5395812365,0.0959088542,0.0019176315,0.0959088542,402.491931,GE100_LT500,PRE_SPUTNIK,False,True
6423|127891,6423,127891,4278,85165,101,208,"Hamburg-Bergedorf, Germany","Dr. Remeis-Observatory, Bamberg, Germany","Dr. Remeis-Observatory, Bamberg, Germany | Hamburg-Bergedorf, Germany",OVERLAP,0.000000,"[{""a_fragment"":""PARENT_PROVISIONAL_CONTINUOUS"",""b_fragment"":""PARENT_PROVISIONAL_CONTINUOUS"",""duration_seconds"":9.0,""end_utc"":""1935-05-04T21:56:09+00:00"",""exposure_active"":6423,""exposure_current"":127891,""start_utc"":""1935-05-04T21:56:00+00:00""}]",1,9.000000,9.000000,5025,109922,5965,108753,1,1,1.6408885915,0.0442643418,0.0008784742,0.0442643418,402.491931,GE100_LT500,PRE_SPUTNIK,False,True
6423|127896,6423,127896,4278,85170,101,208,"Hamburg-Bergedorf, Germany","Dr. Remeis-Observatory, Bamberg, Germany","Dr. Remeis-Observatory, Bamberg, Germany | Hamburg-Bergedorf, Germany",OVERLAP,0.000000,"[{""a_fragment"":""PARENT_PROVISIONAL_CONTINUOUS"",""b_fragment"":""PARENT_PROVISIONAL_CONTINUOUS"",""duration_seconds"":9.0,""end_utc"":""1935-05-04T21:56:09+00:00"",""exposure_active"":6423,""exposure_current"":127896,""start_utc"":""1935-05-04T21:56:00+00:00""}]",1,9.000000,9.000000,5025,109927,5965,108768,1,1,27.1921263669,0.7765457751,0.0208611178,0.7765457751,402.491931,GE100_LT500,PRE_SPUTNIK,False,True
6424|127891,6424,127891,4279,85165,101,208,"Hamburg-Bergedorf, Germany","Dr. Remeis-Observatory, Bamberg, Germany","Dr. Remeis-Observatory, Bamberg, Germany | Hamburg-Bergedorf, Germany",OVERLAP,0.000000,"[{""a_fragment"":""PARENT_PROVISIONAL_CONTINUOUS"",""b_fragment"":""PARENT_PROVISIONAL_CONTINUOUS"",""duration_seconds"":1522.0,""end_utc"":""1935-05-04T22:26:00+00:00"",""exposure_active"":127891,""exposure_current"":6424,""start_utc"":""1935-05-04T22:00:38+00:00""}]",1,1522.000000,1522.000000,5027,109922,5968,108753,1,1,1.6593100164,0.0449035542,0.0008884553,0.0449035542,402.491931,GE100_LT500,PRE_SPUTNIK,False,True
6424|127892,6424,127892,4279,85166,101,208,"Hamburg-Bergedorf, Germany","Dr. Remeis-Observatory, Bamberg, Germany","Dr. Remeis-Observatory, Bamberg, Germany | Hamburg-Bergedorf, Germany",OVERLAP,0.000000,"[{""a_fragment"":""PARENT_PROVISIONAL_CONTINUOUS"",""b_fragment"":""PARENT_PROVISIONAL_CONTINUOUS"",""duration_seconds"":812.0,""end_utc"":""1935-05-04T22:40:32+00:00"",""exposure_active"":6424,""exposure_current"":127892,""start_utc"":""1935-05-04T22:27:00+00:00""}]",1,812.000000,812.000000,5027,109923,5968,108756,1,1,12.1377313474,0.3352621226,0.0067286345,0.3352621226,402.491931,GE100_LT500,PRE_SPUTNIK,False,True
6424|127896,6424,127896,4279,85170,101,208,"Hamburg-Bergedorf, Germany","Dr. Remeis-Observatory, Bamberg, Germany","Dr. Remeis-Observatory, Bamberg, Germany | Hamburg-Bergedorf, Germany",OVERLAP,0.000000,"[{""a_fragment"":""PARENT_PROVISIONAL_CONTINUOUS"",""b_fragment"":""PARENT_PROVISIONAL_CONTINUOUS"",""duration_seconds"":1522.0,""end_utc"":""1935-05-04T22:26:00+00:00"",""exposure_active"":127896,""exposure_current"":6424,""start_utc"":""1935-05-04T22:00:38+00:00""}]",1,1522.000000,1522.000000,5027,109927,5968,108768,1,1,27.1938761929,0.7789991095,0.0208625273,0.7789991095,402.491931,GE100_LT500,PRE_SPUTNIK,False,True
6424|127897,6424,127897,4279,85171,101,208,"Hamburg-Bergedorf, Germany","Dr. Remeis-Observatory, Bamberg, Germany","Dr. Remeis-Observatory, Bamberg, Germany | Hamburg-Bergedorf, Germany",OVERLAP,0.000000,"[{""a_fragment"":""PARENT_PROVISIONAL_CONTINUOUS"",""b_fragment"":""PARENT_PROVISIONAL_CONTINUOUS"",""duration_seconds"":812.0,""end_utc"":""1935-05-04T22:40:32+00:00"",""exposure_active"":6424,""exposure_current"":127897,""start_utc"":""1935-05-04T22:27:00+00:00""}]",1,812.000000,812.000000,5027,109928,5968,108770,1,1,34.5520400010,1.0000000000,0.0263955867,1.0000000000,402.491931,GE100_LT500,PRE_SPUTNIK,False,True
6425|127892,6425,127892,4280,85166,101,208,"Hamburg-Bergedorf, Germany","Dr. Remeis-Observatory, Bamberg, Germany","Dr. Remeis-Observatory, Bamberg, Germany | Hamburg-Bergedorf, Germany",OVERLAP,0.000000,"[{""a_fragment"":""PARENT_PROVISIONAL_CONTINUOUS"",""b_fragment"":""PARENT_PROVISIONAL_CONTINUOUS"",""duration_seconds"":629.0,""end_utc"":""1935-05-04T22:57:00+00:00"",""exposure_active"":127892,""exposure_current"":6425,""start_utc"":""1935-05-04T22:46:31+00:00""}]",1,629.000000,629.000000,5030,109923,5970,108756,1,1,12.2617809712,0.3364824158,0.0067973818,0.3364824158,402.491931,GE100_LT500,PRE_SPUTNIK,False,True
6425|127897,6425,127897,4280,85171,101,208,"Hamburg-Bergedorf, Germany","Dr. Remeis-Observatory, Bamberg, Germany","Dr. Remeis-Observatory, Bamberg, Germany | Hamburg-Bergedorf, Germany",OVERLAP,0.000000,"[{""a_fragment"":""PARENT_PROVISIONAL_CONTINUOUS"",""b_fragment"":""PARENT_PROVISIONAL_CONTINUOUS"",""duration_seconds"":629.0,""end_utc"":""1935-05-04T22:57:00+00:00"",""exposure_active"":127897,""exposure_current"":6425,""start_utc"":""1935-05-04T22:46:31+00:00""}]",1,629.000000,629.000000,5030,109928,5970,108770,1,1,34.7790014273,1.0000000000,0.0265683089,1.0000000000,402.491931,GE100_LT500,PRE_SPUTNIK,False,True
6670|128214,6670,128214,4351,85488,101,208,"Hamburg-Bergedorf, Germany","Dr. Remeis-Observatory, Bamberg, Germany","Dr. Remeis-Observatory, Bamberg, Germany | Hamburg-Bergedorf, Germany",OVERLAP,0.000000,"[{""a_fragment"":""PARENT_PROVISIONAL_CONTINUOUS"",""b_fragment"":""PARENT_PROVISIONAL_CONTINUOUS"",""duration_seconds"":1320.0,""end_utc"":""1935-09-28T22:30:00+00:00"",""exposure_active"":6670,""exposure_current"":128214,""start_utc"":""1935-09-28T22:08:00+00:00""}]",1,1320.000000,1320.000000,5091,110227,6254,108924,1,1,84.0668942038,1.0000000000,0.0666034245,1.0000000000,402.491931,GE100_LT500,PRE_SPUTNIK,False,True
6764|128244,6764,128244,4367,85518,101,208,"Hamburg-Bergedorf, Germany","Dr. Remeis-Observatory, Bamberg, Germany","Dr. Remeis-Observatory, Bamberg, Germany | Hamburg-Bergedorf, Germany",OVERLAP,0.000000,"[{""a_fragment"":""PARENT_PROVISIONAL_CONTINUOUS"",""b_fragment"":""PARENT_PROVISIONAL_CONTINUOUS"",""duration_seconds"":297.0,""end_utc"":""1935-10-18T20:02:00+00:00"",""exposure_active"":128244,""exposure_current"":6764,""start_utc"":""1935-10-18T19:57:03+00:00""}]",1,297.000000,297.000000,5112,110257,6264,108939,1,1,82.7524243665,0.9647659337,0.0490694862,0.9647659337,402.491931,GE100_LT500,PRE_SPUTNIK,False,True
6793|128301,6793,128301,4396,85575,101,208,"Hamburg-Bergedorf, Germany","Dr. Remeis-Observatory, Bamberg, Germany","Dr. Remeis-Observatory, Bamberg, Germany | Hamburg-Bergedorf, Germany",OVERLAP,0.000000,"[{""a_fragment"":""PARENT_PROVISIONAL_CONTINUOUS"",""b_fragment"":""PARENT_PROVISIONAL_CONTINUOUS"",""duration_seconds"":1800.0,""end_utc"":""1935-11-14T18:09:00+00:00"",""exposure_active"":6793,""exposure_current"":128301,""start_utc"":""1935-11-14T17:39:00+00:00""}]",1,1800.000000,1800.000000,5169,110314,6394,108972,1,1,84.2039027693,1.0000000000,0.0646496513,1.0000000000,402.491931,GE100_LT500,PRE_SPUTNIK,False,True
6885|128516,6885,128516,4418,85789,101,208,"Hamburg-Bergedorf, Germany","Dr. Remeis-Observatory, Bamberg, Germany","Dr. Remeis-Observatory, Bamberg, Germany | Hamburg-Bergedorf, Germany",OVERLAP,0.000000,"[{""a_fragment"":""PARENT_PROVISIONAL_CONTINUOUS"",""b_fragment"":""PARENT_PROVISIONAL_CONTINUOUS"",""duration_seconds"":1800.0,""end_utc"":""1936-03-19T00:56:00+00:00"",""exposure_active"":6885,""exposure_current"":128516,""start_utc"":""1936-03-19T00:26:00+00:00""}]",1,1800.000000,1800.000000,5204,110526,6412,109094,1,1,42.8351205247,0.3761156161,0.0239021742,0.3761156161,402.491931,GE100_LT500,PRE_SPUTNIK,False,True
6888|128521,6888,128521,4421,85794,101,208,"Hamburg-Bergedorf, Germany","Dr. Remeis-Observatory, Bamberg, Germany","Dr. Remeis-Observatory, Bamberg, Germany | Hamburg-Bergedorf, Germany",OVERLAP,0.000000,"[{""a_fragment"":""PARENT_PROVISIONAL_CONTINUOUS"",""b_fragment"":""PARENT_PROVISIONAL_CONTINUOUS"",""duration_seconds"":1800.0,""end_utc"":""1936-03-19T20:40:00+00:00"",""exposure_active"":6888,""exposure_current"":128521,""start_utc"":""1936-03-19T20:10:00+00:00""}]",1,1800.000000,1800.000000,5207,110531,6433,109109,1,1,106.5303775814,1.0000000000,0.0843698040,1.0000000000,402.491931,GE100_LT500,PRE_SPUTNIK,False,True
6888|128533,6888,128533,4421,85806,101,208,"Hamburg-Bergedorf, Germany","Dr. Remeis-Observatory, Bamberg, Germany","Dr. Remeis-Observatory, Bamberg, Germany | Hamburg-Bergedorf, Germany",OVERLAP,0.000000,"[{""a_fragment"":""PARENT_PROVISIONAL_CONTINUOUS"",""b_fragment"":""PARENT_PROVISIONAL_CONTINUOUS"",""duration_seconds"":1800.0,""end_utc"":""1936-03-19T20:40:00+00:00"",""exposure_active"":6888,""exposure_current"":128533,""start_utc"":""1936-03-19T20:10:00+00:00""}]",1,1800.000000,1800.000000,5207,110543,6433,109104,1,1,106.1114674046,1.0000000000,0.0651476352,1.0000000000,402.491931,GE100_LT500,PRE_SPUTNIK,False,True
6889|128531,6889,128531,4422,85804,101,208,"Hamburg-Bergedorf, Germany","Dr. Remeis-Observatory, Bamberg, Germany","Dr. Remeis-Observatory, Bamberg, Germany | Hamburg-Bergedorf, Germany",GT0_LE5MIN,191.000000,[],0,0.000000,0.000000,5209,110541,6415,109111,1,1,104.9080092129,1.0000000000,0.0808503753,1.0000000000,402.491931,GE100_LT500,PRE_SPUTNIK,False,True
6903|128541,6903,128541,4426,85813,101,208,"Hamburg-Bergedorf, Germany","Dr. Remeis-Observatory, Bamberg, Germany","Dr. Remeis-Observatory, Bamberg, Germany | Hamburg-Bergedorf, Germany",GT0_LE5MIN,103.000000,[],0,0.000000,0.000000,5216,110549,6436,109116,1,1,16.6558327386,1.0000000000,0.0123638228,1.0000000000,402.491931,GE100_LT500,PRE_SPUTNIK,False,True
6904|128541,6904,128541,4426,85813,101,208,"Hamburg-Bergedorf, Germany","Dr. Remeis-Observatory, Bamberg, Germany","Dr. Remeis-Observatory, Bamberg, Germany | Hamburg-Bergedorf, Germany",OVERLAP,0.000000,"[{""a_fragment"":""PARENT_PROVISIONAL_CONTINUOUS"",""b_fragment"":""PARENT_PROVISIONAL_CONTINUOUS"",""duration_seconds"":196.0,""end_utc"":""1936-03-20T20:45:16+00:00"",""exposure_active"":6904,""exposure_current"":128541,""start_utc"":""1936-03-20T20:42:00+00:00""}]",1,196.000000,196.000000,5216,110549,6436,109116,1,1,16.6558327386,1.0000000000,0.0123638228,1.0000000000,402.491931,GE100_LT500,PRE_SPUTNIK,False,True
6905|128541,6905,128541,4426,85813,101,208,"Hamburg-Bergedorf, Germany","Dr. Remeis-Observatory, Bamberg, Germany","Dr. Remeis-Observatory, Bamberg, Germany | Hamburg-Bergedorf, Germany",OVERLAP,0.000000,"[{""a_fragment"":""PARENT_PROVISIONAL_CONTINUOUS"",""b_fragment"":""PARENT_PROVISIONAL_CONTINUOUS"",""duration_seconds"":239.0,""end_utc"":""1936-03-20T20:50:15+00:00"",""exposure_active"":128541,""exposure_current"":6905,""start_utc"":""1936-03-20T20:46:16+00:00""}]",1,239.000000,239.000000,5216,110549,6436,109116,1,1,16.6558327386,1.0000000000,0.0123638228,1.0000000000,402.491931,GE100_LT500,PRE_SPUTNIK,False,True
6906|128541,6906,128541,4426,85813,101,208,"Hamburg-Bergedorf, Germany","Dr. Remeis-Observatory, Bamberg, Germany","Dr. Remeis-Observatory, Bamberg, Germany | Hamburg-Bergedorf, Germany",OVERLAP,0.000000,"[{""a_fragment"":""PARENT_PROVISIONAL_CONTINUOUS"",""b_fragment"":""PARENT_PROVISIONAL_CONTINUOUS"",""duration_seconds"":239.0,""end_utc"":""1936-03-20T20:55:14+00:00"",""exposure_active"":128541,""exposure_current"":6906,""start_utc"":""1936-03-20T20:51:15+00:00""}]",1,239.000000,239.000000,5216,110549,6436,109116,1,1,16.6558327386,1.0000000000,0.0123638228,1.0000000000,402.491931,GE100_LT500,PRE_SPUTNIK,False,True
6907|128541,6907,128541,4426,85813,101,208,"Hamburg-Bergedorf, Germany","Dr. Remeis-Observatory, Bamberg, Germany","Dr. Remeis-Observatory, Bamberg, Germany | Hamburg-Bergedorf, Germany",OVERLAP,0.000000,"[{""a_fragment"":""PARENT_PROVISIONAL_CONTINUOUS"",""b_fragment"":""PARENT_PROVISIONAL_CONTINUOUS"",""duration_seconds"":240.0,""end_utc"":""1936-03-20T21:00:14+00:00"",""exposure_active"":128541,""exposure_current"":6907,""start_utc"":""1936-03-20T20:56:14+00:00""}]",1,240.000000,240.000000,5216,110549,6436,109116,1,1,16.6558327386,1.0000000000,0.0123638228,1.0000000000,402.491931,GE100_LT500,PRE_SPUTNIK,False,True
6908|128541,6908,128541,4426,85813,101,208,"Hamburg-Bergedorf, Germany","Dr. Remeis-Observatory, Bamberg, Germany","Dr. Remeis-Observatory, Bamberg, Germany | Hamburg-Bergedorf, Germany",OVERLAP,0.000000,"[{""a_fragment"":""PARENT_PROVISIONAL_CONTINUOUS"",""b_fragment"":""PARENT_PROVISIONAL_CONTINUOUS"",""duration_seconds"":240.0,""end_utc"":""1936-03-20T21:05:13+00:00"",""exposure_active"":128541,""exposure_current"":6908,""start_utc"":""1936-03-20T21:01:13+00:00""}]",1,240.000000,240.000000,5216,110549,6436,109116,1,1,16.6558327386,1.0000000000,0.0123638228,1.0000000000,402.491931,GE100_LT500,PRE_SPUTNIK,False,True
6909|128541,6909,128541,4426,85813,101,208,"Hamburg-Bergedorf, Germany","Dr. Remeis-Observatory, Bamberg, Germany","Dr. Remeis-Observatory, Bamberg, Germany | Hamburg-Bergedorf, Germany",OVERLAP,0.000000,"[{""a_fragment"":""PARENT_PROVISIONAL_CONTINUOUS"",""b_fragment"":""PARENT_PROVISIONAL_CONTINUOUS"",""duration_seconds"":239.0,""end_utc"":""1936-03-20T21:10:12+00:00"",""exposure_active"":128541,""exposure_current"":6909,""start_utc"":""1936-03-20T21:06:13+00:00""}]",1,239.000000,239.000000,5216,110549,6436,109116,1,1,16.6558327386,1.0000000000,0.0123638228,1.0000000000,402.491931,GE100_LT500,PRE_SPUTNIK,False,True
6910|128541,6910,128541,4426,85813,101,208,"Hamburg-Bergedorf, Germany","Dr. Remeis-Observatory, Bamberg, Germany","Dr. Remeis-Observatory, Bamberg, Germany | Hamburg-Bergedorf, Germany",OVERLAP,0.000000,"[{""a_fragment"":""PARENT_PROVISIONAL_CONTINUOUS"",""b_fragment"":""PARENT_PROVISIONAL_CONTINUOUS"",""duration_seconds"":239.0,""end_utc"":""1936-03-20T21:15:11+00:00"",""exposure_active"":128541,""exposure_current"":6910,""start_utc"":""1936-03-20T21:11:12+00:00""}]",1,239.000000,239.000000,5216,110549,6436,109116,1,1,16.6558327386,1.0000000000,0.0123638228,1.0000000000,402.491931,GE100_LT500,PRE_SPUTNIK,False,True
6911|128541,6911,128541,4426,85813,101,208,"Hamburg-Bergedorf, Germany","Dr. Remeis-Observatory, Bamberg, Germany","Dr. Remeis-Observatory, Bamberg, Germany | Hamburg-Bergedorf, Germany",OVERLAP,0.000000,"[{""a_fragment"":""PARENT_PROVISIONAL_CONTINUOUS"",""b_fragment"":""PARENT_PROVISIONAL_CONTINUOUS"",""duration_seconds"":239.0,""end_utc"":""1936-03-20T21:20:10+00:00"",""exposure_active"":128541,""exposure_current"":6911,""start_utc"":""1936-03-20T21:16:11+00:00""}]",1,239.000000,239.000000,5216,110549,6436,109116,1,1,16.6558327386,1.0000000000,0.0123638228,1.0000000000,402.491931,GE100_LT500,PRE_SPUTNIK,False,True
6911|128542,6911,128542,4426,85814,101,208,"Hamburg-Bergedorf, Germany","Dr. Remeis-Observatory, Bamberg, Germany","Dr. Remeis-Observatory, Bamberg, Germany | Hamburg-Bergedorf, Germany",GT0_LE5MIN,290.000000,[],0,0.000000,0.000000,5216,110550,6436,109113,1,1,16.2871885409,1.0000000000,0.0128646144,1.0000000000,402.491931,GE100_LT500,PRE_SPUTNIK,False,True
6911|128552,6911,128552,4426,85824,101,208,"Hamburg-Bergedorf, Germany","Dr. Remeis-Observatory, Bamberg, Germany","Dr. Remeis-Observatory, Bamberg, Germany | Hamburg-Bergedorf, Germany",GT0_LE5MIN,290.000000,[],0,0.000000,0.000000,5216,110560,6436,109118,1,1,16.5530016910,1.0000000000,0.0098448869,1.0000000000,402.491931,GE100_LT500,PRE_SPUTNIK,False,True
6912|128541,6912,128541,4427,85813,101,208,"Hamburg-Bergedorf, Germany","Dr. Remeis-Observatory, Bamberg, Germany","Dr. Remeis-Observatory, Bamberg, Germany | Hamburg-Bergedorf, Germany",GT0_LE5MIN,249.000000,[],0,0.000000,0.000000,5217,110549,6446,109116,1,1,16.6617925942,1.0000000000,0.0123668551,1.0000000000,402.491931,GE100_LT500,PRE_SPUTNIK,False,True
6912|128542,6912,128542,4427,85814,101,208,"Hamburg-Bergedorf, Germany","Dr. Remeis-Observatory, Bamberg, Germany","Dr. Remeis-Observatory, Bamberg, Germany | Hamburg-Bergedorf, Germany",OVERLAP,0.000000,"[{""a_fragment"":""PARENT_PROVISIONAL_CONTINUOUS"",""b_fragment"":""PARENT_PROVISIONAL_CONTINUOUS"",""duration_seconds"":240.0,""end_utc"":""1936-03-20T21:30:09+00:00"",""exposure_active"":128542,""exposure_current"":6912,""start_utc"":""1936-03-20T21:26:09+00:00""}]",1,240.000000,240.000000,5217,110550,6446,109113,1,1,16.2905838462,1.0000000000,0.0128684424,1.0000000000,402.491931,GE100_LT500,PRE_SPUTNIK,False,True
6912|128552,6912,128552,4427,85824,101,208,"Hamburg-Bergedorf, Germany","Dr. Remeis-Observatory, Bamberg, Germany","Dr. Remeis-Observatory, Bamberg, Germany | Hamburg-Bergedorf, Germany",OVERLAP,0.000000,"[{""a_fragment"":""PARENT_PROVISIONAL_CONTINUOUS"",""b_fragment"":""PARENT_PROVISIONAL_CONTINUOUS"",""duration_seconds"":240.0,""end_utc"":""1936-03-20T21:30:09+00:00"",""exposure_active"":128552,""exposure_current"":6912,""start_utc"":""1936-03-20T21:26:09+00:00""}]",1,240.000000,240.000000,5217,110560,6446,109118,1,1,16.5596501671,1.0000000000,0.0098469115,1.0000000000,402.491931,GE100_LT500,PRE_SPUTNIK,False,True
6913|128542,6913,128542,4427,85814,101,208,"Hamburg-Bergedorf, Germany","Dr. Remeis-Observatory, Bamberg, Germany","Dr. Remeis-Observatory, Bamberg, Germany | Hamburg-Bergedorf, Germany",OVERLAP,0.000000,"[{""a_fragment"":""PARENT_PROVISIONAL_CONTINUOUS"",""b_fragment"":""PARENT_PROVISIONAL_CONTINUOUS"",""duration_seconds"":239.0,""end_utc"":""1936-03-20T21:35:08+00:00"",""exposure_active"":128542,""exposure_current"":6913,""start_utc"":""1936-03-20T21:31:09+00:00""}]",1,239.000000,239.000000,5217,110550,6446,109113,1,1,16.2905838462,1.0000000000,0.0128684424,1.0000000000,402.491931,GE100_LT500,PRE_SPUTNIK,False,True
6913|128552,6913,128552,4427,85824,101,208,"Hamburg-Bergedorf, Germany","Dr. Remeis-Observatory, Bamberg, Germany","Dr. Remeis-Observatory, Bamberg, Germany | Hamburg-Bergedorf, Germany",OVERLAP,0.000000,"[{""a_fragment"":""PARENT_PROVISIONAL_CONTINUOUS"",""b_fragment"":""PARENT_PROVISIONAL_CONTINUOUS"",""duration_seconds"":239.0,""end_utc"":""1936-03-20T21:35:08+00:00"",""exposure_active"":128552,""exposure_current"":6913,""start_utc"":""1936-03-20T21:31:09+00:00""}]",1,239.000000,239.000000,5217,110560,6446,109118,1,1,16.5596501671,1.0000000000,0.0098469115,1.0000000000,402.491931,GE100_LT500,PRE_SPUTNIK,False,True
6914|128542,6914,128542,4427,85814,101,208,"Hamburg-Bergedorf, Germany","Dr. Remeis-Observatory, Bamberg, Germany","Dr. Remeis-Observatory, Bamberg, Germany | Hamburg-Bergedorf, Germany",OVERLAP,0.000000,"[{""a_fragment"":""PARENT_PROVISIONAL_CONTINUOUS"",""b_fragment"":""PARENT_PROVISIONAL_CONTINUOUS"",""duration_seconds"":239.0,""end_utc"":""1936-03-20T21:40:07+00:00"",""exposure_active"":128542,""exposure_current"":6914,""start_utc"":""1936-03-20T21:36:08+00:00""}]",1,239.000000,239.000000,5217,110550,6446,109113,1,1,16.2905838462,1.0000000000,0.0128684424,1.0000000000,402.491931,GE100_LT500,PRE_SPUTNIK,False,True
6914|128552,6914,128552,4427,85824,101,208,"Hamburg-Bergedorf, Germany","Dr. Remeis-Observatory, Bamberg, Germany","Dr. Remeis-Observatory, Bamberg, Germany | Hamburg-Bergedorf, Germany",OVERLAP,0.000000,"[{""a_fragment"":""PARENT_PROVISIONAL_CONTINUOUS"",""b_fragment"":""PARENT_PROVISIONAL_CONTINUOUS"",""duration_seconds"":239.0,""end_utc"":""1936-03-20T21:40:07+00:00"",""exposure_active"":128552,""exposure_current"":6914,""start_utc"":""1936-03-20T21:36:08+00:00""}]",1,239.000000,239.000000,5217,110560,6446,109118,1,1,16.5596501671,1.0000000000,0.0098469115,1.0000000000,402.491931,GE100_LT500,PRE_SPUTNIK,False,True
6915|128542,6915,128542,4427,85814,101,208,"Hamburg-Bergedorf, Germany","Dr. Remeis-Observatory, Bamberg, Germany","Dr. Remeis-Observatory, Bamberg, Germany | Hamburg-Bergedorf, Germany",OVERLAP,0.000000,"[{""a_fragment"":""PARENT_PROVISIONAL_CONTINUOUS"",""b_fragment"":""PARENT_PROVISIONAL_CONTINUOUS"",""duration_seconds"":239.0,""end_utc"":""1936-03-20T21:45:06+00:00"",""exposure_active"":128542,""exposure_current"":6915,""start_utc"":""1936-03-20T21:41:07+00:00""}]",1,239.000000,239.000000,5217,110550,6446,109113,1,1,16.2905838462,1.0000000000,0.0128684424,1.0000000000,402.491931,GE100_LT500,PRE_SPUTNIK,False,True
6915|128552,6915,128552,4427,85824,101,208,"Hamburg-Bergedorf, Germany","Dr. Remeis-Observatory, Bamberg, Germany","Dr. Remeis-Observatory, Bamberg, Germany | Hamburg-Bergedorf, Germany",OVERLAP,0.000000,"[{""a_fragment"":""PARENT_PROVISIONAL_CONTINUOUS"",""b_fragment"":""PARENT_PROVISIONAL_CONTINUOUS"",""duration_seconds"":239.0,""end_utc"":""1936-03-20T21:45:06+00:00"",""exposure_active"":128552,""exposure_current"":6915,""start_utc"":""1936-03-20T21:41:07+00:00""}]",1,239.000000,239.000000,5217,110560,6446,109118,1,1,16.5596501671,1.0000000000,0.0098469115,1.0000000000,402.491931,GE100_LT500,PRE_SPUTNIK,False,True
6916|128542,6916,128542,4427,85814,101,208,"Hamburg-Bergedorf, Germany","Dr. Remeis-Observatory, Bamberg, Germany","Dr. Remeis-Observatory, Bamberg, Germany | Hamburg-Bergedorf, Germany",OVERLAP,0.000000,"[{""a_fragment"":""PARENT_PROVISIONAL_CONTINUOUS"",""b_fragment"":""PARENT_PROVISIONAL_CONTINUOUS"",""duration_seconds"":239.0,""end_utc"":""1936-03-20T21:50:05+00:00"",""exposure_active"":128542,""exposure_current"":6916,""start_utc"":""1936-03-20T21:46:06+00:00""}]",1,239.000000,239.000000,5217,110550,6446,109113,1,1,16.2905838462,1.0000000000,0.0128684424,1.0000000000,402.491931,GE100_LT500,PRE_SPUTNIK,False,True
6916|128552,6916,128552,4427,85824,101,208,"Hamburg-Bergedorf, Germany","Dr. Remeis-Observatory, Bamberg, Germany","Dr. Remeis-Observatory, Bamberg, Germany | Hamburg-Bergedorf, Germany",OVERLAP,0.000000,"[{""a_fragment"":""PARENT_PROVISIONAL_CONTINUOUS"",""b_fragment"":""PARENT_PROVISIONAL_CONTINUOUS"",""duration_seconds"":239.0,""end_utc"":""1936-03-20T21:50:05+00:00"",""exposure_active"":128552,""exposure_current"":6916,""start_utc"":""1936-03-20T21:46:06+00:00""}]",1,239.000000,239.000000,5217,110560,6446,109118,1,1,16.5596501671,1.0000000000,0.0098469115,1.0000000000,402.491931,GE100_LT500,PRE_SPUTNIK,False,True
6917|128542,6917,128542,4427,85814,101,208,"Hamburg-Bergedorf, Germany","Dr. Remeis-Observatory, Bamberg, Germany","Dr. Remeis-Observatory, Bamberg, Germany | Hamburg-Bergedorf, Germany",OVERLAP,0.000000,"[{""a_fragment"":""PARENT_PROVISIONAL_CONTINUOUS"",""b_fragment"":""PARENT_PROVISIONAL_CONTINUOUS"",""duration_seconds"":235.0,""end_utc"":""1936-03-20T21:55:00+00:00"",""exposure_active"":128542,""exposure_current"":6917,""start_utc"":""1936-03-20T21:51:05+00:00""}]",1,235.000000,235.000000,5217,110550,6446,109113,1,1,16.2905838462,1.0000000000,0.0128684424,1.0000000000,402.491931,GE100_LT500,PRE_SPUTNIK,False,True
6917|128552,6917,128552,4427,85824,101,208,"Hamburg-Bergedorf, Germany","Dr. Remeis-Observatory, Bamberg, Germany","Dr. Remeis-Observatory, Bamberg, Germany | Hamburg-Bergedorf, Germany",OVERLAP,0.000000,"[{""a_fragment"":""PARENT_PROVISIONAL_CONTINUOUS"",""b_fragment"":""PARENT_PROVISIONAL_CONTINUOUS"",""duration_seconds"":235.0,""end_utc"":""1936-03-20T21:55:00+00:00"",""exposure_active"":128552,""exposure_current"":6917,""start_utc"":""1936-03-20T21:51:05+00:00""}]",1,235.000000,235.000000,5217,110560,6446,109118,1,1,16.5596501671,1.0000000000,0.0098469115,1.0000000000,402.491931,GE100_LT500,PRE_SPUTNIK,False,True
6917|128553,6917,128553,4427,85825,101,208,"Hamburg-Bergedorf, Germany","Dr. Remeis-Observatory, Bamberg, Germany","Dr. Remeis-Observatory, Bamberg, Germany | Hamburg-Bergedorf, Germany",GT0_LE5MIN,115.000000,[],0,0.000000,0.000000,5217,110561,6446,109125,1,1,16.4945073601,1.0000000000,0.0098090239,1.0000000000,402.491931,GE100_LT500,PRE_SPUTNIK,False,True
6918|128542,6918,128542,4427,85814,101,208,"Hamburg-Bergedorf, Germany","Dr. Remeis-Observatory, Bamberg, Germany","Dr. Remeis-Observatory, Bamberg, Germany | Hamburg-Bergedorf, Germany",GT0_LE5MIN,65.000000,[],0,0.000000,0.000000,5217,110550,6446,109113,1,1,16.2905838462,1.0000000000,0.0128684424,1.0000000000,402.491931,GE100_LT500,PRE_SPUTNIK,False,True
6918|128552,6918,128552,4427,85824,101,208,"Hamburg-Bergedorf, Germany","Dr. Remeis-Observatory, Bamberg, Germany","Dr. Remeis-Observatory, Bamberg, Germany | Hamburg-Bergedorf, Germany",GT0_LE5MIN,65.000000,[],0,0.000000,0.000000,5217,110560,6446,109118,1,1,16.5596501671,1.0000000000,0.0098469115,1.0000000000,402.491931,GE100_LT500,PRE_SPUTNIK,False,True
6918|128553,6918,128553,4427,85825,101,208,"Hamburg-Bergedorf, Germany","Dr. Remeis-Observatory, Bamberg, Germany","Dr. Remeis-Observatory, Bamberg, Germany | Hamburg-Bergedorf, Germany",OVERLAP,0.000000,"[{""a_fragment"":""PARENT_PROVISIONAL_CONTINUOUS"",""b_fragment"":""PARENT_PROVISIONAL_CONTINUOUS"",""duration_seconds"":184.0,""end_utc"":""1936-03-20T22:00:04+00:00"",""exposure_active"":6918,""exposure_current"":128553,""start_utc"":""1936-03-20T21:57:00+00:00""}]",1,184.000000,184.000000,5217,110561,6446,109125,1,1,16.4945073601,1.0000000000,0.0098090239,1.0000000000,402.491931,GE100_LT500,PRE_SPUTNIK,False,True
6919|128553,6919,128553,4427,85825,101,208,"Hamburg-Bergedorf, Germany","Dr. Remeis-Observatory, Bamberg, Germany","Dr. Remeis-Observatory, Bamberg, Germany | Hamburg-Bergedorf, Germany",OVERLAP,0.000000,"[{""a_fragment"":""PARENT_PROVISIONAL_CONTINUOUS"",""b_fragment"":""PARENT_PROVISIONAL_CONTINUOUS"",""duration_seconds"":239.0,""end_utc"":""1936-03-20T22:05:03+00:00"",""exposure_active"":128553,""exposure_current"":6919,""start_utc"":""1936-03-20T22:01:04+00:00""}]",1,239.000000,239.000000,5217,110561,6446,109125,1,1,16.4945073601,1.0000000000,0.0098090239,1.0000000000,402.491931,GE100_LT500,PRE_SPUTNIK,False,True
6920|128553,6920,128553,4427,85825,101,208,"Hamburg-Bergedorf, Germany","Dr. Remeis-Observatory, Bamberg, Germany","Dr. Remeis-Observatory, Bamberg, Germany | Hamburg-Bergedorf, Germany",OVERLAP,0.000000,"[{""a_fragment"":""PARENT_PROVISIONAL_CONTINUOUS"",""b_fragment"":""PARENT_PROVISIONAL_CONTINUOUS"",""duration_seconds"":239.0,""end_utc"":""1936-03-20T22:10:02+00:00"",""exposure_active"":128553,""exposure_current"":6920,""start_utc"":""1936-03-20T22:06:03+00:00""}]",1,239.000000,239.000000,5217,110561,6446,109125,1,1,16.4945073601,1.0000000000,0.0098090239,1.0000000000,402.491931,GE100_LT500,PRE_SPUTNIK,False,True
6921|128553,6921,128553,4427,85825,101,208,"Hamburg-Bergedorf, Germany","Dr. Remeis-Observatory, Bamberg, Germany","Dr. Remeis-Observatory, Bamberg, Germany | Hamburg-Bergedorf, Germany",OVERLAP,0.000000,"[{""a_fragment"":""PARENT_PROVISIONAL_CONTINUOUS"",""b_fragment"":""PARENT_PROVISIONAL_CONTINUOUS"",""duration_seconds"":239.0,""end_utc"":""1936-03-20T22:15:01+00:00"",""exposure_active"":128553,""exposure_current"":6921,""start_utc"":""1936-03-20T22:11:02+00:00""}]",1,239.000000,239.000000,5217,110561,6446,109125,1,1,16.4945073601,1.0000000000,0.0098090239,1.0000000000,402.491931,GE100_LT500,PRE_SPUTNIK,False,True
6922|128553,6922,128553,4428,85825,101,208,"Hamburg-Bergedorf, Germany","Dr. Remeis-Observatory, Bamberg, Germany","Dr. Remeis-Observatory, Bamberg, Germany | Hamburg-Bergedorf, Germany",OVERLAP,0.000000,"[{""a_fragment"":""PARENT_PROVISIONAL_CONTINUOUS"",""b_fragment"":""PARENT_PROVISIONAL_CONTINUOUS"",""duration_seconds"":240.0,""end_utc"":""1936-03-20T22:25:00+00:00"",""exposure_active"":128553,""exposure_current"":6922,""start_utc"":""1936-03-20T22:21:00+00:00""}]",1,240.000000,240.000000,5218,110561,6456,109125,1,1,16.6121326020,1.0000000000,0.0098766802,1.0000000000,402.491931,GE100_LT500,PRE_SPUTNIK,False,True
6923|128553,6923,128553,4428,85825,101,208,"Hamburg-Bergedorf, Germany","Dr. Remeis-Observatory, Bamberg, Germany","Dr. Remeis-Observatory, Bamberg, Germany | Hamburg-Bergedorf, Germany",OVERLAP,0.000000,"[{""a_fragment"":""PARENT_PROVISIONAL_CONTINUOUS"",""b_fragment"":""PARENT_PROVISIONAL_CONTINUOUS"",""duration_seconds"":239.0,""end_utc"":""1936-03-20T22:29:59+00:00"",""exposure_active"":128553,""exposure_current"":6923,""start_utc"":""1936-03-20T22:26:00+00:00""}]",1,239.000000,239.000000,5218,110561,6456,109125,1,1,16.6121326020,1.0000000000,0.0098766802,1.0000000000,402.491931,GE100_LT500,PRE_SPUTNIK,False,True
6924|128553,6924,128553,4428,85825,101,208,"Hamburg-Bergedorf, Germany","Dr. Remeis-Observatory, Bamberg, Germany","Dr. Remeis-Observatory, Bamberg, Germany | Hamburg-Bergedorf, Germany",OVERLAP,0.000000,"[{""a_fragment"":""PARENT_PROVISIONAL_CONTINUOUS"",""b_fragment"":""PARENT_PROVISIONAL_CONTINUOUS"",""duration_seconds"":239.0,""end_utc"":""1936-03-20T22:34:58+00:00"",""exposure_active"":128553,""exposure_current"":6924,""start_utc"":""1936-03-20T22:30:59+00:00""}]",1,239.000000,239.000000,5218,110561,6456,109125,1,1,16.6121326020,1.0000000000,0.0098766802,1.0000000000,402.491931,GE100_LT500,PRE_SPUTNIK,False,True
6925|128553,6925,128553,4428,85825,101,208,"Hamburg-Bergedorf, Germany","Dr. Remeis-Observatory, Bamberg, Germany","Dr. Remeis-Observatory, Bamberg, Germany | Hamburg-Bergedorf, Germany",OVERLAP,0.000000,"[{""a_fragment"":""PARENT_PROVISIONAL_CONTINUOUS"",""b_fragment"":""PARENT_PROVISIONAL_CONTINUOUS"",""duration_seconds"":239.0,""end_utc"":""1936-03-20T22:39:57+00:00"",""exposure_active"":128553,""exposure_current"":6925,""start_utc"":""1936-03-20T22:35:58+00:00""}]",1,239.000000,239.000000,5218,110561,6456,109125,1,1,16.6121326020,1.0000000000,0.0098766802,1.0000000000,402.491931,GE100_LT500,PRE_SPUTNIK,False,True
6926|128544,6926,128544,4428,85816,101,208,"Hamburg-Bergedorf, Germany","Dr. Remeis-Observatory, Bamberg, Germany","Dr. Remeis-Observatory, Bamberg, Germany | Hamburg-Bergedorf, Germany",GT0_LE5MIN,123.000000,[],0,0.000000,0.000000,5218,110552,6456,109117,1,1,16.6991890822,1.0000000000,0.0125207895,1.0000000000,402.491931,GE100_LT500,PRE_SPUTNIK,False,True
6926|128553,6926,128553,4428,85825,101,208,"Hamburg-Bergedorf, Germany","Dr. Remeis-Observatory, Bamberg, Germany","Dr. Remeis-Observatory, Bamberg, Germany | Hamburg-Bergedorf, Germany",OVERLAP,0.000000,"[{""a_fragment"":""PARENT_PROVISIONAL_CONTINUOUS"",""b_fragment"":""PARENT_PROVISIONAL_CONTINUOUS"",""duration_seconds"":240.0,""end_utc"":""1936-03-20T22:44:57+00:00"",""exposure_active"":128553,""exposure_current"":6926,""start_utc"":""1936-03-20T22:40:57+00:00""}]",1,240.000000,240.000000,5218,110561,6456,109125,1,1,16.6121326020,1.0000000000,0.0098766802,1.0000000000,402.491931,GE100_LT500,PRE_SPUTNIK,False,True
6926|128554,6926,128554,4428,85826,101,208,"Hamburg-Bergedorf, Germany","Dr. Remeis-Observatory, Bamberg, Germany","Dr. Remeis-Observatory, Bamberg, Germany | Hamburg-Bergedorf, Germany",GT0_LE5MIN,123.000000,[],0,0.000000,0.000000,5218,110562,6456,109123,1,1,16.6120737739,1.0000000000,0.0099762277,1.0000000000,402.491931,GE100_LT500,PRE_SPUTNIK,False,True
6927|128544,6927,128544,4428,85816,101,208,"Hamburg-Bergedorf, Germany","Dr. Remeis-Observatory, Bamberg, Germany","Dr. Remeis-Observatory, Bamberg, Germany | Hamburg-Bergedorf, Germany",OVERLAP,0.000000,"[{""a_fragment"":""PARENT_PROVISIONAL_CONTINUOUS"",""b_fragment"":""PARENT_PROVISIONAL_CONTINUOUS"",""duration_seconds"":176.0,""end_utc"":""1936-03-20T22:49:56+00:00"",""exposure_active"":6927,""exposure_current"":128544,""start_utc"":""1936-03-20T22:47:00+00:00""}]",1,176.000000,176.000000,5218,110552,6456,109117,1,1,16.6991890822,1.0000000000,0.0125207895,1.0000000000,402.491931,GE100_LT500,PRE_SPUTNIK,False,True
6927|128553,6927,128553,4428,85825,101,208,"Hamburg-Bergedorf, Germany","Dr. Remeis-Observatory, Bamberg, Germany","Dr. Remeis-Observatory, Bamberg, Germany | Hamburg-Bergedorf, Germany",GT0_LE5MIN,56.000000,[],0,0.000000,0.000000,5218,110561,6456,109125,1,1,16.6121326020,1.0000000000,0.0098766802,1.0000000000,402.491931,GE100_LT500,PRE_SPUTNIK,False,True
6927|128554,6927,128554,4428,85826,101,208,"Hamburg-Bergedorf, Germany","Dr. Remeis-Observatory, Bamberg, Germany","Dr. Remeis-Observatory, Bamberg, Germany | Hamburg-Bergedorf, Germany",OVERLAP,0.000000,"[{""a_fragment"":""PARENT_PROVISIONAL_CONTINUOUS"",""b_fragment"":""PARENT_PROVISIONAL_CONTINUOUS"",""duration_seconds"":176.0,""end_utc"":""1936-03-20T22:49:56+00:00"",""exposure_active"":6927,""exposure_current"":128554,""start_utc"":""1936-03-20T22:47:00+00:00""}]",1,176.000000,176.000000,5218,110562,6456,109123,1,1,16.6120737739,1.0000000000,0.0099762277,1.0000000000,402.491931,GE100_LT500,PRE_SPUTNIK,False,True
6928|128544,6928,128544,4428,85816,101,208,"Hamburg-Bergedorf, Germany","Dr. Remeis-Observatory, Bamberg, Germany","Dr. Remeis-Observatory, Bamberg, Germany | Hamburg-Bergedorf, Germany",OVERLAP,0.000000,"[{""a_fragment"":""PARENT_PROVISIONAL_CONTINUOUS"",""b_fragment"":""PARENT_PROVISIONAL_CONTINUOUS"",""duration_seconds"":239.0,""end_utc"":""1936-03-20T22:54:55+00:00"",""exposure_active"":128544,""exposure_current"":6928,""start_utc"":""1936-03-20T22:50:56+00:00""}]",1,239.000000,239.000000,5218,110552,6456,109117,1,1,16.6991890822,1.0000000000,0.0125207895,1.0000000000,402.491931,GE100_LT500,PRE_SPUTNIK,False,True
6928|128554,6928,128554,4428,85826,101,208,"Hamburg-Bergedorf, Germany","Dr. Remeis-Observatory, Bamberg, Germany","Dr. Remeis-Observatory, Bamberg, Germany | Hamburg-Bergedorf, Germany",OVERLAP,0.000000,"[{""a_fragment"":""PARENT_PROVISIONAL_CONTINUOUS"",""b_fragment"":""PARENT_PROVISIONAL_CONTINUOUS"",""duration_seconds"":239.0,""end_utc"":""1936-03-20T22:54:55+00:00"",""exposure_active"":128554,""exposure_current"":6928,""start_utc"":""1936-03-20T22:50:56+00:00""}]",1,239.000000,239.000000,5218,110562,6456,109123,1,1,16.6120737739,1.0000000000,0.0099762277,1.0000000000,402.491931,GE100_LT500,PRE_SPUTNIK,False,True
6929|128544,6929,128544,4428,85816,101,208,"Hamburg-Bergedorf, Germany","Dr. Remeis-Observatory, Bamberg, Germany","Dr. Remeis-Observatory, Bamberg, Germany | Hamburg-Bergedorf, Germany",OVERLAP,0.000000,"[{""a_fragment"":""PARENT_PROVISIONAL_CONTINUOUS"",""b_fragment"":""PARENT_PROVISIONAL_CONTINUOUS"",""duration_seconds"":239.0,""end_utc"":""1936-03-20T22:59:54+00:00"",""exposure_active"":128544,""exposure_current"":6929,""start_utc"":""1936-03-20T22:55:55+00:00""}]",1,239.000000,239.000000,5218,110552,6456,109117,1,1,16.6991890822,1.0000000000,0.0125207895,1.0000000000,402.491931,GE100_LT500,PRE_SPUTNIK,False,True
6929|128554,6929,128554,4428,85826,101,208,"Hamburg-Bergedorf, Germany","Dr. Remeis-Observatory, Bamberg, Germany","Dr. Remeis-Observatory, Bamberg, Germany | Hamburg-Bergedorf, Germany",OVERLAP,0.000000,"[{""a_fragment"":""PARENT_PROVISIONAL_CONTINUOUS"",""b_fragment"":""PARENT_PROVISIONAL_CONTINUOUS"",""duration_seconds"":239.0,""end_utc"":""1936-03-20T22:59:54+00:00"",""exposure_active"":128554,""exposure_current"":6929,""start_utc"":""1936-03-20T22:55:55+00:00""}]",1,239.000000,239.000000,5218,110562,6456,109123,1,1,16.6120737739,1.0000000000,0.0099762277,1.0000000000,402.491931,GE100_LT500,PRE_SPUTNIK,False,True
6930|128544,6930,128544,4428,85816,101,208,"Hamburg-Bergedorf, Germany","Dr. Remeis-Observatory, Bamberg, Germany","Dr. Remeis-Observatory, Bamberg, Germany | Hamburg-Bergedorf, Germany",OVERLAP,0.000000,"[{""a_fragment"":""PARENT_PROVISIONAL_CONTINUOUS"",""b_fragment"":""PARENT_PROVISIONAL_CONTINUOUS"",""duration_seconds"":239.0,""end_utc"":""1936-03-20T23:04:53+00:00"",""exposure_active"":128544,""exposure_current"":6930,""start_utc"":""1936-03-20T23:00:54+00:00""}]",1,239.000000,239.000000,5218,110552,6456,109117,1,1,16.6991890822,1.0000000000,0.0125207895,1.0000000000,402.491931,GE100_LT500,PRE_SPUTNIK,False,True
6930|128554,6930,128554,4428,85826,101,208,"Hamburg-Bergedorf, Germany","Dr. Remeis-Observatory, Bamberg, Germany","Dr. Remeis-Observatory, Bamberg, Germany | Hamburg-Bergedorf, Germany",OVERLAP,0.000000,"[{""a_fragment"":""PARENT_PROVISIONAL_CONTINUOUS"",""b_fragment"":""PARENT_PROVISIONAL_CONTINUOUS"",""duration_seconds"":239.0,""end_utc"":""1936-03-20T23:04:53+00:00"",""exposure_active"":128554,""exposure_current"":6930,""start_utc"":""1936-03-20T23:00:54+00:00""}]",1,239.000000,239.000000,5218,110562,6456,109123,1,1,16.6120737739,1.0000000000,0.0099762277,1.0000000000,402.491931,GE100_LT500,PRE_SPUTNIK,False,True
6931|128544,6931,128544,4428,85816,101,208,"Hamburg-Bergedorf, Germany","Dr. Remeis-Observatory, Bamberg, Germany","Dr. Remeis-Observatory, Bamberg, Germany | Hamburg-Bergedorf, Germany",OVERLAP,0.000000,"[{""a_fragment"":""PARENT_PROVISIONAL_CONTINUOUS"",""b_fragment"":""PARENT_PROVISIONAL_CONTINUOUS"",""duration_seconds"":539.0,""end_utc"":""1936-03-20T23:14:52+00:00"",""exposure_active"":128544,""exposure_current"":6931,""start_utc"":""1936-03-20T23:05:53+00:00""}]",1,539.000000,539.000000,5218,110552,6456,109117,1,1,16.6991890822,1.0000000000,0.0125207895,1.0000000000,402.491931,GE100_LT500,PRE_SPUTNIK,False,True
6931|128554,6931,128554,4428,85826,101,208,"Hamburg-Bergedorf, Germany","Dr. Remeis-Observatory, Bamberg, Germany","Dr. Remeis-Observatory, Bamberg, Germany | Hamburg-Bergedorf, Germany",OVERLAP,0.000000,"[{""a_fragment"":""PARENT_PROVISIONAL_CONTINUOUS"",""b_fragment"":""PARENT_PROVISIONAL_CONTINUOUS"",""duration_seconds"":539.0,""end_utc"":""1936-03-20T23:14:52+00:00"",""exposure_active"":128554,""exposure_current"":6931,""start_utc"":""1936-03-20T23:05:53+00:00""}]",1,539.000000,539.000000,5218,110562,6456,109123,1,1,16.6120737739,1.0000000000,0.0099762277,1.0000000000,402.491931,GE100_LT500,PRE_SPUTNIK,False,True
6932|128556,6932,128556,4429,85828,101,208,"Hamburg-Bergedorf, Germany","Dr. Remeis-Observatory, Bamberg, Germany","Dr. Remeis-Observatory, Bamberg, Germany | Hamburg-Bergedorf, Germany",OVERLAP,0.000000,"[{""a_fragment"":""PARENT_PROVISIONAL_CONTINUOUS"",""b_fragment"":""PARENT_PROVISIONAL_CONTINUOUS"",""duration_seconds"":1800.0,""end_utc"":""1936-03-21T01:27:00+00:00"",""exposure_active"":6932,""exposure_current"":128556,""start_utc"":""1936-03-21T00:57:00+00:00""}]",1,1800.000000,1800.000000,5220,110564,6484,109124,1,1,45.0253096208,0.3954704120,0.0251490226,0.3954704120,402.491931,GE100_LT500,PRE_SPUTNIK,False,True
6947|128604,6947,128604,4433,85876,101,208,"Hamburg-Bergedorf, Germany","Dr. Remeis-Observatory, Bamberg, Germany","Dr. Remeis-Observatory, Bamberg, Germany | Hamburg-Bergedorf, Germany",OVERLAP,0.000000,"[{""a_fragment"":""PARENT_PROVISIONAL_CONTINUOUS"",""b_fragment"":""PARENT_PROVISIONAL_CONTINUOUS"",""duration_seconds"":215.0,""end_utc"":""1936-04-14T22:36:00+00:00"",""exposure_active"":128604,""exposure_current"":6947,""start_utc"":""1936-04-14T22:32:25+00:00""}]",1,215.000000,215.000000,5226,110608,6485,109156,1,1,35.3521712455,0.3238086300,0.0259254953,0.3238086300,402.491931,GE100_LT500,PRE_SPUTNIK,False,True
6986|128707,6986,128707,4460,85979,101,208,"Hamburg-Bergedorf, Germany","Dr. Remeis-Observatory, Bamberg, Germany","Dr. Remeis-Observatory, Bamberg, Germany | Hamburg-Bergedorf, Germany",OVERLAP,0.000000,"[{""a_fragment"":""PARENT_PROVISIONAL_CONTINUOUS"",""b_fragment"":""PARENT_PROVISIONAL_CONTINUOUS"",""duration_seconds"":1610.0,""end_utc"":""1936-06-16T23:43:50+00:00"",""exposure_active"":6986,""exposure_current"":128707,""start_utc"":""1936-06-16T23:17:00+00:00""}]",1,1610.000000,1610.000000,5276,110709,6550,109224,1,1,89.4868463265,1.0000000000,0.0680794355,1.0000000000,402.491931,GE100_LT500,PRE_SPUTNIK,False,True
6991|128715,6991,128715,4465,85987,101,208,"Hamburg-Bergedorf, Germany","Dr. Remeis-Observatory, Bamberg, Germany","Dr. Remeis-Observatory, Bamberg, Germany | Hamburg-Bergedorf, Germany",OVERLAP,0.000000,"[{""a_fragment"":""PARENT_PROVISIONAL_CONTINUOUS"",""b_fragment"":""PARENT_PROVISIONAL_CONTINUOUS"",""duration_seconds"":231.0,""end_utc"":""1936-06-17T23:56:51+00:00"",""exposure_active"":6991,""exposure_current"":128715,""start_utc"":""1936-06-17T23:53:00+00:00""}]",1,231.000000,231.000000,5286,110717,6566,109230,1,1,84.1109260463,1.0000000000,0.0642612085,1.0000000000,402.491931,GE100_LT500,PRE_SPUTNIK,False,True
6991|128718,6991,128718,4465,85990,101,208,"Hamburg-Bergedorf, Germany","Dr. Remeis-Observatory, Bamberg, Germany","Dr. Remeis-Observatory, Bamberg, Germany | Hamburg-Bergedorf, Germany",OVERLAP,0.000000,"[{""a_fragment"":""PARENT_PROVISIONAL_CONTINUOUS"",""b_fragment"":""PARENT_PROVISIONAL_CONTINUOUS"",""duration_seconds"":231.0,""end_utc"":""1936-06-17T23:56:51+00:00"",""exposure_active"":6991,""exposure_current"":128718,""start_utc"":""1936-06-17T23:53:00+00:00""}]",1,231.000000,231.000000,5286,110720,6566,109228,1,1,61.0179388865,0.6993629313,0.0352178993,0.6993629313,402.491931,GE100_LT500,PRE_SPUTNIK,False,True
6997|128725,6997,128725,4471,85997,101,208,"Hamburg-Bergedorf, Germany","Dr. Remeis-Observatory, Bamberg, Germany","Dr. Remeis-Observatory, Bamberg, Germany | Hamburg-Bergedorf, Germany",OVERLAP,0.000000,"[{""a_fragment"":""PARENT_PROVISIONAL_CONTINUOUS"",""b_fragment"":""1190"",""duration_seconds"":1437.0,""end_utc"":""1936-06-18T23:43:57+00:00"",""exposure_active"":6997,""exposure_current"":128725,""start_utc"":""1936-06-18T23:20:00+00:00""}]",1,1437.000000,1437.000000,5296,110727,6574,109229,1,1,54.0129663576,0.6255075834,0.0315928818,0.6255075834,402.491931,GE100_LT500,PRE_SPUTNIK,False,True
7014|128730,7014,128730,4487,86002,101,208,"Hamburg-Bergedorf, Germany","Dr. Remeis-Observatory, Bamberg, Germany","Dr. Remeis-Observatory, Bamberg, Germany | Hamburg-Bergedorf, Germany",GT0_LE5MIN,262.000000,[],0,0.000000,0.000000,5313,110732,6585,109240,1,1,4.5164830215,0.0501132686,0.0031273011,0.0501132686,402.491931,GE100_LT500,PRE_SPUTNIK,False,True
7014|128733,7014,128733,4487,86005,101,208,"Hamburg-Bergedorf, Germany","Dr. Remeis-Observatory, Bamberg, Germany","Dr. Remeis-Observatory, Bamberg, Germany | Hamburg-Bergedorf, Germany",OVERLAP,0.000000,"[{""a_fragment"":""PARENT_PROVISIONAL_CONTINUOUS"",""b_fragment"":""PARENT_PROVISIONAL_CONTINUOUS"",""duration_seconds"":1196.0,""end_utc"":""1936-06-19T23:55:38+00:00"",""exposure_active"":128733,""exposure_current"":7014,""start_utc"":""1936-06-19T23:35:42+00:00""}]",1,1196.000000,1196.000000,5313,110735,6585,109235,1,1,84.6101064926,1.0000000000,0.0505944750,1.0000000000,402.491931,GE100_LT500,PRE_SPUTNIK,False,True
7051|128869,7051,128869,4520,86140,101,208,"Hamburg-Bergedorf, Germany","Dr. Remeis-Observatory, Bamberg, Germany","Dr. Remeis-Observatory, Bamberg, Germany | Hamburg-Bergedorf, Germany",GT0_LE5MIN,187.000000,[],0,0.000000,0.000000,5366,110865,6620,109308,1,1,16.5629982364,1.0000000000,0.0127275433,1.0000000000,402.491931,GE100_LT500,PRE_SPUTNIK,False,True
7088|128903,7088,128903,4528,86173,101,208,"Hamburg-Bergedorf, Germany","Dr. Remeis-Observatory, Bamberg, Germany","Dr. Remeis-Observatory, Bamberg, Germany | Hamburg-Bergedorf, Germany",OVERLAP,0.000000,"[{""a_fragment"":""PARENT_PROVISIONAL_CONTINUOUS"",""b_fragment"":""PARENT_PROVISIONAL_CONTINUOUS"",""duration_seconds"":25.0,""end_utc"":""1936-09-13T19:46:00+00:00"",""exposure_active"":128903,""exposure_current"":7088,""start_utc"":""1936-09-13T19:45:35+00:00""}]",1,25.000000,25.000000,5380,110897,6631,109329,1,1,16.2350920928,1.0000000000,0.0121609942,1.0000000000,402.491931,GE100_LT500,PRE_SPUTNIK,False,True
7131|128925,7131,128925,4542,86195,101,208,"Hamburg-Bergedorf, Germany","Dr. Remeis-Observatory, Bamberg, Germany","Dr. Remeis-Observatory, Bamberg, Germany | Hamburg-Bergedorf, Germany",OVERLAP,0.000000,"[{""a_fragment"":""PARENT_PROVISIONAL_CONTINUOUS"",""b_fragment"":""PARENT_PROVISIONAL_CONTINUOUS"",""duration_seconds"":1800.0,""end_utc"":""1936-09-17T00:58:00+00:00"",""exposure_active"":7131,""exposure_current"":128925,""start_utc"":""1936-09-17T00:28:00+00:00""}]",1,1800.000000,1800.000000,5407,110919,6665,109336,1,1,63.5806371099,0.5771474234,0.0487935541,0.5771474234,402.491931,GE100_LT500,PRE_SPUTNIK,False,True
7172|128935,7172,128935,4552,86205,101,208,"Hamburg-Bergedorf, Germany","Dr. Remeis-Observatory, Bamberg, Germany","Dr. Remeis-Observatory, Bamberg, Germany | Hamburg-Bergedorf, Germany",GT0_LE5MIN,149.000000,[],0,0.000000,0.000000,5422,110929,6697,109347,1,1,34.7983980825,1.0000000000,0.0265739864,1.0000000000,402.491931,GE100_LT500,PRE_SPUTNIK,False,True
7281|128967,7281,128967,4610,86237,101,208,"Hamburg-Bergedorf, Germany","Dr. Remeis-Observatory, Bamberg, Germany","Dr. Remeis-Observatory, Bamberg, Germany | Hamburg-Bergedorf, Germany",GT0_LE5MIN,67.000000,[],0,0.000000,0.000000,5516,110961,6869,109367,8,1,16.1970480114,1.0000000000,0.0128287187,1.0000000000,402.491931,GE100_LT500,PRE_SPUTNIK,False,True
7282|128967,7282,128967,4611,86237,101,208,"Hamburg-Bergedorf, Germany","Dr. Remeis-Observatory, Bamberg, Germany","Dr. Remeis-Observatory, Bamberg, Germany | Hamburg-Bergedorf, Germany",OVERLAP,0.000000,"[{""a_fragment"":""PARENT_PROVISIONAL_CONTINUOUS"",""b_fragment"":""PARENT_PROVISIONAL_CONTINUOUS"",""duration_seconds"":778.0,""end_utc"":""1937-03-11T01:38:51+00:00"",""exposure_active"":128967,""exposure_current"":7282,""start_utc"":""1937-03-11T01:25:53+00:00""}]",1,778.000000,778.000000,5517,110961,6855,109367,9,1,16.1368996321,1.0000000000,0.0127798601,1.0000000000,402.491931,GE100_LT500,PRE_SPUTNIK,False,True
7283|128967,7283,128967,4611,86237,101,208,"Hamburg-Bergedorf, Germany","Dr. Remeis-Observatory, Bamberg, Germany","Dr. Remeis-Observatory, Bamberg, Germany | Hamburg-Bergedorf, Germany",OVERLAP,0.000000,"[{""a_fragment"":""PARENT_PROVISIONAL_CONTINUOUS"",""b_fragment"":""PARENT_PROVISIONAL_CONTINUOUS"",""duration_seconds"":180.0,""end_utc"":""1937-03-11T01:43:50+00:00"",""exposure_active"":128967,""exposure_current"":7283,""start_utc"":""1937-03-11T01:40:50+00:00""}]",1,180.000000,180.000000,5517,110961,6855,109367,9,1,16.1368996321,1.0000000000,0.0127798601,1.0000000000,402.491931,GE100_LT500,PRE_SPUTNIK,False,True
7284|128967,7284,128967,4611,86237,101,208,"Hamburg-Bergedorf, Germany","Dr. Remeis-Observatory, Bamberg, Germany","Dr. Remeis-Observatory, Bamberg, Germany | Hamburg-Bergedorf, Germany",OVERLAP,0.000000,"[{""a_fragment"":""PARENT_PROVISIONAL_CONTINUOUS"",""b_fragment"":""PARENT_PROVISIONAL_CONTINUOUS"",""duration_seconds"":180.0,""end_utc"":""1937-03-11T01:48:49+00:00"",""exposure_active"":128967,""exposure_current"":7284,""start_utc"":""1937-03-11T01:45:49+00:00""}]",1,180.000000,180.000000,5517,110961,6855,109367,9,1,16.1368996321,1.0000000000,0.0127798601,1.0000000000,402.491931,GE100_LT500,PRE_SPUTNIK,False,True
7285|128967,7285,128967,4611,86237,101,208,"Hamburg-Bergedorf, Germany","Dr. Remeis-Observatory, Bamberg, Germany","Dr. Remeis-Observatory, Bamberg, Germany | Hamburg-Bergedorf, Germany",OVERLAP,0.000000,"[{""a_fragment"":""PARENT_PROVISIONAL_CONTINUOUS"",""b_fragment"":""PARENT_PROVISIONAL_CONTINUOUS"",""duration_seconds"":179.0,""end_utc"":""1937-03-11T01:53:48+00:00"",""exposure_active"":128967,""exposure_current"":7285,""start_utc"":""1937-03-11T01:50:49+00:00""}]",1,179.000000,179.000000,5517,110961,6855,109367,9,1,16.1368996321,1.0000000000,0.0127798601,1.0000000000,402.491931,GE100_LT500,PRE_SPUTNIK,False,True
7285|128968,7285,128968,4611,86238,101,208,"Hamburg-Bergedorf, Germany","Dr. Remeis-Observatory, Bamberg, Germany","Dr. Remeis-Observatory, Bamberg, Germany | Hamburg-Bergedorf, Germany",GT0_LE5MIN,132.000000,[],0,0.000000,0.000000,5517,110962,6855,109372,9,1,16.2836105993,1.0000000000,0.0122963191,1.0000000000,402.491931,GE100_LT500,PRE_SPUTNIK,False,True
7286|128967,7286,128967,4611,86237,101,208,"Hamburg-Bergedorf, Germany","Dr. Remeis-Observatory, Bamberg, Germany","Dr. Remeis-Observatory, Bamberg, Germany | Hamburg-Bergedorf, Germany",GT0_LE5MIN,48.000000,[],0,0.000000,0.000000,5517,110961,6855,109367,9,1,16.1368996321,1.0000000000,0.0127798601,1.0000000000,402.491931,GE100_LT500,PRE_SPUTNIK,False,True
7286|128968,7286,128968,4611,86238,101,208,"Hamburg-Bergedorf, Germany","Dr. Remeis-Observatory, Bamberg, Germany","Dr. Remeis-Observatory, Bamberg, Germany | Hamburg-Bergedorf, Germany",OVERLAP,0.000000,"[{""a_fragment"":""PARENT_PROVISIONAL_CONTINUOUS"",""b_fragment"":""PARENT_PROVISIONAL_CONTINUOUS"",""duration_seconds"":167.0,""end_utc"":""1937-03-11T01:58:47+00:00"",""exposure_active"":7286,""exposure_current"":128968,""start_utc"":""1937-03-11T01:56:00+00:00""}]",1,167.000000,167.000000,5517,110962,6855,109372,9,1,16.2836105993,1.0000000000,0.0122963191,1.0000000000,402.491931,GE100_LT500,PRE_SPUTNIK,False,True
7287|128968,7287,128968,4611,86238,101,208,"Hamburg-Bergedorf, Germany","Dr. Remeis-Observatory, Bamberg, Germany","Dr. Remeis-Observatory, Bamberg, Germany | Hamburg-Bergedorf, Germany",OVERLAP,0.000000,"[{""a_fragment"":""PARENT_PROVISIONAL_CONTINUOUS"",""b_fragment"":""PARENT_PROVISIONAL_CONTINUOUS"",""duration_seconds"":179.0,""end_utc"":""1937-03-11T02:03:46+00:00"",""exposure_active"":128968,""exposure_current"":7287,""start_utc"":""1937-03-11T02:00:47+00:00""}]",1,179.000000,179.000000,5517,110962,6855,109372,9,1,16.2836105993,1.0000000000,0.0122963191,1.0000000000,402.491931,GE100_LT500,PRE_SPUTNIK,False,True
7288|128968,7288,128968,4611,86238,101,208,"Hamburg-Bergedorf, Germany","Dr. Remeis-Observatory, Bamberg, Germany","Dr. Remeis-Observatory, Bamberg, Germany | Hamburg-Bergedorf, Germany",OVERLAP,0.000000,"[{""a_fragment"":""PARENT_PROVISIONAL_CONTINUOUS"",""b_fragment"":""PARENT_PROVISIONAL_CONTINUOUS"",""duration_seconds"":180.0,""end_utc"":""1937-03-11T02:08:46+00:00"",""exposure_active"":128968,""exposure_current"":7288,""start_utc"":""1937-03-11T02:05:46+00:00""}]",1,180.000000,180.000000,5517,110962,6855,109372,9,1,16.2836105993,1.0000000000,0.0122963191,1.0000000000,402.491931,GE100_LT500,PRE_SPUTNIK,False,True
7289|128968,7289,128968,4611,86238,101,208,"Hamburg-Bergedorf, Germany","Dr. Remeis-Observatory, Bamberg, Germany","Dr. Remeis-Observatory, Bamberg, Germany | Hamburg-Bergedorf, Germany",OVERLAP,0.000000,"[{""a_fragment"":""PARENT_PROVISIONAL_CONTINUOUS"",""b_fragment"":""PARENT_PROVISIONAL_CONTINUOUS"",""duration_seconds"":180.0,""end_utc"":""1937-03-11T02:13:45+00:00"",""exposure_active"":128968,""exposure_current"":7289,""start_utc"":""1937-03-11T02:10:45+00:00""}]",1,180.000000,180.000000,5517,110962,6855,109372,9,1,16.2836105993,1.0000000000,0.0122963191,1.0000000000,402.491931,GE100_LT500,PRE_SPUTNIK,False,True
7290|128968,7290,128968,4611,86238,101,208,"Hamburg-Bergedorf, Germany","Dr. Remeis-Observatory, Bamberg, Germany","Dr. Remeis-Observatory, Bamberg, Germany | Hamburg-Bergedorf, Germany",OVERLAP,0.000000,"[{""a_fragment"":""PARENT_PROVISIONAL_CONTINUOUS"",""b_fragment"":""PARENT_PROVISIONAL_CONTINUOUS"",""duration_seconds"":180.0,""end_utc"":""1937-03-11T02:18:44+00:00"",""exposure_active"":128968,""exposure_current"":7290,""start_utc"":""1937-03-11T02:15:44+00:00""}]",1,180.000000,180.000000,5517,110962,6855,109372,9,1,16.2836105993,1.0000000000,0.0122963191,1.0000000000,402.491931,GE100_LT500,PRE_SPUTNIK,False,True
7291|128968,7291,128968,4611,86238,101,208,"Hamburg-Bergedorf, Germany","Dr. Remeis-Observatory, Bamberg, Germany","Dr. Remeis-Observatory, Bamberg, Germany | Hamburg-Bergedorf, Germany",OVERLAP,0.000000,"[{""a_fragment"":""PARENT_PROVISIONAL_CONTINUOUS"",""b_fragment"":""PARENT_PROVISIONAL_CONTINUOUS"",""duration_seconds"":179.0,""end_utc"":""1937-03-11T02:23:43+00:00"",""exposure_active"":128968,""exposure_current"":7291,""start_utc"":""1937-03-11T02:20:44+00:00""}]",1,179.000000,179.000000,5517,110962,6855,109372,9,1,16.2836105993,1.0000000000,0.0122963191,1.0000000000,402.491931,GE100_LT500,PRE_SPUTNIK,False,True
7292|128968,7292,128968,4611,86238,101,208,"Hamburg-Bergedorf, Germany","Dr. Remeis-Observatory, Bamberg, Germany","Dr. Remeis-Observatory, Bamberg, Germany | Hamburg-Bergedorf, Germany",GT0_LE5MIN,282.000000,[],0,0.000000,0.000000,5517,110962,6855,109372,9,1,16.2836105993,1.0000000000,0.0122963191,1.0000000000,402.491931,GE100_LT500,PRE_SPUTNIK,False,True
7318|128987,7318,128987,4616,86257,101,208,"Hamburg-Bergedorf, Germany","Dr. Remeis-Observatory, Bamberg, Germany","Dr. Remeis-Observatory, Bamberg, Germany | Hamburg-Bergedorf, Germany",GT0_LE5MIN,11.000000,[],0,0.000000,0.000000,5523,110977,6907,109387,10,1,0.0094584122,0.0005509756,0.0000066194,0.0005509756,402.491931,GE100_LT500,PRE_SPUTNIK,False,True
7319|128987,7319,128987,4616,86257,101,208,"Hamburg-Bergedorf, Germany","Dr. Remeis-Observatory, Bamberg, Germany","Dr. Remeis-Observatory, Bamberg, Germany | Hamburg-Bergedorf, Germany",OVERLAP,0.000000,"[{""a_fragment"":""PARENT_PROVISIONAL_CONTINUOUS"",""b_fragment"":""PARENT_PROVISIONAL_CONTINUOUS"",""duration_seconds"":179.0,""end_utc"":""1937-03-16T21:55:48+00:00"",""exposure_active"":128987,""exposure_current"":7319,""start_utc"":""1937-03-16T21:52:49+00:00""}]",1,179.000000,179.000000,5523,110977,6907,109387,10,1,0.0094584122,0.0005509756,0.0000066194,0.0005509756,402.491931,GE100_LT500,PRE_SPUTNIK,False,True
7320|128987,7320,128987,4616,86257,101,208,"Hamburg-Bergedorf, Germany","Dr. Remeis-Observatory, Bamberg, Germany","Dr. Remeis-Observatory, Bamberg, Germany | Hamburg-Bergedorf, Germany",OVERLAP,0.000000,"[{""a_fragment"":""PARENT_PROVISIONAL_CONTINUOUS"",""b_fragment"":""PARENT_PROVISIONAL_CONTINUOUS"",""duration_seconds"":179.0,""end_utc"":""1937-03-16T22:00:47+00:00"",""exposure_active"":128987,""exposure_current"":7320,""start_utc"":""1937-03-16T21:57:48+00:00""}]",1,179.000000,179.000000,5523,110977,6907,109387,10,1,0.0094584122,0.0005509756,0.0000066194,0.0005509756,402.491931,GE100_LT500,PRE_SPUTNIK,False,True
7321|128987,7321,128987,4616,86257,101,208,"Hamburg-Bergedorf, Germany","Dr. Remeis-Observatory, Bamberg, Germany","Dr. Remeis-Observatory, Bamberg, Germany | Hamburg-Bergedorf, Germany",OVERLAP,0.000000,"[{""a_fragment"":""PARENT_PROVISIONAL_CONTINUOUS"",""b_fragment"":""PARENT_PROVISIONAL_CONTINUOUS"",""duration_seconds"":179.0,""end_utc"":""1937-03-16T22:05:46+00:00"",""exposure_active"":128987,""exposure_current"":7321,""start_utc"":""1937-03-16T22:02:47+00:00""}]",1,179.000000,179.000000,5523,110977,6907,109387,10,1,0.0094584122,0.0005509756,0.0000066194,0.0005509756,402.491931,GE100_LT500,PRE_SPUTNIK,False,True
7322|128987,7322,128987,4616,86257,101,208,"Hamburg-Bergedorf, Germany","Dr. Remeis-Observatory, Bamberg, Germany","Dr. Remeis-Observatory, Bamberg, Germany | Hamburg-Bergedorf, Germany",OVERLAP,0.000000,"[{""a_fragment"":""PARENT_PROVISIONAL_CONTINUOUS"",""b_fragment"":""PARENT_PROVISIONAL_CONTINUOUS"",""duration_seconds"":180.0,""end_utc"":""1937-03-16T22:10:46+00:00"",""exposure_active"":128987,""exposure_current"":7322,""start_utc"":""1937-03-16T22:07:46+00:00""}]",1,180.000000,180.000000,5523,110977,6907,109387,10,1,0.0094584122,0.0005509756,0.0000066194,0.0005509756,402.491931,GE100_LT500,PRE_SPUTNIK,False,True
7323|128987,7323,128987,4616,86257,101,208,"Hamburg-Bergedorf, Germany","Dr. Remeis-Observatory, Bamberg, Germany","Dr. Remeis-Observatory, Bamberg, Germany | Hamburg-Bergedorf, Germany",OVERLAP,0.000000,"[{""a_fragment"":""PARENT_PROVISIONAL_CONTINUOUS"",""b_fragment"":""PARENT_PROVISIONAL_CONTINUOUS"",""duration_seconds"":180.0,""end_utc"":""1937-03-16T22:15:45+00:00"",""exposure_active"":128987,""exposure_current"":7323,""start_utc"":""1937-03-16T22:12:45+00:00""}]",1,180.000000,180.000000,5523,110977,6907,109387,10,1,0.0094584122,0.0005509756,0.0000066194,0.0005509756,402.491931,GE100_LT500,PRE_SPUTNIK,False,True
7324|128987,7324,128987,4616,86257,101,208,"Hamburg-Bergedorf, Germany","Dr. Remeis-Observatory, Bamberg, Germany","Dr. Remeis-Observatory, Bamberg, Germany | Hamburg-Bergedorf, Germany",OVERLAP,0.000000,"[{""a_fragment"":""PARENT_PROVISIONAL_CONTINUOUS"",""b_fragment"":""PARENT_PROVISIONAL_CONTINUOUS"",""duration_seconds"":180.0,""end_utc"":""1937-03-16T22:20:44+00:00"",""exposure_active"":128987,""exposure_current"":7324,""start_utc"":""1937-03-16T22:17:44+00:00""}]",1,180.000000,180.000000,5523,110977,6907,109387,10,1,0.0094584122,0.0005509756,0.0000066194,0.0005509756,402.491931,GE100_LT500,PRE_SPUTNIK,False,True
7325|128987,7325,128987,4616,86257,101,208,"Hamburg-Bergedorf, Germany","Dr. Remeis-Observatory, Bamberg, Germany","Dr. Remeis-Observatory, Bamberg, Germany | Hamburg-Bergedorf, Germany",GT0_LE5MIN,104.000000,[],0,0.000000,0.000000,5523,110977,6907,109387,10,1,0.0094584122,0.0005509756,0.0000066194,0.0005509756,402.491931,GE100_LT500,PRE_SPUTNIK,False,True
7354|129039,7354,129039,4626,86309,101,208,"Hamburg-Bergedorf, Germany","Dr. Remeis-Observatory, Bamberg, Germany","Dr. Remeis-Observatory, Bamberg, Germany | Hamburg-Bergedorf, Germany",GT0_LE5MIN,169.000000,[],0,0.000000,0.000000,5538,111029,6953,109412,11,1,16.1773252794,1.0000000000,0.0126944421,1.0000000000,402.491931,GE100_LT500,PRE_SPUTNIK,False,True
7355|129039,7355,129039,4626,86309,101,208,"Hamburg-Bergedorf, Germany","Dr. Remeis-Observatory, Bamberg, Germany","Dr. Remeis-Observatory, Bamberg, Germany | Hamburg-Bergedorf, Germany",OVERLAP,0.000000,"[{""a_fragment"":""PARENT_PROVISIONAL_CONTINUOUS"",""b_fragment"":""PARENT_PROVISIONAL_CONTINUOUS"",""duration_seconds"":130.0,""end_utc"":""1937-04-11T22:43:10+00:00"",""exposure_active"":7355,""exposure_current"":129039,""start_utc"":""1937-04-11T22:41:00+00:00""}]",1,130.000000,130.000000,5538,111029,6953,109412,11,1,16.1773252794,1.0000000000,0.0126944421,1.0000000000,402.491931,GE100_LT500,PRE_SPUTNIK,False,True
7356|129039,7356,129039,4626,86309,101,208,"Hamburg-Bergedorf, Germany","Dr. Remeis-Observatory, Bamberg, Germany","Dr. Remeis-Observatory, Bamberg, Germany | Hamburg-Bergedorf, Germany",OVERLAP,0.000000,"[{""a_fragment"":""PARENT_PROVISIONAL_CONTINUOUS"",""b_fragment"":""PARENT_PROVISIONAL_CONTINUOUS"",""duration_seconds"":179.0,""end_utc"":""1937-04-11T22:48:09+00:00"",""exposure_active"":129039,""exposure_current"":7356,""start_utc"":""1937-04-11T22:45:10+00:00""}]",1,179.000000,179.000000,5538,111029,6953,109412,11,1,16.1773252794,1.0000000000,0.0126944421,1.0000000000,402.491931,GE100_LT500,PRE_SPUTNIK,False,True
7357|129039,7357,129039,4626,86309,101,208,"Hamburg-Bergedorf, Germany","Dr. Remeis-Observatory, Bamberg, Germany","Dr. Remeis-Observatory, Bamberg, Germany | Hamburg-Bergedorf, Germany",OVERLAP,0.000000,"[{""a_fragment"":""PARENT_PROVISIONAL_CONTINUOUS"",""b_fragment"":""PARENT_PROVISIONAL_CONTINUOUS"",""duration_seconds"":179.0,""end_utc"":""1937-04-11T22:53:08+00:00"",""exposure_active"":129039,""exposure_current"":7357,""start_utc"":""1937-04-11T22:50:09+00:00""}]",1,179.000000,179.000000,5538,111029,6953,109412,11,1,16.1773252794,1.0000000000,0.0126944421,1.0000000000,402.491931,GE100_LT500,PRE_SPUTNIK,False,True
7358|129039,7358,129039,4626,86309,101,208,"Hamburg-Bergedorf, Germany","Dr. Remeis-Observatory, Bamberg, Germany","Dr. Remeis-Observatory, Bamberg, Germany | Hamburg-Bergedorf, Germany",OVERLAP,0.000000,"[{""a_fragment"":""PARENT_PROVISIONAL_CONTINUOUS"",""b_fragment"":""PARENT_PROVISIONAL_CONTINUOUS"",""duration_seconds"":179.0,""end_utc"":""1937-04-11T22:58:07+00:00"",""exposure_active"":129039,""exposure_current"":7358,""start_utc"":""1937-04-11T22:55:08+00:00""}]",1,179.000000,179.000000,5538,111029,6953,109412,11,1,16.1773252794,1.0000000000,0.0126944421,1.0000000000,402.491931,GE100_LT500,PRE_SPUTNIK,False,True
7359|129039,7359,129039,4627,86309,101,208,"Hamburg-Bergedorf, Germany","Dr. Remeis-Observatory, Bamberg, Germany","Dr. Remeis-Observatory, Bamberg, Germany | Hamburg-Bergedorf, Germany",OVERLAP,0.000000,"[{""a_fragment"":""PARENT_PROVISIONAL_CONTINUOUS"",""b_fragment"":""PARENT_PROVISIONAL_CONTINUOUS"",""duration_seconds"":180.0,""end_utc"":""1937-04-11T23:03:07+00:00"",""exposure_active"":129039,""exposure_current"":7359,""start_utc"":""1937-04-11T23:00:07+00:00""}]",1,180.000000,180.000000,5539,111029,6954,109412,1,1,16.2291010915,1.0000000000,0.0127347656,1.0000000000,402.491931,GE100_LT500,PRE_SPUTNIK,False,True
7360|129039,7360,129039,4627,86309,101,208,"Hamburg-Bergedorf, Germany","Dr. Remeis-Observatory, Bamberg, Germany","Dr. Remeis-Observatory, Bamberg, Germany | Hamburg-Bergedorf, Germany",OVERLAP,0.000000,"[{""a_fragment"":""PARENT_PROVISIONAL_CONTINUOUS"",""b_fragment"":""PARENT_PROVISIONAL_CONTINUOUS"",""duration_seconds"":180.0,""end_utc"":""1937-04-11T23:08:06+00:00"",""exposure_active"":129039,""exposure_current"":7360,""start_utc"":""1937-04-11T23:05:06+00:00""}]",1,180.000000,180.000000,5539,111029,6954,109412,1,1,16.2291010915,1.0000000000,0.0127347656,1.0000000000,402.491931,GE100_LT500,PRE_SPUTNIK,False,True
7360|129040,7360,129040,4627,86310,101,208,"Hamburg-Bergedorf, Germany","Dr. Remeis-Observatory, Bamberg, Germany","Dr. Remeis-Observatory, Bamberg, Germany | Hamburg-Bergedorf, Germany",GT0_LE5MIN,234.000000,[],0,0.000000,0.000000,5539,111030,6954,109414,1,1,8.9283787972,0.5348088035,0.0066194221,0.5348088035,402.491931,GE100_LT500,PRE_SPUTNIK,False,True
7361|129039,7361,129039,4627,86309,101,208,"Hamburg-Bergedorf, Germany","Dr. Remeis-Observatory, Bamberg, Germany","Dr. Remeis-Observatory, Bamberg, Germany | Hamburg-Bergedorf, Germany",OVERLAP,0.000000,"[{""a_fragment"":""PARENT_PROVISIONAL_CONTINUOUS"",""b_fragment"":""PARENT_PROVISIONAL_CONTINUOUS"",""duration_seconds"":54.0,""end_utc"":""1937-04-11T23:11:00+00:00"",""exposure_active"":129039,""exposure_current"":7361,""start_utc"":""1937-04-11T23:10:06+00:00""}]",1,54.000000,54.000000,5539,111029,6954,109412,1,1,16.2291010915,1.0000000000,0.0127347656,1.0000000000,402.491931,GE100_LT500,PRE_SPUTNIK,False,True
7361|129040,7361,129040,4627,86310,101,208,"Hamburg-Bergedorf, Germany","Dr. Remeis-Observatory, Bamberg, Germany","Dr. Remeis-Observatory, Bamberg, Germany | Hamburg-Bergedorf, Germany",OVERLAP,0.000000,"[{""a_fragment"":""PARENT_PROVISIONAL_CONTINUOUS"",""b_fragment"":""PARENT_PROVISIONAL_CONTINUOUS"",""duration_seconds"":65.0,""end_utc"":""1937-04-11T23:13:05+00:00"",""exposure_active"":7361,""exposure_current"":129040,""start_utc"":""1937-04-11T23:12:00+00:00""}]",1,65.000000,65.000000,5539,111030,6954,109414,1,1,8.9283787972,0.5348088035,0.0066194221,0.5348088035,402.491931,GE100_LT500,PRE_SPUTNIK,False,True
7362|129039,7362,129039,4627,86309,101,208,"Hamburg-Bergedorf, Germany","Dr. Remeis-Observatory, Bamberg, Germany","Dr. Remeis-Observatory, Bamberg, Germany | Hamburg-Bergedorf, Germany",GT0_LE5MIN,245.000000,[],0,0.000000,0.000000,5539,111029,6954,109412,1,1,16.2291010915,1.0000000000,0.0127347656,1.0000000000,402.491931,GE100_LT500,PRE_SPUTNIK,False,True
7362|129040,7362,129040,4627,86310,101,208,"Hamburg-Bergedorf, Germany","Dr. Remeis-Observatory, Bamberg, Germany","Dr. Remeis-Observatory, Bamberg, Germany | Hamburg-Bergedorf, Germany",OVERLAP,0.000000,"[{""a_fragment"":""PARENT_PROVISIONAL_CONTINUOUS"",""b_fragment"":""PARENT_PROVISIONAL_CONTINUOUS"",""duration_seconds"":179.0,""end_utc"":""1937-04-11T23:18:04+00:00"",""exposure_active"":129040,""exposure_current"":7362,""start_utc"":""1937-04-11T23:15:05+00:00""}]",1,179.000000,179.000000,5539,111030,6954,109414,1,1,8.9283787972,0.5348088035,0.0066194221,0.5348088035,402.491931,GE100_LT500,PRE_SPUTNIK,False,True
7363|129040,7363,129040,4627,86310,101,208,"Hamburg-Bergedorf, Germany","Dr. Remeis-Observatory, Bamberg, Germany","Dr. Remeis-Observatory, Bamberg, Germany | Hamburg-Bergedorf, Germany",OVERLAP,0.000000,"[{""a_fragment"":""PARENT_PROVISIONAL_CONTINUOUS"",""b_fragment"":""PARENT_PROVISIONAL_CONTINUOUS"",""duration_seconds"":179.0,""end_utc"":""1937-04-11T23:23:03+00:00"",""exposure_active"":129040,""exposure_current"":7363,""start_utc"":""1937-04-11T23:20:04+00:00""}]",1,179.000000,179.000000,5539,111030,6954,109414,1,1,8.9283787972,0.5348088035,0.0066194221,0.5348088035,402.491931,GE100_LT500,PRE_SPUTNIK,False,True
7364|129040,7364,129040,4627,86310,101,208,"Hamburg-Bergedorf, Germany","Dr. Remeis-Observatory, Bamberg, Germany","Dr. Remeis-Observatory, Bamberg, Germany | Hamburg-Bergedorf, Germany",OVERLAP,0.000000,"[{""a_fragment"":""PARENT_PROVISIONAL_CONTINUOUS"",""b_fragment"":""PARENT_PROVISIONAL_CONTINUOUS"",""duration_seconds"":180.0,""end_utc"":""1937-04-11T23:28:03+00:00"",""exposure_active"":129040,""exposure_current"":7364,""start_utc"":""1937-04-11T23:25:03+00:00""}]",1,180.000000,180.000000,5539,111030,6954,109414,1,1,8.9283787972,0.5348088035,0.0066194221,0.5348088035,402.491931,GE100_LT500,PRE_SPUTNIK,False,True
7365|129040,7365,129040,4627,86310,101,208,"Hamburg-Bergedorf, Germany","Dr. Remeis-Observatory, Bamberg, Germany","Dr. Remeis-Observatory, Bamberg, Germany | Hamburg-Bergedorf, Germany",OVERLAP,0.000000,"[{""a_fragment"":""PARENT_PROVISIONAL_CONTINUOUS"",""b_fragment"":""PARENT_PROVISIONAL_CONTINUOUS"",""duration_seconds"":180.0,""end_utc"":""1937-04-11T23:33:02+00:00"",""exposure_active"":129040,""exposure_current"":7365,""start_utc"":""1937-04-11T23:30:02+00:00""}]",1,180.000000,180.000000,5539,111030,6954,109414,1,1,8.9283787972,0.5348088035,0.0066194221,0.5348088035,402.491931,GE100_LT500,PRE_SPUTNIK,False,True
7366|129040,7366,129040,4627,86310,101,208,"Hamburg-Bergedorf, Germany","Dr. Remeis-Observatory, Bamberg, Germany","Dr. Remeis-Observatory, Bamberg, Germany | Hamburg-Bergedorf, Germany",OVERLAP,0.000000,"[{""a_fragment"":""PARENT_PROVISIONAL_CONTINUOUS"",""b_fragment"":""PARENT_PROVISIONAL_CONTINUOUS"",""duration_seconds"":180.0,""end_utc"":""1937-04-11T23:38:01+00:00"",""exposure_active"":129040,""exposure_current"":7366,""start_utc"":""1937-04-11T23:35:01+00:00""}]",1,180.000000,180.000000,5539,111030,6954,109414,1,1,8.9283787972,0.5348088035,0.0066194221,0.5348088035,402.491931,GE100_LT500,PRE_SPUTNIK,False,True
7367|129040,7367,129040,4627,86310,101,208,"Hamburg-Bergedorf, Germany","Dr. Remeis-Observatory, Bamberg, Germany","Dr. Remeis-Observatory, Bamberg, Germany | Hamburg-Bergedorf, Germany",OVERLAP,0.000000,"[{""a_fragment"":""PARENT_PROVISIONAL_CONTINUOUS"",""b_fragment"":""PARENT_PROVISIONAL_CONTINUOUS"",""duration_seconds"":179.0,""end_utc"":""1937-04-11T23:43:00+00:00"",""exposure_active"":129040,""exposure_current"":7367,""start_utc"":""1937-04-11T23:40:01+00:00""}]",1,179.000000,179.000000,5539,111030,6954,109414,1,1,8.9283787972,0.5348088035,0.0066194221,0.5348088035,402.491931,GE100_LT500,PRE_SPUTNIK,False,True
7368|129040,7368,129040,4627,86310,101,208,"Hamburg-Bergedorf, Germany","Dr. Remeis-Observatory, Bamberg, Germany","Dr. Remeis-Observatory, Bamberg, Germany | Hamburg-Bergedorf, Germany",OVERLAP,0.000000,"[{""a_fragment"":""PARENT_PROVISIONAL_CONTINUOUS"",""b_fragment"":""PARENT_PROVISIONAL_CONTINUOUS"",""duration_seconds"":179.0,""end_utc"":""1937-04-11T23:47:59+00:00"",""exposure_active"":129040,""exposure_current"":7368,""start_utc"":""1937-04-11T23:45:00+00:00""}]",1,179.000000,179.000000,5539,111030,6954,109414,1,1,8.9283787972,0.5348088035,0.0066194221,0.5348088035,402.491931,GE100_LT500,PRE_SPUTNIK,False,True
7369|129040,7369,129040,4628,86310,101,208,"Hamburg-Bergedorf, Germany","Dr. Remeis-Observatory, Bamberg, Germany","Dr. Remeis-Observatory, Bamberg, Germany | Hamburg-Bergedorf, Germany",OVERLAP,0.000000,"[{""a_fragment"":""PARENT_PROVISIONAL_CONTINUOUS"",""b_fragment"":""PARENT_PROVISIONAL_CONTINUOUS"",""duration_seconds"":123.0,""end_utc"":""1937-04-12T00:02:00+00:00"",""exposure_active"":129040,""exposure_current"":7369,""start_utc"":""1937-04-11T23:59:57+00:00""}]",1,123.000000,123.000000,5540,111030,6928,109414,7,1,9.1473251416,0.5520788467,0.0067860266,0.5520788467,402.491931,GE100_LT500,PRE_SPUTNIK,False,True
7370|129040,7370,129040,4628,86310,101,208,"Hamburg-Bergedorf, Germany","Dr. Remeis-Observatory, Bamberg, Germany","Dr. Remeis-Observatory, Bamberg, Germany | Hamburg-Bergedorf, Germany",GT0_LE5MIN,176.000000,[],0,0.000000,0.000000,5540,111030,6928,109414,7,1,9.1473251416,0.5520788467,0.0067860266,0.5520788467,402.491931,GE100_LT500,PRE_SPUTNIK,False,True
7379|129045,7379,129045,4632,86315,101,208,"Hamburg-Bergedorf, Germany","Dr. Remeis-Observatory, Bamberg, Germany","Dr. Remeis-Observatory, Bamberg, Germany | Hamburg-Bergedorf, Germany",OVERLAP,0.000000,"[{""a_fragment"":""PARENT_PROVISIONAL_CONTINUOUS"",""b_fragment"":""PARENT_PROVISIONAL_CONTINUOUS"",""duration_seconds"":763.0,""end_utc"":""1937-04-12T02:45:00+00:00"",""exposure_active"":129045,""exposure_current"":7379,""start_utc"":""1937-04-12T02:32:17+00:00""}]",1,763.000000,763.000000,5548,111035,7010,109423,1,1,80.4954324828,0.7333845702,0.0597833001,0.7333845702,402.491931,GE100_LT500,PRE_SPUTNIK,False,True
7393|129067,7393,129067,4643,86337,101,208,"Hamburg-Bergedorf, Germany","Dr. Remeis-Observatory, Bamberg, Germany","Dr. Remeis-Observatory, Bamberg, Germany | Hamburg-Bergedorf, Germany",OVERLAP,0.000000,"[{""a_fragment"":""PARENT_PROVISIONAL_CONTINUOUS"",""b_fragment"":""PARENT_PROVISIONAL_CONTINUOUS"",""duration_seconds"":354.0,""end_utc"":""1937-04-30T23:46:00+00:00"",""exposure_active"":129067,""exposure_current"":7393,""start_utc"":""1937-04-30T23:40:06+00:00""}]",1,354.000000,354.000000,5564,111057,6984,109432,1,1,11.0013106701,0.6638314178,0.0083371304,0.6638314178,402.491931,GE100_LT500,PRE_SPUTNIK,False,True
7401|129084,7401,129084,4650,86354,101,208,"Hamburg-Bergedorf, Germany","Dr. Remeis-Observatory, Bamberg, Germany","Dr. Remeis-Observatory, Bamberg, Germany | Hamburg-Bergedorf, Germany",OVERLAP,0.000000,"[{""a_fragment"":""PARENT_PROVISIONAL_CONTINUOUS"",""b_fragment"":""PARENT_PROVISIONAL_CONTINUOUS"",""duration_seconds"":1182.0,""end_utc"":""1937-05-01T23:08:00+00:00"",""exposure_active"":129084,""exposure_current"":7401,""start_utc"":""1937-05-01T22:48:18+00:00""}]",1,1182.000000,1182.000000,5574,111074,6999,109440,1,1,35.4507791043,1.0000000000,0.0212863517,1.0000000000,402.491931,GE100_LT500,PRE_SPUTNIK,False,True
7409|129090,7409,129090,4657,86360,101,208,"Hamburg-Bergedorf, Germany","Dr. Remeis-Observatory, Bamberg, Germany","Dr. Remeis-Observatory, Bamberg, Germany | Hamburg-Bergedorf, Germany",OVERLAP,0.000000,"[{""a_fragment"":""PARENT_PROVISIONAL_CONTINUOUS"",""b_fragment"":""PARENT_PROVISIONAL_CONTINUOUS"",""duration_seconds"":418.0,""end_utc"":""1937-05-02T22:29:54+00:00"",""exposure_active"":129090,""exposure_current"":7409,""start_utc"":""1937-05-02T22:22:56+00:00""}]",1,418.000000,418.000000,5583,111080,7003,109445,1,1,5.2856221584,0.3122366515,0.0038944784,0.3122366515,402.491931,GE100_LT500,PRE_SPUTNIK,False,True
7448|129159,7448,129159,4696,86429,101,208,"Hamburg-Bergedorf, Germany","Dr. Remeis-Observatory, Bamberg, Germany","Dr. Remeis-Observatory, Bamberg, Germany | Hamburg-Bergedorf, Germany",GT0_LE5MIN,267.000000,[],0,0.000000,0.000000,5655,111149,7077,109486,1,1,16.0911918654,1.0000000000,0.0125772289,1.0000000000,402.491931,GE100_LT500,PRE_SPUTNIK,False,True
7449|129159,7449,129159,4697,86429,101,208,"Hamburg-Bergedorf, Germany","Dr. Remeis-Observatory, Bamberg, Germany","Dr. Remeis-Observatory, Bamberg, Germany | Hamburg-Bergedorf, Germany",OVERLAP,0.000000,"[{""a_fragment"":""PARENT_PROVISIONAL_CONTINUOUS"",""b_fragment"":""PARENT_PROVISIONAL_CONTINUOUS"",""duration_seconds"":329.0,""end_utc"":""1937-06-09T23:03:00+00:00"",""exposure_active"":129159,""exposure_current"":7449,""start_utc"":""1937-06-09T22:57:31+00:00""}]",1,329.000000,329.000000,5656,111149,7078,109486,1,1,16.3845367156,1.0000000000,0.0128059488,1.0000000000,402.491931,GE100_LT500,PRE_SPUTNIK,False,True
7450|129159,7450,129159,4698,86429,101,208,"Hamburg-Bergedorf, Germany","Dr. Remeis-Observatory, Bamberg, Germany","Dr. Remeis-Observatory, Bamberg, Germany | Hamburg-Bergedorf, Germany",OVERLAP,0.000000,"[{""a_fragment"":""PARENT_PROVISIONAL_CONTINUOUS"",""b_fragment"":""PARENT_PROVISIONAL_CONTINUOUS"",""duration_seconds"":300.0,""end_utc"":""1937-06-09T23:17:28+00:00"",""exposure_active"":129159,""exposure_current"":7450,""start_utc"":""1937-06-09T23:12:28+00:00""}]",1,300.000000,300.000000,5658,111149,7080,109486,1,1,16.3039793830,1.0000000000,0.0127422557,1.0000000000,402.491931,GE100_LT500,PRE_SPUTNIK,False,True
7459|129175,7459,129175,4707,86445,101,208,"Hamburg-Bergedorf, Germany","Dr. Remeis-Observatory, Bamberg, Germany","Dr. Remeis-Observatory, Bamberg, Germany | Hamburg-Bergedorf, Germany",OVERLAP,0.000000,"[{""a_fragment"":""PARENT_PROVISIONAL_CONTINUOUS"",""b_fragment"":""PARENT_PROVISIONAL_CONTINUOUS"",""duration_seconds"":264.0,""end_utc"":""1937-06-10T23:58:24+00:00"",""exposure_active"":7459,""exposure_current"":129175,""start_utc"":""1937-06-10T23:54:00+00:00""}]",1,264.000000,264.000000,5677,111165,7097,109489,1,1,15.8469349927,1.0000000000,0.0097158978,1.0000000000,402.491931,GE100_LT500,PRE_SPUTNIK,False,True
7460|129175,7460,129175,4708,86445,101,208,"Hamburg-Bergedorf, Germany","Dr. Remeis-Observatory, Bamberg, Germany","Dr. Remeis-Observatory, Bamberg, Germany | Hamburg-Bergedorf, Germany",OVERLAP,0.000000,"[{""a_fragment"":""PARENT_PROVISIONAL_CONTINUOUS"",""b_fragment"":""PARENT_PROVISIONAL_CONTINUOUS"",""duration_seconds"":299.0,""end_utc"":""1937-06-11T00:13:22+00:00"",""exposure_active"":129175,""exposure_current"":7460,""start_utc"":""1937-06-11T00:08:23+00:00""}]",1,299.000000,299.000000,5678,111165,7098,109489,1,1,16.1135018134,1.0000000000,0.0098796429,1.0000000000,402.491931,GE100_LT500,PRE_SPUTNIK,False,True
7511|129345,7511,129345,4759,86615,101,208,"Hamburg-Bergedorf, Germany","Dr. Remeis-Observatory, Bamberg, Germany","Dr. Remeis-Observatory, Bamberg, Germany | Hamburg-Bergedorf, Germany",OVERLAP,0.000000,"[{""a_fragment"":""PARENT_PROVISIONAL_CONTINUOUS"",""b_fragment"":""PARENT_PROVISIONAL_CONTINUOUS"",""duration_seconds"":1364.0,""end_utc"":""1937-09-05T00:48:00+00:00"",""exposure_active"":129345,""exposure_current"":7511,""start_utc"":""1937-09-05T00:25:16+00:00""}]",1,1364.000000,1364.000000,5769,111335,7193,109596,1,1,1.1671876778,0.0126894449,0.0008598039,0.0126894449,402.491931,GE100_LT500,PRE_SPUTNIK,False,True
7513|129350,7513,129350,4761,86620,101,208,"Hamburg-Bergedorf, Germany","Dr. Remeis-Observatory, Bamberg, Germany","Dr. Remeis-Observatory, Bamberg, Germany | Hamburg-Bergedorf, Germany",OVERLAP,0.000000,"[{""a_fragment"":""PARENT_PROVISIONAL_CONTINUOUS"",""b_fragment"":""PARENT_PROVISIONAL_CONTINUOUS"",""duration_seconds"":1152.0,""end_utc"":""1937-09-05T21:51:00+00:00"",""exposure_active"":129350,""exposure_current"":7513,""start_utc"":""1937-09-05T21:31:48+00:00""}]",1,1152.000000,1152.000000,5772,111340,7245,109597,1,1,85.8961396822,1.0000000000,0.0681244420,1.0000000000,402.491931,GE100_LT500,PRE_SPUTNIK,False,True
7549|129357,7549,129357,4767,86627,101,208,"Hamburg-Bergedorf, Germany","Dr. Remeis-Observatory, Bamberg, Germany","Dr. Remeis-Observatory, Bamberg, Germany | Hamburg-Bergedorf, Germany",OVERLAP,0.000000,"[{""a_fragment"":""PARENT_PROVISIONAL_CONTINUOUS"",""b_fragment"":""PARENT_PROVISIONAL_CONTINUOUS"",""duration_seconds"":598.0,""end_utc"":""1937-09-06T01:32:08+00:00"",""exposure_active"":129357,""exposure_current"":7549,""start_utc"":""1937-09-06T01:22:10+00:00""}]",1,598.000000,598.000000,5781,111347,7205,109601,2,1,33.9344988089,0.9578179915,0.0263280784,0.9578179915,402.491931,GE100_LT500,PRE_SPUTNIK,False,True
7550|129357,7550,129357,4768,86627,101,208,"Hamburg-Bergedorf, Germany","Dr. Remeis-Observatory, Bamberg, Germany","Dr. Remeis-Observatory, Bamberg, Germany | Hamburg-Bergedorf, Germany",OVERLAP,0.000000,"[{""a_fragment"":""PARENT_PROVISIONAL_CONTINUOUS"",""b_fragment"":""PARENT_PROVISIONAL_CONTINUOUS"",""duration_seconds"":119.0,""end_utc"":""1937-09-06T01:37:07+00:00"",""exposure_active"":129357,""exposure_current"":7550,""start_utc"":""1937-09-06T01:35:08+00:00""}]",1,119.000000,119.000000,5784,111347,7198,109601,1,1,33.9951844553,0.9543689374,0.0263728331,0.9543689374,402.491931,GE100_LT500,PRE_SPUTNIK,False,True
7554|129362,7554,129362,4772,86632,101,208,"Hamburg-Bergedorf, Germany","Dr. Remeis-Observatory, Bamberg, Germany","Dr. Remeis-Observatory, Bamberg, Germany | Hamburg-Bergedorf, Germany",OVERLAP,0.000000,"[{""a_fragment"":""PARENT_PROVISIONAL_CONTINUOUS"",""b_fragment"":""PARENT_PROVISIONAL_CONTINUOUS"",""duration_seconds"":299.0,""end_utc"":""1937-09-06T21:15:59+00:00"",""exposure_active"":129362,""exposure_current"":7554,""start_utc"":""1937-09-06T21:11:00+00:00""}]",1,299.000000,299.000000,5790,111351,7208,109602,1,1,15.9513504715,1.0000000000,0.0125652655,1.0000000000,402.491931,GE100_LT500,PRE_SPUTNIK,False,True
7559|129374,7559,129374,4777,86644,101,208,"Hamburg-Bergedorf, Germany","Dr. Remeis-Observatory, Bamberg, Germany","Dr. Remeis-Observatory, Bamberg, Germany | Hamburg-Bergedorf, Germany",GT0_LE5MIN,28.000000,[],0,0.000000,0.000000,5797,111363,7249,109604,1,1,11.0903594613,0.3100768633,0.0084411156,0.3100768633,402.491931,GE100_LT500,PRE_SPUTNIK,False,True
7573|129383,7573,129383,4791,86653,101,208,"Hamburg-Bergedorf, Germany","Dr. Remeis-Observatory, Bamberg, Germany","Dr. Remeis-Observatory, Bamberg, Germany | Hamburg-Bergedorf, Germany",OVERLAP,0.000000,"[{""a_fragment"":""PARENT_PROVISIONAL_CONTINUOUS"",""b_fragment"":""PARENT_PROVISIONAL_CONTINUOUS"",""duration_seconds"":34.0,""end_utc"":""1937-09-27T19:14:00+00:00"",""exposure_active"":129383,""exposure_current"":7573,""start_utc"":""1937-09-27T19:13:26+00:00""}]",1,34.000000,34.000000,5823,111372,7266,109612,1,1,16.3025273315,1.0000000000,0.0126726762,1.0000000000,402.491931,GE100_LT500,PRE_SPUTNIK,False,True
7574|129384,7574,129384,4792,86654,101,208,"Hamburg-Bergedorf, Germany","Dr. Remeis-Observatory, Bamberg, Germany","Dr. Remeis-Observatory, Bamberg, Germany | Hamburg-Bergedorf, Germany",OVERLAP,0.000000,"[{""a_fragment"":""PARENT_PROVISIONAL_CONTINUOUS"",""b_fragment"":""PARENT_PROVISIONAL_CONTINUOUS"",""duration_seconds"":799.0,""end_utc"":""1937-09-27T19:58:19+00:00"",""exposure_active"":7574,""exposure_current"":129384,""start_utc"":""1937-09-27T19:45:00+00:00""}]",1,799.000000,799.000000,5826,111373,7300,109615,1,1,81.8449874242,0.9401288997,0.0631817405,0.9401288997,402.491931,GE100_LT500,PRE_SPUTNIK,False,True
7575|129384,7575,129384,4793,86654,101,208,"Hamburg-Bergedorf, Germany","Dr. Remeis-Observatory, Bamberg, Germany","Dr. Remeis-Observatory, Bamberg, Germany | Hamburg-Bergedorf, Germany",OVERLAP,0.000000,"[{""a_fragment"":""PARENT_PROVISIONAL_CONTINUOUS"",""b_fragment"":""PARENT_PROVISIONAL_CONTINUOUS"",""duration_seconds"":104.0,""end_utc"":""1937-09-27T20:15:00+00:00"",""exposure_active"":129384,""exposure_current"":7575,""start_utc"":""1937-09-27T20:13:16+00:00""}]",1,104.000000,104.000000,5827,111373,7271,109615,1,1,15.2524448808,0.9139473210,0.0117289460,0.9139473210,402.491931,GE100_LT500,PRE_SPUTNIK,False,True
7640|129411,7640,129411,4830,86681,101,208,"Hamburg-Bergedorf, Germany","Dr. Remeis-Observatory, Bamberg, Germany","Dr. Remeis-Observatory, Bamberg, Germany | Hamburg-Bergedorf, Germany",OVERLAP,0.000000,"[{""a_fragment"":""PARENT_PROVISIONAL_CONTINUOUS"",""b_fragment"":""PARENT_PROVISIONAL_CONTINUOUS"",""duration_seconds"":180.0,""end_utc"":""1937-10-27T18:40:00+00:00"",""exposure_active"":129411,""exposure_current"":7640,""start_utc"":""1937-10-27T18:37:00+00:00""}]",1,180.000000,180.000000,5899,111400,7397,109635,1,1,80.7818947378,0.9181991549,0.0599306625,0.9181991549,402.491931,GE100_LT500,PRE_SPUTNIK,False,True
7646|129424,7646,129424,4836,86694,101,208,"Hamburg-Bergedorf, Germany","Dr. Remeis-Observatory, Bamberg, Germany","Dr. Remeis-Observatory, Bamberg, Germany | Hamburg-Bergedorf, Germany",OVERLAP,0.000000,"[{""a_fragment"":""PARENT_PROVISIONAL_CONTINUOUS"",""b_fragment"":""PARENT_PROVISIONAL_CONTINUOUS"",""duration_seconds"":1214.0,""end_utc"":""1937-10-28T19:07:14+00:00"",""exposure_active"":7646,""exposure_current"":129424,""start_utc"":""1937-10-28T18:47:00+00:00""}]",1,1214.000000,1214.000000,5910,111413,7402,109643,1,1,86.2574241398,1.0000000000,0.0684122472,1.0000000000,402.491931,GE100_LT500,PRE_SPUTNIK,False,True
7647|129429,7647,129429,4837,86699,101,208,"Hamburg-Bergedorf, Germany","Dr. Remeis-Observatory, Bamberg, Germany","Dr. Remeis-Observatory, Bamberg, Germany | Hamburg-Bergedorf, Germany",OVERLAP,0.000000,"[{""a_fragment"":""PARENT_PROVISIONAL_CONTINUOUS"",""b_fragment"":""PARENT_PROVISIONAL_CONTINUOUS"",""duration_seconds"":1800.0,""end_utc"":""1937-10-28T21:55:00+00:00"",""exposure_active"":7647,""exposure_current"":129429,""start_utc"":""1937-10-28T21:25:00+00:00""}]",1,1800.000000,1800.000000,5913,111418,7396,109649,1,1,53.1782282103,0.4830795444,0.0408845914,0.4830795444,402.491931,GE100_LT500,PRE_SPUTNIK,False,True
7647|129438,7647,129438,4837,86708,101,208,"Hamburg-Bergedorf, Germany","Dr. Remeis-Observatory, Bamberg, Germany","Dr. Remeis-Observatory, Bamberg, Germany | Hamburg-Bergedorf, Germany",OVERLAP,0.000000,"[{""a_fragment"":""PARENT_PROVISIONAL_CONTINUOUS"",""b_fragment"":""PARENT_PROVISIONAL_CONTINUOUS"",""duration_seconds"":1800.0,""end_utc"":""1937-10-28T21:55:00+00:00"",""exposure_active"":7647,""exposure_current"":129438,""start_utc"":""1937-10-28T21:25:00+00:00""}]",1,1800.000000,1800.000000,5913,111427,7396,109645,1,1,106.8275433546,1.0000000000,0.0648668608,1.0000000000,402.491931,GE100_LT500,PRE_SPUTNIK,False,True
7647|129439,7647,129439,4837,86709,101,208,"Hamburg-Bergedorf, Germany","Dr. Remeis-Observatory, Bamberg, Germany","Dr. Remeis-Observatory, Bamberg, Germany | Hamburg-Bergedorf, Germany",OVERLAP,0.000000,"[{""a_fragment"":""PARENT_PROVISIONAL_CONTINUOUS"",""b_fragment"":""PARENT_PROVISIONAL_CONTINUOUS"",""duration_seconds"":106.0,""end_utc"":""1937-10-28T21:57:46+00:00"",""exposure_active"":7647,""exposure_current"":129439,""start_utc"":""1937-10-28T21:56:00+00:00""}]",1,106.000000,106.000000,5913,111428,7396,109646,1,1,107.8065873838,1.0000000000,0.0645182172,1.0000000000,402.491931,GE100_LT500,PRE_SPUTNIK,False,True
7667|129466,7667,129466,4857,86736,101,208,"Hamburg-Bergedorf, Germany","Dr. Remeis-Observatory, Bamberg, Germany","Dr. Remeis-Observatory, Bamberg, Germany | Hamburg-Bergedorf, Germany",OVERLAP,0.000000,"[{""a_fragment"":""PARENT_PROVISIONAL_CONTINUOUS"",""b_fragment"":""PARENT_PROVISIONAL_CONTINUOUS"",""duration_seconds"":1672.0,""end_utc"":""1937-11-21T17:27:52+00:00"",""exposure_active"":7667,""exposure_current"":129466,""start_utc"":""1937-11-21T17:00:00+00:00""}]",1,1672.000000,1672.000000,5953,111455,7467,109669,1,1,0.0619253677,0.0005446282,0.0000439112,0.0005446282,402.491931,GE100_LT500,PRE_SPUTNIK,False,True
7722|129517,7722,129517,4902,86787,101,208,"Hamburg-Bergedorf, Germany","Dr. Remeis-Observatory, Bamberg, Germany","Dr. Remeis-Observatory, Bamberg, Germany | Hamburg-Bergedorf, Germany",GT0_LE5MIN,107.000000,[],0,0.000000,0.000000,6034,111506,7529,109703,1,1,35.4060988635,1.0000000000,0.0265673066,1.0000000000,402.491931,GE100_LT500,PRE_SPUTNIK,False,True
7747|129538,7747,129538,4927,86808,101,208,"Hamburg-Bergedorf, Germany","Dr. Remeis-Observatory, Bamberg, Germany","Dr. Remeis-Observatory, Bamberg, Germany | Hamburg-Bergedorf, Germany",OVERLAP,0.000000,"[{""a_fragment"":""PARENT_PROVISIONAL_CONTINUOUS"",""b_fragment"":""PARENT_PROVISIONAL_CONTINUOUS"",""duration_seconds"":232.0,""end_utc"":""1938-02-17T19:24:52+00:00"",""exposure_active"":7747,""exposure_current"":129538,""start_utc"":""1938-02-17T19:21:00+00:00""}]",1,232.000000,232.000000,6078,111527,7580,109713,1,1,35.2651826541,1.0000000000,0.0276085135,1.0000000000,402.491931,GE100_LT500,PRE_SPUTNIK,False,True
7748|129538,7748,129538,4928,86808,101,208,"Hamburg-Bergedorf, Germany","Dr. Remeis-Observatory, Bamberg, Germany","Dr. Remeis-Observatory, Bamberg, Germany | Hamburg-Bergedorf, Germany",OVERLAP,0.000000,"[{""a_fragment"":""PARENT_PROVISIONAL_CONTINUOUS"",""b_fragment"":""PARENT_PROVISIONAL_CONTINUOUS"",""duration_seconds"":239.0,""end_utc"":""1938-02-17T19:33:35+00:00"",""exposure_active"":129538,""exposure_current"":7748,""start_utc"":""1938-02-17T19:29:36+00:00""}]",1,239.000000,239.000000,6079,111527,7581,109713,1,1,35.0862240687,1.0000000000,0.0274406062,1.0000000000,402.491931,GE100_LT500,PRE_SPUTNIK,False,True
7749|129538,7749,129538,4929,86808,101,208,"Hamburg-Bergedorf, Germany","Dr. Remeis-Observatory, Bamberg, Germany","Dr. Remeis-Observatory, Bamberg, Germany | Hamburg-Bergedorf, Germany",OVERLAP,0.000000,"[{""a_fragment"":""PARENT_PROVISIONAL_CONTINUOUS"",""b_fragment"":""PARENT_PROVISIONAL_CONTINUOUS"",""duration_seconds"":240.0,""end_utc"":""1938-02-17T19:42:34+00:00"",""exposure_active"":129538,""exposure_current"":7749,""start_utc"":""1938-02-17T19:38:34+00:00""}]",1,240.000000,240.000000,6081,111527,7583,109713,1,1,34.9023532657,1.0000000000,0.0273251110,1.0000000000,402.491931,GE100_LT500,PRE_SPUTNIK,False,True
7750|129538,7750,129538,4930,86808,101,208,"Hamburg-Bergedorf, Germany","Dr. Remeis-Observatory, Bamberg, Germany","Dr. Remeis-Observatory, Bamberg, Germany | Hamburg-Bergedorf, Germany",OVERLAP,0.000000,"[{""a_fragment"":""PARENT_PROVISIONAL_CONTINUOUS"",""b_fragment"":""PARENT_PROVISIONAL_CONTINUOUS"",""duration_seconds"":240.0,""end_utc"":""1938-02-17T19:50:33+00:00"",""exposure_active"":129538,""exposure_current"":7750,""start_utc"":""1938-02-17T19:46:33+00:00""}]",1,240.000000,240.000000,6084,111527,7586,109713,1,1,35.2710498248,1.0000000000,0.0276123791,1.0000000000,402.491931,GE100_LT500,PRE_SPUTNIK,False,True
7753|129540,7753,129540,4933,86810,101,208,"Hamburg-Bergedorf, Germany","Dr. Remeis-Observatory, Bamberg, Germany","Dr. Remeis-Observatory, Bamberg, Germany | Hamburg-Bergedorf, Germany",GT0_LE5MIN,182.000000,[],0,0.000000,0.000000,6089,111529,7592,109719,1,1,35.2229924265,1.0000000000,0.0270272834,1.0000000000,402.491931,GE100_LT500,PRE_SPUTNIK,False,True
7754|129540,7754,129540,4934,86810,101,208,"Hamburg-Bergedorf, Germany","Dr. Remeis-Observatory, Bamberg, Germany","Dr. Remeis-Observatory, Bamberg, Germany | Hamburg-Bergedorf, Germany",OVERLAP,0.000000,"[{""a_fragment"":""PARENT_PROVISIONAL_CONTINUOUS"",""b_fragment"":""PARENT_PROVISIONAL_CONTINUOUS"",""duration_seconds"":240.0,""end_utc"":""1938-02-17T20:27:57+00:00"",""exposure_active"":129540,""exposure_current"":7754,""start_utc"":""1938-02-17T20:23:57+00:00""}]",1,240.000000,240.000000,6092,111529,7594,109719,1,1,35.4679442112,0.9975595798,0.0271890273,0.9975595798,402.491931,GE100_LT500,PRE_SPUTNIK,False,True
7826|129552,7826,129552,4942,86822,101,208,"Hamburg-Bergedorf, Germany","Dr. Remeis-Observatory, Bamberg, Germany","Dr. Remeis-Observatory, Bamberg, Germany | Hamburg-Bergedorf, Germany",OVERLAP,0.000000,"[{""a_fragment"":""PARENT_PROVISIONAL_CONTINUOUS"",""b_fragment"":""PARENT_PROVISIONAL_CONTINUOUS"",""duration_seconds"":1680.0,""end_utc"":""1938-02-19T18:40:00+00:00"",""exposure_active"":7826,""exposure_current"":129552,""start_utc"":""1938-02-19T18:12:00+00:00""}]",1,1680.000000,1680.000000,6098,111541,7659,109714,1,1,0.0266990917,0.0002361600,0.0000146868,0.0002361600,402.491931,GE100_LT500,PRE_SPUTNIK,False,True
7826|129553,7826,129553,4942,86823,101,208,"Hamburg-Bergedorf, Germany","Dr. Remeis-Observatory, Bamberg, Germany","Dr. Remeis-Observatory, Bamberg, Germany | Hamburg-Bergedorf, Germany",OVERLAP,0.000000,"[{""a_fragment"":""PARENT_PROVISIONAL_CONTINUOUS"",""b_fragment"":""PARENT_PROVISIONAL_CONTINUOUS"",""duration_seconds"":1800.0,""end_utc"":""1938-02-19T20:16:00+00:00"",""exposure_active"":7826,""exposure_current"":129553,""start_utc"":""1938-02-19T19:46:00+00:00""}]",1,1800.000000,1800.000000,6098,111542,7659,109720,1,1,67.4909369704,0.6180846390,0.0394743438,0.6180846390,402.491931,GE100_LT500,PRE_SPUTNIK,False,True
7829|129597,7829,129597,4945,86867,101,208,"Hamburg-Bergedorf, Germany","Dr. Remeis-Observatory, Bamberg, Germany","Dr. Remeis-Observatory, Bamberg, Germany | Hamburg-Bergedorf, Germany",OVERLAP,0.000000,"[{""a_fragment"":""PARENT_PROVISIONAL_CONTINUOUS"",""b_fragment"":""PARENT_PROVISIONAL_CONTINUOUS"",""duration_seconds"":1481.0,""end_utc"":""1938-02-23T21:09:41+00:00"",""exposure_active"":7829,""exposure_current"":129597,""start_utc"":""1938-02-23T20:45:00+00:00""}]",1,1481.000000,1481.000000,6101,111586,7627,109746,1,1,108.5109587874,1.0000000000,0.0838654243,1.0000000000,402.491931,GE100_LT500,PRE_SPUTNIK,False,True
7832|129641,7832,129641,4948,86911,101,208,"Hamburg-Bergedorf, Germany","Dr. Remeis-Observatory, Bamberg, Germany","Dr. Remeis-Observatory, Bamberg, Germany | Hamburg-Bergedorf, Germany",OVERLAP,0.000000,"[{""a_fragment"":""PARENT_PROVISIONAL_CONTINUOUS"",""b_fragment"":""PARENT_PROVISIONAL_CONTINUOUS"",""duration_seconds"":1800.0,""end_utc"":""1938-02-25T00:05:00+00:00"",""exposure_active"":7832,""exposure_current"":129641,""start_utc"":""1938-02-24T23:35:00+00:00""}]",1,1800.000000,1800.000000,6105,111630,7623,109773,1,1,35.2211638626,0.3169729324,0.0203046631,0.3169729324,402.491931,GE100_LT500,PRE_SPUTNIK,False,True
7838|129636,7838,129636,4954,86906,101,208,"Hamburg-Bergedorf, Germany","Dr. Remeis-Observatory, Bamberg, Germany","Dr. Remeis-Observatory, Bamberg, Germany | Hamburg-Bergedorf, Germany",OVERLAP,0.000000,"[{""a_fragment"":""PARENT_PROVISIONAL_CONTINUOUS"",""b_fragment"":""PARENT_PROVISIONAL_CONTINUOUS"",""duration_seconds"":298.0,""end_utc"":""1938-02-25T03:47:58+00:00"",""exposure_active"":7838,""exposure_current"":129636,""start_utc"":""1938-02-25T03:43:00+00:00""}]",1,298.000000,298.000000,6113,111625,7604,109772,1,1,16.6095020562,1.0000000000,0.0127856368,1.0000000000,402.491931,GE100_LT500,PRE_SPUTNIK,False,True
7839|129636,7839,129636,4955,86906,101,208,"Hamburg-Bergedorf, Germany","Dr. Remeis-Observatory, Bamberg, Germany","Dr. Remeis-Observatory, Bamberg, Germany | Hamburg-Bergedorf, Germany",OVERLAP,0.000000,"[{""a_fragment"":""PARENT_PROVISIONAL_CONTINUOUS"",""b_fragment"":""PARENT_PROVISIONAL_CONTINUOUS"",""duration_seconds"":299.0,""end_utc"":""1938-02-25T04:00:36+00:00"",""exposure_active"":129636,""exposure_current"":7839,""start_utc"":""1938-02-25T03:55:37+00:00""}]",1,299.000000,299.000000,6114,111625,7605,109772,1,1,16.5888465999,1.0000000000,0.0127709758,1.0000000000,402.491931,GE100_LT500,PRE_SPUTNIK,False,True
7840|129636,7840,129636,4956,86906,101,208,"Hamburg-Bergedorf, Germany","Dr. Remeis-Observatory, Bamberg, Germany","Dr. Remeis-Observatory, Bamberg, Germany | Hamburg-Bergedorf, Germany",OVERLAP,0.000000,"[{""a_fragment"":""PARENT_PROVISIONAL_CONTINUOUS"",""b_fragment"":""PARENT_PROVISIONAL_CONTINUOUS"",""duration_seconds"":206.0,""end_utc"":""1938-02-25T04:13:00+00:00"",""exposure_active"":129636,""exposure_current"":7840,""start_utc"":""1938-02-25T04:09:34+00:00""}]",1,206.000000,206.000000,6116,111625,7619,109772,1,1,16.6591536842,1.0000000000,0.0128252138,1.0000000000,402.491931,GE100_LT500,PRE_SPUTNIK,False,True
7842|129647,7842,129647,4958,86917,101,208,"Hamburg-Bergedorf, Germany","Dr. Remeis-Observatory, Bamberg, Germany","Dr. Remeis-Observatory, Bamberg, Germany | Hamburg-Bergedorf, Germany",OVERLAP,0.000000,"[{""a_fragment"":""PARENT_PROVISIONAL_CONTINUOUS"",""b_fragment"":""PARENT_PROVISIONAL_CONTINUOUS"",""duration_seconds"":1800.0,""end_utc"":""1938-02-25T20:15:00+00:00"",""exposure_active"":7842,""exposure_current"":129647,""start_utc"":""1938-02-25T19:45:00+00:00""}]",1,1800.000000,1800.000000,6118,111636,7742,109780,1,1,31.4905949641,0.2865665883,0.0238794701,0.2865665883,402.491931,GE100_LT500,PRE_SPUTNIK,False,True
7842|129648,7842,129648,4958,86918,101,208,"Hamburg-Bergedorf, Germany","Dr. Remeis-Observatory, Bamberg, Germany","Dr. Remeis-Observatory, Bamberg, Germany | Hamburg-Bergedorf, Germany",OVERLAP,0.000000,"[{""a_fragment"":""PARENT_PROVISIONAL_CONTINUOUS"",""b_fragment"":""PARENT_PROVISIONAL_CONTINUOUS"",""duration_seconds"":1800.0,""end_utc"":""1938-02-25T20:46:00+00:00"",""exposure_active"":7842,""exposure_current"":129648,""start_utc"":""1938-02-25T20:16:00+00:00""}]",1,1800.000000,1800.000000,6118,111637,7742,109778,1,1,107.5579968515,1.0000000000,0.0809808279,1.0000000000,402.491931,GE100_LT500,PRE_SPUTNIK,False,True
7842|129663,7842,129663,4958,86933,101,208,"Hamburg-Bergedorf, Germany","Dr. Remeis-Observatory, Bamberg, Germany","Dr. Remeis-Observatory, Bamberg, Germany | Hamburg-Bergedorf, Germany",OVERLAP,0.000000,"[{""a_fragment"":""PARENT_PROVISIONAL_CONTINUOUS"",""b_fragment"":""PARENT_PROVISIONAL_CONTINUOUS"",""duration_seconds"":1800.0,""end_utc"":""1938-02-25T20:46:00+00:00"",""exposure_active"":7842,""exposure_current"":129663,""start_utc"":""1938-02-25T20:16:00+00:00""}]",1,1800.000000,1800.000000,6118,111652,7742,109784,1,1,106.7636523725,1.0000000000,0.0643215049,1.0000000000,402.491931,GE100_LT500,PRE_SPUTNIK,False,True
7850|129656,7850,129656,4966,86926,101,208,"Hamburg-Bergedorf, Germany","Dr. Remeis-Observatory, Bamberg, Germany","Dr. Remeis-Observatory, Bamberg, Germany | Hamburg-Bergedorf, Germany",OVERLAP,0.000000,"[{""a_fragment"":""PARENT_PROVISIONAL_CONTINUOUS"",""b_fragment"":""PARENT_PROVISIONAL_CONTINUOUS"",""duration_seconds"":1800.0,""end_utc"":""1938-02-26T01:04:00+00:00"",""exposure_active"":7850,""exposure_current"":129656,""start_utc"":""1938-02-26T00:34:00+00:00""}]",1,1800.000000,1800.000000,6120,111645,7650,109779,1,1,108.1390513104,1.0000000000,0.0842330262,1.0000000000,402.491931,GE100_LT500,PRE_SPUTNIK,False,True
7856|129734,7856,129734,4972,87004,101,208,"Hamburg-Bergedorf, Germany","Dr. Remeis-Observatory, Bamberg, Germany","Dr. Remeis-Observatory, Bamberg, Germany | Hamburg-Bergedorf, Germany",OVERLAP,0.000000,"[{""a_fragment"":""PARENT_PROVISIONAL_CONTINUOUS"",""b_fragment"":""PARENT_PROVISIONAL_CONTINUOUS"",""duration_seconds"":819.0,""end_utc"":""1938-03-19T20:34:39+00:00"",""exposure_active"":7856,""exposure_current"":129734,""start_utc"":""1938-03-19T20:21:00+00:00""}]",1,819.000000,819.000000,6128,111723,7648,109829,1,1,3.3155796740,0.0919445712,0.0024749119,0.0919445712,402.491931,GE100_LT500,PRE_SPUTNIK,False,True
7862|129742,7862,129742,4978,87012,101,208,"Hamburg-Bergedorf, Germany","Dr. Remeis-Observatory, Bamberg, Germany","Dr. Remeis-Observatory, Bamberg, Germany | Hamburg-Bergedorf, Germany",OVERLAP,0.000000,"[{""a_fragment"":""PARENT_PROVISIONAL_CONTINUOUS"",""b_fragment"":""PARENT_PROVISIONAL_CONTINUOUS"",""duration_seconds"":1740.0,""end_utc"":""1938-03-20T22:00:00+00:00"",""exposure_active"":7862,""exposure_current"":129742,""start_utc"":""1938-03-20T21:31:00+00:00""}]",1,1740.000000,1740.000000,6133,111731,7667,109835,1,1,0.1184017439,0.0010411110,0.0000873086,0.0010411110,402.491931,GE100_LT500,PRE_SPUTNIK,False,True
7862|129747,7862,129747,4978,87017,101,208,"Hamburg-Bergedorf, Germany","Dr. Remeis-Observatory, Bamberg, Germany","Dr. Remeis-Observatory, Bamberg, Germany | Hamburg-Bergedorf, Germany",OVERLAP,0.000000,"[{""a_fragment"":""PARENT_PROVISIONAL_CONTINUOUS"",""b_fragment"":""PARENT_PROVISIONAL_CONTINUOUS"",""duration_seconds"":1075.0,""end_utc"":""1938-03-20T22:18:55+00:00"",""exposure_active"":7862,""exposure_current"":129747,""start_utc"":""1938-03-20T22:01:00+00:00""}]",1,1075.000000,1075.000000,6133,111736,7667,109845,1,1,87.9735336181,0.8046490868,0.0518037337,0.8046490868,402.491931,GE100_LT500,PRE_SPUTNIK,False,True
7870|129750,7870,129750,4986,87020,101,208,"Hamburg-Bergedorf, Germany","Dr. Remeis-Observatory, Bamberg, Germany","Dr. Remeis-Observatory, Bamberg, Germany | Hamburg-Bergedorf, Germany",OVERLAP,0.000000,"[{""a_fragment"":""PARENT_PROVISIONAL_CONTINUOUS"",""b_fragment"":""PARENT_PROVISIONAL_CONTINUOUS"",""duration_seconds"":1800.0,""end_utc"":""1938-03-21T21:22:00+00:00"",""exposure_active"":7870,""exposure_current"":129750,""start_utc"":""1938-03-21T20:52:00+00:00""}]",1,1800.000000,1800.000000,6138,111739,7672,109844,1,1,11.1628114300,0.1003545843,0.0083428663,0.1003545843,402.491931,GE100_LT500,PRE_SPUTNIK,False,True
7870|129751,7870,129751,4986,87021,101,208,"Hamburg-Bergedorf, Germany","Dr. Remeis-Observatory, Bamberg, Germany","Dr. Remeis-Observatory, Bamberg, Germany | Hamburg-Bergedorf, Germany",OVERLAP,0.000000,"[{""a_fragment"":""PARENT_PROVISIONAL_CONTINUOUS"",""b_fragment"":""PARENT_PROVISIONAL_CONTINUOUS"",""duration_seconds"":1800.0,""end_utc"":""1938-03-21T21:53:00+00:00"",""exposure_active"":7870,""exposure_current"":129751,""start_utc"":""1938-03-21T21:23:00+00:00""}]",1,1800.000000,1800.000000,6138,111740,7672,109843,1,1,107.7452993721,1.0000000000,0.0815953719,1.0000000000,402.491931,GE100_LT500,PRE_SPUTNIK,False,True
7870|129754,7870,129754,4986,87024,101,208,"Hamburg-Bergedorf, Germany","Dr. Remeis-Observatory, Bamberg, Germany","Dr. Remeis-Observatory, Bamberg, Germany | Hamburg-Bergedorf, Germany",OVERLAP,0.000000,"[{""a_fragment"":""PARENT_PROVISIONAL_CONTINUOUS"",""b_fragment"":""PARENT_PROVISIONAL_CONTINUOUS"",""duration_seconds"":232.0,""end_utc"":""1938-03-21T22:59:52+00:00"",""exposure_active"":7870,""exposure_current"":129754,""start_utc"":""1938-03-21T22:56:00+00:00""}]",1,232.000000,232.000000,6138,111743,7672,109847,1,1,100.5091091099,0.9309430100,0.0781489551,0.9309430100,402.491931,GE100_LT500,PRE_SPUTNIK,False,True
7872|129759,7872,129759,4988,87029,101,208,"Hamburg-Bergedorf, Germany","Dr. Remeis-Observatory, Bamberg, Germany","Dr. Remeis-Observatory, Bamberg, Germany | Hamburg-Bergedorf, Germany",OVERLAP,0.000000,"[{""a_fragment"":""PARENT_PROVISIONAL_CONTINUOUS"",""b_fragment"":""PARENT_PROVISIONAL_CONTINUOUS"",""duration_seconds"":1800.0,""end_utc"":""1938-03-22T20:00:00+00:00"",""exposure_active"":7872,""exposure_current"":129759,""start_utc"":""1938-03-22T19:30:00+00:00""}]",1,1800.000000,1800.000000,6140,111748,7748,109851,1,1,106.1808686206,1.0000000000,0.0815435916,1.0000000000,402.491931,GE100_LT500,PRE_SPUTNIK,False,True
7891|129816,7891,129816,5007,87086,101,208,"Hamburg-Bergedorf, Germany","Dr. Remeis-Observatory, Bamberg, Germany","Dr. Remeis-Observatory, Bamberg, Germany | Hamburg-Bergedorf, Germany",OVERLAP,0.000000,"[{""a_fragment"":""1213"",""b_fragment"":""PARENT_PROVISIONAL_CONTINUOUS"",""duration_seconds"":375.0,""end_utc"":""1938-04-04T22:40:00+00:00"",""exposure_active"":129816,""exposure_current"":7891,""start_utc"":""1938-04-04T22:33:45+00:00""}]",1,375.000000,375.000000,6157,111805,7720,109883,1,1,19.5905111194,0.1728470076,0.0139581636,0.1728470076,402.491931,GE100_LT500,PRE_SPUTNIK,False,True
8112|130098,8112,130098,5067,87362,101,208,"Hamburg-Bergedorf, Germany","Dr. Remeis-Observatory, Bamberg, Germany","Dr. Remeis-Observatory, Bamberg, Germany | Hamburg-Bergedorf, Germany",OVERLAP,0.000000,"[{""a_fragment"":""PARENT_PROVISIONAL_CONTINUOUS"",""b_fragment"":""PARENT_PROVISIONAL_CONTINUOUS"",""duration_seconds"":1800.0,""end_utc"":""1938-09-01T22:21:00+00:00"",""exposure_active"":8112,""exposure_current"":130098,""start_utc"":""1938-09-01T21:51:00+00:00""}]",1,1800.000000,1800.000000,6219,112062,7914,110046,1,1,60.7653463001,0.5590541203,0.0465028581,0.5590541203,402.491931,GE100_LT500,PRE_SPUTNIK,False,True
8114|130104,8114,130104,5069,87368,101,208,"Hamburg-Bergedorf, Germany","Dr. Remeis-Observatory, Bamberg, Germany","Dr. Remeis-Observatory, Bamberg, Germany | Hamburg-Bergedorf, Germany",OVERLAP,0.000000,"[{""a_fragment"":""PARENT_PROVISIONAL_CONTINUOUS"",""b_fragment"":""PARENT_PROVISIONAL_CONTINUOUS"",""duration_seconds"":1800.0,""end_utc"":""1938-09-02T01:27:00+00:00"",""exposure_active"":8114,""exposure_current"":130104,""start_utc"":""1938-09-02T00:57:00+00:00""}]",1,1800.000000,1800.000000,6222,112068,7885,110045,1,1,0.1872176403,0.0016460428,0.0001361574,0.0016460428,402.491931,GE100_LT500,PRE_SPUTNIK,False,True
8126|130184,8126,130184,5081,87448,101,208,"Hamburg-Bergedorf, Germany","Dr. Remeis-Observatory, Bamberg, Germany","Dr. Remeis-Observatory, Bamberg, Germany | Hamburg-Bergedorf, Germany",OVERLAP,0.000000,"[{""a_fragment"":""PARENT_PROVISIONAL_CONTINUOUS"",""b_fragment"":""PARENT_PROVISIONAL_CONTINUOUS"",""duration_seconds"":1800.0,""end_utc"":""1938-09-23T21:37:00+00:00"",""exposure_active"":8126,""exposure_current"":130184,""start_utc"":""1938-09-23T21:07:00+00:00""}]",1,1800.000000,1800.000000,6236,112148,7922,110099,1,1,107.0727419492,0.9966872073,0.0841192205,0.9966872073,402.491931,GE100_LT500,PRE_SPUTNIK,False,True
8127|130191,8127,130191,5082,87455,101,208,"Hamburg-Bergedorf, Germany","Dr. Remeis-Observatory, Bamberg, Germany","Dr. Remeis-Observatory, Bamberg, Germany | Hamburg-Bergedorf, Germany",OVERLAP,0.000000,"[{""a_fragment"":""PARENT_PROVISIONAL_CONTINUOUS"",""b_fragment"":""PARENT_PROVISIONAL_CONTINUOUS"",""duration_seconds"":183.0,""end_utc"":""1938-09-24T22:25:00+00:00"",""exposure_active"":130191,""exposure_current"":8127,""start_utc"":""1938-09-24T22:21:57+00:00""}]",1,183.000000,183.000000,6238,112155,7905,110103,1,1,7.3188180463,0.0642967016,0.0051599162,0.0642967016,402.491931,GE100_LT500,PRE_SPUTNIK,False,True
8127|130193,8127,130193,5082,87457,101,208,"Hamburg-Bergedorf, Germany","Dr. Remeis-Observatory, Bamberg, Germany","Dr. Remeis-Observatory, Bamberg, Germany | Hamburg-Bergedorf, Germany",OVERLAP,0.000000,"[{""a_fragment"":""PARENT_PROVISIONAL_CONTINUOUS"",""b_fragment"":""PARENT_PROVISIONAL_CONTINUOUS"",""duration_seconds"":948.0,""end_utc"":""1938-09-24T23:21:48+00:00"",""exposure_active"":8127,""exposure_current"":130193,""start_utc"":""1938-09-24T23:06:00+00:00""}]",1,948.000000,948.000000,6238,112157,7905,110102,1,1,1.9232678921,0.0169792808,0.0014065375,0.0169792808,402.491931,GE100_LT500,PRE_SPUTNIK,False,True
8132|130186,8132,130186,5087,87450,101,208,"Hamburg-Bergedorf, Germany","Dr. Remeis-Observatory, Bamberg, Germany","Dr. Remeis-Observatory, Bamberg, Germany | Hamburg-Bergedorf, Germany",OVERLAP,0.000000,"[{""a_fragment"":""PARENT_PROVISIONAL_CONTINUOUS"",""b_fragment"":""PARENT_PROVISIONAL_CONTINUOUS"",""duration_seconds"":1800.0,""end_utc"":""1938-09-24T19:52:00+00:00"",""exposure_active"":8132,""exposure_current"":130186,""start_utc"":""1938-09-24T19:22:00+00:00""}]",1,1800.000000,1800.000000,6247,112150,7929,110101,1,1,17.8170302692,0.1584251283,0.0127800907,0.1584251283,402.491931,GE100_LT500,PRE_SPUTNIK,False,True
8132|130187,8132,130187,5087,87451,101,208,"Hamburg-Bergedorf, Germany","Dr. Remeis-Observatory, Bamberg, Germany","Dr. Remeis-Observatory, Bamberg, Germany | Hamburg-Bergedorf, Germany",OVERLAP,0.000000,"[{""a_fragment"":""PARENT_PROVISIONAL_CONTINUOUS"",""b_fragment"":""PARENT_PROVISIONAL_CONTINUOUS"",""duration_seconds"":1562.0,""end_utc"":""1938-09-24T20:19:02+00:00"",""exposure_active"":8132,""exposure_current"":130187,""start_utc"":""1938-09-24T19:53:00+00:00""}]",1,1562.000000,1562.000000,6247,112151,7929,110114,1,1,99.0339103111,0.9120345360,0.0747901832,0.9120345360,402.491931,GE100_LT500,PRE_SPUTNIK,False,True
8142|130241,8142,130241,5097,87505,101,208,"Hamburg-Bergedorf, Germany","Dr. Remeis-Observatory, Bamberg, Germany","Dr. Remeis-Observatory, Bamberg, Germany | Hamburg-Bergedorf, Germany",OVERLAP,0.000000,"[{""a_fragment"":""PARENT_PROVISIONAL_CONTINUOUS"",""b_fragment"":""PARENT_PROVISIONAL_CONTINUOUS"",""duration_seconds"":1800.0,""end_utc"":""1938-09-27T01:55:00+00:00"",""exposure_active"":8142,""exposure_current"":130241,""start_utc"":""1938-09-27T01:25:00+00:00""}]",1,1800.000000,1800.000000,6259,112205,7934,110135,1,1,2.0926651036,0.0185892208,0.0014871120,0.0185892208,402.491931,GE100_LT500,PRE_SPUTNIK,False,True
8144|130260,8144,130260,5099,87524,101,208,"Hamburg-Bergedorf, Germany","Dr. Remeis-Observatory, Bamberg, Germany","Dr. Remeis-Observatory, Bamberg, Germany | Hamburg-Bergedorf, Germany",OVERLAP,0.000000,"[{""a_fragment"":""PARENT_PROVISIONAL_CONTINUOUS"",""b_fragment"":""PARENT_PROVISIONAL_CONTINUOUS"",""duration_seconds"":1800.0,""end_utc"":""1938-09-28T20:22:00+00:00"",""exposure_active"":8144,""exposure_current"":130260,""start_utc"":""1938-09-28T19:52:00+00:00""}]",1,1800.000000,1800.000000,6261,112224,7949,110143,1,1,19.6759779997,0.1781444277,0.0147294790,0.1781444277,402.491931,GE100_LT500,PRE_SPUTNIK,False,True
8146|130261,8146,130261,5101,87525,101,208,"Hamburg-Bergedorf, Germany","Dr. Remeis-Observatory, Bamberg, Germany","Dr. Remeis-Observatory, Bamberg, Germany | Hamburg-Bergedorf, Germany",OVERLAP,0.000000,"[{""a_fragment"":""PARENT_PROVISIONAL_CONTINUOUS"",""b_fragment"":""PARENT_PROVISIONAL_CONTINUOUS"",""duration_seconds"":1496.0,""end_utc"":""1938-09-28T20:49:11+00:00"",""exposure_active"":130261,""exposure_current"":8146,""start_utc"":""1938-09-28T20:24:15+00:00""}]",1,1496.000000,1496.000000,6264,112225,7939,110150,1,1,86.1700948326,0.9928189864,0.0641204645,0.9928189864,402.491931,GE100_LT500,PRE_SPUTNIK,False,True
8150|130320,8150,130320,5105,87547,101,208,"Hamburg-Bergedorf, Germany","Dr. Remeis-Observatory, Bamberg, Germany","Dr. Remeis-Observatory, Bamberg, Germany | Hamburg-Bergedorf, Germany",OVERLAP,0.000000,"[{""a_fragment"":""PARENT_PROVISIONAL_CONTINUOUS"",""b_fragment"":""PARENT_PROVISIONAL_CONTINUOUS"",""duration_seconds"":930.0,""end_utc"":""1938-10-15T19:01:00+00:00"",""exposure_active"":130320,""exposure_current"":8150,""start_utc"":""1938-10-15T18:45:30+00:00""}]",1,930.000000,930.000000,6272,112237,7952,110153,1,1,86.8924184134,0.9989832312,0.0669354109,0.9989832312,402.491931,GE100_LT500,PRE_SPUTNIK,False,True
8150|130321,8150,130321,5105,87548,101,208,"Hamburg-Bergedorf, Germany","Dr. Remeis-Observatory, Bamberg, Germany","Dr. Remeis-Observatory, Bamberg, Germany | Hamburg-Bergedorf, Germany",OVERLAP,0.000000,"[{""a_fragment"":""PARENT_PROVISIONAL_CONTINUOUS"",""b_fragment"":""PARENT_PROVISIONAL_CONTINUOUS"",""duration_seconds"":805.0,""end_utc"":""1938-10-15T19:15:25+00:00"",""exposure_active"":8150,""exposure_current"":130321,""start_utc"":""1938-10-15T19:02:00+00:00""}]",1,805.000000,805.000000,6272,112238,7952,110160,1,1,84.6092826437,0.9709737044,0.0629513171,0.9709737044,402.491931,GE100_LT500,PRE_SPUTNIK,False,True
8166|130390,8166,130390,5121,87617,101,208,"Hamburg-Bergedorf, Germany","Dr. Remeis-Observatory, Bamberg, Germany","Dr. Remeis-Observatory, Bamberg, Germany | Hamburg-Bergedorf, Germany",OVERLAP,0.000000,"[{""a_fragment"":""PARENT_PROVISIONAL_CONTINUOUS"",""b_fragment"":""PARENT_PROVISIONAL_CONTINUOUS"",""duration_seconds"":1558.0,""end_utc"":""1938-10-23T18:41:00+00:00"",""exposure_active"":130390,""exposure_current"":8166,""start_utc"":""1938-10-23T18:15:02+00:00""}]",1,1558.000000,1558.000000,6296,112307,7984,110202,1,1,86.4217668254,1.0000000000,0.0679375795,1.0000000000,402.491931,GE100_LT500,PRE_SPUTNIK,False,True
8173|130432,8173,130432,5128,87659,101,208,"Hamburg-Bergedorf, Germany","Dr. Remeis-Observatory, Bamberg, Germany","Dr. Remeis-Observatory, Bamberg, Germany | Hamburg-Bergedorf, Germany",OVERLAP,0.000000,"[{""a_fragment"":""PARENT_PROVISIONAL_CONTINUOUS"",""b_fragment"":""PARENT_PROVISIONAL_CONTINUOUS"",""duration_seconds"":1421.0,""end_utc"":""1938-11-13T18:08:00+00:00"",""exposure_active"":130432,""exposure_current"":8173,""start_utc"":""1938-11-13T17:44:19+00:00""}]",1,1421.000000,1421.000000,6306,112348,7987,110211,1,1,89.0225778180,0.8240341507,0.0661396777,0.8240341507,402.491931,GE100_LT500,PRE_SPUTNIK,False,True
8191|130508,8191,130508,5146,87725,101,208,"Hamburg-Bergedorf, Germany","Dr. Remeis-Observatory, Bamberg, Germany","Dr. Remeis-Observatory, Bamberg, Germany | Hamburg-Bergedorf, Germany",OVERLAP,0.000000,"[{""a_fragment"":""PARENT_PROVISIONAL_CONTINUOUS"",""b_fragment"":""PARENT_PROVISIONAL_CONTINUOUS"",""duration_seconds"":1800.0,""end_utc"":""1938-12-16T23:56:00+00:00"",""exposure_active"":8191,""exposure_current"":130508,""start_utc"":""1938-12-16T23:26:00+00:00""}]",1,1800.000000,1800.000000,6332,112412,8012,110245,1,1,83.8846069598,0.7785347749,0.0497069040,0.7785347749,402.491931,GE100_LT500,PRE_SPUTNIK,False,True
8193|130509,8193,130509,5148,87726,101,208,"Hamburg-Bergedorf, Germany","Dr. Remeis-Observatory, Bamberg, Germany","Dr. Remeis-Observatory, Bamberg, Germany | Hamburg-Bergedorf, Germany",OVERLAP,0.000000,"[{""a_fragment"":""PARENT_PROVISIONAL_CONTINUOUS"",""b_fragment"":""PARENT_PROVISIONAL_CONTINUOUS"",""duration_seconds"":1020.0,""end_utc"":""1938-12-17T01:29:00+00:00"",""exposure_active"":130509,""exposure_current"":8193,""start_utc"":""1938-12-17T01:12:00+00:00""}]",1,1020.000000,1020.000000,6335,112413,8031,110252,1,1,107.7015002908,0.9992203013,0.0633513355,0.9992203013,402.491931,GE100_LT500,PRE_SPUTNIK,False,True
8195|130523,8195,130523,5150,87740,101,208,"Hamburg-Bergedorf, Germany","Dr. Remeis-Observatory, Bamberg, Germany","Dr. Remeis-Observatory, Bamberg, Germany | Hamburg-Bergedorf, Germany",GT0_LE5MIN,159.000000,[],0,0.000000,0.000000,6336,112427,8020,110257,1,1,14.1326178917,0.1592077979,0.0105912630,0.1592077979,402.491931,GE100_LT500,PRE_SPUTNIK,False,True
8240|130531,8240,130531,5191,87748,101,208,"Hamburg-Bergedorf, Germany","Dr. Remeis-Observatory, Bamberg, Germany","Dr. Remeis-Observatory, Bamberg, Germany | Hamburg-Bergedorf, Germany",OVERLAP,0.000000,"[{""a_fragment"":""PARENT_PROVISIONAL_CONTINUOUS"",""b_fragment"":""PARENT_PROVISIONAL_CONTINUOUS"",""duration_seconds"":598.0,""end_utc"":""1939-02-07T19:21:00+00:00"",""exposure_active"":130531,""exposure_current"":8240,""start_utc"":""1939-02-07T19:11:02+00:00""}]",1,598.000000,598.000000,6395,112434,8089,110264,1,1,35.6742310748,1.0000000000,0.0275755643,1.0000000000,402.491931,GE100_LT500,PRE_SPUTNIK,False,True
8277|130575,8277,130575,5222,87789,101,208,"Hamburg-Bergedorf, Germany","Dr. Remeis-Observatory, Bamberg, Germany","Dr. Remeis-Observatory, Bamberg, Germany | Hamburg-Bergedorf, Germany",OVERLAP,0.000000,"[{""a_fragment"":""PARENT_PROVISIONAL_CONTINUOUS"",""b_fragment"":""PARENT_PROVISIONAL_CONTINUOUS"",""duration_seconds"":1800.0,""end_utc"":""1939-03-11T21:56:00+00:00"",""exposure_active"":8277,""exposure_current"":130575,""start_utc"":""1939-03-11T21:26:00+00:00""}]",1,1800.000000,1800.000000,6445,112473,8157,110291,1,1,93.0531956187,0.8515269295,0.0698563957,0.8515269295,402.491931,GE100_LT500,PRE_SPUTNIK,False,True
8277|130576,8277,130576,5222,87790,101,208,"Hamburg-Bergedorf, Germany","Dr. Remeis-Observatory, Bamberg, Germany","Dr. Remeis-Observatory, Bamberg, Germany | Hamburg-Bergedorf, Germany",OVERLAP,0.000000,"[{""a_fragment"":""PARENT_PROVISIONAL_CONTINUOUS"",""b_fragment"":""PARENT_PROVISIONAL_CONTINUOUS"",""duration_seconds"":444.0,""end_utc"":""1939-03-11T22:04:24+00:00"",""exposure_active"":8277,""exposure_current"":130576,""start_utc"":""1939-03-11T21:57:00+00:00""}]",1,444.000000,444.000000,6445,112474,8157,110287,1,1,68.6680761473,0.6238374132,0.0508333596,0.6238374132,402.491931,GE100_LT500,PRE_SPUTNIK,False,True
8279|130576,8279,130576,5224,87790,101,208,"Hamburg-Bergedorf, Germany","Dr. Remeis-Observatory, Bamberg, Germany","Dr. Remeis-Observatory, Bamberg, Germany | Hamburg-Bergedorf, Germany",GT0_LE5MIN,120.000000,[],0,0.000000,0.000000,6446,112474,8161,110287,1,1,106.4607794578,1.0000000000,0.0809519623,1.0000000000,402.491931,GE100_LT500,PRE_SPUTNIK,False,True
8285|130578,8285,130578,5229,87792,101,208,"Hamburg-Bergedorf, Germany","Dr. Remeis-Observatory, Bamberg, Germany","Dr. Remeis-Observatory, Bamberg, Germany | Hamburg-Bergedorf, Germany",GT0_LE5MIN,115.000000,[],0,0.000000,0.000000,6451,112476,8154,110292,2,1,22.3205153148,0.6236826551,0.0170787209,0.6236826551,402.491931,GE100_LT500,PRE_SPUTNIK,False,True
8286|130578,8286,130578,5229,87792,101,208,"Hamburg-Bergedorf, Germany","Dr. Remeis-Observatory, Bamberg, Germany","Dr. Remeis-Observatory, Bamberg, Germany | Hamburg-Bergedorf, Germany",OVERLAP,0.000000,"[{""a_fragment"":""PARENT_PROVISIONAL_CONTINUOUS"",""b_fragment"":""PARENT_PROVISIONAL_CONTINUOUS"",""duration_seconds"":204.0,""end_utc"":""1939-03-15T19:23:24+00:00"",""exposure_active"":8286,""exposure_current"":130578,""start_utc"":""1939-03-15T19:20:00+00:00""}]",1,204.000000,204.000000,6451,112476,8154,110292,2,1,22.3205153148,0.6236826551,0.0170787209,0.6236826551,402.491931,GE100_LT500,PRE_SPUTNIK,False,True
8301|130603,8301,130603,5244,87817,101,208,"Hamburg-Bergedorf, Germany","Dr. Remeis-Observatory, Bamberg, Germany","Dr. Remeis-Observatory, Bamberg, Germany | Hamburg-Bergedorf, Germany",OVERLAP,0.000000,"[{""a_fragment"":""PARENT_PROVISIONAL_CONTINUOUS"",""b_fragment"":""PARENT_PROVISIONAL_CONTINUOUS"",""duration_seconds"":1137.0,""end_utc"":""1939-03-18T21:09:57+00:00"",""exposure_active"":8301,""exposure_current"":130603,""start_utc"":""1939-03-18T20:51:00+00:00""}]",1,1137.000000,1137.000000,6471,112501,8186,110311,1,1,62.3430602193,0.5728732043,0.0464149434,0.5728732043,402.491931,GE100_LT500,PRE_SPUTNIK,False,True
8336|130624,8336,130624,5265,87838,101,208,"Hamburg-Bergedorf, Germany","Dr. Remeis-Observatory, Bamberg, Germany","Dr. Remeis-Observatory, Bamberg, Germany | Hamburg-Bergedorf, Germany",GT0_LE5MIN,288.000000,[],0,0.000000,0.000000,6498,112522,8221,110319,1,1,17.6140080054,0.4923225428,0.0134535636,0.4923225428,402.491931,GE100_LT500,PRE_SPUTNIK,False,True
8443|130724,8443,130724,5319,87938,101,208,"Hamburg-Bergedorf, Germany","Dr. Remeis-Observatory, Bamberg, Germany","Dr. Remeis-Observatory, Bamberg, Germany | Hamburg-Bergedorf, Germany",OVERLAP,0.000000,"[{""a_fragment"":""PARENT_PROVISIONAL_CONTINUOUS"",""b_fragment"":""PARENT_PROVISIONAL_CONTINUOUS"",""duration_seconds"":1245.0,""end_utc"":""1939-05-24T00:08:45+00:00"",""exposure_active"":8443,""exposure_current"":130724,""start_utc"":""1939-05-23T23:48:00+00:00""}]",1,1245.000000,1245.000000,6568,112621,8355,110400,1,1,107.7832704264,1.0000000000,0.0841886200,1.0000000000,402.491931,GE100_LT500,PRE_SPUTNIK,False,True
8463|130860,8463,130860,5339,88035,101,208,"Hamburg-Bergedorf, Germany","Dr. Remeis-Observatory, Bamberg, Germany","Dr. Remeis-Observatory, Bamberg, Germany | Hamburg-Bergedorf, Germany",OVERLAP,0.000000,"[{""a_fragment"":""PARENT_PROVISIONAL_CONTINUOUS"",""b_fragment"":""PARENT_PROVISIONAL_CONTINUOUS"",""duration_seconds"":1314.0,""end_utc"":""1939-09-08T21:25:54+00:00"",""exposure_active"":8463,""exposure_current"":130860,""start_utc"":""1939-09-08T21:04:00+00:00""}]",1,1314.000000,1314.000000,6596,112705,8373,110447,1,1,35.7022662314,1.0000000000,0.0280511593,1.0000000000,402.491931,GE100_LT500,PRE_SPUTNIK,False,True
8464|130860,8464,130860,5340,88035,101,208,"Hamburg-Bergedorf, Germany","Dr. Remeis-Observatory, Bamberg, Germany","Dr. Remeis-Observatory, Bamberg, Germany | Hamburg-Bergedorf, Germany",OVERLAP,0.000000,"[{""a_fragment"":""PARENT_PROVISIONAL_CONTINUOUS"",""b_fragment"":""PARENT_PROVISIONAL_CONTINUOUS"",""duration_seconds"":8.0,""end_utc"":""1939-09-08T21:34:00+00:00"",""exposure_active"":130860,""exposure_current"":8464,""start_utc"":""1939-09-08T21:33:52+00:00""}]",1,8.000000,8.000000,6598,112705,8377,110447,1,1,35.4354699818,1.0000000000,0.0281170032,1.0000000000,402.491931,GE100_LT500,PRE_SPUTNIK,False,True
10172|131052,10172,131052,6371,88189,101,208,"Hamburg-Bergedorf, Germany","Dr. Remeis-Observatory, Bamberg, Germany","Dr. Remeis-Observatory, Bamberg, Germany | Hamburg-Bergedorf, Germany",OVERLAP,0.000000,"[{""a_fragment"":""PARENT_PROVISIONAL_CONTINUOUS"",""b_fragment"":""1395"",""duration_seconds"":904.0,""end_utc"":""1948-08-31T22:17:04+00:00"",""exposure_active"":10172,""exposure_current"":131052,""start_utc"":""1948-08-31T22:02:00+00:00""},{""a_fragment"":""1396"",""b_fragment"":""PARENT_PROVISIONAL_CONTINUOUS"",""duration_seconds"":2992.0,""end_utc"":""1948-08-31T23:16:54+00:00"",""exposure_active"":131052,""exposure_current"":10172,""start_utc"":""1948-08-31T22:27:02+00:00""}]",2,3896.000000,2992.000000,8239,112836,10539,110514,1,1,81.4795658565,0.9454559670,0.0485689658,0.9454559670,402.491931,GE100_LT500,PRE_SPUTNIK,False,True
10665|131192,10665,131192,6603,88289,101,208,"Hamburg-Bergedorf, Germany","Dr. Remeis-Observatory, Bamberg, Germany","Dr. Remeis-Observatory, Bamberg, Germany | Hamburg-Bergedorf, Germany",OVERLAP,0.000000,"[{""a_fragment"":""PARENT_PROVISIONAL_CONTINUOUS"",""b_fragment"":""PARENT_PROVISIONAL_CONTINUOUS"",""duration_seconds"":60.0,""end_utc"":""1949-10-22T17:51:43+00:00"",""exposure_active"":131192,""exposure_current"":10665,""start_utc"":""1949-10-22T17:50:43+00:00""}]",1,60.000000,60.000000,8593,112913,10998,110522,7,1,16.3859110007,1.0000000000,0.0096391222,1.0000000000,402.491931,GE100_LT500,PRE_SPUTNIK,False,True
10666|131192,10666,131192,6603,88289,101,208,"Hamburg-Bergedorf, Germany","Dr. Remeis-Observatory, Bamberg, Germany","Dr. Remeis-Observatory, Bamberg, Germany | Hamburg-Bergedorf, Germany",OVERLAP,0.000000,"[{""a_fragment"":""PARENT_PROVISIONAL_CONTINUOUS"",""b_fragment"":""PARENT_PROVISIONAL_CONTINUOUS"",""duration_seconds"":30.0,""end_utc"":""1949-10-22T17:56:12+00:00"",""exposure_active"":131192,""exposure_current"":10666,""start_utc"":""1949-10-22T17:55:42+00:00""}]",1,30.000000,30.000000,8593,112913,10998,110522,7,1,16.3859110007,1.0000000000,0.0096391222,1.0000000000,402.491931,GE100_LT500,PRE_SPUTNIK,False,True
10667|131192,10667,131192,6603,88289,101,208,"Hamburg-Bergedorf, Germany","Dr. Remeis-Observatory, Bamberg, Germany","Dr. Remeis-Observatory, Bamberg, Germany | Hamburg-Bergedorf, Germany",OVERLAP,0.000000,"[{""a_fragment"":""PARENT_PROVISIONAL_CONTINUOUS"",""b_fragment"":""PARENT_PROVISIONAL_CONTINUOUS"",""duration_seconds"":30.0,""end_utc"":""1949-10-22T18:01:11+00:00"",""exposure_active"":131192,""exposure_current"":10667,""start_utc"":""1949-10-22T18:00:41+00:00""}]",1,30.000000,30.000000,8593,112913,10998,110522,7,1,16.3859110007,1.0000000000,0.0096391222,1.0000000000,402.491931,GE100_LT500,PRE_SPUTNIK,False,True
10668|131192,10668,131192,6603,88289,101,208,"Hamburg-Bergedorf, Germany","Dr. Remeis-Observatory, Bamberg, Germany","Dr. Remeis-Observatory, Bamberg, Germany | Hamburg-Bergedorf, Germany",OVERLAP,0.000000,"[{""a_fragment"":""PARENT_PROVISIONAL_CONTINUOUS"",""b_fragment"":""PARENT_PROVISIONAL_CONTINUOUS"",""duration_seconds"":29.0,""end_utc"":""1949-10-22T18:06:10+00:00"",""exposure_active"":131192,""exposure_current"":10668,""start_utc"":""1949-10-22T18:05:41+00:00""}]",1,29.000000,29.000000,8593,112913,10998,110522,7,1,16.3859110007,1.0000000000,0.0096391222,1.0000000000,402.491931,GE100_LT500,PRE_SPUTNIK,False,True
10669|131192,10669,131192,6603,88289,101,208,"Hamburg-Bergedorf, Germany","Dr. Remeis-Observatory, Bamberg, Germany","Dr. Remeis-Observatory, Bamberg, Germany | Hamburg-Bergedorf, Germany",OVERLAP,0.000000,"[{""a_fragment"":""PARENT_PROVISIONAL_CONTINUOUS"",""b_fragment"":""PARENT_PROVISIONAL_CONTINUOUS"",""duration_seconds"":30.0,""end_utc"":""1949-10-22T18:11:10+00:00"",""exposure_active"":131192,""exposure_current"":10669,""start_utc"":""1949-10-22T18:10:40+00:00""}]",1,30.000000,30.000000,8593,112913,10998,110522,7,1,16.3859110007,1.0000000000,0.0096391222,1.0000000000,402.491931,GE100_LT500,PRE_SPUTNIK,False,True
10670|131192,10670,131192,6603,88289,101,208,"Hamburg-Bergedorf, Germany","Dr. Remeis-Observatory, Bamberg, Germany","Dr. Remeis-Observatory, Bamberg, Germany | Hamburg-Bergedorf, Germany",OVERLAP,0.000000,"[{""a_fragment"":""PARENT_PROVISIONAL_CONTINUOUS"",""b_fragment"":""PARENT_PROVISIONAL_CONTINUOUS"",""duration_seconds"":30.0,""end_utc"":""1949-10-22T18:16:09+00:00"",""exposure_active"":131192,""exposure_current"":10670,""start_utc"":""1949-10-22T18:15:39+00:00""}]",1,30.000000,30.000000,8593,112913,10998,110522,7,1,16.3859110007,1.0000000000,0.0096391222,1.0000000000,402.491931,GE100_LT500,PRE_SPUTNIK,False,True
10671|131192,10671,131192,6603,88289,101,208,"Hamburg-Bergedorf, Germany","Dr. Remeis-Observatory, Bamberg, Germany","Dr. Remeis-Observatory, Bamberg, Germany | Hamburg-Bergedorf, Germany",OVERLAP,0.000000,"[{""a_fragment"":""PARENT_PROVISIONAL_CONTINUOUS"",""b_fragment"":""PARENT_PROVISIONAL_CONTINUOUS"",""duration_seconds"":30.0,""end_utc"":""1949-10-22T18:21:08+00:00"",""exposure_active"":131192,""exposure_current"":10671,""start_utc"":""1949-10-22T18:20:38+00:00""}]",1,30.000000,30.000000,8593,112913,10998,110522,7,1,16.3859110007,1.0000000000,0.0096391222,1.0000000000,402.491931,GE100_LT500,PRE_SPUTNIK,False,True
10672|131192,10672,131192,6604,88289,101,208,"Hamburg-Bergedorf, Germany","Dr. Remeis-Observatory, Bamberg, Germany","Dr. Remeis-Observatory, Bamberg, Germany | Hamburg-Bergedorf, Germany",OVERLAP,0.000000,"[{""a_fragment"":""PARENT_PROVISIONAL_CONTINUOUS"",""b_fragment"":""PARENT_PROVISIONAL_CONTINUOUS"",""duration_seconds"":30.0,""end_utc"":""1949-10-22T18:26:07+00:00"",""exposure_active"":131192,""exposure_current"":10672,""start_utc"":""1949-10-22T18:25:37+00:00""}]",1,30.000000,30.000000,8594,112913,11005,110522,7,1,16.4018438005,1.0000000000,0.0096512965,1.0000000000,402.491931,GE100_LT500,PRE_SPUTNIK,False,True
10673|131192,10673,131192,6604,88289,101,208,"Hamburg-Bergedorf, Germany","Dr. Remeis-Observatory, Bamberg, Germany","Dr. Remeis-Observatory, Bamberg, Germany | Hamburg-Bergedorf, Germany",OVERLAP,0.000000,"[{""a_fragment"":""PARENT_PROVISIONAL_CONTINUOUS"",""b_fragment"":""PARENT_PROVISIONAL_CONTINUOUS"",""duration_seconds"":30.0,""end_utc"":""1949-10-22T18:31:07+00:00"",""exposure_active"":131192,""exposure_current"":10673,""start_utc"":""1949-10-22T18:30:37+00:00""}]",1,30.000000,30.000000,8594,112913,11005,110522,7,1,16.4018438005,1.0000000000,0.0096512965,1.0000000000,402.491931,GE100_LT500,PRE_SPUTNIK,False,True
10674|131192,10674,131192,6604,88289,101,208,"Hamburg-Bergedorf, Germany","Dr. Remeis-Observatory, Bamberg, Germany","Dr. Remeis-Observatory, Bamberg, Germany | Hamburg-Bergedorf, Germany",OVERLAP,0.000000,"[{""a_fragment"":""PARENT_PROVISIONAL_CONTINUOUS"",""b_fragment"":""PARENT_PROVISIONAL_CONTINUOUS"",""duration_seconds"":30.0,""end_utc"":""1949-10-22T18:36:06+00:00"",""exposure_active"":131192,""exposure_current"":10674,""start_utc"":""1949-10-22T18:35:36+00:00""}]",1,30.000000,30.000000,8594,112913,11005,110522,7,1,16.4018438005,1.0000000000,0.0096512965,1.0000000000,402.491931,GE100_LT500,PRE_SPUTNIK,False,True
10675|131192,10675,131192,6604,88289,101,208,"Hamburg-Bergedorf, Germany","Dr. Remeis-Observatory, Bamberg, Germany","Dr. Remeis-Observatory, Bamberg, Germany | Hamburg-Bergedorf, Germany",OVERLAP,0.000000,"[{""a_fragment"":""PARENT_PROVISIONAL_CONTINUOUS"",""b_fragment"":""PARENT_PROVISIONAL_CONTINUOUS"",""duration_seconds"":30.0,""end_utc"":""1949-10-22T18:41:05+00:00"",""exposure_active"":131192,""exposure_current"":10675,""start_utc"":""1949-10-22T18:40:35+00:00""}]",1,30.000000,30.000000,8594,112913,11005,110522,7,1,16.4018438005,1.0000000000,0.0096512965,1.0000000000,402.491931,GE100_LT500,PRE_SPUTNIK,False,True
10676|131192,10676,131192,6604,88289,101,208,"Hamburg-Bergedorf, Germany","Dr. Remeis-Observatory, Bamberg, Germany","Dr. Remeis-Observatory, Bamberg, Germany | Hamburg-Bergedorf, Germany",OVERLAP,0.000000,"[{""a_fragment"":""PARENT_PROVISIONAL_CONTINUOUS"",""b_fragment"":""PARENT_PROVISIONAL_CONTINUOUS"",""duration_seconds"":30.0,""end_utc"":""1949-10-22T18:46:04+00:00"",""exposure_active"":131192,""exposure_current"":10676,""start_utc"":""1949-10-22T18:45:34+00:00""}]",1,30.000000,30.000000,8594,112913,11005,110522,7,1,16.4018438005,1.0000000000,0.0096512965,1.0000000000,402.491931,GE100_LT500,PRE_SPUTNIK,False,True
10677|131192,10677,131192,6604,88289,101,208,"Hamburg-Bergedorf, Germany","Dr. Remeis-Observatory, Bamberg, Germany","Dr. Remeis-Observatory, Bamberg, Germany | Hamburg-Bergedorf, Germany",GT0_LE5MIN,153.000000,[],0,0.000000,0.000000,8594,112913,11005,110522,7,1,16.4018438005,1.0000000000,0.0096512965,1.0000000000,402.491931,GE100_LT500,PRE_SPUTNIK,False,True
11147|131342,11147,131342,6724,88424,101,208,"Hamburg-Bergedorf, Germany","Dr. Remeis-Observatory, Bamberg, Germany","Dr. Remeis-Observatory, Bamberg, Germany | Hamburg-Bergedorf, Germany",OVERLAP,0.000000,"[{""a_fragment"":""PARENT_PROVISIONAL_CONTINUOUS"",""b_fragment"":""PARENT_PROVISIONAL_CONTINUOUS"",""duration_seconds"":2393.0,""end_utc"":""1950-08-10T21:58:49+00:00"",""exposure_active"":131342,""exposure_current"":11147,""start_utc"":""1950-08-10T21:18:56+00:00""}]",1,2393.000000,2393.000000,8743,113036,11542,110530,1,1,28.0201536743,0.2621205594,0.2129952585,0.2621205594,402.491931,GE100_LT500,PRE_SPUTNIK,False,True
11149|131343,11149,131343,6726,88425,101,208,"Hamburg-Bergedorf, Germany","Dr. Remeis-Observatory, Bamberg, Germany","Dr. Remeis-Observatory, Bamberg, Germany | Hamburg-Bergedorf, Germany",OVERLAP,0.000000,"[{""a_fragment"":""PARENT_PROVISIONAL_CONTINUOUS"",""b_fragment"":""PARENT_PROVISIONAL_CONTINUOUS"",""duration_seconds"":1633.0,""end_utc"":""1950-08-10T22:36:00+00:00"",""exposure_active"":131343,""exposure_current"":11149,""start_utc"":""1950-08-10T22:08:47+00:00""}]",1,1633.000000,1633.000000,8745,113037,11541,110529,1,1,27.8229979596,0.2602627530,0.2125516268,0.2602627530,402.491931,GE100_LT500,PRE_SPUTNIK,False,True
11262|131381,11262,131381,6755,88463,101,208,"Hamburg-Bergedorf, Germany","Dr. Remeis-Observatory, Bamberg, Germany","Dr. Remeis-Observatory, Bamberg, Germany | Hamburg-Bergedorf, Germany",OVERLAP,0.000000,"[{""a_fragment"":""1432"",""b_fragment"":""PARENT_PROVISIONAL_CONTINUOUS"",""duration_seconds"":838.0,""end_utc"":""1950-09-13T19:44:08+00:00"",""exposure_active"":131381,""exposure_current"":11262,""start_utc"":""1950-09-13T19:30:10+00:00""},{""a_fragment"":""1433"",""b_fragment"":""PARENT_PROVISIONAL_CONTINUOUS"",""duration_seconds"":1556.0,""end_utc"":""1950-09-13T20:13:03+00:00"",""exposure_active"":131381,""exposure_current"":11262,""start_utc"":""1950-09-13T19:47:07+00:00""}]",2,2394.000000,1556.000000,8783,113071,11602,110541,1,1,22.8928786996,0.2155032860,0.1739138104,0.2155032860,402.491931,GE100_LT500,PRE_SPUTNIK,False,True
11623|131482,11623,131482,6841,88550,101,208,"Hamburg-Bergedorf, Germany","Dr. Remeis-Observatory, Bamberg, Germany","Dr. Remeis-Observatory, Bamberg, Germany | Hamburg-Bergedorf, Germany",GT0_LE5MIN,3.000000,[],0,0.000000,0.000000,8885,113140,11915,110576,6,1,0.9901883152,0.0612999909,0.0075373733,0.0612999909,402.491931,GE100_LT500,PRE_SPUTNIK,False,True
12404|131662,12404,131662,7016,88706,101,208,"Hamburg-Bergedorf, Germany","Dr. Remeis-Observatory, Bamberg, Germany","Dr. Remeis-Observatory, Bamberg, Germany | Hamburg-Bergedorf, Germany",OVERLAP,0.000000,"[{""a_fragment"":""PARENT_PROVISIONAL_CONTINUOUS"",""b_fragment"":""PARENT_PROVISIONAL_CONTINUOUS"",""duration_seconds"":30.0,""end_utc"":""1951-09-01T20:33:46+00:00"",""exposure_active"":131662,""exposure_current"":12404,""start_utc"":""1951-09-01T20:33:16+00:00""}]",1,30.000000,30.000000,9095,113267,12679,110677,6,1,13.1221885196,0.8242306208,0.1004015940,0.8242306208,402.491931,GE100_LT500,IN_1951_1955,True,True
12405|131662,12405,131662,7016,88706,101,208,"Hamburg-Bergedorf, Germany","Dr. Remeis-Observatory, Bamberg, Germany","Dr. Remeis-Observatory, Bamberg, Germany | Hamburg-Bergedorf, Germany",OVERLAP,0.000000,"[{""a_fragment"":""PARENT_PROVISIONAL_CONTINUOUS"",""b_fragment"":""PARENT_PROVISIONAL_CONTINUOUS"",""duration_seconds"":30.0,""end_utc"":""1951-09-01T20:38:45+00:00"",""exposure_active"":131662,""exposure_current"":12405,""start_utc"":""1951-09-01T20:38:15+00:00""}]",1,30.000000,30.000000,9095,113267,12679,110677,6,1,13.1221885196,0.8242306208,0.1004015940,0.8242306208,402.491931,GE100_LT500,IN_1951_1955,True,True
12406|131662,12406,131662,7016,88706,101,208,"Hamburg-Bergedorf, Germany","Dr. Remeis-Observatory, Bamberg, Germany","Dr. Remeis-Observatory, Bamberg, Germany | Hamburg-Bergedorf, Germany",OVERLAP,0.000000,"[{""a_fragment"":""PARENT_PROVISIONAL_CONTINUOUS"",""b_fragment"":""PARENT_PROVISIONAL_CONTINUOUS"",""duration_seconds"":30.0,""end_utc"":""1951-09-01T20:43:44+00:00"",""exposure_active"":131662,""exposure_current"":12406,""start_utc"":""1951-09-01T20:43:14+00:00""}]",1,30.000000,30.000000,9095,113267,12679,110677,6,1,13.1221885196,0.8242306208,0.1004015940,0.8242306208,402.491931,GE100_LT500,IN_1951_1955,True,True
12407|131662,12407,131662,7016,88706,101,208,"Hamburg-Bergedorf, Germany","Dr. Remeis-Observatory, Bamberg, Germany","Dr. Remeis-Observatory, Bamberg, Germany | Hamburg-Bergedorf, Germany",OVERLAP,0.000000,"[{""a_fragment"":""PARENT_PROVISIONAL_CONTINUOUS"",""b_fragment"":""PARENT_PROVISIONAL_CONTINUOUS"",""duration_seconds"":29.0,""end_utc"":""1951-09-01T20:48:43+00:00"",""exposure_active"":131662,""exposure_current"":12407,""start_utc"":""1951-09-01T20:48:14+00:00""}]",1,29.000000,29.000000,9095,113267,12679,110677,6,1,13.1221885196,0.8242306208,0.1004015940,0.8242306208,402.491931,GE100_LT500,IN_1951_1955,True,True
12408|131662,12408,131662,7016,88706,101,208,"Hamburg-Bergedorf, Germany","Dr. Remeis-Observatory, Bamberg, Germany","Dr. Remeis-Observatory, Bamberg, Germany | Hamburg-Bergedorf, Germany",OVERLAP,0.000000,"[{""a_fragment"":""PARENT_PROVISIONAL_CONTINUOUS"",""b_fragment"":""PARENT_PROVISIONAL_CONTINUOUS"",""duration_seconds"":30.0,""end_utc"":""1951-09-01T20:53:43+00:00"",""exposure_active"":131662,""exposure_current"":12408,""start_utc"":""1951-09-01T20:53:13+00:00""}]",1,30.000000,30.000000,9095,113267,12679,110677,6,1,13.1221885196,0.8242306208,0.1004015940,0.8242306208,402.491931,GE100_LT500,IN_1951_1955,True,True
12409|131662,12409,131662,7016,88706,101,208,"Hamburg-Bergedorf, Germany","Dr. Remeis-Observatory, Bamberg, Germany","Dr. Remeis-Observatory, Bamberg, Germany | Hamburg-Bergedorf, Germany",GT0_LE5MIN,252.000000,[],0,0.000000,0.000000,9095,113267,12679,110677,6,1,13.1221885196,0.8242306208,0.1004015940,0.8242306208,402.491931,GE100_LT500,IN_1951_1955,True,True
12561|139010,12561,139010,7050,95880,101,501,"Hamburg-Bergedorf, Germany","Castel Gandolfo, Italy","Castel Gandolfo, Italy | Hamburg-Bergedorf, Germany",GT0_LE5MIN,239.000000,[],0,0.000000,0.000000,9137,120365,12823,121726,6,1,3.8743125396,0.2420399328,0.1129840835,0.2420399328,1317.081595,GE1000,IN_1951_1955,True,True
12562|139010,12562,139010,7050,95880,101,501,"Hamburg-Bergedorf, Germany","Castel Gandolfo, Italy","Castel Gandolfo, Italy | Hamburg-Bergedorf, Germany",OVERLAP,0.000000,"[{""a_fragment"":""PARENT_PROVISIONAL_CONTINUOUS"",""b_fragment"":""PARENT_PROVISIONAL_CONTINUOUS"",""duration_seconds"":30.0,""end_utc"":""1951-09-19T19:18:00+00:00"",""exposure_active"":139010,""exposure_current"":12562,""start_utc"":""1951-09-19T19:17:30+00:00""}]",1,30.000000,30.000000,9137,120365,12823,121726,6,1,3.8743125396,0.2420399328,0.1129840835,0.2420399328,1317.081595,GE1000,IN_1951_1955,True,True
12563|139010,12563,139010,7050,95880,101,501,"Hamburg-Bergedorf, Germany","Castel Gandolfo, Italy","Castel Gandolfo, Italy | Hamburg-Bergedorf, Germany",OVERLAP,0.000000,"[{""a_fragment"":""PARENT_PROVISIONAL_CONTINUOUS"",""b_fragment"":""PARENT_PROVISIONAL_CONTINUOUS"",""duration_seconds"":30.0,""end_utc"":""1951-09-19T19:22:59+00:00"",""exposure_active"":139010,""exposure_current"":12563,""start_utc"":""1951-09-19T19:22:29+00:00""}]",1,30.000000,30.000000,9137,120365,12823,121726,6,1,3.8743125396,0.2420399328,0.1129840835,0.2420399328,1317.081595,GE1000,IN_1951_1955,True,True
12564|139011,12564,139011,7051,95881,101,501,"Hamburg-Bergedorf, Germany","Castel Gandolfo, Italy","Castel Gandolfo, Italy | Hamburg-Bergedorf, Germany",OVERLAP,0.000000,"[{""a_fragment"":""PARENT_PROVISIONAL_CONTINUOUS"",""b_fragment"":""PARENT_PROVISIONAL_CONTINUOUS"",""duration_seconds"":17.0,""end_utc"":""1951-09-19T19:38:17+00:00"",""exposure_active"":12564,""exposure_current"":139011,""start_utc"":""1951-09-19T19:38:00+00:00""}]",1,17.000000,17.000000,9138,120366,12829,121725,6,1,3.4190684208,0.2145513341,0.0997199879,0.2145513341,1317.081595,GE1000,IN_1951_1955,True,True
12565|139011,12565,139011,7051,95881,101,501,"Hamburg-Bergedorf, Germany","Castel Gandolfo, Italy","Castel Gandolfo, Italy | Hamburg-Bergedorf, Germany",OVERLAP,0.000000,"[{""a_fragment"":""PARENT_PROVISIONAL_CONTINUOUS"",""b_fragment"":""PARENT_PROVISIONAL_CONTINUOUS"",""duration_seconds"":40.0,""end_utc"":""1951-09-19T19:43:06+00:00"",""exposure_active"":139011,""exposure_current"":12565,""start_utc"":""1951-09-19T19:42:26+00:00""}]",1,40.000000,40.000000,9138,120366,12829,121725,6,1,3.4190684208,0.2145513341,0.0997199879,0.2145513341,1317.081595,GE1000,IN_1951_1955,True,True
12566|139011,12566,139011,7051,95881,101,501,"Hamburg-Bergedorf, Germany","Castel Gandolfo, Italy","Castel Gandolfo, Italy | Hamburg-Bergedorf, Germany",OVERLAP,0.000000,"[{""a_fragment"":""PARENT_PROVISIONAL_CONTINUOUS"",""b_fragment"":""PARENT_PROVISIONAL_CONTINUOUS"",""duration_seconds"":30.0,""end_utc"":""1951-09-19T19:47:55+00:00"",""exposure_active"":139011,""exposure_current"":12566,""start_utc"":""1951-09-19T19:47:25+00:00""}]",1,30.000000,30.000000,9138,120366,12829,121725,6,1,3.4190684208,0.2145513341,0.0997199879,0.2145513341,1317.081595,GE1000,IN_1951_1955,True,True
12567|139011,12567,139011,7051,95881,101,501,"Hamburg-Bergedorf, Germany","Castel Gandolfo, Italy","Castel Gandolfo, Italy | Hamburg-Bergedorf, Germany",GT0_LE5MIN,264.000000,[],0,0.000000,0.000000,9138,120366,12829,121725,6,1,3.4190684208,0.2145513341,0.0997199879,0.2145513341,1317.081595,GE1000,IN_1951_1955,True,True
12567|139012,12567,139012,7051,95882,101,501,"Hamburg-Bergedorf, Germany","Castel Gandolfo, Italy","Castel Gandolfo, Italy | Hamburg-Bergedorf, Germany",GT0_LE5MIN,56.000000,[],0,0.000000,0.000000,9138,120367,12829,121730,6,1,3.5261153758,0.2212747556,0.1020697677,0.2212747556,1317.081595,GE1000,IN_1951_1955,True,True
12568|139012,12568,139012,7051,95882,101,501,"Hamburg-Bergedorf, Germany","Castel Gandolfo, Italy","Castel Gandolfo, Italy | Hamburg-Bergedorf, Germany",OVERLAP,0.000000,"[{""a_fragment"":""PARENT_PROVISIONAL_CONTINUOUS"",""b_fragment"":""PARENT_PROVISIONAL_CONTINUOUS"",""duration_seconds"":40.0,""end_utc"":""1951-09-19T20:03:03+00:00"",""exposure_active"":139012,""exposure_current"":12568,""start_utc"":""1951-09-19T20:02:23+00:00""}]",1,40.000000,40.000000,9138,120367,12829,121730,6,1,3.5261153758,0.2212747556,0.1020697677,0.2212747556,1317.081595,GE1000,IN_1951_1955,True,True
12569|139012,12569,139012,7051,95882,101,501,"Hamburg-Bergedorf, Germany","Castel Gandolfo, Italy","Castel Gandolfo, Italy | Hamburg-Bergedorf, Germany",OVERLAP,0.000000,"[{""a_fragment"":""PARENT_PROVISIONAL_CONTINUOUS"",""b_fragment"":""PARENT_PROVISIONAL_CONTINUOUS"",""duration_seconds"":30.0,""end_utc"":""1951-09-19T20:07:52+00:00"",""exposure_active"":139012,""exposure_current"":12569,""start_utc"":""1951-09-19T20:07:22+00:00""}]",1,30.000000,30.000000,9138,120367,12829,121730,6,1,3.5261153758,0.2212747556,0.1020697677,0.2212747556,1317.081595,GE1000,IN_1951_1955,True,True
12570|139012,12570,139012,7052,95882,101,501,"Hamburg-Bergedorf, Germany","Castel Gandolfo, Italy","Castel Gandolfo, Italy | Hamburg-Bergedorf, Germany",OVERLAP,0.000000,"[{""a_fragment"":""PARENT_PROVISIONAL_CONTINUOUS"",""b_fragment"":""PARENT_PROVISIONAL_CONTINUOUS"",""duration_seconds"":30.0,""end_utc"":""1951-09-19T20:12:51+00:00"",""exposure_active"":139012,""exposure_current"":12570,""start_utc"":""1951-09-19T20:12:21+00:00""}]",1,30.000000,30.000000,9139,120367,12835,121730,6,1,3.4660208501,0.2170852106,0.1003281663,0.2170852106,1317.081595,GE1000,IN_1951_1955,True,True
12571|139012,12571,139012,7052,95882,101,501,"Hamburg-Bergedorf, Germany","Castel Gandolfo, Italy","Castel Gandolfo, Italy | Hamburg-Bergedorf, Germany",GT0_LE5MIN,201.000000,[],0,0.000000,0.000000,9139,120367,12835,121730,6,1,3.4660208501,0.2170852106,0.1003281663,0.2170852106,1317.081595,GE1000,IN_1951_1955,True,True
12757|131792,12757,131792,7085,88736,101,208,"Hamburg-Bergedorf, Germany","Dr. Remeis-Observatory, Bamberg, Germany","Dr. Remeis-Observatory, Bamberg, Germany | Hamburg-Bergedorf, Germany",OVERLAP,0.000000,"[{""a_fragment"":""PARENT_PROVISIONAL_CONTINUOUS"",""b_fragment"":""PARENT_PROVISIONAL_CONTINUOUS"",""duration_seconds"":168.0,""end_utc"":""1951-10-02T19:35:00+00:00"",""exposure_active"":131792,""exposure_current"":12757,""start_utc"":""1951-10-02T19:32:12+00:00""}]",1,168.000000,168.000000,9173,113296,13144,110703,1,1,0.6273055140,0.0058333796,0.0047141465,0.0058333796,402.491931,GE100_LT500,IN_1951_1955,True,True
12757|131797,12757,131797,7085,88738,101,208,"Hamburg-Bergedorf, Germany","Dr. Remeis-Observatory, Bamberg, Germany","Dr. Remeis-Observatory, Bamberg, Germany | Hamburg-Bergedorf, Germany",OVERLAP,0.000000,"[{""a_fragment"":""PARENT_PROVISIONAL_CONTINUOUS"",""b_fragment"":""PARENT_PROVISIONAL_CONTINUOUS"",""duration_seconds"":1986.0,""end_utc"":""1951-10-02T20:12:06+00:00"",""exposure_active"":12757,""exposure_current"":131797,""start_utc"":""1951-10-02T19:39:00+00:00""}]",1,1986.000000,1986.000000,9173,113298,13144,110702,1,1,2.7007016470,0.0252902964,0.0203904277,0.0252902964,402.491931,GE100_LT500,IN_1951_1955,True,True
12758|131797,12758,131797,7086,88738,101,208,"Hamburg-Bergedorf, Germany","Dr. Remeis-Observatory, Bamberg, Germany","Dr. Remeis-Observatory, Bamberg, Germany | Hamburg-Bergedorf, Germany",OVERLAP,0.000000,"[{""a_fragment"":""PARENT_PROVISIONAL_CONTINUOUS"",""b_fragment"":""PARENT_PROVISIONAL_CONTINUOUS"",""duration_seconds"":1075.0,""end_utc"":""1951-10-02T20:35:00+00:00"",""exposure_active"":131797,""exposure_current"":12758,""start_utc"":""1951-10-02T20:17:05+00:00""}]",1,1075.000000,1075.000000,9175,113298,13136,110702,1,1,2.2372013304,0.0209162571,0.0168885581,0.0209162571,402.491931,GE100_LT500,IN_1951_1955,True,True
12851|131824,12851,131824,7106,88754,101,208,"Hamburg-Bergedorf, Germany","Dr. Remeis-Observatory, Bamberg, Germany","Dr. Remeis-Observatory, Bamberg, Germany | Hamburg-Bergedorf, Germany",GT0_LE5MIN,31.000000,[],0,0.000000,0.000000,9197,113311,13102,110718,1,1,24.2013963944,0.6966743447,0.1861130518,0.6966743447,402.491931,GE100_LT500,IN_1951_1955,True,True
12852|131824,12852,131824,7107,88754,101,208,"Hamburg-Bergedorf, Germany","Dr. Remeis-Observatory, Bamberg, Germany","Dr. Remeis-Observatory, Bamberg, Germany | Hamburg-Bergedorf, Germany",OVERLAP,0.000000,"[{""a_fragment"":""PARENT_PROVISIONAL_CONTINUOUS"",""b_fragment"":""PARENT_PROVISIONAL_CONTINUOUS"",""duration_seconds"":419.0,""end_utc"":""1951-10-04T18:49:26+00:00"",""exposure_active"":131824,""exposure_current"":12852,""start_utc"":""1951-10-04T18:42:27+00:00""}]",1,419.000000,419.000000,9200,113311,13104,110718,1,1,23.3682073412,0.6660562518,0.1796078574,0.6660562518,402.491931,GE100_LT500,IN_1951_1955,True,True
12853|131824,12853,131824,7108,88754,101,208,"Hamburg-Bergedorf, Germany","Dr. Remeis-Observatory, Bamberg, Germany","Dr. Remeis-Observatory, Bamberg, Germany | Hamburg-Bergedorf, Germany",OVERLAP,0.000000,"[{""a_fragment"":""PARENT_PROVISIONAL_CONTINUOUS"",""b_fragment"":""PARENT_PROVISIONAL_CONTINUOUS"",""duration_seconds"":418.0,""end_utc"":""1951-10-04T19:00:24+00:00"",""exposure_active"":131824,""exposure_current"":12853,""start_utc"":""1951-10-04T18:53:26+00:00""}]",1,418.000000,418.000000,9201,113311,13106,110718,1,1,6.8508291925,0.1961397372,0.0523990004,0.1961397372,402.491931,GE100_LT500,IN_1951_1955,True,True
12855|131824,12855,131824,7110,88754,101,208,"Hamburg-Bergedorf, Germany","Dr. Remeis-Observatory, Bamberg, Germany","Dr. Remeis-Observatory, Bamberg, Germany | Hamburg-Bergedorf, Germany",OVERLAP,0.000000,"[{""a_fragment"":""PARENT_PROVISIONAL_CONTINUOUS"",""b_fragment"":""PARENT_PROVISIONAL_CONTINUOUS"",""duration_seconds"":419.0,""end_utc"":""1951-10-04T19:32:19+00:00"",""exposure_active"":131824,""exposure_current"":12855,""start_utc"":""1951-10-04T19:25:20+00:00""}]",1,419.000000,419.000000,9205,113311,13107,110718,1,1,31.9736455234,0.9187500139,0.2464096365,0.9187500139,402.491931,GE100_LT500,IN_1951_1955,True,True
13536|131899,13536,131899,7273,88826,101,208,"Hamburg-Bergedorf, Germany","Dr. Remeis-Observatory, Bamberg, Germany","Dr. Remeis-Observatory, Bamberg, Germany | Hamburg-Bergedorf, Germany",OVERLAP,0.000000,"[{""a_fragment"":""PARENT_PROVISIONAL_CONTINUOUS"",""b_fragment"":""PARENT_PROVISIONAL_CONTINUOUS"",""duration_seconds"":511.0,""end_utc"":""1952-03-14T20:35:00+00:00"",""exposure_active"":131899,""exposure_current"":13536,""start_utc"":""1952-03-14T20:26:29+00:00""}]",1,511.000000,511.000000,9416,113378,13902,110789,1,1,62.7007286938,0.5689403973,0.0367592627,0.5689403973,402.491931,GE100_LT500,IN_1951_1955,True,True
13539|131906,13539,131906,7276,88833,101,208,"Hamburg-Bergedorf, Germany","Dr. Remeis-Observatory, Bamberg, Germany","Dr. Remeis-Observatory, Bamberg, Germany | Hamburg-Bergedorf, Germany",GT0_LE5MIN,79.000000,[],0,0.000000,0.000000,9422,113385,13901,110799,1,1,84.5487862368,0.7510471975,0.0477114592,0.7510471975,402.491931,GE100_LT500,IN_1951_1955,True,True
13540|131906,13540,131906,7277,88833,101,208,"Hamburg-Bergedorf, Germany","Dr. Remeis-Observatory, Bamberg, Germany","Dr. Remeis-Observatory, Bamberg, Germany | Hamburg-Bergedorf, Germany",OVERLAP,0.000000,"[{""a_fragment"":""PARENT_PROVISIONAL_CONTINUOUS"",""b_fragment"":""PARENT_PROVISIONAL_CONTINUOUS"",""duration_seconds"":1795.0,""end_utc"":""1952-03-15T20:22:33+00:00"",""exposure_active"":131906,""exposure_current"":13540,""start_utc"":""1952-03-15T19:52:38+00:00""}]",1,1795.000000,1795.000000,9424,113385,13908,110799,1,1,85.6464011633,0.7636253911,0.0483628486,0.7636253911,402.491931,GE100_LT500,IN_1951_1955,True,True
13541|131906,13541,131906,7278,88833,101,208,"Hamburg-Bergedorf, Germany","Dr. Remeis-Observatory, Bamberg, Germany","Dr. Remeis-Observatory, Bamberg, Germany | Hamburg-Bergedorf, Germany",OVERLAP,0.000000,"[{""a_fragment"":""PARENT_PROVISIONAL_CONTINUOUS"",""b_fragment"":""PARENT_PROVISIONAL_CONTINUOUS"",""duration_seconds"":119.0,""end_utc"":""1952-03-15T20:38:00+00:00"",""exposure_active"":131906,""exposure_current"":13541,""start_utc"":""1952-03-15T20:36:01+00:00""}]",1,119.000000,119.000000,9425,113385,13867,110799,1,1,16.1254894562,1.0000000000,0.0097300733,1.0000000000,402.491931,GE100_LT500,IN_1951_1955,True,True
13567|131943,13567,131943,7304,88870,101,208,"Hamburg-Bergedorf, Germany","Dr. Remeis-Observatory, Bamberg, Germany","Dr. Remeis-Observatory, Bamberg, Germany | Hamburg-Bergedorf, Germany",OVERLAP,0.000000,"[{""a_fragment"":""PARENT_PROVISIONAL_CONTINUOUS"",""b_fragment"":""PARENT_PROVISIONAL_CONTINUOUS"",""duration_seconds"":1795.0,""end_utc"":""1952-04-18T23:38:58+00:00"",""exposure_active"":131943,""exposure_current"":13567,""start_utc"":""1952-04-18T23:09:03+00:00""}]",1,1795.000000,1795.000000,9457,113422,13899,110819,1,1,3.0135577612,1.0000000000,0.0017904744,1.0000000000,402.491931,GE100_LT500,IN_1951_1955,True,True
13569|131949,13569,131949,7306,88876,101,208,"Hamburg-Bergedorf, Germany","Dr. Remeis-Observatory, Bamberg, Germany","Dr. Remeis-Observatory, Bamberg, Germany | Hamburg-Bergedorf, Germany",OVERLAP,0.000000,"[{""a_fragment"":""PARENT_PROVISIONAL_CONTINUOUS"",""b_fragment"":""PARENT_PROVISIONAL_CONTINUOUS"",""duration_seconds"":1448.0,""end_utc"":""1952-04-19T01:40:08+00:00"",""exposure_active"":13569,""exposure_current"":131949,""start_utc"":""1952-04-19T01:16:00+00:00""}]",1,1448.000000,1448.000000,9460,113428,13919,110840,1,1,107.7607097633,1.0000000000,0.0633790605,1.0000000000,402.491931,GE100_LT500,IN_1951_1955,True,True
13578|131960,13578,131960,7315,88887,101,208,"Hamburg-Bergedorf, Germany","Dr. Remeis-Observatory, Bamberg, Germany","Dr. Remeis-Observatory, Bamberg, Germany | Hamburg-Bergedorf, Germany",OVERLAP,0.000000,"[{""a_fragment"":""PARENT_PROVISIONAL_CONTINUOUS"",""b_fragment"":""PARENT_PROVISIONAL_CONTINUOUS"",""duration_seconds"":1588.0,""end_utc"":""1952-04-30T00:26:28+00:00"",""exposure_active"":13578,""exposure_current"":131960,""start_utc"":""1952-04-30T00:00:00+00:00""}]",1,1588.000000,1588.000000,9466,113439,13912,110838,1,1,76.9624002027,0.7025170870,0.0438396827,0.7025170870,402.491931,GE100_LT500,IN_1951_1955,True,True
13593|131981,13593,131981,7330,88908,101,208,"Hamburg-Bergedorf, Germany","Dr. Remeis-Observatory, Bamberg, Germany","Dr. Remeis-Observatory, Bamberg, Germany | Hamburg-Bergedorf, Germany",OVERLAP,0.000000,"[{""a_fragment"":""PARENT_PROVISIONAL_CONTINUOUS"",""b_fragment"":""PARENT_PROVISIONAL_CONTINUOUS"",""duration_seconds"":2394.0,""end_utc"":""1952-05-20T00:59:32+00:00"",""exposure_active"":131981,""exposure_current"":13593,""start_utc"":""1952-05-20T00:19:38+00:00""}]",1,2394.000000,2394.000000,9478,113460,13944,110853,1,1,104.8880252067,1.0000000000,0.0630843973,1.0000000000,402.491931,GE100_LT500,IN_1951_1955,True,True
13606|132023,13606,132023,7343,88950,101,208,"Hamburg-Bergedorf, Germany","Dr. Remeis-Observatory, Bamberg, Germany","Dr. Remeis-Observatory, Bamberg, Germany | Hamburg-Bergedorf, Germany",OVERLAP,0.000000,"[{""a_fragment"":""PARENT_PROVISIONAL_CONTINUOUS"",""b_fragment"":""PARENT_PROVISIONAL_CONTINUOUS"",""duration_seconds"":514.0,""end_utc"":""1952-07-21T22:22:34+00:00"",""exposure_active"":13606,""exposure_current"":132023,""start_utc"":""1952-07-21T22:14:00+00:00""}]",1,514.000000,514.000000,9493,113502,13963,110878,1,1,3.1425950757,0.0291782882,0.0236122607,0.0291782882,402.491931,GE100_LT500,IN_1951_1955,True,True
13610|132028,13610,132028,7347,88955,101,208,"Hamburg-Bergedorf, Germany","Dr. Remeis-Observatory, Bamberg, Germany","Dr. Remeis-Observatory, Bamberg, Germany | Hamburg-Bergedorf, Germany",GT0_LE5MIN,275.000000,[],0,0.000000,0.000000,9501,113507,13947,110899,1,1,35.1801607398,1.0000000000,0.0207433917,1.0000000000,402.491931,GE100_LT500,IN_1951_1955,True,True
13611|132028,13611,132028,7348,88955,101,208,"Hamburg-Bergedorf, Germany","Dr. Remeis-Observatory, Bamberg, Germany","Dr. Remeis-Observatory, Bamberg, Germany | Hamburg-Bergedorf, Germany",OVERLAP,0.000000,"[{""a_fragment"":""PARENT_PROVISIONAL_CONTINUOUS"",""b_fragment"":""PARENT_PROVISIONAL_CONTINUOUS"",""duration_seconds"":478.0,""end_utc"":""1952-07-21T23:35:22+00:00"",""exposure_active"":132028,""exposure_current"":13611,""start_utc"":""1952-07-21T23:27:24+00:00""}]",1,478.000000,478.000000,9502,113507,13948,110899,1,1,35.0843776910,1.0000000000,0.0207719646,1.0000000000,402.491931,GE100_LT500,IN_1951_1955,True,True
13612|132028,13612,132028,7349,88955,101,208,"Hamburg-Bergedorf, Germany","Dr. Remeis-Observatory, Bamberg, Germany","Dr. Remeis-Observatory, Bamberg, Germany | Hamburg-Bergedorf, Germany",OVERLAP,0.000000,"[{""a_fragment"":""PARENT_PROVISIONAL_CONTINUOUS"",""b_fragment"":""PARENT_PROVISIONAL_CONTINUOUS"",""duration_seconds"":478.0,""end_utc"":""1952-07-21T23:48:20+00:00"",""exposure_active"":132028,""exposure_current"":13612,""start_utc"":""1952-07-21T23:40:22+00:00""}]",1,478.000000,478.000000,9505,113507,13954,110899,-1,1,34.8710170945,1.0000000000,0.0206821925,1.0000000000,402.491931,GE100_LT500,IN_1951_1955,True,True
13613|132028,13613,132028,7350,88955,101,208,"Hamburg-Bergedorf, Germany","Dr. Remeis-Observatory, Bamberg, Germany","Dr. Remeis-Observatory, Bamberg, Germany | Hamburg-Bergedorf, Germany",OVERLAP,0.000000,"[{""a_fragment"":""PARENT_PROVISIONAL_CONTINUOUS"",""b_fragment"":""PARENT_PROVISIONAL_CONTINUOUS"",""duration_seconds"":1541.0,""end_utc"":""1952-07-22T00:24:00+00:00"",""exposure_active"":132028,""exposure_current"":13613,""start_utc"":""1952-07-21T23:58:19+00:00""}]",1,1541.000000,1541.000000,9507,113507,13976,110899,1,1,36.0129985375,0.3248963899,0.0204979816,0.3248963899,402.491931,GE100_LT500,IN_1951_1955,True,True
13623|132059,13623,132059,7360,88986,101,208,"Hamburg-Bergedorf, Germany","Dr. Remeis-Observatory, Bamberg, Germany","Dr. Remeis-Observatory, Bamberg, Germany | Hamburg-Bergedorf, Germany",OVERLAP,0.000000,"[{""a_fragment"":""PARENT_PROVISIONAL_CONTINUOUS"",""b_fragment"":""PARENT_PROVISIONAL_CONTINUOUS"",""duration_seconds"":965.0,""end_utc"":""1952-08-14T21:31:05+00:00"",""exposure_active"":13623,""exposure_current"":132059,""start_utc"":""1952-08-14T21:15:00+00:00""}]",1,965.000000,965.000000,9523,113536,14010,110905,1,1,85.9522236490,0.7897645646,0.0493268783,0.7897645646,402.491931,GE100_LT500,IN_1951_1955,True,True
13623|132060,13623,132060,7360,88987,101,208,"Hamburg-Bergedorf, Germany","Dr. Remeis-Observatory, Bamberg, Germany","Dr. Remeis-Observatory, Bamberg, Germany | Hamburg-Bergedorf, Germany",OVERLAP,0.000000,"[{""a_fragment"":""PARENT_PROVISIONAL_CONTINUOUS"",""b_fragment"":""PARENT_PROVISIONAL_CONTINUOUS"",""duration_seconds"":965.0,""end_utc"":""1952-08-14T21:31:05+00:00"",""exposure_active"":13623,""exposure_current"":132060,""start_utc"":""1952-08-14T21:15:00+00:00""}]",1,965.000000,965.000000,9523,113537,14010,110914,1,1,106.7342664392,1.0000000000,0.0634958617,1.0000000000,402.491931,GE100_LT500,IN_1951_1955,True,True
13624|132059,13624,132059,7361,88986,101,208,"Hamburg-Bergedorf, Germany","Dr. Remeis-Observatory, Bamberg, Germany","Dr. Remeis-Observatory, Bamberg, Germany | Hamburg-Bergedorf, Germany",OVERLAP,0.000000,"[{""a_fragment"":""PARENT_PROVISIONAL_CONTINUOUS"",""b_fragment"":""PARENT_PROVISIONAL_CONTINUOUS"",""duration_seconds"":1318.0,""end_utc"":""1952-08-14T22:12:00+00:00"",""exposure_active"":132059,""exposure_current"":13624,""start_utc"":""1952-08-14T21:50:02+00:00""}]",1,1318.000000,1318.000000,9524,113536,13997,110905,1,1,84.9806322037,0.7889298808,0.0487675726,0.7889298808,402.491931,GE100_LT500,IN_1951_1955,True,True
13624|132060,13624,132060,7361,88987,101,208,"Hamburg-Bergedorf, Germany","Dr. Remeis-Observatory, Bamberg, Germany","Dr. Remeis-Observatory, Bamberg, Germany | Hamburg-Bergedorf, Germany",OVERLAP,0.000000,"[{""a_fragment"":""PARENT_PROVISIONAL_CONTINUOUS"",""b_fragment"":""PARENT_PROVISIONAL_CONTINUOUS"",""duration_seconds"":1318.0,""end_utc"":""1952-08-14T22:12:00+00:00"",""exposure_active"":132060,""exposure_current"":13624,""start_utc"":""1952-08-14T21:50:02+00:00""}]",1,1318.000000,1318.000000,9524,113537,13997,110914,1,1,105.6366996202,1.0000000000,0.0628436605,1.0000000000,402.491931,GE100_LT500,IN_1951_1955,True,True
13765|132228,13765,132228,7486,89155,101,208,"Hamburg-Bergedorf, Germany","Dr. Remeis-Observatory, Bamberg, Germany","Dr. Remeis-Observatory, Bamberg, Germany | Hamburg-Bergedorf, Germany",OVERLAP,0.000000,"[{""a_fragment"":""PARENT_PROVISIONAL_CONTINUOUS"",""b_fragment"":""1498"",""duration_seconds"":1044.0,""end_utc"":""1953-03-15T21:01:24+00:00"",""exposure_active"":13765,""exposure_current"":132228,""start_utc"":""1953-03-15T20:44:00+00:00""},{""a_fragment"":""1499"",""b_fragment"":""PARENT_PROVISIONAL_CONTINUOUS"",""duration_seconds"":1197.0,""end_utc"":""1953-03-15T21:26:20+00:00"",""exposure_active"":132228,""exposure_current"":13765,""start_utc"":""1953-03-15T21:06:23+00:00""},{""a_fragment"":""1500"",""b_fragment"":""PARENT_PROVISIONAL_CONTINUOUS"",""duration_seconds"":881.0,""end_utc"":""1953-03-15T21:45:00+00:00"",""exposure_active"":132228,""exposure_current"":13765,""start_utc"":""1953-03-15T21:30:19+00:00""}]",3,3122.000000,1197.000000,9677,113700,14170,111052,1,1,63.5309725041,0.9707418153,0.0363410201,0.9707418153,402.491931,GE100_LT500,IN_1951_1955,True,True
13765|132235,13765,132235,7486,89162,101,208,"Hamburg-Bergedorf, Germany","Dr. Remeis-Observatory, Bamberg, Germany","Dr. Remeis-Observatory, Bamberg, Germany | Hamburg-Bergedorf, Germany",OVERLAP,0.000000,"[{""a_fragment"":""PARENT_PROVISIONAL_CONTINUOUS"",""b_fragment"":""1502"",""duration_seconds"":4.0,""end_utc"":""1953-03-15T23:02:04+00:00"",""exposure_active"":13765,""exposure_current"":132235,""start_utc"":""1953-03-15T23:02:00+00:00""},{""a_fragment"":""1503"",""b_fragment"":""PARENT_PROVISIONAL_CONTINUOUS"",""duration_seconds"":1197.0,""end_utc"":""1953-03-15T23:35:59+00:00"",""exposure_active"":132235,""exposure_current"":13765,""start_utc"":""1953-03-15T23:16:02+00:00""}]",2,1201.000000,1197.000000,9677,113707,14170,111059,1,1,64.6354455370,1.0000000000,0.0376916575,1.0000000000,402.491931,GE100_LT500,IN_1951_1955,True,True
13855|132322,13855,132322,7523,89249,101,208,"Hamburg-Bergedorf, Germany","Dr. Remeis-Observatory, Bamberg, Germany","Dr. Remeis-Observatory, Bamberg, Germany | Hamburg-Bergedorf, Germany",GT0_LE5MIN,236.000000,[],0,0.000000,0.000000,9694,113793,14194,111130,1,1,60.6989985883,0.9241789392,0.0341220201,0.9241789392,402.491931,GE100_LT500,IN_1951_1955,True,True
13875|139429,13875,139429,7535,96299,101,501,"Hamburg-Bergedorf, Germany","Castel Gandolfo, Italy","Castel Gandolfo, Italy | Hamburg-Bergedorf, Germany",OVERLAP,0.000000,"[{""a_fragment"":""PARENT_PROVISIONAL_CONTINUOUS"",""b_fragment"":""PARENT_PROVISIONAL_CONTINUOUS"",""duration_seconds"":1679.0,""end_utc"":""1953-08-11T21:03:00+00:00"",""exposure_active"":139429,""exposure_current"":13875,""start_utc"":""1953-08-11T20:35:01+00:00""}]",1,1679.000000,1679.000000,9714,120784,14240,122159,1,1,3.4237220928,0.0321991359,0.1034480273,0.1034480273,1317.081595,GE1000,IN_1951_1955,True,True
13875|139430,13875,139430,7535,96300,101,501,"Hamburg-Bergedorf, Germany","Castel Gandolfo, Italy","Castel Gandolfo, Italy | Hamburg-Bergedorf, Germany",OVERLAP,0.000000,"[{""a_fragment"":""PARENT_PROVISIONAL_CONTINUOUS"",""b_fragment"":""PARENT_PROVISIONAL_CONTINUOUS"",""duration_seconds"":475.0,""end_utc"":""1953-08-11T21:14:55+00:00"",""exposure_active"":13875,""exposure_current"":139430,""start_utc"":""1953-08-11T21:07:00+00:00""}]",1,475.000000,475.000000,9714,120785,14240,122154,1,1,23.3668367199,0.2207983257,0.7092871888,0.7092871888,1317.081595,GE1000,IN_1951_1955,True,True
13876|139430,13876,139430,7536,96300,101,501,"Hamburg-Bergedorf, Germany","Castel Gandolfo, Italy","Castel Gandolfo, Italy | Hamburg-Bergedorf, Germany",OVERLAP,0.000000,"[{""a_fragment"":""PARENT_PROVISIONAL_CONTINUOUS"",""b_fragment"":""PARENT_PROVISIONAL_CONTINUOUS"",""duration_seconds"":1806.0,""end_utc"":""1953-08-11T21:52:00+00:00"",""exposure_active"":139430,""exposure_current"":13876,""start_utc"":""1953-08-11T21:21:54+00:00""}]",1,1806.000000,1806.000000,9717,120785,14256,122154,1,1,23.4103294401,0.2209447755,0.7106273054,0.7106273054,1317.081595,GE1000,IN_1951_1955,True,True
13876|139431,13876,139431,7536,96301,101,501,"Hamburg-Bergedorf, Germany","Castel Gandolfo, Italy","Castel Gandolfo, Italy | Hamburg-Bergedorf, Germany",OVERLAP,0.000000,"[{""a_fragment"":""PARENT_PROVISIONAL_CONTINUOUS"",""b_fragment"":""PARENT_PROVISIONAL_CONTINUOUS"",""duration_seconds"":467.0,""end_utc"":""1953-08-11T22:01:47+00:00"",""exposure_active"":13876,""exposure_current"":139431,""start_utc"":""1953-08-11T21:54:00+00:00""}]",1,467.000000,467.000000,9717,120786,14256,122153,1,1,23.3476367040,0.2203501353,0.7076928887,0.7076928887,1317.081595,GE1000,IN_1951_1955,True,True
13877|139431,13877,139431,7537,96301,101,501,"Hamburg-Bergedorf, Germany","Castel Gandolfo, Italy","Castel Gandolfo, Italy | Hamburg-Bergedorf, Germany",OVERLAP,0.000000,"[{""a_fragment"":""PARENT_PROVISIONAL_CONTINUOUS"",""b_fragment"":""PARENT_PROVISIONAL_CONTINUOUS"",""duration_seconds"":1874.0,""end_utc"":""1953-08-11T22:39:00+00:00"",""exposure_active"":139431,""exposure_current"":13877,""start_utc"":""1953-08-11T22:07:46+00:00""}]",1,1874.000000,1874.000000,9719,120786,14254,122153,1,1,23.4436942018,0.2213241611,0.7106037399,0.7106037399,1317.081595,GE1000,IN_1951_1955,True,True
13877|139432,13877,139432,7537,96302,101,501,"Hamburg-Bergedorf, Germany","Castel Gandolfo, Italy","Castel Gandolfo, Italy | Hamburg-Bergedorf, Germany",OVERLAP,0.000000,"[{""a_fragment"":""PARENT_PROVISIONAL_CONTINUOUS"",""b_fragment"":""PARENT_PROVISIONAL_CONTINUOUS"",""duration_seconds"":220.0,""end_utc"":""1953-08-11T22:47:40+00:00"",""exposure_active"":13877,""exposure_current"":139432,""start_utc"":""1953-08-11T22:44:00+00:00""}]",1,220.000000,220.000000,9719,120787,14254,122163,1,1,32.9156635959,0.3114595256,1.0000000000,1.0000000000,1317.081595,GE1000,IN_1951_1955,True,True
13878|139432,13878,139432,7538,96302,101,501,"Hamburg-Bergedorf, Germany","Castel Gandolfo, Italy","Castel Gandolfo, Italy | Hamburg-Bergedorf, Germany",OVERLAP,0.000000,"[{""a_fragment"":""PARENT_PROVISIONAL_CONTINUOUS"",""b_fragment"":""PARENT_PROVISIONAL_CONTINUOUS"",""duration_seconds"":2121.0,""end_utc"":""1953-08-11T23:29:00+00:00"",""exposure_active"":139432,""exposure_current"":13878,""start_utc"":""1953-08-11T22:53:39+00:00""}]",1,2121.000000,2121.000000,9720,120787,14259,122163,1,1,32.0607464727,0.3042154797,0.9739764930,0.9739764930,1317.081595,GE1000,IN_1951_1955,True,True
13878|139433,13878,139433,7538,96303,101,501,"Hamburg-Bergedorf, Germany","Castel Gandolfo, Italy","Castel Gandolfo, Italy | Hamburg-Bergedorf, Germany",OVERLAP,0.000000,"[{""a_fragment"":""PARENT_PROVISIONAL_CONTINUOUS"",""b_fragment"":""PARENT_PROVISIONAL_CONTINUOUS"",""duration_seconds"":92.0,""end_utc"":""1953-08-11T23:33:32+00:00"",""exposure_active"":13878,""exposure_current"":139433,""start_utc"":""1953-08-11T23:32:00+00:00""}]",1,92.000000,92.000000,9720,120788,14259,122157,1,1,32.0601685299,0.3042098082,0.9736797451,0.9736797451,1317.081595,GE1000,IN_1951_1955,True,True
13879|139433,13879,139433,7539,96303,101,501,"Hamburg-Bergedorf, Germany","Castel Gandolfo, Italy","Castel Gandolfo, Italy | Hamburg-Bergedorf, Germany",OVERLAP,0.000000,"[{""a_fragment"":""PARENT_PROVISIONAL_CONTINUOUS"",""b_fragment"":""PARENT_PROVISIONAL_CONTINUOUS"",""duration_seconds"":2009.0,""end_utc"":""1953-08-12T00:17:00+00:00"",""exposure_active"":139433,""exposure_current"":13879,""start_utc"":""1953-08-11T23:43:31+00:00""}]",1,2009.000000,2009.000000,9723,120788,14241,122157,1,1,32.8660064113,0.3094674890,0.9981975224,0.9981975224,1317.081595,GE1000,IN_1951_1955,True,True
13880|132452,13880,132452,7540,89378,101,208,"Hamburg-Bergedorf, Germany","Dr. Remeis-Observatory, Bamberg, Germany","Dr. Remeis-Observatory, Bamberg, Germany | Hamburg-Bergedorf, Germany",OVERLAP,0.000000,"[{""a_fragment"":""PARENT_PROVISIONAL_CONTINUOUS"",""b_fragment"":""PARENT_PROVISIONAL_CONTINUOUS"",""duration_seconds"":2273.0,""end_utc"":""1953-08-12T21:45:53+00:00"",""exposure_active"":13880,""exposure_current"":132452,""start_utc"":""1953-08-12T21:08:00+00:00""}]",1,2273.000000,2273.000000,9725,113915,14243,111243,1,1,47.7890504841,0.4373215481,0.0276694386,0.4373215481,402.491931,GE100_LT500,IN_1951_1955,True,True
13883|139446,13883,139446,7543,96316,101,501,"Hamburg-Bergedorf, Germany","Castel Gandolfo, Italy","Castel Gandolfo, Italy | Hamburg-Bergedorf, Germany",OVERLAP,0.000000,"[{""a_fragment"":""PARENT_PROVISIONAL_CONTINUOUS"",""b_fragment"":""PARENT_PROVISIONAL_CONTINUOUS"",""duration_seconds"":181.0,""end_utc"":""1953-08-13T21:21:01+00:00"",""exposure_active"":13883,""exposure_current"":139446,""start_utc"":""1953-08-13T21:18:00+00:00""}]",1,181.000000,181.000000,9730,120801,14248,122175,1,1,13.7700315963,0.1296646221,0.4158772274,0.4158772274,1317.081595,GE1000,IN_1951_1955,True,True
13884|139446,13884,139446,7544,96316,101,501,"Hamburg-Bergedorf, Germany","Castel Gandolfo, Italy","Castel Gandolfo, Italy | Hamburg-Bergedorf, Germany",OVERLAP,0.000000,"[{""a_fragment"":""PARENT_PROVISIONAL_CONTINUOUS"",""b_fragment"":""PARENT_PROVISIONAL_CONTINUOUS"",""duration_seconds"":1921.0,""end_utc"":""1953-08-13T22:03:00+00:00"",""exposure_active"":139446,""exposure_current"":13884,""start_utc"":""1953-08-13T21:30:59+00:00""}]",1,1921.000000,1921.000000,9731,120801,14246,122175,1,1,13.9816467202,0.1334586151,0.4223139844,0.4223139844,1317.081595,GE1000,IN_1951_1955,True,True
13884|139447,13884,139447,7544,96317,101,501,"Hamburg-Bergedorf, Germany","Castel Gandolfo, Italy","Castel Gandolfo, Italy | Hamburg-Bergedorf, Germany",OVERLAP,0.000000,"[{""a_fragment"":""PARENT_PROVISIONAL_CONTINUOUS"",""b_fragment"":""PARENT_PROVISIONAL_CONTINUOUS"",""duration_seconds"":353.0,""end_utc"":""1953-08-13T22:10:53+00:00"",""exposure_active"":13884,""exposure_current"":139447,""start_utc"":""1953-08-13T22:05:00+00:00""}]",1,353.000000,353.000000,9731,120802,14246,122174,1,1,13.9614880797,0.1332655010,0.4216958640,0.4216958640,1317.081595,GE1000,IN_1951_1955,True,True
13885|132462,13885,132462,7545,89388,101,208,"Hamburg-Bergedorf, Germany","Dr. Remeis-Observatory, Bamberg, Germany","Dr. Remeis-Observatory, Bamberg, Germany | Hamburg-Bergedorf, Germany",OVERLAP,0.000000,"[{""a_fragment"":""PARENT_PROVISIONAL_CONTINUOUS"",""b_fragment"":""PARENT_PROVISIONAL_CONTINUOUS"",""duration_seconds"":1795.0,""end_utc"":""1953-08-13T22:50:46+00:00"",""exposure_active"":132462,""exposure_current"":13885,""start_utc"":""1953-08-13T22:20:51+00:00""}]",1,1795.000000,1795.000000,9732,113925,14247,111246,1,1,44.3149717454,0.4078587632,0.0256294136,0.4078587632,402.491931,GE100_LT500,IN_1951_1955,True,True
13885|139447,13885,139447,7545,96317,101,501,"Hamburg-Bergedorf, Germany","Castel Gandolfo, Italy","Castel Gandolfo, Italy | Hamburg-Bergedorf, Germany",OVERLAP,0.000000,"[{""a_fragment"":""PARENT_PROVISIONAL_CONTINUOUS"",""b_fragment"":""PARENT_PROVISIONAL_CONTINUOUS"",""duration_seconds"":1749.0,""end_utc"":""1953-08-13T22:50:00+00:00"",""exposure_active"":139447,""exposure_current"":13885,""start_utc"":""1953-08-13T22:20:51+00:00""}]",1,1749.000000,1749.000000,9732,120802,14247,122174,1,1,13.6827474547,0.1299270390,0.4132451470,0.4132451470,1317.081595,GE1000,IN_1951_1955,True,True
13889|139453,13889,139453,7547,96323,101,501,"Hamburg-Bergedorf, Germany","Castel Gandolfo, Italy","Castel Gandolfo, Italy | Hamburg-Bergedorf, Germany",OVERLAP,0.000000,"[{""a_fragment"":""PARENT_PROVISIONAL_CONTINUOUS"",""b_fragment"":""PARENT_PROVISIONAL_CONTINUOUS"",""duration_seconds"":1970.0,""end_utc"":""1953-08-14T21:20:00+00:00"",""exposure_active"":139453,""exposure_current"":13889,""start_utc"":""1953-08-14T20:47:10+00:00""}]",1,1970.000000,1970.000000,9735,120808,14266,122177,1,1,0.7307870302,0.0068176100,0.0218981566,0.0218981566,1317.081595,GE1000,IN_1951_1955,True,True
13894|139470,13894,139470,7552,96340,101,501,"Hamburg-Bergedorf, Germany","Castel Gandolfo, Italy","Castel Gandolfo, Italy | Hamburg-Bergedorf, Germany",OVERLAP,0.000000,"[{""a_fragment"":""PARENT_PROVISIONAL_CONTINUOUS"",""b_fragment"":""PARENT_PROVISIONAL_CONTINUOUS"",""duration_seconds"":1083.0,""end_utc"":""1953-09-01T21:29:05+00:00"",""exposure_active"":13894,""exposure_current"":139470,""start_utc"":""1953-09-01T21:11:02+00:00""}]",1,1083.000000,1083.000000,9745,120825,14271,122194,1,1,0.3757690783,0.0108061473,0.0113329527,0.0113329527,1317.081595,GE1000,IN_1951_1955,True,True
13895|139470,13895,139470,7553,96340,101,501,"Hamburg-Bergedorf, Germany","Castel Gandolfo, Italy","Castel Gandolfo, Italy | Hamburg-Bergedorf, Germany",OVERLAP,0.000000,"[{""a_fragment"":""PARENT_PROVISIONAL_CONTINUOUS"",""b_fragment"":""PARENT_PROVISIONAL_CONTINUOUS"",""duration_seconds"":238.0,""end_utc"":""1953-09-01T21:41:02+00:00"",""exposure_active"":139470,""exposure_current"":13895,""start_utc"":""1953-09-01T21:37:04+00:00""}]",1,238.000000,238.000000,9747,120825,14267,122194,1,1,27.3320635367,0.7867994048,0.8287629842,0.8287629842,1317.081595,GE1000,IN_1951_1955,True,True
13896|139471,13896,139471,7554,96341,101,501,"Hamburg-Bergedorf, Germany","Castel Gandolfo, Italy","Castel Gandolfo, Italy | Hamburg-Bergedorf, Germany",OVERLAP,0.000000,"[{""a_fragment"":""PARENT_PROVISIONAL_CONTINUOUS"",""b_fragment"":""PARENT_PROVISIONAL_CONTINUOUS"",""duration_seconds"":1217.0,""end_utc"":""1953-09-01T22:30:15+00:00"",""exposure_active"":139471,""exposure_current"":13896,""start_utc"":""1953-09-01T22:09:58+00:00""}]",1,1217.000000,1217.000000,9749,120826,14292,122197,1,1,5.5505682559,0.0521447368,0.1673584696,0.1673584696,1317.081595,GE1000,IN_1951_1955,True,True
13937|139495,13937,139495,7587,96365,101,501,"Hamburg-Bergedorf, Germany","Castel Gandolfo, Italy","Castel Gandolfo, Italy | Hamburg-Bergedorf, Germany",OVERLAP,0.000000,"[{""a_fragment"":""PARENT_PROVISIONAL_CONTINUOUS"",""b_fragment"":""PARENT_PROVISIONAL_CONTINUOUS"",""duration_seconds"":388.0,""end_utc"":""1953-09-08T21:15:00+00:00"",""exposure_active"":139495,""exposure_current"":13937,""start_utc"":""1953-09-08T21:08:32+00:00""}]",1,388.000000,388.000000,9807,120850,14340,122221,2,1,11.8589992502,0.3336815557,0.3590621066,0.3590621066,1317.081595,GE1000,IN_1951_1955,True,True
13946|139505,13946,139505,7595,96375,101,501,"Hamburg-Bergedorf, Germany","Castel Gandolfo, Italy","Castel Gandolfo, Italy | Hamburg-Bergedorf, Germany",OVERLAP,0.000000,"[{""a_fragment"":""PARENT_PROVISIONAL_CONTINUOUS"",""b_fragment"":""PARENT_PROVISIONAL_CONTINUOUS"",""duration_seconds"":364.0,""end_utc"":""1953-09-13T19:40:04+00:00"",""exposure_active"":13946,""exposure_current"":139505,""start_utc"":""1953-09-13T19:34:00+00:00""}]",1,364.000000,364.000000,9822,120860,14400,122241,1,1,0.1131432681,0.0010662330,0.0033977575,0.0033977575,1317.081595,GE1000,IN_1951_1955,True,True
13974|132552,13974,132552,7614,89478,101,208,"Hamburg-Bergedorf, Germany","Dr. Remeis-Observatory, Bamberg, Germany","Dr. Remeis-Observatory, Bamberg, Germany | Hamburg-Bergedorf, Germany",GT0_LE5MIN,186.000000,[],0,0.000000,0.000000,9860,114014,14417,111323,2,1,34.1845772115,1.0000000000,0.0200726006,1.0000000000,402.491931,GE100_LT500,IN_1951_1955,True,True
13975|132552,13975,132552,7614,89478,101,208,"Hamburg-Bergedorf, Germany","Dr. Remeis-Observatory, Bamberg, Germany","Dr. Remeis-Observatory, Bamberg, Germany | Hamburg-Bergedorf, Germany",OVERLAP,0.000000,"[{""a_fragment"":""PARENT_PROVISIONAL_CONTINUOUS"",""b_fragment"":""PARENT_PROVISIONAL_CONTINUOUS"",""duration_seconds"":359.0,""end_utc"":""1953-09-15T21:33:52+00:00"",""exposure_active"":132552,""exposure_current"":13975,""start_utc"":""1953-09-15T21:27:53+00:00""}]",1,359.000000,359.000000,9860,114014,14417,111323,2,1,34.1845772115,1.0000000000,0.0200726006,1.0000000000,402.491931,GE100_LT500,IN_1951_1955,True,True
13976|132552,13976,132552,7615,89478,101,208,"Hamburg-Bergedorf, Germany","Dr. Remeis-Observatory, Bamberg, Germany","Dr. Remeis-Observatory, Bamberg, Germany | Hamburg-Bergedorf, Germany",OVERLAP,0.000000,"[{""a_fragment"":""PARENT_PROVISIONAL_CONTINUOUS"",""b_fragment"":""PARENT_PROVISIONAL_CONTINUOUS"",""duration_seconds"":419.0,""end_utc"":""1953-09-15T21:43:51+00:00"",""exposure_active"":132552,""exposure_current"":13976,""start_utc"":""1953-09-15T21:36:52+00:00""}]",1,419.000000,419.000000,9863,114014,14425,111323,2,1,35.0508275822,1.0000000000,0.0206837561,1.0000000000,402.491931,GE100_LT500,IN_1951_1955,True,True
13977|132552,13977,132552,7615,89478,101,208,"Hamburg-Bergedorf, Germany","Dr. Remeis-Observatory, Bamberg, Germany","Dr. Remeis-Observatory, Bamberg, Germany | Hamburg-Bergedorf, Germany",OVERLAP,0.000000,"[{""a_fragment"":""PARENT_PROVISIONAL_CONTINUOUS"",""b_fragment"":""PARENT_PROVISIONAL_CONTINUOUS"",""duration_seconds"":419.0,""end_utc"":""1953-09-15T21:53:49+00:00"",""exposure_active"":132552,""exposure_current"":13977,""start_utc"":""1953-09-15T21:46:50+00:00""}]",1,419.000000,419.000000,9863,114014,14425,111323,2,1,35.0508275822,1.0000000000,0.0206837561,1.0000000000,402.491931,GE100_LT500,IN_1951_1955,True,True
13978|132552,13978,132552,7616,89478,101,208,"Hamburg-Bergedorf, Germany","Dr. Remeis-Observatory, Bamberg, Germany","Dr. Remeis-Observatory, Bamberg, Germany | Hamburg-Bergedorf, Germany",OVERLAP,0.000000,"[{""a_fragment"":""PARENT_PROVISIONAL_CONTINUOUS"",""b_fragment"":""PARENT_PROVISIONAL_CONTINUOUS"",""duration_seconds"":419.0,""end_utc"":""1953-09-15T22:03:48+00:00"",""exposure_active"":132552,""exposure_current"":13978,""start_utc"":""1953-09-15T21:56:49+00:00""}]",1,419.000000,419.000000,9864,114014,14419,111323,2,1,34.0520991332,1.0000000000,0.0201823363,1.0000000000,402.491931,GE100_LT500,IN_1951_1955,True,True
13979|132552,13979,132552,7616,89478,101,208,"Hamburg-Bergedorf, Germany","Dr. Remeis-Observatory, Bamberg, Germany","Dr. Remeis-Observatory, Bamberg, Germany | Hamburg-Bergedorf, Germany",OVERLAP,0.000000,"[{""a_fragment"":""PARENT_PROVISIONAL_CONTINUOUS"",""b_fragment"":""PARENT_PROVISIONAL_CONTINUOUS"",""duration_seconds"":419.0,""end_utc"":""1953-09-15T22:13:46+00:00"",""exposure_active"":132552,""exposure_current"":13979,""start_utc"":""1953-09-15T22:06:47+00:00""}]",1,419.000000,419.000000,9864,114014,14419,111323,2,1,34.0520991332,1.0000000000,0.0201823363,1.0000000000,402.491931,GE100_LT500,IN_1951_1955,True,True
13980|132552,13980,132552,7617,89478,101,208,"Hamburg-Bergedorf, Germany","Dr. Remeis-Observatory, Bamberg, Germany","Dr. Remeis-Observatory, Bamberg, Germany | Hamburg-Bergedorf, Germany",OVERLAP,0.000000,"[{""a_fragment"":""PARENT_PROVISIONAL_CONTINUOUS"",""b_fragment"":""PARENT_PROVISIONAL_CONTINUOUS"",""duration_seconds"":405.0,""end_utc"":""1953-09-15T22:27:00+00:00"",""exposure_active"":132552,""exposure_current"":13980,""start_utc"":""1953-09-15T22:20:15+00:00""}]",1,405.000000,405.000000,9867,114014,14457,111323,1,1,80.7782244253,0.7382568364,0.0463418761,0.7382568364,402.491931,GE100_LT500,IN_1951_1955,True,True
13983|132560,13983,132560,7620,89486,101,208,"Hamburg-Bergedorf, Germany","Dr. Remeis-Observatory, Bamberg, Germany","Dr. Remeis-Observatory, Bamberg, Germany | Hamburg-Bergedorf, Germany",OVERLAP,0.000000,"[{""a_fragment"":""PARENT_PROVISIONAL_CONTINUOUS"",""b_fragment"":""PARENT_PROVISIONAL_CONTINUOUS"",""duration_seconds"":2258.0,""end_utc"":""1953-09-16T22:33:00+00:00"",""exposure_active"":132560,""exposure_current"":13983,""start_utc"":""1953-09-16T21:55:22+00:00""}]",1,2258.000000,2258.000000,9872,114022,14439,111345,1,1,65.4737697433,0.5994282924,0.0376404698,0.5994282924,402.491931,GE100_LT500,IN_1951_1955,True,True
14066|132590,14066,132590,7657,89516,101,208,"Hamburg-Bergedorf, Germany","Dr. Remeis-Observatory, Bamberg, Germany","Dr. Remeis-Observatory, Bamberg, Germany | Hamburg-Bergedorf, Germany",OVERLAP,0.000000,"[{""a_fragment"":""PARENT_PROVISIONAL_CONTINUOUS"",""b_fragment"":""PARENT_PROVISIONAL_CONTINUOUS"",""duration_seconds"":161.0,""end_utc"":""1953-10-27T18:20:00+00:00"",""exposure_active"":132590,""exposure_current"":14066,""start_utc"":""1953-10-27T18:17:19+00:00""}]",1,161.000000,161.000000,9943,114052,14571,111351,1,1,106.8271344131,1.0000000000,0.0627355411,1.0000000000,402.491931,GE100_LT500,IN_1951_1955,True,True
14092|132627,14092,132627,7673,89553,101,208,"Hamburg-Bergedorf, Germany","Dr. Remeis-Observatory, Bamberg, Germany","Dr. Remeis-Observatory, Bamberg, Germany | Hamburg-Bergedorf, Germany",OVERLAP,0.000000,"[{""a_fragment"":""PARENT_PROVISIONAL_CONTINUOUS"",""b_fragment"":""PARENT_PROVISIONAL_CONTINUOUS"",""duration_seconds"":1796.0,""end_utc"":""1953-11-25T17:32:36+00:00"",""exposure_active"":132627,""exposure_current"":14092,""start_utc"":""1953-11-25T17:02:40+00:00""}]",1,1796.000000,1796.000000,9974,114089,14643,111397,1,1,71.0655686260,0.6535412287,0.0412030392,0.6535412287,402.491931,GE100_LT500,IN_1951_1955,True,True
14120|132654,14120,132654,7685,89580,101,208,"Hamburg-Bergedorf, Germany","Dr. Remeis-Observatory, Bamberg, Germany","Dr. Remeis-Observatory, Bamberg, Germany | Hamburg-Bergedorf, Germany",OVERLAP,0.000000,"[{""a_fragment"":""PARENT_PROVISIONAL_CONTINUOUS"",""b_fragment"":""PARENT_PROVISIONAL_CONTINUOUS"",""duration_seconds"":299.0,""end_utc"":""1953-12-02T20:51:28+00:00"",""exposure_active"":132654,""exposure_current"":14120,""start_utc"":""1953-12-02T20:46:29+00:00""}]",1,299.000000,299.000000,9999,114116,14591,111402,1,1,22.2443944686,0.6421604257,0.1700346166,0.6421604257,402.491931,GE100_LT500,IN_1951_1955,True,True
14122|132658,14122,132658,7687,89584,101,208,"Hamburg-Bergedorf, Germany","Dr. Remeis-Observatory, Bamberg, Germany","Dr. Remeis-Observatory, Bamberg, Germany | Hamburg-Bergedorf, Germany",OVERLAP,0.000000,"[{""a_fragment"":""PARENT_PROVISIONAL_CONTINUOUS"",""b_fragment"":""PARENT_PROVISIONAL_CONTINUOUS"",""duration_seconds"":1385.0,""end_utc"":""1953-12-02T23:13:05+00:00"",""exposure_active"":14122,""exposure_current"":132658,""start_utc"":""1953-12-02T22:50:00+00:00""}]",1,1385.000000,1385.000000,10001,114120,14629,111406,1,1,20.0900516357,0.1867730309,0.1531844493,0.1867730309,402.491931,GE100_LT500,IN_1951_1955,True,True
15081|133383,15081,133383,8361,90253,101,208,"Hamburg-Bergedorf, Germany","Dr. Remeis-Observatory, Bamberg, Germany","Dr. Remeis-Observatory, Bamberg, Germany | Hamburg-Bergedorf, Germany",GT0_LE5MIN,188.000000,[],0,0.000000,0.000000,10948,114786,15805,112163,2,1,36.3719658436,1.0000000000,0.0155766626,1.0000000000,402.491931,GE100_LT500,POST_SPUTNIK_OR_SAME_LAUNCH_DATE,False,False
15084|133387,15084,133387,8363,90257,101,208,"Hamburg-Bergedorf, Germany","Dr. Remeis-Observatory, Bamberg, Germany","Dr. Remeis-Observatory, Bamberg, Germany | Hamburg-Bergedorf, Germany",OVERLAP,0.000000,"[{""a_fragment"":""PARENT_PROVISIONAL_CONTINUOUS"",""b_fragment"":""PARENT_PROVISIONAL_CONTINUOUS"",""duration_seconds"":819.0,""end_utc"":""1959-01-28T20:24:39+00:00"",""exposure_active"":15084,""exposure_current"":133387,""start_utc"":""1959-01-28T20:11:00+00:00""}]",1,819.000000,819.000000,10950,114790,15846,112166,1,1,10.8446074140,0.0972120087,0.0042981127,0.0972120087,402.491931,GE100_LT500,POST_SPUTNIK_OR_SAME_LAUNCH_DATE,False,False
15085|133387,15085,133387,8364,90257,101,208,"Hamburg-Bergedorf, Germany","Dr. Remeis-Observatory, Bamberg, Germany","Dr. Remeis-Observatory, Bamberg, Germany | Hamburg-Bergedorf, Germany",OVERLAP,0.000000,"[{""a_fragment"":""PARENT_PROVISIONAL_CONTINUOUS"",""b_fragment"":""PARENT_PROVISIONAL_CONTINUOUS"",""duration_seconds"":2363.0,""end_utc"":""1959-01-28T21:11:00+00:00"",""exposure_active"":133387,""exposure_current"":15085,""start_utc"":""1959-01-28T20:31:37+00:00""}]",1,2363.000000,2363.000000,10952,114790,15853,112166,1,1,10.7548449964,0.0965644870,0.0042622970,0.0965644870,402.491931,GE100_LT500,POST_SPUTNIK_OR_SAME_LAUNCH_DATE,False,False
15090|133633,15090,133633,8367,90503,101,208,"Hamburg-Bergedorf, Germany","Dr. Remeis-Observatory, Bamberg, Germany","Dr. Remeis-Observatory, Bamberg, Germany | Hamburg-Bergedorf, Germany",OVERLAP,0.000000,"[{""a_fragment"":""PARENT_PROVISIONAL_CONTINUOUS"",""b_fragment"":""PARENT_PROVISIONAL_CONTINUOUS"",""duration_seconds"":1485.0,""end_utc"":""1959-02-08T20:58:00+00:00"",""exposure_active"":133633,""exposure_current"":15090,""start_utc"":""1959-02-08T20:33:15+00:00""}]",1,1485.000000,1485.000000,10956,115036,15837,112394,1,1,13.3814923288,0.1159536909,0.0052646607,0.1159536909,402.491931,GE100_LT500,POST_SPUTNIK_OR_SAME_LAUNCH_DATE,False,False
15094|133827,15094,133827,8370,90697,101,208,"Hamburg-Bergedorf, Germany","Dr. Remeis-Observatory, Bamberg, Germany","Dr. Remeis-Observatory, Bamberg, Germany | Hamburg-Bergedorf, Germany",OVERLAP,0.000000,"[{""a_fragment"":""PARENT_PROVISIONAL_CONTINUOUS"",""b_fragment"":""PARENT_PROVISIONAL_CONTINUOUS"",""duration_seconds"":1795.0,""end_utc"":""1959-02-28T19:53:30+00:00"",""exposure_active"":133827,""exposure_current"":15094,""start_utc"":""1959-02-28T19:23:35+00:00""}]",1,1795.000000,1795.000000,10962,115228,15856,112584,1,1,5.8418078840,0.0625169936,0.0023265111,0.0625169936,402.491931,GE100_LT500,POST_SPUTNIK_OR_SAME_LAUNCH_DATE,False,False
15106|133846,15106,133846,56052,90716,101,208,"Hamburg-Bergedorf, Germany","Dr. Remeis-Observatory, Bamberg, Germany","Dr. Remeis-Observatory, Bamberg, Germany | Hamburg-Bergedorf, Germany",OVERLAP,0.000000,"[{""a_fragment"":""PARENT_PROVISIONAL_CONTINUOUS"",""b_fragment"":""PARENT_PROVISIONAL_CONTINUOUS"",""duration_seconds"":1764.0,""end_utc"":""1959-03-02T20:30:00+00:00"",""exposure_active"":133846,""exposure_current"":15106,""start_utc"":""1959-03-02T20:00:36+00:00""}]",1,1764.000000,1764.000000,61572,115247,15861,112597,1,1,6.6717431932,0.0732944370,0.0026655677,0.0732944370,402.491931,GE100_LT500,POST_SPUTNIK_OR_SAME_LAUNCH_DATE,False,False
15107|133850,15107,133850,56053,90720,101,208,"Hamburg-Bergedorf, Germany","Dr. Remeis-Observatory, Bamberg, Germany","Dr. Remeis-Observatory, Bamberg, Germany | Hamburg-Bergedorf, Germany",OVERLAP,0.000000,"[{""a_fragment"":""PARENT_PROVISIONAL_CONTINUOUS"",""b_fragment"":""PARENT_PROVISIONAL_CONTINUOUS"",""duration_seconds"":1795.0,""end_utc"":""1959-03-02T21:26:22+00:00"",""exposure_active"":133850,""exposure_current"":15107,""start_utc"":""1959-03-02T20:56:27+00:00""}]",1,1795.000000,1795.000000,61574,115251,15862,112605,1,1,4.8280191334,0.0513946201,0.0018082922,0.0513946201,402.491931,GE100_LT500,POST_SPUTNIK_OR_SAME_LAUNCH_DATE,False,False
15123|133878,15123,133878,8388,90748,101,208,"Hamburg-Bergedorf, Germany","Dr. Remeis-Observatory, Bamberg, Germany","Dr. Remeis-Observatory, Bamberg, Germany | Hamburg-Bergedorf, Germany",OVERLAP,0.000000,"[{""a_fragment"":""PARENT_PROVISIONAL_CONTINUOUS"",""b_fragment"":""PARENT_PROVISIONAL_CONTINUOUS"",""duration_seconds"":1795.0,""end_utc"":""1959-03-09T19:37:04+00:00"",""exposure_active"":133878,""exposure_current"":15123,""start_utc"":""1959-03-09T19:07:09+00:00""}]",1,1795.000000,1795.000000,10996,115279,15916,112630,1,1,9.1070262883,0.0972846019,0.0036143668,0.0972846019,402.491931,GE100_LT500,POST_SPUTNIK_OR_SAME_LAUNCH_DATE,False,False
15124|133902,15124,133902,8389,90772,101,208,"Hamburg-Bergedorf, Germany","Dr. Remeis-Observatory, Bamberg, Germany","Dr. Remeis-Observatory, Bamberg, Germany | Hamburg-Bergedorf, Germany",OVERLAP,0.000000,"[{""a_fragment"":""PARENT_PROVISIONAL_CONTINUOUS"",""b_fragment"":""PARENT_PROVISIONAL_CONTINUOUS"",""duration_seconds"":1795.0,""end_utc"":""1959-03-10T01:54:02+00:00"",""exposure_active"":133902,""exposure_current"":15124,""start_utc"":""1959-03-10T01:24:07+00:00""}]",1,1795.000000,1795.000000,10997,115303,15869,112649,1,1,4.2564711378,1.0000000000,0.0018680829,1.0000000000,402.491931,GE100_LT500,POST_SPUTNIK_OR_SAME_LAUNCH_DATE,False,False
15125|133902,15125,133902,8390,90772,101,208,"Hamburg-Bergedorf, Germany","Dr. Remeis-Observatory, Bamberg, Germany","Dr. Remeis-Observatory, Bamberg, Germany | Hamburg-Bergedorf, Germany",OVERLAP,0.000000,"[{""a_fragment"":""PARENT_PROVISIONAL_CONTINUOUS"",""b_fragment"":""PARENT_PROVISIONAL_CONTINUOUS"",""duration_seconds"":720.0,""end_utc"":""1959-03-10T02:21:00+00:00"",""exposure_active"":133902,""exposure_current"":15125,""start_utc"":""1959-03-10T02:09:00+00:00""}]",1,720.000000,720.000000,11000,115303,15872,112649,1,1,4.2474571925,1.0000000000,0.0018643572,1.0000000000,402.491931,GE100_LT500,POST_SPUTNIK_OR_SAME_LAUNCH_DATE,False,False
15139|133965,15139,133965,8402,90835,101,208,"Hamburg-Bergedorf, Germany","Dr. Remeis-Observatory, Bamberg, Germany","Dr. Remeis-Observatory, Bamberg, Germany | Hamburg-Bergedorf, Germany",OVERLAP,0.000000,"[{""a_fragment"":""PARENT_PROVISIONAL_CONTINUOUS"",""b_fragment"":""PARENT_PROVISIONAL_CONTINUOUS"",""duration_seconds"":595.0,""end_utc"":""1959-03-31T22:09:55+00:00"",""exposure_active"":15139,""exposure_current"":133965,""start_utc"":""1959-03-31T22:00:00+00:00""}]",1,595.000000,595.000000,11021,115366,15891,112716,1,1,4.3171231439,1.0000000000,0.0018600949,1.0000000000,402.491931,GE100_LT500,POST_SPUTNIK_OR_SAME_LAUNCH_DATE,False,False
15140|133965,15140,133965,8403,90835,101,208,"Hamburg-Bergedorf, Germany","Dr. Remeis-Observatory, Bamberg, Germany","Dr. Remeis-Observatory, Bamberg, Germany | Hamburg-Bergedorf, Germany",OVERLAP,0.000000,"[{""a_fragment"":""PARENT_PROVISIONAL_CONTINUOUS"",""b_fragment"":""PARENT_PROVISIONAL_CONTINUOUS"",""duration_seconds"":1196.0,""end_utc"":""1959-03-31T22:32:51+00:00"",""exposure_active"":133965,""exposure_current"":15140,""start_utc"":""1959-03-31T22:12:55+00:00""}]",1,1196.000000,1196.000000,11024,115366,15894,112716,1,1,4.2349538740,1.0000000000,0.0018248366,1.0000000000,402.491931,GE100_LT500,POST_SPUTNIK_OR_SAME_LAUNCH_DATE,False,False
15141|133965,15141,133965,8404,90835,101,208,"Hamburg-Bergedorf, Germany","Dr. Remeis-Observatory, Bamberg, Germany","Dr. Remeis-Observatory, Bamberg, Germany | Hamburg-Bergedorf, Germany",OVERLAP,0.000000,"[{""a_fragment"":""PARENT_PROVISIONAL_CONTINUOUS"",""b_fragment"":""PARENT_PROVISIONAL_CONTINUOUS"",""duration_seconds"":911.0,""end_utc"":""1959-03-31T23:00:00+00:00"",""exposure_active"":133965,""exposure_current"":15141,""start_utc"":""1959-03-31T22:44:49+00:00""}]",1,911.000000,911.000000,11026,115366,15896,112716,1,1,4.2396739012,1.0000000000,0.0018271880,1.0000000000,402.491931,GE100_LT500,POST_SPUTNIK_OR_SAME_LAUNCH_DATE,False,False
15141|133970,15141,133970,8404,90840,101,208,"Hamburg-Bergedorf, Germany","Dr. Remeis-Observatory, Bamberg, Germany","Dr. Remeis-Observatory, Bamberg, Germany | Hamburg-Bergedorf, Germany",GT0_LE5MIN,74.000000,[],0,0.000000,0.000000,11026,115371,15896,112727,1,1,4.1499671357,1.0000000000,0.0018410030,1.0000000000,402.491931,GE100_LT500,POST_SPUTNIK_OR_SAME_LAUNCH_DATE,False,False
15142|133970,15142,133970,8405,90840,101,208,"Hamburg-Bergedorf, Germany","Dr. Remeis-Observatory, Bamberg, Germany","Dr. Remeis-Observatory, Bamberg, Germany | Hamburg-Bergedorf, Germany",OVERLAP,0.000000,"[{""a_fragment"":""PARENT_PROVISIONAL_CONTINUOUS"",""b_fragment"":""PARENT_PROVISIONAL_CONTINUOUS"",""duration_seconds"":1196.0,""end_utc"":""1959-03-31T23:52:38+00:00"",""exposure_active"":133970,""exposure_current"":15142,""start_utc"":""1959-03-31T23:32:42+00:00""}]",1,1196.000000,1196.000000,11028,115371,15898,112727,1,1,4.1331381063,1.0000000000,0.0018334624,1.0000000000,402.491931,GE100_LT500,POST_SPUTNIK_OR_SAME_LAUNCH_DATE,False,False
15149|134021,15149,134021,8412,90891,101,208,"Hamburg-Bergedorf, Germany","Dr. Remeis-Observatory, Bamberg, Germany","Dr. Remeis-Observatory, Bamberg, Germany | Hamburg-Bergedorf, Germany",OVERLAP,0.000000,"[{""a_fragment"":""PARENT_PROVISIONAL_CONTINUOUS"",""b_fragment"":""PARENT_PROVISIONAL_CONTINUOUS"",""duration_seconds"":658.0,""end_utc"":""1959-04-02T22:31:58+00:00"",""exposure_active"":15149,""exposure_current"":134021,""start_utc"":""1959-04-02T22:21:00+00:00""}]",1,658.000000,658.000000,11042,115422,15911,112775,1,1,4.2457624960,1.0000000000,0.0018543790,1.0000000000,402.491931,GE100_LT500,POST_SPUTNIK_OR_SAME_LAUNCH_DATE,False,False
15150|134021,15150,134021,8413,90891,101,208,"Hamburg-Bergedorf, Germany","Dr. Remeis-Observatory, Bamberg, Germany","Dr. Remeis-Observatory, Bamberg, Germany | Hamburg-Bergedorf, Germany",OVERLAP,0.000000,"[{""a_fragment"":""PARENT_PROVISIONAL_CONTINUOUS"",""b_fragment"":""PARENT_PROVISIONAL_CONTINUOUS"",""duration_seconds"":1197.0,""end_utc"":""1959-04-02T22:52:55+00:00"",""exposure_active"":134021,""exposure_current"":15150,""start_utc"":""1959-04-02T22:32:58+00:00""}]",1,1197.000000,1197.000000,11043,115422,15913,112775,1,1,4.2629312994,1.0000000000,0.0018622157,1.0000000000,402.491931,GE100_LT500,POST_SPUTNIK_OR_SAME_LAUNCH_DATE,False,False
15151|134021,15151,134021,8414,90891,101,208,"Hamburg-Bergedorf, Germany","Dr. Remeis-Observatory, Bamberg, Germany","Dr. Remeis-Observatory, Bamberg, Germany | Hamburg-Bergedorf, Germany",OVERLAP,0.000000,"[{""a_fragment"":""PARENT_PROVISIONAL_CONTINUOUS"",""b_fragment"":""PARENT_PROVISIONAL_CONTINUOUS"",""duration_seconds"":1197.0,""end_utc"":""1959-04-02T23:17:51+00:00"",""exposure_active"":134021,""exposure_current"":15151,""start_utc"":""1959-04-02T22:57:54+00:00""}]",1,1197.000000,1197.000000,11045,115422,15915,112775,1,1,4.2700094500,1.0000000000,0.0018650303,1.0000000000,402.491931,GE100_LT500,POST_SPUTNIK_OR_SAME_LAUNCH_DATE,False,False
15152|134001,15152,134001,8415,90871,101,208,"Hamburg-Bergedorf, Germany","Dr. Remeis-Observatory, Bamberg, Germany","Dr. Remeis-Observatory, Bamberg, Germany | Hamburg-Bergedorf, Germany",OVERLAP,0.000000,"[{""a_fragment"":""PARENT_PROVISIONAL_CONTINUOUS"",""b_fragment"":""PARENT_PROVISIONAL_CONTINUOUS"",""duration_seconds"":527.0,""end_utc"":""1959-04-02T23:43:47+00:00"",""exposure_active"":15152,""exposure_current"":134001,""start_utc"":""1959-04-02T23:35:00+00:00""}]",1,527.000000,527.000000,11048,115402,15919,112749,1,1,4.2435173230,1.0000000000,0.0018540789,1.0000000000,402.491931,GE100_LT500,POST_SPUTNIK_OR_SAME_LAUNCH_DATE,False,False
15152|134021,15152,134021,8415,90891,101,208,"Hamburg-Bergedorf, Germany","Dr. Remeis-Observatory, Bamberg, Germany","Dr. Remeis-Observatory, Bamberg, Germany | Hamburg-Bergedorf, Germany",GT0_LE5MIN,170.000000,[],0,0.000000,0.000000,11048,115422,15919,112775,1,1,4.2636728908,1.0000000000,0.0018623762,1.0000000000,402.491931,GE100_LT500,POST_SPUTNIK_OR_SAME_LAUNCH_DATE,False,False
15152|134025,15152,134025,8415,90895,101,208,"Hamburg-Bergedorf, Germany","Dr. Remeis-Observatory, Bamberg, Germany","Dr. Remeis-Observatory, Bamberg, Germany | Hamburg-Bergedorf, Germany",OVERLAP,0.000000,"[{""a_fragment"":""PARENT_PROVISIONAL_CONTINUOUS"",""b_fragment"":""PARENT_PROVISIONAL_CONTINUOUS"",""duration_seconds"":1067.0,""end_utc"":""1959-04-02T23:43:47+00:00"",""exposure_active"":15152,""exposure_current"":134025,""start_utc"":""1959-04-02T23:26:00+00:00""}]",1,1067.000000,1067.000000,11048,115426,15919,112778,1,1,4.1793375933,1.0000000000,0.0018581123,1.0000000000,402.491931,GE100_LT500,POST_SPUTNIK_OR_SAME_LAUNCH_DATE,False,False
15153|134001,15153,134001,8416,90871,101,208,"Hamburg-Bergedorf, Germany","Dr. Remeis-Observatory, Bamberg, Germany","Dr. Remeis-Observatory, Bamberg, Germany | Hamburg-Bergedorf, Germany",OVERLAP,0.000000,"[{""a_fragment"":""PARENT_PROVISIONAL_CONTINUOUS"",""b_fragment"":""PARENT_PROVISIONAL_CONTINUOUS"",""duration_seconds"":1197.0,""end_utc"":""1959-04-03T00:05:43+00:00"",""exposure_active"":134001,""exposure_current"":15153,""start_utc"":""1959-04-02T23:45:46+00:00""}]",1,1197.000000,1197.000000,11049,115402,15920,112749,1,1,4.1922883376,1.0000000000,0.0018315099,1.0000000000,402.491931,GE100_LT500,POST_SPUTNIK_OR_SAME_LAUNCH_DATE,False,False
15153|134025,15153,134025,8416,90895,101,208,"Hamburg-Bergedorf, Germany","Dr. Remeis-Observatory, Bamberg, Germany","Dr. Remeis-Observatory, Bamberg, Germany | Hamburg-Bergedorf, Germany",OVERLAP,0.000000,"[{""a_fragment"":""PARENT_PROVISIONAL_CONTINUOUS"",""b_fragment"":""PARENT_PROVISIONAL_CONTINUOUS"",""duration_seconds"":1197.0,""end_utc"":""1959-04-03T00:05:43+00:00"",""exposure_active"":134025,""exposure_current"":15153,""start_utc"":""1959-04-02T23:45:46+00:00""}]",1,1197.000000,1197.000000,11049,115426,15920,112778,1,1,4.1284385007,1.0000000000,0.0018356070,1.0000000000,402.491931,GE100_LT500,POST_SPUTNIK_OR_SAME_LAUNCH_DATE,False,False
15154|134001,15154,134001,8417,90871,101,208,"Hamburg-Bergedorf, Germany","Dr. Remeis-Observatory, Bamberg, Germany","Dr. Remeis-Observatory, Bamberg, Germany | Hamburg-Bergedorf, Germany",OVERLAP,0.000000,"[{""a_fragment"":""PARENT_PROVISIONAL_CONTINUOUS"",""b_fragment"":""PARENT_PROVISIONAL_CONTINUOUS"",""duration_seconds"":1197.0,""end_utc"":""1959-04-03T00:26:40+00:00"",""exposure_active"":134001,""exposure_current"":15154,""start_utc"":""1959-04-03T00:06:43+00:00""}]",1,1197.000000,1197.000000,11051,115402,15921,112749,1,1,4.1563347336,1.0000000000,0.0018158527,1.0000000000,402.491931,GE100_LT500,POST_SPUTNIK_OR_SAME_LAUNCH_DATE,False,False
15154|134025,15154,134025,8417,90895,101,208,"Hamburg-Bergedorf, Germany","Dr. Remeis-Observatory, Bamberg, Germany","Dr. Remeis-Observatory, Bamberg, Germany | Hamburg-Bergedorf, Germany",OVERLAP,0.000000,"[{""a_fragment"":""PARENT_PROVISIONAL_CONTINUOUS"",""b_fragment"":""PARENT_PROVISIONAL_CONTINUOUS"",""duration_seconds"":1157.0,""end_utc"":""1959-04-03T00:26:00+00:00"",""exposure_active"":134025,""exposure_current"":15154,""start_utc"":""1959-04-03T00:06:43+00:00""}]",1,1157.000000,1157.000000,11051,115426,15921,112778,1,1,4.0931780013,1.0000000000,0.0018198760,1.0000000000,402.491931,GE100_LT500,POST_SPUTNIK_OR_SAME_LAUNCH_DATE,False,False
15155|134001,15155,134001,8418,90871,101,208,"Hamburg-Bergedorf, Germany","Dr. Remeis-Observatory, Bamberg, Germany","Dr. Remeis-Observatory, Bamberg, Germany | Hamburg-Bergedorf, Germany",OVERLAP,0.000000,"[{""a_fragment"":""PARENT_PROVISIONAL_CONTINUOUS"",""b_fragment"":""PARENT_PROVISIONAL_CONTINUOUS"",""duration_seconds"":141.0,""end_utc"":""1959-04-03T00:35:00+00:00"",""exposure_active"":134001,""exposure_current"":15155,""start_utc"":""1959-04-03T00:32:39+00:00""}]",1,141.000000,141.000000,11053,115402,15925,112749,1,1,4.2492132402,1.0000000000,0.0018566633,1.0000000000,402.491931,GE100_LT500,POST_SPUTNIK_OR_SAME_LAUNCH_DATE,False,False
15155|134029,15155,134029,8418,90899,101,208,"Hamburg-Bergedorf, Germany","Dr. Remeis-Observatory, Bamberg, Germany","Dr. Remeis-Observatory, Bamberg, Germany | Hamburg-Bergedorf, Germany",OVERLAP,0.000000,"[{""a_fragment"":""PARENT_PROVISIONAL_CONTINUOUS"",""b_fragment"":""PARENT_PROVISIONAL_CONTINUOUS"",""duration_seconds"":1196.0,""end_utc"":""1959-04-03T00:52:35+00:00"",""exposure_active"":134029,""exposure_current"":15155,""start_utc"":""1959-04-03T00:32:39+00:00""}]",1,1196.000000,1196.000000,11053,115430,15925,112782,1,1,4.2537099221,1.0000000000,0.0018447007,1.0000000000,402.491931,GE100_LT500,POST_SPUTNIK_OR_SAME_LAUNCH_DATE,False,False
15156|134029,15156,134029,8419,90899,101,208,"Hamburg-Bergedorf, Germany","Dr. Remeis-Observatory, Bamberg, Germany","Dr. Remeis-Observatory, Bamberg, Germany | Hamburg-Bergedorf, Germany",OVERLAP,0.000000,"[{""a_fragment"":""PARENT_PROVISIONAL_CONTINUOUS"",""b_fragment"":""PARENT_PROVISIONAL_CONTINUOUS"",""duration_seconds"":1196.0,""end_utc"":""1959-04-03T01:15:31+00:00"",""exposure_active"":134029,""exposure_current"":15156,""start_utc"":""1959-04-03T00:55:35+00:00""}]",1,1196.000000,1196.000000,11055,115430,15927,112782,1,1,4.2083879765,1.0000000000,0.0018251306,1.0000000000,402.491931,GE100_LT500,POST_SPUTNIK_OR_SAME_LAUNCH_DATE,False,False
15157|134029,15157,134029,8420,90899,101,208,"Hamburg-Bergedorf, Germany","Dr. Remeis-Observatory, Bamberg, Germany","Dr. Remeis-Observatory, Bamberg, Germany | Hamburg-Bergedorf, Germany",OVERLAP,0.000000,"[{""a_fragment"":""PARENT_PROVISIONAL_CONTINUOUS"",""b_fragment"":""PARENT_PROVISIONAL_CONTINUOUS"",""duration_seconds"":869.0,""end_utc"":""1959-04-03T01:32:00+00:00"",""exposure_active"":134029,""exposure_current"":15157,""start_utc"":""1959-04-03T01:17:31+00:00""}]",1,869.000000,869.000000,11058,115430,15933,112782,1,1,4.1713747262,1.0000000000,0.0018087538,1.0000000000,402.491931,GE100_LT500,POST_SPUTNIK_OR_SAME_LAUNCH_DATE,False,False
15161|134110,15161,134110,8424,90980,101,208,"Hamburg-Bergedorf, Germany","Dr. Remeis-Observatory, Bamberg, Germany","Dr. Remeis-Observatory, Bamberg, Germany | Hamburg-Bergedorf, Germany",OVERLAP,0.000000,"[{""a_fragment"":""PARENT_PROVISIONAL_CONTINUOUS"",""b_fragment"":""PARENT_PROVISIONAL_CONTINUOUS"",""duration_seconds"":1196.0,""end_utc"":""1959-04-13T22:55:32+00:00"",""exposure_active"":134110,""exposure_current"":15161,""start_utc"":""1959-04-13T22:35:36+00:00""}]",1,1196.000000,1196.000000,11066,115511,15941,112860,1,1,4.1245305915,1.0000000000,0.0019475056,1.0000000000,402.491931,GE100_LT500,POST_SPUTNIK_OR_SAME_LAUNCH_DATE,False,False
15162|134110,15162,134110,8425,90980,101,208,"Hamburg-Bergedorf, Germany","Dr. Remeis-Observatory, Bamberg, Germany","Dr. Remeis-Observatory, Bamberg, Germany | Hamburg-Bergedorf, Germany",OVERLAP,0.000000,"[{""a_fragment"":""PARENT_PROVISIONAL_CONTINUOUS"",""b_fragment"":""PARENT_PROVISIONAL_CONTINUOUS"",""duration_seconds"":1197.0,""end_utc"":""1959-04-13T23:17:29+00:00"",""exposure_active"":134110,""exposure_current"":15162,""start_utc"":""1959-04-13T22:57:32+00:00""}]",1,1197.000000,1197.000000,11068,115511,15943,112860,1,1,4.1698594641,1.0000000000,0.0019687995,1.0000000000,402.491931,GE100_LT500,POST_SPUTNIK_OR_SAME_LAUNCH_DATE,False,False
15163|134114,15163,134114,8426,90984,101,208,"Hamburg-Bergedorf, Germany","Dr. Remeis-Observatory, Bamberg, Germany","Dr. Remeis-Observatory, Bamberg, Germany | Hamburg-Bergedorf, Germany",OVERLAP,0.000000,"[{""a_fragment"":""PARENT_PROVISIONAL_CONTINUOUS"",""b_fragment"":""PARENT_PROVISIONAL_CONTINUOUS"",""duration_seconds"":1164.0,""end_utc"":""1959-04-13T23:45:24+00:00"",""exposure_active"":15163,""exposure_current"":134114,""start_utc"":""1959-04-13T23:26:00+00:00""}]",1,1164.000000,1164.000000,11069,115515,15944,112862,1,1,4.2556846949,1.0000000000,0.0019412030,1.0000000000,402.491931,GE100_LT500,POST_SPUTNIK_OR_SAME_LAUNCH_DATE,False,False
15164|134114,15164,134114,8427,90984,101,208,"Hamburg-Bergedorf, Germany","Dr. Remeis-Observatory, Bamberg, Germany","Dr. Remeis-Observatory, Bamberg, Germany | Hamburg-Bergedorf, Germany",OVERLAP,0.000000,"[{""a_fragment"":""PARENT_PROVISIONAL_CONTINUOUS"",""b_fragment"":""PARENT_PROVISIONAL_CONTINUOUS"",""duration_seconds"":1197.0,""end_utc"":""1959-04-14T00:07:21+00:00"",""exposure_active"":134114,""exposure_current"":15164,""start_utc"":""1959-04-13T23:47:24+00:00""}]",1,1197.000000,1197.000000,11071,115515,15946,112862,1,1,4.2587775772,1.0000000000,0.0019425113,1.0000000000,402.491931,GE100_LT500,POST_SPUTNIK_OR_SAME_LAUNCH_DATE,False,False
15165|134114,15165,134114,8428,90984,101,208,"Hamburg-Bergedorf, Germany","Dr. Remeis-Observatory, Bamberg, Germany","Dr. Remeis-Observatory, Bamberg, Germany | Hamburg-Bergedorf, Germany",OVERLAP,0.000000,"[{""a_fragment"":""PARENT_PROVISIONAL_CONTINUOUS"",""b_fragment"":""PARENT_PROVISIONAL_CONTINUOUS"",""duration_seconds"":1000.0,""end_utc"":""1959-04-14T00:26:00+00:00"",""exposure_active"":134114,""exposure_current"":15165,""start_utc"":""1959-04-14T00:09:20+00:00""}]",1,1000.000000,1000.000000,11073,115515,15947,112862,1,1,4.2553304375,1.0000000000,0.0019413754,1.0000000000,402.491931,GE100_LT500,POST_SPUTNIK_OR_SAME_LAUNCH_DATE,False,False
15181|134337,15181,134337,8444,91207,101,208,"Hamburg-Bergedorf, Germany","Dr. Remeis-Observatory, Bamberg, Germany","Dr. Remeis-Observatory, Bamberg, Germany | Hamburg-Bergedorf, Germany",OVERLAP,0.000000,"[{""a_fragment"":""PARENT_PROVISIONAL_CONTINUOUS"",""b_fragment"":""PARENT_PROVISIONAL_CONTINUOUS"",""duration_seconds"":1795.0,""end_utc"":""1959-08-07T22:27:17+00:00"",""exposure_active"":134337,""exposure_current"":15181,""start_utc"":""1959-08-07T21:57:22+00:00""}]",1,1795.000000,1795.000000,11105,115738,15988,113060,1,1,85.9251745618,1.0000000000,0.0398824939,1.0000000000,402.491931,GE100_LT500,POST_SPUTNIK_OR_SAME_LAUNCH_DATE,False,False
15182|134337,15182,134337,8445,91207,101,208,"Hamburg-Bergedorf, Germany","Dr. Remeis-Observatory, Bamberg, Germany","Dr. Remeis-Observatory, Bamberg, Germany | Hamburg-Bergedorf, Germany",OVERLAP,0.000000,"[{""a_fragment"":""PARENT_PROVISIONAL_CONTINUOUS"",""b_fragment"":""PARENT_PROVISIONAL_CONTINUOUS"",""duration_seconds"":104.0,""end_utc"":""1959-08-07T22:35:00+00:00"",""exposure_active"":134337,""exposure_current"":15182,""start_utc"":""1959-08-07T22:33:16+00:00""}]",1,104.000000,104.000000,11107,115738,15982,113060,1,1,85.8128539631,1.0000000000,0.0398306710,1.0000000000,402.491931,GE100_LT500,POST_SPUTNIK_OR_SAME_LAUNCH_DATE,False,False
15189|134429,15189,134429,8452,91299,101,208,"Hamburg-Bergedorf, Germany","Dr. Remeis-Observatory, Bamberg, Germany","Dr. Remeis-Observatory, Bamberg, Germany | Hamburg-Bergedorf, Germany",OVERLAP,0.000000,"[{""a_fragment"":""1643"",""b_fragment"":""PARENT_PROVISIONAL_CONTINUOUS"",""duration_seconds"":958.0,""end_utc"":""1959-08-29T20:15:54+00:00"",""exposure_active"":134429,""exposure_current"":15189,""start_utc"":""1959-08-29T19:59:56+00:00""},{""a_fragment"":""1644"",""b_fragment"":""PARENT_PROVISIONAL_CONTINUOUS"",""duration_seconds"":240.0,""end_utc"":""1959-08-29T20:39:50+00:00"",""exposure_active"":134429,""exposure_current"":15189,""start_utc"":""1959-08-29T20:35:50+00:00""}]",2,1198.000000,958.000000,11121,115830,16598,113153,1,1,86.1006569760,1.0000000000,0.0391523098,1.0000000000,402.491931,GE100_LT500,POST_SPUTNIK_OR_SAME_LAUNCH_DATE,False,False
15190|134429,15190,134429,8453,91299,101,208,"Hamburg-Bergedorf, Germany","Dr. Remeis-Observatory, Bamberg, Germany","Dr. Remeis-Observatory, Bamberg, Germany | Hamburg-Bergedorf, Germany",OVERLAP,0.000000,"[{""a_fragment"":""PARENT_PROVISIONAL_CONTINUOUS"",""b_fragment"":""PARENT_PROVISIONAL_CONTINUOUS"",""duration_seconds"":11.0,""end_utc"":""1959-08-29T20:42:00+00:00"",""exposure_active"":134429,""exposure_current"":15190,""start_utc"":""1959-08-29T20:41:49+00:00""}]",1,11.000000,11.000000,11122,115830,15992,113153,1,1,85.5318191965,1.0000000000,0.0388955406,1.0000000000,402.491931,GE100_LT500,POST_SPUTNIK_OR_SAME_LAUNCH_DATE,False,False
15198|134457,15198,134457,8461,91327,101,208,"Hamburg-Bergedorf, Germany","Dr. Remeis-Observatory, Bamberg, Germany","Dr. Remeis-Observatory, Bamberg, Germany | Hamburg-Bergedorf, Germany",OVERLAP,0.000000,"[{""a_fragment"":""1645"",""b_fragment"":""PARENT_PROVISIONAL_CONTINUOUS"",""duration_seconds"":419.0,""end_utc"":""1959-08-31T20:01:03+00:00"",""exposure_active"":134457,""exposure_current"":15198,""start_utc"":""1959-08-31T19:54:04+00:00""},{""a_fragment"":""1646"",""b_fragment"":""PARENT_PROVISIONAL_CONTINUOUS"",""duration_seconds"":299.0,""end_utc"":""1959-08-31T20:19:30+00:00"",""exposure_active"":134457,""exposure_current"":15198,""start_utc"":""1959-08-31T20:14:31+00:00""},{""a_fragment"":""1647"",""b_fragment"":""PARENT_PROVISIONAL_CONTINUOUS"",""duration_seconds"":841.0,""end_utc"":""1959-08-31T20:38:00+00:00"",""exposure_active"":134457,""exposure_current"":15198,""start_utc"":""1959-08-31T20:23:59+00:00""}]",3,1559.000000,841.000000,11134,115858,16009,113179,1,1,86.1910155240,1.0000000000,0.0388254206,1.0000000000,402.491931,GE100_LT500,POST_SPUTNIK_OR_SAME_LAUNCH_DATE,False,False
15212|134509,15212,134509,8475,91379,101,208,"Hamburg-Bergedorf, Germany","Dr. Remeis-Observatory, Bamberg, Germany","Dr. Remeis-Observatory, Bamberg, Germany | Hamburg-Bergedorf, Germany",OVERLAP,0.000000,"[{""a_fragment"":""PARENT_PROVISIONAL_CONTINUOUS"",""b_fragment"":""PARENT_PROVISIONAL_CONTINUOUS"",""duration_seconds"":2160.0,""end_utc"":""1959-09-02T21:02:00+00:00"",""exposure_active"":15212,""exposure_current"":134509,""start_utc"":""1959-09-02T20:26:00+00:00""}]",1,2160.000000,2160.000000,11161,115910,16039,113206,1,1,86.3025303289,1.0000000000,0.0722982763,1.0000000000,402.491931,GE100_LT500,POST_SPUTNIK_OR_SAME_LAUNCH_DATE,False,False
15212|134510,15212,134510,8475,91380,101,208,"Hamburg-Bergedorf, Germany","Dr. Remeis-Observatory, Bamberg, Germany","Dr. Remeis-Observatory, Bamberg, Germany | Hamburg-Bergedorf, Germany",OVERLAP,0.000000,"[{""a_fragment"":""PARENT_PROVISIONAL_CONTINUOUS"",""b_fragment"":""PARENT_PROVISIONAL_CONTINUOUS"",""duration_seconds"":2160.0,""end_utc"":""1959-09-02T21:02:00+00:00"",""exposure_active"":15212,""exposure_current"":134510,""start_utc"":""1959-09-02T20:26:00+00:00""}]",1,2160.000000,2160.000000,11161,115911,16039,113223,1,1,8.8627601768,0.0943072095,0.0034568777,0.0943072095,402.491931,GE100_LT500,POST_SPUTNIK_OR_SAME_LAUNCH_DATE,False,False
15213|134509,15213,134509,8476,91379,101,208,"Hamburg-Bergedorf, Germany","Dr. Remeis-Observatory, Bamberg, Germany","Dr. Remeis-Observatory, Bamberg, Germany | Hamburg-Bergedorf, Germany",OVERLAP,0.000000,"[{""a_fragment"":""PARENT_PROVISIONAL_CONTINUOUS"",""b_fragment"":""PARENT_PROVISIONAL_CONTINUOUS"",""duration_seconds"":782.0,""end_utc"":""1959-09-02T21:26:00+00:00"",""exposure_active"":134509,""exposure_current"":15213,""start_utc"":""1959-09-02T21:12:58+00:00""}]",1,782.000000,782.000000,11162,115910,16038,113206,1,1,85.2539556592,1.0000000000,0.0714109905,1.0000000000,402.491931,GE100_LT500,POST_SPUTNIK_OR_SAME_LAUNCH_DATE,False,False
15213|134510,15213,134510,8476,91380,101,208,"Hamburg-Bergedorf, Germany","Dr. Remeis-Observatory, Bamberg, Germany","Dr. Remeis-Observatory, Bamberg, Germany | Hamburg-Bergedorf, Germany",OVERLAP,0.000000,"[{""a_fragment"":""PARENT_PROVISIONAL_CONTINUOUS"",""b_fragment"":""PARENT_PROVISIONAL_CONTINUOUS"",""duration_seconds"":782.0,""end_utc"":""1959-09-02T21:26:00+00:00"",""exposure_active"":134510,""exposure_current"":15213,""start_utc"":""1959-09-02T21:12:58+00:00""}]",1,782.000000,782.000000,11162,115911,16038,113223,1,1,8.1213754806,0.0874647304,0.0031660022,0.0874647304,402.491931,GE100_LT500,POST_SPUTNIK_OR_SAME_LAUNCH_DATE,False,False
15225|134555,15225,134555,8488,91425,101,208,"Hamburg-Bergedorf, Germany","Dr. Remeis-Observatory, Bamberg, Germany","Dr. Remeis-Observatory, Bamberg, Germany | Hamburg-Bergedorf, Germany",OVERLAP,0.000000,"[{""a_fragment"":""PARENT_PROVISIONAL_CONTINUOUS"",""b_fragment"":""PARENT_PROVISIONAL_CONTINUOUS"",""duration_seconds"":2394.0,""end_utc"":""1959-09-04T20:06:16+00:00"",""exposure_active"":134555,""exposure_current"":15225,""start_utc"":""1959-09-04T19:26:22+00:00""}]",1,2394.000000,2394.000000,11186,115956,16063,113246,1,1,84.6542736893,1.0000000000,0.0713591836,1.0000000000,402.491931,GE100_LT500,POST_SPUTNIK_OR_SAME_LAUNCH_DATE,False,False
15226|134555,15226,134555,8489,91425,101,208,"Hamburg-Bergedorf, Germany","Dr. Remeis-Observatory, Bamberg, Germany","Dr. Remeis-Observatory, Bamberg, Germany | Hamburg-Bergedorf, Germany",OVERLAP,0.000000,"[{""a_fragment"":""PARENT_PROVISIONAL_CONTINUOUS"",""b_fragment"":""PARENT_PROVISIONAL_CONTINUOUS"",""duration_seconds"":586.0,""end_utc"":""1959-09-04T20:26:00+00:00"",""exposure_active"":134555,""exposure_current"":15226,""start_utc"":""1959-09-04T20:16:14+00:00""}]",1,586.000000,586.000000,11188,115956,16065,113246,1,1,84.7199563524,1.0000000000,0.0714266790,1.0000000000,402.491931,GE100_LT500,POST_SPUTNIK_OR_SAME_LAUNCH_DATE,False,False
15236|134611,15236,134611,8499,91481,101,208,"Hamburg-Bergedorf, Germany","Dr. Remeis-Observatory, Bamberg, Germany","Dr. Remeis-Observatory, Bamberg, Germany | Hamburg-Bergedorf, Germany",OVERLAP,0.000000,"[{""a_fragment"":""PARENT_PROVISIONAL_CONTINUOUS"",""b_fragment"":""PARENT_PROVISIONAL_CONTINUOUS"",""duration_seconds"":1795.0,""end_utc"":""1959-09-06T20:09:22+00:00"",""exposure_active"":134611,""exposure_current"":15236,""start_utc"":""1959-09-06T19:39:27+00:00""}]",1,1795.000000,1795.000000,11207,116012,16083,113309,1,1,85.1217076366,1.0000000000,0.0723305428,1.0000000000,402.491931,GE100_LT500,POST_SPUTNIK_OR_SAME_LAUNCH_DATE,False,False
15236|134612,15236,134612,8499,91482,101,208,"Hamburg-Bergedorf, Germany","Dr. Remeis-Observatory, Bamberg, Germany","Dr. Remeis-Observatory, Bamberg, Germany | Hamburg-Bergedorf, Germany",OVERLAP,0.000000,"[{""a_fragment"":""PARENT_PROVISIONAL_CONTINUOUS"",""b_fragment"":""PARENT_PROVISIONAL_CONTINUOUS"",""duration_seconds"":1795.0,""end_utc"":""1959-09-06T20:09:22+00:00"",""exposure_active"":134612,""exposure_current"":15236,""start_utc"":""1959-09-06T19:39:27+00:00""}]",1,1795.000000,1795.000000,11207,116013,16083,113299,1,1,5.7297669860,0.0621523249,0.0023631430,0.0621523249,402.491931,GE100_LT500,POST_SPUTNIK_OR_SAME_LAUNCH_DATE,False,False
15237|134611,15237,134611,8500,91481,101,208,"Hamburg-Bergedorf, Germany","Dr. Remeis-Observatory, Bamberg, Germany","Dr. Remeis-Observatory, Bamberg, Germany | Hamburg-Bergedorf, Germany",OVERLAP,0.000000,"[{""a_fragment"":""PARENT_PROVISIONAL_CONTINUOUS"",""b_fragment"":""PARENT_PROVISIONAL_CONTINUOUS"",""duration_seconds"":1178.0,""end_utc"":""1959-09-06T20:30:00+00:00"",""exposure_active"":134611,""exposure_current"":15237,""start_utc"":""1959-09-06T20:10:22+00:00""}]",1,1178.000000,1178.000000,11208,116012,16085,113309,1,1,84.8513218020,1.0000000000,0.0721037611,1.0000000000,402.491931,GE100_LT500,POST_SPUTNIK_OR_SAME_LAUNCH_DATE,False,False
15237|134612,15237,134612,8500,91482,101,208,"Hamburg-Bergedorf, Germany","Dr. Remeis-Observatory, Bamberg, Germany","Dr. Remeis-Observatory, Bamberg, Germany | Hamburg-Bergedorf, Germany",OVERLAP,0.000000,"[{""a_fragment"":""PARENT_PROVISIONAL_CONTINUOUS"",""b_fragment"":""PARENT_PROVISIONAL_CONTINUOUS"",""duration_seconds"":1178.0,""end_utc"":""1959-09-06T20:30:00+00:00"",""exposure_active"":134612,""exposure_current"":15237,""start_utc"":""1959-09-06T20:10:22+00:00""}]",1,1178.000000,1178.000000,11208,116013,16085,113299,1,1,5.4644018188,0.0594626545,0.0022537450,0.0594626545,402.491931,GE100_LT500,POST_SPUTNIK_OR_SAME_LAUNCH_DATE,False,False
15245|134639,15245,134639,8508,91509,101,208,"Hamburg-Bergedorf, Germany","Dr. Remeis-Observatory, Bamberg, Germany","Dr. Remeis-Observatory, Bamberg, Germany | Hamburg-Bergedorf, Germany",OVERLAP,0.000000,"[{""a_fragment"":""PARENT_PROVISIONAL_CONTINUOUS"",""b_fragment"":""PARENT_PROVISIONAL_CONTINUOUS"",""duration_seconds"":928.0,""end_utc"":""1959-09-07T19:57:28+00:00"",""exposure_active"":15245,""exposure_current"":134639,""start_utc"":""1959-09-07T19:42:00+00:00""}]",1,928.000000,928.000000,11224,116040,16100,113317,1,1,86.2803694011,1.0000000000,0.0725153306,1.0000000000,402.491931,GE100_LT500,POST_SPUTNIK_OR_SAME_LAUNCH_DATE,False,False
15245|134640,15245,134640,8508,91510,101,208,"Hamburg-Bergedorf, Germany","Dr. Remeis-Observatory, Bamberg, Germany","Dr. Remeis-Observatory, Bamberg, Germany | Hamburg-Bergedorf, Germany",OVERLAP,0.000000,"[{""a_fragment"":""PARENT_PROVISIONAL_CONTINUOUS"",""b_fragment"":""PARENT_PROVISIONAL_CONTINUOUS"",""duration_seconds"":928.0,""end_utc"":""1959-09-07T19:57:28+00:00"",""exposure_active"":15245,""exposure_current"":134640,""start_utc"":""1959-09-07T19:42:00+00:00""}]",1,928.000000,928.000000,11224,116041,16100,113329,1,1,12.1391750054,0.1302874980,0.0047853811,0.1302874980,402.491931,GE100_LT500,POST_SPUTNIK_OR_SAME_LAUNCH_DATE,False,False
15246|134639,15246,134639,8509,91509,101,208,"Hamburg-Bergedorf, Germany","Dr. Remeis-Observatory, Bamberg, Germany","Dr. Remeis-Observatory, Bamberg, Germany | Hamburg-Bergedorf, Germany",OVERLAP,0.000000,"[{""a_fragment"":""PARENT_PROVISIONAL_CONTINUOUS"",""b_fragment"":""PARENT_PROVISIONAL_CONTINUOUS"",""duration_seconds"":1795.0,""end_utc"":""1959-09-07T20:38:21+00:00"",""exposure_active"":134639,""exposure_current"":15246,""start_utc"":""1959-09-07T20:08:26+00:00""}]",1,1795.000000,1795.000000,11226,116040,16104,113317,1,1,86.3246723798,1.0000000000,0.0725576428,1.0000000000,402.491931,GE100_LT500,POST_SPUTNIK_OR_SAME_LAUNCH_DATE,False,False
15246|134640,15246,134640,8509,91510,101,208,"Hamburg-Bergedorf, Germany","Dr. Remeis-Observatory, Bamberg, Germany","Dr. Remeis-Observatory, Bamberg, Germany | Hamburg-Bergedorf, Germany",OVERLAP,0.000000,"[{""a_fragment"":""PARENT_PROVISIONAL_CONTINUOUS"",""b_fragment"":""PARENT_PROVISIONAL_CONTINUOUS"",""duration_seconds"":1795.0,""end_utc"":""1959-09-07T20:38:21+00:00"",""exposure_active"":134640,""exposure_current"":15246,""start_utc"":""1959-09-07T20:08:26+00:00""}]",1,1795.000000,1795.000000,11226,116041,16104,113329,1,1,12.4537524617,0.1336143584,0.0049110976,0.1336143584,402.491931,GE100_LT500,POST_SPUTNIK_OR_SAME_LAUNCH_DATE,False,False
15251|134672,15251,134672,8514,91542,101,208,"Hamburg-Bergedorf, Germany","Dr. Remeis-Observatory, Bamberg, Germany","Dr. Remeis-Observatory, Bamberg, Germany | Hamburg-Bergedorf, Germany",OVERLAP,0.000000,"[{""a_fragment"":""PARENT_PROVISIONAL_CONTINUOUS"",""b_fragment"":""PARENT_PROVISIONAL_CONTINUOUS"",""duration_seconds"":704.0,""end_utc"":""1959-09-08T21:40:00+00:00"",""exposure_active"":134672,""exposure_current"":15251,""start_utc"":""1959-09-08T21:28:16+00:00""}]",1,704.000000,704.000000,11236,116073,16106,113350,1,1,1.7679265876,0.0183464897,0.0006567361,0.0183464897,402.491931,GE100_LT500,POST_SPUTNIK_OR_SAME_LAUNCH_DATE,False,False
15253|134728,15253,134728,8516,91598,101,208,"Hamburg-Bergedorf, Germany","Dr. Remeis-Observatory, Bamberg, Germany","Dr. Remeis-Observatory, Bamberg, Germany | Hamburg-Bergedorf, Germany",OVERLAP,0.000000,"[{""a_fragment"":""PARENT_PROVISIONAL_CONTINUOUS"",""b_fragment"":""PARENT_PROVISIONAL_CONTINUOUS"",""duration_seconds"":2311.0,""end_utc"":""1959-09-10T21:30:00+00:00"",""exposure_active"":134728,""exposure_current"":15253,""start_utc"":""1959-09-10T20:51:29+00:00""}]",1,2311.000000,2311.000000,11240,116129,16119,113406,2,1,5.8913269984,0.0618778854,0.0022204908,0.0618778854,402.491931,GE100_LT500,POST_SPUTNIK_OR_SAME_LAUNCH_DATE,False,False
15274|135122,15274,135122,8537,91992,101,208,"Hamburg-Bergedorf, Germany","Dr. Remeis-Observatory, Bamberg, Germany","Dr. Remeis-Observatory, Bamberg, Germany | Hamburg-Bergedorf, Germany",OVERLAP,0.000000,"[{""a_fragment"":""PARENT_PROVISIONAL_CONTINUOUS"",""b_fragment"":""PARENT_PROVISIONAL_CONTINUOUS"",""duration_seconds"":1197.0,""end_utc"":""1959-10-06T23:00:08+00:00"",""exposure_active"":135122,""exposure_current"":15274,""start_utc"":""1959-10-06T22:40:11+00:00""}]",1,1197.000000,1197.000000,11282,116523,16152,113732,1,1,86.3207956564,1.0000000000,0.0734783841,1.0000000000,402.491931,GE100_LT500,POST_SPUTNIK_OR_SAME_LAUNCH_DATE,False,False
15274|135123,15274,135123,8537,91993,101,208,"Hamburg-Bergedorf, Germany","Dr. Remeis-Observatory, Bamberg, Germany","Dr. Remeis-Observatory, Bamberg, Germany | Hamburg-Bergedorf, Germany",OVERLAP,0.000000,"[{""a_fragment"":""PARENT_PROVISIONAL_CONTINUOUS"",""b_fragment"":""PARENT_PROVISIONAL_CONTINUOUS"",""duration_seconds"":1197.0,""end_utc"":""1959-10-06T23:00:08+00:00"",""exposure_active"":135123,""exposure_current"":15274,""start_utc"":""1959-10-06T22:40:11+00:00""}]",1,1197.000000,1197.000000,11282,116524,16152,113734,1,1,82.4598520275,0.9166589784,0.0347199530,0.9166589784,402.491931,GE100_LT500,POST_SPUTNIK_OR_SAME_LAUNCH_DATE,False,False
15280|135158,15280,135158,8543,92028,101,208,"Hamburg-Bergedorf, Germany","Dr. Remeis-Observatory, Bamberg, Germany","Dr. Remeis-Observatory, Bamberg, Germany | Hamburg-Bergedorf, Germany",OVERLAP,0.000000,"[{""a_fragment"":""PARENT_PROVISIONAL_CONTINUOUS"",""b_fragment"":""PARENT_PROVISIONAL_CONTINUOUS"",""duration_seconds"":1196.0,""end_utc"":""1959-10-07T23:24:37+00:00"",""exposure_active"":135158,""exposure_current"":15280,""start_utc"":""1959-10-07T23:04:41+00:00""}]",1,1196.000000,1196.000000,11293,116559,16167,113758,1,1,86.2382223676,1.0000000000,0.0725214390,1.0000000000,402.491931,GE100_LT500,POST_SPUTNIK_OR_SAME_LAUNCH_DATE,False,False
15280|135159,15280,135159,8543,92029,101,208,"Hamburg-Bergedorf, Germany","Dr. Remeis-Observatory, Bamberg, Germany","Dr. Remeis-Observatory, Bamberg, Germany | Hamburg-Bergedorf, Germany",OVERLAP,0.000000,"[{""a_fragment"":""PARENT_PROVISIONAL_CONTINUOUS"",""b_fragment"":""PARENT_PROVISIONAL_CONTINUOUS"",""duration_seconds"":1196.0,""end_utc"":""1959-10-07T23:24:37+00:00"",""exposure_active"":135159,""exposure_current"":15280,""start_utc"":""1959-10-07T23:04:41+00:00""}]",1,1196.000000,1196.000000,11293,116560,16167,113765,1,1,79.4637930805,0.8827659163,0.0333273298,0.8827659163,402.491931,GE100_LT500,POST_SPUTNIK_OR_SAME_LAUNCH_DATE,False,False
15284|135226,15284,135226,8547,92096,101,208,"Hamburg-Bergedorf, Germany","Dr. Remeis-Observatory, Bamberg, Germany","Dr. Remeis-Observatory, Bamberg, Germany | Hamburg-Bergedorf, Germany",OVERLAP,0.000000,"[{""a_fragment"":""PARENT_PROVISIONAL_CONTINUOUS"",""b_fragment"":""PARENT_PROVISIONAL_CONTINUOUS"",""duration_seconds"":1197.0,""end_utc"":""1959-10-09T22:26:54+00:00"",""exposure_active"":135226,""exposure_current"":15284,""start_utc"":""1959-10-09T22:06:57+00:00""}]",1,1197.000000,1197.000000,11301,116627,16177,113816,1,1,86.3271600981,1.0000000000,0.0734044731,1.0000000000,402.491931,GE100_LT500,POST_SPUTNIK_OR_SAME_LAUNCH_DATE,False,False
15300|135469,15300,135469,8560,92339,101,208,"Hamburg-Bergedorf, Germany","Dr. Remeis-Observatory, Bamberg, Germany","Dr. Remeis-Observatory, Bamberg, Germany | Hamburg-Bergedorf, Germany",OVERLAP,0.000000,"[{""a_fragment"":""PARENT_PROVISIONAL_CONTINUOUS"",""b_fragment"":""PARENT_PROVISIONAL_CONTINUOUS"",""duration_seconds"":359.0,""end_utc"":""1960-02-17T18:44:31+00:00"",""exposure_active"":135469,""exposure_current"":15300,""start_utc"":""1960-02-17T18:38:32+00:00""}]",1,359.000000,359.000000,11324,116870,16207,114016,1,1,31.2429856194,0.8748744441,0.0254032414,0.8748744441,402.491931,GE100_LT500,POST_SPUTNIK_OR_SAME_LAUNCH_DATE,False,False
15300|135470,15300,135470,8560,92340,101,208,"Hamburg-Bergedorf, Germany","Dr. Remeis-Observatory, Bamberg, Germany","Dr. Remeis-Observatory, Bamberg, Germany | Hamburg-Bergedorf, Germany",OVERLAP,0.000000,"[{""a_fragment"":""PARENT_PROVISIONAL_CONTINUOUS"",""b_fragment"":""PARENT_PROVISIONAL_CONTINUOUS"",""duration_seconds"":359.0,""end_utc"":""1960-02-17T18:44:31+00:00"",""exposure_active"":135470,""exposure_current"":15300,""start_utc"":""1960-02-17T18:38:32+00:00""}]",1,359.000000,359.000000,11324,116871,16207,114028,1,1,35.0328473736,1.0000000000,0.0160735054,1.0000000000,402.491931,GE100_LT500,POST_SPUTNIK_OR_SAME_LAUNCH_DATE,False,False
15301|135469,15301,135469,8560,92339,101,208,"Hamburg-Bergedorf, Germany","Dr. Remeis-Observatory, Bamberg, Germany","Dr. Remeis-Observatory, Bamberg, Germany | Hamburg-Bergedorf, Germany",OVERLAP,0.000000,"[{""a_fragment"":""PARENT_PROVISIONAL_CONTINUOUS"",""b_fragment"":""PARENT_PROVISIONAL_CONTINUOUS"",""duration_seconds"":179.0,""end_utc"":""1960-02-17T18:48:00+00:00"",""exposure_active"":135469,""exposure_current"":15301,""start_utc"":""1960-02-17T18:45:01+00:00""}]",1,179.000000,179.000000,11324,116870,16207,114016,1,1,31.2429856194,0.8748744441,0.0254032414,0.8748744441,402.491931,GE100_LT500,POST_SPUTNIK_OR_SAME_LAUNCH_DATE,False,False
15301|135470,15301,135470,8560,92340,101,208,"Hamburg-Bergedorf, Germany","Dr. Remeis-Observatory, Bamberg, Germany","Dr. Remeis-Observatory, Bamberg, Germany | Hamburg-Bergedorf, Germany",OVERLAP,0.000000,"[{""a_fragment"":""PARENT_PROVISIONAL_CONTINUOUS"",""b_fragment"":""PARENT_PROVISIONAL_CONTINUOUS"",""duration_seconds"":179.0,""end_utc"":""1960-02-17T18:48:00+00:00"",""exposure_active"":135470,""exposure_current"":15301,""start_utc"":""1960-02-17T18:45:01+00:00""}]",1,179.000000,179.000000,11324,116871,16207,114028,1,1,35.0328473736,1.0000000000,0.0160735054,1.0000000000,402.491931,GE100_LT500,POST_SPUTNIK_OR_SAME_LAUNCH_DATE,False,False
15302|135469,15302,135469,8561,92339,101,208,"Hamburg-Bergedorf, Germany","Dr. Remeis-Observatory, Bamberg, Germany","Dr. Remeis-Observatory, Bamberg, Germany | Hamburg-Bergedorf, Germany",OVERLAP,0.000000,"[{""a_fragment"":""PARENT_PROVISIONAL_CONTINUOUS"",""b_fragment"":""PARENT_PROVISIONAL_CONTINUOUS"",""duration_seconds"":180.0,""end_utc"":""1960-02-17T18:57:59+00:00"",""exposure_active"":135469,""exposure_current"":15302,""start_utc"":""1960-02-17T18:54:59+00:00""}]",1,180.000000,180.000000,11325,116870,16205,114016,1,1,30.9461840411,0.8771371726,0.0251620166,0.8771371726,402.491931,GE100_LT500,POST_SPUTNIK_OR_SAME_LAUNCH_DATE,False,False
15302|135470,15302,135470,8561,92340,101,208,"Hamburg-Bergedorf, Germany","Dr. Remeis-Observatory, Bamberg, Germany","Dr. Remeis-Observatory, Bamberg, Germany | Hamburg-Bergedorf, Germany",OVERLAP,0.000000,"[{""a_fragment"":""PARENT_PROVISIONAL_CONTINUOUS"",""b_fragment"":""PARENT_PROVISIONAL_CONTINUOUS"",""duration_seconds"":180.0,""end_utc"":""1960-02-17T18:57:59+00:00"",""exposure_active"":135470,""exposure_current"":15302,""start_utc"":""1960-02-17T18:54:59+00:00""}]",1,180.000000,180.000000,11325,116871,16205,114028,1,1,34.6096344270,1.0000000000,0.0158802416,1.0000000000,402.491931,GE100_LT500,POST_SPUTNIK_OR_SAME_LAUNCH_DATE,False,False
15303|135469,15303,135469,8561,92339,101,208,"Hamburg-Bergedorf, Germany","Dr. Remeis-Observatory, Bamberg, Germany","Dr. Remeis-Observatory, Bamberg, Germany | Hamburg-Bergedorf, Germany",OVERLAP,0.000000,"[{""a_fragment"":""PARENT_PROVISIONAL_CONTINUOUS"",""b_fragment"":""PARENT_PROVISIONAL_CONTINUOUS"",""duration_seconds"":359.0,""end_utc"":""1960-02-17T19:19:55+00:00"",""exposure_active"":135469,""exposure_current"":15303,""start_utc"":""1960-02-17T19:13:56+00:00""}]",1,359.000000,359.000000,11325,116870,16205,114016,1,1,30.9461840411,0.8771371726,0.0251620166,0.8771371726,402.491931,GE100_LT500,POST_SPUTNIK_OR_SAME_LAUNCH_DATE,False,False
15303|135470,15303,135470,8561,92340,101,208,"Hamburg-Bergedorf, Germany","Dr. Remeis-Observatory, Bamberg, Germany","Dr. Remeis-Observatory, Bamberg, Germany | Hamburg-Bergedorf, Germany",OVERLAP,0.000000,"[{""a_fragment"":""PARENT_PROVISIONAL_CONTINUOUS"",""b_fragment"":""PARENT_PROVISIONAL_CONTINUOUS"",""duration_seconds"":359.0,""end_utc"":""1960-02-17T19:19:55+00:00"",""exposure_active"":135470,""exposure_current"":15303,""start_utc"":""1960-02-17T19:13:56+00:00""}]",1,359.000000,359.000000,11325,116871,16205,114028,1,1,34.6096344270,1.0000000000,0.0158802416,1.0000000000,402.491931,GE100_LT500,POST_SPUTNIK_OR_SAME_LAUNCH_DATE,False,False
15325|135722,15325,135722,8580,92592,101,208,"Hamburg-Bergedorf, Germany","Dr. Remeis-Observatory, Bamberg, Germany","Dr. Remeis-Observatory, Bamberg, Germany | Hamburg-Bergedorf, Germany",OVERLAP,0.000000,"[{""a_fragment"":""PARENT_PROVISIONAL_CONTINUOUS"",""b_fragment"":""PARENT_PROVISIONAL_CONTINUOUS"",""duration_seconds"":655.0,""end_utc"":""1960-04-01T22:35:55+00:00"",""exposure_active"":15325,""exposure_current"":135722,""start_utc"":""1960-04-01T22:25:00+00:00""}]",1,655.000000,655.000000,11359,117122,16246,114241,1,1,4.3223321792,1.0000000000,0.0017585629,1.0000000000,402.491931,GE100_LT500,POST_SPUTNIK_OR_SAME_LAUNCH_DATE,False,False
15326|135722,15326,135722,8581,92592,101,208,"Hamburg-Bergedorf, Germany","Dr. Remeis-Observatory, Bamberg, Germany","Dr. Remeis-Observatory, Bamberg, Germany | Hamburg-Bergedorf, Germany",OVERLAP,0.000000,"[{""a_fragment"":""PARENT_PROVISIONAL_CONTINUOUS"",""b_fragment"":""PARENT_PROVISIONAL_CONTINUOUS"",""duration_seconds"":1795.0,""end_utc"":""1960-04-01T23:17:48+00:00"",""exposure_active"":135722,""exposure_current"":15326,""start_utc"":""1960-04-01T22:47:53+00:00""}]",1,1795.000000,1795.000000,11361,117122,16254,114241,1,1,4.3446971540,1.0000000000,0.0017680764,1.0000000000,402.491931,GE100_LT500,POST_SPUTNIK_OR_SAME_LAUNCH_DATE,False,False
15327|135722,15327,135722,8582,92592,101,208,"Hamburg-Bergedorf, Germany","Dr. Remeis-Observatory, Bamberg, Germany","Dr. Remeis-Observatory, Bamberg, Germany | Hamburg-Bergedorf, Germany",OVERLAP,0.000000,"[{""a_fragment"":""PARENT_PROVISIONAL_CONTINUOUS"",""b_fragment"":""PARENT_PROVISIONAL_CONTINUOUS"",""duration_seconds"":312.0,""end_utc"":""1960-04-01T23:25:00+00:00"",""exposure_active"":135722,""exposure_current"":15327,""start_utc"":""1960-04-01T23:19:48+00:00""}]",1,312.000000,312.000000,11363,117122,16256,114241,1,1,4.3393035078,1.0000000000,0.0017658874,1.0000000000,402.491931,GE100_LT500,POST_SPUTNIK_OR_SAME_LAUNCH_DATE,False,False
15327|135726,15327,135726,8582,92596,101,208,"Hamburg-Bergedorf, Germany","Dr. Remeis-Observatory, Bamberg, Germany","Dr. Remeis-Observatory, Bamberg, Germany | Hamburg-Bergedorf, Germany",OVERLAP,0.000000,"[{""a_fragment"":""PARENT_PROVISIONAL_CONTINUOUS"",""b_fragment"":""PARENT_PROVISIONAL_CONTINUOUS"",""duration_seconds"":1063.0,""end_utc"":""1960-04-01T23:49:43+00:00"",""exposure_active"":15327,""exposure_current"":135726,""start_utc"":""1960-04-01T23:32:00+00:00""}]",1,1063.000000,1063.000000,11363,117126,16256,114239,1,1,4.0832458428,1.0000000000,0.0035165736,1.0000000000,402.491931,GE100_LT500,POST_SPUTNIK_OR_SAME_LAUNCH_DATE,False,False
15327|135727,15327,135727,8582,92597,101,208,"Hamburg-Bergedorf, Germany","Dr. Remeis-Observatory, Bamberg, Germany","Dr. Remeis-Observatory, Bamberg, Germany | Hamburg-Bergedorf, Germany",OVERLAP,0.000000,"[{""a_fragment"":""PARENT_PROVISIONAL_CONTINUOUS"",""b_fragment"":""PARENT_PROVISIONAL_CONTINUOUS"",""duration_seconds"":1063.0,""end_utc"":""1960-04-01T23:49:43+00:00"",""exposure_active"":15327,""exposure_current"":135727,""start_utc"":""1960-04-01T23:32:00+00:00""}]",1,1063.000000,1063.000000,11363,117127,16256,114249,1,1,4.2068590387,1.0000000000,0.0018051083,1.0000000000,402.491931,GE100_LT500,POST_SPUTNIK_OR_SAME_LAUNCH_DATE,False,False
15328|135726,15328,135726,8583,92596,101,208,"Hamburg-Bergedorf, Germany","Dr. Remeis-Observatory, Bamberg, Germany","Dr. Remeis-Observatory, Bamberg, Germany | Hamburg-Bergedorf, Germany",OVERLAP,0.000000,"[{""a_fragment"":""PARENT_PROVISIONAL_CONTINUOUS"",""b_fragment"":""PARENT_PROVISIONAL_CONTINUOUS"",""duration_seconds"":1795.0,""end_utc"":""1960-04-02T00:25:37+00:00"",""exposure_active"":135726,""exposure_current"":15328,""start_utc"":""1960-04-01T23:55:42+00:00""}]",1,1795.000000,1795.000000,11365,117126,16258,114239,1,1,4.0715580893,1.0000000000,0.0035064153,1.0000000000,402.491931,GE100_LT500,POST_SPUTNIK_OR_SAME_LAUNCH_DATE,False,False
15328|135727,15328,135727,8583,92597,101,208,"Hamburg-Bergedorf, Germany","Dr. Remeis-Observatory, Bamberg, Germany","Dr. Remeis-Observatory, Bamberg, Germany | Hamburg-Bergedorf, Germany",OVERLAP,0.000000,"[{""a_fragment"":""PARENT_PROVISIONAL_CONTINUOUS"",""b_fragment"":""PARENT_PROVISIONAL_CONTINUOUS"",""duration_seconds"":1795.0,""end_utc"":""1960-04-02T00:25:37+00:00"",""exposure_active"":135727,""exposure_current"":15328,""start_utc"":""1960-04-01T23:55:42+00:00""}]",1,1795.000000,1795.000000,11365,117127,16258,114249,1,1,4.1946793018,1.0000000000,0.0017999289,1.0000000000,402.491931,GE100_LT500,POST_SPUTNIK_OR_SAME_LAUNCH_DATE,False,False
15329|135726,15329,135726,8584,92596,101,208,"Hamburg-Bergedorf, Germany","Dr. Remeis-Observatory, Bamberg, Germany","Dr. Remeis-Observatory, Bamberg, Germany | Hamburg-Bergedorf, Germany",OVERLAP,0.000000,"[{""a_fragment"":""PARENT_PROVISIONAL_CONTINUOUS"",""b_fragment"":""PARENT_PROVISIONAL_CONTINUOUS"",""duration_seconds"":263.0,""end_utc"":""1960-04-02T00:32:00+00:00"",""exposure_active"":135726,""exposure_current"":15329,""start_utc"":""1960-04-02T00:27:37+00:00""}]",1,263.000000,263.000000,11367,117126,16260,114239,1,1,4.0876765583,1.0000000000,0.0035203366,1.0000000000,402.491931,GE100_LT500,POST_SPUTNIK_OR_SAME_LAUNCH_DATE,False,False
15329|135727,15329,135727,8584,92597,101,208,"Hamburg-Bergedorf, Germany","Dr. Remeis-Observatory, Bamberg, Germany","Dr. Remeis-Observatory, Bamberg, Germany | Hamburg-Bergedorf, Germany",OVERLAP,0.000000,"[{""a_fragment"":""PARENT_PROVISIONAL_CONTINUOUS"",""b_fragment"":""PARENT_PROVISIONAL_CONTINUOUS"",""duration_seconds"":263.0,""end_utc"":""1960-04-02T00:32:00+00:00"",""exposure_active"":135727,""exposure_current"":15329,""start_utc"":""1960-04-02T00:27:37+00:00""}]",1,263.000000,263.000000,11367,117127,16260,114249,1,1,4.2115368864,1.0000000000,0.0018070011,1.0000000000,402.491931,GE100_LT500,POST_SPUTNIK_OR_SAME_LAUNCH_DATE,False,False
15362|136099,15362,136099,8617,92969,101,208,"Hamburg-Bergedorf, Germany","Dr. Remeis-Observatory, Bamberg, Germany","Dr. Remeis-Observatory, Bamberg, Germany | Hamburg-Bergedorf, Germany",OVERLAP,0.000000,"[{""a_fragment"":""PARENT_PROVISIONAL_CONTINUOUS"",""b_fragment"":""PARENT_PROVISIONAL_CONTINUOUS"",""duration_seconds"":1105.0,""end_utc"":""1960-08-27T21:51:00+00:00"",""exposure_active"":136099,""exposure_current"":15362,""start_utc"":""1960-08-27T21:32:35+00:00""}]",1,1105.000000,1105.000000,11432,117496,16334,114568,1,1,44.0833424743,0.5121042628,0.3375904822,0.5121042628,402.491931,GE100_LT500,POST_SPUTNIK_OR_SAME_LAUNCH_DATE,False,False
15373|136214,15373,136214,8628,93084,101,208,"Hamburg-Bergedorf, Germany","Dr. Remeis-Observatory, Bamberg, Germany","Dr. Remeis-Observatory, Bamberg, Germany | Hamburg-Bergedorf, Germany",OVERLAP,0.000000,"[{""a_fragment"":""PARENT_PROVISIONAL_CONTINUOUS"",""b_fragment"":""PARENT_PROVISIONAL_CONTINUOUS"",""duration_seconds"":1820.0,""end_utc"":""1960-09-26T19:51:00+00:00"",""exposure_active"":136214,""exposure_current"":15373,""start_utc"":""1960-09-26T19:20:40+00:00""}]",1,1820.000000,1820.000000,11454,117609,16366,114665,1,1,85.7398768452,1.0000000000,0.4290067425,1.0000000000,402.491931,GE100_LT500,POST_SPUTNIK_OR_SAME_LAUNCH_DATE,False,False
15373|136215,15373,136215,8628,93085,101,208,"Hamburg-Bergedorf, Germany","Dr. Remeis-Observatory, Bamberg, Germany","Dr. Remeis-Observatory, Bamberg, Germany | Hamburg-Bergedorf, Germany",OVERLAP,0.000000,"[{""a_fragment"":""PARENT_PROVISIONAL_CONTINUOUS"",""b_fragment"":""PARENT_PROVISIONAL_CONTINUOUS"",""duration_seconds"":1820.0,""end_utc"":""1960-09-26T19:51:00+00:00"",""exposure_active"":136215,""exposure_current"":15373,""start_utc"":""1960-09-26T19:20:40+00:00""}]",1,1820.000000,1820.000000,11454,117610,16366,114662,1,1,6.6886643379,0.0774231878,0.0744420000,0.0774231878,402.491931,GE100_LT500,POST_SPUTNIK_OR_SAME_LAUNCH_DATE,False,False
15373|136216,15373,136216,8628,93086,101,208,"Hamburg-Bergedorf, Germany","Dr. Remeis-Observatory, Bamberg, Germany","Dr. Remeis-Observatory, Bamberg, Germany | Hamburg-Bergedorf, Germany",OVERLAP,0.000000,"[{""a_fragment"":""PARENT_PROVISIONAL_CONTINUOUS"",""b_fragment"":""PARENT_PROVISIONAL_CONTINUOUS"",""duration_seconds"":1820.0,""end_utc"":""1960-09-26T19:51:00+00:00"",""exposure_active"":136216,""exposure_current"":15373,""start_utc"":""1960-09-26T19:20:40+00:00""}]",1,1820.000000,1820.000000,11454,117611,16366,114663,1,1,4.4163548340,0.0510313337,0.0335970461,0.0510313337,402.491931,GE100_LT500,POST_SPUTNIK_OR_SAME_LAUNCH_DATE,False,False
15445|137954,15445,137954,8700,94824,101,208,"Hamburg-Bergedorf, Germany","Dr. Remeis-Observatory, Bamberg, Germany","Dr. Remeis-Observatory, Bamberg, Germany | Hamburg-Bergedorf, Germany",OVERLAP,0.000000,"[{""a_fragment"":""PARENT_PROVISIONAL_CONTINUOUS"",""b_fragment"":""PARENT_PROVISIONAL_CONTINUOUS"",""duration_seconds"":1795.0,""end_utc"":""1962-08-08T23:17:07+00:00"",""exposure_active"":137954,""exposure_current"":15445,""start_utc"":""1962-08-08T22:47:12+00:00""}]",1,1795.000000,1795.000000,11598,119332,16519,116302,1,1,32.3866345711,0.3630256032,0.0240495928,0.3630256032,402.491931,GE100_LT500,POST_SPUTNIK_OR_SAME_LAUNCH_DATE,False,False
15446|137954,15446,137954,8701,94824,101,208,"Hamburg-Bergedorf, Germany","Dr. Remeis-Observatory, Bamberg, Germany","Dr. Remeis-Observatory, Bamberg, Germany | Hamburg-Bergedorf, Germany",OVERLAP,0.000000,"[{""a_fragment"":""PARENT_PROVISIONAL_CONTINUOUS"",""b_fragment"":""PARENT_PROVISIONAL_CONTINUOUS"",""duration_seconds"":1253.0,""end_utc"":""1962-08-08T23:40:00+00:00"",""exposure_active"":137954,""exposure_current"":15446,""start_utc"":""1962-08-08T23:19:07+00:00""}]",1,1253.000000,1253.000000,11600,119332,16524,116302,1,1,32.6011113310,0.3681136610,0.0242171842,0.3681136610,402.491931,GE100_LT500,POST_SPUTNIK_OR_SAME_LAUNCH_DATE,False,False
15454|138099,15454,138099,8709,94969,101,208,"Hamburg-Bergedorf, Germany","Dr. Remeis-Observatory, Bamberg, Germany","Dr. Remeis-Observatory, Bamberg, Germany | Hamburg-Bergedorf, Germany",OVERLAP,0.000000,"[{""a_fragment"":""PARENT_PROVISIONAL_CONTINUOUS"",""b_fragment"":""PARENT_PROVISIONAL_CONTINUOUS"",""duration_seconds"":1795.0,""end_utc"":""1962-09-01T20:24:58+00:00"",""exposure_active"":138099,""exposure_current"":15454,""start_utc"":""1962-09-01T19:55:03+00:00""}]",1,1795.000000,1795.000000,11616,119477,16537,116440,1,1,28.6258823504,0.3383939703,0.1377222562,0.3383939703,402.491931,GE100_LT500,POST_SPUTNIK_OR_SAME_LAUNCH_DATE,False,False
15455|138099,15455,138099,8710,94969,101,208,"Hamburg-Bergedorf, Germany","Dr. Remeis-Observatory, Bamberg, Germany","Dr. Remeis-Observatory, Bamberg, Germany | Hamburg-Bergedorf, Germany",OVERLAP,0.000000,"[{""a_fragment"":""PARENT_PROVISIONAL_CONTINUOUS"",""b_fragment"":""PARENT_PROVISIONAL_CONTINUOUS"",""duration_seconds"":124.0,""end_utc"":""1962-09-01T20:39:00+00:00"",""exposure_active"":138099,""exposure_current"":15455,""start_utc"":""1962-09-01T20:36:56+00:00""}]",1,124.000000,124.000000,11618,119477,16540,116440,1,1,28.5174309490,0.3352807767,0.1371901562,0.3352807767,402.491931,GE100_LT500,POST_SPUTNIK_OR_SAME_LAUNCH_DATE,False,False
15455|138103,15455,138103,8710,94973,101,208,"Hamburg-Bergedorf, Germany","Dr. Remeis-Observatory, Bamberg, Germany","Dr. Remeis-Observatory, Bamberg, Germany | Hamburg-Bergedorf, Germany",OVERLAP,0.000000,"[{""a_fragment"":""PARENT_PROVISIONAL_CONTINUOUS"",""b_fragment"":""PARENT_PROVISIONAL_CONTINUOUS"",""duration_seconds"":1071.0,""end_utc"":""1962-09-01T21:06:51+00:00"",""exposure_active"":15455,""exposure_current"":138103,""start_utc"":""1962-09-01T20:49:00+00:00""}]",1,1071.000000,1071.000000,11618,119481,16540,116447,1,1,55.7748798684,0.6444492266,0.0428986152,0.6444492266,402.491931,GE100_LT500,POST_SPUTNIK_OR_SAME_LAUNCH_DATE,False,False
15455|138107,15455,138107,8710,94977,101,208,"Hamburg-Bergedorf, Germany","Dr. Remeis-Observatory, Bamberg, Germany","Dr. Remeis-Observatory, Bamberg, Germany | Hamburg-Bergedorf, Germany",OVERLAP,0.000000,"[{""a_fragment"":""PARENT_PROVISIONAL_CONTINUOUS"",""b_fragment"":""PARENT_PROVISIONAL_CONTINUOUS"",""duration_seconds"":1071.0,""end_utc"":""1962-09-01T21:06:51+00:00"",""exposure_active"":15455,""exposure_current"":138107,""start_utc"":""1962-09-01T20:49:00+00:00""}]",1,1071.000000,1071.000000,11618,119485,16540,116449,1,1,68.1548154568,0.8058832322,0.3188320125,0.8058832322,402.491931,GE100_LT500,POST_SPUTNIK_OR_SAME_LAUNCH_DATE,False,False
15456|138111,15456,138111,8711,94981,101,208,"Hamburg-Bergedorf, Germany","Dr. Remeis-Observatory, Bamberg, Germany","Dr. Remeis-Observatory, Bamberg, Germany | Hamburg-Bergedorf, Germany",OVERLAP,0.000000,"[{""a_fragment"":""PARENT_PROVISIONAL_CONTINUOUS"",""b_fragment"":""PARENT_PROVISIONAL_CONTINUOUS"",""duration_seconds"":565.0,""end_utc"":""1962-09-01T22:58:00+00:00"",""exposure_active"":138111,""exposure_current"":15456,""start_utc"":""1962-09-01T22:48:35+00:00""}]",1,565.000000,565.000000,11619,119489,16546,116450,1,1,31.5449720439,0.3483253420,0.0224434481,0.3483253420,402.491931,GE100_LT500,POST_SPUTNIK_OR_SAME_LAUNCH_DATE,False,False
16703|138613,16703,138613,28813,95483,203,208,"Boyden Observatory, Bloemfontein, South Africa","Dr. Remeis-Observatory, Bamberg, Germany","Boyden Observatory, Bloemfontein, South Africa | Dr. Remeis-Observatory, Bamberg, Germany",OVERLAP,0.000000,"[{""a_fragment"":""PARENT_PROVISIONAL_CONTINUOUS"",""b_fragment"":""PARENT_PROVISIONAL_CONTINUOUS"",""duration_seconds"":3240.0,""end_utc"":""1963-09-09T22:19:00+00:00"",""exposure_active"":16703,""exposure_current"":138613,""start_utc"":""1963-09-09T21:25:00+00:00""}]",1,3240.000000,3240.000000,31130,119990,17840,116961,1,1,62.2205898822,0.2936635553,0.0741109389,0.2936635553,8908.911756,GE1000,POST_SPUTNIK_OR_SAME_LAUNCH_DATE,False,False
16739|138618,16739,138618,28849,95488,203,208,"Boyden Observatory, Bloemfontein, South Africa","Dr. Remeis-Observatory, Bamberg, Germany","Boyden Observatory, Bloemfontein, South Africa | Dr. Remeis-Observatory, Bamberg, Germany",OVERLAP,0.000000,"[{""a_fragment"":""PARENT_PROVISIONAL_CONTINUOUS"",""b_fragment"":""PARENT_PROVISIONAL_CONTINUOUS"",""duration_seconds"":2640.0,""end_utc"":""1963-09-10T22:12:00+00:00"",""exposure_active"":16739,""exposure_current"":138618,""start_utc"":""1963-09-10T21:28:00+00:00""}]",1,2640.000000,2640.000000,31171,119995,17874,116970,1,1,68.9179394836,0.3259339423,0.0789203274,0.3259339423,8908.911756,GE1000,POST_SPUTNIK_OR_SAME_LAUNCH_DATE,False,False
17267|138748,17267,138748,29377,95618,203,208,"Boyden Observatory, Bloemfontein, South Africa","Dr. Remeis-Observatory, Bamberg, Germany","Boyden Observatory, Bloemfontein, South Africa | Dr. Remeis-Observatory, Bamberg, Germany",OVERLAP,0.000000,"[{""a_fragment"":""PARENT_PROVISIONAL_CONTINUOUS"",""b_fragment"":""PARENT_PROVISIONAL_CONTINUOUS"",""duration_seconds"":2400.0,""end_utc"":""1963-10-15T21:23:00+00:00"",""exposure_active"":17267,""exposure_current"":138748,""start_utc"":""1963-10-15T20:43:00+00:00""}]",1,2400.000000,2400.000000,31772,120117,18411,117087,1,1,38.4305749625,0.1812865312,0.0438284022,0.1812865312,8908.911756,GE1000,POST_SPUTNIK_OR_SAME_LAUNCH_DATE,False,False
17273|138748,17273,138748,29383,95618,203,208,"Boyden Observatory, Bloemfontein, South Africa","Dr. Remeis-Observatory, Bamberg, Germany","Boyden Observatory, Bloemfontein, South Africa | Dr. Remeis-Observatory, Bamberg, Germany",OVERLAP,0.000000,"[{""a_fragment"":""PARENT_PROVISIONAL_CONTINUOUS"",""b_fragment"":""PARENT_PROVISIONAL_CONTINUOUS"",""duration_seconds"":900.0,""end_utc"":""1963-10-15T21:43:00+00:00"",""exposure_active"":138748,""exposure_current"":17273,""start_utc"":""1963-10-15T21:28:00+00:00""}]",1,900.000000,900.000000,31778,120117,18422,117087,1,1,11.6140338459,0.0532486792,0.0128163631,0.0532486792,8908.911756,GE1000,POST_SPUTNIK_OR_SAME_LAUNCH_DATE,False,False
17273|138753,17273,138753,29383,95623,203,208,"Boyden Observatory, Bloemfontein, South Africa","Dr. Remeis-Observatory, Bamberg, Germany","Boyden Observatory, Bloemfontein, South Africa | Dr. Remeis-Observatory, Bamberg, Germany",OVERLAP,0.000000,"[{""a_fragment"":""PARENT_PROVISIONAL_CONTINUOUS"",""b_fragment"":""PARENT_PROVISIONAL_CONTINUOUS"",""duration_seconds"":1860.0,""end_utc"":""1963-10-15T22:28:00+00:00"",""exposure_active"":17273,""exposure_current"":138753,""start_utc"":""1963-10-15T21:57:00+00:00""}]",1,1860.000000,1860.000000,31778,120122,18422,117094,1,1,28.5628068929,0.1345430019,0.0336992304,0.1345430019,8908.911756,GE1000,POST_SPUTNIK_OR_SAME_LAUNCH_DATE,False,False
17279|138758,17279,138758,29389,95628,203,208,"Boyden Observatory, Bloemfontein, South Africa","Dr. Remeis-Observatory, Bamberg, Germany","Boyden Observatory, Bloemfontein, South Africa | Dr. Remeis-Observatory, Bamberg, Germany",OVERLAP,0.000000,"[{""a_fragment"":""PARENT_PROVISIONAL_CONTINUOUS"",""b_fragment"":""PARENT_PROVISIONAL_CONTINUOUS"",""duration_seconds"":1440.0,""end_utc"":""1963-10-15T23:34:00+00:00"",""exposure_active"":17279,""exposure_current"":138758,""start_utc"":""1963-10-15T23:10:00+00:00""}]",1,1440.000000,1440.000000,31785,120127,18432,117093,1,1,40.7126883296,0.1921715080,0.0467931214,0.1921715080,8908.911756,GE1000,POST_SPUTNIK_OR_SAME_LAUNCH_DATE,False,False
17285|138758,17285,138758,29395,95628,203,208,"Boyden Observatory, Bloemfontein, South Africa","Dr. Remeis-Observatory, Bamberg, Germany","Boyden Observatory, Bloemfontein, South Africa | Dr. Remeis-Observatory, Bamberg, Germany",OVERLAP,0.000000,"[{""a_fragment"":""PARENT_PROVISIONAL_CONTINUOUS"",""b_fragment"":""PARENT_PROVISIONAL_CONTINUOUS"",""duration_seconds"":1740.0,""end_utc"":""1963-10-16T00:10:00+00:00"",""exposure_active"":138758,""exposure_current"":17285,""start_utc"":""1963-10-15T23:41:00+00:00""}]",1,1740.000000,1740.000000,31791,120127,18439,117093,-1,1,11.6806517056,0.0529705748,0.0129763030,0.0529705748,8908.911756,GE1000,POST_SPUTNIK_OR_SAME_LAUNCH_DATE,False,False
17945|138835,17945,138835,30055,95705,203,208,"Boyden Observatory, Bloemfontein, South Africa","Dr. Remeis-Observatory, Bamberg, Germany","Boyden Observatory, Bloemfontein, South Africa | Dr. Remeis-Observatory, Bamberg, Germany",OVERLAP,0.000000,"[{""a_fragment"":""PARENT_PROVISIONAL_CONTINUOUS"",""b_fragment"":""PARENT_PROVISIONAL_CONTINUOUS"",""duration_seconds"":1380.0,""end_utc"":""1963-12-22T22:23:00+00:00"",""exposure_active"":17945,""exposure_current"":138835,""start_utc"":""1963-12-22T22:00:00+00:00""}]",1,1380.000000,1380.000000,32461,120204,19174,117162,1,1,16.8976266967,0.0778948832,0.0188505148,0.0778948832,8908.911756,GE1000,POST_SPUTNIK_OR_SAME_LAUNCH_DATE,False,False
17957|138839,17957,138839,30067,95709,203,208,"Boyden Observatory, Bloemfontein, South Africa","Dr. Remeis-Observatory, Bamberg, Germany","Boyden Observatory, Bloemfontein, South Africa | Dr. Remeis-Observatory, Bamberg, Germany",OVERLAP,0.000000,"[{""a_fragment"":""PARENT_PROVISIONAL_CONTINUOUS"",""b_fragment"":""PARENT_PROVISIONAL_CONTINUOUS"",""duration_seconds"":3000.0,""end_utc"":""1963-12-23T00:19:00+00:00"",""exposure_active"":138839,""exposure_current"":17957,""start_utc"":""1963-12-22T23:29:00+00:00""}]",1,3000.000000,3000.000000,32476,120207,19192,117163,1,1,17.5361160461,0.0808486945,0.0195674274,0.0808486945,8908.911756,GE1000,POST_SPUTNIK_OR_SAME_LAUNCH_DATE,False,False
17975|138841,17975,138841,30085,95711,203,208,"Boyden Observatory, Bloemfontein, South Africa","Dr. Remeis-Observatory, Bamberg, Germany","Boyden Observatory, Bloemfontein, South Africa | Dr. Remeis-Observatory, Bamberg, Germany",OVERLAP,0.000000,"[{""a_fragment"":""PARENT_PROVISIONAL_CONTINUOUS"",""b_fragment"":""PARENT_PROVISIONAL_CONTINUOUS"",""duration_seconds"":720.0,""end_utc"":""1963-12-23T20:17:00+00:00"",""exposure_active"":17975,""exposure_current"":138841,""start_utc"":""1963-12-23T20:05:00+00:00""}]",1,720.000000,720.000000,32498,120208,19207,117164,-1,1,35.4166785179,0.1644755735,0.0405652324,0.1644755735,8908.911756,GE1000,POST_SPUTNIK_OR_SAME_LAUNCH_DATE,False,False
17981|138841,17981,138841,30091,95711,203,208,"Boyden Observatory, Bloemfontein, South Africa","Dr. Remeis-Observatory, Bamberg, Germany","Boyden Observatory, Bloemfontein, South Africa | Dr. Remeis-Observatory, Bamberg, Germany",GT0_LE5MIN,0.000000,[],0,0.000000,0.000000,32505,120208,19213,117164,1,1,4.0922279300,0.0185200121,0.0044784938,0.0185200121,8908.911756,GE1000,POST_SPUTNIK_OR_SAME_LAUNCH_DATE,False,False
17981|138843,17981,138843,30091,95713,203,208,"Boyden Observatory, Bloemfontein, South Africa","Dr. Remeis-Observatory, Bamberg, Germany","Boyden Observatory, Bloemfontein, South Africa | Dr. Remeis-Observatory, Bamberg, Germany",OVERLAP,0.000000,"[{""a_fragment"":""PARENT_PROVISIONAL_CONTINUOUS"",""b_fragment"":""PARENT_PROVISIONAL_CONTINUOUS"",""duration_seconds"":900.0,""end_utc"":""1963-12-23T20:47:00+00:00"",""exposure_active"":17981,""exposure_current"":138843,""start_utc"":""1963-12-23T20:32:00+00:00""}]",1,900.000000,900.000000,32505,120209,19213,117161,1,1,2.8777999307,0.0130041172,0.0031798323,0.0130041172,8908.911756,GE1000,POST_SPUTNIK_OR_SAME_LAUNCH_DATE,False,False
17981|138845,17981,138845,30091,95715,203,208,"Boyden Observatory, Bloemfontein, South Africa","Dr. Remeis-Observatory, Bamberg, Germany","Boyden Observatory, Bloemfontein, South Africa | Dr. Remeis-Observatory, Bamberg, Germany",OVERLAP,0.000000,"[{""a_fragment"":""PARENT_PROVISIONAL_CONTINUOUS"",""b_fragment"":""PARENT_PROVISIONAL_CONTINUOUS"",""duration_seconds"":900.0,""end_utc"":""1963-12-23T21:12:00+00:00"",""exposure_active"":17981,""exposure_current"":138845,""start_utc"":""1963-12-23T20:57:00+00:00""}]",1,900.000000,900.000000,32505,120210,19213,117165,1,1,25.8261277396,0.1210690904,0.0308394878,0.1210690904,8908.911756,GE1000,POST_SPUTNIK_OR_SAME_LAUNCH_DATE,False,False
17981|138847,17981,138847,30091,95717,203,208,"Boyden Observatory, Bloemfontein, South Africa","Dr. Remeis-Observatory, Bamberg, Germany","Boyden Observatory, Bloemfontein, South Africa | Dr. Remeis-Observatory, Bamberg, Germany",GT0_LE5MIN,180.000000,[],0,0.000000,0.000000,32505,120211,19213,117174,1,1,38.9856313893,0.1831464422,0.0443713801,0.1831464422,8908.911756,GE1000,POST_SPUTNIK_OR_SAME_LAUNCH_DATE,False,False
18065|138849,18065,138849,30175,95719,203,208,"Boyden Observatory, Bloemfontein, South Africa","Dr. Remeis-Observatory, Bamberg, Germany","Boyden Observatory, Bloemfontein, South Africa | Dr. Remeis-Observatory, Bamberg, Germany",OVERLAP,0.000000,"[{""a_fragment"":""PARENT_PROVISIONAL_CONTINUOUS"",""b_fragment"":""PARENT_PROVISIONAL_CONTINUOUS"",""duration_seconds"":120.0,""end_utc"":""1964-01-11T20:39:00+00:00"",""exposure_active"":18065,""exposure_current"":138849,""start_utc"":""1964-01-11T20:37:00+00:00""}]",1,120.000000,120.000000,32607,120213,19300,117166,1,1,8.5811049486,0.0393106442,0.0098191217,0.0393106442,8908.911756,GE1000,POST_SPUTNIK_OR_SAME_LAUNCH_DATE,False,False
18065|138851,18065,138851,30175,95721,203,208,"Boyden Observatory, Bloemfontein, South Africa","Dr. Remeis-Observatory, Bamberg, Germany","Boyden Observatory, Bloemfontein, South Africa | Dr. Remeis-Observatory, Bamberg, Germany",OVERLAP,0.000000,"[{""a_fragment"":""PARENT_PROVISIONAL_CONTINUOUS"",""b_fragment"":""PARENT_PROVISIONAL_CONTINUOUS"",""duration_seconds"":360.0,""end_utc"":""1964-01-11T20:50:00+00:00"",""exposure_active"":18065,""exposure_current"":138851,""start_utc"":""1964-01-11T20:44:00+00:00""}]",1,360.000000,360.000000,32607,120215,19300,117167,1,1,11.1203626635,0.0509676126,0.0122705148,0.0509676126,8908.911756,GE1000,POST_SPUTNIK_OR_SAME_LAUNCH_DATE,False,False
18065|138853,18065,138853,30175,95723,203,208,"Boyden Observatory, Bloemfontein, South Africa","Dr. Remeis-Observatory, Bamberg, Germany","Boyden Observatory, Bloemfontein, South Africa | Dr. Remeis-Observatory, Bamberg, Germany",OVERLAP,0.000000,"[{""a_fragment"":""PARENT_PROVISIONAL_CONTINUOUS"",""b_fragment"":""PARENT_PROVISIONAL_CONTINUOUS"",""duration_seconds"":1200.0,""end_utc"":""1964-01-11T21:15:00+00:00"",""exposure_active"":18065,""exposure_current"":138853,""start_utc"":""1964-01-11T20:55:00+00:00""}]",1,1200.000000,1200.000000,32607,120217,19300,117171,1,1,7.8359347261,0.0358794852,0.0089965097,0.0358794852,8908.911756,GE1000,POST_SPUTNIK_OR_SAME_LAUNCH_DATE,False,False
18257|138891,18257,138891,30367,95761,203,208,"Boyden Observatory, Bloemfontein, South Africa","Dr. Remeis-Observatory, Bamberg, Germany","Boyden Observatory, Bloemfontein, South Africa | Dr. Remeis-Observatory, Bamberg, Germany",OVERLAP,0.000000,"[{""a_fragment"":""PARENT_PROVISIONAL_CONTINUOUS"",""b_fragment"":""PARENT_PROVISIONAL_CONTINUOUS"",""duration_seconds"":2640.0,""end_utc"":""1964-02-13T23:13:00+00:00"",""exposure_active"":18257,""exposure_current"":138891,""start_utc"":""1964-02-13T22:29:00+00:00""}]",1,2640.000000,2640.000000,32767,120247,19509,117208,1,1,12.8677069011,0.0578862297,0.0142307329,0.0578862297,8908.911756,GE1000,POST_SPUTNIK_OR_SAME_LAUNCH_DATE,False,False
18263|138893,18263,138893,30373,95763,203,208,"Boyden Observatory, Bloemfontein, South Africa","Dr. Remeis-Observatory, Bamberg, Germany","Boyden Observatory, Bloemfontein, South Africa | Dr. Remeis-Observatory, Bamberg, Germany",OVERLAP,0.000000,"[{""a_fragment"":""PARENT_PROVISIONAL_CONTINUOUS"",""b_fragment"":""PARENT_PROVISIONAL_CONTINUOUS"",""duration_seconds"":2640.0,""end_utc"":""1964-02-14T00:18:00+00:00"",""exposure_active"":18263,""exposure_current"":138893,""start_utc"":""1964-02-13T23:34:00+00:00""}]",1,2640.000000,2640.000000,32771,120249,19527,117201,1,1,8.6493856063,0.0382190036,0.0096074064,0.0382190036,8908.911756,GE1000,POST_SPUTNIK_OR_SAME_LAUNCH_DATE,False,False
18461|92138,18461,92138,30571,61935,203,106,"Boyden Observatory, Bloemfontein, South Africa","Hamburg-Bergedorf, Germany","Boyden Observatory, Bloemfontein, South Africa | Hamburg-Bergedorf, Germany",OVERLAP,0.000000,"[{""a_fragment"":""PARENT_PROVISIONAL_CONTINUOUS"",""b_fragment"":""PARENT_PROVISIONAL_CONTINUOUS"",""duration_seconds"":2923.0,""end_utc"":""1964-03-10T20:46:00+00:00"",""exposure_active"":18461,""exposure_current"":92138,""start_utc"":""1964-03-10T19:57:17+00:00""}]",1,2923.000000,2923.000000,32918,69825,19741,75776,1,1,4.3241095616,0.0208684199,0.0940364169,0.0940364169,9307.871922,GE1000,POST_SPUTNIK_OR_SAME_LAUNCH_DATE,False,False
18827|92143,18827,92143,30937,61940,203,106,"Boyden Observatory, Bloemfontein, South Africa","Hamburg-Bergedorf, Germany","Boyden Observatory, Bloemfontein, South Africa | Hamburg-Bergedorf, Germany",OVERLAP,0.000000,"[{""a_fragment"":""PARENT_PROVISIONAL_CONTINUOUS"",""b_fragment"":""PARENT_PROVISIONAL_CONTINUOUS"",""duration_seconds"":1736.0,""end_utc"":""1964-04-07T23:33:00+00:00"",""exposure_active"":18827,""exposure_current"":92143,""start_utc"":""1964-04-07T23:04:04+00:00""}]",1,1736.000000,1736.000000,33312,69835,20101,75788,1,1,4.4650236846,0.0208035010,0.0976613814,0.0976613814,9307.871922,GE1000,POST_SPUTNIK_OR_SAME_LAUNCH_DATE,False,False
19415|92150,19415,92150,31525,61947,203,106,"Boyden Observatory, Bloemfontein, South Africa","Hamburg-Bergedorf, Germany","Boyden Observatory, Bloemfontein, South Africa | Hamburg-Bergedorf, Germany",OVERLAP,0.000000,"[{""a_fragment"":""PARENT_PROVISIONAL_CONTINUOUS"",""b_fragment"":""PARENT_PROVISIONAL_CONTINUOUS"",""duration_seconds"":925.0,""end_utc"":""1964-05-05T22:48:00+00:00"",""exposure_active"":19415,""exposure_current"":92150,""start_utc"":""1964-05-05T22:32:35+00:00""}]",1,925.000000,925.000000,34177,69849,20686,75802,1,1,5.0279155090,0.0234358489,0.1092893430,0.1092893430,9307.871922,GE1000,POST_SPUTNIK_OR_SAME_LAUNCH_DATE,False,False
19415|92152,19415,92152,31525,61949,203,106,"Boyden Observatory, Bloemfontein, South Africa","Hamburg-Bergedorf, Germany","Boyden Observatory, Bloemfontein, South Africa | Hamburg-Bergedorf, Germany",GT0_LE5MIN,262.000000,[],0,0.000000,0.000000,34177,69853,20686,75808,1,1,4.7745772099,0.0222504846,0.1037503734,0.1037503734,9307.871922,GE1000,POST_SPUTNIK_OR_SAME_LAUNCH_DATE,False,False
19421|92152,19421,92152,31531,61949,203,106,"Boyden Observatory, Bloemfontein, South Africa","Hamburg-Bergedorf, Germany","Boyden Observatory, Bloemfontein, South Africa | Hamburg-Bergedorf, Germany",OVERLAP,0.000000,"[{""a_fragment"":""PARENT_PROVISIONAL_CONTINUOUS"",""b_fragment"":""PARENT_PROVISIONAL_CONTINUOUS"",""duration_seconds"":2094.0,""end_utc"":""1964-05-05T23:27:16+00:00"",""exposure_active"":19421,""exposure_current"":92152,""start_utc"":""1964-05-05T22:52:22+00:00""}]",1,2094.000000,2094.000000,34188,69853,20689,75808,1,1,3.0357461881,0.0146185344,0.0658773554,0.0658773554,9307.871922,GE1000,POST_SPUTNIK_OR_SAME_LAUNCH_DATE,False,False
32731|48938,32731,48938,44702,13607,204,102,"Mount John Observatory, Lake Tekapo, New Zealand","Hamburg-Bergedorf, Germany","Hamburg-Bergedorf, Germany | Mount John Observatory, Lake Tekapo, New Zealand",OVERLAP,0.000000,"[{""a_fragment"":""PARENT_PROVISIONAL_CONTINUOUS"",""b_fragment"":""PARENT_PROVISIONAL_CONTINUOUS"",""duration_seconds"":46.0,""end_utc"":""1974-04-11T09:00:00+00:00"",""exposure_active"":32731,""exposure_current"":48938,""start_utc"":""1974-04-11T08:59:14+00:00""}]",1,46.000000,46.000000,35389,16537,34135,45545,1,1,5.5208641523,0.0254195787,0.1661917015,0.1661917015,18230.991237,GE1000,POST_SPUTNIK_OR_SAME_LAUNCH_DATE,False,False
32733|48938,32733,48938,44704,13607,204,102,"Mount John Observatory, Lake Tekapo, New Zealand","Hamburg-Bergedorf, Germany","Hamburg-Bergedorf, Germany | Mount John Observatory, Lake Tekapo, New Zealand",OVERLAP,0.000000,"[{""a_fragment"":""PARENT_PROVISIONAL_CONTINUOUS"",""b_fragment"":""PARENT_PROVISIONAL_CONTINUOUS"",""duration_seconds"":46.0,""end_utc"":""1974-04-11T09:00:00+00:00"",""exposure_active"":32733,""exposure_current"":48938,""start_utc"":""1974-04-11T08:59:14+00:00""}]",1,46.000000,46.000000,35393,16537,34130,45545,1,1,3.1670085917,0.0147837327,0.0952854102,0.0952854102,18230.991237,GE1000,POST_SPUTNIK_OR_SAME_LAUNCH_DATE,False,False
34307|138748,34307,138748,52053,95618,202,208,"Boyden Observatory, Bloemfontein, South Africa","Dr. Remeis-Observatory, Bamberg, Germany","Boyden Observatory, Bloemfontein, South Africa | Dr. Remeis-Observatory, Bamberg, Germany",OVERLAP,0.000000,"[{""a_fragment"":""PARENT_PROVISIONAL_CONTINUOUS"",""b_fragment"":""PARENT_PROVISIONAL_CONTINUOUS"",""duration_seconds"":1800.0,""end_utc"":""1963-10-15T21:31:00+00:00"",""exposure_active"":138748,""exposure_current"":34307,""start_utc"":""1963-10-15T21:01:00+00:00""}]",1,1800.000000,1800.000000,40008,120117,35688,117087,1,1,22.1631134654,0.4171666244,0.0254147316,0.4171666244,8908.911756,GE1000,POST_SPUTNIK_OR_SAME_LAUNCH_DATE,False,False
34308|138748,34308,138748,52054,95618,202,208,"Boyden Observatory, Bloemfontein, South Africa","Dr. Remeis-Observatory, Bamberg, Germany","Boyden Observatory, Bloemfontein, South Africa | Dr. Remeis-Observatory, Bamberg, Germany",OVERLAP,0.000000,"[{""a_fragment"":""PARENT_PROVISIONAL_CONTINUOUS"",""b_fragment"":""PARENT_PROVISIONAL_CONTINUOUS"",""duration_seconds"":600.0,""end_utc"":""1963-10-15T21:43:00+00:00"",""exposure_active"":138748,""exposure_current"":34308,""start_utc"":""1963-10-15T21:33:00+00:00""}]",1,600.000000,600.000000,40009,120117,35690,117087,1,1,21.9929414734,0.4139497163,0.0252156419,0.4139497163,8908.911756,GE1000,POST_SPUTNIK_OR_SAME_LAUNCH_DATE,False,False
34308|138753,34308,138753,52054,95623,202,208,"Boyden Observatory, Bloemfontein, South Africa","Dr. Remeis-Observatory, Bamberg, Germany","Boyden Observatory, Bloemfontein, South Africa | Dr. Remeis-Observatory, Bamberg, Germany",OVERLAP,0.000000,"[{""a_fragment"":""PARENT_PROVISIONAL_CONTINUOUS"",""b_fragment"":""PARENT_PROVISIONAL_CONTINUOUS"",""duration_seconds"":360.0,""end_utc"":""1963-10-15T22:03:00+00:00"",""exposure_active"":34308,""exposure_current"":138753,""start_utc"":""1963-10-15T21:57:00+00:00""}]",1,360.000000,360.000000,40009,120122,35690,117094,1,1,51.8608993735,1.0000000000,0.0634001593,1.0000000000,8908.911756,GE1000,POST_SPUTNIK_OR_SAME_LAUNCH_DATE,False,False
34309|138753,34309,138753,52055,95623,202,208,"Boyden Observatory, Bloemfontein, South Africa","Dr. Remeis-Observatory, Bamberg, Germany","Boyden Observatory, Bloemfontein, South Africa | Dr. Remeis-Observatory, Bamberg, Germany",OVERLAP,0.000000,"[{""a_fragment"":""PARENT_PROVISIONAL_CONTINUOUS"",""b_fragment"":""PARENT_PROVISIONAL_CONTINUOUS"",""duration_seconds"":1800.0,""end_utc"":""1963-10-15T22:36:00+00:00"",""exposure_active"":138753,""exposure_current"":34309,""start_utc"":""1963-10-15T22:06:00+00:00""}]",1,1800.000000,1800.000000,40010,120122,35685,117094,1,1,17.7538768111,0.3334470427,0.0210280103,0.3334470427,8908.911756,GE1000,POST_SPUTNIK_OR_SAME_LAUNCH_DATE,False,False
34310|138753,34310,138753,52056,95623,202,208,"Boyden Observatory, Bloemfontein, South Africa","Dr. Remeis-Observatory, Bamberg, Germany","Boyden Observatory, Bloemfontein, South Africa | Dr. Remeis-Observatory, Bamberg, Germany",OVERLAP,0.000000,"[{""a_fragment"":""PARENT_PROVISIONAL_CONTINUOUS"",""b_fragment"":""PARENT_PROVISIONAL_CONTINUOUS"",""duration_seconds"":1080.0,""end_utc"":""1963-10-15T22:57:00+00:00"",""exposure_active"":138753,""exposure_current"":34310,""start_utc"":""1963-10-15T22:39:00+00:00""}]",1,1080.000000,1080.000000,40011,120122,35689,117094,1,1,17.7597512359,0.3335159748,0.0210290016,0.3335159748,8908.911756,GE1000,POST_SPUTNIK_OR_SAME_LAUNCH_DATE,False,False
34310|138758,34310,138758,52056,95628,202,208,"Boyden Observatory, Bloemfontein, South Africa","Dr. Remeis-Observatory, Bamberg, Germany","Boyden Observatory, Bloemfontein, South Africa | Dr. Remeis-Observatory, Bamberg, Germany",GT0_LE5MIN,60.000000,[],0,0.000000,0.000000,40011,120127,35689,117093,1,1,25.2275406358,0.4760469565,0.0291986166,0.4760469565,8908.911756,GE1000,POST_SPUTNIK_OR_SAME_LAUNCH_DATE,False,False
34311|138758,34311,138758,52057,95628,202,208,"Boyden Observatory, Bloemfontein, South Africa","Dr. Remeis-Observatory, Bamberg, Germany","Boyden Observatory, Bloemfontein, South Africa | Dr. Remeis-Observatory, Bamberg, Germany",OVERLAP,0.000000,"[{""a_fragment"":""PARENT_PROVISIONAL_CONTINUOUS"",""b_fragment"":""PARENT_PROVISIONAL_CONTINUOUS"",""duration_seconds"":1800.0,""end_utc"":""1963-10-15T23:41:00+00:00"",""exposure_active"":138758,""exposure_current"":34311,""start_utc"":""1963-10-15T23:11:00+00:00""}]",1,1800.000000,1800.000000,40012,120127,35691,117093,1,1,51.8561130220,1.0000000000,0.0616480335,1.0000000000,8908.911756,GE1000,POST_SPUTNIK_OR_SAME_LAUNCH_DATE,False,False
34312|138758,34312,138758,52058,95628,202,208,"Boyden Observatory, Bloemfontein, South Africa","Dr. Remeis-Observatory, Bamberg, Germany","Boyden Observatory, Bloemfontein, South Africa | Dr. Remeis-Observatory, Bamberg, Germany",OVERLAP,0.000000,"[{""a_fragment"":""PARENT_PROVISIONAL_CONTINUOUS"",""b_fragment"":""PARENT_PROVISIONAL_CONTINUOUS"",""duration_seconds"":1560.0,""end_utc"":""1963-10-16T00:10:00+00:00"",""exposure_active"":138758,""exposure_current"":34312,""start_utc"":""1963-10-15T23:44:00+00:00""}]",1,1560.000000,1560.000000,40013,120127,35692,117093,1,1,51.8622754761,1.0000000000,0.0616516386,1.0000000000,8908.911756,GE1000,POST_SPUTNIK_OR_SAME_LAUNCH_DATE,False,False
34505|138841,34505,138841,52251,95711,202,208,"Boyden Observatory, Bloemfontein, South Africa","Dr. Remeis-Observatory, Bamberg, Germany","Boyden Observatory, Bloemfontein, South Africa | Dr. Remeis-Observatory, Bamberg, Germany",GT0_LE5MIN,0.000000,[],0,0.000000,0.000000,40061,120208,35872,117164,1,1,51.9308638357,1.0000000000,0.0616283266,1.0000000000,8908.911756,GE1000,POST_SPUTNIK_OR_SAME_LAUNCH_DATE,False,False
34506|138841,34506,138841,52252,95711,202,208,"Boyden Observatory, Bloemfontein, South Africa","Dr. Remeis-Observatory, Bamberg, Germany","Boyden Observatory, Bloemfontein, South Africa | Dr. Remeis-Observatory, Bamberg, Germany",OVERLAP,0.000000,"[{""a_fragment"":""PARENT_PROVISIONAL_CONTINUOUS"",""b_fragment"":""PARENT_PROVISIONAL_CONTINUOUS"",""duration_seconds"":840.0,""end_utc"":""1963-12-23T20:20:00+00:00"",""exposure_active"":138841,""exposure_current"":34506,""start_utc"":""1963-12-23T20:06:00+00:00""}]",1,840.000000,840.000000,40062,120208,35876,117164,1,1,51.9241862953,1.0000000000,0.0616330136,1.0000000000,8908.911756,GE1000,POST_SPUTNIK_OR_SAME_LAUNCH_DATE,False,False
34506|138843,34506,138843,52252,95713,202,208,"Boyden Observatory, Bloemfontein, South Africa","Dr. Remeis-Observatory, Bamberg, Germany","Boyden Observatory, Bloemfontein, South Africa | Dr. Remeis-Observatory, Bamberg, Germany",OVERLAP,0.000000,"[{""a_fragment"":""PARENT_PROVISIONAL_CONTINUOUS"",""b_fragment"":""PARENT_PROVISIONAL_CONTINUOUS"",""duration_seconds"":240.0,""end_utc"":""1963-12-23T20:36:00+00:00"",""exposure_active"":34506,""exposure_current"":138843,""start_utc"":""1963-12-23T20:32:00+00:00""}]",1,240.000000,240.000000,40062,120209,35876,117161,1,1,51.9644586811,1.0000000000,0.0623078947,1.0000000000,8908.911756,GE1000,POST_SPUTNIK_OR_SAME_LAUNCH_DATE,False,False
34507|138843,34507,138843,52253,95713,202,208,"Boyden Observatory, Bloemfontein, South Africa","Dr. Remeis-Observatory, Bamberg, Germany","Boyden Observatory, Bloemfontein, South Africa | Dr. Remeis-Observatory, Bamberg, Germany",OVERLAP,0.000000,"[{""a_fragment"":""PARENT_PROVISIONAL_CONTINUOUS"",""b_fragment"":""PARENT_PROVISIONAL_CONTINUOUS"",""duration_seconds"":540.0,""end_utc"":""1963-12-23T20:47:00+00:00"",""exposure_active"":138843,""exposure_current"":34507,""start_utc"":""1963-12-23T20:38:00+00:00""}]",1,540.000000,540.000000,40063,120209,35877,117161,1,1,51.9708984459,1.0000000000,0.0622964754,1.0000000000,8908.911756,GE1000,POST_SPUTNIK_OR_SAME_LAUNCH_DATE,False,False
35960|44802,35960,44802,53706,11738,206,102,"Boyden Observatory, Bloemfontein, South Africa","Hamburg-Bergedorf, Germany","Boyden Observatory, Bloemfontein, South Africa | Hamburg-Bergedorf, Germany",OVERLAP,0.000000,"[{""a_fragment"":""PARENT_PROVISIONAL_CONTINUOUS"",""b_fragment"":""PARENT_PROVISIONAL_CONTINUOUS"",""duration_seconds"":171.0,""end_utc"":""1965-02-22T18:59:00+00:00"",""exposure_active"":35960,""exposure_current"":44802,""start_utc"":""1965-02-22T18:56:09+00:00""}]",1,171.000000,171.000000,60392,14271,37366,42650,1,1,2.5189750850,0.0046301668,0.0741261587,0.0741261587,9307.871922,GE1000,POST_SPUTNIK_OR_SAME_LAUNCH_DATE,False,False
35998|44806,35998,44806,53744,11742,206,102,"Boyden Observatory, Bloemfontein, South Africa","Hamburg-Bergedorf, Germany","Boyden Observatory, Bloemfontein, South Africa | Hamburg-Bergedorf, Germany",OVERLAP,0.000000,"[{""a_fragment"":""PARENT_PROVISIONAL_CONTINUOUS"",""b_fragment"":""PARENT_PROVISIONAL_CONTINUOUS"",""duration_seconds"":359.0,""end_utc"":""1965-02-25T18:38:23+00:00"",""exposure_active"":35998,""exposure_current"":44806,""start_utc"":""1965-02-25T18:32:24+00:00""}]",1,359.000000,359.000000,60403,14280,37398,42661,1,1,24.9813772582,0.0468240685,0.7494443790,0.7494443790,9307.871922,GE1000,POST_SPUTNIK_OR_SAME_LAUNCH_DATE,False,False
35998|44807,35998,44807,53744,11743,206,102,"Boyden Observatory, Bloemfontein, South Africa","Hamburg-Bergedorf, Germany","Boyden Observatory, Bloemfontein, South Africa | Hamburg-Bergedorf, Germany",OVERLAP,0.000000,"[{""a_fragment"":""PARENT_PROVISIONAL_CONTINUOUS"",""b_fragment"":""PARENT_PROVISIONAL_CONTINUOUS"",""duration_seconds"":359.0,""end_utc"":""1965-02-25T18:52:20+00:00"",""exposure_active"":35998,""exposure_current"":44807,""start_utc"":""1965-02-25T18:46:21+00:00""}]",1,359.000000,359.000000,60403,14281,37398,42662,1,1,24.7203268078,0.0463343388,0.7473644735,0.7473644735,9307.871922,GE1000,POST_SPUTNIK_OR_SAME_LAUNCH_DATE,False,False
41734|133623,41734,133623,10083,90493,102,208,"Hamburg-Bergedorf, Germany","Dr. Remeis-Observatory, Bamberg, Germany","Dr. Remeis-Observatory, Bamberg, Germany | Hamburg-Bergedorf, Germany",OVERLAP,0.000000,"[{""a_fragment"":""PARENT_PROVISIONAL_CONTINUOUS"",""b_fragment"":""PARENT_PROVISIONAL_CONTINUOUS"",""duration_seconds"":179.0,""end_utc"":""1959-02-08T18:08:38+00:00"",""exposure_active"":133623,""exposure_current"":41734,""start_utc"":""1959-02-08T18:05:39+00:00""}]",1,179.000000,179.000000,12609,115026,40802,112377,1,1,1.0956663776,0.0326990520,0.0083256705,0.0326990520,402.491931,GE100_LT500,POST_SPUTNIK_OR_SAME_LAUNCH_DATE,False,False
41734|133624,41734,133624,10083,90494,102,208,"Hamburg-Bergedorf, Germany","Dr. Remeis-Observatory, Bamberg, Germany","Dr. Remeis-Observatory, Bamberg, Germany | Hamburg-Bergedorf, Germany",OVERLAP,0.000000,"[{""a_fragment"":""PARENT_PROVISIONAL_CONTINUOUS"",""b_fragment"":""PARENT_PROVISIONAL_CONTINUOUS"",""duration_seconds"":179.0,""end_utc"":""1959-02-08T18:08:38+00:00"",""exposure_active"":133624,""exposure_current"":41734,""start_utc"":""1959-02-08T18:05:39+00:00""}]",1,179.000000,179.000000,12609,115027,40802,112383,1,1,33.3787357349,1.0000000000,0.0281221789,1.0000000000,402.491931,GE100_LT500,POST_SPUTNIK_OR_SAME_LAUNCH_DATE,False,False
41736|133623,41736,133623,10085,90493,102,208,"Hamburg-Bergedorf, Germany","Dr. Remeis-Observatory, Bamberg, Germany","Dr. Remeis-Observatory, Bamberg, Germany | Hamburg-Bergedorf, Germany",GT0_LE5MIN,32.000000,[],0,0.000000,0.000000,12611,115026,40803,112377,1,1,33.2476900291,1.0000000000,0.2554800205,1.0000000000,402.491931,GE100_LT500,POST_SPUTNIK_OR_SAME_LAUNCH_DATE,False,False
41736|133624,41736,133624,10085,90494,102,208,"Hamburg-Bergedorf, Germany","Dr. Remeis-Observatory, Bamberg, Germany","Dr. Remeis-Observatory, Bamberg, Germany | Hamburg-Bergedorf, Germany",GT0_LE5MIN,32.000000,[],0,0.000000,0.000000,12611,115027,40803,112383,1,1,33.7484022392,1.0000000000,0.0281258039,1.0000000000,402.491931,GE100_LT500,POST_SPUTNIK_OR_SAME_LAUNCH_DATE,False,False
41736|133627,41736,133627,10085,90497,102,208,"Hamburg-Bergedorf, Germany","Dr. Remeis-Observatory, Bamberg, Germany","Dr. Remeis-Observatory, Bamberg, Germany | Hamburg-Bergedorf, Germany",GT0_LE5MIN,88.000000,[],0,0.000000,0.000000,12611,115030,40803,112381,1,1,20.2713524892,0.6087556370,0.1552593735,0.6087556370,402.491931,GE100_LT500,POST_SPUTNIK_OR_SAME_LAUNCH_DATE,False,False
41736|133628,41736,133628,10085,90498,102,208,"Hamburg-Bergedorf, Germany","Dr. Remeis-Observatory, Bamberg, Germany","Dr. Remeis-Observatory, Bamberg, Germany | Hamburg-Bergedorf, Germany",GT0_LE5MIN,88.000000,[],0,0.000000,0.000000,12611,115031,40803,112399,1,1,33.9878865202,1.0000000000,0.0278400138,1.0000000000,402.491931,GE100_LT500,POST_SPUTNIK_OR_SAME_LAUNCH_DATE,False,False
41737|133627,41737,133627,10086,90497,102,208,"Hamburg-Bergedorf, Germany","Dr. Remeis-Observatory, Bamberg, Germany","Dr. Remeis-Observatory, Bamberg, Germany | Hamburg-Bergedorf, Germany",OVERLAP,0.000000,"[{""a_fragment"":""PARENT_PROVISIONAL_CONTINUOUS"",""b_fragment"":""PARENT_PROVISIONAL_CONTINUOUS"",""duration_seconds"":239.0,""end_utc"":""1959-02-08T19:16:57+00:00"",""exposure_active"":133627,""exposure_current"":41737,""start_utc"":""1959-02-08T19:12:58+00:00""}]",1,239.000000,239.000000,12613,115030,40805,112381,1,1,33.2171296204,1.0000000000,0.2548884427,1.0000000000,402.491931,GE100_LT500,POST_SPUTNIK_OR_SAME_LAUNCH_DATE,False,False
41737|133628,41737,133628,10086,90498,102,208,"Hamburg-Bergedorf, Germany","Dr. Remeis-Observatory, Bamberg, Germany","Dr. Remeis-Observatory, Bamberg, Germany | Hamburg-Bergedorf, Germany",OVERLAP,0.000000,"[{""a_fragment"":""PARENT_PROVISIONAL_CONTINUOUS"",""b_fragment"":""PARENT_PROVISIONAL_CONTINUOUS"",""duration_seconds"":239.0,""end_utc"":""1959-02-08T19:16:57+00:00"",""exposure_active"":133628,""exposure_current"":41737,""start_utc"":""1959-02-08T19:12:58+00:00""}]",1,239.000000,239.000000,12613,115031,40805,112399,1,1,33.7426010959,1.0000000000,0.0278773132,1.0000000000,402.491931,GE100_LT500,POST_SPUTNIK_OR_SAME_LAUNCH_DATE,False,False
41738|133628,41738,133628,10087,90498,102,208,"Hamburg-Bergedorf, Germany","Dr. Remeis-Observatory, Bamberg, Germany","Dr. Remeis-Observatory, Bamberg, Germany | Hamburg-Bergedorf, Germany",GT0_LE5MIN,281.000000,[],0,0.000000,0.000000,12615,115031,40810,112399,1,1,33.9208221678,1.0000000000,0.0277255932,1.0000000000,402.491931,GE100_LT500,POST_SPUTNIK_OR_SAME_LAUNCH_DATE,False,False
41738|133631,41738,133631,10087,90501,102,208,"Hamburg-Bergedorf, Germany","Dr. Remeis-Observatory, Bamberg, Germany","Dr. Remeis-Observatory, Bamberg, Germany | Hamburg-Bergedorf, Germany",OVERLAP,0.000000,"[{""a_fragment"":""PARENT_PROVISIONAL_CONTINUOUS"",""b_fragment"":""PARENT_PROVISIONAL_CONTINUOUS"",""duration_seconds"":160.0,""end_utc"":""1959-02-08T20:00:40+00:00"",""exposure_active"":41738,""exposure_current"":133631,""start_utc"":""1959-02-08T19:58:00+00:00""}]",1,160.000000,160.000000,12615,115034,40810,112384,1,1,19.9520106727,0.6011558806,0.1531433569,0.6011558806,402.491931,GE100_LT500,POST_SPUTNIK_OR_SAME_LAUNCH_DATE,False,False
41738|133632,41738,133632,10087,90502,102,208,"Hamburg-Bergedorf, Germany","Dr. Remeis-Observatory, Bamberg, Germany","Dr. Remeis-Observatory, Bamberg, Germany | Hamburg-Bergedorf, Germany",OVERLAP,0.000000,"[{""a_fragment"":""PARENT_PROVISIONAL_CONTINUOUS"",""b_fragment"":""PARENT_PROVISIONAL_CONTINUOUS"",""duration_seconds"":160.0,""end_utc"":""1959-02-08T20:00:40+00:00"",""exposure_active"":41738,""exposure_current"":133632,""start_utc"":""1959-02-08T19:58:00+00:00""}]",1,160.000000,160.000000,12615,115035,40810,112387,1,1,33.6307417569,1.0000000000,0.0279018110,1.0000000000,402.491931,GE100_LT500,POST_SPUTNIK_OR_SAME_LAUNCH_DATE,False,False
41739|133631,41739,133631,10088,90501,102,208,"Hamburg-Bergedorf, Germany","Dr. Remeis-Observatory, Bamberg, Germany","Dr. Remeis-Observatory, Bamberg, Germany | Hamburg-Bergedorf, Germany",OVERLAP,0.000000,"[{""a_fragment"":""PARENT_PROVISIONAL_CONTINUOUS"",""b_fragment"":""PARENT_PROVISIONAL_CONTINUOUS"",""duration_seconds"":239.0,""end_utc"":""1959-02-08T20:56:41+00:00"",""exposure_active"":133631,""exposure_current"":41739,""start_utc"":""1959-02-08T20:52:42+00:00""}]",1,239.000000,239.000000,12616,115034,40809,112384,1,1,33.1356565454,1.0000000000,0.2548265949,1.0000000000,402.491931,GE100_LT500,POST_SPUTNIK_OR_SAME_LAUNCH_DATE,False,False
41739|133632,41739,133632,10088,90502,102,208,"Hamburg-Bergedorf, Germany","Dr. Remeis-Observatory, Bamberg, Germany","Dr. Remeis-Observatory, Bamberg, Germany | Hamburg-Bergedorf, Germany",OVERLAP,0.000000,"[{""a_fragment"":""PARENT_PROVISIONAL_CONTINUOUS"",""b_fragment"":""PARENT_PROVISIONAL_CONTINUOUS"",""duration_seconds"":239.0,""end_utc"":""1959-02-08T20:56:41+00:00"",""exposure_active"":133632,""exposure_current"":41739,""start_utc"":""1959-02-08T20:52:42+00:00""}]",1,239.000000,239.000000,12616,115035,40809,112387,1,1,33.6455586305,1.0000000000,0.0279092889,1.0000000000,402.491931,GE100_LT500,POST_SPUTNIK_OR_SAME_LAUNCH_DATE,False,False
41740|133635,41740,133635,10089,90505,102,208,"Hamburg-Bergedorf, Germany","Dr. Remeis-Observatory, Bamberg, Germany","Dr. Remeis-Observatory, Bamberg, Germany | Hamburg-Bergedorf, Germany",OVERLAP,0.000000,"[{""a_fragment"":""PARENT_PROVISIONAL_CONTINUOUS"",""b_fragment"":""PARENT_PROVISIONAL_CONTINUOUS"",""duration_seconds"":239.0,""end_utc"":""1959-02-08T21:10:54+00:00"",""exposure_active"":133635,""exposure_current"":41740,""start_utc"":""1959-02-08T21:06:55+00:00""}]",1,239.000000,239.000000,12619,115038,40812,112388,1,1,31.3089095619,0.9444869005,0.2407383378,0.9444869005,402.491931,GE100_LT500,POST_SPUTNIK_OR_SAME_LAUNCH_DATE,False,False
41740|133636,41740,133636,10089,90506,102,208,"Hamburg-Bergedorf, Germany","Dr. Remeis-Observatory, Bamberg, Germany","Dr. Remeis-Observatory, Bamberg, Germany | Hamburg-Bergedorf, Germany",OVERLAP,0.000000,"[{""a_fragment"":""PARENT_PROVISIONAL_CONTINUOUS"",""b_fragment"":""PARENT_PROVISIONAL_CONTINUOUS"",""duration_seconds"":239.0,""end_utc"":""1959-02-08T21:10:54+00:00"",""exposure_active"":133636,""exposure_current"":41740,""start_utc"":""1959-02-08T21:06:55+00:00""}]",1,239.000000,239.000000,12619,115039,40812,112391,1,1,33.7381638845,1.0000000000,0.0280439136,1.0000000000,402.491931,GE100_LT500,POST_SPUTNIK_OR_SAME_LAUNCH_DATE,False,False
41741|133639,41741,133639,10090,90509,102,208,"Hamburg-Bergedorf, Germany","Dr. Remeis-Observatory, Bamberg, Germany","Dr. Remeis-Observatory, Bamberg, Germany | Hamburg-Bergedorf, Germany",OVERLAP,0.000000,"[{""a_fragment"":""PARENT_PROVISIONAL_CONTINUOUS"",""b_fragment"":""PARENT_PROVISIONAL_CONTINUOUS"",""duration_seconds"":179.0,""end_utc"":""1959-02-08T22:28:41+00:00"",""exposure_active"":133639,""exposure_current"":41741,""start_utc"":""1959-02-08T22:25:42+00:00""}]",1,179.000000,179.000000,12620,115042,40806,112390,1,1,25.3992488976,0.7652480505,0.1938410147,0.7652480505,402.491931,GE100_LT500,POST_SPUTNIK_OR_SAME_LAUNCH_DATE,False,False
41741|133640,41741,133640,10090,90510,102,208,"Hamburg-Bergedorf, Germany","Dr. Remeis-Observatory, Bamberg, Germany","Dr. Remeis-Observatory, Bamberg, Germany | Hamburg-Bergedorf, Germany",OVERLAP,0.000000,"[{""a_fragment"":""PARENT_PROVISIONAL_CONTINUOUS"",""b_fragment"":""PARENT_PROVISIONAL_CONTINUOUS"",""duration_seconds"":179.0,""end_utc"":""1959-02-08T22:28:41+00:00"",""exposure_active"":133640,""exposure_current"":41741,""start_utc"":""1959-02-08T22:25:42+00:00""}]",1,179.000000,179.000000,12620,115043,40806,112395,1,1,33.8239550996,1.0000000000,0.0281977755,1.0000000000,402.491931,GE100_LT500,POST_SPUTNIK_OR_SAME_LAUNCH_DATE,False,False
41742|133639,41742,133639,10091,90509,102,208,"Hamburg-Bergedorf, Germany","Dr. Remeis-Observatory, Bamberg, Germany","Dr. Remeis-Observatory, Bamberg, Germany | Hamburg-Bergedorf, Germany",OVERLAP,0.000000,"[{""a_fragment"":""PARENT_PROVISIONAL_CONTINUOUS"",""b_fragment"":""PARENT_PROVISIONAL_CONTINUOUS"",""duration_seconds"":179.0,""end_utc"":""1959-02-08T22:41:54+00:00"",""exposure_active"":133639,""exposure_current"":41742,""start_utc"":""1959-02-08T22:38:55+00:00""}]",1,179.000000,179.000000,12622,115042,40814,112390,1,1,32.1285118918,0.9691940773,0.2453654506,0.9691940773,402.491931,GE100_LT500,POST_SPUTNIK_OR_SAME_LAUNCH_DATE,False,False
41742|133640,41742,133640,10091,90510,102,208,"Hamburg-Bergedorf, Germany","Dr. Remeis-Observatory, Bamberg, Germany","Dr. Remeis-Observatory, Bamberg, Germany | Hamburg-Bergedorf, Germany",OVERLAP,0.000000,"[{""a_fragment"":""PARENT_PROVISIONAL_CONTINUOUS"",""b_fragment"":""PARENT_PROVISIONAL_CONTINUOUS"",""duration_seconds"":179.0,""end_utc"":""1959-02-08T22:41:54+00:00"",""exposure_active"":133640,""exposure_current"":41742,""start_utc"":""1959-02-08T22:38:55+00:00""}]",1,179.000000,179.000000,12622,115043,40814,112395,1,1,33.6266384465,1.0000000000,0.0282251909,1.0000000000,402.491931,GE100_LT500,POST_SPUTNIK_OR_SAME_LAUNCH_DATE,False,False
41743|133639,41743,133639,10092,90509,102,208,"Hamburg-Bergedorf, Germany","Dr. Remeis-Observatory, Bamberg, Germany","Dr. Remeis-Observatory, Bamberg, Germany | Hamburg-Bergedorf, Germany",OVERLAP,0.000000,"[{""a_fragment"":""PARENT_PROVISIONAL_CONTINUOUS"",""b_fragment"":""PARENT_PROVISIONAL_CONTINUOUS"",""duration_seconds"":6.0,""end_utc"":""1959-02-08T23:14:00+00:00"",""exposure_active"":133639,""exposure_current"":41743,""start_utc"":""1959-02-08T23:13:54+00:00""}]",1,6.000000,6.000000,12624,115042,40816,112390,1,1,7.7113847109,0.2310080310,0.0585014818,0.2310080310,402.491931,GE100_LT500,POST_SPUTNIK_OR_SAME_LAUNCH_DATE,False,False
41743|133640,41743,133640,10092,90510,102,208,"Hamburg-Bergedorf, Germany","Dr. Remeis-Observatory, Bamberg, Germany","Dr. Remeis-Observatory, Bamberg, Germany | Hamburg-Bergedorf, Germany",OVERLAP,0.000000,"[{""a_fragment"":""PARENT_PROVISIONAL_CONTINUOUS"",""b_fragment"":""PARENT_PROVISIONAL_CONTINUOUS"",""duration_seconds"":6.0,""end_utc"":""1959-02-08T23:14:00+00:00"",""exposure_active"":133640,""exposure_current"":41743,""start_utc"":""1959-02-08T23:13:54+00:00""}]",1,6.000000,6.000000,12624,115043,40816,112395,1,1,33.4315465939,1.0000000000,0.0283139575,1.0000000000,402.491931,GE100_LT500,POST_SPUTNIK_OR_SAME_LAUNCH_DATE,False,False
41743|133644,41743,133644,10092,90514,102,208,"Hamburg-Bergedorf, Germany","Dr. Remeis-Observatory, Bamberg, Germany","Dr. Remeis-Observatory, Bamberg, Germany | Hamburg-Bergedorf, Germany",GT0_LE5MIN,246.000000,[],0,0.000000,0.000000,12624,115047,40816,112397,1,1,26.0017188417,0.7654664205,0.0217208833,0.7654664205,402.491931,GE100_LT500,POST_SPUTNIK_OR_SAME_LAUNCH_DATE,False,False
41744|133643,41744,133643,10093,90513,102,208,"Hamburg-Bergedorf, Germany","Dr. Remeis-Observatory, Bamberg, Germany","Dr. Remeis-Observatory, Bamberg, Germany | Hamburg-Bergedorf, Germany",OVERLAP,0.000000,"[{""a_fragment"":""PARENT_PROVISIONAL_CONTINUOUS"",""b_fragment"":""PARENT_PROVISIONAL_CONTINUOUS"",""duration_seconds"":179.0,""end_utc"":""1959-02-08T23:31:01+00:00"",""exposure_active"":133643,""exposure_current"":41744,""start_utc"":""1959-02-08T23:28:02+00:00""}]",1,179.000000,179.000000,12627,115046,40819,112393,1,1,5.1678394795,0.1546567936,0.0391653073,0.1546567936,402.491931,GE100_LT500,POST_SPUTNIK_OR_SAME_LAUNCH_DATE,False,False
41744|133644,41744,133644,10093,90514,102,208,"Hamburg-Bergedorf, Germany","Dr. Remeis-Observatory, Bamberg, Germany","Dr. Remeis-Observatory, Bamberg, Germany | Hamburg-Bergedorf, Germany",OVERLAP,0.000000,"[{""a_fragment"":""PARENT_PROVISIONAL_CONTINUOUS"",""b_fragment"":""PARENT_PROVISIONAL_CONTINUOUS"",""duration_seconds"":179.0,""end_utc"":""1959-02-08T23:31:01+00:00"",""exposure_active"":133644,""exposure_current"":41744,""start_utc"":""1959-02-08T23:28:02+00:00""}]",1,179.000000,179.000000,12627,115047,40819,112397,1,1,33.5353593079,1.0000000000,0.0284727507,1.0000000000,402.491931,GE100_LT500,POST_SPUTNIK_OR_SAME_LAUNCH_DATE,False,False
41753|133685,41753,133685,10102,90555,102,208,"Hamburg-Bergedorf, Germany","Dr. Remeis-Observatory, Bamberg, Germany","Dr. Remeis-Observatory, Bamberg, Germany | Hamburg-Bergedorf, Germany",OVERLAP,0.000000,"[{""a_fragment"":""PARENT_PROVISIONAL_CONTINUOUS"",""b_fragment"":""PARENT_PROVISIONAL_CONTINUOUS"",""duration_seconds"":180.0,""end_utc"":""1959-02-11T23:47:54+00:00"",""exposure_active"":133685,""exposure_current"":41753,""start_utc"":""1959-02-11T23:44:54+00:00""}]",1,180.000000,180.000000,12635,115088,40826,112438,1,1,33.3041319889,1.0000000000,0.0151917080,1.0000000000,402.491931,GE100_LT500,POST_SPUTNIK_OR_SAME_LAUNCH_DATE,False,False
41754|133685,41754,133685,10103,90555,102,208,"Hamburg-Bergedorf, Germany","Dr. Remeis-Observatory, Bamberg, Germany","Dr. Remeis-Observatory, Bamberg, Germany | Hamburg-Bergedorf, Germany",OVERLAP,0.000000,"[{""a_fragment"":""PARENT_PROVISIONAL_CONTINUOUS"",""b_fragment"":""PARENT_PROVISIONAL_CONTINUOUS"",""duration_seconds"":180.0,""end_utc"":""1959-02-12T00:00:52+00:00"",""exposure_active"":133685,""exposure_current"":41754,""start_utc"":""1959-02-11T23:57:52+00:00""}]",1,180.000000,180.000000,12636,115088,40824,112438,1,1,33.1476055372,1.0000000000,0.0152315516,1.0000000000,402.491931,GE100_LT500,POST_SPUTNIK_OR_SAME_LAUNCH_DATE,False,False
41755|133693,41755,133693,10104,90563,102,208,"Hamburg-Bergedorf, Germany","Dr. Remeis-Observatory, Bamberg, Germany","Dr. Remeis-Observatory, Bamberg, Germany | Hamburg-Bergedorf, Germany",OVERLAP,0.000000,"[{""a_fragment"":""PARENT_PROVISIONAL_CONTINUOUS"",""b_fragment"":""PARENT_PROVISIONAL_CONTINUOUS"",""duration_seconds"":179.0,""end_utc"":""1959-02-12T02:02:21+00:00"",""exposure_active"":133693,""exposure_current"":41755,""start_utc"":""1959-02-12T01:59:22+00:00""}]",1,179.000000,179.000000,12639,115096,40831,112441,1,1,33.2794642439,1.0000000000,0.0150665790,1.0000000000,402.491931,GE100_LT500,POST_SPUTNIK_OR_SAME_LAUNCH_DATE,False,False
41756|133693,41756,133693,10105,90563,102,208,"Hamburg-Bergedorf, Germany","Dr. Remeis-Observatory, Bamberg, Germany","Dr. Remeis-Observatory, Bamberg, Germany | Hamburg-Bergedorf, Germany",OVERLAP,0.000000,"[{""a_fragment"":""PARENT_PROVISIONAL_CONTINUOUS"",""b_fragment"":""PARENT_PROVISIONAL_CONTINUOUS"",""duration_seconds"":179.0,""end_utc"":""1959-02-12T02:15:59+00:00"",""exposure_active"":133693,""exposure_current"":41756,""start_utc"":""1959-02-12T02:13:00+00:00""}]",1,179.000000,179.000000,12641,115096,40833,112441,1,1,33.5904760874,1.0000000000,0.0149871666,1.0000000000,402.491931,GE100_LT500,POST_SPUTNIK_OR_SAME_LAUNCH_DATE,False,False
41757|133693,41757,133693,10106,90563,102,208,"Hamburg-Bergedorf, Germany","Dr. Remeis-Observatory, Bamberg, Germany","Dr. Remeis-Observatory, Bamberg, Germany | Hamburg-Bergedorf, Germany",GT0_LE5MIN,56.000000,[],0,0.000000,0.000000,12643,115096,40835,112441,1,1,33.6941175508,0.9886853980,0.0146949578,0.9886853980,402.491931,GE100_LT500,POST_SPUTNIK_OR_SAME_LAUNCH_DATE,False,False
41757|133696,41757,133696,10106,90566,102,208,"Hamburg-Bergedorf, Germany","Dr. Remeis-Observatory, Bamberg, Germany","Dr. Remeis-Observatory, Bamberg, Germany | Hamburg-Bergedorf, Germany",GT0_LE5MIN,65.000000,[],0,0.000000,0.000000,12643,115099,40835,112454,1,1,0.7039329641,0.0201970448,0.0005631098,0.0201970448,402.491931,GE100_LT500,POST_SPUTNIK_OR_SAME_LAUNCH_DATE,False,False
41757|133697,41757,133697,10106,90567,102,208,"Hamburg-Bergedorf, Germany","Dr. Remeis-Observatory, Bamberg, Germany","Dr. Remeis-Observatory, Bamberg, Germany | Hamburg-Bergedorf, Germany",GT0_LE5MIN,65.000000,[],0,0.000000,0.000000,12643,115100,40835,112447,1,1,33.2254360478,1.0000000000,0.0151113311,1.0000000000,402.491931,GE100_LT500,POST_SPUTNIK_OR_SAME_LAUNCH_DATE,False,False
41774|133721,41774,133721,10111,90591,102,208,"Hamburg-Bergedorf, Germany","Dr. Remeis-Observatory, Bamberg, Germany","Dr. Remeis-Observatory, Bamberg, Germany | Hamburg-Bergedorf, Germany",OVERLAP,0.000000,"[{""a_fragment"":""PARENT_PROVISIONAL_CONTINUOUS"",""b_fragment"":""PARENT_PROVISIONAL_CONTINUOUS"",""duration_seconds"":57.0,""end_utc"":""1959-02-12T23:13:00+00:00"",""exposure_active"":133721,""exposure_current"":41774,""start_utc"":""1959-02-12T23:12:03+00:00""}]",1,57.000000,57.000000,12644,115124,40837,112475,2,1,33.4720181660,1.0000000000,0.0148433608,1.0000000000,402.491931,GE100_LT500,POST_SPUTNIK_OR_SAME_LAUNCH_DATE,False,False
41774|133725,41774,133725,10111,90595,102,208,"Hamburg-Bergedorf, Germany","Dr. Remeis-Observatory, Bamberg, Germany","Dr. Remeis-Observatory, Bamberg, Germany | Hamburg-Bergedorf, Germany",OVERLAP,0.000000,"[{""a_fragment"":""PARENT_PROVISIONAL_CONTINUOUS"",""b_fragment"":""PARENT_PROVISIONAL_CONTINUOUS"",""duration_seconds"":1378.0,""end_utc"":""1959-02-12T23:41:58+00:00"",""exposure_active"":41774,""exposure_current"":133725,""start_utc"":""1959-02-12T23:19:00+00:00""}]",1,1378.000000,1378.000000,12644,115128,40837,112480,2,1,7.9987868769,0.2303027877,0.0033711233,0.2303027877,402.491931,GE100_LT500,POST_SPUTNIK_OR_SAME_LAUNCH_DATE,False,False
41775|133725,41775,133725,10112,90595,102,208,"Hamburg-Bergedorf, Germany","Dr. Remeis-Observatory, Bamberg, Germany","Dr. Remeis-Observatory, Bamberg, Germany | Hamburg-Bergedorf, Germany",OVERLAP,0.000000,"[{""a_fragment"":""PARENT_PROVISIONAL_CONTINUOUS"",""b_fragment"":""PARENT_PROVISIONAL_CONTINUOUS"",""duration_seconds"":897.0,""end_utc"":""1959-02-13T00:10:53+00:00"",""exposure_active"":133725,""exposure_current"":41775,""start_utc"":""1959-02-12T23:55:56+00:00""}]",1,897.000000,897.000000,12646,115128,40847,112480,3,1,8.0494308381,0.2317782113,0.0033926543,0.2317782113,402.491931,GE100_LT500,POST_SPUTNIK_OR_SAME_LAUNCH_DATE,False,False
41975|133889,41975,133889,10175,90759,102,208,"Hamburg-Bergedorf, Germany","Dr. Remeis-Observatory, Bamberg, Germany","Dr. Remeis-Observatory, Bamberg, Germany | Hamburg-Bergedorf, Germany",OVERLAP,0.000000,"[{""a_fragment"":""PARENT_PROVISIONAL_CONTINUOUS"",""b_fragment"":""PARENT_PROVISIONAL_CONTINUOUS"",""duration_seconds"":180.0,""end_utc"":""1959-03-09T22:07:40+00:00"",""exposure_active"":133889,""exposure_current"":41975,""start_utc"":""1959-03-09T22:04:40+00:00""}]",1,180.000000,180.000000,12699,115290,40902,112629,1,1,32.0301068323,0.9291109845,0.0259237382,0.9291109845,402.491931,GE100_LT500,POST_SPUTNIK_OR_SAME_LAUNCH_DATE,False,False
41975|133890,41975,133890,10175,90760,102,208,"Hamburg-Bergedorf, Germany","Dr. Remeis-Observatory, Bamberg, Germany","Dr. Remeis-Observatory, Bamberg, Germany | Hamburg-Bergedorf, Germany",OVERLAP,0.000000,"[{""a_fragment"":""PARENT_PROVISIONAL_CONTINUOUS"",""b_fragment"":""PARENT_PROVISIONAL_CONTINUOUS"",""duration_seconds"":180.0,""end_utc"":""1959-03-09T22:07:40+00:00"",""exposure_active"":133890,""exposure_current"":41975,""start_utc"":""1959-03-09T22:04:40+00:00""}]",1,180.000000,180.000000,12699,115291,40902,112634,1,1,33.7801322205,1.0000000000,0.0148557505,1.0000000000,402.491931,GE100_LT500,POST_SPUTNIK_OR_SAME_LAUNCH_DATE,False,False
41976|133889,41976,133889,10176,90759,102,208,"Hamburg-Bergedorf, Germany","Dr. Remeis-Observatory, Bamberg, Germany","Dr. Remeis-Observatory, Bamberg, Germany | Hamburg-Bergedorf, Germany",OVERLAP,0.000000,"[{""a_fragment"":""PARENT_PROVISIONAL_CONTINUOUS"",""b_fragment"":""PARENT_PROVISIONAL_CONTINUOUS"",""duration_seconds"":180.0,""end_utc"":""1959-03-09T22:48:33+00:00"",""exposure_active"":133889,""exposure_current"":41976,""start_utc"":""1959-03-09T22:45:33+00:00""}]",1,180.000000,180.000000,12701,115290,40908,112629,1,1,5.8562399807,0.1683212494,0.0046832665,0.1683212494,402.491931,GE100_LT500,POST_SPUTNIK_OR_SAME_LAUNCH_DATE,False,False
41976|133890,41976,133890,10176,90760,102,208,"Hamburg-Bergedorf, Germany","Dr. Remeis-Observatory, Bamberg, Germany","Dr. Remeis-Observatory, Bamberg, Germany | Hamburg-Bergedorf, Germany",OVERLAP,0.000000,"[{""a_fragment"":""PARENT_PROVISIONAL_CONTINUOUS"",""b_fragment"":""PARENT_PROVISIONAL_CONTINUOUS"",""duration_seconds"":180.0,""end_utc"":""1959-03-09T22:48:33+00:00"",""exposure_active"":133890,""exposure_current"":41976,""start_utc"":""1959-03-09T22:45:33+00:00""}]",1,180.000000,180.000000,12701,115291,40908,112634,1,1,34.2502378741,1.0000000000,0.0147248693,1.0000000000,402.491931,GE100_LT500,POST_SPUTNIK_OR_SAME_LAUNCH_DATE,False,False
41977|133890,41977,133890,10177,90760,102,208,"Hamburg-Bergedorf, Germany","Dr. Remeis-Observatory, Bamberg, Germany","Dr. Remeis-Observatory, Bamberg, Germany | Hamburg-Bergedorf, Germany",GT0_LE5MIN,91.000000,[],0,0.000000,0.000000,12703,115291,40909,112634,1,1,10.9861264239,0.3143901670,0.0045761232,0.3143901670,402.491931,GE100_LT500,POST_SPUTNIK_OR_SAME_LAUNCH_DATE,False,False
41977|133893,41977,133893,10177,90763,102,208,"Hamburg-Bergedorf, Germany","Dr. Remeis-Observatory, Bamberg, Germany","Dr. Remeis-Observatory, Bamberg, Germany | Hamburg-Bergedorf, Germany",GT0_LE5MIN,89.000000,[],0,0.000000,0.000000,12703,115294,40909,112650,1,1,31.2556691504,0.9102184361,0.0256547461,0.9102184361,402.491931,GE100_LT500,POST_SPUTNIK_OR_SAME_LAUNCH_DATE,False,False
41978|133893,41978,133893,10178,90763,102,208,"Hamburg-Bergedorf, Germany","Dr. Remeis-Observatory, Bamberg, Germany","Dr. Remeis-Observatory, Bamberg, Germany | Hamburg-Bergedorf, Germany",OVERLAP,0.000000,"[{""a_fragment"":""PARENT_PROVISIONAL_CONTINUOUS"",""b_fragment"":""PARENT_PROVISIONAL_CONTINUOUS"",""duration_seconds"":180.0,""end_utc"":""1959-03-09T23:20:58+00:00"",""exposure_active"":133893,""exposure_current"":41978,""start_utc"":""1959-03-09T23:17:58+00:00""}]",1,180.000000,180.000000,12704,115294,40910,112650,1,1,20.3025503647,0.5867178391,0.0165069218,0.5867178391,402.491931,GE100_LT500,POST_SPUTNIK_OR_SAME_LAUNCH_DATE,False,False
41981|133897,41981,133897,10181,90767,102,208,"Hamburg-Bergedorf, Germany","Dr. Remeis-Observatory, Bamberg, Germany","Dr. Remeis-Observatory, Bamberg, Germany | Hamburg-Bergedorf, Germany",GT0_LE5MIN,161.000000,[],0,0.000000,0.000000,12711,115298,40917,112633,1,1,12.5008925531,0.3590623534,0.0100262989,0.3590623534,402.491931,GE100_LT500,POST_SPUTNIK_OR_SAME_LAUNCH_DATE,False,False
41981|133898,41981,133898,10181,90768,102,208,"Hamburg-Bergedorf, Germany","Dr. Remeis-Observatory, Bamberg, Germany","Dr. Remeis-Observatory, Bamberg, Germany | Hamburg-Bergedorf, Germany",GT0_LE5MIN,161.000000,[],0,0.000000,0.000000,12711,115299,40917,112638,1,1,34.2778620489,1.0000000000,0.0149199126,1.0000000000,402.491931,GE100_LT500,POST_SPUTNIK_OR_SAME_LAUNCH_DATE,False,False
41996|133913,41996,133913,10189,90783,102,208,"Hamburg-Bergedorf, Germany","Dr. Remeis-Observatory, Bamberg, Germany","Dr. Remeis-Observatory, Bamberg, Germany | Hamburg-Bergedorf, Germany",OVERLAP,0.000000,"[{""a_fragment"":""PARENT_PROVISIONAL_CONTINUOUS"",""b_fragment"":""PARENT_PROVISIONAL_CONTINUOUS"",""duration_seconds"":1176.0,""end_utc"":""1959-03-28T19:59:36+00:00"",""exposure_active"":41996,""exposure_current"":133913,""start_utc"":""1959-03-28T19:40:00+00:00""}]",1,1176.000000,1176.000000,12713,115314,40920,112661,1,1,33.9308490893,1.0000000000,0.0147677732,1.0000000000,402.491931,GE100_LT500,POST_SPUTNIK_OR_SAME_LAUNCH_DATE,False,False
41997|133913,41997,133913,10190,90783,102,208,"Hamburg-Bergedorf, Germany","Dr. Remeis-Observatory, Bamberg, Germany","Dr. Remeis-Observatory, Bamberg, Germany | Hamburg-Bergedorf, Germany",OVERLAP,0.000000,"[{""a_fragment"":""PARENT_PROVISIONAL_CONTINUOUS"",""b_fragment"":""PARENT_PROVISIONAL_CONTINUOUS"",""duration_seconds"":299.0,""end_utc"":""1959-03-28T20:27:01+00:00"",""exposure_active"":133913,""exposure_current"":41997,""start_utc"":""1959-03-28T20:22:02+00:00""}]",1,299.000000,299.000000,12715,115314,40926,112661,1,1,33.5767254415,1.0000000000,0.0148846792,1.0000000000,402.491931,GE100_LT500,POST_SPUTNIK_OR_SAME_LAUNCH_DATE,False,False
41998|133913,41998,133913,10191,90783,102,208,"Hamburg-Bergedorf, Germany","Dr. Remeis-Observatory, Bamberg, Germany","Dr. Remeis-Observatory, Bamberg, Germany | Hamburg-Bergedorf, Germany",OVERLAP,0.000000,"[{""a_fragment"":""PARENT_PROVISIONAL_CONTINUOUS"",""b_fragment"":""PARENT_PROVISIONAL_CONTINUOUS"",""duration_seconds"":360.0,""end_utc"":""1959-03-28T20:40:00+00:00"",""exposure_active"":133913,""exposure_current"":41998,""start_utc"":""1959-03-28T20:34:00+00:00""}]",1,360.000000,360.000000,12717,115314,40922,112661,1,1,33.5758383856,1.0000000000,0.0148850915,1.0000000000,402.491931,GE100_LT500,POST_SPUTNIK_OR_SAME_LAUNCH_DATE,False,False
42000|134013,42000,134013,10193,90883,102,208,"Hamburg-Bergedorf, Germany","Dr. Remeis-Observatory, Bamberg, Germany","Dr. Remeis-Observatory, Bamberg, Germany | Hamburg-Bergedorf, Germany",OVERLAP,0.000000,"[{""a_fragment"":""PARENT_PROVISIONAL_CONTINUOUS"",""b_fragment"":""PARENT_PROVISIONAL_CONTINUOUS"",""duration_seconds"":141.0,""end_utc"":""1959-04-02T20:12:21+00:00"",""exposure_active"":42000,""exposure_current"":134013,""start_utc"":""1959-04-02T20:10:00+00:00""}]",1,141.000000,141.000000,12721,115414,40927,112766,1,1,8.5749490468,0.2438491447,0.0035252460,0.2438491447,402.491931,GE100_LT500,POST_SPUTNIK_OR_SAME_LAUNCH_DATE,False,False
42001|134013,42001,134013,10194,90883,102,208,"Hamburg-Bergedorf, Germany","Dr. Remeis-Observatory, Bamberg, Germany","Dr. Remeis-Observatory, Bamberg, Germany | Hamburg-Bergedorf, Germany",OVERLAP,0.000000,"[{""a_fragment"":""PARENT_PROVISIONAL_CONTINUOUS"",""b_fragment"":""PARENT_PROVISIONAL_CONTINUOUS"",""duration_seconds"":299.0,""end_utc"":""1959-04-02T20:24:19+00:00"",""exposure_active"":134013,""exposure_current"":42001,""start_utc"":""1959-04-02T20:19:20+00:00""}]",1,299.000000,299.000000,12723,115414,40929,112766,1,1,8.7247375990,0.2480584897,0.0035867643,0.2480584897,402.491931,GE100_LT500,POST_SPUTNIK_OR_SAME_LAUNCH_DATE,False,False
42002|134013,42002,134013,10195,90883,102,208,"Hamburg-Bergedorf, Germany","Dr. Remeis-Observatory, Bamberg, Germany","Dr. Remeis-Observatory, Bamberg, Germany | Hamburg-Bergedorf, Germany",OVERLAP,0.000000,"[{""a_fragment"":""PARENT_PROVISIONAL_CONTINUOUS"",""b_fragment"":""PARENT_PROVISIONAL_CONTINUOUS"",""duration_seconds"":898.0,""end_utc"":""1959-04-02T20:50:45+00:00"",""exposure_active"":134013,""exposure_current"":42002,""start_utc"":""1959-04-02T20:35:47+00:00""}]",1,898.000000,898.000000,12725,115414,40936,112766,1,1,11.3613063750,0.3249589953,0.0047634953,0.3249589953,402.491931,GE100_LT500,POST_SPUTNIK_OR_SAME_LAUNCH_DATE,False,False
42089|134146,42089,134146,10262,91016,102,208,"Hamburg-Bergedorf, Germany","Dr. Remeis-Observatory, Bamberg, Germany","Dr. Remeis-Observatory, Bamberg, Germany | Hamburg-Bergedorf, Germany",OVERLAP,0.000000,"[{""a_fragment"":""PARENT_PROVISIONAL_CONTINUOUS"",""b_fragment"":""PARENT_PROVISIONAL_CONTINUOUS"",""duration_seconds"":239.0,""end_utc"":""1959-05-12T22:27:47+00:00"",""exposure_active"":134146,""exposure_current"":42089,""start_utc"":""1959-05-12T22:23:48+00:00""}]",1,239.000000,239.000000,12825,115547,41036,112891,1,1,0.0464958545,0.0013052116,0.0000363115,0.0013052116,402.491931,GE100_LT500,POST_SPUTNIK_OR_SAME_LAUNCH_DATE,False,False
42257|134468,42257,134468,10316,91338,102,208,"Hamburg-Bergedorf, Germany","Dr. Remeis-Observatory, Bamberg, Germany","Dr. Remeis-Observatory, Bamberg, Germany | Hamburg-Bergedorf, Germany",OVERLAP,0.000000,"[{""a_fragment"":""PARENT_PROVISIONAL_CONTINUOUS"",""b_fragment"":""PARENT_PROVISIONAL_CONTINUOUS"",""duration_seconds"":598.0,""end_utc"":""1959-08-31T23:09:32+00:00"",""exposure_active"":134468,""exposure_current"":42257,""start_utc"":""1959-08-31T22:59:34+00:00""}]",1,598.000000,598.000000,12856,115869,41061,113173,1,1,32.5404972475,1.0000000000,0.0271506652,1.0000000000,402.491931,GE100_LT500,POST_SPUTNIK_OR_SAME_LAUNCH_DATE,False,False
42258|134468,42258,134468,10316,91338,102,208,"Hamburg-Bergedorf, Germany","Dr. Remeis-Observatory, Bamberg, Germany","Dr. Remeis-Observatory, Bamberg, Germany | Hamburg-Bergedorf, Germany",OVERLAP,0.000000,"[{""a_fragment"":""PARENT_PROVISIONAL_CONTINUOUS"",""b_fragment"":""PARENT_PROVISIONAL_CONTINUOUS"",""duration_seconds"":299.0,""end_utc"":""1959-08-31T23:48:26+00:00"",""exposure_active"":134468,""exposure_current"":42258,""start_utc"":""1959-08-31T23:43:27+00:00""}]",1,299.000000,299.000000,12856,115869,41061,113173,1,1,32.5404972475,1.0000000000,0.0271506652,1.0000000000,402.491931,GE100_LT500,POST_SPUTNIK_OR_SAME_LAUNCH_DATE,False,False
42259|134473,42259,134473,10316,91343,102,208,"Hamburg-Bergedorf, Germany","Dr. Remeis-Observatory, Bamberg, Germany","Dr. Remeis-Observatory, Bamberg, Germany | Hamburg-Bergedorf, Germany",OVERLAP,0.000000,"[{""a_fragment"":""PARENT_PROVISIONAL_CONTINUOUS"",""b_fragment"":""PARENT_PROVISIONAL_CONTINUOUS"",""duration_seconds"":299.0,""end_utc"":""1959-09-01T00:22:20+00:00"",""exposure_active"":134473,""exposure_current"":42259,""start_utc"":""1959-09-01T00:17:21+00:00""}]",1,299.000000,299.000000,12856,115874,41061,113175,1,1,25.8520698229,0.7735619911,0.0110810392,0.7735619911,402.491931,GE100_LT500,POST_SPUTNIK_OR_SAME_LAUNCH_DATE,False,False
42262|134475,42262,134475,10318,91345,102,208,"Hamburg-Bergedorf, Germany","Dr. Remeis-Observatory, Bamberg, Germany","Dr. Remeis-Observatory, Bamberg, Germany | Hamburg-Bergedorf, Germany",GT0_LE5MIN,242.000000,[],0,0.000000,0.000000,12860,115876,41076,113174,1,1,0.8008236371,0.0241598807,0.0060831613,0.0241598807,402.491931,GE100_LT500,POST_SPUTNIK_OR_SAME_LAUNCH_DATE,False,False
42262|134476,42262,134476,10318,91346,102,208,"Hamburg-Bergedorf, Germany","Dr. Remeis-Observatory, Bamberg, Germany","Dr. Remeis-Observatory, Bamberg, Germany | Hamburg-Bergedorf, Germany",GT0_LE5MIN,242.000000,[],0,0.000000,0.000000,12860,115877,41076,113181,1,1,32.9039151367,1.0000000000,0.0277415969,1.0000000000,402.491931,GE100_LT500,POST_SPUTNIK_OR_SAME_LAUNCH_DATE,False,False
42264|134492,42264,134492,10320,91362,102,208,"Hamburg-Bergedorf, Germany","Dr. Remeis-Observatory, Bamberg, Germany","Dr. Remeis-Observatory, Bamberg, Germany | Hamburg-Bergedorf, Germany",OVERLAP,0.000000,"[{""a_fragment"":""PARENT_PROVISIONAL_CONTINUOUS"",""b_fragment"":""PARENT_PROVISIONAL_CONTINUOUS"",""duration_seconds"":180.0,""end_utc"":""1959-09-01T22:28:43+00:00"",""exposure_active"":134492,""exposure_current"":42264,""start_utc"":""1959-09-01T22:25:43+00:00""}]",1,180.000000,180.000000,12862,115893,41082,113188,1,1,33.3464467194,1.0000000000,0.0278928067,1.0000000000,402.491931,GE100_LT500,POST_SPUTNIK_OR_SAME_LAUNCH_DATE,False,False
42265|134492,42265,134492,10321,91362,102,208,"Hamburg-Bergedorf, Germany","Dr. Remeis-Observatory, Bamberg, Germany","Dr. Remeis-Observatory, Bamberg, Germany | Hamburg-Bergedorf, Germany",OVERLAP,0.000000,"[{""a_fragment"":""PARENT_PROVISIONAL_CONTINUOUS"",""b_fragment"":""PARENT_PROVISIONAL_CONTINUOUS"",""duration_seconds"":180.0,""end_utc"":""1959-09-01T22:40:26+00:00"",""exposure_active"":134492,""exposure_current"":42265,""start_utc"":""1959-09-01T22:37:26+00:00""}]",1,180.000000,180.000000,12865,115893,41089,113188,1,1,33.0381858108,1.0000000000,0.0279654129,1.0000000000,402.491931,GE100_LT500,POST_SPUTNIK_OR_SAME_LAUNCH_DATE,False,False
42372|134615,42372,134615,10369,91485,102,208,"Hamburg-Bergedorf, Germany","Dr. Remeis-Observatory, Bamberg, Germany","Dr. Remeis-Observatory, Bamberg, Germany | Hamburg-Bergedorf, Germany",OVERLAP,0.000000,"[{""a_fragment"":""PARENT_PROVISIONAL_CONTINUOUS"",""b_fragment"":""PARENT_PROVISIONAL_CONTINUOUS"",""duration_seconds"":141.0,""end_utc"":""1959-09-06T21:35:00+00:00"",""exposure_active"":134615,""exposure_current"":42372,""start_utc"":""1959-09-06T21:32:39+00:00""}]",1,141.000000,141.000000,12866,116016,41102,113311,1,1,32.9410192902,1.0000000000,0.0279124038,1.0000000000,402.491931,GE100_LT500,POST_SPUTNIK_OR_SAME_LAUNCH_DATE,False,False
42373|134619,42373,134619,10370,91489,102,208,"Hamburg-Bergedorf, Germany","Dr. Remeis-Observatory, Bamberg, Germany","Dr. Remeis-Observatory, Bamberg, Germany | Hamburg-Bergedorf, Germany",OVERLAP,0.000000,"[{""a_fragment"":""PARENT_PROVISIONAL_CONTINUOUS"",""b_fragment"":""PARENT_PROVISIONAL_CONTINUOUS"",""duration_seconds"":179.0,""end_utc"":""1959-09-06T21:47:06+00:00"",""exposure_active"":134619,""exposure_current"":42373,""start_utc"":""1959-09-06T21:44:07+00:00""}]",1,179.000000,179.000000,12868,116020,41093,113294,1,1,32.8983704048,1.0000000000,0.0282100547,1.0000000000,402.491931,GE100_LT500,POST_SPUTNIK_OR_SAME_LAUNCH_DATE,False,False
42373|134620,42373,134620,10370,91490,102,208,"Hamburg-Bergedorf, Germany","Dr. Remeis-Observatory, Bamberg, Germany","Dr. Remeis-Observatory, Bamberg, Germany | Hamburg-Bergedorf, Germany",OVERLAP,0.000000,"[{""a_fragment"":""PARENT_PROVISIONAL_CONTINUOUS"",""b_fragment"":""PARENT_PROVISIONAL_CONTINUOUS"",""duration_seconds"":179.0,""end_utc"":""1959-09-06T21:47:06+00:00"",""exposure_active"":134620,""exposure_current"":42373,""start_utc"":""1959-09-06T21:44:07+00:00""}]",1,179.000000,179.000000,12868,116021,41093,113304,1,1,13.9407180707,0.3968314938,0.0056956230,0.3968314938,402.491931,GE100_LT500,POST_SPUTNIK_OR_SAME_LAUNCH_DATE,False,False
42374|134619,42374,134619,10371,91489,102,208,"Hamburg-Bergedorf, Germany","Dr. Remeis-Observatory, Bamberg, Germany","Dr. Remeis-Observatory, Bamberg, Germany | Hamburg-Bergedorf, Germany",OVERLAP,0.000000,"[{""a_fragment"":""PARENT_PROVISIONAL_CONTINUOUS"",""b_fragment"":""PARENT_PROVISIONAL_CONTINUOUS"",""duration_seconds"":179.0,""end_utc"":""1959-09-06T22:18:01+00:00"",""exposure_active"":134619,""exposure_current"":42374,""start_utc"":""1959-09-06T22:15:02+00:00""}]",1,179.000000,179.000000,12870,116020,41088,113294,1,1,32.9986961242,1.0000000000,0.0282015774,1.0000000000,402.491931,GE100_LT500,POST_SPUTNIK_OR_SAME_LAUNCH_DATE,False,False
42374|134620,42374,134620,10371,91490,102,208,"Hamburg-Bergedorf, Germany","Dr. Remeis-Observatory, Bamberg, Germany","Dr. Remeis-Observatory, Bamberg, Germany | Hamburg-Bergedorf, Germany",OVERLAP,0.000000,"[{""a_fragment"":""PARENT_PROVISIONAL_CONTINUOUS"",""b_fragment"":""PARENT_PROVISIONAL_CONTINUOUS"",""duration_seconds"":179.0,""end_utc"":""1959-09-06T22:18:01+00:00"",""exposure_active"":134620,""exposure_current"":42374,""start_utc"":""1959-09-06T22:15:02+00:00""}]",1,179.000000,179.000000,12870,116021,41088,113304,1,1,12.5438034931,0.3550571264,0.0050813530,0.3550571264,402.491931,GE100_LT500,POST_SPUTNIK_OR_SAME_LAUNCH_DATE,False,False
42380|134631,42380,134631,10374,91501,102,208,"Hamburg-Bergedorf, Germany","Dr. Remeis-Observatory, Bamberg, Germany","Dr. Remeis-Observatory, Bamberg, Germany | Hamburg-Bergedorf, Germany",OVERLAP,0.000000,"[{""a_fragment"":""PARENT_PROVISIONAL_CONTINUOUS"",""b_fragment"":""PARENT_PROVISIONAL_CONTINUOUS"",""duration_seconds"":179.0,""end_utc"":""1959-09-07T01:49:26+00:00"",""exposure_active"":134631,""exposure_current"":42380,""start_utc"":""1959-09-07T01:46:27+00:00""}]",1,179.000000,179.000000,12876,116032,41101,113303,1,1,33.2832755452,1.0000000000,0.0279108405,1.0000000000,402.491931,GE100_LT500,POST_SPUTNIK_OR_SAME_LAUNCH_DATE,False,False
42380|134632,42380,134632,10374,91502,102,208,"Hamburg-Bergedorf, Germany","Dr. Remeis-Observatory, Bamberg, Germany","Dr. Remeis-Observatory, Bamberg, Germany | Hamburg-Bergedorf, Germany",OVERLAP,0.000000,"[{""a_fragment"":""PARENT_PROVISIONAL_CONTINUOUS"",""b_fragment"":""PARENT_PROVISIONAL_CONTINUOUS"",""duration_seconds"":179.0,""end_utc"":""1959-09-07T01:49:26+00:00"",""exposure_active"":134632,""exposure_current"":42380,""start_utc"":""1959-09-07T01:46:27+00:00""}]",1,179.000000,179.000000,12876,116033,41101,113306,1,1,12.3114728791,0.3471984335,0.0049107764,0.3471984335,402.491931,GE100_LT500,POST_SPUTNIK_OR_SAME_LAUNCH_DATE,False,False
42381|134636,42381,134636,10375,91506,102,208,"Hamburg-Bergedorf, Germany","Dr. Remeis-Observatory, Bamberg, Germany","Dr. Remeis-Observatory, Bamberg, Germany | Hamburg-Bergedorf, Germany",OVERLAP,0.000000,"[{""a_fragment"":""PARENT_PROVISIONAL_CONTINUOUS"",""b_fragment"":""PARENT_PROVISIONAL_CONTINUOUS"",""duration_seconds"":180.0,""end_utc"":""1959-09-07T02:10:23+00:00"",""exposure_active"":134636,""exposure_current"":42381,""start_utc"":""1959-09-07T02:07:23+00:00""}]",1,180.000000,180.000000,12878,116037,41098,113312,1,1,5.7241923026,0.1585411658,0.0022009737,0.1585411658,402.491931,GE100_LT500,POST_SPUTNIK_OR_SAME_LAUNCH_DATE,False,False
42382|134635,42382,134635,10376,91505,102,208,"Hamburg-Bergedorf, Germany","Dr. Remeis-Observatory, Bamberg, Germany","Dr. Remeis-Observatory, Bamberg, Germany | Hamburg-Bergedorf, Germany",OVERLAP,0.000000,"[{""a_fragment"":""PARENT_PROVISIONAL_CONTINUOUS"",""b_fragment"":""PARENT_PROVISIONAL_CONTINUOUS"",""duration_seconds"":179.0,""end_utc"":""1959-09-07T02:21:51+00:00"",""exposure_active"":134635,""exposure_current"":42382,""start_utc"":""1959-09-07T02:18:52+00:00""}]",1,179.000000,179.000000,12879,116036,41103,113305,1,1,20.7840367656,0.6210394357,0.0171654093,0.6210394357,402.491931,GE100_LT500,POST_SPUTNIK_OR_SAME_LAUNCH_DATE,False,False
42382|134636,42382,134636,10376,91506,102,208,"Hamburg-Bergedorf, Germany","Dr. Remeis-Observatory, Bamberg, Germany","Dr. Remeis-Observatory, Bamberg, Germany | Hamburg-Bergedorf, Germany",OVERLAP,0.000000,"[{""a_fragment"":""PARENT_PROVISIONAL_CONTINUOUS"",""b_fragment"":""PARENT_PROVISIONAL_CONTINUOUS"",""duration_seconds"":179.0,""end_utc"":""1959-09-07T02:21:51+00:00"",""exposure_active"":134636,""exposure_current"":42382,""start_utc"":""1959-09-07T02:18:52+00:00""}]",1,179.000000,179.000000,12879,116037,41103,113312,1,1,10.8849124845,0.3063836357,0.0042963364,0.3063836357,402.491931,GE100_LT500,POST_SPUTNIK_OR_SAME_LAUNCH_DATE,False,False
42383|134635,42383,134635,10377,91505,102,208,"Hamburg-Bergedorf, Germany","Dr. Remeis-Observatory, Bamberg, Germany","Dr. Remeis-Observatory, Bamberg, Germany | Hamburg-Bergedorf, Germany",OVERLAP,0.000000,"[{""a_fragment"":""PARENT_PROVISIONAL_CONTINUOUS"",""b_fragment"":""PARENT_PROVISIONAL_CONTINUOUS"",""duration_seconds"":180.0,""end_utc"":""1959-09-07T02:35:34+00:00"",""exposure_active"":134635,""exposure_current"":42383,""start_utc"":""1959-09-07T02:32:34+00:00""}]",1,180.000000,180.000000,12881,116036,41105,113305,1,1,33.0691951517,1.0000000000,0.0277400444,1.0000000000,402.491931,GE100_LT500,POST_SPUTNIK_OR_SAME_LAUNCH_DATE,False,False
42383|134636,42383,134636,10377,91506,102,208,"Hamburg-Bergedorf, Germany","Dr. Remeis-Observatory, Bamberg, Germany","Dr. Remeis-Observatory, Bamberg, Germany | Hamburg-Bergedorf, Germany",OVERLAP,0.000000,"[{""a_fragment"":""PARENT_PROVISIONAL_CONTINUOUS"",""b_fragment"":""PARENT_PROVISIONAL_CONTINUOUS"",""duration_seconds"":180.0,""end_utc"":""1959-09-07T02:35:34+00:00"",""exposure_active"":134636,""exposure_current"":42383,""start_utc"":""1959-09-07T02:32:34+00:00""}]",1,180.000000,180.000000,12881,116037,41105,113312,1,1,13.2968209894,0.3781144240,0.0053383973,0.3781144240,402.491931,GE100_LT500,POST_SPUTNIK_OR_SAME_LAUNCH_DATE,False,False
42384|134635,42384,134635,10378,91505,102,208,"Hamburg-Bergedorf, Germany","Dr. Remeis-Observatory, Bamberg, Germany","Dr. Remeis-Observatory, Bamberg, Germany | Hamburg-Bergedorf, Germany",OVERLAP,0.000000,"[{""a_fragment"":""PARENT_PROVISIONAL_CONTINUOUS"",""b_fragment"":""PARENT_PROVISIONAL_CONTINUOUS"",""duration_seconds"":180.0,""end_utc"":""1959-09-07T02:47:47+00:00"",""exposure_active"":134635,""exposure_current"":42384,""start_utc"":""1959-09-07T02:44:47+00:00""}]",1,180.000000,180.000000,12884,116036,41108,113305,1,1,32.9539513871,1.0000000000,0.0278835728,1.0000000000,402.491931,GE100_LT500,POST_SPUTNIK_OR_SAME_LAUNCH_DATE,False,False
42384|134636,42384,134636,10378,91506,102,208,"Hamburg-Bergedorf, Germany","Dr. Remeis-Observatory, Bamberg, Germany","Dr. Remeis-Observatory, Bamberg, Germany | Hamburg-Bergedorf, Germany",OVERLAP,0.000000,"[{""a_fragment"":""PARENT_PROVISIONAL_CONTINUOUS"",""b_fragment"":""PARENT_PROVISIONAL_CONTINUOUS"",""duration_seconds"":180.0,""end_utc"":""1959-09-07T02:47:47+00:00"",""exposure_active"":134636,""exposure_current"":42384,""start_utc"":""1959-09-07T02:44:47+00:00""}]",1,180.000000,180.000000,12884,116037,41108,113312,1,1,14.1695372189,0.4033735556,0.0057292977,0.4033735556,402.491931,GE100_LT500,POST_SPUTNIK_OR_SAME_LAUNCH_DATE,False,False
42385|134639,42385,134639,10379,91509,102,208,"Hamburg-Bergedorf, Germany","Dr. Remeis-Observatory, Bamberg, Germany","Dr. Remeis-Observatory, Bamberg, Germany | Hamburg-Bergedorf, Germany",GT0_LE5MIN,20.000000,[],0,0.000000,0.000000,12886,116040,41149,113317,1,1,15.8312703546,0.4582850474,0.0126132632,0.4582850474,402.491931,GE100_LT500,POST_SPUTNIK_OR_SAME_LAUNCH_DATE,False,False
42385|134642,42385,134642,10379,91512,102,208,"Hamburg-Bergedorf, Germany","Dr. Remeis-Observatory, Bamberg, Germany","Dr. Remeis-Observatory, Bamberg, Germany | Hamburg-Bergedorf, Germany",OVERLAP,0.000000,"[{""a_fragment"":""PARENT_PROVISIONAL_CONTINUOUS"",""b_fragment"":""PARENT_PROVISIONAL_CONTINUOUS"",""duration_seconds"":3311.0,""end_utc"":""1959-09-07T21:42:11+00:00"",""exposure_active"":42385,""exposure_current"":134642,""start_utc"":""1959-09-07T20:47:00+00:00""}]",1,3311.000000,3311.000000,12886,116043,41149,113314,1,1,20.1851260165,0.6096720650,0.1536237718,0.6096720650,402.491931,GE100_LT500,POST_SPUTNIK_OR_SAME_LAUNCH_DATE,False,False
42401|134670,42401,134670,10383,91540,102,208,"Hamburg-Bergedorf, Germany","Dr. Remeis-Observatory, Bamberg, Germany","Dr. Remeis-Observatory, Bamberg, Germany | Hamburg-Bergedorf, Germany",OVERLAP,0.000000,"[{""a_fragment"":""PARENT_PROVISIONAL_CONTINUOUS"",""b_fragment"":""PARENT_PROVISIONAL_CONTINUOUS"",""duration_seconds"":2798.0,""end_utc"":""1959-09-08T21:40:00+00:00"",""exposure_active"":134670,""exposure_current"":42401,""start_utc"":""1959-09-08T20:53:22+00:00""}]",1,2798.000000,2798.000000,12887,116071,41146,113340,1,1,20.1953219906,0.6094555921,0.1535489785,0.6094555921,402.491931,GE100_LT500,POST_SPUTNIK_OR_SAME_LAUNCH_DATE,False,False
42401|134675,42401,134675,10383,91545,102,208,"Hamburg-Bergedorf, Germany","Dr. Remeis-Observatory, Bamberg, Germany","Dr. Remeis-Observatory, Bamberg, Germany | Hamburg-Bergedorf, Germany",OVERLAP,0.000000,"[{""a_fragment"":""PARENT_PROVISIONAL_CONTINUOUS"",""b_fragment"":""PARENT_PROVISIONAL_CONTINUOUS"",""duration_seconds"":492.0,""end_utc"":""1959-09-08T21:53:12+00:00"",""exposure_active"":42401,""exposure_current"":134675,""start_utc"":""1959-09-08T21:45:00+00:00""}]",1,492.000000,492.000000,12887,116076,41146,113349,1,1,12.0696372690,0.3462283893,0.0095467106,0.3462283893,402.491931,GE100_LT500,POST_SPUTNIK_OR_SAME_LAUNCH_DATE,False,False
42402|134675,42402,134675,10384,91545,102,208,"Hamburg-Bergedorf, Germany","Dr. Remeis-Observatory, Bamberg, Germany","Dr. Remeis-Observatory, Bamberg, Germany | Hamburg-Bergedorf, Germany",OVERLAP,0.000000,"[{""a_fragment"":""PARENT_PROVISIONAL_CONTINUOUS"",""b_fragment"":""PARENT_PROVISIONAL_CONTINUOUS"",""duration_seconds"":239.0,""end_utc"":""1959-09-08T22:44:04+00:00"",""exposure_active"":134675,""exposure_current"":42402,""start_utc"":""1959-09-08T22:40:05+00:00""}]",1,239.000000,239.000000,12890,116076,41111,113349,1,1,33.1011848639,1.0000000000,0.0278364028,1.0000000000,402.491931,GE100_LT500,POST_SPUTNIK_OR_SAME_LAUNCH_DATE,False,False
42402|134676,42402,134676,10384,91546,102,208,"Hamburg-Bergedorf, Germany","Dr. Remeis-Observatory, Bamberg, Germany","Dr. Remeis-Observatory, Bamberg, Germany | Hamburg-Bergedorf, Germany",OVERLAP,0.000000,"[{""a_fragment"":""PARENT_PROVISIONAL_CONTINUOUS"",""b_fragment"":""PARENT_PROVISIONAL_CONTINUOUS"",""duration_seconds"":239.0,""end_utc"":""1959-09-08T22:44:04+00:00"",""exposure_active"":134676,""exposure_current"":42402,""start_utc"":""1959-09-08T22:40:05+00:00""}]",1,239.000000,239.000000,12890,116077,41111,113352,1,1,10.4454634736,0.2937370683,0.0041281709,0.2937370683,402.491931,GE100_LT500,POST_SPUTNIK_OR_SAME_LAUNCH_DATE,False,False
42403|134679,42403,134679,10385,91549,102,208,"Hamburg-Bergedorf, Germany","Dr. Remeis-Observatory, Bamberg, Germany","Dr. Remeis-Observatory, Bamberg, Germany | Hamburg-Bergedorf, Germany",OVERLAP,0.000000,"[{""a_fragment"":""PARENT_PROVISIONAL_CONTINUOUS"",""b_fragment"":""PARENT_PROVISIONAL_CONTINUOUS"",""duration_seconds"":179.0,""end_utc"":""1959-09-08T22:54:32+00:00"",""exposure_active"":134679,""exposure_current"":42403,""start_utc"":""1959-09-08T22:51:33+00:00""}]",1,179.000000,179.000000,12892,116080,41114,113342,1,1,32.7864786424,1.0000000000,0.0280141148,1.0000000000,402.491931,GE100_LT500,POST_SPUTNIK_OR_SAME_LAUNCH_DATE,False,False
42403|134680,42403,134680,10385,91550,102,208,"Hamburg-Bergedorf, Germany","Dr. Remeis-Observatory, Bamberg, Germany","Dr. Remeis-Observatory, Bamberg, Germany | Hamburg-Bergedorf, Germany",OVERLAP,0.000000,"[{""a_fragment"":""PARENT_PROVISIONAL_CONTINUOUS"",""b_fragment"":""PARENT_PROVISIONAL_CONTINUOUS"",""duration_seconds"":179.0,""end_utc"":""1959-09-08T22:54:32+00:00"",""exposure_active"":134680,""exposure_current"":42403,""start_utc"":""1959-09-08T22:51:33+00:00""}]",1,179.000000,179.000000,12892,116081,41114,113347,1,1,14.8249573941,0.4236545106,0.0060247090,0.4236545106,402.491931,GE100_LT500,POST_SPUTNIK_OR_SAME_LAUNCH_DATE,False,False
42404|134679,42404,134679,10386,91549,102,208,"Hamburg-Bergedorf, Germany","Dr. Remeis-Observatory, Bamberg, Germany","Dr. Remeis-Observatory, Bamberg, Germany | Hamburg-Bergedorf, Germany",OVERLAP,0.000000,"[{""a_fragment"":""PARENT_PROVISIONAL_CONTINUOUS"",""b_fragment"":""PARENT_PROVISIONAL_CONTINUOUS"",""duration_seconds"":239.0,""end_utc"":""1959-09-08T23:18:58+00:00"",""exposure_active"":134679,""exposure_current"":42404,""start_utc"":""1959-09-08T23:14:59+00:00""}]",1,239.000000,239.000000,12894,116080,41115,113342,1,1,32.8860813466,1.0000000000,0.0279904020,1.0000000000,402.491931,GE100_LT500,POST_SPUTNIK_OR_SAME_LAUNCH_DATE,False,False
42404|134680,42404,134680,10386,91550,102,208,"Hamburg-Bergedorf, Germany","Dr. Remeis-Observatory, Bamberg, Germany","Dr. Remeis-Observatory, Bamberg, Germany | Hamburg-Bergedorf, Germany",OVERLAP,0.000000,"[{""a_fragment"":""PARENT_PROVISIONAL_CONTINUOUS"",""b_fragment"":""PARENT_PROVISIONAL_CONTINUOUS"",""duration_seconds"":239.0,""end_utc"":""1959-09-08T23:18:58+00:00"",""exposure_active"":134680,""exposure_current"":42404,""start_utc"":""1959-09-08T23:14:59+00:00""}]",1,239.000000,239.000000,12894,116081,41115,113347,1,1,13.3118594753,0.3782370353,0.0053590083,0.3782370353,402.491931,GE100_LT500,POST_SPUTNIK_OR_SAME_LAUNCH_DATE,False,False
42405|134679,42405,134679,10387,91549,102,208,"Hamburg-Bergedorf, Germany","Dr. Remeis-Observatory, Bamberg, Germany","Dr. Remeis-Observatory, Bamberg, Germany | Hamburg-Bergedorf, Germany",OVERLAP,0.000000,"[{""a_fragment"":""PARENT_PROVISIONAL_CONTINUOUS"",""b_fragment"":""PARENT_PROVISIONAL_CONTINUOUS"",""duration_seconds"":240.0,""end_utc"":""1959-09-08T23:34:56+00:00"",""exposure_active"":134679,""exposure_current"":42405,""start_utc"":""1959-09-08T23:30:56+00:00""}]",1,240.000000,240.000000,12896,116080,41118,113342,1,1,33.2830817948,1.0000000000,0.0280261902,1.0000000000,402.491931,GE100_LT500,POST_SPUTNIK_OR_SAME_LAUNCH_DATE,False,False
42405|134680,42405,134680,10387,91550,102,208,"Hamburg-Bergedorf, Germany","Dr. Remeis-Observatory, Bamberg, Germany","Dr. Remeis-Observatory, Bamberg, Germany | Hamburg-Bergedorf, Germany",OVERLAP,0.000000,"[{""a_fragment"":""PARENT_PROVISIONAL_CONTINUOUS"",""b_fragment"":""PARENT_PROVISIONAL_CONTINUOUS"",""duration_seconds"":240.0,""end_utc"":""1959-09-08T23:34:56+00:00"",""exposure_active"":134680,""exposure_current"":42405,""start_utc"":""1959-09-08T23:30:56+00:00""}]",1,240.000000,240.000000,12896,116081,41118,113347,1,1,10.3620857861,0.2899522575,0.0040922306,0.2899522575,402.491931,GE100_LT500,POST_SPUTNIK_OR_SAME_LAUNCH_DATE,False,False
42409|134687,42409,134687,10391,91557,102,208,"Hamburg-Bergedorf, Germany","Dr. Remeis-Observatory, Bamberg, Germany","Dr. Remeis-Observatory, Bamberg, Germany | Hamburg-Bergedorf, Germany",OVERLAP,0.000000,"[{""a_fragment"":""PARENT_PROVISIONAL_CONTINUOUS"",""b_fragment"":""PARENT_PROVISIONAL_CONTINUOUS"",""duration_seconds"":180.0,""end_utc"":""1959-09-09T01:54:33+00:00"",""exposure_active"":134687,""exposure_current"":42409,""start_utc"":""1959-09-09T01:51:33+00:00""}]",1,180.000000,180.000000,12904,116088,41123,113354,1,1,0.0379719188,0.0011096670,0.0000307530,0.0011096670,402.491931,GE100_LT500,POST_SPUTNIK_OR_SAME_LAUNCH_DATE,False,False
42410|134691,42410,134691,10392,91561,102,208,"Hamburg-Bergedorf, Germany","Dr. Remeis-Observatory, Bamberg, Germany","Dr. Remeis-Observatory, Bamberg, Germany | Hamburg-Bergedorf, Germany",OVERLAP,0.000000,"[{""a_fragment"":""PARENT_PROVISIONAL_CONTINUOUS"",""b_fragment"":""PARENT_PROVISIONAL_CONTINUOUS"",""duration_seconds"":180.0,""end_utc"":""1959-09-09T02:12:00+00:00"",""exposure_active"":134691,""exposure_current"":42410,""start_utc"":""1959-09-09T02:09:00+00:00""}]",1,180.000000,180.000000,12906,116092,41126,113358,1,1,32.9119689549,1.0000000000,0.0282226874,1.0000000000,402.491931,GE100_LT500,POST_SPUTNIK_OR_SAME_LAUNCH_DATE,False,False
42410|134692,42410,134692,10392,91562,102,208,"Hamburg-Bergedorf, Germany","Dr. Remeis-Observatory, Bamberg, Germany","Dr. Remeis-Observatory, Bamberg, Germany | Hamburg-Bergedorf, Germany",OVERLAP,0.000000,"[{""a_fragment"":""PARENT_PROVISIONAL_CONTINUOUS"",""b_fragment"":""PARENT_PROVISIONAL_CONTINUOUS"",""duration_seconds"":180.0,""end_utc"":""1959-09-09T02:12:00+00:00"",""exposure_active"":134692,""exposure_current"":42410,""start_utc"":""1959-09-09T02:09:00+00:00""}]",1,180.000000,180.000000,12906,116093,41126,113362,1,1,12.8697888951,0.3657525886,0.0052274512,0.3657525886,402.491931,GE100_LT500,POST_SPUTNIK_OR_SAME_LAUNCH_DATE,False,False
42411|134691,42411,134691,10393,91561,102,208,"Hamburg-Bergedorf, Germany","Dr. Remeis-Observatory, Bamberg, Germany","Dr. Remeis-Observatory, Bamberg, Germany | Hamburg-Bergedorf, Germany",OVERLAP,0.000000,"[{""a_fragment"":""PARENT_PROVISIONAL_CONTINUOUS"",""b_fragment"":""PARENT_PROVISIONAL_CONTINUOUS"",""duration_seconds"":180.0,""end_utc"":""1959-09-09T02:24:28+00:00"",""exposure_active"":134691,""exposure_current"":42411,""start_utc"":""1959-09-09T02:21:28+00:00""}]",1,180.000000,180.000000,12908,116092,41129,113358,1,1,33.0506980086,1.0000000000,0.0281974153,1.0000000000,402.491931,GE100_LT500,POST_SPUTNIK_OR_SAME_LAUNCH_DATE,False,False
42411|134692,42411,134692,10393,91562,102,208,"Hamburg-Bergedorf, Germany","Dr. Remeis-Observatory, Bamberg, Germany","Dr. Remeis-Observatory, Bamberg, Germany | Hamburg-Bergedorf, Germany",OVERLAP,0.000000,"[{""a_fragment"":""PARENT_PROVISIONAL_CONTINUOUS"",""b_fragment"":""PARENT_PROVISIONAL_CONTINUOUS"",""duration_seconds"":180.0,""end_utc"":""1959-09-09T02:24:28+00:00"",""exposure_active"":134692,""exposure_current"":42411,""start_utc"":""1959-09-09T02:21:28+00:00""}]",1,180.000000,180.000000,12908,116093,41129,113362,1,1,11.3413132179,0.3201612034,0.0045580523,0.3201612034,402.491931,GE100_LT500,POST_SPUTNIK_OR_SAME_LAUNCH_DATE,False,False
42471|134827,42471,134827,10412,91697,102,208,"Hamburg-Bergedorf, Germany","Dr. Remeis-Observatory, Bamberg, Germany","Dr. Remeis-Observatory, Bamberg, Germany | Hamburg-Bergedorf, Germany",OVERLAP,0.000000,"[{""a_fragment"":""PARENT_PROVISIONAL_CONTINUOUS"",""b_fragment"":""PARENT_PROVISIONAL_CONTINUOUS"",""duration_seconds"":151.0,""end_utc"":""1959-09-27T20:47:00+00:00"",""exposure_active"":134827,""exposure_current"":42471,""start_utc"":""1959-09-27T20:44:29+00:00""}]",1,151.000000,151.000000,12914,116228,41132,113484,1,1,33.3677365510,1.0000000000,0.0279579185,1.0000000000,402.491931,GE100_LT500,POST_SPUTNIK_OR_SAME_LAUNCH_DATE,False,False
42471|134831,42471,134831,10412,91701,102,208,"Hamburg-Bergedorf, Germany","Dr. Remeis-Observatory, Bamberg, Germany","Dr. Remeis-Observatory, Bamberg, Germany | Hamburg-Bergedorf, Germany",GT0_LE5MIN,272.000000,[],0,0.000000,0.000000,12914,116232,41132,113478,1,1,33.0975606060,1.0000000000,0.0281079604,1.0000000000,402.491931,GE100_LT500,POST_SPUTNIK_OR_SAME_LAUNCH_DATE,False,False
42472|134831,42472,134831,10413,91701,102,208,"Hamburg-Bergedorf, Germany","Dr. Remeis-Observatory, Bamberg, Germany","Dr. Remeis-Observatory, Bamberg, Germany | Hamburg-Bergedorf, Germany",OVERLAP,0.000000,"[{""a_fragment"":""PARENT_PROVISIONAL_CONTINUOUS"",""b_fragment"":""PARENT_PROVISIONAL_CONTINUOUS"",""duration_seconds"":180.0,""end_utc"":""1959-09-27T20:58:57+00:00"",""exposure_active"":134831,""exposure_current"":42472,""start_utc"":""1959-09-27T20:55:57+00:00""}]",1,180.000000,180.000000,12915,116232,41130,113478,1,1,33.0563941742,1.0000000000,0.0281217216,1.0000000000,402.491931,GE100_LT500,POST_SPUTNIK_OR_SAME_LAUNCH_DATE,False,False
42473|134831,42473,134831,10414,91701,102,208,"Hamburg-Bergedorf, Germany","Dr. Remeis-Observatory, Bamberg, Germany","Dr. Remeis-Observatory, Bamberg, Germany | Hamburg-Bergedorf, Germany",OVERLAP,0.000000,"[{""a_fragment"":""PARENT_PROVISIONAL_CONTINUOUS"",""b_fragment"":""PARENT_PROVISIONAL_CONTINUOUS"",""duration_seconds"":179.0,""end_utc"":""1959-09-27T21:19:53+00:00"",""exposure_active"":134831,""exposure_current"":42473,""start_utc"":""1959-09-27T21:16:54+00:00""}]",1,179.000000,179.000000,12918,116232,41133,113478,1,1,33.1839177746,1.0000000000,0.0280762502,1.0000000000,402.491931,GE100_LT500,POST_SPUTNIK_OR_SAME_LAUNCH_DATE,False,False
42477|134839,42477,134839,10416,91709,102,208,"Hamburg-Bergedorf, Germany","Dr. Remeis-Observatory, Bamberg, Germany","Dr. Remeis-Observatory, Bamberg, Germany | Hamburg-Bergedorf, Germany",OVERLAP,0.000000,"[{""a_fragment"":""PARENT_PROVISIONAL_CONTINUOUS"",""b_fragment"":""PARENT_PROVISIONAL_CONTINUOUS"",""duration_seconds"":180.0,""end_utc"":""1959-09-27T23:07:06+00:00"",""exposure_active"":134839,""exposure_current"":42477,""start_utc"":""1959-09-27T23:04:06+00:00""}]",1,180.000000,180.000000,12921,116240,41135,113483,1,1,31.6890925418,0.9522105135,0.0262348548,0.9522105135,402.491931,GE100_LT500,POST_SPUTNIK_OR_SAME_LAUNCH_DATE,False,False
42478|134839,42478,134839,10417,91709,102,208,"Hamburg-Bergedorf, Germany","Dr. Remeis-Observatory, Bamberg, Germany","Dr. Remeis-Observatory, Bamberg, Germany | Hamburg-Bergedorf, Germany",OVERLAP,0.000000,"[{""a_fragment"":""PARENT_PROVISIONAL_CONTINUOUS"",""b_fragment"":""PARENT_PROVISIONAL_CONTINUOUS"",""duration_seconds"":179.0,""end_utc"":""1959-09-27T23:35:31+00:00"",""exposure_active"":134839,""exposure_current"":42478,""start_utc"":""1959-09-27T23:32:32+00:00""}]",1,179.000000,179.000000,12924,116240,41140,113483,1,1,33.1472553562,1.0000000000,0.0278125288,1.0000000000,402.491931,GE100_LT500,POST_SPUTNIK_OR_SAME_LAUNCH_DATE,False,False
42479|134844,42479,134844,10418,91714,102,208,"Hamburg-Bergedorf, Germany","Dr. Remeis-Observatory, Bamberg, Germany","Dr. Remeis-Observatory, Bamberg, Germany | Hamburg-Bergedorf, Germany",OVERLAP,0.000000,"[{""a_fragment"":""PARENT_PROVISIONAL_CONTINUOUS"",""b_fragment"":""PARENT_PROVISIONAL_CONTINUOUS"",""duration_seconds"":180.0,""end_utc"":""1959-09-28T00:13:55+00:00"",""exposure_active"":134844,""exposure_current"":42479,""start_utc"":""1959-09-28T00:10:55+00:00""}]",1,180.000000,180.000000,12925,116245,41143,113490,1,1,7.0165332294,0.1952494146,0.0027297228,0.1952494146,402.491931,GE100_LT500,POST_SPUTNIK_OR_SAME_LAUNCH_DATE,False,False
42480|134844,42480,134844,10419,91714,102,208,"Hamburg-Bergedorf, Germany","Dr. Remeis-Observatory, Bamberg, Germany","Dr. Remeis-Observatory, Bamberg, Germany | Hamburg-Bergedorf, Germany",OVERLAP,0.000000,"[{""a_fragment"":""PARENT_PROVISIONAL_CONTINUOUS"",""b_fragment"":""PARENT_PROVISIONAL_CONTINUOUS"",""duration_seconds"":180.0,""end_utc"":""1959-09-28T00:25:08+00:00"",""exposure_active"":134844,""exposure_current"":42480,""start_utc"":""1959-09-28T00:22:08+00:00""}]",1,180.000000,180.000000,12928,116245,41145,113490,1,1,0.7990944405,0.0217327306,0.0003006907,0.0217327306,402.491931,GE100_LT500,POST_SPUTNIK_OR_SAME_LAUNCH_DATE,False,False
42522|134975,42522,134975,10438,91845,102,208,"Hamburg-Bergedorf, Germany","Dr. Remeis-Observatory, Bamberg, Germany","Dr. Remeis-Observatory, Bamberg, Germany | Hamburg-Bergedorf, Germany",OVERLAP,0.000000,"[{""a_fragment"":""PARENT_PROVISIONAL_CONTINUOUS"",""b_fragment"":""PARENT_PROVISIONAL_CONTINUOUS"",""duration_seconds"":180.0,""end_utc"":""1959-10-02T00:26:07+00:00"",""exposure_active"":134975,""exposure_current"":42522,""start_utc"":""1959-10-02T00:23:07+00:00""}]",1,180.000000,180.000000,12938,116376,41158,113605,1,1,13.3337580197,0.3941862657,0.0109599455,0.3941862657,402.491931,GE100_LT500,POST_SPUTNIK_OR_SAME_LAUNCH_DATE,False,False
42523|134975,42523,134975,10439,91845,102,208,"Hamburg-Bergedorf, Germany","Dr. Remeis-Observatory, Bamberg, Germany","Dr. Remeis-Observatory, Bamberg, Germany | Hamburg-Bergedorf, Germany",OVERLAP,0.000000,"[{""a_fragment"":""PARENT_PROVISIONAL_CONTINUOUS"",""b_fragment"":""PARENT_PROVISIONAL_CONTINUOUS"",""duration_seconds"":179.0,""end_utc"":""1959-10-02T00:39:04+00:00"",""exposure_active"":134975,""exposure_current"":42523,""start_utc"":""1959-10-02T00:36:05+00:00""}]",1,179.000000,179.000000,12939,116376,41154,113605,-1,1,33.2916813558,1.0000000000,0.0278562550,1.0000000000,402.491931,GE100_LT500,POST_SPUTNIK_OR_SAME_LAUNCH_DATE,False,False
42524|134975,42524,134975,10440,91845,102,208,"Hamburg-Bergedorf, Germany","Dr. Remeis-Observatory, Bamberg, Germany","Dr. Remeis-Observatory, Bamberg, Germany | Hamburg-Bergedorf, Germany",GT0_LE5MIN,32.000000,[],0,0.000000,0.000000,12941,116376,41157,113605,1,1,33.0905468184,1.0000000000,0.0279834841,1.0000000000,402.491931,GE100_LT500,POST_SPUTNIK_OR_SAME_LAUNCH_DATE,False,False
42527|134979,42527,134979,10443,91849,102,208,"Hamburg-Bergedorf, Germany","Dr. Remeis-Observatory, Bamberg, Germany","Dr. Remeis-Observatory, Bamberg, Germany | Hamburg-Bergedorf, Germany",OVERLAP,0.000000,"[{""a_fragment"":""PARENT_PROVISIONAL_CONTINUOUS"",""b_fragment"":""PARENT_PROVISIONAL_CONTINUOUS"",""duration_seconds"":179.0,""end_utc"":""1959-10-02T01:38:24+00:00"",""exposure_active"":134979,""exposure_current"":42527,""start_utc"":""1959-10-02T01:35:25+00:00""}]",1,179.000000,179.000000,12948,116380,41161,113617,1,1,24.2516101978,0.7238149503,0.0201069669,0.7238149503,402.491931,GE100_LT500,POST_SPUTNIK_OR_SAME_LAUNCH_DATE,False,False
42528|134979,42528,134979,10444,91849,102,208,"Hamburg-Bergedorf, Germany","Dr. Remeis-Observatory, Bamberg, Germany","Dr. Remeis-Observatory, Bamberg, Germany | Hamburg-Bergedorf, Germany",OVERLAP,0.000000,"[{""a_fragment"":""PARENT_PROVISIONAL_CONTINUOUS"",""b_fragment"":""PARENT_PROVISIONAL_CONTINUOUS"",""duration_seconds"":179.0,""end_utc"":""1959-10-02T01:50:22+00:00"",""exposure_active"":134979,""exposure_current"":42528,""start_utc"":""1959-10-02T01:47:23+00:00""}]",1,179.000000,179.000000,12949,116380,41162,113617,1,1,33.2358084051,1.0000000000,0.0279753943,1.0000000000,402.491931,GE100_LT500,POST_SPUTNIK_OR_SAME_LAUNCH_DATE,False,False
42541|135057,42541,135057,10449,91927,102,208,"Hamburg-Bergedorf, Germany","Dr. Remeis-Observatory, Bamberg, Germany","Dr. Remeis-Observatory, Bamberg, Germany | Hamburg-Bergedorf, Germany",OVERLAP,0.000000,"[{""a_fragment"":""PARENT_PROVISIONAL_CONTINUOUS"",""b_fragment"":""PARENT_PROVISIONAL_CONTINUOUS"",""duration_seconds"":179.0,""end_utc"":""1959-10-04T21:43:43+00:00"",""exposure_active"":135057,""exposure_current"":42541,""start_utc"":""1959-10-04T21:40:44+00:00""}]",1,179.000000,179.000000,12960,116458,41176,113675,1,1,6.5518761731,0.1973123840,0.0495466940,0.1973123840,402.491931,GE100_LT500,POST_SPUTNIK_OR_SAME_LAUNCH_DATE,False,False
42541|135058,42541,135058,10449,91928,102,208,"Hamburg-Bergedorf, Germany","Dr. Remeis-Observatory, Bamberg, Germany","Dr. Remeis-Observatory, Bamberg, Germany | Hamburg-Bergedorf, Germany",OVERLAP,0.000000,"[{""a_fragment"":""PARENT_PROVISIONAL_CONTINUOUS"",""b_fragment"":""PARENT_PROVISIONAL_CONTINUOUS"",""duration_seconds"":179.0,""end_utc"":""1959-10-04T21:43:43+00:00"",""exposure_active"":135058,""exposure_current"":42541,""start_utc"":""1959-10-04T21:40:44+00:00""}]",1,179.000000,179.000000,12960,116459,41176,113676,1,1,31.9526096268,0.9382147315,0.0259528695,0.9382147315,402.491931,GE100_LT500,POST_SPUTNIK_OR_SAME_LAUNCH_DATE,False,False
42542|135057,42542,135057,10450,91927,102,208,"Hamburg-Bergedorf, Germany","Dr. Remeis-Observatory, Bamberg, Germany","Dr. Remeis-Observatory, Bamberg, Germany | Hamburg-Bergedorf, Germany",OVERLAP,0.000000,"[{""a_fragment"":""PARENT_PROVISIONAL_CONTINUOUS"",""b_fragment"":""PARENT_PROVISIONAL_CONTINUOUS"",""duration_seconds"":180.0,""end_utc"":""1959-10-04T21:54:12+00:00"",""exposure_active"":135057,""exposure_current"":42542,""start_utc"":""1959-10-04T21:51:12+00:00""}]",1,180.000000,180.000000,12961,116458,41172,113675,1,1,10.7142179434,0.3245508015,0.0811990907,0.3245508015,402.491931,GE100_LT500,POST_SPUTNIK_OR_SAME_LAUNCH_DATE,False,False
42542|135058,42542,135058,10450,91928,102,208,"Hamburg-Bergedorf, Germany","Dr. Remeis-Observatory, Bamberg, Germany","Dr. Remeis-Observatory, Bamberg, Germany | Hamburg-Bergedorf, Germany",OVERLAP,0.000000,"[{""a_fragment"":""PARENT_PROVISIONAL_CONTINUOUS"",""b_fragment"":""PARENT_PROVISIONAL_CONTINUOUS"",""duration_seconds"":180.0,""end_utc"":""1959-10-04T21:54:12+00:00"",""exposure_active"":135058,""exposure_current"":42542,""start_utc"":""1959-10-04T21:51:12+00:00""}]",1,180.000000,180.000000,12961,116459,41172,113676,1,1,32.5557961246,0.9644745632,0.0266208058,0.9644745632,402.491931,GE100_LT500,POST_SPUTNIK_OR_SAME_LAUNCH_DATE,False,False
42543|135061,42543,135061,10451,91931,102,208,"Hamburg-Bergedorf, Germany","Dr. Remeis-Observatory, Bamberg, Germany","Dr. Remeis-Observatory, Bamberg, Germany | Hamburg-Bergedorf, Germany",OVERLAP,0.000000,"[{""a_fragment"":""PARENT_PROVISIONAL_CONTINUOUS"",""b_fragment"":""PARENT_PROVISIONAL_CONTINUOUS"",""duration_seconds"":180.0,""end_utc"":""1959-10-04T22:11:39+00:00"",""exposure_active"":135061,""exposure_current"":42543,""start_utc"":""1959-10-04T22:08:39+00:00""}]",1,180.000000,180.000000,12964,116462,41188,113677,1,1,4.2009532436,0.1259828124,0.0319742078,0.1259828124,402.491931,GE100_LT500,POST_SPUTNIK_OR_SAME_LAUNCH_DATE,False,False
42543|135062,42543,135062,10451,91932,102,208,"Hamburg-Bergedorf, Germany","Dr. Remeis-Observatory, Bamberg, Germany","Dr. Remeis-Observatory, Bamberg, Germany | Hamburg-Bergedorf, Germany",OVERLAP,0.000000,"[{""a_fragment"":""PARENT_PROVISIONAL_CONTINUOUS"",""b_fragment"":""PARENT_PROVISIONAL_CONTINUOUS"",""duration_seconds"":180.0,""end_utc"":""1959-10-04T22:11:39+00:00"",""exposure_active"":135062,""exposure_current"":42543,""start_utc"":""1959-10-04T22:08:39+00:00""}]",1,180.000000,180.000000,12964,116463,41188,113674,1,1,30.8636172761,0.9021908006,0.0249374369,0.9021908006,402.491931,GE100_LT500,POST_SPUTNIK_OR_SAME_LAUNCH_DATE,False,False
42544|135061,42544,135061,10452,91931,102,208,"Hamburg-Bergedorf, Germany","Dr. Remeis-Observatory, Bamberg, Germany","Dr. Remeis-Observatory, Bamberg, Germany | Hamburg-Bergedorf, Germany",OVERLAP,0.000000,"[{""a_fragment"":""PARENT_PROVISIONAL_CONTINUOUS"",""b_fragment"":""PARENT_PROVISIONAL_CONTINUOUS"",""duration_seconds"":179.0,""end_utc"":""1959-10-04T22:22:37+00:00"",""exposure_active"":135061,""exposure_current"":42544,""start_utc"":""1959-10-04T22:19:38+00:00""}]",1,179.000000,179.000000,12965,116462,41177,113677,1,1,10.6250371555,0.3220048830,0.0811458892,0.3220048830,402.491931,GE100_LT500,POST_SPUTNIK_OR_SAME_LAUNCH_DATE,False,False
42544|135062,42544,135062,10452,91932,102,208,"Hamburg-Bergedorf, Germany","Dr. Remeis-Observatory, Bamberg, Germany","Dr. Remeis-Observatory, Bamberg, Germany | Hamburg-Bergedorf, Germany",OVERLAP,0.000000,"[{""a_fragment"":""PARENT_PROVISIONAL_CONTINUOUS"",""b_fragment"":""PARENT_PROVISIONAL_CONTINUOUS"",""duration_seconds"":179.0,""end_utc"":""1959-10-04T22:22:37+00:00"",""exposure_active"":135062,""exposure_current"":42544,""start_utc"":""1959-10-04T22:19:38+00:00""}]",1,179.000000,179.000000,12965,116463,41177,113674,1,1,32.2879861005,0.9565655751,0.0263005846,0.9565655751,402.491931,GE100_LT500,POST_SPUTNIK_OR_SAME_LAUNCH_DATE,False,False
42669|135312,42669,135312,10487,92182,102,208,"Hamburg-Bergedorf, Germany","Dr. Remeis-Observatory, Bamberg, Germany","Dr. Remeis-Observatory, Bamberg, Germany | Hamburg-Bergedorf, Germany",OVERLAP,0.000000,"[{""a_fragment"":""PARENT_PROVISIONAL_CONTINUOUS"",""b_fragment"":""PARENT_PROVISIONAL_CONTINUOUS"",""duration_seconds"":179.0,""end_utc"":""1959-11-20T18:06:00+00:00"",""exposure_active"":135312,""exposure_current"":42669,""start_utc"":""1959-11-20T18:03:01+00:00""}]",1,179.000000,179.000000,13023,116713,41327,113898,1,1,0.7556405592,0.0227817395,0.0037206010,0.0227817395,402.491931,GE100_LT500,POST_SPUTNIK_OR_SAME_LAUNCH_DATE,False,False
42704|135506,42704,135506,10521,92376,102,208,"Hamburg-Bergedorf, Germany","Dr. Remeis-Observatory, Bamberg, Germany","Dr. Remeis-Observatory, Bamberg, Germany | Hamburg-Bergedorf, Germany",OVERLAP,0.000000,"[{""a_fragment"":""PARENT_PROVISIONAL_CONTINUOUS"",""b_fragment"":""PARENT_PROVISIONAL_CONTINUOUS"",""duration_seconds"":20.0,""end_utc"":""1960-02-21T19:11:30+00:00"",""exposure_active"":135506,""exposure_current"":42704,""start_utc"":""1960-02-21T19:11:10+00:00""}]",1,20.000000,20.000000,13091,116906,41382,114052,1,1,33.3091409535,1.0000000000,0.0278247392,1.0000000000,402.491931,GE100_LT500,POST_SPUTNIK_OR_SAME_LAUNCH_DATE,False,False
42709|135521,42709,135521,10526,92391,102,208,"Hamburg-Bergedorf, Germany","Dr. Remeis-Observatory, Bamberg, Germany","Dr. Remeis-Observatory, Bamberg, Germany | Hamburg-Bergedorf, Germany",GT0_LE5MIN,97.000000,[],0,0.000000,0.000000,13101,116921,41392,114064,1,1,33.3443112779,1.0000000000,0.0278952948,1.0000000000,402.491931,GE100_LT500,POST_SPUTNIK_OR_SAME_LAUNCH_DATE,False,False
42737|135626,42737,135626,10547,92496,102,208,"Hamburg-Bergedorf, Germany","Dr. Remeis-Observatory, Bamberg, Germany","Dr. Remeis-Observatory, Bamberg, Germany | Hamburg-Bergedorf, Germany",OVERLAP,0.000000,"[{""a_fragment"":""PARENT_PROVISIONAL_CONTINUOUS"",""b_fragment"":""PARENT_PROVISIONAL_CONTINUOUS"",""duration_seconds"":1069.0,""end_utc"":""1960-03-24T00:16:00+00:00"",""exposure_active"":135626,""exposure_current"":42737,""start_utc"":""1960-03-23T23:58:11+00:00""}]",1,1069.000000,1069.000000,13120,117026,41414,114155,-1,1,33.1387428903,1.0000000000,0.0283625733,1.0000000000,402.491931,GE100_LT500,POST_SPUTNIK_OR_SAME_LAUNCH_DATE,False,False
42737|135631,42737,135631,10547,92501,102,208,"Hamburg-Bergedorf, Germany","Dr. Remeis-Observatory, Bamberg, Germany","Dr. Remeis-Observatory, Bamberg, Germany | Hamburg-Bergedorf, Germany",GT0_LE5MIN,293.000000,[],0,0.000000,0.000000,13120,117031,41414,114164,-1,1,28.5367921628,0.8473304492,0.0244266278,0.8473304492,402.491931,GE100_LT500,POST_SPUTNIK_OR_SAME_LAUNCH_DATE,False,False
42738|135631,42738,135631,10547,92501,102,208,"Hamburg-Bergedorf, Germany","Dr. Remeis-Observatory, Bamberg, Germany","Dr. Remeis-Observatory, Bamberg, Germany | Hamburg-Bergedorf, Germany",OVERLAP,0.000000,"[{""a_fragment"":""PARENT_PROVISIONAL_CONTINUOUS"",""b_fragment"":""PARENT_PROVISIONAL_CONTINUOUS"",""duration_seconds"":419.0,""end_utc"":""1960-03-24T00:34:05+00:00"",""exposure_active"":135631,""exposure_current"":42738,""start_utc"":""1960-03-24T00:27:06+00:00""}]",1,419.000000,419.000000,13120,117031,41414,114164,-1,1,28.5367921628,0.8473304492,0.0244266278,0.8473304492,402.491931,GE100_LT500,POST_SPUTNIK_OR_SAME_LAUNCH_DATE,False,False
42739|135631,42739,135631,10547,92501,102,208,"Hamburg-Bergedorf, Germany","Dr. Remeis-Observatory, Bamberg, Germany","Dr. Remeis-Observatory, Bamberg, Germany | Hamburg-Bergedorf, Germany",OVERLAP,0.000000,"[{""a_fragment"":""PARENT_PROVISIONAL_CONTINUOUS"",""b_fragment"":""PARENT_PROVISIONAL_CONTINUOUS"",""duration_seconds"":120.0,""end_utc"":""1960-03-24T00:36:34+00:00"",""exposure_active"":135631,""exposure_current"":42739,""start_utc"":""1960-03-24T00:34:34+00:00""}]",1,120.000000,120.000000,13120,117031,41414,114164,-1,1,28.5367921628,0.8473304492,0.0244266278,0.8473304492,402.491931,GE100_LT500,POST_SPUTNIK_OR_SAME_LAUNCH_DATE,False,False
42740|135631,42740,135631,10548,92501,102,208,"Hamburg-Bergedorf, Germany","Dr. Remeis-Observatory, Bamberg, Germany","Dr. Remeis-Observatory, Bamberg, Germany | Hamburg-Bergedorf, Germany",OVERLAP,0.000000,"[{""a_fragment"":""PARENT_PROVISIONAL_CONTINUOUS"",""b_fragment"":""PARENT_PROVISIONAL_CONTINUOUS"",""duration_seconds"":897.0,""end_utc"":""1960-03-24T00:59:30+00:00"",""exposure_active"":135631,""exposure_current"":42740,""start_utc"":""1960-03-24T00:44:33+00:00""}]",1,897.000000,897.000000,13122,117031,41415,114164,1,1,28.3367513308,0.8485134640,0.0242552500,0.8485134640,402.491931,GE100_LT500,POST_SPUTNIK_OR_SAME_LAUNCH_DATE,False,False
42744|135648,42744,135648,10550,92518,102,208,"Hamburg-Bergedorf, Germany","Dr. Remeis-Observatory, Bamberg, Germany","Dr. Remeis-Observatory, Bamberg, Germany | Hamburg-Bergedorf, Germany",OVERLAP,0.000000,"[{""a_fragment"":""PARENT_PROVISIONAL_CONTINUOUS"",""b_fragment"":""PARENT_PROVISIONAL_CONTINUOUS"",""duration_seconds"":360.0,""end_utc"":""1960-03-24T20:25:49+00:00"",""exposure_active"":135648,""exposure_current"":42744,""start_utc"":""1960-03-24T20:19:49+00:00""}]",1,360.000000,360.000000,13126,117048,41427,114172,1,1,1.0755023006,0.0324717437,0.0119325161,0.0324717437,402.491931,GE100_LT500,POST_SPUTNIK_OR_SAME_LAUNCH_DATE,False,False
42744|135649,42744,135649,10550,92519,102,208,"Hamburg-Bergedorf, Germany","Dr. Remeis-Observatory, Bamberg, Germany","Dr. Remeis-Observatory, Bamberg, Germany | Hamburg-Bergedorf, Germany",OVERLAP,0.000000,"[{""a_fragment"":""PARENT_PROVISIONAL_CONTINUOUS"",""b_fragment"":""PARENT_PROVISIONAL_CONTINUOUS"",""duration_seconds"":360.0,""end_utc"":""1960-03-24T20:25:49+00:00"",""exposure_active"":135649,""exposure_current"":42744,""start_utc"":""1960-03-24T20:19:49+00:00""}]",1,360.000000,360.000000,13126,117049,41427,114176,1,1,4.5552441289,0.1363711066,0.0223068824,0.1363711066,402.491931,GE100_LT500,POST_SPUTNIK_OR_SAME_LAUNCH_DATE,False,False
42745|135648,42745,135648,10551,92518,102,208,"Hamburg-Bergedorf, Germany","Dr. Remeis-Observatory, Bamberg, Germany","Dr. Remeis-Observatory, Bamberg, Germany | Hamburg-Bergedorf, Germany",OVERLAP,0.000000,"[{""a_fragment"":""PARENT_PROVISIONAL_CONTINUOUS"",""b_fragment"":""PARENT_PROVISIONAL_CONTINUOUS"",""duration_seconds"":256.0,""end_utc"":""1960-03-24T21:01:00+00:00"",""exposure_active"":135648,""exposure_current"":42745,""start_utc"":""1960-03-24T20:56:44+00:00""}]",1,256.000000,256.000000,13129,117048,41431,114172,1,1,0.9868882684,0.0296635115,0.0109487659,0.0296635115,402.491931,GE100_LT500,POST_SPUTNIK_OR_SAME_LAUNCH_DATE,False,False
42745|135649,42745,135649,10551,92519,102,208,"Hamburg-Bergedorf, Germany","Dr. Remeis-Observatory, Bamberg, Germany","Dr. Remeis-Observatory, Bamberg, Germany | Hamburg-Bergedorf, Germany",OVERLAP,0.000000,"[{""a_fragment"":""PARENT_PROVISIONAL_CONTINUOUS"",""b_fragment"":""PARENT_PROVISIONAL_CONTINUOUS"",""duration_seconds"":256.0,""end_utc"":""1960-03-24T21:01:00+00:00"",""exposure_active"":135649,""exposure_current"":42745,""start_utc"":""1960-03-24T20:56:44+00:00""}]",1,256.000000,256.000000,13129,117049,41431,114176,1,1,4.5496254778,0.1355966659,0.0222782966,0.1355966659,402.491931,GE100_LT500,POST_SPUTNIK_OR_SAME_LAUNCH_DATE,False,False
42745|135653,42745,135653,10551,92523,102,208,"Hamburg-Bergedorf, Germany","Dr. Remeis-Observatory, Bamberg, Germany","Dr. Remeis-Observatory, Bamberg, Germany | Hamburg-Bergedorf, Germany",GT0_LE5MIN,257.000000,[],0,0.000000,0.000000,13129,117053,41431,114177,1,1,30.9189281174,0.9339274659,0.3446505466,0.9339274659,402.491931,GE100_LT500,POST_SPUTNIK_OR_SAME_LAUNCH_DATE,False,False
42745|135654,42745,135654,10551,92524,102,208,"Hamburg-Bergedorf, Germany","Dr. Remeis-Observatory, Bamberg, Germany","Dr. Remeis-Observatory, Bamberg, Germany | Hamburg-Bergedorf, Germany",GT0_LE5MIN,257.000000,[],0,0.000000,0.000000,13129,117054,41431,114180,1,1,10.4090645014,0.3116120456,0.0512058296,0.3116120456,402.491931,GE100_LT500,POST_SPUTNIK_OR_SAME_LAUNCH_DATE,False,False
42746|135653,42746,135653,10552,92523,102,208,"Hamburg-Bergedorf, Germany","Dr. Remeis-Observatory, Bamberg, Germany","Dr. Remeis-Observatory, Bamberg, Germany | Hamburg-Bergedorf, Germany",OVERLAP,0.000000,"[{""a_fragment"":""PARENT_PROVISIONAL_CONTINUOUS"",""b_fragment"":""PARENT_PROVISIONAL_CONTINUOUS"",""duration_seconds"":598.0,""end_utc"":""1960-03-24T21:49:35+00:00"",""exposure_active"":135653,""exposure_current"":42746,""start_utc"":""1960-03-24T21:39:37+00:00""}]",1,598.000000,598.000000,13131,117053,41436,114177,1,1,30.8355604879,0.9355645025,0.3437222458,0.9355645025,402.491931,GE100_LT500,POST_SPUTNIK_OR_SAME_LAUNCH_DATE,False,False
42746|135654,42746,135654,10552,92524,102,208,"Hamburg-Bergedorf, Germany","Dr. Remeis-Observatory, Bamberg, Germany","Dr. Remeis-Observatory, Bamberg, Germany | Hamburg-Bergedorf, Germany",OVERLAP,0.000000,"[{""a_fragment"":""PARENT_PROVISIONAL_CONTINUOUS"",""b_fragment"":""PARENT_PROVISIONAL_CONTINUOUS"",""duration_seconds"":598.0,""end_utc"":""1960-03-24T21:49:35+00:00"",""exposure_active"":135654,""exposure_current"":42746,""start_utc"":""1960-03-24T21:39:37+00:00""}]",1,598.000000,598.000000,13131,117054,41436,114180,1,1,10.3338798645,0.3107395151,0.0508357416,0.3107395151,402.491931,GE100_LT500,POST_SPUTNIK_OR_SAME_LAUNCH_DATE,False,False
42761|135720,42761,135720,10567,92590,102,208,"Hamburg-Bergedorf, Germany","Dr. Remeis-Observatory, Bamberg, Germany","Dr. Remeis-Observatory, Bamberg, Germany | Hamburg-Bergedorf, Germany",OVERLAP,0.000000,"[{""a_fragment"":""PARENT_PROVISIONAL_CONTINUOUS"",""b_fragment"":""PARENT_PROVISIONAL_CONTINUOUS"",""duration_seconds"":240.0,""end_utc"":""1960-04-01T23:07:50+00:00"",""exposure_active"":135720,""exposure_current"":42761,""start_utc"":""1960-04-01T23:03:50+00:00""}]",1,240.000000,240.000000,13160,117120,41463,114235,1,1,1.5113895406,0.0457963240,0.0114315492,0.0457963240,402.491931,GE100_LT500,POST_SPUTNIK_OR_SAME_LAUNCH_DATE,False,False
42762|135720,42762,135720,10568,92590,102,208,"Hamburg-Bergedorf, Germany","Dr. Remeis-Observatory, Bamberg, Germany","Dr. Remeis-Observatory, Bamberg, Germany | Hamburg-Bergedorf, Germany",OVERLAP,0.000000,"[{""a_fragment"":""PARENT_PROVISIONAL_CONTINUOUS"",""b_fragment"":""PARENT_PROVISIONAL_CONTINUOUS"",""duration_seconds"":240.0,""end_utc"":""1960-04-01T23:20:48+00:00"",""exposure_active"":135720,""exposure_current"":42762,""start_utc"":""1960-04-01T23:16:48+00:00""}]",1,240.000000,240.000000,13163,117120,41466,114235,1,1,2.1389558764,0.0647331967,0.0161544211,0.0647331967,402.491931,GE100_LT500,POST_SPUTNIK_OR_SAME_LAUNCH_DATE,False,False
42763|135725,42763,135725,10569,92595,102,208,"Hamburg-Bergedorf, Germany","Dr. Remeis-Observatory, Bamberg, Germany","Dr. Remeis-Observatory, Bamberg, Germany | Hamburg-Bergedorf, Germany",OVERLAP,0.000000,"[{""a_fragment"":""PARENT_PROVISIONAL_CONTINUOUS"",""b_fragment"":""PARENT_PROVISIONAL_CONTINUOUS"",""duration_seconds"":239.0,""end_utc"":""1960-04-01T23:58:41+00:00"",""exposure_active"":135725,""exposure_current"":42763,""start_utc"":""1960-04-01T23:54:42+00:00""}]",1,239.000000,239.000000,13165,117125,41468,114240,1,1,0.8914148721,0.0270008185,0.0067575462,0.0270008185,402.491931,GE100_LT500,POST_SPUTNIK_OR_SAME_LAUNCH_DATE,False,False
42763|135726,42763,135726,10569,92596,102,208,"Hamburg-Bergedorf, Germany","Dr. Remeis-Observatory, Bamberg, Germany","Dr. Remeis-Observatory, Bamberg, Germany | Hamburg-Bergedorf, Germany",OVERLAP,0.000000,"[{""a_fragment"":""PARENT_PROVISIONAL_CONTINUOUS"",""b_fragment"":""PARENT_PROVISIONAL_CONTINUOUS"",""duration_seconds"":239.0,""end_utc"":""1960-04-01T23:58:41+00:00"",""exposure_active"":135726,""exposure_current"":42763,""start_utc"":""1960-04-01T23:54:42+00:00""}]",1,239.000000,239.000000,13165,117126,41468,114239,1,1,30.1697143263,0.8924626340,0.0251243862,0.8924626340,402.491931,GE100_LT500,POST_SPUTNIK_OR_SAME_LAUNCH_DATE,False,False
42764|135724,42764,135724,10570,92594,102,208,"Hamburg-Bergedorf, Germany","Dr. Remeis-Observatory, Bamberg, Germany","Dr. Remeis-Observatory, Bamberg, Germany | Hamburg-Bergedorf, Germany",OVERLAP,0.000000,"[{""a_fragment"":""PARENT_PROVISIONAL_CONTINUOUS"",""b_fragment"":""PARENT_PROVISIONAL_CONTINUOUS"",""duration_seconds"":239.0,""end_utc"":""1960-04-02T00:11:39+00:00"",""exposure_active"":135724,""exposure_current"":42764,""start_utc"":""1960-04-02T00:07:40+00:00""}]",1,239.000000,239.000000,13166,117124,41469,114237,1,1,17.0368792490,0.5155979458,0.0845619540,0.5155979458,402.491931,GE100_LT500,POST_SPUTNIK_OR_SAME_LAUNCH_DATE,False,False
42764|135725,42764,135725,10570,92595,102,208,"Hamburg-Bergedorf, Germany","Dr. Remeis-Observatory, Bamberg, Germany","Dr. Remeis-Observatory, Bamberg, Germany | Hamburg-Bergedorf, Germany",OVERLAP,0.000000,"[{""a_fragment"":""PARENT_PROVISIONAL_CONTINUOUS"",""b_fragment"":""PARENT_PROVISIONAL_CONTINUOUS"",""duration_seconds"":239.0,""end_utc"":""1960-04-02T00:11:39+00:00"",""exposure_active"":135725,""exposure_current"":42764,""start_utc"":""1960-04-02T00:07:40+00:00""}]",1,239.000000,239.000000,13166,117125,41469,114240,1,1,31.2000535638,0.9505668969,0.2379819325,0.9505668969,402.491931,GE100_LT500,POST_SPUTNIK_OR_SAME_LAUNCH_DATE,False,False
42765|135724,42765,135724,10571,92594,102,208,"Hamburg-Bergedorf, Germany","Dr. Remeis-Observatory, Bamberg, Germany","Dr. Remeis-Observatory, Bamberg, Germany | Hamburg-Bergedorf, Germany",OVERLAP,0.000000,"[{""a_fragment"":""PARENT_PROVISIONAL_CONTINUOUS"",""b_fragment"":""PARENT_PROVISIONAL_CONTINUOUS"",""duration_seconds"":204.0,""end_utc"":""1960-04-02T00:32:00+00:00"",""exposure_active"":135724,""exposure_current"":42765,""start_utc"":""1960-04-02T00:28:36+00:00""}]",1,204.000000,204.000000,13169,117124,41472,114237,1,1,6.3920546145,0.1932463550,0.0315854483,0.1932463550,402.491931,GE100_LT500,POST_SPUTNIK_OR_SAME_LAUNCH_DATE,False,False
42765|135725,42765,135725,10571,92595,102,208,"Hamburg-Bergedorf, Germany","Dr. Remeis-Observatory, Bamberg, Germany","Dr. Remeis-Observatory, Bamberg, Germany | Hamburg-Bergedorf, Germany",OVERLAP,0.000000,"[{""a_fragment"":""PARENT_PROVISIONAL_CONTINUOUS"",""b_fragment"":""PARENT_PROVISIONAL_CONTINUOUS"",""duration_seconds"":204.0,""end_utc"":""1960-04-02T00:32:00+00:00"",""exposure_active"":135725,""exposure_current"":42765,""start_utc"":""1960-04-02T00:28:36+00:00""}]",1,204.000000,204.000000,13169,117125,41472,114240,1,1,13.2003957789,0.4014160773,0.1001550689,0.4014160773,402.491931,GE100_LT500,POST_SPUTNIK_OR_SAME_LAUNCH_DATE,False,False
42766|135729,42766,135729,10572,92599,102,208,"Hamburg-Bergedorf, Germany","Dr. Remeis-Observatory, Bamberg, Germany","Dr. Remeis-Observatory, Bamberg, Germany | Hamburg-Bergedorf, Germany",OVERLAP,0.000000,"[{""a_fragment"":""PARENT_PROVISIONAL_CONTINUOUS"",""b_fragment"":""PARENT_PROVISIONAL_CONTINUOUS"",""duration_seconds"":239.0,""end_utc"":""1960-04-02T00:47:33+00:00"",""exposure_active"":135729,""exposure_current"":42766,""start_utc"":""1960-04-02T00:43:34+00:00""}]",1,239.000000,239.000000,13170,117129,41473,114246,1,1,8.5911698173,0.2590633852,0.0424925497,0.2590633852,402.491931,GE100_LT500,POST_SPUTNIK_OR_SAME_LAUNCH_DATE,False,False
42766|135730,42766,135730,10572,92600,102,208,"Hamburg-Bergedorf, Germany","Dr. Remeis-Observatory, Bamberg, Germany","Dr. Remeis-Observatory, Bamberg, Germany | Hamburg-Bergedorf, Germany",OVERLAP,0.000000,"[{""a_fragment"":""PARENT_PROVISIONAL_CONTINUOUS"",""b_fragment"":""PARENT_PROVISIONAL_CONTINUOUS"",""duration_seconds"":239.0,""end_utc"":""1960-04-02T00:47:33+00:00"",""exposure_active"":135730,""exposure_current"":42766,""start_utc"":""1960-04-02T00:43:34+00:00""}]",1,239.000000,239.000000,13170,117130,41473,114243,1,1,14.9376230195,0.4528563118,0.1130743925,0.4528563118,402.491931,GE100_LT500,POST_SPUTNIK_OR_SAME_LAUNCH_DATE,False,False
42919|136177,42919,136177,10652,93047,102,208,"Hamburg-Bergedorf, Germany","Dr. Remeis-Observatory, Bamberg, Germany","Dr. Remeis-Observatory, Bamberg, Germany | Hamburg-Bergedorf, Germany",OVERLAP,0.000000,"[{""a_fragment"":""PARENT_PROVISIONAL_CONTINUOUS"",""b_fragment"":""PARENT_PROVISIONAL_CONTINUOUS"",""duration_seconds"":120.0,""end_utc"":""1960-09-13T20:11:47+00:00"",""exposure_active"":136177,""exposure_current"":42919,""start_utc"":""1960-09-13T20:09:47+00:00""}]",1,120.000000,120.000000,13174,117572,41476,114636,1,1,29.3385048062,0.8853545757,0.1462820685,0.8853545757,402.491931,GE100_LT500,POST_SPUTNIK_OR_SAME_LAUNCH_DATE,False,False
42920|136177,42920,136177,10653,93047,102,208,"Hamburg-Bergedorf, Germany","Dr. Remeis-Observatory, Bamberg, Germany","Dr. Remeis-Observatory, Bamberg, Germany | Hamburg-Bergedorf, Germany",OVERLAP,0.000000,"[{""a_fragment"":""PARENT_PROVISIONAL_CONTINUOUS"",""b_fragment"":""PARENT_PROVISIONAL_CONTINUOUS"",""duration_seconds"":1197.0,""end_utc"":""1960-09-13T20:47:41+00:00"",""exposure_active"":136177,""exposure_current"":42920,""start_utc"":""1960-09-13T20:27:44+00:00""}]",1,1197.000000,1197.000000,13176,117572,41478,114636,1,1,29.3726795860,0.8867542438,0.1464542367,0.8867542438,402.491931,GE100_LT500,POST_SPUTNIK_OR_SAME_LAUNCH_DATE,False,False
42921|136177,42921,136177,10654,93047,102,208,"Hamburg-Bergedorf, Germany","Dr. Remeis-Observatory, Bamberg, Germany","Dr. Remeis-Observatory, Bamberg, Germany | Hamburg-Bergedorf, Germany",OVERLAP,0.000000,"[{""a_fragment"":""PARENT_PROVISIONAL_CONTINUOUS"",""b_fragment"":""PARENT_PROVISIONAL_CONTINUOUS"",""duration_seconds"":240.0,""end_utc"":""1960-09-13T21:00:39+00:00"",""exposure_active"":136177,""exposure_current"":42921,""start_utc"":""1960-09-13T20:56:39+00:00""}]",1,240.000000,240.000000,13178,117572,41483,114636,1,1,29.4853114596,0.8868970083,0.1470160687,0.8868970083,402.491931,GE100_LT500,POST_SPUTNIK_OR_SAME_LAUNCH_DATE,False,False
42922|136177,42922,136177,10655,93047,102,208,"Hamburg-Bergedorf, Germany","Dr. Remeis-Observatory, Bamberg, Germany","Dr. Remeis-Observatory, Bamberg, Germany | Hamburg-Bergedorf, Germany",GT0_LE5MIN,98.000000,[],0,0.000000,0.000000,13180,117572,41487,114636,1,1,29.3436702803,0.8839362433,0.1463063379,0.8839362433,402.491931,GE100_LT500,POST_SPUTNIK_OR_SAME_LAUNCH_DATE,False,False
42922|136182,42922,136182,10655,93052,102,208,"Hamburg-Bergedorf, Germany","Dr. Remeis-Observatory, Bamberg, Germany","Dr. Remeis-Observatory, Bamberg, Germany | Hamburg-Bergedorf, Germany",GT0_LE5MIN,143.000000,[],0,0.000000,0.000000,13180,117577,41487,114644,1,1,32.6160731793,0.9832358026,0.1626287807,0.9832358026,402.491931,GE100_LT500,POST_SPUTNIK_OR_SAME_LAUNCH_DATE,False,False
43040|136400,43040,136400,10691,93270,102,208,"Hamburg-Bergedorf, Germany","Dr. Remeis-Observatory, Bamberg, Germany","Dr. Remeis-Observatory, Bamberg, Germany | Hamburg-Bergedorf, Germany",OVERLAP,0.000000,"[{""a_fragment"":""PARENT_PROVISIONAL_CONTINUOUS"",""b_fragment"":""PARENT_PROVISIONAL_CONTINUOUS"",""duration_seconds"":705.0,""end_utc"":""1960-11-17T00:41:00+00:00"",""exposure_active"":136400,""exposure_current"":43040,""start_utc"":""1960-11-17T00:29:15+00:00""}]",1,705.000000,705.000000,13243,117787,41573,114836,1,1,2.4031677616,0.0718757553,0.0117715101,0.0718757553,402.491931,GE100_LT500,POST_SPUTNIK_OR_SAME_LAUNCH_DATE,False,False
43040|136401,43040,136401,10691,93271,102,208,"Hamburg-Bergedorf, Germany","Dr. Remeis-Observatory, Bamberg, Germany","Dr. Remeis-Observatory, Bamberg, Germany | Hamburg-Bergedorf, Germany",OVERLAP,0.000000,"[{""a_fragment"":""PARENT_PROVISIONAL_CONTINUOUS"",""b_fragment"":""PARENT_PROVISIONAL_CONTINUOUS"",""duration_seconds"":705.0,""end_utc"":""1960-11-17T00:41:00+00:00"",""exposure_active"":136401,""exposure_current"":43040,""start_utc"":""1960-11-17T00:29:15+00:00""}]",1,705.000000,705.000000,13243,117788,41573,114833,1,1,15.4563233580,0.4686426945,0.1729092021,0.4686426945,402.491931,GE100_LT500,POST_SPUTNIK_OR_SAME_LAUNCH_DATE,False,False
43040|136402,43040,136402,10691,93272,102,208,"Hamburg-Bergedorf, Germany","Dr. Remeis-Observatory, Bamberg, Germany","Dr. Remeis-Observatory, Bamberg, Germany | Hamburg-Bergedorf, Germany",OVERLAP,0.000000,"[{""a_fragment"":""PARENT_PROVISIONAL_CONTINUOUS"",""b_fragment"":""PARENT_PROVISIONAL_CONTINUOUS"",""duration_seconds"":705.0,""end_utc"":""1960-11-17T00:41:00+00:00"",""exposure_active"":136402,""exposure_current"":43040,""start_utc"":""1960-11-17T00:29:15+00:00""}]",1,705.000000,705.000000,13243,117789,41573,114832,1,1,0.2282027319,0.0068595292,0.0017249281,0.0068595292,402.491931,GE100_LT500,POST_SPUTNIK_OR_SAME_LAUNCH_DATE,False,False
43040|136406,43040,136406,10691,93276,102,208,"Hamburg-Bergedorf, Germany","Dr. Remeis-Observatory, Bamberg, Germany","Dr. Remeis-Observatory, Bamberg, Germany | Hamburg-Bergedorf, Germany",GT0_LE5MIN,167.000000,[],0,0.000000,0.000000,13243,117793,41573,114841,1,1,5.5281793108,0.1666207294,0.0274088987,0.1666207294,402.491931,GE100_LT500,POST_SPUTNIK_OR_SAME_LAUNCH_DATE,False,False
43040|136408,43040,136408,10691,93278,102,208,"Hamburg-Bergedorf, Germany","Dr. Remeis-Observatory, Bamberg, Germany","Dr. Remeis-Observatory, Bamberg, Germany | Hamburg-Bergedorf, Germany",GT0_LE5MIN,167.000000,[],0,0.000000,0.000000,13243,117795,41573,114838,1,1,31.2364672951,0.9477546090,0.2394397704,0.9477546090,402.491931,GE100_LT500,POST_SPUTNIK_OR_SAME_LAUNCH_DATE,False,False
43084|136590,43084,136590,10717,93460,102,208,"Hamburg-Bergedorf, Germany","Dr. Remeis-Observatory, Bamberg, Germany","Dr. Remeis-Observatory, Bamberg, Germany | Hamburg-Bergedorf, Germany",OVERLAP,0.000000,"[{""a_fragment"":""PARENT_PROVISIONAL_CONTINUOUS"",""b_fragment"":""PARENT_PROVISIONAL_CONTINUOUS"",""duration_seconds"":770.0,""end_utc"":""1961-01-17T19:28:00+00:00"",""exposure_active"":136590,""exposure_current"":43084,""start_utc"":""1961-01-17T19:15:10+00:00""}]",1,770.000000,770.000000,13286,117977,41591,115004,1,1,19.7168966532,0.5890158959,0.0974691988,0.5890158959,402.491931,GE100_LT500,POST_SPUTNIK_OR_SAME_LAUNCH_DATE,False,False
43084|136595,43084,136595,10717,93465,102,208,"Hamburg-Bergedorf, Germany","Dr. Remeis-Observatory, Bamberg, Germany","Dr. Remeis-Observatory, Bamberg, Germany | Hamburg-Bergedorf, Germany",OVERLAP,0.000000,"[{""a_fragment"":""PARENT_PROVISIONAL_CONTINUOUS"",""b_fragment"":""PARENT_PROVISIONAL_CONTINUOUS"",""duration_seconds"":1263.0,""end_utc"":""1961-01-17T19:55:03+00:00"",""exposure_active"":43084,""exposure_current"":136595,""start_utc"":""1961-01-17T19:34:00+00:00""}]",1,1263.000000,1263.000000,13286,117982,41591,115011,1,1,7.7827883356,0.2314253480,0.0382960968,0.2314253480,402.491931,GE100_LT500,POST_SPUTNIK_OR_SAME_LAUNCH_DATE,False,False
43087|136635,43087,136635,10720,93505,102,208,"Hamburg-Bergedorf, Germany","Dr. Remeis-Observatory, Bamberg, Germany","Dr. Remeis-Observatory, Bamberg, Germany | Hamburg-Bergedorf, Germany",OVERLAP,0.000000,"[{""a_fragment"":""PARENT_PROVISIONAL_CONTINUOUS"",""b_fragment"":""PARENT_PROVISIONAL_CONTINUOUS"",""duration_seconds"":1563.0,""end_utc"":""1961-01-18T18:15:00+00:00"",""exposure_active"":136635,""exposure_current"":43087,""start_utc"":""1961-01-18T17:48:57+00:00""}]",1,1563.000000,1563.000000,13292,118022,41608,115042,1,1,22.1745282062,0.6624138178,0.1097526639,0.6624138178,402.491931,GE100_LT500,POST_SPUTNIK_OR_SAME_LAUNCH_DATE,False,False
43087|136640,43087,136640,10720,93510,102,208,"Hamburg-Bergedorf, Germany","Dr. Remeis-Observatory, Bamberg, Germany","Dr. Remeis-Observatory, Bamberg, Germany | Hamburg-Bergedorf, Germany",OVERLAP,0.000000,"[{""a_fragment"":""PARENT_PROVISIONAL_CONTINUOUS"",""b_fragment"":""PARENT_PROVISIONAL_CONTINUOUS"",""duration_seconds"":531.0,""end_utc"":""1961-01-18T18:28:51+00:00"",""exposure_active"":43087,""exposure_current"":136640,""start_utc"":""1961-01-18T18:20:00+00:00""}]",1,531.000000,531.000000,13292,118027,41608,115051,1,1,19.2065015022,0.5727998795,0.0946753100,0.5727998795,402.491931,GE100_LT500,POST_SPUTNIK_OR_SAME_LAUNCH_DATE,False,False
43088|136640,43088,136640,10721,93510,102,208,"Hamburg-Bergedorf, Germany","Dr. Remeis-Observatory, Bamberg, Germany","Dr. Remeis-Observatory, Bamberg, Germany | Hamburg-Bergedorf, Germany",OVERLAP,0.000000,"[{""a_fragment"":""PARENT_PROVISIONAL_CONTINUOUS"",""b_fragment"":""PARENT_PROVISIONAL_CONTINUOUS"",""duration_seconds"":2381.0,""end_utc"":""1961-01-18T19:20:00+00:00"",""exposure_active"":136640,""exposure_current"":43088,""start_utc"":""1961-01-18T18:40:19+00:00""}]",1,2381.000000,2381.000000,13295,118027,41610,115051,1,1,18.9892378942,0.5671617385,0.0936029009,0.5671617385,402.491931,GE100_LT500,POST_SPUTNIK_OR_SAME_LAUNCH_DATE,False,False
43088|136645,43088,136645,10721,93515,102,208,"Hamburg-Bergedorf, Germany","Dr. Remeis-Observatory, Bamberg, Germany","Dr. Remeis-Observatory, Bamberg, Germany | Hamburg-Bergedorf, Germany",OVERLAP,0.000000,"[{""a_fragment"":""PARENT_PROVISIONAL_CONTINUOUS"",""b_fragment"":""PARENT_PROVISIONAL_CONTINUOUS"",""duration_seconds"":729.0,""end_utc"":""1961-01-18T19:40:09+00:00"",""exposure_active"":43088,""exposure_current"":136645,""start_utc"":""1961-01-18T19:28:00+00:00""}]",1,729.000000,729.000000,13295,118032,41610,115056,1,1,6.5828698307,0.1956957187,0.0323720871,0.1956957187,402.491931,GE100_LT500,POST_SPUTNIK_OR_SAME_LAUNCH_DATE,False,False
43089|136653,43089,136653,10722,93523,102,208,"Hamburg-Bergedorf, Germany","Dr. Remeis-Observatory, Bamberg, Germany","Dr. Remeis-Observatory, Bamberg, Germany | Hamburg-Bergedorf, Germany",GT0_LE5MIN,170.000000,[],0,0.000000,0.000000,13296,118040,41630,115073,1,1,7.7332914139,0.2263381506,0.0056484171,0.2263381506,402.491931,GE100_LT500,POST_SPUTNIK_OR_SAME_LAUNCH_DATE,False,False
43089|136658,43089,136658,10722,93528,102,208,"Hamburg-Bergedorf, Germany","Dr. Remeis-Observatory, Bamberg, Germany","Dr. Remeis-Observatory, Bamberg, Germany | Hamburg-Bergedorf, Germany",OVERLAP,0.000000,"[{""a_fragment"":""PARENT_PROVISIONAL_CONTINUOUS"",""b_fragment"":""PARENT_PROVISIONAL_CONTINUOUS"",""duration_seconds"":3401.0,""end_utc"":""1961-01-18T22:37:41+00:00"",""exposure_active"":43089,""exposure_current"":136658,""start_utc"":""1961-01-18T21:41:00+00:00""}]",1,3401.000000,3401.000000,13296,118045,41630,115086,1,1,2.9084050171,0.0831287343,0.0020610731,0.0831287343,402.491931,GE100_LT500,POST_SPUTNIK_OR_SAME_LAUNCH_DATE,False,False
43091|136695,43091,136695,10724,93565,102,208,"Hamburg-Bergedorf, Germany","Dr. Remeis-Observatory, Bamberg, Germany","Dr. Remeis-Observatory, Bamberg, Germany | Hamburg-Bergedorf, Germany",OVERLAP,0.000000,"[{""a_fragment"":""PARENT_PROVISIONAL_CONTINUOUS"",""b_fragment"":""PARENT_PROVISIONAL_CONTINUOUS"",""duration_seconds"":1795.0,""end_utc"":""1961-01-19T20:22:06+00:00"",""exposure_active"":136695,""exposure_current"":43091,""start_utc"":""1961-01-19T19:52:11+00:00""}]",1,1795.000000,1795.000000,13301,118082,41627,115099,1,1,5.8569656160,0.1746929830,0.0287189729,0.1746929830,402.491931,GE100_LT500,POST_SPUTNIK_OR_SAME_LAUNCH_DATE,False,False
43092|136698,43092,136698,10725,93568,102,208,"Hamburg-Bergedorf, Germany","Dr. Remeis-Observatory, Bamberg, Germany","Dr. Remeis-Observatory, Bamberg, Germany | Hamburg-Bergedorf, Germany",OVERLAP,0.000000,"[{""a_fragment"":""PARENT_PROVISIONAL_CONTINUOUS"",""b_fragment"":""PARENT_PROVISIONAL_CONTINUOUS"",""duration_seconds"":537.0,""end_utc"":""1961-01-19T20:48:00+00:00"",""exposure_active"":136698,""exposure_current"":43092,""start_utc"":""1961-01-19T20:39:03+00:00""}]",1,537.000000,537.000000,13303,118085,41634,115116,1,1,2.8515544809,0.0823297561,0.0021156942,0.0823297561,402.491931,GE100_LT500,POST_SPUTNIK_OR_SAME_LAUNCH_DATE,False,False
43092|136703,43092,136703,10725,93573,102,208,"Hamburg-Bergedorf, Germany","Dr. Remeis-Observatory, Bamberg, Germany","Dr. Remeis-Observatory, Bamberg, Germany | Hamburg-Bergedorf, Germany",OVERLAP,0.000000,"[{""a_fragment"":""PARENT_PROVISIONAL_CONTINUOUS"",""b_fragment"":""PARENT_PROVISIONAL_CONTINUOUS"",""duration_seconds"":899.0,""end_utc"":""1961-01-19T21:08:59+00:00"",""exposure_active"":43092,""exposure_current"":136703,""start_utc"":""1961-01-19T20:54:00+00:00""}]",1,899.000000,899.000000,13303,118090,41634,115119,1,1,7.3017616960,0.2141244530,0.0055242782,0.2141244530,402.491931,GE100_LT500,POST_SPUTNIK_OR_SAME_LAUNCH_DATE,False,False
43456|137276,43456,137276,10890,94146,102,208,"Hamburg-Bergedorf, Germany","Dr. Remeis-Observatory, Bamberg, Germany","Dr. Remeis-Observatory, Bamberg, Germany | Hamburg-Bergedorf, Germany",OVERLAP,0.000000,"[{""a_fragment"":""PARENT_PROVISIONAL_CONTINUOUS"",""b_fragment"":""PARENT_PROVISIONAL_CONTINUOUS"",""duration_seconds"":598.0,""end_utc"":""1961-10-04T23:58:35+00:00"",""exposure_active"":137276,""exposure_current"":43456,""start_utc"":""1961-10-04T23:48:37+00:00""}]",1,598.000000,598.000000,13344,118656,41669,115630,1,1,1.4488625367,0.0432652798,0.0070447772,0.0432652798,402.491931,GE100_LT500,POST_SPUTNIK_OR_SAME_LAUNCH_DATE,False,False
43473|137394,43473,137394,10907,94264,102,208,"Hamburg-Bergedorf, Germany","Dr. Remeis-Observatory, Bamberg, Germany","Dr. Remeis-Observatory, Bamberg, Germany | Hamburg-Bergedorf, Germany",OVERLAP,0.000000,"[{""a_fragment"":""PARENT_PROVISIONAL_CONTINUOUS"",""b_fragment"":""PARENT_PROVISIONAL_CONTINUOUS"",""duration_seconds"":299.0,""end_utc"":""1961-10-09T19:39:19+00:00"",""exposure_active"":137394,""exposure_current"":43473,""start_utc"":""1961-10-09T19:34:20+00:00""}]",1,299.000000,299.000000,13372,118774,41698,115746,1,1,0.9772018411,0.0274787815,0.0006787748,0.0274787815,402.491931,GE100_LT500,POST_SPUTNIK_OR_SAME_LAUNCH_DATE,False,False
43635|138103,43635,138103,11014,94973,102,208,"Hamburg-Bergedorf, Germany","Dr. Remeis-Observatory, Bamberg, Germany","Dr. Remeis-Observatory, Bamberg, Germany | Hamburg-Bergedorf, Germany",OVERLAP,0.000000,"[{""a_fragment"":""PARENT_PROVISIONAL_CONTINUOUS"",""b_fragment"":""PARENT_PROVISIONAL_CONTINUOUS"",""duration_seconds"":1197.0,""end_utc"":""1962-09-01T21:35:02+00:00"",""exposure_active"":138103,""exposure_current"":43635,""start_utc"":""1962-09-01T21:15:05+00:00""}]",1,1197.000000,1197.000000,13537,119481,41869,116447,1,1,28.4847822999,0.8492547040,0.0219825402,0.8492547040,402.491931,GE100_LT500,POST_SPUTNIK_OR_SAME_LAUNCH_DATE,False,False
43635|138107,43635,138107,11014,94977,102,208,"Hamburg-Bergedorf, Germany","Dr. Remeis-Observatory, Bamberg, Germany","Dr. Remeis-Observatory, Bamberg, Germany | Hamburg-Bergedorf, Germany",OVERLAP,0.000000,"[{""a_fragment"":""PARENT_PROVISIONAL_CONTINUOUS"",""b_fragment"":""PARENT_PROVISIONAL_CONTINUOUS"",""duration_seconds"":1197.0,""end_utc"":""1962-09-01T21:35:02+00:00"",""exposure_active"":138107,""exposure_current"":43635,""start_utc"":""1962-09-01T21:15:05+00:00""}]",1,1197.000000,1197.000000,13537,119485,41869,116449,1,1,32.8161339803,1.0000000000,0.1537691261,1.0000000000,402.491931,GE100_LT500,POST_SPUTNIK_OR_SAME_LAUNCH_DATE,False,False
43636|138111,43636,138111,11015,94981,102,208,"Hamburg-Bergedorf, Germany","Dr. Remeis-Observatory, Bamberg, Germany","Dr. Remeis-Observatory, Bamberg, Germany | Hamburg-Bergedorf, Germany",OVERLAP,0.000000,"[{""a_fragment"":""PARENT_PROVISIONAL_CONTINUOUS"",""b_fragment"":""PARENT_PROVISIONAL_CONTINUOUS"",""duration_seconds"":342.0,""end_utc"":""1962-09-01T22:03:42+00:00"",""exposure_active"":43636,""exposure_current"":138111,""start_utc"":""1962-09-01T21:58:00+00:00""}]",1,342.000000,342.000000,13538,119489,41871,116450,1,1,28.0758386341,0.8194266884,0.0205695072,0.8194266884,402.491931,GE100_LT500,POST_SPUTNIK_OR_SAME_LAUNCH_DATE,False,False
43637|138111,43637,138111,11016,94981,102,208,"Hamburg-Bergedorf, Germany","Dr. Remeis-Observatory, Bamberg, Germany","Dr. Remeis-Observatory, Bamberg, Germany | Hamburg-Bergedorf, Germany",OVERLAP,0.000000,"[{""a_fragment"":""PARENT_PROVISIONAL_CONTINUOUS"",""b_fragment"":""PARENT_PROVISIONAL_CONTINUOUS"",""duration_seconds"":119.0,""end_utc"":""1962-09-01T22:12:45+00:00"",""exposure_active"":138111,""exposure_current"":43637,""start_utc"":""1962-09-01T22:10:46+00:00""}]",1,119.000000,119.000000,13540,119489,41868,116450,1,1,28.0673973594,0.8189895123,0.0205634440,0.8189895123,402.491931,GE100_LT500,POST_SPUTNIK_OR_SAME_LAUNCH_DATE,False,False
43638|138113,43638,138113,11017,94983,102,208,"Hamburg-Bergedorf, Germany","Dr. Remeis-Observatory, Bamberg, Germany","Dr. Remeis-Observatory, Bamberg, Germany | Hamburg-Bergedorf, Germany",OVERLAP,0.000000,"[{""a_fragment"":""PARENT_PROVISIONAL_CONTINUOUS"",""b_fragment"":""PARENT_PROVISIONAL_CONTINUOUS"",""duration_seconds"":805.0,""end_utc"":""1962-09-01T22:58:00+00:00"",""exposure_active"":138113,""exposure_current"":43638,""start_utc"":""1962-09-01T22:44:35+00:00""}]",1,805.000000,805.000000,13543,119491,41879,116446,1,1,0.0814065051,0.0024682039,0.0003961117,0.0024682039,402.491931,GE100_LT500,POST_SPUTNIK_OR_SAME_LAUNCH_DATE,False,False
43638|138121,43638,138121,11017,94991,102,208,"Hamburg-Bergedorf, Germany","Dr. Remeis-Observatory, Bamberg, Germany","Dr. Remeis-Observatory, Bamberg, Germany | Hamburg-Bergedorf, Germany",OVERLAP,0.000000,"[{""a_fragment"":""PARENT_PROVISIONAL_CONTINUOUS"",""b_fragment"":""PARENT_PROVISIONAL_CONTINUOUS"",""duration_seconds"":2185.0,""end_utc"":""1962-09-01T23:44:25+00:00"",""exposure_active"":43638,""exposure_current"":138121,""start_utc"":""1962-09-01T23:08:00+00:00""}]",1,2185.000000,2185.000000,13543,119499,41879,116457,1,1,32.6200248688,1.0000000000,0.1660024568,1.0000000000,402.491931,GE100_LT500,POST_SPUTNIK_OR_SAME_LAUNCH_DATE,False,False
43638|138122,43638,138122,11017,94992,102,208,"Hamburg-Bergedorf, Germany","Dr. Remeis-Observatory, Bamberg, Germany","Dr. Remeis-Observatory, Bamberg, Germany | Hamburg-Bergedorf, Germany",OVERLAP,0.000000,"[{""a_fragment"":""PARENT_PROVISIONAL_CONTINUOUS"",""b_fragment"":""PARENT_PROVISIONAL_CONTINUOUS"",""duration_seconds"":2185.0,""end_utc"":""1962-09-01T23:44:25+00:00"",""exposure_active"":43638,""exposure_current"":138122,""start_utc"":""1962-09-01T23:08:00+00:00""}]",1,2185.000000,2185.000000,13543,119500,41879,116468,1,1,1.1952279998,0.0362772581,0.0056967755,0.0362772581,402.491931,GE100_LT500,POST_SPUTNIK_OR_SAME_LAUNCH_DATE,False,False
43639|138161,43639,138161,11018,95031,102,208,"Hamburg-Bergedorf, Germany","Dr. Remeis-Observatory, Bamberg, Germany","Dr. Remeis-Observatory, Bamberg, Germany | Hamburg-Bergedorf, Germany",OVERLAP,0.000000,"[{""a_fragment"":""PARENT_PROVISIONAL_CONTINUOUS"",""b_fragment"":""PARENT_PROVISIONAL_CONTINUOUS"",""duration_seconds"":3514.0,""end_utc"":""1962-09-03T00:59:00+00:00"",""exposure_active"":138161,""exposure_current"":43639,""start_utc"":""1962-09-03T00:00:26+00:00""}]",1,3514.000000,3514.000000,13545,119539,41877,116500,1,1,32.8619812762,1.0000000000,0.1616551559,1.0000000000,402.491931,GE100_LT500,POST_SPUTNIK_OR_SAME_LAUNCH_DATE,False,False
43640|138129,43640,138129,11019,94999,102,208,"Hamburg-Bergedorf, Germany","Dr. Remeis-Observatory, Bamberg, Germany","Dr. Remeis-Observatory, Bamberg, Germany | Hamburg-Bergedorf, Germany",GT0_LE5MIN,70.000000,[],0,0.000000,0.000000,13547,119507,41875,116466,1,1,33.1702397594,1.0000000000,0.1688267894,1.0000000000,402.491931,GE100_LT500,POST_SPUTNIK_OR_SAME_LAUNCH_DATE,False,False
43641|138175,43641,138175,11020,95045,102,208,"Hamburg-Bergedorf, Germany","Dr. Remeis-Observatory, Bamberg, Germany","Dr. Remeis-Observatory, Bamberg, Germany | Hamburg-Bergedorf, Germany",GT0_LE5MIN,298.000000,[],0,0.000000,0.000000,13548,119553,41880,116518,1,1,33.4809083034,1.0000000000,0.0262281074,1.0000000000,402.491931,GE100_LT500,POST_SPUTNIK_OR_SAME_LAUNCH_DATE,False,False
43642|138175,43642,138175,11021,95045,102,208,"Hamburg-Bergedorf, Germany","Dr. Remeis-Observatory, Bamberg, Germany","Dr. Remeis-Observatory, Bamberg, Germany | Hamburg-Bergedorf, Germany",OVERLAP,0.000000,"[{""a_fragment"":""PARENT_PROVISIONAL_CONTINUOUS"",""b_fragment"":""PARENT_PROVISIONAL_CONTINUOUS"",""duration_seconds"":359.0,""end_utc"":""1962-09-03T21:02:59+00:00"",""exposure_active"":138175,""exposure_current"":43642,""start_utc"":""1962-09-03T20:57:00+00:00""}]",1,359.000000,359.000000,13551,119553,41885,116518,1,1,33.4812353782,1.0000000000,0.0262286061,1.0000000000,402.491931,GE100_LT500,POST_SPUTNIK_OR_SAME_LAUNCH_DATE,False,False
43663|138239,43663,138239,11042,95109,102,208,"Hamburg-Bergedorf, Germany","Dr. Remeis-Observatory, Bamberg, Germany","Dr. Remeis-Observatory, Bamberg, Germany | Hamburg-Bergedorf, Germany",OVERLAP,0.000000,"[{""a_fragment"":""PARENT_PROVISIONAL_CONTINUOUS"",""b_fragment"":""PARENT_PROVISIONAL_CONTINUOUS"",""duration_seconds"":3232.0,""end_utc"":""1962-10-01T19:18:52+00:00"",""exposure_active"":43663,""exposure_current"":138239,""start_utc"":""1962-10-01T18:25:00+00:00""}]",1,3232.000000,3232.000000,13587,119617,41922,116578,1,1,7.4963968357,0.2215717357,0.0137988287,0.2215717357,402.491931,GE100_LT500,POST_SPUTNIK_OR_SAME_LAUNCH_DATE,False,False
43664|138239,43664,138239,11043,95109,102,208,"Hamburg-Bergedorf, Germany","Dr. Remeis-Observatory, Bamberg, Germany","Dr. Remeis-Observatory, Bamberg, Germany | Hamburg-Bergedorf, Germany",GT0_LE5MIN,170.000000,[],0,0.000000,0.000000,13588,119617,41921,116578,1,1,7.3254807983,0.2160579493,0.0134839884,0.2160579493,402.491931,GE100_LT500,POST_SPUTNIK_OR_SAME_LAUNCH_DATE,False,False
43664|138247,43664,138247,11043,95117,102,208,"Hamburg-Bergedorf, Germany","Dr. Remeis-Observatory, Bamberg, Germany","Dr. Remeis-Observatory, Bamberg, Germany | Hamburg-Bergedorf, Germany",GT0_LE5MIN,199.000000,[],0,0.000000,0.000000,13588,119625,41921,116590,1,1,0.4445976619,0.0129625316,0.0008071856,0.0129625316,402.491931,GE100_LT500,POST_SPUTNIK_OR_SAME_LAUNCH_DATE,False,False
43665|138257,43665,138257,11044,95127,102,208,"Hamburg-Bergedorf, Germany","Dr. Remeis-Observatory, Bamberg, Germany","Dr. Remeis-Observatory, Bamberg, Germany | Hamburg-Bergedorf, Germany",OVERLAP,0.000000,"[{""a_fragment"":""PARENT_PROVISIONAL_CONTINUOUS"",""b_fragment"":""PARENT_PROVISIONAL_CONTINUOUS"",""duration_seconds"":448.0,""end_utc"":""1962-10-01T21:49:28+00:00"",""exposure_active"":43665,""exposure_current"":138257,""start_utc"":""1962-10-01T21:42:00+00:00""}]",1,448.000000,448.000000,13590,119635,41925,116591,1,1,32.8465732547,1.0000000000,0.3944497593,1.0000000000,402.491931,GE100_LT500,POST_SPUTNIK_OR_SAME_LAUNCH_DATE,False,False
43818|138449,43818,138449,11139,95319,102,208,"Hamburg-Bergedorf, Germany","Dr. Remeis-Observatory, Bamberg, Germany","Dr. Remeis-Observatory, Bamberg, Germany | Hamburg-Bergedorf, Germany",OVERLAP,0.000000,"[{""a_fragment"":""PARENT_PROVISIONAL_CONTINUOUS"",""b_fragment"":""PARENT_PROVISIONAL_CONTINUOUS"",""duration_seconds"":3036.0,""end_utc"":""1962-12-01T19:57:00+00:00"",""exposure_active"":138449,""exposure_current"":43818,""start_utc"":""1962-12-01T19:06:24+00:00""}]",1,3036.000000,3036.000000,13738,119827,42074,116810,1,1,11.2598506515,0.3415617867,0.0549848497,0.3415617867,402.491931,GE100_LT500,POST_SPUTNIK_OR_SAME_LAUNCH_DATE,False,False
43819|138497,43819,138497,11140,95367,102,208,"Hamburg-Bergedorf, Germany","Dr. Remeis-Observatory, Bamberg, Germany","Dr. Remeis-Observatory, Bamberg, Germany | Hamburg-Bergedorf, Germany",OVERLAP,0.000000,"[{""a_fragment"":""PARENT_PROVISIONAL_CONTINUOUS"",""b_fragment"":""PARENT_PROVISIONAL_CONTINUOUS"",""duration_seconds"":578.0,""end_utc"":""1962-12-02T17:56:38+00:00"",""exposure_active"":43819,""exposure_current"":138497,""start_utc"":""1962-12-02T17:47:00+00:00""}]",1,578.000000,578.000000,13740,119875,42062,116849,1,1,32.8325936377,1.0000000000,0.1615391819,1.0000000000,402.491931,GE100_LT500,POST_SPUTNIK_OR_SAME_LAUNCH_DATE,False,False
44040|138667,44040,138667,11251,95537,102,208,"Hamburg-Bergedorf, Germany","Dr. Remeis-Observatory, Bamberg, Germany","Dr. Remeis-Observatory, Bamberg, Germany | Hamburg-Bergedorf, Germany",OVERLAP,0.000000,"[{""a_fragment"":""PARENT_PROVISIONAL_CONTINUOUS"",""b_fragment"":""1698"",""duration_seconds"":404.0,""end_utc"":""1963-09-14T19:58:44+00:00"",""exposure_active"":44040,""exposure_current"":138667,""start_utc"":""1963-09-14T19:52:00+00:00""},{""a_fragment"":""1699"",""b_fragment"":""PARENT_PROVISIONAL_CONTINUOUS"",""duration_seconds"":359.0,""end_utc"":""1963-09-14T20:11:42+00:00"",""exposure_active"":138667,""exposure_current"":44040,""start_utc"":""1963-09-14T20:05:43+00:00""}]",2,763.000000,404.000000,13851,120044,42180,117022,1,1,30.3951849038,0.8957464174,0.0231568132,0.8957464174,402.491931,GE100_LT500,POST_SPUTNIK_OR_SAME_LAUNCH_DATE,False,False
44041|138667,44041,138667,11252,95537,102,208,"Hamburg-Bergedorf, Germany","Dr. Remeis-Observatory, Bamberg, Germany","Dr. Remeis-Observatory, Bamberg, Germany | Hamburg-Bergedorf, Germany",OVERLAP,0.000000,"[{""a_fragment"":""PARENT_PROVISIONAL_CONTINUOUS"",""b_fragment"":""PARENT_PROVISIONAL_CONTINUOUS"",""duration_seconds"":1939.0,""end_utc"":""1963-09-14T20:52:00+00:00"",""exposure_active"":138667,""exposure_current"":44041,""start_utc"":""1963-09-14T20:19:41+00:00""}]",1,1939.000000,1939.000000,13853,120044,42179,117022,1,1,30.4648909991,0.9006926584,0.0232136811,0.9006926584,402.491931,GE100_LT500,POST_SPUTNIK_OR_SAME_LAUNCH_DATE,False,False
44043|138682,44043,138682,11254,95552,102,208,"Hamburg-Bergedorf, Germany","Dr. Remeis-Observatory, Bamberg, Germany","Dr. Remeis-Observatory, Bamberg, Germany | Hamburg-Bergedorf, Germany",GT0_LE5MIN,76.000000,[],0,0.000000,0.000000,13858,120059,42192,117035,1,1,26.8183380795,0.7848991715,0.0195086921,0.7848991715,402.491931,GE100_LT500,POST_SPUTNIK_OR_SAME_LAUNCH_DATE,False,False
44044|138682,44044,138682,11255,95552,102,208,"Hamburg-Bergedorf, Germany","Dr. Remeis-Observatory, Bamberg, Germany","Dr. Remeis-Observatory, Bamberg, Germany | Hamburg-Bergedorf, Germany",OVERLAP,0.000000,"[{""a_fragment"":""PARENT_PROVISIONAL_CONTINUOUS"",""b_fragment"":""PARENT_PROVISIONAL_CONTINUOUS"",""duration_seconds"":3018.0,""end_utc"":""1963-09-15T21:23:00+00:00"",""exposure_active"":138682,""exposure_current"":44044,""start_utc"":""1963-09-15T20:32:42+00:00""}]",1,3018.000000,3018.000000,13859,120059,42203,117035,1,1,26.8469845229,0.7857215228,0.0195285888,0.7857215228,402.491931,GE100_LT500,POST_SPUTNIK_OR_SAME_LAUNCH_DATE,False,False
59694|122350,59694,122350,18095,79644,103,208,"Hamburg-Bergedorf, Germany","Dr. Remeis-Observatory, Bamberg, Germany","Dr. Remeis-Observatory, Bamberg, Germany | Hamburg-Bergedorf, Germany",OVERLAP,0.000000,"[{""a_fragment"":""PARENT_PROVISIONAL_CONTINUOUS"",""b_fragment"":""PARENT_PROVISIONAL_CONTINUOUS"",""duration_seconds"":1196.0,""end_utc"":""1931-03-16T19:26:21+00:00"",""exposure_active"":122350,""exposure_current"":59694,""start_utc"":""1931-03-16T19:06:25+00:00""}]",1,1196.000000,1196.000000,21056,104686,53699,105652,1,1,8.8763023378,1.0000000000,0.0168176478,1.0000000000,402.491931,GE100_LT500,PRE_SPUTNIK,False,True
59720|122371,59720,122371,18114,79665,103,208,"Hamburg-Bergedorf, Germany","Dr. Remeis-Observatory, Bamberg, Germany","Dr. Remeis-Observatory, Bamberg, Germany | Hamburg-Bergedorf, Germany",OVERLAP,0.000000,"[{""a_fragment"":""PARENT_PROVISIONAL_CONTINUOUS"",""b_fragment"":""PARENT_PROVISIONAL_CONTINUOUS"",""duration_seconds"":1643.0,""end_utc"":""1931-03-17T19:38:23+00:00"",""exposure_active"":59720,""exposure_current"":122371,""start_utc"":""1931-03-17T19:11:00+00:00""}]",1,1643.000000,1643.000000,21075,104706,53723,105677,1,1,8.8938570171,1.0000000000,0.0168686680,1.0000000000,402.491931,GE100_LT500,PRE_SPUTNIK,False,True
59740|122415,59740,122415,18133,79709,103,208,"Hamburg-Bergedorf, Germany","Dr. Remeis-Observatory, Bamberg, Germany","Dr. Remeis-Observatory, Bamberg, Germany | Hamburg-Bergedorf, Germany",OVERLAP,0.000000,"[{""a_fragment"":""PARENT_PROVISIONAL_CONTINUOUS"",""b_fragment"":""PARENT_PROVISIONAL_CONTINUOUS"",""duration_seconds"":925.0,""end_utc"":""1931-03-18T19:49:25+00:00"",""exposure_active"":59740,""exposure_current"":122415,""start_utc"":""1931-03-18T19:34:00+00:00""}]",1,925.000000,925.000000,21094,104722,53751,105691,1,1,8.9331383963,1.0000000000,0.0169107707,1.0000000000,402.491931,GE100_LT500,PRE_SPUTNIK,False,True
60117|125335,60117,125335,18471,82629,103,208,"Hamburg-Bergedorf, Germany","Dr. Remeis-Observatory, Bamberg, Germany","Dr. Remeis-Observatory, Bamberg, Germany | Hamburg-Bergedorf, Germany",OVERLAP,0.000000,"[{""a_fragment"":""PARENT_PROVISIONAL_CONTINUOUS"",""b_fragment"":""PARENT_PROVISIONAL_CONTINUOUS"",""duration_seconds"":1014.0,""end_utc"":""1933-02-28T22:37:54+00:00"",""exposure_active"":60117,""exposure_current"":125335,""start_utc"":""1933-02-28T22:21:00+00:00""}]",1,1014.000000,1014.000000,21425,107454,54114,107167,1,1,8.9078039124,1.0000000000,0.0067129388,1.0000000000,402.491931,GE100_LT500,PRE_SPUTNIK,False,True
60117|125411,60117,125411,18471,82705,103,208,"Hamburg-Bergedorf, Germany","Dr. Remeis-Observatory, Bamberg, Germany","Dr. Remeis-Observatory, Bamberg, Germany | Hamburg-Bergedorf, Germany",OVERLAP,0.000000,"[{""a_fragment"":""PARENT_PROVISIONAL_CONTINUOUS"",""b_fragment"":""PARENT_PROVISIONAL_CONTINUOUS"",""duration_seconds"":1014.0,""end_utc"":""1933-02-28T22:37:54+00:00"",""exposure_active"":60117,""exposure_current"":125411,""start_utc"":""1933-02-28T22:21:00+00:00""}]",1,1014.000000,1014.000000,21425,107530,54114,107210,1,1,8.9178355995,1.0000000000,0.0053170969,1.0000000000,402.491931,GE100_LT500,PRE_SPUTNIK,False,True
60128|125450,60128,125450,18482,82744,103,208,"Hamburg-Bergedorf, Germany","Dr. Remeis-Observatory, Bamberg, Germany","Dr. Remeis-Observatory, Bamberg, Germany | Hamburg-Bergedorf, Germany",GT0_LE5MIN,26.000000,[],0,0.000000,0.000000,21436,107569,54130,107243,1,1,3.9129849210,0.4259294048,0.0029833770,0.4259294048,402.491931,GE100_LT500,PRE_SPUTNIK,False,True
60128|125451,60128,125451,18482,82745,103,208,"Hamburg-Bergedorf, Germany","Dr. Remeis-Observatory, Bamberg, Germany","Dr. Remeis-Observatory, Bamberg, Germany | Hamburg-Bergedorf, Germany",OVERLAP,0.000000,"[{""a_fragment"":""PARENT_PROVISIONAL_CONTINUOUS"",""b_fragment"":""PARENT_PROVISIONAL_CONTINUOUS"",""duration_seconds"":1163.0,""end_utc"":""1933-03-21T20:52:23+00:00"",""exposure_active"":60128,""exposure_current"":125451,""start_utc"":""1933-03-21T20:33:00+00:00""}]",1,1163.000000,1163.000000,21436,107570,54130,107248,1,1,3.1381368634,0.3402807281,0.0023202991,0.3402807281,402.491931,GE100_LT500,PRE_SPUTNIK,False,True
60138|125482,60138,125482,18492,82776,103,208,"Hamburg-Bergedorf, Germany","Dr. Remeis-Observatory, Bamberg, Germany","Dr. Remeis-Observatory, Bamberg, Germany | Hamburg-Bergedorf, Germany",OVERLAP,0.000000,"[{""a_fragment"":""PARENT_PROVISIONAL_CONTINUOUS"",""b_fragment"":""PARENT_PROVISIONAL_CONTINUOUS"",""duration_seconds"":1496.0,""end_utc"":""1933-03-24T21:18:29+00:00"",""exposure_active"":125482,""exposure_current"":60138,""start_utc"":""1933-03-24T20:53:33+00:00""}]",1,1496.000000,1496.000000,21446,107597,54139,107261,1,1,9.0032756180,1.0000000000,0.0066708474,1.0000000000,402.491931,GE100_LT500,PRE_SPUTNIK,False,True
60138|125553,60138,125553,18492,82847,103,208,"Hamburg-Bergedorf, Germany","Dr. Remeis-Observatory, Bamberg, Germany","Dr. Remeis-Observatory, Bamberg, Germany | Hamburg-Bergedorf, Germany",OVERLAP,0.000000,"[{""a_fragment"":""PARENT_PROVISIONAL_CONTINUOUS"",""b_fragment"":""PARENT_PROVISIONAL_CONTINUOUS"",""duration_seconds"":1496.0,""end_utc"":""1933-03-24T21:18:29+00:00"",""exposure_active"":125553,""exposure_current"":60138,""start_utc"":""1933-03-24T20:53:33+00:00""}]",1,1496.000000,1496.000000,21446,107668,54139,107305,1,1,6.5550831105,0.7036926458,0.0036325849,0.7036926458,402.491931,GE100_LT500,PRE_SPUTNIK,False,True
60151|125500,60151,125500,18505,82794,103,208,"Hamburg-Bergedorf, Germany","Dr. Remeis-Observatory, Bamberg, Germany","Dr. Remeis-Observatory, Bamberg, Germany | Hamburg-Bergedorf, Germany",OVERLAP,0.000000,"[{""a_fragment"":""PARENT_PROVISIONAL_CONTINUOUS"",""b_fragment"":""PARENT_PROVISIONAL_CONTINUOUS"",""duration_seconds"":1405.0,""end_utc"":""1933-03-25T22:06:25+00:00"",""exposure_active"":60151,""exposure_current"":125500,""start_utc"":""1933-03-25T21:43:00+00:00""}]",1,1405.000000,1405.000000,21459,107615,54157,107267,1,1,8.8324978166,1.0000000000,0.0068028513,1.0000000000,402.491931,GE100_LT500,PRE_SPUTNIK,False,True
60198|125753,60198,125753,18552,83047,103,208,"Hamburg-Bergedorf, Germany","Dr. Remeis-Observatory, Bamberg, Germany","Dr. Remeis-Observatory, Bamberg, Germany | Hamburg-Bergedorf, Germany",OVERLAP,0.000000,"[{""a_fragment"":""PARENT_PROVISIONAL_CONTINUOUS"",""b_fragment"":""PARENT_PROVISIONAL_CONTINUOUS"",""duration_seconds"":157.0,""end_utc"":""1933-04-26T01:37:37+00:00"",""exposure_active"":60198,""exposure_current"":125753,""start_utc"":""1933-04-26T01:35:00+00:00""}]",1,157.000000,157.000000,21506,107868,54207,107460,1,1,9.0246776821,1.0000000000,0.0055045569,1.0000000000,402.491931,GE100_LT500,PRE_SPUTNIK,False,True
60199|125753,60199,125753,18553,83047,103,208,"Hamburg-Bergedorf, Germany","Dr. Remeis-Observatory, Bamberg, Germany","Dr. Remeis-Observatory, Bamberg, Germany | Hamburg-Bergedorf, Germany",OVERLAP,0.000000,"[{""a_fragment"":""PARENT_PROVISIONAL_CONTINUOUS"",""b_fragment"":""PARENT_PROVISIONAL_CONTINUOUS"",""duration_seconds"":898.0,""end_utc"":""1933-04-26T01:56:34+00:00"",""exposure_active"":125753,""exposure_current"":60199,""start_utc"":""1933-04-26T01:41:36+00:00""}]",1,898.000000,898.000000,21507,107868,54205,107460,1,1,8.8088668396,1.0000000000,0.0053729223,1.0000000000,402.491931,GE100_LT500,PRE_SPUTNIK,False,True
79120|130334,79120,130334,24611,87561,1,208,Potsdam-Telegrafenberg,"Dr. Remeis-Observatory, Bamberg, Germany","Dr. Remeis-Observatory, Bamberg, Germany | Potsdam-Telegrafenberg",OVERLAP,0.000000,"[{""a_fragment"":""PARENT_PROVISIONAL_CONTINUOUS"",""b_fragment"":""PARENT_PROVISIONAL_CONTINUOUS"",""duration_seconds"":1800.0,""end_utc"":""1938-10-20T19:56:00+00:00"",""exposure_active"":79120,""exposure_current"":130334,""start_utc"":""1938-10-20T19:26:00+00:00""}]",1,1800.000000,1800.000000,27068,112251,59361,110158,4,1,24.8809590449,1.0000000000,0.0184694926,1.0000000000,316.333770,GE100_LT500,PRE_SPUTNIK,False,True
79120|130335,79120,130335,24611,87562,1,208,Potsdam-Telegrafenberg,"Dr. Remeis-Observatory, Bamberg, Germany","Dr. Remeis-Observatory, Bamberg, Germany | Potsdam-Telegrafenberg",OVERLAP,0.000000,"[{""a_fragment"":""PARENT_PROVISIONAL_CONTINUOUS"",""b_fragment"":""PARENT_PROVISIONAL_CONTINUOUS"",""duration_seconds"":1800.0,""end_utc"":""1938-10-20T21:25:00+00:00"",""exposure_active"":79120,""exposure_current"":130335,""start_utc"":""1938-10-20T20:55:00+00:00""}]",1,1800.000000,1800.000000,27068,112252,59361,110157,4,1,24.3278814748,1.0000000000,0.0186690965,1.0000000000,316.333770,GE100_LT500,PRE_SPUTNIK,False,True
79120|130342,79120,130342,24611,87569,1,208,Potsdam-Telegrafenberg,"Dr. Remeis-Observatory, Bamberg, Germany","Dr. Remeis-Observatory, Bamberg, Germany | Potsdam-Telegrafenberg",OVERLAP,0.000000,"[{""a_fragment"":""PARENT_PROVISIONAL_CONTINUOUS"",""b_fragment"":""PARENT_PROVISIONAL_CONTINUOUS"",""duration_seconds"":1800.0,""end_utc"":""1938-10-20T19:56:00+00:00"",""exposure_active"":79120,""exposure_current"":130342,""start_utc"":""1938-10-20T19:26:00+00:00""}]",1,1800.000000,1800.000000,27068,112259,59361,110156,4,1,20.1094325816,0.7835381755,0.0111594266,0.7835381755,316.333770,GE100_LT500,PRE_SPUTNIK,False,True
79128|130350,79128,130350,24612,87577,1,208,Potsdam-Telegrafenberg,"Dr. Remeis-Observatory, Bamberg, Germany","Dr. Remeis-Observatory, Bamberg, Germany | Potsdam-Telegrafenberg",OVERLAP,0.000000,"[{""a_fragment"":""PARENT_PROVISIONAL_CONTINUOUS"",""b_fragment"":""PARENT_PROVISIONAL_CONTINUOUS"",""duration_seconds"":1800.0,""end_utc"":""1938-10-21T21:30:00+00:00"",""exposure_active"":79128,""exposure_current"":130350,""start_utc"":""1938-10-21T21:00:00+00:00""}]",1,1800.000000,1800.000000,27069,112267,59352,110169,3,1,24.8263664523,1.0000000000,0.0195204769,1.0000000000,316.333770,GE100_LT500,PRE_SPUTNIK,False,True
79128|130352,79128,130352,24612,87579,1,208,Potsdam-Telegrafenberg,"Dr. Remeis-Observatory, Bamberg, Germany","Dr. Remeis-Observatory, Bamberg, Germany | Potsdam-Telegrafenberg",OVERLAP,0.000000,"[{""a_fragment"":""PARENT_PROVISIONAL_CONTINUOUS"",""b_fragment"":""PARENT_PROVISIONAL_CONTINUOUS"",""duration_seconds"":1800.0,""end_utc"":""1938-10-21T22:32:00+00:00"",""exposure_active"":79128,""exposure_current"":130352,""start_utc"":""1938-10-21T22:02:00+00:00""}]",1,1800.000000,1800.000000,27069,112269,59352,110166,3,1,17.8947187695,0.7038568378,0.0130395661,0.7038568378,316.333770,GE100_LT500,PRE_SPUTNIK,False,True
79134|130353,79134,130353,24613,87580,1,208,Potsdam-Telegrafenberg,"Dr. Remeis-Observatory, Bamberg, Germany","Dr. Remeis-Observatory, Bamberg, Germany | Potsdam-Telegrafenberg",OVERLAP,0.000000,"[{""a_fragment"":""PARENT_PROVISIONAL_CONTINUOUS"",""b_fragment"":""PARENT_PROVISIONAL_CONTINUOUS"",""duration_seconds"":1800.0,""end_utc"":""1938-10-21T23:03:00+00:00"",""exposure_active"":79134,""exposure_current"":130353,""start_utc"":""1938-10-21T22:33:00+00:00""}]",1,1800.000000,1800.000000,27070,112270,59334,110170,1,1,24.8842515058,1.0000000000,0.0192566721,1.0000000000,316.333770,GE100_LT500,PRE_SPUTNIK,False,True
79140|130353,79140,130353,24614,87580,1,208,Potsdam-Telegrafenberg,"Dr. Remeis-Observatory, Bamberg, Germany","Dr. Remeis-Observatory, Bamberg, Germany | Potsdam-Telegrafenberg",OVERLAP,0.000000,"[{""a_fragment"":""PARENT_PROVISIONAL_CONTINUOUS"",""b_fragment"":""PARENT_PROVISIONAL_CONTINUOUS"",""duration_seconds"":1800.0,""end_utc"":""1938-10-21T23:03:00+00:00"",""exposure_active"":79140,""exposure_current"":130353,""start_utc"":""1938-10-21T22:33:00+00:00""}]",1,1800.000000,1800.000000,27071,112270,59335,110170,1,1,24.3743817852,1.0000000000,0.0194697063,1.0000000000,316.333770,GE100_LT500,PRE_SPUTNIK,False,True
85513|120749,85513,120749,57870,78070,105,208,"Bonn, Germany","Dr. Remeis-Observatory, Bamberg, Germany","Bonn, Germany | Dr. Remeis-Observatory, Bamberg, Germany",OVERLAP,0.000000,"[{""a_fragment"":""PARENT_PROVISIONAL_CONTINUOUS"",""b_fragment"":""PARENT_PROVISIONAL_CONTINUOUS"",""duration_seconds"":1197.0,""end_utc"":""1929-01-11T22:17:01+00:00"",""exposure_active"":120749,""exposure_current"":85513,""start_utc"":""1929-01-11T21:57:04+00:00""}]",1,1197.000000,1197.000000,62009,103829,64084,105160,1,1,38.4195527298,1.0000000000,0.0294889272,1.0000000000,274.626555,GE100_LT500,PRE_SPUTNIK,False,True
85514|120749,85514,120749,57870,78070,105,208,"Bonn, Germany","Dr. Remeis-Observatory, Bamberg, Germany","Bonn, Germany | Dr. Remeis-Observatory, Bamberg, Germany",OVERLAP,0.000000,"[{""a_fragment"":""PARENT_PROVISIONAL_CONTINUOUS"",""b_fragment"":""PARENT_PROVISIONAL_CONTINUOUS"",""duration_seconds"":359.0,""end_utc"":""1929-01-11T22:24:00+00:00"",""exposure_active"":120749,""exposure_current"":85514,""start_utc"":""1929-01-11T22:18:01+00:00""}]",1,359.000000,359.000000,62009,103829,64084,105160,1,1,38.4195527298,1.0000000000,0.0294889272,1.0000000000,274.626555,GE100_LT500,PRE_SPUTNIK,False,True
85515|120749,85515,120749,57871,78070,105,208,"Bonn, Germany","Dr. Remeis-Observatory, Bamberg, Germany","Bonn, Germany | Dr. Remeis-Observatory, Bamberg, Germany",GT0_LE5MIN,239.000000,[],0,0.000000,0.000000,62011,103829,64080,105160,2,1,38.0774300606,1.0000000000,0.0290458974,1.0000000000,274.626555,GE100_LT500,PRE_SPUTNIK,False,True
85788|121019,85788,121019,58007,78340,105,208,"Bonn, Germany","Dr. Remeis-Observatory, Bamberg, Germany","Bonn, Germany | Dr. Remeis-Observatory, Bamberg, Germany",GT0_LE5MIN,186.000000,[],0,0.000000,0.000000,62283,103962,64492,105231,1,1,26.1308089165,0.6538833895,0.0194910176,0.6538833895,274.626555,GE100_LT500,PRE_SPUTNIK,False,True
85811|121052,85811,121052,58019,78373,105,208,"Bonn, Germany","Dr. Remeis-Observatory, Bamberg, Germany","Bonn, Germany | Dr. Remeis-Observatory, Bamberg, Germany",OVERLAP,0.000000,"[{""a_fragment"":""PARENT_PROVISIONAL_CONTINUOUS"",""b_fragment"":""PARENT_PROVISIONAL_CONTINUOUS"",""duration_seconds"":595.0,""end_utc"":""1929-06-01T22:34:00+00:00"",""exposure_active"":121052,""exposure_current"":85811,""start_utc"":""1929-06-01T22:24:05+00:00""}]",1,595.000000,595.000000,62307,103979,64514,105241,1,1,38.8260503398,1.0000000000,0.0292672497,1.0000000000,274.626555,GE100_LT500,PRE_SPUTNIK,False,True
85813|121053,85813,121053,58020,78374,105,208,"Bonn, Germany","Dr. Remeis-Observatory, Bamberg, Germany","Bonn, Germany | Dr. Remeis-Observatory, Bamberg, Germany",OVERLAP,0.000000,"[{""a_fragment"":""PARENT_PROVISIONAL_CONTINUOUS"",""b_fragment"":""PARENT_PROVISIONAL_CONTINUOUS"",""duration_seconds"":121.0,""end_utc"":""1929-06-01T23:05:00+00:00"",""exposure_active"":121053,""exposure_current"":85813,""start_utc"":""1929-06-01T23:02:59+00:00""}]",1,121.000000,121.000000,62309,103980,64528,105244,1,1,39.1131823720,1.0000000000,0.0307786048,1.0000000000,274.626555,GE100_LT500,PRE_SPUTNIK,False,True
85849|121147,85849,121147,58038,78466,105,208,"Bonn, Germany","Dr. Remeis-Observatory, Bamberg, Germany","Bonn, Germany | Dr. Remeis-Observatory, Bamberg, Germany",OVERLAP,0.000000,"[{""a_fragment"":""PARENT_PROVISIONAL_CONTINUOUS"",""b_fragment"":""PARENT_PROVISIONAL_CONTINUOUS"",""duration_seconds"":451.0,""end_utc"":""1929-07-11T21:57:00+00:00"",""exposure_active"":121147,""exposure_current"":85849,""start_utc"":""1929-07-11T21:49:29+00:00""}]",1,451.000000,451.000000,62345,104005,64575,105263,1,1,20.0113294013,0.4929419778,0.0143702689,0.4929419778,274.626555,GE100_LT500,PRE_SPUTNIK,False,True
86035|121580,86035,121580,58131,78897,105,208,"Bonn, Germany","Dr. Remeis-Observatory, Bamberg, Germany","Bonn, Germany | Dr. Remeis-Observatory, Bamberg, Germany",GT0_LE5MIN,271.000000,[],0,0.000000,0.000000,62531,104083,64835,105297,1,1,21.3412404132,0.5396659010,0.0162990719,0.5396659010,274.626555,GE100_LT500,PRE_SPUTNIK,False,True
86311|121749,86311,121749,58269,79065,105,208,"Bonn, Germany","Dr. Remeis-Observatory, Bamberg, Germany","Bonn, Germany | Dr. Remeis-Observatory, Bamberg, Germany",OVERLAP,0.000000,"[{""a_fragment"":""PARENT_PROVISIONAL_CONTINUOUS"",""b_fragment"":""PARENT_PROVISIONAL_CONTINUOUS"",""duration_seconds"":598.0,""end_utc"":""1930-03-29T21:10:34+00:00"",""exposure_active"":121749,""exposure_current"":86311,""start_utc"":""1930-03-29T21:00:36+00:00""}]",1,598.000000,598.000000,62807,104177,65280,105357,1,1,32.7193996795,0.8203299354,0.0245752128,0.8203299354,274.626555,GE100_LT500,PRE_SPUTNIK,False,True
86312|121749,86312,121749,58269,79065,105,208,"Bonn, Germany","Dr. Remeis-Observatory, Bamberg, Germany","Bonn, Germany | Dr. Remeis-Observatory, Bamberg, Germany",OVERLAP,0.000000,"[{""a_fragment"":""PARENT_PROVISIONAL_CONTINUOUS"",""b_fragment"":""PARENT_PROVISIONAL_CONTINUOUS"",""duration_seconds"":179.0,""end_utc"":""1930-03-29T21:14:03+00:00"",""exposure_active"":121749,""exposure_current"":86312,""start_utc"":""1930-03-29T21:11:04+00:00""}]",1,179.000000,179.000000,62807,104177,65280,105357,1,1,32.7193996795,0.8203299354,0.0245752128,0.8203299354,274.626555,GE100_LT500,PRE_SPUTNIK,False,True
86313|121749,86313,121749,58270,79065,105,208,"Bonn, Germany","Dr. Remeis-Observatory, Bamberg, Germany","Bonn, Germany | Dr. Remeis-Observatory, Bamberg, Germany",OVERLAP,0.000000,"[{""a_fragment"":""PARENT_PROVISIONAL_CONTINUOUS"",""b_fragment"":""PARENT_PROVISIONAL_CONTINUOUS"",""duration_seconds"":147.0,""end_utc"":""1930-03-29T21:20:00+00:00"",""exposure_active"":121749,""exposure_current"":86313,""start_utc"":""1930-03-29T21:17:33+00:00""}]",1,147.000000,147.000000,62808,104177,65279,105357,1,1,38.7873367288,1.0000000000,0.0295679282,1.0000000000,274.626555,GE100_LT500,PRE_SPUTNIK,False,True
86389|121880,86389,121880,58308,79196,105,208,"Bonn, Germany","Dr. Remeis-Observatory, Bamberg, Germany","Bonn, Germany | Dr. Remeis-Observatory, Bamberg, Germany",OVERLAP,0.000000,"[{""a_fragment"":""PARENT_PROVISIONAL_CONTINUOUS"",""b_fragment"":""PARENT_PROVISIONAL_CONTINUOUS"",""duration_seconds"":544.0,""end_utc"":""1930-06-18T22:06:04+00:00"",""exposure_active"":86389,""exposure_current"":121880,""start_utc"":""1930-06-18T21:57:00+00:00""}]",1,544.000000,544.000000,62885,104284,65389,105404,2,1,15.7103420179,0.4063516089,0.0968123899,0.4063516089,274.626555,GE100_LT500,PRE_SPUTNIK,False,True
86390|121880,86390,121880,58308,79196,105,208,"Bonn, Germany","Dr. Remeis-Observatory, Bamberg, Germany","Bonn, Germany | Dr. Remeis-Observatory, Bamberg, Germany",OVERLAP,0.000000,"[{""a_fragment"":""PARENT_PROVISIONAL_CONTINUOUS"",""b_fragment"":""PARENT_PROVISIONAL_CONTINUOUS"",""duration_seconds"":209.0,""end_utc"":""1930-06-18T22:10:03+00:00"",""exposure_active"":121880,""exposure_current"":86390,""start_utc"":""1930-06-18T22:06:34+00:00""}]",1,209.000000,209.000000,62885,104284,65389,105404,2,1,15.7103420179,0.4063516089,0.0968123899,0.4063516089,274.626555,GE100_LT500,PRE_SPUTNIK,False,True
86391|121880,86391,121880,58309,79196,105,208,"Bonn, Germany","Dr. Remeis-Observatory, Bamberg, Germany","Bonn, Germany | Dr. Remeis-Observatory, Bamberg, Germany",OVERLAP,0.000000,"[{""a_fragment"":""PARENT_PROVISIONAL_CONTINUOUS"",""b_fragment"":""PARENT_PROVISIONAL_CONTINUOUS"",""duration_seconds"":658.0,""end_utc"":""1930-06-18T22:27:00+00:00"",""exposure_active"":121880,""exposure_current"":86391,""start_utc"":""1930-06-18T22:16:02+00:00""}]",1,658.000000,658.000000,62887,104284,65387,105404,2,1,18.8687948332,0.4883736459,0.1164157652,0.4883736459,274.626555,GE100_LT500,PRE_SPUTNIK,False,True
86392|121880,86392,121880,58309,79196,105,208,"Bonn, Germany","Dr. Remeis-Observatory, Bamberg, Germany","Bonn, Germany | Dr. Remeis-Observatory, Bamberg, Germany",GT0_LE5MIN,90.000000,[],0,0.000000,0.000000,62887,104284,65387,105404,2,1,18.8687948332,0.4883736459,0.1164157652,0.4883736459,274.626555,GE100_LT500,PRE_SPUTNIK,False,True
86433|122034,86433,122034,58330,79328,105,208,"Bonn, Germany","Dr. Remeis-Observatory, Bamberg, Germany","Bonn, Germany | Dr. Remeis-Observatory, Bamberg, Germany",OVERLAP,0.000000,"[{""a_fragment"":""PARENT_PROVISIONAL_CONTINUOUS"",""b_fragment"":""PARENT_PROVISIONAL_CONTINUOUS"",""duration_seconds"":718.0,""end_utc"":""1930-11-14T20:11:56+00:00"",""exposure_active"":122034,""exposure_current"":86433,""start_utc"":""1930-11-14T19:59:58+00:00""}]",1,718.000000,718.000000,62929,104389,65468,105470,1,1,20.7333771213,0.5181628753,0.0151924039,0.5181628753,274.626555,GE100_LT500,PRE_SPUTNIK,False,True
86434|122034,86434,122034,58330,79328,105,208,"Bonn, Germany","Dr. Remeis-Observatory, Bamberg, Germany","Bonn, Germany | Dr. Remeis-Observatory, Bamberg, Germany",OVERLAP,0.000000,"[{""a_fragment"":""PARENT_PROVISIONAL_CONTINUOUS"",""b_fragment"":""PARENT_PROVISIONAL_CONTINUOUS"",""duration_seconds"":210.0,""end_utc"":""1930-11-14T20:16:25+00:00"",""exposure_active"":122034,""exposure_current"":86434,""start_utc"":""1930-11-14T20:12:55+00:00""}]",1,210.000000,210.000000,62929,104389,65468,105470,1,1,20.7333771213,0.5181628753,0.0151924039,0.5181628753,274.626555,GE100_LT500,PRE_SPUTNIK,False,True
86435|122034,86435,122034,58331,79328,105,208,"Bonn, Germany","Dr. Remeis-Observatory, Bamberg, Germany","Bonn, Germany | Dr. Remeis-Observatory, Bamberg, Germany",OVERLAP,0.000000,"[{""a_fragment"":""PARENT_PROVISIONAL_CONTINUOUS"",""b_fragment"":""PARENT_PROVISIONAL_CONTINUOUS"",""duration_seconds"":66.0,""end_utc"":""1930-11-14T20:25:00+00:00"",""exposure_active"":122034,""exposure_current"":86435,""start_utc"":""1930-11-14T20:23:54+00:00""}]",1,66.000000,66.000000,62931,104389,65464,105470,1,1,11.8145081481,0.2986414069,0.0087107911,0.2986414069,274.626555,GE100_LT500,PRE_SPUTNIK,False,True
86435|122035,86435,122035,58331,79329,105,208,"Bonn, Germany","Dr. Remeis-Observatory, Bamberg, Germany","Bonn, Germany | Dr. Remeis-Observatory, Bamberg, Germany",OVERLAP,0.000000,"[{""a_fragment"":""PARENT_PROVISIONAL_CONTINUOUS"",""b_fragment"":""PARENT_PROVISIONAL_CONTINUOUS"",""duration_seconds"":651.0,""end_utc"":""1930-11-14T20:39:51+00:00"",""exposure_active"":86435,""exposure_current"":122035,""start_utc"":""1930-11-14T20:29:00+00:00""}]",1,651.000000,651.000000,62931,104390,65464,105469,1,1,38.5316429020,1.0000000000,0.0304774183,1.0000000000,274.626555,GE100_LT500,PRE_SPUTNIK,False,True
86436|122035,86436,122035,58331,79329,105,208,"Bonn, Germany","Dr. Remeis-Observatory, Bamberg, Germany","Bonn, Germany | Dr. Remeis-Observatory, Bamberg, Germany",OVERLAP,0.000000,"[{""a_fragment"":""PARENT_PROVISIONAL_CONTINUOUS"",""b_fragment"":""PARENT_PROVISIONAL_CONTINUOUS"",""duration_seconds"":269.0,""end_utc"":""1930-11-14T20:45:20+00:00"",""exposure_active"":122035,""exposure_current"":86436,""start_utc"":""1930-11-14T20:40:51+00:00""}]",1,269.000000,269.000000,62931,104390,65464,105469,1,1,38.5316429020,1.0000000000,0.0304774183,1.0000000000,274.626555,GE100_LT500,PRE_SPUTNIK,False,True
86483|122293,86483,122293,58355,79587,105,208,"Bonn, Germany","Dr. Remeis-Observatory, Bamberg, Germany","Bonn, Germany | Dr. Remeis-Observatory, Bamberg, Germany",OVERLAP,0.000000,"[{""a_fragment"":""PARENT_PROVISIONAL_CONTINUOUS"",""b_fragment"":""PARENT_PROVISIONAL_CONTINUOUS"",""duration_seconds"":274.0,""end_utc"":""1931-03-14T04:16:00+00:00"",""exposure_active"":122293,""exposure_current"":86483,""start_utc"":""1931-03-14T04:11:26+00:00""}]",1,274.000000,274.000000,62979,104642,65539,105621,2,1,38.6112635669,1.0000000000,0.0302454297,1.0000000000,274.626555,GE100_LT500,PRE_SPUTNIK,False,True
86557|123114,86557,123114,58392,80408,105,208,"Bonn, Germany","Dr. Remeis-Observatory, Bamberg, Germany","Bonn, Germany | Dr. Remeis-Observatory, Bamberg, Germany",GT0_LE5MIN,76.000000,[],0,0.000000,0.000000,63052,105343,65651,106033,1,1,39.6595660065,1.0000000000,0.0296201301,1.0000000000,274.626555,GE100_LT500,PRE_SPUTNIK,False,True
86557|123115,86557,123115,58392,80409,105,208,"Bonn, Germany","Dr. Remeis-Observatory, Bamberg, Germany","Bonn, Germany | Dr. Remeis-Observatory, Bamberg, Germany",OVERLAP,0.000000,"[{""a_fragment"":""PARENT_PROVISIONAL_CONTINUOUS"",""b_fragment"":""PARENT_PROVISIONAL_CONTINUOUS"",""duration_seconds"":718.0,""end_utc"":""1931-10-07T23:02:14+00:00"",""exposure_active"":123115,""exposure_current"":86557,""start_utc"":""1931-10-07T22:50:16+00:00""}]",1,718.000000,718.000000,63052,105344,65651,106032,1,1,4.4750597903,0.1095533951,0.0033211326,0.1095533951,274.626555,GE100_LT500,PRE_SPUTNIK,False,True
86558|123115,86558,123115,58392,80409,105,208,"Bonn, Germany","Dr. Remeis-Observatory, Bamberg, Germany","Bonn, Germany | Dr. Remeis-Observatory, Bamberg, Germany",OVERLAP,0.000000,"[{""a_fragment"":""PARENT_PROVISIONAL_CONTINUOUS"",""b_fragment"":""PARENT_PROVISIONAL_CONTINUOUS"",""duration_seconds"":210.0,""end_utc"":""1931-10-07T23:06:14+00:00"",""exposure_active"":123115,""exposure_current"":86558,""start_utc"":""1931-10-07T23:02:44+00:00""}]",1,210.000000,210.000000,63052,105344,65651,106032,1,1,4.4750597903,0.1095533951,0.0033211326,0.1095533951,274.626555,GE100_LT500,PRE_SPUTNIK,False,True
86605|124091,86605,124091,58415,81385,105,208,"Bonn, Germany","Dr. Remeis-Observatory, Bamberg, Germany","Bonn, Germany | Dr. Remeis-Observatory, Bamberg, Germany",OVERLAP,0.000000,"[{""a_fragment"":""PARENT_PROVISIONAL_CONTINUOUS"",""b_fragment"":""PARENT_PROVISIONAL_CONTINUOUS"",""duration_seconds"":790.0,""end_utc"":""1932-05-06T00:10:28+00:00"",""exposure_active"":124091,""exposure_current"":86605,""start_utc"":""1932-05-05T23:57:18+00:00""}]",1,790.000000,790.000000,63099,106285,65741,106522,2,1,28.4558673477,0.7201812861,0.0215296678,0.7201812861,274.626555,GE100_LT500,PRE_SPUTNIK,False,True
86606|124091,86606,124091,58415,81385,105,208,"Bonn, Germany","Dr. Remeis-Observatory, Bamberg, Germany","Bonn, Germany | Dr. Remeis-Observatory, Bamberg, Germany",OVERLAP,0.000000,"[{""a_fragment"":""PARENT_PROVISIONAL_CONTINUOUS"",""b_fragment"":""PARENT_PROVISIONAL_CONTINUOUS"",""duration_seconds"":209.0,""end_utc"":""1932-05-06T00:14:39+00:00"",""exposure_active"":124091,""exposure_current"":86606,""start_utc"":""1932-05-06T00:11:10+00:00""}]",1,209.000000,209.000000,63099,106285,65741,106522,2,1,28.4558673477,0.7201812861,0.0215296678,0.7201812861,274.626555,GE100_LT500,PRE_SPUTNIK,False,True
87055|121163,87055,121163,58513,78482,106,208,"Hamburg-Bergedorf, Germany","Dr. Remeis-Observatory, Bamberg, Germany","Dr. Remeis-Observatory, Bamberg, Germany | Hamburg-Bergedorf, Germany",GT0_LE5MIN,253.000000,[],0,0.000000,0.000000,63188,104021,66328,105272,1,1,45.3829693671,1.0000000000,0.0363018792,1.0000000000,402.491931,GE100_LT500,PRE_SPUTNIK,False,True
87056|121163,87056,121163,58514,78482,106,208,"Hamburg-Bergedorf, Germany","Dr. Remeis-Observatory, Bamberg, Germany","Dr. Remeis-Observatory, Bamberg, Germany | Hamburg-Bergedorf, Germany",OVERLAP,0.000000,"[{""a_fragment"":""PARENT_PROVISIONAL_CONTINUOUS"",""b_fragment"":""PARENT_PROVISIONAL_CONTINUOUS"",""duration_seconds"":587.0,""end_utc"":""1929-08-06T22:18:00+00:00"",""exposure_active"":121163,""exposure_current"":87056,""start_utc"":""1929-08-06T22:08:13+00:00""}]",1,587.000000,587.000000,63190,104021,66335,105272,1,1,46.0884714628,1.0000000000,0.0362769590,1.0000000000,402.491931,GE100_LT500,PRE_SPUTNIK,False,True
87057|121163,87057,121163,58514,78482,106,208,"Hamburg-Bergedorf, Germany","Dr. Remeis-Observatory, Bamberg, Germany","Dr. Remeis-Observatory, Bamberg, Germany | Hamburg-Bergedorf, Germany",GT0_LE5MIN,42.000000,[],0,0.000000,0.000000,63190,104021,66335,105272,1,1,46.0884714628,1.0000000000,0.0362769590,1.0000000000,402.491931,GE100_LT500,PRE_SPUTNIK,False,True
87086|121169,87086,121169,58529,78488,106,208,"Hamburg-Bergedorf, Germany","Dr. Remeis-Observatory, Bamberg, Germany","Dr. Remeis-Observatory, Bamberg, Germany | Hamburg-Bergedorf, Germany",OVERLAP,0.000000,"[{""a_fragment"":""PARENT_PROVISIONAL_CONTINUOUS"",""b_fragment"":""PARENT_PROVISIONAL_CONTINUOUS"",""duration_seconds"":81.0,""end_utc"":""1929-08-10T20:58:00+00:00"",""exposure_active"":121169,""exposure_current"":87086,""start_utc"":""1929-08-10T20:56:39+00:00""}]",1,81.000000,81.000000,63220,104027,66392,105271,1,1,43.3501990573,0.9156519238,0.0318267777,0.9156519238,402.491931,GE100_LT500,PRE_SPUTNIK,False,True
87208|121178,87208,121178,58590,78497,106,208,"Hamburg-Bergedorf, Germany","Dr. Remeis-Observatory, Bamberg, Germany","Dr. Remeis-Observatory, Bamberg, Germany | Hamburg-Bergedorf, Germany",GT0_LE5MIN,282.000000,[],0,0.000000,0.000000,63342,104036,66654,105282,1,1,45.6996459092,1.0000000000,0.0347367036,1.0000000000,402.491931,GE100_LT500,PRE_SPUTNIK,False,True
87210|121180,87210,121180,58591,78499,106,208,"Hamburg-Bergedorf, Germany","Dr. Remeis-Observatory, Bamberg, Germany","Dr. Remeis-Observatory, Bamberg, Germany | Hamburg-Bergedorf, Germany",OVERLAP,0.000000,"[{""a_fragment"":""PARENT_PROVISIONAL_CONTINUOUS"",""b_fragment"":""PARENT_PROVISIONAL_CONTINUOUS"",""duration_seconds"":456.0,""end_utc"":""1929-08-26T20:43:36+00:00"",""exposure_active"":87210,""exposure_current"":121180,""start_utc"":""1929-08-26T20:36:00+00:00""}]",1,456.000000,456.000000,63344,104038,66652,105277,-1,1,0.1448155229,0.0030468674,0.0001085419,0.0030468674,402.491931,GE100_LT500,PRE_SPUTNIK,False,True
87211|121180,87211,121180,58591,78499,106,208,"Hamburg-Bergedorf, Germany","Dr. Remeis-Observatory, Bamberg, Germany","Dr. Remeis-Observatory, Bamberg, Germany | Hamburg-Bergedorf, Germany",OVERLAP,0.000000,"[{""a_fragment"":""PARENT_PROVISIONAL_CONTINUOUS"",""b_fragment"":""PARENT_PROVISIONAL_CONTINUOUS"",""duration_seconds"":179.0,""end_utc"":""1929-08-26T20:47:05+00:00"",""exposure_active"":121180,""exposure_current"":87211,""start_utc"":""1929-08-26T20:44:06+00:00""}]",1,179.000000,179.000000,63344,104038,66652,105277,-1,1,0.1448155229,0.0030468674,0.0001085419,0.0030468674,402.491931,GE100_LT500,PRE_SPUTNIK,False,True
87212|121180,87212,121180,58592,78499,106,208,"Hamburg-Bergedorf, Germany","Dr. Remeis-Observatory, Bamberg, Germany","Dr. Remeis-Observatory, Bamberg, Germany | Hamburg-Bergedorf, Germany",OVERLAP,0.000000,"[{""a_fragment"":""PARENT_PROVISIONAL_CONTINUOUS"",""b_fragment"":""PARENT_PROVISIONAL_CONTINUOUS"",""duration_seconds"":446.0,""end_utc"":""1929-08-26T21:02:00+00:00"",""exposure_active"":121180,""exposure_current"":87212,""start_utc"":""1929-08-26T20:54:34+00:00""}]",1,446.000000,446.000000,63346,104038,66648,105277,1,1,36.6683263445,0.7854256427,0.0282426942,0.7854256427,402.491931,GE100_LT500,PRE_SPUTNIK,False,True
87213|121180,87213,121180,58592,78499,106,208,"Hamburg-Bergedorf, Germany","Dr. Remeis-Observatory, Bamberg, Germany","Dr. Remeis-Observatory, Bamberg, Germany | Hamburg-Bergedorf, Germany",GT0_LE5MIN,183.000000,[],0,0.000000,0.000000,63346,104038,66648,105277,1,1,36.6683263445,0.7854256427,0.0282426942,0.7854256427,402.491931,GE100_LT500,PRE_SPUTNIK,False,True
87423|121492,87423,121492,58697,78809,106,208,"Hamburg-Bergedorf, Germany","Dr. Remeis-Observatory, Bamberg, Germany","Dr. Remeis-Observatory, Bamberg, Germany | Hamburg-Bergedorf, Germany",OVERLAP,0.000000,"[{""a_fragment"":""PARENT_PROVISIONAL_CONTINUOUS"",""b_fragment"":""PARENT_PROVISIONAL_CONTINUOUS"",""duration_seconds"":599.0,""end_utc"":""1929-09-07T20:40:18+00:00"",""exposure_active"":121492,""exposure_current"":87423,""start_utc"":""1929-09-07T20:30:19+00:00""}]",1,599.000000,599.000000,63556,104057,67074,105289,1,1,8.7309161984,0.1857724625,0.0063603622,0.1857724625,402.491931,GE100_LT500,PRE_SPUTNIK,False,True
87424|121492,87424,121492,58697,78809,106,208,"Hamburg-Bergedorf, Germany","Dr. Remeis-Observatory, Bamberg, Germany","Dr. Remeis-Observatory, Bamberg, Germany | Hamburg-Bergedorf, Germany",OVERLAP,0.000000,"[{""a_fragment"":""PARENT_PROVISIONAL_CONTINUOUS"",""b_fragment"":""PARENT_PROVISIONAL_CONTINUOUS"",""duration_seconds"":179.0,""end_utc"":""1929-09-07T20:43:35+00:00"",""exposure_active"":121492,""exposure_current"":87424,""start_utc"":""1929-09-07T20:40:36+00:00""}]",1,179.000000,179.000000,63556,104057,67074,105289,1,1,8.7309161984,0.1857724625,0.0063603622,0.1857724625,402.491931,GE100_LT500,PRE_SPUTNIK,False,True
89186|121788,89186,121788,59548,79104,106,208,"Hamburg-Bergedorf, Germany","Dr. Remeis-Observatory, Bamberg, Germany","Dr. Remeis-Observatory, Bamberg, Germany | Hamburg-Bergedorf, Germany",GT0_LE5MIN,240.000000,[],0,0.000000,0.000000,65206,104216,70383,105377,2,1,45.3933679535,1.0000000000,0.0348486025,1.0000000000,402.491931,GE100_LT500,PRE_SPUTNIK,False,True
89187|121788,89187,121788,59548,79104,106,208,"Hamburg-Bergedorf, Germany","Dr. Remeis-Observatory, Bamberg, Germany","Dr. Remeis-Observatory, Bamberg, Germany | Hamburg-Bergedorf, Germany",OVERLAP,0.000000,"[{""a_fragment"":""PARENT_PROVISIONAL_CONTINUOUS"",""b_fragment"":""PARENT_PROVISIONAL_CONTINUOUS"",""duration_seconds"":389.0,""end_utc"":""1930-04-22T22:51:29+00:00"",""exposure_active"":89187,""exposure_current"":121788,""start_utc"":""1930-04-22T22:45:00+00:00""}]",1,389.000000,389.000000,65206,104216,70383,105377,2,1,45.3933679535,1.0000000000,0.0348486025,1.0000000000,402.491931,GE100_LT500,PRE_SPUTNIK,False,True
89576|121870,89576,121870,59743,79186,106,208,"Hamburg-Bergedorf, Germany","Dr. Remeis-Observatory, Bamberg, Germany","Dr. Remeis-Observatory, Bamberg, Germany | Hamburg-Bergedorf, Germany",OVERLAP,0.000000,"[{""a_fragment"":""PARENT_PROVISIONAL_CONTINUOUS"",""b_fragment"":""PARENT_PROVISIONAL_CONTINUOUS"",""duration_seconds"":180.0,""end_utc"":""1930-06-18T23:54:35+00:00"",""exposure_active"":121870,""exposure_current"":89576,""start_utc"":""1930-06-18T23:51:35+00:00""}]",1,180.000000,180.000000,65592,104276,71145,105410,1,1,25.2468851392,0.5322430570,0.0181463176,0.5322430570,402.491931,GE100_LT500,PRE_SPUTNIK,False,True
89577|121870,89577,121870,59743,79186,106,208,"Hamburg-Bergedorf, Germany","Dr. Remeis-Observatory, Bamberg, Germany","Dr. Remeis-Observatory, Bamberg, Germany | Hamburg-Bergedorf, Germany",OVERLAP,0.000000,"[{""a_fragment"":""PARENT_PROVISIONAL_CONTINUOUS"",""b_fragment"":""PARENT_PROVISIONAL_CONTINUOUS"",""duration_seconds"":598.0,""end_utc"":""1930-06-19T00:05:03+00:00"",""exposure_active"":121870,""exposure_current"":89577,""start_utc"":""1930-06-18T23:55:05+00:00""}]",1,598.000000,598.000000,65592,104276,71145,105410,1,1,25.2468851392,0.5322430570,0.0181463176,0.5322430570,402.491931,GE100_LT500,PRE_SPUTNIK,False,True
89908|129466,89908,129466,59875,86736,106,208,"Hamburg-Bergedorf, Germany","Dr. Remeis-Observatory, Bamberg, Germany","Dr. Remeis-Observatory, Bamberg, Germany | Hamburg-Bergedorf, Germany",OVERLAP,0.000000,"[{""a_fragment"":""PARENT_PROVISIONAL_CONTINUOUS"",""b_fragment"":""PARENT_PROVISIONAL_CONTINUOUS"",""duration_seconds"":367.0,""end_utc"":""1937-11-21T17:30:00+00:00"",""exposure_active"":129466,""exposure_current"":89908,""start_utc"":""1937-11-21T17:23:53+00:00""}]",1,367.000000,367.000000,65763,111455,71599,109669,1,1,45.3905690734,1.0000000000,0.0349321759,1.0000000000,402.491931,GE100_LT500,PRE_SPUTNIK,False,True
90526|132774,90526,132774,60353,89687,106,208,"Hamburg-Bergedorf, Germany","Dr. Remeis-Observatory, Bamberg, Germany","Dr. Remeis-Observatory, Bamberg, Germany | Hamburg-Bergedorf, Germany",OVERLAP,0.000000,"[{""a_fragment"":""PARENT_PROVISIONAL_CONTINUOUS"",""b_fragment"":""PARENT_PROVISIONAL_CONTINUOUS"",""duration_seconds"":129.0,""end_utc"":""1957-05-25T00:19:00+00:00"",""exposure_active"":132774,""exposure_current"":90526,""start_utc"":""1957-05-25T00:16:51+00:00""}]",1,129.000000,129.000000,66674,114221,72588,111595,1,5,0.5536131946,0.0122109055,0.0027189579,0.0122109055,402.491931,GE100_LT500,PRE_SPUTNIK,False,True
90566|132801,90566,132801,60377,89702,106,208,"Hamburg-Bergedorf, Germany","Dr. Remeis-Observatory, Bamberg, Germany","Dr. Remeis-Observatory, Bamberg, Germany | Hamburg-Bergedorf, Germany",OVERLAP,0.000000,"[{""a_fragment"":""PARENT_PROVISIONAL_CONTINUOUS"",""b_fragment"":""PARENT_PROVISIONAL_CONTINUOUS"",""duration_seconds"":1496.0,""end_utc"":""1957-06-01T21:57:06+00:00"",""exposure_active"":132801,""exposure_current"":90566,""start_utc"":""1957-06-01T21:32:10+00:00""}]",1,1496.000000,1496.000000,66717,114236,72634,111570,1,4,12.5279332109,0.2753866584,0.0615351388,0.2753866584,402.491931,GE100_LT500,PRE_SPUTNIK,False,True
90633|132854,90633,132854,60444,89736,106,208,"Hamburg-Bergedorf, Germany","Dr. Remeis-Observatory, Bamberg, Germany","Dr. Remeis-Observatory, Bamberg, Germany | Hamburg-Bergedorf, Germany",OVERLAP,0.000000,"[{""a_fragment"":""PARENT_PROVISIONAL_CONTINUOUS"",""b_fragment"":""PARENT_PROVISIONAL_CONTINUOUS"",""duration_seconds"":39.0,""end_utc"":""1957-07-05T22:55:39+00:00"",""exposure_active"":90633,""exposure_current"":132854,""start_utc"":""1957-07-05T22:55:00+00:00""}]",1,39.000000,39.000000,66851,114270,72778,111647,1,2,45.1010857842,1.0000000000,0.2237042304,1.0000000000,402.491931,GE100_LT500,PRE_SPUTNIK,False,True
90634|132854,90634,132854,60445,89736,106,208,"Hamburg-Bergedorf, Germany","Dr. Remeis-Observatory, Bamberg, Germany","Dr. Remeis-Observatory, Bamberg, Germany | Hamburg-Bergedorf, Germany",OVERLAP,0.000000,"[{""a_fragment"":""PARENT_PROVISIONAL_CONTINUOUS"",""b_fragment"":""PARENT_PROVISIONAL_CONTINUOUS"",""duration_seconds"":1496.0,""end_utc"":""1957-07-05T23:25:29+00:00"",""exposure_active"":132854,""exposure_current"":90634,""start_utc"":""1957-07-05T23:00:33+00:00""}]",1,1496.000000,1496.000000,66853,114270,72780,111647,1,2,20.7690463659,0.4585646529,0.1025497010,0.4585646529,402.491931,GE100_LT500,PRE_SPUTNIK,False,True
90634|132855,90634,132855,60445,89736,106,208,"Hamburg-Bergedorf, Germany","Dr. Remeis-Observatory, Bamberg, Germany","Dr. Remeis-Observatory, Bamberg, Germany | Hamburg-Bergedorf, Germany",OVERLAP,0.000000,"[{""a_fragment"":""PARENT_PROVISIONAL_CONTINUOUS"",""b_fragment"":""PARENT_PROVISIONAL_CONTINUOUS"",""duration_seconds"":629.0,""end_utc"":""1957-07-05T23:25:29+00:00"",""exposure_active"":90634,""exposure_current"":132855,""start_utc"":""1957-07-05T23:15:00+00:00""}]",1,629.000000,629.000000,66853,114270,72780,111647,1,2,20.7690463659,0.4585646529,0.1025497010,0.4585646529,402.491931,GE100_LT500,PRE_SPUTNIK,False,True
90890|132893,90890,132893,60701,89767,106,208,"Hamburg-Bergedorf, Germany","Dr. Remeis-Observatory, Bamberg, Germany","Dr. Remeis-Observatory, Bamberg, Germany | Hamburg-Bergedorf, Germany",OVERLAP,0.000000,"[{""a_fragment"":""PARENT_PROVISIONAL_CONTINUOUS"",""b_fragment"":""PARENT_PROVISIONAL_CONTINUOUS"",""duration_seconds"":205.0,""end_utc"":""1957-11-01T22:17:25+00:00"",""exposure_active"":90890,""exposure_current"":132893,""start_utc"":""1957-11-01T22:14:00+00:00""}]",1,205.000000,205.000000,67365,114301,73304,111696,-1,1,12.9145013090,0.2846736759,0.0635955460,0.2846736759,402.491931,GE100_LT500,POST_SPUTNIK_OR_SAME_LAUNCH_DATE,False,False
90893|132894,90893,132894,60704,89768,106,208,"Hamburg-Bergedorf, Germany","Dr. Remeis-Observatory, Bamberg, Germany","Dr. Remeis-Observatory, Bamberg, Germany | Hamburg-Bergedorf, Germany",OVERLAP,0.000000,"[{""a_fragment"":""PARENT_PROVISIONAL_CONTINUOUS"",""b_fragment"":""PARENT_PROVISIONAL_CONTINUOUS"",""duration_seconds"":933.0,""end_utc"":""1957-11-01T23:49:00+00:00"",""exposure_active"":132894,""exposure_current"":90893,""start_utc"":""1957-11-01T23:33:27+00:00""}]",1,933.000000,933.000000,67371,114302,73311,111699,1,1,24.1111459555,0.5315867126,0.1187706087,0.5315867126,402.491931,GE100_LT500,POST_SPUTNIK_OR_SAME_LAUNCH_DATE,False,False
91313|133103,91313,133103,61124,89973,106,208,"Hamburg-Bergedorf, Germany","Dr. Remeis-Observatory, Bamberg, Germany","Dr. Remeis-Observatory, Bamberg, Germany | Hamburg-Bergedorf, Germany",GT0_LE5MIN,270.000000,[],0,0.000000,0.000000,68211,114507,74165,111904,1,1,42.4736216816,0.9404036271,0.2095715283,0.9404036271,402.491931,GE100_LT500,POST_SPUTNIK_OR_SAME_LAUNCH_DATE,False,False
91363|133224,91363,133224,61174,90094,106,208,"Hamburg-Bergedorf, Germany","Dr. Remeis-Observatory, Bamberg, Germany","Dr. Remeis-Observatory, Bamberg, Germany | Hamburg-Bergedorf, Germany",OVERLAP,0.000000,"[{""a_fragment"":""PARENT_PROVISIONAL_CONTINUOUS"",""b_fragment"":""PARENT_PROVISIONAL_CONTINUOUS"",""duration_seconds"":598.0,""end_utc"":""1958-09-15T23:44:51+00:00"",""exposure_active"":133224,""exposure_current"":91363,""start_utc"":""1958-09-15T23:34:53+00:00""}]",1,598.000000,598.000000,68311,114628,74263,112009,1,1,9.2339594836,0.2027267208,0.0453720104,0.2027267208,402.491931,GE100_LT500,POST_SPUTNIK_OR_SAME_LAUNCH_DATE,False,False
91397|133277,91397,133277,61208,90147,106,208,"Hamburg-Bergedorf, Germany","Dr. Remeis-Observatory, Bamberg, Germany","Dr. Remeis-Observatory, Bamberg, Germany | Hamburg-Bergedorf, Germany",OVERLAP,0.000000,"[{""a_fragment"":""PARENT_PROVISIONAL_CONTINUOUS"",""b_fragment"":""PARENT_PROVISIONAL_CONTINUOUS"",""duration_seconds"":210.0,""end_utc"":""1958-12-01T21:23:00+00:00"",""exposure_active"":133277,""exposure_current"":91397,""start_utc"":""1958-12-01T21:19:30+00:00""}]",1,210.000000,210.000000,68378,114681,74338,112070,1,1,45.0761224937,1.0000000000,0.0379866109,1.0000000000,402.491931,GE100_LT500,POST_SPUTNIK_OR_SAME_LAUNCH_DATE,False,False
91397|133278,91397,133278,61208,90148,106,208,"Hamburg-Bergedorf, Germany","Dr. Remeis-Observatory, Bamberg, Germany","Dr. Remeis-Observatory, Bamberg, Germany | Hamburg-Bergedorf, Germany",OVERLAP,0.000000,"[{""a_fragment"":""PARENT_PROVISIONAL_CONTINUOUS"",""b_fragment"":""PARENT_PROVISIONAL_CONTINUOUS"",""duration_seconds"":210.0,""end_utc"":""1958-12-01T21:23:00+00:00"",""exposure_active"":133278,""exposure_current"":91397,""start_utc"":""1958-12-01T21:19:30+00:00""}]",1,210.000000,210.000000,68378,114682,74338,112077,1,1,46.6089493383,1.0000000000,0.0198364716,1.0000000000,402.491931,GE100_LT500,POST_SPUTNIK_OR_SAME_LAUNCH_DATE,False,False
91397|133281,91397,133281,61208,90151,106,208,"Hamburg-Bergedorf, Germany","Dr. Remeis-Observatory, Bamberg, Germany","Dr. Remeis-Observatory, Bamberg, Germany | Hamburg-Bergedorf, Germany",GT0_LE5MIN,151.000000,[],0,0.000000,0.000000,68378,114685,74338,112069,1,1,45.2378173750,1.0000000000,0.0378298770,1.0000000000,402.491931,GE100_LT500,POST_SPUTNIK_OR_SAME_LAUNCH_DATE,False,False
91398|133281,91398,133281,61209,90151,106,208,"Hamburg-Bergedorf, Germany","Dr. Remeis-Observatory, Bamberg, Germany","Dr. Remeis-Observatory, Bamberg, Germany | Hamburg-Bergedorf, Germany",OVERLAP,0.000000,"[{""a_fragment"":""PARENT_PROVISIONAL_CONTINUOUS"",""b_fragment"":""PARENT_PROVISIONAL_CONTINUOUS"",""duration_seconds"":359.0,""end_utc"":""1958-12-01T21:40:27+00:00"",""exposure_active"":133281,""exposure_current"":91398,""start_utc"":""1958-12-01T21:34:28+00:00""}]",1,359.000000,359.000000,68381,114685,74333,112069,1,1,45.0592848030,1.0000000000,0.0378758611,1.0000000000,402.491931,GE100_LT500,POST_SPUTNIK_OR_SAME_LAUNCH_DATE,False,False
91399|133281,91399,133281,61210,90151,106,208,"Hamburg-Bergedorf, Germany","Dr. Remeis-Observatory, Bamberg, Germany","Dr. Remeis-Observatory, Bamberg, Germany | Hamburg-Bergedorf, Germany",OVERLAP,0.000000,"[{""a_fragment"":""PARENT_PROVISIONAL_CONTINUOUS"",""b_fragment"":""PARENT_PROVISIONAL_CONTINUOUS"",""duration_seconds"":359.0,""end_utc"":""1958-12-01T21:55:54+00:00"",""exposure_active"":133281,""exposure_current"":91399,""start_utc"":""1958-12-01T21:49:55+00:00""}]",1,359.000000,359.000000,68383,114685,74339,112069,1,1,45.0417015445,1.0000000000,0.0378784816,1.0000000000,402.491931,GE100_LT500,POST_SPUTNIK_OR_SAME_LAUNCH_DATE,False,False
91400|133281,91400,133281,61211,90151,106,208,"Hamburg-Bergedorf, Germany","Dr. Remeis-Observatory, Bamberg, Germany","Dr. Remeis-Observatory, Bamberg, Germany | Hamburg-Bergedorf, Germany",OVERLAP,0.000000,"[{""a_fragment"":""PARENT_PROVISIONAL_CONTINUOUS"",""b_fragment"":""PARENT_PROVISIONAL_CONTINUOUS"",""duration_seconds"":359.0,""end_utc"":""1958-12-01T22:13:06+00:00"",""exposure_active"":133281,""exposure_current"":91400,""start_utc"":""1958-12-01T22:07:07+00:00""}]",1,359.000000,359.000000,68385,114685,74341,112069,1,1,44.8815768118,1.0000000000,0.0379309722,1.0000000000,402.491931,GE100_LT500,POST_SPUTNIK_OR_SAME_LAUNCH_DATE,False,False
91456|133378,91456,133378,61267,90248,106,208,"Hamburg-Bergedorf, Germany","Dr. Remeis-Observatory, Bamberg, Germany","Dr. Remeis-Observatory, Bamberg, Germany | Hamburg-Bergedorf, Germany",OVERLAP,0.000000,"[{""a_fragment"":""PARENT_PROVISIONAL_CONTINUOUS"",""b_fragment"":""PARENT_PROVISIONAL_CONTINUOUS"",""duration_seconds"":359.0,""end_utc"":""1959-01-28T18:09:25+00:00"",""exposure_active"":133378,""exposure_current"":91456,""start_utc"":""1959-01-28T18:03:26+00:00""}]",1,359.000000,359.000000,68496,114781,74452,112158,1,1,0.9933709123,0.0205159019,0.0007645139,0.0205159019,402.491931,GE100_LT500,POST_SPUTNIK_OR_SAME_LAUNCH_DATE,False,False
91456|133379,91456,133379,61267,90249,106,208,"Hamburg-Bergedorf, Germany","Dr. Remeis-Observatory, Bamberg, Germany","Dr. Remeis-Observatory, Bamberg, Germany | Hamburg-Bergedorf, Germany",OVERLAP,0.000000,"[{""a_fragment"":""PARENT_PROVISIONAL_CONTINUOUS"",""b_fragment"":""PARENT_PROVISIONAL_CONTINUOUS"",""duration_seconds"":359.0,""end_utc"":""1959-01-28T18:09:25+00:00"",""exposure_active"":133379,""exposure_current"":91456,""start_utc"":""1959-01-28T18:03:26+00:00""}]",1,359.000000,359.000000,68496,114782,74452,112164,1,1,46.2136496942,0.9997251792,0.0200247830,0.9997251792,402.491931,GE100_LT500,POST_SPUTNIK_OR_SAME_LAUNCH_DATE,False,False
91457|133379,91457,133379,61268,90249,106,208,"Hamburg-Bergedorf, Germany","Dr. Remeis-Observatory, Bamberg, Germany","Dr. Remeis-Observatory, Bamberg, Germany | Hamburg-Bergedorf, Germany",OVERLAP,0.000000,"[{""a_fragment"":""PARENT_PROVISIONAL_CONTINUOUS"",""b_fragment"":""PARENT_PROVISIONAL_CONTINUOUS"",""duration_seconds"":359.0,""end_utc"":""1959-01-28T18:30:37+00:00"",""exposure_active"":133379,""exposure_current"":91457,""start_utc"":""1959-01-28T18:24:38+00:00""}]",1,359.000000,359.000000,68499,114782,74459,112164,1,1,45.2405670862,1.0000000000,0.0202851886,1.0000000000,402.491931,GE100_LT500,POST_SPUTNIK_OR_SAME_LAUNCH_DATE,False,False
91458|133379,91458,133379,61269,90249,106,208,"Hamburg-Bergedorf, Germany","Dr. Remeis-Observatory, Bamberg, Germany","Dr. Remeis-Observatory, Bamberg, Germany | Hamburg-Bergedorf, Germany",OVERLAP,0.000000,"[{""a_fragment"":""PARENT_PROVISIONAL_CONTINUOUS"",""b_fragment"":""PARENT_PROVISIONAL_CONTINUOUS"",""duration_seconds"":359.0,""end_utc"":""1959-01-28T18:50:29+00:00"",""exposure_active"":133379,""exposure_current"":91458,""start_utc"":""1959-01-28T18:44:30+00:00""}]",1,359.000000,359.000000,68501,114782,74460,112164,1,1,45.1525504197,1.0000000000,0.0201880859,1.0000000000,402.491931,GE100_LT500,POST_SPUTNIK_OR_SAME_LAUNCH_DATE,False,False
91459|133379,91459,133379,61270,90249,106,208,"Hamburg-Bergedorf, Germany","Dr. Remeis-Observatory, Bamberg, Germany","Dr. Remeis-Observatory, Bamberg, Germany | Hamburg-Bergedorf, Germany",GT0_LE5MIN,52.000000,[],0,0.000000,0.000000,68502,114782,74461,112164,1,1,45.2046463173,1.0000000000,0.0201727693,1.0000000000,402.491931,GE100_LT500,POST_SPUTNIK_OR_SAME_LAUNCH_DATE,False,False
91459|133383,91459,133383,61270,90253,106,208,"Hamburg-Bergedorf, Germany","Dr. Remeis-Observatory, Bamberg, Germany","Dr. Remeis-Observatory, Bamberg, Germany | Hamburg-Bergedorf, Germany",OVERLAP,0.000000,"[{""a_fragment"":""PARENT_PROVISIONAL_CONTINUOUS"",""b_fragment"":""PARENT_PROVISIONAL_CONTINUOUS"",""duration_seconds"":51.0,""end_utc"":""1959-01-28T19:06:51+00:00"",""exposure_active"":91459,""exposure_current"":133383,""start_utc"":""1959-01-28T19:06:00+00:00""}]",1,51.000000,51.000000,68502,114786,74461,112163,1,1,45.5755316303,1.0000000000,0.0205350002,1.0000000000,402.491931,GE100_LT500,POST_SPUTNIK_OR_SAME_LAUNCH_DATE,False,False
91460|133383,91460,133383,61271,90253,106,208,"Hamburg-Bergedorf, Germany","Dr. Remeis-Observatory, Bamberg, Germany","Dr. Remeis-Observatory, Bamberg, Germany | Hamburg-Bergedorf, Germany",OVERLAP,0.000000,"[{""a_fragment"":""PARENT_PROVISIONAL_CONTINUOUS"",""b_fragment"":""PARENT_PROVISIONAL_CONTINUOUS"",""duration_seconds"":360.0,""end_utc"":""1959-01-28T19:22:29+00:00"",""exposure_active"":133383,""exposure_current"":91460,""start_utc"":""1959-01-28T19:16:29+00:00""}]",1,360.000000,360.000000,68505,114786,74473,112163,1,1,46.0898938287,1.0000000000,0.0203680926,1.0000000000,402.491931,GE100_LT500,POST_SPUTNIK_OR_SAME_LAUNCH_DATE,False,False
91461|133383,91461,133383,61272,90253,106,208,"Hamburg-Bergedorf, Germany","Dr. Remeis-Observatory, Bamberg, Germany","Dr. Remeis-Observatory, Bamberg, Germany | Hamburg-Bergedorf, Germany",OVERLAP,0.000000,"[{""a_fragment"":""PARENT_PROVISIONAL_CONTINUOUS"",""b_fragment"":""PARENT_PROVISIONAL_CONTINUOUS"",""duration_seconds"":359.0,""end_utc"":""1959-01-28T19:39:11+00:00"",""exposure_active"":133383,""exposure_current"":91461,""start_utc"":""1959-01-28T19:33:12+00:00""}]",1,359.000000,359.000000,68506,114786,74463,112163,1,1,45.2730708720,1.0000000000,0.0206106685,1.0000000000,402.491931,GE100_LT500,POST_SPUTNIK_OR_SAME_LAUNCH_DATE,False,False
91462|133383,91462,133383,61273,90253,106,208,"Hamburg-Bergedorf, Germany","Dr. Remeis-Observatory, Bamberg, Germany","Dr. Remeis-Observatory, Bamberg, Germany | Hamburg-Bergedorf, Germany",OVERLAP,0.000000,"[{""a_fragment"":""PARENT_PROVISIONAL_CONTINUOUS"",""b_fragment"":""PARENT_PROVISIONAL_CONTINUOUS"",""duration_seconds"":359.0,""end_utc"":""1959-01-28T19:53:44+00:00"",""exposure_active"":133383,""exposure_current"":91462,""start_utc"":""1959-01-28T19:47:45+00:00""}]",1,359.000000,359.000000,68509,114786,74466,112163,1,1,45.1606092735,1.0000000000,0.0206420998,1.0000000000,402.491931,GE100_LT500,POST_SPUTNIK_OR_SAME_LAUNCH_DATE,False,False
91463|133383,91463,133383,61274,90253,106,208,"Hamburg-Bergedorf, Germany","Dr. Remeis-Observatory, Bamberg, Germany","Dr. Remeis-Observatory, Bamberg, Germany | Hamburg-Bergedorf, Germany",OVERLAP,0.000000,"[{""a_fragment"":""PARENT_PROVISIONAL_CONTINUOUS"",""b_fragment"":""PARENT_PROVISIONAL_CONTINUOUS"",""duration_seconds"":263.0,""end_utc"":""1959-01-28T20:06:00+00:00"",""exposure_active"":133383,""exposure_current"":91463,""start_utc"":""1959-01-28T20:01:37+00:00""}]",1,263.000000,263.000000,68510,114786,74467,112163,1,1,45.2258017545,1.0000000000,0.0206246411,1.0000000000,402.491931,GE100_LT500,POST_SPUTNIK_OR_SAME_LAUNCH_DATE,False,False
91463|133387,91463,133387,61274,90257,106,208,"Hamburg-Bergedorf, Germany","Dr. Remeis-Observatory, Bamberg, Germany","Dr. Remeis-Observatory, Bamberg, Germany | Hamburg-Bergedorf, Germany",GT0_LE5MIN,204.000000,[],0,0.000000,0.000000,68510,114790,74467,112166,1,1,45.6628311142,1.0000000000,0.0205655856,1.0000000000,402.491931,GE100_LT500,POST_SPUTNIK_OR_SAME_LAUNCH_DATE,False,False
91464|133387,91464,133387,61275,90257,106,208,"Hamburg-Bergedorf, Germany","Dr. Remeis-Observatory, Bamberg, Germany","Dr. Remeis-Observatory, Bamberg, Germany | Hamburg-Bergedorf, Germany",OVERLAP,0.000000,"[{""a_fragment"":""PARENT_PROVISIONAL_CONTINUOUS"",""b_fragment"":""PARENT_PROVISIONAL_CONTINUOUS"",""duration_seconds"":359.0,""end_utc"":""1959-01-28T20:24:19+00:00"",""exposure_active"":133387,""exposure_current"":91464,""start_utc"":""1959-01-28T20:18:20+00:00""}]",1,359.000000,359.000000,68512,114790,74469,112166,1,1,45.4900949404,1.0000000000,0.0207218186,1.0000000000,402.491931,GE100_LT500,POST_SPUTNIK_OR_SAME_LAUNCH_DATE,False,False
91465|133387,91465,133387,61276,90257,106,208,"Hamburg-Bergedorf, Germany","Dr. Remeis-Observatory, Bamberg, Germany","Dr. Remeis-Observatory, Bamberg, Germany | Hamburg-Bergedorf, Germany",OVERLAP,0.000000,"[{""a_fragment"":""PARENT_PROVISIONAL_CONTINUOUS"",""b_fragment"":""PARENT_PROVISIONAL_CONTINUOUS"",""duration_seconds"":359.0,""end_utc"":""1959-01-28T20:41:06+00:00"",""exposure_active"":133387,""exposure_current"":91465,""start_utc"":""1959-01-28T20:35:07+00:00""}]",1,359.000000,359.000000,68514,114790,74471,112166,1,1,45.1859741936,1.0000000000,0.0206855931,1.0000000000,402.491931,GE100_LT500,POST_SPUTNIK_OR_SAME_LAUNCH_DATE,False,False
91466|133387,91466,133387,61277,90257,106,208,"Hamburg-Bergedorf, Germany","Dr. Remeis-Observatory, Bamberg, Germany","Dr. Remeis-Observatory, Bamberg, Germany | Hamburg-Bergedorf, Germany",OVERLAP,0.000000,"[{""a_fragment"":""PARENT_PROVISIONAL_CONTINUOUS"",""b_fragment"":""PARENT_PROVISIONAL_CONTINUOUS"",""duration_seconds"":359.0,""end_utc"":""1959-01-28T20:53:09+00:00"",""exposure_active"":133387,""exposure_current"":91466,""start_utc"":""1959-01-28T20:47:10+00:00""}]",1,359.000000,359.000000,68516,114790,74474,112166,1,1,44.8985086252,1.0000000000,0.0207765394,1.0000000000,402.491931,GE100_LT500,POST_SPUTNIK_OR_SAME_LAUNCH_DATE,False,False
91467|133387,91467,133387,61278,90257,106,208,"Hamburg-Bergedorf, Germany","Dr. Remeis-Observatory, Bamberg, Germany","Dr. Remeis-Observatory, Bamberg, Germany | Hamburg-Bergedorf, Germany",OVERLAP,0.000000,"[{""a_fragment"":""PARENT_PROVISIONAL_CONTINUOUS"",""b_fragment"":""PARENT_PROVISIONAL_CONTINUOUS"",""duration_seconds"":359.0,""end_utc"":""1959-01-28T21:09:21+00:00"",""exposure_active"":133387,""exposure_current"":91467,""start_utc"":""1959-01-28T21:03:22+00:00""}]",1,359.000000,359.000000,68518,114790,74476,112166,1,1,44.9385084057,1.0000000000,0.0207660508,1.0000000000,402.491931,GE100_LT500,POST_SPUTNIK_OR_SAME_LAUNCH_DATE,False,False
91470|133390,91470,133390,61281,90260,106,208,"Hamburg-Bergedorf, Germany","Dr. Remeis-Observatory, Bamberg, Germany","Dr. Remeis-Observatory, Bamberg, Germany | Hamburg-Bergedorf, Germany",OVERLAP,0.000000,"[{""a_fragment"":""PARENT_PROVISIONAL_CONTINUOUS"",""b_fragment"":""PARENT_PROVISIONAL_CONTINUOUS"",""duration_seconds"":479.0,""end_utc"":""1959-01-28T21:55:54+00:00"",""exposure_active"":133390,""exposure_current"":91470,""start_utc"":""1959-01-28T21:47:55+00:00""}]",1,479.000000,479.000000,68525,114793,74483,112175,1,1,13.0156087798,0.2768324100,0.0104518170,0.2768324100,402.491931,GE100_LT500,POST_SPUTNIK_OR_SAME_LAUNCH_DATE,False,False
91471|133390,91471,133390,61282,90260,106,208,"Hamburg-Bergedorf, Germany","Dr. Remeis-Observatory, Bamberg, Germany","Dr. Remeis-Observatory, Bamberg, Germany | Hamburg-Bergedorf, Germany",OVERLAP,0.000000,"[{""a_fragment"":""PARENT_PROVISIONAL_CONTINUOUS"",""b_fragment"":""PARENT_PROVISIONAL_CONTINUOUS"",""duration_seconds"":479.0,""end_utc"":""1959-01-28T22:09:02+00:00"",""exposure_active"":133390,""exposure_current"":91471,""start_utc"":""1959-01-28T22:01:03+00:00""}]",1,479.000000,479.000000,68527,114793,74493,112175,1,1,15.4152292294,0.3276186162,0.0123670735,0.3276186162,402.491931,GE100_LT500,POST_SPUTNIK_OR_SAME_LAUNCH_DATE,False,False
91476|133395,91476,133395,61287,90265,106,208,"Hamburg-Bergedorf, Germany","Dr. Remeis-Observatory, Bamberg, Germany","Dr. Remeis-Observatory, Bamberg, Germany | Hamburg-Bergedorf, Germany",OVERLAP,0.000000,"[{""a_fragment"":""PARENT_PROVISIONAL_CONTINUOUS"",""b_fragment"":""PARENT_PROVISIONAL_CONTINUOUS"",""duration_seconds"":359.0,""end_utc"":""1959-01-29T17:42:28+00:00"",""exposure_active"":133395,""exposure_current"":91476,""start_utc"":""1959-01-29T17:36:29+00:00""}]",1,359.000000,359.000000,68537,114798,74498,112178,1,1,46.2565007004,1.0000000000,0.0200776015,1.0000000000,402.491931,GE100_LT500,POST_SPUTNIK_OR_SAME_LAUNCH_DATE,False,False
91477|133395,91477,133395,61288,90265,106,208,"Hamburg-Bergedorf, Germany","Dr. Remeis-Observatory, Bamberg, Germany","Dr. Remeis-Observatory, Bamberg, Germany | Hamburg-Bergedorf, Germany",OVERLAP,0.000000,"[{""a_fragment"":""PARENT_PROVISIONAL_CONTINUOUS"",""b_fragment"":""PARENT_PROVISIONAL_CONTINUOUS"",""duration_seconds"":359.0,""end_utc"":""1959-01-29T17:59:50+00:00"",""exposure_active"":133395,""exposure_current"":91477,""start_utc"":""1959-01-29T17:53:51+00:00""}]",1,359.000000,359.000000,68538,114798,74494,112178,1,1,45.5977775084,1.0000000000,0.0201376342,1.0000000000,402.491931,GE100_LT500,POST_SPUTNIK_OR_SAME_LAUNCH_DATE,False,False
91478|133395,91478,133395,61289,90265,106,208,"Hamburg-Bergedorf, Germany","Dr. Remeis-Observatory, Bamberg, Germany","Dr. Remeis-Observatory, Bamberg, Germany | Hamburg-Bergedorf, Germany",OVERLAP,0.000000,"[{""a_fragment"":""PARENT_PROVISIONAL_CONTINUOUS"",""b_fragment"":""PARENT_PROVISIONAL_CONTINUOUS"",""duration_seconds"":359.0,""end_utc"":""1959-01-29T18:12:03+00:00"",""exposure_active"":133395,""exposure_current"":91478,""start_utc"":""1959-01-29T18:06:04+00:00""}]",1,359.000000,359.000000,68541,114798,74499,112178,1,1,46.2560945077,1.0000000000,0.0200365795,1.0000000000,402.491931,GE100_LT500,POST_SPUTNIK_OR_SAME_LAUNCH_DATE,False,False
91479|133395,91479,133395,61290,90265,106,208,"Hamburg-Bergedorf, Germany","Dr. Remeis-Observatory, Bamberg, Germany","Dr. Remeis-Observatory, Bamberg, Germany | Hamburg-Bergedorf, Germany",OVERLAP,0.000000,"[{""a_fragment"":""PARENT_PROVISIONAL_CONTINUOUS"",""b_fragment"":""PARENT_PROVISIONAL_CONTINUOUS"",""duration_seconds"":189.0,""end_utc"":""1959-01-29T18:26:00+00:00"",""exposure_active"":133395,""exposure_current"":91479,""start_utc"":""1959-01-29T18:22:51+00:00""}]",1,189.000000,189.000000,68543,114798,74500,112178,1,1,45.7724150328,1.0000000000,0.0200519163,1.0000000000,402.491931,GE100_LT500,POST_SPUTNIK_OR_SAME_LAUNCH_DATE,False,False
91479|133399,91479,133399,61290,90269,106,208,"Hamburg-Bergedorf, Germany","Dr. Remeis-Observatory, Bamberg, Germany","Dr. Remeis-Observatory, Bamberg, Germany | Hamburg-Bergedorf, Germany",GT0_LE5MIN,129.000000,[],0,0.000000,0.000000,68543,114802,74500,112185,1,1,15.8143637218,0.3335504559,0.0065565239,0.3335504559,402.491931,GE100_LT500,POST_SPUTNIK_OR_SAME_LAUNCH_DATE,False,False
91480|133399,91480,133399,61291,90269,106,208,"Hamburg-Bergedorf, Germany","Dr. Remeis-Observatory, Bamberg, Germany","Dr. Remeis-Observatory, Bamberg, Germany | Hamburg-Bergedorf, Germany",OVERLAP,0.000000,"[{""a_fragment"":""PARENT_PROVISIONAL_CONTINUOUS"",""b_fragment"":""PARENT_PROVISIONAL_CONTINUOUS"",""duration_seconds"":359.0,""end_utc"":""1959-01-29T18:43:43+00:00"",""exposure_active"":133399,""exposure_current"":91480,""start_utc"":""1959-01-29T18:37:44+00:00""}]",1,359.000000,359.000000,68544,114802,74501,112185,1,1,21.1821485113,0.4523031916,0.0089700107,0.4523031916,402.491931,GE100_LT500,POST_SPUTNIK_OR_SAME_LAUNCH_DATE,False,False
91481|133399,91481,133399,61292,90269,106,208,"Hamburg-Bergedorf, Germany","Dr. Remeis-Observatory, Bamberg, Germany","Dr. Remeis-Observatory, Bamberg, Germany | Hamburg-Bergedorf, Germany",OVERLAP,0.000000,"[{""a_fragment"":""PARENT_PROVISIONAL_CONTINUOUS"",""b_fragment"":""PARENT_PROVISIONAL_CONTINUOUS"",""duration_seconds"":360.0,""end_utc"":""1959-01-29T19:00:16+00:00"",""exposure_active"":133399,""exposure_current"":91481,""start_utc"":""1959-01-29T18:54:16+00:00""}]",1,360.000000,360.000000,68547,114802,74505,112185,1,1,46.6610057291,0.9999238448,0.0198319372,0.9999238448,402.491931,GE100_LT500,POST_SPUTNIK_OR_SAME_LAUNCH_DATE,False,False
91482|133399,91482,133399,61293,90269,106,208,"Hamburg-Bergedorf, Germany","Dr. Remeis-Observatory, Bamberg, Germany","Dr. Remeis-Observatory, Bamberg, Germany | Hamburg-Bergedorf, Germany",OVERLAP,0.000000,"[{""a_fragment"":""PARENT_PROVISIONAL_CONTINUOUS"",""b_fragment"":""PARENT_PROVISIONAL_CONTINUOUS"",""duration_seconds"":359.0,""end_utc"":""1959-01-29T19:12:14+00:00"",""exposure_active"":133399,""exposure_current"":91482,""start_utc"":""1959-01-29T19:06:15+00:00""}]",1,359.000000,359.000000,68549,114802,74510,112185,1,1,45.3262960359,1.0000000000,0.0202262988,1.0000000000,402.491931,GE100_LT500,POST_SPUTNIK_OR_SAME_LAUNCH_DATE,False,False
91483|133399,91483,133399,61294,90269,106,208,"Hamburg-Bergedorf, Germany","Dr. Remeis-Observatory, Bamberg, Germany","Dr. Remeis-Observatory, Bamberg, Germany | Hamburg-Bergedorf, Germany",OVERLAP,0.000000,"[{""a_fragment"":""PARENT_PROVISIONAL_CONTINUOUS"",""b_fragment"":""PARENT_PROVISIONAL_CONTINUOUS"",""duration_seconds"":359.0,""end_utc"":""1959-01-29T19:24:27+00:00"",""exposure_active"":133399,""exposure_current"":91483,""start_utc"":""1959-01-29T19:18:28+00:00""}]",1,359.000000,359.000000,68550,114802,74506,112185,1,1,45.0244341241,1.0000000000,0.0203047959,1.0000000000,402.491931,GE100_LT500,POST_SPUTNIK_OR_SAME_LAUNCH_DATE,False,False
91484|133403,91484,133403,61295,90273,106,208,"Hamburg-Bergedorf, Germany","Dr. Remeis-Observatory, Bamberg, Germany","Dr. Remeis-Observatory, Bamberg, Germany | Hamburg-Bergedorf, Germany",OVERLAP,0.000000,"[{""a_fragment"":""PARENT_PROVISIONAL_CONTINUOUS"",""b_fragment"":""PARENT_PROVISIONAL_CONTINUOUS"",""duration_seconds"":180.0,""end_utc"":""1959-01-29T20:42:00+00:00"",""exposure_active"":133403,""exposure_current"":91484,""start_utc"":""1959-01-29T20:39:00+00:00""}]",1,180.000000,180.000000,68553,114806,74509,112184,1,1,45.0708266586,1.0000000000,0.0203092143,1.0000000000,402.491931,GE100_LT500,POST_SPUTNIK_OR_SAME_LAUNCH_DATE,False,False
91492|133414,91492,133414,61303,90284,106,208,"Hamburg-Bergedorf, Germany","Dr. Remeis-Observatory, Bamberg, Germany","Dr. Remeis-Observatory, Bamberg, Germany | Hamburg-Bergedorf, Germany",OVERLAP,0.000000,"[{""a_fragment"":""PARENT_PROVISIONAL_CONTINUOUS"",""b_fragment"":""PARENT_PROVISIONAL_CONTINUOUS"",""duration_seconds"":479.0,""end_utc"":""1959-01-29T23:18:29+00:00"",""exposure_active"":133414,""exposure_current"":91492,""start_utc"":""1959-01-29T23:10:30+00:00""}]",1,479.000000,479.000000,68568,114817,74525,112186,1,1,45.0795055706,1.0000000000,0.0387031058,1.0000000000,402.491931,GE100_LT500,POST_SPUTNIK_OR_SAME_LAUNCH_DATE,False,False
91494|133415,91494,133415,61305,90285,106,208,"Hamburg-Bergedorf, Germany","Dr. Remeis-Observatory, Bamberg, Germany","Dr. Remeis-Observatory, Bamberg, Germany | Hamburg-Bergedorf, Germany",OVERLAP,0.000000,"[{""a_fragment"":""PARENT_PROVISIONAL_CONTINUOUS"",""b_fragment"":""PARENT_PROVISIONAL_CONTINUOUS"",""duration_seconds"":478.0,""end_utc"":""1959-01-29T23:33:46+00:00"",""exposure_active"":133415,""exposure_current"":91494,""start_utc"":""1959-01-29T23:25:48+00:00""}]",1,478.000000,478.000000,68573,114818,74530,112200,1,1,45.5573676801,1.0000000000,0.0204150038,1.0000000000,402.491931,GE100_LT500,POST_SPUTNIK_OR_SAME_LAUNCH_DATE,False,False
91526|133835,91526,133835,61337,90705,106,208,"Hamburg-Bergedorf, Germany","Dr. Remeis-Observatory, Bamberg, Germany","Dr. Remeis-Observatory, Bamberg, Germany | Hamburg-Bergedorf, Germany",OVERLAP,0.000000,"[{""a_fragment"":""PARENT_PROVISIONAL_CONTINUOUS"",""b_fragment"":""PARENT_PROVISIONAL_CONTINUOUS"",""duration_seconds"":359.0,""end_utc"":""1959-02-28T21:35:44+00:00"",""exposure_active"":133835,""exposure_current"":91526,""start_utc"":""1959-02-28T21:29:45+00:00""}]",1,359.000000,359.000000,68636,115236,74592,112579,1,1,44.9634094574,1.0000000000,0.0202551048,1.0000000000,402.491931,GE100_LT500,POST_SPUTNIK_OR_SAME_LAUNCH_DATE,False,False
91528|133835,91528,133835,61339,90705,106,208,"Hamburg-Bergedorf, Germany","Dr. Remeis-Observatory, Bamberg, Germany","Dr. Remeis-Observatory, Bamberg, Germany | Hamburg-Bergedorf, Germany",OVERLAP,0.000000,"[{""a_fragment"":""PARENT_PROVISIONAL_CONTINUOUS"",""b_fragment"":""PARENT_PROVISIONAL_CONTINUOUS"",""duration_seconds"":359.0,""end_utc"":""1959-02-28T22:04:54+00:00"",""exposure_active"":133835,""exposure_current"":91528,""start_utc"":""1959-02-28T21:58:55+00:00""}]",1,359.000000,359.000000,68641,115236,74609,112579,1,1,45.1158389280,1.0000000000,0.0203276449,1.0000000000,402.491931,GE100_LT500,POST_SPUTNIK_OR_SAME_LAUNCH_DATE,False,False
91529|133835,91529,133835,61340,90705,106,208,"Hamburg-Bergedorf, Germany","Dr. Remeis-Observatory, Bamberg, Germany","Dr. Remeis-Observatory, Bamberg, Germany | Hamburg-Bergedorf, Germany",OVERLAP,0.000000,"[{""a_fragment"":""PARENT_PROVISIONAL_CONTINUOUS"",""b_fragment"":""PARENT_PROVISIONAL_CONTINUOUS"",""duration_seconds"":359.0,""end_utc"":""1959-02-28T22:23:21+00:00"",""exposure_active"":133835,""exposure_current"":91529,""start_utc"":""1959-02-28T22:17:22+00:00""}]",1,359.000000,359.000000,68643,115236,74596,112579,1,1,45.7224187870,1.0000000000,0.0201405479,1.0000000000,402.491931,GE100_LT500,POST_SPUTNIK_OR_SAME_LAUNCH_DATE,False,False
91530|133839,91530,133839,61341,90709,106,208,"Hamburg-Bergedorf, Germany","Dr. Remeis-Observatory, Bamberg, Germany","Dr. Remeis-Observatory, Bamberg, Germany | Hamburg-Bergedorf, Germany",OVERLAP,0.000000,"[{""a_fragment"":""PARENT_PROVISIONAL_CONTINUOUS"",""b_fragment"":""PARENT_PROVISIONAL_CONTINUOUS"",""duration_seconds"":359.0,""end_utc"":""1959-02-28T22:56:31+00:00"",""exposure_active"":133839,""exposure_current"":91530,""start_utc"":""1959-02-28T22:50:32+00:00""}]",1,359.000000,359.000000,68644,115240,74598,112583,2,1,45.2096213109,1.0000000000,0.0202887777,1.0000000000,402.491931,GE100_LT500,POST_SPUTNIK_OR_SAME_LAUNCH_DATE,False,False
91531|133846,91531,133846,61342,90716,106,208,"Hamburg-Bergedorf, Germany","Dr. Remeis-Observatory, Bamberg, Germany","Dr. Remeis-Observatory, Bamberg, Germany | Hamburg-Bergedorf, Germany",OVERLAP,0.000000,"[{""a_fragment"":""PARENT_PROVISIONAL_CONTINUOUS"",""b_fragment"":""PARENT_PROVISIONAL_CONTINUOUS"",""duration_seconds"":478.0,""end_utc"":""1959-03-02T20:18:03+00:00"",""exposure_active"":133846,""exposure_current"":91531,""start_utc"":""1959-03-02T20:10:05+00:00""}]",1,478.000000,478.000000,68646,115247,74599,112597,1,1,44.9062243974,1.0000000000,0.0207223567,1.0000000000,402.491931,GE100_LT500,POST_SPUTNIK_OR_SAME_LAUNCH_DATE,False,False
91532|133846,91532,133846,61343,90716,106,208,"Hamburg-Bergedorf, Germany","Dr. Remeis-Observatory, Bamberg, Germany","Dr. Remeis-Observatory, Bamberg, Germany | Hamburg-Bergedorf, Germany",OVERLAP,0.000000,"[{""a_fragment"":""PARENT_PROVISIONAL_CONTINUOUS"",""b_fragment"":""PARENT_PROVISIONAL_CONTINUOUS"",""duration_seconds"":29.0,""end_utc"":""1959-03-02T20:30:00+00:00"",""exposure_active"":133846,""exposure_current"":91532,""start_utc"":""1959-03-02T20:29:31+00:00""}]",1,29.000000,29.000000,68648,115247,74603,112597,1,1,45.8898329568,1.0000000000,0.0205809230,1.0000000000,402.491931,GE100_LT500,POST_SPUTNIK_OR_SAME_LAUNCH_DATE,False,False
91532|133850,91532,133850,61343,90720,106,208,"Hamburg-Bergedorf, Germany","Dr. Remeis-Observatory, Bamberg, Germany","Dr. Remeis-Observatory, Bamberg, Germany | Hamburg-Bergedorf, Germany",OVERLAP,0.000000,"[{""a_fragment"":""PARENT_PROVISIONAL_CONTINUOUS"",""b_fragment"":""PARENT_PROVISIONAL_CONTINUOUS"",""duration_seconds"":90.0,""end_utc"":""1959-03-02T20:37:30+00:00"",""exposure_active"":91532,""exposure_current"":133850,""start_utc"":""1959-03-02T20:36:00+00:00""}]",1,90.000000,90.000000,68648,115251,74603,112605,1,1,45.0574918837,1.0000000000,0.0204124076,1.0000000000,402.491931,GE100_LT500,POST_SPUTNIK_OR_SAME_LAUNCH_DATE,False,False
91533|133849,91533,133849,61344,90719,106,208,"Hamburg-Bergedorf, Germany","Dr. Remeis-Observatory, Bamberg, Germany","Dr. Remeis-Observatory, Bamberg, Germany | Hamburg-Bergedorf, Germany",OVERLAP,0.000000,"[{""a_fragment"":""PARENT_PROVISIONAL_CONTINUOUS"",""b_fragment"":""PARENT_PROVISIONAL_CONTINUOUS"",""duration_seconds"":478.0,""end_utc"":""1959-03-02T20:55:12+00:00"",""exposure_active"":133849,""exposure_current"":91533,""start_utc"":""1959-03-02T20:47:14+00:00""}]",1,478.000000,478.000000,68650,115250,74604,112590,1,1,0.2018762658,0.0042371850,0.0001596219,0.0042371850,402.491931,GE100_LT500,POST_SPUTNIK_OR_SAME_LAUNCH_DATE,False,False
91533|133850,91533,133850,61344,90720,106,208,"Hamburg-Bergedorf, Germany","Dr. Remeis-Observatory, Bamberg, Germany","Dr. Remeis-Observatory, Bamberg, Germany | Hamburg-Bergedorf, Germany",OVERLAP,0.000000,"[{""a_fragment"":""PARENT_PROVISIONAL_CONTINUOUS"",""b_fragment"":""PARENT_PROVISIONAL_CONTINUOUS"",""duration_seconds"":478.0,""end_utc"":""1959-03-02T20:55:12+00:00"",""exposure_active"":133850,""exposure_current"":91533,""start_utc"":""1959-03-02T20:47:14+00:00""}]",1,478.000000,478.000000,68650,115251,74604,112605,1,1,45.2426885221,1.0000000000,0.0203707249,1.0000000000,402.491931,GE100_LT500,POST_SPUTNIK_OR_SAME_LAUNCH_DATE,False,False
91534|133849,91534,133849,61345,90719,106,208,"Hamburg-Bergedorf, Germany","Dr. Remeis-Observatory, Bamberg, Germany","Dr. Remeis-Observatory, Bamberg, Germany | Hamburg-Bergedorf, Germany",OVERLAP,0.000000,"[{""a_fragment"":""PARENT_PROVISIONAL_CONTINUOUS"",""b_fragment"":""PARENT_PROVISIONAL_CONTINUOUS"",""duration_seconds"":479.0,""end_utc"":""1959-03-02T21:27:12+00:00"",""exposure_active"":133849,""exposure_current"":91534,""start_utc"":""1959-03-02T21:19:13+00:00""}]",1,479.000000,479.000000,68653,115250,74607,112590,1,1,46.2736455708,1.0000000000,0.0380823680,1.0000000000,402.491931,GE100_LT500,POST_SPUTNIK_OR_SAME_LAUNCH_DATE,False,False
91534|133850,91534,133850,61345,90720,106,208,"Hamburg-Bergedorf, Germany","Dr. Remeis-Observatory, Bamberg, Germany","Dr. Remeis-Observatory, Bamberg, Germany | Hamburg-Bergedorf, Germany",OVERLAP,0.000000,"[{""a_fragment"":""PARENT_PROVISIONAL_CONTINUOUS"",""b_fragment"":""PARENT_PROVISIONAL_CONTINUOUS"",""duration_seconds"":479.0,""end_utc"":""1959-03-02T21:27:12+00:00"",""exposure_active"":133850,""exposure_current"":91534,""start_utc"":""1959-03-02T21:19:13+00:00""}]",1,479.000000,479.000000,68653,115251,74607,112605,1,1,45.8376901272,1.0000000000,0.0201799296,1.0000000000,402.491931,GE100_LT500,POST_SPUTNIK_OR_SAME_LAUNCH_DATE,False,False
91535|133850,91535,133850,61346,90720,106,208,"Hamburg-Bergedorf, Germany","Dr. Remeis-Observatory, Bamberg, Germany","Dr. Remeis-Observatory, Bamberg, Germany | Hamburg-Bergedorf, Germany",OVERLAP,0.000000,"[{""a_fragment"":""PARENT_PROVISIONAL_CONTINUOUS"",""b_fragment"":""PARENT_PROVISIONAL_CONTINUOUS"",""duration_seconds"":284.0,""end_utc"":""1959-03-02T21:36:00+00:00"",""exposure_active"":133850,""exposure_current"":91535,""start_utc"":""1959-03-02T21:31:16+00:00""}]",1,284.000000,284.000000,68654,115251,74608,112605,1,1,45.6449667489,1.0000000000,0.0202740717,1.0000000000,402.491931,GE100_LT500,POST_SPUTNIK_OR_SAME_LAUNCH_DATE,False,False
91535|133854,91535,133854,61346,90724,106,208,"Hamburg-Bergedorf, Germany","Dr. Remeis-Observatory, Bamberg, Germany","Dr. Remeis-Observatory, Bamberg, Germany | Hamburg-Bergedorf, Germany",GT0_LE5MIN,165.000000,[],0,0.000000,0.000000,68654,115255,74608,112596,1,1,46.0604990268,1.0000000000,0.0201720080,1.0000000000,402.491931,GE100_LT500,POST_SPUTNIK_OR_SAME_LAUNCH_DATE,False,False
91563|133878,91563,133878,61374,90748,106,208,"Hamburg-Bergedorf, Germany","Dr. Remeis-Observatory, Bamberg, Germany","Dr. Remeis-Observatory, Bamberg, Germany | Hamburg-Bergedorf, Germany",OVERLAP,0.000000,"[{""a_fragment"":""PARENT_PROVISIONAL_CONTINUOUS"",""b_fragment"":""PARENT_PROVISIONAL_CONTINUOUS"",""duration_seconds"":359.0,""end_utc"":""1959-03-09T19:11:28+00:00"",""exposure_active"":133878,""exposure_current"":91563,""start_utc"":""1959-03-09T19:05:29+00:00""}]",1,359.000000,359.000000,68710,115279,74667,112630,1,1,45.5703949599,1.0000000000,0.0205824708,1.0000000000,402.491931,GE100_LT500,POST_SPUTNIK_OR_SAME_LAUNCH_DATE,False,False
91564|133878,91564,133878,61375,90748,106,208,"Hamburg-Bergedorf, Germany","Dr. Remeis-Observatory, Bamberg, Germany","Dr. Remeis-Observatory, Bamberg, Germany | Hamburg-Bergedorf, Germany",OVERLAP,0.000000,"[{""a_fragment"":""PARENT_PROVISIONAL_CONTINUOUS"",""b_fragment"":""PARENT_PROVISIONAL_CONTINUOUS"",""duration_seconds"":359.0,""end_utc"":""1959-03-09T19:25:31+00:00"",""exposure_active"":133878,""exposure_current"":91564,""start_utc"":""1959-03-09T19:19:32+00:00""}]",1,359.000000,359.000000,68713,115279,74666,112630,1,1,45.4233280601,1.0000000000,0.0205109104,1.0000000000,402.491931,GE100_LT500,POST_SPUTNIK_OR_SAME_LAUNCH_DATE,False,False
91565|133878,91565,133878,61376,90748,106,208,"Hamburg-Bergedorf, Germany","Dr. Remeis-Observatory, Bamberg, Germany","Dr. Remeis-Observatory, Bamberg, Germany | Hamburg-Bergedorf, Germany",OVERLAP,0.000000,"[{""a_fragment"":""PARENT_PROVISIONAL_CONTINUOUS"",""b_fragment"":""PARENT_PROVISIONAL_CONTINUOUS"",""duration_seconds"":316.0,""end_utc"":""1959-03-09T19:41:00+00:00"",""exposure_active"":133878,""exposure_current"":91565,""start_utc"":""1959-03-09T19:35:44+00:00""}]",1,316.000000,316.000000,68714,115279,74670,112630,1,1,45.7861246636,1.0000000000,0.0204006609,1.0000000000,402.491931,GE100_LT500,POST_SPUTNIK_OR_SAME_LAUNCH_DATE,False,False
91569|133886,91569,133886,61380,90756,106,208,"Hamburg-Bergedorf, Germany","Dr. Remeis-Observatory, Bamberg, Germany","Dr. Remeis-Observatory, Bamberg, Germany | Hamburg-Bergedorf, Germany",GT0_LE5MIN,217.000000,[],0,0.000000,0.000000,68722,115287,74679,112631,-1,1,45.8170853933,1.0000000000,0.0201786110,1.0000000000,402.491931,GE100_LT500,POST_SPUTNIK_OR_SAME_LAUNCH_DATE,False,False
91570|133886,91570,133886,61381,90756,106,208,"Hamburg-Bergedorf, Germany","Dr. Remeis-Observatory, Bamberg, Germany","Dr. Remeis-Observatory, Bamberg, Germany | Hamburg-Bergedorf, Germany",OVERLAP,0.000000,"[{""a_fragment"":""PARENT_PROVISIONAL_CONTINUOUS"",""b_fragment"":""PARENT_PROVISIONAL_CONTINUOUS"",""duration_seconds"":359.0,""end_utc"":""1959-03-09T21:03:20+00:00"",""exposure_active"":133886,""exposure_current"":91570,""start_utc"":""1959-03-09T20:57:21+00:00""}]",1,359.000000,359.000000,68725,115287,74682,112631,1,1,45.9842746734,1.0000000000,0.0201087672,1.0000000000,402.491931,GE100_LT500,POST_SPUTNIK_OR_SAME_LAUNCH_DATE,False,False
91571|133886,91571,133886,61382,90756,106,208,"Hamburg-Bergedorf, Germany","Dr. Remeis-Observatory, Bamberg, Germany","Dr. Remeis-Observatory, Bamberg, Germany | Hamburg-Bergedorf, Germany",OVERLAP,0.000000,"[{""a_fragment"":""PARENT_PROVISIONAL_CONTINUOUS"",""b_fragment"":""PARENT_PROVISIONAL_CONTINUOUS"",""duration_seconds"":359.0,""end_utc"":""1959-03-09T21:18:43+00:00"",""exposure_active"":133886,""exposure_current"":91571,""start_utc"":""1959-03-09T21:12:44+00:00""}]",1,359.000000,359.000000,68726,115287,74683,112631,1,1,45.8774047721,1.0000000000,0.0201360166,1.0000000000,402.491931,GE100_LT500,POST_SPUTNIK_OR_SAME_LAUNCH_DATE,False,False
91572|133890,91572,133890,61383,90760,106,208,"Hamburg-Bergedorf, Germany","Dr. Remeis-Observatory, Bamberg, Germany","Dr. Remeis-Observatory, Bamberg, Germany | Hamburg-Bergedorf, Germany",OVERLAP,0.000000,"[{""a_fragment"":""PARENT_PROVISIONAL_CONTINUOUS"",""b_fragment"":""PARENT_PROVISIONAL_CONTINUOUS"",""duration_seconds"":359.0,""end_utc"":""1959-03-09T22:21:02+00:00"",""exposure_active"":133890,""exposure_current"":91572,""start_utc"":""1959-03-09T22:15:03+00:00""}]",1,359.000000,359.000000,68728,115291,74685,112634,1,1,45.1925764590,1.0000000000,0.0203968618,1.0000000000,402.491931,GE100_LT500,POST_SPUTNIK_OR_SAME_LAUNCH_DATE,False,False
91573|133890,91573,133890,61384,90760,106,208,"Hamburg-Bergedorf, Germany","Dr. Remeis-Observatory, Bamberg, Germany","Dr. Remeis-Observatory, Bamberg, Germany | Hamburg-Bergedorf, Germany",OVERLAP,0.000000,"[{""a_fragment"":""PARENT_PROVISIONAL_CONTINUOUS"",""b_fragment"":""PARENT_PROVISIONAL_CONTINUOUS"",""duration_seconds"":359.0,""end_utc"":""1959-03-09T22:32:51+00:00"",""exposure_active"":133890,""exposure_current"":91573,""start_utc"":""1959-03-09T22:26:52+00:00""}]",1,359.000000,359.000000,68731,115291,74688,112634,1,1,45.1858008106,1.0000000000,0.0202928783,1.0000000000,402.491931,GE100_LT500,POST_SPUTNIK_OR_SAME_LAUNCH_DATE,False,False
91574|133890,91574,133890,61385,90760,106,208,"Hamburg-Bergedorf, Germany","Dr. Remeis-Observatory, Bamberg, Germany","Dr. Remeis-Observatory, Bamberg, Germany | Hamburg-Bergedorf, Germany",OVERLAP,0.000000,"[{""a_fragment"":""PARENT_PROVISIONAL_CONTINUOUS"",""b_fragment"":""PARENT_PROVISIONAL_CONTINUOUS"",""duration_seconds"":359.0,""end_utc"":""1959-03-09T22:50:18+00:00"",""exposure_active"":133890,""exposure_current"":91574,""start_utc"":""1959-03-09T22:44:19+00:00""}]",1,359.000000,359.000000,68733,115291,74690,112634,1,1,45.2644551035,1.0000000000,0.0202568559,1.0000000000,402.491931,GE100_LT500,POST_SPUTNIK_OR_SAME_LAUNCH_DATE,False,False
91575|133890,91575,133890,61386,90760,106,208,"Hamburg-Bergedorf, Germany","Dr. Remeis-Observatory, Bamberg, Germany","Dr. Remeis-Observatory, Bamberg, Germany | Hamburg-Bergedorf, Germany",GT0_LE5MIN,51.000000,[],0,0.000000,0.000000,68735,115291,74694,112634,1,1,45.5032514420,1.0000000000,0.0201979425,1.0000000000,402.491931,GE100_LT500,POST_SPUTNIK_OR_SAME_LAUNCH_DATE,False,False
91580|133898,91580,133898,61391,90768,106,208,"Hamburg-Bergedorf, Germany","Dr. Remeis-Observatory, Bamberg, Germany","Dr. Remeis-Observatory, Bamberg, Germany | Hamburg-Bergedorf, Germany",OVERLAP,0.000000,"[{""a_fragment"":""PARENT_PROVISIONAL_CONTINUOUS"",""b_fragment"":""PARENT_PROVISIONAL_CONTINUOUS"",""duration_seconds"":358.0,""end_utc"":""1959-03-10T00:19:58+00:00"",""exposure_active"":91580,""exposure_current"":133898,""start_utc"":""1959-03-10T00:14:00+00:00""}]",1,358.000000,358.000000,68745,115299,74703,112638,1,1,45.5867866911,1.0000000000,0.0203447946,1.0000000000,402.491931,GE100_LT500,POST_SPUTNIK_OR_SAME_LAUNCH_DATE,False,False
91581|133898,91581,133898,61392,90768,106,208,"Hamburg-Bergedorf, Germany","Dr. Remeis-Observatory, Bamberg, Germany","Dr. Remeis-Observatory, Bamberg, Germany | Hamburg-Bergedorf, Germany",OVERLAP,0.000000,"[{""a_fragment"":""PARENT_PROVISIONAL_CONTINUOUS"",""b_fragment"":""PARENT_PROVISIONAL_CONTINUOUS"",""duration_seconds"":359.0,""end_utc"":""1959-03-10T00:39:25+00:00"",""exposure_active"":133898,""exposure_current"":91581,""start_utc"":""1959-03-10T00:33:26+00:00""}]",1,359.000000,359.000000,68746,115299,74702,112638,1,1,45.1290765381,1.0000000000,0.0204604961,1.0000000000,402.491931,GE100_LT500,POST_SPUTNIK_OR_SAME_LAUNCH_DATE,False,False
91582|133898,91582,133898,61393,90768,106,208,"Hamburg-Bergedorf, Germany","Dr. Remeis-Observatory, Bamberg, Germany","Dr. Remeis-Observatory, Bamberg, Germany | Hamburg-Bergedorf, Germany",OVERLAP,0.000000,"[{""a_fragment"":""PARENT_PROVISIONAL_CONTINUOUS"",""b_fragment"":""PARENT_PROVISIONAL_CONTINUOUS"",""duration_seconds"":359.0,""end_utc"":""1959-03-10T00:54:07+00:00"",""exposure_active"":133898,""exposure_current"":91582,""start_utc"":""1959-03-10T00:48:08+00:00""}]",1,359.000000,359.000000,68749,115299,74705,112638,1,1,45.0404581509,1.0000000000,0.0205934476,1.0000000000,402.491931,GE100_LT500,POST_SPUTNIK_OR_SAME_LAUNCH_DATE,False,False
91598|134013,91598,134013,61409,90883,106,208,"Hamburg-Bergedorf, Germany","Dr. Remeis-Observatory, Bamberg, Germany","Dr. Remeis-Observatory, Bamberg, Germany | Hamburg-Bergedorf, Germany",OVERLAP,0.000000,"[{""a_fragment"":""PARENT_PROVISIONAL_CONTINUOUS"",""b_fragment"":""PARENT_PROVISIONAL_CONTINUOUS"",""duration_seconds"":539.0,""end_utc"":""1959-04-02T20:25:09+00:00"",""exposure_active"":134013,""exposure_current"":91598,""start_utc"":""1959-04-02T20:16:10+00:00""}]",1,539.000000,539.000000,68780,115414,74732,112766,1,1,46.5380424172,1.0000000000,0.0199460247,1.0000000000,402.491931,GE100_LT500,POST_SPUTNIK_OR_SAME_LAUNCH_DATE,False,False
91599|134013,91599,134013,61410,90883,106,208,"Hamburg-Bergedorf, Germany","Dr. Remeis-Observatory, Bamberg, Germany","Dr. Remeis-Observatory, Bamberg, Germany | Hamburg-Bergedorf, Germany",OVERLAP,0.000000,"[{""a_fragment"":""PARENT_PROVISIONAL_CONTINUOUS"",""b_fragment"":""PARENT_PROVISIONAL_CONTINUOUS"",""duration_seconds"":538.0,""end_utc"":""1959-04-02T20:41:36+00:00"",""exposure_active"":134013,""exposure_current"":91599,""start_utc"":""1959-04-02T20:32:38+00:00""}]",1,538.000000,538.000000,68782,115414,74737,112766,1,1,46.3165212177,1.0000000000,0.0200040551,1.0000000000,402.491931,GE100_LT500,POST_SPUTNIK_OR_SAME_LAUNCH_DATE,False,False
91600|134013,91600,134013,61411,90883,106,208,"Hamburg-Bergedorf, Germany","Dr. Remeis-Observatory, Bamberg, Germany","Dr. Remeis-Observatory, Bamberg, Germany | Hamburg-Bergedorf, Germany",OVERLAP,0.000000,"[{""a_fragment"":""PARENT_PROVISIONAL_CONTINUOUS"",""b_fragment"":""PARENT_PROVISIONAL_CONTINUOUS"",""duration_seconds"":538.0,""end_utc"":""1959-04-02T21:00:38+00:00"",""exposure_active"":134013,""exposure_current"":91600,""start_utc"":""1959-04-02T20:51:40+00:00""}]",1,538.000000,538.000000,68785,115414,74735,112766,1,1,45.4790574276,1.0000000000,0.0201521814,1.0000000000,402.491931,GE100_LT500,POST_SPUTNIK_OR_SAME_LAUNCH_DATE,False,False
91601|134013,91601,134013,61412,90883,106,208,"Hamburg-Bergedorf, Germany","Dr. Remeis-Observatory, Bamberg, Germany","Dr. Remeis-Observatory, Bamberg, Germany | Hamburg-Bergedorf, Germany",OVERLAP,0.000000,"[{""a_fragment"":""PARENT_PROVISIONAL_CONTINUOUS"",""b_fragment"":""PARENT_PROVISIONAL_CONTINUOUS"",""duration_seconds"":48.0,""end_utc"":""1959-04-02T21:10:00+00:00"",""exposure_active"":134013,""exposure_current"":91601,""start_utc"":""1959-04-02T21:09:12+00:00""}]",1,48.000000,48.000000,68786,115414,74738,112766,1,1,45.7971477648,1.0000000000,0.0201830463,1.0000000000,402.491931,GE100_LT500,POST_SPUTNIK_OR_SAME_LAUNCH_DATE,False,False
91601|134017,91601,134017,61412,90887,106,208,"Hamburg-Bergedorf, Germany","Dr. Remeis-Observatory, Bamberg, Germany","Dr. Remeis-Observatory, Bamberg, Germany | Hamburg-Bergedorf, Germany",OVERLAP,0.000000,"[{""a_fragment"":""PARENT_PROVISIONAL_CONTINUOUS"",""b_fragment"":""PARENT_PROVISIONAL_CONTINUOUS"",""duration_seconds"":130.0,""end_utc"":""1959-04-02T21:18:10+00:00"",""exposure_active"":91601,""exposure_current"":134017,""start_utc"":""1959-04-02T21:16:00+00:00""}]",1,130.000000,130.000000,68786,115418,74738,112772,1,1,45.8957695985,1.0000000000,0.0201217431,1.0000000000,402.491931,GE100_LT500,POST_SPUTNIK_OR_SAME_LAUNCH_DATE,False,False
91602|134017,91602,134017,61413,90887,106,208,"Hamburg-Bergedorf, Germany","Dr. Remeis-Observatory, Bamberg, Germany","Dr. Remeis-Observatory, Bamberg, Germany | Hamburg-Bergedorf, Germany",OVERLAP,0.000000,"[{""a_fragment"":""PARENT_PROVISIONAL_CONTINUOUS"",""b_fragment"":""PARENT_PROVISIONAL_CONTINUOUS"",""duration_seconds"":538.0,""end_utc"":""1959-04-02T21:36:22+00:00"",""exposure_active"":134017,""exposure_current"":91602,""start_utc"":""1959-04-02T21:27:24+00:00""}]",1,538.000000,538.000000,68788,115418,74742,112772,2,1,45.6610676292,1.0000000000,0.0201789222,1.0000000000,402.491931,GE100_LT500,POST_SPUTNIK_OR_SAME_LAUNCH_DATE,False,False
91603|134017,91603,134017,61414,90887,106,208,"Hamburg-Bergedorf, Germany","Dr. Remeis-Observatory, Bamberg, Germany","Dr. Remeis-Observatory, Bamberg, Germany | Hamburg-Bergedorf, Germany",OVERLAP,0.000000,"[{""a_fragment"":""PARENT_PROVISIONAL_CONTINUOUS"",""b_fragment"":""PARENT_PROVISIONAL_CONTINUOUS"",""duration_seconds"":359.0,""end_utc"":""1959-04-02T22:05:23+00:00"",""exposure_active"":134017,""exposure_current"":91603,""start_utc"":""1959-04-02T21:59:24+00:00""}]",1,359.000000,359.000000,68790,115418,74756,112772,1,1,45.0260537038,1.0000000000,0.0203897974,1.0000000000,402.491931,GE100_LT500,POST_SPUTNIK_OR_SAME_LAUNCH_DATE,False,False
91604|134021,91604,134021,61415,90891,106,208,"Hamburg-Bergedorf, Germany","Dr. Remeis-Observatory, Bamberg, Germany","Dr. Remeis-Observatory, Bamberg, Germany | Hamburg-Bergedorf, Germany",OVERLAP,0.000000,"[{""a_fragment"":""PARENT_PROVISIONAL_CONTINUOUS"",""b_fragment"":""PARENT_PROVISIONAL_CONTINUOUS"",""duration_seconds"":359.0,""end_utc"":""1959-04-02T22:29:09+00:00"",""exposure_active"":134021,""exposure_current"":91604,""start_utc"":""1959-04-02T22:23:10+00:00""}]",1,359.000000,359.000000,68792,115422,74745,112775,1,1,45.0874690109,1.0000000000,0.0207280453,1.0000000000,402.491931,GE100_LT500,POST_SPUTNIK_OR_SAME_LAUNCH_DATE,False,False
91605|134021,91605,134021,61416,90891,106,208,"Hamburg-Bergedorf, Germany","Dr. Remeis-Observatory, Bamberg, Germany","Dr. Remeis-Observatory, Bamberg, Germany | Hamburg-Bergedorf, Germany",OVERLAP,0.000000,"[{""a_fragment"":""PARENT_PROVISIONAL_CONTINUOUS"",""b_fragment"":""PARENT_PROVISIONAL_CONTINUOUS"",""duration_seconds"":359.0,""end_utc"":""1959-04-02T22:44:56+00:00"",""exposure_active"":134021,""exposure_current"":91605,""start_utc"":""1959-04-02T22:38:57+00:00""}]",1,359.000000,359.000000,68795,115422,74748,112775,1,1,44.8996890033,1.0000000000,0.0206656167,1.0000000000,402.491931,GE100_LT500,POST_SPUTNIK_OR_SAME_LAUNCH_DATE,False,False
91606|134021,91606,134021,61417,90891,106,208,"Hamburg-Bergedorf, Germany","Dr. Remeis-Observatory, Bamberg, Germany","Dr. Remeis-Observatory, Bamberg, Germany | Hamburg-Bergedorf, Germany",OVERLAP,0.000000,"[{""a_fragment"":""PARENT_PROVISIONAL_CONTINUOUS"",""b_fragment"":""PARENT_PROVISIONAL_CONTINUOUS"",""duration_seconds"":359.0,""end_utc"":""1959-04-02T23:03:33+00:00"",""exposure_active"":134021,""exposure_current"":91606,""start_utc"":""1959-04-02T22:57:34+00:00""}]",1,359.000000,359.000000,68796,115422,74749,112775,1,1,45.1869975350,1.0000000000,0.0207009257,1.0000000000,402.491931,GE100_LT500,POST_SPUTNIK_OR_SAME_LAUNCH_DATE,False,False
91607|134001,91607,134001,61418,90871,106,208,"Hamburg-Bergedorf, Germany","Dr. Remeis-Observatory, Bamberg, Germany","Dr. Remeis-Observatory, Bamberg, Germany | Hamburg-Bergedorf, Germany",GT0_LE5MIN,152.000000,[],0,0.000000,0.000000,68799,115402,74753,112749,1,1,45.3066836306,0.9805586938,0.0199103717,0.9805586938,402.491931,GE100_LT500,POST_SPUTNIK_OR_SAME_LAUNCH_DATE,False,False
91607|134025,91607,134025,61418,90895,106,208,"Hamburg-Bergedorf, Germany","Dr. Remeis-Observatory, Bamberg, Germany","Dr. Remeis-Observatory, Bamberg, Germany | Hamburg-Bergedorf, Germany",OVERLAP,0.000000,"[{""a_fragment"":""PARENT_PROVISIONAL_CONTINUOUS"",""b_fragment"":""PARENT_PROVISIONAL_CONTINUOUS"",""duration_seconds"":359.0,""end_utc"":""1959-04-02T23:32:28+00:00"",""exposure_active"":134025,""exposure_current"":91607,""start_utc"":""1959-04-02T23:26:29+00:00""}]",1,359.000000,359.000000,68799,115426,74753,112778,1,1,45.0753452669,1.0000000000,0.0204504536,1.0000000000,402.491931,GE100_LT500,POST_SPUTNIK_OR_SAME_LAUNCH_DATE,False,False
91608|134001,91608,134001,61419,90871,106,208,"Hamburg-Bergedorf, Germany","Dr. Remeis-Observatory, Bamberg, Germany","Dr. Remeis-Observatory, Bamberg, Germany | Hamburg-Bergedorf, Germany",OVERLAP,0.000000,"[{""a_fragment"":""PARENT_PROVISIONAL_CONTINUOUS"",""b_fragment"":""PARENT_PROVISIONAL_CONTINUOUS"",""duration_seconds"":359.0,""end_utc"":""1959-04-02T23:47:01+00:00"",""exposure_active"":134001,""exposure_current"":91608,""start_utc"":""1959-04-02T23:41:02+00:00""}]",1,359.000000,359.000000,68800,115402,74754,112749,1,1,45.6548566335,1.0000000000,0.0204432637,1.0000000000,402.491931,GE100_LT500,POST_SPUTNIK_OR_SAME_LAUNCH_DATE,False,False
91608|134025,91608,134025,61419,90895,106,208,"Hamburg-Bergedorf, Germany","Dr. Remeis-Observatory, Bamberg, Germany","Dr. Remeis-Observatory, Bamberg, Germany | Hamburg-Bergedorf, Germany",OVERLAP,0.000000,"[{""a_fragment"":""PARENT_PROVISIONAL_CONTINUOUS"",""b_fragment"":""PARENT_PROVISIONAL_CONTINUOUS"",""duration_seconds"":359.0,""end_utc"":""1959-04-02T23:47:01+00:00"",""exposure_active"":134025,""exposure_current"":91608,""start_utc"":""1959-04-02T23:41:02+00:00""}]",1,359.000000,359.000000,68800,115426,74754,112778,1,1,45.0652687130,1.0000000000,0.0204541783,1.0000000000,402.491931,GE100_LT500,POST_SPUTNIK_OR_SAME_LAUNCH_DATE,False,False
91609|134001,91609,134001,61420,90871,106,208,"Hamburg-Bergedorf, Germany","Dr. Remeis-Observatory, Bamberg, Germany","Dr. Remeis-Observatory, Bamberg, Germany | Hamburg-Bergedorf, Germany",OVERLAP,0.000000,"[{""a_fragment"":""PARENT_PROVISIONAL_CONTINUOUS"",""b_fragment"":""PARENT_PROVISIONAL_CONTINUOUS"",""duration_seconds"":359.0,""end_utc"":""1959-04-02T23:59:34+00:00"",""exposure_active"":134001,""exposure_current"":91609,""start_utc"":""1959-04-02T23:53:35+00:00""}]",1,359.000000,359.000000,68803,115402,74758,112749,1,1,45.1304190541,1.0000000000,0.0204687858,1.0000000000,402.491931,GE100_LT500,POST_SPUTNIK_OR_SAME_LAUNCH_DATE,False,False
91609|134025,91609,134025,61420,90895,106,208,"Hamburg-Bergedorf, Germany","Dr. Remeis-Observatory, Bamberg, Germany","Dr. Remeis-Observatory, Bamberg, Germany | Hamburg-Bergedorf, Germany",OVERLAP,0.000000,"[{""a_fragment"":""PARENT_PROVISIONAL_CONTINUOUS"",""b_fragment"":""PARENT_PROVISIONAL_CONTINUOUS"",""duration_seconds"":359.0,""end_utc"":""1959-04-02T23:59:34+00:00"",""exposure_active"":134025,""exposure_current"":91609,""start_utc"":""1959-04-02T23:53:35+00:00""}]",1,359.000000,359.000000,68803,115426,74758,112778,1,1,45.0747776135,1.0000000000,0.0203465418,1.0000000000,402.491931,GE100_LT500,POST_SPUTNIK_OR_SAME_LAUNCH_DATE,False,False
91649|134196,91649,134196,61460,91066,106,208,"Hamburg-Bergedorf, Germany","Dr. Remeis-Observatory, Bamberg, Germany","Dr. Remeis-Observatory, Bamberg, Germany | Hamburg-Bergedorf, Germany",OVERLAP,0.000000,"[{""a_fragment"":""PARENT_PROVISIONAL_CONTINUOUS"",""b_fragment"":""PARENT_PROVISIONAL_CONTINUOUS"",""duration_seconds"":346.0,""end_utc"":""1959-06-05T22:07:00+00:00"",""exposure_active"":134196,""exposure_current"":91649,""start_utc"":""1959-06-05T22:01:14+00:00""}]",1,346.000000,346.000000,68882,115597,74830,112938,1,1,0.0368661566,0.0007735145,0.0000291917,0.0007735145,402.491931,GE100_LT500,POST_SPUTNIK_OR_SAME_LAUNCH_DATE,False,False
91649|134197,91649,134197,61460,91067,106,208,"Hamburg-Bergedorf, Germany","Dr. Remeis-Observatory, Bamberg, Germany","Dr. Remeis-Observatory, Bamberg, Germany | Hamburg-Bergedorf, Germany",OVERLAP,0.000000,"[{""a_fragment"":""PARENT_PROVISIONAL_CONTINUOUS"",""b_fragment"":""PARENT_PROVISIONAL_CONTINUOUS"",""duration_seconds"":346.0,""end_utc"":""1959-06-05T22:07:00+00:00"",""exposure_active"":134197,""exposure_current"":91649,""start_utc"":""1959-06-05T22:01:14+00:00""}]",1,346.000000,346.000000,68882,115598,74830,112944,1,1,45.1721798408,1.0000000000,0.0204478666,1.0000000000,402.491931,GE100_LT500,POST_SPUTNIK_OR_SAME_LAUNCH_DATE,False,False
91649|134201,91649,134201,61460,91071,106,208,"Hamburg-Bergedorf, Germany","Dr. Remeis-Observatory, Bamberg, Germany","Dr. Remeis-Observatory, Bamberg, Germany | Hamburg-Bergedorf, Germany",GT0_LE5MIN,282.000000,[],0,0.000000,0.000000,68882,115602,74830,112950,1,1,45.0366675585,1.0000000000,0.0204856274,1.0000000000,402.491931,GE100_LT500,POST_SPUTNIK_OR_SAME_LAUNCH_DATE,False,False
91651|134201,91651,134201,61462,91071,106,208,"Hamburg-Bergedorf, Germany","Dr. Remeis-Observatory, Bamberg, Germany","Dr. Remeis-Observatory, Bamberg, Germany | Hamburg-Bergedorf, Germany",OVERLAP,0.000000,"[{""a_fragment"":""PARENT_PROVISIONAL_CONTINUOUS"",""b_fragment"":""PARENT_PROVISIONAL_CONTINUOUS"",""duration_seconds"":359.0,""end_utc"":""1959-06-05T22:35:33+00:00"",""exposure_active"":134201,""exposure_current"":91651,""start_utc"":""1959-06-05T22:29:34+00:00""}]",1,359.000000,359.000000,68886,115602,74834,112950,1,1,45.2119210491,1.0000000000,0.0204243131,1.0000000000,402.491931,GE100_LT500,POST_SPUTNIK_OR_SAME_LAUNCH_DATE,False,False
91655|134437,91655,134437,61466,91307,106,208,"Hamburg-Bergedorf, Germany","Dr. Remeis-Observatory, Bamberg, Germany","Dr. Remeis-Observatory, Bamberg, Germany | Hamburg-Bergedorf, Germany",OVERLAP,0.000000,"[{""a_fragment"":""PARENT_PROVISIONAL_CONTINUOUS"",""b_fragment"":""PARENT_PROVISIONAL_CONTINUOUS"",""duration_seconds"":598.0,""end_utc"":""1959-08-29T22:21:43+00:00"",""exposure_active"":134437,""exposure_current"":91655,""start_utc"":""1959-08-29T22:11:45+00:00""}]",1,598.000000,598.000000,68894,115838,74842,113151,1,1,2.9346434072,0.0593771724,0.0011587296,0.0593771724,402.491931,GE100_LT500,POST_SPUTNIK_OR_SAME_LAUNCH_DATE,False,False
91657|134441,91657,134441,61468,91311,106,208,"Hamburg-Bergedorf, Germany","Dr. Remeis-Observatory, Bamberg, Germany","Dr. Remeis-Observatory, Bamberg, Germany | Hamburg-Bergedorf, Germany",OVERLAP,0.000000,"[{""a_fragment"":""PARENT_PROVISIONAL_CONTINUOUS"",""b_fragment"":""PARENT_PROVISIONAL_CONTINUOUS"",""duration_seconds"":591.0,""end_utc"":""1959-08-29T23:07:51+00:00"",""exposure_active"":91657,""exposure_current"":134441,""start_utc"":""1959-08-29T22:58:00+00:00""}]",1,591.000000,591.000000,68898,115842,74845,113152,1,1,2.2910489827,0.0463150847,0.0009062462,0.0463150847,402.491931,GE100_LT500,POST_SPUTNIK_OR_SAME_LAUNCH_DATE,False,False
91664|134526,91664,134526,61475,91396,106,208,"Hamburg-Bergedorf, Germany","Dr. Remeis-Observatory, Bamberg, Germany","Dr. Remeis-Observatory, Bamberg, Germany | Hamburg-Bergedorf, Germany",OVERLAP,0.000000,"[{""a_fragment"":""PARENT_PROVISIONAL_CONTINUOUS"",""b_fragment"":""PARENT_PROVISIONAL_CONTINUOUS"",""duration_seconds"":599.0,""end_utc"":""1959-09-03T01:32:16+00:00"",""exposure_active"":134526,""exposure_current"":91664,""start_utc"":""1959-09-03T01:22:17+00:00""}]",1,599.000000,599.000000,68912,115927,74857,113219,1,1,45.2885915369,1.0000000000,0.0205014816,1.0000000000,402.491931,GE100_LT500,POST_SPUTNIK_OR_SAME_LAUNCH_DATE,False,False
91665|134535,91665,134535,61476,91405,106,208,"Hamburg-Bergedorf, Germany","Dr. Remeis-Observatory, Bamberg, Germany","Dr. Remeis-Observatory, Bamberg, Germany | Hamburg-Bergedorf, Germany",GT0_LE5MIN,67.000000,[],0,0.000000,0.000000,68914,115936,74858,113225,1,1,10.7018273468,0.2270621162,0.0085690834,0.2270621162,402.491931,GE100_LT500,POST_SPUTNIK_OR_SAME_LAUNCH_DATE,False,False
91668|134939,91668,134939,61479,91809,106,208,"Hamburg-Bergedorf, Germany","Dr. Remeis-Observatory, Bamberg, Germany","Dr. Remeis-Observatory, Bamberg, Germany | Hamburg-Bergedorf, Germany",OVERLAP,0.000000,"[{""a_fragment"":""PARENT_PROVISIONAL_CONTINUOUS"",""b_fragment"":""PARENT_PROVISIONAL_CONTINUOUS"",""duration_seconds"":598.0,""end_utc"":""1959-10-01T00:19:14+00:00"",""exposure_active"":134939,""exposure_current"":91668,""start_utc"":""1959-10-01T00:09:16+00:00""}]",1,598.000000,598.000000,68920,116340,74870,113575,1,1,46.2548367581,0.9960010391,0.0380095558,0.9960010391,402.491931,GE100_LT500,POST_SPUTNIK_OR_SAME_LAUNCH_DATE,False,False
91668|134940,91668,134940,61479,91810,106,208,"Hamburg-Bergedorf, Germany","Dr. Remeis-Observatory, Bamberg, Germany","Dr. Remeis-Observatory, Bamberg, Germany | Hamburg-Bergedorf, Germany",OVERLAP,0.000000,"[{""a_fragment"":""PARENT_PROVISIONAL_CONTINUOUS"",""b_fragment"":""PARENT_PROVISIONAL_CONTINUOUS"",""duration_seconds"":598.0,""end_utc"":""1959-10-01T00:19:14+00:00"",""exposure_active"":134940,""exposure_current"":91668,""start_utc"":""1959-10-01T00:09:16+00:00""}]",1,598.000000,598.000000,68920,116341,74870,113586,1,1,46.3460018011,1.0000000000,0.0201281300,1.0000000000,402.491931,GE100_LT500,POST_SPUTNIK_OR_SAME_LAUNCH_DATE,False,False
91669|134939,91669,134939,61480,91809,106,208,"Hamburg-Bergedorf, Germany","Dr. Remeis-Observatory, Bamberg, Germany","Dr. Remeis-Observatory, Bamberg, Germany | Hamburg-Bergedorf, Germany",OVERLAP,0.000000,"[{""a_fragment"":""PARENT_PROVISIONAL_CONTINUOUS"",""b_fragment"":""PARENT_PROVISIONAL_CONTINUOUS"",""duration_seconds"":598.0,""end_utc"":""1959-10-01T00:32:47+00:00"",""exposure_active"":134939,""exposure_current"":91669,""start_utc"":""1959-10-01T00:22:49+00:00""}]",1,598.000000,598.000000,68922,116340,74863,113575,1,1,45.9658928731,0.9965281140,0.0381014048,0.9965281140,402.491931,GE100_LT500,POST_SPUTNIK_OR_SAME_LAUNCH_DATE,False,False
91669|134940,91669,134940,61480,91810,106,208,"Hamburg-Bergedorf, Germany","Dr. Remeis-Observatory, Bamberg, Germany","Dr. Remeis-Observatory, Bamberg, Germany | Hamburg-Bergedorf, Germany",OVERLAP,0.000000,"[{""a_fragment"":""PARENT_PROVISIONAL_CONTINUOUS"",""b_fragment"":""PARENT_PROVISIONAL_CONTINUOUS"",""duration_seconds"":598.0,""end_utc"":""1959-10-01T00:32:47+00:00"",""exposure_active"":134940,""exposure_current"":91669,""start_utc"":""1959-10-01T00:22:49+00:00""}]",1,598.000000,598.000000,68922,116341,74863,113586,1,1,46.0475750189,1.0000000000,0.0202023856,1.0000000000,402.491931,GE100_LT500,POST_SPUTNIK_OR_SAME_LAUNCH_DATE,False,False
91670|134939,91670,134939,61481,91809,106,208,"Hamburg-Bergedorf, Germany","Dr. Remeis-Observatory, Bamberg, Germany","Dr. Remeis-Observatory, Bamberg, Germany | Hamburg-Bergedorf, Germany",OVERLAP,0.000000,"[{""a_fragment"":""PARENT_PROVISIONAL_CONTINUOUS"",""b_fragment"":""PARENT_PROVISIONAL_CONTINUOUS"",""duration_seconds"":325.0,""end_utc"":""1959-10-01T00:50:00+00:00"",""exposure_active"":134939,""exposure_current"":91670,""start_utc"":""1959-10-01T00:44:35+00:00""}]",1,325.000000,325.000000,68924,116340,74864,113575,1,1,46.0069776591,0.9993328785,0.0382329351,0.9993328785,402.491931,GE100_LT500,POST_SPUTNIK_OR_SAME_LAUNCH_DATE,False,False
91670|134940,91670,134940,61481,91810,106,208,"Hamburg-Bergedorf, Germany","Dr. Remeis-Observatory, Bamberg, Germany","Dr. Remeis-Observatory, Bamberg, Germany | Hamburg-Bergedorf, Germany",OVERLAP,0.000000,"[{""a_fragment"":""PARENT_PROVISIONAL_CONTINUOUS"",""b_fragment"":""PARENT_PROVISIONAL_CONTINUOUS"",""duration_seconds"":325.0,""end_utc"":""1959-10-01T00:50:00+00:00"",""exposure_active"":134940,""exposure_current"":91670,""start_utc"":""1959-10-01T00:44:35+00:00""}]",1,325.000000,325.000000,68924,116341,74864,113586,1,1,45.9807409561,1.0000000000,0.0202211131,1.0000000000,402.491931,GE100_LT500,POST_SPUTNIK_OR_SAME_LAUNCH_DATE,False,False
91670|134943,91670,134943,61481,91813,106,208,"Hamburg-Bergedorf, Germany","Dr. Remeis-Observatory, Bamberg, Germany","Dr. Remeis-Observatory, Bamberg, Germany | Hamburg-Bergedorf, Germany",GT0_LE5MIN,27.000000,[],0,0.000000,0.000000,68924,116344,74864,113582,1,1,19.1398759244,0.4066219100,0.0153431802,0.4066219100,402.491931,GE100_LT500,POST_SPUTNIK_OR_SAME_LAUNCH_DATE,False,False
91670|134944,91670,134944,61481,91814,106,208,"Hamburg-Bergedorf, Germany","Dr. Remeis-Observatory, Bamberg, Germany","Dr. Remeis-Observatory, Bamberg, Germany | Hamburg-Bergedorf, Germany",GT0_LE5MIN,27.000000,[],0,0.000000,0.000000,68924,116345,74864,113581,1,1,46.9619362181,1.0000000000,0.0197950288,1.0000000000,402.491931,GE100_LT500,POST_SPUTNIK_OR_SAME_LAUNCH_DATE,False,False
91671|134943,91671,134943,61482,91813,106,208,"Hamburg-Bergedorf, Germany","Dr. Remeis-Observatory, Bamberg, Germany","Dr. Remeis-Observatory, Bamberg, Germany | Hamburg-Bergedorf, Germany",OVERLAP,0.000000,"[{""a_fragment"":""PARENT_PROVISIONAL_CONTINUOUS"",""b_fragment"":""PARENT_PROVISIONAL_CONTINUOUS"",""duration_seconds"":515.0,""end_utc"":""1959-10-01T01:55:00+00:00"",""exposure_active"":134943,""exposure_current"":91671,""start_utc"":""1959-10-01T01:46:25+00:00""}]",1,515.000000,515.000000,68926,116344,74866,113582,1,1,45.8144463779,0.9949896698,0.0377699364,0.9949896698,402.491931,GE100_LT500,POST_SPUTNIK_OR_SAME_LAUNCH_DATE,False,False
91671|134944,91671,134944,61482,91814,106,208,"Hamburg-Bergedorf, Germany","Dr. Remeis-Observatory, Bamberg, Germany","Dr. Remeis-Observatory, Bamberg, Germany | Hamburg-Bergedorf, Germany",OVERLAP,0.000000,"[{""a_fragment"":""PARENT_PROVISIONAL_CONTINUOUS"",""b_fragment"":""PARENT_PROVISIONAL_CONTINUOUS"",""duration_seconds"":515.0,""end_utc"":""1959-10-01T01:55:00+00:00"",""exposure_active"":134944,""exposure_current"":91671,""start_utc"":""1959-10-01T01:46:25+00:00""}]",1,515.000000,515.000000,68926,116345,74866,113581,1,1,45.9587527180,1.0000000000,0.0200394667,1.0000000000,402.491931,GE100_LT500,POST_SPUTNIK_OR_SAME_LAUNCH_DATE,False,False
91672|134943,91672,134943,61483,91813,106,208,"Hamburg-Bergedorf, Germany","Dr. Remeis-Observatory, Bamberg, Germany","Dr. Remeis-Observatory, Bamberg, Germany | Hamburg-Bergedorf, Germany",GT0_LE5MIN,282.000000,[],0,0.000000,0.000000,68929,116344,74871,113582,1,1,46.2803659790,0.9996974551,0.0380447365,0.9996974551,402.491931,GE100_LT500,POST_SPUTNIK_OR_SAME_LAUNCH_DATE,False,False
91672|134944,91672,134944,61483,91814,106,208,"Hamburg-Bergedorf, Germany","Dr. Remeis-Observatory, Bamberg, Germany","Dr. Remeis-Observatory, Bamberg, Germany | Hamburg-Bergedorf, Germany",GT0_LE5MIN,282.000000,[],0,0.000000,0.000000,68929,116345,74871,113581,1,1,46.2279033905,1.0000000000,0.0200708721,1.0000000000,402.491931,GE100_LT500,POST_SPUTNIK_OR_SAME_LAUNCH_DATE,False,False
91675|134974,91675,134974,61486,91844,106,208,"Hamburg-Bergedorf, Germany","Dr. Remeis-Observatory, Bamberg, Germany","Dr. Remeis-Observatory, Bamberg, Germany | Hamburg-Bergedorf, Germany",OVERLAP,0.000000,"[{""a_fragment"":""PARENT_PROVISIONAL_CONTINUOUS"",""b_fragment"":""PARENT_PROVISIONAL_CONTINUOUS"",""duration_seconds"":478.0,""end_utc"":""1959-10-02T00:02:15+00:00"",""exposure_active"":134974,""exposure_current"":91675,""start_utc"":""1959-10-01T23:54:17+00:00""}]",1,478.000000,478.000000,68935,116375,74876,113606,1,1,4.1059661280,0.0905457813,0.0310786062,0.0905457813,402.491931,GE100_LT500,POST_SPUTNIK_OR_SAME_LAUNCH_DATE,False,False
91675|134975,91675,134975,61486,91845,106,208,"Hamburg-Bergedorf, Germany","Dr. Remeis-Observatory, Bamberg, Germany","Dr. Remeis-Observatory, Bamberg, Germany | Hamburg-Bergedorf, Germany",OVERLAP,0.000000,"[{""a_fragment"":""PARENT_PROVISIONAL_CONTINUOUS"",""b_fragment"":""PARENT_PROVISIONAL_CONTINUOUS"",""duration_seconds"":478.0,""end_utc"":""1959-10-02T00:02:15+00:00"",""exposure_active"":134975,""exposure_current"":91675,""start_utc"":""1959-10-01T23:54:17+00:00""}]",1,478.000000,478.000000,68935,116376,74876,113605,1,1,34.7320318414,0.7434452322,0.0280754760,0.7434452322,402.491931,GE100_LT500,POST_SPUTNIK_OR_SAME_LAUNCH_DATE,False,False
91676|134979,91676,134979,61487,91849,106,208,"Hamburg-Bergedorf, Germany","Dr. Remeis-Observatory, Bamberg, Germany","Dr. Remeis-Observatory, Bamberg, Germany | Hamburg-Bergedorf, Germany",OVERLAP,0.000000,"[{""a_fragment"":""PARENT_PROVISIONAL_CONTINUOUS"",""b_fragment"":""PARENT_PROVISIONAL_CONTINUOUS"",""duration_seconds"":598.0,""end_utc"":""1959-10-02T01:27:51+00:00"",""exposure_active"":134979,""exposure_current"":91676,""start_utc"":""1959-10-02T01:17:53+00:00""}]",1,598.000000,598.000000,68936,116380,74877,113617,1,1,45.8509766516,0.9898106525,0.0377075051,0.9898106525,402.491931,GE100_LT500,POST_SPUTNIK_OR_SAME_LAUNCH_DATE,False,False
91676|134980,91676,134980,61487,91850,106,208,"Hamburg-Bergedorf, Germany","Dr. Remeis-Observatory, Bamberg, Germany","Dr. Remeis-Observatory, Bamberg, Germany | Hamburg-Bergedorf, Germany",OVERLAP,0.000000,"[{""a_fragment"":""PARENT_PROVISIONAL_CONTINUOUS"",""b_fragment"":""PARENT_PROVISIONAL_CONTINUOUS"",""duration_seconds"":598.0,""end_utc"":""1959-10-02T01:27:51+00:00"",""exposure_active"":134980,""exposure_current"":91676,""start_utc"":""1959-10-02T01:17:53+00:00""}]",1,598.000000,598.000000,68936,116381,74877,113614,1,1,45.6894931397,1.0000000000,0.0204261135,1.0000000000,402.491931,GE100_LT500,POST_SPUTNIK_OR_SAME_LAUNCH_DATE,False,False
91677|134979,91677,134979,61488,91849,106,208,"Hamburg-Bergedorf, Germany","Dr. Remeis-Observatory, Bamberg, Germany","Dr. Remeis-Observatory, Bamberg, Germany | Hamburg-Bergedorf, Germany",OVERLAP,0.000000,"[{""a_fragment"":""PARENT_PROVISIONAL_CONTINUOUS"",""b_fragment"":""PARENT_PROVISIONAL_CONTINUOUS"",""duration_seconds"":577.0,""end_utc"":""1959-10-02T01:55:00+00:00"",""exposure_active"":134979,""exposure_current"":91677,""start_utc"":""1959-10-02T01:45:23+00:00""}]",1,577.000000,577.000000,68938,116380,74880,113617,1,1,45.3507195780,1.0000000000,0.0383837143,1.0000000000,402.491931,GE100_LT500,POST_SPUTNIK_OR_SAME_LAUNCH_DATE,False,False
91677|134980,91677,134980,61488,91850,106,208,"Hamburg-Bergedorf, Germany","Dr. Remeis-Observatory, Bamberg, Germany","Dr. Remeis-Observatory, Bamberg, Germany | Hamburg-Bergedorf, Germany",OVERLAP,0.000000,"[{""a_fragment"":""PARENT_PROVISIONAL_CONTINUOUS"",""b_fragment"":""PARENT_PROVISIONAL_CONTINUOUS"",""duration_seconds"":577.0,""end_utc"":""1959-10-02T01:55:00+00:00"",""exposure_active"":134980,""exposure_current"":91677,""start_utc"":""1959-10-02T01:45:23+00:00""}]",1,577.000000,577.000000,68938,116381,74880,113614,1,1,46.9390497356,1.0000000000,0.0200317056,1.0000000000,402.491931,GE100_LT500,POST_SPUTNIK_OR_SAME_LAUNCH_DATE,False,False
91677|134984,91677,134984,61488,91854,106,208,"Hamburg-Bergedorf, Germany","Dr. Remeis-Observatory, Bamberg, Germany","Dr. Remeis-Observatory, Bamberg, Germany | Hamburg-Bergedorf, Germany",GT0_LE5MIN,278.000000,[],0,0.000000,0.000000,68938,116385,74880,113616,1,1,47.2162547529,1.0000000000,0.0197015309,1.0000000000,402.491931,GE100_LT500,POST_SPUTNIK_OR_SAME_LAUNCH_DATE,False,False
91678|135062,91678,135062,61489,91932,106,208,"Hamburg-Bergedorf, Germany","Dr. Remeis-Observatory, Bamberg, Germany","Dr. Remeis-Observatory, Bamberg, Germany | Hamburg-Bergedorf, Germany",OVERLAP,0.000000,"[{""a_fragment"":""PARENT_PROVISIONAL_CONTINUOUS"",""b_fragment"":""PARENT_PROVISIONAL_CONTINUOUS"",""duration_seconds"":469.0,""end_utc"":""1959-10-04T22:17:58+00:00"",""exposure_active"":135062,""exposure_current"":91678,""start_utc"":""1959-10-04T22:10:09+00:00""}]",1,469.000000,469.000000,68941,116463,74884,113674,1,1,12.1706479751,0.2579366789,0.0096784219,0.2579366789,402.491931,GE100_LT500,POST_SPUTNIK_OR_SAME_LAUNCH_DATE,False,False
91679|135062,91679,135062,61490,91932,106,208,"Hamburg-Bergedorf, Germany","Dr. Remeis-Observatory, Bamberg, Germany","Dr. Remeis-Observatory, Bamberg, Germany | Hamburg-Bergedorf, Germany",OVERLAP,0.000000,"[{""a_fragment"":""PARENT_PROVISIONAL_CONTINUOUS"",""b_fragment"":""PARENT_PROVISIONAL_CONTINUOUS"",""duration_seconds"":479.0,""end_utc"":""1959-10-04T22:35:55+00:00"",""exposure_active"":135062,""exposure_current"":91679,""start_utc"":""1959-10-04T22:27:56+00:00""}]",1,479.000000,479.000000,68943,116463,74883,113674,1,1,46.1973089661,1.0000000000,0.0378146789,1.0000000000,402.491931,GE100_LT500,POST_SPUTNIK_OR_SAME_LAUNCH_DATE,False,False
91680|135083,91680,135083,61491,91953,106,208,"Hamburg-Bergedorf, Germany","Dr. Remeis-Observatory, Bamberg, Germany","Dr. Remeis-Observatory, Bamberg, Germany | Hamburg-Bergedorf, Germany",OVERLAP,0.000000,"[{""a_fragment"":""PARENT_PROVISIONAL_CONTINUOUS"",""b_fragment"":""PARENT_PROVISIONAL_CONTINUOUS"",""duration_seconds"":479.0,""end_utc"":""1959-10-05T22:31:39+00:00"",""exposure_active"":135083,""exposure_current"":91680,""start_utc"":""1959-10-05T22:23:40+00:00""}]",1,479.000000,479.000000,68945,116484,74886,113698,1,1,45.0560742069,1.0000000000,0.0204946571,1.0000000000,402.491931,GE100_LT500,POST_SPUTNIK_OR_SAME_LAUNCH_DATE,False,False
91681|135083,91681,135083,61492,91953,106,208,"Hamburg-Bergedorf, Germany","Dr. Remeis-Observatory, Bamberg, Germany","Dr. Remeis-Observatory, Bamberg, Germany | Hamburg-Bergedorf, Germany",GT0_LE5MIN,88.000000,[],0,0.000000,0.000000,68947,116484,74887,113698,1,1,45.2269907614,1.0000000000,0.0204568144,1.0000000000,402.491931,GE100_LT500,POST_SPUTNIK_OR_SAME_LAUNCH_DATE,False,False
91681|135087,91681,135087,61492,91957,106,208,"Hamburg-Bergedorf, Germany","Dr. Remeis-Observatory, Bamberg, Germany","Dr. Remeis-Observatory, Bamberg, Germany | Hamburg-Bergedorf, Germany",OVERLAP,0.000000,"[{""a_fragment"":""PARENT_PROVISIONAL_CONTINUOUS"",""b_fragment"":""PARENT_PROVISIONAL_CONTINUOUS"",""duration_seconds"":267.0,""end_utc"":""1959-10-05T22:44:27+00:00"",""exposure_active"":91681,""exposure_current"":135087,""start_utc"":""1959-10-05T22:40:00+00:00""}]",1,267.000000,267.000000,68947,116488,74887,113708,1,1,45.4258522164,1.0000000000,0.0204047103,1.0000000000,402.491931,GE100_LT500,POST_SPUTNIK_OR_SAME_LAUNCH_DATE,False,False
91682|135087,91682,135087,61493,91957,106,208,"Hamburg-Bergedorf, Germany","Dr. Remeis-Observatory, Bamberg, Germany","Dr. Remeis-Observatory, Bamberg, Germany | Hamburg-Bergedorf, Germany",OVERLAP,0.000000,"[{""a_fragment"":""PARENT_PROVISIONAL_CONTINUOUS"",""b_fragment"":""PARENT_PROVISIONAL_CONTINUOUS"",""duration_seconds"":479.0,""end_utc"":""1959-10-05T23:05:04+00:00"",""exposure_active"":135087,""exposure_current"":91682,""start_utc"":""1959-10-05T22:57:05+00:00""}]",1,479.000000,479.000000,68949,116488,74890,113708,1,1,45.1272573442,1.0000000000,0.0204778791,1.0000000000,402.491931,GE100_LT500,POST_SPUTNIK_OR_SAME_LAUNCH_DATE,False,False
91683|135086,91683,135086,61494,91956,106,208,"Hamburg-Bergedorf, Germany","Dr. Remeis-Observatory, Bamberg, Germany","Dr. Remeis-Observatory, Bamberg, Germany | Hamburg-Bergedorf, Germany",OVERLAP,0.000000,"[{""a_fragment"":""PARENT_PROVISIONAL_CONTINUOUS"",""b_fragment"":""PARENT_PROVISIONAL_CONTINUOUS"",""duration_seconds"":478.0,""end_utc"":""1959-10-05T23:31:29+00:00"",""exposure_active"":135086,""exposure_current"":91683,""start_utc"":""1959-10-05T23:23:31+00:00""}]",1,478.000000,478.000000,68951,116487,74894,113697,-1,1,45.3563067449,1.0000000000,0.0381380923,1.0000000000,402.491931,GE100_LT500,POST_SPUTNIK_OR_SAME_LAUNCH_DATE,False,False
91683|135087,91683,135087,61494,91957,106,208,"Hamburg-Bergedorf, Germany","Dr. Remeis-Observatory, Bamberg, Germany","Dr. Remeis-Observatory, Bamberg, Germany | Hamburg-Bergedorf, Germany",OVERLAP,0.000000,"[{""a_fragment"":""PARENT_PROVISIONAL_CONTINUOUS"",""b_fragment"":""PARENT_PROVISIONAL_CONTINUOUS"",""duration_seconds"":478.0,""end_utc"":""1959-10-05T23:31:29+00:00"",""exposure_active"":135087,""exposure_current"":91683,""start_utc"":""1959-10-05T23:23:31+00:00""}]",1,478.000000,478.000000,68951,116488,74894,113708,-1,1,46.8844206013,1.0000000000,0.0198901674,1.0000000000,402.491931,GE100_LT500,POST_SPUTNIK_OR_SAME_LAUNCH_DATE,False,False
91684|135091,91684,135091,61495,91961,106,208,"Hamburg-Bergedorf, Germany","Dr. Remeis-Observatory, Bamberg, Germany","Dr. Remeis-Observatory, Bamberg, Germany | Hamburg-Bergedorf, Germany",OVERLAP,0.000000,"[{""a_fragment"":""PARENT_PROVISIONAL_CONTINUOUS"",""b_fragment"":""PARENT_PROVISIONAL_CONTINUOUS"",""duration_seconds"":479.0,""end_utc"":""1959-10-05T23:53:41+00:00"",""exposure_active"":135091,""exposure_current"":91684,""start_utc"":""1959-10-05T23:45:42+00:00""}]",1,479.000000,479.000000,68953,116492,74896,113699,1,1,45.4148866491,1.0000000000,0.0204557180,1.0000000000,402.491931,GE100_LT500,POST_SPUTNIK_OR_SAME_LAUNCH_DATE,False,False
91685|135091,91685,135091,61496,91961,106,208,"Hamburg-Bergedorf, Germany","Dr. Remeis-Observatory, Bamberg, Germany","Dr. Remeis-Observatory, Bamberg, Germany | Hamburg-Bergedorf, Germany",OVERLAP,0.000000,"[{""a_fragment"":""PARENT_PROVISIONAL_CONTINUOUS"",""b_fragment"":""PARENT_PROVISIONAL_CONTINUOUS"",""duration_seconds"":478.0,""end_utc"":""1959-10-06T00:07:13+00:00"",""exposure_active"":135091,""exposure_current"":91685,""start_utc"":""1959-10-05T23:59:15+00:00""}]",1,478.000000,478.000000,68954,116492,74895,113699,1,1,44.9730255439,1.0000000000,0.0204580717,1.0000000000,402.491931,GE100_LT500,POST_SPUTNIK_OR_SAME_LAUNCH_DATE,False,False
91686|135090,91686,135090,61497,91960,106,208,"Hamburg-Bergedorf, Germany","Dr. Remeis-Observatory, Bamberg, Germany","Dr. Remeis-Observatory, Bamberg, Germany | Hamburg-Bergedorf, Germany",OVERLAP,0.000000,"[{""a_fragment"":""PARENT_PROVISIONAL_CONTINUOUS"",""b_fragment"":""PARENT_PROVISIONAL_CONTINUOUS"",""duration_seconds"":479.0,""end_utc"":""1959-10-06T00:30:15+00:00"",""exposure_active"":135090,""exposure_current"":91686,""start_utc"":""1959-10-06T00:22:16+00:00""}]",1,479.000000,479.000000,68956,116491,74898,113701,1,1,29.5470551434,0.6334877620,0.0241337771,0.6334877620,402.491931,GE100_LT500,POST_SPUTNIK_OR_SAME_LAUNCH_DATE,False,False
91686|135091,91686,135091,61497,91961,106,208,"Hamburg-Bergedorf, Germany","Dr. Remeis-Observatory, Bamberg, Germany","Dr. Remeis-Observatory, Bamberg, Germany | Hamburg-Bergedorf, Germany",OVERLAP,0.000000,"[{""a_fragment"":""PARENT_PROVISIONAL_CONTINUOUS"",""b_fragment"":""PARENT_PROVISIONAL_CONTINUOUS"",""duration_seconds"":479.0,""end_utc"":""1959-10-06T00:30:15+00:00"",""exposure_active"":135091,""exposure_current"":91686,""start_utc"":""1959-10-06T00:22:16+00:00""}]",1,479.000000,479.000000,68956,116492,74898,113699,1,1,45.5328539474,1.0000000000,0.0203870679,1.0000000000,402.491931,GE100_LT500,POST_SPUTNIK_OR_SAME_LAUNCH_DATE,False,False
91687|135090,91687,135090,61498,91960,106,208,"Hamburg-Bergedorf, Germany","Dr. Remeis-Observatory, Bamberg, Germany","Dr. Remeis-Observatory, Bamberg, Germany | Hamburg-Bergedorf, Germany",OVERLAP,0.000000,"[{""a_fragment"":""PARENT_PROVISIONAL_CONTINUOUS"",""b_fragment"":""PARENT_PROVISIONAL_CONTINUOUS"",""duration_seconds"":362.0,""end_utc"":""1959-10-06T00:45:00+00:00"",""exposure_active"":135090,""exposure_current"":91687,""start_utc"":""1959-10-06T00:38:58+00:00""}]",1,362.000000,362.000000,68958,116491,74899,113701,1,1,46.1596125835,1.0000000000,0.0380706302,1.0000000000,402.491931,GE100_LT500,POST_SPUTNIK_OR_SAME_LAUNCH_DATE,False,False
91687|135091,91687,135091,61498,91961,106,208,"Hamburg-Bergedorf, Germany","Dr. Remeis-Observatory, Bamberg, Germany","Dr. Remeis-Observatory, Bamberg, Germany | Hamburg-Bergedorf, Germany",OVERLAP,0.000000,"[{""a_fragment"":""PARENT_PROVISIONAL_CONTINUOUS"",""b_fragment"":""PARENT_PROVISIONAL_CONTINUOUS"",""duration_seconds"":362.0,""end_utc"":""1959-10-06T00:45:00+00:00"",""exposure_active"":135091,""exposure_current"":91687,""start_utc"":""1959-10-06T00:38:58+00:00""}]",1,362.000000,362.000000,68958,116492,74899,113699,1,1,45.7393968135,1.0000000000,0.0202066330,1.0000000000,402.491931,GE100_LT500,POST_SPUTNIK_OR_SAME_LAUNCH_DATE,False,False
91687|135094,91687,135094,61498,91964,106,208,"Hamburg-Bergedorf, Germany","Dr. Remeis-Observatory, Bamberg, Germany","Dr. Remeis-Observatory, Bamberg, Germany | Hamburg-Bergedorf, Germany",GT0_LE5MIN,243.000000,[],0,0.000000,0.000000,68958,116495,74899,113709,1,1,45.9118868473,0.9867025257,0.0370438639,0.9867025257,402.491931,GE100_LT500,POST_SPUTNIK_OR_SAME_LAUNCH_DATE,False,False
91687|135095,91687,135095,61498,91965,106,208,"Hamburg-Bergedorf, Germany","Dr. Remeis-Observatory, Bamberg, Germany","Dr. Remeis-Observatory, Bamberg, Germany | Hamburg-Bergedorf, Germany",GT0_LE5MIN,243.000000,[],0,0.000000,0.000000,68958,116496,74899,113710,1,1,45.8487214042,1.0000000000,0.0200605888,1.0000000000,402.491931,GE100_LT500,POST_SPUTNIK_OR_SAME_LAUNCH_DATE,False,False
91688|135146,91688,135146,61499,92016,106,208,"Hamburg-Bergedorf, Germany","Dr. Remeis-Observatory, Bamberg, Germany","Dr. Remeis-Observatory, Bamberg, Germany | Hamburg-Bergedorf, Germany",OVERLAP,0.000000,"[{""a_fragment"":""PARENT_PROVISIONAL_CONTINUOUS"",""b_fragment"":""PARENT_PROVISIONAL_CONTINUOUS"",""duration_seconds"":76.0,""end_utc"":""1959-10-07T19:26:16+00:00"",""exposure_active"":91688,""exposure_current"":135146,""start_utc"":""1959-10-07T19:25:00+00:00""}]",1,76.000000,76.000000,68961,116547,74903,113752,1,1,34.2927095443,0.7415684309,0.0284686570,0.7415684309,402.491931,GE100_LT500,POST_SPUTNIK_OR_SAME_LAUNCH_DATE,False,False
91689|135149,91689,135149,61500,92019,106,208,"Hamburg-Bergedorf, Germany","Dr. Remeis-Observatory, Bamberg, Germany","Dr. Remeis-Observatory, Bamberg, Germany | Hamburg-Bergedorf, Germany",OVERLAP,0.000000,"[{""a_fragment"":""PARENT_PROVISIONAL_CONTINUOUS"",""b_fragment"":""PARENT_PROVISIONAL_CONTINUOUS"",""duration_seconds"":478.0,""end_utc"":""1959-10-07T20:44:48+00:00"",""exposure_active"":135149,""exposure_current"":91689,""start_utc"":""1959-10-07T20:36:50+00:00""}]",1,478.000000,478.000000,68962,116550,74904,113755,1,1,9.3659870554,0.2063499454,0.0708480012,0.2063499454,402.491931,GE100_LT500,POST_SPUTNIK_OR_SAME_LAUNCH_DATE,False,False
91689|135150,91689,135150,61500,92020,106,208,"Hamburg-Bergedorf, Germany","Dr. Remeis-Observatory, Bamberg, Germany","Dr. Remeis-Observatory, Bamberg, Germany | Hamburg-Bergedorf, Germany",OVERLAP,0.000000,"[{""a_fragment"":""PARENT_PROVISIONAL_CONTINUOUS"",""b_fragment"":""PARENT_PROVISIONAL_CONTINUOUS"",""duration_seconds"":478.0,""end_utc"":""1959-10-07T20:44:48+00:00"",""exposure_active"":135150,""exposure_current"":91689,""start_utc"":""1959-10-07T20:36:50+00:00""}]",1,478.000000,478.000000,68962,116551,74904,113753,1,1,36.5659512609,0.7840755626,0.0297217395,0.7840755626,402.491931,GE100_LT500,POST_SPUTNIK_OR_SAME_LAUNCH_DATE,False,False
91690|135149,91690,135149,61501,92019,106,208,"Hamburg-Bergedorf, Germany","Dr. Remeis-Observatory, Bamberg, Germany","Dr. Remeis-Observatory, Bamberg, Germany | Hamburg-Bergedorf, Germany",OVERLAP,0.000000,"[{""a_fragment"":""PARENT_PROVISIONAL_CONTINUOUS"",""b_fragment"":""PARENT_PROVISIONAL_CONTINUOUS"",""duration_seconds"":479.0,""end_utc"":""1959-10-07T21:11:19+00:00"",""exposure_active"":135149,""exposure_current"":91690,""start_utc"":""1959-10-07T21:03:20+00:00""}]",1,479.000000,479.000000,68964,116550,74906,113755,1,1,17.4495190817,0.3854057334,0.1323266791,0.3854057334,402.491931,GE100_LT500,POST_SPUTNIK_OR_SAME_LAUNCH_DATE,False,False
91690|135150,91690,135150,61501,92020,106,208,"Hamburg-Bergedorf, Germany","Dr. Remeis-Observatory, Bamberg, Germany","Dr. Remeis-Observatory, Bamberg, Germany | Hamburg-Bergedorf, Germany",OVERLAP,0.000000,"[{""a_fragment"":""PARENT_PROVISIONAL_CONTINUOUS"",""b_fragment"":""PARENT_PROVISIONAL_CONTINUOUS"",""duration_seconds"":479.0,""end_utc"":""1959-10-07T21:11:19+00:00"",""exposure_active"":135150,""exposure_current"":91690,""start_utc"":""1959-10-07T21:03:20+00:00""}]",1,479.000000,479.000000,68964,116551,74906,113753,1,1,37.6508058618,0.8112650807,0.0307954678,0.8112650807,402.491931,GE100_LT500,POST_SPUTNIK_OR_SAME_LAUNCH_DATE,False,False
91691|135149,91691,135149,61502,92019,106,208,"Hamburg-Bergedorf, Germany","Dr. Remeis-Observatory, Bamberg, Germany","Dr. Remeis-Observatory, Bamberg, Germany | Hamburg-Bergedorf, Germany",OVERLAP,0.000000,"[{""a_fragment"":""PARENT_PROVISIONAL_CONTINUOUS"",""b_fragment"":""PARENT_PROVISIONAL_CONTINUOUS"",""duration_seconds"":408.0,""end_utc"":""1959-10-07T21:30:00+00:00"",""exposure_active"":135149,""exposure_current"":91691,""start_utc"":""1959-10-07T21:23:12+00:00""}]",1,408.000000,408.000000,68966,116550,74908,113755,1,1,11.9988627000,0.2645946589,0.0908549823,0.2645946589,402.491931,GE100_LT500,POST_SPUTNIK_OR_SAME_LAUNCH_DATE,False,False
91691|135150,91691,135150,61502,92020,106,208,"Hamburg-Bergedorf, Germany","Dr. Remeis-Observatory, Bamberg, Germany","Dr. Remeis-Observatory, Bamberg, Germany | Hamburg-Bergedorf, Germany",OVERLAP,0.000000,"[{""a_fragment"":""PARENT_PROVISIONAL_CONTINUOUS"",""b_fragment"":""PARENT_PROVISIONAL_CONTINUOUS"",""duration_seconds"":408.0,""end_utc"":""1959-10-07T21:30:00+00:00"",""exposure_active"":135150,""exposure_current"":91691,""start_utc"":""1959-10-07T21:23:12+00:00""}]",1,408.000000,408.000000,68966,116551,74908,113753,1,1,36.8607693754,0.7939446022,0.0301386112,0.7939446022,402.491931,GE100_LT500,POST_SPUTNIK_OR_SAME_LAUNCH_DATE,False,False
91691|135153,91691,135153,61502,92023,106,208,"Hamburg-Bergedorf, Germany","Dr. Remeis-Observatory, Bamberg, Germany","Dr. Remeis-Observatory, Bamberg, Germany | Hamburg-Bergedorf, Germany",GT0_LE5MIN,229.000000,[],0,0.000000,0.000000,68966,116554,74908,113757,1,1,4.2185977873,0.0927177069,0.0320755715,0.0927177069,402.491931,GE100_LT500,POST_SPUTNIK_OR_SAME_LAUNCH_DATE,False,False
91713|135576,91713,135576,61516,92446,106,208,"Hamburg-Bergedorf, Germany","Dr. Remeis-Observatory, Bamberg, Germany","Dr. Remeis-Observatory, Bamberg, Germany | Hamburg-Bergedorf, Germany",OVERLAP,0.000000,"[{""a_fragment"":""PARENT_PROVISIONAL_CONTINUOUS"",""b_fragment"":""PARENT_PROVISIONAL_CONTINUOUS"",""duration_seconds"":898.0,""end_utc"":""1960-03-22T21:38:45+00:00"",""exposure_active"":135576,""exposure_current"":91713,""start_utc"":""1960-03-22T21:23:47+00:00""}]",1,898.000000,898.000000,68992,116976,74943,114107,1,1,40.2920083104,0.8677836402,0.0339001503,0.8677836402,402.491931,GE100_LT500,POST_SPUTNIK_OR_SAME_LAUNCH_DATE,False,False
91713|135577,91713,135577,61516,92447,106,208,"Hamburg-Bergedorf, Germany","Dr. Remeis-Observatory, Bamberg, Germany","Dr. Remeis-Observatory, Bamberg, Germany | Hamburg-Bergedorf, Germany",OVERLAP,0.000000,"[{""a_fragment"":""PARENT_PROVISIONAL_CONTINUOUS"",""b_fragment"":""PARENT_PROVISIONAL_CONTINUOUS"",""duration_seconds"":898.0,""end_utc"":""1960-03-22T21:38:45+00:00"",""exposure_active"":135577,""exposure_current"":91713,""start_utc"":""1960-03-22T21:23:47+00:00""}]",1,898.000000,898.000000,68992,116977,74943,114113,1,1,45.5915739718,1.0000000000,0.0203886408,1.0000000000,402.491931,GE100_LT500,POST_SPUTNIK_OR_SAME_LAUNCH_DATE,False,False
91714|135576,91714,135576,61517,92446,106,208,"Hamburg-Bergedorf, Germany","Dr. Remeis-Observatory, Bamberg, Germany","Dr. Remeis-Observatory, Bamberg, Germany | Hamburg-Bergedorf, Germany",OVERLAP,0.000000,"[{""a_fragment"":""PARENT_PROVISIONAL_CONTINUOUS"",""b_fragment"":""PARENT_PROVISIONAL_CONTINUOUS"",""duration_seconds"":791.0,""end_utc"":""1960-03-22T21:57:00+00:00"",""exposure_active"":135576,""exposure_current"":91714,""start_utc"":""1960-03-22T21:43:49+00:00""}]",1,791.000000,791.000000,68994,116976,74935,114107,1,1,40.9537536531,0.8853604785,0.0343381117,0.8853604785,402.491931,GE100_LT500,POST_SPUTNIK_OR_SAME_LAUNCH_DATE,False,False
91714|135577,91714,135577,61517,92447,106,208,"Hamburg-Bergedorf, Germany","Dr. Remeis-Observatory, Bamberg, Germany","Dr. Remeis-Observatory, Bamberg, Germany | Hamburg-Bergedorf, Germany",OVERLAP,0.000000,"[{""a_fragment"":""PARENT_PROVISIONAL_CONTINUOUS"",""b_fragment"":""PARENT_PROVISIONAL_CONTINUOUS"",""duration_seconds"":791.0,""end_utc"":""1960-03-22T21:57:00+00:00"",""exposure_active"":135577,""exposure_current"":91714,""start_utc"":""1960-03-22T21:43:49+00:00""}]",1,791.000000,791.000000,68994,116977,74935,114113,1,1,45.4545282775,1.0000000000,0.0202170820,1.0000000000,402.491931,GE100_LT500,POST_SPUTNIK_OR_SAME_LAUNCH_DATE,False,False
91715|135581,91715,135581,61518,92451,106,208,"Hamburg-Bergedorf, Germany","Dr. Remeis-Observatory, Bamberg, Germany","Dr. Remeis-Observatory, Bamberg, Germany | Hamburg-Bergedorf, Germany",OVERLAP,0.000000,"[{""a_fragment"":""PARENT_PROVISIONAL_CONTINUOUS"",""b_fragment"":""PARENT_PROVISIONAL_CONTINUOUS"",""duration_seconds"":898.0,""end_utc"":""1960-03-22T22:22:13+00:00"",""exposure_active"":135581,""exposure_current"":91715,""start_utc"":""1960-03-22T22:07:15+00:00""}]",1,898.000000,898.000000,68997,116981,74937,114112,1,1,41.2891488855,0.8896455071,0.0341491728,0.8896455071,402.491931,GE100_LT500,POST_SPUTNIK_OR_SAME_LAUNCH_DATE,False,False
91715|135582,91715,135582,61518,92452,106,208,"Hamburg-Bergedorf, Germany","Dr. Remeis-Observatory, Bamberg, Germany","Dr. Remeis-Observatory, Bamberg, Germany | Hamburg-Bergedorf, Germany",OVERLAP,0.000000,"[{""a_fragment"":""PARENT_PROVISIONAL_CONTINUOUS"",""b_fragment"":""PARENT_PROVISIONAL_CONTINUOUS"",""duration_seconds"":898.0,""end_utc"":""1960-03-22T22:22:13+00:00"",""exposure_active"":135582,""exposure_current"":91715,""start_utc"":""1960-03-22T22:07:15+00:00""}]",1,898.000000,898.000000,68997,116982,74937,114119,1,1,45.5248361616,1.0000000000,0.0204061579,1.0000000000,402.491931,GE100_LT500,POST_SPUTNIK_OR_SAME_LAUNCH_DATE,False,False
91716|135581,91716,135581,61519,92451,106,208,"Hamburg-Bergedorf, Germany","Dr. Remeis-Observatory, Bamberg, Germany","Dr. Remeis-Observatory, Bamberg, Germany | Hamburg-Bergedorf, Germany",OVERLAP,0.000000,"[{""a_fragment"":""PARENT_PROVISIONAL_CONTINUOUS"",""b_fragment"":""PARENT_PROVISIONAL_CONTINUOUS"",""duration_seconds"":898.0,""end_utc"":""1960-03-22T22:47:04+00:00"",""exposure_active"":135581,""exposure_current"":91716,""start_utc"":""1960-03-22T22:32:06+00:00""}]",1,898.000000,898.000000,68998,116981,74945,114112,1,1,42.3334874714,0.9160583201,0.0350564755,0.9160583201,402.491931,GE100_LT500,POST_SPUTNIK_OR_SAME_LAUNCH_DATE,False,False
91716|135582,91716,135582,61519,92452,106,208,"Hamburg-Bergedorf, Germany","Dr. Remeis-Observatory, Bamberg, Germany","Dr. Remeis-Observatory, Bamberg, Germany | Hamburg-Bergedorf, Germany",OVERLAP,0.000000,"[{""a_fragment"":""PARENT_PROVISIONAL_CONTINUOUS"",""b_fragment"":""PARENT_PROVISIONAL_CONTINUOUS"",""duration_seconds"":898.0,""end_utc"":""1960-03-22T22:47:04+00:00"",""exposure_active"":135582,""exposure_current"":91716,""start_utc"":""1960-03-22T22:32:06+00:00""}]",1,898.000000,898.000000,68998,116982,74945,114119,1,1,45.4358302197,1.0000000000,0.0203226607,1.0000000000,402.491931,GE100_LT500,POST_SPUTNIK_OR_SAME_LAUNCH_DATE,False,False
91717|135581,91717,135581,61520,92451,106,208,"Hamburg-Bergedorf, Germany","Dr. Remeis-Observatory, Bamberg, Germany","Dr. Remeis-Observatory, Bamberg, Germany | Hamburg-Bergedorf, Germany",OVERLAP,0.000000,"[{""a_fragment"":""PARENT_PROVISIONAL_CONTINUOUS"",""b_fragment"":""PARENT_PROVISIONAL_CONTINUOUS"",""duration_seconds"":253.0,""end_utc"":""1960-03-22T23:05:00+00:00"",""exposure_active"":135581,""exposure_current"":91717,""start_utc"":""1960-03-22T23:00:47+00:00""}]",1,253.000000,253.000000,69000,116981,74946,114112,1,1,46.4302175006,1.0000000000,0.0389004938,1.0000000000,402.491931,GE100_LT500,POST_SPUTNIK_OR_SAME_LAUNCH_DATE,False,False
91717|135582,91717,135582,61520,92452,106,208,"Hamburg-Bergedorf, Germany","Dr. Remeis-Observatory, Bamberg, Germany","Dr. Remeis-Observatory, Bamberg, Germany | Hamburg-Bergedorf, Germany",OVERLAP,0.000000,"[{""a_fragment"":""PARENT_PROVISIONAL_CONTINUOUS"",""b_fragment"":""PARENT_PROVISIONAL_CONTINUOUS"",""duration_seconds"":253.0,""end_utc"":""1960-03-22T23:05:00+00:00"",""exposure_active"":135582,""exposure_current"":91717,""start_utc"":""1960-03-22T23:00:47+00:00""}]",1,253.000000,253.000000,69000,116982,74946,114119,1,1,46.9690931866,1.0000000000,0.0203046488,1.0000000000,402.491931,GE100_LT500,POST_SPUTNIK_OR_SAME_LAUNCH_DATE,False,False
91718|135586,91718,135586,61521,92456,106,208,"Hamburg-Bergedorf, Germany","Dr. Remeis-Observatory, Bamberg, Germany","Dr. Remeis-Observatory, Bamberg, Germany | Hamburg-Bergedorf, Germany",OVERLAP,0.000000,"[{""a_fragment"":""PARENT_PROVISIONAL_CONTINUOUS"",""b_fragment"":""PARENT_PROVISIONAL_CONTINUOUS"",""duration_seconds"":897.0,""end_utc"":""1960-03-22T23:39:25+00:00"",""exposure_active"":135586,""exposure_current"":91718,""start_utc"":""1960-03-22T23:24:28+00:00""}]",1,897.000000,897.000000,69003,116986,74948,114117,1,1,19.2665277936,0.4130405762,0.0156114841,0.4130405762,402.491931,GE100_LT500,POST_SPUTNIK_OR_SAME_LAUNCH_DATE,False,False
91719|135591,91719,135591,61522,92461,106,208,"Hamburg-Bergedorf, Germany","Dr. Remeis-Observatory, Bamberg, Germany","Dr. Remeis-Observatory, Bamberg, Germany | Hamburg-Bergedorf, Germany",OVERLAP,0.000000,"[{""a_fragment"":""PARENT_PROVISIONAL_CONTINUOUS"",""b_fragment"":""PARENT_PROVISIONAL_CONTINUOUS"",""duration_seconds"":898.0,""end_utc"":""1960-03-23T00:47:04+00:00"",""exposure_active"":135591,""exposure_current"":91719,""start_utc"":""1960-03-23T00:32:06+00:00""}]",1,898.000000,898.000000,69005,116991,74951,114121,1,1,23.2376314702,0.5035537306,0.0191113706,0.5035537306,402.491931,GE100_LT500,POST_SPUTNIK_OR_SAME_LAUNCH_DATE,False,False
91719|135592,91719,135592,61522,92462,106,208,"Hamburg-Bergedorf, Germany","Dr. Remeis-Observatory, Bamberg, Germany","Dr. Remeis-Observatory, Bamberg, Germany | Hamburg-Bergedorf, Germany",OVERLAP,0.000000,"[{""a_fragment"":""PARENT_PROVISIONAL_CONTINUOUS"",""b_fragment"":""PARENT_PROVISIONAL_CONTINUOUS"",""duration_seconds"":898.0,""end_utc"":""1960-03-23T00:47:04+00:00"",""exposure_active"":135592,""exposure_current"":91719,""start_utc"":""1960-03-23T00:32:06+00:00""}]",1,898.000000,898.000000,69005,116992,74951,114129,1,1,47.6568648690,1.0000000000,0.0197429878,1.0000000000,402.491931,GE100_LT500,POST_SPUTNIK_OR_SAME_LAUNCH_DATE,False,False
91720|135591,91720,135591,61523,92461,106,208,"Hamburg-Bergedorf, Germany","Dr. Remeis-Observatory, Bamberg, Germany","Dr. Remeis-Observatory, Bamberg, Germany | Hamburg-Bergedorf, Germany",OVERLAP,0.000000,"[{""a_fragment"":""PARENT_PROVISIONAL_CONTINUOUS"",""b_fragment"":""PARENT_PROVISIONAL_CONTINUOUS"",""duration_seconds"":898.0,""end_utc"":""1960-03-23T01:07:36+00:00"",""exposure_active"":135591,""exposure_current"":91720,""start_utc"":""1960-03-23T00:52:38+00:00""}]",1,898.000000,898.000000,69007,116991,74955,114121,1,1,45.7010340334,1.0000000000,0.0380360355,1.0000000000,402.491931,GE100_LT500,POST_SPUTNIK_OR_SAME_LAUNCH_DATE,False,False
91720|135592,91720,135592,61523,92462,106,208,"Hamburg-Bergedorf, Germany","Dr. Remeis-Observatory, Bamberg, Germany","Dr. Remeis-Observatory, Bamberg, Germany | Hamburg-Bergedorf, Germany",OVERLAP,0.000000,"[{""a_fragment"":""PARENT_PROVISIONAL_CONTINUOUS"",""b_fragment"":""PARENT_PROVISIONAL_CONTINUOUS"",""duration_seconds"":898.0,""end_utc"":""1960-03-23T01:07:36+00:00"",""exposure_active"":135592,""exposure_current"":91720,""start_utc"":""1960-03-23T00:52:38+00:00""}]",1,898.000000,898.000000,69007,116992,74955,114129,1,1,46.0661583999,1.0000000000,0.0202058928,1.0000000000,402.491931,GE100_LT500,POST_SPUTNIK_OR_SAME_LAUNCH_DATE,False,False
91721|135616,91721,135616,61524,92486,106,208,"Hamburg-Bergedorf, Germany","Dr. Remeis-Observatory, Bamberg, Germany","Dr. Remeis-Observatory, Bamberg, Germany | Hamburg-Bergedorf, Germany",OVERLAP,0.000000,"[{""a_fragment"":""PARENT_PROVISIONAL_CONTINUOUS"",""b_fragment"":""PARENT_PROVISIONAL_CONTINUOUS"",""duration_seconds"":718.0,""end_utc"":""1960-03-23T21:16:57+00:00"",""exposure_active"":135616,""exposure_current"":91721,""start_utc"":""1960-03-23T21:04:59+00:00""}]",1,718.000000,718.000000,69008,117016,74952,114144,1,1,45.1874226973,1.0000000000,0.0388732407,1.0000000000,402.491931,GE100_LT500,POST_SPUTNIK_OR_SAME_LAUNCH_DATE,False,False
91722|135616,91722,135616,61525,92486,106,208,"Hamburg-Bergedorf, Germany","Dr. Remeis-Observatory, Bamberg, Germany","Dr. Remeis-Observatory, Bamberg, Germany | Hamburg-Bergedorf, Germany",OVERLAP,0.000000,"[{""a_fragment"":""PARENT_PROVISIONAL_CONTINUOUS"",""b_fragment"":""PARENT_PROVISIONAL_CONTINUOUS"",""duration_seconds"":718.0,""end_utc"":""1960-03-23T21:35:14+00:00"",""exposure_active"":135616,""exposure_current"":91722,""start_utc"":""1960-03-23T21:23:16+00:00""}]",1,718.000000,718.000000,69011,117016,74957,114144,1,1,45.2607586968,1.0000000000,0.0388665523,1.0000000000,402.491931,GE100_LT500,POST_SPUTNIK_OR_SAME_LAUNCH_DATE,False,False
91723|135621,91723,135621,61526,92491,106,208,"Hamburg-Bergedorf, Germany","Dr. Remeis-Observatory, Bamberg, Germany","Dr. Remeis-Observatory, Bamberg, Germany | Hamburg-Bergedorf, Germany",OVERLAP,0.000000,"[{""a_fragment"":""PARENT_PROVISIONAL_CONTINUOUS"",""b_fragment"":""PARENT_PROVISIONAL_CONTINUOUS"",""duration_seconds"":711.0,""end_utc"":""1960-03-23T22:20:51+00:00"",""exposure_active"":91723,""exposure_current"":135621,""start_utc"":""1960-03-23T22:09:00+00:00""}]",1,711.000000,711.000000,69012,117021,74956,114149,1,1,45.9546232134,1.0000000000,0.0381516012,1.0000000000,402.491931,GE100_LT500,POST_SPUTNIK_OR_SAME_LAUNCH_DATE,False,False
91724|135621,91724,135621,61527,92491,106,208,"Hamburg-Bergedorf, Germany","Dr. Remeis-Observatory, Bamberg, Germany","Dr. Remeis-Observatory, Bamberg, Germany | Hamburg-Bergedorf, Germany",OVERLAP,0.000000,"[{""a_fragment"":""PARENT_PROVISIONAL_CONTINUOUS"",""b_fragment"":""PARENT_PROVISIONAL_CONTINUOUS"",""duration_seconds"":718.0,""end_utc"":""1960-03-23T22:46:57+00:00"",""exposure_active"":135621,""exposure_current"":91724,""start_utc"":""1960-03-23T22:34:59+00:00""}]",1,718.000000,718.000000,69014,117021,74959,114149,1,1,45.3274481459,1.0000000000,0.0383488257,1.0000000000,402.491931,GE100_LT500,POST_SPUTNIK_OR_SAME_LAUNCH_DATE,False,False
91725|135626,91725,135626,61528,92496,106,208,"Hamburg-Bergedorf, Germany","Dr. Remeis-Observatory, Bamberg, Germany","Dr. Remeis-Observatory, Bamberg, Germany | Hamburg-Bergedorf, Germany",OVERLAP,0.000000,"[{""a_fragment"":""PARENT_PROVISIONAL_CONTINUOUS"",""b_fragment"":""PARENT_PROVISIONAL_CONTINUOUS"",""duration_seconds"":651.0,""end_utc"":""1960-03-24T00:16:00+00:00"",""exposure_active"":135626,""exposure_current"":91725,""start_utc"":""1960-03-24T00:05:09+00:00""}]",1,651.000000,651.000000,69016,117026,74961,114155,1,1,45.1991634468,1.0000000000,0.0385500297,1.0000000000,402.491931,GE100_LT500,POST_SPUTNIK_OR_SAME_LAUNCH_DATE,False,False
91726|135651,91726,135651,61529,92521,106,208,"Hamburg-Bergedorf, Germany","Dr. Remeis-Observatory, Bamberg, Germany","Dr. Remeis-Observatory, Bamberg, Germany | Hamburg-Bergedorf, Germany",OVERLAP,0.000000,"[{""a_fragment"":""PARENT_PROVISIONAL_CONTINUOUS"",""b_fragment"":""PARENT_PROVISIONAL_CONTINUOUS"",""duration_seconds"":897.0,""end_utc"":""1960-03-24T20:58:38+00:00"",""exposure_active"":135651,""exposure_current"":91726,""start_utc"":""1960-03-24T20:43:41+00:00""}]",1,897.000000,897.000000,69018,117051,74963,114174,1,1,29.1062176597,0.6208184625,0.0235129239,0.6208184625,402.491931,GE100_LT500,POST_SPUTNIK_OR_SAME_LAUNCH_DATE,False,False
91727|135651,91727,135651,61530,92521,106,208,"Hamburg-Bergedorf, Germany","Dr. Remeis-Observatory, Bamberg, Germany","Dr. Remeis-Observatory, Bamberg, Germany | Hamburg-Bergedorf, Germany",GT0_LE5MIN,98.000000,[],0,0.000000,0.000000,69021,117051,74966,114174,1,1,21.2713180239,0.4521746427,0.0169740702,0.4521746427,402.491931,GE100_LT500,POST_SPUTNIK_OR_SAME_LAUNCH_DATE,False,False
91727|135656,91727,135656,61530,92526,106,208,"Hamburg-Bergedorf, Germany","Dr. Remeis-Observatory, Bamberg, Germany","Dr. Remeis-Observatory, Bamberg, Germany | Hamburg-Bergedorf, Germany",OVERLAP,0.000000,"[{""a_fragment"":""PARENT_PROVISIONAL_CONTINUOUS"",""b_fragment"":""PARENT_PROVISIONAL_CONTINUOUS"",""duration_seconds"":635.0,""end_utc"":""1960-03-24T21:17:35+00:00"",""exposure_active"":91727,""exposure_current"":135656,""start_utc"":""1960-03-24T21:07:00+00:00""}]",1,635.000000,635.000000,69021,117056,74966,114178,1,1,25.6240149912,0.5519443777,0.0207992567,0.5519443777,402.491931,GE100_LT500,POST_SPUTNIK_OR_SAME_LAUNCH_DATE,False,False
91727|135657,91727,135657,61530,92527,106,208,"Hamburg-Bergedorf, Germany","Dr. Remeis-Observatory, Bamberg, Germany","Dr. Remeis-Observatory, Bamberg, Germany | Hamburg-Bergedorf, Germany",OVERLAP,0.000000,"[{""a_fragment"":""PARENT_PROVISIONAL_CONTINUOUS"",""b_fragment"":""PARENT_PROVISIONAL_CONTINUOUS"",""duration_seconds"":635.0,""end_utc"":""1960-03-24T21:17:35+00:00"",""exposure_active"":91727,""exposure_current"":135657,""start_utc"":""1960-03-24T21:07:00+00:00""}]",1,635.000000,635.000000,69021,117057,74966,114187,1,1,45.0144724717,1.0000000000,0.0203591068,1.0000000000,402.491931,GE100_LT500,POST_SPUTNIK_OR_SAME_LAUNCH_DATE,False,False
91728|135656,91728,135656,61531,92526,106,208,"Hamburg-Bergedorf, Germany","Dr. Remeis-Observatory, Bamberg, Germany","Dr. Remeis-Observatory, Bamberg, Germany | Hamburg-Bergedorf, Germany",OVERLAP,0.000000,"[{""a_fragment"":""PARENT_PROVISIONAL_CONTINUOUS"",""b_fragment"":""PARENT_PROVISIONAL_CONTINUOUS"",""duration_seconds"":718.0,""end_utc"":""1960-03-24T21:41:11+00:00"",""exposure_active"":135656,""exposure_current"":91728,""start_utc"":""1960-03-24T21:29:13+00:00""}]",1,718.000000,718.000000,69022,117056,74967,114178,1,1,45.3201149999,1.0000000000,0.0386643090,1.0000000000,402.491931,GE100_LT500,POST_SPUTNIK_OR_SAME_LAUNCH_DATE,False,False
91728|135657,91728,135657,61531,92527,106,208,"Hamburg-Bergedorf, Germany","Dr. Remeis-Observatory, Bamberg, Germany","Dr. Remeis-Observatory, Bamberg, Germany | Hamburg-Bergedorf, Germany",OVERLAP,0.000000,"[{""a_fragment"":""PARENT_PROVISIONAL_CONTINUOUS"",""b_fragment"":""PARENT_PROVISIONAL_CONTINUOUS"",""duration_seconds"":718.0,""end_utc"":""1960-03-24T21:41:11+00:00"",""exposure_active"":135657,""exposure_current"":91728,""start_utc"":""1960-03-24T21:29:13+00:00""}]",1,718.000000,718.000000,69022,117057,74967,114187,1,1,4.7057228768,0.0960949748,0.0018758532,0.0960949748,402.491931,GE100_LT500,POST_SPUTNIK_OR_SAME_LAUNCH_DATE,False,False
91729|135661,91729,135661,61532,92531,106,208,"Hamburg-Bergedorf, Germany","Dr. Remeis-Observatory, Bamberg, Germany","Dr. Remeis-Observatory, Bamberg, Germany | Hamburg-Bergedorf, Germany",OVERLAP,0.000000,"[{""a_fragment"":""PARENT_PROVISIONAL_CONTINUOUS"",""b_fragment"":""PARENT_PROVISIONAL_CONTINUOUS"",""duration_seconds"":718.0,""end_utc"":""1960-03-24T22:28:14+00:00"",""exposure_active"":135661,""exposure_current"":91729,""start_utc"":""1960-03-24T22:16:16+00:00""}]",1,718.000000,718.000000,69025,117061,74969,114184,1,1,19.7603166437,0.4296857166,0.0169096255,0.4296857166,402.491931,GE100_LT500,POST_SPUTNIK_OR_SAME_LAUNCH_DATE,False,False
91730|135661,91730,135661,61533,92531,106,208,"Hamburg-Bergedorf, Germany","Dr. Remeis-Observatory, Bamberg, Germany","Dr. Remeis-Observatory, Bamberg, Germany | Hamburg-Bergedorf, Germany",OVERLAP,0.000000,"[{""a_fragment"":""PARENT_PROVISIONAL_CONTINUOUS"",""b_fragment"":""PARENT_PROVISIONAL_CONTINUOUS"",""duration_seconds"":898.0,""end_utc"":""1960-03-24T22:58:29+00:00"",""exposure_active"":135661,""exposure_current"":91730,""start_utc"":""1960-03-24T22:43:31+00:00""}]",1,898.000000,898.000000,69026,117061,74971,114184,1,1,24.2384060120,0.5130688541,0.0202509161,0.5130688541,402.491931,GE100_LT500,POST_SPUTNIK_OR_SAME_LAUNCH_DATE,False,False
91730|135662,91730,135662,61533,92532,106,208,"Hamburg-Bergedorf, Germany","Dr. Remeis-Observatory, Bamberg, Germany","Dr. Remeis-Observatory, Bamberg, Germany | Hamburg-Bergedorf, Germany",OVERLAP,0.000000,"[{""a_fragment"":""PARENT_PROVISIONAL_CONTINUOUS"",""b_fragment"":""PARENT_PROVISIONAL_CONTINUOUS"",""duration_seconds"":898.0,""end_utc"":""1960-03-24T22:58:29+00:00"",""exposure_active"":135662,""exposure_current"":91730,""start_utc"":""1960-03-24T22:43:31+00:00""}]",1,898.000000,898.000000,69026,117062,74971,114189,1,1,45.7952561048,1.0000000000,0.0206800771,1.0000000000,402.491931,GE100_LT500,POST_SPUTNIK_OR_SAME_LAUNCH_DATE,False,False
91731|135661,91731,135661,61534,92531,106,208,"Hamburg-Bergedorf, Germany","Dr. Remeis-Observatory, Bamberg, Germany","Dr. Remeis-Observatory, Bamberg, Germany | Hamburg-Bergedorf, Germany",OVERLAP,0.000000,"[{""a_fragment"":""PARENT_PROVISIONAL_CONTINUOUS"",""b_fragment"":""PARENT_PROVISIONAL_CONTINUOUS"",""duration_seconds"":507.0,""end_utc"":""1960-03-24T23:14:00+00:00"",""exposure_active"":135661,""exposure_current"":91731,""start_utc"":""1960-03-24T23:05:33+00:00""}]",1,507.000000,507.000000,69028,117061,74973,114184,1,1,45.9186344154,1.0000000000,0.0395034845,1.0000000000,402.491931,GE100_LT500,POST_SPUTNIK_OR_SAME_LAUNCH_DATE,False,False
91731|135662,91731,135662,61534,92532,106,208,"Hamburg-Bergedorf, Germany","Dr. Remeis-Observatory, Bamberg, Germany","Dr. Remeis-Observatory, Bamberg, Germany | Hamburg-Bergedorf, Germany",OVERLAP,0.000000,"[{""a_fragment"":""PARENT_PROVISIONAL_CONTINUOUS"",""b_fragment"":""PARENT_PROVISIONAL_CONTINUOUS"",""duration_seconds"":507.0,""end_utc"":""1960-03-24T23:14:00+00:00"",""exposure_active"":135662,""exposure_current"":91731,""start_utc"":""1960-03-24T23:05:33+00:00""}]",1,507.000000,507.000000,69028,117062,74973,114189,1,1,45.7804812063,1.0000000000,0.0204395743,1.0000000000,402.491931,GE100_LT500,POST_SPUTNIK_OR_SAME_LAUNCH_DATE,False,False
91731|135666,91731,135666,61534,92536,106,208,"Hamburg-Bergedorf, Germany","Dr. Remeis-Observatory, Bamberg, Germany","Dr. Remeis-Observatory, Bamberg, Germany | Hamburg-Bergedorf, Germany",OVERLAP,0.000000,"[{""a_fragment"":""PARENT_PROVISIONAL_CONTINUOUS"",""b_fragment"":""PARENT_PROVISIONAL_CONTINUOUS"",""duration_seconds"":30.0,""end_utc"":""1960-03-24T23:20:30+00:00"",""exposure_active"":91731,""exposure_current"":135666,""start_utc"":""1960-03-24T23:20:00+00:00""}]",1,30.000000,30.000000,69028,117066,74973,114191,1,1,7.0982866388,0.1504022541,0.0056773164,0.1504022541,402.491931,GE100_LT500,POST_SPUTNIK_OR_SAME_LAUNCH_DATE,False,False
91732|135666,91732,135666,61535,92536,106,208,"Hamburg-Bergedorf, Germany","Dr. Remeis-Observatory, Bamberg, Germany","Dr. Remeis-Observatory, Bamberg, Germany | Hamburg-Bergedorf, Germany",OVERLAP,0.000000,"[{""a_fragment"":""PARENT_PROVISIONAL_CONTINUOUS"",""b_fragment"":""PARENT_PROVISIONAL_CONTINUOUS"",""duration_seconds"":897.0,""end_utc"":""1960-03-24T23:50:20+00:00"",""exposure_active"":135666,""exposure_current"":91732,""start_utc"":""1960-03-24T23:35:23+00:00""}]",1,897.000000,897.000000,69030,117066,74974,114191,1,1,46.1153201597,1.0000000000,0.0379877159,1.0000000000,402.491931,GE100_LT500,POST_SPUTNIK_OR_SAME_LAUNCH_DATE,False,False
91733|135666,91733,135666,61536,92536,106,208,"Hamburg-Bergedorf, Germany","Dr. Remeis-Observatory, Bamberg, Germany","Dr. Remeis-Observatory, Bamberg, Germany | Hamburg-Bergedorf, Germany",OVERLAP,0.000000,"[{""a_fragment"":""PARENT_PROVISIONAL_CONTINUOUS"",""b_fragment"":""PARENT_PROVISIONAL_CONTINUOUS"",""duration_seconds"":897.0,""end_utc"":""1960-03-25T00:15:16+00:00"",""exposure_active"":135666,""exposure_current"":91733,""start_utc"":""1960-03-25T00:00:19+00:00""}]",1,897.000000,897.000000,69032,117066,74976,114191,1,1,45.7577209758,1.0000000000,0.0379122745,1.0000000000,402.491931,GE100_LT500,POST_SPUTNIK_OR_SAME_LAUNCH_DATE,False,False
91734|136162,91734,136162,61537,93032,106,208,"Hamburg-Bergedorf, Germany","Dr. Remeis-Observatory, Bamberg, Germany","Dr. Remeis-Observatory, Bamberg, Germany | Hamburg-Bergedorf, Germany",OVERLAP,0.000000,"[{""a_fragment"":""PARENT_PROVISIONAL_CONTINUOUS"",""b_fragment"":""PARENT_PROVISIONAL_CONTINUOUS"",""duration_seconds"":718.0,""end_utc"":""1960-09-12T21:45:58+00:00"",""exposure_active"":136162,""exposure_current"":91734,""start_utc"":""1960-09-12T21:34:00+00:00""}]",1,718.000000,718.000000,69034,117557,74980,114617,1,1,0.1430249559,0.0031190219,0.0006964658,0.0031190219,402.491931,GE100_LT500,POST_SPUTNIK_OR_SAME_LAUNCH_DATE,False,False
91740|136398,91740,136398,61543,93268,106,208,"Hamburg-Bergedorf, Germany","Dr. Remeis-Observatory, Bamberg, Germany","Dr. Remeis-Observatory, Bamberg, Germany | Hamburg-Bergedorf, Germany",OVERLAP,0.000000,"[{""a_fragment"":""PARENT_PROVISIONAL_CONTINUOUS"",""b_fragment"":""PARENT_PROVISIONAL_CONTINUOUS"",""duration_seconds"":1197.0,""end_utc"":""1960-11-16T22:58:35+00:00"",""exposure_active"":136398,""exposure_current"":91740,""start_utc"":""1960-11-16T22:38:38+00:00""}]",1,1197.000000,1197.000000,69046,117785,74990,114828,1,1,36.1694690559,0.7877178329,0.0302211062,0.7877178329,402.491931,GE100_LT500,POST_SPUTNIK_OR_SAME_LAUNCH_DATE,False,False
91741|136398,91741,136398,61544,93268,106,208,"Hamburg-Bergedorf, Germany","Dr. Remeis-Observatory, Bamberg, Germany","Dr. Remeis-Observatory, Bamberg, Germany | Hamburg-Bergedorf, Germany",OVERLAP,0.000000,"[{""a_fragment"":""PARENT_PROVISIONAL_CONTINUOUS"",""b_fragment"":""PARENT_PROVISIONAL_CONTINUOUS"",""duration_seconds"":898.0,""end_utc"":""1960-11-16T23:24:56+00:00"",""exposure_active"":136398,""exposure_current"":91741,""start_utc"":""1960-11-16T23:09:58+00:00""}]",1,898.000000,898.000000,69048,117785,74994,114828,1,1,43.8680354225,0.9436968213,0.0360033075,0.9436968213,402.491931,GE100_LT500,POST_SPUTNIK_OR_SAME_LAUNCH_DATE,False,False
91742|136398,91742,136398,61545,93268,106,208,"Hamburg-Bergedorf, Germany","Dr. Remeis-Observatory, Bamberg, Germany","Dr. Remeis-Observatory, Bamberg, Germany | Hamburg-Bergedorf, Germany",GT0_LE5MIN,214.000000,[],0,0.000000,0.000000,69051,117785,74995,114828,1,1,44.2296762590,0.9594759308,0.0365416377,0.9594759308,402.491931,GE100_LT500,POST_SPUTNIK_OR_SAME_LAUNCH_DATE,False,False
91742|136404,91742,136404,61545,93274,106,208,"Hamburg-Bergedorf, Germany","Dr. Remeis-Observatory, Bamberg, Germany","Dr. Remeis-Observatory, Bamberg, Germany | Hamburg-Bergedorf, Germany",OVERLAP,0.000000,"[{""a_fragment"":""PARENT_PROVISIONAL_CONTINUOUS"",""b_fragment"":""PARENT_PROVISIONAL_CONTINUOUS"",""duration_seconds"":512.0,""end_utc"":""1960-11-16T23:49:32+00:00"",""exposure_active"":91742,""exposure_current"":136404,""start_utc"":""1960-11-16T23:41:00+00:00""}]",1,512.000000,512.000000,69051,117791,74995,114837,1,1,5.6377261822,0.1188872961,0.0044789154,0.1188872961,402.491931,GE100_LT500,POST_SPUTNIK_OR_SAME_LAUNCH_DATE,False,False
91743|136404,91743,136404,61546,93274,106,208,"Hamburg-Bergedorf, Germany","Dr. Remeis-Observatory, Bamberg, Germany","Dr. Remeis-Observatory, Bamberg, Germany | Hamburg-Bergedorf, Germany",OVERLAP,0.000000,"[{""a_fragment"":""PARENT_PROVISIONAL_CONTINUOUS"",""b_fragment"":""PARENT_PROVISIONAL_CONTINUOUS"",""duration_seconds"":897.0,""end_utc"":""1960-11-17T00:11:53+00:00"",""exposure_active"":136404,""exposure_current"":91743,""start_utc"":""1960-11-16T23:56:56+00:00""}]",1,897.000000,897.000000,69052,117791,74997,114837,1,1,39.0179215094,0.8326274086,0.0316121929,0.8326274086,402.491931,GE100_LT500,POST_SPUTNIK_OR_SAME_LAUNCH_DATE,False,False
91760|136588,91760,136588,61557,93458,106,208,"Hamburg-Bergedorf, Germany","Dr. Remeis-Observatory, Bamberg, Germany","Dr. Remeis-Observatory, Bamberg, Germany | Hamburg-Bergedorf, Germany",OVERLAP,0.000000,"[{""a_fragment"":""PARENT_PROVISIONAL_CONTINUOUS"",""b_fragment"":""PARENT_PROVISIONAL_CONTINUOUS"",""duration_seconds"":909.0,""end_utc"":""1961-01-17T18:22:00+00:00"",""exposure_active"":136588,""exposure_current"":91760,""start_utc"":""1961-01-17T18:06:51+00:00""}]",1,909.000000,909.000000,69072,117975,75015,115012,1,1,45.1123932388,1.0000000000,0.0345588255,1.0000000000,402.491931,GE100_LT500,POST_SPUTNIK_OR_SAME_LAUNCH_DATE,False,False
91760|136589,91760,136589,61557,93459,106,208,"Hamburg-Bergedorf, Germany","Dr. Remeis-Observatory, Bamberg, Germany","Dr. Remeis-Observatory, Bamberg, Germany | Hamburg-Bergedorf, Germany",OVERLAP,0.000000,"[{""a_fragment"":""PARENT_PROVISIONAL_CONTINUOUS"",""b_fragment"":""PARENT_PROVISIONAL_CONTINUOUS"",""duration_seconds"":909.0,""end_utc"":""1961-01-17T18:22:00+00:00"",""exposure_active"":136589,""exposure_current"":91760,""start_utc"":""1961-01-17T18:06:51+00:00""}]",1,909.000000,909.000000,69072,117976,75015,114997,1,1,24.7338986123,0.5302739207,0.0200549516,0.5302739207,402.491931,GE100_LT500,POST_SPUTNIK_OR_SAME_LAUNCH_DATE,False,False
91760|136593,91760,136593,61557,93463,106,208,"Hamburg-Bergedorf, Germany","Dr. Remeis-Observatory, Bamberg, Germany","Dr. Remeis-Observatory, Bamberg, Germany | Hamburg-Bergedorf, Germany",GT0_LE5MIN,72.000000,[],0,0.000000,0.000000,69072,117980,75015,115014,1,1,45.0924116564,1.0000000000,0.0358756845,1.0000000000,402.491931,GE100_LT500,POST_SPUTNIK_OR_SAME_LAUNCH_DATE,False,False
91760|136594,91760,136594,61557,93464,106,208,"Hamburg-Bergedorf, Germany","Dr. Remeis-Observatory, Bamberg, Germany","Dr. Remeis-Observatory, Bamberg, Germany | Hamburg-Bergedorf, Germany",GT0_LE5MIN,72.000000,[],0,0.000000,0.000000,69072,117981,75015,115003,1,1,29.0618097866,0.6199907440,0.0234539799,0.6199907440,402.491931,GE100_LT500,POST_SPUTNIK_OR_SAME_LAUNCH_DATE,False,False
91761|136593,91761,136593,61558,93463,106,208,"Hamburg-Bergedorf, Germany","Dr. Remeis-Observatory, Bamberg, Germany","Dr. Remeis-Observatory, Bamberg, Germany | Hamburg-Bergedorf, Germany",OVERLAP,0.000000,"[{""a_fragment"":""PARENT_PROVISIONAL_CONTINUOUS"",""b_fragment"":""PARENT_PROVISIONAL_CONTINUOUS"",""duration_seconds"":1197.0,""end_utc"":""1961-01-17T19:23:09+00:00"",""exposure_active"":136593,""exposure_current"":91761,""start_utc"":""1961-01-17T19:03:12+00:00""}]",1,1197.000000,1197.000000,69075,117980,75017,115014,1,1,45.3113422064,1.0000000000,0.0358183535,1.0000000000,402.491931,GE100_LT500,POST_SPUTNIK_OR_SAME_LAUNCH_DATE,False,False
91761|136594,91761,136594,61558,93464,106,208,"Hamburg-Bergedorf, Germany","Dr. Remeis-Observatory, Bamberg, Germany","Dr. Remeis-Observatory, Bamberg, Germany | Hamburg-Bergedorf, Germany",OVERLAP,0.000000,"[{""a_fragment"":""PARENT_PROVISIONAL_CONTINUOUS"",""b_fragment"":""PARENT_PROVISIONAL_CONTINUOUS"",""duration_seconds"":1197.0,""end_utc"":""1961-01-17T19:23:09+00:00"",""exposure_active"":136594,""exposure_current"":91761,""start_utc"":""1961-01-17T19:03:12+00:00""}]",1,1197.000000,1197.000000,69075,117981,75017,115003,1,1,11.6048190902,0.2461659147,0.0092892385,0.2461659147,402.491931,GE100_LT500,POST_SPUTNIK_OR_SAME_LAUNCH_DATE,False,False
91762|136593,91762,136593,61559,93463,106,208,"Hamburg-Bergedorf, Germany","Dr. Remeis-Observatory, Bamberg, Germany","Dr. Remeis-Observatory, Bamberg, Germany | Hamburg-Bergedorf, Germany",GT0_LE5MIN,187.000000,[],0,0.000000,0.000000,69077,117980,75020,115014,1,1,45.5679901631,0.9936001973,0.0354450468,0.9936001973,402.491931,GE100_LT500,POST_SPUTNIK_OR_SAME_LAUNCH_DATE,False,False
91762|136594,91762,136594,61559,93464,106,208,"Hamburg-Bergedorf, Germany","Dr. Remeis-Observatory, Bamberg, Germany","Dr. Remeis-Observatory, Bamberg, Germany | Hamburg-Bergedorf, Germany",GT0_LE5MIN,187.000000,[],0,0.000000,0.000000,69077,117981,75020,115003,1,1,7.3914946611,0.1551422710,0.0058362504,0.1551422710,402.491931,GE100_LT500,POST_SPUTNIK_OR_SAME_LAUNCH_DATE,False,False
91762|136598,91762,136598,61559,93468,106,208,"Hamburg-Bergedorf, Germany","Dr. Remeis-Observatory, Bamberg, Germany","Dr. Remeis-Observatory, Bamberg, Germany | Hamburg-Bergedorf, Germany",OVERLAP,0.000000,"[{""a_fragment"":""PARENT_PROVISIONAL_CONTINUOUS"",""b_fragment"":""PARENT_PROVISIONAL_CONTINUOUS"",""duration_seconds"":1024.0,""end_utc"":""1961-01-17T19:51:04+00:00"",""exposure_active"":91762,""exposure_current"":136598,""start_utc"":""1961-01-17T19:34:00+00:00""}]",1,1024.000000,1024.000000,69077,117985,75020,115023,1,1,43.7689861931,0.9534609072,0.0337162814,0.9534609072,402.491931,GE100_LT500,POST_SPUTNIK_OR_SAME_LAUNCH_DATE,False,False
91762|136599,91762,136599,61559,93469,106,208,"Hamburg-Bergedorf, Germany","Dr. Remeis-Observatory, Bamberg, Germany","Dr. Remeis-Observatory, Bamberg, Germany | Hamburg-Bergedorf, Germany",OVERLAP,0.000000,"[{""a_fragment"":""PARENT_PROVISIONAL_CONTINUOUS"",""b_fragment"":""PARENT_PROVISIONAL_CONTINUOUS"",""duration_seconds"":1024.0,""end_utc"":""1961-01-17T19:51:04+00:00"",""exposure_active"":91762,""exposure_current"":136599,""start_utc"":""1961-01-17T19:34:00+00:00""}]",1,1024.000000,1024.000000,69077,117986,75020,115008,1,1,0.6791200530,0.0140374370,0.0005199329,0.0140374370,402.491931,GE100_LT500,POST_SPUTNIK_OR_SAME_LAUNCH_DATE,False,False
91763|136598,91763,136598,61560,93468,106,208,"Hamburg-Bergedorf, Germany","Dr. Remeis-Observatory, Bamberg, Germany","Dr. Remeis-Observatory, Bamberg, Germany | Hamburg-Bergedorf, Germany",OVERLAP,0.000000,"[{""a_fragment"":""PARENT_PROVISIONAL_CONTINUOUS"",""b_fragment"":""PARENT_PROVISIONAL_CONTINUOUS"",""duration_seconds"":1197.0,""end_utc"":""1961-01-17T20:23:09+00:00"",""exposure_active"":136598,""exposure_current"":91763,""start_utc"":""1961-01-17T20:03:12+00:00""}]",1,1197.000000,1197.000000,69079,117985,75022,115023,1,1,45.1600098981,1.0000000000,0.0357232365,1.0000000000,402.491931,GE100_LT500,POST_SPUTNIK_OR_SAME_LAUNCH_DATE,False,False
91763|136599,91763,136599,61560,93469,106,208,"Hamburg-Bergedorf, Germany","Dr. Remeis-Observatory, Bamberg, Germany","Dr. Remeis-Observatory, Bamberg, Germany | Hamburg-Bergedorf, Germany",OVERLAP,0.000000,"[{""a_fragment"":""PARENT_PROVISIONAL_CONTINUOUS"",""b_fragment"":""PARENT_PROVISIONAL_CONTINUOUS"",""duration_seconds"":1197.0,""end_utc"":""1961-01-17T20:23:09+00:00"",""exposure_active"":136599,""exposure_current"":91763,""start_utc"":""1961-01-17T20:03:12+00:00""}]",1,1197.000000,1197.000000,69079,117986,75022,115008,1,1,11.1824547906,0.2362786222,0.0088495501,0.2362786222,402.491931,GE100_LT500,POST_SPUTNIK_OR_SAME_LAUNCH_DATE,False,False
91764|136598,91764,136598,61561,93468,106,208,"Hamburg-Bergedorf, Germany","Dr. Remeis-Observatory, Bamberg, Germany","Dr. Remeis-Observatory, Bamberg, Germany | Hamburg-Bergedorf, Germany",OVERLAP,0.000000,"[{""a_fragment"":""PARENT_PROVISIONAL_CONTINUOUS"",""b_fragment"":""PARENT_PROVISIONAL_CONTINUOUS"",""duration_seconds"":252.0,""end_utc"":""1961-01-17T20:34:00+00:00"",""exposure_active"":136598,""exposure_current"":91764,""start_utc"":""1961-01-17T20:29:48+00:00""}]",1,252.000000,252.000000,69081,117985,75025,115023,1,1,44.8833397081,1.0000000000,0.0356259635,1.0000000000,402.491931,GE100_LT500,POST_SPUTNIK_OR_SAME_LAUNCH_DATE,False,False
91764|136599,91764,136599,61561,93469,106,208,"Hamburg-Bergedorf, Germany","Dr. Remeis-Observatory, Bamberg, Germany","Dr. Remeis-Observatory, Bamberg, Germany | Hamburg-Bergedorf, Germany",OVERLAP,0.000000,"[{""a_fragment"":""PARENT_PROVISIONAL_CONTINUOUS"",""b_fragment"":""PARENT_PROVISIONAL_CONTINUOUS"",""duration_seconds"":252.0,""end_utc"":""1961-01-17T20:34:00+00:00"",""exposure_active"":136599,""exposure_current"":91764,""start_utc"":""1961-01-17T20:29:48+00:00""}]",1,252.000000,252.000000,69081,117986,75025,115008,1,1,11.6951906189,0.2492221762,0.0093147567,0.2492221762,402.491931,GE100_LT500,POST_SPUTNIK_OR_SAME_LAUNCH_DATE,False,False
91764|136603,91764,136603,61561,93473,106,208,"Hamburg-Bergedorf, Germany","Dr. Remeis-Observatory, Bamberg, Germany","Dr. Remeis-Observatory, Bamberg, Germany | Hamburg-Bergedorf, Germany",OVERLAP,0.000000,"[{""a_fragment"":""PARENT_PROVISIONAL_CONTINUOUS"",""b_fragment"":""PARENT_PROVISIONAL_CONTINUOUS"",""duration_seconds"":585.0,""end_utc"":""1961-01-17T20:49:45+00:00"",""exposure_active"":91764,""exposure_current"":136603,""start_utc"":""1961-01-17T20:40:00+00:00""}]",1,585.000000,585.000000,69081,117990,75025,115030,1,1,43.5668000855,0.9491501795,0.0336644135,0.9491501795,402.491931,GE100_LT500,POST_SPUTNIK_OR_SAME_LAUNCH_DATE,False,False
91764|136604,91764,136604,61561,93474,106,208,"Hamburg-Bergedorf, Germany","Dr. Remeis-Observatory, Bamberg, Germany","Dr. Remeis-Observatory, Bamberg, Germany | Hamburg-Bergedorf, Germany",OVERLAP,0.000000,"[{""a_fragment"":""PARENT_PROVISIONAL_CONTINUOUS"",""b_fragment"":""PARENT_PROVISIONAL_CONTINUOUS"",""duration_seconds"":585.0,""end_utc"":""1961-01-17T20:49:45+00:00"",""exposure_active"":91764,""exposure_current"":136604,""start_utc"":""1961-01-17T20:40:00+00:00""}]",1,585.000000,585.000000,69081,117991,75025,115019,1,1,0.6946511609,0.0143723178,0.0005334615,0.0143723178,402.491931,GE100_LT500,POST_SPUTNIK_OR_SAME_LAUNCH_DATE,False,False
91765|136603,91765,136603,61562,93473,106,208,"Hamburg-Bergedorf, Germany","Dr. Remeis-Observatory, Bamberg, Germany","Dr. Remeis-Observatory, Bamberg, Germany | Hamburg-Bergedorf, Germany",GT0_LE5MIN,271.000000,[],0,0.000000,0.000000,69082,117990,75026,115030,1,1,45.1449275984,1.0000000000,0.0358390281,1.0000000000,402.491931,GE100_LT500,POST_SPUTNIK_OR_SAME_LAUNCH_DATE,False,False
91765|136604,91765,136604,61562,93474,106,208,"Hamburg-Bergedorf, Germany","Dr. Remeis-Observatory, Bamberg, Germany","Dr. Remeis-Observatory, Bamberg, Germany | Hamburg-Bergedorf, Germany",GT0_LE5MIN,271.000000,[],0,0.000000,0.000000,69082,117991,75026,115019,1,1,14.4301048980,0.3068962080,0.0115394405,0.3068962080,402.491931,GE100_LT500,POST_SPUTNIK_OR_SAME_LAUNCH_DATE,False,False
91768|136648,91768,136648,61565,93518,106,208,"Hamburg-Bergedorf, Germany","Dr. Remeis-Observatory, Bamberg, Germany","Dr. Remeis-Observatory, Bamberg, Germany | Hamburg-Bergedorf, Germany",OVERLAP,0.000000,"[{""a_fragment"":""PARENT_PROVISIONAL_CONTINUOUS"",""b_fragment"":""PARENT_PROVISIONAL_CONTINUOUS"",""duration_seconds"":108.0,""end_utc"":""1961-01-18T20:28:00+00:00"",""exposure_active"":136648,""exposure_current"":91768,""start_utc"":""1961-01-18T20:26:12+00:00""}]",1,108.000000,108.000000,69088,118035,75032,115069,1,1,45.1861171344,1.0000000000,0.0344139097,1.0000000000,402.491931,GE100_LT500,POST_SPUTNIK_OR_SAME_LAUNCH_DATE,False,False
91768|136653,91768,136653,61565,93523,106,208,"Hamburg-Bergedorf, Germany","Dr. Remeis-Observatory, Bamberg, Germany","Dr. Remeis-Observatory, Bamberg, Germany | Hamburg-Bergedorf, Germany",OVERLAP,0.000000,"[{""a_fragment"":""PARENT_PROVISIONAL_CONTINUOUS"",""b_fragment"":""PARENT_PROVISIONAL_CONTINUOUS"",""duration_seconds"":669.0,""end_utc"":""1961-01-18T20:46:09+00:00"",""exposure_active"":91768,""exposure_current"":136653,""start_utc"":""1961-01-18T20:35:00+00:00""}]",1,669.000000,669.000000,69088,118040,75032,115073,1,1,45.4537864649,1.0000000000,0.0344350210,1.0000000000,402.491931,GE100_LT500,POST_SPUTNIK_OR_SAME_LAUNCH_DATE,False,False
91768|136654,91768,136654,61565,93524,106,208,"Hamburg-Bergedorf, Germany","Dr. Remeis-Observatory, Bamberg, Germany","Dr. Remeis-Observatory, Bamberg, Germany | Hamburg-Bergedorf, Germany",OVERLAP,0.000000,"[{""a_fragment"":""PARENT_PROVISIONAL_CONTINUOUS"",""b_fragment"":""PARENT_PROVISIONAL_CONTINUOUS"",""duration_seconds"":669.0,""end_utc"":""1961-01-18T20:46:09+00:00"",""exposure_active"":91768,""exposure_current"":136654,""start_utc"":""1961-01-18T20:35:00+00:00""}]",1,669.000000,669.000000,69088,118041,75032,115067,1,1,9.9409262575,0.2084158524,0.0077994587,0.2084158524,402.491931,GE100_LT500,POST_SPUTNIK_OR_SAME_LAUNCH_DATE,False,False
91769|136653,91769,136653,61566,93523,106,208,"Hamburg-Bergedorf, Germany","Dr. Remeis-Observatory, Bamberg, Germany","Dr. Remeis-Observatory, Bamberg, Germany | Hamburg-Bergedorf, Germany",OVERLAP,0.000000,"[{""a_fragment"":""PARENT_PROVISIONAL_CONTINUOUS"",""b_fragment"":""PARENT_PROVISIONAL_CONTINUOUS"",""duration_seconds"":1197.0,""end_utc"":""1961-01-18T21:11:55+00:00"",""exposure_active"":136653,""exposure_current"":91769,""start_utc"":""1961-01-18T20:51:58+00:00""}]",1,1197.000000,1197.000000,69090,118040,75034,115073,1,1,45.1346015704,1.0000000000,0.0345169035,1.0000000000,402.491931,GE100_LT500,POST_SPUTNIK_OR_SAME_LAUNCH_DATE,False,False
91769|136654,91769,136654,61566,93524,106,208,"Hamburg-Bergedorf, Germany","Dr. Remeis-Observatory, Bamberg, Germany","Dr. Remeis-Observatory, Bamberg, Germany | Hamburg-Bergedorf, Germany",OVERLAP,0.000000,"[{""a_fragment"":""PARENT_PROVISIONAL_CONTINUOUS"",""b_fragment"":""PARENT_PROVISIONAL_CONTINUOUS"",""duration_seconds"":1197.0,""end_utc"":""1961-01-18T21:11:55+00:00"",""exposure_active"":136654,""exposure_current"":91769,""start_utc"":""1961-01-18T20:51:58+00:00""}]",1,1197.000000,1197.000000,69090,118041,75034,115067,1,1,13.2104350897,0.2797273807,0.0104983658,0.2797273807,402.491931,GE100_LT500,POST_SPUTNIK_OR_SAME_LAUNCH_DATE,False,False
91770|136653,91770,136653,61567,93523,106,208,"Hamburg-Bergedorf, Germany","Dr. Remeis-Observatory, Bamberg, Germany","Dr. Remeis-Observatory, Bamberg, Germany | Hamburg-Bergedorf, Germany",OVERLAP,0.000000,"[{""a_fragment"":""PARENT_PROVISIONAL_CONTINUOUS"",""b_fragment"":""PARENT_PROVISIONAL_CONTINUOUS"",""duration_seconds"":717.0,""end_utc"":""1961-01-18T21:35:00+00:00"",""exposure_active"":136653,""exposure_current"":91770,""start_utc"":""1961-01-18T21:23:03+00:00""}]",1,717.000000,717.000000,69092,118040,75038,115073,1,1,45.0441319978,1.0000000000,0.0345461594,1.0000000000,402.491931,GE100_LT500,POST_SPUTNIK_OR_SAME_LAUNCH_DATE,False,False
91770|136654,91770,136654,61567,93524,106,208,"Hamburg-Bergedorf, Germany","Dr. Remeis-Observatory, Bamberg, Germany","Dr. Remeis-Observatory, Bamberg, Germany | Hamburg-Bergedorf, Germany",OVERLAP,0.000000,"[{""a_fragment"":""PARENT_PROVISIONAL_CONTINUOUS"",""b_fragment"":""PARENT_PROVISIONAL_CONTINUOUS"",""duration_seconds"":717.0,""end_utc"":""1961-01-18T21:35:00+00:00"",""exposure_active"":136654,""exposure_current"":91770,""start_utc"":""1961-01-18T21:23:03+00:00""}]",1,717.000000,717.000000,69092,118041,75038,115067,1,1,13.9328968480,0.2963712988,0.0111395131,0.2963712988,402.491931,GE100_LT500,POST_SPUTNIK_OR_SAME_LAUNCH_DATE,False,False
91770|136658,91770,136658,61567,93528,106,208,"Hamburg-Bergedorf, Germany","Dr. Remeis-Observatory, Bamberg, Germany","Dr. Remeis-Observatory, Bamberg, Germany | Hamburg-Bergedorf, Germany",OVERLAP,0.000000,"[{""a_fragment"":""PARENT_PROVISIONAL_CONTINUOUS"",""b_fragment"":""PARENT_PROVISIONAL_CONTINUOUS"",""duration_seconds"":120.0,""end_utc"":""1961-01-18T21:43:00+00:00"",""exposure_active"":91770,""exposure_current"":136658,""start_utc"":""1961-01-18T21:41:00+00:00""}]",1,120.000000,120.000000,69092,118045,75038,115086,1,1,44.4224211208,0.9647851383,0.0331425007,0.9647851383,402.491931,GE100_LT500,POST_SPUTNIK_OR_SAME_LAUNCH_DATE,False,False
91771|136658,91771,136658,61568,93528,106,208,"Hamburg-Bergedorf, Germany","Dr. Remeis-Observatory, Bamberg, Germany","Dr. Remeis-Observatory, Bamberg, Germany | Hamburg-Bergedorf, Germany",OVERLAP,0.000000,"[{""a_fragment"":""PARENT_PROVISIONAL_CONTINUOUS"",""b_fragment"":""PARENT_PROVISIONAL_CONTINUOUS"",""duration_seconds"":444.0,""end_utc"":""1961-01-18T22:41:00+00:00"",""exposure_active"":136658,""exposure_current"":91771,""start_utc"":""1961-01-18T22:33:36+00:00""}]",1,444.000000,444.000000,69094,118045,75036,115086,1,1,45.0981238481,1.0000000000,0.0346107018,1.0000000000,402.491931,GE100_LT500,POST_SPUTNIK_OR_SAME_LAUNCH_DATE,False,False
91771|136663,91771,136663,61568,93533,106,208,"Hamburg-Bergedorf, Germany","Dr. Remeis-Observatory, Bamberg, Germany","Dr. Remeis-Observatory, Bamberg, Germany | Hamburg-Bergedorf, Germany",OVERLAP,0.000000,"[{""a_fragment"":""PARENT_PROVISIONAL_CONTINUOUS"",""b_fragment"":""PARENT_PROVISIONAL_CONTINUOUS"",""duration_seconds"":393.0,""end_utc"":""1961-01-18T22:53:33+00:00"",""exposure_active"":91771,""exposure_current"":136663,""start_utc"":""1961-01-18T22:47:00+00:00""}]",1,393.000000,393.000000,69094,118050,75036,115079,1,1,45.4674643795,1.0000000000,0.0346789270,1.0000000000,402.491931,GE100_LT500,POST_SPUTNIK_OR_SAME_LAUNCH_DATE,False,False
91772|136663,91772,136663,61569,93533,106,208,"Hamburg-Bergedorf, Germany","Dr. Remeis-Observatory, Bamberg, Germany","Dr. Remeis-Observatory, Bamberg, Germany | Hamburg-Bergedorf, Germany",OVERLAP,0.000000,"[{""a_fragment"":""PARENT_PROVISIONAL_CONTINUOUS"",""b_fragment"":""PARENT_PROVISIONAL_CONTINUOUS"",""duration_seconds"":1197.0,""end_utc"":""1961-01-18T23:39:01+00:00"",""exposure_active"":136663,""exposure_current"":91772,""start_utc"":""1961-01-18T23:19:04+00:00""}]",1,1197.000000,1197.000000,69096,118050,75037,115079,1,1,30.5027987740,0.6619221215,0.0227423360,0.6619221215,402.491931,GE100_LT500,POST_SPUTNIK_OR_SAME_LAUNCH_DATE,False,False
91799|136818,91799,136818,61596,93688,106,208,"Hamburg-Bergedorf, Germany","Dr. Remeis-Observatory, Bamberg, Germany","Dr. Remeis-Observatory, Bamberg, Germany | Hamburg-Bergedorf, Germany",OVERLAP,0.000000,"[{""a_fragment"":""PARENT_PROVISIONAL_CONTINUOUS"",""b_fragment"":""PARENT_PROVISIONAL_CONTINUOUS"",""duration_seconds"":448.0,""end_utc"":""1961-03-08T20:45:28+00:00"",""exposure_active"":91799,""exposure_current"":136818,""start_utc"":""1961-03-08T20:38:00+00:00""}]",1,448.000000,448.000000,69150,118205,75107,115222,1,1,22.2625390611,0.4771655921,0.0168363248,0.4771655921,402.491931,GE100_LT500,POST_SPUTNIK_OR_SAME_LAUNCH_DATE,False,False
91801|136824,91801,136824,61598,93694,106,208,"Hamburg-Bergedorf, Germany","Dr. Remeis-Observatory, Bamberg, Germany","Dr. Remeis-Observatory, Bamberg, Germany | Hamburg-Bergedorf, Germany",OVERLAP,0.000000,"[{""a_fragment"":""PARENT_PROVISIONAL_CONTINUOUS"",""b_fragment"":""PARENT_PROVISIONAL_CONTINUOUS"",""duration_seconds"":177.0,""end_utc"":""1961-03-08T21:47:57+00:00"",""exposure_active"":91801,""exposure_current"":136824,""start_utc"":""1961-03-08T21:45:00+00:00""}]",1,177.000000,177.000000,69154,118211,75096,115212,1,1,41.0013099668,0.8925169034,0.0342463717,0.8925169034,402.491931,GE100_LT500,POST_SPUTNIK_OR_SAME_LAUNCH_DATE,False,False
91803|136848,91803,136848,61600,93718,106,208,"Hamburg-Bergedorf, Germany","Dr. Remeis-Observatory, Bamberg, Germany","Dr. Remeis-Observatory, Bamberg, Germany | Hamburg-Bergedorf, Germany",GT0_LE5MIN,60.000000,[],0,0.000000,0.000000,69158,118235,75098,115244,1,1,46.3526639672,1.0000000000,0.0355362790,1.0000000000,402.491931,GE100_LT500,POST_SPUTNIK_OR_SAME_LAUNCH_DATE,False,False
91803|136849,91803,136849,61600,93719,106,208,"Hamburg-Bergedorf, Germany","Dr. Remeis-Observatory, Bamberg, Germany","Dr. Remeis-Observatory, Bamberg, Germany | Hamburg-Bergedorf, Germany",GT0_LE5MIN,60.000000,[],0,0.000000,0.000000,69158,118236,75098,115232,1,1,45.4403074081,1.0000000000,0.0383179480,1.0000000000,402.491931,GE100_LT500,POST_SPUTNIK_OR_SAME_LAUNCH_DATE,False,False
91803|136854,91803,136854,61600,93724,106,208,"Hamburg-Bergedorf, Germany","Dr. Remeis-Observatory, Bamberg, Germany","Dr. Remeis-Observatory, Bamberg, Germany | Hamburg-Bergedorf, Germany",OVERLAP,0.000000,"[{""a_fragment"":""PARENT_PROVISIONAL_CONTINUOUS"",""b_fragment"":""PARENT_PROVISIONAL_CONTINUOUS"",""duration_seconds"":957.0,""end_utc"":""1961-03-09T22:10:57+00:00"",""exposure_active"":91803,""exposure_current"":136854,""start_utc"":""1961-03-09T21:55:00+00:00""}]",1,957.000000,957.000000,69158,118241,75098,115237,1,1,45.3289072814,1.0000000000,0.0381863315,1.0000000000,402.491931,GE100_LT500,POST_SPUTNIK_OR_SAME_LAUNCH_DATE,False,False
91804|136854,91804,136854,61601,93724,106,208,"Hamburg-Bergedorf, Germany","Dr. Remeis-Observatory, Bamberg, Germany","Dr. Remeis-Observatory, Bamberg, Germany | Hamburg-Bergedorf, Germany",OVERLAP,0.000000,"[{""a_fragment"":""PARENT_PROVISIONAL_CONTINUOUS"",""b_fragment"":""PARENT_PROVISIONAL_CONTINUOUS"",""duration_seconds"":1197.0,""end_utc"":""1961-03-09T22:48:56+00:00"",""exposure_active"":136854,""exposure_current"":91804,""start_utc"":""1961-03-09T22:28:59+00:00""}]",1,1197.000000,1197.000000,69160,118241,75103,115237,1,1,45.0377443655,1.0000000000,0.0380980568,1.0000000000,402.491931,GE100_LT500,POST_SPUTNIK_OR_SAME_LAUNCH_DATE,False,False
91870|137035,91870,137035,61667,93905,106,208,"Hamburg-Bergedorf, Germany","Dr. Remeis-Observatory, Bamberg, Germany","Dr. Remeis-Observatory, Bamberg, Germany | Hamburg-Bergedorf, Germany",OVERLAP,0.000000,"[{""a_fragment"":""PARENT_PROVISIONAL_CONTINUOUS"",""b_fragment"":""PARENT_PROVISIONAL_CONTINUOUS"",""duration_seconds"":1196.0,""end_utc"":""1961-06-15T22:32:31+00:00"",""exposure_active"":137035,""exposure_current"":91870,""start_utc"":""1961-06-15T22:12:35+00:00""}]",1,1196.000000,1196.000000,69293,118417,75237,115427,1,1,44.9680994154,1.0000000000,0.0356625635,1.0000000000,402.491931,GE100_LT500,POST_SPUTNIK_OR_SAME_LAUNCH_DATE,False,False
91871|137035,91871,137035,61668,93905,106,208,"Hamburg-Bergedorf, Germany","Dr. Remeis-Observatory, Bamberg, Germany","Dr. Remeis-Observatory, Bamberg, Germany | Hamburg-Bergedorf, Germany",OVERLAP,0.000000,"[{""a_fragment"":""PARENT_PROVISIONAL_CONTINUOUS"",""b_fragment"":""PARENT_PROVISIONAL_CONTINUOUS"",""duration_seconds"":1196.0,""end_utc"":""1961-06-15T23:03:21+00:00"",""exposure_active"":137035,""exposure_current"":91871,""start_utc"":""1961-06-15T22:43:25+00:00""}]",1,1196.000000,1196.000000,69295,118417,75241,115427,1,1,45.0412858948,1.0000000000,0.0356542526,1.0000000000,402.491931,GE100_LT500,POST_SPUTNIK_OR_SAME_LAUNCH_DATE,False,False
91872|137035,91872,137035,61669,93905,106,208,"Hamburg-Bergedorf, Germany","Dr. Remeis-Observatory, Bamberg, Germany","Dr. Remeis-Observatory, Bamberg, Germany | Hamburg-Bergedorf, Germany",GT0_LE5MIN,56.000000,[],0,0.000000,0.000000,69296,118417,75240,115427,1,1,45.5634191289,1.0000000000,0.0356738981,1.0000000000,402.491931,GE100_LT500,POST_SPUTNIK_OR_SAME_LAUNCH_DATE,False,False
91907|137450,91907,137450,61704,94320,106,208,"Hamburg-Bergedorf, Germany","Dr. Remeis-Observatory, Bamberg, Germany","Dr. Remeis-Observatory, Bamberg, Germany | Hamburg-Bergedorf, Germany",OVERLAP,0.000000,"[{""a_fragment"":""PARENT_PROVISIONAL_CONTINUOUS"",""b_fragment"":""PARENT_PROVISIONAL_CONTINUOUS"",""duration_seconds"":2376.0,""end_utc"":""1961-10-15T19:52:00+00:00"",""exposure_active"":137450,""exposure_current"":91907,""start_utc"":""1961-10-15T19:12:24+00:00""}]",1,2376.000000,2376.000000,69366,118830,75316,115801,1,1,28.1961073512,0.6002514904,0.0211517717,0.6002514904,402.491931,GE100_LT500,POST_SPUTNIK_OR_SAME_LAUNCH_DATE,False,False
91907|137451,91907,137451,61704,94321,106,208,"Hamburg-Bergedorf, Germany","Dr. Remeis-Observatory, Bamberg, Germany","Dr. Remeis-Observatory, Bamberg, Germany | Hamburg-Bergedorf, Germany",OVERLAP,0.000000,"[{""a_fragment"":""PARENT_PROVISIONAL_CONTINUOUS"",""b_fragment"":""PARENT_PROVISIONAL_CONTINUOUS"",""duration_seconds"":2376.0,""end_utc"":""1961-10-15T19:52:00+00:00"",""exposure_active"":137451,""exposure_current"":91907,""start_utc"":""1961-10-15T19:12:24+00:00""}]",1,2376.000000,2376.000000,69366,118831,75316,115803,1,1,25.6856983824,0.5551017755,0.0306761915,0.5551017755,402.491931,GE100_LT500,POST_SPUTNIK_OR_SAME_LAUNCH_DATE,False,False
91994|137866,91994,137866,61791,94736,106,208,"Hamburg-Bergedorf, Germany","Dr. Remeis-Observatory, Bamberg, Germany","Dr. Remeis-Observatory, Bamberg, Germany | Hamburg-Bergedorf, Germany",OVERLAP,0.000000,"[{""a_fragment"":""PARENT_PROVISIONAL_CONTINUOUS"",""b_fragment"":""PARENT_PROVISIONAL_CONTINUOUS"",""duration_seconds"":1796.0,""end_utc"":""1962-06-03T22:12:16+00:00"",""exposure_active"":137866,""exposure_current"":91994,""start_utc"":""1962-06-03T21:42:20+00:00""}]",1,1796.000000,1796.000000,69539,119245,75485,116205,1,1,45.3329923126,1.0000000000,0.0358359048,1.0000000000,402.491931,GE100_LT500,POST_SPUTNIK_OR_SAME_LAUNCH_DATE,False,False
91995|137866,91995,137866,61792,94736,106,208,"Hamburg-Bergedorf, Germany","Dr. Remeis-Observatory, Bamberg, Germany","Dr. Remeis-Observatory, Bamberg, Germany | Hamburg-Bergedorf, Germany",OVERLAP,0.000000,"[{""a_fragment"":""PARENT_PROVISIONAL_CONTINUOUS"",""b_fragment"":""PARENT_PROVISIONAL_CONTINUOUS"",""duration_seconds"":55.0,""end_utc"":""1962-06-03T22:18:00+00:00"",""exposure_active"":137866,""exposure_current"":91995,""start_utc"":""1962-06-03T22:17:05+00:00""}]",1,55.000000,55.000000,69540,119245,75486,116205,1,1,8.9349827065,0.1876022882,0.0065851856,0.1876022882,402.491931,GE100_LT500,POST_SPUTNIK_OR_SAME_LAUNCH_DATE,False,False
91995|137867,91995,137867,61792,94737,106,208,"Hamburg-Bergedorf, Germany","Dr. Remeis-Observatory, Bamberg, Germany","Dr. Remeis-Observatory, Bamberg, Germany | Hamburg-Bergedorf, Germany",OVERLAP,0.000000,"[{""a_fragment"":""PARENT_PROVISIONAL_CONTINUOUS"",""b_fragment"":""PARENT_PROVISIONAL_CONTINUOUS"",""duration_seconds"":55.0,""end_utc"":""1962-06-03T22:18:00+00:00"",""exposure_active"":137867,""exposure_current"":91995,""start_utc"":""1962-06-03T22:17:05+00:00""}]",1,55.000000,55.000000,69540,119246,75486,116204,1,1,7.5888074583,0.1639016735,0.0090042446,0.1639016735,402.491931,GE100_LT500,POST_SPUTNIK_OR_SAME_LAUNCH_DATE,False,False
91999|137882,91999,137882,61796,94752,106,208,"Hamburg-Bergedorf, Germany","Dr. Remeis-Observatory, Bamberg, Germany","Dr. Remeis-Observatory, Bamberg, Germany | Hamburg-Bergedorf, Germany",OVERLAP,0.000000,"[{""a_fragment"":""PARENT_PROVISIONAL_CONTINUOUS"",""b_fragment"":""PARENT_PROVISIONAL_CONTINUOUS"",""duration_seconds"":1457.0,""end_utc"":""1962-06-04T22:53:17+00:00"",""exposure_active"":91999,""exposure_current"":137882,""start_utc"":""1962-06-04T22:29:00+00:00""}]",1,1457.000000,1457.000000,69549,119260,75496,116232,1,1,45.5922727515,1.0000000000,0.0345621926,1.0000000000,402.491931,GE100_LT500,POST_SPUTNIK_OR_SAME_LAUNCH_DATE,False,False
91999|137883,91999,137883,61796,94753,106,208,"Hamburg-Bergedorf, Germany","Dr. Remeis-Observatory, Bamberg, Germany","Dr. Remeis-Observatory, Bamberg, Germany | Hamburg-Bergedorf, Germany",OVERLAP,0.000000,"[{""a_fragment"":""PARENT_PROVISIONAL_CONTINUOUS"",""b_fragment"":""PARENT_PROVISIONAL_CONTINUOUS"",""duration_seconds"":1457.0,""end_utc"":""1962-06-04T22:53:17+00:00"",""exposure_active"":91999,""exposure_current"":137883,""start_utc"":""1962-06-04T22:29:00+00:00""}]",1,1457.000000,1457.000000,69549,119261,75496,116230,1,1,45.8791322152,1.0000000000,0.0557198950,1.0000000000,402.491931,GE100_LT500,POST_SPUTNIK_OR_SAME_LAUNCH_DATE,False,False
92000|137882,92000,137882,61797,94752,106,208,"Hamburg-Bergedorf, Germany","Dr. Remeis-Observatory, Bamberg, Germany","Dr. Remeis-Observatory, Bamberg, Germany | Hamburg-Bergedorf, Germany",OVERLAP,0.000000,"[{""a_fragment"":""PARENT_PROVISIONAL_CONTINUOUS"",""b_fragment"":""PARENT_PROVISIONAL_CONTINUOUS"",""duration_seconds"":1795.0,""end_utc"":""1962-06-04T23:27:47+00:00"",""exposure_active"":137882,""exposure_current"":92000,""start_utc"":""1962-06-04T22:57:52+00:00""}]",1,1795.000000,1795.000000,69551,119260,75497,116232,1,1,43.3081326476,0.9410182831,0.0324287150,0.9410182831,402.491931,GE100_LT500,POST_SPUTNIK_OR_SAME_LAUNCH_DATE,False,False
92000|137883,92000,137883,61797,94753,106,208,"Hamburg-Bergedorf, Germany","Dr. Remeis-Observatory, Bamberg, Germany","Dr. Remeis-Observatory, Bamberg, Germany | Hamburg-Bergedorf, Germany",OVERLAP,0.000000,"[{""a_fragment"":""PARENT_PROVISIONAL_CONTINUOUS"",""b_fragment"":""PARENT_PROVISIONAL_CONTINUOUS"",""duration_seconds"":1795.0,""end_utc"":""1962-06-04T23:27:47+00:00"",""exposure_active"":137883,""exposure_current"":92000,""start_utc"":""1962-06-04T22:57:52+00:00""}]",1,1795.000000,1795.000000,69551,119261,75497,116230,1,1,45.2132613010,1.0000000000,0.0559006956,1.0000000000,402.491931,GE100_LT500,POST_SPUTNIK_OR_SAME_LAUNCH_DATE,False,False
92001|137882,92001,137882,61798,94752,106,208,"Hamburg-Bergedorf, Germany","Dr. Remeis-Observatory, Bamberg, Germany","Dr. Remeis-Observatory, Bamberg, Germany | Hamburg-Bergedorf, Germany",GT0_LE5MIN,156.000000,[],0,0.000000,0.000000,69553,119260,75499,116232,1,1,43.8610132675,0.9417044868,0.0324585028,0.9417044868,402.491931,GE100_LT500,POST_SPUTNIK_OR_SAME_LAUNCH_DATE,False,False
92001|137883,92001,137883,61798,94753,106,208,"Hamburg-Bergedorf, Germany","Dr. Remeis-Observatory, Bamberg, Germany","Dr. Remeis-Observatory, Bamberg, Germany | Hamburg-Bergedorf, Germany",GT0_LE5MIN,156.000000,[],0,0.000000,0.000000,69553,119261,75499,116230,1,1,45.4936210811,1.0000000000,0.0560460131,1.0000000000,402.491931,GE100_LT500,POST_SPUTNIK_OR_SAME_LAUNCH_DATE,False,False
92001|137890,92001,137890,61798,94760,106,208,"Hamburg-Bergedorf, Germany","Dr. Remeis-Observatory, Bamberg, Germany","Dr. Remeis-Observatory, Bamberg, Germany | Hamburg-Bergedorf, Germany",OVERLAP,0.000000,"[{""a_fragment"":""PARENT_PROVISIONAL_CONTINUOUS"",""b_fragment"":""PARENT_PROVISIONAL_CONTINUOUS"",""duration_seconds"":1351.0,""end_utc"":""1962-06-05T00:01:31+00:00"",""exposure_active"":92001,""exposure_current"":137890,""start_utc"":""1962-06-04T23:39:00+00:00""}]",1,1351.000000,1351.000000,69553,119268,75499,116242,1,1,36.4559329651,0.7817825964,0.0278819703,0.7817825964,402.491931,GE100_LT500,POST_SPUTNIK_OR_SAME_LAUNCH_DATE,False,False
92001|137891,92001,137891,61798,94761,106,208,"Hamburg-Bergedorf, Germany","Dr. Remeis-Observatory, Bamberg, Germany","Dr. Remeis-Observatory, Bamberg, Germany | Hamburg-Bergedorf, Germany",OVERLAP,0.000000,"[{""a_fragment"":""PARENT_PROVISIONAL_CONTINUOUS"",""b_fragment"":""PARENT_PROVISIONAL_CONTINUOUS"",""duration_seconds"":1351.0,""end_utc"":""1962-06-05T00:01:31+00:00"",""exposure_active"":92001,""exposure_current"":137891,""start_utc"":""1962-06-04T23:39:00+00:00""}]",1,1351.000000,1351.000000,69553,119269,75499,116244,1,1,45.5162999445,1.0000000000,0.0539417061,1.0000000000,402.491931,GE100_LT500,POST_SPUTNIK_OR_SAME_LAUNCH_DATE,False,False
92002|137890,92002,137890,61799,94760,106,208,"Hamburg-Bergedorf, Germany","Dr. Remeis-Observatory, Bamberg, Germany","Dr. Remeis-Observatory, Bamberg, Germany | Hamburg-Bergedorf, Germany",OVERLAP,0.000000,"[{""a_fragment"":""PARENT_PROVISIONAL_CONTINUOUS"",""b_fragment"":""PARENT_PROVISIONAL_CONTINUOUS"",""duration_seconds"":1795.0,""end_utc"":""1962-06-05T00:35:25+00:00"",""exposure_active"":137890,""exposure_current"":92002,""start_utc"":""1962-06-05T00:05:30+00:00""}]",1,1795.000000,1795.000000,69555,119268,75502,116242,1,1,7.1905256217,0.1502876825,0.0052894983,0.1502876825,402.491931,GE100_LT500,POST_SPUTNIK_OR_SAME_LAUNCH_DATE,False,False
92002|137891,92002,137891,61799,94761,106,208,"Hamburg-Bergedorf, Germany","Dr. Remeis-Observatory, Bamberg, Germany","Dr. Remeis-Observatory, Bamberg, Germany | Hamburg-Bergedorf, Germany",OVERLAP,0.000000,"[{""a_fragment"":""PARENT_PROVISIONAL_CONTINUOUS"",""b_fragment"":""PARENT_PROVISIONAL_CONTINUOUS"",""duration_seconds"":1795.0,""end_utc"":""1962-06-05T00:35:25+00:00"",""exposure_active"":137891,""exposure_current"":92002,""start_utc"":""1962-06-05T00:05:30+00:00""}]",1,1795.000000,1795.000000,69555,119269,75502,116244,1,1,7.9930438210,0.1719177830,0.0091952226,0.1719177830,402.491931,GE100_LT500,POST_SPUTNIK_OR_SAME_LAUNCH_DATE,False,False
92003|137898,92003,137898,61800,94768,106,208,"Hamburg-Bergedorf, Germany","Dr. Remeis-Observatory, Bamberg, Germany","Dr. Remeis-Observatory, Bamberg, Germany | Hamburg-Bergedorf, Germany",OVERLAP,0.000000,"[{""a_fragment"":""PARENT_PROVISIONAL_CONTINUOUS"",""b_fragment"":""PARENT_PROVISIONAL_CONTINUOUS"",""duration_seconds"":1785.0,""end_utc"":""1962-06-06T22:29:13+00:00"",""exposure_active"":137898,""exposure_current"":92003,""start_utc"":""1962-06-06T21:59:28+00:00""}]",1,1785.000000,1785.000000,69557,119276,75503,116234,1,1,46.1442135389,0.9999414406,0.0342054151,0.9999414406,402.491931,GE100_LT500,POST_SPUTNIK_OR_SAME_LAUNCH_DATE,False,False
92003|137899,92003,137899,61800,94769,106,208,"Hamburg-Bergedorf, Germany","Dr. Remeis-Observatory, Bamberg, Germany","Dr. Remeis-Observatory, Bamberg, Germany | Hamburg-Bergedorf, Germany",OVERLAP,0.000000,"[{""a_fragment"":""PARENT_PROVISIONAL_CONTINUOUS"",""b_fragment"":""PARENT_PROVISIONAL_CONTINUOUS"",""duration_seconds"":1785.0,""end_utc"":""1962-06-06T22:29:13+00:00"",""exposure_active"":137899,""exposure_current"":92003,""start_utc"":""1962-06-06T21:59:28+00:00""}]",1,1785.000000,1785.000000,69557,119277,75503,116240,1,1,42.0707158125,0.9154229904,0.0504708198,0.9154229904,402.491931,GE100_LT500,POST_SPUTNIK_OR_SAME_LAUNCH_DATE,False,False
92004|137906,92004,137906,61801,94776,106,208,"Hamburg-Bergedorf, Germany","Dr. Remeis-Observatory, Bamberg, Germany","Dr. Remeis-Observatory, Bamberg, Germany | Hamburg-Bergedorf, Germany",OVERLAP,0.000000,"[{""a_fragment"":""PARENT_PROVISIONAL_CONTINUOUS"",""b_fragment"":""PARENT_PROVISIONAL_CONTINUOUS"",""duration_seconds"":1197.0,""end_utc"":""1962-06-06T23:05:57+00:00"",""exposure_active"":92004,""exposure_current"":137906,""start_utc"":""1962-06-06T22:46:00+00:00""}]",1,1197.000000,1197.000000,69558,119284,75504,116246,1,1,45.2927662528,1.0000000000,0.0344698680,1.0000000000,402.491931,GE100_LT500,POST_SPUTNIK_OR_SAME_LAUNCH_DATE,False,False
92004|137907,92004,137907,61801,94777,106,208,"Hamburg-Bergedorf, Germany","Dr. Remeis-Observatory, Bamberg, Germany","Dr. Remeis-Observatory, Bamberg, Germany | Hamburg-Bergedorf, Germany",OVERLAP,0.000000,"[{""a_fragment"":""PARENT_PROVISIONAL_CONTINUOUS"",""b_fragment"":""PARENT_PROVISIONAL_CONTINUOUS"",""duration_seconds"":1197.0,""end_utc"":""1962-06-06T23:05:57+00:00"",""exposure_active"":92004,""exposure_current"":137907,""start_utc"":""1962-06-06T22:46:00+00:00""}]",1,1197.000000,1197.000000,69558,119285,75504,116250,1,1,33.4392733225,0.7310618334,0.0389008206,0.7310618334,402.491931,GE100_LT500,POST_SPUTNIK_OR_SAME_LAUNCH_DATE,False,False
92005|137906,92005,137906,61802,94776,106,208,"Hamburg-Bergedorf, Germany","Dr. Remeis-Observatory, Bamberg, Germany","Dr. Remeis-Observatory, Bamberg, Germany | Hamburg-Bergedorf, Germany",OVERLAP,0.000000,"[{""a_fragment"":""PARENT_PROVISIONAL_CONTINUOUS"",""b_fragment"":""PARENT_PROVISIONAL_CONTINUOUS"",""duration_seconds"":1795.0,""end_utc"":""1962-06-06T23:40:21+00:00"",""exposure_active"":137906,""exposure_current"":92005,""start_utc"":""1962-06-06T23:10:26+00:00""}]",1,1795.000000,1795.000000,69560,119284,75506,116246,1,1,25.8114891381,0.5490255446,0.0187686020,0.5490255446,402.491931,GE100_LT500,POST_SPUTNIK_OR_SAME_LAUNCH_DATE,False,False
92005|137907,92005,137907,61802,94777,106,208,"Hamburg-Bergedorf, Germany","Dr. Remeis-Observatory, Bamberg, Germany","Dr. Remeis-Observatory, Bamberg, Germany | Hamburg-Bergedorf, Germany",OVERLAP,0.000000,"[{""a_fragment"":""PARENT_PROVISIONAL_CONTINUOUS"",""b_fragment"":""PARENT_PROVISIONAL_CONTINUOUS"",""duration_seconds"":1795.0,""end_utc"":""1962-06-06T23:40:21+00:00"",""exposure_active"":137907,""exposure_current"":92005,""start_utc"":""1962-06-06T23:10:26+00:00""}]",1,1795.000000,1795.000000,69560,119285,75506,116250,1,1,21.5532325362,0.4653429941,0.0248003997,0.4653429941,402.491931,GE100_LT500,POST_SPUTNIK_OR_SAME_LAUNCH_DATE,False,False
92006|137914,92006,137914,61803,94784,106,208,"Hamburg-Bergedorf, Germany","Dr. Remeis-Observatory, Bamberg, Germany","Dr. Remeis-Observatory, Bamberg, Germany | Hamburg-Bergedorf, Germany",OVERLAP,0.000000,"[{""a_fragment"":""PARENT_PROVISIONAL_CONTINUOUS"",""b_fragment"":""PARENT_PROVISIONAL_CONTINUOUS"",""duration_seconds"":1146.0,""end_utc"":""1962-06-07T00:14:06+00:00"",""exposure_active"":92006,""exposure_current"":137914,""start_utc"":""1962-06-06T23:55:00+00:00""}]",1,1146.000000,1146.000000,69563,119292,75509,116268,1,1,46.1148995044,1.0000000000,0.0342564812,1.0000000000,402.491931,GE100_LT500,POST_SPUTNIK_OR_SAME_LAUNCH_DATE,False,False
92006|137915,92006,137915,61803,94785,106,208,"Hamburg-Bergedorf, Germany","Dr. Remeis-Observatory, Bamberg, Germany","Dr. Remeis-Observatory, Bamberg, Germany | Hamburg-Bergedorf, Germany",OVERLAP,0.000000,"[{""a_fragment"":""PARENT_PROVISIONAL_CONTINUOUS"",""b_fragment"":""PARENT_PROVISIONAL_CONTINUOUS"",""duration_seconds"":1146.0,""end_utc"":""1962-06-07T00:14:06+00:00"",""exposure_active"":92006,""exposure_current"":137915,""start_utc"":""1962-06-06T23:55:00+00:00""}]",1,1146.000000,1146.000000,69563,119293,75509,116263,1,1,45.5514381317,1.0000000000,0.0557954491,1.0000000000,402.491931,GE100_LT500,POST_SPUTNIK_OR_SAME_LAUNCH_DATE,False,False
92013|137930,92013,137930,61810,94800,106,208,"Hamburg-Bergedorf, Germany","Dr. Remeis-Observatory, Bamberg, Germany","Dr. Remeis-Observatory, Bamberg, Germany | Hamburg-Bergedorf, Germany",OVERLAP,0.000000,"[{""a_fragment"":""PARENT_PROVISIONAL_CONTINUOUS"",""b_fragment"":""PARENT_PROVISIONAL_CONTINUOUS"",""duration_seconds"":1145.0,""end_utc"":""1962-06-08T23:02:05+00:00"",""exposure_active"":92013,""exposure_current"":137930,""start_utc"":""1962-06-08T22:43:00+00:00""}]",1,1145.000000,1145.000000,69576,119308,75522,116283,1,1,45.8470879054,1.0000000000,0.0357888464,1.0000000000,402.491931,GE100_LT500,POST_SPUTNIK_OR_SAME_LAUNCH_DATE,False,False
92013|137931,92013,137931,61810,94801,106,208,"Hamburg-Bergedorf, Germany","Dr. Remeis-Observatory, Bamberg, Germany","Dr. Remeis-Observatory, Bamberg, Germany | Hamburg-Bergedorf, Germany",OVERLAP,0.000000,"[{""a_fragment"":""PARENT_PROVISIONAL_CONTINUOUS"",""b_fragment"":""PARENT_PROVISIONAL_CONTINUOUS"",""duration_seconds"":1145.0,""end_utc"":""1962-06-08T23:02:05+00:00"",""exposure_active"":92013,""exposure_current"":137931,""start_utc"":""1962-06-08T22:43:00+00:00""}]",1,1145.000000,1145.000000,69576,119309,75522,116275,1,1,45.5359018580,1.0000000000,0.0539507044,1.0000000000,402.491931,GE100_LT500,POST_SPUTNIK_OR_SAME_LAUNCH_DATE,False,False
92016|138319,92016,138319,61813,95189,106,208,"Hamburg-Bergedorf, Germany","Dr. Remeis-Observatory, Bamberg, Germany","Dr. Remeis-Observatory, Bamberg, Germany | Hamburg-Bergedorf, Germany",OVERLAP,0.000000,"[{""a_fragment"":""PARENT_PROVISIONAL_CONTINUOUS"",""b_fragment"":""PARENT_PROVISIONAL_CONTINUOUS"",""duration_seconds"":928.0,""end_utc"":""1962-10-21T21:37:28+00:00"",""exposure_active"":92016,""exposure_current"":138319,""start_utc"":""1962-10-21T21:22:00+00:00""}]",1,928.000000,928.000000,69583,119697,75529,116666,1,1,45.5281637265,1.0000000000,0.0858458692,1.0000000000,402.491931,GE100_LT500,POST_SPUTNIK_OR_SAME_LAUNCH_DATE,False,False
92016|138320,92016,138320,61813,95190,106,208,"Hamburg-Bergedorf, Germany","Dr. Remeis-Observatory, Bamberg, Germany","Dr. Remeis-Observatory, Bamberg, Germany | Hamburg-Bergedorf, Germany",OVERLAP,0.000000,"[{""a_fragment"":""PARENT_PROVISIONAL_CONTINUOUS"",""b_fragment"":""PARENT_PROVISIONAL_CONTINUOUS"",""duration_seconds"":928.0,""end_utc"":""1962-10-21T21:37:28+00:00"",""exposure_active"":92016,""exposure_current"":138320,""start_utc"":""1962-10-21T21:22:00+00:00""}]",1,928.000000,928.000000,69583,119698,75529,116664,1,1,1.7215453287,0.0372693882,0.0049197537,0.0372693882,402.491931,GE100_LT500,POST_SPUTNIK_OR_SAME_LAUNCH_DATE,False,False
110681|124004,110681,124004,64780,81298,111,208,"Hamburg-Bergedorf, Germany","Dr. Remeis-Observatory, Bamberg, Germany","Dr. Remeis-Observatory, Bamberg, Germany | Hamburg-Bergedorf, Germany",OVERLAP,0.000000,"[{""a_fragment"":""PARENT_PROVISIONAL_CONTINUOUS"",""b_fragment"":""2475"",""duration_seconds"":1140.0,""end_utc"":""1932-04-27T22:34:00+00:00"",""exposure_active"":110681,""exposure_current"":124004,""start_utc"":""1932-04-27T22:15:00+00:00""}]",1,1140.000000,1140.000000,72911,106199,82841,106453,1,1,27.0973223310,0.3841726275,0.0146354896,0.3841726275,402.491931,GE100_LT500,PRE_SPUTNIK,False,True
110781|125350,110781,125350,64839,82644,111,208,"Hamburg-Bergedorf, Germany","Dr. Remeis-Observatory, Bamberg, Germany","Dr. Remeis-Observatory, Bamberg, Germany | Hamburg-Bergedorf, Germany",OVERLAP,0.000000,"[{""a_fragment"":""PARENT_PROVISIONAL_CONTINUOUS"",""b_fragment"":""PARENT_PROVISIONAL_CONTINUOUS"",""duration_seconds"":1440.0,""end_utc"":""1933-03-02T01:15:00+00:00"",""exposure_active"":125350,""exposure_current"":110781,""start_utc"":""1933-03-02T00:51:00+00:00""}]",1,1440.000000,1440.000000,72933,107469,82890,107177,1,1,65.7475088086,1.0000000000,0.0520504545,1.0000000000,402.491931,GE100_LT500,PRE_SPUTNIK,False,True
110781|125426,110781,125426,64839,82720,111,208,"Hamburg-Bergedorf, Germany","Dr. Remeis-Observatory, Bamberg, Germany","Dr. Remeis-Observatory, Bamberg, Germany | Hamburg-Bergedorf, Germany",OVERLAP,0.000000,"[{""a_fragment"":""PARENT_PROVISIONAL_CONTINUOUS"",""b_fragment"":""PARENT_PROVISIONAL_CONTINUOUS"",""duration_seconds"":1440.0,""end_utc"":""1933-03-02T01:15:00+00:00"",""exposure_active"":125426,""exposure_current"":110781,""start_utc"":""1933-03-02T00:51:00+00:00""}]",1,1440.000000,1440.000000,72933,107545,82890,107221,1,1,47.4869339896,0.6943981708,0.0269332868,0.6943981708,402.491931,GE100_LT500,PRE_SPUTNIK,False,True
110781|125427,110781,125427,64839,82721,111,208,"Hamburg-Bergedorf, Germany","Dr. Remeis-Observatory, Bamberg, Germany","Dr. Remeis-Observatory, Bamberg, Germany | Hamburg-Bergedorf, Germany",OVERLAP,0.000000,"[{""a_fragment"":""PARENT_PROVISIONAL_CONTINUOUS"",""b_fragment"":""PARENT_PROVISIONAL_CONTINUOUS"",""duration_seconds"":1800.0,""end_utc"":""1933-03-02T01:46:00+00:00"",""exposure_active"":110781,""exposure_current"":125427,""start_utc"":""1933-03-02T01:16:00+00:00""}]",1,1800.000000,1800.000000,72933,107546,82890,107223,1,1,46.5009482285,0.6793593610,0.0264711780,0.6793593610,402.491931,GE100_LT500,PRE_SPUTNIK,False,True
110781|125428,110781,125428,64839,82722,111,208,"Hamburg-Bergedorf, Germany","Dr. Remeis-Observatory, Bamberg, Germany","Dr. Remeis-Observatory, Bamberg, Germany | Hamburg-Bergedorf, Germany",OVERLAP,0.000000,"[{""a_fragment"":""PARENT_PROVISIONAL_CONTINUOUS"",""b_fragment"":""PARENT_PROVISIONAL_CONTINUOUS"",""duration_seconds"":240.0,""end_utc"":""1933-03-02T01:51:00+00:00"",""exposure_active"":110781,""exposure_current"":125428,""start_utc"":""1933-03-02T01:47:00+00:00""}]",1,240.000000,240.000000,72933,107547,82890,107224,1,1,41.0293959141,0.6017397883,0.0238226275,0.6017397883,402.491931,GE100_LT500,PRE_SPUTNIK,False,True
110782|125353,110782,125353,64840,82647,111,208,"Hamburg-Bergedorf, Germany","Dr. Remeis-Observatory, Bamberg, Germany","Dr. Remeis-Observatory, Bamberg, Germany | Hamburg-Bergedorf, Germany",OVERLAP,0.000000,"[{""a_fragment"":""PARENT_PROVISIONAL_CONTINUOUS"",""b_fragment"":""PARENT_PROVISIONAL_CONTINUOUS"",""duration_seconds"":1440.0,""end_utc"":""1933-03-02T02:48:00+00:00"",""exposure_active"":125353,""exposure_current"":110782,""start_utc"":""1933-03-02T02:24:00+00:00""}]",1,1440.000000,1440.000000,72934,107472,82889,107181,1,1,50.3615716349,0.7557153033,0.0394312430,0.7557153033,402.491931,GE100_LT500,PRE_SPUTNIK,False,True
110782|125429,110782,125429,64840,82723,111,208,"Hamburg-Bergedorf, Germany","Dr. Remeis-Observatory, Bamberg, Germany","Dr. Remeis-Observatory, Bamberg, Germany | Hamburg-Bergedorf, Germany",OVERLAP,0.000000,"[{""a_fragment"":""PARENT_PROVISIONAL_CONTINUOUS"",""b_fragment"":""PARENT_PROVISIONAL_CONTINUOUS"",""duration_seconds"":1440.0,""end_utc"":""1933-03-02T02:48:00+00:00"",""exposure_active"":125429,""exposure_current"":110782,""start_utc"":""1933-03-02T02:24:00+00:00""}]",1,1440.000000,1440.000000,72934,107548,82889,107226,1,1,65.5195543811,1.0000000000,0.0396923350,1.0000000000,402.491931,GE100_LT500,PRE_SPUTNIK,False,True
110782|125430,110782,125430,64840,82724,111,208,"Hamburg-Bergedorf, Germany","Dr. Remeis-Observatory, Bamberg, Germany","Dr. Remeis-Observatory, Bamberg, Germany | Hamburg-Bergedorf, Germany",OVERLAP,0.000000,"[{""a_fragment"":""PARENT_PROVISIONAL_CONTINUOUS"",""b_fragment"":""PARENT_PROVISIONAL_CONTINUOUS"",""duration_seconds"":1800.0,""end_utc"":""1933-03-02T03:19:00+00:00"",""exposure_active"":110782,""exposure_current"":125430,""start_utc"":""1933-03-02T02:49:00+00:00""}]",1,1800.000000,1800.000000,72934,107549,82889,107225,1,1,31.7216583070,0.4704412621,0.0186126958,0.4704412621,402.491931,GE100_LT500,PRE_SPUTNIK,False,True
110829|125531,110829,125531,64871,82825,111,208,"Hamburg-Bergedorf, Germany","Dr. Remeis-Observatory, Bamberg, Germany","Dr. Remeis-Observatory, Bamberg, Germany | Hamburg-Bergedorf, Germany",OVERLAP,0.000000,"[{""a_fragment"":""PARENT_PROVISIONAL_CONTINUOUS"",""b_fragment"":""PARENT_PROVISIONAL_CONTINUOUS"",""duration_seconds"":1080.0,""end_utc"":""1933-03-27T21:16:00+00:00"",""exposure_active"":110829,""exposure_current"":125531,""start_utc"":""1933-03-27T20:58:00+00:00""}]",1,1080.000000,1080.000000,72963,107646,82930,107287,1,1,67.2038981479,1.0000000000,0.0515076861,1.0000000000,402.491931,GE100_LT500,PRE_SPUTNIK,False,True
110957|129741,110957,129741,64925,87011,111,208,"Hamburg-Bergedorf, Germany","Dr. Remeis-Observatory, Bamberg, Germany","Dr. Remeis-Observatory, Bamberg, Germany | Hamburg-Bergedorf, Germany",OVERLAP,0.000000,"[{""a_fragment"":""2492"",""b_fragment"":""PARENT_PROVISIONAL_CONTINUOUS"",""duration_seconds"":60.0,""end_utc"":""1938-03-20T21:19:00+00:00"",""exposure_active"":129741,""exposure_current"":110957,""start_utc"":""1938-03-20T21:18:00+00:00""}]",1,60.000000,60.000000,73041,111730,83017,109834,1,1,8.6395643891,0.1230636863,0.0063385529,0.1230636863,402.491931,GE100_LT500,PRE_SPUTNIK,False,True
110957|129747,110957,129747,64925,87017,111,208,"Hamburg-Bergedorf, Germany","Dr. Remeis-Observatory, Bamberg, Germany","Dr. Remeis-Observatory, Bamberg, Germany | Hamburg-Bergedorf, Germany",OVERLAP,0.000000,"[{""a_fragment"":""2493"",""b_fragment"":""PARENT_PROVISIONAL_CONTINUOUS"",""duration_seconds"":360.0,""end_utc"":""1938-03-20T22:30:00+00:00"",""exposure_active"":129747,""exposure_current"":110957,""start_utc"":""1938-03-20T22:24:00+00:00""}]",1,360.000000,360.000000,73041,111736,83017,109845,1,1,66.4472887549,1.0000000000,0.0399099469,1.0000000000,402.491931,GE100_LT500,PRE_SPUTNIK,False,True
110958|129751,110958,129751,64926,87021,111,208,"Hamburg-Bergedorf, Germany","Dr. Remeis-Observatory, Bamberg, Germany","Dr. Remeis-Observatory, Bamberg, Germany | Hamburg-Bergedorf, Germany",OVERLAP,0.000000,"[{""a_fragment"":""PARENT_PROVISIONAL_CONTINUOUS"",""b_fragment"":""PARENT_PROVISIONAL_CONTINUOUS"",""duration_seconds"":420.0,""end_utc"":""1938-03-21T21:53:00+00:00"",""exposure_active"":129751,""exposure_current"":110958,""start_utc"":""1938-03-21T21:46:00+00:00""}]",1,420.000000,420.000000,73042,111740,83018,109843,1,1,41.1153081351,0.6059848508,0.0306116139,0.6059848508,402.491931,GE100_LT500,PRE_SPUTNIK,False,True
111268|130144,111268,130144,64977,87408,111,208,"Hamburg-Bergedorf, Germany","Dr. Remeis-Observatory, Bamberg, Germany","Dr. Remeis-Observatory, Bamberg, Germany | Hamburg-Bergedorf, Germany",GT0_LE5MIN,150.000000,[],0,0.000000,0.000000,73093,112108,83300,110072,1,1,65.8868622765,1.0000000000,0.0385046525,1.0000000000,402.491931,GE100_LT500,PRE_SPUTNIK,False,True
111273|130202,111273,130202,64982,87466,111,208,"Hamburg-Bergedorf, Germany","Dr. Remeis-Observatory, Bamberg, Germany","Dr. Remeis-Observatory, Bamberg, Germany | Hamburg-Bergedorf, Germany",OVERLAP,0.000000,"[{""a_fragment"":""PARENT_PROVISIONAL_CONTINUOUS"",""b_fragment"":""PARENT_PROVISIONAL_CONTINUOUS"",""duration_seconds"":1078.0,""end_utc"":""1938-09-24T20:23:00+00:00"",""exposure_active"":130202,""exposure_current"":111273,""start_utc"":""1938-09-24T20:05:02+00:00""}]",1,1078.000000,1078.000000,73098,112166,83310,110111,1,1,8.7044099725,0.1291272659,0.0049292189,0.1291272659,402.491931,GE100_LT500,PRE_SPUTNIK,False,True
115242|132701,115242,132701,66410,89627,111,208,"Hamburg-Bergedorf, Germany","Dr. Remeis-Observatory, Bamberg, Germany","Dr. Remeis-Observatory, Bamberg, Germany | Hamburg-Bergedorf, Germany",OVERLAP,0.000000,"[{""a_fragment"":""PARENT_PROVISIONAL_CONTINUOUS"",""b_fragment"":""PARENT_PROVISIONAL_CONTINUOUS"",""duration_seconds"":539.0,""end_utc"":""1954-11-01T21:50:29+00:00"",""exposure_active"":132701,""exposure_current"":115242,""start_utc"":""1954-11-01T21:41:30+00:00""}]",1,539.000000,539.000000,74152,114162,84603,111444,1,1,19.7858645642,0.2970663949,0.1508062900,0.2970663949,402.491931,GE100_LT500,IN_1951_1955,True,True
115243|132701,115243,132701,66410,89627,111,208,"Hamburg-Bergedorf, Germany","Dr. Remeis-Observatory, Bamberg, Germany","Dr. Remeis-Observatory, Bamberg, Germany | Hamburg-Bergedorf, Germany",OVERLAP,0.000000,"[{""a_fragment"":""PARENT_PROVISIONAL_CONTINUOUS"",""b_fragment"":""PARENT_PROVISIONAL_CONTINUOUS"",""duration_seconds"":179.0,""end_utc"":""1954-11-01T21:54:28+00:00"",""exposure_active"":132701,""exposure_current"":115243,""start_utc"":""1954-11-01T21:51:29+00:00""}]",1,179.000000,179.000000,74152,114162,84603,111444,1,1,19.7858645642,0.2970663949,0.1508062900,0.2970663949,402.491931,GE100_LT500,IN_1951_1955,True,True
115244|132701,115244,132701,66410,89627,111,208,"Hamburg-Bergedorf, Germany","Dr. Remeis-Observatory, Bamberg, Germany","Dr. Remeis-Observatory, Bamberg, Germany | Hamburg-Bergedorf, Germany",OVERLAP,0.000000,"[{""a_fragment"":""PARENT_PROVISIONAL_CONTINUOUS"",""b_fragment"":""PARENT_PROVISIONAL_CONTINUOUS"",""duration_seconds"":60.0,""end_utc"":""1954-11-01T21:56:28+00:00"",""exposure_active"":132701,""exposure_current"":115244,""start_utc"":""1954-11-01T21:55:28+00:00""}]",1,60.000000,60.000000,74152,114162,84603,111444,1,1,19.7858645642,0.2970663949,0.1508062900,0.2970663949,402.491931,GE100_LT500,IN_1951_1955,True,True
132059|139207,132059,139207,88986,96077,208,501,"Dr. Remeis-Observatory, Bamberg, Germany","Castel Gandolfo, Italy","Castel Gandolfo, Italy | Dr. Remeis-Observatory, Bamberg, Germany",OVERLAP,0.000000,"[{""a_fragment"":""PARENT_PROVISIONAL_CONTINUOUS"",""b_fragment"":""PARENT_PROVISIONAL_CONTINUOUS"",""duration_seconds"":3420.0,""end_utc"":""1952-08-14T22:12:00+00:00"",""exposure_active"":139207,""exposure_current"":132059,""start_utc"":""1952-08-14T21:15:00+00:00""}]",1,3420.000000,3420.000000,113536,120562,110905,121926,1,1,33.2166181988,0.0195956725,1.0000000000,1.0000000000,915.006406,GE500_LT1000,IN_1951_1955,True,True
132060|139207,132060,139207,88987,96077,208,501,"Dr. Remeis-Observatory, Bamberg, Germany","Castel Gandolfo, Italy","Castel Gandolfo, Italy | Dr. Remeis-Observatory, Bamberg, Germany",OVERLAP,0.000000,"[{""a_fragment"":""PARENT_PROVISIONAL_CONTINUOUS"",""b_fragment"":""PARENT_PROVISIONAL_CONTINUOUS"",""duration_seconds"":3420.0,""end_utc"":""1952-08-14T22:12:00+00:00"",""exposure_active"":139207,""exposure_current"":132060,""start_utc"":""1952-08-14T21:15:00+00:00""}]",1,3420.000000,3420.000000,113537,120562,110914,121926,1,1,33.1161028808,0.0197896336,1.0000000000,1.0000000000,915.006406,GE500_LT1000,IN_1951_1955,True,True
132452|139439,132452,139439,89378,96309,208,501,"Dr. Remeis-Observatory, Bamberg, Germany","Castel Gandolfo, Italy","Castel Gandolfo, Italy | Dr. Remeis-Observatory, Bamberg, Germany",OVERLAP,0.000000,"[{""a_fragment"":""PARENT_PROVISIONAL_CONTINUOUS"",""b_fragment"":""PARENT_PROVISIONAL_CONTINUOUS"",""duration_seconds"":2700.0,""end_utc"":""1953-08-12T21:57:00+00:00"",""exposure_active"":132452,""exposure_current"":139439,""start_utc"":""1953-08-12T21:12:00+00:00""}]",1,2700.000000,2700.000000,113915,120794,111243,122168,1,1,7.4010564618,0.0041505315,0.2124355608,0.2124355608,915.006406,GE500_LT1000,IN_1951_1955,True,True
132462|139447,132462,139447,89388,96317,208,501,"Dr. Remeis-Observatory, Bamberg, Germany","Castel Gandolfo, Italy","Castel Gandolfo, Italy | Dr. Remeis-Observatory, Bamberg, Germany",OVERLAP,0.000000,"[{""a_fragment"":""PARENT_PROVISIONAL_CONTINUOUS"",""b_fragment"":""PARENT_PROVISIONAL_CONTINUOUS"",""duration_seconds"":1860.0,""end_utc"":""1953-08-13T22:50:00+00:00"",""exposure_active"":139447,""exposure_current"":132462,""start_utc"":""1953-08-13T22:19:00+00:00""}]",1,1860.000000,1860.000000,113925,120802,111246,122174,1,1,2.1774102317,0.0012482640,0.0633796433,0.0633796433,915.006406,GE500_LT1000,IN_1951_1955,True,True
132570|139509,132570,139509,89496,96379,208,501,"Dr. Remeis-Observatory, Bamberg, Germany","Castel Gandolfo, Italy","Castel Gandolfo, Italy | Dr. Remeis-Observatory, Bamberg, Germany",GT0_LE5MIN,120.000000,[],0,0.000000,0.000000,114032,120864,111337,122229,1,1,33.6307863351,0.0198140671,1.0000000000,1.0000000000,915.006406,GE500_LT1000,IN_1951_1955,True,True
132570|139510,132570,139510,89496,96380,208,501,"Dr. Remeis-Observatory, Bamberg, Germany","Castel Gandolfo, Italy","Castel Gandolfo, Italy | Dr. Remeis-Observatory, Bamberg, Germany",OVERLAP,0.000000,"[{""a_fragment"":""PARENT_PROVISIONAL_CONTINUOUS"",""b_fragment"":""PARENT_PROVISIONAL_CONTINUOUS"",""duration_seconds"":360.0,""end_utc"":""1953-10-01T19:48:00+00:00"",""exposure_active"":132570,""exposure_current"":139510,""start_utc"":""1953-10-01T19:42:00+00:00""}]",1,360.000000,360.000000,114032,120865,111337,122230,1,1,33.6343298667,0.0198155073,1.0000000000,1.0000000000,915.006406,GE500_LT1000,IN_1951_1955,True,True
132570|139511,132570,139511,89496,96381,208,501,"Dr. Remeis-Observatory, Bamberg, Germany","Castel Gandolfo, Italy","Castel Gandolfo, Italy | Dr. Remeis-Observatory, Bamberg, Germany",OVERLAP,0.000000,"[{""a_fragment"":""PARENT_PROVISIONAL_CONTINUOUS"",""b_fragment"":""PARENT_PROVISIONAL_CONTINUOUS"",""duration_seconds"":360.0,""end_utc"":""1953-10-01T19:58:00+00:00"",""exposure_active"":132570,""exposure_current"":139511,""start_utc"":""1953-10-01T19:52:00+00:00""}]",1,360.000000,360.000000,114032,120866,111337,122233,1,1,33.6308869960,0.0198141893,1.0000000000,1.0000000000,915.006406,GE500_LT1000,IN_1951_1955,True,True
132570|139512,132570,139512,89496,96382,208,501,"Dr. Remeis-Observatory, Bamberg, Germany","Castel Gandolfo, Italy","Castel Gandolfo, Italy | Dr. Remeis-Observatory, Bamberg, Germany",OVERLAP,0.000000,"[{""a_fragment"":""PARENT_PROVISIONAL_CONTINUOUS"",""b_fragment"":""PARENT_PROVISIONAL_CONTINUOUS"",""duration_seconds"":360.0,""end_utc"":""1953-10-01T20:07:00+00:00"",""exposure_active"":132570,""exposure_current"":139512,""start_utc"":""1953-10-01T20:01:00+00:00""}]",1,360.000000,360.000000,114032,120867,111337,122232,1,1,33.6327070855,0.0198147741,1.0000000000,1.0000000000,915.006406,GE500_LT1000,IN_1951_1955,True,True
132570|139513,132570,139513,89496,96383,208,501,"Dr. Remeis-Observatory, Bamberg, Germany","Castel Gandolfo, Italy","Castel Gandolfo, Italy | Dr. Remeis-Observatory, Bamberg, Germany",OVERLAP,0.000000,"[{""a_fragment"":""PARENT_PROVISIONAL_CONTINUOUS"",""b_fragment"":""PARENT_PROVISIONAL_CONTINUOUS"",""duration_seconds"":360.0,""end_utc"":""1953-10-01T20:17:00+00:00"",""exposure_active"":132570,""exposure_current"":139513,""start_utc"":""1953-10-01T20:11:00+00:00""}]",1,360.000000,360.000000,114032,120868,111337,122236,1,1,33.6301549251,0.0198117439,1.0000000000,1.0000000000,915.006406,GE500_LT1000,IN_1951_1955,True,True
132570|139514,132570,139514,89496,96384,208,501,"Dr. Remeis-Observatory, Bamberg, Germany","Castel Gandolfo, Italy","Castel Gandolfo, Italy | Dr. Remeis-Observatory, Bamberg, Germany",OVERLAP,0.000000,"[{""a_fragment"":""PARENT_PROVISIONAL_CONTINUOUS"",""b_fragment"":""PARENT_PROVISIONAL_CONTINUOUS"",""duration_seconds"":360.0,""end_utc"":""1953-10-01T20:27:00+00:00"",""exposure_active"":132570,""exposure_current"":139514,""start_utc"":""1953-10-01T20:21:00+00:00""}]",1,360.000000,360.000000,114032,120869,111337,122237,1,1,33.6287052633,0.0198113761,1.0000000000,1.0000000000,915.006406,GE500_LT1000,IN_1951_1955,True,True
132570|139515,132570,139515,89496,96385,208,501,"Dr. Remeis-Observatory, Bamberg, Germany","Castel Gandolfo, Italy","Castel Gandolfo, Italy | Dr. Remeis-Observatory, Bamberg, Germany",OVERLAP,0.000000,"[{""a_fragment"":""PARENT_PROVISIONAL_CONTINUOUS"",""b_fragment"":""PARENT_PROVISIONAL_CONTINUOUS"",""duration_seconds"":360.0,""end_utc"":""1953-10-01T20:36:00+00:00"",""exposure_active"":132570,""exposure_current"":139515,""start_utc"":""1953-10-01T20:30:00+00:00""}]",1,360.000000,360.000000,114032,120870,111337,122238,1,1,33.6291389190,0.0198116132,1.0000000000,1.0000000000,915.006406,GE500_LT1000,IN_1951_1955,True,True
132570|139516,132570,139516,89496,96386,208,501,"Dr. Remeis-Observatory, Bamberg, Germany","Castel Gandolfo, Italy","Castel Gandolfo, Italy | Dr. Remeis-Observatory, Bamberg, Germany",OVERLAP,0.000000,"[{""a_fragment"":""PARENT_PROVISIONAL_CONTINUOUS"",""b_fragment"":""PARENT_PROVISIONAL_CONTINUOUS"",""duration_seconds"":60.0,""end_utc"":""1953-10-01T20:40:00+00:00"",""exposure_active"":132570,""exposure_current"":139516,""start_utc"":""1953-10-01T20:39:00+00:00""}]",1,60.000000,60.000000,114032,120871,111337,122239,1,1,33.6309561184,0.0198119054,1.0000000000,1.0000000000,915.006406,GE500_LT1000,IN_1951_1955,True,True
