exposure_a,archive_a,site_a,start_a_utc,exposure_b,archive_b,site_b,start_b_utc,exposure_c,archive_c,site_c,start_c_utc,classification,validation_needed
APPLAUSE:12413,Lippert-Astrograph (Hamburg),Hamburger Sternwarte,1951-09-01T21:18:09+00:00,APPLAUSE:131662,"Astrograph, Bamberg Northern Sky Patrol","Dr. Karl Remeis-Sternwarte, Bamberg",1951-09-01T19:54:00+00:00,APPLAUSE:139002,Zeiss Double Astrograph,Vatican Observatory,1951-09-01T19:05:00+00:00,candidate_three_site_pairwise_overlap,verify three timestamps and true footprint intersection; inspect all pixels
APPLAUSE:12413,Lippert-Astrograph (Hamburg),Hamburger Sternwarte,1951-09-01T21:18:09+00:00,APPLAUSE:131662,"Astrograph, Bamberg Northern Sky Patrol","Dr. Karl Remeis-Sternwarte, Bamberg",1951-09-01T19:54:00+00:00,APPLAUSE:139004,Zeiss Double Astrograph,Vatican Observatory,1951-09-01T20:18:00+00:00,candidate_three_site_pairwise_overlap,verify three timestamps and true footprint intersection; inspect all pixels
APPLAUSE:12413,Lippert-Astrograph (Hamburg),Hamburger Sternwarte,1951-09-01T21:18:09+00:00,APPLAUSE:131662,"Astrograph, Bamberg Northern Sky Patrol","Dr. Karl Remeis-Sternwarte, Bamberg",1951-09-01T19:54:00+00:00,APPLAUSE:139003,Zeiss Double Astrograph,Vatican Observatory,1951-09-01T19:43:00+00:00,candidate_three_site_pairwise_overlap,verify three timestamps and true footprint intersection; inspect all pixels
APPLAUSE:12413,Lippert-Astrograph (Hamburg),Hamburger Sternwarte,1951-09-01T21:18:09+00:00,APPLAUSE:131662,"Astrograph, Bamberg Northern Sky Patrol","Dr. Karl Remeis-Sternwarte, Bamberg",1951-09-01T19:54:00+00:00,APPLAUSE:139006,Zeiss Double Astrograph,Vatican Observatory,1951-09-01T21:49:00+00:00,candidate_three_site_pairwise_overlap,verify three timestamps and true footprint intersection; inspect all pixels
APPLAUSE:12413,Lippert-Astrograph (Hamburg),Hamburger Sternwarte,1951-09-01T21:18:09+00:00,APPLAUSE:131662,"Astrograph, Bamberg Northern Sky Patrol","Dr. Karl Remeis-Sternwarte, Bamberg",1951-09-01T19:54:00+00:00,APPLAUSE:139005,Zeiss Double Astrograph,Vatican Observatory,1951-09-01T21:04:00+00:00,candidate_three_site_pairwise_overlap,verify three timestamps and true footprint intersection; inspect all pixels
APPLAUSE:12413,Lippert-Astrograph (Hamburg),Hamburger Sternwarte,1951-09-01T21:18:09+00:00,APPLAUSE:131662,"Astrograph, Bamberg Northern Sky Patrol","Dr. Karl Remeis-Sternwarte, Bamberg",1951-09-01T19:54:00+00:00,APPLAUSE:139001,Zeiss Double Astrograph,Vatican Observatory,1951-09-01T18:30:30+00:00,candidate_three_site_pairwise_overlap,verify three timestamps and true footprint intersection; inspect all pixels
APPLAUSE:12419,Lippert-Astrograph (Hamburg),Hamburger Sternwarte,1951-09-01T21:48:04+00:00,APPLAUSE:131662,"Astrograph, Bamberg Northern Sky Patrol","Dr. Karl Remeis-Sternwarte, Bamberg",1951-09-01T19:54:00+00:00,APPLAUSE:139002,Zeiss Double Astrograph,Vatican Observatory,1951-09-01T19:05:00+00:00,candidate_three_site_pairwise_overlap,verify three timestamps and true footprint intersection; inspect all pixels
APPLAUSE:12419,Lippert-Astrograph (Hamburg),Hamburger Sternwarte,1951-09-01T21:48:04+00:00,APPLAUSE:131662,"Astrograph, Bamberg Northern Sky Patrol","Dr. Karl Remeis-Sternwarte, Bamberg",1951-09-01T19:54:00+00:00,APPLAUSE:139004,Zeiss Double Astrograph,Vatican Observatory,1951-09-01T20:18:00+00:00,candidate_three_site_pairwise_overlap,verify three timestamps and true footprint intersection; inspect all pixels
APPLAUSE:12419,Lippert-Astrograph (Hamburg),Hamburger Sternwarte,1951-09-01T21:48:04+00:00,APPLAUSE:131662,"Astrograph, Bamberg Northern Sky Patrol","Dr. Karl Remeis-Sternwarte, Bamberg",1951-09-01T19:54:00+00:00,APPLAUSE:139003,Zeiss Double Astrograph,Vatican Observatory,1951-09-01T19:43:00+00:00,candidate_three_site_pairwise_overlap,verify three timestamps and true footprint intersection; inspect all pixels
APPLAUSE:12419,Lippert-Astrograph (Hamburg),Hamburger Sternwarte,1951-09-01T21:48:04+00:00,APPLAUSE:131662,"Astrograph, Bamberg Northern Sky Patrol","Dr. Karl Remeis-Sternwarte, Bamberg",1951-09-01T19:54:00+00:00,APPLAUSE:139006,Zeiss Double Astrograph,Vatican Observatory,1951-09-01T21:49:00+00:00,candidate_three_site_pairwise_overlap,verify three timestamps and true footprint intersection; inspect all pixels
APPLAUSE:12419,Lippert-Astrograph (Hamburg),Hamburger Sternwarte,1951-09-01T21:48:04+00:00,APPLAUSE:131662,"Astrograph, Bamberg Northern Sky Patrol","Dr. Karl Remeis-Sternwarte, Bamberg",1951-09-01T19:54:00+00:00,APPLAUSE:139005,Zeiss Double Astrograph,Vatican Observatory,1951-09-01T21:04:00+00:00,candidate_three_site_pairwise_overlap,verify three timestamps and true footprint intersection; inspect all pixels
APPLAUSE:12419,Lippert-Astrograph (Hamburg),Hamburger Sternwarte,1951-09-01T21:48:04+00:00,APPLAUSE:131662,"Astrograph, Bamberg Northern Sky Patrol","Dr. Karl Remeis-Sternwarte, Bamberg",1951-09-01T19:54:00+00:00,APPLAUSE:139001,Zeiss Double Astrograph,Vatican Observatory,1951-09-01T18:30:30+00:00,candidate_three_site_pairwise_overlap,verify three timestamps and true footprint intersection; inspect all pixels
APPLAUSE:12417,Lippert-Astrograph (Hamburg),Hamburger Sternwarte,1951-09-01T21:38:06+00:00,APPLAUSE:131662,"Astrograph, Bamberg Northern Sky Patrol","Dr. Karl Remeis-Sternwarte, Bamberg",1951-09-01T19:54:00+00:00,APPLAUSE:139004,Zeiss Double Astrograph,Vatican Observatory,1951-09-01T20:18:00+00:00,candidate_three_site_pairwise_overlap,verify three timestamps and true footprint intersection; inspect all pixels
APPLAUSE:12404,Lippert-Astrograph (Hamburg),Hamburger Sternwarte,1951-09-01T20:33:16+00:00,APPLAUSE:131662,"Astrograph, Bamberg Northern Sky Patrol","Dr. Karl Remeis-Sternwarte, Bamberg",1951-09-01T19:54:00+00:00,APPLAUSE:139004,Zeiss Double Astrograph,Vatican Observatory,1951-09-01T20:18:00+00:00,candidate_three_site_pairwise_overlap,verify three timestamps and true footprint intersection; inspect all pixels
APPLAUSE:12414,Lippert-Astrograph (Hamburg),Hamburger Sternwarte,1951-09-01T21:23:08+00:00,APPLAUSE:131662,"Astrograph, Bamberg Northern Sky Patrol","Dr. Karl Remeis-Sternwarte, Bamberg",1951-09-01T19:54:00+00:00,APPLAUSE:139004,Zeiss Double Astrograph,Vatican Observatory,1951-09-01T20:18:00+00:00,candidate_three_site_pairwise_overlap,verify three timestamps and true footprint intersection; inspect all pixels
APPLAUSE:12412,Lippert-Astrograph (Hamburg),Hamburger Sternwarte,1951-09-01T21:13:10+00:00,APPLAUSE:131662,"Astrograph, Bamberg Northern Sky Patrol","Dr. Karl Remeis-Sternwarte, Bamberg",1951-09-01T19:54:00+00:00,APPLAUSE:139004,Zeiss Double Astrograph,Vatican Observatory,1951-09-01T20:18:00+00:00,candidate_three_site_pairwise_overlap,verify three timestamps and true footprint intersection; inspect all pixels
APPLAUSE:12418,Lippert-Astrograph (Hamburg),Hamburger Sternwarte,1951-09-01T21:43:05+00:00,APPLAUSE:131662,"Astrograph, Bamberg Northern Sky Patrol","Dr. Karl Remeis-Sternwarte, Bamberg",1951-09-01T19:54:00+00:00,APPLAUSE:139004,Zeiss Double Astrograph,Vatican Observatory,1951-09-01T20:18:00+00:00,candidate_three_site_pairwise_overlap,verify three timestamps and true footprint intersection; inspect all pixels
APPLAUSE:12408,Lippert-Astrograph (Hamburg),Hamburger Sternwarte,1951-09-01T20:53:13+00:00,APPLAUSE:131662,"Astrograph, Bamberg Northern Sky Patrol","Dr. Karl Remeis-Sternwarte, Bamberg",1951-09-01T19:54:00+00:00,APPLAUSE:139004,Zeiss Double Astrograph,Vatican Observatory,1951-09-01T20:18:00+00:00,candidate_three_site_pairwise_overlap,verify three timestamps and true footprint intersection; inspect all pixels
APPLAUSE:12407,Lippert-Astrograph (Hamburg),Hamburger Sternwarte,1951-09-01T20:48:14+00:00,APPLAUSE:131662,"Astrograph, Bamberg Northern Sky Patrol","Dr. Karl Remeis-Sternwarte, Bamberg",1951-09-01T19:54:00+00:00,APPLAUSE:139004,Zeiss Double Astrograph,Vatican Observatory,1951-09-01T20:18:00+00:00,candidate_three_site_pairwise_overlap,verify three timestamps and true footprint intersection; inspect all pixels
APPLAUSE:12426,Lippert-Astrograph (Hamburg),Hamburger Sternwarte,1951-09-01T22:22:58+00:00,APPLAUSE:131662,"Astrograph, Bamberg Northern Sky Patrol","Dr. Karl Remeis-Sternwarte, Bamberg",1951-09-01T19:54:00+00:00,APPLAUSE:139004,Zeiss Double Astrograph,Vatican Observatory,1951-09-01T20:18:00+00:00,candidate_three_site_pairwise_overlap,verify three timestamps and true footprint intersection; inspect all pixels
APPLAUSE:12416,Lippert-Astrograph (Hamburg),Hamburger Sternwarte,1951-09-01T21:33:06+00:00,APPLAUSE:131662,"Astrograph, Bamberg Northern Sky Patrol","Dr. Karl Remeis-Sternwarte, Bamberg",1951-09-01T19:54:00+00:00,APPLAUSE:139004,Zeiss Double Astrograph,Vatican Observatory,1951-09-01T20:18:00+00:00,candidate_three_site_pairwise_overlap,verify three timestamps and true footprint intersection; inspect all pixels
APPLAUSE:12421,Lippert-Astrograph (Hamburg),Hamburger Sternwarte,1951-09-01T21:58:02+00:00,APPLAUSE:131662,"Astrograph, Bamberg Northern Sky Patrol","Dr. Karl Remeis-Sternwarte, Bamberg",1951-09-01T19:54:00+00:00,APPLAUSE:139004,Zeiss Double Astrograph,Vatican Observatory,1951-09-01T20:18:00+00:00,candidate_three_site_pairwise_overlap,verify three timestamps and true footprint intersection; inspect all pixels
APPLAUSE:12423,Lippert-Astrograph (Hamburg),Hamburger Sternwarte,1951-09-01T22:08:01+00:00,APPLAUSE:131662,"Astrograph, Bamberg Northern Sky Patrol","Dr. Karl Remeis-Sternwarte, Bamberg",1951-09-01T19:54:00+00:00,APPLAUSE:139004,Zeiss Double Astrograph,Vatican Observatory,1951-09-01T20:18:00+00:00,candidate_three_site_pairwise_overlap,verify three timestamps and true footprint intersection; inspect all pixels
APPLAUSE:12410,Lippert-Astrograph (Hamburg),Hamburger Sternwarte,1951-09-01T21:03:11+00:00,APPLAUSE:131662,"Astrograph, Bamberg Northern Sky Patrol","Dr. Karl Remeis-Sternwarte, Bamberg",1951-09-01T19:54:00+00:00,APPLAUSE:139004,Zeiss Double Astrograph,Vatican Observatory,1951-09-01T20:18:00+00:00,candidate_three_site_pairwise_overlap,verify three timestamps and true footprint intersection; inspect all pixels
APPLAUSE:12409,Lippert-Astrograph (Hamburg),Hamburger Sternwarte,1951-09-01T20:58:12+00:00,APPLAUSE:131662,"Astrograph, Bamberg Northern Sky Patrol","Dr. Karl Remeis-Sternwarte, Bamberg",1951-09-01T19:54:00+00:00,APPLAUSE:139004,Zeiss Double Astrograph,Vatican Observatory,1951-09-01T20:18:00+00:00,candidate_three_site_pairwise_overlap,verify three timestamps and true footprint intersection; inspect all pixels
APPLAUSE:12427,Lippert-Astrograph (Hamburg),Hamburger Sternwarte,1951-09-01T22:27:57+00:00,APPLAUSE:131662,"Astrograph, Bamberg Northern Sky Patrol","Dr. Karl Remeis-Sternwarte, Bamberg",1951-09-01T19:54:00+00:00,APPLAUSE:139004,Zeiss Double Astrograph,Vatican Observatory,1951-09-01T20:18:00+00:00,candidate_three_site_pairwise_overlap,verify three timestamps and true footprint intersection; inspect all pixels
APPLAUSE:12405,Lippert-Astrograph (Hamburg),Hamburger Sternwarte,1951-09-01T20:38:15+00:00,APPLAUSE:131662,"Astrograph, Bamberg Northern Sky Patrol","Dr. Karl Remeis-Sternwarte, Bamberg",1951-09-01T19:54:00+00:00,APPLAUSE:139004,Zeiss Double Astrograph,Vatican Observatory,1951-09-01T20:18:00+00:00,candidate_three_site_pairwise_overlap,verify three timestamps and true footprint intersection; inspect all pixels
APPLAUSE:12424,Lippert-Astrograph (Hamburg),Hamburger Sternwarte,1951-09-01T22:13:00+00:00,APPLAUSE:131662,"Astrograph, Bamberg Northern Sky Patrol","Dr. Karl Remeis-Sternwarte, Bamberg",1951-09-01T19:54:00+00:00,APPLAUSE:139004,Zeiss Double Astrograph,Vatican Observatory,1951-09-01T20:18:00+00:00,candidate_three_site_pairwise_overlap,verify three timestamps and true footprint intersection; inspect all pixels
APPLAUSE:12422,Lippert-Astrograph (Hamburg),Hamburger Sternwarte,1951-09-01T22:03:01+00:00,APPLAUSE:131662,"Astrograph, Bamberg Northern Sky Patrol","Dr. Karl Remeis-Sternwarte, Bamberg",1951-09-01T19:54:00+00:00,APPLAUSE:139004,Zeiss Double Astrograph,Vatican Observatory,1951-09-01T20:18:00+00:00,candidate_three_site_pairwise_overlap,verify three timestamps and true footprint intersection; inspect all pixels
APPLAUSE:12406,Lippert-Astrograph (Hamburg),Hamburger Sternwarte,1951-09-01T20:43:14+00:00,APPLAUSE:131662,"Astrograph, Bamberg Northern Sky Patrol","Dr. Karl Remeis-Sternwarte, Bamberg",1951-09-01T19:54:00+00:00,APPLAUSE:139004,Zeiss Double Astrograph,Vatican Observatory,1951-09-01T20:18:00+00:00,candidate_three_site_pairwise_overlap,verify three timestamps and true footprint intersection; inspect all pixels
APPLAUSE:12415,Lippert-Astrograph (Hamburg),Hamburger Sternwarte,1951-09-01T21:28:07+00:00,APPLAUSE:131662,"Astrograph, Bamberg Northern Sky Patrol","Dr. Karl Remeis-Sternwarte, Bamberg",1951-09-01T19:54:00+00:00,APPLAUSE:139004,Zeiss Double Astrograph,Vatican Observatory,1951-09-01T20:18:00+00:00,candidate_three_site_pairwise_overlap,verify three timestamps and true footprint intersection; inspect all pixels
APPLAUSE:12420,Lippert-Astrograph (Hamburg),Hamburger Sternwarte,1951-09-01T21:53:03+00:00,APPLAUSE:131662,"Astrograph, Bamberg Northern Sky Patrol","Dr. Karl Remeis-Sternwarte, Bamberg",1951-09-01T19:54:00+00:00,APPLAUSE:139004,Zeiss Double Astrograph,Vatican Observatory,1951-09-01T20:18:00+00:00,candidate_three_site_pairwise_overlap,verify three timestamps and true footprint intersection; inspect all pixels
APPLAUSE:12411,Lippert-Astrograph (Hamburg),Hamburger Sternwarte,1951-09-01T21:08:10+00:00,APPLAUSE:131662,"Astrograph, Bamberg Northern Sky Patrol","Dr. Karl Remeis-Sternwarte, Bamberg",1951-09-01T19:54:00+00:00,APPLAUSE:139004,Zeiss Double Astrograph,Vatican Observatory,1951-09-01T20:18:00+00:00,candidate_three_site_pairwise_overlap,verify three timestamps and true footprint intersection; inspect all pixels
APPLAUSE:12425,Lippert-Astrograph (Hamburg),Hamburger Sternwarte,1951-09-01T22:17:59+00:00,APPLAUSE:131662,"Astrograph, Bamberg Northern Sky Patrol","Dr. Karl Remeis-Sternwarte, Bamberg",1951-09-01T19:54:00+00:00,APPLAUSE:139004,Zeiss Double Astrograph,Vatican Observatory,1951-09-01T20:18:00+00:00,candidate_three_site_pairwise_overlap,verify three timestamps and true footprint intersection; inspect all pixels
APPLAUSE:12417,Lippert-Astrograph (Hamburg),Hamburger Sternwarte,1951-09-01T21:38:06+00:00,APPLAUSE:131662,"Astrograph, Bamberg Northern Sky Patrol","Dr. Karl Remeis-Sternwarte, Bamberg",1951-09-01T19:54:00+00:00,APPLAUSE:139002,Zeiss Double Astrograph,Vatican Observatory,1951-09-01T19:05:00+00:00,candidate_three_site_pairwise_overlap,verify three timestamps and true footprint intersection; inspect all pixels
APPLAUSE:12417,Lippert-Astrograph (Hamburg),Hamburger Sternwarte,1951-09-01T21:38:06+00:00,APPLAUSE:131662,"Astrograph, Bamberg Northern Sky Patrol","Dr. Karl Remeis-Sternwarte, Bamberg",1951-09-01T19:54:00+00:00,APPLAUSE:139003,Zeiss Double Astrograph,Vatican Observatory,1951-09-01T19:43:00+00:00,candidate_three_site_pairwise_overlap,verify three timestamps and true footprint intersection; inspect all pixels
APPLAUSE:12417,Lippert-Astrograph (Hamburg),Hamburger Sternwarte,1951-09-01T21:38:06+00:00,APPLAUSE:131662,"Astrograph, Bamberg Northern Sky Patrol","Dr. Karl Remeis-Sternwarte, Bamberg",1951-09-01T19:54:00+00:00,APPLAUSE:139006,Zeiss Double Astrograph,Vatican Observatory,1951-09-01T21:49:00+00:00,candidate_three_site_pairwise_overlap,verify three timestamps and true footprint intersection; inspect all pixels
APPLAUSE:12417,Lippert-Astrograph (Hamburg),Hamburger Sternwarte,1951-09-01T21:38:06+00:00,APPLAUSE:131662,"Astrograph, Bamberg Northern Sky Patrol","Dr. Karl Remeis-Sternwarte, Bamberg",1951-09-01T19:54:00+00:00,APPLAUSE:139005,Zeiss Double Astrograph,Vatican Observatory,1951-09-01T21:04:00+00:00,candidate_three_site_pairwise_overlap,verify three timestamps and true footprint intersection; inspect all pixels
APPLAUSE:12417,Lippert-Astrograph (Hamburg),Hamburger Sternwarte,1951-09-01T21:38:06+00:00,APPLAUSE:131662,"Astrograph, Bamberg Northern Sky Patrol","Dr. Karl Remeis-Sternwarte, Bamberg",1951-09-01T19:54:00+00:00,APPLAUSE:139001,Zeiss Double Astrograph,Vatican Observatory,1951-09-01T18:30:30+00:00,candidate_three_site_pairwise_overlap,verify three timestamps and true footprint intersection; inspect all pixels
APPLAUSE:12404,Lippert-Astrograph (Hamburg),Hamburger Sternwarte,1951-09-01T20:33:16+00:00,APPLAUSE:131662,"Astrograph, Bamberg Northern Sky Patrol","Dr. Karl Remeis-Sternwarte, Bamberg",1951-09-01T19:54:00+00:00,APPLAUSE:139002,Zeiss Double Astrograph,Vatican Observatory,1951-09-01T19:05:00+00:00,candidate_three_site_pairwise_overlap,verify three timestamps and true footprint intersection; inspect all pixels
APPLAUSE:12404,Lippert-Astrograph (Hamburg),Hamburger Sternwarte,1951-09-01T20:33:16+00:00,APPLAUSE:131662,"Astrograph, Bamberg Northern Sky Patrol","Dr. Karl Remeis-Sternwarte, Bamberg",1951-09-01T19:54:00+00:00,APPLAUSE:139003,Zeiss Double Astrograph,Vatican Observatory,1951-09-01T19:43:00+00:00,candidate_three_site_pairwise_overlap,verify three timestamps and true footprint intersection; inspect all pixels
APPLAUSE:12404,Lippert-Astrograph (Hamburg),Hamburger Sternwarte,1951-09-01T20:33:16+00:00,APPLAUSE:131662,"Astrograph, Bamberg Northern Sky Patrol","Dr. Karl Remeis-Sternwarte, Bamberg",1951-09-01T19:54:00+00:00,APPLAUSE:139006,Zeiss Double Astrograph,Vatican Observatory,1951-09-01T21:49:00+00:00,candidate_three_site_pairwise_overlap,verify three timestamps and true footprint intersection; inspect all pixels
APPLAUSE:12404,Lippert-Astrograph (Hamburg),Hamburger Sternwarte,1951-09-01T20:33:16+00:00,APPLAUSE:131662,"Astrograph, Bamberg Northern Sky Patrol","Dr. Karl Remeis-Sternwarte, Bamberg",1951-09-01T19:54:00+00:00,APPLAUSE:139005,Zeiss Double Astrograph,Vatican Observatory,1951-09-01T21:04:00+00:00,candidate_three_site_pairwise_overlap,verify three timestamps and true footprint intersection; inspect all pixels
APPLAUSE:12404,Lippert-Astrograph (Hamburg),Hamburger Sternwarte,1951-09-01T20:33:16+00:00,APPLAUSE:131662,"Astrograph, Bamberg Northern Sky Patrol","Dr. Karl Remeis-Sternwarte, Bamberg",1951-09-01T19:54:00+00:00,APPLAUSE:139001,Zeiss Double Astrograph,Vatican Observatory,1951-09-01T18:30:30+00:00,candidate_three_site_pairwise_overlap,verify three timestamps and true footprint intersection; inspect all pixels
APPLAUSE:12414,Lippert-Astrograph (Hamburg),Hamburger Sternwarte,1951-09-01T21:23:08+00:00,APPLAUSE:131662,"Astrograph, Bamberg Northern Sky Patrol","Dr. Karl Remeis-Sternwarte, Bamberg",1951-09-01T19:54:00+00:00,APPLAUSE:139002,Zeiss Double Astrograph,Vatican Observatory,1951-09-01T19:05:00+00:00,candidate_three_site_pairwise_overlap,verify three timestamps and true footprint intersection; inspect all pixels
APPLAUSE:12414,Lippert-Astrograph (Hamburg),Hamburger Sternwarte,1951-09-01T21:23:08+00:00,APPLAUSE:131662,"Astrograph, Bamberg Northern Sky Patrol","Dr. Karl Remeis-Sternwarte, Bamberg",1951-09-01T19:54:00+00:00,APPLAUSE:139003,Zeiss Double Astrograph,Vatican Observatory,1951-09-01T19:43:00+00:00,candidate_three_site_pairwise_overlap,verify three timestamps and true footprint intersection; inspect all pixels
APPLAUSE:12414,Lippert-Astrograph (Hamburg),Hamburger Sternwarte,1951-09-01T21:23:08+00:00,APPLAUSE:131662,"Astrograph, Bamberg Northern Sky Patrol","Dr. Karl Remeis-Sternwarte, Bamberg",1951-09-01T19:54:00+00:00,APPLAUSE:139006,Zeiss Double Astrograph,Vatican Observatory,1951-09-01T21:49:00+00:00,candidate_three_site_pairwise_overlap,verify three timestamps and true footprint intersection; inspect all pixels
APPLAUSE:12414,Lippert-Astrograph (Hamburg),Hamburger Sternwarte,1951-09-01T21:23:08+00:00,APPLAUSE:131662,"Astrograph, Bamberg Northern Sky Patrol","Dr. Karl Remeis-Sternwarte, Bamberg",1951-09-01T19:54:00+00:00,APPLAUSE:139005,Zeiss Double Astrograph,Vatican Observatory,1951-09-01T21:04:00+00:00,candidate_three_site_pairwise_overlap,verify three timestamps and true footprint intersection; inspect all pixels
APPLAUSE:12414,Lippert-Astrograph (Hamburg),Hamburger Sternwarte,1951-09-01T21:23:08+00:00,APPLAUSE:131662,"Astrograph, Bamberg Northern Sky Patrol","Dr. Karl Remeis-Sternwarte, Bamberg",1951-09-01T19:54:00+00:00,APPLAUSE:139001,Zeiss Double Astrograph,Vatican Observatory,1951-09-01T18:30:30+00:00,candidate_three_site_pairwise_overlap,verify three timestamps and true footprint intersection; inspect all pixels
APPLAUSE:12412,Lippert-Astrograph (Hamburg),Hamburger Sternwarte,1951-09-01T21:13:10+00:00,APPLAUSE:131662,"Astrograph, Bamberg Northern Sky Patrol","Dr. Karl Remeis-Sternwarte, Bamberg",1951-09-01T19:54:00+00:00,APPLAUSE:139002,Zeiss Double Astrograph,Vatican Observatory,1951-09-01T19:05:00+00:00,candidate_three_site_pairwise_overlap,verify three timestamps and true footprint intersection; inspect all pixels
APPLAUSE:12412,Lippert-Astrograph (Hamburg),Hamburger Sternwarte,1951-09-01T21:13:10+00:00,APPLAUSE:131662,"Astrograph, Bamberg Northern Sky Patrol","Dr. Karl Remeis-Sternwarte, Bamberg",1951-09-01T19:54:00+00:00,APPLAUSE:139003,Zeiss Double Astrograph,Vatican Observatory,1951-09-01T19:43:00+00:00,candidate_three_site_pairwise_overlap,verify three timestamps and true footprint intersection; inspect all pixels
APPLAUSE:12412,Lippert-Astrograph (Hamburg),Hamburger Sternwarte,1951-09-01T21:13:10+00:00,APPLAUSE:131662,"Astrograph, Bamberg Northern Sky Patrol","Dr. Karl Remeis-Sternwarte, Bamberg",1951-09-01T19:54:00+00:00,APPLAUSE:139006,Zeiss Double Astrograph,Vatican Observatory,1951-09-01T21:49:00+00:00,candidate_three_site_pairwise_overlap,verify three timestamps and true footprint intersection; inspect all pixels
APPLAUSE:12412,Lippert-Astrograph (Hamburg),Hamburger Sternwarte,1951-09-01T21:13:10+00:00,APPLAUSE:131662,"Astrograph, Bamberg Northern Sky Patrol","Dr. Karl Remeis-Sternwarte, Bamberg",1951-09-01T19:54:00+00:00,APPLAUSE:139005,Zeiss Double Astrograph,Vatican Observatory,1951-09-01T21:04:00+00:00,candidate_three_site_pairwise_overlap,verify three timestamps and true footprint intersection; inspect all pixels
APPLAUSE:12412,Lippert-Astrograph (Hamburg),Hamburger Sternwarte,1951-09-01T21:13:10+00:00,APPLAUSE:131662,"Astrograph, Bamberg Northern Sky Patrol","Dr. Karl Remeis-Sternwarte, Bamberg",1951-09-01T19:54:00+00:00,APPLAUSE:139001,Zeiss Double Astrograph,Vatican Observatory,1951-09-01T18:30:30+00:00,candidate_three_site_pairwise_overlap,verify three timestamps and true footprint intersection; inspect all pixels
APPLAUSE:12418,Lippert-Astrograph (Hamburg),Hamburger Sternwarte,1951-09-01T21:43:05+00:00,APPLAUSE:131662,"Astrograph, Bamberg Northern Sky Patrol","Dr. Karl Remeis-Sternwarte, Bamberg",1951-09-01T19:54:00+00:00,APPLAUSE:139002,Zeiss Double Astrograph,Vatican Observatory,1951-09-01T19:05:00+00:00,candidate_three_site_pairwise_overlap,verify three timestamps and true footprint intersection; inspect all pixels
APPLAUSE:12418,Lippert-Astrograph (Hamburg),Hamburger Sternwarte,1951-09-01T21:43:05+00:00,APPLAUSE:131662,"Astrograph, Bamberg Northern Sky Patrol","Dr. Karl Remeis-Sternwarte, Bamberg",1951-09-01T19:54:00+00:00,APPLAUSE:139003,Zeiss Double Astrograph,Vatican Observatory,1951-09-01T19:43:00+00:00,candidate_three_site_pairwise_overlap,verify three timestamps and true footprint intersection; inspect all pixels
APPLAUSE:12418,Lippert-Astrograph (Hamburg),Hamburger Sternwarte,1951-09-01T21:43:05+00:00,APPLAUSE:131662,"Astrograph, Bamberg Northern Sky Patrol","Dr. Karl Remeis-Sternwarte, Bamberg",1951-09-01T19:54:00+00:00,APPLAUSE:139006,Zeiss Double Astrograph,Vatican Observatory,1951-09-01T21:49:00+00:00,candidate_three_site_pairwise_overlap,verify three timestamps and true footprint intersection; inspect all pixels
APPLAUSE:12418,Lippert-Astrograph (Hamburg),Hamburger Sternwarte,1951-09-01T21:43:05+00:00,APPLAUSE:131662,"Astrograph, Bamberg Northern Sky Patrol","Dr. Karl Remeis-Sternwarte, Bamberg",1951-09-01T19:54:00+00:00,APPLAUSE:139005,Zeiss Double Astrograph,Vatican Observatory,1951-09-01T21:04:00+00:00,candidate_three_site_pairwise_overlap,verify three timestamps and true footprint intersection; inspect all pixels
APPLAUSE:12418,Lippert-Astrograph (Hamburg),Hamburger Sternwarte,1951-09-01T21:43:05+00:00,APPLAUSE:131662,"Astrograph, Bamberg Northern Sky Patrol","Dr. Karl Remeis-Sternwarte, Bamberg",1951-09-01T19:54:00+00:00,APPLAUSE:139001,Zeiss Double Astrograph,Vatican Observatory,1951-09-01T18:30:30+00:00,candidate_three_site_pairwise_overlap,verify three timestamps and true footprint intersection; inspect all pixels
APPLAUSE:12408,Lippert-Astrograph (Hamburg),Hamburger Sternwarte,1951-09-01T20:53:13+00:00,APPLAUSE:131662,"Astrograph, Bamberg Northern Sky Patrol","Dr. Karl Remeis-Sternwarte, Bamberg",1951-09-01T19:54:00+00:00,APPLAUSE:139002,Zeiss Double Astrograph,Vatican Observatory,1951-09-01T19:05:00+00:00,candidate_three_site_pairwise_overlap,verify three timestamps and true footprint intersection; inspect all pixels
APPLAUSE:12408,Lippert-Astrograph (Hamburg),Hamburger Sternwarte,1951-09-01T20:53:13+00:00,APPLAUSE:131662,"Astrograph, Bamberg Northern Sky Patrol","Dr. Karl Remeis-Sternwarte, Bamberg",1951-09-01T19:54:00+00:00,APPLAUSE:139003,Zeiss Double Astrograph,Vatican Observatory,1951-09-01T19:43:00+00:00,candidate_three_site_pairwise_overlap,verify three timestamps and true footprint intersection; inspect all pixels
APPLAUSE:12408,Lippert-Astrograph (Hamburg),Hamburger Sternwarte,1951-09-01T20:53:13+00:00,APPLAUSE:131662,"Astrograph, Bamberg Northern Sky Patrol","Dr. Karl Remeis-Sternwarte, Bamberg",1951-09-01T19:54:00+00:00,APPLAUSE:139006,Zeiss Double Astrograph,Vatican Observatory,1951-09-01T21:49:00+00:00,candidate_three_site_pairwise_overlap,verify three timestamps and true footprint intersection; inspect all pixels
APPLAUSE:12408,Lippert-Astrograph (Hamburg),Hamburger Sternwarte,1951-09-01T20:53:13+00:00,APPLAUSE:131662,"Astrograph, Bamberg Northern Sky Patrol","Dr. Karl Remeis-Sternwarte, Bamberg",1951-09-01T19:54:00+00:00,APPLAUSE:139005,Zeiss Double Astrograph,Vatican Observatory,1951-09-01T21:04:00+00:00,candidate_three_site_pairwise_overlap,verify three timestamps and true footprint intersection; inspect all pixels
APPLAUSE:12408,Lippert-Astrograph (Hamburg),Hamburger Sternwarte,1951-09-01T20:53:13+00:00,APPLAUSE:131662,"Astrograph, Bamberg Northern Sky Patrol","Dr. Karl Remeis-Sternwarte, Bamberg",1951-09-01T19:54:00+00:00,APPLAUSE:139001,Zeiss Double Astrograph,Vatican Observatory,1951-09-01T18:30:30+00:00,candidate_three_site_pairwise_overlap,verify three timestamps and true footprint intersection; inspect all pixels
APPLAUSE:12407,Lippert-Astrograph (Hamburg),Hamburger Sternwarte,1951-09-01T20:48:14+00:00,APPLAUSE:131662,"Astrograph, Bamberg Northern Sky Patrol","Dr. Karl Remeis-Sternwarte, Bamberg",1951-09-01T19:54:00+00:00,APPLAUSE:139002,Zeiss Double Astrograph,Vatican Observatory,1951-09-01T19:05:00+00:00,candidate_three_site_pairwise_overlap,verify three timestamps and true footprint intersection; inspect all pixels
APPLAUSE:12407,Lippert-Astrograph (Hamburg),Hamburger Sternwarte,1951-09-01T20:48:14+00:00,APPLAUSE:131662,"Astrograph, Bamberg Northern Sky Patrol","Dr. Karl Remeis-Sternwarte, Bamberg",1951-09-01T19:54:00+00:00,APPLAUSE:139003,Zeiss Double Astrograph,Vatican Observatory,1951-09-01T19:43:00+00:00,candidate_three_site_pairwise_overlap,verify three timestamps and true footprint intersection; inspect all pixels
APPLAUSE:12407,Lippert-Astrograph (Hamburg),Hamburger Sternwarte,1951-09-01T20:48:14+00:00,APPLAUSE:131662,"Astrograph, Bamberg Northern Sky Patrol","Dr. Karl Remeis-Sternwarte, Bamberg",1951-09-01T19:54:00+00:00,APPLAUSE:139006,Zeiss Double Astrograph,Vatican Observatory,1951-09-01T21:49:00+00:00,candidate_three_site_pairwise_overlap,verify three timestamps and true footprint intersection; inspect all pixels
APPLAUSE:12407,Lippert-Astrograph (Hamburg),Hamburger Sternwarte,1951-09-01T20:48:14+00:00,APPLAUSE:131662,"Astrograph, Bamberg Northern Sky Patrol","Dr. Karl Remeis-Sternwarte, Bamberg",1951-09-01T19:54:00+00:00,APPLAUSE:139005,Zeiss Double Astrograph,Vatican Observatory,1951-09-01T21:04:00+00:00,candidate_three_site_pairwise_overlap,verify three timestamps and true footprint intersection; inspect all pixels
APPLAUSE:12407,Lippert-Astrograph (Hamburg),Hamburger Sternwarte,1951-09-01T20:48:14+00:00,APPLAUSE:131662,"Astrograph, Bamberg Northern Sky Patrol","Dr. Karl Remeis-Sternwarte, Bamberg",1951-09-01T19:54:00+00:00,APPLAUSE:139001,Zeiss Double Astrograph,Vatican Observatory,1951-09-01T18:30:30+00:00,candidate_three_site_pairwise_overlap,verify three timestamps and true footprint intersection; inspect all pixels
APPLAUSE:12426,Lippert-Astrograph (Hamburg),Hamburger Sternwarte,1951-09-01T22:22:58+00:00,APPLAUSE:131662,"Astrograph, Bamberg Northern Sky Patrol","Dr. Karl Remeis-Sternwarte, Bamberg",1951-09-01T19:54:00+00:00,APPLAUSE:139002,Zeiss Double Astrograph,Vatican Observatory,1951-09-01T19:05:00+00:00,candidate_three_site_pairwise_overlap,verify three timestamps and true footprint intersection; inspect all pixels
APPLAUSE:12426,Lippert-Astrograph (Hamburg),Hamburger Sternwarte,1951-09-01T22:22:58+00:00,APPLAUSE:131662,"Astrograph, Bamberg Northern Sky Patrol","Dr. Karl Remeis-Sternwarte, Bamberg",1951-09-01T19:54:00+00:00,APPLAUSE:139003,Zeiss Double Astrograph,Vatican Observatory,1951-09-01T19:43:00+00:00,candidate_three_site_pairwise_overlap,verify three timestamps and true footprint intersection; inspect all pixels
APPLAUSE:12426,Lippert-Astrograph (Hamburg),Hamburger Sternwarte,1951-09-01T22:22:58+00:00,APPLAUSE:131662,"Astrograph, Bamberg Northern Sky Patrol","Dr. Karl Remeis-Sternwarte, Bamberg",1951-09-01T19:54:00+00:00,APPLAUSE:139006,Zeiss Double Astrograph,Vatican Observatory,1951-09-01T21:49:00+00:00,candidate_three_site_pairwise_overlap,verify three timestamps and true footprint intersection; inspect all pixels
APPLAUSE:12426,Lippert-Astrograph (Hamburg),Hamburger Sternwarte,1951-09-01T22:22:58+00:00,APPLAUSE:131662,"Astrograph, Bamberg Northern Sky Patrol","Dr. Karl Remeis-Sternwarte, Bamberg",1951-09-01T19:54:00+00:00,APPLAUSE:139005,Zeiss Double Astrograph,Vatican Observatory,1951-09-01T21:04:00+00:00,candidate_three_site_pairwise_overlap,verify three timestamps and true footprint intersection; inspect all pixels
APPLAUSE:12426,Lippert-Astrograph (Hamburg),Hamburger Sternwarte,1951-09-01T22:22:58+00:00,APPLAUSE:131662,"Astrograph, Bamberg Northern Sky Patrol","Dr. Karl Remeis-Sternwarte, Bamberg",1951-09-01T19:54:00+00:00,APPLAUSE:139001,Zeiss Double Astrograph,Vatican Observatory,1951-09-01T18:30:30+00:00,candidate_three_site_pairwise_overlap,verify three timestamps and true footprint intersection; inspect all pixels
APPLAUSE:12416,Lippert-Astrograph (Hamburg),Hamburger Sternwarte,1951-09-01T21:33:06+00:00,APPLAUSE:131662,"Astrograph, Bamberg Northern Sky Patrol","Dr. Karl Remeis-Sternwarte, Bamberg",1951-09-01T19:54:00+00:00,APPLAUSE:139002,Zeiss Double Astrograph,Vatican Observatory,1951-09-01T19:05:00+00:00,candidate_three_site_pairwise_overlap,verify three timestamps and true footprint intersection; inspect all pixels
APPLAUSE:12416,Lippert-Astrograph (Hamburg),Hamburger Sternwarte,1951-09-01T21:33:06+00:00,APPLAUSE:131662,"Astrograph, Bamberg Northern Sky Patrol","Dr. Karl Remeis-Sternwarte, Bamberg",1951-09-01T19:54:00+00:00,APPLAUSE:139003,Zeiss Double Astrograph,Vatican Observatory,1951-09-01T19:43:00+00:00,candidate_three_site_pairwise_overlap,verify three timestamps and true footprint intersection; inspect all pixels
APPLAUSE:12416,Lippert-Astrograph (Hamburg),Hamburger Sternwarte,1951-09-01T21:33:06+00:00,APPLAUSE:131662,"Astrograph, Bamberg Northern Sky Patrol","Dr. Karl Remeis-Sternwarte, Bamberg",1951-09-01T19:54:00+00:00,APPLAUSE:139006,Zeiss Double Astrograph,Vatican Observatory,1951-09-01T21:49:00+00:00,candidate_three_site_pairwise_overlap,verify three timestamps and true footprint intersection; inspect all pixels
APPLAUSE:12416,Lippert-Astrograph (Hamburg),Hamburger Sternwarte,1951-09-01T21:33:06+00:00,APPLAUSE:131662,"Astrograph, Bamberg Northern Sky Patrol","Dr. Karl Remeis-Sternwarte, Bamberg",1951-09-01T19:54:00+00:00,APPLAUSE:139005,Zeiss Double Astrograph,Vatican Observatory,1951-09-01T21:04:00+00:00,candidate_three_site_pairwise_overlap,verify three timestamps and true footprint intersection; inspect all pixels
APPLAUSE:12416,Lippert-Astrograph (Hamburg),Hamburger Sternwarte,1951-09-01T21:33:06+00:00,APPLAUSE:131662,"Astrograph, Bamberg Northern Sky Patrol","Dr. Karl Remeis-Sternwarte, Bamberg",1951-09-01T19:54:00+00:00,APPLAUSE:139001,Zeiss Double Astrograph,Vatican Observatory,1951-09-01T18:30:30+00:00,candidate_three_site_pairwise_overlap,verify three timestamps and true footprint intersection; inspect all pixels
APPLAUSE:12421,Lippert-Astrograph (Hamburg),Hamburger Sternwarte,1951-09-01T21:58:02+00:00,APPLAUSE:131662,"Astrograph, Bamberg Northern Sky Patrol","Dr. Karl Remeis-Sternwarte, Bamberg",1951-09-01T19:54:00+00:00,APPLAUSE:139002,Zeiss Double Astrograph,Vatican Observatory,1951-09-01T19:05:00+00:00,candidate_three_site_pairwise_overlap,verify three timestamps and true footprint intersection; inspect all pixels
APPLAUSE:12423,Lippert-Astrograph (Hamburg),Hamburger Sternwarte,1951-09-01T22:08:01+00:00,APPLAUSE:131662,"Astrograph, Bamberg Northern Sky Patrol","Dr. Karl Remeis-Sternwarte, Bamberg",1951-09-01T19:54:00+00:00,APPLAUSE:139002,Zeiss Double Astrograph,Vatican Observatory,1951-09-01T19:05:00+00:00,candidate_three_site_pairwise_overlap,verify three timestamps and true footprint intersection; inspect all pixels
APPLAUSE:12410,Lippert-Astrograph (Hamburg),Hamburger Sternwarte,1951-09-01T21:03:11+00:00,APPLAUSE:131662,"Astrograph, Bamberg Northern Sky Patrol","Dr. Karl Remeis-Sternwarte, Bamberg",1951-09-01T19:54:00+00:00,APPLAUSE:139002,Zeiss Double Astrograph,Vatican Observatory,1951-09-01T19:05:00+00:00,candidate_three_site_pairwise_overlap,verify three timestamps and true footprint intersection; inspect all pixels
APPLAUSE:12409,Lippert-Astrograph (Hamburg),Hamburger Sternwarte,1951-09-01T20:58:12+00:00,APPLAUSE:131662,"Astrograph, Bamberg Northern Sky Patrol","Dr. Karl Remeis-Sternwarte, Bamberg",1951-09-01T19:54:00+00:00,APPLAUSE:139002,Zeiss Double Astrograph,Vatican Observatory,1951-09-01T19:05:00+00:00,candidate_three_site_pairwise_overlap,verify three timestamps and true footprint intersection; inspect all pixels
APPLAUSE:12427,Lippert-Astrograph (Hamburg),Hamburger Sternwarte,1951-09-01T22:27:57+00:00,APPLAUSE:131662,"Astrograph, Bamberg Northern Sky Patrol","Dr. Karl Remeis-Sternwarte, Bamberg",1951-09-01T19:54:00+00:00,APPLAUSE:139002,Zeiss Double Astrograph,Vatican Observatory,1951-09-01T19:05:00+00:00,candidate_three_site_pairwise_overlap,verify three timestamps and true footprint intersection; inspect all pixels
APPLAUSE:12405,Lippert-Astrograph (Hamburg),Hamburger Sternwarte,1951-09-01T20:38:15+00:00,APPLAUSE:131662,"Astrograph, Bamberg Northern Sky Patrol","Dr. Karl Remeis-Sternwarte, Bamberg",1951-09-01T19:54:00+00:00,APPLAUSE:139002,Zeiss Double Astrograph,Vatican Observatory,1951-09-01T19:05:00+00:00,candidate_three_site_pairwise_overlap,verify three timestamps and true footprint intersection; inspect all pixels
APPLAUSE:12424,Lippert-Astrograph (Hamburg),Hamburger Sternwarte,1951-09-01T22:13:00+00:00,APPLAUSE:131662,"Astrograph, Bamberg Northern Sky Patrol","Dr. Karl Remeis-Sternwarte, Bamberg",1951-09-01T19:54:00+00:00,APPLAUSE:139002,Zeiss Double Astrograph,Vatican Observatory,1951-09-01T19:05:00+00:00,candidate_three_site_pairwise_overlap,verify three timestamps and true footprint intersection; inspect all pixels
APPLAUSE:12422,Lippert-Astrograph (Hamburg),Hamburger Sternwarte,1951-09-01T22:03:01+00:00,APPLAUSE:131662,"Astrograph, Bamberg Northern Sky Patrol","Dr. Karl Remeis-Sternwarte, Bamberg",1951-09-01T19:54:00+00:00,APPLAUSE:139002,Zeiss Double Astrograph,Vatican Observatory,1951-09-01T19:05:00+00:00,candidate_three_site_pairwise_overlap,verify three timestamps and true footprint intersection; inspect all pixels
APPLAUSE:12406,Lippert-Astrograph (Hamburg),Hamburger Sternwarte,1951-09-01T20:43:14+00:00,APPLAUSE:131662,"Astrograph, Bamberg Northern Sky Patrol","Dr. Karl Remeis-Sternwarte, Bamberg",1951-09-01T19:54:00+00:00,APPLAUSE:139002,Zeiss Double Astrograph,Vatican Observatory,1951-09-01T19:05:00+00:00,candidate_three_site_pairwise_overlap,verify three timestamps and true footprint intersection; inspect all pixels
APPLAUSE:12415,Lippert-Astrograph (Hamburg),Hamburger Sternwarte,1951-09-01T21:28:07+00:00,APPLAUSE:131662,"Astrograph, Bamberg Northern Sky Patrol","Dr. Karl Remeis-Sternwarte, Bamberg",1951-09-01T19:54:00+00:00,APPLAUSE:139002,Zeiss Double Astrograph,Vatican Observatory,1951-09-01T19:05:00+00:00,candidate_three_site_pairwise_overlap,verify three timestamps and true footprint intersection; inspect all pixels
APPLAUSE:12420,Lippert-Astrograph (Hamburg),Hamburger Sternwarte,1951-09-01T21:53:03+00:00,APPLAUSE:131662,"Astrograph, Bamberg Northern Sky Patrol","Dr. Karl Remeis-Sternwarte, Bamberg",1951-09-01T19:54:00+00:00,APPLAUSE:139002,Zeiss Double Astrograph,Vatican Observatory,1951-09-01T19:05:00+00:00,candidate_three_site_pairwise_overlap,verify three timestamps and true footprint intersection; inspect all pixels
APPLAUSE:12411,Lippert-Astrograph (Hamburg),Hamburger Sternwarte,1951-09-01T21:08:10+00:00,APPLAUSE:131662,"Astrograph, Bamberg Northern Sky Patrol","Dr. Karl Remeis-Sternwarte, Bamberg",1951-09-01T19:54:00+00:00,APPLAUSE:139002,Zeiss Double Astrograph,Vatican Observatory,1951-09-01T19:05:00+00:00,candidate_three_site_pairwise_overlap,verify three timestamps and true footprint intersection; inspect all pixels
APPLAUSE:12425,Lippert-Astrograph (Hamburg),Hamburger Sternwarte,1951-09-01T22:17:59+00:00,APPLAUSE:131662,"Astrograph, Bamberg Northern Sky Patrol","Dr. Karl Remeis-Sternwarte, Bamberg",1951-09-01T19:54:00+00:00,APPLAUSE:139002,Zeiss Double Astrograph,Vatican Observatory,1951-09-01T19:05:00+00:00,candidate_three_site_pairwise_overlap,verify three timestamps and true footprint intersection; inspect all pixels
APPLAUSE:12421,Lippert-Astrograph (Hamburg),Hamburger Sternwarte,1951-09-01T21:58:02+00:00,APPLAUSE:131662,"Astrograph, Bamberg Northern Sky Patrol","Dr. Karl Remeis-Sternwarte, Bamberg",1951-09-01T19:54:00+00:00,APPLAUSE:139003,Zeiss Double Astrograph,Vatican Observatory,1951-09-01T19:43:00+00:00,candidate_three_site_pairwise_overlap,verify three timestamps and true footprint intersection; inspect all pixels
APPLAUSE:12421,Lippert-Astrograph (Hamburg),Hamburger Sternwarte,1951-09-01T21:58:02+00:00,APPLAUSE:131662,"Astrograph, Bamberg Northern Sky Patrol","Dr. Karl Remeis-Sternwarte, Bamberg",1951-09-01T19:54:00+00:00,APPLAUSE:139006,Zeiss Double Astrograph,Vatican Observatory,1951-09-01T21:49:00+00:00,candidate_three_site_pairwise_overlap,verify three timestamps and true footprint intersection; inspect all pixels
APPLAUSE:12421,Lippert-Astrograph (Hamburg),Hamburger Sternwarte,1951-09-01T21:58:02+00:00,APPLAUSE:131662,"Astrograph, Bamberg Northern Sky Patrol","Dr. Karl Remeis-Sternwarte, Bamberg",1951-09-01T19:54:00+00:00,APPLAUSE:139005,Zeiss Double Astrograph,Vatican Observatory,1951-09-01T21:04:00+00:00,candidate_three_site_pairwise_overlap,verify three timestamps and true footprint intersection; inspect all pixels
APPLAUSE:12421,Lippert-Astrograph (Hamburg),Hamburger Sternwarte,1951-09-01T21:58:02+00:00,APPLAUSE:131662,"Astrograph, Bamberg Northern Sky Patrol","Dr. Karl Remeis-Sternwarte, Bamberg",1951-09-01T19:54:00+00:00,APPLAUSE:139001,Zeiss Double Astrograph,Vatican Observatory,1951-09-01T18:30:30+00:00,candidate_three_site_pairwise_overlap,verify three timestamps and true footprint intersection; inspect all pixels
APPLAUSE:12423,Lippert-Astrograph (Hamburg),Hamburger Sternwarte,1951-09-01T22:08:01+00:00,APPLAUSE:131662,"Astrograph, Bamberg Northern Sky Patrol","Dr. Karl Remeis-Sternwarte, Bamberg",1951-09-01T19:54:00+00:00,APPLAUSE:139003,Zeiss Double Astrograph,Vatican Observatory,1951-09-01T19:43:00+00:00,candidate_three_site_pairwise_overlap,verify three timestamps and true footprint intersection; inspect all pixels
APPLAUSE:12423,Lippert-Astrograph (Hamburg),Hamburger Sternwarte,1951-09-01T22:08:01+00:00,APPLAUSE:131662,"Astrograph, Bamberg Northern Sky Patrol","Dr. Karl Remeis-Sternwarte, Bamberg",1951-09-01T19:54:00+00:00,APPLAUSE:139006,Zeiss Double Astrograph,Vatican Observatory,1951-09-01T21:49:00+00:00,candidate_three_site_pairwise_overlap,verify three timestamps and true footprint intersection; inspect all pixels
APPLAUSE:12423,Lippert-Astrograph (Hamburg),Hamburger Sternwarte,1951-09-01T22:08:01+00:00,APPLAUSE:131662,"Astrograph, Bamberg Northern Sky Patrol","Dr. Karl Remeis-Sternwarte, Bamberg",1951-09-01T19:54:00+00:00,APPLAUSE:139005,Zeiss Double Astrograph,Vatican Observatory,1951-09-01T21:04:00+00:00,candidate_three_site_pairwise_overlap,verify three timestamps and true footprint intersection; inspect all pixels
APPLAUSE:12423,Lippert-Astrograph (Hamburg),Hamburger Sternwarte,1951-09-01T22:08:01+00:00,APPLAUSE:131662,"Astrograph, Bamberg Northern Sky Patrol","Dr. Karl Remeis-Sternwarte, Bamberg",1951-09-01T19:54:00+00:00,APPLAUSE:139001,Zeiss Double Astrograph,Vatican Observatory,1951-09-01T18:30:30+00:00,candidate_three_site_pairwise_overlap,verify three timestamps and true footprint intersection; inspect all pixels
APPLAUSE:12410,Lippert-Astrograph (Hamburg),Hamburger Sternwarte,1951-09-01T21:03:11+00:00,APPLAUSE:131662,"Astrograph, Bamberg Northern Sky Patrol","Dr. Karl Remeis-Sternwarte, Bamberg",1951-09-01T19:54:00+00:00,APPLAUSE:139003,Zeiss Double Astrograph,Vatican Observatory,1951-09-01T19:43:00+00:00,candidate_three_site_pairwise_overlap,verify three timestamps and true footprint intersection; inspect all pixels
APPLAUSE:12410,Lippert-Astrograph (Hamburg),Hamburger Sternwarte,1951-09-01T21:03:11+00:00,APPLAUSE:131662,"Astrograph, Bamberg Northern Sky Patrol","Dr. Karl Remeis-Sternwarte, Bamberg",1951-09-01T19:54:00+00:00,APPLAUSE:139006,Zeiss Double Astrograph,Vatican Observatory,1951-09-01T21:49:00+00:00,candidate_three_site_pairwise_overlap,verify three timestamps and true footprint intersection; inspect all pixels
APPLAUSE:12410,Lippert-Astrograph (Hamburg),Hamburger Sternwarte,1951-09-01T21:03:11+00:00,APPLAUSE:131662,"Astrograph, Bamberg Northern Sky Patrol","Dr. Karl Remeis-Sternwarte, Bamberg",1951-09-01T19:54:00+00:00,APPLAUSE:139005,Zeiss Double Astrograph,Vatican Observatory,1951-09-01T21:04:00+00:00,candidate_three_site_pairwise_overlap,verify three timestamps and true footprint intersection; inspect all pixels
APPLAUSE:12410,Lippert-Astrograph (Hamburg),Hamburger Sternwarte,1951-09-01T21:03:11+00:00,APPLAUSE:131662,"Astrograph, Bamberg Northern Sky Patrol","Dr. Karl Remeis-Sternwarte, Bamberg",1951-09-01T19:54:00+00:00,APPLAUSE:139001,Zeiss Double Astrograph,Vatican Observatory,1951-09-01T18:30:30+00:00,candidate_three_site_pairwise_overlap,verify three timestamps and true footprint intersection; inspect all pixels
APPLAUSE:12409,Lippert-Astrograph (Hamburg),Hamburger Sternwarte,1951-09-01T20:58:12+00:00,APPLAUSE:131662,"Astrograph, Bamberg Northern Sky Patrol","Dr. Karl Remeis-Sternwarte, Bamberg",1951-09-01T19:54:00+00:00,APPLAUSE:139003,Zeiss Double Astrograph,Vatican Observatory,1951-09-01T19:43:00+00:00,candidate_three_site_pairwise_overlap,verify three timestamps and true footprint intersection; inspect all pixels
APPLAUSE:12409,Lippert-Astrograph (Hamburg),Hamburger Sternwarte,1951-09-01T20:58:12+00:00,APPLAUSE:131662,"Astrograph, Bamberg Northern Sky Patrol","Dr. Karl Remeis-Sternwarte, Bamberg",1951-09-01T19:54:00+00:00,APPLAUSE:139006,Zeiss Double Astrograph,Vatican Observatory,1951-09-01T21:49:00+00:00,candidate_three_site_pairwise_overlap,verify three timestamps and true footprint intersection; inspect all pixels
APPLAUSE:12409,Lippert-Astrograph (Hamburg),Hamburger Sternwarte,1951-09-01T20:58:12+00:00,APPLAUSE:131662,"Astrograph, Bamberg Northern Sky Patrol","Dr. Karl Remeis-Sternwarte, Bamberg",1951-09-01T19:54:00+00:00,APPLAUSE:139005,Zeiss Double Astrograph,Vatican Observatory,1951-09-01T21:04:00+00:00,candidate_three_site_pairwise_overlap,verify three timestamps and true footprint intersection; inspect all pixels
APPLAUSE:12409,Lippert-Astrograph (Hamburg),Hamburger Sternwarte,1951-09-01T20:58:12+00:00,APPLAUSE:131662,"Astrograph, Bamberg Northern Sky Patrol","Dr. Karl Remeis-Sternwarte, Bamberg",1951-09-01T19:54:00+00:00,APPLAUSE:139001,Zeiss Double Astrograph,Vatican Observatory,1951-09-01T18:30:30+00:00,candidate_three_site_pairwise_overlap,verify three timestamps and true footprint intersection; inspect all pixels
APPLAUSE:12427,Lippert-Astrograph (Hamburg),Hamburger Sternwarte,1951-09-01T22:27:57+00:00,APPLAUSE:131662,"Astrograph, Bamberg Northern Sky Patrol","Dr. Karl Remeis-Sternwarte, Bamberg",1951-09-01T19:54:00+00:00,APPLAUSE:139003,Zeiss Double Astrograph,Vatican Observatory,1951-09-01T19:43:00+00:00,candidate_three_site_pairwise_overlap,verify three timestamps and true footprint intersection; inspect all pixels
APPLAUSE:12427,Lippert-Astrograph (Hamburg),Hamburger Sternwarte,1951-09-01T22:27:57+00:00,APPLAUSE:131662,"Astrograph, Bamberg Northern Sky Patrol","Dr. Karl Remeis-Sternwarte, Bamberg",1951-09-01T19:54:00+00:00,APPLAUSE:139006,Zeiss Double Astrograph,Vatican Observatory,1951-09-01T21:49:00+00:00,candidate_three_site_pairwise_overlap,verify three timestamps and true footprint intersection; inspect all pixels
APPLAUSE:12427,Lippert-Astrograph (Hamburg),Hamburger Sternwarte,1951-09-01T22:27:57+00:00,APPLAUSE:131662,"Astrograph, Bamberg Northern Sky Patrol","Dr. Karl Remeis-Sternwarte, Bamberg",1951-09-01T19:54:00+00:00,APPLAUSE:139005,Zeiss Double Astrograph,Vatican Observatory,1951-09-01T21:04:00+00:00,candidate_three_site_pairwise_overlap,verify three timestamps and true footprint intersection; inspect all pixels
APPLAUSE:12427,Lippert-Astrograph (Hamburg),Hamburger Sternwarte,1951-09-01T22:27:57+00:00,APPLAUSE:131662,"Astrograph, Bamberg Northern Sky Patrol","Dr. Karl Remeis-Sternwarte, Bamberg",1951-09-01T19:54:00+00:00,APPLAUSE:139001,Zeiss Double Astrograph,Vatican Observatory,1951-09-01T18:30:30+00:00,candidate_three_site_pairwise_overlap,verify three timestamps and true footprint intersection; inspect all pixels
APPLAUSE:12405,Lippert-Astrograph (Hamburg),Hamburger Sternwarte,1951-09-01T20:38:15+00:00,APPLAUSE:131662,"Astrograph, Bamberg Northern Sky Patrol","Dr. Karl Remeis-Sternwarte, Bamberg",1951-09-01T19:54:00+00:00,APPLAUSE:139003,Zeiss Double Astrograph,Vatican Observatory,1951-09-01T19:43:00+00:00,candidate_three_site_pairwise_overlap,verify three timestamps and true footprint intersection; inspect all pixels
APPLAUSE:12424,Lippert-Astrograph (Hamburg),Hamburger Sternwarte,1951-09-01T22:13:00+00:00,APPLAUSE:131662,"Astrograph, Bamberg Northern Sky Patrol","Dr. Karl Remeis-Sternwarte, Bamberg",1951-09-01T19:54:00+00:00,APPLAUSE:139003,Zeiss Double Astrograph,Vatican Observatory,1951-09-01T19:43:00+00:00,candidate_three_site_pairwise_overlap,verify three timestamps and true footprint intersection; inspect all pixels
APPLAUSE:12422,Lippert-Astrograph (Hamburg),Hamburger Sternwarte,1951-09-01T22:03:01+00:00,APPLAUSE:131662,"Astrograph, Bamberg Northern Sky Patrol","Dr. Karl Remeis-Sternwarte, Bamberg",1951-09-01T19:54:00+00:00,APPLAUSE:139003,Zeiss Double Astrograph,Vatican Observatory,1951-09-01T19:43:00+00:00,candidate_three_site_pairwise_overlap,verify three timestamps and true footprint intersection; inspect all pixels
APPLAUSE:12406,Lippert-Astrograph (Hamburg),Hamburger Sternwarte,1951-09-01T20:43:14+00:00,APPLAUSE:131662,"Astrograph, Bamberg Northern Sky Patrol","Dr. Karl Remeis-Sternwarte, Bamberg",1951-09-01T19:54:00+00:00,APPLAUSE:139003,Zeiss Double Astrograph,Vatican Observatory,1951-09-01T19:43:00+00:00,candidate_three_site_pairwise_overlap,verify three timestamps and true footprint intersection; inspect all pixels
APPLAUSE:12415,Lippert-Astrograph (Hamburg),Hamburger Sternwarte,1951-09-01T21:28:07+00:00,APPLAUSE:131662,"Astrograph, Bamberg Northern Sky Patrol","Dr. Karl Remeis-Sternwarte, Bamberg",1951-09-01T19:54:00+00:00,APPLAUSE:139003,Zeiss Double Astrograph,Vatican Observatory,1951-09-01T19:43:00+00:00,candidate_three_site_pairwise_overlap,verify three timestamps and true footprint intersection; inspect all pixels
APPLAUSE:12420,Lippert-Astrograph (Hamburg),Hamburger Sternwarte,1951-09-01T21:53:03+00:00,APPLAUSE:131662,"Astrograph, Bamberg Northern Sky Patrol","Dr. Karl Remeis-Sternwarte, Bamberg",1951-09-01T19:54:00+00:00,APPLAUSE:139003,Zeiss Double Astrograph,Vatican Observatory,1951-09-01T19:43:00+00:00,candidate_three_site_pairwise_overlap,verify three timestamps and true footprint intersection; inspect all pixels
APPLAUSE:12411,Lippert-Astrograph (Hamburg),Hamburger Sternwarte,1951-09-01T21:08:10+00:00,APPLAUSE:131662,"Astrograph, Bamberg Northern Sky Patrol","Dr. Karl Remeis-Sternwarte, Bamberg",1951-09-01T19:54:00+00:00,APPLAUSE:139003,Zeiss Double Astrograph,Vatican Observatory,1951-09-01T19:43:00+00:00,candidate_three_site_pairwise_overlap,verify three timestamps and true footprint intersection; inspect all pixels
APPLAUSE:12425,Lippert-Astrograph (Hamburg),Hamburger Sternwarte,1951-09-01T22:17:59+00:00,APPLAUSE:131662,"Astrograph, Bamberg Northern Sky Patrol","Dr. Karl Remeis-Sternwarte, Bamberg",1951-09-01T19:54:00+00:00,APPLAUSE:139003,Zeiss Double Astrograph,Vatican Observatory,1951-09-01T19:43:00+00:00,candidate_three_site_pairwise_overlap,verify three timestamps and true footprint intersection; inspect all pixels
APPLAUSE:12405,Lippert-Astrograph (Hamburg),Hamburger Sternwarte,1951-09-01T20:38:15+00:00,APPLAUSE:131662,"Astrograph, Bamberg Northern Sky Patrol","Dr. Karl Remeis-Sternwarte, Bamberg",1951-09-01T19:54:00+00:00,APPLAUSE:139006,Zeiss Double Astrograph,Vatican Observatory,1951-09-01T21:49:00+00:00,candidate_three_site_pairwise_overlap,verify three timestamps and true footprint intersection; inspect all pixels
APPLAUSE:12405,Lippert-Astrograph (Hamburg),Hamburger Sternwarte,1951-09-01T20:38:15+00:00,APPLAUSE:131662,"Astrograph, Bamberg Northern Sky Patrol","Dr. Karl Remeis-Sternwarte, Bamberg",1951-09-01T19:54:00+00:00,APPLAUSE:139005,Zeiss Double Astrograph,Vatican Observatory,1951-09-01T21:04:00+00:00,candidate_three_site_pairwise_overlap,verify three timestamps and true footprint intersection; inspect all pixels
APPLAUSE:12405,Lippert-Astrograph (Hamburg),Hamburger Sternwarte,1951-09-01T20:38:15+00:00,APPLAUSE:131662,"Astrograph, Bamberg Northern Sky Patrol","Dr. Karl Remeis-Sternwarte, Bamberg",1951-09-01T19:54:00+00:00,APPLAUSE:139001,Zeiss Double Astrograph,Vatican Observatory,1951-09-01T18:30:30+00:00,candidate_three_site_pairwise_overlap,verify three timestamps and true footprint intersection; inspect all pixels
APPLAUSE:12424,Lippert-Astrograph (Hamburg),Hamburger Sternwarte,1951-09-01T22:13:00+00:00,APPLAUSE:131662,"Astrograph, Bamberg Northern Sky Patrol","Dr. Karl Remeis-Sternwarte, Bamberg",1951-09-01T19:54:00+00:00,APPLAUSE:139006,Zeiss Double Astrograph,Vatican Observatory,1951-09-01T21:49:00+00:00,candidate_three_site_pairwise_overlap,verify three timestamps and true footprint intersection; inspect all pixels
APPLAUSE:12424,Lippert-Astrograph (Hamburg),Hamburger Sternwarte,1951-09-01T22:13:00+00:00,APPLAUSE:131662,"Astrograph, Bamberg Northern Sky Patrol","Dr. Karl Remeis-Sternwarte, Bamberg",1951-09-01T19:54:00+00:00,APPLAUSE:139005,Zeiss Double Astrograph,Vatican Observatory,1951-09-01T21:04:00+00:00,candidate_three_site_pairwise_overlap,verify three timestamps and true footprint intersection; inspect all pixels
APPLAUSE:12424,Lippert-Astrograph (Hamburg),Hamburger Sternwarte,1951-09-01T22:13:00+00:00,APPLAUSE:131662,"Astrograph, Bamberg Northern Sky Patrol","Dr. Karl Remeis-Sternwarte, Bamberg",1951-09-01T19:54:00+00:00,APPLAUSE:139001,Zeiss Double Astrograph,Vatican Observatory,1951-09-01T18:30:30+00:00,candidate_three_site_pairwise_overlap,verify three timestamps and true footprint intersection; inspect all pixels
APPLAUSE:12422,Lippert-Astrograph (Hamburg),Hamburger Sternwarte,1951-09-01T22:03:01+00:00,APPLAUSE:131662,"Astrograph, Bamberg Northern Sky Patrol","Dr. Karl Remeis-Sternwarte, Bamberg",1951-09-01T19:54:00+00:00,APPLAUSE:139005,Zeiss Double Astrograph,Vatican Observatory,1951-09-01T21:04:00+00:00,candidate_three_site_pairwise_overlap,verify three timestamps and true footprint intersection; inspect all pixels
APPLAUSE:12406,Lippert-Astrograph (Hamburg),Hamburger Sternwarte,1951-09-01T20:43:14+00:00,APPLAUSE:131662,"Astrograph, Bamberg Northern Sky Patrol","Dr. Karl Remeis-Sternwarte, Bamberg",1951-09-01T19:54:00+00:00,APPLAUSE:139005,Zeiss Double Astrograph,Vatican Observatory,1951-09-01T21:04:00+00:00,candidate_three_site_pairwise_overlap,verify three timestamps and true footprint intersection; inspect all pixels
APPLAUSE:12415,Lippert-Astrograph (Hamburg),Hamburger Sternwarte,1951-09-01T21:28:07+00:00,APPLAUSE:131662,"Astrograph, Bamberg Northern Sky Patrol","Dr. Karl Remeis-Sternwarte, Bamberg",1951-09-01T19:54:00+00:00,APPLAUSE:139005,Zeiss Double Astrograph,Vatican Observatory,1951-09-01T21:04:00+00:00,candidate_three_site_pairwise_overlap,verify three timestamps and true footprint intersection; inspect all pixels
APPLAUSE:12420,Lippert-Astrograph (Hamburg),Hamburger Sternwarte,1951-09-01T21:53:03+00:00,APPLAUSE:131662,"Astrograph, Bamberg Northern Sky Patrol","Dr. Karl Remeis-Sternwarte, Bamberg",1951-09-01T19:54:00+00:00,APPLAUSE:139005,Zeiss Double Astrograph,Vatican Observatory,1951-09-01T21:04:00+00:00,candidate_three_site_pairwise_overlap,verify three timestamps and true footprint intersection; inspect all pixels
APPLAUSE:12411,Lippert-Astrograph (Hamburg),Hamburger Sternwarte,1951-09-01T21:08:10+00:00,APPLAUSE:131662,"Astrograph, Bamberg Northern Sky Patrol","Dr. Karl Remeis-Sternwarte, Bamberg",1951-09-01T19:54:00+00:00,APPLAUSE:139005,Zeiss Double Astrograph,Vatican Observatory,1951-09-01T21:04:00+00:00,candidate_three_site_pairwise_overlap,verify three timestamps and true footprint intersection; inspect all pixels
APPLAUSE:12425,Lippert-Astrograph (Hamburg),Hamburger Sternwarte,1951-09-01T22:17:59+00:00,APPLAUSE:131662,"Astrograph, Bamberg Northern Sky Patrol","Dr. Karl Remeis-Sternwarte, Bamberg",1951-09-01T19:54:00+00:00,APPLAUSE:139005,Zeiss Double Astrograph,Vatican Observatory,1951-09-01T21:04:00+00:00,candidate_three_site_pairwise_overlap,verify three timestamps and true footprint intersection; inspect all pixels
APPLAUSE:12422,Lippert-Astrograph (Hamburg),Hamburger Sternwarte,1951-09-01T22:03:01+00:00,APPLAUSE:131662,"Astrograph, Bamberg Northern Sky Patrol","Dr. Karl Remeis-Sternwarte, Bamberg",1951-09-01T19:54:00+00:00,APPLAUSE:139006,Zeiss Double Astrograph,Vatican Observatory,1951-09-01T21:49:00+00:00,candidate_three_site_pairwise_overlap,verify three timestamps and true footprint intersection; inspect all pixels
APPLAUSE:12422,Lippert-Astrograph (Hamburg),Hamburger Sternwarte,1951-09-01T22:03:01+00:00,APPLAUSE:131662,"Astrograph, Bamberg Northern Sky Patrol","Dr. Karl Remeis-Sternwarte, Bamberg",1951-09-01T19:54:00+00:00,APPLAUSE:139001,Zeiss Double Astrograph,Vatican Observatory,1951-09-01T18:30:30+00:00,candidate_three_site_pairwise_overlap,verify three timestamps and true footprint intersection; inspect all pixels
APPLAUSE:12406,Lippert-Astrograph (Hamburg),Hamburger Sternwarte,1951-09-01T20:43:14+00:00,APPLAUSE:131662,"Astrograph, Bamberg Northern Sky Patrol","Dr. Karl Remeis-Sternwarte, Bamberg",1951-09-01T19:54:00+00:00,APPLAUSE:139006,Zeiss Double Astrograph,Vatican Observatory,1951-09-01T21:49:00+00:00,candidate_three_site_pairwise_overlap,verify three timestamps and true footprint intersection; inspect all pixels
APPLAUSE:12406,Lippert-Astrograph (Hamburg),Hamburger Sternwarte,1951-09-01T20:43:14+00:00,APPLAUSE:131662,"Astrograph, Bamberg Northern Sky Patrol","Dr. Karl Remeis-Sternwarte, Bamberg",1951-09-01T19:54:00+00:00,APPLAUSE:139001,Zeiss Double Astrograph,Vatican Observatory,1951-09-01T18:30:30+00:00,candidate_three_site_pairwise_overlap,verify three timestamps and true footprint intersection; inspect all pixels
APPLAUSE:12415,Lippert-Astrograph (Hamburg),Hamburger Sternwarte,1951-09-01T21:28:07+00:00,APPLAUSE:131662,"Astrograph, Bamberg Northern Sky Patrol","Dr. Karl Remeis-Sternwarte, Bamberg",1951-09-01T19:54:00+00:00,APPLAUSE:139001,Zeiss Double Astrograph,Vatican Observatory,1951-09-01T18:30:30+00:00,candidate_three_site_pairwise_overlap,verify three timestamps and true footprint intersection; inspect all pixels
APPLAUSE:12420,Lippert-Astrograph (Hamburg),Hamburger Sternwarte,1951-09-01T21:53:03+00:00,APPLAUSE:131662,"Astrograph, Bamberg Northern Sky Patrol","Dr. Karl Remeis-Sternwarte, Bamberg",1951-09-01T19:54:00+00:00,APPLAUSE:139001,Zeiss Double Astrograph,Vatican Observatory,1951-09-01T18:30:30+00:00,candidate_three_site_pairwise_overlap,verify three timestamps and true footprint intersection; inspect all pixels
APPLAUSE:12411,Lippert-Astrograph (Hamburg),Hamburger Sternwarte,1951-09-01T21:08:10+00:00,APPLAUSE:131662,"Astrograph, Bamberg Northern Sky Patrol","Dr. Karl Remeis-Sternwarte, Bamberg",1951-09-01T19:54:00+00:00,APPLAUSE:139001,Zeiss Double Astrograph,Vatican Observatory,1951-09-01T18:30:30+00:00,candidate_three_site_pairwise_overlap,verify three timestamps and true footprint intersection; inspect all pixels
APPLAUSE:12425,Lippert-Astrograph (Hamburg),Hamburger Sternwarte,1951-09-01T22:17:59+00:00,APPLAUSE:131662,"Astrograph, Bamberg Northern Sky Patrol","Dr. Karl Remeis-Sternwarte, Bamberg",1951-09-01T19:54:00+00:00,APPLAUSE:139001,Zeiss Double Astrograph,Vatican Observatory,1951-09-01T18:30:30+00:00,candidate_three_site_pairwise_overlap,verify three timestamps and true footprint intersection; inspect all pixels
APPLAUSE:12415,Lippert-Astrograph (Hamburg),Hamburger Sternwarte,1951-09-01T21:28:07+00:00,APPLAUSE:131662,"Astrograph, Bamberg Northern Sky Patrol","Dr. Karl Remeis-Sternwarte, Bamberg",1951-09-01T19:54:00+00:00,APPLAUSE:139006,Zeiss Double Astrograph,Vatican Observatory,1951-09-01T21:49:00+00:00,candidate_three_site_pairwise_overlap,verify three timestamps and true footprint intersection; inspect all pixels
APPLAUSE:12420,Lippert-Astrograph (Hamburg),Hamburger Sternwarte,1951-09-01T21:53:03+00:00,APPLAUSE:131662,"Astrograph, Bamberg Northern Sky Patrol","Dr. Karl Remeis-Sternwarte, Bamberg",1951-09-01T19:54:00+00:00,APPLAUSE:139006,Zeiss Double Astrograph,Vatican Observatory,1951-09-01T21:49:00+00:00,candidate_three_site_pairwise_overlap,verify three timestamps and true footprint intersection; inspect all pixels
APPLAUSE:12411,Lippert-Astrograph (Hamburg),Hamburger Sternwarte,1951-09-01T21:08:10+00:00,APPLAUSE:131662,"Astrograph, Bamberg Northern Sky Patrol","Dr. Karl Remeis-Sternwarte, Bamberg",1951-09-01T19:54:00+00:00,APPLAUSE:139006,Zeiss Double Astrograph,Vatican Observatory,1951-09-01T21:49:00+00:00,candidate_three_site_pairwise_overlap,verify three timestamps and true footprint intersection; inspect all pixels
APPLAUSE:12425,Lippert-Astrograph (Hamburg),Hamburger Sternwarte,1951-09-01T22:17:59+00:00,APPLAUSE:131662,"Astrograph, Bamberg Northern Sky Patrol","Dr. Karl Remeis-Sternwarte, Bamberg",1951-09-01T19:54:00+00:00,APPLAUSE:139006,Zeiss Double Astrograph,Vatican Observatory,1951-09-01T21:49:00+00:00,candidate_three_site_pairwise_overlap,verify three timestamps and true footprint intersection; inspect all pixels
APPLAUSE:12585,Lippert-Astrograph (Hamburg),Hamburger Sternwarte,1951-09-19T21:27:09+00:00,APPLAUSE:139011,Zeiss Double Astrograph,Vatican Observatory,1951-09-19T19:38:00+00:00,DASCH:ivo://org.gavo.dc/~?dasch/q/ac42138,Harvard DASCH,DASCH historical observing site unresolved,1951-09-20T01:17:38.399990343+00:00,candidate_three_site_pairwise_overlap,verify three timestamps and true footprint intersection; inspect all pixels
APPLAUSE:12592,Lippert-Astrograph (Hamburg),Hamburger Sternwarte,1951-09-19T22:02:04+00:00,APPLAUSE:139011,Zeiss Double Astrograph,Vatican Observatory,1951-09-19T19:38:00+00:00,DASCH:ivo://org.gavo.dc/~?dasch/q/ac42138,Harvard DASCH,DASCH historical observing site unresolved,1951-09-20T01:17:38.399990343+00:00,candidate_three_site_pairwise_overlap,verify three timestamps and true footprint intersection; inspect all pixels
APPLAUSE:12582,Lippert-Astrograph (Hamburg),Hamburger Sternwarte,1951-09-19T21:12:12+00:00,APPLAUSE:139011,Zeiss Double Astrograph,Vatican Observatory,1951-09-19T19:38:00+00:00,DASCH:ivo://org.gavo.dc/~?dasch/q/ac42138,Harvard DASCH,DASCH historical observing site unresolved,1951-09-20T01:17:38.399990343+00:00,candidate_three_site_pairwise_overlap,verify three timestamps and true footprint intersection; inspect all pixels
APPLAUSE:12596,Lippert-Astrograph (Hamburg),Hamburger Sternwarte,1951-09-19T22:27:00+00:00,APPLAUSE:139011,Zeiss Double Astrograph,Vatican Observatory,1951-09-19T19:38:00+00:00,DASCH:ivo://org.gavo.dc/~?dasch/q/ac42138,Harvard DASCH,DASCH historical observing site unresolved,1951-09-20T01:17:38.399990343+00:00,candidate_three_site_pairwise_overlap,verify three timestamps and true footprint intersection; inspect all pixels
APPLAUSE:12567,Lippert-Astrograph (Hamburg),Hamburger Sternwarte,1951-09-19T19:57:24+00:00,APPLAUSE:139011,Zeiss Double Astrograph,Vatican Observatory,1951-09-19T19:38:00+00:00,DASCH:ivo://org.gavo.dc/~?dasch/q/ac42138,Harvard DASCH,DASCH historical observing site unresolved,1951-09-20T01:17:38.399990343+00:00,candidate_three_site_pairwise_overlap,verify three timestamps and true footprint intersection; inspect all pixels
APPLAUSE:12577,Lippert-Astrograph (Hamburg),Hamburger Sternwarte,1951-09-19T20:47:16+00:00,APPLAUSE:139011,Zeiss Double Astrograph,Vatican Observatory,1951-09-19T19:38:00+00:00,DASCH:ivo://org.gavo.dc/~?dasch/q/ac42138,Harvard DASCH,DASCH historical observing site unresolved,1951-09-20T01:17:38.399990343+00:00,candidate_three_site_pairwise_overlap,verify three timestamps and true footprint intersection; inspect all pixels
APPLAUSE:12589,Lippert-Astrograph (Hamburg),Hamburger Sternwarte,1951-09-19T21:47:06+00:00,APPLAUSE:139011,Zeiss Double Astrograph,Vatican Observatory,1951-09-19T19:38:00+00:00,DASCH:ivo://org.gavo.dc/~?dasch/q/ac42138,Harvard DASCH,DASCH historical observing site unresolved,1951-09-20T01:17:38.399990343+00:00,candidate_three_site_pairwise_overlap,verify three timestamps and true footprint intersection; inspect all pixels
APPLAUSE:12595,Lippert-Astrograph (Hamburg),Hamburger Sternwarte,1951-09-19T22:22:00+00:00,APPLAUSE:139011,Zeiss Double Astrograph,Vatican Observatory,1951-09-19T19:38:00+00:00,DASCH:ivo://org.gavo.dc/~?dasch/q/ac42138,Harvard DASCH,DASCH historical observing site unresolved,1951-09-20T01:17:38.399990343+00:00,candidate_three_site_pairwise_overlap,verify three timestamps and true footprint intersection; inspect all pixels
APPLAUSE:12581,Lippert-Astrograph (Hamburg),Hamburger Sternwarte,1951-09-19T21:07:12+00:00,APPLAUSE:139011,Zeiss Double Astrograph,Vatican Observatory,1951-09-19T19:38:00+00:00,DASCH:ivo://org.gavo.dc/~?dasch/q/ac42138,Harvard DASCH,DASCH historical observing site unresolved,1951-09-20T01:17:38.399990343+00:00,candidate_three_site_pairwise_overlap,verify three timestamps and true footprint intersection; inspect all pixels
APPLAUSE:12568,Lippert-Astrograph (Hamburg),Hamburger Sternwarte,1951-09-19T20:02:23+00:00,APPLAUSE:139011,Zeiss Double Astrograph,Vatican Observatory,1951-09-19T19:38:00+00:00,DASCH:ivo://org.gavo.dc/~?dasch/q/ac42138,Harvard DASCH,DASCH historical observing site unresolved,1951-09-20T01:17:38.399990343+00:00,candidate_three_site_pairwise_overlap,verify three timestamps and true footprint intersection; inspect all pixels
APPLAUSE:12588,Lippert-Astrograph (Hamburg),Hamburger Sternwarte,1951-09-19T21:42:07+00:00,APPLAUSE:139011,Zeiss Double Astrograph,Vatican Observatory,1951-09-19T19:38:00+00:00,DASCH:ivo://org.gavo.dc/~?dasch/q/ac42138,Harvard DASCH,DASCH historical observing site unresolved,1951-09-20T01:17:38.399990343+00:00,candidate_three_site_pairwise_overlap,verify three timestamps and true footprint intersection; inspect all pixels
APPLAUSE:12586,Lippert-Astrograph (Hamburg),Hamburger Sternwarte,1951-09-19T21:32:08+00:00,APPLAUSE:139011,Zeiss Double Astrograph,Vatican Observatory,1951-09-19T19:38:00+00:00,DASCH:ivo://org.gavo.dc/~?dasch/q/ac42138,Harvard DASCH,DASCH historical observing site unresolved,1951-09-20T01:17:38.399990343+00:00,candidate_three_site_pairwise_overlap,verify three timestamps and true footprint intersection; inspect all pixels
APPLAUSE:12583,Lippert-Astrograph (Hamburg),Hamburger Sternwarte,1951-09-19T21:17:11+00:00,APPLAUSE:139011,Zeiss Double Astrograph,Vatican Observatory,1951-09-19T19:38:00+00:00,DASCH:ivo://org.gavo.dc/~?dasch/q/ac42138,Harvard DASCH,DASCH historical observing site unresolved,1951-09-20T01:17:38.399990343+00:00,candidate_three_site_pairwise_overlap,verify three timestamps and true footprint intersection; inspect all pixels
APPLAUSE:12576,Lippert-Astrograph (Hamburg),Hamburger Sternwarte,1951-09-19T20:42:17+00:00,APPLAUSE:139011,Zeiss Double Astrograph,Vatican Observatory,1951-09-19T19:38:00+00:00,DASCH:ivo://org.gavo.dc/~?dasch/q/ac42138,Harvard DASCH,DASCH historical observing site unresolved,1951-09-20T01:17:38.399990343+00:00,candidate_three_site_pairwise_overlap,verify three timestamps and true footprint intersection; inspect all pixels
APPLAUSE:12573,Lippert-Astrograph (Hamburg),Hamburger Sternwarte,1951-09-19T20:27:19+00:00,APPLAUSE:139011,Zeiss Double Astrograph,Vatican Observatory,1951-09-19T19:38:00+00:00,DASCH:ivo://org.gavo.dc/~?dasch/q/ac42138,Harvard DASCH,DASCH historical observing site unresolved,1951-09-20T01:17:38.399990343+00:00,candidate_three_site_pairwise_overlap,verify three timestamps and true footprint intersection; inspect all pixels
APPLAUSE:12590,Lippert-Astrograph (Hamburg),Hamburger Sternwarte,1951-09-19T21:52:05+00:00,APPLAUSE:139011,Zeiss Double Astrograph,Vatican Observatory,1951-09-19T19:38:00+00:00,DASCH:ivo://org.gavo.dc/~?dasch/q/ac42138,Harvard DASCH,DASCH historical observing site unresolved,1951-09-20T01:17:38.399990343+00:00,candidate_three_site_pairwise_overlap,verify three timestamps and true footprint intersection; inspect all pixels
APPLAUSE:12578,Lippert-Astrograph (Hamburg),Hamburger Sternwarte,1951-09-19T20:52:15+00:00,APPLAUSE:139011,Zeiss Double Astrograph,Vatican Observatory,1951-09-19T19:38:00+00:00,DASCH:ivo://org.gavo.dc/~?dasch/q/ac42138,Harvard DASCH,DASCH historical observing site unresolved,1951-09-20T01:17:38.399990343+00:00,candidate_three_site_pairwise_overlap,verify three timestamps and true footprint intersection; inspect all pixels
APPLAUSE:12594,Lippert-Astrograph (Hamburg),Hamburger Sternwarte,1951-09-19T22:17:01+00:00,APPLAUSE:139011,Zeiss Double Astrograph,Vatican Observatory,1951-09-19T19:38:00+00:00,DASCH:ivo://org.gavo.dc/~?dasch/q/ac42138,Harvard DASCH,DASCH historical observing site unresolved,1951-09-20T01:17:38.399990343+00:00,candidate_three_site_pairwise_overlap,verify three timestamps and true footprint intersection; inspect all pixels
APPLAUSE:12572,Lippert-Astrograph (Hamburg),Hamburger Sternwarte,1951-09-19T20:22:20+00:00,APPLAUSE:139011,Zeiss Double Astrograph,Vatican Observatory,1951-09-19T19:38:00+00:00,DASCH:ivo://org.gavo.dc/~?dasch/q/ac42138,Harvard DASCH,DASCH historical observing site unresolved,1951-09-20T01:17:38.399990343+00:00,candidate_three_site_pairwise_overlap,verify three timestamps and true footprint intersection; inspect all pixels
APPLAUSE:12587,Lippert-Astrograph (Hamburg),Hamburger Sternwarte,1951-09-19T21:37:08+00:00,APPLAUSE:139011,Zeiss Double Astrograph,Vatican Observatory,1951-09-19T19:38:00+00:00,DASCH:ivo://org.gavo.dc/~?dasch/q/ac42138,Harvard DASCH,DASCH historical observing site unresolved,1951-09-20T01:17:38.399990343+00:00,candidate_three_site_pairwise_overlap,verify three timestamps and true footprint intersection; inspect all pixels
APPLAUSE:12569,Lippert-Astrograph (Hamburg),Hamburger Sternwarte,1951-09-19T20:07:22+00:00,APPLAUSE:139011,Zeiss Double Astrograph,Vatican Observatory,1951-09-19T19:38:00+00:00,DASCH:ivo://org.gavo.dc/~?dasch/q/ac42138,Harvard DASCH,DASCH historical observing site unresolved,1951-09-20T01:17:38.399990343+00:00,candidate_three_site_pairwise_overlap,verify three timestamps and true footprint intersection; inspect all pixels
APPLAUSE:12575,Lippert-Astrograph (Hamburg),Hamburger Sternwarte,1951-09-19T20:37:17+00:00,APPLAUSE:139011,Zeiss Double Astrograph,Vatican Observatory,1951-09-19T19:38:00+00:00,DASCH:ivo://org.gavo.dc/~?dasch/q/ac42138,Harvard DASCH,DASCH historical observing site unresolved,1951-09-20T01:17:38.399990343+00:00,candidate_three_site_pairwise_overlap,verify three timestamps and true footprint intersection; inspect all pixels
APPLAUSE:12574,Lippert-Astrograph (Hamburg),Hamburger Sternwarte,1951-09-19T20:32:18+00:00,APPLAUSE:139011,Zeiss Double Astrograph,Vatican Observatory,1951-09-19T19:38:00+00:00,DASCH:ivo://org.gavo.dc/~?dasch/q/ac42138,Harvard DASCH,DASCH historical observing site unresolved,1951-09-20T01:17:38.399990343+00:00,candidate_three_site_pairwise_overlap,verify three timestamps and true footprint intersection; inspect all pixels
APPLAUSE:12566,Lippert-Astrograph (Hamburg),Hamburger Sternwarte,1951-09-19T19:47:25+00:00,APPLAUSE:139011,Zeiss Double Astrograph,Vatican Observatory,1951-09-19T19:38:00+00:00,DASCH:ivo://org.gavo.dc/~?dasch/q/ac42138,Harvard DASCH,DASCH historical observing site unresolved,1951-09-20T01:17:38.399990343+00:00,candidate_three_site_pairwise_overlap,verify three timestamps and true footprint intersection; inspect all pixels
APPLAUSE:12597,Lippert-Astrograph (Hamburg),Hamburger Sternwarte,1951-09-19T22:31:59+00:00,APPLAUSE:139011,Zeiss Double Astrograph,Vatican Observatory,1951-09-19T19:38:00+00:00,DASCH:ivo://org.gavo.dc/~?dasch/q/ac42138,Harvard DASCH,DASCH historical observing site unresolved,1951-09-20T01:17:38.399990343+00:00,candidate_three_site_pairwise_overlap,verify three timestamps and true footprint intersection; inspect all pixels
APPLAUSE:12565,Lippert-Astrograph (Hamburg),Hamburger Sternwarte,1951-09-19T19:42:26+00:00,APPLAUSE:139011,Zeiss Double Astrograph,Vatican Observatory,1951-09-19T19:38:00+00:00,DASCH:ivo://org.gavo.dc/~?dasch/q/ac42138,Harvard DASCH,DASCH historical observing site unresolved,1951-09-20T01:17:38.399990343+00:00,candidate_three_site_pairwise_overlap,verify three timestamps and true footprint intersection; inspect all pixels
APPLAUSE:12598,Lippert-Astrograph (Hamburg),Hamburger Sternwarte,1951-09-19T22:36:58+00:00,APPLAUSE:139011,Zeiss Double Astrograph,Vatican Observatory,1951-09-19T19:38:00+00:00,DASCH:ivo://org.gavo.dc/~?dasch/q/ac42138,Harvard DASCH,DASCH historical observing site unresolved,1951-09-20T01:17:38.399990343+00:00,candidate_three_site_pairwise_overlap,verify three timestamps and true footprint intersection; inspect all pixels
APPLAUSE:12571,Lippert-Astrograph (Hamburg),Hamburger Sternwarte,1951-09-19T20:17:21+00:00,APPLAUSE:139011,Zeiss Double Astrograph,Vatican Observatory,1951-09-19T19:38:00+00:00,DASCH:ivo://org.gavo.dc/~?dasch/q/ac42138,Harvard DASCH,DASCH historical observing site unresolved,1951-09-20T01:17:38.399990343+00:00,candidate_three_site_pairwise_overlap,verify three timestamps and true footprint intersection; inspect all pixels
APPLAUSE:12570,Lippert-Astrograph (Hamburg),Hamburger Sternwarte,1951-09-19T20:12:21+00:00,APPLAUSE:139011,Zeiss Double Astrograph,Vatican Observatory,1951-09-19T19:38:00+00:00,DASCH:ivo://org.gavo.dc/~?dasch/q/ac42138,Harvard DASCH,DASCH historical observing site unresolved,1951-09-20T01:17:38.399990343+00:00,candidate_three_site_pairwise_overlap,verify three timestamps and true footprint intersection; inspect all pixels
APPLAUSE:12579,Lippert-Astrograph (Hamburg),Hamburger Sternwarte,1951-09-19T20:57:14+00:00,APPLAUSE:139011,Zeiss Double Astrograph,Vatican Observatory,1951-09-19T19:38:00+00:00,DASCH:ivo://org.gavo.dc/~?dasch/q/ac42138,Harvard DASCH,DASCH historical observing site unresolved,1951-09-20T01:17:38.399990343+00:00,candidate_three_site_pairwise_overlap,verify three timestamps and true footprint intersection; inspect all pixels
APPLAUSE:12580,Lippert-Astrograph (Hamburg),Hamburger Sternwarte,1951-09-19T21:02:13+00:00,APPLAUSE:139011,Zeiss Double Astrograph,Vatican Observatory,1951-09-19T19:38:00+00:00,DASCH:ivo://org.gavo.dc/~?dasch/q/ac42138,Harvard DASCH,DASCH historical observing site unresolved,1951-09-20T01:17:38.399990343+00:00,candidate_three_site_pairwise_overlap,verify three timestamps and true footprint intersection; inspect all pixels
APPLAUSE:12593,Lippert-Astrograph (Hamburg),Hamburger Sternwarte,1951-09-19T22:07:03+00:00,APPLAUSE:139011,Zeiss Double Astrograph,Vatican Observatory,1951-09-19T19:38:00+00:00,DASCH:ivo://org.gavo.dc/~?dasch/q/ac42138,Harvard DASCH,DASCH historical observing site unresolved,1951-09-20T01:17:38.399990343+00:00,candidate_three_site_pairwise_overlap,verify three timestamps and true footprint intersection; inspect all pixels
APPLAUSE:12584,Lippert-Astrograph (Hamburg),Hamburger Sternwarte,1951-09-19T21:22:10+00:00,APPLAUSE:139011,Zeiss Double Astrograph,Vatican Observatory,1951-09-19T19:38:00+00:00,DASCH:ivo://org.gavo.dc/~?dasch/q/ac42138,Harvard DASCH,DASCH historical observing site unresolved,1951-09-20T01:17:38.399990343+00:00,candidate_three_site_pairwise_overlap,verify three timestamps and true footprint intersection; inspect all pixels
APPLAUSE:12591,Lippert-Astrograph (Hamburg),Hamburger Sternwarte,1951-09-19T21:57:04+00:00,APPLAUSE:139011,Zeiss Double Astrograph,Vatican Observatory,1951-09-19T19:38:00+00:00,DASCH:ivo://org.gavo.dc/~?dasch/q/ac42138,Harvard DASCH,DASCH historical observing site unresolved,1951-09-20T01:17:38.399990343+00:00,candidate_three_site_pairwise_overlap,verify three timestamps and true footprint intersection; inspect all pixels
APPLAUSE:12585,Lippert-Astrograph (Hamburg),Hamburger Sternwarte,1951-09-19T21:27:09+00:00,APPLAUSE:139012,Zeiss Double Astrograph,Vatican Observatory,1951-09-19T19:59:00+00:00,DASCH:ivo://org.gavo.dc/~?dasch/q/ac42138,Harvard DASCH,DASCH historical observing site unresolved,1951-09-20T01:17:38.399990343+00:00,candidate_three_site_pairwise_overlap,verify three timestamps and true footprint intersection; inspect all pixels
APPLAUSE:12592,Lippert-Astrograph (Hamburg),Hamburger Sternwarte,1951-09-19T22:02:04+00:00,APPLAUSE:139012,Zeiss Double Astrograph,Vatican Observatory,1951-09-19T19:59:00+00:00,DASCH:ivo://org.gavo.dc/~?dasch/q/ac42138,Harvard DASCH,DASCH historical observing site unresolved,1951-09-20T01:17:38.399990343+00:00,candidate_three_site_pairwise_overlap,verify three timestamps and true footprint intersection; inspect all pixels
APPLAUSE:12582,Lippert-Astrograph (Hamburg),Hamburger Sternwarte,1951-09-19T21:12:12+00:00,APPLAUSE:139012,Zeiss Double Astrograph,Vatican Observatory,1951-09-19T19:59:00+00:00,DASCH:ivo://org.gavo.dc/~?dasch/q/ac42138,Harvard DASCH,DASCH historical observing site unresolved,1951-09-20T01:17:38.399990343+00:00,candidate_three_site_pairwise_overlap,verify three timestamps and true footprint intersection; inspect all pixels
APPLAUSE:12596,Lippert-Astrograph (Hamburg),Hamburger Sternwarte,1951-09-19T22:27:00+00:00,APPLAUSE:139012,Zeiss Double Astrograph,Vatican Observatory,1951-09-19T19:59:00+00:00,DASCH:ivo://org.gavo.dc/~?dasch/q/ac42138,Harvard DASCH,DASCH historical observing site unresolved,1951-09-20T01:17:38.399990343+00:00,candidate_three_site_pairwise_overlap,verify three timestamps and true footprint intersection; inspect all pixels
APPLAUSE:12567,Lippert-Astrograph (Hamburg),Hamburger Sternwarte,1951-09-19T19:57:24+00:00,APPLAUSE:139012,Zeiss Double Astrograph,Vatican Observatory,1951-09-19T19:59:00+00:00,DASCH:ivo://org.gavo.dc/~?dasch/q/ac42138,Harvard DASCH,DASCH historical observing site unresolved,1951-09-20T01:17:38.399990343+00:00,candidate_three_site_pairwise_overlap,verify three timestamps and true footprint intersection; inspect all pixels
APPLAUSE:12577,Lippert-Astrograph (Hamburg),Hamburger Sternwarte,1951-09-19T20:47:16+00:00,APPLAUSE:139012,Zeiss Double Astrograph,Vatican Observatory,1951-09-19T19:59:00+00:00,DASCH:ivo://org.gavo.dc/~?dasch/q/ac42138,Harvard DASCH,DASCH historical observing site unresolved,1951-09-20T01:17:38.399990343+00:00,candidate_three_site_pairwise_overlap,verify three timestamps and true footprint intersection; inspect all pixels
APPLAUSE:12589,Lippert-Astrograph (Hamburg),Hamburger Sternwarte,1951-09-19T21:47:06+00:00,APPLAUSE:139012,Zeiss Double Astrograph,Vatican Observatory,1951-09-19T19:59:00+00:00,DASCH:ivo://org.gavo.dc/~?dasch/q/ac42138,Harvard DASCH,DASCH historical observing site unresolved,1951-09-20T01:17:38.399990343+00:00,candidate_three_site_pairwise_overlap,verify three timestamps and true footprint intersection; inspect all pixels
APPLAUSE:12595,Lippert-Astrograph (Hamburg),Hamburger Sternwarte,1951-09-19T22:22:00+00:00,APPLAUSE:139012,Zeiss Double Astrograph,Vatican Observatory,1951-09-19T19:59:00+00:00,DASCH:ivo://org.gavo.dc/~?dasch/q/ac42138,Harvard DASCH,DASCH historical observing site unresolved,1951-09-20T01:17:38.399990343+00:00,candidate_three_site_pairwise_overlap,verify three timestamps and true footprint intersection; inspect all pixels
APPLAUSE:12581,Lippert-Astrograph (Hamburg),Hamburger Sternwarte,1951-09-19T21:07:12+00:00,APPLAUSE:139012,Zeiss Double Astrograph,Vatican Observatory,1951-09-19T19:59:00+00:00,DASCH:ivo://org.gavo.dc/~?dasch/q/ac42138,Harvard DASCH,DASCH historical observing site unresolved,1951-09-20T01:17:38.399990343+00:00,candidate_three_site_pairwise_overlap,verify three timestamps and true footprint intersection; inspect all pixels
APPLAUSE:12568,Lippert-Astrograph (Hamburg),Hamburger Sternwarte,1951-09-19T20:02:23+00:00,APPLAUSE:139012,Zeiss Double Astrograph,Vatican Observatory,1951-09-19T19:59:00+00:00,DASCH:ivo://org.gavo.dc/~?dasch/q/ac42138,Harvard DASCH,DASCH historical observing site unresolved,1951-09-20T01:17:38.399990343+00:00,candidate_three_site_pairwise_overlap,verify three timestamps and true footprint intersection; inspect all pixels
APPLAUSE:12588,Lippert-Astrograph (Hamburg),Hamburger Sternwarte,1951-09-19T21:42:07+00:00,APPLAUSE:139012,Zeiss Double Astrograph,Vatican Observatory,1951-09-19T19:59:00+00:00,DASCH:ivo://org.gavo.dc/~?dasch/q/ac42138,Harvard DASCH,DASCH historical observing site unresolved,1951-09-20T01:17:38.399990343+00:00,candidate_three_site_pairwise_overlap,verify three timestamps and true footprint intersection; inspect all pixels
APPLAUSE:12586,Lippert-Astrograph (Hamburg),Hamburger Sternwarte,1951-09-19T21:32:08+00:00,APPLAUSE:139012,Zeiss Double Astrograph,Vatican Observatory,1951-09-19T19:59:00+00:00,DASCH:ivo://org.gavo.dc/~?dasch/q/ac42138,Harvard DASCH,DASCH historical observing site unresolved,1951-09-20T01:17:38.399990343+00:00,candidate_three_site_pairwise_overlap,verify three timestamps and true footprint intersection; inspect all pixels
APPLAUSE:12583,Lippert-Astrograph (Hamburg),Hamburger Sternwarte,1951-09-19T21:17:11+00:00,APPLAUSE:139012,Zeiss Double Astrograph,Vatican Observatory,1951-09-19T19:59:00+00:00,DASCH:ivo://org.gavo.dc/~?dasch/q/ac42138,Harvard DASCH,DASCH historical observing site unresolved,1951-09-20T01:17:38.399990343+00:00,candidate_three_site_pairwise_overlap,verify three timestamps and true footprint intersection; inspect all pixels
APPLAUSE:12576,Lippert-Astrograph (Hamburg),Hamburger Sternwarte,1951-09-19T20:42:17+00:00,APPLAUSE:139012,Zeiss Double Astrograph,Vatican Observatory,1951-09-19T19:59:00+00:00,DASCH:ivo://org.gavo.dc/~?dasch/q/ac42138,Harvard DASCH,DASCH historical observing site unresolved,1951-09-20T01:17:38.399990343+00:00,candidate_three_site_pairwise_overlap,verify three timestamps and true footprint intersection; inspect all pixels
APPLAUSE:12573,Lippert-Astrograph (Hamburg),Hamburger Sternwarte,1951-09-19T20:27:19+00:00,APPLAUSE:139012,Zeiss Double Astrograph,Vatican Observatory,1951-09-19T19:59:00+00:00,DASCH:ivo://org.gavo.dc/~?dasch/q/ac42138,Harvard DASCH,DASCH historical observing site unresolved,1951-09-20T01:17:38.399990343+00:00,candidate_three_site_pairwise_overlap,verify three timestamps and true footprint intersection; inspect all pixels
APPLAUSE:12590,Lippert-Astrograph (Hamburg),Hamburger Sternwarte,1951-09-19T21:52:05+00:00,APPLAUSE:139012,Zeiss Double Astrograph,Vatican Observatory,1951-09-19T19:59:00+00:00,DASCH:ivo://org.gavo.dc/~?dasch/q/ac42138,Harvard DASCH,DASCH historical observing site unresolved,1951-09-20T01:17:38.399990343+00:00,candidate_three_site_pairwise_overlap,verify three timestamps and true footprint intersection; inspect all pixels
APPLAUSE:12578,Lippert-Astrograph (Hamburg),Hamburger Sternwarte,1951-09-19T20:52:15+00:00,APPLAUSE:139012,Zeiss Double Astrograph,Vatican Observatory,1951-09-19T19:59:00+00:00,DASCH:ivo://org.gavo.dc/~?dasch/q/ac42138,Harvard DASCH,DASCH historical observing site unresolved,1951-09-20T01:17:38.399990343+00:00,candidate_three_site_pairwise_overlap,verify three timestamps and true footprint intersection; inspect all pixels
APPLAUSE:12594,Lippert-Astrograph (Hamburg),Hamburger Sternwarte,1951-09-19T22:17:01+00:00,APPLAUSE:139012,Zeiss Double Astrograph,Vatican Observatory,1951-09-19T19:59:00+00:00,DASCH:ivo://org.gavo.dc/~?dasch/q/ac42138,Harvard DASCH,DASCH historical observing site unresolved,1951-09-20T01:17:38.399990343+00:00,candidate_three_site_pairwise_overlap,verify three timestamps and true footprint intersection; inspect all pixels
APPLAUSE:12572,Lippert-Astrograph (Hamburg),Hamburger Sternwarte,1951-09-19T20:22:20+00:00,APPLAUSE:139012,Zeiss Double Astrograph,Vatican Observatory,1951-09-19T19:59:00+00:00,DASCH:ivo://org.gavo.dc/~?dasch/q/ac42138,Harvard DASCH,DASCH historical observing site unresolved,1951-09-20T01:17:38.399990343+00:00,candidate_three_site_pairwise_overlap,verify three timestamps and true footprint intersection; inspect all pixels
APPLAUSE:12587,Lippert-Astrograph (Hamburg),Hamburger Sternwarte,1951-09-19T21:37:08+00:00,APPLAUSE:139012,Zeiss Double Astrograph,Vatican Observatory,1951-09-19T19:59:00+00:00,DASCH:ivo://org.gavo.dc/~?dasch/q/ac42138,Harvard DASCH,DASCH historical observing site unresolved,1951-09-20T01:17:38.399990343+00:00,candidate_three_site_pairwise_overlap,verify three timestamps and true footprint intersection; inspect all pixels
APPLAUSE:12569,Lippert-Astrograph (Hamburg),Hamburger Sternwarte,1951-09-19T20:07:22+00:00,APPLAUSE:139012,Zeiss Double Astrograph,Vatican Observatory,1951-09-19T19:59:00+00:00,DASCH:ivo://org.gavo.dc/~?dasch/q/ac42138,Harvard DASCH,DASCH historical observing site unresolved,1951-09-20T01:17:38.399990343+00:00,candidate_three_site_pairwise_overlap,verify three timestamps and true footprint intersection; inspect all pixels
APPLAUSE:12575,Lippert-Astrograph (Hamburg),Hamburger Sternwarte,1951-09-19T20:37:17+00:00,APPLAUSE:139012,Zeiss Double Astrograph,Vatican Observatory,1951-09-19T19:59:00+00:00,DASCH:ivo://org.gavo.dc/~?dasch/q/ac42138,Harvard DASCH,DASCH historical observing site unresolved,1951-09-20T01:17:38.399990343+00:00,candidate_three_site_pairwise_overlap,verify three timestamps and true footprint intersection; inspect all pixels
APPLAUSE:12574,Lippert-Astrograph (Hamburg),Hamburger Sternwarte,1951-09-19T20:32:18+00:00,APPLAUSE:139012,Zeiss Double Astrograph,Vatican Observatory,1951-09-19T19:59:00+00:00,DASCH:ivo://org.gavo.dc/~?dasch/q/ac42138,Harvard DASCH,DASCH historical observing site unresolved,1951-09-20T01:17:38.399990343+00:00,candidate_three_site_pairwise_overlap,verify three timestamps and true footprint intersection; inspect all pixels
APPLAUSE:12566,Lippert-Astrograph (Hamburg),Hamburger Sternwarte,1951-09-19T19:47:25+00:00,APPLAUSE:139012,Zeiss Double Astrograph,Vatican Observatory,1951-09-19T19:59:00+00:00,DASCH:ivo://org.gavo.dc/~?dasch/q/ac42138,Harvard DASCH,DASCH historical observing site unresolved,1951-09-20T01:17:38.399990343+00:00,candidate_three_site_pairwise_overlap,verify three timestamps and true footprint intersection; inspect all pixels
APPLAUSE:12597,Lippert-Astrograph (Hamburg),Hamburger Sternwarte,1951-09-19T22:31:59+00:00,APPLAUSE:139012,Zeiss Double Astrograph,Vatican Observatory,1951-09-19T19:59:00+00:00,DASCH:ivo://org.gavo.dc/~?dasch/q/ac42138,Harvard DASCH,DASCH historical observing site unresolved,1951-09-20T01:17:38.399990343+00:00,candidate_three_site_pairwise_overlap,verify three timestamps and true footprint intersection; inspect all pixels
APPLAUSE:12565,Lippert-Astrograph (Hamburg),Hamburger Sternwarte,1951-09-19T19:42:26+00:00,APPLAUSE:139012,Zeiss Double Astrograph,Vatican Observatory,1951-09-19T19:59:00+00:00,DASCH:ivo://org.gavo.dc/~?dasch/q/ac42138,Harvard DASCH,DASCH historical observing site unresolved,1951-09-20T01:17:38.399990343+00:00,candidate_three_site_pairwise_overlap,verify three timestamps and true footprint intersection; inspect all pixels
APPLAUSE:12598,Lippert-Astrograph (Hamburg),Hamburger Sternwarte,1951-09-19T22:36:58+00:00,APPLAUSE:139012,Zeiss Double Astrograph,Vatican Observatory,1951-09-19T19:59:00+00:00,DASCH:ivo://org.gavo.dc/~?dasch/q/ac42138,Harvard DASCH,DASCH historical observing site unresolved,1951-09-20T01:17:38.399990343+00:00,candidate_three_site_pairwise_overlap,verify three timestamps and true footprint intersection; inspect all pixels
APPLAUSE:12571,Lippert-Astrograph (Hamburg),Hamburger Sternwarte,1951-09-19T20:17:21+00:00,APPLAUSE:139012,Zeiss Double Astrograph,Vatican Observatory,1951-09-19T19:59:00+00:00,DASCH:ivo://org.gavo.dc/~?dasch/q/ac42138,Harvard DASCH,DASCH historical observing site unresolved,1951-09-20T01:17:38.399990343+00:00,candidate_three_site_pairwise_overlap,verify three timestamps and true footprint intersection; inspect all pixels
APPLAUSE:12570,Lippert-Astrograph (Hamburg),Hamburger Sternwarte,1951-09-19T20:12:21+00:00,APPLAUSE:139012,Zeiss Double Astrograph,Vatican Observatory,1951-09-19T19:59:00+00:00,DASCH:ivo://org.gavo.dc/~?dasch/q/ac42138,Harvard DASCH,DASCH historical observing site unresolved,1951-09-20T01:17:38.399990343+00:00,candidate_three_site_pairwise_overlap,verify three timestamps and true footprint intersection; inspect all pixels
APPLAUSE:12579,Lippert-Astrograph (Hamburg),Hamburger Sternwarte,1951-09-19T20:57:14+00:00,APPLAUSE:139012,Zeiss Double Astrograph,Vatican Observatory,1951-09-19T19:59:00+00:00,DASCH:ivo://org.gavo.dc/~?dasch/q/ac42138,Harvard DASCH,DASCH historical observing site unresolved,1951-09-20T01:17:38.399990343+00:00,candidate_three_site_pairwise_overlap,verify three timestamps and true footprint intersection; inspect all pixels
APPLAUSE:12580,Lippert-Astrograph (Hamburg),Hamburger Sternwarte,1951-09-19T21:02:13+00:00,APPLAUSE:139012,Zeiss Double Astrograph,Vatican Observatory,1951-09-19T19:59:00+00:00,DASCH:ivo://org.gavo.dc/~?dasch/q/ac42138,Harvard DASCH,DASCH historical observing site unresolved,1951-09-20T01:17:38.399990343+00:00,candidate_three_site_pairwise_overlap,verify three timestamps and true footprint intersection; inspect all pixels
APPLAUSE:12593,Lippert-Astrograph (Hamburg),Hamburger Sternwarte,1951-09-19T22:07:03+00:00,APPLAUSE:139012,Zeiss Double Astrograph,Vatican Observatory,1951-09-19T19:59:00+00:00,DASCH:ivo://org.gavo.dc/~?dasch/q/ac42138,Harvard DASCH,DASCH historical observing site unresolved,1951-09-20T01:17:38.399990343+00:00,candidate_three_site_pairwise_overlap,verify three timestamps and true footprint intersection; inspect all pixels
APPLAUSE:12584,Lippert-Astrograph (Hamburg),Hamburger Sternwarte,1951-09-19T21:22:10+00:00,APPLAUSE:139012,Zeiss Double Astrograph,Vatican Observatory,1951-09-19T19:59:00+00:00,DASCH:ivo://org.gavo.dc/~?dasch/q/ac42138,Harvard DASCH,DASCH historical observing site unresolved,1951-09-20T01:17:38.399990343+00:00,candidate_three_site_pairwise_overlap,verify three timestamps and true footprint intersection; inspect all pixels
APPLAUSE:12591,Lippert-Astrograph (Hamburg),Hamburger Sternwarte,1951-09-19T21:57:04+00:00,APPLAUSE:139012,Zeiss Double Astrograph,Vatican Observatory,1951-09-19T19:59:00+00:00,DASCH:ivo://org.gavo.dc/~?dasch/q/ac42138,Harvard DASCH,DASCH historical observing site unresolved,1951-09-20T01:17:38.399990343+00:00,candidate_three_site_pairwise_overlap,verify three timestamps and true footprint intersection; inspect all pixels
APPLAUSE:131872,"Astrograph, Bamberg Northern Sky Patrol","Dr. Karl Remeis-Sternwarte, Bamberg",1951-11-27T22:00:00+00:00,DASCH:ivo://org.gavo.dc/~?dasch/q/bi05501,Harvard DASCH,DASCH historical observing site unresolved,1951-11-27T18:02:50.799985739+00:00,POSS-I:435:E,POSS-I Palomar,Palomar Observatory,1951-11-28T00:10:00+00:00,candidate_three_site_pairwise_overlap,verify three timestamps and true footprint intersection; inspect all pixels
APPLAUSE:131873,"Astrograph, Bamberg Northern Sky Patrol","Dr. Karl Remeis-Sternwarte, Bamberg",1951-11-27T22:00:00+00:00,DASCH:ivo://org.gavo.dc/~?dasch/q/bi05501,Harvard DASCH,DASCH historical observing site unresolved,1951-11-27T18:02:50.799985739+00:00,POSS-I:435:E,POSS-I Palomar,Palomar Observatory,1951-11-28T00:10:00+00:00,candidate_three_site_pairwise_overlap,verify three timestamps and true footprint intersection; inspect all pixels
APPLAUSE:131875,"Astrograph, Bamberg Northern Sky Patrol","Dr. Karl Remeis-Sternwarte, Bamberg",1951-11-27T23:57:00+00:00,DASCH:ivo://org.gavo.dc/~?dasch/q/bi05501,Harvard DASCH,DASCH historical observing site unresolved,1951-11-27T18:02:50.799985739+00:00,POSS-I:435:E,POSS-I Palomar,Palomar Observatory,1951-11-28T00:10:00+00:00,candidate_three_site_pairwise_overlap,verify three timestamps and true footprint intersection; inspect all pixels
APPLAUSE:131874,"Astrograph, Bamberg Northern Sky Patrol","Dr. Karl Remeis-Sternwarte, Bamberg",1951-11-27T22:58:00+00:00,DASCH:ivo://org.gavo.dc/~?dasch/q/bi05501,Harvard DASCH,DASCH historical observing site unresolved,1951-11-27T18:02:50.799985739+00:00,POSS-I:435:E,POSS-I Palomar,Palomar Observatory,1951-11-28T00:10:00+00:00,candidate_three_site_pairwise_overlap,verify three timestamps and true footprint intersection; inspect all pixels
APPLAUSE:131871,"Astrograph, Bamberg Northern Sky Patrol","Dr. Karl Remeis-Sternwarte, Bamberg",1951-11-27T20:58:00+00:00,DASCH:ivo://org.gavo.dc/~?dasch/q/bi05501,Harvard DASCH,DASCH historical observing site unresolved,1951-11-27T18:02:50.799985739+00:00,POSS-I:435:E,POSS-I Palomar,Palomar Observatory,1951-11-28T00:10:00+00:00,candidate_three_site_pairwise_overlap,verify three timestamps and true footprint intersection; inspect all pixels
APPLAUSE:131871,"Astrograph, Bamberg Northern Sky Patrol","Dr. Karl Remeis-Sternwarte, Bamberg",1951-11-27T20:58:00+00:00,DASCH:ivo://org.gavo.dc/~?dasch/q/rb17012,Harvard DASCH,DASCH historical observing site unresolved,1951-11-27T20:07:30.299991879+00:00,POSS-I:435:O,POSS-I Palomar,Palomar Observatory,1951-11-28T01:09:00+00:00,candidate_three_site_pairwise_overlap,verify three timestamps and true footprint intersection; inspect all pixels
APPLAUSE:131871,"Astrograph, Bamberg Northern Sky Patrol","Dr. Karl Remeis-Sternwarte, Bamberg",1951-11-27T20:58:00+00:00,DASCH:ivo://org.gavo.dc/~?dasch/q/bi05502,Harvard DASCH,DASCH historical observing site unresolved,1951-11-27T20:04:30.800020010+00:00,POSS-I:435:O,POSS-I Palomar,Palomar Observatory,1951-11-28T01:09:00+00:00,candidate_three_site_pairwise_overlap,verify three timestamps and true footprint intersection; inspect all pixels
APPLAUSE:131871,"Astrograph, Bamberg Northern Sky Patrol","Dr. Karl Remeis-Sternwarte, Bamberg",1951-11-27T20:58:00+00:00,DASCH:ivo://org.gavo.dc/~?dasch/q/bi05502,Harvard DASCH,DASCH historical observing site unresolved,1951-11-27T20:04:30.800020010+00:00,POSS-I:435:E,POSS-I Palomar,Palomar Observatory,1951-11-28T00:10:00+00:00,candidate_three_site_pairwise_overlap,verify three timestamps and true footprint intersection; inspect all pixels
APPLAUSE:131871,"Astrograph, Bamberg Northern Sky Patrol","Dr. Karl Remeis-Sternwarte, Bamberg",1951-11-27T20:58:00+00:00,DASCH:ivo://org.gavo.dc/~?dasch/q/rb17012,Harvard DASCH,DASCH historical observing site unresolved,1951-11-27T20:07:30.299991879+00:00,POSS-I:435:E,POSS-I Palomar,Palomar Observatory,1951-11-28T00:10:00+00:00,candidate_three_site_pairwise_overlap,verify three timestamps and true footprint intersection; inspect all pixels
APPLAUSE:131872,"Astrograph, Bamberg Northern Sky Patrol","Dr. Karl Remeis-Sternwarte, Bamberg",1951-11-27T22:00:00+00:00,DASCH:ivo://org.gavo.dc/~?dasch/q/rb17012,Harvard DASCH,DASCH historical observing site unresolved,1951-11-27T20:07:30.299991879+00:00,POSS-I:435:O,POSS-I Palomar,Palomar Observatory,1951-11-28T01:09:00+00:00,candidate_three_site_pairwise_overlap,verify three timestamps and true footprint intersection; inspect all pixels
APPLAUSE:131872,"Astrograph, Bamberg Northern Sky Patrol","Dr. Karl Remeis-Sternwarte, Bamberg",1951-11-27T22:00:00+00:00,DASCH:ivo://org.gavo.dc/~?dasch/q/bi05502,Harvard DASCH,DASCH historical observing site unresolved,1951-11-27T20:04:30.800020010+00:00,POSS-I:435:O,POSS-I Palomar,Palomar Observatory,1951-11-28T01:09:00+00:00,candidate_three_site_pairwise_overlap,verify three timestamps and true footprint intersection; inspect all pixels
APPLAUSE:131872,"Astrograph, Bamberg Northern Sky Patrol","Dr. Karl Remeis-Sternwarte, Bamberg",1951-11-27T22:00:00+00:00,DASCH:ivo://org.gavo.dc/~?dasch/q/bi05502,Harvard DASCH,DASCH historical observing site unresolved,1951-11-27T20:04:30.800020010+00:00,POSS-I:435:E,POSS-I Palomar,Palomar Observatory,1951-11-28T00:10:00+00:00,candidate_three_site_pairwise_overlap,verify three timestamps and true footprint intersection; inspect all pixels
APPLAUSE:131872,"Astrograph, Bamberg Northern Sky Patrol","Dr. Karl Remeis-Sternwarte, Bamberg",1951-11-27T22:00:00+00:00,DASCH:ivo://org.gavo.dc/~?dasch/q/rb17012,Harvard DASCH,DASCH historical observing site unresolved,1951-11-27T20:07:30.299991879+00:00,POSS-I:435:E,POSS-I Palomar,Palomar Observatory,1951-11-28T00:10:00+00:00,candidate_three_site_pairwise_overlap,verify three timestamps and true footprint intersection; inspect all pixels
APPLAUSE:131873,"Astrograph, Bamberg Northern Sky Patrol","Dr. Karl Remeis-Sternwarte, Bamberg",1951-11-27T22:00:00+00:00,DASCH:ivo://org.gavo.dc/~?dasch/q/rb17012,Harvard DASCH,DASCH historical observing site unresolved,1951-11-27T20:07:30.299991879+00:00,POSS-I:435:O,POSS-I Palomar,Palomar Observatory,1951-11-28T01:09:00+00:00,candidate_three_site_pairwise_overlap,verify three timestamps and true footprint intersection; inspect all pixels
APPLAUSE:131873,"Astrograph, Bamberg Northern Sky Patrol","Dr. Karl Remeis-Sternwarte, Bamberg",1951-11-27T22:00:00+00:00,DASCH:ivo://org.gavo.dc/~?dasch/q/bi05502,Harvard DASCH,DASCH historical observing site unresolved,1951-11-27T20:04:30.800020010+00:00,POSS-I:435:O,POSS-I Palomar,Palomar Observatory,1951-11-28T01:09:00+00:00,candidate_three_site_pairwise_overlap,verify three timestamps and true footprint intersection; inspect all pixels
APPLAUSE:131873,"Astrograph, Bamberg Northern Sky Patrol","Dr. Karl Remeis-Sternwarte, Bamberg",1951-11-27T22:00:00+00:00,DASCH:ivo://org.gavo.dc/~?dasch/q/bi05502,Harvard DASCH,DASCH historical observing site unresolved,1951-11-27T20:04:30.800020010+00:00,POSS-I:435:E,POSS-I Palomar,Palomar Observatory,1951-11-28T00:10:00+00:00,candidate_three_site_pairwise_overlap,verify three timestamps and true footprint intersection; inspect all pixels
APPLAUSE:131873,"Astrograph, Bamberg Northern Sky Patrol","Dr. Karl Remeis-Sternwarte, Bamberg",1951-11-27T22:00:00+00:00,DASCH:ivo://org.gavo.dc/~?dasch/q/rb17012,Harvard DASCH,DASCH historical observing site unresolved,1951-11-27T20:07:30.299991879+00:00,POSS-I:435:E,POSS-I Palomar,Palomar Observatory,1951-11-28T00:10:00+00:00,candidate_three_site_pairwise_overlap,verify three timestamps and true footprint intersection; inspect all pixels
APPLAUSE:131874,"Astrograph, Bamberg Northern Sky Patrol","Dr. Karl Remeis-Sternwarte, Bamberg",1951-11-27T22:58:00+00:00,DASCH:ivo://org.gavo.dc/~?dasch/q/rb17012,Harvard DASCH,DASCH historical observing site unresolved,1951-11-27T20:07:30.299991879+00:00,POSS-I:435:O,POSS-I Palomar,Palomar Observatory,1951-11-28T01:09:00+00:00,candidate_three_site_pairwise_overlap,verify three timestamps and true footprint intersection; inspect all pixels
APPLAUSE:131874,"Astrograph, Bamberg Northern Sky Patrol","Dr. Karl Remeis-Sternwarte, Bamberg",1951-11-27T22:58:00+00:00,DASCH:ivo://org.gavo.dc/~?dasch/q/bi05502,Harvard DASCH,DASCH historical observing site unresolved,1951-11-27T20:04:30.800020010+00:00,POSS-I:435:O,POSS-I Palomar,Palomar Observatory,1951-11-28T01:09:00+00:00,candidate_three_site_pairwise_overlap,verify three timestamps and true footprint intersection; inspect all pixels
APPLAUSE:131874,"Astrograph, Bamberg Northern Sky Patrol","Dr. Karl Remeis-Sternwarte, Bamberg",1951-11-27T22:58:00+00:00,DASCH:ivo://org.gavo.dc/~?dasch/q/bi05502,Harvard DASCH,DASCH historical observing site unresolved,1951-11-27T20:04:30.800020010+00:00,POSS-I:435:E,POSS-I Palomar,Palomar Observatory,1951-11-28T00:10:00+00:00,candidate_three_site_pairwise_overlap,verify three timestamps and true footprint intersection; inspect all pixels
APPLAUSE:131874,"Astrograph, Bamberg Northern Sky Patrol","Dr. Karl Remeis-Sternwarte, Bamberg",1951-11-27T22:58:00+00:00,DASCH:ivo://org.gavo.dc/~?dasch/q/rb17012,Harvard DASCH,DASCH historical observing site unresolved,1951-11-27T20:07:30.299991879+00:00,POSS-I:435:E,POSS-I Palomar,Palomar Observatory,1951-11-28T00:10:00+00:00,candidate_three_site_pairwise_overlap,verify three timestamps and true footprint intersection; inspect all pixels
APPLAUSE:131875,"Astrograph, Bamberg Northern Sky Patrol","Dr. Karl Remeis-Sternwarte, Bamberg",1951-11-27T23:57:00+00:00,DASCH:ivo://org.gavo.dc/~?dasch/q/rb17012,Harvard DASCH,DASCH historical observing site unresolved,1951-11-27T20:07:30.299991879+00:00,POSS-I:435:O,POSS-I Palomar,Palomar Observatory,1951-11-28T01:09:00+00:00,candidate_three_site_pairwise_overlap,verify three timestamps and true footprint intersection; inspect all pixels
APPLAUSE:131875,"Astrograph, Bamberg Northern Sky Patrol","Dr. Karl Remeis-Sternwarte, Bamberg",1951-11-27T23:57:00+00:00,DASCH:ivo://org.gavo.dc/~?dasch/q/bi05502,Harvard DASCH,DASCH historical observing site unresolved,1951-11-27T20:04:30.800020010+00:00,POSS-I:435:O,POSS-I Palomar,Palomar Observatory,1951-11-28T01:09:00+00:00,candidate_three_site_pairwise_overlap,verify three timestamps and true footprint intersection; inspect all pixels
APPLAUSE:131875,"Astrograph, Bamberg Northern Sky Patrol","Dr. Karl Remeis-Sternwarte, Bamberg",1951-11-27T23:57:00+00:00,DASCH:ivo://org.gavo.dc/~?dasch/q/bi05502,Harvard DASCH,DASCH historical observing site unresolved,1951-11-27T20:04:30.800020010+00:00,POSS-I:435:E,POSS-I Palomar,Palomar Observatory,1951-11-28T00:10:00+00:00,candidate_three_site_pairwise_overlap,verify three timestamps and true footprint intersection; inspect all pixels
APPLAUSE:131875,"Astrograph, Bamberg Northern Sky Patrol","Dr. Karl Remeis-Sternwarte, Bamberg",1951-11-27T23:57:00+00:00,DASCH:ivo://org.gavo.dc/~?dasch/q/rb17012,Harvard DASCH,DASCH historical observing site unresolved,1951-11-27T20:07:30.299991879+00:00,POSS-I:435:E,POSS-I Palomar,Palomar Observatory,1951-11-28T00:10:00+00:00,candidate_three_site_pairwise_overlap,verify three timestamps and true footprint intersection; inspect all pixels
APPLAUSE:13879,Lippert-Astrograph (Hamburg),Hamburger Sternwarte,1953-08-11T23:43:31+00:00,APPLAUSE:139433,Zeiss Double Astrograph,Vatican Observatory,1953-08-11T23:32:00+00:00,DASCH:ivo://org.gavo.dc/~?dasch/q/fa13178,Harvard DASCH,DASCH historical observing site unresolved,1953-08-12T05:05:00.000010613+00:00,candidate_three_site_pairwise_overlap,verify three timestamps and true footprint intersection; inspect all pixels
APPLAUSE:13937,Lippert-Astrograph (Hamburg),Hamburger Sternwarte,1953-09-08T21:08:32+00:00,APPLAUSE:139495,Zeiss Double Astrograph,Vatican Observatory,1953-09-08T20:45:00+00:00,DASCH:ivo://org.gavo.dc/~?dasch/q/j04487,Harvard DASCH,DASCH historical observing site unresolved,1953-09-09T02:51:46.299995418+00:00,candidate_three_site_pairwise_overlap,verify three timestamps and true footprint intersection; inspect all pixels
APPLAUSE:13938,Lippert-Astrograph (Hamburg),Hamburger Sternwarte,1953-09-08T21:26:00+00:00,APPLAUSE:139495,Zeiss Double Astrograph,Vatican Observatory,1953-09-08T20:45:00+00:00,DASCH:ivo://org.gavo.dc/~?dasch/q/j04487,Harvard DASCH,DASCH historical observing site unresolved,1953-09-09T02:51:46.299995418+00:00,candidate_three_site_pairwise_overlap,verify three timestamps and true footprint intersection; inspect all pixels
