raw_match_row,population,a_endpoint_status,b_endpoint_status,a_control_count,b_control_count,a_outlier_metric_count,b_outlier_metric_count,a_outlier_metrics,b_outlier_metrics,pair_morphology_context,candidate_disposition_changed
292670,PRIMARY_424,MORPHOLOGY_NOT_OUTLIER_VS_SNR_MATCHED_CONTROLS,MORPHOLOGY_NOT_OUTLIER_VS_SNR_MATCHED_CONTROLS,30,32,0,0,,,NO_MORPHOLOGY_OUTLIER_EITHER_ENDPOINT,False
292672,PRIMARY_424,MORPHOLOGY_NOT_OUTLIER_VS_SNR_MATCHED_CONTROLS,MORPHOLOGY_NOT_OUTLIER_VS_SNR_MATCHED_CONTROLS,32,32,0,0,,,NO_MORPHOLOGY_OUTLIER_EITHER_ENDPOINT,False
292673,PRIMARY_424,MORPHOLOGY_NOT_OUTLIER_VS_SNR_MATCHED_CONTROLS,MORPHOLOGY_NOT_OUTLIER_VS_SNR_MATCHED_CONTROLS,32,32,0,0,,,NO_MORPHOLOGY_OUTLIER_EITHER_ENDPOINT,False
292675,DIAGNOSTIC_179,MORPHOLOGY_OUTLIER_VS_SNR_MATCHED_CONTROLS,MORPHOLOGY_NOT_OUTLIER_VS_SNR_MATCHED_CONTROLS,5,32,1,0,ellipticity,,MORPHOLOGY_OUTLIER_ONE_ENDPOINT,False
292677,DIAGNOSTIC_179,MORPHOLOGY_OUTLIER_VS_SNR_MATCHED_CONTROLS,MORPHOLOGY_NOT_OUTLIER_VS_SNR_MATCHED_CONTROLS,32,32,4,0,sigma_major_px;ellipticity;concentration_f3_f8;peak_to_flux5,,MORPHOLOGY_OUTLIER_ONE_ENDPOINT,False
292678,PRIMARY_424,MORPHOLOGY_NOT_OUTLIER_VS_SNR_MATCHED_CONTROLS,MORPHOLOGY_NOT_OUTLIER_VS_SNR_MATCHED_CONTROLS,32,32,0,0,,,NO_MORPHOLOGY_OUTLIER_EITHER_ENDPOINT,False
292679,PRIMARY_424,MORPHOLOGY_NOT_OUTLIER_VS_SNR_MATCHED_CONTROLS,MORPHOLOGY_NOT_OUTLIER_VS_SNR_MATCHED_CONTROLS,14,32,0,0,,,NO_MORPHOLOGY_OUTLIER_EITHER_ENDPOINT,False
292681,PRIMARY_424,MORPHOLOGY_NOT_OUTLIER_VS_SNR_MATCHED_CONTROLS,MORPHOLOGY_NOT_OUTLIER_VS_SNR_MATCHED_CONTROLS,32,32,0,0,,,NO_MORPHOLOGY_OUTLIER_EITHER_ENDPOINT,False
292687,PRIMARY_424,MORPHOLOGY_NOT_OUTLIER_VS_SNR_MATCHED_CONTROLS,MORPHOLOGY_NOT_OUTLIER_VS_SNR_MATCHED_CONTROLS,12,32,0,0,,,NO_MORPHOLOGY_OUTLIER_EITHER_ENDPOINT,False
292689,PRIMARY_424,MORPHOLOGY_OUTLIER_VS_SNR_MATCHED_CONTROLS,MORPHOLOGY_NOT_OUTLIER_VS_SNR_MATCHED_CONTROLS,32,32,3,0,sigma_major_px;ellipticity;concentration_f3_f8,,MORPHOLOGY_OUTLIER_ONE_ENDPOINT,False
292691,DIAGNOSTIC_179,MORPHOLOGY_NOT_OUTLIER_VS_SNR_MATCHED_CONTROLS,MORPHOLOGY_NOT_OUTLIER_VS_SNR_MATCHED_CONTROLS,32,32,0,0,,,NO_MORPHOLOGY_OUTLIER_EITHER_ENDPOINT,False
292692,PRIMARY_424,MORPHOLOGY_NOT_OUTLIER_VS_SNR_MATCHED_CONTROLS,MORPHOLOGY_NOT_OUTLIER_VS_SNR_MATCHED_CONTROLS,32,32,0,0,,,NO_MORPHOLOGY_OUTLIER_EITHER_ENDPOINT,False
292693,PRIMARY_424,MORPHOLOGY_NOT_OUTLIER_VS_SNR_MATCHED_CONTROLS,MORPHOLOGY_NOT_OUTLIER_VS_SNR_MATCHED_CONTROLS,13,32,0,0,,,NO_MORPHOLOGY_OUTLIER_EITHER_ENDPOINT,False
292695,DIAGNOSTIC_179,MORPHOLOGY_NOT_OUTLIER_VS_SNR_MATCHED_CONTROLS,MORPHOLOGY_NOT_OUTLIER_VS_SNR_MATCHED_CONTROLS,13,32,0,0,,,NO_MORPHOLOGY_OUTLIER_EITHER_ENDPOINT,False
292697,PRIMARY_424,MORPHOLOGY_NOT_OUTLIER_VS_SNR_MATCHED_CONTROLS,MORPHOLOGY_NOT_OUTLIER_VS_SNR_MATCHED_CONTROLS,17,32,0,0,,,NO_MORPHOLOGY_OUTLIER_EITHER_ENDPOINT,False
292698,PRIMARY_424,MORPHOLOGY_NOT_OUTLIER_VS_SNR_MATCHED_CONTROLS,MORPHOLOGY_NOT_OUTLIER_VS_SNR_MATCHED_CONTROLS,32,32,0,0,,,NO_MORPHOLOGY_OUTLIER_EITHER_ENDPOINT,False
292700,PRIMARY_424,MORPHOLOGY_NOT_OUTLIER_VS_SNR_MATCHED_CONTROLS,MORPHOLOGY_NOT_OUTLIER_VS_SNR_MATCHED_CONTROLS,14,32,0,0,,,NO_MORPHOLOGY_OUTLIER_EITHER_ENDPOINT,False
292701,PRIMARY_424,MORPHOLOGY_NOT_OUTLIER_VS_SNR_MATCHED_CONTROLS,MORPHOLOGY_NOT_OUTLIER_VS_SNR_MATCHED_CONTROLS,14,32,0,0,,,NO_MORPHOLOGY_OUTLIER_EITHER_ENDPOINT,False
292702,PRIMARY_424,MORPHOLOGY_OUTLIER_VS_SNR_MATCHED_CONTROLS,MORPHOLOGY_NOT_OUTLIER_VS_SNR_MATCHED_CONTROLS,32,32,5,0,sigma_major_px;sigma_minor_px;ellipticity;centroid_offset_px;concentration_f3_f8,,MORPHOLOGY_OUTLIER_ONE_ENDPOINT,False
292704,PRIMARY_424,MORPHOLOGY_NOT_OUTLIER_VS_SNR_MATCHED_CONTROLS,MORPHOLOGY_NOT_OUTLIER_VS_SNR_MATCHED_CONTROLS,29,32,0,0,,,NO_MORPHOLOGY_OUTLIER_EITHER_ENDPOINT,False
292710,PRIMARY_424,MORPHOLOGY_NOT_OUTLIER_VS_SNR_MATCHED_CONTROLS,MORPHOLOGY_NOT_OUTLIER_VS_SNR_MATCHED_CONTROLS,32,32,0,0,,,NO_MORPHOLOGY_OUTLIER_EITHER_ENDPOINT,False
292711,PRIMARY_424,MORPHOLOGY_NOT_OUTLIER_VS_SNR_MATCHED_CONTROLS,MORPHOLOGY_NOT_OUTLIER_VS_SNR_MATCHED_CONTROLS,19,32,0,0,,,NO_MORPHOLOGY_OUTLIER_EITHER_ENDPOINT,False
292712,PRIMARY_424,MORPHOLOGY_NOT_OUTLIER_VS_SNR_MATCHED_CONTROLS,MORPHOLOGY_NOT_OUTLIER_VS_SNR_MATCHED_CONTROLS,20,32,0,0,,,NO_MORPHOLOGY_OUTLIER_EITHER_ENDPOINT,False
292713,DIAGNOSTIC_179,MORPHOLOGY_NOT_OUTLIER_VS_SNR_MATCHED_CONTROLS,MORPHOLOGY_NOT_OUTLIER_VS_SNR_MATCHED_CONTROLS,32,32,0,0,,,NO_MORPHOLOGY_OUTLIER_EITHER_ENDPOINT,False
292714,PRIMARY_424,MORPHOLOGY_NOT_OUTLIER_VS_SNR_MATCHED_CONTROLS,MORPHOLOGY_NOT_OUTLIER_VS_SNR_MATCHED_CONTROLS,7,28,0,0,,,NO_MORPHOLOGY_OUTLIER_EITHER_ENDPOINT,False
292715,DIAGNOSTIC_179,MORPHOLOGY_OUTLIER_VS_SNR_MATCHED_CONTROLS,MORPHOLOGY_NOT_OUTLIER_VS_SNR_MATCHED_CONTROLS,32,32,4,0,sigma_major_px;ellipticity;concentration_f3_f8;peak_to_flux5,,MORPHOLOGY_OUTLIER_ONE_ENDPOINT,False
292720,PRIMARY_424,MORPHOLOGY_NOT_OUTLIER_VS_SNR_MATCHED_CONTROLS,MORPHOLOGY_NOT_OUTLIER_VS_SNR_MATCHED_CONTROLS,10,32,0,0,,,NO_MORPHOLOGY_OUTLIER_EITHER_ENDPOINT,False
292721,PRIMARY_424,MORPHOLOGY_OUTLIER_VS_SNR_MATCHED_CONTROLS,MORPHOLOGY_NOT_OUTLIER_VS_SNR_MATCHED_CONTROLS,29,32,5,0,sigma_major_px;sigma_minor_px;ellipticity;centroid_offset_px;concentration_f3_f8,,MORPHOLOGY_OUTLIER_ONE_ENDPOINT,False
292725,PRIMARY_424,MORPHOLOGY_NOT_OUTLIER_VS_SNR_MATCHED_CONTROLS,MORPHOLOGY_NOT_OUTLIER_VS_SNR_MATCHED_CONTROLS,13,32,0,0,,,NO_MORPHOLOGY_OUTLIER_EITHER_ENDPOINT,False
292728,DIAGNOSTIC_179,MORPHOLOGY_NOT_OUTLIER_VS_SNR_MATCHED_CONTROLS,MORPHOLOGY_NOT_OUTLIER_VS_SNR_MATCHED_CONTROLS,12,32,0,0,,,NO_MORPHOLOGY_OUTLIER_EITHER_ENDPOINT,False
292730,PRIMARY_424,MORPHOLOGY_OUTLIER_VS_SNR_MATCHED_CONTROLS,MORPHOLOGY_NOT_OUTLIER_VS_SNR_MATCHED_CONTROLS,12,32,1,0,ellipticity,,MORPHOLOGY_OUTLIER_ONE_ENDPOINT,False
292733,PRIMARY_424,MORPHOLOGY_NOT_OUTLIER_VS_SNR_MATCHED_CONTROLS,MORPHOLOGY_NOT_OUTLIER_VS_SNR_MATCHED_CONTROLS,9,32,0,0,,,NO_MORPHOLOGY_OUTLIER_EITHER_ENDPOINT,False
292737,DIAGNOSTIC_179,MORPHOLOGY_NOT_OUTLIER_VS_SNR_MATCHED_CONTROLS,MORPHOLOGY_NOT_OUTLIER_VS_SNR_MATCHED_CONTROLS,6,31,0,0,,,NO_MORPHOLOGY_OUTLIER_EITHER_ENDPOINT,False
292738,PRIMARY_424,MORPHOLOGY_NOT_OUTLIER_VS_SNR_MATCHED_CONTROLS,MORPHOLOGY_NOT_OUTLIER_VS_SNR_MATCHED_CONTROLS,18,32,0,0,,,NO_MORPHOLOGY_OUTLIER_EITHER_ENDPOINT,False
292739,PRIMARY_424,INSUFFICIENT_USABLE_MATCHED_CONTROLS,MORPHOLOGY_NOT_OUTLIER_VS_SNR_MATCHED_CONTROLS,3,28,,0,,,MORPHOLOGY_UNRESOLVED_ONE_OR_MORE_ENDPOINTS,False
292740,PRIMARY_424,MORPHOLOGY_NOT_OUTLIER_VS_SNR_MATCHED_CONTROLS,MORPHOLOGY_NOT_OUTLIER_VS_SNR_MATCHED_CONTROLS,12,32,0,0,,,NO_MORPHOLOGY_OUTLIER_EITHER_ENDPOINT,False
292742,PRIMARY_424,MORPHOLOGY_NOT_OUTLIER_VS_SNR_MATCHED_CONTROLS,MORPHOLOGY_NOT_OUTLIER_VS_SNR_MATCHED_CONTROLS,32,32,0,0,,,NO_MORPHOLOGY_OUTLIER_EITHER_ENDPOINT,False
292746,PRIMARY_424,MORPHOLOGY_NOT_OUTLIER_VS_SNR_MATCHED_CONTROLS,MORPHOLOGY_NOT_OUTLIER_VS_SNR_MATCHED_CONTROLS,12,32,0,0,,,NO_MORPHOLOGY_OUTLIER_EITHER_ENDPOINT,False
292747,PRIMARY_424,MORPHOLOGY_NOT_OUTLIER_VS_SNR_MATCHED_CONTROLS,MORPHOLOGY_NOT_OUTLIER_VS_SNR_MATCHED_CONTROLS,12,32,0,0,,,NO_MORPHOLOGY_OUTLIER_EITHER_ENDPOINT,False
292753,PRIMARY_424,MORPHOLOGY_NOT_OUTLIER_VS_SNR_MATCHED_CONTROLS,MORPHOLOGY_NOT_OUTLIER_VS_SNR_MATCHED_CONTROLS,19,32,0,0,,,NO_MORPHOLOGY_OUTLIER_EITHER_ENDPOINT,False
292754,PRIMARY_424,MORPHOLOGY_NOT_OUTLIER_VS_SNR_MATCHED_CONTROLS,MORPHOLOGY_NOT_OUTLIER_VS_SNR_MATCHED_CONTROLS,14,32,0,0,,,NO_MORPHOLOGY_OUTLIER_EITHER_ENDPOINT,False
292756,PRIMARY_424,MORPHOLOGY_NOT_OUTLIER_VS_SNR_MATCHED_CONTROLS,MORPHOLOGY_NOT_OUTLIER_VS_SNR_MATCHED_CONTROLS,16,32,0,0,,,NO_MORPHOLOGY_OUTLIER_EITHER_ENDPOINT,False
292758,DIAGNOSTIC_179,MORPHOLOGY_NOT_OUTLIER_VS_SNR_MATCHED_CONTROLS,MORPHOLOGY_NOT_OUTLIER_VS_SNR_MATCHED_CONTROLS,13,32,0,0,,,NO_MORPHOLOGY_OUTLIER_EITHER_ENDPOINT,False
292761,DIAGNOSTIC_179,MORPHOLOGY_OUTLIER_VS_SNR_MATCHED_CONTROLS,MORPHOLOGY_NOT_OUTLIER_VS_SNR_MATCHED_CONTROLS,32,32,1,0,concentration_f3_f8,,MORPHOLOGY_OUTLIER_ONE_ENDPOINT,False
292766,PRIMARY_424,MORPHOLOGY_NOT_OUTLIER_VS_SNR_MATCHED_CONTROLS,MORPHOLOGY_NOT_OUTLIER_VS_SNR_MATCHED_CONTROLS,16,32,0,0,,,NO_MORPHOLOGY_OUTLIER_EITHER_ENDPOINT,False
292767,PRIMARY_424,MORPHOLOGY_NOT_OUTLIER_VS_SNR_MATCHED_CONTROLS,MORPHOLOGY_NOT_OUTLIER_VS_SNR_MATCHED_CONTROLS,11,32,0,0,,,NO_MORPHOLOGY_OUTLIER_EITHER_ENDPOINT,False
292769,PRIMARY_424,MORPHOLOGY_NOT_OUTLIER_VS_SNR_MATCHED_CONTROLS,MORPHOLOGY_NOT_OUTLIER_VS_SNR_MATCHED_CONTROLS,14,32,0,0,,,NO_MORPHOLOGY_OUTLIER_EITHER_ENDPOINT,False
292771,PRIMARY_424,MORPHOLOGY_NOT_OUTLIER_VS_SNR_MATCHED_CONTROLS,MORPHOLOGY_NOT_OUTLIER_VS_SNR_MATCHED_CONTROLS,32,32,0,0,,,NO_MORPHOLOGY_OUTLIER_EITHER_ENDPOINT,False
292772,PRIMARY_424,MORPHOLOGY_NOT_OUTLIER_VS_SNR_MATCHED_CONTROLS,MORPHOLOGY_NOT_OUTLIER_VS_SNR_MATCHED_CONTROLS,12,32,0,0,,,NO_MORPHOLOGY_OUTLIER_EITHER_ENDPOINT,False
292773,PRIMARY_424,MORPHOLOGY_OUTLIER_VS_SNR_MATCHED_CONTROLS,MORPHOLOGY_NOT_OUTLIER_VS_SNR_MATCHED_CONTROLS,18,32,3,0,sigma_major_px;ellipticity;concentration_f3_f8,,MORPHOLOGY_OUTLIER_ONE_ENDPOINT,False
292775,DIAGNOSTIC_179,MORPHOLOGY_NOT_OUTLIER_VS_SNR_MATCHED_CONTROLS,MORPHOLOGY_NOT_OUTLIER_VS_SNR_MATCHED_CONTROLS,18,32,0,0,,,NO_MORPHOLOGY_OUTLIER_EITHER_ENDPOINT,False
292778,PRIMARY_424,MORPHOLOGY_OUTLIER_VS_SNR_MATCHED_CONTROLS,MORPHOLOGY_NOT_OUTLIER_VS_SNR_MATCHED_CONTROLS,32,32,3,0,sigma_minor_px;ellipticity;concentration_f3_f8,,MORPHOLOGY_OUTLIER_ONE_ENDPOINT,False
292779,PRIMARY_424,INSUFFICIENT_USABLE_MATCHED_CONTROLS,MORPHOLOGY_NOT_OUTLIER_VS_SNR_MATCHED_CONTROLS,3,32,,0,,,MORPHOLOGY_UNRESOLVED_ONE_OR_MORE_ENDPOINTS,False
292780,PRIMARY_424,MORPHOLOGY_NOT_OUTLIER_VS_SNR_MATCHED_CONTROLS,MORPHOLOGY_NOT_OUTLIER_VS_SNR_MATCHED_CONTROLS,26,32,0,0,,,NO_MORPHOLOGY_OUTLIER_EITHER_ENDPOINT,False
292781,PRIMARY_424,MORPHOLOGY_NOT_OUTLIER_VS_SNR_MATCHED_CONTROLS,MORPHOLOGY_NOT_OUTLIER_VS_SNR_MATCHED_CONTROLS,14,32,0,0,,,NO_MORPHOLOGY_OUTLIER_EITHER_ENDPOINT,False
292782,PRIMARY_424,MORPHOLOGY_NOT_OUTLIER_VS_SNR_MATCHED_CONTROLS,MORPHOLOGY_NOT_OUTLIER_VS_SNR_MATCHED_CONTROLS,7,28,0,0,,,NO_MORPHOLOGY_OUTLIER_EITHER_ENDPOINT,False
292784,PRIMARY_424,MORPHOLOGY_NOT_OUTLIER_VS_SNR_MATCHED_CONTROLS,MORPHOLOGY_NOT_OUTLIER_VS_SNR_MATCHED_CONTROLS,12,32,0,0,,,NO_MORPHOLOGY_OUTLIER_EITHER_ENDPOINT,False
292786,PRIMARY_424,MORPHOLOGY_NOT_OUTLIER_VS_SNR_MATCHED_CONTROLS,MORPHOLOGY_NOT_OUTLIER_VS_SNR_MATCHED_CONTROLS,16,32,0,0,,,NO_MORPHOLOGY_OUTLIER_EITHER_ENDPOINT,False
292787,DIAGNOSTIC_179,MORPHOLOGY_NOT_OUTLIER_VS_SNR_MATCHED_CONTROLS,MORPHOLOGY_NOT_OUTLIER_VS_SNR_MATCHED_CONTROLS,32,32,0,0,,,NO_MORPHOLOGY_OUTLIER_EITHER_ENDPOINT,False
292789,PRIMARY_424,MORPHOLOGY_OUTLIER_VS_SNR_MATCHED_CONTROLS,MORPHOLOGY_NOT_OUTLIER_VS_SNR_MATCHED_CONTROLS,10,32,1,0,centroid_offset_px,,MORPHOLOGY_OUTLIER_ONE_ENDPOINT,False
292793,PRIMARY_424,MORPHOLOGY_NOT_OUTLIER_VS_SNR_MATCHED_CONTROLS,MORPHOLOGY_NOT_OUTLIER_VS_SNR_MATCHED_CONTROLS,25,32,0,0,,,NO_MORPHOLOGY_OUTLIER_EITHER_ENDPOINT,False
292794,PRIMARY_424,MORPHOLOGY_NOT_OUTLIER_VS_SNR_MATCHED_CONTROLS,MORPHOLOGY_NOT_OUTLIER_VS_SNR_MATCHED_CONTROLS,32,32,0,0,,,NO_MORPHOLOGY_OUTLIER_EITHER_ENDPOINT,False
292795,PRIMARY_424,MORPHOLOGY_NOT_OUTLIER_VS_SNR_MATCHED_CONTROLS,MORPHOLOGY_NOT_OUTLIER_VS_SNR_MATCHED_CONTROLS,9,32,0,0,,,NO_MORPHOLOGY_OUTLIER_EITHER_ENDPOINT,False
292796,PRIMARY_424,MORPHOLOGY_NOT_OUTLIER_VS_SNR_MATCHED_CONTROLS,MORPHOLOGY_NOT_OUTLIER_VS_SNR_MATCHED_CONTROLS,13,32,0,0,,,NO_MORPHOLOGY_OUTLIER_EITHER_ENDPOINT,False
292797,DIAGNOSTIC_179,MORPHOLOGY_NOT_OUTLIER_VS_SNR_MATCHED_CONTROLS,MORPHOLOGY_NOT_OUTLIER_VS_SNR_MATCHED_CONTROLS,32,32,0,0,,,NO_MORPHOLOGY_OUTLIER_EITHER_ENDPOINT,False
292798,PRIMARY_424,MORPHOLOGY_NOT_OUTLIER_VS_SNR_MATCHED_CONTROLS,MORPHOLOGY_NOT_OUTLIER_VS_SNR_MATCHED_CONTROLS,12,32,0,0,,,NO_MORPHOLOGY_OUTLIER_EITHER_ENDPOINT,False
292800,DIAGNOSTIC_179,MORPHOLOGY_NOT_OUTLIER_VS_SNR_MATCHED_CONTROLS,MORPHOLOGY_NOT_OUTLIER_VS_SNR_MATCHED_CONTROLS,32,32,0,0,,,NO_MORPHOLOGY_OUTLIER_EITHER_ENDPOINT,False
292801,PRIMARY_424,MORPHOLOGY_NOT_OUTLIER_VS_SNR_MATCHED_CONTROLS,MORPHOLOGY_NOT_OUTLIER_VS_SNR_MATCHED_CONTROLS,10,32,0,0,,,NO_MORPHOLOGY_OUTLIER_EITHER_ENDPOINT,False
292802,PRIMARY_424,MORPHOLOGY_NOT_OUTLIER_VS_SNR_MATCHED_CONTROLS,MORPHOLOGY_NOT_OUTLIER_VS_SNR_MATCHED_CONTROLS,32,32,0,0,,,NO_MORPHOLOGY_OUTLIER_EITHER_ENDPOINT,False
292803,PRIMARY_424,MORPHOLOGY_NOT_OUTLIER_VS_SNR_MATCHED_CONTROLS,MORPHOLOGY_NOT_OUTLIER_VS_SNR_MATCHED_CONTROLS,12,32,0,0,,,NO_MORPHOLOGY_OUTLIER_EITHER_ENDPOINT,False
292804,PRIMARY_424,MORPHOLOGY_OUTLIER_VS_SNR_MATCHED_CONTROLS,MORPHOLOGY_NOT_OUTLIER_VS_SNR_MATCHED_CONTROLS,9,32,1,0,peak_to_flux5,,MORPHOLOGY_OUTLIER_ONE_ENDPOINT,False
292805,DIAGNOSTIC_179,MORPHOLOGY_NOT_OUTLIER_VS_SNR_MATCHED_CONTROLS,MORPHOLOGY_NOT_OUTLIER_VS_SNR_MATCHED_CONTROLS,21,32,0,0,,,NO_MORPHOLOGY_OUTLIER_EITHER_ENDPOINT,False
292811,DIAGNOSTIC_179,MORPHOLOGY_NOT_OUTLIER_VS_SNR_MATCHED_CONTROLS,MORPHOLOGY_NOT_OUTLIER_VS_SNR_MATCHED_CONTROLS,32,32,0,0,,,NO_MORPHOLOGY_OUTLIER_EITHER_ENDPOINT,False
292812,PRIMARY_424,MORPHOLOGY_NOT_OUTLIER_VS_SNR_MATCHED_CONTROLS,MORPHOLOGY_NOT_OUTLIER_VS_SNR_MATCHED_CONTROLS,8,32,0,0,,,NO_MORPHOLOGY_OUTLIER_EITHER_ENDPOINT,False
292814,DIAGNOSTIC_179,MORPHOLOGY_NOT_OUTLIER_VS_SNR_MATCHED_CONTROLS,MORPHOLOGY_NOT_OUTLIER_VS_SNR_MATCHED_CONTROLS,31,32,0,0,,,NO_MORPHOLOGY_OUTLIER_EITHER_ENDPOINT,False
292816,DIAGNOSTIC_179,MORPHOLOGY_OUTLIER_VS_SNR_MATCHED_CONTROLS,MORPHOLOGY_NOT_OUTLIER_VS_SNR_MATCHED_CONTROLS,32,32,5,0,sigma_major_px;ellipticity;centroid_offset_px;concentration_f3_f8;peak_to_flux5,,MORPHOLOGY_OUTLIER_ONE_ENDPOINT,False
292817,DIAGNOSTIC_179,MORPHOLOGY_OUTLIER_VS_SNR_MATCHED_CONTROLS,MORPHOLOGY_NOT_OUTLIER_VS_SNR_MATCHED_CONTROLS,32,32,6,0,sigma_major_px;sigma_minor_px;ellipticity;centroid_offset_px;concentration_f3_f8;peak_to_flux5,,MORPHOLOGY_OUTLIER_ONE_ENDPOINT,False
292821,PRIMARY_424,MORPHOLOGY_NOT_OUTLIER_VS_SNR_MATCHED_CONTROLS,MORPHOLOGY_NOT_OUTLIER_VS_SNR_MATCHED_CONTROLS,30,32,0,0,,,NO_MORPHOLOGY_OUTLIER_EITHER_ENDPOINT,False
292825,PRIMARY_424,MORPHOLOGY_NOT_OUTLIER_VS_SNR_MATCHED_CONTROLS,MORPHOLOGY_NOT_OUTLIER_VS_SNR_MATCHED_CONTROLS,32,32,0,0,,,NO_MORPHOLOGY_OUTLIER_EITHER_ENDPOINT,False
292826,PRIMARY_424,MORPHOLOGY_NOT_OUTLIER_VS_SNR_MATCHED_CONTROLS,MORPHOLOGY_NOT_OUTLIER_VS_SNR_MATCHED_CONTROLS,32,32,0,0,,,NO_MORPHOLOGY_OUTLIER_EITHER_ENDPOINT,False
292829,PRIMARY_424,MORPHOLOGY_NOT_OUTLIER_VS_SNR_MATCHED_CONTROLS,MORPHOLOGY_NOT_OUTLIER_VS_SNR_MATCHED_CONTROLS,23,32,0,0,,,NO_MORPHOLOGY_OUTLIER_EITHER_ENDPOINT,False
292831,PRIMARY_424,MORPHOLOGY_NOT_OUTLIER_VS_SNR_MATCHED_CONTROLS,MORPHOLOGY_NOT_OUTLIER_VS_SNR_MATCHED_CONTROLS,5,32,0,0,,,NO_MORPHOLOGY_OUTLIER_EITHER_ENDPOINT,False
292832,PRIMARY_424,MORPHOLOGY_NOT_OUTLIER_VS_SNR_MATCHED_CONTROLS,MORPHOLOGY_NOT_OUTLIER_VS_SNR_MATCHED_CONTROLS,12,32,0,0,,,NO_MORPHOLOGY_OUTLIER_EITHER_ENDPOINT,False
292833,DIAGNOSTIC_179,MORPHOLOGY_NOT_OUTLIER_VS_SNR_MATCHED_CONTROLS,MORPHOLOGY_NOT_OUTLIER_VS_SNR_MATCHED_CONTROLS,32,32,0,0,,,NO_MORPHOLOGY_OUTLIER_EITHER_ENDPOINT,False
292835,PRIMARY_424,MORPHOLOGY_NOT_OUTLIER_VS_SNR_MATCHED_CONTROLS,MORPHOLOGY_NOT_OUTLIER_VS_SNR_MATCHED_CONTROLS,7,32,0,0,,,NO_MORPHOLOGY_OUTLIER_EITHER_ENDPOINT,False
292840,PRIMARY_424,MORPHOLOGY_NOT_OUTLIER_VS_SNR_MATCHED_CONTROLS,MORPHOLOGY_NOT_OUTLIER_VS_SNR_MATCHED_CONTROLS,17,32,0,0,,,NO_MORPHOLOGY_OUTLIER_EITHER_ENDPOINT,False
292841,PRIMARY_424,MORPHOLOGY_NOT_OUTLIER_VS_SNR_MATCHED_CONTROLS,MORPHOLOGY_NOT_OUTLIER_VS_SNR_MATCHED_CONTROLS,32,32,0,0,,,NO_MORPHOLOGY_OUTLIER_EITHER_ENDPOINT,False
292842,PRIMARY_424,MORPHOLOGY_OUTLIER_VS_SNR_MATCHED_CONTROLS,MORPHOLOGY_NOT_OUTLIER_VS_SNR_MATCHED_CONTROLS,32,32,3,0,sigma_major_px;ellipticity;concentration_f3_f8,,MORPHOLOGY_OUTLIER_ONE_ENDPOINT,False
292845,PRIMARY_424,MORPHOLOGY_OUTLIER_VS_SNR_MATCHED_CONTROLS,MORPHOLOGY_NOT_OUTLIER_VS_SNR_MATCHED_CONTROLS,32,32,3,0,sigma_major_px;ellipticity;concentration_f3_f8,,MORPHOLOGY_OUTLIER_ONE_ENDPOINT,False
292846,PRIMARY_424,MORPHOLOGY_NOT_OUTLIER_VS_SNR_MATCHED_CONTROLS,MORPHOLOGY_OUTLIER_VS_SNR_MATCHED_CONTROLS,32,32,0,2,,centroid_offset_px;concentration_f3_f8,MORPHOLOGY_OUTLIER_ONE_ENDPOINT,False
292848,PRIMARY_424,INSUFFICIENT_USABLE_MATCHED_CONTROLS,MORPHOLOGY_NOT_OUTLIER_VS_SNR_MATCHED_CONTROLS,3,28,,0,,,MORPHOLOGY_UNRESOLVED_ONE_OR_MORE_ENDPOINTS,False
292850,PRIMARY_424,MORPHOLOGY_NOT_OUTLIER_VS_SNR_MATCHED_CONTROLS,MORPHOLOGY_NOT_OUTLIER_VS_SNR_MATCHED_CONTROLS,13,32,0,0,,,NO_MORPHOLOGY_OUTLIER_EITHER_ENDPOINT,False
292854,DIAGNOSTIC_179,MORPHOLOGY_NOT_OUTLIER_VS_SNR_MATCHED_CONTROLS,MORPHOLOGY_NOT_OUTLIER_VS_SNR_MATCHED_CONTROLS,32,32,0,0,,,NO_MORPHOLOGY_OUTLIER_EITHER_ENDPOINT,False
292855,PRIMARY_424,MORPHOLOGY_NOT_OUTLIER_VS_SNR_MATCHED_CONTROLS,MORPHOLOGY_NOT_OUTLIER_VS_SNR_MATCHED_CONTROLS,14,32,0,0,,,NO_MORPHOLOGY_OUTLIER_EITHER_ENDPOINT,False
292861,PRIMARY_424,MORPHOLOGY_NOT_OUTLIER_VS_SNR_MATCHED_CONTROLS,MORPHOLOGY_NOT_OUTLIER_VS_SNR_MATCHED_CONTROLS,7,32,0,0,,,NO_MORPHOLOGY_OUTLIER_EITHER_ENDPOINT,False
292863,PRIMARY_424,MORPHOLOGY_NOT_OUTLIER_VS_SNR_MATCHED_CONTROLS,MORPHOLOGY_NOT_OUTLIER_VS_SNR_MATCHED_CONTROLS,8,32,0,0,,,NO_MORPHOLOGY_OUTLIER_EITHER_ENDPOINT,False
292864,PRIMARY_424,MORPHOLOGY_NOT_OUTLIER_VS_SNR_MATCHED_CONTROLS,MORPHOLOGY_NOT_OUTLIER_VS_SNR_MATCHED_CONTROLS,22,32,0,0,,,NO_MORPHOLOGY_OUTLIER_EITHER_ENDPOINT,False
292865,PRIMARY_424,MORPHOLOGY_NOT_OUTLIER_VS_SNR_MATCHED_CONTROLS,MORPHOLOGY_NOT_OUTLIER_VS_SNR_MATCHED_CONTROLS,23,32,0,0,,,NO_MORPHOLOGY_OUTLIER_EITHER_ENDPOINT,False
292866,PRIMARY_424,MORPHOLOGY_NOT_OUTLIER_VS_SNR_MATCHED_CONTROLS,MORPHOLOGY_NOT_OUTLIER_VS_SNR_MATCHED_CONTROLS,25,32,0,0,,,NO_MORPHOLOGY_OUTLIER_EITHER_ENDPOINT,False
292868,PRIMARY_424,MORPHOLOGY_NOT_OUTLIER_VS_SNR_MATCHED_CONTROLS,MORPHOLOGY_NOT_OUTLIER_VS_SNR_MATCHED_CONTROLS,10,32,0,0,,,NO_MORPHOLOGY_OUTLIER_EITHER_ENDPOINT,False
292869,DIAGNOSTIC_179,MORPHOLOGY_NOT_OUTLIER_VS_SNR_MATCHED_CONTROLS,MORPHOLOGY_NOT_OUTLIER_VS_SNR_MATCHED_CONTROLS,7,27,0,0,,,NO_MORPHOLOGY_OUTLIER_EITHER_ENDPOINT,False
292871,PRIMARY_424,MORPHOLOGY_NOT_OUTLIER_VS_SNR_MATCHED_CONTROLS,MORPHOLOGY_NOT_OUTLIER_VS_SNR_MATCHED_CONTROLS,7,32,0,0,,,NO_MORPHOLOGY_OUTLIER_EITHER_ENDPOINT,False
292872,PRIMARY_424,MORPHOLOGY_NOT_OUTLIER_VS_SNR_MATCHED_CONTROLS,MORPHOLOGY_NOT_OUTLIER_VS_SNR_MATCHED_CONTROLS,20,32,0,0,,,NO_MORPHOLOGY_OUTLIER_EITHER_ENDPOINT,False
292873,DIAGNOSTIC_179,MORPHOLOGY_OUTLIER_VS_SNR_MATCHED_CONTROLS,MORPHOLOGY_NOT_OUTLIER_VS_SNR_MATCHED_CONTROLS,32,32,5,0,sigma_major_px;ellipticity;centroid_offset_px;concentration_f3_f8;peak_to_flux5,,MORPHOLOGY_OUTLIER_ONE_ENDPOINT,False
292874,PRIMARY_424,MORPHOLOGY_OUTLIER_VS_SNR_MATCHED_CONTROLS,MORPHOLOGY_NOT_OUTLIER_VS_SNR_MATCHED_CONTROLS,32,32,1,0,ellipticity,,MORPHOLOGY_OUTLIER_ONE_ENDPOINT,False
292875,PRIMARY_424,INSUFFICIENT_USABLE_MATCHED_CONTROLS,MORPHOLOGY_NOT_OUTLIER_VS_SNR_MATCHED_CONTROLS,2,32,,0,,,MORPHOLOGY_UNRESOLVED_ONE_OR_MORE_ENDPOINTS,False
292879,PRIMARY_424,MORPHOLOGY_NOT_OUTLIER_VS_SNR_MATCHED_CONTROLS,MORPHOLOGY_NOT_OUTLIER_VS_SNR_MATCHED_CONTROLS,10,32,0,0,,,NO_MORPHOLOGY_OUTLIER_EITHER_ENDPOINT,False
292880,DIAGNOSTIC_179,MORPHOLOGY_NOT_OUTLIER_VS_SNR_MATCHED_CONTROLS,MORPHOLOGY_NOT_OUTLIER_VS_SNR_MATCHED_CONTROLS,32,32,0,0,,,NO_MORPHOLOGY_OUTLIER_EITHER_ENDPOINT,False
292881,PRIMARY_424,MORPHOLOGY_NOT_OUTLIER_VS_SNR_MATCHED_CONTROLS,MORPHOLOGY_NOT_OUTLIER_VS_SNR_MATCHED_CONTROLS,14,32,0,0,,,NO_MORPHOLOGY_OUTLIER_EITHER_ENDPOINT,False
292882,PRIMARY_424,MORPHOLOGY_NOT_OUTLIER_VS_SNR_MATCHED_CONTROLS,MORPHOLOGY_NOT_OUTLIER_VS_SNR_MATCHED_CONTROLS,5,31,0,0,,,NO_MORPHOLOGY_OUTLIER_EITHER_ENDPOINT,False
292885,DIAGNOSTIC_179,MORPHOLOGY_NOT_OUTLIER_VS_SNR_MATCHED_CONTROLS,MORPHOLOGY_NOT_OUTLIER_VS_SNR_MATCHED_CONTROLS,32,32,0,0,,,NO_MORPHOLOGY_OUTLIER_EITHER_ENDPOINT,False
292890,PRIMARY_424,MORPHOLOGY_NOT_OUTLIER_VS_SNR_MATCHED_CONTROLS,MORPHOLOGY_NOT_OUTLIER_VS_SNR_MATCHED_CONTROLS,15,32,0,0,,,NO_MORPHOLOGY_OUTLIER_EITHER_ENDPOINT,False
292891,DIAGNOSTIC_179,MORPHOLOGY_NOT_OUTLIER_VS_SNR_MATCHED_CONTROLS,MORPHOLOGY_NOT_OUTLIER_VS_SNR_MATCHED_CONTROLS,22,32,0,0,,,NO_MORPHOLOGY_OUTLIER_EITHER_ENDPOINT,False
292892,DIAGNOSTIC_179,MORPHOLOGY_NOT_OUTLIER_VS_SNR_MATCHED_CONTROLS,MORPHOLOGY_NOT_OUTLIER_VS_SNR_MATCHED_CONTROLS,32,32,0,0,,,NO_MORPHOLOGY_OUTLIER_EITHER_ENDPOINT,False
292893,PRIMARY_424,MORPHOLOGY_NOT_OUTLIER_VS_SNR_MATCHED_CONTROLS,MORPHOLOGY_NOT_OUTLIER_VS_SNR_MATCHED_CONTROLS,13,32,0,0,,,NO_MORPHOLOGY_OUTLIER_EITHER_ENDPOINT,False
292894,DIAGNOSTIC_179,MORPHOLOGY_OUTLIER_VS_SNR_MATCHED_CONTROLS,MORPHOLOGY_NOT_OUTLIER_VS_SNR_MATCHED_CONTROLS,32,32,3,0,sigma_major_px;sigma_minor_px;ellipticity,,MORPHOLOGY_OUTLIER_ONE_ENDPOINT,False
292895,PRIMARY_424,MORPHOLOGY_NOT_OUTLIER_VS_SNR_MATCHED_CONTROLS,MORPHOLOGY_NOT_OUTLIER_VS_SNR_MATCHED_CONTROLS,32,32,0,0,,,NO_MORPHOLOGY_OUTLIER_EITHER_ENDPOINT,False
292896,DIAGNOSTIC_179,MORPHOLOGY_NOT_OUTLIER_VS_SNR_MATCHED_CONTROLS,MORPHOLOGY_NOT_OUTLIER_VS_SNR_MATCHED_CONTROLS,10,30,0,0,,,NO_MORPHOLOGY_OUTLIER_EITHER_ENDPOINT,False
292897,PRIMARY_424,MORPHOLOGY_NOT_OUTLIER_VS_SNR_MATCHED_CONTROLS,MORPHOLOGY_NOT_OUTLIER_VS_SNR_MATCHED_CONTROLS,32,32,0,0,,,NO_MORPHOLOGY_OUTLIER_EITHER_ENDPOINT,False
292898,PRIMARY_424,MORPHOLOGY_NOT_OUTLIER_VS_SNR_MATCHED_CONTROLS,MORPHOLOGY_NOT_OUTLIER_VS_SNR_MATCHED_CONTROLS,32,32,0,0,,,NO_MORPHOLOGY_OUTLIER_EITHER_ENDPOINT,False
292899,PRIMARY_424,MORPHOLOGY_NOT_OUTLIER_VS_SNR_MATCHED_CONTROLS,MORPHOLOGY_NOT_OUTLIER_VS_SNR_MATCHED_CONTROLS,24,32,0,0,,,NO_MORPHOLOGY_OUTLIER_EITHER_ENDPOINT,False
292900,PRIMARY_424,MORPHOLOGY_NOT_OUTLIER_VS_SNR_MATCHED_CONTROLS,MORPHOLOGY_NOT_OUTLIER_VS_SNR_MATCHED_CONTROLS,32,32,0,0,,,NO_MORPHOLOGY_OUTLIER_EITHER_ENDPOINT,False
292901,DIAGNOSTIC_179,MORPHOLOGY_NOT_OUTLIER_VS_SNR_MATCHED_CONTROLS,MORPHOLOGY_NOT_OUTLIER_VS_SNR_MATCHED_CONTROLS,32,32,0,0,,,NO_MORPHOLOGY_OUTLIER_EITHER_ENDPOINT,False
292903,PRIMARY_424,INSUFFICIENT_USABLE_MATCHED_CONTROLS,MORPHOLOGY_NOT_OUTLIER_VS_SNR_MATCHED_CONTROLS,4,32,,0,,,MORPHOLOGY_UNRESOLVED_ONE_OR_MORE_ENDPOINTS,False
292904,DIAGNOSTIC_179,MORPHOLOGY_OUTLIER_VS_SNR_MATCHED_CONTROLS,MORPHOLOGY_NOT_OUTLIER_VS_SNR_MATCHED_CONTROLS,32,32,3,0,sigma_major_px;concentration_f3_f8;peak_to_flux5,,MORPHOLOGY_OUTLIER_ONE_ENDPOINT,False
292906,PRIMARY_424,MORPHOLOGY_NOT_OUTLIER_VS_SNR_MATCHED_CONTROLS,MORPHOLOGY_NOT_OUTLIER_VS_SNR_MATCHED_CONTROLS,13,32,0,0,,,NO_MORPHOLOGY_OUTLIER_EITHER_ENDPOINT,False
292908,PRIMARY_424,INSUFFICIENT_USABLE_MATCHED_CONTROLS,MORPHOLOGY_NOT_OUTLIER_VS_SNR_MATCHED_CONTROLS,4,32,,0,,,MORPHOLOGY_UNRESOLVED_ONE_OR_MORE_ENDPOINTS,False
292909,PRIMARY_424,MORPHOLOGY_NOT_OUTLIER_VS_SNR_MATCHED_CONTROLS,MORPHOLOGY_NOT_OUTLIER_VS_SNR_MATCHED_CONTROLS,28,32,0,0,,,NO_MORPHOLOGY_OUTLIER_EITHER_ENDPOINT,False
292910,PRIMARY_424,MORPHOLOGY_NOT_OUTLIER_VS_SNR_MATCHED_CONTROLS,MORPHOLOGY_NOT_OUTLIER_VS_SNR_MATCHED_CONTROLS,17,32,0,0,,,NO_MORPHOLOGY_OUTLIER_EITHER_ENDPOINT,False
292911,PRIMARY_424,MORPHOLOGY_NOT_OUTLIER_VS_SNR_MATCHED_CONTROLS,MORPHOLOGY_NOT_OUTLIER_VS_SNR_MATCHED_CONTROLS,14,32,0,0,,,NO_MORPHOLOGY_OUTLIER_EITHER_ENDPOINT,False
292913,DIAGNOSTIC_179,MORPHOLOGY_NOT_OUTLIER_VS_SNR_MATCHED_CONTROLS,MORPHOLOGY_NOT_OUTLIER_VS_SNR_MATCHED_CONTROLS,17,32,0,0,,,NO_MORPHOLOGY_OUTLIER_EITHER_ENDPOINT,False
292915,DIAGNOSTIC_179,MORPHOLOGY_NOT_OUTLIER_VS_SNR_MATCHED_CONTROLS,MORPHOLOGY_NOT_OUTLIER_VS_SNR_MATCHED_CONTROLS,6,32,0,0,,,NO_MORPHOLOGY_OUTLIER_EITHER_ENDPOINT,False
292916,PRIMARY_424,MORPHOLOGY_NOT_OUTLIER_VS_SNR_MATCHED_CONTROLS,MORPHOLOGY_NOT_OUTLIER_VS_SNR_MATCHED_CONTROLS,26,32,0,0,,,NO_MORPHOLOGY_OUTLIER_EITHER_ENDPOINT,False
292917,PRIMARY_424,MORPHOLOGY_OUTLIER_VS_SNR_MATCHED_CONTROLS,MORPHOLOGY_NOT_OUTLIER_VS_SNR_MATCHED_CONTROLS,17,32,1,0,concentration_f3_f8,,MORPHOLOGY_OUTLIER_ONE_ENDPOINT,False
292918,DIAGNOSTIC_179,MORPHOLOGY_NOT_OUTLIER_VS_SNR_MATCHED_CONTROLS,MORPHOLOGY_NOT_OUTLIER_VS_SNR_MATCHED_CONTROLS,12,32,0,0,,,NO_MORPHOLOGY_OUTLIER_EITHER_ENDPOINT,False
292920,DIAGNOSTIC_179,MORPHOLOGY_NOT_OUTLIER_VS_SNR_MATCHED_CONTROLS,MORPHOLOGY_NOT_OUTLIER_VS_SNR_MATCHED_CONTROLS,10,32,0,0,,,NO_MORPHOLOGY_OUTLIER_EITHER_ENDPOINT,False
292923,PRIMARY_424,MORPHOLOGY_NOT_OUTLIER_VS_SNR_MATCHED_CONTROLS,MORPHOLOGY_NOT_OUTLIER_VS_SNR_MATCHED_CONTROLS,9,32,0,0,,,NO_MORPHOLOGY_OUTLIER_EITHER_ENDPOINT,False
292924,DIAGNOSTIC_179,MORPHOLOGY_OUTLIER_VS_SNR_MATCHED_CONTROLS,MORPHOLOGY_NOT_OUTLIER_VS_SNR_MATCHED_CONTROLS,32,32,3,0,sigma_major_px;concentration_f3_f8;peak_to_flux5,,MORPHOLOGY_OUTLIER_ONE_ENDPOINT,False
292925,PRIMARY_424,MORPHOLOGY_NOT_OUTLIER_VS_SNR_MATCHED_CONTROLS,MORPHOLOGY_NOT_OUTLIER_VS_SNR_MATCHED_CONTROLS,27,32,0,0,,,NO_MORPHOLOGY_OUTLIER_EITHER_ENDPOINT,False
292926,PRIMARY_424,MORPHOLOGY_NOT_OUTLIER_VS_SNR_MATCHED_CONTROLS,MORPHOLOGY_NOT_OUTLIER_VS_SNR_MATCHED_CONTROLS,9,32,0,0,,,NO_MORPHOLOGY_OUTLIER_EITHER_ENDPOINT,False
292930,PRIMARY_424,MORPHOLOGY_NOT_OUTLIER_VS_SNR_MATCHED_CONTROLS,MORPHOLOGY_NOT_OUTLIER_VS_SNR_MATCHED_CONTROLS,8,32,0,0,,,NO_MORPHOLOGY_OUTLIER_EITHER_ENDPOINT,False
292931,PRIMARY_424,MORPHOLOGY_NOT_OUTLIER_VS_SNR_MATCHED_CONTROLS,MORPHOLOGY_NOT_OUTLIER_VS_SNR_MATCHED_CONTROLS,10,32,0,0,,,NO_MORPHOLOGY_OUTLIER_EITHER_ENDPOINT,False
292938,PRIMARY_424,MORPHOLOGY_NOT_OUTLIER_VS_SNR_MATCHED_CONTROLS,MORPHOLOGY_NOT_OUTLIER_VS_SNR_MATCHED_CONTROLS,22,32,0,0,,,NO_MORPHOLOGY_OUTLIER_EITHER_ENDPOINT,False
292940,DIAGNOSTIC_179,MORPHOLOGY_NOT_OUTLIER_VS_SNR_MATCHED_CONTROLS,MORPHOLOGY_NOT_OUTLIER_VS_SNR_MATCHED_CONTROLS,32,32,0,0,,,NO_MORPHOLOGY_OUTLIER_EITHER_ENDPOINT,False
292941,PRIMARY_424,MORPHOLOGY_NOT_OUTLIER_VS_SNR_MATCHED_CONTROLS,MORPHOLOGY_NOT_OUTLIER_VS_SNR_MATCHED_CONTROLS,32,32,0,0,,,NO_MORPHOLOGY_OUTLIER_EITHER_ENDPOINT,False
292945,PRIMARY_424,MORPHOLOGY_NOT_OUTLIER_VS_SNR_MATCHED_CONTROLS,MORPHOLOGY_NOT_OUTLIER_VS_SNR_MATCHED_CONTROLS,32,32,0,0,,,NO_MORPHOLOGY_OUTLIER_EITHER_ENDPOINT,False
292947,PRIMARY_424,MORPHOLOGY_NOT_OUTLIER_VS_SNR_MATCHED_CONTROLS,MORPHOLOGY_NOT_OUTLIER_VS_SNR_MATCHED_CONTROLS,32,32,0,0,,,NO_MORPHOLOGY_OUTLIER_EITHER_ENDPOINT,False
292949,PRIMARY_424,MORPHOLOGY_NOT_OUTLIER_VS_SNR_MATCHED_CONTROLS,MORPHOLOGY_NOT_OUTLIER_VS_SNR_MATCHED_CONTROLS,28,32,0,0,,,NO_MORPHOLOGY_OUTLIER_EITHER_ENDPOINT,False
292952,PRIMARY_424,MORPHOLOGY_OUTLIER_VS_SNR_MATCHED_CONTROLS,MORPHOLOGY_NOT_OUTLIER_VS_SNR_MATCHED_CONTROLS,32,32,4,0,sigma_major_px;ellipticity;concentration_f3_f8;peak_to_flux5,,MORPHOLOGY_OUTLIER_ONE_ENDPOINT,False
292953,PRIMARY_424,MORPHOLOGY_NOT_OUTLIER_VS_SNR_MATCHED_CONTROLS,MORPHOLOGY_NOT_OUTLIER_VS_SNR_MATCHED_CONTROLS,12,32,0,0,,,NO_MORPHOLOGY_OUTLIER_EITHER_ENDPOINT,False
292955,PRIMARY_424,MORPHOLOGY_NOT_OUTLIER_VS_SNR_MATCHED_CONTROLS,MORPHOLOGY_NOT_OUTLIER_VS_SNR_MATCHED_CONTROLS,13,32,0,0,,,NO_MORPHOLOGY_OUTLIER_EITHER_ENDPOINT,False
292956,PRIMARY_424,MORPHOLOGY_OUTLIER_VS_SNR_MATCHED_CONTROLS,MORPHOLOGY_NOT_OUTLIER_VS_SNR_MATCHED_CONTROLS,32,32,2,0,sigma_major_px;concentration_f3_f8,,MORPHOLOGY_OUTLIER_ONE_ENDPOINT,False
292958,DIAGNOSTIC_179,MORPHOLOGY_NOT_OUTLIER_VS_SNR_MATCHED_CONTROLS,MORPHOLOGY_NOT_OUTLIER_VS_SNR_MATCHED_CONTROLS,7,32,0,0,,,NO_MORPHOLOGY_OUTLIER_EITHER_ENDPOINT,False
292963,DIAGNOSTIC_179,MORPHOLOGY_OUTLIER_VS_SNR_MATCHED_CONTROLS,MORPHOLOGY_NOT_OUTLIER_VS_SNR_MATCHED_CONTROLS,32,32,4,0,sigma_major_px;ellipticity;concentration_f3_f8;peak_to_flux5,,MORPHOLOGY_OUTLIER_ONE_ENDPOINT,False
292966,DIAGNOSTIC_179,MORPHOLOGY_NOT_OUTLIER_VS_SNR_MATCHED_CONTROLS,MORPHOLOGY_NOT_OUTLIER_VS_SNR_MATCHED_CONTROLS,15,32,0,0,,,NO_MORPHOLOGY_OUTLIER_EITHER_ENDPOINT,False
292967,DIAGNOSTIC_179,MORPHOLOGY_NOT_OUTLIER_VS_SNR_MATCHED_CONTROLS,MORPHOLOGY_NOT_OUTLIER_VS_SNR_MATCHED_CONTROLS,18,32,0,0,,,NO_MORPHOLOGY_OUTLIER_EITHER_ENDPOINT,False
292969,PRIMARY_424,MORPHOLOGY_NOT_OUTLIER_VS_SNR_MATCHED_CONTROLS,MORPHOLOGY_NOT_OUTLIER_VS_SNR_MATCHED_CONTROLS,32,32,0,0,,,NO_MORPHOLOGY_OUTLIER_EITHER_ENDPOINT,False
292970,PRIMARY_424,MORPHOLOGY_NOT_OUTLIER_VS_SNR_MATCHED_CONTROLS,MORPHOLOGY_NOT_OUTLIER_VS_SNR_MATCHED_CONTROLS,12,32,0,0,,,NO_MORPHOLOGY_OUTLIER_EITHER_ENDPOINT,False
292971,PRIMARY_424,MORPHOLOGY_NOT_OUTLIER_VS_SNR_MATCHED_CONTROLS,MORPHOLOGY_NOT_OUTLIER_VS_SNR_MATCHED_CONTROLS,26,32,0,0,,,NO_MORPHOLOGY_OUTLIER_EITHER_ENDPOINT,False
292974,PRIMARY_424,MORPHOLOGY_NOT_OUTLIER_VS_SNR_MATCHED_CONTROLS,MORPHOLOGY_NOT_OUTLIER_VS_SNR_MATCHED_CONTROLS,17,32,0,0,,,NO_MORPHOLOGY_OUTLIER_EITHER_ENDPOINT,False
292979,DIAGNOSTIC_179,MORPHOLOGY_NOT_OUTLIER_VS_SNR_MATCHED_CONTROLS,MORPHOLOGY_NOT_OUTLIER_VS_SNR_MATCHED_CONTROLS,13,32,0,0,,,NO_MORPHOLOGY_OUTLIER_EITHER_ENDPOINT,False
292982,PRIMARY_424,INSUFFICIENT_USABLE_MATCHED_CONTROLS,MORPHOLOGY_NOT_OUTLIER_VS_SNR_MATCHED_CONTROLS,1,32,,0,,,MORPHOLOGY_UNRESOLVED_ONE_OR_MORE_ENDPOINTS,False
292984,PRIMARY_424,INSUFFICIENT_USABLE_MATCHED_CONTROLS,MORPHOLOGY_NOT_OUTLIER_VS_SNR_MATCHED_CONTROLS,4,32,,0,,,MORPHOLOGY_UNRESOLVED_ONE_OR_MORE_ENDPOINTS,False
292986,PRIMARY_424,MORPHOLOGY_NOT_OUTLIER_VS_SNR_MATCHED_CONTROLS,MORPHOLOGY_NOT_OUTLIER_VS_SNR_MATCHED_CONTROLS,32,32,0,0,,,NO_MORPHOLOGY_OUTLIER_EITHER_ENDPOINT,False
292987,PRIMARY_424,MORPHOLOGY_NOT_OUTLIER_VS_SNR_MATCHED_CONTROLS,MORPHOLOGY_NOT_OUTLIER_VS_SNR_MATCHED_CONTROLS,32,32,0,0,,,NO_MORPHOLOGY_OUTLIER_EITHER_ENDPOINT,False
292988,DIAGNOSTIC_179,MORPHOLOGY_NOT_OUTLIER_VS_SNR_MATCHED_CONTROLS,MORPHOLOGY_NOT_OUTLIER_VS_SNR_MATCHED_CONTROLS,32,32,0,0,,,NO_MORPHOLOGY_OUTLIER_EITHER_ENDPOINT,False
292989,PRIMARY_424,MORPHOLOGY_NOT_OUTLIER_VS_SNR_MATCHED_CONTROLS,MORPHOLOGY_OUTLIER_VS_SNR_MATCHED_CONTROLS,32,32,0,2,,concentration_f3_f8;peak_to_flux5,MORPHOLOGY_OUTLIER_ONE_ENDPOINT,False
292991,PRIMARY_424,MORPHOLOGY_NOT_OUTLIER_VS_SNR_MATCHED_CONTROLS,MORPHOLOGY_NOT_OUTLIER_VS_SNR_MATCHED_CONTROLS,12,32,0,0,,,NO_MORPHOLOGY_OUTLIER_EITHER_ENDPOINT,False
292993,PRIMARY_424,MORPHOLOGY_NOT_OUTLIER_VS_SNR_MATCHED_CONTROLS,MORPHOLOGY_NOT_OUTLIER_VS_SNR_MATCHED_CONTROLS,5,32,0,0,,,NO_MORPHOLOGY_OUTLIER_EITHER_ENDPOINT,False
292994,PRIMARY_424,MORPHOLOGY_NOT_OUTLIER_VS_SNR_MATCHED_CONTROLS,MORPHOLOGY_NOT_OUTLIER_VS_SNR_MATCHED_CONTROLS,32,32,0,0,,,NO_MORPHOLOGY_OUTLIER_EITHER_ENDPOINT,False
292996,DIAGNOSTIC_179,MORPHOLOGY_NOT_OUTLIER_VS_SNR_MATCHED_CONTROLS,MORPHOLOGY_NOT_OUTLIER_VS_SNR_MATCHED_CONTROLS,32,32,0,0,,,NO_MORPHOLOGY_OUTLIER_EITHER_ENDPOINT,False
293004,PRIMARY_424,MORPHOLOGY_NOT_OUTLIER_VS_SNR_MATCHED_CONTROLS,MORPHOLOGY_NOT_OUTLIER_VS_SNR_MATCHED_CONTROLS,19,32,0,0,,,NO_MORPHOLOGY_OUTLIER_EITHER_ENDPOINT,False
293006,PRIMARY_424,MORPHOLOGY_NOT_OUTLIER_VS_SNR_MATCHED_CONTROLS,MORPHOLOGY_NOT_OUTLIER_VS_SNR_MATCHED_CONTROLS,14,32,0,0,,,NO_MORPHOLOGY_OUTLIER_EITHER_ENDPOINT,False
293008,PRIMARY_424,MORPHOLOGY_NOT_OUTLIER_VS_SNR_MATCHED_CONTROLS,MORPHOLOGY_NOT_OUTLIER_VS_SNR_MATCHED_CONTROLS,20,32,0,0,,,NO_MORPHOLOGY_OUTLIER_EITHER_ENDPOINT,False
293009,DIAGNOSTIC_179,MORPHOLOGY_OUTLIER_VS_SNR_MATCHED_CONTROLS,MORPHOLOGY_NOT_OUTLIER_VS_SNR_MATCHED_CONTROLS,7,32,1,0,centroid_offset_px,,MORPHOLOGY_OUTLIER_ONE_ENDPOINT,False
293013,PRIMARY_424,MORPHOLOGY_NOT_OUTLIER_VS_SNR_MATCHED_CONTROLS,MORPHOLOGY_NOT_OUTLIER_VS_SNR_MATCHED_CONTROLS,29,32,0,0,,,NO_MORPHOLOGY_OUTLIER_EITHER_ENDPOINT,False
293014,PRIMARY_424,MORPHOLOGY_NOT_OUTLIER_VS_SNR_MATCHED_CONTROLS,MORPHOLOGY_NOT_OUTLIER_VS_SNR_MATCHED_CONTROLS,32,32,0,0,,,NO_MORPHOLOGY_OUTLIER_EITHER_ENDPOINT,False
293021,PRIMARY_424,MORPHOLOGY_NOT_OUTLIER_VS_SNR_MATCHED_CONTROLS,MORPHOLOGY_NOT_OUTLIER_VS_SNR_MATCHED_CONTROLS,10,32,0,0,,,NO_MORPHOLOGY_OUTLIER_EITHER_ENDPOINT,False
293023,PRIMARY_424,MORPHOLOGY_NOT_OUTLIER_VS_SNR_MATCHED_CONTROLS,MORPHOLOGY_NOT_OUTLIER_VS_SNR_MATCHED_CONTROLS,32,32,0,0,,,NO_MORPHOLOGY_OUTLIER_EITHER_ENDPOINT,False
293025,PRIMARY_424,MORPHOLOGY_NOT_OUTLIER_VS_SNR_MATCHED_CONTROLS,MORPHOLOGY_NOT_OUTLIER_VS_SNR_MATCHED_CONTROLS,9,32,0,0,,,NO_MORPHOLOGY_OUTLIER_EITHER_ENDPOINT,False
293029,DIAGNOSTIC_179,MORPHOLOGY_NOT_OUTLIER_VS_SNR_MATCHED_CONTROLS,MORPHOLOGY_NOT_OUTLIER_VS_SNR_MATCHED_CONTROLS,20,32,0,0,,,NO_MORPHOLOGY_OUTLIER_EITHER_ENDPOINT,False
293031,DIAGNOSTIC_179,MORPHOLOGY_NOT_OUTLIER_VS_SNR_MATCHED_CONTROLS,MORPHOLOGY_NOT_OUTLIER_VS_SNR_MATCHED_CONTROLS,25,32,0,0,,,NO_MORPHOLOGY_OUTLIER_EITHER_ENDPOINT,False
293032,DIAGNOSTIC_179,MORPHOLOGY_OUTLIER_VS_SNR_MATCHED_CONTROLS,MORPHOLOGY_OUTLIER_VS_SNR_MATCHED_CONTROLS,19,32,2,3,concentration_f3_f8;peak_to_flux5,sigma_minor_px;concentration_f3_f8;peak_to_flux5,MORPHOLOGY_OUTLIER_BOTH_ENDPOINTS,False
293033,PRIMARY_424,MORPHOLOGY_NOT_OUTLIER_VS_SNR_MATCHED_CONTROLS,MORPHOLOGY_NOT_OUTLIER_VS_SNR_MATCHED_CONTROLS,32,32,0,0,,,NO_MORPHOLOGY_OUTLIER_EITHER_ENDPOINT,False
293035,PRIMARY_424,INSUFFICIENT_USABLE_MATCHED_CONTROLS,MORPHOLOGY_NOT_OUTLIER_VS_SNR_MATCHED_CONTROLS,2,29,,0,,,MORPHOLOGY_UNRESOLVED_ONE_OR_MORE_ENDPOINTS,False
293037,PRIMARY_424,MORPHOLOGY_NOT_OUTLIER_VS_SNR_MATCHED_CONTROLS,MORPHOLOGY_NOT_OUTLIER_VS_SNR_MATCHED_CONTROLS,21,32,0,0,,,NO_MORPHOLOGY_OUTLIER_EITHER_ENDPOINT,False
293038,PRIMARY_424,MORPHOLOGY_NOT_OUTLIER_VS_SNR_MATCHED_CONTROLS,MORPHOLOGY_NOT_OUTLIER_VS_SNR_MATCHED_CONTROLS,32,32,0,0,,,NO_MORPHOLOGY_OUTLIER_EITHER_ENDPOINT,False
293039,DIAGNOSTIC_179,MORPHOLOGY_NOT_OUTLIER_VS_SNR_MATCHED_CONTROLS,MORPHOLOGY_NOT_OUTLIER_VS_SNR_MATCHED_CONTROLS,32,32,0,0,,,NO_MORPHOLOGY_OUTLIER_EITHER_ENDPOINT,False
293041,PRIMARY_424,MORPHOLOGY_NOT_OUTLIER_VS_SNR_MATCHED_CONTROLS,MORPHOLOGY_NOT_OUTLIER_VS_SNR_MATCHED_CONTROLS,32,32,0,0,,,NO_MORPHOLOGY_OUTLIER_EITHER_ENDPOINT,False
293042,DIAGNOSTIC_179,INSUFFICIENT_USABLE_MATCHED_CONTROLS,MORPHOLOGY_NOT_OUTLIER_VS_SNR_MATCHED_CONTROLS,3,32,,0,,,MORPHOLOGY_UNRESOLVED_ONE_OR_MORE_ENDPOINTS,False
293043,PRIMARY_424,MORPHOLOGY_NOT_OUTLIER_VS_SNR_MATCHED_CONTROLS,MORPHOLOGY_NOT_OUTLIER_VS_SNR_MATCHED_CONTROLS,8,32,0,0,,,NO_MORPHOLOGY_OUTLIER_EITHER_ENDPOINT,False
293046,PRIMARY_424,MORPHOLOGY_NOT_OUTLIER_VS_SNR_MATCHED_CONTROLS,MORPHOLOGY_NOT_OUTLIER_VS_SNR_MATCHED_CONTROLS,32,32,0,0,,,NO_MORPHOLOGY_OUTLIER_EITHER_ENDPOINT,False
293047,PRIMARY_424,MORPHOLOGY_NOT_OUTLIER_VS_SNR_MATCHED_CONTROLS,MORPHOLOGY_NOT_OUTLIER_VS_SNR_MATCHED_CONTROLS,24,32,0,0,,,NO_MORPHOLOGY_OUTLIER_EITHER_ENDPOINT,False
293048,PRIMARY_424,MORPHOLOGY_NOT_OUTLIER_VS_SNR_MATCHED_CONTROLS,MORPHOLOGY_NOT_OUTLIER_VS_SNR_MATCHED_CONTROLS,32,32,0,0,,,NO_MORPHOLOGY_OUTLIER_EITHER_ENDPOINT,False
293051,PRIMARY_424,INSUFFICIENT_USABLE_MATCHED_CONTROLS,MORPHOLOGY_NOT_OUTLIER_VS_SNR_MATCHED_CONTROLS,4,28,,0,,,MORPHOLOGY_UNRESOLVED_ONE_OR_MORE_ENDPOINTS,False
293053,PRIMARY_424,MORPHOLOGY_NOT_OUTLIER_VS_SNR_MATCHED_CONTROLS,MORPHOLOGY_NOT_OUTLIER_VS_SNR_MATCHED_CONTROLS,32,32,0,0,,,NO_MORPHOLOGY_OUTLIER_EITHER_ENDPOINT,False
293055,PRIMARY_424,MORPHOLOGY_OUTLIER_VS_SNR_MATCHED_CONTROLS,MORPHOLOGY_NOT_OUTLIER_VS_SNR_MATCHED_CONTROLS,32,32,4,0,sigma_major_px;ellipticity;concentration_f3_f8;peak_to_flux5,,MORPHOLOGY_OUTLIER_ONE_ENDPOINT,False
293057,DIAGNOSTIC_179,MORPHOLOGY_OUTLIER_VS_SNR_MATCHED_CONTROLS,MORPHOLOGY_NOT_OUTLIER_VS_SNR_MATCHED_CONTROLS,32,32,1,0,ellipticity,,MORPHOLOGY_OUTLIER_ONE_ENDPOINT,False
293058,PRIMARY_424,MORPHOLOGY_OUTLIER_VS_SNR_MATCHED_CONTROLS,MORPHOLOGY_NOT_OUTLIER_VS_SNR_MATCHED_CONTROLS,10,32,1,0,peak_to_flux5,,MORPHOLOGY_OUTLIER_ONE_ENDPOINT,False
293060,PRIMARY_424,INSUFFICIENT_USABLE_MATCHED_CONTROLS,MORPHOLOGY_NOT_OUTLIER_VS_SNR_MATCHED_CONTROLS,2,32,,0,,,MORPHOLOGY_UNRESOLVED_ONE_OR_MORE_ENDPOINTS,False
293061,PRIMARY_424,MORPHOLOGY_OUTLIER_VS_SNR_MATCHED_CONTROLS,MORPHOLOGY_NOT_OUTLIER_VS_SNR_MATCHED_CONTROLS,6,32,1,0,sigma_major_px,,MORPHOLOGY_OUTLIER_ONE_ENDPOINT,False
293064,PRIMARY_424,MORPHOLOGY_NOT_OUTLIER_VS_SNR_MATCHED_CONTROLS,MORPHOLOGY_NOT_OUTLIER_VS_SNR_MATCHED_CONTROLS,32,32,0,0,,,NO_MORPHOLOGY_OUTLIER_EITHER_ENDPOINT,False
293065,PRIMARY_424,MORPHOLOGY_NOT_OUTLIER_VS_SNR_MATCHED_CONTROLS,MORPHOLOGY_NOT_OUTLIER_VS_SNR_MATCHED_CONTROLS,10,32,0,0,,,NO_MORPHOLOGY_OUTLIER_EITHER_ENDPOINT,False
293069,PRIMARY_424,MORPHOLOGY_NOT_OUTLIER_VS_SNR_MATCHED_CONTROLS,MORPHOLOGY_NOT_OUTLIER_VS_SNR_MATCHED_CONTROLS,15,32,0,0,,,NO_MORPHOLOGY_OUTLIER_EITHER_ENDPOINT,False
293070,DIAGNOSTIC_179,MORPHOLOGY_NOT_OUTLIER_VS_SNR_MATCHED_CONTROLS,MORPHOLOGY_NOT_OUTLIER_VS_SNR_MATCHED_CONTROLS,11,32,0,0,,,NO_MORPHOLOGY_OUTLIER_EITHER_ENDPOINT,False
293071,PRIMARY_424,MORPHOLOGY_NOT_OUTLIER_VS_SNR_MATCHED_CONTROLS,MORPHOLOGY_NOT_OUTLIER_VS_SNR_MATCHED_CONTROLS,17,32,0,0,,,NO_MORPHOLOGY_OUTLIER_EITHER_ENDPOINT,False
293072,PRIMARY_424,MORPHOLOGY_NOT_OUTLIER_VS_SNR_MATCHED_CONTROLS,MORPHOLOGY_NOT_OUTLIER_VS_SNR_MATCHED_CONTROLS,24,32,0,0,,,NO_MORPHOLOGY_OUTLIER_EITHER_ENDPOINT,False
293078,PRIMARY_424,MORPHOLOGY_OUTLIER_VS_SNR_MATCHED_CONTROLS,MORPHOLOGY_NOT_OUTLIER_VS_SNR_MATCHED_CONTROLS,9,32,1,0,peak_to_flux5,,MORPHOLOGY_OUTLIER_ONE_ENDPOINT,False
293079,PRIMARY_424,MORPHOLOGY_NOT_OUTLIER_VS_SNR_MATCHED_CONTROLS,MORPHOLOGY_NOT_OUTLIER_VS_SNR_MATCHED_CONTROLS,32,32,0,0,,,NO_MORPHOLOGY_OUTLIER_EITHER_ENDPOINT,False
293080,PRIMARY_424,MORPHOLOGY_NOT_OUTLIER_VS_SNR_MATCHED_CONTROLS,MORPHOLOGY_NOT_OUTLIER_VS_SNR_MATCHED_CONTROLS,19,32,0,0,,,NO_MORPHOLOGY_OUTLIER_EITHER_ENDPOINT,False
293081,PRIMARY_424,MORPHOLOGY_NOT_OUTLIER_VS_SNR_MATCHED_CONTROLS,MORPHOLOGY_NOT_OUTLIER_VS_SNR_MATCHED_CONTROLS,28,32,0,0,,,NO_MORPHOLOGY_OUTLIER_EITHER_ENDPOINT,False
293082,PRIMARY_424,MORPHOLOGY_NOT_OUTLIER_VS_SNR_MATCHED_CONTROLS,MORPHOLOGY_NOT_OUTLIER_VS_SNR_MATCHED_CONTROLS,32,32,0,0,,,NO_MORPHOLOGY_OUTLIER_EITHER_ENDPOINT,False
293083,PRIMARY_424,MORPHOLOGY_NOT_OUTLIER_VS_SNR_MATCHED_CONTROLS,MORPHOLOGY_NOT_OUTLIER_VS_SNR_MATCHED_CONTROLS,13,32,0,0,,,NO_MORPHOLOGY_OUTLIER_EITHER_ENDPOINT,False
293084,PRIMARY_424,MORPHOLOGY_NOT_OUTLIER_VS_SNR_MATCHED_CONTROLS,MORPHOLOGY_NOT_OUTLIER_VS_SNR_MATCHED_CONTROLS,12,32,0,0,,,NO_MORPHOLOGY_OUTLIER_EITHER_ENDPOINT,False
293086,PRIMARY_424,MORPHOLOGY_NOT_OUTLIER_VS_SNR_MATCHED_CONTROLS,MORPHOLOGY_NOT_OUTLIER_VS_SNR_MATCHED_CONTROLS,12,32,0,0,,,NO_MORPHOLOGY_OUTLIER_EITHER_ENDPOINT,False
293087,PRIMARY_424,MORPHOLOGY_OUTLIER_VS_SNR_MATCHED_CONTROLS,MORPHOLOGY_NOT_OUTLIER_VS_SNR_MATCHED_CONTROLS,6,32,3,0,sigma_major_px;sigma_minor_px;peak_to_flux5,,MORPHOLOGY_OUTLIER_ONE_ENDPOINT,False
293092,PRIMARY_424,MORPHOLOGY_NOT_OUTLIER_VS_SNR_MATCHED_CONTROLS,MORPHOLOGY_NOT_OUTLIER_VS_SNR_MATCHED_CONTROLS,9,32,0,0,,,NO_MORPHOLOGY_OUTLIER_EITHER_ENDPOINT,False
293093,PRIMARY_424,MORPHOLOGY_NOT_OUTLIER_VS_SNR_MATCHED_CONTROLS,MORPHOLOGY_NOT_OUTLIER_VS_SNR_MATCHED_CONTROLS,10,32,0,0,,,NO_MORPHOLOGY_OUTLIER_EITHER_ENDPOINT,False
293105,PRIMARY_424,MORPHOLOGY_NOT_OUTLIER_VS_SNR_MATCHED_CONTROLS,MORPHOLOGY_NOT_OUTLIER_VS_SNR_MATCHED_CONTROLS,13,32,0,0,,,NO_MORPHOLOGY_OUTLIER_EITHER_ENDPOINT,False
293108,DIAGNOSTIC_179,MORPHOLOGY_NOT_OUTLIER_VS_SNR_MATCHED_CONTROLS,MORPHOLOGY_NOT_OUTLIER_VS_SNR_MATCHED_CONTROLS,17,32,0,0,,,NO_MORPHOLOGY_OUTLIER_EITHER_ENDPOINT,False
293109,DIAGNOSTIC_179,MORPHOLOGY_NOT_OUTLIER_VS_SNR_MATCHED_CONTROLS,MORPHOLOGY_NOT_OUTLIER_VS_SNR_MATCHED_CONTROLS,9,32,0,0,,,NO_MORPHOLOGY_OUTLIER_EITHER_ENDPOINT,False
293110,PRIMARY_424,MORPHOLOGY_NOT_OUTLIER_VS_SNR_MATCHED_CONTROLS,MORPHOLOGY_NOT_OUTLIER_VS_SNR_MATCHED_CONTROLS,9,32,0,0,,,NO_MORPHOLOGY_OUTLIER_EITHER_ENDPOINT,False
293111,DIAGNOSTIC_179,INSUFFICIENT_USABLE_MATCHED_CONTROLS,MORPHOLOGY_NOT_OUTLIER_VS_SNR_MATCHED_CONTROLS,4,32,,0,,,MORPHOLOGY_UNRESOLVED_ONE_OR_MORE_ENDPOINTS,False
293113,DIAGNOSTIC_179,MORPHOLOGY_NOT_OUTLIER_VS_SNR_MATCHED_CONTROLS,MORPHOLOGY_NOT_OUTLIER_VS_SNR_MATCHED_CONTROLS,32,32,0,0,,,NO_MORPHOLOGY_OUTLIER_EITHER_ENDPOINT,False
293117,PRIMARY_424,MORPHOLOGY_OUTLIER_VS_SNR_MATCHED_CONTROLS,MORPHOLOGY_NOT_OUTLIER_VS_SNR_MATCHED_CONTROLS,32,32,2,0,sigma_major_px;concentration_f3_f8,,MORPHOLOGY_OUTLIER_ONE_ENDPOINT,False
293118,PRIMARY_424,MORPHOLOGY_NOT_OUTLIER_VS_SNR_MATCHED_CONTROLS,MORPHOLOGY_OUTLIER_VS_SNR_MATCHED_CONTROLS,6,32,0,1,,centroid_offset_px,MORPHOLOGY_OUTLIER_ONE_ENDPOINT,False
293120,PRIMARY_424,MORPHOLOGY_NOT_OUTLIER_VS_SNR_MATCHED_CONTROLS,MORPHOLOGY_NOT_OUTLIER_VS_SNR_MATCHED_CONTROLS,32,32,0,0,,,NO_MORPHOLOGY_OUTLIER_EITHER_ENDPOINT,False
293121,PRIMARY_424,MORPHOLOGY_NOT_OUTLIER_VS_SNR_MATCHED_CONTROLS,MORPHOLOGY_NOT_OUTLIER_VS_SNR_MATCHED_CONTROLS,10,32,0,0,,,NO_MORPHOLOGY_OUTLIER_EITHER_ENDPOINT,False
293124,DIAGNOSTIC_179,INSUFFICIENT_USABLE_MATCHED_CONTROLS,MORPHOLOGY_NOT_OUTLIER_VS_SNR_MATCHED_CONTROLS,3,32,,0,,,MORPHOLOGY_UNRESOLVED_ONE_OR_MORE_ENDPOINTS,False
293125,PRIMARY_424,MORPHOLOGY_NOT_OUTLIER_VS_SNR_MATCHED_CONTROLS,MORPHOLOGY_NOT_OUTLIER_VS_SNR_MATCHED_CONTROLS,5,32,0,0,,,NO_MORPHOLOGY_OUTLIER_EITHER_ENDPOINT,False
293127,PRIMARY_424,MORPHOLOGY_NOT_OUTLIER_VS_SNR_MATCHED_CONTROLS,MORPHOLOGY_NOT_OUTLIER_VS_SNR_MATCHED_CONTROLS,32,32,0,0,,,NO_MORPHOLOGY_OUTLIER_EITHER_ENDPOINT,False
293134,PRIMARY_424,MORPHOLOGY_NOT_OUTLIER_VS_SNR_MATCHED_CONTROLS,MORPHOLOGY_NOT_OUTLIER_VS_SNR_MATCHED_CONTROLS,7,32,0,0,,,NO_MORPHOLOGY_OUTLIER_EITHER_ENDPOINT,False
293135,PRIMARY_424,MORPHOLOGY_NOT_OUTLIER_VS_SNR_MATCHED_CONTROLS,MORPHOLOGY_NOT_OUTLIER_VS_SNR_MATCHED_CONTROLS,14,32,0,0,,,NO_MORPHOLOGY_OUTLIER_EITHER_ENDPOINT,False
293137,PRIMARY_424,MORPHOLOGY_NOT_OUTLIER_VS_SNR_MATCHED_CONTROLS,MORPHOLOGY_NOT_OUTLIER_VS_SNR_MATCHED_CONTROLS,11,32,0,0,,,NO_MORPHOLOGY_OUTLIER_EITHER_ENDPOINT,False
293139,PRIMARY_424,MORPHOLOGY_NOT_OUTLIER_VS_SNR_MATCHED_CONTROLS,MORPHOLOGY_NOT_OUTLIER_VS_SNR_MATCHED_CONTROLS,21,32,0,0,,,NO_MORPHOLOGY_OUTLIER_EITHER_ENDPOINT,False
293142,DIAGNOSTIC_179,MORPHOLOGY_NOT_OUTLIER_VS_SNR_MATCHED_CONTROLS,MORPHOLOGY_NOT_OUTLIER_VS_SNR_MATCHED_CONTROLS,32,32,0,0,,,NO_MORPHOLOGY_OUTLIER_EITHER_ENDPOINT,False
293147,DIAGNOSTIC_179,MORPHOLOGY_NOT_OUTLIER_VS_SNR_MATCHED_CONTROLS,MORPHOLOGY_NOT_OUTLIER_VS_SNR_MATCHED_CONTROLS,9,32,0,0,,,NO_MORPHOLOGY_OUTLIER_EITHER_ENDPOINT,False
293148,DIAGNOSTIC_179,MORPHOLOGY_NOT_OUTLIER_VS_SNR_MATCHED_CONTROLS,MORPHOLOGY_NOT_OUTLIER_VS_SNR_MATCHED_CONTROLS,11,32,0,0,,,NO_MORPHOLOGY_OUTLIER_EITHER_ENDPOINT,False
293149,PRIMARY_424,MORPHOLOGY_NOT_OUTLIER_VS_SNR_MATCHED_CONTROLS,MORPHOLOGY_NOT_OUTLIER_VS_SNR_MATCHED_CONTROLS,17,32,0,0,,,NO_MORPHOLOGY_OUTLIER_EITHER_ENDPOINT,False
293151,DIAGNOSTIC_179,MORPHOLOGY_NOT_OUTLIER_VS_SNR_MATCHED_CONTROLS,MORPHOLOGY_NOT_OUTLIER_VS_SNR_MATCHED_CONTROLS,32,32,0,0,,,NO_MORPHOLOGY_OUTLIER_EITHER_ENDPOINT,False
293152,PRIMARY_424,MORPHOLOGY_NOT_OUTLIER_VS_SNR_MATCHED_CONTROLS,MORPHOLOGY_NOT_OUTLIER_VS_SNR_MATCHED_CONTROLS,15,32,0,0,,,NO_MORPHOLOGY_OUTLIER_EITHER_ENDPOINT,False
293154,PRIMARY_424,MORPHOLOGY_NOT_OUTLIER_VS_SNR_MATCHED_CONTROLS,MORPHOLOGY_NOT_OUTLIER_VS_SNR_MATCHED_CONTROLS,32,32,0,0,,,NO_MORPHOLOGY_OUTLIER_EITHER_ENDPOINT,False
293155,PRIMARY_424,MORPHOLOGY_NOT_OUTLIER_VS_SNR_MATCHED_CONTROLS,MORPHOLOGY_NOT_OUTLIER_VS_SNR_MATCHED_CONTROLS,8,32,0,0,,,NO_MORPHOLOGY_OUTLIER_EITHER_ENDPOINT,False
293157,PRIMARY_424,MORPHOLOGY_OUTLIER_VS_SNR_MATCHED_CONTROLS,MORPHOLOGY_NOT_OUTLIER_VS_SNR_MATCHED_CONTROLS,32,32,5,0,sigma_major_px;ellipticity;centroid_offset_px;concentration_f3_f8;peak_to_flux5,,MORPHOLOGY_OUTLIER_ONE_ENDPOINT,False
293162,PRIMARY_424,MORPHOLOGY_NOT_OUTLIER_VS_SNR_MATCHED_CONTROLS,MORPHOLOGY_NOT_OUTLIER_VS_SNR_MATCHED_CONTROLS,13,32,0,0,,,NO_MORPHOLOGY_OUTLIER_EITHER_ENDPOINT,False
293163,DIAGNOSTIC_179,MORPHOLOGY_NOT_OUTLIER_VS_SNR_MATCHED_CONTROLS,MORPHOLOGY_NOT_OUTLIER_VS_SNR_MATCHED_CONTROLS,31,32,0,0,,,NO_MORPHOLOGY_OUTLIER_EITHER_ENDPOINT,False
293164,PRIMARY_424,MORPHOLOGY_NOT_OUTLIER_VS_SNR_MATCHED_CONTROLS,MORPHOLOGY_NOT_OUTLIER_VS_SNR_MATCHED_CONTROLS,19,32,0,0,,,NO_MORPHOLOGY_OUTLIER_EITHER_ENDPOINT,False
293166,PRIMARY_424,MORPHOLOGY_NOT_OUTLIER_VS_SNR_MATCHED_CONTROLS,MORPHOLOGY_NOT_OUTLIER_VS_SNR_MATCHED_CONTROLS,10,32,0,0,,,NO_MORPHOLOGY_OUTLIER_EITHER_ENDPOINT,False
293169,DIAGNOSTIC_179,MORPHOLOGY_NOT_OUTLIER_VS_SNR_MATCHED_CONTROLS,MORPHOLOGY_NOT_OUTLIER_VS_SNR_MATCHED_CONTROLS,24,32,0,0,,,NO_MORPHOLOGY_OUTLIER_EITHER_ENDPOINT,False
293171,DIAGNOSTIC_179,MORPHOLOGY_NOT_OUTLIER_VS_SNR_MATCHED_CONTROLS,MORPHOLOGY_NOT_OUTLIER_VS_SNR_MATCHED_CONTROLS,32,32,0,0,,,NO_MORPHOLOGY_OUTLIER_EITHER_ENDPOINT,False
293173,PRIMARY_424,MORPHOLOGY_NOT_OUTLIER_VS_SNR_MATCHED_CONTROLS,MORPHOLOGY_NOT_OUTLIER_VS_SNR_MATCHED_CONTROLS,10,32,0,0,,,NO_MORPHOLOGY_OUTLIER_EITHER_ENDPOINT,False
293174,PRIMARY_424,MORPHOLOGY_NOT_OUTLIER_VS_SNR_MATCHED_CONTROLS,MORPHOLOGY_NOT_OUTLIER_VS_SNR_MATCHED_CONTROLS,32,32,0,0,,,NO_MORPHOLOGY_OUTLIER_EITHER_ENDPOINT,False
293176,PRIMARY_424,MORPHOLOGY_NOT_OUTLIER_VS_SNR_MATCHED_CONTROLS,MORPHOLOGY_NOT_OUTLIER_VS_SNR_MATCHED_CONTROLS,32,32,0,0,,,NO_MORPHOLOGY_OUTLIER_EITHER_ENDPOINT,False
293179,PRIMARY_424,MORPHOLOGY_NOT_OUTLIER_VS_SNR_MATCHED_CONTROLS,MORPHOLOGY_NOT_OUTLIER_VS_SNR_MATCHED_CONTROLS,32,32,0,0,,,NO_MORPHOLOGY_OUTLIER_EITHER_ENDPOINT,False
293180,PRIMARY_424,MORPHOLOGY_NOT_OUTLIER_VS_SNR_MATCHED_CONTROLS,MORPHOLOGY_NOT_OUTLIER_VS_SNR_MATCHED_CONTROLS,21,32,0,0,,,NO_MORPHOLOGY_OUTLIER_EITHER_ENDPOINT,False
293186,PRIMARY_424,INSUFFICIENT_USABLE_MATCHED_CONTROLS,MORPHOLOGY_NOT_OUTLIER_VS_SNR_MATCHED_CONTROLS,2,32,,0,,,MORPHOLOGY_UNRESOLVED_ONE_OR_MORE_ENDPOINTS,False
293198,PRIMARY_424,MORPHOLOGY_NOT_OUTLIER_VS_SNR_MATCHED_CONTROLS,MORPHOLOGY_NOT_OUTLIER_VS_SNR_MATCHED_CONTROLS,16,32,0,0,,,NO_MORPHOLOGY_OUTLIER_EITHER_ENDPOINT,False
293201,PRIMARY_424,MORPHOLOGY_NOT_OUTLIER_VS_SNR_MATCHED_CONTROLS,MORPHOLOGY_NOT_OUTLIER_VS_SNR_MATCHED_CONTROLS,32,32,0,0,,,NO_MORPHOLOGY_OUTLIER_EITHER_ENDPOINT,False
293203,PRIMARY_424,MORPHOLOGY_NOT_OUTLIER_VS_SNR_MATCHED_CONTROLS,MORPHOLOGY_NOT_OUTLIER_VS_SNR_MATCHED_CONTROLS,9,32,0,0,,,NO_MORPHOLOGY_OUTLIER_EITHER_ENDPOINT,False
293204,PRIMARY_424,MORPHOLOGY_OUTLIER_VS_SNR_MATCHED_CONTROLS,MORPHOLOGY_NOT_OUTLIER_VS_SNR_MATCHED_CONTROLS,32,32,4,0,sigma_major_px;sigma_minor_px;ellipticity;concentration_f3_f8,,MORPHOLOGY_OUTLIER_ONE_ENDPOINT,False
293205,DIAGNOSTIC_179,MORPHOLOGY_NOT_OUTLIER_VS_SNR_MATCHED_CONTROLS,MORPHOLOGY_NOT_OUTLIER_VS_SNR_MATCHED_CONTROLS,14,32,0,0,,,NO_MORPHOLOGY_OUTLIER_EITHER_ENDPOINT,False
293209,PRIMARY_424,MORPHOLOGY_NOT_OUTLIER_VS_SNR_MATCHED_CONTROLS,MORPHOLOGY_OUTLIER_VS_SNR_MATCHED_CONTROLS,14,32,0,1,,concentration_f3_f8,MORPHOLOGY_OUTLIER_ONE_ENDPOINT,False
293210,PRIMARY_424,MORPHOLOGY_NOT_OUTLIER_VS_SNR_MATCHED_CONTROLS,MORPHOLOGY_NOT_OUTLIER_VS_SNR_MATCHED_CONTROLS,13,32,0,0,,,NO_MORPHOLOGY_OUTLIER_EITHER_ENDPOINT,False
293211,PRIMARY_424,MORPHOLOGY_NOT_OUTLIER_VS_SNR_MATCHED_CONTROLS,MORPHOLOGY_NOT_OUTLIER_VS_SNR_MATCHED_CONTROLS,18,32,0,0,,,NO_MORPHOLOGY_OUTLIER_EITHER_ENDPOINT,False
293213,PRIMARY_424,MORPHOLOGY_NOT_OUTLIER_VS_SNR_MATCHED_CONTROLS,MORPHOLOGY_NOT_OUTLIER_VS_SNR_MATCHED_CONTROLS,16,32,0,0,,,NO_MORPHOLOGY_OUTLIER_EITHER_ENDPOINT,False
293215,DIAGNOSTIC_179,MORPHOLOGY_NOT_OUTLIER_VS_SNR_MATCHED_CONTROLS,MORPHOLOGY_NOT_OUTLIER_VS_SNR_MATCHED_CONTROLS,10,32,0,0,,,NO_MORPHOLOGY_OUTLIER_EITHER_ENDPOINT,False
293216,PRIMARY_424,MORPHOLOGY_NOT_OUTLIER_VS_SNR_MATCHED_CONTROLS,MORPHOLOGY_NOT_OUTLIER_VS_SNR_MATCHED_CONTROLS,15,32,0,0,,,NO_MORPHOLOGY_OUTLIER_EITHER_ENDPOINT,False
293218,PRIMARY_424,MORPHOLOGY_NOT_OUTLIER_VS_SNR_MATCHED_CONTROLS,MORPHOLOGY_NOT_OUTLIER_VS_SNR_MATCHED_CONTROLS,15,32,0,0,,,NO_MORPHOLOGY_OUTLIER_EITHER_ENDPOINT,False
293221,DIAGNOSTIC_179,MORPHOLOGY_NOT_OUTLIER_VS_SNR_MATCHED_CONTROLS,MORPHOLOGY_NOT_OUTLIER_VS_SNR_MATCHED_CONTROLS,6,32,0,0,,,NO_MORPHOLOGY_OUTLIER_EITHER_ENDPOINT,False
293224,PRIMARY_424,MORPHOLOGY_NOT_OUTLIER_VS_SNR_MATCHED_CONTROLS,MORPHOLOGY_NOT_OUTLIER_VS_SNR_MATCHED_CONTROLS,32,32,0,0,,,NO_MORPHOLOGY_OUTLIER_EITHER_ENDPOINT,False
293225,PRIMARY_424,MORPHOLOGY_OUTLIER_VS_SNR_MATCHED_CONTROLS,MORPHOLOGY_NOT_OUTLIER_VS_SNR_MATCHED_CONTROLS,32,32,3,0,sigma_major_px;concentration_f3_f8;peak_to_flux5,,MORPHOLOGY_OUTLIER_ONE_ENDPOINT,False
293226,DIAGNOSTIC_179,MORPHOLOGY_NOT_OUTLIER_VS_SNR_MATCHED_CONTROLS,MORPHOLOGY_NOT_OUTLIER_VS_SNR_MATCHED_CONTROLS,17,32,0,0,,,NO_MORPHOLOGY_OUTLIER_EITHER_ENDPOINT,False
293229,PRIMARY_424,MORPHOLOGY_NOT_OUTLIER_VS_SNR_MATCHED_CONTROLS,MORPHOLOGY_NOT_OUTLIER_VS_SNR_MATCHED_CONTROLS,10,32,0,0,,,NO_MORPHOLOGY_OUTLIER_EITHER_ENDPOINT,False
293233,PRIMARY_424,MORPHOLOGY_NOT_OUTLIER_VS_SNR_MATCHED_CONTROLS,MORPHOLOGY_NOT_OUTLIER_VS_SNR_MATCHED_CONTROLS,26,32,0,0,,,NO_MORPHOLOGY_OUTLIER_EITHER_ENDPOINT,False
293234,PRIMARY_424,MORPHOLOGY_NOT_OUTLIER_VS_SNR_MATCHED_CONTROLS,MORPHOLOGY_NOT_OUTLIER_VS_SNR_MATCHED_CONTROLS,10,32,0,0,,,NO_MORPHOLOGY_OUTLIER_EITHER_ENDPOINT,False
293237,DIAGNOSTIC_179,MORPHOLOGY_OUTLIER_VS_SNR_MATCHED_CONTROLS,MORPHOLOGY_NOT_OUTLIER_VS_SNR_MATCHED_CONTROLS,32,32,3,0,sigma_major_px;ellipticity;concentration_f3_f8,,MORPHOLOGY_OUTLIER_ONE_ENDPOINT,False
293238,PRIMARY_424,MORPHOLOGY_NOT_OUTLIER_VS_SNR_MATCHED_CONTROLS,MORPHOLOGY_NOT_OUTLIER_VS_SNR_MATCHED_CONTROLS,13,32,0,0,,,NO_MORPHOLOGY_OUTLIER_EITHER_ENDPOINT,False
293244,PRIMARY_424,MORPHOLOGY_NOT_OUTLIER_VS_SNR_MATCHED_CONTROLS,MORPHOLOGY_NOT_OUTLIER_VS_SNR_MATCHED_CONTROLS,11,32,0,0,,,NO_MORPHOLOGY_OUTLIER_EITHER_ENDPOINT,False
293250,PRIMARY_424,MORPHOLOGY_NOT_OUTLIER_VS_SNR_MATCHED_CONTROLS,MORPHOLOGY_NOT_OUTLIER_VS_SNR_MATCHED_CONTROLS,27,32,0,0,,,NO_MORPHOLOGY_OUTLIER_EITHER_ENDPOINT,False
293251,PRIMARY_424,MORPHOLOGY_NOT_OUTLIER_VS_SNR_MATCHED_CONTROLS,MORPHOLOGY_NOT_OUTLIER_VS_SNR_MATCHED_CONTROLS,20,32,0,0,,,NO_MORPHOLOGY_OUTLIER_EITHER_ENDPOINT,False
293254,PRIMARY_424,MORPHOLOGY_OUTLIER_VS_SNR_MATCHED_CONTROLS,MORPHOLOGY_NOT_OUTLIER_VS_SNR_MATCHED_CONTROLS,32,32,1,0,concentration_f3_f8,,MORPHOLOGY_OUTLIER_ONE_ENDPOINT,False
293255,PRIMARY_424,MORPHOLOGY_NOT_OUTLIER_VS_SNR_MATCHED_CONTROLS,MORPHOLOGY_NOT_OUTLIER_VS_SNR_MATCHED_CONTROLS,32,32,0,0,,,NO_MORPHOLOGY_OUTLIER_EITHER_ENDPOINT,False
293262,PRIMARY_424,MORPHOLOGY_NOT_OUTLIER_VS_SNR_MATCHED_CONTROLS,MORPHOLOGY_NOT_OUTLIER_VS_SNR_MATCHED_CONTROLS,20,32,0,0,,,NO_MORPHOLOGY_OUTLIER_EITHER_ENDPOINT,False
293265,PRIMARY_424,MORPHOLOGY_NOT_OUTLIER_VS_SNR_MATCHED_CONTROLS,MORPHOLOGY_NOT_OUTLIER_VS_SNR_MATCHED_CONTROLS,19,32,0,0,,,NO_MORPHOLOGY_OUTLIER_EITHER_ENDPOINT,False
293268,PRIMARY_424,MORPHOLOGY_NOT_OUTLIER_VS_SNR_MATCHED_CONTROLS,MORPHOLOGY_NOT_OUTLIER_VS_SNR_MATCHED_CONTROLS,6,32,0,0,,,NO_MORPHOLOGY_OUTLIER_EITHER_ENDPOINT,False
293273,PRIMARY_424,MORPHOLOGY_NOT_OUTLIER_VS_SNR_MATCHED_CONTROLS,MORPHOLOGY_NOT_OUTLIER_VS_SNR_MATCHED_CONTROLS,32,32,0,0,,,NO_MORPHOLOGY_OUTLIER_EITHER_ENDPOINT,False
293277,PRIMARY_424,MORPHOLOGY_NOT_OUTLIER_VS_SNR_MATCHED_CONTROLS,MORPHOLOGY_NOT_OUTLIER_VS_SNR_MATCHED_CONTROLS,14,32,0,0,,,NO_MORPHOLOGY_OUTLIER_EITHER_ENDPOINT,False
293279,DIAGNOSTIC_179,MORPHOLOGY_OUTLIER_VS_SNR_MATCHED_CONTROLS,MORPHOLOGY_NOT_OUTLIER_VS_SNR_MATCHED_CONTROLS,10,32,1,0,sigma_minor_px,,MORPHOLOGY_OUTLIER_ONE_ENDPOINT,False
293280,DIAGNOSTIC_179,MORPHOLOGY_NOT_OUTLIER_VS_SNR_MATCHED_CONTROLS,MORPHOLOGY_NOT_OUTLIER_VS_SNR_MATCHED_CONTROLS,11,32,0,0,,,NO_MORPHOLOGY_OUTLIER_EITHER_ENDPOINT,False
293281,PRIMARY_424,MORPHOLOGY_NOT_OUTLIER_VS_SNR_MATCHED_CONTROLS,MORPHOLOGY_NOT_OUTLIER_VS_SNR_MATCHED_CONTROLS,10,32,0,0,,,NO_MORPHOLOGY_OUTLIER_EITHER_ENDPOINT,False
293282,DIAGNOSTIC_179,MORPHOLOGY_OUTLIER_VS_SNR_MATCHED_CONTROLS,MORPHOLOGY_NOT_OUTLIER_VS_SNR_MATCHED_CONTROLS,32,32,2,0,sigma_major_px;concentration_f3_f8,,MORPHOLOGY_OUTLIER_ONE_ENDPOINT,False
293285,DIAGNOSTIC_179,MORPHOLOGY_NOT_OUTLIER_VS_SNR_MATCHED_CONTROLS,MORPHOLOGY_NOT_OUTLIER_VS_SNR_MATCHED_CONTROLS,32,32,0,0,,,NO_MORPHOLOGY_OUTLIER_EITHER_ENDPOINT,False
293287,DIAGNOSTIC_179,MORPHOLOGY_NOT_OUTLIER_VS_SNR_MATCHED_CONTROLS,MORPHOLOGY_NOT_OUTLIER_VS_SNR_MATCHED_CONTROLS,32,32,0,0,,,NO_MORPHOLOGY_OUTLIER_EITHER_ENDPOINT,False
293288,PRIMARY_424,MORPHOLOGY_NOT_OUTLIER_VS_SNR_MATCHED_CONTROLS,MORPHOLOGY_NOT_OUTLIER_VS_SNR_MATCHED_CONTROLS,20,32,0,0,,,NO_MORPHOLOGY_OUTLIER_EITHER_ENDPOINT,False
293289,PRIMARY_424,MORPHOLOGY_NOT_OUTLIER_VS_SNR_MATCHED_CONTROLS,MORPHOLOGY_NOT_OUTLIER_VS_SNR_MATCHED_CONTROLS,13,32,0,0,,,NO_MORPHOLOGY_OUTLIER_EITHER_ENDPOINT,False
293290,PRIMARY_424,MORPHOLOGY_NOT_OUTLIER_VS_SNR_MATCHED_CONTROLS,MORPHOLOGY_NOT_OUTLIER_VS_SNR_MATCHED_CONTROLS,17,32,0,0,,,NO_MORPHOLOGY_OUTLIER_EITHER_ENDPOINT,False
293293,DIAGNOSTIC_179,MORPHOLOGY_NOT_OUTLIER_VS_SNR_MATCHED_CONTROLS,MORPHOLOGY_NOT_OUTLIER_VS_SNR_MATCHED_CONTROLS,22,32,0,0,,,NO_MORPHOLOGY_OUTLIER_EITHER_ENDPOINT,False
293295,PRIMARY_424,MORPHOLOGY_NOT_OUTLIER_VS_SNR_MATCHED_CONTROLS,MORPHOLOGY_NOT_OUTLIER_VS_SNR_MATCHED_CONTROLS,9,32,0,0,,,NO_MORPHOLOGY_OUTLIER_EITHER_ENDPOINT,False
293297,PRIMARY_424,MORPHOLOGY_NOT_OUTLIER_VS_SNR_MATCHED_CONTROLS,MORPHOLOGY_NOT_OUTLIER_VS_SNR_MATCHED_CONTROLS,32,32,0,0,,,NO_MORPHOLOGY_OUTLIER_EITHER_ENDPOINT,False
293298,DIAGNOSTIC_179,MORPHOLOGY_NOT_OUTLIER_VS_SNR_MATCHED_CONTROLS,MORPHOLOGY_NOT_OUTLIER_VS_SNR_MATCHED_CONTROLS,32,32,0,0,,,NO_MORPHOLOGY_OUTLIER_EITHER_ENDPOINT,False
293303,PRIMARY_424,MORPHOLOGY_NOT_OUTLIER_VS_SNR_MATCHED_CONTROLS,MORPHOLOGY_NOT_OUTLIER_VS_SNR_MATCHED_CONTROLS,14,32,0,0,,,NO_MORPHOLOGY_OUTLIER_EITHER_ENDPOINT,False
293304,DIAGNOSTIC_179,MORPHOLOGY_NOT_OUTLIER_VS_SNR_MATCHED_CONTROLS,MORPHOLOGY_NOT_OUTLIER_VS_SNR_MATCHED_CONTROLS,6,32,0,0,,,NO_MORPHOLOGY_OUTLIER_EITHER_ENDPOINT,False
293306,PRIMARY_424,INSUFFICIENT_USABLE_MATCHED_CONTROLS,MORPHOLOGY_NOT_OUTLIER_VS_SNR_MATCHED_CONTROLS,4,32,,0,,,MORPHOLOGY_UNRESOLVED_ONE_OR_MORE_ENDPOINTS,False
293309,PRIMARY_424,MORPHOLOGY_NOT_OUTLIER_VS_SNR_MATCHED_CONTROLS,MORPHOLOGY_NOT_OUTLIER_VS_SNR_MATCHED_CONTROLS,14,32,0,0,,,NO_MORPHOLOGY_OUTLIER_EITHER_ENDPOINT,False
293310,DIAGNOSTIC_179,MORPHOLOGY_NOT_OUTLIER_VS_SNR_MATCHED_CONTROLS,MORPHOLOGY_NOT_OUTLIER_VS_SNR_MATCHED_CONTROLS,30,32,0,0,,,NO_MORPHOLOGY_OUTLIER_EITHER_ENDPOINT,False
293315,DIAGNOSTIC_179,MORPHOLOGY_NOT_OUTLIER_VS_SNR_MATCHED_CONTROLS,MORPHOLOGY_NOT_OUTLIER_VS_SNR_MATCHED_CONTROLS,9,32,0,0,,,NO_MORPHOLOGY_OUTLIER_EITHER_ENDPOINT,False
293316,PRIMARY_424,MORPHOLOGY_NOT_OUTLIER_VS_SNR_MATCHED_CONTROLS,MORPHOLOGY_NOT_OUTLIER_VS_SNR_MATCHED_CONTROLS,32,32,0,0,,,NO_MORPHOLOGY_OUTLIER_EITHER_ENDPOINT,False
293317,DIAGNOSTIC_179,MORPHOLOGY_NOT_OUTLIER_VS_SNR_MATCHED_CONTROLS,MORPHOLOGY_NOT_OUTLIER_VS_SNR_MATCHED_CONTROLS,16,30,0,0,,,NO_MORPHOLOGY_OUTLIER_EITHER_ENDPOINT,False
293319,DIAGNOSTIC_179,MORPHOLOGY_NOT_OUTLIER_VS_SNR_MATCHED_CONTROLS,MORPHOLOGY_NOT_OUTLIER_VS_SNR_MATCHED_CONTROLS,13,32,0,0,,,NO_MORPHOLOGY_OUTLIER_EITHER_ENDPOINT,False
293322,DIAGNOSTIC_179,MORPHOLOGY_NOT_OUTLIER_VS_SNR_MATCHED_CONTROLS,MORPHOLOGY_NOT_OUTLIER_VS_SNR_MATCHED_CONTROLS,15,32,0,0,,,NO_MORPHOLOGY_OUTLIER_EITHER_ENDPOINT,False
293325,PRIMARY_424,MORPHOLOGY_NOT_OUTLIER_VS_SNR_MATCHED_CONTROLS,MORPHOLOGY_NOT_OUTLIER_VS_SNR_MATCHED_CONTROLS,32,32,0,0,,,NO_MORPHOLOGY_OUTLIER_EITHER_ENDPOINT,False
293326,PRIMARY_424,MORPHOLOGY_NOT_OUTLIER_VS_SNR_MATCHED_CONTROLS,MORPHOLOGY_NOT_OUTLIER_VS_SNR_MATCHED_CONTROLS,32,32,0,0,,,NO_MORPHOLOGY_OUTLIER_EITHER_ENDPOINT,False
293327,DIAGNOSTIC_179,MORPHOLOGY_NOT_OUTLIER_VS_SNR_MATCHED_CONTROLS,MORPHOLOGY_NOT_OUTLIER_VS_SNR_MATCHED_CONTROLS,32,32,0,0,,,NO_MORPHOLOGY_OUTLIER_EITHER_ENDPOINT,False
293328,PRIMARY_424,MORPHOLOGY_NOT_OUTLIER_VS_SNR_MATCHED_CONTROLS,MORPHOLOGY_OUTLIER_VS_SNR_MATCHED_CONTROLS,13,32,0,1,,concentration_f3_f8,MORPHOLOGY_OUTLIER_ONE_ENDPOINT,False
293333,PRIMARY_424,MORPHOLOGY_NOT_OUTLIER_VS_SNR_MATCHED_CONTROLS,MORPHOLOGY_NOT_OUTLIER_VS_SNR_MATCHED_CONTROLS,13,32,0,0,,,NO_MORPHOLOGY_OUTLIER_EITHER_ENDPOINT,False
293334,PRIMARY_424,MORPHOLOGY_NOT_OUTLIER_VS_SNR_MATCHED_CONTROLS,MORPHOLOGY_NOT_OUTLIER_VS_SNR_MATCHED_CONTROLS,14,32,0,0,,,NO_MORPHOLOGY_OUTLIER_EITHER_ENDPOINT,False
293335,DIAGNOSTIC_179,MORPHOLOGY_NOT_OUTLIER_VS_SNR_MATCHED_CONTROLS,MORPHOLOGY_NOT_OUTLIER_VS_SNR_MATCHED_CONTROLS,32,32,0,0,,,NO_MORPHOLOGY_OUTLIER_EITHER_ENDPOINT,False
293339,PRIMARY_424,MORPHOLOGY_NOT_OUTLIER_VS_SNR_MATCHED_CONTROLS,MORPHOLOGY_NOT_OUTLIER_VS_SNR_MATCHED_CONTROLS,6,32,0,0,,,NO_MORPHOLOGY_OUTLIER_EITHER_ENDPOINT,False
293341,PRIMARY_424,MORPHOLOGY_NOT_OUTLIER_VS_SNR_MATCHED_CONTROLS,MORPHOLOGY_NOT_OUTLIER_VS_SNR_MATCHED_CONTROLS,32,32,0,0,,,NO_MORPHOLOGY_OUTLIER_EITHER_ENDPOINT,False
293343,PRIMARY_424,MORPHOLOGY_NOT_OUTLIER_VS_SNR_MATCHED_CONTROLS,MORPHOLOGY_NOT_OUTLIER_VS_SNR_MATCHED_CONTROLS,32,32,0,0,,,NO_MORPHOLOGY_OUTLIER_EITHER_ENDPOINT,False
293344,PRIMARY_424,MORPHOLOGY_NOT_OUTLIER_VS_SNR_MATCHED_CONTROLS,MORPHOLOGY_NOT_OUTLIER_VS_SNR_MATCHED_CONTROLS,10,32,0,0,,,NO_MORPHOLOGY_OUTLIER_EITHER_ENDPOINT,False
293345,PRIMARY_424,MORPHOLOGY_NOT_OUTLIER_VS_SNR_MATCHED_CONTROLS,MORPHOLOGY_NOT_OUTLIER_VS_SNR_MATCHED_CONTROLS,32,32,0,0,,,NO_MORPHOLOGY_OUTLIER_EITHER_ENDPOINT,False
293346,DIAGNOSTIC_179,MORPHOLOGY_NOT_OUTLIER_VS_SNR_MATCHED_CONTROLS,MORPHOLOGY_NOT_OUTLIER_VS_SNR_MATCHED_CONTROLS,9,32,0,0,,,NO_MORPHOLOGY_OUTLIER_EITHER_ENDPOINT,False
293348,DIAGNOSTIC_179,MORPHOLOGY_NOT_OUTLIER_VS_SNR_MATCHED_CONTROLS,MORPHOLOGY_NOT_OUTLIER_VS_SNR_MATCHED_CONTROLS,8,32,0,0,,,NO_MORPHOLOGY_OUTLIER_EITHER_ENDPOINT,False
293349,PRIMARY_424,MORPHOLOGY_NOT_OUTLIER_VS_SNR_MATCHED_CONTROLS,MORPHOLOGY_NOT_OUTLIER_VS_SNR_MATCHED_CONTROLS,32,32,0,0,,,NO_MORPHOLOGY_OUTLIER_EITHER_ENDPOINT,False
293352,PRIMARY_424,MORPHOLOGY_NOT_OUTLIER_VS_SNR_MATCHED_CONTROLS,MORPHOLOGY_NOT_OUTLIER_VS_SNR_MATCHED_CONTROLS,13,32,0,0,,,NO_MORPHOLOGY_OUTLIER_EITHER_ENDPOINT,False
293354,DIAGNOSTIC_179,MORPHOLOGY_NOT_OUTLIER_VS_SNR_MATCHED_CONTROLS,MORPHOLOGY_NOT_OUTLIER_VS_SNR_MATCHED_CONTROLS,8,32,0,0,,,NO_MORPHOLOGY_OUTLIER_EITHER_ENDPOINT,False
293355,PRIMARY_424,MORPHOLOGY_NOT_OUTLIER_VS_SNR_MATCHED_CONTROLS,MORPHOLOGY_NOT_OUTLIER_VS_SNR_MATCHED_CONTROLS,7,32,0,0,,,NO_MORPHOLOGY_OUTLIER_EITHER_ENDPOINT,False
293356,DIAGNOSTIC_179,MORPHOLOGY_NOT_OUTLIER_VS_SNR_MATCHED_CONTROLS,MORPHOLOGY_NOT_OUTLIER_VS_SNR_MATCHED_CONTROLS,16,32,0,0,,,NO_MORPHOLOGY_OUTLIER_EITHER_ENDPOINT,False
293357,DIAGNOSTIC_179,MORPHOLOGY_NOT_OUTLIER_VS_SNR_MATCHED_CONTROLS,MORPHOLOGY_NOT_OUTLIER_VS_SNR_MATCHED_CONTROLS,32,32,0,0,,,NO_MORPHOLOGY_OUTLIER_EITHER_ENDPOINT,False
293359,PRIMARY_424,MORPHOLOGY_NOT_OUTLIER_VS_SNR_MATCHED_CONTROLS,MORPHOLOGY_NOT_OUTLIER_VS_SNR_MATCHED_CONTROLS,9,32,0,0,,,NO_MORPHOLOGY_OUTLIER_EITHER_ENDPOINT,False
293361,PRIMARY_424,MORPHOLOGY_NOT_OUTLIER_VS_SNR_MATCHED_CONTROLS,MORPHOLOGY_NOT_OUTLIER_VS_SNR_MATCHED_CONTROLS,7,32,0,0,,,NO_MORPHOLOGY_OUTLIER_EITHER_ENDPOINT,False
293363,PRIMARY_424,MORPHOLOGY_NOT_OUTLIER_VS_SNR_MATCHED_CONTROLS,MORPHOLOGY_NOT_OUTLIER_VS_SNR_MATCHED_CONTROLS,32,32,0,0,,,NO_MORPHOLOGY_OUTLIER_EITHER_ENDPOINT,False
293364,DIAGNOSTIC_179,MORPHOLOGY_NOT_OUTLIER_VS_SNR_MATCHED_CONTROLS,MORPHOLOGY_NOT_OUTLIER_VS_SNR_MATCHED_CONTROLS,13,32,0,0,,,NO_MORPHOLOGY_OUTLIER_EITHER_ENDPOINT,False
293365,PRIMARY_424,MORPHOLOGY_NOT_OUTLIER_VS_SNR_MATCHED_CONTROLS,MORPHOLOGY_NOT_OUTLIER_VS_SNR_MATCHED_CONTROLS,13,32,0,0,,,NO_MORPHOLOGY_OUTLIER_EITHER_ENDPOINT,False
293368,PRIMARY_424,MORPHOLOGY_NOT_OUTLIER_VS_SNR_MATCHED_CONTROLS,MORPHOLOGY_NOT_OUTLIER_VS_SNR_MATCHED_CONTROLS,12,32,0,0,,,NO_MORPHOLOGY_OUTLIER_EITHER_ENDPOINT,False
293371,PRIMARY_424,MORPHOLOGY_NOT_OUTLIER_VS_SNR_MATCHED_CONTROLS,MORPHOLOGY_NOT_OUTLIER_VS_SNR_MATCHED_CONTROLS,10,32,0,0,,,NO_MORPHOLOGY_OUTLIER_EITHER_ENDPOINT,False
293375,PRIMARY_424,MORPHOLOGY_NOT_OUTLIER_VS_SNR_MATCHED_CONTROLS,MORPHOLOGY_NOT_OUTLIER_VS_SNR_MATCHED_CONTROLS,32,32,0,0,,,NO_MORPHOLOGY_OUTLIER_EITHER_ENDPOINT,False
293380,PRIMARY_424,MORPHOLOGY_NOT_OUTLIER_VS_SNR_MATCHED_CONTROLS,MORPHOLOGY_NOT_OUTLIER_VS_SNR_MATCHED_CONTROLS,15,32,0,0,,,NO_MORPHOLOGY_OUTLIER_EITHER_ENDPOINT,False
293382,PRIMARY_424,MORPHOLOGY_NOT_OUTLIER_VS_SNR_MATCHED_CONTROLS,MORPHOLOGY_NOT_OUTLIER_VS_SNR_MATCHED_CONTROLS,11,32,0,0,,,NO_MORPHOLOGY_OUTLIER_EITHER_ENDPOINT,False
293385,PRIMARY_424,MORPHOLOGY_NOT_OUTLIER_VS_SNR_MATCHED_CONTROLS,MORPHOLOGY_NOT_OUTLIER_VS_SNR_MATCHED_CONTROLS,8,32,0,0,,,NO_MORPHOLOGY_OUTLIER_EITHER_ENDPOINT,False
293392,DIAGNOSTIC_179,MORPHOLOGY_NOT_OUTLIER_VS_SNR_MATCHED_CONTROLS,MORPHOLOGY_NOT_OUTLIER_VS_SNR_MATCHED_CONTROLS,9,32,0,0,,,NO_MORPHOLOGY_OUTLIER_EITHER_ENDPOINT,False
293399,PRIMARY_424,MORPHOLOGY_NOT_OUTLIER_VS_SNR_MATCHED_CONTROLS,MORPHOLOGY_NOT_OUTLIER_VS_SNR_MATCHED_CONTROLS,13,32,0,0,,,NO_MORPHOLOGY_OUTLIER_EITHER_ENDPOINT,False
293401,PRIMARY_424,MORPHOLOGY_OUTLIER_VS_SNR_MATCHED_CONTROLS,MORPHOLOGY_NOT_OUTLIER_VS_SNR_MATCHED_CONTROLS,32,32,3,0,sigma_major_px;concentration_f3_f8;peak_to_flux5,,MORPHOLOGY_OUTLIER_ONE_ENDPOINT,False
293402,PRIMARY_424,INSUFFICIENT_USABLE_MATCHED_CONTROLS,MORPHOLOGY_NOT_OUTLIER_VS_SNR_MATCHED_CONTROLS,3,32,,0,,,MORPHOLOGY_UNRESOLVED_ONE_OR_MORE_ENDPOINTS,False
293403,DIAGNOSTIC_179,MORPHOLOGY_NOT_OUTLIER_VS_SNR_MATCHED_CONTROLS,MORPHOLOGY_NOT_OUTLIER_VS_SNR_MATCHED_CONTROLS,14,32,0,0,,,NO_MORPHOLOGY_OUTLIER_EITHER_ENDPOINT,False
293404,PRIMARY_424,MORPHOLOGY_NOT_OUTLIER_VS_SNR_MATCHED_CONTROLS,MORPHOLOGY_NOT_OUTLIER_VS_SNR_MATCHED_CONTROLS,32,32,0,0,,,NO_MORPHOLOGY_OUTLIER_EITHER_ENDPOINT,False
293407,PRIMARY_424,MORPHOLOGY_NOT_OUTLIER_VS_SNR_MATCHED_CONTROLS,MORPHOLOGY_NOT_OUTLIER_VS_SNR_MATCHED_CONTROLS,10,32,0,0,,,NO_MORPHOLOGY_OUTLIER_EITHER_ENDPOINT,False
293409,PRIMARY_424,MORPHOLOGY_NOT_OUTLIER_VS_SNR_MATCHED_CONTROLS,MORPHOLOGY_NOT_OUTLIER_VS_SNR_MATCHED_CONTROLS,10,32,0,0,,,NO_MORPHOLOGY_OUTLIER_EITHER_ENDPOINT,False
293411,PRIMARY_424,MORPHOLOGY_NOT_OUTLIER_VS_SNR_MATCHED_CONTROLS,MORPHOLOGY_NOT_OUTLIER_VS_SNR_MATCHED_CONTROLS,5,30,0,0,,,NO_MORPHOLOGY_OUTLIER_EITHER_ENDPOINT,False
293412,PRIMARY_424,MORPHOLOGY_NOT_OUTLIER_VS_SNR_MATCHED_CONTROLS,MORPHOLOGY_NOT_OUTLIER_VS_SNR_MATCHED_CONTROLS,7,32,0,0,,,NO_MORPHOLOGY_OUTLIER_EITHER_ENDPOINT,False
293413,PRIMARY_424,MORPHOLOGY_NOT_OUTLIER_VS_SNR_MATCHED_CONTROLS,MORPHOLOGY_NOT_OUTLIER_VS_SNR_MATCHED_CONTROLS,16,32,0,0,,,NO_MORPHOLOGY_OUTLIER_EITHER_ENDPOINT,False
293414,DIAGNOSTIC_179,MORPHOLOGY_NOT_OUTLIER_VS_SNR_MATCHED_CONTROLS,MORPHOLOGY_NOT_OUTLIER_VS_SNR_MATCHED_CONTROLS,13,32,0,0,,,NO_MORPHOLOGY_OUTLIER_EITHER_ENDPOINT,False
293416,PRIMARY_424,MORPHOLOGY_NOT_OUTLIER_VS_SNR_MATCHED_CONTROLS,MORPHOLOGY_NOT_OUTLIER_VS_SNR_MATCHED_CONTROLS,21,32,0,0,,,NO_MORPHOLOGY_OUTLIER_EITHER_ENDPOINT,False
293417,PRIMARY_424,MORPHOLOGY_NOT_OUTLIER_VS_SNR_MATCHED_CONTROLS,MORPHOLOGY_NOT_OUTLIER_VS_SNR_MATCHED_CONTROLS,15,32,0,0,,,NO_MORPHOLOGY_OUTLIER_EITHER_ENDPOINT,False
293418,PRIMARY_424,MORPHOLOGY_NOT_OUTLIER_VS_SNR_MATCHED_CONTROLS,MORPHOLOGY_NOT_OUTLIER_VS_SNR_MATCHED_CONTROLS,9,32,0,0,,,NO_MORPHOLOGY_OUTLIER_EITHER_ENDPOINT,False
293421,PRIMARY_424,MORPHOLOGY_NOT_OUTLIER_VS_SNR_MATCHED_CONTROLS,MORPHOLOGY_NOT_OUTLIER_VS_SNR_MATCHED_CONTROLS,10,32,0,0,,,NO_MORPHOLOGY_OUTLIER_EITHER_ENDPOINT,False
293427,DIAGNOSTIC_179,MORPHOLOGY_NOT_OUTLIER_VS_SNR_MATCHED_CONTROLS,MORPHOLOGY_NOT_OUTLIER_VS_SNR_MATCHED_CONTROLS,5,32,0,0,,,NO_MORPHOLOGY_OUTLIER_EITHER_ENDPOINT,False
293429,PRIMARY_424,MORPHOLOGY_NOT_OUTLIER_VS_SNR_MATCHED_CONTROLS,MORPHOLOGY_NOT_OUTLIER_VS_SNR_MATCHED_CONTROLS,7,32,0,0,,,NO_MORPHOLOGY_OUTLIER_EITHER_ENDPOINT,False
293439,PRIMARY_424,MORPHOLOGY_NOT_OUTLIER_VS_SNR_MATCHED_CONTROLS,MORPHOLOGY_NOT_OUTLIER_VS_SNR_MATCHED_CONTROLS,9,32,0,0,,,NO_MORPHOLOGY_OUTLIER_EITHER_ENDPOINT,False
293440,PRIMARY_424,MORPHOLOGY_NOT_OUTLIER_VS_SNR_MATCHED_CONTROLS,MORPHOLOGY_NOT_OUTLIER_VS_SNR_MATCHED_CONTROLS,12,32,0,0,,,NO_MORPHOLOGY_OUTLIER_EITHER_ENDPOINT,False
293441,PRIMARY_424,MORPHOLOGY_NOT_OUTLIER_VS_SNR_MATCHED_CONTROLS,MORPHOLOGY_NOT_OUTLIER_VS_SNR_MATCHED_CONTROLS,32,32,0,0,,,NO_MORPHOLOGY_OUTLIER_EITHER_ENDPOINT,False
293446,PRIMARY_424,MORPHOLOGY_OUTLIER_VS_SNR_MATCHED_CONTROLS,MORPHOLOGY_NOT_OUTLIER_VS_SNR_MATCHED_CONTROLS,32,32,3,0,sigma_major_px;concentration_f3_f8;peak_to_flux5,,MORPHOLOGY_OUTLIER_ONE_ENDPOINT,False
293447,DIAGNOSTIC_179,MORPHOLOGY_NOT_OUTLIER_VS_SNR_MATCHED_CONTROLS,MORPHOLOGY_NOT_OUTLIER_VS_SNR_MATCHED_CONTROLS,10,32,0,0,,,NO_MORPHOLOGY_OUTLIER_EITHER_ENDPOINT,False
293448,PRIMARY_424,MORPHOLOGY_OUTLIER_VS_SNR_MATCHED_CONTROLS,MORPHOLOGY_NOT_OUTLIER_VS_SNR_MATCHED_CONTROLS,32,32,3,0,sigma_minor_px;ellipticity;concentration_f3_f8,,MORPHOLOGY_OUTLIER_ONE_ENDPOINT,False
293450,PRIMARY_424,INSUFFICIENT_USABLE_MATCHED_CONTROLS,MORPHOLOGY_NOT_OUTLIER_VS_SNR_MATCHED_CONTROLS,3,32,,0,,,MORPHOLOGY_UNRESOLVED_ONE_OR_MORE_ENDPOINTS,False
293452,DIAGNOSTIC_179,MORPHOLOGY_NOT_OUTLIER_VS_SNR_MATCHED_CONTROLS,MORPHOLOGY_NOT_OUTLIER_VS_SNR_MATCHED_CONTROLS,32,32,0,0,,,NO_MORPHOLOGY_OUTLIER_EITHER_ENDPOINT,False
293455,DIAGNOSTIC_179,MORPHOLOGY_NOT_OUTLIER_VS_SNR_MATCHED_CONTROLS,MORPHOLOGY_NOT_OUTLIER_VS_SNR_MATCHED_CONTROLS,8,32,0,0,,,NO_MORPHOLOGY_OUTLIER_EITHER_ENDPOINT,False
293456,PRIMARY_424,MORPHOLOGY_OUTLIER_VS_SNR_MATCHED_CONTROLS,MORPHOLOGY_NOT_OUTLIER_VS_SNR_MATCHED_CONTROLS,7,32,1,0,centroid_offset_px,,MORPHOLOGY_OUTLIER_ONE_ENDPOINT,False
293457,PRIMARY_424,MORPHOLOGY_OUTLIER_VS_SNR_MATCHED_CONTROLS,MORPHOLOGY_NOT_OUTLIER_VS_SNR_MATCHED_CONTROLS,32,32,5,0,sigma_major_px;ellipticity;centroid_offset_px;concentration_f3_f8;peak_to_flux5,,MORPHOLOGY_OUTLIER_ONE_ENDPOINT,False
293458,PRIMARY_424,MORPHOLOGY_NOT_OUTLIER_VS_SNR_MATCHED_CONTROLS,MORPHOLOGY_NOT_OUTLIER_VS_SNR_MATCHED_CONTROLS,6,32,0,0,,,NO_MORPHOLOGY_OUTLIER_EITHER_ENDPOINT,False
293460,PRIMARY_424,MORPHOLOGY_NOT_OUTLIER_VS_SNR_MATCHED_CONTROLS,MORPHOLOGY_NOT_OUTLIER_VS_SNR_MATCHED_CONTROLS,32,32,0,0,,,NO_MORPHOLOGY_OUTLIER_EITHER_ENDPOINT,False
293463,DIAGNOSTIC_179,MORPHOLOGY_NOT_OUTLIER_VS_SNR_MATCHED_CONTROLS,MORPHOLOGY_NOT_OUTLIER_VS_SNR_MATCHED_CONTROLS,7,32,0,0,,,NO_MORPHOLOGY_OUTLIER_EITHER_ENDPOINT,False
293470,PRIMARY_424,MORPHOLOGY_NOT_OUTLIER_VS_SNR_MATCHED_CONTROLS,MORPHOLOGY_NOT_OUTLIER_VS_SNR_MATCHED_CONTROLS,10,32,0,0,,,NO_MORPHOLOGY_OUTLIER_EITHER_ENDPOINT,False
293473,DIAGNOSTIC_179,MORPHOLOGY_NOT_OUTLIER_VS_SNR_MATCHED_CONTROLS,MORPHOLOGY_NOT_OUTLIER_VS_SNR_MATCHED_CONTROLS,32,32,0,0,,,NO_MORPHOLOGY_OUTLIER_EITHER_ENDPOINT,False
293476,PRIMARY_424,MORPHOLOGY_NOT_OUTLIER_VS_SNR_MATCHED_CONTROLS,MORPHOLOGY_NOT_OUTLIER_VS_SNR_MATCHED_CONTROLS,5,32,0,0,,,NO_MORPHOLOGY_OUTLIER_EITHER_ENDPOINT,False
293480,PRIMARY_424,MORPHOLOGY_NOT_OUTLIER_VS_SNR_MATCHED_CONTROLS,MORPHOLOGY_NOT_OUTLIER_VS_SNR_MATCHED_CONTROLS,21,32,0,0,,,NO_MORPHOLOGY_OUTLIER_EITHER_ENDPOINT,False
293484,PRIMARY_424,MORPHOLOGY_NOT_OUTLIER_VS_SNR_MATCHED_CONTROLS,MORPHOLOGY_NOT_OUTLIER_VS_SNR_MATCHED_CONTROLS,10,29,0,0,,,NO_MORPHOLOGY_OUTLIER_EITHER_ENDPOINT,False
293487,PRIMARY_424,MORPHOLOGY_NOT_OUTLIER_VS_SNR_MATCHED_CONTROLS,MORPHOLOGY_NOT_OUTLIER_VS_SNR_MATCHED_CONTROLS,8,32,0,0,,,NO_MORPHOLOGY_OUTLIER_EITHER_ENDPOINT,False
293488,PRIMARY_424,MORPHOLOGY_NOT_OUTLIER_VS_SNR_MATCHED_CONTROLS,MORPHOLOGY_NOT_OUTLIER_VS_SNR_MATCHED_CONTROLS,8,32,0,0,,,NO_MORPHOLOGY_OUTLIER_EITHER_ENDPOINT,False
293491,PRIMARY_424,MORPHOLOGY_NOT_OUTLIER_VS_SNR_MATCHED_CONTROLS,MORPHOLOGY_NOT_OUTLIER_VS_SNR_MATCHED_CONTROLS,22,32,0,0,,,NO_MORPHOLOGY_OUTLIER_EITHER_ENDPOINT,False
293492,PRIMARY_424,MORPHOLOGY_OUTLIER_VS_SNR_MATCHED_CONTROLS,MORPHOLOGY_NOT_OUTLIER_VS_SNR_MATCHED_CONTROLS,32,32,4,0,sigma_major_px;ellipticity;concentration_f3_f8;peak_to_flux5,,MORPHOLOGY_OUTLIER_ONE_ENDPOINT,False
293499,PRIMARY_424,MORPHOLOGY_NOT_OUTLIER_VS_SNR_MATCHED_CONTROLS,MORPHOLOGY_NOT_OUTLIER_VS_SNR_MATCHED_CONTROLS,5,32,0,0,,,NO_MORPHOLOGY_OUTLIER_EITHER_ENDPOINT,False
293501,PRIMARY_424,MORPHOLOGY_NOT_OUTLIER_VS_SNR_MATCHED_CONTROLS,MORPHOLOGY_NOT_OUTLIER_VS_SNR_MATCHED_CONTROLS,9,32,0,0,,,NO_MORPHOLOGY_OUTLIER_EITHER_ENDPOINT,False
293502,PRIMARY_424,MORPHOLOGY_NOT_OUTLIER_VS_SNR_MATCHED_CONTROLS,MORPHOLOGY_NOT_OUTLIER_VS_SNR_MATCHED_CONTROLS,32,32,0,0,,,NO_MORPHOLOGY_OUTLIER_EITHER_ENDPOINT,False
293506,PRIMARY_424,MORPHOLOGY_OUTLIER_VS_SNR_MATCHED_CONTROLS,MORPHOLOGY_NOT_OUTLIER_VS_SNR_MATCHED_CONTROLS,32,32,1,0,peak_to_flux5,,MORPHOLOGY_OUTLIER_ONE_ENDPOINT,False
293507,PRIMARY_424,MORPHOLOGY_NOT_OUTLIER_VS_SNR_MATCHED_CONTROLS,MORPHOLOGY_NOT_OUTLIER_VS_SNR_MATCHED_CONTROLS,13,32,0,0,,,NO_MORPHOLOGY_OUTLIER_EITHER_ENDPOINT,False
293508,PRIMARY_424,MORPHOLOGY_NOT_OUTLIER_VS_SNR_MATCHED_CONTROLS,MORPHOLOGY_NOT_OUTLIER_VS_SNR_MATCHED_CONTROLS,32,32,0,0,,,NO_MORPHOLOGY_OUTLIER_EITHER_ENDPOINT,False
293511,PRIMARY_424,MORPHOLOGY_NOT_OUTLIER_VS_SNR_MATCHED_CONTROLS,MORPHOLOGY_NOT_OUTLIER_VS_SNR_MATCHED_CONTROLS,32,32,0,0,,,NO_MORPHOLOGY_OUTLIER_EITHER_ENDPOINT,False
293512,PRIMARY_424,MORPHOLOGY_NOT_OUTLIER_VS_SNR_MATCHED_CONTROLS,MORPHOLOGY_NOT_OUTLIER_VS_SNR_MATCHED_CONTROLS,8,32,0,0,,,NO_MORPHOLOGY_OUTLIER_EITHER_ENDPOINT,False
293513,PRIMARY_424,MORPHOLOGY_NOT_OUTLIER_VS_SNR_MATCHED_CONTROLS,MORPHOLOGY_NOT_OUTLIER_VS_SNR_MATCHED_CONTROLS,12,32,0,0,,,NO_MORPHOLOGY_OUTLIER_EITHER_ENDPOINT,False
293514,DIAGNOSTIC_179,MORPHOLOGY_NOT_OUTLIER_VS_SNR_MATCHED_CONTROLS,MORPHOLOGY_NOT_OUTLIER_VS_SNR_MATCHED_CONTROLS,5,32,0,0,,,NO_MORPHOLOGY_OUTLIER_EITHER_ENDPOINT,False
293518,PRIMARY_424,MORPHOLOGY_NOT_OUTLIER_VS_SNR_MATCHED_CONTROLS,MORPHOLOGY_NOT_OUTLIER_VS_SNR_MATCHED_CONTROLS,25,32,0,0,,,NO_MORPHOLOGY_OUTLIER_EITHER_ENDPOINT,False
293523,PRIMARY_424,MORPHOLOGY_NOT_OUTLIER_VS_SNR_MATCHED_CONTROLS,MORPHOLOGY_NOT_OUTLIER_VS_SNR_MATCHED_CONTROLS,20,32,0,0,,,NO_MORPHOLOGY_OUTLIER_EITHER_ENDPOINT,False
293525,PRIMARY_424,INSUFFICIENT_USABLE_MATCHED_CONTROLS,MORPHOLOGY_NOT_OUTLIER_VS_SNR_MATCHED_CONTROLS,4,32,,0,,,MORPHOLOGY_UNRESOLVED_ONE_OR_MORE_ENDPOINTS,False
293527,PRIMARY_424,MORPHOLOGY_NOT_OUTLIER_VS_SNR_MATCHED_CONTROLS,MORPHOLOGY_NOT_OUTLIER_VS_SNR_MATCHED_CONTROLS,6,32,0,0,,,NO_MORPHOLOGY_OUTLIER_EITHER_ENDPOINT,False
293530,DIAGNOSTIC_179,MORPHOLOGY_NOT_OUTLIER_VS_SNR_MATCHED_CONTROLS,MORPHOLOGY_NOT_OUTLIER_VS_SNR_MATCHED_CONTROLS,21,32,0,0,,,NO_MORPHOLOGY_OUTLIER_EITHER_ENDPOINT,False
293531,DIAGNOSTIC_179,MORPHOLOGY_NOT_OUTLIER_VS_SNR_MATCHED_CONTROLS,MORPHOLOGY_NOT_OUTLIER_VS_SNR_MATCHED_CONTROLS,25,32,0,0,,,NO_MORPHOLOGY_OUTLIER_EITHER_ENDPOINT,False
293540,PRIMARY_424,INSUFFICIENT_USABLE_MATCHED_CONTROLS,MORPHOLOGY_NOT_OUTLIER_VS_SNR_MATCHED_CONTROLS,0,28,,0,,,MORPHOLOGY_UNRESOLVED_ONE_OR_MORE_ENDPOINTS,False
293542,PRIMARY_424,MORPHOLOGY_OUTLIER_VS_SNR_MATCHED_CONTROLS,MORPHOLOGY_NOT_OUTLIER_VS_SNR_MATCHED_CONTROLS,32,32,5,0,sigma_major_px;sigma_minor_px;ellipticity;centroid_offset_px;concentration_f3_f8,,MORPHOLOGY_OUTLIER_ONE_ENDPOINT,False
293547,PRIMARY_424,MORPHOLOGY_NOT_OUTLIER_VS_SNR_MATCHED_CONTROLS,MORPHOLOGY_NOT_OUTLIER_VS_SNR_MATCHED_CONTROLS,9,19,0,0,,,NO_MORPHOLOGY_OUTLIER_EITHER_ENDPOINT,False
293548,PRIMARY_424,MORPHOLOGY_OUTLIER_VS_SNR_MATCHED_CONTROLS,MORPHOLOGY_NOT_OUTLIER_VS_SNR_MATCHED_CONTROLS,32,32,3,0,sigma_major_px;concentration_f3_f8;peak_to_flux5,,MORPHOLOGY_OUTLIER_ONE_ENDPOINT,False
293549,PRIMARY_424,MORPHOLOGY_NOT_OUTLIER_VS_SNR_MATCHED_CONTROLS,MORPHOLOGY_NOT_OUTLIER_VS_SNR_MATCHED_CONTROLS,14,32,0,0,,,NO_MORPHOLOGY_OUTLIER_EITHER_ENDPOINT,False
293551,PRIMARY_424,MORPHOLOGY_NOT_OUTLIER_VS_SNR_MATCHED_CONTROLS,MORPHOLOGY_NOT_OUTLIER_VS_SNR_MATCHED_CONTROLS,17,32,0,0,,,NO_MORPHOLOGY_OUTLIER_EITHER_ENDPOINT,False
293554,PRIMARY_424,MORPHOLOGY_NOT_OUTLIER_VS_SNR_MATCHED_CONTROLS,MORPHOLOGY_NOT_OUTLIER_VS_SNR_MATCHED_CONTROLS,9,32,0,0,,,NO_MORPHOLOGY_OUTLIER_EITHER_ENDPOINT,False
293556,PRIMARY_424,MORPHOLOGY_NOT_OUTLIER_VS_SNR_MATCHED_CONTROLS,MORPHOLOGY_NOT_OUTLIER_VS_SNR_MATCHED_CONTROLS,32,32,0,0,,,NO_MORPHOLOGY_OUTLIER_EITHER_ENDPOINT,False
293558,DIAGNOSTIC_179,INSUFFICIENT_USABLE_MATCHED_CONTROLS,MORPHOLOGY_NOT_OUTLIER_VS_SNR_MATCHED_CONTROLS,4,32,,0,,,MORPHOLOGY_UNRESOLVED_ONE_OR_MORE_ENDPOINTS,False
293561,PRIMARY_424,INSUFFICIENT_USABLE_MATCHED_CONTROLS,MORPHOLOGY_NOT_OUTLIER_VS_SNR_MATCHED_CONTROLS,4,32,,0,,,MORPHOLOGY_UNRESOLVED_ONE_OR_MORE_ENDPOINTS,False
293564,DIAGNOSTIC_179,MORPHOLOGY_NOT_OUTLIER_VS_SNR_MATCHED_CONTROLS,MORPHOLOGY_NOT_OUTLIER_VS_SNR_MATCHED_CONTROLS,26,32,0,0,,,NO_MORPHOLOGY_OUTLIER_EITHER_ENDPOINT,False
293565,DIAGNOSTIC_179,MORPHOLOGY_NOT_OUTLIER_VS_SNR_MATCHED_CONTROLS,MORPHOLOGY_NOT_OUTLIER_VS_SNR_MATCHED_CONTROLS,32,32,0,0,,,NO_MORPHOLOGY_OUTLIER_EITHER_ENDPOINT,False
293570,PRIMARY_424,MORPHOLOGY_NOT_OUTLIER_VS_SNR_MATCHED_CONTROLS,MORPHOLOGY_NOT_OUTLIER_VS_SNR_MATCHED_CONTROLS,10,32,0,0,,,NO_MORPHOLOGY_OUTLIER_EITHER_ENDPOINT,False
293572,PRIMARY_424,MORPHOLOGY_NOT_OUTLIER_VS_SNR_MATCHED_CONTROLS,MORPHOLOGY_NOT_OUTLIER_VS_SNR_MATCHED_CONTROLS,21,32,0,0,,,NO_MORPHOLOGY_OUTLIER_EITHER_ENDPOINT,False
293575,DIAGNOSTIC_179,MORPHOLOGY_NOT_OUTLIER_VS_SNR_MATCHED_CONTROLS,MORPHOLOGY_NOT_OUTLIER_VS_SNR_MATCHED_CONTROLS,32,32,0,0,,,NO_MORPHOLOGY_OUTLIER_EITHER_ENDPOINT,False
293587,DIAGNOSTIC_179,MORPHOLOGY_NOT_OUTLIER_VS_SNR_MATCHED_CONTROLS,MORPHOLOGY_NOT_OUTLIER_VS_SNR_MATCHED_CONTROLS,32,32,0,0,,,NO_MORPHOLOGY_OUTLIER_EITHER_ENDPOINT,False
293592,PRIMARY_424,MORPHOLOGY_NOT_OUTLIER_VS_SNR_MATCHED_CONTROLS,MORPHOLOGY_NOT_OUTLIER_VS_SNR_MATCHED_CONTROLS,6,32,0,0,,,NO_MORPHOLOGY_OUTLIER_EITHER_ENDPOINT,False
293597,PRIMARY_424,MORPHOLOGY_NOT_OUTLIER_VS_SNR_MATCHED_CONTROLS,MORPHOLOGY_NOT_OUTLIER_VS_SNR_MATCHED_CONTROLS,32,32,0,0,,,NO_MORPHOLOGY_OUTLIER_EITHER_ENDPOINT,False
293598,PRIMARY_424,MORPHOLOGY_NOT_OUTLIER_VS_SNR_MATCHED_CONTROLS,MORPHOLOGY_NOT_OUTLIER_VS_SNR_MATCHED_CONTROLS,32,32,0,0,,,NO_MORPHOLOGY_OUTLIER_EITHER_ENDPOINT,False
293602,PRIMARY_424,MORPHOLOGY_NOT_OUTLIER_VS_SNR_MATCHED_CONTROLS,MORPHOLOGY_NOT_OUTLIER_VS_SNR_MATCHED_CONTROLS,32,32,0,0,,,NO_MORPHOLOGY_OUTLIER_EITHER_ENDPOINT,False
293603,PRIMARY_424,MORPHOLOGY_NOT_OUTLIER_VS_SNR_MATCHED_CONTROLS,MORPHOLOGY_NOT_OUTLIER_VS_SNR_MATCHED_CONTROLS,11,32,0,0,,,NO_MORPHOLOGY_OUTLIER_EITHER_ENDPOINT,False
293604,PRIMARY_424,MORPHOLOGY_NOT_OUTLIER_VS_SNR_MATCHED_CONTROLS,MORPHOLOGY_NOT_OUTLIER_VS_SNR_MATCHED_CONTROLS,32,32,0,0,,,NO_MORPHOLOGY_OUTLIER_EITHER_ENDPOINT,False
293605,PRIMARY_424,MORPHOLOGY_NOT_OUTLIER_VS_SNR_MATCHED_CONTROLS,MORPHOLOGY_NOT_OUTLIER_VS_SNR_MATCHED_CONTROLS,9,32,0,0,,,NO_MORPHOLOGY_OUTLIER_EITHER_ENDPOINT,False
293606,DIAGNOSTIC_179,MORPHOLOGY_NOT_OUTLIER_VS_SNR_MATCHED_CONTROLS,MORPHOLOGY_NOT_OUTLIER_VS_SNR_MATCHED_CONTROLS,14,32,0,0,,,NO_MORPHOLOGY_OUTLIER_EITHER_ENDPOINT,False
293609,DIAGNOSTIC_179,MORPHOLOGY_NOT_OUTLIER_VS_SNR_MATCHED_CONTROLS,MORPHOLOGY_NOT_OUTLIER_VS_SNR_MATCHED_CONTROLS,25,32,0,0,,,NO_MORPHOLOGY_OUTLIER_EITHER_ENDPOINT,False
293610,PRIMARY_424,MORPHOLOGY_NOT_OUTLIER_VS_SNR_MATCHED_CONTROLS,MORPHOLOGY_NOT_OUTLIER_VS_SNR_MATCHED_CONTROLS,11,32,0,0,,,NO_MORPHOLOGY_OUTLIER_EITHER_ENDPOINT,False
293614,DIAGNOSTIC_179,MORPHOLOGY_NOT_OUTLIER_VS_SNR_MATCHED_CONTROLS,MORPHOLOGY_NOT_OUTLIER_VS_SNR_MATCHED_CONTROLS,32,32,0,0,,,NO_MORPHOLOGY_OUTLIER_EITHER_ENDPOINT,False
293615,PRIMARY_424,MORPHOLOGY_NOT_OUTLIER_VS_SNR_MATCHED_CONTROLS,MORPHOLOGY_NOT_OUTLIER_VS_SNR_MATCHED_CONTROLS,9,32,0,0,,,NO_MORPHOLOGY_OUTLIER_EITHER_ENDPOINT,False
293617,DIAGNOSTIC_179,MORPHOLOGY_OUTLIER_VS_SNR_MATCHED_CONTROLS,MORPHOLOGY_NOT_OUTLIER_VS_SNR_MATCHED_CONTROLS,15,32,1,0,sigma_major_px,,MORPHOLOGY_OUTLIER_ONE_ENDPOINT,False
293623,DIAGNOSTIC_179,MORPHOLOGY_NOT_OUTLIER_VS_SNR_MATCHED_CONTROLS,MORPHOLOGY_NOT_OUTLIER_VS_SNR_MATCHED_CONTROLS,32,32,0,0,,,NO_MORPHOLOGY_OUTLIER_EITHER_ENDPOINT,False
293627,PRIMARY_424,MORPHOLOGY_NOT_OUTLIER_VS_SNR_MATCHED_CONTROLS,MORPHOLOGY_NOT_OUTLIER_VS_SNR_MATCHED_CONTROLS,32,32,0,0,,,NO_MORPHOLOGY_OUTLIER_EITHER_ENDPOINT,False
293628,DIAGNOSTIC_179,MORPHOLOGY_OUTLIER_VS_SNR_MATCHED_CONTROLS,MORPHOLOGY_OUTLIER_VS_SNR_MATCHED_CONTROLS,32,32,1,2,sigma_major_px,centroid_offset_px;concentration_f3_f8,MORPHOLOGY_OUTLIER_BOTH_ENDPOINTS,False
293629,PRIMARY_424,MORPHOLOGY_NOT_OUTLIER_VS_SNR_MATCHED_CONTROLS,MORPHOLOGY_NOT_OUTLIER_VS_SNR_MATCHED_CONTROLS,19,32,0,0,,,NO_MORPHOLOGY_OUTLIER_EITHER_ENDPOINT,False
293630,PRIMARY_424,MORPHOLOGY_NOT_OUTLIER_VS_SNR_MATCHED_CONTROLS,MORPHOLOGY_NOT_OUTLIER_VS_SNR_MATCHED_CONTROLS,32,32,0,0,,,NO_MORPHOLOGY_OUTLIER_EITHER_ENDPOINT,False
293634,DIAGNOSTIC_179,MORPHOLOGY_NOT_OUTLIER_VS_SNR_MATCHED_CONTROLS,MORPHOLOGY_NOT_OUTLIER_VS_SNR_MATCHED_CONTROLS,14,32,0,0,,,NO_MORPHOLOGY_OUTLIER_EITHER_ENDPOINT,False
293637,PRIMARY_424,MORPHOLOGY_NOT_OUTLIER_VS_SNR_MATCHED_CONTROLS,MORPHOLOGY_NOT_OUTLIER_VS_SNR_MATCHED_CONTROLS,10,32,0,0,,,NO_MORPHOLOGY_OUTLIER_EITHER_ENDPOINT,False
293638,DIAGNOSTIC_179,MORPHOLOGY_NOT_OUTLIER_VS_SNR_MATCHED_CONTROLS,MORPHOLOGY_NOT_OUTLIER_VS_SNR_MATCHED_CONTROLS,18,32,0,0,,,NO_MORPHOLOGY_OUTLIER_EITHER_ENDPOINT,False
293640,DIAGNOSTIC_179,MORPHOLOGY_NOT_OUTLIER_VS_SNR_MATCHED_CONTROLS,MORPHOLOGY_NOT_OUTLIER_VS_SNR_MATCHED_CONTROLS,32,32,0,0,,,NO_MORPHOLOGY_OUTLIER_EITHER_ENDPOINT,False
293642,PRIMARY_424,MORPHOLOGY_OUTLIER_VS_SNR_MATCHED_CONTROLS,MORPHOLOGY_NOT_OUTLIER_VS_SNR_MATCHED_CONTROLS,5,32,2,0,sigma_minor_px;centroid_offset_px,,MORPHOLOGY_OUTLIER_ONE_ENDPOINT,False
293644,PRIMARY_424,MORPHOLOGY_NOT_OUTLIER_VS_SNR_MATCHED_CONTROLS,MORPHOLOGY_NOT_OUTLIER_VS_SNR_MATCHED_CONTROLS,6,32,0,0,,,NO_MORPHOLOGY_OUTLIER_EITHER_ENDPOINT,False
293646,PRIMARY_424,MORPHOLOGY_NOT_OUTLIER_VS_SNR_MATCHED_CONTROLS,MORPHOLOGY_NOT_OUTLIER_VS_SNR_MATCHED_CONTROLS,16,32,0,0,,,NO_MORPHOLOGY_OUTLIER_EITHER_ENDPOINT,False
293649,DIAGNOSTIC_179,MORPHOLOGY_NOT_OUTLIER_VS_SNR_MATCHED_CONTROLS,MORPHOLOGY_NOT_OUTLIER_VS_SNR_MATCHED_CONTROLS,7,32,0,0,,,NO_MORPHOLOGY_OUTLIER_EITHER_ENDPOINT,False
293650,PRIMARY_424,MORPHOLOGY_NOT_OUTLIER_VS_SNR_MATCHED_CONTROLS,MORPHOLOGY_NOT_OUTLIER_VS_SNR_MATCHED_CONTROLS,15,32,0,0,,,NO_MORPHOLOGY_OUTLIER_EITHER_ENDPOINT,False
293652,PRIMARY_424,MORPHOLOGY_OUTLIER_VS_SNR_MATCHED_CONTROLS,MORPHOLOGY_NOT_OUTLIER_VS_SNR_MATCHED_CONTROLS,32,32,2,0,sigma_minor_px;ellipticity,,MORPHOLOGY_OUTLIER_ONE_ENDPOINT,False
293653,DIAGNOSTIC_179,MORPHOLOGY_NOT_OUTLIER_VS_SNR_MATCHED_CONTROLS,MORPHOLOGY_NOT_OUTLIER_VS_SNR_MATCHED_CONTROLS,8,32,0,0,,,NO_MORPHOLOGY_OUTLIER_EITHER_ENDPOINT,False
293658,PRIMARY_424,MORPHOLOGY_NOT_OUTLIER_VS_SNR_MATCHED_CONTROLS,MORPHOLOGY_NOT_OUTLIER_VS_SNR_MATCHED_CONTROLS,5,32,0,0,,,NO_MORPHOLOGY_OUTLIER_EITHER_ENDPOINT,False
293663,DIAGNOSTIC_179,MORPHOLOGY_NOT_OUTLIER_VS_SNR_MATCHED_CONTROLS,MORPHOLOGY_NOT_OUTLIER_VS_SNR_MATCHED_CONTROLS,6,32,0,0,,,NO_MORPHOLOGY_OUTLIER_EITHER_ENDPOINT,False
293664,DIAGNOSTIC_179,MORPHOLOGY_NOT_OUTLIER_VS_SNR_MATCHED_CONTROLS,MORPHOLOGY_NOT_OUTLIER_VS_SNR_MATCHED_CONTROLS,20,32,0,0,,,NO_MORPHOLOGY_OUTLIER_EITHER_ENDPOINT,False
293668,PRIMARY_424,MORPHOLOGY_NOT_OUTLIER_VS_SNR_MATCHED_CONTROLS,MORPHOLOGY_NOT_OUTLIER_VS_SNR_MATCHED_CONTROLS,10,32,0,0,,,NO_MORPHOLOGY_OUTLIER_EITHER_ENDPOINT,False
293670,PRIMARY_424,MORPHOLOGY_NOT_OUTLIER_VS_SNR_MATCHED_CONTROLS,MORPHOLOGY_NOT_OUTLIER_VS_SNR_MATCHED_CONTROLS,10,32,0,0,,,NO_MORPHOLOGY_OUTLIER_EITHER_ENDPOINT,False
293672,PRIMARY_424,MORPHOLOGY_NOT_OUTLIER_VS_SNR_MATCHED_CONTROLS,MORPHOLOGY_NOT_OUTLIER_VS_SNR_MATCHED_CONTROLS,32,32,0,0,,,NO_MORPHOLOGY_OUTLIER_EITHER_ENDPOINT,False
293674,DIAGNOSTIC_179,MORPHOLOGY_NOT_OUTLIER_VS_SNR_MATCHED_CONTROLS,MORPHOLOGY_NOT_OUTLIER_VS_SNR_MATCHED_CONTROLS,5,32,0,0,,,NO_MORPHOLOGY_OUTLIER_EITHER_ENDPOINT,False
293679,PRIMARY_424,MORPHOLOGY_NOT_OUTLIER_VS_SNR_MATCHED_CONTROLS,MORPHOLOGY_NOT_OUTLIER_VS_SNR_MATCHED_CONTROLS,17,32,0,0,,,NO_MORPHOLOGY_OUTLIER_EITHER_ENDPOINT,False
293680,PRIMARY_424,MORPHOLOGY_NOT_OUTLIER_VS_SNR_MATCHED_CONTROLS,MORPHOLOGY_NOT_OUTLIER_VS_SNR_MATCHED_CONTROLS,13,32,0,0,,,NO_MORPHOLOGY_OUTLIER_EITHER_ENDPOINT,False
293683,PRIMARY_424,MORPHOLOGY_NOT_OUTLIER_VS_SNR_MATCHED_CONTROLS,MORPHOLOGY_NOT_OUTLIER_VS_SNR_MATCHED_CONTROLS,10,32,0,0,,,NO_MORPHOLOGY_OUTLIER_EITHER_ENDPOINT,False
293691,PRIMARY_424,MORPHOLOGY_OUTLIER_VS_SNR_MATCHED_CONTROLS,MORPHOLOGY_NOT_OUTLIER_VS_SNR_MATCHED_CONTROLS,9,32,1,0,sigma_major_px,,MORPHOLOGY_OUTLIER_ONE_ENDPOINT,False
293702,DIAGNOSTIC_179,MORPHOLOGY_NOT_OUTLIER_VS_SNR_MATCHED_CONTROLS,MORPHOLOGY_NOT_OUTLIER_VS_SNR_MATCHED_CONTROLS,32,32,0,0,,,NO_MORPHOLOGY_OUTLIER_EITHER_ENDPOINT,False
293703,PRIMARY_424,MORPHOLOGY_NOT_OUTLIER_VS_SNR_MATCHED_CONTROLS,MORPHOLOGY_NOT_OUTLIER_VS_SNR_MATCHED_CONTROLS,9,32,0,0,,,NO_MORPHOLOGY_OUTLIER_EITHER_ENDPOINT,False
293707,PRIMARY_424,INSUFFICIENT_USABLE_MATCHED_CONTROLS,MORPHOLOGY_NOT_OUTLIER_VS_SNR_MATCHED_CONTROLS,3,32,,0,,,MORPHOLOGY_UNRESOLVED_ONE_OR_MORE_ENDPOINTS,False
293710,PRIMARY_424,MORPHOLOGY_NOT_OUTLIER_VS_SNR_MATCHED_CONTROLS,MORPHOLOGY_OUTLIER_VS_SNR_MATCHED_CONTROLS,32,32,0,2,,concentration_f3_f8;peak_to_flux5,MORPHOLOGY_OUTLIER_ONE_ENDPOINT,False
293716,DIAGNOSTIC_179,MORPHOLOGY_NOT_OUTLIER_VS_SNR_MATCHED_CONTROLS,MORPHOLOGY_NOT_OUTLIER_VS_SNR_MATCHED_CONTROLS,15,32,0,0,,,NO_MORPHOLOGY_OUTLIER_EITHER_ENDPOINT,False
293718,DIAGNOSTIC_179,MORPHOLOGY_NOT_OUTLIER_VS_SNR_MATCHED_CONTROLS,MORPHOLOGY_NOT_OUTLIER_VS_SNR_MATCHED_CONTROLS,13,32,0,0,,,NO_MORPHOLOGY_OUTLIER_EITHER_ENDPOINT,False
293720,DIAGNOSTIC_179,MORPHOLOGY_NOT_OUTLIER_VS_SNR_MATCHED_CONTROLS,MORPHOLOGY_NOT_OUTLIER_VS_SNR_MATCHED_CONTROLS,13,32,0,0,,,NO_MORPHOLOGY_OUTLIER_EITHER_ENDPOINT,False
293721,DIAGNOSTIC_179,MORPHOLOGY_NOT_OUTLIER_VS_SNR_MATCHED_CONTROLS,MORPHOLOGY_NOT_OUTLIER_VS_SNR_MATCHED_CONTROLS,7,32,0,0,,,NO_MORPHOLOGY_OUTLIER_EITHER_ENDPOINT,False
293729,DIAGNOSTIC_179,MORPHOLOGY_OUTLIER_VS_SNR_MATCHED_CONTROLS,MORPHOLOGY_NOT_OUTLIER_VS_SNR_MATCHED_CONTROLS,32,32,3,0,sigma_major_px;concentration_f3_f8;peak_to_flux5,,MORPHOLOGY_OUTLIER_ONE_ENDPOINT,False
293735,DIAGNOSTIC_179,MORPHOLOGY_NOT_OUTLIER_VS_SNR_MATCHED_CONTROLS,MORPHOLOGY_NOT_OUTLIER_VS_SNR_MATCHED_CONTROLS,11,32,0,0,,,NO_MORPHOLOGY_OUTLIER_EITHER_ENDPOINT,False
293737,DIAGNOSTIC_179,MORPHOLOGY_OUTLIER_VS_SNR_MATCHED_CONTROLS,MORPHOLOGY_NOT_OUTLIER_VS_SNR_MATCHED_CONTROLS,32,32,5,0,sigma_major_px;sigma_minor_px;ellipticity;centroid_offset_px;concentration_f3_f8,,MORPHOLOGY_OUTLIER_ONE_ENDPOINT,False
293738,PRIMARY_424,INSUFFICIENT_USABLE_MATCHED_CONTROLS,MORPHOLOGY_NOT_OUTLIER_VS_SNR_MATCHED_CONTROLS,3,32,,0,,,MORPHOLOGY_UNRESOLVED_ONE_OR_MORE_ENDPOINTS,False
293739,PRIMARY_424,MORPHOLOGY_NOT_OUTLIER_VS_SNR_MATCHED_CONTROLS,MORPHOLOGY_NOT_OUTLIER_VS_SNR_MATCHED_CONTROLS,15,32,0,0,,,NO_MORPHOLOGY_OUTLIER_EITHER_ENDPOINT,False
293747,PRIMARY_424,MORPHOLOGY_NOT_OUTLIER_VS_SNR_MATCHED_CONTROLS,MORPHOLOGY_NOT_OUTLIER_VS_SNR_MATCHED_CONTROLS,32,32,0,0,,,NO_MORPHOLOGY_OUTLIER_EITHER_ENDPOINT,False
293752,PRIMARY_424,MORPHOLOGY_NOT_OUTLIER_VS_SNR_MATCHED_CONTROLS,MORPHOLOGY_NOT_OUTLIER_VS_SNR_MATCHED_CONTROLS,10,32,0,0,,,NO_MORPHOLOGY_OUTLIER_EITHER_ENDPOINT,False
293760,PRIMARY_424,MORPHOLOGY_NOT_OUTLIER_VS_SNR_MATCHED_CONTROLS,MORPHOLOGY_OUTLIER_VS_SNR_MATCHED_CONTROLS,15,32,0,1,,concentration_f3_f8,MORPHOLOGY_OUTLIER_ONE_ENDPOINT,False
293764,PRIMARY_424,MORPHOLOGY_NOT_OUTLIER_VS_SNR_MATCHED_CONTROLS,MORPHOLOGY_NOT_OUTLIER_VS_SNR_MATCHED_CONTROLS,9,32,0,0,,,NO_MORPHOLOGY_OUTLIER_EITHER_ENDPOINT,False
293765,PRIMARY_424,MORPHOLOGY_NOT_OUTLIER_VS_SNR_MATCHED_CONTROLS,MORPHOLOGY_NOT_OUTLIER_VS_SNR_MATCHED_CONTROLS,14,32,0,0,,,NO_MORPHOLOGY_OUTLIER_EITHER_ENDPOINT,False
293769,PRIMARY_424,MORPHOLOGY_NOT_OUTLIER_VS_SNR_MATCHED_CONTROLS,MORPHOLOGY_NOT_OUTLIER_VS_SNR_MATCHED_CONTROLS,13,32,0,0,,,NO_MORPHOLOGY_OUTLIER_EITHER_ENDPOINT,False
293774,DIAGNOSTIC_179,MORPHOLOGY_NOT_OUTLIER_VS_SNR_MATCHED_CONTROLS,MORPHOLOGY_NOT_OUTLIER_VS_SNR_MATCHED_CONTROLS,13,32,0,0,,,NO_MORPHOLOGY_OUTLIER_EITHER_ENDPOINT,False
293775,PRIMARY_424,MORPHOLOGY_NOT_OUTLIER_VS_SNR_MATCHED_CONTROLS,MORPHOLOGY_NOT_OUTLIER_VS_SNR_MATCHED_CONTROLS,7,32,0,0,,,NO_MORPHOLOGY_OUTLIER_EITHER_ENDPOINT,False
293777,PRIMARY_424,MORPHOLOGY_NOT_OUTLIER_VS_SNR_MATCHED_CONTROLS,MORPHOLOGY_NOT_OUTLIER_VS_SNR_MATCHED_CONTROLS,7,32,0,0,,,NO_MORPHOLOGY_OUTLIER_EITHER_ENDPOINT,False
293778,DIAGNOSTIC_179,MORPHOLOGY_NOT_OUTLIER_VS_SNR_MATCHED_CONTROLS,MORPHOLOGY_NOT_OUTLIER_VS_SNR_MATCHED_CONTROLS,5,32,0,0,,,NO_MORPHOLOGY_OUTLIER_EITHER_ENDPOINT,False
293783,PRIMARY_424,MORPHOLOGY_NOT_OUTLIER_VS_SNR_MATCHED_CONTROLS,MORPHOLOGY_NOT_OUTLIER_VS_SNR_MATCHED_CONTROLS,16,32,0,0,,,NO_MORPHOLOGY_OUTLIER_EITHER_ENDPOINT,False
293784,PRIMARY_424,MORPHOLOGY_OUTLIER_VS_SNR_MATCHED_CONTROLS,MORPHOLOGY_NOT_OUTLIER_VS_SNR_MATCHED_CONTROLS,32,32,4,0,sigma_major_px;ellipticity;concentration_f3_f8;peak_to_flux5,,MORPHOLOGY_OUTLIER_ONE_ENDPOINT,False
293790,PRIMARY_424,MORPHOLOGY_NOT_OUTLIER_VS_SNR_MATCHED_CONTROLS,MORPHOLOGY_NOT_OUTLIER_VS_SNR_MATCHED_CONTROLS,32,32,0,0,,,NO_MORPHOLOGY_OUTLIER_EITHER_ENDPOINT,False
293791,DIAGNOSTIC_179,MORPHOLOGY_OUTLIER_VS_SNR_MATCHED_CONTROLS,MORPHOLOGY_NOT_OUTLIER_VS_SNR_MATCHED_CONTROLS,5,24,2,0,sigma_minor_px;peak_to_flux5,,MORPHOLOGY_OUTLIER_ONE_ENDPOINT,False
293792,PRIMARY_424,MORPHOLOGY_NOT_OUTLIER_VS_SNR_MATCHED_CONTROLS,MORPHOLOGY_NOT_OUTLIER_VS_SNR_MATCHED_CONTROLS,12,32,0,0,,,NO_MORPHOLOGY_OUTLIER_EITHER_ENDPOINT,False
293794,DIAGNOSTIC_179,MORPHOLOGY_OUTLIER_VS_SNR_MATCHED_CONTROLS,MORPHOLOGY_NOT_OUTLIER_VS_SNR_MATCHED_CONTROLS,32,32,4,0,sigma_major_px;ellipticity;concentration_f3_f8;peak_to_flux5,,MORPHOLOGY_OUTLIER_ONE_ENDPOINT,False
293797,DIAGNOSTIC_179,MORPHOLOGY_NOT_OUTLIER_VS_SNR_MATCHED_CONTROLS,MORPHOLOGY_NOT_OUTLIER_VS_SNR_MATCHED_CONTROLS,32,32,0,0,,,NO_MORPHOLOGY_OUTLIER_EITHER_ENDPOINT,False
293799,PRIMARY_424,MORPHOLOGY_OUTLIER_VS_SNR_MATCHED_CONTROLS,MORPHOLOGY_NOT_OUTLIER_VS_SNR_MATCHED_CONTROLS,32,32,3,0,sigma_major_px;ellipticity;concentration_f3_f8,,MORPHOLOGY_OUTLIER_ONE_ENDPOINT,False
293805,PRIMARY_424,MORPHOLOGY_NOT_OUTLIER_VS_SNR_MATCHED_CONTROLS,MORPHOLOGY_NOT_OUTLIER_VS_SNR_MATCHED_CONTROLS,13,32,0,0,,,NO_MORPHOLOGY_OUTLIER_EITHER_ENDPOINT,False
293807,PRIMARY_424,MORPHOLOGY_NOT_OUTLIER_VS_SNR_MATCHED_CONTROLS,MORPHOLOGY_NOT_OUTLIER_VS_SNR_MATCHED_CONTROLS,6,32,0,0,,,NO_MORPHOLOGY_OUTLIER_EITHER_ENDPOINT,False
293810,PRIMARY_424,MORPHOLOGY_NOT_OUTLIER_VS_SNR_MATCHED_CONTROLS,MORPHOLOGY_NOT_OUTLIER_VS_SNR_MATCHED_CONTROLS,16,32,0,0,,,NO_MORPHOLOGY_OUTLIER_EITHER_ENDPOINT,False
293811,DIAGNOSTIC_179,MORPHOLOGY_NOT_OUTLIER_VS_SNR_MATCHED_CONTROLS,MORPHOLOGY_NOT_OUTLIER_VS_SNR_MATCHED_CONTROLS,32,32,0,0,,,NO_MORPHOLOGY_OUTLIER_EITHER_ENDPOINT,False
293812,PRIMARY_424,MORPHOLOGY_OUTLIER_VS_SNR_MATCHED_CONTROLS,MORPHOLOGY_NOT_OUTLIER_VS_SNR_MATCHED_CONTROLS,30,32,4,0,sigma_minor_px;ellipticity;centroid_offset_px;concentration_f3_f8,,MORPHOLOGY_OUTLIER_ONE_ENDPOINT,False
293814,PRIMARY_424,MORPHOLOGY_NOT_OUTLIER_VS_SNR_MATCHED_CONTROLS,MORPHOLOGY_NOT_OUTLIER_VS_SNR_MATCHED_CONTROLS,32,32,0,0,,,NO_MORPHOLOGY_OUTLIER_EITHER_ENDPOINT,False
293816,DIAGNOSTIC_179,MORPHOLOGY_NOT_OUTLIER_VS_SNR_MATCHED_CONTROLS,MORPHOLOGY_NOT_OUTLIER_VS_SNR_MATCHED_CONTROLS,16,32,0,0,,,NO_MORPHOLOGY_OUTLIER_EITHER_ENDPOINT,False
293819,PRIMARY_424,MORPHOLOGY_NOT_OUTLIER_VS_SNR_MATCHED_CONTROLS,MORPHOLOGY_NOT_OUTLIER_VS_SNR_MATCHED_CONTROLS,7,32,0,0,,,NO_MORPHOLOGY_OUTLIER_EITHER_ENDPOINT,False
293826,PRIMARY_424,MORPHOLOGY_OUTLIER_VS_SNR_MATCHED_CONTROLS,MORPHOLOGY_NOT_OUTLIER_VS_SNR_MATCHED_CONTROLS,32,32,4,0,sigma_major_px;ellipticity;concentration_f3_f8;peak_to_flux5,,MORPHOLOGY_OUTLIER_ONE_ENDPOINT,False
293827,PRIMARY_424,MORPHOLOGY_OUTLIER_VS_SNR_MATCHED_CONTROLS,MORPHOLOGY_NOT_OUTLIER_VS_SNR_MATCHED_CONTROLS,32,32,1,0,concentration_f3_f8,,MORPHOLOGY_OUTLIER_ONE_ENDPOINT,False
293829,PRIMARY_424,MORPHOLOGY_NOT_OUTLIER_VS_SNR_MATCHED_CONTROLS,MORPHOLOGY_NOT_OUTLIER_VS_SNR_MATCHED_CONTROLS,6,32,0,0,,,NO_MORPHOLOGY_OUTLIER_EITHER_ENDPOINT,False
293833,PRIMARY_424,MORPHOLOGY_NOT_OUTLIER_VS_SNR_MATCHED_CONTROLS,MORPHOLOGY_NOT_OUTLIER_VS_SNR_MATCHED_CONTROLS,13,32,0,0,,,NO_MORPHOLOGY_OUTLIER_EITHER_ENDPOINT,False
293834,PRIMARY_424,MORPHOLOGY_NOT_OUTLIER_VS_SNR_MATCHED_CONTROLS,MORPHOLOGY_NOT_OUTLIER_VS_SNR_MATCHED_CONTROLS,20,32,0,0,,,NO_MORPHOLOGY_OUTLIER_EITHER_ENDPOINT,False
293835,PRIMARY_424,MORPHOLOGY_OUTLIER_VS_SNR_MATCHED_CONTROLS,MORPHOLOGY_NOT_OUTLIER_VS_SNR_MATCHED_CONTROLS,32,32,5,0,sigma_major_px;sigma_minor_px;ellipticity;concentration_f3_f8;peak_to_flux5,,MORPHOLOGY_OUTLIER_ONE_ENDPOINT,False
293841,PRIMARY_424,MORPHOLOGY_NOT_OUTLIER_VS_SNR_MATCHED_CONTROLS,MORPHOLOGY_NOT_OUTLIER_VS_SNR_MATCHED_CONTROLS,17,32,0,0,,,NO_MORPHOLOGY_OUTLIER_EITHER_ENDPOINT,False
293842,PRIMARY_424,MORPHOLOGY_NOT_OUTLIER_VS_SNR_MATCHED_CONTROLS,MORPHOLOGY_NOT_OUTLIER_VS_SNR_MATCHED_CONTROLS,9,32,0,0,,,NO_MORPHOLOGY_OUTLIER_EITHER_ENDPOINT,False
293845,DIAGNOSTIC_179,MORPHOLOGY_NOT_OUTLIER_VS_SNR_MATCHED_CONTROLS,MORPHOLOGY_NOT_OUTLIER_VS_SNR_MATCHED_CONTROLS,15,32,0,0,,,NO_MORPHOLOGY_OUTLIER_EITHER_ENDPOINT,False
293858,DIAGNOSTIC_179,MORPHOLOGY_NOT_OUTLIER_VS_SNR_MATCHED_CONTROLS,MORPHOLOGY_NOT_OUTLIER_VS_SNR_MATCHED_CONTROLS,32,32,0,0,,,NO_MORPHOLOGY_OUTLIER_EITHER_ENDPOINT,False
293867,DIAGNOSTIC_179,MORPHOLOGY_NOT_OUTLIER_VS_SNR_MATCHED_CONTROLS,MORPHOLOGY_NOT_OUTLIER_VS_SNR_MATCHED_CONTROLS,15,32,0,0,,,NO_MORPHOLOGY_OUTLIER_EITHER_ENDPOINT,False
293879,PRIMARY_424,MORPHOLOGY_OUTLIER_VS_SNR_MATCHED_CONTROLS,MORPHOLOGY_NOT_OUTLIER_VS_SNR_MATCHED_CONTROLS,32,32,5,0,sigma_major_px;ellipticity;centroid_offset_px;concentration_f3_f8;peak_to_flux5,,MORPHOLOGY_OUTLIER_ONE_ENDPOINT,False
293880,DIAGNOSTIC_179,MORPHOLOGY_OUTLIER_VS_SNR_MATCHED_CONTROLS,MORPHOLOGY_NOT_OUTLIER_VS_SNR_MATCHED_CONTROLS,7,32,3,0,sigma_major_px;concentration_f3_f8;peak_to_flux5,,MORPHOLOGY_OUTLIER_ONE_ENDPOINT,False
293887,DIAGNOSTIC_179,MORPHOLOGY_NOT_OUTLIER_VS_SNR_MATCHED_CONTROLS,MORPHOLOGY_NOT_OUTLIER_VS_SNR_MATCHED_CONTROLS,15,32,0,0,,,NO_MORPHOLOGY_OUTLIER_EITHER_ENDPOINT,False
293892,PRIMARY_424,MORPHOLOGY_NOT_OUTLIER_VS_SNR_MATCHED_CONTROLS,MORPHOLOGY_NOT_OUTLIER_VS_SNR_MATCHED_CONTROLS,32,32,0,0,,,NO_MORPHOLOGY_OUTLIER_EITHER_ENDPOINT,False
293903,PRIMARY_424,MORPHOLOGY_NOT_OUTLIER_VS_SNR_MATCHED_CONTROLS,MORPHOLOGY_NOT_OUTLIER_VS_SNR_MATCHED_CONTROLS,21,32,0,0,,,NO_MORPHOLOGY_OUTLIER_EITHER_ENDPOINT,False
293908,DIAGNOSTIC_179,MORPHOLOGY_NOT_OUTLIER_VS_SNR_MATCHED_CONTROLS,MORPHOLOGY_NOT_OUTLIER_VS_SNR_MATCHED_CONTROLS,19,32,0,0,,,NO_MORPHOLOGY_OUTLIER_EITHER_ENDPOINT,False
293917,DIAGNOSTIC_179,MORPHOLOGY_NOT_OUTLIER_VS_SNR_MATCHED_CONTROLS,MORPHOLOGY_NOT_OUTLIER_VS_SNR_MATCHED_CONTROLS,19,32,0,0,,,NO_MORPHOLOGY_OUTLIER_EITHER_ENDPOINT,False
293922,PRIMARY_424,MORPHOLOGY_NOT_OUTLIER_VS_SNR_MATCHED_CONTROLS,MORPHOLOGY_NOT_OUTLIER_VS_SNR_MATCHED_CONTROLS,6,32,0,0,,,NO_MORPHOLOGY_OUTLIER_EITHER_ENDPOINT,False
293929,PRIMARY_424,MORPHOLOGY_NOT_OUTLIER_VS_SNR_MATCHED_CONTROLS,MORPHOLOGY_NOT_OUTLIER_VS_SNR_MATCHED_CONTROLS,17,32,0,0,,,NO_MORPHOLOGY_OUTLIER_EITHER_ENDPOINT,False
293931,DIAGNOSTIC_179,MORPHOLOGY_NOT_OUTLIER_VS_SNR_MATCHED_CONTROLS,MORPHOLOGY_NOT_OUTLIER_VS_SNR_MATCHED_CONTROLS,26,32,0,0,,,NO_MORPHOLOGY_OUTLIER_EITHER_ENDPOINT,False
293934,DIAGNOSTIC_179,MORPHOLOGY_NOT_OUTLIER_VS_SNR_MATCHED_CONTROLS,MORPHOLOGY_NOT_OUTLIER_VS_SNR_MATCHED_CONTROLS,32,32,0,0,,,NO_MORPHOLOGY_OUTLIER_EITHER_ENDPOINT,False
293935,PRIMARY_424,MORPHOLOGY_OUTLIER_VS_SNR_MATCHED_CONTROLS,MORPHOLOGY_NOT_OUTLIER_VS_SNR_MATCHED_CONTROLS,7,32,1,0,sigma_major_px,,MORPHOLOGY_OUTLIER_ONE_ENDPOINT,False
293937,PRIMARY_424,MORPHOLOGY_NOT_OUTLIER_VS_SNR_MATCHED_CONTROLS,MORPHOLOGY_NOT_OUTLIER_VS_SNR_MATCHED_CONTROLS,14,32,0,0,,,NO_MORPHOLOGY_OUTLIER_EITHER_ENDPOINT,False
293941,PRIMARY_424,MORPHOLOGY_NOT_OUTLIER_VS_SNR_MATCHED_CONTROLS,MORPHOLOGY_NOT_OUTLIER_VS_SNR_MATCHED_CONTROLS,15,32,0,0,,,NO_MORPHOLOGY_OUTLIER_EITHER_ENDPOINT,False
293948,PRIMARY_424,MORPHOLOGY_NOT_OUTLIER_VS_SNR_MATCHED_CONTROLS,MORPHOLOGY_NOT_OUTLIER_VS_SNR_MATCHED_CONTROLS,12,32,0,0,,,NO_MORPHOLOGY_OUTLIER_EITHER_ENDPOINT,False
293955,DIAGNOSTIC_179,INSUFFICIENT_USABLE_MATCHED_CONTROLS,MORPHOLOGY_NOT_OUTLIER_VS_SNR_MATCHED_CONTROLS,4,32,,0,,,MORPHOLOGY_UNRESOLVED_ONE_OR_MORE_ENDPOINTS,False
293956,DIAGNOSTIC_179,MORPHOLOGY_NOT_OUTLIER_VS_SNR_MATCHED_CONTROLS,MORPHOLOGY_NOT_OUTLIER_VS_SNR_MATCHED_CONTROLS,16,32,0,0,,,NO_MORPHOLOGY_OUTLIER_EITHER_ENDPOINT,False
293964,DIAGNOSTIC_179,MORPHOLOGY_NOT_OUTLIER_VS_SNR_MATCHED_CONTROLS,MORPHOLOGY_NOT_OUTLIER_VS_SNR_MATCHED_CONTROLS,32,32,0,0,,,NO_MORPHOLOGY_OUTLIER_EITHER_ENDPOINT,False
293965,PRIMARY_424,MORPHOLOGY_OUTLIER_VS_SNR_MATCHED_CONTROLS,MORPHOLOGY_NOT_OUTLIER_VS_SNR_MATCHED_CONTROLS,9,32,2,0,sigma_major_px;concentration_f3_f8,,MORPHOLOGY_OUTLIER_ONE_ENDPOINT,False
293969,DIAGNOSTIC_179,INSUFFICIENT_USABLE_MATCHED_CONTROLS,MORPHOLOGY_NOT_OUTLIER_VS_SNR_MATCHED_CONTROLS,1,19,,0,,,MORPHOLOGY_UNRESOLVED_ONE_OR_MORE_ENDPOINTS,False
293971,PRIMARY_424,MORPHOLOGY_NOT_OUTLIER_VS_SNR_MATCHED_CONTROLS,MORPHOLOGY_NOT_OUTLIER_VS_SNR_MATCHED_CONTROLS,14,32,0,0,,,NO_MORPHOLOGY_OUTLIER_EITHER_ENDPOINT,False
293974,DIAGNOSTIC_179,MORPHOLOGY_OUTLIER_VS_SNR_MATCHED_CONTROLS,MORPHOLOGY_OUTLIER_VS_SNR_MATCHED_CONTROLS,5,32,3,1,sigma_major_px;sigma_minor_px;concentration_f3_f8,sigma_minor_px,MORPHOLOGY_OUTLIER_BOTH_ENDPOINTS,False
293975,PRIMARY_424,MORPHOLOGY_NOT_OUTLIER_VS_SNR_MATCHED_CONTROLS,MORPHOLOGY_NOT_OUTLIER_VS_SNR_MATCHED_CONTROLS,15,32,0,0,,,NO_MORPHOLOGY_OUTLIER_EITHER_ENDPOINT,False
293979,DIAGNOSTIC_179,MORPHOLOGY_NOT_OUTLIER_VS_SNR_MATCHED_CONTROLS,MORPHOLOGY_NOT_OUTLIER_VS_SNR_MATCHED_CONTROLS,7,32,0,0,,,NO_MORPHOLOGY_OUTLIER_EITHER_ENDPOINT,False
293981,PRIMARY_424,MORPHOLOGY_NOT_OUTLIER_VS_SNR_MATCHED_CONTROLS,MORPHOLOGY_NOT_OUTLIER_VS_SNR_MATCHED_CONTROLS,15,32,0,0,,,NO_MORPHOLOGY_OUTLIER_EITHER_ENDPOINT,False
293985,DIAGNOSTIC_179,MORPHOLOGY_NOT_OUTLIER_VS_SNR_MATCHED_CONTROLS,MORPHOLOGY_NOT_OUTLIER_VS_SNR_MATCHED_CONTROLS,23,32,0,0,,,NO_MORPHOLOGY_OUTLIER_EITHER_ENDPOINT,False
293986,PRIMARY_424,MORPHOLOGY_NOT_OUTLIER_VS_SNR_MATCHED_CONTROLS,MORPHOLOGY_NOT_OUTLIER_VS_SNR_MATCHED_CONTROLS,32,32,0,0,,,NO_MORPHOLOGY_OUTLIER_EITHER_ENDPOINT,False
293995,DIAGNOSTIC_179,MORPHOLOGY_NOT_OUTLIER_VS_SNR_MATCHED_CONTROLS,MORPHOLOGY_NOT_OUTLIER_VS_SNR_MATCHED_CONTROLS,23,32,0,0,,,NO_MORPHOLOGY_OUTLIER_EITHER_ENDPOINT,False
293996,PRIMARY_424,MORPHOLOGY_NOT_OUTLIER_VS_SNR_MATCHED_CONTROLS,MORPHOLOGY_NOT_OUTLIER_VS_SNR_MATCHED_CONTROLS,17,32,0,0,,,NO_MORPHOLOGY_OUTLIER_EITHER_ENDPOINT,False
294008,DIAGNOSTIC_179,MORPHOLOGY_NOT_OUTLIER_VS_SNR_MATCHED_CONTROLS,MORPHOLOGY_NOT_OUTLIER_VS_SNR_MATCHED_CONTROLS,10,32,0,0,,,NO_MORPHOLOGY_OUTLIER_EITHER_ENDPOINT,False
294011,DIAGNOSTIC_179,MORPHOLOGY_NOT_OUTLIER_VS_SNR_MATCHED_CONTROLS,MORPHOLOGY_NOT_OUTLIER_VS_SNR_MATCHED_CONTROLS,10,32,0,0,,,NO_MORPHOLOGY_OUTLIER_EITHER_ENDPOINT,False
294016,DIAGNOSTIC_179,MORPHOLOGY_NOT_OUTLIER_VS_SNR_MATCHED_CONTROLS,MORPHOLOGY_NOT_OUTLIER_VS_SNR_MATCHED_CONTROLS,9,32,0,0,,,NO_MORPHOLOGY_OUTLIER_EITHER_ENDPOINT,False
294019,DIAGNOSTIC_179,MORPHOLOGY_NOT_OUTLIER_VS_SNR_MATCHED_CONTROLS,MORPHOLOGY_NOT_OUTLIER_VS_SNR_MATCHED_CONTROLS,14,32,0,0,,,NO_MORPHOLOGY_OUTLIER_EITHER_ENDPOINT,False
294020,DIAGNOSTIC_179,MORPHOLOGY_NOT_OUTLIER_VS_SNR_MATCHED_CONTROLS,MORPHOLOGY_NOT_OUTLIER_VS_SNR_MATCHED_CONTROLS,32,32,0,0,,,NO_MORPHOLOGY_OUTLIER_EITHER_ENDPOINT,False
294021,PRIMARY_424,MORPHOLOGY_NOT_OUTLIER_VS_SNR_MATCHED_CONTROLS,MORPHOLOGY_NOT_OUTLIER_VS_SNR_MATCHED_CONTROLS,20,32,0,0,,,NO_MORPHOLOGY_OUTLIER_EITHER_ENDPOINT,False
294026,PRIMARY_424,MORPHOLOGY_NOT_OUTLIER_VS_SNR_MATCHED_CONTROLS,MORPHOLOGY_NOT_OUTLIER_VS_SNR_MATCHED_CONTROLS,32,32,0,0,,,NO_MORPHOLOGY_OUTLIER_EITHER_ENDPOINT,False
294027,PRIMARY_424,MORPHOLOGY_NOT_OUTLIER_VS_SNR_MATCHED_CONTROLS,MORPHOLOGY_NOT_OUTLIER_VS_SNR_MATCHED_CONTROLS,21,32,0,0,,,NO_MORPHOLOGY_OUTLIER_EITHER_ENDPOINT,False
294028,PRIMARY_424,MORPHOLOGY_NOT_OUTLIER_VS_SNR_MATCHED_CONTROLS,MORPHOLOGY_NOT_OUTLIER_VS_SNR_MATCHED_CONTROLS,5,16,0,0,,,NO_MORPHOLOGY_OUTLIER_EITHER_ENDPOINT,False
294029,DIAGNOSTIC_179,MORPHOLOGY_NOT_OUTLIER_VS_SNR_MATCHED_CONTROLS,MORPHOLOGY_NOT_OUTLIER_VS_SNR_MATCHED_CONTROLS,13,32,0,0,,,NO_MORPHOLOGY_OUTLIER_EITHER_ENDPOINT,False
294042,PRIMARY_424,MORPHOLOGY_NOT_OUTLIER_VS_SNR_MATCHED_CONTROLS,MORPHOLOGY_NOT_OUTLIER_VS_SNR_MATCHED_CONTROLS,13,32,0,0,,,NO_MORPHOLOGY_OUTLIER_EITHER_ENDPOINT,False
294051,DIAGNOSTIC_179,MORPHOLOGY_NOT_OUTLIER_VS_SNR_MATCHED_CONTROLS,MORPHOLOGY_NOT_OUTLIER_VS_SNR_MATCHED_CONTROLS,18,32,0,0,,,NO_MORPHOLOGY_OUTLIER_EITHER_ENDPOINT,False
294052,PRIMARY_424,MORPHOLOGY_NOT_OUTLIER_VS_SNR_MATCHED_CONTROLS,MORPHOLOGY_NOT_OUTLIER_VS_SNR_MATCHED_CONTROLS,32,32,0,0,,,NO_MORPHOLOGY_OUTLIER_EITHER_ENDPOINT,False
294057,DIAGNOSTIC_179,MORPHOLOGY_NOT_OUTLIER_VS_SNR_MATCHED_CONTROLS,MORPHOLOGY_NOT_OUTLIER_VS_SNR_MATCHED_CONTROLS,9,32,0,0,,,NO_MORPHOLOGY_OUTLIER_EITHER_ENDPOINT,False
294062,PRIMARY_424,INSUFFICIENT_USABLE_MATCHED_CONTROLS,MORPHOLOGY_NOT_OUTLIER_VS_SNR_MATCHED_CONTROLS,3,32,,0,,,MORPHOLOGY_UNRESOLVED_ONE_OR_MORE_ENDPOINTS,False
294066,DIAGNOSTIC_179,MORPHOLOGY_NOT_OUTLIER_VS_SNR_MATCHED_CONTROLS,MORPHOLOGY_NOT_OUTLIER_VS_SNR_MATCHED_CONTROLS,9,32,0,0,,,NO_MORPHOLOGY_OUTLIER_EITHER_ENDPOINT,False
294070,PRIMARY_424,MORPHOLOGY_NOT_OUTLIER_VS_SNR_MATCHED_CONTROLS,MORPHOLOGY_NOT_OUTLIER_VS_SNR_MATCHED_CONTROLS,10,32,0,0,,,NO_MORPHOLOGY_OUTLIER_EITHER_ENDPOINT,False
294071,PRIMARY_424,MORPHOLOGY_OUTLIER_VS_SNR_MATCHED_CONTROLS,MORPHOLOGY_NOT_OUTLIER_VS_SNR_MATCHED_CONTROLS,7,32,1,0,sigma_minor_px,,MORPHOLOGY_OUTLIER_ONE_ENDPOINT,False
294078,PRIMARY_424,MORPHOLOGY_OUTLIER_VS_SNR_MATCHED_CONTROLS,MORPHOLOGY_NOT_OUTLIER_VS_SNR_MATCHED_CONTROLS,32,21,1,0,concentration_f3_f8,,MORPHOLOGY_OUTLIER_ONE_ENDPOINT,False
294084,DIAGNOSTIC_179,MORPHOLOGY_OUTLIER_VS_SNR_MATCHED_CONTROLS,MORPHOLOGY_NOT_OUTLIER_VS_SNR_MATCHED_CONTROLS,32,32,4,0,sigma_major_px;ellipticity;centroid_offset_px;concentration_f3_f8,,MORPHOLOGY_OUTLIER_ONE_ENDPOINT,False
294085,PRIMARY_424,MORPHOLOGY_NOT_OUTLIER_VS_SNR_MATCHED_CONTROLS,MORPHOLOGY_NOT_OUTLIER_VS_SNR_MATCHED_CONTROLS,10,32,0,0,,,NO_MORPHOLOGY_OUTLIER_EITHER_ENDPOINT,False
294092,DIAGNOSTIC_179,MORPHOLOGY_OUTLIER_VS_SNR_MATCHED_CONTROLS,MORPHOLOGY_NOT_OUTLIER_VS_SNR_MATCHED_CONTROLS,5,32,1,0,ellipticity,,MORPHOLOGY_OUTLIER_ONE_ENDPOINT,False
294096,DIAGNOSTIC_179,MORPHOLOGY_NOT_OUTLIER_VS_SNR_MATCHED_CONTROLS,MORPHOLOGY_OUTLIER_VS_SNR_MATCHED_CONTROLS,32,32,0,1,,centroid_offset_px,MORPHOLOGY_OUTLIER_ONE_ENDPOINT,False
294098,PRIMARY_424,MORPHOLOGY_NOT_OUTLIER_VS_SNR_MATCHED_CONTROLS,MORPHOLOGY_NOT_OUTLIER_VS_SNR_MATCHED_CONTROLS,10,32,0,0,,,NO_MORPHOLOGY_OUTLIER_EITHER_ENDPOINT,False
294103,PRIMARY_424,MORPHOLOGY_NOT_OUTLIER_VS_SNR_MATCHED_CONTROLS,MORPHOLOGY_NOT_OUTLIER_VS_SNR_MATCHED_CONTROLS,14,32,0,0,,,NO_MORPHOLOGY_OUTLIER_EITHER_ENDPOINT,False
294104,PRIMARY_424,MORPHOLOGY_NOT_OUTLIER_VS_SNR_MATCHED_CONTROLS,MORPHOLOGY_NOT_OUTLIER_VS_SNR_MATCHED_CONTROLS,9,32,0,0,,,NO_MORPHOLOGY_OUTLIER_EITHER_ENDPOINT,False
294109,DIAGNOSTIC_179,INSUFFICIENT_USABLE_MATCHED_CONTROLS,MORPHOLOGY_NOT_OUTLIER_VS_SNR_MATCHED_CONTROLS,4,32,,0,,,MORPHOLOGY_UNRESOLVED_ONE_OR_MORE_ENDPOINTS,False
294110,PRIMARY_424,MORPHOLOGY_NOT_OUTLIER_VS_SNR_MATCHED_CONTROLS,MORPHOLOGY_NOT_OUTLIER_VS_SNR_MATCHED_CONTROLS,14,32,0,0,,,NO_MORPHOLOGY_OUTLIER_EITHER_ENDPOINT,False
294111,DIAGNOSTIC_179,MORPHOLOGY_NOT_OUTLIER_VS_SNR_MATCHED_CONTROLS,MORPHOLOGY_NOT_OUTLIER_VS_SNR_MATCHED_CONTROLS,14,32,0,0,,,NO_MORPHOLOGY_OUTLIER_EITHER_ENDPOINT,False
294116,PRIMARY_424,MORPHOLOGY_OUTLIER_VS_SNR_MATCHED_CONTROLS,MORPHOLOGY_NOT_OUTLIER_VS_SNR_MATCHED_CONTROLS,14,31,1,0,sigma_minor_px,,MORPHOLOGY_OUTLIER_ONE_ENDPOINT,False
294117,PRIMARY_424,MORPHOLOGY_OUTLIER_VS_SNR_MATCHED_CONTROLS,MORPHOLOGY_NOT_OUTLIER_VS_SNR_MATCHED_CONTROLS,5,32,2,0,sigma_minor_px;peak_to_flux5,,MORPHOLOGY_OUTLIER_ONE_ENDPOINT,False
294122,PRIMARY_424,MORPHOLOGY_NOT_OUTLIER_VS_SNR_MATCHED_CONTROLS,MORPHOLOGY_NOT_OUTLIER_VS_SNR_MATCHED_CONTROLS,9,32,0,0,,,NO_MORPHOLOGY_OUTLIER_EITHER_ENDPOINT,False
294130,PRIMARY_424,MORPHOLOGY_NOT_OUTLIER_VS_SNR_MATCHED_CONTROLS,MORPHOLOGY_NOT_OUTLIER_VS_SNR_MATCHED_CONTROLS,27,32,0,0,,,NO_MORPHOLOGY_OUTLIER_EITHER_ENDPOINT,False
294133,PRIMARY_424,MORPHOLOGY_NOT_OUTLIER_VS_SNR_MATCHED_CONTROLS,MORPHOLOGY_NOT_OUTLIER_VS_SNR_MATCHED_CONTROLS,7,32,0,0,,,NO_MORPHOLOGY_OUTLIER_EITHER_ENDPOINT,False
294135,DIAGNOSTIC_179,MORPHOLOGY_NOT_OUTLIER_VS_SNR_MATCHED_CONTROLS,MORPHOLOGY_NOT_OUTLIER_VS_SNR_MATCHED_CONTROLS,10,32,0,0,,,NO_MORPHOLOGY_OUTLIER_EITHER_ENDPOINT,False
294136,DIAGNOSTIC_179,MORPHOLOGY_NOT_OUTLIER_VS_SNR_MATCHED_CONTROLS,MORPHOLOGY_NOT_OUTLIER_VS_SNR_MATCHED_CONTROLS,6,32,0,0,,,NO_MORPHOLOGY_OUTLIER_EITHER_ENDPOINT,False
294138,DIAGNOSTIC_179,MORPHOLOGY_OUTLIER_VS_SNR_MATCHED_CONTROLS,MORPHOLOGY_NOT_OUTLIER_VS_SNR_MATCHED_CONTROLS,32,32,3,0,sigma_major_px;ellipticity;concentration_f3_f8,,MORPHOLOGY_OUTLIER_ONE_ENDPOINT,False
294140,PRIMARY_424,MORPHOLOGY_NOT_OUTLIER_VS_SNR_MATCHED_CONTROLS,MORPHOLOGY_NOT_OUTLIER_VS_SNR_MATCHED_CONTROLS,8,32,0,0,,,NO_MORPHOLOGY_OUTLIER_EITHER_ENDPOINT,False
294147,DIAGNOSTIC_179,MORPHOLOGY_NOT_OUTLIER_VS_SNR_MATCHED_CONTROLS,MORPHOLOGY_NOT_OUTLIER_VS_SNR_MATCHED_CONTROLS,16,21,0,0,,,NO_MORPHOLOGY_OUTLIER_EITHER_ENDPOINT,False
294150,DIAGNOSTIC_179,MORPHOLOGY_OUTLIER_VS_SNR_MATCHED_CONTROLS,MORPHOLOGY_NOT_OUTLIER_VS_SNR_MATCHED_CONTROLS,32,32,4,0,sigma_minor_px;ellipticity;centroid_offset_px;concentration_f3_f8,,MORPHOLOGY_OUTLIER_ONE_ENDPOINT,False
294153,PRIMARY_424,MORPHOLOGY_NOT_OUTLIER_VS_SNR_MATCHED_CONTROLS,MORPHOLOGY_NOT_OUTLIER_VS_SNR_MATCHED_CONTROLS,15,32,0,0,,,NO_MORPHOLOGY_OUTLIER_EITHER_ENDPOINT,False
294159,DIAGNOSTIC_179,MORPHOLOGY_NOT_OUTLIER_VS_SNR_MATCHED_CONTROLS,MORPHOLOGY_NOT_OUTLIER_VS_SNR_MATCHED_CONTROLS,32,32,0,0,,,NO_MORPHOLOGY_OUTLIER_EITHER_ENDPOINT,False
294161,PRIMARY_424,MORPHOLOGY_NOT_OUTLIER_VS_SNR_MATCHED_CONTROLS,MORPHOLOGY_NOT_OUTLIER_VS_SNR_MATCHED_CONTROLS,10,32,0,0,,,NO_MORPHOLOGY_OUTLIER_EITHER_ENDPOINT,False
294162,PRIMARY_424,MORPHOLOGY_NOT_OUTLIER_VS_SNR_MATCHED_CONTROLS,MORPHOLOGY_NOT_OUTLIER_VS_SNR_MATCHED_CONTROLS,6,32,0,0,,,NO_MORPHOLOGY_OUTLIER_EITHER_ENDPOINT,False
294164,PRIMARY_424,MORPHOLOGY_NOT_OUTLIER_VS_SNR_MATCHED_CONTROLS,MORPHOLOGY_NOT_OUTLIER_VS_SNR_MATCHED_CONTROLS,13,32,0,0,,,NO_MORPHOLOGY_OUTLIER_EITHER_ENDPOINT,False
294166,DIAGNOSTIC_179,MORPHOLOGY_NOT_OUTLIER_VS_SNR_MATCHED_CONTROLS,MORPHOLOGY_NOT_OUTLIER_VS_SNR_MATCHED_CONTROLS,32,32,0,0,,,NO_MORPHOLOGY_OUTLIER_EITHER_ENDPOINT,False
294171,PRIMARY_424,MORPHOLOGY_OUTLIER_VS_SNR_MATCHED_CONTROLS,MORPHOLOGY_NOT_OUTLIER_VS_SNR_MATCHED_CONTROLS,8,32,1,0,sigma_major_px,,MORPHOLOGY_OUTLIER_ONE_ENDPOINT,False
294179,PRIMARY_424,MORPHOLOGY_NOT_OUTLIER_VS_SNR_MATCHED_CONTROLS,MORPHOLOGY_NOT_OUTLIER_VS_SNR_MATCHED_CONTROLS,15,32,0,0,,,NO_MORPHOLOGY_OUTLIER_EITHER_ENDPOINT,False
294184,PRIMARY_424,MORPHOLOGY_NOT_OUTLIER_VS_SNR_MATCHED_CONTROLS,MORPHOLOGY_NOT_OUTLIER_VS_SNR_MATCHED_CONTROLS,14,32,0,0,,,NO_MORPHOLOGY_OUTLIER_EITHER_ENDPOINT,False
294187,PRIMARY_424,MORPHOLOGY_NOT_OUTLIER_VS_SNR_MATCHED_CONTROLS,MORPHOLOGY_NOT_OUTLIER_VS_SNR_MATCHED_CONTROLS,25,32,0,0,,,NO_MORPHOLOGY_OUTLIER_EITHER_ENDPOINT,False
294188,PRIMARY_424,MORPHOLOGY_NOT_OUTLIER_VS_SNR_MATCHED_CONTROLS,MORPHOLOGY_NOT_OUTLIER_VS_SNR_MATCHED_CONTROLS,20,32,0,0,,,NO_MORPHOLOGY_OUTLIER_EITHER_ENDPOINT,False
294189,PRIMARY_424,MORPHOLOGY_NOT_OUTLIER_VS_SNR_MATCHED_CONTROLS,MORPHOLOGY_NOT_OUTLIER_VS_SNR_MATCHED_CONTROLS,6,32,0,0,,,NO_MORPHOLOGY_OUTLIER_EITHER_ENDPOINT,False
294196,PRIMARY_424,MORPHOLOGY_OUTLIER_VS_SNR_MATCHED_CONTROLS,MORPHOLOGY_NOT_OUTLIER_VS_SNR_MATCHED_CONTROLS,32,32,1,0,ellipticity,,MORPHOLOGY_OUTLIER_ONE_ENDPOINT,False
294198,PRIMARY_424,MORPHOLOGY_NOT_OUTLIER_VS_SNR_MATCHED_CONTROLS,MORPHOLOGY_NOT_OUTLIER_VS_SNR_MATCHED_CONTROLS,19,32,0,0,,,NO_MORPHOLOGY_OUTLIER_EITHER_ENDPOINT,False
294200,PRIMARY_424,MORPHOLOGY_NOT_OUTLIER_VS_SNR_MATCHED_CONTROLS,MORPHOLOGY_NOT_OUTLIER_VS_SNR_MATCHED_CONTROLS,9,32,0,0,,,NO_MORPHOLOGY_OUTLIER_EITHER_ENDPOINT,False
294203,PRIMARY_424,MORPHOLOGY_OUTLIER_VS_SNR_MATCHED_CONTROLS,MORPHOLOGY_OUTLIER_VS_SNR_MATCHED_CONTROLS,32,32,3,1,sigma_major_px;sigma_minor_px;ellipticity,concentration_f3_f8,MORPHOLOGY_OUTLIER_BOTH_ENDPOINTS,False
294205,DIAGNOSTIC_179,MORPHOLOGY_NOT_OUTLIER_VS_SNR_MATCHED_CONTROLS,MORPHOLOGY_NOT_OUTLIER_VS_SNR_MATCHED_CONTROLS,32,32,0,0,,,NO_MORPHOLOGY_OUTLIER_EITHER_ENDPOINT,False
294207,PRIMARY_424,INSUFFICIENT_USABLE_MATCHED_CONTROLS,MORPHOLOGY_NOT_OUTLIER_VS_SNR_MATCHED_CONTROLS,2,29,,0,,,MORPHOLOGY_UNRESOLVED_ONE_OR_MORE_ENDPOINTS,False
294210,DIAGNOSTIC_179,MORPHOLOGY_NOT_OUTLIER_VS_SNR_MATCHED_CONTROLS,MORPHOLOGY_NOT_OUTLIER_VS_SNR_MATCHED_CONTROLS,11,32,0,0,,,NO_MORPHOLOGY_OUTLIER_EITHER_ENDPOINT,False
294227,PRIMARY_424,MORPHOLOGY_OUTLIER_VS_SNR_MATCHED_CONTROLS,MORPHOLOGY_NOT_OUTLIER_VS_SNR_MATCHED_CONTROLS,5,32,3,0,sigma_major_px;concentration_f3_f8;peak_to_flux5,,MORPHOLOGY_OUTLIER_ONE_ENDPOINT,False
294229,PRIMARY_424,MORPHOLOGY_NOT_OUTLIER_VS_SNR_MATCHED_CONTROLS,MORPHOLOGY_NOT_OUTLIER_VS_SNR_MATCHED_CONTROLS,13,32,0,0,,,NO_MORPHOLOGY_OUTLIER_EITHER_ENDPOINT,False
294234,DIAGNOSTIC_179,MORPHOLOGY_NOT_OUTLIER_VS_SNR_MATCHED_CONTROLS,MORPHOLOGY_NOT_OUTLIER_VS_SNR_MATCHED_CONTROLS,32,32,0,0,,,NO_MORPHOLOGY_OUTLIER_EITHER_ENDPOINT,False
294237,PRIMARY_424,INSUFFICIENT_USABLE_MATCHED_CONTROLS,MORPHOLOGY_NOT_OUTLIER_VS_SNR_MATCHED_CONTROLS,4,32,,0,,,MORPHOLOGY_UNRESOLVED_ONE_OR_MORE_ENDPOINTS,False
294239,PRIMARY_424,MORPHOLOGY_NOT_OUTLIER_VS_SNR_MATCHED_CONTROLS,MORPHOLOGY_NOT_OUTLIER_VS_SNR_MATCHED_CONTROLS,32,32,0,0,,,NO_MORPHOLOGY_OUTLIER_EITHER_ENDPOINT,False
294244,PRIMARY_424,MORPHOLOGY_NOT_OUTLIER_VS_SNR_MATCHED_CONTROLS,MORPHOLOGY_NOT_OUTLIER_VS_SNR_MATCHED_CONTROLS,32,32,0,0,,,NO_MORPHOLOGY_OUTLIER_EITHER_ENDPOINT,False
294248,PRIMARY_424,MORPHOLOGY_NOT_OUTLIER_VS_SNR_MATCHED_CONTROLS,MORPHOLOGY_NOT_OUTLIER_VS_SNR_MATCHED_CONTROLS,20,32,0,0,,,NO_MORPHOLOGY_OUTLIER_EITHER_ENDPOINT,False
294258,DIAGNOSTIC_179,MORPHOLOGY_OUTLIER_VS_SNR_MATCHED_CONTROLS,MORPHOLOGY_NOT_OUTLIER_VS_SNR_MATCHED_CONTROLS,13,32,1,0,centroid_offset_px,,MORPHOLOGY_OUTLIER_ONE_ENDPOINT,False
294264,PRIMARY_424,MORPHOLOGY_OUTLIER_VS_SNR_MATCHED_CONTROLS,MORPHOLOGY_NOT_OUTLIER_VS_SNR_MATCHED_CONTROLS,5,32,2,0,sigma_minor_px;peak_to_flux5,,MORPHOLOGY_OUTLIER_ONE_ENDPOINT,False
294284,DIAGNOSTIC_179,MORPHOLOGY_NOT_OUTLIER_VS_SNR_MATCHED_CONTROLS,MORPHOLOGY_NOT_OUTLIER_VS_SNR_MATCHED_CONTROLS,32,32,0,0,,,NO_MORPHOLOGY_OUTLIER_EITHER_ENDPOINT,False
294285,PRIMARY_424,MORPHOLOGY_NOT_OUTLIER_VS_SNR_MATCHED_CONTROLS,MORPHOLOGY_NOT_OUTLIER_VS_SNR_MATCHED_CONTROLS,10,32,0,0,,,NO_MORPHOLOGY_OUTLIER_EITHER_ENDPOINT,False
