canonical_pair,site_a,archive_a,exposure_a,plate_a,scan_a,start_a_utc,end_a_utc,site_b,archive_b,exposure_b,plate_b,scan_b,start_b_utc,end_b_utc,physical_overlap_start_utc,physical_overlap_end_utc,physical_overlap_seconds,science_footprint_fraction_a,science_footprint_fraction_b,science_footprint_fraction_smaller,primary_comparison_count_ge50pct_common,any_partial_comparison_count,best_primary_comparison_endpoint,best_primary_comparison_exposure,best_primary_comparison_gap_minutes,best_primary_comparison_tier,best_any_comparison_gap_minutes,best_any_comparison_tier,plate_site_a,plate_observatory_a,plate_site_lat_a,plate_site_lon_a,plate_numexp_a,plate_telescope_a,plate_instrument_a,plate_site_b,plate_observatory_b,plate_site_lat_b,plate_site_lon_b,plate_numexp_b,plate_telescope_b,plate_instrument_b,recorded_site_names_distinct,site_separation_km,site_separation_band,strong_independence_ge10km,independence_ge50km,independence_ge100km,same_site_primary_control_count,best_same_site_control_endpoint,best_same_site_control_exposure,best_same_site_control_plate,best_same_site_control_gap_minutes,best_same_site_control_tier,raw_plate_site_lon_a_v093d,raw_plate_site_lat_a_v093d,raw_plate_site_lon_b_v093d,raw_plate_site_lat_b_v093d,corrected_site_lon_a,corrected_site_lat_a,corrected_site_lon_b,corrected_site_lat_b,site_coordinate_rule_a,site_coordinate_rule_b,corrected_site_separation_km,corrected_site_separation_band,corrected_strong_independence_ge10km,corrected_independence_ge50km,corrected_independence_ge100km
APPLAUSE:122456 | APPLAUSE:4008,Bamberg,208,122456,79750,104760,1931-03-20T21:43:00+00:00,1931-03-20T22:43:00+00:00,Hamburg,101,4008,3076,3630,1931-03-20T21:32:15+00:00,1931-03-20T22:41:04+00:00,1931-03-20T21:43:00+00:00,1931-03-20T22:41:04+00:00,3484.000,0.99915618,0.10404107,0.99915618,1,1,A,122455,1.000000,A_LE30MIN,1.000000,A_LE30MIN,"Dr. Remeis-Observatory, Bamberg, Germany",Dr. Remeis-Observatory,10.8881,49.8845,1,Astrograph,,"Hamburg-Bergedorf, Germany",Hamburger Sternwarte,53.482,10.242,1,Lippert-Astrograph,,True,5893.545115,GE100KM,True,True,True,1,A,122455,79749,1.000000,A_LE30MIN,49.8845,10.8881,10.242,53.482,10.88810000,49.88450000,10.24200000,53.48200000,SWAP,NORMAL,402.491931,GE100KM,True,True,True
APPLAUSE:127883 | APPLAUSE:6420,Bamberg,208,127883,85157,109914,1935-05-03T23:05:00+00:00,1935-05-03T23:37:00+00:00,Hamburg,101,6420,4275,5022,1935-05-03T21:40:38+00:00,1935-05-03T23:40:18+00:00,1935-05-03T23:05:00+00:00,1935-05-03T23:37:00+00:00,1920.000,0.00072700,0.00004373,0.00072700,4,5,A,127882,1.000000,A_LE30MIN,1.000000,A_LE30MIN,"Dr. Remeis-Observatory, Bamberg, Germany",Dr. Remeis-Observatory,10.8881,49.8845,1,Astrograph,,"Hamburg-Bergedorf, Germany",Hamburger Sternwarte,53.482,10.242,1,Lippert-Astrograph,,True,5893.545115,GE100KM,True,True,True,4,A,127882,85156,1.000000,A_LE30MIN,49.8845,10.8881,10.242,53.482,10.88810000,49.88450000,10.24200000,53.48200000,SWAP,NORMAL,402.491931,GE100KM,True,True,True
APPLAUSE:125864 | APPLAUSE:4969,Bamberg,208,125864,83158,107979,1933-05-23T23:49:00+00:00,1933-05-24T00:20:00+00:00,Hamburg,101,4969,3850,4582,1933-05-22T23:28:41+00:00,1933-05-25T00:26:28+00:00,1933-05-23T23:49:00+00:00,1933-05-24T00:20:00+00:00,1860.000,1.00000000,0.06291981,1.00000000,3,3,A,125863,1.000000,A_LE30MIN,1.000000,A_LE30MIN,"Dr. Remeis-Observatory, Bamberg, Germany",Dr. Remeis-Observatory,10.8881,49.8845,1,Astrograph,,"Hamburg-Bergedorf, Germany",Hamburger Sternwarte,53.482,10.242,1,Lippert-Astrograph,,True,5893.545115,GE100KM,True,True,True,3,A,125863,83157,1.000000,A_LE30MIN,49.8845,10.8881,10.242,53.482,10.88810000,49.88450000,10.24200000,53.48200000,SWAP,NORMAL,402.491931,GE100KM,True,True,True
APPLAUSE:136214 | APPLAUSE:15373,Bamberg,208,136214,93084,117609,1960-09-26T18:51:00+00:00,1960-09-26T19:51:00+00:00,Hamburg,101,15373,8628,11454,1960-09-26T19:20:40+00:00,1960-09-26T20:00:33+00:00,1960-09-26T19:20:40+00:00,1960-09-26T19:51:00+00:00,1820.000,0.42900674,1.00000000,1.00000000,3,3,B,15374,1.000000,A_LE30MIN,1.000000,A_LE30MIN,"Dr. Remeis-Observatory, Bamberg, Germany",Dr. Remeis-Observatory,10.8881,49.8845,1,Astrograph,,"Hamburg-Bergedorf, Germany",Hamburger Sternwarte,53.482,10.242,1,Lippert-Astrograph,,True,5893.545115,GE100KM,True,True,True,3,B,15374,8629,1.000000,A_LE30MIN,49.8845,10.8881,10.242,53.482,10.88810000,49.88450000,10.24200000,53.48200000,SWAP,NORMAL,402.491931,GE100KM,True,True,True
APPLAUSE:136215 | APPLAUSE:15373,Bamberg,208,136215,93085,117610,1960-09-26T18:51:00+00:00,1960-09-26T19:51:00+00:00,Hamburg,101,15373,8628,11454,1960-09-26T19:20:40+00:00,1960-09-26T20:00:33+00:00,1960-09-26T19:20:40+00:00,1960-09-26T19:51:00+00:00,1820.000,0.07444200,0.07742319,0.07742319,3,3,B,15374,1.000000,A_LE30MIN,1.000000,A_LE30MIN,"Dr. Remeis-Observatory, Bamberg, Germany",Dr. Remeis-Observatory,10.8881,49.8845,1,Astrograph,,"Hamburg-Bergedorf, Germany",Hamburger Sternwarte,53.482,10.242,1,Lippert-Astrograph,,True,5893.545115,GE100KM,True,True,True,3,B,15374,8629,1.000000,A_LE30MIN,49.8845,10.8881,10.242,53.482,10.88810000,49.88450000,10.24200000,53.48200000,SWAP,NORMAL,402.491931,GE100KM,True,True,True
APPLAUSE:136216 | APPLAUSE:15373,Bamberg,208,136216,93086,117611,1960-09-26T18:51:00+00:00,1960-09-26T19:51:00+00:00,Hamburg,101,15373,8628,11454,1960-09-26T19:20:40+00:00,1960-09-26T20:00:33+00:00,1960-09-26T19:20:40+00:00,1960-09-26T19:51:00+00:00,1820.000,0.03359705,0.05103133,0.05103133,3,3,B,15374,1.000000,A_LE30MIN,1.000000,A_LE30MIN,"Dr. Remeis-Observatory, Bamberg, Germany",Dr. Remeis-Observatory,10.8881,49.8845,1,Astrograph,,"Hamburg-Bergedorf, Germany",Hamburger Sternwarte,53.482,10.242,1,Lippert-Astrograph,,True,5893.545115,GE100KM,True,True,True,3,B,15374,8629,1.000000,A_LE30MIN,49.8845,10.8881,10.242,53.482,10.88810000,49.88450000,10.24200000,53.48200000,SWAP,NORMAL,402.491931,GE100KM,True,True,True
APPLAUSE:123514 | APPLAUSE:4308,Bamberg,208,123514,80808,105732,1932-02-05T18:51:00+00:00,1932-02-05T19:21:00+00:00,Hamburg,101,4308,3356,3999,1932-02-05T18:43:31+00:00,1932-02-05T21:43:03+00:00,1932-02-05T18:51:00+00:00,1932-02-05T19:21:00+00:00,1800.000,0.47805830,0.02969900,0.47805830,1,1,A,123513,1.000000,A_LE30MIN,1.000000,A_LE30MIN,"Dr. Remeis-Observatory, Bamberg, Germany",Dr. Remeis-Observatory,10.8881,49.8845,1,Astrograph,,"Hamburg-Bergedorf, Germany",Hamburger Sternwarte,53.482,10.242,1,Lippert-Astrograph,,True,5893.545115,GE100KM,True,True,True,1,A,123513,80807,1.000000,A_LE30MIN,49.8845,10.8881,10.242,53.482,10.88810000,49.88450000,10.24200000,53.48200000,SWAP,NORMAL,402.491931,GE100KM,True,True,True
APPLAUSE:123522 | APPLAUSE:4312,Bamberg,208,123522,80816,105740,1932-02-06T01:46:00+00:00,1932-02-06T02:16:00+00:00,Hamburg,101,4312,3360,4002,1932-02-06T01:37:04+00:00,1932-02-06T04:36:34+00:00,1932-02-06T01:46:00+00:00,1932-02-06T02:16:00+00:00,1800.000,0.41947425,0.02576696,0.41947425,2,2,A,123521,1.000000,A_LE30MIN,1.000000,A_LE30MIN,"Dr. Remeis-Observatory, Bamberg, Germany",Dr. Remeis-Observatory,10.8881,49.8845,1,Astrograph,,"Hamburg-Bergedorf, Germany",Hamburger Sternwarte,53.482,10.242,1,Lippert-Astrograph,,True,5893.545115,GE100KM,True,True,True,2,A,123521,80815,1.000000,A_LE30MIN,49.8845,10.8881,10.242,53.482,10.88810000,49.88450000,10.24200000,53.48200000,SWAP,NORMAL,402.491931,GE100KM,True,True,True
APPLAUSE:123543 | APPLAUSE:4315,Bamberg,208,123543,80837,105761,1932-02-06T18:01:00+00:00,1932-02-06T18:31:00+00:00,Hamburg,101,4315,3363,4006,1932-02-06T17:45:24+00:00,1932-02-06T20:59:53+00:00,1932-02-06T18:01:00+00:00,1932-02-06T18:31:00+00:00,1800.000,1.00000000,0.07989515,1.00000000,4,4,A,123544,1.000000,A_LE30MIN,1.000000,A_LE30MIN,"Dr. Remeis-Observatory, Bamberg, Germany",Dr. Remeis-Observatory,10.8881,49.8845,1,Astrograph,,"Hamburg-Bergedorf, Germany",Hamburger Sternwarte,53.482,10.242,1,Lippert-Astrograph,,True,5893.545115,GE100KM,True,True,True,4,A,123544,80838,1.000000,A_LE30MIN,49.8845,10.8881,10.242,53.482,10.88810000,49.88450000,10.24200000,53.48200000,SWAP,NORMAL,402.491931,GE100KM,True,True,True
APPLAUSE:123544 | APPLAUSE:4315,Bamberg,208,123544,80838,105762,1932-02-06T18:32:00+00:00,1932-02-06T19:02:00+00:00,Hamburg,101,4315,3363,4006,1932-02-06T17:45:24+00:00,1932-02-06T20:59:53+00:00,1932-02-06T18:32:00+00:00,1932-02-06T19:02:00+00:00,1800.000,1.00000000,0.08266734,1.00000000,4,4,A,123543,1.000000,A_LE30MIN,1.000000,A_LE30MIN,"Dr. Remeis-Observatory, Bamberg, Germany",Dr. Remeis-Observatory,10.8881,49.8845,1,Astrograph,,"Hamburg-Bergedorf, Germany",Hamburger Sternwarte,53.482,10.242,1,Lippert-Astrograph,,True,5893.545115,GE100KM,True,True,True,4,A,123543,80837,1.000000,A_LE30MIN,49.8845,10.8881,10.242,53.482,10.88810000,49.88450000,10.24200000,53.48200000,SWAP,NORMAL,402.491931,GE100KM,True,True,True
APPLAUSE:123564 | APPLAUSE:4315,Bamberg,208,123564,80858,105782,1932-02-06T18:01:00+00:00,1932-02-06T18:31:00+00:00,Hamburg,101,4315,3363,4006,1932-02-06T17:45:24+00:00,1932-02-06T20:59:53+00:00,1932-02-06T18:01:00+00:00,1932-02-06T18:31:00+00:00,1800.000,1.00000000,0.06249787,1.00000000,4,4,A,123544,1.000000,A_LE30MIN,1.000000,A_LE30MIN,"Dr. Remeis-Observatory, Bamberg, Germany",Dr. Remeis-Observatory,10.8881,49.8845,1,Astrograph,,"Hamburg-Bergedorf, Germany",Hamburger Sternwarte,53.482,10.242,1,Lippert-Astrograph,,True,5893.545115,GE100KM,True,True,True,4,A,123544,80838,1.000000,A_LE30MIN,49.8845,10.8881,10.242,53.482,10.88810000,49.88450000,10.24200000,53.48200000,SWAP,NORMAL,402.491931,GE100KM,True,True,True
APPLAUSE:123565 | APPLAUSE:4315,Bamberg,208,123565,80859,105783,1932-02-06T18:32:00+00:00,1932-02-06T19:02:00+00:00,Hamburg,101,4315,3363,4006,1932-02-06T17:45:24+00:00,1932-02-06T20:59:53+00:00,1932-02-06T18:32:00+00:00,1932-02-06T19:02:00+00:00,1800.000,1.00000000,0.06351524,1.00000000,4,4,A,123543,1.000000,A_LE30MIN,1.000000,A_LE30MIN,"Dr. Remeis-Observatory, Bamberg, Germany",Dr. Remeis-Observatory,10.8881,49.8845,1,Astrograph,,"Hamburg-Bergedorf, Germany",Hamburger Sternwarte,53.482,10.242,1,Lippert-Astrograph,,True,5893.545115,GE100KM,True,True,True,4,A,123543,80837,1.000000,A_LE30MIN,49.8845,10.8881,10.242,53.482,10.88810000,49.88450000,10.24200000,53.48200000,SWAP,NORMAL,402.491931,GE100KM,True,True,True
APPLAUSE:125349 | APPLAUSE:4848,Bamberg,208,125349,82643,107468,1933-03-02T00:14:00+00:00,1933-03-02T00:44:00+00:00,Hamburg,101,4848,3753,4482,1933-03-01T23:28:09+00:00,1933-03-02T02:27:39+00:00,1933-03-02T00:14:00+00:00,1933-03-02T00:44:00+00:00,1800.000,1.00000000,0.08236919,1.00000000,5,5,A,125424,1.000000,A_LE30MIN,1.000000,A_LE30MIN,"Dr. Remeis-Observatory, Bamberg, Germany",Dr. Remeis-Observatory,10.8881,49.8845,1,Astrograph,,"Hamburg-Bergedorf, Germany",Hamburger Sternwarte,53.482,10.242,1,Lippert-Astrograph,,True,5893.545115,GE100KM,True,True,True,5,A,125424,82718,1.000000,A_LE30MIN,49.8845,10.8881,10.242,53.482,10.88810000,49.88450000,10.24200000,53.48200000,SWAP,NORMAL,402.491931,GE100KM,True,True,True
APPLAUSE:125424 | APPLAUSE:4848,Bamberg,208,125424,82718,107543,1933-03-01T23:43:00+00:00,1933-03-02T00:13:00+00:00,Hamburg,101,4848,3753,4482,1933-03-01T23:28:09+00:00,1933-03-02T02:27:39+00:00,1933-03-01T23:43:00+00:00,1933-03-02T00:13:00+00:00,1800.000,1.00000000,0.06353897,1.00000000,6,6,A,125349,1.000000,A_LE30MIN,1.000000,A_LE30MIN,"Dr. Remeis-Observatory, Bamberg, Germany",Dr. Remeis-Observatory,10.8881,49.8845,1,Astrograph,,"Hamburg-Bergedorf, Germany",Hamburger Sternwarte,53.482,10.242,1,Lippert-Astrograph,,True,5893.545115,GE100KM,True,True,True,6,A,125349,82643,1.000000,A_LE30MIN,49.8845,10.8881,10.242,53.482,10.88810000,49.88450000,10.24200000,53.48200000,SWAP,NORMAL,402.491931,GE100KM,True,True,True
APPLAUSE:125425 | APPLAUSE:4848,Bamberg,208,125425,82719,107544,1933-03-02T00:14:00+00:00,1933-03-02T00:44:00+00:00,Hamburg,101,4848,3753,4482,1933-03-01T23:28:09+00:00,1933-03-02T02:27:39+00:00,1933-03-02T00:14:00+00:00,1933-03-02T00:44:00+00:00,1800.000,1.00000000,0.06395216,1.00000000,7,7,A,125424,1.000000,A_LE30MIN,1.000000,A_LE30MIN,"Dr. Remeis-Observatory, Bamberg, Germany",Dr. Remeis-Observatory,10.8881,49.8845,1,Astrograph,,"Hamburg-Bergedorf, Germany",Hamburger Sternwarte,53.482,10.242,1,Lippert-Astrograph,,True,5893.545115,GE100KM,True,True,True,7,A,125424,82718,1.000000,A_LE30MIN,49.8845,10.8881,10.242,53.482,10.88810000,49.88450000,10.24200000,53.48200000,SWAP,NORMAL,402.491931,GE100KM,True,True,True
APPLAUSE:125426 | APPLAUSE:4848,Bamberg,208,125426,82720,107545,1933-03-02T00:45:00+00:00,1933-03-02T01:15:00+00:00,Hamburg,101,4848,3753,4482,1933-03-01T23:28:09+00:00,1933-03-02T02:27:39+00:00,1933-03-02T00:45:00+00:00,1933-03-02T01:15:00+00:00,1800.000,1.00000000,0.06281663,1.00000000,7,7,A,125349,1.000000,A_LE30MIN,1.000000,A_LE30MIN,"Dr. Remeis-Observatory, Bamberg, Germany",Dr. Remeis-Observatory,10.8881,49.8845,1,Astrograph,,"Hamburg-Bergedorf, Germany",Hamburger Sternwarte,53.482,10.242,1,Lippert-Astrograph,,True,5893.545115,GE100KM,True,True,True,7,A,125349,82643,1.000000,A_LE30MIN,49.8845,10.8881,10.242,53.482,10.88810000,49.88450000,10.24200000,53.48200000,SWAP,NORMAL,402.491931,GE100KM,True,True,True
APPLAUSE:125427 | APPLAUSE:110781,Bamberg,208,125427,82721,107546,1933-03-02T01:16:00+00:00,1933-03-02T01:46:00+00:00,Hamburg,111,110781,64839,72933,1933-03-02T00:51:00+00:00,1933-03-02T01:51:00+00:00,1933-03-02T01:16:00+00:00,1933-03-02T01:46:00+00:00,1800.000,0.67935936,0.02647118,0.67935936,6,6,A,125426,1.000000,A_LE30MIN,1.000000,A_LE30MIN,"Dr. Remeis-Observatory, Bamberg, Germany",Dr. Remeis-Observatory,10.8881,49.8845,1,Astrograph,,"Hamburg-Bergedorf, Germany",Hamburger Sternwarte,53.482,10.242,1,Original Schmidt-Spiegel,,True,5893.545115,GE100KM,True,True,True,6,A,125426,82720,1.000000,A_LE30MIN,49.8845,10.8881,10.242,53.482,10.88810000,49.88450000,10.24200000,53.48200000,SWAP,NORMAL,402.491931,GE100KM,True,True,True
APPLAUSE:125427 | APPLAUSE:4848,Bamberg,208,125427,82721,107546,1933-03-02T01:16:00+00:00,1933-03-02T01:46:00+00:00,Hamburg,101,4848,3753,4482,1933-03-01T23:28:09+00:00,1933-03-02T02:27:39+00:00,1933-03-02T01:16:00+00:00,1933-03-02T01:46:00+00:00,1800.000,1.00000000,0.06311876,1.00000000,7,7,A,125426,1.000000,A_LE30MIN,1.000000,A_LE30MIN,"Dr. Remeis-Observatory, Bamberg, Germany",Dr. Remeis-Observatory,10.8881,49.8845,1,Astrograph,,"Hamburg-Bergedorf, Germany",Hamburger Sternwarte,53.482,10.242,1,Lippert-Astrograph,,True,5893.545115,GE100KM,True,True,True,7,A,125426,82720,1.000000,A_LE30MIN,49.8845,10.8881,10.242,53.482,10.88810000,49.88450000,10.24200000,53.48200000,SWAP,NORMAL,402.491931,GE100KM,True,True,True
APPLAUSE:125428 | APPLAUSE:4848,Bamberg,208,125428,82722,107547,1933-03-02T01:47:00+00:00,1933-03-02T02:17:00+00:00,Hamburg,101,4848,3753,4482,1933-03-01T23:28:09+00:00,1933-03-02T02:27:39+00:00,1933-03-02T01:47:00+00:00,1933-03-02T02:17:00+00:00,1800.000,0.88467899,0.05626152,0.88467899,7,7,A,125353,1.000000,A_LE30MIN,1.000000,A_LE30MIN,"Dr. Remeis-Observatory, Bamberg, Germany",Dr. Remeis-Observatory,10.8881,49.8845,1,Astrograph,,"Hamburg-Bergedorf, Germany",Hamburger Sternwarte,53.482,10.242,1,Lippert-Astrograph,,True,5893.545115,GE100KM,True,True,True,7,A,125353,82647,1.000000,A_LE30MIN,49.8845,10.8881,10.242,53.482,10.88810000,49.88450000,10.24200000,53.48200000,SWAP,NORMAL,402.491931,GE100KM,True,True,True
APPLAUSE:125430 | APPLAUSE:110782,Bamberg,208,125430,82724,107549,1933-03-02T02:49:00+00:00,1933-03-02T03:19:00+00:00,Hamburg,111,110782,64840,72934,1933-03-02T02:24:00+00:00,1933-03-02T03:24:00+00:00,1933-03-02T02:49:00+00:00,1933-03-02T03:19:00+00:00,1800.000,0.47044126,0.01861270,0.47044126,3,3,A,125353,1.000000,A_LE30MIN,1.000000,A_LE30MIN,"Dr. Remeis-Observatory, Bamberg, Germany",Dr. Remeis-Observatory,10.8881,49.8845,1,Astrograph,,"Hamburg-Bergedorf, Germany",Hamburger Sternwarte,53.482,10.242,1,Original Schmidt-Spiegel,,True,5893.545115,GE100KM,True,True,True,3,A,125353,82647,1.000000,A_LE30MIN,49.8845,10.8881,10.242,53.482,10.88810000,49.88450000,10.24200000,53.48200000,SWAP,NORMAL,402.491931,GE100KM,True,True,True
APPLAUSE:125848 | APPLAUSE:4969,Bamberg,208,125848,83142,107963,1933-05-22T23:37:00+00:00,1933-05-23T00:07:00+00:00,Hamburg,101,4969,3850,4582,1933-05-22T23:28:41+00:00,1933-05-25T00:26:28+00:00,1933-05-22T23:37:00+00:00,1933-05-23T00:07:00+00:00,1800.000,0.50498058,0.04050866,0.50498058,2,2,A,125847,1.000000,A_LE30MIN,1.000000,A_LE30MIN,"Dr. Remeis-Observatory, Bamberg, Germany",Dr. Remeis-Observatory,10.8881,49.8845,1,Astrograph,,"Hamburg-Bergedorf, Germany",Hamburger Sternwarte,53.482,10.242,1,Lippert-Astrograph,,True,5893.545115,GE100KM,True,True,True,2,A,125847,83141,1.000000,A_LE30MIN,49.8845,10.8881,10.242,53.482,10.88810000,49.88450000,10.24200000,53.48200000,SWAP,NORMAL,402.491931,GE100KM,True,True,True
APPLAUSE:125856 | APPLAUSE:4969,Bamberg,208,125856,83150,107971,1933-05-22T23:37:00+00:00,1933-05-23T00:07:00+00:00,Hamburg,101,4969,3850,4582,1933-05-22T23:28:41+00:00,1933-05-25T00:26:28+00:00,1933-05-22T23:37:00+00:00,1933-05-23T00:07:00+00:00,1800.000,0.58624142,0.03693282,0.58624142,2,2,A,125847,1.000000,A_LE30MIN,1.000000,A_LE30MIN,"Dr. Remeis-Observatory, Bamberg, Germany",Dr. Remeis-Observatory,10.8881,49.8845,1,Astrograph,,"Hamburg-Bergedorf, Germany",Hamburger Sternwarte,53.482,10.242,1,Lippert-Astrograph,,True,5893.545115,GE100KM,True,True,True,2,A,125847,83141,1.000000,A_LE30MIN,49.8845,10.8881,10.242,53.482,10.88810000,49.88450000,10.24200000,53.48200000,SWAP,NORMAL,402.491931,GE100KM,True,True,True
APPLAUSE:125863 | APPLAUSE:4969,Bamberg,208,125863,83157,107978,1933-05-23T23:18:00+00:00,1933-05-23T23:48:00+00:00,Hamburg,101,4969,3850,4582,1933-05-22T23:28:41+00:00,1933-05-25T00:26:28+00:00,1933-05-23T23:18:00+00:00,1933-05-23T23:48:00+00:00,1800.000,0.61595448,0.03877621,0.61595448,2,2,A,125864,1.000000,A_LE30MIN,1.000000,A_LE30MIN,"Dr. Remeis-Observatory, Bamberg, Germany",Dr. Remeis-Observatory,10.8881,49.8845,1,Astrograph,,"Hamburg-Bergedorf, Germany",Hamburger Sternwarte,53.482,10.242,1,Lippert-Astrograph,,True,5893.545115,GE100KM,True,True,True,2,A,125864,83158,1.000000,A_LE30MIN,49.8845,10.8881,10.242,53.482,10.88810000,49.88450000,10.24200000,53.48200000,SWAP,NORMAL,402.491931,GE100KM,True,True,True
APPLAUSE:125871 | APPLAUSE:4969,Bamberg,208,125871,83165,107986,1933-05-23T23:18:00+00:00,1933-05-23T23:48:00+00:00,Hamburg,101,4969,3850,4582,1933-05-22T23:28:41+00:00,1933-05-25T00:26:28+00:00,1933-05-23T23:18:00+00:00,1933-05-23T23:48:00+00:00,1800.000,0.46984115,0.03746340,0.46984115,1,1,A,125870,1.000000,A_LE30MIN,1.000000,A_LE30MIN,"Dr. Remeis-Observatory, Bamberg, Germany",Dr. Remeis-Observatory,10.8881,49.8845,1,Astrograph,,"Hamburg-Bergedorf, Germany",Hamburger Sternwarte,53.482,10.242,1,Lippert-Astrograph,,True,5893.545115,GE100KM,True,True,True,1,A,125870,83164,1.000000,A_LE30MIN,49.8845,10.8881,10.242,53.482,10.88810000,49.88450000,10.24200000,53.48200000,SWAP,NORMAL,402.491931,GE100KM,True,True,True
APPLAUSE:126106 | APPLAUSE:5060,Bamberg,208,126106,83400,108219,1933-08-28T00:01:00+00:00,1933-08-28T00:31:00+00:00,Hamburg,101,5060,3899,4617,1933-08-27T23:03:09+00:00,1933-08-28T01:55:41+00:00,1933-08-28T00:01:00+00:00,1933-08-28T00:31:00+00:00,1800.000,0.04688241,0.00379303,0.04688241,4,5,A,126107,1.000000,A_LE30MIN,1.000000,A_LE30MIN,"Dr. Remeis-Observatory, Bamberg, Germany",Dr. Remeis-Observatory,10.8881,49.8845,1,Astrograph,,"Hamburg-Bergedorf, Germany",Hamburger Sternwarte,53.482,10.242,1,Lippert-Astrograph,,True,5893.545115,GE100KM,True,True,True,4,A,126107,83401,1.000000,A_LE30MIN,49.8845,10.8881,10.242,53.482,10.88810000,49.88450000,10.24200000,53.48200000,SWAP,NORMAL,402.491931,GE100KM,True,True,True
APPLAUSE:126211 | APPLAUSE:5085,Bamberg,208,126211,83505,108324,1933-09-16T20:58:00+00:00,1933-09-16T21:28:00+00:00,Hamburg,101,5085,3918,4633,1933-09-16T20:56:39+00:00,1933-09-17T23:53:13+00:00,1933-09-16T20:58:00+00:00,1933-09-16T21:28:00+00:00,1800.000,0.57041727,0.03491768,0.57041727,2,2,A,126212,1.000000,A_LE30MIN,1.000000,A_LE30MIN,"Dr. Remeis-Observatory, Bamberg, Germany",Dr. Remeis-Observatory,10.8881,49.8845,1,Astrograph,,"Hamburg-Bergedorf, Germany",Hamburger Sternwarte,53.482,10.242,1,Lippert-Astrograph,,True,5893.545115,GE100KM,True,True,True,2,A,126212,83506,1.000000,A_LE30MIN,49.8845,10.8881,10.242,53.482,10.88810000,49.88450000,10.24200000,53.48200000,SWAP,NORMAL,402.491931,GE100KM,True,True,True
APPLAUSE:126212 | APPLAUSE:5085,Bamberg,208,126212,83506,108325,1933-09-16T21:29:00+00:00,1933-09-16T21:59:00+00:00,Hamburg,101,5085,3918,4633,1933-09-16T20:56:39+00:00,1933-09-17T23:53:13+00:00,1933-09-16T21:29:00+00:00,1933-09-16T21:59:00+00:00,1800.000,0.63103169,0.03821925,0.63103169,2,2,A,126211,1.000000,A_LE30MIN,1.000000,A_LE30MIN,"Dr. Remeis-Observatory, Bamberg, Germany",Dr. Remeis-Observatory,10.8881,49.8845,1,Astrograph,,"Hamburg-Bergedorf, Germany",Hamburger Sternwarte,53.482,10.242,1,Lippert-Astrograph,,True,5893.545115,GE100KM,True,True,True,2,A,126211,83505,1.000000,A_LE30MIN,49.8845,10.8881,10.242,53.482,10.88810000,49.88450000,10.24200000,53.48200000,SWAP,NORMAL,402.491931,GE100KM,True,True,True
APPLAUSE:126246 | APPLAUSE:5085,Bamberg,208,126246,83540,108359,1933-09-17T20:49:00+00:00,1933-09-17T21:19:00+00:00,Hamburg,101,5085,3918,4633,1933-09-16T20:56:39+00:00,1933-09-17T23:53:13+00:00,1933-09-17T20:49:00+00:00,1933-09-17T21:19:00+00:00,1800.000,0.42381628,0.03304248,0.42381628,2,2,A,126223,1.000000,A_LE30MIN,1.000000,A_LE30MIN,"Dr. Remeis-Observatory, Bamberg, Germany",Dr. Remeis-Observatory,10.8881,49.8845,1,Astrograph,,"Hamburg-Bergedorf, Germany",Hamburger Sternwarte,53.482,10.242,1,Lippert-Astrograph,,True,5893.545115,GE100KM,True,True,True,2,A,126223,83517,1.000000,A_LE30MIN,49.8845,10.8881,10.242,53.482,10.88810000,49.88450000,10.24200000,53.48200000,SWAP,NORMAL,402.491931,GE100KM,True,True,True
APPLAUSE:126439 | APPLAUSE:5223,Bamberg,208,126439,83733,108549,1933-10-23T18:32:00+00:00,1933-10-23T19:02:00+00:00,Hamburg,101,5223,3978,4673,1933-10-23T18:18:41+00:00,1933-10-23T21:58:06+00:00,1933-10-23T18:32:00+00:00,1933-10-23T19:02:00+00:00,1800.000,0.70448705,0.04406880,0.70448705,2,2,A,126438,1.000000,A_LE30MIN,1.000000,A_LE30MIN,"Dr. Remeis-Observatory, Bamberg, Germany",Dr. Remeis-Observatory,10.8881,49.8845,1,Astrograph,,"Hamburg-Bergedorf, Germany",Hamburger Sternwarte,53.482,10.242,1,Lippert-Astrograph,,True,5893.545115,GE100KM,True,True,True,2,A,126438,83732,1.000000,A_LE30MIN,49.8845,10.8881,10.242,53.482,10.88810000,49.88450000,10.24200000,53.48200000,SWAP,NORMAL,402.491931,GE100KM,True,True,True
APPLAUSE:126440 | APPLAUSE:5223,Bamberg,208,126440,83734,108550,1933-10-23T19:03:00+00:00,1933-10-23T19:33:00+00:00,Hamburg,101,5223,3978,4673,1933-10-23T18:18:41+00:00,1933-10-23T21:58:06+00:00,1933-10-23T19:03:00+00:00,1933-10-23T19:33:00+00:00,1800.000,0.70435661,0.04432643,0.70435661,2,3,A,126439,1.000000,A_LE30MIN,1.000000,A_LE30MIN,"Dr. Remeis-Observatory, Bamberg, Germany",Dr. Remeis-Observatory,10.8881,49.8845,1,Astrograph,,"Hamburg-Bergedorf, Germany",Hamburger Sternwarte,53.482,10.242,1,Lippert-Astrograph,,True,5893.545115,GE100KM,True,True,True,2,A,126439,83733,1.000000,A_LE30MIN,49.8845,10.8881,10.242,53.482,10.88810000,49.88450000,10.24200000,53.48200000,SWAP,NORMAL,402.491931,GE100KM,True,True,True
APPLAUSE:126454 | APPLAUSE:5223,Bamberg,208,126454,83748,108564,1933-10-23T18:32:00+00:00,1933-10-23T19:02:00+00:00,Hamburg,101,5223,3978,4673,1933-10-23T18:18:41+00:00,1933-10-23T21:58:06+00:00,1933-10-23T18:32:00+00:00,1933-10-23T19:02:00+00:00,1800.000,0.16114786,0.03170695,0.16114786,2,2,A,126438,1.000000,A_LE30MIN,1.000000,A_LE30MIN,"Dr. Remeis-Observatory, Bamberg, Germany",Dr. Remeis-Observatory,10.8881,49.8845,1,Astrograph,,"Hamburg-Bergedorf, Germany",Hamburger Sternwarte,53.482,10.242,1,Lippert-Astrograph,,True,5893.545115,GE100KM,True,True,True,2,A,126438,83732,1.000000,A_LE30MIN,49.8845,10.8881,10.242,53.482,10.88810000,49.88450000,10.24200000,53.48200000,SWAP,NORMAL,402.491931,GE100KM,True,True,True
APPLAUSE:127193 | APPLAUSE:5728,Bamberg,208,127193,84474,109257,1934-04-07T21:55:00+00:00,1934-04-07T22:25:00+00:00,Hamburg,101,5728,4071,4775,1934-04-07T21:50:09+00:00,1934-04-07T23:49:50+00:00,1934-04-07T21:55:00+00:00,1934-04-07T22:25:00+00:00,1800.000,1.00000000,0.02059186,1.00000000,10,10,A,127192,1.000000,A_LE30MIN,1.000000,A_LE30MIN,"Dr. Remeis-Observatory, Bamberg, Germany",Dr. Remeis-Observatory,10.8881,49.8845,1,Astrograph,,"Hamburg-Bergedorf, Germany",Hamburger Sternwarte,53.482,10.242,1,Lippert-Astrograph,,True,5893.545115,GE100KM,True,True,True,10,A,127192,84473,1.000000,A_LE30MIN,49.8845,10.8881,10.242,53.482,10.88810000,49.88450000,10.24200000,53.48200000,SWAP,NORMAL,402.491931,GE100KM,True,True,True
APPLAUSE:127194 | APPLAUSE:5728,Bamberg,208,127194,84475,109258,1934-04-07T22:26:00+00:00,1934-04-07T22:56:00+00:00,Hamburg,101,5728,4071,4775,1934-04-07T21:50:09+00:00,1934-04-07T23:49:50+00:00,1934-04-07T22:26:00+00:00,1934-04-07T22:56:00+00:00,1800.000,1.00000000,0.02071626,1.00000000,6,6,A,127193,1.000000,A_LE30MIN,1.000000,A_LE30MIN,"Dr. Remeis-Observatory, Bamberg, Germany",Dr. Remeis-Observatory,10.8881,49.8845,1,Astrograph,,"Hamburg-Bergedorf, Germany",Hamburger Sternwarte,53.482,10.242,1,Lippert-Astrograph,,True,5893.545115,GE100KM,True,True,True,6,A,127193,84474,1.000000,A_LE30MIN,49.8845,10.8881,10.242,53.482,10.88810000,49.88450000,10.24200000,53.48200000,SWAP,NORMAL,402.491931,GE100KM,True,True,True
APPLAUSE:127195 | APPLAUSE:5728,Bamberg,208,127195,84476,109259,1934-04-07T22:57:00+00:00,1934-04-07T23:27:00+00:00,Hamburg,101,5728,4071,4775,1934-04-07T21:50:09+00:00,1934-04-07T23:49:50+00:00,1934-04-07T22:57:00+00:00,1934-04-07T23:27:00+00:00,1800.000,1.00000000,0.02054593,1.00000000,5,5,A,127194,1.000000,A_LE30MIN,1.000000,A_LE30MIN,"Dr. Remeis-Observatory, Bamberg, Germany",Dr. Remeis-Observatory,10.8881,49.8845,1,Astrograph,,"Hamburg-Bergedorf, Germany",Hamburger Sternwarte,53.482,10.242,1,Lippert-Astrograph,,True,5893.545115,GE100KM,True,True,True,5,A,127194,84475,1.000000,A_LE30MIN,49.8845,10.8881,10.242,53.482,10.88810000,49.88450000,10.24200000,53.48200000,SWAP,NORMAL,402.491931,GE100KM,True,True,True
APPLAUSE:127209 | APPLAUSE:5728,Bamberg,208,127209,84490,109273,1934-04-07T22:57:00+00:00,1934-04-07T23:27:00+00:00,Hamburg,101,5728,4071,4775,1934-04-07T21:50:09+00:00,1934-04-07T23:49:50+00:00,1934-04-07T22:57:00+00:00,1934-04-07T23:27:00+00:00,1800.000,1.00000000,0.02620535,1.00000000,5,5,A,127194,1.000000,A_LE30MIN,1.000000,A_LE30MIN,"Dr. Remeis-Observatory, Bamberg, Germany",Dr. Remeis-Observatory,10.8881,49.8845,1,Astrograph,,"Hamburg-Bergedorf, Germany",Hamburger Sternwarte,53.482,10.242,1,Lippert-Astrograph,,True,5893.545115,GE100KM,True,True,True,5,A,127194,84475,1.000000,A_LE30MIN,49.8845,10.8881,10.242,53.482,10.88810000,49.88450000,10.24200000,53.48200000,SWAP,NORMAL,402.491931,GE100KM,True,True,True
APPLAUSE:127376 | APPLAUSE:5770,Bamberg,208,127376,84657,109439,1934-06-13T23:12:00+00:00,1934-06-13T23:42:00+00:00,Hamburg,101,5770,4091,4808,1934-06-13T22:49:21+00:00,1934-06-13T23:49:11+00:00,1934-06-13T23:12:00+00:00,1934-06-13T23:42:00+00:00,1800.000,0.78074775,0.04940469,0.78074775,4,4,A,127375,1.000000,A_LE30MIN,1.000000,A_LE30MIN,"Dr. Remeis-Observatory, Bamberg, Germany",Dr. Remeis-Observatory,10.8881,49.8845,1,Astrograph,,"Hamburg-Bergedorf, Germany",Hamburger Sternwarte,53.482,10.242,1,Lippert-Astrograph,,True,5893.545115,GE100KM,True,True,True,4,A,127375,84656,1.000000,A_LE30MIN,49.8845,10.8881,10.242,53.482,10.88810000,49.88450000,10.24200000,53.48200000,SWAP,NORMAL,402.491931,GE100KM,True,True,True
APPLAUSE:127382 | APPLAUSE:5770,Bamberg,208,127382,84663,109445,1934-06-13T23:12:00+00:00,1934-06-13T23:42:00+00:00,Hamburg,101,5770,4091,4808,1934-06-13T22:49:21+00:00,1934-06-13T23:49:11+00:00,1934-06-13T23:12:00+00:00,1934-06-13T23:42:00+00:00,1800.000,1.00000000,0.08348969,1.00000000,1,1,A,127381,1.000000,A_LE30MIN,1.000000,A_LE30MIN,"Dr. Remeis-Observatory, Bamberg, Germany",Dr. Remeis-Observatory,10.8881,49.8845,1,Astrograph,,"Hamburg-Bergedorf, Germany",Hamburger Sternwarte,53.482,10.242,1,Lippert-Astrograph,,True,5893.545115,GE100KM,True,True,True,1,A,127381,84662,1.000000,A_LE30MIN,49.8845,10.8881,10.242,53.482,10.88810000,49.88450000,10.24200000,53.48200000,SWAP,NORMAL,402.491931,GE100KM,True,True,True
APPLAUSE:127881 | APPLAUSE:6420,Bamberg,208,127881,85155,109912,1935-05-03T22:05:00+00:00,1935-05-03T22:35:00+00:00,Hamburg,101,6420,4275,5022,1935-05-03T21:40:38+00:00,1935-05-03T23:40:18+00:00,1935-05-03T22:05:00+00:00,1935-05-03T22:35:00+00:00,1800.000,0.00049444,0.00002986,0.00049444,3,4,A,127882,1.000000,A_LE30MIN,1.000000,A_LE30MIN,"Dr. Remeis-Observatory, Bamberg, Germany",Dr. Remeis-Observatory,10.8881,49.8845,1,Astrograph,,"Hamburg-Bergedorf, Germany",Hamburger Sternwarte,53.482,10.242,1,Lippert-Astrograph,,True,5893.545115,GE100KM,True,True,True,3,A,127882,85156,1.000000,A_LE30MIN,49.8845,10.8881,10.242,53.482,10.88810000,49.88450000,10.24200000,53.48200000,SWAP,NORMAL,402.491931,GE100KM,True,True,True
APPLAUSE:127890 | APPLAUSE:6423,Bamberg,208,127890,85164,109921,1935-05-04T21:25:00+00:00,1935-05-04T21:55:00+00:00,Hamburg,101,6423,4278,5025,1935-05-04T21:16:15+00:00,1935-05-04T21:56:09+00:00,1935-05-04T21:25:00+00:00,1935-05-04T21:55:00+00:00,1800.000,0.09590885,0.00191763,0.09590885,4,5,A,127889,1.000000,A_LE30MIN,1.000000,A_LE30MIN,"Dr. Remeis-Observatory, Bamberg, Germany",Dr. Remeis-Observatory,10.8881,49.8845,1,Astrograph,,"Hamburg-Bergedorf, Germany",Hamburger Sternwarte,53.482,10.242,1,Lippert-Astrograph,,True,5893.545115,GE100KM,True,True,True,4,A,127889,85163,1.000000,A_LE30MIN,49.8845,10.8881,10.242,53.482,10.88810000,49.88450000,10.24200000,53.48200000,SWAP,NORMAL,402.491931,GE100KM,True,True,True
APPLAUSE:129438 | APPLAUSE:7647,Bamberg,208,129438,86708,111427,1937-10-28T21:25:00+00:00,1937-10-28T21:55:00+00:00,Hamburg,101,7647,4837,5913,1937-10-28T20:57:56+00:00,1937-10-28T21:57:46+00:00,1937-10-28T21:25:00+00:00,1937-10-28T21:55:00+00:00,1800.000,1.00000000,0.06486686,1.00000000,2,2,A,129439,1.000000,A_LE30MIN,1.000000,A_LE30MIN,"Dr. Remeis-Observatory, Bamberg, Germany",Dr. Remeis-Observatory,10.8881,49.8845,1,Astrograph,,"Hamburg-Bergedorf, Germany",Hamburger Sternwarte,53.482,10.242,1,Lippert-Astrograph,,True,5893.545115,GE100KM,True,True,True,2,A,129439,86709,1.000000,A_LE30MIN,49.8845,10.8881,10.242,53.482,10.88810000,49.88450000,10.24200000,53.48200000,SWAP,NORMAL,402.491931,GE100KM,True,True,True
APPLAUSE:134611 | APPLAUSE:15236,Bamberg,208,134611,91481,116012,1959-09-06T19:30:00+00:00,1959-09-06T20:30:00+00:00,Hamburg,101,15236,8499,11207,1959-09-06T19:39:27+00:00,1959-09-06T20:09:22+00:00,1959-09-06T19:39:27+00:00,1959-09-06T20:09:22+00:00,1795.000,0.07233054,1.00000000,1.00000000,3,3,B,15237,1.000000,A_LE30MIN,1.000000,A_LE30MIN,"Dr. Remeis-Observatory, Bamberg, Germany",Dr. Remeis-Observatory,10.8881,49.8845,1,Astrograph,,"Hamburg-Bergedorf, Germany",Hamburger Sternwarte,53.482,10.242,1,Lippert-Astrograph,,True,5893.545115,GE100KM,True,True,True,3,B,15237,8500,1.000000,A_LE30MIN,49.8845,10.8881,10.242,53.482,10.88810000,49.88450000,10.24200000,53.48200000,SWAP,NORMAL,402.491931,GE100KM,True,True,True
APPLAUSE:134612 | APPLAUSE:15236,Bamberg,208,134612,91482,116013,1959-09-06T19:30:00+00:00,1959-09-06T20:30:00+00:00,Hamburg,101,15236,8499,11207,1959-09-06T19:39:27+00:00,1959-09-06T20:09:22+00:00,1959-09-06T19:39:27+00:00,1959-09-06T20:09:22+00:00,1795.000,0.00236314,0.06215232,0.06215232,3,3,B,15237,1.000000,A_LE30MIN,1.000000,A_LE30MIN,"Dr. Remeis-Observatory, Bamberg, Germany",Dr. Remeis-Observatory,10.8881,49.8845,1,Astrograph,,"Hamburg-Bergedorf, Germany",Hamburger Sternwarte,53.482,10.242,1,Lippert-Astrograph,,True,5893.545115,GE100KM,True,True,True,3,B,15237,8500,1.000000,A_LE30MIN,49.8845,10.8881,10.242,53.482,10.88810000,49.88450000,10.24200000,53.48200000,SWAP,NORMAL,402.491931,GE100KM,True,True,True
APPLAUSE:123402 | APPLAUSE:4257,Bamberg,208,123402,80696,105630,1931-12-17T04:25:00+00:00,1931-12-17T04:54:00+00:00,Hamburg,101,4257,3305,3911,1931-12-17T04:20:51+00:00,1931-12-17T04:55:45+00:00,1931-12-17T04:25:00+00:00,1931-12-17T04:54:00+00:00,1740.000,0.42750798,0.00841337,0.42750798,3,3,A,123398,1.000000,A_LE30MIN,1.000000,A_LE30MIN,"Dr. Remeis-Observatory, Bamberg, Germany",Dr. Remeis-Observatory,10.8881,49.8845,1,Astrograph,,"Hamburg-Bergedorf, Germany",Hamburger Sternwarte,53.482,10.242,1,Lippert-Astrograph,,True,5893.545115,GE100KM,True,True,True,3,A,123398,80692,1.000000,A_LE30MIN,49.8845,10.8881,10.242,53.482,10.88810000,49.88450000,10.24200000,53.48200000,SWAP,NORMAL,402.491931,GE100KM,True,True,True
APPLAUSE:125713 | APPLAUSE:4943,Bamberg,208,125713,83007,107828,1933-04-25T21:12:00+00:00,1933-04-25T21:41:00+00:00,Hamburg,101,4943,3833,4565,1933-04-25T20:25:28+00:00,1933-04-25T23:26:58+00:00,1933-04-25T21:12:00+00:00,1933-04-25T21:41:00+00:00,1740.000,0.10107253,0.00796377,0.10107253,1,1,A,125745,1.000000,A_LE30MIN,1.000000,A_LE30MIN,"Dr. Remeis-Observatory, Bamberg, Germany",Dr. Remeis-Observatory,10.8881,49.8845,1,Astrograph,,"Hamburg-Bergedorf, Germany",Hamburger Sternwarte,53.482,10.242,1,Lippert-Astrograph,,True,5893.545115,GE100KM,True,True,True,1,A,125745,83039,1.000000,A_LE30MIN,49.8845,10.8881,10.242,53.482,10.88810000,49.88450000,10.24200000,53.48200000,SWAP,NORMAL,402.491931,GE100KM,True,True,True
APPLAUSE:125744 | APPLAUSE:4943,Bamberg,208,125744,83038,107859,1933-04-25T21:12:00+00:00,1933-04-25T21:41:00+00:00,Hamburg,101,4943,3833,4565,1933-04-25T20:25:28+00:00,1933-04-25T23:26:58+00:00,1933-04-25T21:12:00+00:00,1933-04-25T21:41:00+00:00,1740.000,0.34991177,0.02188664,0.34991177,1,1,A,125745,1.000000,A_LE30MIN,1.000000,A_LE30MIN,"Dr. Remeis-Observatory, Bamberg, Germany",Dr. Remeis-Observatory,10.8881,49.8845,1,Astrograph,,"Hamburg-Bergedorf, Germany",Hamburger Sternwarte,53.482,10.242,1,Lippert-Astrograph,,True,5893.545115,GE100KM,True,True,True,1,A,125745,83039,1.000000,A_LE30MIN,49.8845,10.8881,10.242,53.482,10.88810000,49.88450000,10.24200000,53.48200000,SWAP,NORMAL,402.491931,GE100KM,True,True,True
APPLAUSE:125745 | APPLAUSE:4943,Bamberg,208,125745,83039,107860,1933-04-25T21:42:00+00:00,1933-04-25T22:11:00+00:00,Hamburg,101,4943,3833,4565,1933-04-25T20:25:28+00:00,1933-04-25T23:26:58+00:00,1933-04-25T21:42:00+00:00,1933-04-25T22:11:00+00:00,1740.000,0.33158577,0.02080739,0.33158577,1,2,A,125744,1.000000,A_LE30MIN,1.000000,A_LE30MIN,"Dr. Remeis-Observatory, Bamberg, Germany",Dr. Remeis-Observatory,10.8881,49.8845,1,Astrograph,,"Hamburg-Bergedorf, Germany",Hamburger Sternwarte,53.482,10.242,1,Lippert-Astrograph,,True,5893.545115,GE100KM,True,True,True,1,A,125744,83038,1.000000,A_LE30MIN,49.8845,10.8881,10.242,53.482,10.88810000,49.88450000,10.24200000,53.48200000,SWAP,NORMAL,402.491931,GE100KM,True,True,True
APPLAUSE:125870 | APPLAUSE:4969,Bamberg,208,125870,83164,107985,1933-05-23T22:48:00+00:00,1933-05-23T23:17:00+00:00,Hamburg,101,4969,3850,4582,1933-05-22T23:28:41+00:00,1933-05-25T00:26:28+00:00,1933-05-23T22:48:00+00:00,1933-05-23T23:17:00+00:00,1740.000,0.51363596,0.04110868,0.51363596,3,3,A,125863,1.000000,A_LE30MIN,1.000000,A_LE30MIN,"Dr. Remeis-Observatory, Bamberg, Germany",Dr. Remeis-Observatory,10.8881,49.8845,1,Astrograph,,"Hamburg-Bergedorf, Germany",Hamburger Sternwarte,53.482,10.242,1,Lippert-Astrograph,,True,5893.545115,GE100KM,True,True,True,3,A,125863,83157,1.000000,A_LE30MIN,49.8845,10.8881,10.242,53.482,10.88810000,49.88450000,10.24200000,53.48200000,SWAP,NORMAL,402.491931,GE100KM,True,True,True
APPLAUSE:126213 | APPLAUSE:5085,Bamberg,208,126213,83507,108326,1933-09-16T22:00:00+00:00,1933-09-16T22:29:00+00:00,Hamburg,101,5085,3918,4633,1933-09-16T20:56:39+00:00,1933-09-17T23:53:13+00:00,1933-09-16T22:00:00+00:00,1933-09-16T22:29:00+00:00,1740.000,0.65272593,0.03975637,0.65272593,2,2,A,126212,1.000000,A_LE30MIN,1.000000,A_LE30MIN,"Dr. Remeis-Observatory, Bamberg, Germany",Dr. Remeis-Observatory,10.8881,49.8845,1,Astrograph,,"Hamburg-Bergedorf, Germany",Hamburger Sternwarte,53.482,10.242,1,Lippert-Astrograph,,True,5893.545115,GE100KM,True,True,True,2,A,126212,83506,1.000000,A_LE30MIN,49.8845,10.8881,10.242,53.482,10.88810000,49.88450000,10.24200000,53.48200000,SWAP,NORMAL,402.491931,GE100KM,True,True,True
APPLAUSE:126236 | APPLAUSE:5085,Bamberg,208,126236,83530,108349,1933-09-16T22:00:00+00:00,1933-09-16T22:29:00+00:00,Hamburg,101,5085,3918,4633,1933-09-16T20:56:39+00:00,1933-09-17T23:53:13+00:00,1933-09-16T22:00:00+00:00,1933-09-16T22:29:00+00:00,1740.000,0.45844297,0.03566511,0.45844297,1,1,A,126235,1.000000,A_LE30MIN,1.000000,A_LE30MIN,"Dr. Remeis-Observatory, Bamberg, Germany",Dr. Remeis-Observatory,10.8881,49.8845,1,Astrograph,,"Hamburg-Bergedorf, Germany",Hamburger Sternwarte,53.482,10.242,1,Lippert-Astrograph,,True,5893.545115,GE100KM,True,True,True,1,A,126235,83529,1.000000,A_LE30MIN,49.8845,10.8881,10.242,53.482,10.88810000,49.88450000,10.24200000,53.48200000,SWAP,NORMAL,402.491931,GE100KM,True,True,True
APPLAUSE:129742 | APPLAUSE:110957,Bamberg,208,129742,87012,111731,1938-03-20T21:31:00+00:00,1938-03-20T22:00:00+00:00,Hamburg,111,110957,64925,73041,1938-03-20T21:18:00+00:00,1938-03-20T22:34:00+00:00,1938-03-20T21:31:00+00:00,1938-03-20T22:00:00+00:00,1740.000,1.00000000,0.05261557,1.00000000,1,1,A,129747,1.000000,A_LE30MIN,1.000000,A_LE30MIN,"Dr. Remeis-Observatory, Bamberg, Germany",Dr. Remeis-Observatory,10.8881,49.8845,1,Astrograph,,"Hamburg-Bergedorf, Germany",Hamburger Sternwarte,53.482,10.242,1,Original Schmidt-Spiegel,,True,5893.545115,GE100KM,True,True,True,1,A,129747,87017,1.000000,A_LE30MIN,49.8845,10.8881,10.242,53.482,10.88810000,49.88450000,10.24200000,53.48200000,SWAP,NORMAL,402.491931,GE100KM,True,True,True
APPLAUSE:129742 | APPLAUSE:7862,Bamberg,208,129742,87012,111731,1938-03-20T21:31:00+00:00,1938-03-20T22:00:00+00:00,Hamburg,101,7862,4978,6133,1938-03-20T20:04:17+00:00,1938-03-20T22:18:55+00:00,1938-03-20T21:31:00+00:00,1938-03-20T22:00:00+00:00,1740.000,0.00104111,0.00008731,0.00104111,1,1,A,129747,1.000000,A_LE30MIN,1.000000,A_LE30MIN,"Dr. Remeis-Observatory, Bamberg, Germany",Dr. Remeis-Observatory,10.8881,49.8845,1,Astrograph,,"Hamburg-Bergedorf, Germany",Hamburger Sternwarte,53.482,10.242,1,Lippert-Astrograph,,True,5893.545115,GE100KM,True,True,True,1,A,129747,87017,1.000000,A_LE30MIN,49.8845,10.8881,10.242,53.482,10.88810000,49.88450000,10.24200000,53.48200000,SWAP,NORMAL,402.491931,GE100KM,True,True,True
APPLAUSE:129747 | APPLAUSE:110957,Bamberg,208,129747,87017,111736,1938-03-20T22:01:00+00:00,1938-03-20T22:30:00+00:00,Hamburg,111,110957,64925,73041,1938-03-20T21:18:00+00:00,1938-03-20T22:34:00+00:00,1938-03-20T22:01:00+00:00,1938-03-20T22:30:00+00:00,1740.000,1.00000000,0.03990995,1.00000000,1,2,A,129742,1.000000,A_LE30MIN,1.000000,A_LE30MIN,"Dr. Remeis-Observatory, Bamberg, Germany",Dr. Remeis-Observatory,10.8881,49.8845,1,Astrograph,,"Hamburg-Bergedorf, Germany",Hamburger Sternwarte,53.482,10.242,1,Original Schmidt-Spiegel,,True,5893.545115,GE100KM,True,True,True,1,A,129742,87012,1.000000,A_LE30MIN,49.8845,10.8881,10.242,53.482,10.88810000,49.88450000,10.24200000,53.48200000,SWAP,NORMAL,402.491931,GE100KM,True,True,True
APPLAUSE:127161 | APPLAUSE:5704,Bamberg,208,127161,84442,109228,1934-04-05T22:50:00+00:00,1934-04-05T23:20:00+00:00,Hamburg,101,5704,4061,4766,1934-04-05T22:49:03+00:00,1934-04-05T23:18:58+00:00,1934-04-05T22:50:00+00:00,1934-04-05T23:18:58+00:00,1738.000,0.83479814,0.01707557,0.83479814,1,1,A,127162,1.000000,A_LE30MIN,1.000000,A_LE30MIN,"Dr. Remeis-Observatory, Bamberg, Germany",Dr. Remeis-Observatory,10.8881,49.8845,1,Astrograph,,"Hamburg-Bergedorf, Germany",Hamburger Sternwarte,53.482,10.242,1,Lippert-Astrograph,,True,5893.545115,GE100KM,True,True,True,1,A,127162,84443,1.000000,A_LE30MIN,49.8845,10.8881,10.242,53.482,10.88810000,49.88450000,10.24200000,53.48200000,SWAP,NORMAL,402.491931,GE100KM,True,True,True
APPLAUSE:126095 | APPLAUSE:5060,Bamberg,208,126095,83389,108208,1933-08-28T00:48:00+00:00,1933-08-28T01:16:00+00:00,Hamburg,101,5060,3899,4617,1933-08-27T23:03:09+00:00,1933-08-28T01:55:41+00:00,1933-08-28T00:48:00+00:00,1933-08-28T01:16:00+00:00,1680.000,0.05824656,0.00362858,0.05824656,2,4,A,126107,1.000000,A_LE30MIN,1.000000,A_LE30MIN,"Dr. Remeis-Observatory, Bamberg, Germany",Dr. Remeis-Observatory,10.8881,49.8845,1,Astrograph,,"Hamburg-Bergedorf, Germany",Hamburger Sternwarte,53.482,10.242,1,Lippert-Astrograph,,True,5893.545115,GE100KM,True,True,True,2,A,126107,83401,1.000000,A_LE30MIN,49.8845,10.8881,10.242,53.482,10.88810000,49.88450000,10.24200000,53.48200000,SWAP,NORMAL,402.491931,GE100KM,True,True,True
APPLAUSE:127882 | APPLAUSE:6420,Bamberg,208,127882,85156,109913,1935-05-03T22:36:00+00:00,1935-05-03T23:04:00+00:00,Hamburg,101,6420,4275,5022,1935-05-03T21:40:38+00:00,1935-05-03T23:40:18+00:00,1935-05-03T22:36:00+00:00,1935-05-03T23:04:00+00:00,1680.000,0.00108263,0.00006553,0.00108263,3,5,A,127883,1.000000,A_LE30MIN,1.000000,A_LE30MIN,"Dr. Remeis-Observatory, Bamberg, Germany",Dr. Remeis-Observatory,10.8881,49.8845,1,Astrograph,,"Hamburg-Bergedorf, Germany",Hamburger Sternwarte,53.482,10.242,1,Lippert-Astrograph,,True,5893.545115,GE100KM,True,True,True,3,A,127883,85157,1.000000,A_LE30MIN,49.8845,10.8881,10.242,53.482,10.88810000,49.88450000,10.24200000,53.48200000,SWAP,NORMAL,402.491931,GE100KM,True,True,True
APPLAUSE:126104 | APPLAUSE:5060,Bamberg,208,126104,83398,108217,1933-08-27T22:59:00+00:00,1933-08-27T23:31:00+00:00,Hamburg,101,5060,3899,4617,1933-08-27T23:03:09+00:00,1933-08-28T01:55:41+00:00,1933-08-27T23:03:09+00:00,1933-08-27T23:31:00+00:00,1671.000,0.00519676,0.06617210,0.06617210,4,5,A,126103,1.000000,A_LE30MIN,1.000000,A_LE30MIN,"Dr. Remeis-Observatory, Bamberg, Germany",Dr. Remeis-Observatory,10.8881,49.8845,1,Astrograph,,"Hamburg-Bergedorf, Germany",Hamburger Sternwarte,53.482,10.242,1,Lippert-Astrograph,,True,5893.545115,GE100KM,True,True,True,4,A,126103,83397,1.000000,A_LE30MIN,49.8845,10.8881,10.242,53.482,10.88810000,49.88450000,10.24200000,53.48200000,SWAP,NORMAL,402.491931,GE100KM,True,True,True
APPLAUSE:127891 | APPLAUSE:6424,Bamberg,208,127891,85165,109922,1935-05-04T21:56:00+00:00,1935-05-04T22:26:00+00:00,Hamburg,101,6424,4279,5027,1935-05-04T22:00:38+00:00,1935-05-04T22:40:32+00:00,1935-05-04T22:00:38+00:00,1935-05-04T22:26:00+00:00,1522.000,0.00088846,0.04490355,0.04490355,6,6,A,127890,1.000000,A_LE30MIN,1.000000,A_LE30MIN,"Dr. Remeis-Observatory, Bamberg, Germany",Dr. Remeis-Observatory,10.8881,49.8845,1,Astrograph,,"Hamburg-Bergedorf, Germany",Hamburger Sternwarte,53.482,10.242,1,Lippert-Astrograph,,True,5893.545115,GE100KM,True,True,True,6,A,127890,85164,1.000000,A_LE30MIN,49.8845,10.8881,10.242,53.482,10.88810000,49.88450000,10.24200000,53.48200000,SWAP,NORMAL,402.491931,GE100KM,True,True,True
APPLAUSE:123569 | APPLAUSE:4316,Bamberg,208,123569,80863,105787,1932-02-06T22:40:00+00:00,1932-02-06T23:58:00+00:00,Hamburg,101,4316,3364,4008,1932-02-06T21:35:22+00:00,1932-02-06T23:05:08+00:00,1932-02-06T22:40:00+00:00,1932-02-06T23:05:08+00:00,1508.000,0.00075895,0.00004582,0.00075895,1,1,A,123548,1.000000,A_LE30MIN,1.000000,A_LE30MIN,"Dr. Remeis-Observatory, Bamberg, Germany",Dr. Remeis-Observatory,10.8881,49.8845,1,Astrograph,,"Hamburg-Bergedorf, Germany",Hamburger Sternwarte,53.482,10.242,1,Lippert-Astrograph,,True,5893.545115,GE100KM,True,True,True,1,A,123548,80842,1.000000,A_LE30MIN,49.8845,10.8881,10.242,53.482,10.88810000,49.88450000,10.24200000,53.48200000,SWAP,NORMAL,402.491931,GE100KM,True,True,True
APPLAUSE:125353 | APPLAUSE:110782,Bamberg,208,125353,82647,107472,1933-03-02T02:18:00+00:00,1933-03-02T02:48:00+00:00,Hamburg,111,110782,64840,72934,1933-03-02T02:24:00+00:00,1933-03-02T03:24:00+00:00,1933-03-02T02:24:00+00:00,1933-03-02T02:48:00+00:00,1440.000,0.03943124,0.75571530,0.75571530,4,5,A,125428,1.000000,A_LE30MIN,1.000000,A_LE30MIN,"Dr. Remeis-Observatory, Bamberg, Germany",Dr. Remeis-Observatory,10.8881,49.8845,1,Astrograph,,"Hamburg-Bergedorf, Germany",Hamburger Sternwarte,53.482,10.242,1,Original Schmidt-Spiegel,,True,5893.545115,GE100KM,True,True,True,4,A,125428,82722,1.000000,A_LE30MIN,49.8845,10.8881,10.242,53.482,10.88810000,49.88450000,10.24200000,53.48200000,SWAP,NORMAL,402.491931,GE100KM,True,True,True
APPLAUSE:125426 | APPLAUSE:110781,Bamberg,208,125426,82720,107545,1933-03-02T00:45:00+00:00,1933-03-02T01:15:00+00:00,Hamburg,111,110781,64839,72933,1933-03-02T00:51:00+00:00,1933-03-02T01:51:00+00:00,1933-03-02T00:51:00+00:00,1933-03-02T01:15:00+00:00,1440.000,0.02693329,0.69439817,0.69439817,6,6,A,125425,1.000000,A_LE30MIN,1.000000,A_LE30MIN,"Dr. Remeis-Observatory, Bamberg, Germany",Dr. Remeis-Observatory,10.8881,49.8845,1,Astrograph,,"Hamburg-Bergedorf, Germany",Hamburger Sternwarte,53.482,10.242,1,Original Schmidt-Spiegel,,True,5893.545115,GE100KM,True,True,True,6,A,125425,82719,1.000000,A_LE30MIN,49.8845,10.8881,10.242,53.482,10.88810000,49.88450000,10.24200000,53.48200000,SWAP,NORMAL,402.491931,GE100KM,True,True,True
APPLAUSE:125429 | APPLAUSE:110782,Bamberg,208,125429,82723,107548,1933-03-02T02:18:00+00:00,1933-03-02T02:48:00+00:00,Hamburg,111,110782,64840,72934,1933-03-02T02:24:00+00:00,1933-03-02T03:24:00+00:00,1933-03-02T02:24:00+00:00,1933-03-02T02:48:00+00:00,1440.000,0.03969233,1.00000000,1.00000000,4,5,A,125428,1.000000,A_LE30MIN,1.000000,A_LE30MIN,"Dr. Remeis-Observatory, Bamberg, Germany",Dr. Remeis-Observatory,10.8881,49.8845,1,Astrograph,,"Hamburg-Bergedorf, Germany",Hamburger Sternwarte,53.482,10.242,1,Original Schmidt-Spiegel,,True,5893.545115,GE100KM,True,True,True,4,A,125428,82722,1.000000,A_LE30MIN,49.8845,10.8881,10.242,53.482,10.88810000,49.88450000,10.24200000,53.48200000,SWAP,NORMAL,402.491931,GE100KM,True,True,True
APPLAUSE:127880 | APPLAUSE:6420,Bamberg,208,127880,85154,109911,1935-05-03T21:41:00+00:00,1935-05-03T22:04:00+00:00,Hamburg,101,6420,4275,5022,1935-05-03T21:40:38+00:00,1935-05-03T23:40:18+00:00,1935-05-03T21:41:00+00:00,1935-05-03T22:04:00+00:00,1380.000,0.00013195,0.00000796,0.00013195,4,4,A,127881,1.000000,A_LE30MIN,1.000000,A_LE30MIN,"Dr. Remeis-Observatory, Bamberg, Germany",Dr. Remeis-Observatory,10.8881,49.8845,1,Astrograph,,"Hamburg-Bergedorf, Germany",Hamburger Sternwarte,53.482,10.242,1,Lippert-Astrograph,,True,5893.545115,GE100KM,True,True,True,4,A,127881,85155,1.000000,A_LE30MIN,49.8845,10.8881,10.242,53.482,10.88810000,49.88450000,10.24200000,53.48200000,SWAP,NORMAL,402.491931,GE100KM,True,True,True
APPLAUSE:127196 | APPLAUSE:5728,Bamberg,208,127196,84477,109260,1934-04-07T23:28:00+00:00,1934-04-07T23:58:00+00:00,Hamburg,101,5728,4071,4775,1934-04-07T21:50:09+00:00,1934-04-07T23:49:50+00:00,1934-04-07T23:28:00+00:00,1934-04-07T23:49:50+00:00,1310.000,1.00000000,0.02071877,1.00000000,5,5,A,127195,1.000000,A_LE30MIN,1.000000,A_LE30MIN,"Dr. Remeis-Observatory, Bamberg, Germany",Dr. Remeis-Observatory,10.8881,49.8845,1,Astrograph,,"Hamburg-Bergedorf, Germany",Hamburger Sternwarte,53.482,10.242,1,Lippert-Astrograph,,True,5893.545115,GE100KM,True,True,True,5,A,127195,84476,1.000000,A_LE30MIN,49.8845,10.8881,10.242,53.482,10.88810000,49.88450000,10.24200000,53.48200000,SWAP,NORMAL,402.491931,GE100KM,True,True,True
APPLAUSE:127210 | APPLAUSE:5728,Bamberg,208,127210,84491,109274,1934-04-07T23:28:00+00:00,1934-04-07T23:58:00+00:00,Hamburg,101,5728,4071,4775,1934-04-07T21:50:09+00:00,1934-04-07T23:49:50+00:00,1934-04-07T23:28:00+00:00,1934-04-07T23:49:50+00:00,1310.000,1.00000000,0.02622017,1.00000000,5,5,A,127195,1.000000,A_LE30MIN,1.000000,A_LE30MIN,"Dr. Remeis-Observatory, Bamberg, Germany",Dr. Remeis-Observatory,10.8881,49.8845,1,Astrograph,,"Hamburg-Bergedorf, Germany",Hamburger Sternwarte,53.482,10.242,1,Lippert-Astrograph,,True,5893.545115,GE100KM,True,True,True,5,A,127195,84476,1.000000,A_LE30MIN,49.8845,10.8881,10.242,53.482,10.88810000,49.88450000,10.24200000,53.48200000,SWAP,NORMAL,402.491931,GE100KM,True,True,True
APPLAUSE:127375 | APPLAUSE:5770,Bamberg,208,127375,84656,109438,1934-06-13T22:41:00+00:00,1934-06-13T23:11:00+00:00,Hamburg,101,5770,4091,4808,1934-06-13T22:49:21+00:00,1934-06-13T23:49:11+00:00,1934-06-13T22:49:21+00:00,1934-06-13T23:11:00+00:00,1299.000,0.04686506,0.74171339,0.74171339,4,4,A,127376,1.000000,A_LE30MIN,1.000000,A_LE30MIN,"Dr. Remeis-Observatory, Bamberg, Germany",Dr. Remeis-Observatory,10.8881,49.8845,1,Astrograph,,"Hamburg-Bergedorf, Germany",Hamburger Sternwarte,53.482,10.242,1,Lippert-Astrograph,,True,5893.545115,GE100KM,True,True,True,4,A,127376,84657,1.000000,A_LE30MIN,49.8845,10.8881,10.242,53.482,10.88810000,49.88450000,10.24200000,53.48200000,SWAP,NORMAL,402.491931,GE100KM,True,True,True
APPLAUSE:127381 | APPLAUSE:5770,Bamberg,208,127381,84662,109444,1934-06-13T22:41:00+00:00,1934-06-13T23:11:00+00:00,Hamburg,101,5770,4091,4808,1934-06-13T22:49:21+00:00,1934-06-13T23:49:11+00:00,1934-06-13T22:49:21+00:00,1934-06-13T23:11:00+00:00,1299.000,0.08356853,1.00000000,1.00000000,1,1,A,127382,1.000000,A_LE30MIN,1.000000,A_LE30MIN,"Dr. Remeis-Observatory, Bamberg, Germany",Dr. Remeis-Observatory,10.8881,49.8845,1,Astrograph,,"Hamburg-Bergedorf, Germany",Hamburger Sternwarte,53.482,10.242,1,Lippert-Astrograph,,True,5893.545115,GE100KM,True,True,True,1,A,127382,84663,1.000000,A_LE30MIN,49.8845,10.8881,10.242,53.482,10.88810000,49.88450000,10.24200000,53.48200000,SWAP,NORMAL,402.491931,GE100KM,True,True,True
APPLAUSE:124575 | APPLAUSE:4502,Bamberg,208,124575,81869,106755,1932-08-26T20:27:00+00:00,1932-08-26T20:57:00+00:00,Hamburg,101,4502,3542,4254,1932-08-26T20:35:33+00:00,1932-08-26T23:11:07+00:00,1932-08-26T20:35:33+00:00,1932-08-26T20:57:00+00:00,1287.000,0.08202778,1.00000000,1.00000000,1,1,A,124574,1.000000,A_LE30MIN,1.000000,A_LE30MIN,"Dr. Remeis-Observatory, Bamberg, Germany",Dr. Remeis-Observatory,10.8881,49.8845,1,Astrograph,,"Hamburg-Bergedorf, Germany",Hamburger Sternwarte,53.482,10.242,1,Lippert-Astrograph,,True,5893.545115,GE100KM,True,True,True,1,A,124574,81868,1.000000,A_LE30MIN,49.8845,10.8881,10.242,53.482,10.88810000,49.88450000,10.24200000,53.48200000,SWAP,NORMAL,402.491931,GE100KM,True,True,True
APPLAUSE:125865 | APPLAUSE:4969,Bamberg,208,125865,83159,107980,1933-05-24T00:21:00+00:00,1933-05-24T00:41:00+00:00,Hamburg,101,4969,3850,4582,1933-05-22T23:28:41+00:00,1933-05-25T00:26:28+00:00,1933-05-24T00:21:00+00:00,1933-05-24T00:41:00+00:00,1200.000,0.89999038,0.05678269,0.89999038,1,1,A,125864,1.000000,A_LE30MIN,1.000000,A_LE30MIN,"Dr. Remeis-Observatory, Bamberg, Germany",Dr. Remeis-Observatory,10.8881,49.8845,1,Astrograph,,"Hamburg-Bergedorf, Germany",Hamburger Sternwarte,53.482,10.242,1,Lippert-Astrograph,,True,5893.545115,GE100KM,True,True,True,1,A,125864,83158,1.000000,A_LE30MIN,49.8845,10.8881,10.242,53.482,10.88810000,49.88450000,10.24200000,53.48200000,SWAP,NORMAL,402.491931,GE100KM,True,True,True
APPLAUSE:134001 | APPLAUSE:15153,Bamberg,208,134001,90871,115402,1959-04-02T23:35:00+00:00,1959-04-03T00:35:00+00:00,Hamburg,101,15153,8416,11049,1959-04-02T23:45:46+00:00,1959-04-03T00:05:43+00:00,1959-04-02T23:45:46+00:00,1959-04-03T00:05:43+00:00,1197.000,0.00183151,1.00000000,1.00000000,9,9,B,15154,1.000000,A_LE30MIN,1.000000,A_LE30MIN,"Dr. Remeis-Observatory, Bamberg, Germany",Dr. Remeis-Observatory,10.8881,49.8845,1,Astrograph,,"Hamburg-Bergedorf, Germany",Hamburger Sternwarte,53.482,10.242,1,Lippert-Astrograph,,True,5893.545115,GE100KM,True,True,True,9,B,15154,8417,1.000000,A_LE30MIN,49.8845,10.8881,10.242,53.482,10.88810000,49.88450000,10.24200000,53.48200000,SWAP,NORMAL,402.491931,GE100KM,True,True,True
APPLAUSE:134001 | APPLAUSE:15154,Bamberg,208,134001,90871,115402,1959-04-02T23:35:00+00:00,1959-04-03T00:35:00+00:00,Hamburg,101,15154,8417,11051,1959-04-03T00:06:43+00:00,1959-04-03T00:26:40+00:00,1959-04-03T00:06:43+00:00,1959-04-03T00:26:40+00:00,1197.000,0.00181585,1.00000000,1.00000000,8,8,B,15153,1.000000,A_LE30MIN,1.000000,A_LE30MIN,"Dr. Remeis-Observatory, Bamberg, Germany",Dr. Remeis-Observatory,10.8881,49.8845,1,Astrograph,,"Hamburg-Bergedorf, Germany",Hamburger Sternwarte,53.482,10.242,1,Lippert-Astrograph,,True,5893.545115,GE100KM,True,True,True,8,B,15153,8416,1.000000,A_LE30MIN,49.8845,10.8881,10.242,53.482,10.88810000,49.88450000,10.24200000,53.48200000,SWAP,NORMAL,402.491931,GE100KM,True,True,True
APPLAUSE:134021 | APPLAUSE:15150,Bamberg,208,134021,90891,115422,1959-04-02T22:21:00+00:00,1959-04-02T23:21:00+00:00,Hamburg,101,15150,8413,11043,1959-04-02T22:32:58+00:00,1959-04-02T22:52:55+00:00,1959-04-02T22:32:58+00:00,1959-04-02T22:52:55+00:00,1197.000,0.00186222,1.00000000,1.00000000,11,11,B,15149,1.000000,A_LE30MIN,1.000000,A_LE30MIN,"Dr. Remeis-Observatory, Bamberg, Germany",Dr. Remeis-Observatory,10.8881,49.8845,1,Astrograph,,"Hamburg-Bergedorf, Germany",Hamburger Sternwarte,53.482,10.242,1,Lippert-Astrograph,,True,5893.545115,GE100KM,True,True,True,11,B,15149,8412,1.000000,A_LE30MIN,49.8845,10.8881,10.242,53.482,10.88810000,49.88450000,10.24200000,53.48200000,SWAP,NORMAL,402.491931,GE100KM,True,True,True
APPLAUSE:134025 | APPLAUSE:15153,Bamberg,208,134025,90895,115426,1959-04-02T23:26:00+00:00,1959-04-03T00:26:00+00:00,Hamburg,101,15153,8416,11049,1959-04-02T23:45:46+00:00,1959-04-03T00:05:43+00:00,1959-04-02T23:45:46+00:00,1959-04-03T00:05:43+00:00,1197.000,0.00183561,1.00000000,1.00000000,11,11,B,15154,1.000000,A_LE30MIN,1.000000,A_LE30MIN,"Dr. Remeis-Observatory, Bamberg, Germany",Dr. Remeis-Observatory,10.8881,49.8845,1,Astrograph,,"Hamburg-Bergedorf, Germany",Hamburger Sternwarte,53.482,10.242,1,Lippert-Astrograph,,True,5893.545115,GE100KM,True,True,True,11,B,15154,8417,1.000000,A_LE30MIN,49.8845,10.8881,10.242,53.482,10.88810000,49.88450000,10.24200000,53.48200000,SWAP,NORMAL,402.491931,GE100KM,True,True,True
APPLAUSE:134611 | APPLAUSE:15237,Bamberg,208,134611,91481,116012,1959-09-06T19:30:00+00:00,1959-09-06T20:30:00+00:00,Hamburg,101,15237,8500,11208,1959-09-06T20:10:22+00:00,1959-09-06T20:50:16+00:00,1959-09-06T20:10:22+00:00,1959-09-06T20:30:00+00:00,1178.000,0.07210376,1.00000000,1.00000000,5,5,B,15236,1.000000,A_LE30MIN,1.000000,A_LE30MIN,"Dr. Remeis-Observatory, Bamberg, Germany",Dr. Remeis-Observatory,10.8881,49.8845,1,Astrograph,,"Hamburg-Bergedorf, Germany",Hamburger Sternwarte,53.482,10.242,1,Lippert-Astrograph,,True,5893.545115,GE100KM,True,True,True,5,B,15236,8499,1.000000,A_LE30MIN,49.8845,10.8881,10.242,53.482,10.88810000,49.88450000,10.24200000,53.48200000,SWAP,NORMAL,402.491931,GE100KM,True,True,True
APPLAUSE:134612 | APPLAUSE:15237,Bamberg,208,134612,91482,116013,1959-09-06T19:30:00+00:00,1959-09-06T20:30:00+00:00,Hamburg,101,15237,8500,11208,1959-09-06T20:10:22+00:00,1959-09-06T20:50:16+00:00,1959-09-06T20:10:22+00:00,1959-09-06T20:30:00+00:00,1178.000,0.00225374,0.05946265,0.05946265,5,5,B,15236,1.000000,A_LE30MIN,1.000000,A_LE30MIN,"Dr. Remeis-Observatory, Bamberg, Germany",Dr. Remeis-Observatory,10.8881,49.8845,1,Astrograph,,"Hamburg-Bergedorf, Germany",Hamburger Sternwarte,53.482,10.242,1,Lippert-Astrograph,,True,5893.545115,GE100KM,True,True,True,5,B,15236,8499,1.000000,A_LE30MIN,49.8845,10.8881,10.242,53.482,10.88810000,49.88450000,10.24200000,53.48200000,SWAP,NORMAL,402.491931,GE100KM,True,True,True
APPLAUSE:134025 | APPLAUSE:15154,Bamberg,208,134025,90895,115426,1959-04-02T23:26:00+00:00,1959-04-03T00:26:00+00:00,Hamburg,101,15154,8417,11051,1959-04-03T00:06:43+00:00,1959-04-03T00:26:40+00:00,1959-04-03T00:06:43+00:00,1959-04-03T00:26:00+00:00,1157.000,0.00181988,1.00000000,1.00000000,10,10,B,15153,1.000000,A_LE30MIN,1.000000,A_LE30MIN,"Dr. Remeis-Observatory, Bamberg, Germany",Dr. Remeis-Observatory,10.8881,49.8845,1,Astrograph,,"Hamburg-Bergedorf, Germany",Hamburger Sternwarte,53.482,10.242,1,Lippert-Astrograph,,True,5893.545115,GE100KM,True,True,True,10,B,15153,8416,1.000000,A_LE30MIN,49.8845,10.8881,10.242,53.482,10.88810000,49.88450000,10.24200000,53.48200000,SWAP,NORMAL,402.491931,GE100KM,True,True,True
APPLAUSE:122966 | APPLAUSE:4134,Bamberg,208,122966,80260,105203,1931-09-09T00:34:00+00:00,1931-09-09T01:36:00+00:00,Hamburg,101,4134,3196,3766,1931-09-09T01:17:50+00:00,1931-09-09T01:37:47+00:00,1931-09-09T01:17:50+00:00,1931-09-09T01:36:00+00:00,1090.000,0.26205896,1.00000000,1.00000000,7,7,A,122965,1.000000,A_LE30MIN,1.000000,A_LE30MIN,"Dr. Remeis-Observatory, Bamberg, Germany",Dr. Remeis-Observatory,10.8881,49.8845,1,Astrograph,,"Hamburg-Bergedorf, Germany",Hamburger Sternwarte,53.482,10.242,1,Lippert-Astrograph,,True,5893.545115,GE100KM,True,True,True,7,A,122965,80259,1.000000,A_LE30MIN,49.8845,10.8881,10.242,53.482,10.88810000,49.88450000,10.24200000,53.48200000,SWAP,NORMAL,402.491931,GE100KM,True,True,True
APPLAUSE:125335 | APPLAUSE:60117,Bamberg,208,125335,82629,107454,1933-02-28T22:21:00+00:00,1933-02-28T22:51:00+00:00,Hamburg,103,60117,18471,21425,1933-02-28T22:17:57+00:00,1933-02-28T22:37:54+00:00,1933-02-28T22:21:00+00:00,1933-02-28T22:37:54+00:00,1014.000,1.00000000,0.00671294,1.00000000,1,1,A,125412,1.000000,A_LE30MIN,1.000000,A_LE30MIN,"Dr. Remeis-Observatory, Bamberg, Germany",Dr. Remeis-Observatory,10.8881,49.8845,1,Astrograph,,"Hamburg-Bergedorf, Germany",Hamburger Sternwarte,53.482,10.242,1,1m-Spiegelteleskop,,True,5893.545115,GE100KM,True,True,True,1,A,125412,82706,1.000000,A_LE30MIN,49.8845,10.8881,10.242,53.482,10.88810000,49.88450000,10.24200000,53.48200000,SWAP,NORMAL,402.491931,GE100KM,True,True,True
APPLAUSE:125411 | APPLAUSE:60117,Bamberg,208,125411,82705,107530,1933-02-28T22:21:00+00:00,1933-02-28T22:51:00+00:00,Hamburg,103,60117,18471,21425,1933-02-28T22:17:57+00:00,1933-02-28T22:37:54+00:00,1933-02-28T22:21:00+00:00,1933-02-28T22:37:54+00:00,1014.000,1.00000000,0.00531710,1.00000000,1,1,A,125412,1.000000,A_LE30MIN,1.000000,A_LE30MIN,"Dr. Remeis-Observatory, Bamberg, Germany",Dr. Remeis-Observatory,10.8881,49.8845,1,Astrograph,,"Hamburg-Bergedorf, Germany",Hamburger Sternwarte,53.482,10.242,1,1m-Spiegelteleskop,,True,5893.545115,GE100KM,True,True,True,1,A,125412,82706,1.000000,A_LE30MIN,49.8845,10.8881,10.242,53.482,10.88810000,49.88450000,10.24200000,53.48200000,SWAP,NORMAL,402.491931,GE100KM,True,True,True
APPLAUSE:124204 | APPLAUSE:4444,Bamberg,208,124204,81498,106398,1932-06-04T23:17:00+00:00,1932-06-04T23:47:00+00:00,Hamburg,101,4444,3488,4170,1932-06-04T23:31:18+00:00,1932-06-04T23:51:15+00:00,1932-06-04T23:31:18+00:00,1932-06-04T23:47:00+00:00,942.000,0.02025247,1.00000000,1.00000000,4,4,A,124203,1.000000,A_LE30MIN,1.000000,A_LE30MIN,"Dr. Remeis-Observatory, Bamberg, Germany",Dr. Remeis-Observatory,10.8881,49.8845,1,Astrograph,,"Hamburg-Bergedorf, Germany",Hamburger Sternwarte,53.482,10.242,1,Lippert-Astrograph,,True,5893.545115,GE100KM,True,True,True,4,A,124203,81497,1.000000,A_LE30MIN,49.8845,10.8881,10.242,53.482,10.88810000,49.88450000,10.24200000,53.48200000,SWAP,NORMAL,402.491931,GE100KM,True,True,True
APPLAUSE:126107 | APPLAUSE:5060,Bamberg,208,126107,83401,108220,1933-08-28T00:32:00+00:00,1933-08-28T00:47:00+00:00,Hamburg,101,5060,3899,4617,1933-08-27T23:03:09+00:00,1933-08-28T01:55:41+00:00,1933-08-28T00:32:00+00:00,1933-08-28T00:47:00+00:00,900.000,0.06617210,0.00519676,0.06617210,4,5,A,126106,1.000000,A_LE30MIN,1.000000,A_LE30MIN,"Dr. Remeis-Observatory, Bamberg, Germany",Dr. Remeis-Observatory,10.8881,49.8845,1,Astrograph,,"Hamburg-Bergedorf, Germany",Hamburger Sternwarte,53.482,10.242,1,Lippert-Astrograph,,True,5893.545115,GE100KM,True,True,True,4,A,126106,83400,1.000000,A_LE30MIN,49.8845,10.8881,10.242,53.482,10.88810000,49.88450000,10.24200000,53.48200000,SWAP,NORMAL,402.491931,GE100KM,True,True,True
APPLAUSE:123403 | APPLAUSE:4258,Bamberg,208,123403,80697,105631,1931-12-17T04:55:00+00:00,1931-12-17T05:25:00+00:00,Hamburg,101,4258,3306,3912,1931-12-17T04:59:34+00:00,1931-12-17T05:14:31+00:00,1931-12-17T04:59:34+00:00,1931-12-17T05:14:31+00:00,897.000,0.00892159,0.44675045,0.44675045,2,2,A,123402,1.000000,A_LE30MIN,1.000000,A_LE30MIN,"Dr. Remeis-Observatory, Bamberg, Germany",Dr. Remeis-Observatory,10.8881,49.8845,1,Astrograph,,"Hamburg-Bergedorf, Germany",Hamburger Sternwarte,53.482,10.242,1,Lippert-Astrograph,,True,5893.545115,GE100KM,True,True,True,2,A,123402,80696,1.000000,A_LE30MIN,49.8845,10.8881,10.242,53.482,10.88810000,49.88450000,10.24200000,53.48200000,SWAP,NORMAL,402.491931,GE100KM,True,True,True
APPLAUSE:138841 | APPLAUSE:34506,Bamberg,208,138841,95711,120208,1963-12-23T20:05:00+00:00,1963-12-23T20:20:00+00:00,South Africa,202,34506,52252,40062,1963-12-23T20:06:00+00:00,1963-12-23T20:36:00+00:00,1963-12-23T20:06:00+00:00,1963-12-23T20:20:00+00:00,840.000,0.06163301,1.00000000,1.00000000,4,4,B,34505,1.000000,A_LE30MIN,1.000000,A_LE30MIN,"Dr. Remeis-Observatory, Bamberg, Germany",Dr. Remeis-Observatory,10.8881,49.8845,1,Astrograph,,"Boyden Observatory, Bloemfontein, South Africa",Harvard-Boyden St.,-29.0388,26.4047,1,"Metcalf 10"" (250/1240/167)",,True,5105.064989,GE100KM,True,True,True,4,B,34505,52251,1.000000,A_LE30MIN,49.8845,10.8881,26.4047,-29.0388,10.88810000,49.88450000,26.40470000,-29.03880000,SWAP,NORMAL,8908.911756,GE100KM,True,True,True
APPLAUSE:124301 | APPLAUSE:4460,Bamberg,208,124301,81595,106495,1932-07-03T23:33:00+00:00,1932-07-04T00:03:00+00:00,Hamburg,101,4460,3504,4196,1932-07-03T23:15:01+00:00,1932-07-03T23:46:56+00:00,1932-07-03T23:33:00+00:00,1932-07-03T23:46:56+00:00,836.000,0.88093090,0.05300600,0.88093090,2,3,A,124302,1.000000,A_LE30MIN,1.000000,A_LE30MIN,"Dr. Remeis-Observatory, Bamberg, Germany",Dr. Remeis-Observatory,10.8881,49.8845,1,Astrograph,,"Hamburg-Bergedorf, Germany",Hamburger Sternwarte,53.482,10.242,1,Lippert-Astrograph,,True,5893.545115,GE100KM,True,True,True,2,A,124302,81596,1.000000,A_LE30MIN,49.8845,10.8881,10.242,53.482,10.88810000,49.88450000,10.24200000,53.48200000,SWAP,NORMAL,402.491931,GE100KM,True,True,True
APPLAUSE:126438 | APPLAUSE:5223,Bamberg,208,126438,83732,108548,1933-10-23T18:03:00+00:00,1933-10-23T18:31:00+00:00,Hamburg,101,5223,3978,4673,1933-10-23T18:18:41+00:00,1933-10-23T21:58:06+00:00,1933-10-23T18:18:41+00:00,1933-10-23T18:31:00+00:00,739.000,0.04423609,0.70151344,0.70151344,2,3,A,126439,1.000000,A_LE30MIN,1.000000,A_LE30MIN,"Dr. Remeis-Observatory, Bamberg, Germany",Dr. Remeis-Observatory,10.8881,49.8845,1,Astrograph,,"Hamburg-Bergedorf, Germany",Hamburger Sternwarte,53.482,10.242,1,Lippert-Astrograph,,True,5893.545115,GE100KM,True,True,True,2,A,126439,83733,1.000000,A_LE30MIN,49.8845,10.8881,10.242,53.482,10.88810000,49.88450000,10.24200000,53.48200000,SWAP,NORMAL,402.491931,GE100KM,True,True,True
APPLAUSE:134021 | APPLAUSE:15149,Bamberg,208,134021,90891,115422,1959-04-02T22:21:00+00:00,1959-04-02T23:21:00+00:00,Hamburg,101,15149,8412,11042,1959-04-02T22:12:02+00:00,1959-04-02T22:31:58+00:00,1959-04-02T22:21:00+00:00,1959-04-02T22:31:58+00:00,658.000,1.00000000,0.00185438,1.00000000,11,11,B,15150,1.000000,A_LE30MIN,1.000000,A_LE30MIN,"Dr. Remeis-Observatory, Bamberg, Germany",Dr. Remeis-Observatory,10.8881,49.8845,1,Astrograph,,"Hamburg-Bergedorf, Germany",Hamburger Sternwarte,53.482,10.242,1,Lippert-Astrograph,,True,5893.545115,GE100KM,True,True,True,11,B,15150,8413,1.000000,A_LE30MIN,49.8845,10.8881,10.242,53.482,10.88810000,49.88450000,10.24200000,53.48200000,SWAP,NORMAL,402.491931,GE100KM,True,True,True
APPLAUSE:127007 | APPLAUSE:5479,Bamberg,208,127007,84301,109099,1934-02-14T22:29:00+00:00,1934-02-14T22:58:00+00:00,Hamburg,101,5479,4032,4732,1934-02-14T22:46:01+00:00,1934-02-14T22:56:00+00:00,1934-02-14T22:46:01+00:00,1934-02-14T22:56:00+00:00,599.000,0.02748317,1.00000000,1.00000000,3,3,A,127026,1.000000,A_LE30MIN,1.000000,A_LE30MIN,"Dr. Remeis-Observatory, Bamberg, Germany",Dr. Remeis-Observatory,10.8881,49.8845,1,Astrograph,,"Hamburg-Bergedorf, Germany",Hamburger Sternwarte,53.482,10.242,2,Lippert-Astrograph,,True,5893.545115,GE100KM,True,True,True,3,A,127026,84320,1.000000,A_LE30MIN,49.8845,10.8881,10.242,53.482,10.88810000,49.88450000,10.24200000,53.48200000,SWAP,NORMAL,402.491931,GE100KM,True,True,True
APPLAUSE:127027 | APPLAUSE:5479,Bamberg,208,127027,84321,109119,1934-02-14T22:29:00+00:00,1934-02-14T22:58:00+00:00,Hamburg,101,5479,4032,4732,1934-02-14T22:46:01+00:00,1934-02-14T22:56:00+00:00,1934-02-14T22:46:01+00:00,1934-02-14T22:56:00+00:00,599.000,0.02094628,1.00000000,1.00000000,3,3,A,127026,1.000000,A_LE30MIN,1.000000,A_LE30MIN,"Dr. Remeis-Observatory, Bamberg, Germany",Dr. Remeis-Observatory,10.8881,49.8845,1,Astrograph,,"Hamburg-Bergedorf, Germany",Hamburger Sternwarte,53.482,10.242,2,Lippert-Astrograph,,True,5893.545115,GE100KM,True,True,True,3,A,127026,84320,1.000000,A_LE30MIN,49.8845,10.8881,10.242,53.482,10.88810000,49.88450000,10.24200000,53.48200000,SWAP,NORMAL,402.491931,GE100KM,True,True,True
APPLAUSE:122455 | APPLAUSE:4008,Bamberg,208,122455,79749,104759,1931-03-20T21:12:00+00:00,1931-03-20T21:42:00+00:00,Hamburg,101,4008,3076,3630,1931-03-20T21:32:15+00:00,1931-03-20T22:41:04+00:00,1931-03-20T21:32:15+00:00,1931-03-20T21:42:00+00:00,585.000,0.05240894,0.50633933,0.50633933,1,1,A,122456,1.000000,A_LE30MIN,1.000000,A_LE30MIN,"Dr. Remeis-Observatory, Bamberg, Germany",Dr. Remeis-Observatory,10.8881,49.8845,1,Astrograph,,"Hamburg-Bergedorf, Germany",Hamburger Sternwarte,53.482,10.242,1,Lippert-Astrograph,,True,5893.545115,GE100KM,True,True,True,1,A,122456,79750,1.000000,A_LE30MIN,49.8845,10.8881,10.242,53.482,10.88810000,49.88450000,10.24200000,53.48200000,SWAP,NORMAL,402.491931,GE100KM,True,True,True
APPLAUSE:125353 | APPLAUSE:4848,Bamberg,208,125353,82647,107472,1933-03-02T02:18:00+00:00,1933-03-02T02:48:00+00:00,Hamburg,101,4848,3753,4482,1933-03-01T23:28:09+00:00,1933-03-02T02:27:39+00:00,1933-03-02T02:18:00+00:00,1933-03-02T02:27:39+00:00,579.000,0.94990657,0.07832157,0.94990657,4,4,A,125428,1.000000,A_LE30MIN,1.000000,A_LE30MIN,"Dr. Remeis-Observatory, Bamberg, Germany",Dr. Remeis-Observatory,10.8881,49.8845,1,Astrograph,,"Hamburg-Bergedorf, Germany",Hamburger Sternwarte,53.482,10.242,1,Lippert-Astrograph,,True,5893.545115,GE100KM,True,True,True,4,A,125428,82722,1.000000,A_LE30MIN,49.8845,10.8881,10.242,53.482,10.88810000,49.88450000,10.24200000,53.48200000,SWAP,NORMAL,402.491931,GE100KM,True,True,True
APPLAUSE:125429 | APPLAUSE:4848,Bamberg,208,125429,82723,107548,1933-03-02T02:18:00+00:00,1933-03-02T02:48:00+00:00,Hamburg,101,4848,3753,4482,1933-03-01T23:28:09+00:00,1933-03-02T02:27:39+00:00,1933-03-02T02:18:00+00:00,1933-03-02T02:27:39+00:00,579.000,0.88778325,0.05541821,0.88778325,4,4,A,125428,1.000000,A_LE30MIN,1.000000,A_LE30MIN,"Dr. Remeis-Observatory, Bamberg, Germany",Dr. Remeis-Observatory,10.8881,49.8845,1,Astrograph,,"Hamburg-Bergedorf, Germany",Hamburger Sternwarte,53.482,10.242,1,Lippert-Astrograph,,True,5893.545115,GE100KM,True,True,True,4,A,125428,82722,1.000000,A_LE30MIN,49.8845,10.8881,10.242,53.482,10.88810000,49.88450000,10.24200000,53.48200000,SWAP,NORMAL,402.491931,GE100KM,True,True,True
APPLAUSE:123399 | APPLAUSE:4259,Bamberg,208,123399,80693,105628,1931-12-17T05:26:00+00:00,1931-12-17T05:34:00+00:00,Hamburg,101,4259,3307,3914,1931-12-17T05:24:30+00:00,1931-12-17T05:39:27+00:00,1931-12-17T05:26:00+00:00,1931-12-17T05:34:00+00:00,480.000,1.00000000,0.02655370,1.00000000,1,1,A,123400,1.000000,A_LE30MIN,1.000000,A_LE30MIN,"Dr. Remeis-Observatory, Bamberg, Germany",Dr. Remeis-Observatory,10.8881,49.8845,1,Astrograph,,"Hamburg-Bergedorf, Germany",Hamburger Sternwarte,53.482,10.242,1,Lippert-Astrograph,,True,5893.545115,GE100KM,True,True,True,1,A,123400,80694,1.000000,A_LE30MIN,49.8845,10.8881,10.242,53.482,10.88810000,49.88450000,10.24200000,53.48200000,SWAP,NORMAL,402.491931,GE100KM,True,True,True
APPLAUSE:123521 | APPLAUSE:4312,Bamberg,208,123521,80815,105739,1932-02-06T00:47:00+00:00,1932-02-06T01:45:00+00:00,Hamburg,101,4312,3360,4002,1932-02-06T01:37:04+00:00,1932-02-06T04:36:34+00:00,1932-02-06T01:37:04+00:00,1932-02-06T01:45:00+00:00,476.000,0.01765284,0.29690781,0.29690781,2,2,A,123522,1.000000,A_LE30MIN,1.000000,A_LE30MIN,"Dr. Remeis-Observatory, Bamberg, Germany",Dr. Remeis-Observatory,10.8881,49.8845,1,Astrograph,,"Hamburg-Bergedorf, Germany",Hamburger Sternwarte,53.482,10.242,1,Lippert-Astrograph,,True,5893.545115,GE100KM,True,True,True,2,A,123522,80816,1.000000,A_LE30MIN,49.8845,10.8881,10.242,53.482,10.88810000,49.88450000,10.24200000,53.48200000,SWAP,NORMAL,402.491931,GE100KM,True,True,True
APPLAUSE:127889 | APPLAUSE:6423,Bamberg,208,127889,85163,109920,1935-05-04T20:56:00+00:00,1935-05-04T21:24:00+00:00,Hamburg,101,6423,4278,5025,1935-05-04T21:16:15+00:00,1935-05-04T21:56:09+00:00,1935-05-04T21:16:15+00:00,1935-05-04T21:24:00+00:00,465.000,0.00224945,0.11183121,0.11183121,4,5,A,127890,1.000000,A_LE30MIN,1.000000,A_LE30MIN,"Dr. Remeis-Observatory, Bamberg, Germany",Dr. Remeis-Observatory,10.8881,49.8845,1,Astrograph,,"Hamburg-Bergedorf, Germany",Hamburger Sternwarte,53.482,10.242,1,Lippert-Astrograph,,True,5893.545115,GE100KM,True,True,True,4,A,127890,85164,1.000000,A_LE30MIN,49.8845,10.8881,10.242,53.482,10.88810000,49.88450000,10.24200000,53.48200000,SWAP,NORMAL,402.491931,GE100KM,True,True,True
APPLAUSE:125847 | APPLAUSE:4969,Bamberg,208,125847,83141,107962,1933-05-22T23:03:00+00:00,1933-05-22T23:36:00+00:00,Hamburg,101,4969,3850,4582,1933-05-22T23:28:41+00:00,1933-05-25T00:26:28+00:00,1933-05-22T23:28:41+00:00,1933-05-22T23:36:00+00:00,439.000,0.03669686,0.46180052,0.46180052,2,2,A,125848,1.000000,A_LE30MIN,1.000000,A_LE30MIN,"Dr. Remeis-Observatory, Bamberg, Germany",Dr. Remeis-Observatory,10.8881,49.8845,1,Astrograph,,"Hamburg-Bergedorf, Germany",Hamburger Sternwarte,53.482,10.242,1,Lippert-Astrograph,,True,5893.545115,GE100KM,True,True,True,2,A,125848,83142,1.000000,A_LE30MIN,49.8845,10.8881,10.242,53.482,10.88810000,49.88450000,10.24200000,53.48200000,SWAP,NORMAL,402.491931,GE100KM,True,True,True
APPLAUSE:125855 | APPLAUSE:4969,Bamberg,208,125855,83149,107970,1933-05-22T23:03:00+00:00,1933-05-22T23:36:00+00:00,Hamburg,101,4969,3850,4582,1933-05-22T23:28:41+00:00,1933-05-25T00:26:28+00:00,1933-05-22T23:28:41+00:00,1933-05-22T23:36:00+00:00,439.000,0.03986862,0.63325669,0.63325669,2,2,A,125848,1.000000,A_LE30MIN,1.000000,A_LE30MIN,"Dr. Remeis-Observatory, Bamberg, Germany",Dr. Remeis-Observatory,10.8881,49.8845,1,Astrograph,,"Hamburg-Bergedorf, Germany",Hamburger Sternwarte,53.482,10.242,1,Lippert-Astrograph,,True,5893.545115,GE100KM,True,True,True,2,A,125848,83142,1.000000,A_LE30MIN,49.8845,10.8881,10.242,53.482,10.88810000,49.88450000,10.24200000,53.48200000,SWAP,NORMAL,402.491931,GE100KM,True,True,True
APPLAUSE:127028 | APPLAUSE:5480,Bamberg,208,127028,84322,109120,1934-02-14T22:59:00+00:00,1934-02-14T23:29:00+00:00,Hamburg,101,5480,4032,4732,1934-02-14T22:56:14+00:00,1934-02-14T23:06:10+00:00,1934-02-14T22:59:00+00:00,1934-02-14T23:06:10+00:00,430.000,1.00000000,0.02105122,1.00000000,4,4,A,127007,1.000000,A_LE30MIN,1.000000,A_LE30MIN,"Dr. Remeis-Observatory, Bamberg, Germany",Dr. Remeis-Observatory,10.8881,49.8845,1,Astrograph,,"Hamburg-Bergedorf, Germany",Hamburger Sternwarte,53.482,10.242,2,Lippert-Astrograph,,True,5893.545115,GE100KM,True,True,True,4,A,127007,84301,1.000000,A_LE30MIN,49.8845,10.8881,10.242,53.482,10.88810000,49.88450000,10.24200000,53.48200000,SWAP,NORMAL,402.491931,GE100KM,True,True,True
APPLAUSE:123513 | APPLAUSE:4308,Bamberg,208,123513,80807,105731,1932-02-05T17:49:00+00:00,1932-02-05T18:50:00+00:00,Hamburg,101,4308,3356,3999,1932-02-05T18:43:31+00:00,1932-02-05T21:43:03+00:00,1932-02-05T18:43:31+00:00,1932-02-05T18:50:00+00:00,389.000,0.03319145,0.54528054,0.54528054,1,1,A,123514,1.000000,A_LE30MIN,1.000000,A_LE30MIN,"Dr. Remeis-Observatory, Bamberg, Germany",Dr. Remeis-Observatory,10.8881,49.8845,1,Astrograph,,"Hamburg-Bergedorf, Germany",Hamburger Sternwarte,53.482,10.242,1,Lippert-Astrograph,,True,5893.545115,GE100KM,True,True,True,1,A,123514,80808,1.000000,A_LE30MIN,49.8845,10.8881,10.242,53.482,10.88810000,49.88450000,10.24200000,53.48200000,SWAP,NORMAL,402.491931,GE100KM,True,True,True
APPLAUSE:127377 | APPLAUSE:5770,Bamberg,208,127377,84658,109440,1934-06-13T23:43:00+00:00,1934-06-14T00:13:00+00:00,Hamburg,101,5770,4091,4808,1934-06-13T22:49:21+00:00,1934-06-13T23:49:11+00:00,1934-06-13T23:43:00+00:00,1934-06-13T23:49:11+00:00,371.000,0.72709980,0.04574924,0.72709980,4,4,A,127376,1.000000,A_LE30MIN,1.000000,A_LE30MIN,"Dr. Remeis-Observatory, Bamberg, Germany",Dr. Remeis-Observatory,10.8881,49.8845,1,Astrograph,,"Hamburg-Bergedorf, Germany",Hamburger Sternwarte,53.482,10.242,1,Lippert-Astrograph,,True,5893.545115,GE100KM,True,True,True,4,A,127376,84657,1.000000,A_LE30MIN,49.8845,10.8881,10.242,53.482,10.88810000,49.88450000,10.24200000,53.48200000,SWAP,NORMAL,402.491931,GE100KM,True,True,True
APPLAUSE:127122 | APPLAUSE:5512,Bamberg,208,127122,84403,109189,1934-03-20T00:13:00+00:00,1934-03-20T00:41:00+00:00,Hamburg,101,5512,4045,4749,1934-03-20T00:35:12+00:00,1934-03-20T01:05:07+00:00,1934-03-20T00:35:12+00:00,1934-03-20T00:41:00+00:00,348.000,0.00951170,0.47272651,0.47272651,3,3,A,127110,1.000000,A_LE30MIN,1.000000,A_LE30MIN,"Dr. Remeis-Observatory, Bamberg, Germany",Dr. Remeis-Observatory,10.8881,49.8845,1,Astrograph,,"Hamburg-Bergedorf, Germany",Hamburger Sternwarte,53.482,10.242,1,Lippert-Astrograph,,True,5893.545115,GE100KM,True,True,True,3,A,127110,84391,1.000000,A_LE30MIN,49.8845,10.8881,10.242,53.482,10.88810000,49.88450000,10.24200000,53.48200000,SWAP,NORMAL,402.491931,GE100KM,True,True,True
APPLAUSE:123400 | APPLAUSE:4259,Bamberg,208,123400,80694,105629,1931-12-17T05:35:00+00:00,1931-12-17T05:40:00+00:00,Hamburg,101,4259,3307,3914,1931-12-17T05:24:30+00:00,1931-12-17T05:39:27+00:00,1931-12-17T05:35:00+00:00,1931-12-17T05:39:27+00:00,267.000,1.00000000,0.02645940,1.00000000,1,1,A,123399,1.000000,A_LE30MIN,1.000000,A_LE30MIN,"Dr. Remeis-Observatory, Bamberg, Germany",Dr. Remeis-Observatory,10.8881,49.8845,1,Astrograph,,"Hamburg-Bergedorf, Germany",Hamburger Sternwarte,53.482,10.242,1,Lippert-Astrograph,,True,5893.545115,GE100KM,True,True,True,1,A,123399,80693,1.000000,A_LE30MIN,49.8845,10.8881,10.242,53.482,10.88810000,49.88450000,10.24200000,53.48200000,SWAP,NORMAL,402.491931,GE100KM,True,True,True
APPLAUSE:125428 | APPLAUSE:110781,Bamberg,208,125428,82722,107547,1933-03-02T01:47:00+00:00,1933-03-02T02:17:00+00:00,Hamburg,111,110781,64839,72933,1933-03-02T00:51:00+00:00,1933-03-02T01:51:00+00:00,1933-03-02T01:47:00+00:00,1933-03-02T01:51:00+00:00,240.000,0.60173979,0.02382263,0.60173979,7,7,A,125353,1.000000,A_LE30MIN,1.000000,A_LE30MIN,"Dr. Remeis-Observatory, Bamberg, Germany",Dr. Remeis-Observatory,10.8881,49.8845,1,Astrograph,,"Hamburg-Bergedorf, Germany",Hamburger Sternwarte,53.482,10.242,1,Original Schmidt-Spiegel,,True,5893.545115,GE100KM,True,True,True,7,A,125353,82647,1.000000,A_LE30MIN,49.8845,10.8881,10.242,53.482,10.88810000,49.88450000,10.24200000,53.48200000,SWAP,NORMAL,402.491931,GE100KM,True,True,True
APPLAUSE:138843 | APPLAUSE:34506,Bamberg,208,138843,95713,120209,1963-12-23T20:32:00+00:00,1963-12-23T20:47:00+00:00,South Africa,202,34506,52252,40062,1963-12-23T20:06:00+00:00,1963-12-23T20:36:00+00:00,1963-12-23T20:32:00+00:00,1963-12-23T20:36:00+00:00,240.000,1.00000000,0.06230789,1.00000000,4,4,B,34505,1.000000,A_LE30MIN,1.000000,A_LE30MIN,"Dr. Remeis-Observatory, Bamberg, Germany",Dr. Remeis-Observatory,10.8881,49.8845,1,Astrograph,,"Boyden Observatory, Bloemfontein, South Africa",Harvard-Boyden St.,-29.0388,26.4047,1,"Metcalf 10"" (250/1240/167)",,True,5105.064989,GE100KM,True,True,True,4,B,34505,52251,1.000000,A_LE30MIN,49.8845,10.8881,26.4047,-29.0388,10.88810000,49.88450000,26.40470000,-29.03880000,SWAP,NORMAL,8908.911756,GE100KM,True,True,True
APPLAUSE:127192 | APPLAUSE:5728,Bamberg,208,127192,84473,109256,1934-04-07T21:24:00+00:00,1934-04-07T21:54:00+00:00,Hamburg,101,5728,4071,4775,1934-04-07T21:50:09+00:00,1934-04-07T23:49:50+00:00,1934-04-07T21:50:09+00:00,1934-04-07T21:54:00+00:00,231.000,0.02055047,1.00000000,1.00000000,10,10,A,127191,1.000000,A_LE30MIN,1.000000,A_LE30MIN,"Dr. Remeis-Observatory, Bamberg, Germany",Dr. Remeis-Observatory,10.8881,49.8845,1,Astrograph,,"Hamburg-Bergedorf, Germany",Hamburger Sternwarte,53.482,10.242,1,Lippert-Astrograph,,True,5893.545115,GE100KM,True,True,True,10,A,127191,84472,1.000000,A_LE30MIN,49.8845,10.8881,10.242,53.482,10.88810000,49.88450000,10.24200000,53.48200000,SWAP,NORMAL,402.491931,GE100KM,True,True,True
APPLAUSE:123395 | APPLAUSE:4256,Bamberg,208,123395,80689,105624,1931-12-17T03:22:00+00:00,1931-12-17T03:52:00+00:00,Hamburg,101,4256,3304,3909,1931-12-17T03:48:16+00:00,1931-12-17T04:03:14+00:00,1931-12-17T03:48:16+00:00,1931-12-17T03:52:00+00:00,224.000,0.01358449,0.50948040,0.50948040,4,4,A,123394,1.000000,A_LE30MIN,1.000000,A_LE30MIN,"Dr. Remeis-Observatory, Bamberg, Germany",Dr. Remeis-Observatory,10.8881,49.8845,1,Astrograph,,"Hamburg-Bergedorf, Germany",Hamburger Sternwarte,53.482,10.242,1,Lippert-Astrograph,,True,5893.545115,GE100KM,True,True,True,4,A,123394,80688,1.000000,A_LE30MIN,49.8845,10.8881,10.242,53.482,10.88810000,49.88450000,10.24200000,53.48200000,SWAP,NORMAL,402.491931,GE100KM,True,True,True
APPLAUSE:126100 | APPLAUSE:5053,Bamberg,208,126100,83394,108213,1933-08-27T21:00:00+00:00,1933-08-27T21:30:00+00:00,Hamburg,101,5053,3895,4615,1933-08-27T21:26:35+00:00,1933-08-27T21:29:35+00:00,1933-08-27T21:26:35+00:00,1933-08-27T21:29:35+00:00,180.000,0.00818740,0.31640175,0.31640175,3,3,A,126089,1.000000,A_LE30MIN,1.000000,A_LE30MIN,"Dr. Remeis-Observatory, Bamberg, Germany",Dr. Remeis-Observatory,10.8881,49.8845,1,Astrograph,,"Hamburg-Bergedorf, Germany",Hamburger Sternwarte,53.482,10.242,1,Lippert-Astrograph,,True,5893.545115,GE100KM,True,True,True,3,A,126089,83383,1.000000,A_LE30MIN,49.8845,10.8881,10.242,53.482,10.88810000,49.88450000,10.24200000,53.48200000,SWAP,NORMAL,402.491931,GE100KM,True,True,True
APPLAUSE:127884 | APPLAUSE:6420,Bamberg,208,127884,85158,109915,1935-05-03T23:38:00+00:00,1935-05-04T00:08:00+00:00,Hamburg,101,6420,4275,5022,1935-05-03T21:40:38+00:00,1935-05-03T23:40:18+00:00,1935-05-03T23:38:00+00:00,1935-05-03T23:40:18+00:00,138.000,0.00084038,0.00005071,0.00084038,4,5,A,127883,1.000000,A_LE30MIN,1.000000,A_LE30MIN,"Dr. Remeis-Observatory, Bamberg, Germany",Dr. Remeis-Observatory,10.8881,49.8845,1,Astrograph,,"Hamburg-Bergedorf, Germany",Hamburger Sternwarte,53.482,10.242,1,Lippert-Astrograph,,True,5893.545115,GE100KM,True,True,True,4,A,127883,85157,1.000000,A_LE30MIN,49.8845,10.8881,10.242,53.482,10.88810000,49.88450000,10.24200000,53.48200000,SWAP,NORMAL,402.491931,GE100KM,True,True,True
APPLAUSE:127007 | APPLAUSE:5480,Bamberg,208,127007,84301,109099,1934-02-14T22:29:00+00:00,1934-02-14T22:58:00+00:00,Hamburg,101,5480,4032,4732,1934-02-14T22:56:14+00:00,1934-02-14T23:06:10+00:00,1934-02-14T22:56:14+00:00,1934-02-14T22:58:00+00:00,106.000,0.02748317,1.00000000,1.00000000,3,3,A,127026,1.000000,A_LE30MIN,1.000000,A_LE30MIN,"Dr. Remeis-Observatory, Bamberg, Germany",Dr. Remeis-Observatory,10.8881,49.8845,1,Astrograph,,"Hamburg-Bergedorf, Germany",Hamburger Sternwarte,53.482,10.242,2,Lippert-Astrograph,,True,5893.545115,GE100KM,True,True,True,3,A,127026,84320,1.000000,A_LE30MIN,49.8845,10.8881,10.242,53.482,10.88810000,49.88450000,10.24200000,53.48200000,SWAP,NORMAL,402.491931,GE100KM,True,True,True
APPLAUSE:127027 | APPLAUSE:5480,Bamberg,208,127027,84321,109119,1934-02-14T22:29:00+00:00,1934-02-14T22:58:00+00:00,Hamburg,101,5480,4032,4732,1934-02-14T22:56:14+00:00,1934-02-14T23:06:10+00:00,1934-02-14T22:56:14+00:00,1934-02-14T22:58:00+00:00,106.000,0.02094628,1.00000000,1.00000000,3,3,A,127026,1.000000,A_LE30MIN,1.000000,A_LE30MIN,"Dr. Remeis-Observatory, Bamberg, Germany",Dr. Remeis-Observatory,10.8881,49.8845,1,Astrograph,,"Hamburg-Bergedorf, Germany",Hamburger Sternwarte,53.482,10.242,2,Lippert-Astrograph,,True,5893.545115,GE100KM,True,True,True,3,A,127026,84320,1.000000,A_LE30MIN,49.8845,10.8881,10.242,53.482,10.88810000,49.88450000,10.24200000,53.48200000,SWAP,NORMAL,402.491931,GE100KM,True,True,True
APPLAUSE:129439 | APPLAUSE:7647,Bamberg,208,129439,86709,111428,1937-10-28T21:56:00+00:00,1937-10-28T22:26:00+00:00,Hamburg,101,7647,4837,5913,1937-10-28T20:57:56+00:00,1937-10-28T21:57:46+00:00,1937-10-28T21:56:00+00:00,1937-10-28T21:57:46+00:00,106.000,1.00000000,0.06451822,1.00000000,2,2,A,129438,1.000000,A_LE30MIN,1.000000,A_LE30MIN,"Dr. Remeis-Observatory, Bamberg, Germany",Dr. Remeis-Observatory,10.8881,49.8845,1,Astrograph,,"Hamburg-Bergedorf, Germany",Hamburger Sternwarte,53.482,10.242,1,Lippert-Astrograph,,True,5893.545115,GE100KM,True,True,True,2,A,129438,86708,1.000000,A_LE30MIN,49.8845,10.8881,10.242,53.482,10.88810000,49.88450000,10.24200000,53.48200000,SWAP,NORMAL,402.491931,GE100KM,True,True,True
APPLAUSE:125522 | APPLAUSE:4908,Bamberg,208,125522,82816,107637,1933-03-27T00:57:00+00:00,1933-03-27T01:27:00+00:00,Hamburg,101,4908,3801,4538,1933-03-27T00:58:30+00:00,1933-03-27T00:59:30+00:00,1933-03-27T00:58:30+00:00,1933-03-27T00:59:30+00:00,60.000,0.02625183,1.00000000,1.00000000,1,1,A,125523,1.000000,A_LE30MIN,1.000000,A_LE30MIN,"Dr. Remeis-Observatory, Bamberg, Germany",Dr. Remeis-Observatory,10.8881,49.8845,1,Astrograph,,"Hamburg-Bergedorf, Germany",Hamburger Sternwarte,53.482,10.242,4,Lippert-Astrograph,,True,5893.545115,GE100KM,True,True,True,1,A,125523,82817,1.000000,A_LE30MIN,49.8845,10.8881,10.242,53.482,10.88810000,49.88450000,10.24200000,53.48200000,SWAP,NORMAL,402.491931,GE100KM,True,True,True
APPLAUSE:123403 | APPLAUSE:4257,Bamberg,208,123403,80697,105631,1931-12-17T04:55:00+00:00,1931-12-17T05:25:00+00:00,Hamburg,101,4257,3305,3911,1931-12-17T04:20:51+00:00,1931-12-17T04:55:45+00:00,1931-12-17T04:55:00+00:00,1931-12-17T04:55:45+00:00,45.000,0.44803230,0.00884690,0.44803230,2,2,A,123402,1.000000,A_LE30MIN,1.000000,A_LE30MIN,"Dr. Remeis-Observatory, Bamberg, Germany",Dr. Remeis-Observatory,10.8881,49.8845,1,Astrograph,,"Hamburg-Bergedorf, Germany",Hamburger Sternwarte,53.482,10.242,1,Lippert-Astrograph,,True,5893.545115,GE100KM,True,True,True,2,A,123402,80696,1.000000,A_LE30MIN,49.8845,10.8881,10.242,53.482,10.88810000,49.88450000,10.24200000,53.48200000,SWAP,NORMAL,402.491931,GE100KM,True,True,True
APPLAUSE:127020 | APPLAUSE:5473,Bamberg,208,127020,84314,109112,1934-02-14T18:32:00+00:00,1934-02-14T19:04:00+00:00,Hamburg,101,5473,4030,4729,1934-02-14T19:03:37+00:00,1934-02-14T21:03:18+00:00,1934-02-14T19:03:37+00:00,1934-02-14T19:04:00+00:00,23.000,0.02087548,1.00000000,1.00000000,1,1,A,127019,1.000000,A_LE30MIN,1.000000,A_LE30MIN,"Dr. Remeis-Observatory, Bamberg, Germany",Dr. Remeis-Observatory,10.8881,49.8845,1,Astrograph,,"Hamburg-Bergedorf, Germany",Hamburger Sternwarte,53.482,10.242,1,Lippert-Astrograph,,True,5893.545115,GE100KM,True,True,True,1,A,127019,84313,1.000000,A_LE30MIN,49.8845,10.8881,10.242,53.482,10.88810000,49.88450000,10.24200000,53.48200000,SWAP,NORMAL,402.491931,GE100KM,True,True,True
APPLAUSE:127891 | APPLAUSE:6423,Bamberg,208,127891,85165,109922,1935-05-04T21:56:00+00:00,1935-05-04T22:26:00+00:00,Hamburg,101,6423,4278,5025,1935-05-04T21:16:15+00:00,1935-05-04T21:56:09+00:00,1935-05-04T21:56:00+00:00,1935-05-04T21:56:09+00:00,9.000,0.04426434,0.00087847,0.04426434,5,5,A,127890,1.000000,A_LE30MIN,1.000000,A_LE30MIN,"Dr. Remeis-Observatory, Bamberg, Germany",Dr. Remeis-Observatory,10.8881,49.8845,1,Astrograph,,"Hamburg-Bergedorf, Germany",Hamburger Sternwarte,53.482,10.242,1,Lippert-Astrograph,,True,5893.545115,GE100KM,True,True,True,5,A,127890,85164,1.000000,A_LE30MIN,49.8845,10.8881,10.242,53.482,10.88810000,49.88450000,10.24200000,53.48200000,SWAP,NORMAL,402.491931,GE100KM,True,True,True
APPLAUSE:134429 | APPLAUSE:15189,Bamberg,208,134429,91299,115830,1959-08-29T19:42:00+00:00,1959-08-29T20:42:00+00:00,Hamburg,101,15189,8452,11121,1959-08-29T19:59:56+00:00,1959-08-29T20:39:50+00:00,1959-08-29T19:59:56+00:00,1959-08-29T20:39:50+00:00,2394.000,0.03915231,1.00000000,1.00000000,4,4,B,15190,1.983333,A_LE30MIN,1.983333,A_LE30MIN,"Dr. Remeis-Observatory, Bamberg, Germany",Dr. Remeis-Observatory,10.8881,49.8845,1,Astrograph,,"Hamburg-Bergedorf, Germany",Hamburger Sternwarte,53.482,10.242,1,Lippert-Astrograph,,True,5893.545115,GE100KM,True,True,True,4,B,15190,8453,1.983333,A_LE30MIN,49.8845,10.8881,10.242,53.482,10.88810000,49.88450000,10.24200000,53.48200000,SWAP,NORMAL,402.491931,GE100KM,True,True,True
APPLAUSE:134114 | APPLAUSE:15164,Bamberg,208,134114,90984,115515,1959-04-13T23:26:00+00:00,1959-04-14T00:26:00+00:00,Hamburg,101,15164,8427,11071,1959-04-13T23:47:24+00:00,1959-04-14T00:07:21+00:00,1959-04-13T23:47:24+00:00,1959-04-14T00:07:21+00:00,1197.000,0.00194251,1.00000000,1.00000000,6,6,B,15165,1.983333,A_LE30MIN,1.983333,A_LE30MIN,"Dr. Remeis-Observatory, Bamberg, Germany",Dr. Remeis-Observatory,10.8881,49.8845,1,Astrograph,,"Hamburg-Bergedorf, Germany",Hamburger Sternwarte,53.482,10.242,1,Lippert-Astrograph,,True,5893.545115,GE100KM,True,True,True,6,B,15165,8428,1.983333,A_LE30MIN,49.8845,10.8881,10.242,53.482,10.88810000,49.88450000,10.24200000,53.48200000,SWAP,NORMAL,402.491931,GE100KM,True,True,True
APPLAUSE:134025 | APPLAUSE:15152,Bamberg,208,134025,90895,115426,1959-04-02T23:26:00+00:00,1959-04-03T00:26:00+00:00,Hamburg,101,15152,8415,11048,1959-04-02T23:23:50+00:00,1959-04-02T23:43:47+00:00,1959-04-02T23:26:00+00:00,1959-04-02T23:43:47+00:00,1067.000,1.00000000,0.00185811,1.00000000,12,12,B,15153,1.983333,A_LE30MIN,1.983333,A_LE30MIN,"Dr. Remeis-Observatory, Bamberg, Germany",Dr. Remeis-Observatory,10.8881,49.8845,1,Astrograph,,"Hamburg-Bergedorf, Germany",Hamburger Sternwarte,53.482,10.242,1,Lippert-Astrograph,,True,5893.545115,GE100KM,True,True,True,12,B,15153,8416,1.983333,A_LE30MIN,49.8845,10.8881,10.242,53.482,10.88810000,49.88450000,10.24200000,53.48200000,SWAP,NORMAL,402.491931,GE100KM,True,True,True
APPLAUSE:134114 | APPLAUSE:15165,Bamberg,208,134114,90984,115515,1959-04-13T23:26:00+00:00,1959-04-14T00:26:00+00:00,Hamburg,101,15165,8428,11073,1959-04-14T00:09:20+00:00,1959-04-14T00:29:17+00:00,1959-04-14T00:09:20+00:00,1959-04-14T00:26:00+00:00,1000.000,0.00194138,1.00000000,1.00000000,6,6,B,15164,1.983333,A_LE30MIN,1.983333,A_LE30MIN,"Dr. Remeis-Observatory, Bamberg, Germany",Dr. Remeis-Observatory,10.8881,49.8845,1,Astrograph,,"Hamburg-Bergedorf, Germany",Hamburger Sternwarte,53.482,10.242,1,Lippert-Astrograph,,True,5893.545115,GE100KM,True,True,True,6,B,15164,8427,1.983333,A_LE30MIN,49.8845,10.8881,10.242,53.482,10.88810000,49.88450000,10.24200000,53.48200000,SWAP,NORMAL,402.491931,GE100KM,True,True,True
APPLAUSE:134001 | APPLAUSE:15152,Bamberg,208,134001,90871,115402,1959-04-02T23:35:00+00:00,1959-04-03T00:35:00+00:00,Hamburg,101,15152,8415,11048,1959-04-02T23:23:50+00:00,1959-04-02T23:43:47+00:00,1959-04-02T23:35:00+00:00,1959-04-02T23:43:47+00:00,527.000,1.00000000,0.00185408,1.00000000,10,10,B,15153,1.983333,A_LE30MIN,1.983333,A_LE30MIN,"Dr. Remeis-Observatory, Bamberg, Germany",Dr. Remeis-Observatory,10.8881,49.8845,1,Astrograph,,"Hamburg-Bergedorf, Germany",Hamburger Sternwarte,53.482,10.242,1,Lippert-Astrograph,,True,5893.545115,GE100KM,True,True,True,10,B,15153,8416,1.983333,A_LE30MIN,49.8845,10.8881,10.242,53.482,10.88810000,49.88450000,10.24200000,53.48200000,SWAP,NORMAL,402.491931,GE100KM,True,True,True
APPLAUSE:134429 | APPLAUSE:15190,Bamberg,208,134429,91299,115830,1959-08-29T19:42:00+00:00,1959-08-29T20:42:00+00:00,Hamburg,101,15190,8453,11122,1959-08-29T20:41:49+00:00,1959-08-29T21:04:46+00:00,1959-08-29T20:41:49+00:00,1959-08-29T20:42:00+00:00,11.000,0.03889554,1.00000000,1.00000000,4,4,B,15189,1.983333,A_LE30MIN,1.983333,A_LE30MIN,"Dr. Remeis-Observatory, Bamberg, Germany",Dr. Remeis-Observatory,10.8881,49.8845,1,Astrograph,,"Hamburg-Bergedorf, Germany",Hamburger Sternwarte,53.482,10.242,1,Lippert-Astrograph,,True,5893.545115,GE100KM,True,True,True,4,B,15189,8452,1.983333,A_LE30MIN,49.8845,10.8881,10.242,53.482,10.88810000,49.88450000,10.24200000,53.48200000,SWAP,NORMAL,402.491931,GE100KM,True,True,True
APPLAUSE:131342 | APPLAUSE:11147,Bamberg,208,131342,88424,113036,1950-08-10T21:18:00+00:00,1950-08-10T22:03:00+00:00,Hamburg,101,11147,6724,8743,1950-08-10T21:18:56+00:00,1950-08-10T21:58:49+00:00,1950-08-10T21:18:56+00:00,1950-08-10T21:58:49+00:00,2393.000,0.21299526,0.26212056,0.26212056,4,4,A,131343,2.000000,A_LE30MIN,2.000000,A_LE30MIN,"Dr. Remeis-Observatory, Bamberg, Germany",Dr. Remeis-Observatory,10.8881,49.8845,1,Astrograph,,"Hamburg-Bergedorf, Germany",Hamburger Sternwarte,53.482,10.242,1,Lippert-Astrograph,,True,5893.545115,GE100KM,True,True,True,4,A,131343,88425,2.000000,A_LE30MIN,49.8845,10.8881,10.242,53.482,10.88810000,49.88450000,10.24200000,53.48200000,SWAP,NORMAL,402.491931,GE100KM,True,True,True
APPLAUSE:139453 | APPLAUSE:13889,Castel Gandolfo,501,139453,96323,120808,1953-08-14T20:35:00+00:00,1953-08-14T21:20:00+00:00,Hamburg,101,13889,7547,9735,1953-08-14T20:47:10+00:00,1953-08-14T21:27:03+00:00,1953-08-14T20:47:10+00:00,1953-08-14T21:20:00+00:00,1970.000,0.02189816,0.00681761,0.02189816,3,3,A,139452,2.000000,A_LE30MIN,2.000000,A_LE30MIN,"Castel Gandolfo, Italy",Vatican Observatory,41.7472,12.6505,1,Zeiss Double Astrograph,,"Hamburg-Bergedorf, Germany",Hamburger Sternwarte,53.482,10.242,1,Lippert-Astrograph,,True,1317.081595,GE100KM,True,True,True,3,A,139452,96322,2.000000,A_LE30MIN,12.6505,41.7472,10.242,53.482,12.65050000,41.74720000,10.24200000,53.48200000,NORMAL,NORMAL,1317.081595,GE100KM,True,True,True
APPLAUSE:139446 | APPLAUSE:13884,Castel Gandolfo,501,139446,96316,120801,1953-08-13T21:18:00+00:00,1953-08-13T22:03:00+00:00,Hamburg,101,13884,7544,9731,1953-08-13T21:30:59+00:00,1953-08-13T22:10:53+00:00,1953-08-13T21:30:59+00:00,1953-08-13T22:03:00+00:00,1921.000,0.42231398,0.13345862,0.42231398,3,3,A,139447,2.000000,A_LE30MIN,2.000000,A_LE30MIN,"Castel Gandolfo, Italy",Vatican Observatory,41.7472,12.6505,1,Zeiss Double Astrograph,,"Hamburg-Bergedorf, Germany",Hamburger Sternwarte,53.482,10.242,1,Lippert-Astrograph,,True,1317.081595,GE100KM,True,True,True,3,A,139447,96317,2.000000,A_LE30MIN,12.6505,41.7472,10.242,53.482,12.65050000,41.74720000,10.24200000,53.48200000,NORMAL,NORMAL,1317.081595,GE100KM,True,True,True
APPLAUSE:139431 | APPLAUSE:13877,Castel Gandolfo,501,139431,96301,120786,1953-08-11T21:54:00+00:00,1953-08-11T22:39:00+00:00,Hamburg,101,13877,7537,9719,1953-08-11T22:07:46+00:00,1953-08-11T22:47:40+00:00,1953-08-11T22:07:46+00:00,1953-08-11T22:39:00+00:00,1874.000,0.71060374,0.22132416,0.71060374,5,5,A,139430,2.000000,A_LE30MIN,2.000000,A_LE30MIN,"Castel Gandolfo, Italy",Vatican Observatory,41.7472,12.6505,1,Zeiss Double Astrograph,,"Hamburg-Bergedorf, Germany",Hamburger Sternwarte,53.482,10.242,1,Lippert-Astrograph,,True,1317.081595,GE100KM,True,True,True,5,A,139430,96300,2.000000,A_LE30MIN,12.6505,41.7472,10.242,53.482,12.65050000,41.74720000,10.24200000,53.48200000,NORMAL,NORMAL,1317.081595,GE100KM,True,True,True
APPLAUSE:132462 | APPLAUSE:139447,Bamberg,208,132462,89388,113925,1953-08-13T22:19:00+00:00,1953-08-13T23:13:00+00:00,Castel Gandolfo,501,139447,96317,120802,1953-08-13T22:05:00+00:00,1953-08-13T22:50:00+00:00,1953-08-13T22:19:00+00:00,1953-08-13T22:50:00+00:00,1860.000,0.06337964,0.00124826,0.06337964,1,1,B,139446,2.000000,A_LE30MIN,2.000000,A_LE30MIN,"Dr. Remeis-Observatory, Bamberg, Germany",Dr. Remeis-Observatory,10.8881,49.8845,1,Astrograph,,"Castel Gandolfo, Italy",Vatican Observatory,41.7472,12.6505,1,Zeiss Double Astrograph,,True,4985.847062,GE100KM,True,True,True,1,B,139446,96316,2.000000,A_LE30MIN,49.8845,10.8881,12.6505,41.7472,10.88810000,49.88450000,12.65050000,41.74720000,SWAP,NORMAL,915.006406,GE100KM,True,True,True
APPLAUSE:139430 | APPLAUSE:13876,Castel Gandolfo,501,139430,96300,120785,1953-08-11T21:07:00+00:00,1953-08-11T21:52:00+00:00,Hamburg,101,13876,7536,9717,1953-08-11T21:21:54+00:00,1953-08-11T22:01:47+00:00,1953-08-11T21:21:54+00:00,1953-08-11T21:52:00+00:00,1806.000,0.71062731,0.22094478,0.71062731,5,5,A,139431,2.000000,A_LE30MIN,2.000000,A_LE30MIN,"Castel Gandolfo, Italy",Vatican Observatory,41.7472,12.6505,1,Zeiss Double Astrograph,,"Hamburg-Bergedorf, Germany",Hamburger Sternwarte,53.482,10.242,1,Lippert-Astrograph,,True,1317.081595,GE100KM,True,True,True,5,A,139431,96301,2.000000,A_LE30MIN,12.6505,41.7472,10.242,53.482,12.65050000,41.74720000,10.24200000,53.48200000,NORMAL,NORMAL,1317.081595,GE100KM,True,True,True
APPLAUSE:125458 | APPLAUSE:4861,Bamberg,208,125458,82752,107577,1933-03-21T21:36:00+00:00,1933-03-21T22:06:00+00:00,Hamburg,101,4861,3766,4499,1933-03-21T21:22:28+00:00,1933-03-22T00:42:45+00:00,1933-03-21T21:36:00+00:00,1933-03-21T22:06:00+00:00,1800.000,0.00153399,0.00009365,0.00153399,1,1,A,125457,2.000000,A_LE30MIN,2.000000,A_LE30MIN,"Dr. Remeis-Observatory, Bamberg, Germany",Dr. Remeis-Observatory,10.8881,49.8845,1,Astrograph,,"Hamburg-Bergedorf, Germany",Hamburger Sternwarte,53.482,10.242,1,Lippert-Astrograph,,True,5893.545115,GE100KM,True,True,True,1,A,125457,82751,2.000000,A_LE30MIN,49.8845,10.8881,10.242,53.482,10.88810000,49.88450000,10.24200000,53.48200000,SWAP,NORMAL,402.491931,GE100KM,True,True,True
APPLAUSE:138748 | APPLAUSE:34307,Bamberg,208,138748,95618,120117,1963-10-15T20:43:00+00:00,1963-10-15T21:43:00+00:00,South Africa,202,34307,52053,40008,1963-10-15T21:01:00+00:00,1963-10-15T21:31:00+00:00,1963-10-15T21:01:00+00:00,1963-10-15T21:31:00+00:00,1800.000,0.02541473,0.41716662,0.41716662,1,1,B,34308,2.000000,A_LE30MIN,2.000000,A_LE30MIN,"Dr. Remeis-Observatory, Bamberg, Germany",Dr. Remeis-Observatory,10.8881,49.8845,1,Astrograph,,"Boyden Observatory, Bloemfontein, South Africa",Harvard-Boyden St.,-29.0388,26.4047,1,"Metcalf 10"" (250/1240/167)",,True,5105.064989,GE100KM,True,True,True,1,B,34308,52054,2.000000,A_LE30MIN,49.8845,10.8881,26.4047,-29.0388,10.88810000,49.88450000,26.40470000,-29.03880000,SWAP,NORMAL,8908.911756,GE100KM,True,True,True
APPLAUSE:135722 | APPLAUSE:15326,Bamberg,208,135722,92592,117122,1960-04-01T22:25:00+00:00,1960-04-01T23:25:00+00:00,Hamburg,101,15326,8581,11361,1960-04-01T22:47:53+00:00,1960-04-01T23:17:48+00:00,1960-04-01T22:47:53+00:00,1960-04-01T23:17:48+00:00,1795.000,0.00176808,1.00000000,1.00000000,8,8,B,15327,2.000000,A_LE30MIN,2.000000,A_LE30MIN,"Dr. Remeis-Observatory, Bamberg, Germany",Dr. Remeis-Observatory,10.8881,49.8845,1,Astrograph,,"Hamburg-Bergedorf, Germany",Hamburger Sternwarte,53.482,10.242,1,Lippert-Astrograph,,True,5893.545115,GE100KM,True,True,True,8,B,15327,8582,2.000000,A_LE30MIN,49.8845,10.8881,10.242,53.482,10.88810000,49.88450000,10.24200000,53.48200000,SWAP,NORMAL,402.491931,GE100KM,True,True,True
APPLAUSE:135726 | APPLAUSE:15328,Bamberg,208,135726,92596,117126,1960-04-01T23:32:00+00:00,1960-04-02T00:32:00+00:00,Hamburg,101,15328,8583,11365,1960-04-01T23:55:42+00:00,1960-04-02T00:25:37+00:00,1960-04-01T23:55:42+00:00,1960-04-02T00:25:37+00:00,1795.000,0.00350642,1.00000000,1.00000000,5,5,B,15329,2.000000,A_LE30MIN,2.000000,A_LE30MIN,"Dr. Remeis-Observatory, Bamberg, Germany",Dr. Remeis-Observatory,10.8881,49.8845,1,Astrograph,,"Hamburg-Bergedorf, Germany",Hamburger Sternwarte,53.482,10.242,1,Lippert-Astrograph,,True,5893.545115,GE100KM,True,True,True,5,B,15329,8584,2.000000,A_LE30MIN,49.8845,10.8881,10.242,53.482,10.88810000,49.88450000,10.24200000,53.48200000,SWAP,NORMAL,402.491931,GE100KM,True,True,True
APPLAUSE:135727 | APPLAUSE:15328,Bamberg,208,135727,92597,117127,1960-04-01T23:32:00+00:00,1960-04-02T00:32:00+00:00,Hamburg,101,15328,8583,11365,1960-04-01T23:55:42+00:00,1960-04-02T00:25:37+00:00,1960-04-01T23:55:42+00:00,1960-04-02T00:25:37+00:00,1795.000,0.00179993,1.00000000,1.00000000,6,6,B,15329,2.000000,A_LE30MIN,2.000000,A_LE30MIN,"Dr. Remeis-Observatory, Bamberg, Germany",Dr. Remeis-Observatory,10.8881,49.8845,1,Astrograph,,"Hamburg-Bergedorf, Germany",Hamburger Sternwarte,53.482,10.242,1,Lippert-Astrograph,,True,5893.545115,GE100KM,True,True,True,6,B,15329,8584,2.000000,A_LE30MIN,49.8845,10.8881,10.242,53.482,10.88810000,49.88450000,10.24200000,53.48200000,SWAP,NORMAL,402.491931,GE100KM,True,True,True
APPLAUSE:137954 | APPLAUSE:15445,Bamberg,208,137954,94824,119332,1962-08-08T22:40:00+00:00,1962-08-08T23:40:00+00:00,Hamburg,101,15445,8700,11598,1962-08-08T22:47:12+00:00,1962-08-08T23:17:07+00:00,1962-08-08T22:47:12+00:00,1962-08-08T23:17:07+00:00,1795.000,0.02404959,0.36302560,0.36302560,1,1,B,15446,2.000000,A_LE30MIN,2.000000,A_LE30MIN,"Dr. Remeis-Observatory, Bamberg, Germany",Dr. Remeis-Observatory,10.8881,49.8845,1,Astrograph,,"Hamburg-Bergedorf, Germany",Hamburger Sternwarte,53.482,10.242,1,Lippert-Astrograph,,True,5893.545115,GE100KM,True,True,True,1,B,15446,8701,2.000000,A_LE30MIN,49.8845,10.8881,10.242,53.482,10.88810000,49.88450000,10.24200000,53.48200000,SWAP,NORMAL,402.491931,GE100KM,True,True,True
APPLAUSE:139447 | APPLAUSE:13885,Castel Gandolfo,501,139447,96317,120802,1953-08-13T22:05:00+00:00,1953-08-13T22:50:00+00:00,Hamburg,101,13885,7545,9732,1953-08-13T22:20:51+00:00,1953-08-13T22:50:46+00:00,1953-08-13T22:20:51+00:00,1953-08-13T22:50:00+00:00,1749.000,0.41324515,0.12992704,0.41324515,3,3,A,139446,2.000000,A_LE30MIN,2.000000,A_LE30MIN,"Castel Gandolfo, Italy",Vatican Observatory,41.7472,12.6505,1,Zeiss Double Astrograph,,"Hamburg-Bergedorf, Germany",Hamburger Sternwarte,53.482,10.242,1,Lippert-Astrograph,,True,1317.081595,GE100KM,True,True,True,3,A,139446,96316,2.000000,A_LE30MIN,12.6505,41.7472,10.242,53.482,12.65050000,41.74720000,10.24200000,53.48200000,NORMAL,NORMAL,1317.081595,GE100KM,True,True,True
APPLAUSE:139429 | APPLAUSE:13875,Castel Gandolfo,501,139429,96299,120784,1953-08-11T20:18:00+00:00,1953-08-11T21:03:00+00:00,Hamburg,101,13875,7535,9714,1953-08-11T20:35:01+00:00,1953-08-11T21:14:55+00:00,1953-08-11T20:35:01+00:00,1953-08-11T21:03:00+00:00,1679.000,0.10344803,0.03219914,0.10344803,4,4,A,139428,2.000000,A_LE30MIN,2.000000,A_LE30MIN,"Castel Gandolfo, Italy",Vatican Observatory,41.7472,12.6505,1,Zeiss Double Astrograph,,"Hamburg-Bergedorf, Germany",Hamburger Sternwarte,53.482,10.242,1,Lippert-Astrograph,,True,1317.081595,GE100KM,True,True,True,4,A,139428,96298,2.000000,A_LE30MIN,12.6505,41.7472,10.242,53.482,12.65050000,41.74720000,10.24200000,53.48200000,NORMAL,NORMAL,1317.081595,GE100KM,True,True,True
APPLAUSE:131343 | APPLAUSE:11149,Bamberg,208,131343,88425,113037,1950-08-10T22:05:00+00:00,1950-08-10T22:36:00+00:00,Hamburg,101,11149,6726,8745,1950-08-10T22:08:47+00:00,1950-08-10T22:48:41+00:00,1950-08-10T22:08:47+00:00,1950-08-10T22:36:00+00:00,1633.000,0.21255163,0.26026275,0.26026275,4,4,A,131342,2.000000,A_LE30MIN,2.000000,A_LE30MIN,"Dr. Remeis-Observatory, Bamberg, Germany",Dr. Remeis-Observatory,10.8881,49.8845,1,Astrograph,,"Hamburg-Bergedorf, Germany",Hamburger Sternwarte,53.482,10.242,1,Lippert-Astrograph,,True,5893.545115,GE100KM,True,True,True,4,A,131342,88424,2.000000,A_LE30MIN,49.8845,10.8881,10.242,53.482,10.88810000,49.88450000,10.24200000,53.48200000,SWAP,NORMAL,402.491931,GE100KM,True,True,True
APPLAUSE:137954 | APPLAUSE:15446,Bamberg,208,137954,94824,119332,1962-08-08T22:40:00+00:00,1962-08-08T23:40:00+00:00,Hamburg,101,15446,8701,11600,1962-08-08T23:19:07+00:00,1962-08-08T23:49:02+00:00,1962-08-08T23:19:07+00:00,1962-08-08T23:40:00+00:00,1253.000,0.02421718,0.36811366,0.36811366,1,1,B,15445,2.000000,A_LE30MIN,2.000000,A_LE30MIN,"Dr. Remeis-Observatory, Bamberg, Germany",Dr. Remeis-Observatory,10.8881,49.8845,1,Astrograph,,"Hamburg-Bergedorf, Germany",Hamburger Sternwarte,53.482,10.242,1,Lippert-Astrograph,,True,5893.545115,GE100KM,True,True,True,1,B,15445,8700,2.000000,A_LE30MIN,49.8845,10.8881,10.242,53.482,10.88810000,49.88450000,10.24200000,53.48200000,SWAP,NORMAL,402.491931,GE100KM,True,True,True
APPLAUSE:134110 | APPLAUSE:15162,Bamberg,208,134110,90980,115511,1959-04-13T22:20:00+00:00,1959-04-13T23:20:00+00:00,Hamburg,101,15162,8425,11068,1959-04-13T22:57:32+00:00,1959-04-13T23:17:29+00:00,1959-04-13T22:57:32+00:00,1959-04-13T23:17:29+00:00,1197.000,0.00196880,1.00000000,1.00000000,7,7,B,15161,2.000000,A_LE30MIN,2.000000,A_LE30MIN,"Dr. Remeis-Observatory, Bamberg, Germany",Dr. Remeis-Observatory,10.8881,49.8845,1,Astrograph,,"Hamburg-Bergedorf, Germany",Hamburger Sternwarte,53.482,10.242,1,Lippert-Astrograph,,True,5893.545115,GE100KM,True,True,True,7,B,15161,8424,2.000000,A_LE30MIN,49.8845,10.8881,10.242,53.482,10.88810000,49.88450000,10.24200000,53.48200000,SWAP,NORMAL,402.491931,GE100KM,True,True,True
APPLAUSE:134029 | APPLAUSE:15156,Bamberg,208,134029,90899,115430,1959-04-03T00:32:00+00:00,1959-04-03T01:32:00+00:00,Hamburg,101,15156,8419,11055,1959-04-03T00:55:35+00:00,1959-04-03T01:15:31+00:00,1959-04-03T00:55:35+00:00,1959-04-03T01:15:31+00:00,1196.000,0.00182513,1.00000000,1.00000000,7,7,B,15157,2.000000,A_LE30MIN,2.000000,A_LE30MIN,"Dr. Remeis-Observatory, Bamberg, Germany",Dr. Remeis-Observatory,10.8881,49.8845,1,Astrograph,,"Hamburg-Bergedorf, Germany",Hamburger Sternwarte,53.482,10.242,1,Lippert-Astrograph,,True,5893.545115,GE100KM,True,True,True,7,B,15157,8420,2.000000,A_LE30MIN,49.8845,10.8881,10.242,53.482,10.88810000,49.88450000,10.24200000,53.48200000,SWAP,NORMAL,402.491931,GE100KM,True,True,True
APPLAUSE:134110 | APPLAUSE:15161,Bamberg,208,134110,90980,115511,1959-04-13T22:20:00+00:00,1959-04-13T23:20:00+00:00,Hamburg,101,15161,8424,11066,1959-04-13T22:35:36+00:00,1959-04-13T22:55:32+00:00,1959-04-13T22:35:36+00:00,1959-04-13T22:55:32+00:00,1196.000,0.00194751,1.00000000,1.00000000,7,7,B,15162,2.000000,A_LE30MIN,2.000000,A_LE30MIN,"Dr. Remeis-Observatory, Bamberg, Germany",Dr. Remeis-Observatory,10.8881,49.8845,1,Astrograph,,"Hamburg-Bergedorf, Germany",Hamburger Sternwarte,53.482,10.242,1,Lippert-Astrograph,,True,5893.545115,GE100KM,True,True,True,7,B,15162,8425,2.000000,A_LE30MIN,49.8845,10.8881,10.242,53.482,10.88810000,49.88450000,10.24200000,53.48200000,SWAP,NORMAL,402.491931,GE100KM,True,True,True
APPLAUSE:134114 | APPLAUSE:15163,Bamberg,208,134114,90984,115515,1959-04-13T23:26:00+00:00,1959-04-14T00:26:00+00:00,Hamburg,101,15163,8426,11069,1959-04-13T23:25:28+00:00,1959-04-13T23:45:24+00:00,1959-04-13T23:26:00+00:00,1959-04-13T23:45:24+00:00,1164.000,1.00000000,0.00194120,1.00000000,6,6,B,15164,2.000000,A_LE30MIN,2.000000,A_LE30MIN,"Dr. Remeis-Observatory, Bamberg, Germany",Dr. Remeis-Observatory,10.8881,49.8845,1,Astrograph,,"Hamburg-Bergedorf, Germany",Hamburger Sternwarte,53.482,10.242,1,Lippert-Astrograph,,True,5893.545115,GE100KM,True,True,True,6,B,15164,8427,2.000000,A_LE30MIN,49.8845,10.8881,10.242,53.482,10.88810000,49.88450000,10.24200000,53.48200000,SWAP,NORMAL,402.491931,GE100KM,True,True,True
APPLAUSE:135726 | APPLAUSE:15327,Bamberg,208,135726,92596,117126,1960-04-01T23:32:00+00:00,1960-04-02T00:32:00+00:00,Hamburg,101,15327,8582,11363,1960-04-01T23:19:48+00:00,1960-04-01T23:49:43+00:00,1960-04-01T23:32:00+00:00,1960-04-01T23:49:43+00:00,1063.000,1.00000000,0.00351657,1.00000000,6,6,B,15326,2.000000,A_LE30MIN,2.000000,A_LE30MIN,"Dr. Remeis-Observatory, Bamberg, Germany",Dr. Remeis-Observatory,10.8881,49.8845,1,Astrograph,,"Hamburg-Bergedorf, Germany",Hamburger Sternwarte,53.482,10.242,1,Lippert-Astrograph,,True,5893.545115,GE100KM,True,True,True,6,B,15326,8581,2.000000,A_LE30MIN,49.8845,10.8881,10.242,53.482,10.88810000,49.88450000,10.24200000,53.48200000,SWAP,NORMAL,402.491931,GE100KM,True,True,True
APPLAUSE:135727 | APPLAUSE:15327,Bamberg,208,135727,92597,117127,1960-04-01T23:32:00+00:00,1960-04-02T00:32:00+00:00,Hamburg,101,15327,8582,11363,1960-04-01T23:19:48+00:00,1960-04-01T23:49:43+00:00,1960-04-01T23:32:00+00:00,1960-04-01T23:49:43+00:00,1063.000,1.00000000,0.00180511,1.00000000,7,7,B,15326,2.000000,A_LE30MIN,2.000000,A_LE30MIN,"Dr. Remeis-Observatory, Bamberg, Germany",Dr. Remeis-Observatory,10.8881,49.8845,1,Astrograph,,"Hamburg-Bergedorf, Germany",Hamburger Sternwarte,53.482,10.242,1,Lippert-Astrograph,,True,5893.545115,GE100KM,True,True,True,7,B,15326,8581,2.000000,A_LE30MIN,49.8845,10.8881,10.242,53.482,10.88810000,49.88450000,10.24200000,53.48200000,SWAP,NORMAL,402.491931,GE100KM,True,True,True
APPLAUSE:134029 | APPLAUSE:15157,Bamberg,208,134029,90899,115430,1959-04-03T00:32:00+00:00,1959-04-03T01:32:00+00:00,Hamburg,101,15157,8420,11058,1959-04-03T01:17:31+00:00,1959-04-03T01:37:28+00:00,1959-04-03T01:17:31+00:00,1959-04-03T01:32:00+00:00,869.000,0.00180875,1.00000000,1.00000000,7,7,B,15156,2.000000,A_LE30MIN,2.000000,A_LE30MIN,"Dr. Remeis-Observatory, Bamberg, Germany",Dr. Remeis-Observatory,10.8881,49.8845,1,Astrograph,,"Hamburg-Bergedorf, Germany",Hamburger Sternwarte,53.482,10.242,1,Lippert-Astrograph,,True,5893.545115,GE100KM,True,True,True,7,B,15156,8419,2.000000,A_LE30MIN,49.8845,10.8881,10.242,53.482,10.88810000,49.88450000,10.24200000,53.48200000,SWAP,NORMAL,402.491931,GE100KM,True,True,True
APPLAUSE:128967 | APPLAUSE:7282,Bamberg,208,128967,86237,110961,1937-03-11T01:25:00+00:00,1937-03-11T01:55:00+00:00,Hamburg,101,7282,4611,5517,1937-03-11T01:25:53+00:00,1937-03-11T01:38:51+00:00,1937-03-11T01:25:53+00:00,1937-03-11T01:38:51+00:00,778.000,0.01277986,1.00000000,1.00000000,23,23,B,7281,2.000000,A_LE30MIN,2.000000,A_LE30MIN,"Dr. Remeis-Observatory, Bamberg, Germany",Dr. Remeis-Observatory,10.8881,49.8845,1,Astrograph,,"Hamburg-Bergedorf, Germany",Hamburger Sternwarte,53.482,10.242,11,Lippert-Astrograph,,True,5893.545115,GE100KM,True,True,True,23,B,7281,4610,2.000000,A_LE30MIN,49.8845,10.8881,10.242,53.482,10.88810000,49.88450000,10.24200000,53.48200000,SWAP,NORMAL,402.491931,GE100KM,True,True,True
APPLAUSE:135722 | APPLAUSE:15325,Bamberg,208,135722,92592,117122,1960-04-01T22:25:00+00:00,1960-04-01T23:25:00+00:00,Hamburg,101,15325,8580,11359,1960-04-01T22:06:00+00:00,1960-04-01T22:35:55+00:00,1960-04-01T22:25:00+00:00,1960-04-01T22:35:55+00:00,655.000,1.00000000,0.00175856,1.00000000,8,8,B,15324,2.000000,A_LE30MIN,2.000000,A_LE30MIN,"Dr. Remeis-Observatory, Bamberg, Germany",Dr. Remeis-Observatory,10.8881,49.8845,1,Astrograph,,"Hamburg-Bergedorf, Germany",Hamburger Sternwarte,53.482,10.242,1,Lippert-Astrograph,,True,5893.545115,GE100KM,True,True,True,8,B,15324,8579,2.000000,A_LE30MIN,49.8845,10.8881,10.242,53.482,10.88810000,49.88450000,10.24200000,53.48200000,SWAP,NORMAL,402.491931,GE100KM,True,True,True
APPLAUSE:138748 | APPLAUSE:34308,Bamberg,208,138748,95618,120117,1963-10-15T20:43:00+00:00,1963-10-15T21:43:00+00:00,South Africa,202,34308,52054,40009,1963-10-15T21:33:00+00:00,1963-10-15T22:03:00+00:00,1963-10-15T21:33:00+00:00,1963-10-15T21:43:00+00:00,600.000,0.02521564,0.41394972,0.41394972,1,1,B,34307,2.000000,A_LE30MIN,2.000000,A_LE30MIN,"Dr. Remeis-Observatory, Bamberg, Germany",Dr. Remeis-Observatory,10.8881,49.8845,1,Astrograph,,"Boyden Observatory, Bloemfontein, South Africa",Harvard-Boyden St.,-29.0388,26.4047,1,"Metcalf 10"" (250/1240/167)",,True,5105.064989,GE100KM,True,True,True,1,B,34307,52053,2.000000,A_LE30MIN,49.8845,10.8881,26.4047,-29.0388,10.88810000,49.88450000,26.40470000,-29.03880000,SWAP,NORMAL,8908.911756,GE100KM,True,True,True
APPLAUSE:138843 | APPLAUSE:34507,Bamberg,208,138843,95713,120209,1963-12-23T20:32:00+00:00,1963-12-23T20:47:00+00:00,South Africa,202,34507,52253,40063,1963-12-23T20:38:00+00:00,1963-12-23T21:08:00+00:00,1963-12-23T20:38:00+00:00,1963-12-23T20:47:00+00:00,540.000,0.06229648,1.00000000,1.00000000,3,3,B,34506,2.000000,A_LE30MIN,2.000000,A_LE30MIN,"Dr. Remeis-Observatory, Bamberg, Germany",Dr. Remeis-Observatory,10.8881,49.8845,1,Astrograph,,"Boyden Observatory, Bloemfontein, South Africa",Harvard-Boyden St.,-29.0388,26.4047,1,"Metcalf 10"" (250/1240/167)",,True,5105.064989,GE100KM,True,True,True,3,B,34506,52252,2.000000,A_LE30MIN,49.8845,10.8881,26.4047,-29.0388,10.88810000,49.88450000,26.40470000,-29.03880000,SWAP,NORMAL,8908.911756,GE100KM,True,True,True
APPLAUSE:124665 | APPLAUSE:4508,Bamberg,208,124665,81959,106844,1932-09-05T19:59:00+00:00,1932-09-05T20:29:00+00:00,Hamburg,101,4508,3548,4264,1932-09-05T20:20:10+00:00,1932-09-05T22:32:30+00:00,1932-09-05T20:20:10+00:00,1932-09-05T20:29:00+00:00,530.000,0.00093433,0.01592988,0.01592988,1,1,A,124664,2.000000,A_LE30MIN,2.000000,A_LE30MIN,"Dr. Remeis-Observatory, Bamberg, Germany",Dr. Remeis-Observatory,10.8881,49.8845,1,Astrograph,,"Hamburg-Bergedorf, Germany",Hamburger Sternwarte,53.482,10.242,1,Lippert-Astrograph,,True,5893.545115,GE100KM,True,True,True,1,A,124664,81958,2.000000,A_LE30MIN,49.8845,10.8881,10.242,53.482,10.88810000,49.88450000,10.24200000,53.48200000,SWAP,NORMAL,402.491931,GE100KM,True,True,True
APPLAUSE:139430 | APPLAUSE:13875,Castel Gandolfo,501,139430,96300,120785,1953-08-11T21:07:00+00:00,1953-08-11T21:52:00+00:00,Hamburg,101,13875,7535,9714,1953-08-11T20:35:01+00:00,1953-08-11T21:14:55+00:00,1953-08-11T21:07:00+00:00,1953-08-11T21:14:55+00:00,475.000,0.22079833,0.70928719,0.70928719,4,4,A,139431,2.000000,A_LE30MIN,2.000000,A_LE30MIN,"Castel Gandolfo, Italy",Vatican Observatory,41.7472,12.6505,1,Zeiss Double Astrograph,,"Hamburg-Bergedorf, Germany",Hamburger Sternwarte,53.482,10.242,1,Lippert-Astrograph,,True,1317.081595,GE100KM,True,True,True,4,A,139431,96301,2.000000,A_LE30MIN,12.6505,41.7472,10.242,53.482,12.65050000,41.74720000,10.24200000,53.48200000,NORMAL,NORMAL,1317.081595,GE100KM,True,True,True
APPLAUSE:139431 | APPLAUSE:13876,Castel Gandolfo,501,139431,96301,120786,1953-08-11T21:54:00+00:00,1953-08-11T22:39:00+00:00,Hamburg,101,13876,7536,9717,1953-08-11T21:21:54+00:00,1953-08-11T22:01:47+00:00,1953-08-11T21:54:00+00:00,1953-08-11T22:01:47+00:00,467.000,0.22035014,0.70769289,0.70769289,5,5,A,139430,2.000000,A_LE30MIN,2.000000,A_LE30MIN,"Castel Gandolfo, Italy",Vatican Observatory,41.7472,12.6505,1,Zeiss Double Astrograph,,"Hamburg-Bergedorf, Germany",Hamburger Sternwarte,53.482,10.242,1,Lippert-Astrograph,,True,1317.081595,GE100KM,True,True,True,5,A,139430,96300,2.000000,A_LE30MIN,12.6505,41.7472,10.242,53.482,12.65050000,41.74720000,10.24200000,53.48200000,NORMAL,NORMAL,1317.081595,GE100KM,True,True,True
APPLAUSE:139505 | APPLAUSE:13946,Castel Gandolfo,501,139505,96375,120860,1953-09-13T19:34:00+00:00,1953-09-13T20:04:00+00:00,Hamburg,101,13946,7595,9822,1953-09-13T19:00:10+00:00,1953-09-13T19:40:04+00:00,1953-09-13T19:34:00+00:00,1953-09-13T19:40:04+00:00,364.000,0.00106623,0.00339776,0.00339776,3,3,A,139506,2.000000,A_LE30MIN,2.000000,A_LE30MIN,"Castel Gandolfo, Italy",Vatican Observatory,41.7472,12.6505,1,Zeiss Double Astrograph,,"Hamburg-Bergedorf, Germany",Hamburger Sternwarte,53.482,10.242,1,Lippert-Astrograph,,True,1317.081595,GE100KM,True,True,True,3,A,139506,96376,2.000000,A_LE30MIN,12.6505,41.7472,10.242,53.482,12.65050000,41.74720000,10.24200000,53.48200000,NORMAL,NORMAL,1317.081595,GE100KM,True,True,True
APPLAUSE:138753 | APPLAUSE:34308,Bamberg,208,138753,95623,120122,1963-10-15T21:57:00+00:00,1963-10-15T22:57:00+00:00,South Africa,202,34308,52054,40009,1963-10-15T21:33:00+00:00,1963-10-15T22:03:00+00:00,1963-10-15T21:57:00+00:00,1963-10-15T22:03:00+00:00,360.000,1.00000000,0.06340016,1.00000000,1,1,B,34307,2.000000,A_LE30MIN,2.000000,A_LE30MIN,"Dr. Remeis-Observatory, Bamberg, Germany",Dr. Remeis-Observatory,10.8881,49.8845,1,Astrograph,,"Boyden Observatory, Bloemfontein, South Africa",Harvard-Boyden St.,-29.0388,26.4047,1,"Metcalf 10"" (250/1240/167)",,True,5105.064989,GE100KM,True,True,True,1,B,34307,52053,2.000000,A_LE30MIN,49.8845,10.8881,26.4047,-29.0388,10.88810000,49.88450000,26.40470000,-29.03880000,SWAP,NORMAL,8908.911756,GE100KM,True,True,True
APPLAUSE:139447 | APPLAUSE:13884,Castel Gandolfo,501,139447,96317,120802,1953-08-13T22:05:00+00:00,1953-08-13T22:50:00+00:00,Hamburg,101,13884,7544,9731,1953-08-13T21:30:59+00:00,1953-08-13T22:10:53+00:00,1953-08-13T22:05:00+00:00,1953-08-13T22:10:53+00:00,353.000,0.13326550,0.42169586,0.42169586,3,3,A,139446,2.000000,A_LE30MIN,2.000000,A_LE30MIN,"Castel Gandolfo, Italy",Vatican Observatory,41.7472,12.6505,1,Zeiss Double Astrograph,,"Hamburg-Bergedorf, Germany",Hamburger Sternwarte,53.482,10.242,1,Lippert-Astrograph,,True,1317.081595,GE100KM,True,True,True,3,A,139446,96316,2.000000,A_LE30MIN,12.6505,41.7472,10.242,53.482,12.65050000,41.74720000,10.24200000,53.48200000,NORMAL,NORMAL,1317.081595,GE100KM,True,True,True
APPLAUSE:135722 | APPLAUSE:15327,Bamberg,208,135722,92592,117122,1960-04-01T22:25:00+00:00,1960-04-01T23:25:00+00:00,Hamburg,101,15327,8582,11363,1960-04-01T23:19:48+00:00,1960-04-01T23:49:43+00:00,1960-04-01T23:19:48+00:00,1960-04-01T23:25:00+00:00,312.000,0.00176589,1.00000000,1.00000000,7,7,B,15326,2.000000,A_LE30MIN,2.000000,A_LE30MIN,"Dr. Remeis-Observatory, Bamberg, Germany",Dr. Remeis-Observatory,10.8881,49.8845,1,Astrograph,,"Hamburg-Bergedorf, Germany",Hamburger Sternwarte,53.482,10.242,1,Lippert-Astrograph,,True,5893.545115,GE100KM,True,True,True,7,B,15326,8581,2.000000,A_LE30MIN,49.8845,10.8881,10.242,53.482,10.88810000,49.88450000,10.24200000,53.48200000,SWAP,NORMAL,402.491931,GE100KM,True,True,True
APPLAUSE:135726 | APPLAUSE:15329,Bamberg,208,135726,92596,117126,1960-04-01T23:32:00+00:00,1960-04-02T00:32:00+00:00,Hamburg,101,15329,8584,11367,1960-04-02T00:27:37+00:00,1960-04-02T00:57:32+00:00,1960-04-02T00:27:37+00:00,1960-04-02T00:32:00+00:00,263.000,0.00352034,1.00000000,1.00000000,4,4,B,15328,2.000000,A_LE30MIN,2.000000,A_LE30MIN,"Dr. Remeis-Observatory, Bamberg, Germany",Dr. Remeis-Observatory,10.8881,49.8845,1,Astrograph,,"Hamburg-Bergedorf, Germany",Hamburger Sternwarte,53.482,10.242,1,Lippert-Astrograph,,True,5893.545115,GE100KM,True,True,True,4,B,15328,8583,2.000000,A_LE30MIN,49.8845,10.8881,10.242,53.482,10.88810000,49.88450000,10.24200000,53.48200000,SWAP,NORMAL,402.491931,GE100KM,True,True,True
APPLAUSE:135727 | APPLAUSE:15329,Bamberg,208,135727,92597,117127,1960-04-01T23:32:00+00:00,1960-04-02T00:32:00+00:00,Hamburg,101,15329,8584,11367,1960-04-02T00:27:37+00:00,1960-04-02T00:57:32+00:00,1960-04-02T00:27:37+00:00,1960-04-02T00:32:00+00:00,263.000,0.00180700,1.00000000,1.00000000,5,5,B,15328,2.000000,A_LE30MIN,2.000000,A_LE30MIN,"Dr. Remeis-Observatory, Bamberg, Germany",Dr. Remeis-Observatory,10.8881,49.8845,1,Astrograph,,"Hamburg-Bergedorf, Germany",Hamburger Sternwarte,53.482,10.242,1,Lippert-Astrograph,,True,5893.545115,GE100KM,True,True,True,5,B,15328,8583,2.000000,A_LE30MIN,49.8845,10.8881,10.242,53.482,10.88810000,49.88450000,10.24200000,53.48200000,SWAP,NORMAL,402.491931,GE100KM,True,True,True
APPLAUSE:128542 | APPLAUSE:6912,Bamberg,208,128542,85814,110550,1936-03-20T21:25:00+00:00,1936-03-20T21:55:00+00:00,Hamburg,101,6912,4427,5217,1936-03-20T21:26:09+00:00,1936-03-20T21:30:09+00:00,1936-03-20T21:26:09+00:00,1936-03-20T21:30:09+00:00,240.000,0.01286844,1.00000000,1.00000000,32,32,A,128553,2.000000,A_LE30MIN,2.000000,A_LE30MIN,"Dr. Remeis-Observatory, Bamberg, Germany",Dr. Remeis-Observatory,10.8881,49.8845,1,Astrograph,,"Hamburg-Bergedorf, Germany",Hamburger Sternwarte,53.482,10.242,10,Lippert-Astrograph,,True,5893.545115,GE100KM,True,True,True,32,A,128553,85825,2.000000,A_LE30MIN,49.8845,10.8881,10.242,53.482,10.88810000,49.88450000,10.24200000,53.48200000,SWAP,NORMAL,402.491931,GE100KM,True,True,True
APPLAUSE:128553 | APPLAUSE:6922,Bamberg,208,128553,85825,110561,1936-03-20T21:57:00+00:00,1936-03-20T22:45:00+00:00,Hamburg,101,6922,4428,5218,1936-03-20T22:21:00+00:00,1936-03-20T22:25:00+00:00,1936-03-20T22:21:00+00:00,1936-03-20T22:25:00+00:00,240.000,0.00987668,1.00000000,1.00000000,23,23,A,128542,2.000000,A_LE30MIN,2.000000,A_LE30MIN,"Dr. Remeis-Observatory, Bamberg, Germany",Dr. Remeis-Observatory,10.8881,49.8845,1,Astrograph,,"Hamburg-Bergedorf, Germany",Hamburger Sternwarte,53.482,10.242,10,Lippert-Astrograph,,True,5893.545115,GE100KM,True,True,True,23,A,128542,85814,2.000000,A_LE30MIN,49.8845,10.8881,10.242,53.482,10.88810000,49.88450000,10.24200000,53.48200000,SWAP,NORMAL,402.491931,GE100KM,True,True,True
APPLAUSE:128553 | APPLAUSE:6926,Bamberg,208,128553,85825,110561,1936-03-20T21:57:00+00:00,1936-03-20T22:45:00+00:00,Hamburg,101,6926,4428,5218,1936-03-20T22:40:57+00:00,1936-03-20T22:44:57+00:00,1936-03-20T22:40:57+00:00,1936-03-20T22:44:57+00:00,240.000,0.00987668,1.00000000,1.00000000,20,20,A,128542,2.000000,A_LE30MIN,2.000000,A_LE30MIN,"Dr. Remeis-Observatory, Bamberg, Germany",Dr. Remeis-Observatory,10.8881,49.8845,1,Astrograph,,"Hamburg-Bergedorf, Germany",Hamburger Sternwarte,53.482,10.242,10,Lippert-Astrograph,,True,5893.545115,GE100KM,True,True,True,20,A,128542,85814,2.000000,A_LE30MIN,49.8845,10.8881,10.242,53.482,10.88810000,49.88450000,10.24200000,53.48200000,SWAP,NORMAL,402.491931,GE100KM,True,True,True
APPLAUSE:128542 | APPLAUSE:6913,Bamberg,208,128542,85814,110550,1936-03-20T21:25:00+00:00,1936-03-20T21:55:00+00:00,Hamburg,101,6913,4427,5217,1936-03-20T21:31:09+00:00,1936-03-20T21:35:08+00:00,1936-03-20T21:31:09+00:00,1936-03-20T21:35:08+00:00,239.000,0.01286844,1.00000000,1.00000000,32,32,A,128553,2.000000,A_LE30MIN,2.000000,A_LE30MIN,"Dr. Remeis-Observatory, Bamberg, Germany",Dr. Remeis-Observatory,10.8881,49.8845,1,Astrograph,,"Hamburg-Bergedorf, Germany",Hamburger Sternwarte,53.482,10.242,10,Lippert-Astrograph,,True,5893.545115,GE100KM,True,True,True,32,A,128553,85825,2.000000,A_LE30MIN,49.8845,10.8881,10.242,53.482,10.88810000,49.88450000,10.24200000,53.48200000,SWAP,NORMAL,402.491931,GE100KM,True,True,True
APPLAUSE:128542 | APPLAUSE:6914,Bamberg,208,128542,85814,110550,1936-03-20T21:25:00+00:00,1936-03-20T21:55:00+00:00,Hamburg,101,6914,4427,5217,1936-03-20T21:36:08+00:00,1936-03-20T21:40:07+00:00,1936-03-20T21:36:08+00:00,1936-03-20T21:40:07+00:00,239.000,0.01286844,1.00000000,1.00000000,32,32,A,128553,2.000000,A_LE30MIN,2.000000,A_LE30MIN,"Dr. Remeis-Observatory, Bamberg, Germany",Dr. Remeis-Observatory,10.8881,49.8845,1,Astrograph,,"Hamburg-Bergedorf, Germany",Hamburger Sternwarte,53.482,10.242,10,Lippert-Astrograph,,True,5893.545115,GE100KM,True,True,True,32,A,128553,85825,2.000000,A_LE30MIN,49.8845,10.8881,10.242,53.482,10.88810000,49.88450000,10.24200000,53.48200000,SWAP,NORMAL,402.491931,GE100KM,True,True,True
APPLAUSE:128542 | APPLAUSE:6915,Bamberg,208,128542,85814,110550,1936-03-20T21:25:00+00:00,1936-03-20T21:55:00+00:00,Hamburg,101,6915,4427,5217,1936-03-20T21:41:07+00:00,1936-03-20T21:45:06+00:00,1936-03-20T21:41:07+00:00,1936-03-20T21:45:06+00:00,239.000,0.01286844,1.00000000,1.00000000,31,31,A,128553,2.000000,A_LE30MIN,2.000000,A_LE30MIN,"Dr. Remeis-Observatory, Bamberg, Germany",Dr. Remeis-Observatory,10.8881,49.8845,1,Astrograph,,"Hamburg-Bergedorf, Germany",Hamburger Sternwarte,53.482,10.242,10,Lippert-Astrograph,,True,5893.545115,GE100KM,True,True,True,31,A,128553,85825,2.000000,A_LE30MIN,49.8845,10.8881,10.242,53.482,10.88810000,49.88450000,10.24200000,53.48200000,SWAP,NORMAL,402.491931,GE100KM,True,True,True
APPLAUSE:128542 | APPLAUSE:6916,Bamberg,208,128542,85814,110550,1936-03-20T21:25:00+00:00,1936-03-20T21:55:00+00:00,Hamburg,101,6916,4427,5217,1936-03-20T21:46:06+00:00,1936-03-20T21:50:05+00:00,1936-03-20T21:46:06+00:00,1936-03-20T21:50:05+00:00,239.000,0.01286844,1.00000000,1.00000000,30,30,A,128553,2.000000,A_LE30MIN,2.000000,A_LE30MIN,"Dr. Remeis-Observatory, Bamberg, Germany",Dr. Remeis-Observatory,10.8881,49.8845,1,Astrograph,,"Hamburg-Bergedorf, Germany",Hamburger Sternwarte,53.482,10.242,10,Lippert-Astrograph,,True,5893.545115,GE100KM,True,True,True,30,A,128553,85825,2.000000,A_LE30MIN,49.8845,10.8881,10.242,53.482,10.88810000,49.88450000,10.24200000,53.48200000,SWAP,NORMAL,402.491931,GE100KM,True,True,True
APPLAUSE:128553 | APPLAUSE:6919,Bamberg,208,128553,85825,110561,1936-03-20T21:57:00+00:00,1936-03-20T22:45:00+00:00,Hamburg,101,6919,4427,5217,1936-03-20T22:01:04+00:00,1936-03-20T22:05:03+00:00,1936-03-20T22:01:04+00:00,1936-03-20T22:05:03+00:00,239.000,0.00980902,1.00000000,1.00000000,27,27,A,128542,2.000000,A_LE30MIN,2.000000,A_LE30MIN,"Dr. Remeis-Observatory, Bamberg, Germany",Dr. Remeis-Observatory,10.8881,49.8845,1,Astrograph,,"Hamburg-Bergedorf, Germany",Hamburger Sternwarte,53.482,10.242,10,Lippert-Astrograph,,True,5893.545115,GE100KM,True,True,True,27,A,128542,85814,2.000000,A_LE30MIN,49.8845,10.8881,10.242,53.482,10.88810000,49.88450000,10.24200000,53.48200000,SWAP,NORMAL,402.491931,GE100KM,True,True,True
APPLAUSE:128553 | APPLAUSE:6920,Bamberg,208,128553,85825,110561,1936-03-20T21:57:00+00:00,1936-03-20T22:45:00+00:00,Hamburg,101,6920,4427,5217,1936-03-20T22:06:03+00:00,1936-03-20T22:10:02+00:00,1936-03-20T22:06:03+00:00,1936-03-20T22:10:02+00:00,239.000,0.00980902,1.00000000,1.00000000,26,26,A,128542,2.000000,A_LE30MIN,2.000000,A_LE30MIN,"Dr. Remeis-Observatory, Bamberg, Germany",Dr. Remeis-Observatory,10.8881,49.8845,1,Astrograph,,"Hamburg-Bergedorf, Germany",Hamburger Sternwarte,53.482,10.242,10,Lippert-Astrograph,,True,5893.545115,GE100KM,True,True,True,26,A,128542,85814,2.000000,A_LE30MIN,49.8845,10.8881,10.242,53.482,10.88810000,49.88450000,10.24200000,53.48200000,SWAP,NORMAL,402.491931,GE100KM,True,True,True
APPLAUSE:128553 | APPLAUSE:6921,Bamberg,208,128553,85825,110561,1936-03-20T21:57:00+00:00,1936-03-20T22:45:00+00:00,Hamburg,101,6921,4427,5217,1936-03-20T22:11:02+00:00,1936-03-20T22:15:01+00:00,1936-03-20T22:11:02+00:00,1936-03-20T22:15:01+00:00,239.000,0.00980902,1.00000000,1.00000000,25,25,A,128542,2.000000,A_LE30MIN,2.000000,A_LE30MIN,"Dr. Remeis-Observatory, Bamberg, Germany",Dr. Remeis-Observatory,10.8881,49.8845,1,Astrograph,,"Hamburg-Bergedorf, Germany",Hamburger Sternwarte,53.482,10.242,10,Lippert-Astrograph,,True,5893.545115,GE100KM,True,True,True,25,A,128542,85814,2.000000,A_LE30MIN,49.8845,10.8881,10.242,53.482,10.88810000,49.88450000,10.24200000,53.48200000,SWAP,NORMAL,402.491931,GE100KM,True,True,True
APPLAUSE:128553 | APPLAUSE:6923,Bamberg,208,128553,85825,110561,1936-03-20T21:57:00+00:00,1936-03-20T22:45:00+00:00,Hamburg,101,6923,4428,5218,1936-03-20T22:26:00+00:00,1936-03-20T22:29:59+00:00,1936-03-20T22:26:00+00:00,1936-03-20T22:29:59+00:00,239.000,0.00987668,1.00000000,1.00000000,22,22,A,128542,2.000000,A_LE30MIN,2.000000,A_LE30MIN,"Dr. Remeis-Observatory, Bamberg, Germany",Dr. Remeis-Observatory,10.8881,49.8845,1,Astrograph,,"Hamburg-Bergedorf, Germany",Hamburger Sternwarte,53.482,10.242,10,Lippert-Astrograph,,True,5893.545115,GE100KM,True,True,True,22,A,128542,85814,2.000000,A_LE30MIN,49.8845,10.8881,10.242,53.482,10.88810000,49.88450000,10.24200000,53.48200000,SWAP,NORMAL,402.491931,GE100KM,True,True,True
APPLAUSE:128553 | APPLAUSE:6924,Bamberg,208,128553,85825,110561,1936-03-20T21:57:00+00:00,1936-03-20T22:45:00+00:00,Hamburg,101,6924,4428,5218,1936-03-20T22:30:59+00:00,1936-03-20T22:34:58+00:00,1936-03-20T22:30:59+00:00,1936-03-20T22:34:58+00:00,239.000,0.00987668,1.00000000,1.00000000,22,22,A,128542,2.000000,A_LE30MIN,2.000000,A_LE30MIN,"Dr. Remeis-Observatory, Bamberg, Germany",Dr. Remeis-Observatory,10.8881,49.8845,1,Astrograph,,"Hamburg-Bergedorf, Germany",Hamburger Sternwarte,53.482,10.242,10,Lippert-Astrograph,,True,5893.545115,GE100KM,True,True,True,22,A,128542,85814,2.000000,A_LE30MIN,49.8845,10.8881,10.242,53.482,10.88810000,49.88450000,10.24200000,53.48200000,SWAP,NORMAL,402.491931,GE100KM,True,True,True
APPLAUSE:128553 | APPLAUSE:6925,Bamberg,208,128553,85825,110561,1936-03-20T21:57:00+00:00,1936-03-20T22:45:00+00:00,Hamburg,101,6925,4428,5218,1936-03-20T22:35:58+00:00,1936-03-20T22:39:57+00:00,1936-03-20T22:35:58+00:00,1936-03-20T22:39:57+00:00,239.000,0.00987668,1.00000000,1.00000000,21,21,A,128542,2.000000,A_LE30MIN,2.000000,A_LE30MIN,"Dr. Remeis-Observatory, Bamberg, Germany",Dr. Remeis-Observatory,10.8881,49.8845,1,Astrograph,,"Hamburg-Bergedorf, Germany",Hamburger Sternwarte,53.482,10.242,10,Lippert-Astrograph,,True,5893.545115,GE100KM,True,True,True,21,A,128542,85814,2.000000,A_LE30MIN,49.8845,10.8881,10.242,53.482,10.88810000,49.88450000,10.24200000,53.48200000,SWAP,NORMAL,402.491931,GE100KM,True,True,True
APPLAUSE:128542 | APPLAUSE:6917,Bamberg,208,128542,85814,110550,1936-03-20T21:25:00+00:00,1936-03-20T21:55:00+00:00,Hamburg,101,6917,4427,5217,1936-03-20T21:51:05+00:00,1936-03-20T21:55:05+00:00,1936-03-20T21:51:05+00:00,1936-03-20T21:55:00+00:00,235.000,0.01286844,1.00000000,1.00000000,29,29,A,128553,2.000000,A_LE30MIN,2.000000,A_LE30MIN,"Dr. Remeis-Observatory, Bamberg, Germany",Dr. Remeis-Observatory,10.8881,49.8845,1,Astrograph,,"Hamburg-Bergedorf, Germany",Hamburger Sternwarte,53.482,10.242,10,Lippert-Astrograph,,True,5893.545115,GE100KM,True,True,True,29,A,128553,85825,2.000000,A_LE30MIN,49.8845,10.8881,10.242,53.482,10.88810000,49.88450000,10.24200000,53.48200000,SWAP,NORMAL,402.491931,GE100KM,True,True,True
APPLAUSE:128553 | APPLAUSE:6918,Bamberg,208,128553,85825,110561,1936-03-20T21:57:00+00:00,1936-03-20T22:45:00+00:00,Hamburg,101,6918,4427,5217,1936-03-20T21:56:05+00:00,1936-03-20T22:00:04+00:00,1936-03-20T21:57:00+00:00,1936-03-20T22:00:04+00:00,184.000,1.00000000,0.00980902,1.00000000,28,28,A,128542,2.000000,A_LE30MIN,2.000000,A_LE30MIN,"Dr. Remeis-Observatory, Bamberg, Germany",Dr. Remeis-Observatory,10.8881,49.8845,1,Astrograph,,"Hamburg-Bergedorf, Germany",Hamburger Sternwarte,53.482,10.242,10,Lippert-Astrograph,,True,5893.545115,GE100KM,True,True,True,28,A,128542,85814,2.000000,A_LE30MIN,49.8845,10.8881,10.242,53.482,10.88810000,49.88450000,10.24200000,53.48200000,SWAP,NORMAL,402.491931,GE100KM,True,True,True
APPLAUSE:139446 | APPLAUSE:13883,Castel Gandolfo,501,139446,96316,120801,1953-08-13T21:18:00+00:00,1953-08-13T22:03:00+00:00,Hamburg,101,13883,7543,9730,1953-08-13T20:41:07+00:00,1953-08-13T21:21:01+00:00,1953-08-13T21:18:00+00:00,1953-08-13T21:21:01+00:00,181.000,0.12966462,0.41587723,0.41587723,3,3,A,139447,2.000000,A_LE30MIN,2.000000,A_LE30MIN,"Castel Gandolfo, Italy",Vatican Observatory,41.7472,12.6505,1,Zeiss Double Astrograph,,"Hamburg-Bergedorf, Germany",Hamburger Sternwarte,53.482,10.242,1,Lippert-Astrograph,,True,1317.081595,GE100KM,True,True,True,3,A,139447,96317,2.000000,A_LE30MIN,12.6505,41.7472,10.242,53.482,12.65050000,41.74720000,10.24200000,53.48200000,NORMAL,NORMAL,1317.081595,GE100KM,True,True,True
APPLAUSE:129039 | APPLAUSE:7359,Bamberg,208,129039,86309,111029,1937-04-11T22:41:00+00:00,1937-04-11T23:11:00+00:00,Hamburg,101,7359,4627,5539,1937-04-11T23:00:07+00:00,1937-04-11T23:03:07+00:00,1937-04-11T23:00:07+00:00,1937-04-11T23:03:07+00:00,180.000,0.01273477,1.00000000,1.00000000,28,28,B,7358,2.000000,A_LE30MIN,2.000000,A_LE30MIN,"Dr. Remeis-Observatory, Bamberg, Germany",Dr. Remeis-Observatory,10.8881,49.8845,1,Astrograph,,"Hamburg-Bergedorf, Germany",Hamburger Sternwarte,53.482,10.242,10,Lippert-Astrograph,,True,5893.545115,GE100KM,True,True,True,28,B,7358,4626,2.000000,A_LE30MIN,49.8845,10.8881,10.242,53.482,10.88810000,49.88450000,10.24200000,53.48200000,SWAP,NORMAL,402.491931,GE100KM,True,True,True
APPLAUSE:129039 | APPLAUSE:7358,Bamberg,208,129039,86309,111029,1937-04-11T22:41:00+00:00,1937-04-11T23:11:00+00:00,Hamburg,101,7358,4626,5538,1937-04-11T22:55:08+00:00,1937-04-11T22:58:07+00:00,1937-04-11T22:55:08+00:00,1937-04-11T22:58:07+00:00,179.000,0.01269444,1.00000000,1.00000000,27,27,B,7359,2.000000,A_LE30MIN,2.000000,A_LE30MIN,"Dr. Remeis-Observatory, Bamberg, Germany",Dr. Remeis-Observatory,10.8881,49.8845,1,Astrograph,,"Hamburg-Bergedorf, Germany",Hamburger Sternwarte,53.482,10.242,11,Lippert-Astrograph,,True,5893.545115,GE100KM,True,True,True,27,B,7359,4627,2.000000,A_LE30MIN,49.8845,10.8881,10.242,53.482,10.88810000,49.88450000,10.24200000,53.48200000,SWAP,NORMAL,402.491931,GE100KM,True,True,True
APPLAUSE:139432 | APPLAUSE:13878,Castel Gandolfo,501,139432,96302,120787,1953-08-11T22:44:00+00:00,1953-08-11T23:29:00+00:00,Hamburg,101,13878,7538,9720,1953-08-11T22:53:39+00:00,1953-08-11T23:33:32+00:00,1953-08-11T22:53:39+00:00,1953-08-11T23:29:00+00:00,2121.000,0.97397649,0.30421548,0.97397649,5,5,A,139433,3.000000,A_LE30MIN,3.000000,A_LE30MIN,"Castel Gandolfo, Italy",Vatican Observatory,41.7472,12.6505,1,Zeiss Double Astrograph,,"Hamburg-Bergedorf, Germany",Hamburger Sternwarte,53.482,10.242,1,Lippert-Astrograph,,True,1317.081595,GE100KM,True,True,True,5,A,139433,96303,3.000000,A_LE30MIN,12.6505,41.7472,10.242,53.482,12.65050000,41.74720000,10.24200000,53.48200000,NORMAL,NORMAL,1317.081595,GE100KM,True,True,True
APPLAUSE:139433 | APPLAUSE:13879,Castel Gandolfo,501,139433,96303,120788,1953-08-11T23:32:00+00:00,1953-08-12T00:17:00+00:00,Hamburg,101,13879,7539,9723,1953-08-11T23:43:31+00:00,1953-08-12T00:23:24+00:00,1953-08-11T23:43:31+00:00,1953-08-12T00:17:00+00:00,2009.000,0.99819752,0.30946749,0.99819752,4,4,A,139432,3.000000,A_LE30MIN,3.000000,A_LE30MIN,"Castel Gandolfo, Italy",Vatican Observatory,41.7472,12.6505,1,Zeiss Double Astrograph,,"Hamburg-Bergedorf, Germany",Hamburger Sternwarte,53.482,10.242,1,Lippert-Astrograph,,True,1317.081595,GE100KM,True,True,True,4,A,139432,96302,3.000000,A_LE30MIN,12.6505,41.7472,10.242,53.482,12.65050000,41.74720000,10.24200000,53.48200000,NORMAL,NORMAL,1317.081595,GE100KM,True,True,True
APPLAUSE:138753 | APPLAUSE:34309,Bamberg,208,138753,95623,120122,1963-10-15T21:57:00+00:00,1963-10-15T22:57:00+00:00,South Africa,202,34309,52055,40010,1963-10-15T22:06:00+00:00,1963-10-15T22:36:00+00:00,1963-10-15T22:06:00+00:00,1963-10-15T22:36:00+00:00,1800.000,0.02102801,0.33344704,0.33344704,1,1,B,34310,3.000000,A_LE30MIN,3.000000,A_LE30MIN,"Dr. Remeis-Observatory, Bamberg, Germany",Dr. Remeis-Observatory,10.8881,49.8845,1,Astrograph,,"Boyden Observatory, Bloemfontein, South Africa",Harvard-Boyden St.,-29.0388,26.4047,1,"Metcalf 10"" (250/1240/167)",,True,5105.064989,GE100KM,True,True,True,1,B,34310,52056,3.000000,A_LE30MIN,49.8845,10.8881,26.4047,-29.0388,10.88810000,49.88450000,26.40470000,-29.03880000,SWAP,NORMAL,8908.911756,GE100KM,True,True,True
APPLAUSE:138758 | APPLAUSE:34311,Bamberg,208,138758,95628,120127,1963-10-15T23:10:00+00:00,1963-10-16T00:10:00+00:00,South Africa,202,34311,52057,40012,1963-10-15T23:11:00+00:00,1963-10-15T23:41:00+00:00,1963-10-15T23:11:00+00:00,1963-10-15T23:41:00+00:00,1800.000,0.06164803,1.00000000,1.00000000,1,1,B,34312,3.000000,A_LE30MIN,3.000000,A_LE30MIN,"Dr. Remeis-Observatory, Bamberg, Germany",Dr. Remeis-Observatory,10.8881,49.8845,1,Astrograph,,"Boyden Observatory, Bloemfontein, South Africa",Harvard-Boyden St.,-29.0388,26.4047,1,"Metcalf 10"" (250/1240/167)",,True,5105.064989,GE100KM,True,True,True,1,B,34312,52058,3.000000,A_LE30MIN,49.8845,10.8881,26.4047,-29.0388,10.88810000,49.88450000,26.40470000,-29.03880000,SWAP,NORMAL,8908.911756,GE100KM,True,True,True
APPLAUSE:138758 | APPLAUSE:34312,Bamberg,208,138758,95628,120127,1963-10-15T23:10:00+00:00,1963-10-16T00:10:00+00:00,South Africa,202,34312,52058,40013,1963-10-15T23:44:00+00:00,1963-10-16T00:14:00+00:00,1963-10-15T23:44:00+00:00,1963-10-16T00:10:00+00:00,1560.000,0.06165164,1.00000000,1.00000000,1,1,B,34311,3.000000,A_LE30MIN,3.000000,A_LE30MIN,"Dr. Remeis-Observatory, Bamberg, Germany",Dr. Remeis-Observatory,10.8881,49.8845,1,Astrograph,,"Boyden Observatory, Bloemfontein, South Africa",Harvard-Boyden St.,-29.0388,26.4047,1,"Metcalf 10"" (250/1240/167)",,True,5105.064989,GE100KM,True,True,True,1,B,34311,52057,3.000000,A_LE30MIN,49.8845,10.8881,26.4047,-29.0388,10.88810000,49.88450000,26.40470000,-29.03880000,SWAP,NORMAL,8908.911756,GE100KM,True,True,True
APPLAUSE:133965 | APPLAUSE:15140,Bamberg,208,133965,90835,115366,1959-03-31T22:00:00+00:00,1959-03-31T23:00:00+00:00,Hamburg,101,15140,8403,11024,1959-03-31T22:12:55+00:00,1959-03-31T22:32:51+00:00,1959-03-31T22:12:55+00:00,1959-03-31T22:32:51+00:00,1196.000,0.00182484,1.00000000,1.00000000,7,7,B,15139,3.000000,A_LE30MIN,3.000000,A_LE30MIN,"Dr. Remeis-Observatory, Bamberg, Germany",Dr. Remeis-Observatory,10.8881,49.8845,1,Astrograph,,"Hamburg-Bergedorf, Germany",Hamburger Sternwarte,53.482,10.242,1,Lippert-Astrograph,,True,5893.545115,GE100KM,True,True,True,7,B,15139,8402,3.000000,A_LE30MIN,49.8845,10.8881,10.242,53.482,10.88810000,49.88450000,10.24200000,53.48200000,SWAP,NORMAL,402.491931,GE100KM,True,True,True
APPLAUSE:134029 | APPLAUSE:15155,Bamberg,208,134029,90899,115430,1959-04-03T00:32:00+00:00,1959-04-03T01:32:00+00:00,Hamburg,101,15155,8418,11053,1959-04-03T00:32:39+00:00,1959-04-03T00:52:35+00:00,1959-04-03T00:32:39+00:00,1959-04-03T00:52:35+00:00,1196.000,0.00184470,1.00000000,1.00000000,8,8,B,15156,3.000000,A_LE30MIN,3.000000,A_LE30MIN,"Dr. Remeis-Observatory, Bamberg, Germany",Dr. Remeis-Observatory,10.8881,49.8845,1,Astrograph,,"Hamburg-Bergedorf, Germany",Hamburger Sternwarte,53.482,10.242,1,Lippert-Astrograph,,True,5893.545115,GE100KM,True,True,True,8,B,15156,8419,3.000000,A_LE30MIN,49.8845,10.8881,10.242,53.482,10.88810000,49.88450000,10.24200000,53.48200000,SWAP,NORMAL,402.491931,GE100KM,True,True,True
APPLAUSE:138753 | APPLAUSE:34310,Bamberg,208,138753,95623,120122,1963-10-15T21:57:00+00:00,1963-10-15T22:57:00+00:00,South Africa,202,34310,52056,40011,1963-10-15T22:39:00+00:00,1963-10-15T23:09:00+00:00,1963-10-15T22:39:00+00:00,1963-10-15T22:57:00+00:00,1080.000,0.02102900,0.33351597,0.33351597,1,1,B,34309,3.000000,A_LE30MIN,3.000000,A_LE30MIN,"Dr. Remeis-Observatory, Bamberg, Germany",Dr. Remeis-Observatory,10.8881,49.8845,1,Astrograph,,"Boyden Observatory, Bloemfontein, South Africa",Harvard-Boyden St.,-29.0388,26.4047,1,"Metcalf 10"" (250/1240/167)",,True,5105.064989,GE100KM,True,True,True,1,B,34309,52055,3.000000,A_LE30MIN,49.8845,10.8881,26.4047,-29.0388,10.88810000,49.88450000,26.40470000,-29.03880000,SWAP,NORMAL,8908.911756,GE100KM,True,True,True
APPLAUSE:129357 | APPLAUSE:7549,Bamberg,208,129357,86627,111347,1937-09-06T01:08:00+00:00,1937-09-06T01:38:00+00:00,Hamburg,101,7549,4767,5781,1937-09-06T01:22:10+00:00,1937-09-06T01:32:08+00:00,1937-09-06T01:22:10+00:00,1937-09-06T01:32:08+00:00,598.000,0.02632808,0.95781799,0.95781799,2,2,B,7550,3.000000,A_LE30MIN,3.000000,A_LE30MIN,"Dr. Remeis-Observatory, Bamberg, Germany",Dr. Remeis-Observatory,10.8881,49.8845,1,Astrograph,,"Hamburg-Bergedorf, Germany",Hamburger Sternwarte,53.482,10.242,1,Lippert-Astrograph,,True,5893.545115,GE100KM,True,True,True,2,B,7550,4768,3.000000,A_LE30MIN,49.8845,10.8881,10.242,53.482,10.88810000,49.88450000,10.24200000,53.48200000,SWAP,NORMAL,402.491931,GE100KM,True,True,True
APPLAUSE:133965 | APPLAUSE:15139,Bamberg,208,133965,90835,115366,1959-03-31T22:00:00+00:00,1959-03-31T23:00:00+00:00,Hamburg,101,15139,8402,11021,1959-03-31T21:49:58+00:00,1959-03-31T22:09:55+00:00,1959-03-31T22:00:00+00:00,1959-03-31T22:09:55+00:00,595.000,1.00000000,0.00186009,1.00000000,7,7,B,15140,3.000000,A_LE30MIN,3.000000,A_LE30MIN,"Dr. Remeis-Observatory, Bamberg, Germany",Dr. Remeis-Observatory,10.8881,49.8845,1,Astrograph,,"Hamburg-Bergedorf, Germany",Hamburger Sternwarte,53.482,10.242,1,Lippert-Astrograph,,True,5893.545115,GE100KM,True,True,True,7,B,15140,8403,3.000000,A_LE30MIN,49.8845,10.8881,10.242,53.482,10.88810000,49.88450000,10.24200000,53.48200000,SWAP,NORMAL,402.491931,GE100KM,True,True,True
APPLAUSE:132552 | APPLAUSE:13977,Bamberg,208,132552,89478,114014,1953-09-15T21:27:00+00:00,1953-09-15T22:27:00+00:00,Hamburg,101,13977,7615,9863,1953-09-15T21:46:50+00:00,1953-09-15T21:53:49+00:00,1953-09-15T21:46:50+00:00,1953-09-15T21:53:49+00:00,419.000,0.02068376,1.00000000,1.00000000,2,2,B,13978,3.000000,A_LE30MIN,3.000000,A_LE30MIN,"Dr. Remeis-Observatory, Bamberg, Germany",Dr. Remeis-Observatory,10.8881,49.8845,1,Astrograph,,"Hamburg-Bergedorf, Germany",Hamburger Sternwarte,53.482,10.242,2,Lippert-Astrograph,,True,5893.545115,GE100KM,True,True,True,2,B,13978,7616,3.000000,A_LE30MIN,49.8845,10.8881,10.242,53.482,10.88810000,49.88450000,10.24200000,53.48200000,SWAP,NORMAL,402.491931,GE100KM,True,True,True
APPLAUSE:132552 | APPLAUSE:13978,Bamberg,208,132552,89478,114014,1953-09-15T21:27:00+00:00,1953-09-15T22:27:00+00:00,Hamburg,101,13978,7616,9864,1953-09-15T21:56:49+00:00,1953-09-15T22:03:48+00:00,1953-09-15T21:56:49+00:00,1953-09-15T22:03:48+00:00,419.000,0.02018234,1.00000000,1.00000000,2,2,B,13977,3.000000,A_LE30MIN,3.000000,A_LE30MIN,"Dr. Remeis-Observatory, Bamberg, Germany",Dr. Remeis-Observatory,10.8881,49.8845,1,Astrograph,,"Hamburg-Bergedorf, Germany",Hamburger Sternwarte,53.482,10.242,2,Lippert-Astrograph,,True,5893.545115,GE100KM,True,True,True,2,B,13977,7615,3.000000,A_LE30MIN,49.8845,10.8881,10.242,53.482,10.88810000,49.88450000,10.24200000,53.48200000,SWAP,NORMAL,402.491931,GE100KM,True,True,True
APPLAUSE:132570 | APPLAUSE:139511,Bamberg,208,132570,89496,114032,1953-10-01T19:40:00+00:00,1953-10-01T20:40:00+00:00,Castel Gandolfo,501,139511,96381,120866,1953-10-01T19:52:00+00:00,1953-10-01T19:58:00+00:00,1953-10-01T19:52:00+00:00,1953-10-01T19:58:00+00:00,360.000,0.01981419,1.00000000,1.00000000,14,14,B,139512,3.000000,A_LE30MIN,3.000000,A_LE30MIN,"Dr. Remeis-Observatory, Bamberg, Germany",Dr. Remeis-Observatory,10.8881,49.8845,1,Astrograph,,"Castel Gandolfo, Italy",Vatican Observatory,41.7472,12.6505,1,Zeiss Double Astrograph,,True,4985.847062,GE100KM,True,True,True,14,B,139512,96382,3.000000,A_LE30MIN,49.8845,10.8881,12.6505,41.7472,10.88810000,49.88450000,12.65050000,41.74720000,SWAP,NORMAL,915.006406,GE100KM,True,True,True
APPLAUSE:132570 | APPLAUSE:139512,Bamberg,208,132570,89496,114032,1953-10-01T19:40:00+00:00,1953-10-01T20:40:00+00:00,Castel Gandolfo,501,139512,96382,120867,1953-10-01T20:01:00+00:00,1953-10-01T20:07:00+00:00,1953-10-01T20:01:00+00:00,1953-10-01T20:07:00+00:00,360.000,0.01981477,1.00000000,1.00000000,15,15,B,139511,3.000000,A_LE30MIN,3.000000,A_LE30MIN,"Dr. Remeis-Observatory, Bamberg, Germany",Dr. Remeis-Observatory,10.8881,49.8845,1,Astrograph,,"Castel Gandolfo, Italy",Vatican Observatory,41.7472,12.6505,1,Zeiss Double Astrograph,,True,4985.847062,GE100KM,True,True,True,15,B,139511,96381,3.000000,A_LE30MIN,49.8845,10.8881,12.6505,41.7472,10.88810000,49.88450000,12.65050000,41.74720000,SWAP,NORMAL,915.006406,GE100KM,True,True,True
APPLAUSE:132570 | APPLAUSE:139514,Bamberg,208,132570,89496,114032,1953-10-01T19:40:00+00:00,1953-10-01T20:40:00+00:00,Castel Gandolfo,501,139514,96384,120869,1953-10-01T20:21:00+00:00,1953-10-01T20:27:00+00:00,1953-10-01T20:21:00+00:00,1953-10-01T20:27:00+00:00,360.000,0.01981138,1.00000000,1.00000000,15,15,B,139515,3.000000,A_LE30MIN,3.000000,A_LE30MIN,"Dr. Remeis-Observatory, Bamberg, Germany",Dr. Remeis-Observatory,10.8881,49.8845,1,Astrograph,,"Castel Gandolfo, Italy",Vatican Observatory,41.7472,12.6505,1,Zeiss Double Astrograph,,True,4985.847062,GE100KM,True,True,True,15,B,139515,96385,3.000000,A_LE30MIN,49.8845,10.8881,12.6505,41.7472,10.88810000,49.88450000,12.65050000,41.74720000,SWAP,NORMAL,915.006406,GE100KM,True,True,True
APPLAUSE:132570 | APPLAUSE:139515,Bamberg,208,132570,89496,114032,1953-10-01T19:40:00+00:00,1953-10-01T20:40:00+00:00,Castel Gandolfo,501,139515,96385,120870,1953-10-01T20:30:00+00:00,1953-10-01T20:36:00+00:00,1953-10-01T20:30:00+00:00,1953-10-01T20:36:00+00:00,360.000,0.01981161,1.00000000,1.00000000,15,15,B,139514,3.000000,A_LE30MIN,3.000000,A_LE30MIN,"Dr. Remeis-Observatory, Bamberg, Germany",Dr. Remeis-Observatory,10.8881,49.8845,1,Astrograph,,"Castel Gandolfo, Italy",Vatican Observatory,41.7472,12.6505,1,Zeiss Double Astrograph,,True,4985.847062,GE100KM,True,True,True,15,B,139514,96384,3.000000,A_LE30MIN,49.8845,10.8881,12.6505,41.7472,10.88810000,49.88450000,12.65050000,41.74720000,SWAP,NORMAL,915.006406,GE100KM,True,True,True
APPLAUSE:128541 | APPLAUSE:6907,Bamberg,208,128541,85813,110549,1936-03-20T20:42:00+00:00,1936-03-20T21:22:00+00:00,Hamburg,101,6907,4426,5216,1936-03-20T20:56:14+00:00,1936-03-20T21:00:14+00:00,1936-03-20T20:56:14+00:00,1936-03-20T21:00:14+00:00,240.000,0.01236382,1.00000000,1.00000000,30,30,A,128552,3.000000,A_LE30MIN,3.000000,A_LE30MIN,"Dr. Remeis-Observatory, Bamberg, Germany",Dr. Remeis-Observatory,10.8881,49.8845,1,Astrograph,,"Hamburg-Bergedorf, Germany",Hamburger Sternwarte,53.482,10.242,10,Lippert-Astrograph,,True,5893.545115,GE100KM,True,True,True,30,A,128552,85824,3.000000,A_LE30MIN,49.8845,10.8881,10.242,53.482,10.88810000,49.88450000,10.24200000,53.48200000,SWAP,NORMAL,402.491931,GE100KM,True,True,True
APPLAUSE:128541 | APPLAUSE:6908,Bamberg,208,128541,85813,110549,1936-03-20T20:42:00+00:00,1936-03-20T21:22:00+00:00,Hamburg,101,6908,4426,5216,1936-03-20T21:01:13+00:00,1936-03-20T21:05:13+00:00,1936-03-20T21:01:13+00:00,1936-03-20T21:05:13+00:00,240.000,0.01236382,1.00000000,1.00000000,31,31,A,128552,3.000000,A_LE30MIN,3.000000,A_LE30MIN,"Dr. Remeis-Observatory, Bamberg, Germany",Dr. Remeis-Observatory,10.8881,49.8845,1,Astrograph,,"Hamburg-Bergedorf, Germany",Hamburger Sternwarte,53.482,10.242,10,Lippert-Astrograph,,True,5893.545115,GE100KM,True,True,True,31,A,128552,85824,3.000000,A_LE30MIN,49.8845,10.8881,10.242,53.482,10.88810000,49.88450000,10.24200000,53.48200000,SWAP,NORMAL,402.491931,GE100KM,True,True,True
APPLAUSE:128552 | APPLAUSE:6912,Bamberg,208,128552,85824,110560,1936-03-20T21:25:00+00:00,1936-03-20T21:55:00+00:00,Hamburg,101,6912,4427,5217,1936-03-20T21:26:09+00:00,1936-03-20T21:30:09+00:00,1936-03-20T21:26:09+00:00,1936-03-20T21:30:09+00:00,240.000,0.00984691,1.00000000,1.00000000,32,32,A,128541,3.000000,A_LE30MIN,3.000000,A_LE30MIN,"Dr. Remeis-Observatory, Bamberg, Germany",Dr. Remeis-Observatory,10.8881,49.8845,1,Astrograph,,"Hamburg-Bergedorf, Germany",Hamburger Sternwarte,53.482,10.242,10,Lippert-Astrograph,,True,5893.545115,GE100KM,True,True,True,32,A,128541,85813,3.000000,A_LE30MIN,49.8845,10.8881,10.242,53.482,10.88810000,49.88450000,10.24200000,53.48200000,SWAP,NORMAL,402.491931,GE100KM,True,True,True
APPLAUSE:128541 | APPLAUSE:6905,Bamberg,208,128541,85813,110549,1936-03-20T20:42:00+00:00,1936-03-20T21:22:00+00:00,Hamburg,101,6905,4426,5216,1936-03-20T20:46:16+00:00,1936-03-20T20:50:15+00:00,1936-03-20T20:46:16+00:00,1936-03-20T20:50:15+00:00,239.000,0.01236382,1.00000000,1.00000000,28,28,A,128552,3.000000,A_LE30MIN,3.000000,A_LE30MIN,"Dr. Remeis-Observatory, Bamberg, Germany",Dr. Remeis-Observatory,10.8881,49.8845,1,Astrograph,,"Hamburg-Bergedorf, Germany",Hamburger Sternwarte,53.482,10.242,10,Lippert-Astrograph,,True,5893.545115,GE100KM,True,True,True,28,A,128552,85824,3.000000,A_LE30MIN,49.8845,10.8881,10.242,53.482,10.88810000,49.88450000,10.24200000,53.48200000,SWAP,NORMAL,402.491931,GE100KM,True,True,True
APPLAUSE:128541 | APPLAUSE:6906,Bamberg,208,128541,85813,110549,1936-03-20T20:42:00+00:00,1936-03-20T21:22:00+00:00,Hamburg,101,6906,4426,5216,1936-03-20T20:51:15+00:00,1936-03-20T20:55:14+00:00,1936-03-20T20:51:15+00:00,1936-03-20T20:55:14+00:00,239.000,0.01236382,1.00000000,1.00000000,29,29,A,128552,3.000000,A_LE30MIN,3.000000,A_LE30MIN,"Dr. Remeis-Observatory, Bamberg, Germany",Dr. Remeis-Observatory,10.8881,49.8845,1,Astrograph,,"Hamburg-Bergedorf, Germany",Hamburger Sternwarte,53.482,10.242,10,Lippert-Astrograph,,True,5893.545115,GE100KM,True,True,True,29,A,128552,85824,3.000000,A_LE30MIN,49.8845,10.8881,10.242,53.482,10.88810000,49.88450000,10.24200000,53.48200000,SWAP,NORMAL,402.491931,GE100KM,True,True,True
APPLAUSE:128541 | APPLAUSE:6909,Bamberg,208,128541,85813,110549,1936-03-20T20:42:00+00:00,1936-03-20T21:22:00+00:00,Hamburg,101,6909,4426,5216,1936-03-20T21:06:13+00:00,1936-03-20T21:10:12+00:00,1936-03-20T21:06:13+00:00,1936-03-20T21:10:12+00:00,239.000,0.01236382,1.00000000,1.00000000,32,32,A,128552,3.000000,A_LE30MIN,3.000000,A_LE30MIN,"Dr. Remeis-Observatory, Bamberg, Germany",Dr. Remeis-Observatory,10.8881,49.8845,1,Astrograph,,"Hamburg-Bergedorf, Germany",Hamburger Sternwarte,53.482,10.242,10,Lippert-Astrograph,,True,5893.545115,GE100KM,True,True,True,32,A,128552,85824,3.000000,A_LE30MIN,49.8845,10.8881,10.242,53.482,10.88810000,49.88450000,10.24200000,53.48200000,SWAP,NORMAL,402.491931,GE100KM,True,True,True
APPLAUSE:128541 | APPLAUSE:6910,Bamberg,208,128541,85813,110549,1936-03-20T20:42:00+00:00,1936-03-20T21:22:00+00:00,Hamburg,101,6910,4426,5216,1936-03-20T21:11:12+00:00,1936-03-20T21:15:11+00:00,1936-03-20T21:11:12+00:00,1936-03-20T21:15:11+00:00,239.000,0.01236382,1.00000000,1.00000000,32,32,A,128552,3.000000,A_LE30MIN,3.000000,A_LE30MIN,"Dr. Remeis-Observatory, Bamberg, Germany",Dr. Remeis-Observatory,10.8881,49.8845,1,Astrograph,,"Hamburg-Bergedorf, Germany",Hamburger Sternwarte,53.482,10.242,10,Lippert-Astrograph,,True,5893.545115,GE100KM,True,True,True,32,A,128552,85824,3.000000,A_LE30MIN,49.8845,10.8881,10.242,53.482,10.88810000,49.88450000,10.24200000,53.48200000,SWAP,NORMAL,402.491931,GE100KM,True,True,True
APPLAUSE:128541 | APPLAUSE:6911,Bamberg,208,128541,85813,110549,1936-03-20T20:42:00+00:00,1936-03-20T21:22:00+00:00,Hamburg,101,6911,4426,5216,1936-03-20T21:16:11+00:00,1936-03-20T21:20:10+00:00,1936-03-20T21:16:11+00:00,1936-03-20T21:20:10+00:00,239.000,0.01236382,1.00000000,1.00000000,32,32,A,128552,3.000000,A_LE30MIN,3.000000,A_LE30MIN,"Dr. Remeis-Observatory, Bamberg, Germany",Dr. Remeis-Observatory,10.8881,49.8845,1,Astrograph,,"Hamburg-Bergedorf, Germany",Hamburger Sternwarte,53.482,10.242,10,Lippert-Astrograph,,True,5893.545115,GE100KM,True,True,True,32,A,128552,85824,3.000000,A_LE30MIN,49.8845,10.8881,10.242,53.482,10.88810000,49.88450000,10.24200000,53.48200000,SWAP,NORMAL,402.491931,GE100KM,True,True,True
APPLAUSE:128552 | APPLAUSE:6913,Bamberg,208,128552,85824,110560,1936-03-20T21:25:00+00:00,1936-03-20T21:55:00+00:00,Hamburg,101,6913,4427,5217,1936-03-20T21:31:09+00:00,1936-03-20T21:35:08+00:00,1936-03-20T21:31:09+00:00,1936-03-20T21:35:08+00:00,239.000,0.00984691,1.00000000,1.00000000,32,32,A,128541,3.000000,A_LE30MIN,3.000000,A_LE30MIN,"Dr. Remeis-Observatory, Bamberg, Germany",Dr. Remeis-Observatory,10.8881,49.8845,1,Astrograph,,"Hamburg-Bergedorf, Germany",Hamburger Sternwarte,53.482,10.242,10,Lippert-Astrograph,,True,5893.545115,GE100KM,True,True,True,32,A,128541,85813,3.000000,A_LE30MIN,49.8845,10.8881,10.242,53.482,10.88810000,49.88450000,10.24200000,53.48200000,SWAP,NORMAL,402.491931,GE100KM,True,True,True
APPLAUSE:128552 | APPLAUSE:6914,Bamberg,208,128552,85824,110560,1936-03-20T21:25:00+00:00,1936-03-20T21:55:00+00:00,Hamburg,101,6914,4427,5217,1936-03-20T21:36:08+00:00,1936-03-20T21:40:07+00:00,1936-03-20T21:36:08+00:00,1936-03-20T21:40:07+00:00,239.000,0.00984691,1.00000000,1.00000000,32,32,A,128541,3.000000,A_LE30MIN,3.000000,A_LE30MIN,"Dr. Remeis-Observatory, Bamberg, Germany",Dr. Remeis-Observatory,10.8881,49.8845,1,Astrograph,,"Hamburg-Bergedorf, Germany",Hamburger Sternwarte,53.482,10.242,10,Lippert-Astrograph,,True,5893.545115,GE100KM,True,True,True,32,A,128541,85813,3.000000,A_LE30MIN,49.8845,10.8881,10.242,53.482,10.88810000,49.88450000,10.24200000,53.48200000,SWAP,NORMAL,402.491931,GE100KM,True,True,True
APPLAUSE:128552 | APPLAUSE:6915,Bamberg,208,128552,85824,110560,1936-03-20T21:25:00+00:00,1936-03-20T21:55:00+00:00,Hamburg,101,6915,4427,5217,1936-03-20T21:41:07+00:00,1936-03-20T21:45:06+00:00,1936-03-20T21:41:07+00:00,1936-03-20T21:45:06+00:00,239.000,0.00984691,1.00000000,1.00000000,31,31,A,128541,3.000000,A_LE30MIN,3.000000,A_LE30MIN,"Dr. Remeis-Observatory, Bamberg, Germany",Dr. Remeis-Observatory,10.8881,49.8845,1,Astrograph,,"Hamburg-Bergedorf, Germany",Hamburger Sternwarte,53.482,10.242,10,Lippert-Astrograph,,True,5893.545115,GE100KM,True,True,True,31,A,128541,85813,3.000000,A_LE30MIN,49.8845,10.8881,10.242,53.482,10.88810000,49.88450000,10.24200000,53.48200000,SWAP,NORMAL,402.491931,GE100KM,True,True,True
APPLAUSE:128552 | APPLAUSE:6916,Bamberg,208,128552,85824,110560,1936-03-20T21:25:00+00:00,1936-03-20T21:55:00+00:00,Hamburg,101,6916,4427,5217,1936-03-20T21:46:06+00:00,1936-03-20T21:50:05+00:00,1936-03-20T21:46:06+00:00,1936-03-20T21:50:05+00:00,239.000,0.00984691,1.00000000,1.00000000,30,30,A,128541,3.000000,A_LE30MIN,3.000000,A_LE30MIN,"Dr. Remeis-Observatory, Bamberg, Germany",Dr. Remeis-Observatory,10.8881,49.8845,1,Astrograph,,"Hamburg-Bergedorf, Germany",Hamburger Sternwarte,53.482,10.242,10,Lippert-Astrograph,,True,5893.545115,GE100KM,True,True,True,30,A,128541,85813,3.000000,A_LE30MIN,49.8845,10.8881,10.242,53.482,10.88810000,49.88450000,10.24200000,53.48200000,SWAP,NORMAL,402.491931,GE100KM,True,True,True
APPLAUSE:128552 | APPLAUSE:6917,Bamberg,208,128552,85824,110560,1936-03-20T21:25:00+00:00,1936-03-20T21:55:00+00:00,Hamburg,101,6917,4427,5217,1936-03-20T21:51:05+00:00,1936-03-20T21:55:05+00:00,1936-03-20T21:51:05+00:00,1936-03-20T21:55:00+00:00,235.000,0.00984691,1.00000000,1.00000000,29,29,A,128541,3.000000,A_LE30MIN,3.000000,A_LE30MIN,"Dr. Remeis-Observatory, Bamberg, Germany",Dr. Remeis-Observatory,10.8881,49.8845,1,Astrograph,,"Hamburg-Bergedorf, Germany",Hamburger Sternwarte,53.482,10.242,10,Lippert-Astrograph,,True,5893.545115,GE100KM,True,True,True,29,A,128541,85813,3.000000,A_LE30MIN,49.8845,10.8881,10.242,53.482,10.88810000,49.88450000,10.24200000,53.48200000,SWAP,NORMAL,402.491931,GE100KM,True,True,True
APPLAUSE:139432 | APPLAUSE:13877,Castel Gandolfo,501,139432,96302,120787,1953-08-11T22:44:00+00:00,1953-08-11T23:29:00+00:00,Hamburg,101,13877,7537,9719,1953-08-11T22:07:46+00:00,1953-08-11T22:47:40+00:00,1953-08-11T22:44:00+00:00,1953-08-11T22:47:40+00:00,220.000,0.31145953,1.00000000,1.00000000,5,5,A,139433,3.000000,A_LE30MIN,3.000000,A_LE30MIN,"Castel Gandolfo, Italy",Vatican Observatory,41.7472,12.6505,1,Zeiss Double Astrograph,,"Hamburg-Bergedorf, Germany",Hamburger Sternwarte,53.482,10.242,1,Lippert-Astrograph,,True,1317.081595,GE100KM,True,True,True,5,A,139433,96303,3.000000,A_LE30MIN,12.6505,41.7472,10.242,53.482,12.65050000,41.74720000,10.24200000,53.48200000,NORMAL,NORMAL,1317.081595,GE100KM,True,True,True
APPLAUSE:128541 | APPLAUSE:6904,Bamberg,208,128541,85813,110549,1936-03-20T20:42:00+00:00,1936-03-20T21:22:00+00:00,Hamburg,101,6904,4426,5216,1936-03-20T20:41:17+00:00,1936-03-20T20:45:16+00:00,1936-03-20T20:42:00+00:00,1936-03-20T20:45:16+00:00,196.000,1.00000000,0.01236382,1.00000000,27,27,A,128552,3.000000,A_LE30MIN,3.000000,A_LE30MIN,"Dr. Remeis-Observatory, Bamberg, Germany",Dr. Remeis-Observatory,10.8881,49.8845,1,Astrograph,,"Hamburg-Bergedorf, Germany",Hamburger Sternwarte,53.482,10.242,10,Lippert-Astrograph,,True,5893.545115,GE100KM,True,True,True,27,A,128552,85824,3.000000,A_LE30MIN,49.8845,10.8881,10.242,53.482,10.88810000,49.88450000,10.24200000,53.48200000,SWAP,NORMAL,402.491931,GE100KM,True,True,True
APPLAUSE:134001 | APPLAUSE:15155,Bamberg,208,134001,90871,115402,1959-04-02T23:35:00+00:00,1959-04-03T00:35:00+00:00,Hamburg,101,15155,8418,11053,1959-04-03T00:32:39+00:00,1959-04-03T00:52:35+00:00,1959-04-03T00:32:39+00:00,1959-04-03T00:35:00+00:00,141.000,0.00185666,1.00000000,1.00000000,7,7,B,15156,3.000000,A_LE30MIN,3.000000,A_LE30MIN,"Dr. Remeis-Observatory, Bamberg, Germany",Dr. Remeis-Observatory,10.8881,49.8845,1,Astrograph,,"Hamburg-Bergedorf, Germany",Hamburger Sternwarte,53.482,10.242,1,Lippert-Astrograph,,True,5893.545115,GE100KM,True,True,True,7,B,15156,8419,3.000000,A_LE30MIN,49.8845,10.8881,10.242,53.482,10.88810000,49.88450000,10.24200000,53.48200000,SWAP,NORMAL,402.491931,GE100KM,True,True,True
APPLAUSE:129357 | APPLAUSE:7550,Bamberg,208,129357,86627,111347,1937-09-06T01:08:00+00:00,1937-09-06T01:38:00+00:00,Hamburg,101,7550,4768,5784,1937-09-06T01:35:08+00:00,1937-09-06T01:37:07+00:00,1937-09-06T01:35:08+00:00,1937-09-06T01:37:07+00:00,119.000,0.02637283,0.95436894,0.95436894,2,2,B,7549,3.000000,A_LE30MIN,3.000000,A_LE30MIN,"Dr. Remeis-Observatory, Bamberg, Germany",Dr. Remeis-Observatory,10.8881,49.8845,1,Astrograph,,"Hamburg-Bergedorf, Germany",Hamburger Sternwarte,53.482,10.242,1,Lippert-Astrograph,,True,5893.545115,GE100KM,True,True,True,2,B,7549,4767,3.000000,A_LE30MIN,49.8845,10.8881,10.242,53.482,10.88810000,49.88450000,10.24200000,53.48200000,SWAP,NORMAL,402.491931,GE100KM,True,True,True
APPLAUSE:139433 | APPLAUSE:13878,Castel Gandolfo,501,139433,96303,120788,1953-08-11T23:32:00+00:00,1953-08-12T00:17:00+00:00,Hamburg,101,13878,7538,9720,1953-08-11T22:53:39+00:00,1953-08-11T23:33:32+00:00,1953-08-11T23:32:00+00:00,1953-08-11T23:33:32+00:00,92.000,0.30420981,0.97367975,0.97367975,5,5,A,139432,3.000000,A_LE30MIN,3.000000,A_LE30MIN,"Castel Gandolfo, Italy",Vatican Observatory,41.7472,12.6505,1,Zeiss Double Astrograph,,"Hamburg-Bergedorf, Germany",Hamburger Sternwarte,53.482,10.242,1,Lippert-Astrograph,,True,1317.081595,GE100KM,True,True,True,5,A,139432,96302,3.000000,A_LE30MIN,12.6505,41.7472,10.242,53.482,12.65050000,41.74720000,10.24200000,53.48200000,NORMAL,NORMAL,1317.081595,GE100KM,True,True,True
APPLAUSE:132570 | APPLAUSE:139516,Bamberg,208,132570,89496,114032,1953-10-01T19:40:00+00:00,1953-10-01T20:40:00+00:00,Castel Gandolfo,501,139516,96386,120871,1953-10-01T20:39:00+00:00,1953-10-01T20:45:00+00:00,1953-10-01T20:39:00+00:00,1953-10-01T20:40:00+00:00,60.000,0.01981191,1.00000000,1.00000000,15,15,B,139515,3.000000,A_LE30MIN,3.000000,A_LE30MIN,"Dr. Remeis-Observatory, Bamberg, Germany",Dr. Remeis-Observatory,10.8881,49.8845,1,Astrograph,,"Castel Gandolfo, Italy",Vatican Observatory,41.7472,12.6505,1,Zeiss Double Astrograph,,True,4985.847062,GE100KM,True,True,True,15,B,139515,96385,3.000000,A_LE30MIN,49.8845,10.8881,12.6505,41.7472,10.88810000,49.88450000,12.65050000,41.74720000,SWAP,NORMAL,915.006406,GE100KM,True,True,True
APPLAUSE:122984 | APPLAUSE:4134,Bamberg,208,122984,80278,105220,1931-09-09T01:06:00+00:00,1931-09-09T01:36:00+00:00,Hamburg,101,4134,3196,3766,1931-09-09T01:17:50+00:00,1931-09-09T01:37:47+00:00,1931-09-09T01:17:50+00:00,1931-09-09T01:36:00+00:00,1090.000,0.02645150,1.00000000,1.00000000,6,6,B,4136,3.650000,A_LE30MIN,3.650000,A_LE30MIN,"Dr. Remeis-Observatory, Bamberg, Germany",Dr. Remeis-Observatory,10.8881,49.8845,1,Astrograph,,"Hamburg-Bergedorf, Germany",Hamburger Sternwarte,53.482,10.242,1,Lippert-Astrograph,,True,5893.545115,GE100KM,True,True,True,6,B,4136,3198,3.650000,A_LE30MIN,49.8845,10.8881,10.242,53.482,10.88810000,49.88450000,10.24200000,53.48200000,SWAP,NORMAL,402.491931,GE100KM,True,True,True
APPLAUSE:123398 | APPLAUSE:4258,Bamberg,208,123398,80692,105627,1931-12-17T04:55:00+00:00,1931-12-17T05:25:00+00:00,Hamburg,101,4258,3306,3912,1931-12-17T04:59:34+00:00,1931-12-17T05:14:31+00:00,1931-12-17T04:59:34+00:00,1931-12-17T05:14:31+00:00,897.000,0.02609356,1.00000000,1.00000000,1,2,B,4257,3.816667,A_LE30MIN,1.000000,A_LE30MIN,"Dr. Remeis-Observatory, Bamberg, Germany",Dr. Remeis-Observatory,10.8881,49.8845,1,Astrograph,,"Hamburg-Bergedorf, Germany",Hamburger Sternwarte,53.482,10.242,1,Lippert-Astrograph,,True,5893.545115,GE100KM,True,True,True,1,B,4257,3305,3.816667,A_LE30MIN,49.8845,10.8881,10.242,53.482,10.88810000,49.88450000,10.24200000,53.48200000,SWAP,NORMAL,402.491931,GE100KM,True,True,True
APPLAUSE:123398 | APPLAUSE:4257,Bamberg,208,123398,80692,105627,1931-12-17T04:55:00+00:00,1931-12-17T05:25:00+00:00,Hamburg,101,4257,3305,3911,1931-12-17T04:20:51+00:00,1931-12-17T04:55:45+00:00,1931-12-17T04:55:00+00:00,1931-12-17T04:55:45+00:00,45.000,1.00000000,0.02580067,1.00000000,1,2,B,4258,3.816667,A_LE30MIN,1.000000,A_LE30MIN,"Dr. Remeis-Observatory, Bamberg, Germany",Dr. Remeis-Observatory,10.8881,49.8845,1,Astrograph,,"Hamburg-Bergedorf, Germany",Hamburger Sternwarte,53.482,10.242,1,Lippert-Astrograph,,True,5893.545115,GE100KM,True,True,True,1,B,4258,3306,3.816667,A_LE30MIN,49.8845,10.8881,10.242,53.482,10.88810000,49.88450000,10.24200000,53.48200000,SWAP,NORMAL,402.491931,GE100KM,True,True,True
APPLAUSE:125753 | APPLAUSE:60199,Bamberg,208,125753,83047,107868,1933-04-26T01:35:00+00:00,1933-04-26T02:16:00+00:00,Hamburg,103,60199,18553,21507,1933-04-26T01:41:36+00:00,1933-04-26T01:56:34+00:00,1933-04-26T01:41:36+00:00,1933-04-26T01:56:34+00:00,898.000,0.00537292,1.00000000,1.00000000,1,1,B,60198,3.983333,A_LE30MIN,3.983333,A_LE30MIN,"Dr. Remeis-Observatory, Bamberg, Germany",Dr. Remeis-Observatory,10.8881,49.8845,1,Astrograph,,"Hamburg-Bergedorf, Germany",Hamburger Sternwarte,53.482,10.242,1,1m-Spiegelteleskop,,True,5893.545115,GE100KM,True,True,True,1,B,60198,18552,3.983333,A_LE30MIN,49.8845,10.8881,10.242,53.482,10.88810000,49.88450000,10.24200000,53.48200000,SWAP,NORMAL,402.491931,GE100KM,True,True,True
APPLAUSE:134672 | APPLAUSE:15251,Bamberg,208,134672,91542,116073,1959-09-08T20:40:00+00:00,1959-09-08T21:40:00+00:00,Hamburg,101,15251,8514,11236,1959-09-08T21:28:16+00:00,1959-09-08T22:08:10+00:00,1959-09-08T21:28:16+00:00,1959-09-08T21:40:00+00:00,704.000,0.00065674,0.01834649,0.01834649,2,2,B,15252,3.983333,A_LE30MIN,3.983333,A_LE30MIN,"Dr. Remeis-Observatory, Bamberg, Germany",Dr. Remeis-Observatory,10.8881,49.8845,1,Astrograph,,"Hamburg-Bergedorf, Germany",Hamburger Sternwarte,53.482,10.242,1,Lippert-Astrograph,,True,5893.545115,GE100KM,True,True,True,2,B,15252,8515,3.983333,A_LE30MIN,49.8845,10.8881,10.242,53.482,10.88810000,49.88450000,10.24200000,53.48200000,SWAP,NORMAL,402.491931,GE100KM,True,True,True
APPLAUSE:129538 | APPLAUSE:7749,Bamberg,208,129538,86808,111527,1938-02-17T19:21:00+00:00,1938-02-17T19:51:00+00:00,Hamburg,101,7749,4929,6081,1938-02-17T19:38:34+00:00,1938-02-17T19:42:34+00:00,1938-02-17T19:38:34+00:00,1938-02-17T19:42:34+00:00,240.000,0.02732511,1.00000000,1.00000000,11,11,B,7750,3.983333,A_LE30MIN,3.983333,A_LE30MIN,"Dr. Remeis-Observatory, Bamberg, Germany",Dr. Remeis-Observatory,10.8881,49.8845,1,Astrograph,,"Hamburg-Bergedorf, Germany",Hamburger Sternwarte,53.482,10.242,1,Lippert-Astrograph,,True,5893.545115,GE100KM,True,True,True,11,B,7750,4930,3.983333,A_LE30MIN,49.8845,10.8881,10.242,53.482,10.88810000,49.88450000,10.24200000,53.48200000,SWAP,NORMAL,402.491931,GE100KM,True,True,True
APPLAUSE:129538 | APPLAUSE:7750,Bamberg,208,129538,86808,111527,1938-02-17T19:21:00+00:00,1938-02-17T19:51:00+00:00,Hamburg,101,7750,4930,6084,1938-02-17T19:46:33+00:00,1938-02-17T19:50:33+00:00,1938-02-17T19:46:33+00:00,1938-02-17T19:50:33+00:00,240.000,0.02761238,1.00000000,1.00000000,11,11,B,7749,3.983333,A_LE30MIN,3.983333,A_LE30MIN,"Dr. Remeis-Observatory, Bamberg, Germany",Dr. Remeis-Observatory,10.8881,49.8845,1,Astrograph,,"Hamburg-Bergedorf, Germany",Hamburger Sternwarte,53.482,10.242,1,Lippert-Astrograph,,True,5893.545115,GE100KM,True,True,True,11,B,7749,4929,3.983333,A_LE30MIN,49.8845,10.8881,10.242,53.482,10.88810000,49.88450000,10.24200000,53.48200000,SWAP,NORMAL,402.491931,GE100KM,True,True,True
APPLAUSE:129540 | APPLAUSE:7754,Bamberg,208,129540,86810,111529,1938-02-17T20:23:00+00:00,1938-02-17T20:53:00+00:00,Hamburg,101,7754,4934,6092,1938-02-17T20:23:57+00:00,1938-02-17T20:27:57+00:00,1938-02-17T20:23:57+00:00,1938-02-17T20:27:57+00:00,240.000,0.02718903,0.99755958,0.99755958,9,9,B,7753,3.983333,A_LE30MIN,3.983333,A_LE30MIN,"Dr. Remeis-Observatory, Bamberg, Germany",Dr. Remeis-Observatory,10.8881,49.8845,1,Astrograph,,"Hamburg-Bergedorf, Germany",Hamburger Sternwarte,53.482,10.242,1,Lippert-Astrograph,,True,5893.545115,GE100KM,True,True,True,9,B,7753,4933,3.983333,A_LE30MIN,49.8845,10.8881,10.242,53.482,10.88810000,49.88450000,10.24200000,53.48200000,SWAP,NORMAL,402.491931,GE100KM,True,True,True
APPLAUSE:125753 | APPLAUSE:60198,Bamberg,208,125753,83047,107868,1933-04-26T01:35:00+00:00,1933-04-26T02:16:00+00:00,Hamburg,103,60198,18552,21506,1933-04-26T01:22:39+00:00,1933-04-26T01:37:37+00:00,1933-04-26T01:35:00+00:00,1933-04-26T01:37:37+00:00,157.000,1.00000000,0.00550456,1.00000000,1,1,B,60199,3.983333,A_LE30MIN,3.983333,A_LE30MIN,"Dr. Remeis-Observatory, Bamberg, Germany",Dr. Remeis-Observatory,10.8881,49.8845,1,Astrograph,,"Hamburg-Bergedorf, Germany",Hamburger Sternwarte,53.482,10.242,1,1m-Spiegelteleskop,,True,5893.545115,GE100KM,True,True,True,1,B,60199,18553,3.983333,A_LE30MIN,49.8845,10.8881,10.242,53.482,10.88810000,49.88450000,10.24200000,53.48200000,SWAP,NORMAL,402.491931,GE100KM,True,True,True
APPLAUSE:92138 | APPLAUSE:18461,Hamburg,106,92138,61935,69825,1964-03-10T19:57:17+00:00,1964-03-10T20:47:09+00:00,South Africa,203,18461,30571,32918,1964-03-10T19:46:00+00:00,1964-03-10T20:46:00+00:00,1964-03-10T19:57:17+00:00,1964-03-10T20:46:00+00:00,2923.000,0.02086842,0.09403642,0.09403642,3,3,B,18455,4.000000,A_LE30MIN,4.000000,A_LE30MIN,"Hamburg-Bergedorf, Germany",Hamburger Sternwarte,53.482,10.242,1,AG-Astrograph,,"Boyden Observatory, Bloemfontein, South Africa","Dr. Remeis-Observatory, Southern Station",-29.0388,26.4047,1,Astrograph (ten 10-cm Tessar f/6 cameras),,True,9307.871922,GE100KM,True,True,True,3,B,18455,30565,4.000000,A_LE30MIN,10.242,53.482,26.4047,-29.0388,10.24200000,53.48200000,26.40470000,-29.03880000,NORMAL,NORMAL,9307.871922,GE100KM,True,True,True
APPLAUSE:132570 | APPLAUSE:139510,Bamberg,208,132570,89496,114032,1953-10-01T19:40:00+00:00,1953-10-01T20:40:00+00:00,Castel Gandolfo,501,139510,96380,120865,1953-10-01T19:42:00+00:00,1953-10-01T19:48:00+00:00,1953-10-01T19:42:00+00:00,1953-10-01T19:48:00+00:00,360.000,0.01981551,1.00000000,1.00000000,13,13,B,139509,4.000000,A_LE30MIN,4.000000,A_LE30MIN,"Dr. Remeis-Observatory, Bamberg, Germany",Dr. Remeis-Observatory,10.8881,49.8845,1,Astrograph,,"Castel Gandolfo, Italy",Vatican Observatory,41.7472,12.6505,1,Zeiss Double Astrograph,,True,4985.847062,GE100KM,True,True,True,13,B,139509,96379,4.000000,A_LE30MIN,49.8845,10.8881,12.6505,41.7472,10.88810000,49.88450000,12.65050000,41.74720000,SWAP,NORMAL,915.006406,GE100KM,True,True,True
APPLAUSE:132570 | APPLAUSE:139513,Bamberg,208,132570,89496,114032,1953-10-01T19:40:00+00:00,1953-10-01T20:40:00+00:00,Castel Gandolfo,501,139513,96383,120868,1953-10-01T20:11:00+00:00,1953-10-01T20:17:00+00:00,1953-10-01T20:11:00+00:00,1953-10-01T20:17:00+00:00,360.000,0.01981174,1.00000000,1.00000000,15,15,B,139512,4.000000,A_LE30MIN,4.000000,A_LE30MIN,"Dr. Remeis-Observatory, Bamberg, Germany",Dr. Remeis-Observatory,10.8881,49.8845,1,Astrograph,,"Castel Gandolfo, Italy",Vatican Observatory,41.7472,12.6505,1,Zeiss Double Astrograph,,True,4985.847062,GE100KM,True,True,True,15,B,139512,96382,4.000000,A_LE30MIN,49.8845,10.8881,12.6505,41.7472,10.88810000,49.88450000,12.65050000,41.74720000,SWAP,NORMAL,915.006406,GE100KM,True,True,True
APPLAUSE:127896 | APPLAUSE:6424,Bamberg,208,127896,85170,109927,1935-05-04T21:56:00+00:00,1935-05-04T22:26:00+00:00,Hamburg,101,6424,4279,5027,1935-05-04T22:00:38+00:00,1935-05-04T22:40:32+00:00,1935-05-04T22:00:38+00:00,1935-05-04T22:26:00+00:00,1522.000,0.02086253,0.77899911,0.77899911,4,4,B,6423,4.483333,A_LE30MIN,4.483333,A_LE30MIN,"Dr. Remeis-Observatory, Bamberg, Germany",Dr. Remeis-Observatory,10.8881,49.8845,1,Astrograph,,"Hamburg-Bergedorf, Germany",Hamburger Sternwarte,53.482,10.242,1,Lippert-Astrograph,,True,5893.545115,GE100KM,True,True,True,4,B,6423,4278,4.483333,A_LE30MIN,49.8845,10.8881,10.242,53.482,10.88810000,49.88450000,10.24200000,53.48200000,SWAP,NORMAL,402.491931,GE100KM,True,True,True
APPLAUSE:127892 | APPLAUSE:6424,Bamberg,208,127892,85166,109923,1935-05-04T22:27:00+00:00,1935-05-04T22:57:00+00:00,Hamburg,101,6424,4279,5027,1935-05-04T22:00:38+00:00,1935-05-04T22:40:32+00:00,1935-05-04T22:27:00+00:00,1935-05-04T22:40:32+00:00,812.000,0.33526212,0.00672863,0.33526212,4,4,B,6423,4.483333,A_LE30MIN,4.483333,A_LE30MIN,"Dr. Remeis-Observatory, Bamberg, Germany",Dr. Remeis-Observatory,10.8881,49.8845,1,Astrograph,,"Hamburg-Bergedorf, Germany",Hamburger Sternwarte,53.482,10.242,1,Lippert-Astrograph,,True,5893.545115,GE100KM,True,True,True,4,B,6423,4278,4.483333,A_LE30MIN,49.8845,10.8881,10.242,53.482,10.88810000,49.88450000,10.24200000,53.48200000,SWAP,NORMAL,402.491931,GE100KM,True,True,True
APPLAUSE:127897 | APPLAUSE:6424,Bamberg,208,127897,85171,109928,1935-05-04T22:27:00+00:00,1935-05-04T22:57:00+00:00,Hamburg,101,6424,4279,5027,1935-05-04T22:00:38+00:00,1935-05-04T22:40:32+00:00,1935-05-04T22:27:00+00:00,1935-05-04T22:40:32+00:00,812.000,1.00000000,0.02639559,1.00000000,4,4,B,6423,4.483333,A_LE30MIN,4.483333,A_LE30MIN,"Dr. Remeis-Observatory, Bamberg, Germany",Dr. Remeis-Observatory,10.8881,49.8845,1,Astrograph,,"Hamburg-Bergedorf, Germany",Hamburger Sternwarte,53.482,10.242,1,Lippert-Astrograph,,True,5893.545115,GE100KM,True,True,True,4,B,6423,4278,4.483333,A_LE30MIN,49.8845,10.8881,10.242,53.482,10.88810000,49.88450000,10.24200000,53.48200000,SWAP,NORMAL,402.491931,GE100KM,True,True,True
APPLAUSE:131192 | APPLAUSE:10671,Bamberg,208,131192,88289,112913,1949-10-22T17:48:00+00:00,1949-10-22T18:48:00+00:00,Hamburg,101,10671,6603,8593,1949-10-22T18:20:38+00:00,1949-10-22T18:21:08+00:00,1949-10-22T18:20:38+00:00,1949-10-22T18:21:08+00:00,30.000,0.00963912,1.00000000,1.00000000,13,13,B,10672,4.483333,A_LE30MIN,4.483333,A_LE30MIN,"Dr. Remeis-Observatory, Bamberg, Germany",Dr. Remeis-Observatory,10.8881,49.8845,1,Astrograph,,"Hamburg-Bergedorf, Germany",Hamburger Sternwarte,53.482,10.242,7,Lippert-Astrograph,,True,5893.545115,GE100KM,True,True,True,13,B,10672,6604,4.483333,A_LE30MIN,49.8845,10.8881,10.242,53.482,10.88810000,49.88450000,10.24200000,53.48200000,SWAP,NORMAL,402.491931,GE100KM,True,True,True
APPLAUSE:131192 | APPLAUSE:10672,Bamberg,208,131192,88289,112913,1949-10-22T17:48:00+00:00,1949-10-22T18:48:00+00:00,Hamburg,101,10672,6604,8594,1949-10-22T18:25:37+00:00,1949-10-22T18:26:07+00:00,1949-10-22T18:25:37+00:00,1949-10-22T18:26:07+00:00,30.000,0.00965130,1.00000000,1.00000000,13,13,B,10671,4.483333,A_LE30MIN,4.483333,A_LE30MIN,"Dr. Remeis-Observatory, Bamberg, Germany",Dr. Remeis-Observatory,10.8881,49.8845,1,Astrograph,,"Hamburg-Bergedorf, Germany",Hamburger Sternwarte,53.482,10.242,7,Lippert-Astrograph,,True,5893.545115,GE100KM,True,True,True,13,B,10671,6603,4.483333,A_LE30MIN,49.8845,10.8881,10.242,53.482,10.88810000,49.88450000,10.24200000,53.48200000,SWAP,NORMAL,402.491931,GE100KM,True,True,True
APPLAUSE:139012 | APPLAUSE:12569,Castel Gandolfo,501,139012,95882,120367,1951-09-19T19:59:00+00:00,1951-09-19T20:14:00+00:00,Hamburg,101,12569,7051,9138,1951-09-19T20:07:22+00:00,1951-09-19T20:07:52+00:00,1951-09-19T20:07:22+00:00,1951-09-19T20:07:52+00:00,30.000,0.10206977,0.22127476,0.22127476,32,32,B,12570,4.483333,A_LE30MIN,4.483333,A_LE30MIN,"Castel Gandolfo, Italy",Vatican Observatory,41.7472,12.6505,1,Zeiss Double Astrograph,,"Hamburg-Bergedorf, Germany",Hamburger Sternwarte,53.482,10.242,6,Lippert-Astrograph,,True,1317.081595,GE100KM,True,True,True,32,B,12570,7052,4.483333,A_LE30MIN,12.6505,41.7472,10.242,53.482,12.65050000,41.74720000,10.24200000,53.48200000,NORMAL,NORMAL,1317.081595,GE100KM,True,True,True
APPLAUSE:139012 | APPLAUSE:12570,Castel Gandolfo,501,139012,95882,120367,1951-09-19T19:59:00+00:00,1951-09-19T20:14:00+00:00,Hamburg,101,12570,7052,9139,1951-09-19T20:12:21+00:00,1951-09-19T20:12:51+00:00,1951-09-19T20:12:21+00:00,1951-09-19T20:12:51+00:00,30.000,0.10032817,0.21708521,0.21708521,32,32,B,12569,4.483333,A_LE30MIN,4.483333,A_LE30MIN,"Castel Gandolfo, Italy",Vatican Observatory,41.7472,12.6505,1,Zeiss Double Astrograph,,"Hamburg-Bergedorf, Germany",Hamburger Sternwarte,53.482,10.242,6,Lippert-Astrograph,,True,1317.081595,GE100KM,True,True,True,32,B,12569,7051,4.483333,A_LE30MIN,12.6505,41.7472,10.242,53.482,12.65050000,41.74720000,10.24200000,53.48200000,NORMAL,NORMAL,1317.081595,GE100KM,True,True,True
APPLAUSE:127896 | APPLAUSE:6423,Bamberg,208,127896,85170,109927,1935-05-04T21:56:00+00:00,1935-05-04T22:26:00+00:00,Hamburg,101,6423,4278,5025,1935-05-04T21:16:15+00:00,1935-05-04T21:56:09+00:00,1935-05-04T21:56:00+00:00,1935-05-04T21:56:09+00:00,9.000,0.77654578,0.02086112,0.77654578,3,3,B,6424,4.483333,A_LE30MIN,4.483333,A_LE30MIN,"Dr. Remeis-Observatory, Bamberg, Germany",Dr. Remeis-Observatory,10.8881,49.8845,1,Astrograph,,"Hamburg-Bergedorf, Germany",Hamburger Sternwarte,53.482,10.242,1,Lippert-Astrograph,,True,5893.545115,GE100KM,True,True,True,3,B,6424,4279,4.483333,A_LE30MIN,49.8845,10.8881,10.242,53.482,10.88810000,49.88450000,10.24200000,53.48200000,SWAP,NORMAL,402.491931,GE100KM,True,True,True
APPLAUSE:129175 | APPLAUSE:7459,Bamberg,208,129175,86445,111165,1937-06-10T23:54:00+00:00,1937-06-11T00:24:00+00:00,Hamburg,101,7459,4707,5677,1937-06-10T23:53:25+00:00,1937-06-10T23:58:24+00:00,1937-06-10T23:54:00+00:00,1937-06-10T23:58:24+00:00,264.000,1.00000000,0.00971590,1.00000000,6,6,B,7458,4.650000,A_LE30MIN,4.650000,A_LE30MIN,"Dr. Remeis-Observatory, Bamberg, Germany",Dr. Remeis-Observatory,10.8881,49.8845,1,Astrograph,,"Hamburg-Bergedorf, Germany",Hamburger Sternwarte,53.482,10.242,1,Lippert-Astrograph,,True,5893.545115,GE100KM,True,True,True,6,B,7458,4706,4.650000,A_LE30MIN,49.8845,10.8881,10.242,53.482,10.88810000,49.88450000,10.24200000,53.48200000,SWAP,NORMAL,402.491931,GE100KM,True,True,True
APPLAUSE:129538 | APPLAUSE:7748,Bamberg,208,129538,86808,111527,1938-02-17T19:21:00+00:00,1938-02-17T19:51:00+00:00,Hamburg,101,7748,4928,6079,1938-02-17T19:29:36+00:00,1938-02-17T19:33:35+00:00,1938-02-17T19:29:36+00:00,1938-02-17T19:33:35+00:00,239.000,0.02744061,1.00000000,1.00000000,9,9,B,7747,4.733333,A_LE30MIN,4.733333,A_LE30MIN,"Dr. Remeis-Observatory, Bamberg, Germany",Dr. Remeis-Observatory,10.8881,49.8845,1,Astrograph,,"Hamburg-Bergedorf, Germany",Hamburger Sternwarte,53.482,10.242,1,Lippert-Astrograph,,True,5893.545115,GE100KM,True,True,True,9,B,7747,4927,4.733333,A_LE30MIN,49.8845,10.8881,10.242,53.482,10.88810000,49.88450000,10.24200000,53.48200000,SWAP,NORMAL,402.491931,GE100KM,True,True,True
APPLAUSE:129538 | APPLAUSE:7747,Bamberg,208,129538,86808,111527,1938-02-17T19:21:00+00:00,1938-02-17T19:51:00+00:00,Hamburg,101,7747,4927,6078,1938-02-17T19:20:52+00:00,1938-02-17T19:24:52+00:00,1938-02-17T19:21:00+00:00,1938-02-17T19:24:52+00:00,232.000,1.00000000,0.02760851,1.00000000,11,11,B,7748,4.733333,A_LE30MIN,4.733333,A_LE30MIN,"Dr. Remeis-Observatory, Bamberg, Germany",Dr. Remeis-Observatory,10.8881,49.8845,1,Astrograph,,"Hamburg-Bergedorf, Germany",Hamburger Sternwarte,53.482,10.242,1,Lippert-Astrograph,,True,5893.545115,GE100KM,True,True,True,11,B,7748,4928,4.733333,A_LE30MIN,49.8845,10.8881,10.242,53.482,10.88810000,49.88450000,10.24200000,53.48200000,SWAP,NORMAL,402.491931,GE100KM,True,True,True
APPLAUSE:134509 | APPLAUSE:15212,Bamberg,208,134509,91379,115910,1959-09-02T20:26:00+00:00,1959-09-02T21:26:00+00:00,Hamburg,101,15212,8475,11161,1959-09-02T20:22:06+00:00,1959-09-02T21:02:00+00:00,1959-09-02T20:26:00+00:00,1959-09-02T21:02:00+00:00,2160.000,1.00000000,0.07229828,1.00000000,4,4,B,15211,4.983333,A_LE30MIN,4.983333,A_LE30MIN,"Dr. Remeis-Observatory, Bamberg, Germany",Dr. Remeis-Observatory,10.8881,49.8845,1,Astrograph,,"Hamburg-Bergedorf, Germany",Hamburger Sternwarte,53.482,10.242,1,Lippert-Astrograph,,True,5893.545115,GE100KM,True,True,True,4,B,15211,8474,4.983333,A_LE30MIN,49.8845,10.8881,10.242,53.482,10.88810000,49.88450000,10.24200000,53.48200000,SWAP,NORMAL,402.491931,GE100KM,True,True,True
APPLAUSE:134510 | APPLAUSE:15212,Bamberg,208,134510,91380,115911,1959-09-02T20:26:00+00:00,1959-09-02T21:26:00+00:00,Hamburg,101,15212,8475,11161,1959-09-02T20:22:06+00:00,1959-09-02T21:02:00+00:00,1959-09-02T20:26:00+00:00,1959-09-02T21:02:00+00:00,2160.000,0.09430721,0.00345688,0.09430721,4,4,B,15211,4.983333,A_LE30MIN,4.983333,A_LE30MIN,"Dr. Remeis-Observatory, Bamberg, Germany",Dr. Remeis-Observatory,10.8881,49.8845,1,Astrograph,,"Hamburg-Bergedorf, Germany",Hamburger Sternwarte,53.482,10.242,1,Lippert-Astrograph,,True,5893.545115,GE100KM,True,True,True,4,B,15211,8474,4.983333,A_LE30MIN,49.8845,10.8881,10.242,53.482,10.88810000,49.88450000,10.24200000,53.48200000,SWAP,NORMAL,402.491931,GE100KM,True,True,True
APPLAUSE:131797 | APPLAUSE:12757,Bamberg,208,131797,88738,113298,1951-10-02T19:39:00+00:00,1951-10-02T20:35:00+00:00,Hamburg,101,12757,7085,9173,1951-10-02T19:32:12+00:00,1951-10-02T20:12:06+00:00,1951-10-02T19:39:00+00:00,1951-10-02T20:12:06+00:00,1986.000,0.02529030,0.02039043,0.02529030,2,2,B,12758,4.983333,A_LE30MIN,4.983333,A_LE30MIN,"Dr. Remeis-Observatory, Bamberg, Germany",Dr. Remeis-Observatory,10.8881,49.8845,1,Astrograph,,"Hamburg-Bergedorf, Germany",Hamburger Sternwarte,53.482,10.242,1,Lippert-Astrograph,,True,5893.545115,GE100KM,True,True,True,2,B,12758,7086,4.983333,A_LE30MIN,49.8845,10.8881,10.242,53.482,10.88810000,49.88450000,10.24200000,53.48200000,SWAP,NORMAL,402.491931,GE100KM,True,True,True
APPLAUSE:134021 | APPLAUSE:15151,Bamberg,208,134021,90891,115422,1959-04-02T22:21:00+00:00,1959-04-02T23:21:00+00:00,Hamburg,101,15151,8414,11045,1959-04-02T22:57:54+00:00,1959-04-02T23:17:51+00:00,1959-04-02T22:57:54+00:00,1959-04-02T23:17:51+00:00,1197.000,0.00186503,1.00000000,1.00000000,12,12,B,15150,4.983333,A_LE30MIN,4.983333,A_LE30MIN,"Dr. Remeis-Observatory, Bamberg, Germany",Dr. Remeis-Observatory,10.8881,49.8845,1,Astrograph,,"Hamburg-Bergedorf, Germany",Hamburger Sternwarte,53.482,10.242,1,Lippert-Astrograph,,True,5893.545115,GE100KM,True,True,True,12,B,15150,8413,4.983333,A_LE30MIN,49.8845,10.8881,10.242,53.482,10.88810000,49.88450000,10.24200000,53.48200000,SWAP,NORMAL,402.491931,GE100KM,True,True,True
APPLAUSE:131797 | APPLAUSE:12758,Bamberg,208,131797,88738,113298,1951-10-02T19:39:00+00:00,1951-10-02T20:35:00+00:00,Hamburg,101,12758,7086,9175,1951-10-02T20:17:05+00:00,1951-10-02T20:56:59+00:00,1951-10-02T20:17:05+00:00,1951-10-02T20:35:00+00:00,1075.000,0.01688856,0.02091626,0.02091626,2,2,B,12757,4.983333,A_LE30MIN,4.983333,A_LE30MIN,"Dr. Remeis-Observatory, Bamberg, Germany",Dr. Remeis-Observatory,10.8881,49.8845,1,Astrograph,,"Hamburg-Bergedorf, Germany",Hamburger Sternwarte,53.482,10.242,1,Lippert-Astrograph,,True,5893.545115,GE100KM,True,True,True,2,B,12757,7085,4.983333,A_LE30MIN,49.8845,10.8881,10.242,53.482,10.88810000,49.88450000,10.24200000,53.48200000,SWAP,NORMAL,402.491931,GE100KM,True,True,True
APPLAUSE:134509 | APPLAUSE:15213,Bamberg,208,134509,91379,115910,1959-09-02T20:26:00+00:00,1959-09-02T21:26:00+00:00,Hamburg,101,15213,8476,11162,1959-09-02T21:12:58+00:00,1959-09-02T21:52:52+00:00,1959-09-02T21:12:58+00:00,1959-09-02T21:26:00+00:00,782.000,0.07141099,1.00000000,1.00000000,4,4,B,15214,4.983333,A_LE30MIN,4.983333,A_LE30MIN,"Dr. Remeis-Observatory, Bamberg, Germany",Dr. Remeis-Observatory,10.8881,49.8845,1,Astrograph,,"Hamburg-Bergedorf, Germany",Hamburger Sternwarte,53.482,10.242,1,Lippert-Astrograph,,True,5893.545115,GE100KM,True,True,True,4,B,15214,8477,4.983333,A_LE30MIN,49.8845,10.8881,10.242,53.482,10.88810000,49.88450000,10.24200000,53.48200000,SWAP,NORMAL,402.491931,GE100KM,True,True,True
APPLAUSE:134510 | APPLAUSE:15213,Bamberg,208,134510,91380,115911,1959-09-02T20:26:00+00:00,1959-09-02T21:26:00+00:00,Hamburg,101,15213,8476,11162,1959-09-02T21:12:58+00:00,1959-09-02T21:52:52+00:00,1959-09-02T21:12:58+00:00,1959-09-02T21:26:00+00:00,782.000,0.00316600,0.08746473,0.08746473,4,4,B,15214,4.983333,A_LE30MIN,4.983333,A_LE30MIN,"Dr. Remeis-Observatory, Bamberg, Germany",Dr. Remeis-Observatory,10.8881,49.8845,1,Astrograph,,"Hamburg-Bergedorf, Germany",Hamburger Sternwarte,53.482,10.242,1,Lippert-Astrograph,,True,5893.545115,GE100KM,True,True,True,4,B,15214,8477,4.983333,A_LE30MIN,49.8845,10.8881,10.242,53.482,10.88810000,49.88450000,10.24200000,53.48200000,SWAP,NORMAL,402.491931,GE100KM,True,True,True
APPLAUSE:132028 | APPLAUSE:13611,Bamberg,208,132028,88955,113507,1952-07-21T23:27:00+00:00,1952-07-22T00:24:00+00:00,Hamburg,101,13611,7348,9502,1952-07-21T23:27:24+00:00,1952-07-21T23:35:22+00:00,1952-07-21T23:27:24+00:00,1952-07-21T23:35:22+00:00,478.000,0.02077196,1.00000000,1.00000000,5,5,B,13610,4.983333,A_LE30MIN,4.983333,A_LE30MIN,"Dr. Remeis-Observatory, Bamberg, Germany",Dr. Remeis-Observatory,10.8881,49.8845,1,Astrograph,,"Hamburg-Bergedorf, Germany",Hamburger Sternwarte,53.482,10.242,1,Lippert-Astrograph,,True,5893.545115,GE100KM,True,True,True,5,B,13610,7347,4.983333,A_LE30MIN,49.8845,10.8881,10.242,53.482,10.88810000,49.88450000,10.24200000,53.48200000,SWAP,NORMAL,402.491931,GE100KM,True,True,True
APPLAUSE:131792 | APPLAUSE:12757,Bamberg,208,131792,88736,113296,1951-10-02T18:37:00+00:00,1951-10-02T19:35:00+00:00,Hamburg,101,12757,7085,9173,1951-10-02T19:32:12+00:00,1951-10-02T20:12:06+00:00,1951-10-02T19:32:12+00:00,1951-10-02T19:35:00+00:00,168.000,0.00471415,0.00583338,0.00583338,2,2,B,12758,4.983333,A_LE30MIN,4.983333,A_LE30MIN,"Dr. Remeis-Observatory, Bamberg, Germany",Dr. Remeis-Observatory,10.8881,49.8845,1,Astrograph,,"Hamburg-Bergedorf, Germany",Hamburger Sternwarte,53.482,10.242,1,Lippert-Astrograph,,True,5893.545115,GE100KM,True,True,True,2,B,12758,7086,4.983333,A_LE30MIN,49.8845,10.8881,10.242,53.482,10.88810000,49.88450000,10.24200000,53.48200000,SWAP,NORMAL,402.491931,GE100KM,True,True,True
APPLAUSE:136640 | APPLAUSE:43088,Bamberg,208,136640,93510,118027,1961-01-18T18:20:00+00:00,1961-01-18T19:20:00+00:00,Hamburg,102,43088,10721,13295,1961-01-18T18:40:19+00:00,1961-01-18T19:40:09+00:00,1961-01-18T18:40:19+00:00,1961-01-18T19:20:00+00:00,2381.000,0.09360290,0.56716174,0.56716174,2,3,A,136635,5.000000,A_LE30MIN,5.000000,A_LE30MIN,"Dr. Remeis-Observatory, Bamberg, Germany",Dr. Remeis-Observatory,10.8881,49.8845,1,Astrograph,,"Hamburg-Bergedorf, Germany",Hamburger Sternwarte,53.482,10.242,1,Grosser Schmidt-Spiegel,,True,5893.545115,GE100KM,True,True,True,2,A,136635,93505,5.000000,A_LE30MIN,49.8845,10.8881,10.242,53.482,10.88810000,49.88450000,10.24200000,53.48200000,SWAP,NORMAL,402.491931,GE100KM,True,True,True
APPLAUSE:134337 | APPLAUSE:15181,Bamberg,208,134337,91207,115738,1959-08-07T21:35:00+00:00,1959-08-07T22:35:00+00:00,Hamburg,101,15181,8444,11105,1959-08-07T21:57:22+00:00,1959-08-07T22:27:17+00:00,1959-08-07T21:57:22+00:00,1959-08-07T22:27:17+00:00,1795.000,0.03988249,1.00000000,1.00000000,2,2,A,134333,5.000000,A_LE30MIN,5.000000,A_LE30MIN,"Dr. Remeis-Observatory, Bamberg, Germany",Dr. Remeis-Observatory,10.8881,49.8845,1,Astrograph,,"Hamburg-Bergedorf, Germany",Hamburger Sternwarte,53.482,10.242,1,Lippert-Astrograph,,True,5893.545115,GE100KM,True,True,True,2,A,134333,91203,5.000000,A_LE30MIN,49.8845,10.8881,10.242,53.482,10.88810000,49.88450000,10.24200000,53.48200000,SWAP,NORMAL,402.491931,GE100KM,True,True,True
APPLAUSE:133846 | APPLAUSE:15106,Bamberg,208,133846,90716,115247,1959-03-02T19:30:00+00:00,1959-03-02T20:30:00+00:00,Hamburg,101,15106,56052,61572,1959-03-02T20:00:36+00:00,1959-03-02T20:30:31+00:00,1959-03-02T20:00:36+00:00,1959-03-02T20:30:00+00:00,1764.000,0.00266557,0.07329444,0.07329444,3,3,A,133843,5.000000,A_LE30MIN,5.000000,A_LE30MIN,"Dr. Remeis-Observatory, Bamberg, Germany",Dr. Remeis-Observatory,10.8881,49.8845,1,Astrograph,,"Hamburg-Bergedorf, Germany",Hamburger Sternwarte,53.482,10.242,1,Lippert-Astrograph,,True,5893.545115,GE100KM,True,True,True,3,A,133843,90713,5.000000,A_LE30MIN,49.8845,10.8881,10.242,53.482,10.88810000,49.88450000,10.24200000,53.48200000,SWAP,NORMAL,402.491931,GE100KM,True,True,True
APPLAUSE:136635 | APPLAUSE:43087,Bamberg,208,136635,93505,118022,1961-01-18T17:15:00+00:00,1961-01-18T18:15:00+00:00,Hamburg,102,43087,10720,13292,1961-01-18T17:48:57+00:00,1961-01-18T18:28:51+00:00,1961-01-18T17:48:57+00:00,1961-01-18T18:15:00+00:00,1563.000,0.10975266,0.66241382,0.66241382,2,2,A,136640,5.000000,A_LE30MIN,5.000000,A_LE30MIN,"Dr. Remeis-Observatory, Bamberg, Germany",Dr. Remeis-Observatory,10.8881,49.8845,1,Astrograph,,"Hamburg-Bergedorf, Germany",Hamburger Sternwarte,53.482,10.242,1,Grosser Schmidt-Spiegel,,True,5893.545115,GE100KM,True,True,True,2,A,136640,93510,5.000000,A_LE30MIN,49.8845,10.8881,10.242,53.482,10.88810000,49.88450000,10.24200000,53.48200000,SWAP,NORMAL,402.491931,GE100KM,True,True,True
APPLAUSE:138853 | APPLAUSE:18065,Bamberg,208,138853,95723,120217,1964-01-11T20:55:00+00:00,1964-01-11T21:15:00+00:00,South Africa,203,18065,30175,32607,1964-01-11T20:21:00+00:00,1964-01-11T21:21:00+00:00,1964-01-11T20:55:00+00:00,1964-01-11T21:15:00+00:00,1200.000,0.03587949,0.00899651,0.03587949,3,3,A,138851,5.000000,A_LE30MIN,5.000000,A_LE30MIN,"Dr. Remeis-Observatory, Bamberg, Germany",Dr. Remeis-Observatory,10.8881,49.8845,1,Astrograph,,"Boyden Observatory, Bloemfontein, South Africa","Dr. Remeis-Observatory, Southern Station",-29.0388,26.4047,1,Astrograph (ten 10-cm Tessar f/6 cameras),,True,5105.064989,GE100KM,True,True,True,3,A,138851,95721,5.000000,A_LE30MIN,49.8845,10.8881,26.4047,-29.0388,10.88810000,49.88450000,26.40470000,-29.03880000,SWAP,NORMAL,8908.911756,GE100KM,True,True,True
APPLAUSE:135123 | APPLAUSE:15274,Bamberg,208,135123,91993,116524,1959-10-06T22:40:00+00:00,1959-10-06T23:40:00+00:00,Hamburg,101,15274,8537,11282,1959-10-06T22:40:11+00:00,1959-10-06T23:00:08+00:00,1959-10-06T22:40:11+00:00,1959-10-06T23:00:08+00:00,1197.000,0.03471995,0.91665898,0.91665898,1,1,A,135127,5.000000,A_LE30MIN,5.000000,A_LE30MIN,"Dr. Remeis-Observatory, Bamberg, Germany",Dr. Remeis-Observatory,10.8881,49.8845,1,Astrograph,,"Hamburg-Bergedorf, Germany",Hamburger Sternwarte,53.482,10.242,1,Lippert-Astrograph,,True,5893.545115,GE100KM,True,True,True,1,A,135127,91997,5.000000,A_LE30MIN,49.8845,10.8881,10.242,53.482,10.88810000,49.88450000,10.24200000,53.48200000,SWAP,NORMAL,402.491931,GE100KM,True,True,True
APPLAUSE:135226 | APPLAUSE:15284,Bamberg,208,135226,92096,116627,1959-10-09T21:35:00+00:00,1959-10-09T22:35:00+00:00,Hamburg,101,15284,8547,11301,1959-10-09T22:06:57+00:00,1959-10-09T22:26:54+00:00,1959-10-09T22:06:57+00:00,1959-10-09T22:26:54+00:00,1197.000,0.07340447,1.00000000,1.00000000,1,2,A,135230,5.000000,A_LE30MIN,5.000000,A_LE30MIN,"Dr. Remeis-Observatory, Bamberg, Germany",Dr. Remeis-Observatory,10.8881,49.8845,1,Astrograph,,"Hamburg-Bergedorf, Germany",Hamburger Sternwarte,53.482,10.242,1,Lippert-Astrograph,,True,5893.545115,GE100KM,True,True,True,1,A,135230,92100,5.000000,A_LE30MIN,49.8845,10.8881,10.242,53.482,10.88810000,49.88450000,10.24200000,53.48200000,SWAP,NORMAL,402.491931,GE100KM,True,True,True
APPLAUSE:135159 | APPLAUSE:15280,Bamberg,208,135159,92029,116560,1959-10-07T22:40:00+00:00,1959-10-07T23:40:00+00:00,Hamburg,101,15280,8543,11293,1959-10-07T23:04:41+00:00,1959-10-07T23:24:37+00:00,1959-10-07T23:04:41+00:00,1959-10-07T23:24:37+00:00,1196.000,0.03332733,0.88276592,0.88276592,1,2,A,135163,5.000000,A_LE30MIN,5.000000,A_LE30MIN,"Dr. Remeis-Observatory, Bamberg, Germany",Dr. Remeis-Observatory,10.8881,49.8845,1,Astrograph,,"Hamburg-Bergedorf, Germany",Hamburger Sternwarte,53.482,10.242,1,Lippert-Astrograph,,True,5893.545115,GE100KM,True,True,True,1,A,135163,92033,5.000000,A_LE30MIN,49.8845,10.8881,10.242,53.482,10.88810000,49.88450000,10.24200000,53.48200000,SWAP,NORMAL,402.491931,GE100KM,True,True,True
APPLAUSE:135592 | APPLAUSE:91720,Bamberg,208,135592,92462,116992,1960-03-23T00:21:00+00:00,1960-03-23T01:21:00+00:00,Hamburg,106,91720,61523,69007,1960-03-23T00:52:38+00:00,1960-03-23T01:07:36+00:00,1960-03-23T00:52:38+00:00,1960-03-23T01:07:36+00:00,898.000,0.02020589,1.00000000,1.00000000,1,1,A,135597,5.000000,A_LE30MIN,5.000000,A_LE30MIN,"Dr. Remeis-Observatory, Bamberg, Germany",Dr. Remeis-Observatory,10.8881,49.8845,1,Astrograph,,"Hamburg-Bergedorf, Germany",Hamburger Sternwarte,53.482,10.242,1,AG-Astrograph,,True,5893.545115,GE100KM,True,True,True,1,A,135597,92467,5.000000,A_LE30MIN,49.8845,10.8881,10.242,53.482,10.88810000,49.88450000,10.24200000,53.48200000,SWAP,NORMAL,402.491931,GE100KM,True,True,True
APPLAUSE:133902 | APPLAUSE:15125,Bamberg,208,133902,90772,115303,1959-03-10T01:21:00+00:00,1959-03-10T02:21:00+00:00,Hamburg,101,15125,8390,11000,1959-03-10T02:09:00+00:00,1959-03-10T02:28:56+00:00,1959-03-10T02:09:00+00:00,1959-03-10T02:21:00+00:00,720.000,0.00186436,1.00000000,1.00000000,4,4,B,15126,5.000000,A_LE30MIN,5.000000,A_LE30MIN,"Dr. Remeis-Observatory, Bamberg, Germany",Dr. Remeis-Observatory,10.8881,49.8845,1,Astrograph,,"Hamburg-Bergedorf, Germany",Hamburger Sternwarte,53.482,10.242,1,Lippert-Astrograph,,True,5893.545115,GE100KM,True,True,True,4,B,15126,8391,5.000000,A_LE30MIN,49.8845,10.8881,10.242,53.482,10.88810000,49.88450000,10.24200000,53.48200000,SWAP,NORMAL,402.491931,GE100KM,True,True,True
APPLAUSE:134939 | APPLAUSE:91668,Bamberg,208,134939,91809,116340,1959-09-30T23:50:00+00:00,1959-10-01T00:50:00+00:00,Hamburg,106,91668,61479,68920,1959-10-01T00:09:16+00:00,1959-10-01T00:19:14+00:00,1959-10-01T00:09:16+00:00,1959-10-01T00:19:14+00:00,598.000,0.03800956,0.99600104,0.99600104,1,1,A,134935,5.000000,A_LE30MIN,5.000000,A_LE30MIN,"Dr. Remeis-Observatory, Bamberg, Germany",Dr. Remeis-Observatory,10.8881,49.8845,1,Astrograph,,"Hamburg-Bergedorf, Germany",Hamburger Sternwarte,53.482,10.242,1,AG-Astrograph,,True,5893.545115,GE100KM,True,True,True,1,A,134935,91805,5.000000,A_LE30MIN,49.8845,10.8881,10.242,53.482,10.88810000,49.88450000,10.24200000,53.48200000,SWAP,NORMAL,402.491931,GE100KM,True,True,True
APPLAUSE:134939 | APPLAUSE:91669,Bamberg,208,134939,91809,116340,1959-09-30T23:50:00+00:00,1959-10-01T00:50:00+00:00,Hamburg,106,91669,61480,68922,1959-10-01T00:22:49+00:00,1959-10-01T00:32:47+00:00,1959-10-01T00:22:49+00:00,1959-10-01T00:32:47+00:00,598.000,0.03810140,0.99652811,0.99652811,1,1,A,134935,5.000000,A_LE30MIN,5.000000,A_LE30MIN,"Dr. Remeis-Observatory, Bamberg, Germany",Dr. Remeis-Observatory,10.8881,49.8845,1,Astrograph,,"Hamburg-Bergedorf, Germany",Hamburger Sternwarte,53.482,10.242,1,AG-Astrograph,,True,5893.545115,GE100KM,True,True,True,1,A,134935,91805,5.000000,A_LE30MIN,49.8845,10.8881,10.242,53.482,10.88810000,49.88450000,10.24200000,53.48200000,SWAP,NORMAL,402.491931,GE100KM,True,True,True
APPLAUSE:134940 | APPLAUSE:91668,Bamberg,208,134940,91810,116341,1959-09-30T23:50:00+00:00,1959-10-01T00:50:00+00:00,Hamburg,106,91668,61479,68920,1959-10-01T00:09:16+00:00,1959-10-01T00:19:14+00:00,1959-10-01T00:09:16+00:00,1959-10-01T00:19:14+00:00,598.000,0.02012813,1.00000000,1.00000000,1,1,A,134936,5.000000,A_LE30MIN,5.000000,A_LE30MIN,"Dr. Remeis-Observatory, Bamberg, Germany",Dr. Remeis-Observatory,10.8881,49.8845,1,Astrograph,,"Hamburg-Bergedorf, Germany",Hamburger Sternwarte,53.482,10.242,1,AG-Astrograph,,True,5893.545115,GE100KM,True,True,True,1,A,134936,91806,5.000000,A_LE30MIN,49.8845,10.8881,10.242,53.482,10.88810000,49.88450000,10.24200000,53.48200000,SWAP,NORMAL,402.491931,GE100KM,True,True,True
APPLAUSE:134940 | APPLAUSE:91669,Bamberg,208,134940,91810,116341,1959-09-30T23:50:00+00:00,1959-10-01T00:50:00+00:00,Hamburg,106,91669,61480,68922,1959-10-01T00:22:49+00:00,1959-10-01T00:32:47+00:00,1959-10-01T00:22:49+00:00,1959-10-01T00:32:47+00:00,598.000,0.02020239,1.00000000,1.00000000,1,2,A,134936,5.000000,A_LE30MIN,5.000000,A_LE30MIN,"Dr. Remeis-Observatory, Bamberg, Germany",Dr. Remeis-Observatory,10.8881,49.8845,1,Astrograph,,"Hamburg-Bergedorf, Germany",Hamburger Sternwarte,53.482,10.242,1,AG-Astrograph,,True,5893.545115,GE100KM,True,True,True,1,A,134936,91806,5.000000,A_LE30MIN,49.8845,10.8881,10.242,53.482,10.88810000,49.88450000,10.24200000,53.48200000,SWAP,NORMAL,402.491931,GE100KM,True,True,True
APPLAUSE:134980 | APPLAUSE:91676,Bamberg,208,134980,91850,116381,1959-10-02T00:55:00+00:00,1959-10-02T01:55:00+00:00,Hamburg,106,91676,61487,68936,1959-10-02T01:17:53+00:00,1959-10-02T01:27:51+00:00,1959-10-02T01:17:53+00:00,1959-10-02T01:27:51+00:00,598.000,0.02042611,1.00000000,1.00000000,2,2,A,134976,5.000000,A_LE30MIN,5.000000,A_LE30MIN,"Dr. Remeis-Observatory, Bamberg, Germany",Dr. Remeis-Observatory,10.8881,49.8845,1,Astrograph,,"Hamburg-Bergedorf, Germany",Hamburger Sternwarte,53.482,10.242,1,AG-Astrograph,,True,5893.545115,GE100KM,True,True,True,2,A,134976,91846,5.000000,A_LE30MIN,49.8845,10.8881,10.242,53.482,10.88810000,49.88450000,10.24200000,53.48200000,SWAP,NORMAL,402.491931,GE100KM,True,True,True
APPLAUSE:134980 | APPLAUSE:91677,Bamberg,208,134980,91850,116381,1959-10-02T00:55:00+00:00,1959-10-02T01:55:00+00:00,Hamburg,106,91677,61488,68938,1959-10-02T01:45:23+00:00,1959-10-02T01:55:22+00:00,1959-10-02T01:45:23+00:00,1959-10-02T01:55:00+00:00,577.000,0.02003171,1.00000000,1.00000000,2,2,A,134976,5.000000,A_LE30MIN,5.000000,A_LE30MIN,"Dr. Remeis-Observatory, Bamberg, Germany",Dr. Remeis-Observatory,10.8881,49.8845,1,Astrograph,,"Hamburg-Bergedorf, Germany",Hamburger Sternwarte,53.482,10.242,1,AG-Astrograph,,True,5893.545115,GE100KM,True,True,True,2,A,134976,91846,5.000000,A_LE30MIN,49.8845,10.8881,10.242,53.482,10.88810000,49.88450000,10.24200000,53.48200000,SWAP,NORMAL,402.491931,GE100KM,True,True,True
APPLAUSE:134017 | APPLAUSE:91602,Bamberg,208,134017,90887,115418,1959-04-02T21:16:00+00:00,1959-04-02T22:16:00+00:00,Hamburg,106,91602,61413,68788,1959-04-02T21:27:24+00:00,1959-04-02T21:36:22+00:00,1959-04-02T21:27:24+00:00,1959-04-02T21:36:22+00:00,538.000,0.02017892,1.00000000,1.00000000,2,2,A,134021,5.000000,A_LE30MIN,5.000000,A_LE30MIN,"Dr. Remeis-Observatory, Bamberg, Germany",Dr. Remeis-Observatory,10.8881,49.8845,1,Astrograph,,"Hamburg-Bergedorf, Germany",Hamburger Sternwarte,53.482,10.242,1,AG-Astrograph,,True,5893.545115,GE100KM,True,True,True,2,A,134021,90891,5.000000,A_LE30MIN,49.8845,10.8881,10.242,53.482,10.88810000,49.88450000,10.24200000,53.48200000,SWAP,NORMAL,402.491931,GE100KM,True,True,True
APPLAUSE:136640 | APPLAUSE:43087,Bamberg,208,136640,93510,118027,1961-01-18T18:20:00+00:00,1961-01-18T19:20:00+00:00,Hamburg,102,43087,10720,13292,1961-01-18T17:48:57+00:00,1961-01-18T18:28:51+00:00,1961-01-18T18:20:00+00:00,1961-01-18T18:28:51+00:00,531.000,0.57279988,0.09467531,0.57279988,2,3,A,136635,5.000000,A_LE30MIN,5.000000,A_LE30MIN,"Dr. Remeis-Observatory, Bamberg, Germany",Dr. Remeis-Observatory,10.8881,49.8845,1,Astrograph,,"Hamburg-Bergedorf, Germany",Hamburger Sternwarte,53.482,10.242,1,Grosser Schmidt-Spiegel,,True,5893.545115,GE100KM,True,True,True,2,A,136635,93505,5.000000,A_LE30MIN,49.8845,10.8881,10.242,53.482,10.88810000,49.88450000,10.24200000,53.48200000,SWAP,NORMAL,402.491931,GE100KM,True,True,True
APPLAUSE:134944 | APPLAUSE:91671,Bamberg,208,134944,91814,116345,1959-10-01T00:55:00+00:00,1959-10-01T01:55:00+00:00,Hamburg,106,91671,61482,68926,1959-10-01T01:46:25+00:00,1959-10-01T01:56:23+00:00,1959-10-01T01:46:25+00:00,1959-10-01T01:55:00+00:00,515.000,0.02003947,1.00000000,1.00000000,1,1,A,134940,5.000000,A_LE30MIN,5.000000,A_LE30MIN,"Dr. Remeis-Observatory, Bamberg, Germany",Dr. Remeis-Observatory,10.8881,49.8845,1,Astrograph,,"Hamburg-Bergedorf, Germany",Hamburger Sternwarte,53.482,10.242,1,AG-Astrograph,,True,5893.545115,GE100KM,True,True,True,1,A,134940,91810,5.000000,A_LE30MIN,49.8845,10.8881,10.242,53.482,10.88810000,49.88450000,10.24200000,53.48200000,SWAP,NORMAL,402.491931,GE100KM,True,True,True
APPLAUSE:135083 | APPLAUSE:91680,Bamberg,208,135083,91953,116484,1959-10-05T21:35:00+00:00,1959-10-05T22:35:00+00:00,Hamburg,106,91680,61491,68945,1959-10-05T22:23:40+00:00,1959-10-05T22:31:39+00:00,1959-10-05T22:23:40+00:00,1959-10-05T22:31:39+00:00,479.000,0.02049466,1.00000000,1.00000000,1,1,A,135087,5.000000,A_LE30MIN,5.000000,A_LE30MIN,"Dr. Remeis-Observatory, Bamberg, Germany",Dr. Remeis-Observatory,10.8881,49.8845,1,Astrograph,,"Hamburg-Bergedorf, Germany",Hamburger Sternwarte,53.482,10.242,1,AG-Astrograph,,True,5893.545115,GE100KM,True,True,True,1,A,135087,91957,5.000000,A_LE30MIN,49.8845,10.8881,10.242,53.482,10.88810000,49.88450000,10.24200000,53.48200000,SWAP,NORMAL,402.491931,GE100KM,True,True,True
APPLAUSE:135087 | APPLAUSE:91682,Bamberg,208,135087,91957,116488,1959-10-05T22:40:00+00:00,1959-10-05T23:40:00+00:00,Hamburg,106,91682,61493,68949,1959-10-05T22:57:05+00:00,1959-10-05T23:05:04+00:00,1959-10-05T22:57:05+00:00,1959-10-05T23:05:04+00:00,479.000,0.02047788,1.00000000,1.00000000,2,2,A,135083,5.000000,A_LE30MIN,5.000000,A_LE30MIN,"Dr. Remeis-Observatory, Bamberg, Germany",Dr. Remeis-Observatory,10.8881,49.8845,1,Astrograph,,"Hamburg-Bergedorf, Germany",Hamburger Sternwarte,53.482,10.242,1,AG-Astrograph,,True,5893.545115,GE100KM,True,True,True,2,A,135083,91953,5.000000,A_LE30MIN,49.8845,10.8881,10.242,53.482,10.88810000,49.88450000,10.24200000,53.48200000,SWAP,NORMAL,402.491931,GE100KM,True,True,True
APPLAUSE:135091 | APPLAUSE:91684,Bamberg,208,135091,91961,116492,1959-10-05T23:45:00+00:00,1959-10-06T00:45:00+00:00,Hamburg,106,91684,61495,68953,1959-10-05T23:45:42+00:00,1959-10-05T23:53:41+00:00,1959-10-05T23:45:42+00:00,1959-10-05T23:53:41+00:00,479.000,0.02045572,1.00000000,1.00000000,1,1,A,135087,5.000000,A_LE30MIN,5.000000,A_LE30MIN,"Dr. Remeis-Observatory, Bamberg, Germany",Dr. Remeis-Observatory,10.8881,49.8845,1,Astrograph,,"Hamburg-Bergedorf, Germany",Hamburger Sternwarte,53.482,10.242,1,AG-Astrograph,,True,5893.545115,GE100KM,True,True,True,1,A,135087,91957,5.000000,A_LE30MIN,49.8845,10.8881,10.242,53.482,10.88810000,49.88450000,10.24200000,53.48200000,SWAP,NORMAL,402.491931,GE100KM,True,True,True
APPLAUSE:135091 | APPLAUSE:91686,Bamberg,208,135091,91961,116492,1959-10-05T23:45:00+00:00,1959-10-06T00:45:00+00:00,Hamburg,106,91686,61497,68956,1959-10-06T00:22:16+00:00,1959-10-06T00:30:15+00:00,1959-10-06T00:22:16+00:00,1959-10-06T00:30:15+00:00,479.000,0.02038707,1.00000000,1.00000000,2,2,A,135087,5.000000,A_LE30MIN,5.000000,A_LE30MIN,"Dr. Remeis-Observatory, Bamberg, Germany",Dr. Remeis-Observatory,10.8881,49.8845,1,Astrograph,,"Hamburg-Bergedorf, Germany",Hamburger Sternwarte,53.482,10.242,1,AG-Astrograph,,True,5893.545115,GE100KM,True,True,True,2,A,135087,91957,5.000000,A_LE30MIN,49.8845,10.8881,10.242,53.482,10.88810000,49.88450000,10.24200000,53.48200000,SWAP,NORMAL,402.491931,GE100KM,True,True,True
APPLAUSE:135150 | APPLAUSE:91690,Bamberg,208,135150,92020,116551,1959-10-07T20:30:00+00:00,1959-10-07T21:30:00+00:00,Hamburg,106,91690,61501,68964,1959-10-07T21:03:20+00:00,1959-10-07T21:11:19+00:00,1959-10-07T21:03:20+00:00,1959-10-07T21:11:19+00:00,479.000,0.03079547,0.81126508,0.81126508,1,1,A,135146,5.000000,A_LE30MIN,5.000000,A_LE30MIN,"Dr. Remeis-Observatory, Bamberg, Germany",Dr. Remeis-Observatory,10.8881,49.8845,1,Astrograph,,"Hamburg-Bergedorf, Germany",Hamburger Sternwarte,53.482,10.242,1,AG-Astrograph,,True,5893.545115,GE100KM,True,True,True,1,A,135146,92016,5.000000,A_LE30MIN,49.8845,10.8881,10.242,53.482,10.88810000,49.88450000,10.24200000,53.48200000,SWAP,NORMAL,402.491931,GE100KM,True,True,True
APPLAUSE:132028 | APPLAUSE:13612,Bamberg,208,132028,88955,113507,1952-07-21T23:27:00+00:00,1952-07-22T00:24:00+00:00,Hamburg,101,13612,7349,9505,1952-07-21T23:40:22+00:00,1952-07-21T23:48:20+00:00,1952-07-21T23:40:22+00:00,1952-07-21T23:48:20+00:00,478.000,0.02068219,1.00000000,1.00000000,4,4,B,13611,5.000000,A_LE30MIN,5.000000,A_LE30MIN,"Dr. Remeis-Observatory, Bamberg, Germany",Dr. Remeis-Observatory,10.8881,49.8845,1,Astrograph,,"Hamburg-Bergedorf, Germany",Hamburger Sternwarte,53.482,10.242,1,Lippert-Astrograph,,True,5893.545115,GE100KM,True,True,True,4,B,13611,7348,5.000000,A_LE30MIN,49.8845,10.8881,10.242,53.482,10.88810000,49.88450000,10.24200000,53.48200000,SWAP,NORMAL,402.491931,GE100KM,True,True,True
APPLAUSE:133846 | APPLAUSE:91531,Bamberg,208,133846,90716,115247,1959-03-02T19:30:00+00:00,1959-03-02T20:30:00+00:00,Hamburg,106,91531,61342,68646,1959-03-02T20:10:05+00:00,1959-03-02T20:18:03+00:00,1959-03-02T20:10:05+00:00,1959-03-02T20:18:03+00:00,478.000,0.02072236,1.00000000,1.00000000,2,2,A,133843,5.000000,A_LE30MIN,5.000000,A_LE30MIN,"Dr. Remeis-Observatory, Bamberg, Germany",Dr. Remeis-Observatory,10.8881,49.8845,1,Astrograph,,"Hamburg-Bergedorf, Germany",Hamburger Sternwarte,53.482,10.242,1,AG-Astrograph,,True,5893.545115,GE100KM,True,True,True,2,A,133843,90713,5.000000,A_LE30MIN,49.8845,10.8881,10.242,53.482,10.88810000,49.88450000,10.24200000,53.48200000,SWAP,NORMAL,402.491931,GE100KM,True,True,True
APPLAUSE:134975 | APPLAUSE:91675,Bamberg,208,134975,91845,116376,1959-10-01T23:50:00+00:00,1959-10-02T00:50:00+00:00,Hamburg,106,91675,61486,68935,1959-10-01T23:54:17+00:00,1959-10-02T00:02:15+00:00,1959-10-01T23:54:17+00:00,1959-10-02T00:02:15+00:00,478.000,0.02807548,0.74344523,0.74344523,1,1,A,134971,5.000000,A_LE30MIN,5.000000,A_LE30MIN,"Dr. Remeis-Observatory, Bamberg, Germany",Dr. Remeis-Observatory,10.8881,49.8845,1,Astrograph,,"Hamburg-Bergedorf, Germany",Hamburger Sternwarte,53.482,10.242,1,AG-Astrograph,,True,5893.545115,GE100KM,True,True,True,1,A,134971,91841,5.000000,A_LE30MIN,49.8845,10.8881,10.242,53.482,10.88810000,49.88450000,10.24200000,53.48200000,SWAP,NORMAL,402.491931,GE100KM,True,True,True
APPLAUSE:135086 | APPLAUSE:91683,Bamberg,208,135086,91956,116487,1959-10-05T22:40:00+00:00,1959-10-05T23:40:00+00:00,Hamburg,106,91683,61494,68951,1959-10-05T23:23:31+00:00,1959-10-05T23:31:29+00:00,1959-10-05T23:23:31+00:00,1959-10-05T23:31:29+00:00,478.000,0.03813809,1.00000000,1.00000000,1,2,A,135090,5.000000,A_LE30MIN,5.000000,A_LE30MIN,"Dr. Remeis-Observatory, Bamberg, Germany",Dr. Remeis-Observatory,10.8881,49.8845,1,Astrograph,,"Hamburg-Bergedorf, Germany",Hamburger Sternwarte,53.482,10.242,1,AG-Astrograph,,True,5893.545115,GE100KM,True,True,True,1,A,135090,91960,5.000000,A_LE30MIN,49.8845,10.8881,10.242,53.482,10.88810000,49.88450000,10.24200000,53.48200000,SWAP,NORMAL,402.491931,GE100KM,True,True,True
APPLAUSE:135087 | APPLAUSE:91683,Bamberg,208,135087,91957,116488,1959-10-05T22:40:00+00:00,1959-10-05T23:40:00+00:00,Hamburg,106,91683,61494,68951,1959-10-05T23:23:31+00:00,1959-10-05T23:31:29+00:00,1959-10-05T23:23:31+00:00,1959-10-05T23:31:29+00:00,478.000,0.01989017,1.00000000,1.00000000,2,2,A,135083,5.000000,A_LE30MIN,5.000000,A_LE30MIN,"Dr. Remeis-Observatory, Bamberg, Germany",Dr. Remeis-Observatory,10.8881,49.8845,1,Astrograph,,"Hamburg-Bergedorf, Germany",Hamburger Sternwarte,53.482,10.242,1,AG-Astrograph,,True,5893.545115,GE100KM,True,True,True,2,A,135083,91953,5.000000,A_LE30MIN,49.8845,10.8881,10.242,53.482,10.88810000,49.88450000,10.24200000,53.48200000,SWAP,NORMAL,402.491931,GE100KM,True,True,True
APPLAUSE:135091 | APPLAUSE:91685,Bamberg,208,135091,91961,116492,1959-10-05T23:45:00+00:00,1959-10-06T00:45:00+00:00,Hamburg,106,91685,61496,68954,1959-10-05T23:59:15+00:00,1959-10-06T00:07:13+00:00,1959-10-05T23:59:15+00:00,1959-10-06T00:07:13+00:00,478.000,0.02045807,1.00000000,1.00000000,2,2,A,135087,5.000000,A_LE30MIN,5.000000,A_LE30MIN,"Dr. Remeis-Observatory, Bamberg, Germany",Dr. Remeis-Observatory,10.8881,49.8845,1,Astrograph,,"Hamburg-Bergedorf, Germany",Hamburger Sternwarte,53.482,10.242,1,AG-Astrograph,,True,5893.545115,GE100KM,True,True,True,2,A,135087,91957,5.000000,A_LE30MIN,49.8845,10.8881,10.242,53.482,10.88810000,49.88450000,10.24200000,53.48200000,SWAP,NORMAL,402.491931,GE100KM,True,True,True
APPLAUSE:135150 | APPLAUSE:91689,Bamberg,208,135150,92020,116551,1959-10-07T20:30:00+00:00,1959-10-07T21:30:00+00:00,Hamburg,106,91689,61500,68962,1959-10-07T20:36:50+00:00,1959-10-07T20:44:48+00:00,1959-10-07T20:36:50+00:00,1959-10-07T20:44:48+00:00,478.000,0.02972174,0.78407556,0.78407556,1,1,A,135146,5.000000,A_LE30MIN,5.000000,A_LE30MIN,"Dr. Remeis-Observatory, Bamberg, Germany",Dr. Remeis-Observatory,10.8881,49.8845,1,Astrograph,,"Hamburg-Bergedorf, Germany",Hamburger Sternwarte,53.482,10.242,1,AG-Astrograph,,True,5893.545115,GE100KM,True,True,True,1,A,135146,92016,5.000000,A_LE30MIN,49.8845,10.8881,10.242,53.482,10.88810000,49.88450000,10.24200000,53.48200000,SWAP,NORMAL,402.491931,GE100KM,True,True,True
APPLAUSE:135062 | APPLAUSE:91678,Bamberg,208,135062,91932,116463,1959-10-04T22:05:00+00:00,1959-10-04T23:05:00+00:00,Hamburg,106,91678,61489,68941,1959-10-04T22:10:09+00:00,1959-10-04T22:17:58+00:00,1959-10-04T22:10:09+00:00,1959-10-04T22:17:58+00:00,469.000,0.00967842,0.25793668,0.25793668,1,1,A,135058,5.000000,A_LE30MIN,5.000000,A_LE30MIN,"Dr. Remeis-Observatory, Bamberg, Germany",Dr. Remeis-Observatory,10.8881,49.8845,1,Astrograph,,"Hamburg-Bergedorf, Germany",Hamburger Sternwarte,53.482,10.242,1,AG-Astrograph,,True,5893.545115,GE100KM,True,True,True,1,A,135058,91928,5.000000,A_LE30MIN,49.8845,10.8881,10.242,53.482,10.88810000,49.88450000,10.24200000,53.48200000,SWAP,NORMAL,402.491931,GE100KM,True,True,True
APPLAUSE:133399 | APPLAUSE:91481,Bamberg,208,133399,90269,114802,1959-01-29T18:31:00+00:00,1959-01-29T19:31:00+00:00,Hamburg,106,91481,61292,68547,1959-01-29T18:54:16+00:00,1959-01-29T19:00:16+00:00,1959-01-29T18:54:16+00:00,1959-01-29T19:00:16+00:00,360.000,0.01983194,0.99992384,0.99992384,1,1,A,133395,5.000000,A_LE30MIN,5.000000,A_LE30MIN,"Dr. Remeis-Observatory, Bamberg, Germany",Dr. Remeis-Observatory,10.8881,49.8845,1,Astrograph,,"Hamburg-Bergedorf, Germany",Hamburger Sternwarte,53.482,10.242,1,AG-Astrograph,,True,5893.545115,GE100KM,True,True,True,1,A,133395,90265,5.000000,A_LE30MIN,49.8845,10.8881,10.242,53.482,10.88810000,49.88450000,10.24200000,53.48200000,SWAP,NORMAL,402.491931,GE100KM,True,True,True
APPLAUSE:138851 | APPLAUSE:18065,Bamberg,208,138851,95721,120215,1964-01-11T20:44:00+00:00,1964-01-11T20:50:00+00:00,South Africa,203,18065,30175,32607,1964-01-11T20:21:00+00:00,1964-01-11T21:21:00+00:00,1964-01-11T20:44:00+00:00,1964-01-11T20:50:00+00:00,360.000,0.05096761,0.01227051,0.05096761,3,3,A,138849,5.000000,A_LE30MIN,5.000000,A_LE30MIN,"Dr. Remeis-Observatory, Bamberg, Germany",Dr. Remeis-Observatory,10.8881,49.8845,1,Astrograph,,"Boyden Observatory, Bloemfontein, South Africa","Dr. Remeis-Observatory, Southern Station",-29.0388,26.4047,1,Astrograph (ten 10-cm Tessar f/6 cameras),,True,5105.064989,GE100KM,True,True,True,3,A,138849,95719,5.000000,A_LE30MIN,49.8845,10.8881,26.4047,-29.0388,10.88810000,49.88450000,26.40470000,-29.03880000,SWAP,NORMAL,8908.911756,GE100KM,True,True,True
APPLAUSE:133281 | APPLAUSE:91398,Bamberg,208,133281,90151,114685,1958-12-01T21:28:00+00:00,1958-12-01T22:28:00+00:00,Hamburg,106,91398,61209,68381,1958-12-01T21:34:28+00:00,1958-12-01T21:40:27+00:00,1958-12-01T21:34:28+00:00,1958-12-01T21:40:27+00:00,359.000,0.03787586,1.00000000,1.00000000,2,2,A,133277,5.000000,A_LE30MIN,5.000000,A_LE30MIN,"Dr. Remeis-Observatory, Bamberg, Germany",Dr. Remeis-Observatory,10.8881,49.8845,1,Astrograph,,"Hamburg-Bergedorf, Germany",Hamburger Sternwarte,53.482,10.242,1,AG-Astrograph,,True,5893.545115,GE100KM,True,True,True,2,A,133277,90147,5.000000,A_LE30MIN,49.8845,10.8881,10.242,53.482,10.88810000,49.88450000,10.24200000,53.48200000,SWAP,NORMAL,402.491931,GE100KM,True,True,True
APPLAUSE:133281 | APPLAUSE:91399,Bamberg,208,133281,90151,114685,1958-12-01T21:28:00+00:00,1958-12-01T22:28:00+00:00,Hamburg,106,91399,61210,68383,1958-12-01T21:49:55+00:00,1958-12-01T21:55:54+00:00,1958-12-01T21:49:55+00:00,1958-12-01T21:55:54+00:00,359.000,0.03787848,1.00000000,1.00000000,2,2,A,133277,5.000000,A_LE30MIN,5.000000,A_LE30MIN,"Dr. Remeis-Observatory, Bamberg, Germany",Dr. Remeis-Observatory,10.8881,49.8845,1,Astrograph,,"Hamburg-Bergedorf, Germany",Hamburger Sternwarte,53.482,10.242,1,AG-Astrograph,,True,5893.545115,GE100KM,True,True,True,2,A,133277,90147,5.000000,A_LE30MIN,49.8845,10.8881,10.242,53.482,10.88810000,49.88450000,10.24200000,53.48200000,SWAP,NORMAL,402.491931,GE100KM,True,True,True
APPLAUSE:133281 | APPLAUSE:91400,Bamberg,208,133281,90151,114685,1958-12-01T21:28:00+00:00,1958-12-01T22:28:00+00:00,Hamburg,106,91400,61211,68385,1958-12-01T22:07:07+00:00,1958-12-01T22:13:06+00:00,1958-12-01T22:07:07+00:00,1958-12-01T22:13:06+00:00,359.000,0.03793097,1.00000000,1.00000000,2,2,A,133277,5.000000,A_LE30MIN,5.000000,A_LE30MIN,"Dr. Remeis-Observatory, Bamberg, Germany",Dr. Remeis-Observatory,10.8881,49.8845,1,Astrograph,,"Hamburg-Bergedorf, Germany",Hamburger Sternwarte,53.482,10.242,1,AG-Astrograph,,True,5893.545115,GE100KM,True,True,True,2,A,133277,90147,5.000000,A_LE30MIN,49.8845,10.8881,10.242,53.482,10.88810000,49.88450000,10.24200000,53.48200000,SWAP,NORMAL,402.491931,GE100KM,True,True,True
APPLAUSE:133383 | APPLAUSE:91462,Bamberg,208,133383,90253,114786,1959-01-28T19:06:00+00:00,1959-01-28T20:06:00+00:00,Hamburg,106,91462,61273,68509,1959-01-28T19:47:45+00:00,1959-01-28T19:53:44+00:00,1959-01-28T19:47:45+00:00,1959-01-28T19:53:44+00:00,359.000,0.02064210,1.00000000,1.00000000,2,2,A,133387,5.000000,A_LE30MIN,5.000000,A_LE30MIN,"Dr. Remeis-Observatory, Bamberg, Germany",Dr. Remeis-Observatory,10.8881,49.8845,1,Astrograph,,"Hamburg-Bergedorf, Germany",Hamburger Sternwarte,53.482,10.242,1,AG-Astrograph,,True,5893.545115,GE100KM,True,True,True,2,A,133387,90257,5.000000,A_LE30MIN,49.8845,10.8881,10.242,53.482,10.88810000,49.88450000,10.24200000,53.48200000,SWAP,NORMAL,402.491931,GE100KM,True,True,True
APPLAUSE:133387 | APPLAUSE:91464,Bamberg,208,133387,90257,114790,1959-01-28T20:11:00+00:00,1959-01-28T21:11:00+00:00,Hamburg,106,91464,61275,68512,1959-01-28T20:18:20+00:00,1959-01-28T20:24:19+00:00,1959-01-28T20:18:20+00:00,1959-01-28T20:24:19+00:00,359.000,0.02072182,1.00000000,1.00000000,1,1,A,133383,5.000000,A_LE30MIN,5.000000,A_LE30MIN,"Dr. Remeis-Observatory, Bamberg, Germany",Dr. Remeis-Observatory,10.8881,49.8845,1,Astrograph,,"Hamburg-Bergedorf, Germany",Hamburger Sternwarte,53.482,10.242,1,AG-Astrograph,,True,5893.545115,GE100KM,True,True,True,1,A,133383,90253,5.000000,A_LE30MIN,49.8845,10.8881,10.242,53.482,10.88810000,49.88450000,10.24200000,53.48200000,SWAP,NORMAL,402.491931,GE100KM,True,True,True
APPLAUSE:133387 | APPLAUSE:91465,Bamberg,208,133387,90257,114790,1959-01-28T20:11:00+00:00,1959-01-28T21:11:00+00:00,Hamburg,106,91465,61276,68514,1959-01-28T20:35:07+00:00,1959-01-28T20:41:06+00:00,1959-01-28T20:35:07+00:00,1959-01-28T20:41:06+00:00,359.000,0.02068559,1.00000000,1.00000000,1,1,A,133383,5.000000,A_LE30MIN,5.000000,A_LE30MIN,"Dr. Remeis-Observatory, Bamberg, Germany",Dr. Remeis-Observatory,10.8881,49.8845,1,Astrograph,,"Hamburg-Bergedorf, Germany",Hamburger Sternwarte,53.482,10.242,1,AG-Astrograph,,True,5893.545115,GE100KM,True,True,True,1,A,133383,90253,5.000000,A_LE30MIN,49.8845,10.8881,10.242,53.482,10.88810000,49.88450000,10.24200000,53.48200000,SWAP,NORMAL,402.491931,GE100KM,True,True,True
APPLAUSE:133387 | APPLAUSE:91466,Bamberg,208,133387,90257,114790,1959-01-28T20:11:00+00:00,1959-01-28T21:11:00+00:00,Hamburg,106,91466,61277,68516,1959-01-28T20:47:10+00:00,1959-01-28T20:53:09+00:00,1959-01-28T20:47:10+00:00,1959-01-28T20:53:09+00:00,359.000,0.02077654,1.00000000,1.00000000,1,1,A,133383,5.000000,A_LE30MIN,5.000000,A_LE30MIN,"Dr. Remeis-Observatory, Bamberg, Germany",Dr. Remeis-Observatory,10.8881,49.8845,1,Astrograph,,"Hamburg-Bergedorf, Germany",Hamburger Sternwarte,53.482,10.242,1,AG-Astrograph,,True,5893.545115,GE100KM,True,True,True,1,A,133383,90253,5.000000,A_LE30MIN,49.8845,10.8881,10.242,53.482,10.88810000,49.88450000,10.24200000,53.48200000,SWAP,NORMAL,402.491931,GE100KM,True,True,True
APPLAUSE:133387 | APPLAUSE:91467,Bamberg,208,133387,90257,114790,1959-01-28T20:11:00+00:00,1959-01-28T21:11:00+00:00,Hamburg,106,91467,61278,68518,1959-01-28T21:03:22+00:00,1959-01-28T21:09:21+00:00,1959-01-28T21:03:22+00:00,1959-01-28T21:09:21+00:00,359.000,0.02076605,1.00000000,1.00000000,1,1,A,133383,5.000000,A_LE30MIN,5.000000,A_LE30MIN,"Dr. Remeis-Observatory, Bamberg, Germany",Dr. Remeis-Observatory,10.8881,49.8845,1,Astrograph,,"Hamburg-Bergedorf, Germany",Hamburger Sternwarte,53.482,10.242,1,AG-Astrograph,,True,5893.545115,GE100KM,True,True,True,1,A,133383,90253,5.000000,A_LE30MIN,49.8845,10.8881,10.242,53.482,10.88810000,49.88450000,10.24200000,53.48200000,SWAP,NORMAL,402.491931,GE100KM,True,True,True
APPLAUSE:133399 | APPLAUSE:91480,Bamberg,208,133399,90269,114802,1959-01-29T18:31:00+00:00,1959-01-29T19:31:00+00:00,Hamburg,106,91480,61291,68544,1959-01-29T18:37:44+00:00,1959-01-29T18:43:43+00:00,1959-01-29T18:37:44+00:00,1959-01-29T18:43:43+00:00,359.000,0.00897001,0.45230319,0.45230319,1,1,A,133395,5.000000,A_LE30MIN,5.000000,A_LE30MIN,"Dr. Remeis-Observatory, Bamberg, Germany",Dr. Remeis-Observatory,10.8881,49.8845,1,Astrograph,,"Hamburg-Bergedorf, Germany",Hamburger Sternwarte,53.482,10.242,1,AG-Astrograph,,True,5893.545115,GE100KM,True,True,True,1,A,133395,90265,5.000000,A_LE30MIN,49.8845,10.8881,10.242,53.482,10.88810000,49.88450000,10.24200000,53.48200000,SWAP,NORMAL,402.491931,GE100KM,True,True,True
APPLAUSE:133399 | APPLAUSE:91482,Bamberg,208,133399,90269,114802,1959-01-29T18:31:00+00:00,1959-01-29T19:31:00+00:00,Hamburg,106,91482,61293,68549,1959-01-29T19:06:15+00:00,1959-01-29T19:12:14+00:00,1959-01-29T19:06:15+00:00,1959-01-29T19:12:14+00:00,359.000,0.02022630,1.00000000,1.00000000,1,1,A,133395,5.000000,A_LE30MIN,5.000000,A_LE30MIN,"Dr. Remeis-Observatory, Bamberg, Germany",Dr. Remeis-Observatory,10.8881,49.8845,1,Astrograph,,"Hamburg-Bergedorf, Germany",Hamburger Sternwarte,53.482,10.242,1,AG-Astrograph,,True,5893.545115,GE100KM,True,True,True,1,A,133395,90265,5.000000,A_LE30MIN,49.8845,10.8881,10.242,53.482,10.88810000,49.88450000,10.24200000,53.48200000,SWAP,NORMAL,402.491931,GE100KM,True,True,True
APPLAUSE:133399 | APPLAUSE:91483,Bamberg,208,133399,90269,114802,1959-01-29T18:31:00+00:00,1959-01-29T19:31:00+00:00,Hamburg,106,91483,61294,68550,1959-01-29T19:18:28+00:00,1959-01-29T19:24:27+00:00,1959-01-29T19:18:28+00:00,1959-01-29T19:24:27+00:00,359.000,0.02030480,1.00000000,1.00000000,2,2,A,133395,5.000000,A_LE30MIN,5.000000,A_LE30MIN,"Dr. Remeis-Observatory, Bamberg, Germany",Dr. Remeis-Observatory,10.8881,49.8845,1,Astrograph,,"Hamburg-Bergedorf, Germany",Hamburger Sternwarte,53.482,10.242,1,AG-Astrograph,,True,5893.545115,GE100KM,True,True,True,2,A,133395,90265,5.000000,A_LE30MIN,49.8845,10.8881,10.242,53.482,10.88810000,49.88450000,10.24200000,53.48200000,SWAP,NORMAL,402.491931,GE100KM,True,True,True
APPLAUSE:133886 | APPLAUSE:91571,Bamberg,208,133886,90756,115287,1959-03-09T20:52:00+00:00,1959-03-09T21:52:00+00:00,Hamburg,106,91571,61382,68726,1959-03-09T21:12:44+00:00,1959-03-09T21:18:43+00:00,1959-03-09T21:12:44+00:00,1959-03-09T21:18:43+00:00,359.000,0.02013602,1.00000000,1.00000000,1,1,A,133890,5.000000,A_LE30MIN,5.000000,A_LE30MIN,"Dr. Remeis-Observatory, Bamberg, Germany",Dr. Remeis-Observatory,10.8881,49.8845,1,Astrograph,,"Hamburg-Bergedorf, Germany",Hamburger Sternwarte,53.482,10.242,1,AG-Astrograph,,True,5893.545115,GE100KM,True,True,True,1,A,133890,90760,5.000000,A_LE30MIN,49.8845,10.8881,10.242,53.482,10.88810000,49.88450000,10.24200000,53.48200000,SWAP,NORMAL,402.491931,GE100KM,True,True,True
APPLAUSE:133890 | APPLAUSE:91572,Bamberg,208,133890,90760,115291,1959-03-09T21:57:00+00:00,1959-03-09T22:57:00+00:00,Hamburg,106,91572,61383,68728,1959-03-09T22:15:03+00:00,1959-03-09T22:21:02+00:00,1959-03-09T22:15:03+00:00,1959-03-09T22:21:02+00:00,359.000,0.02039686,1.00000000,1.00000000,1,1,A,133886,5.000000,A_LE30MIN,5.000000,A_LE30MIN,"Dr. Remeis-Observatory, Bamberg, Germany",Dr. Remeis-Observatory,10.8881,49.8845,1,Astrograph,,"Hamburg-Bergedorf, Germany",Hamburger Sternwarte,53.482,10.242,1,AG-Astrograph,,True,5893.545115,GE100KM,True,True,True,1,A,133886,90756,5.000000,A_LE30MIN,49.8845,10.8881,10.242,53.482,10.88810000,49.88450000,10.24200000,53.48200000,SWAP,NORMAL,402.491931,GE100KM,True,True,True
APPLAUSE:133890 | APPLAUSE:91574,Bamberg,208,133890,90760,115291,1959-03-09T21:57:00+00:00,1959-03-09T22:57:00+00:00,Hamburg,106,91574,61385,68733,1959-03-09T22:44:19+00:00,1959-03-09T22:50:18+00:00,1959-03-09T22:44:19+00:00,1959-03-09T22:50:18+00:00,359.000,0.02025686,1.00000000,1.00000000,1,1,A,133886,5.000000,A_LE30MIN,5.000000,A_LE30MIN,"Dr. Remeis-Observatory, Bamberg, Germany",Dr. Remeis-Observatory,10.8881,49.8845,1,Astrograph,,"Hamburg-Bergedorf, Germany",Hamburger Sternwarte,53.482,10.242,1,AG-Astrograph,,True,5893.545115,GE100KM,True,True,True,1,A,133886,90756,5.000000,A_LE30MIN,49.8845,10.8881,10.242,53.482,10.88810000,49.88450000,10.24200000,53.48200000,SWAP,NORMAL,402.491931,GE100KM,True,True,True
APPLAUSE:134017 | APPLAUSE:91603,Bamberg,208,134017,90887,115418,1959-04-02T21:16:00+00:00,1959-04-02T22:16:00+00:00,Hamburg,106,91603,61414,68790,1959-04-02T21:59:24+00:00,1959-04-02T22:05:23+00:00,1959-04-02T21:59:24+00:00,1959-04-02T22:05:23+00:00,359.000,0.02038980,1.00000000,1.00000000,2,2,A,134021,5.000000,A_LE30MIN,5.000000,A_LE30MIN,"Dr. Remeis-Observatory, Bamberg, Germany",Dr. Remeis-Observatory,10.8881,49.8845,1,Astrograph,,"Hamburg-Bergedorf, Germany",Hamburger Sternwarte,53.482,10.242,1,AG-Astrograph,,True,5893.545115,GE100KM,True,True,True,2,A,134021,90891,5.000000,A_LE30MIN,49.8845,10.8881,10.242,53.482,10.88810000,49.88450000,10.24200000,53.48200000,SWAP,NORMAL,402.491931,GE100KM,True,True,True
APPLAUSE:134021 | APPLAUSE:91604,Bamberg,208,134021,90891,115422,1959-04-02T22:21:00+00:00,1959-04-02T23:21:00+00:00,Hamburg,106,91604,61415,68792,1959-04-02T22:23:10+00:00,1959-04-02T22:29:09+00:00,1959-04-02T22:23:10+00:00,1959-04-02T22:29:09+00:00,359.000,0.02072805,1.00000000,1.00000000,2,2,A,134017,5.000000,A_LE30MIN,5.000000,A_LE30MIN,"Dr. Remeis-Observatory, Bamberg, Germany",Dr. Remeis-Observatory,10.8881,49.8845,1,Astrograph,,"Hamburg-Bergedorf, Germany",Hamburger Sternwarte,53.482,10.242,1,AG-Astrograph,,True,5893.545115,GE100KM,True,True,True,2,A,134017,90887,5.000000,A_LE30MIN,49.8845,10.8881,10.242,53.482,10.88810000,49.88450000,10.24200000,53.48200000,SWAP,NORMAL,402.491931,GE100KM,True,True,True
APPLAUSE:134021 | APPLAUSE:91605,Bamberg,208,134021,90891,115422,1959-04-02T22:21:00+00:00,1959-04-02T23:21:00+00:00,Hamburg,106,91605,61416,68795,1959-04-02T22:38:57+00:00,1959-04-02T22:44:56+00:00,1959-04-02T22:38:57+00:00,1959-04-02T22:44:56+00:00,359.000,0.02066562,1.00000000,1.00000000,2,2,A,134017,5.000000,A_LE30MIN,5.000000,A_LE30MIN,"Dr. Remeis-Observatory, Bamberg, Germany",Dr. Remeis-Observatory,10.8881,49.8845,1,Astrograph,,"Hamburg-Bergedorf, Germany",Hamburger Sternwarte,53.482,10.242,1,AG-Astrograph,,True,5893.545115,GE100KM,True,True,True,2,A,134017,90887,5.000000,A_LE30MIN,49.8845,10.8881,10.242,53.482,10.88810000,49.88450000,10.24200000,53.48200000,SWAP,NORMAL,402.491931,GE100KM,True,True,True
APPLAUSE:134021 | APPLAUSE:91606,Bamberg,208,134021,90891,115422,1959-04-02T22:21:00+00:00,1959-04-02T23:21:00+00:00,Hamburg,106,91606,61417,68796,1959-04-02T22:57:34+00:00,1959-04-02T23:03:33+00:00,1959-04-02T22:57:34+00:00,1959-04-02T23:03:33+00:00,359.000,0.02070093,1.00000000,1.00000000,2,2,A,134017,5.000000,A_LE30MIN,5.000000,A_LE30MIN,"Dr. Remeis-Observatory, Bamberg, Germany",Dr. Remeis-Observatory,10.8881,49.8845,1,Astrograph,,"Hamburg-Bergedorf, Germany",Hamburger Sternwarte,53.482,10.242,1,AG-Astrograph,,True,5893.545115,GE100KM,True,True,True,2,A,134017,90887,5.000000,A_LE30MIN,49.8845,10.8881,10.242,53.482,10.88810000,49.88450000,10.24200000,53.48200000,SWAP,NORMAL,402.491931,GE100KM,True,True,True
APPLAUSE:134025 | APPLAUSE:91607,Bamberg,208,134025,90895,115426,1959-04-02T23:26:00+00:00,1959-04-03T00:26:00+00:00,Hamburg,106,91607,61418,68799,1959-04-02T23:26:29+00:00,1959-04-02T23:32:28+00:00,1959-04-02T23:26:29+00:00,1959-04-02T23:32:28+00:00,359.000,0.02045045,1.00000000,1.00000000,2,2,A,134021,5.000000,A_LE30MIN,5.000000,A_LE30MIN,"Dr. Remeis-Observatory, Bamberg, Germany",Dr. Remeis-Observatory,10.8881,49.8845,1,Astrograph,,"Hamburg-Bergedorf, Germany",Hamburger Sternwarte,53.482,10.242,1,AG-Astrograph,,True,5893.545115,GE100KM,True,True,True,2,A,134021,90891,5.000000,A_LE30MIN,49.8845,10.8881,10.242,53.482,10.88810000,49.88450000,10.24200000,53.48200000,SWAP,NORMAL,402.491931,GE100KM,True,True,True
APPLAUSE:134025 | APPLAUSE:91608,Bamberg,208,134025,90895,115426,1959-04-02T23:26:00+00:00,1959-04-03T00:26:00+00:00,Hamburg,106,91608,61419,68800,1959-04-02T23:41:02+00:00,1959-04-02T23:47:01+00:00,1959-04-02T23:41:02+00:00,1959-04-02T23:47:01+00:00,359.000,0.02045418,1.00000000,1.00000000,2,2,A,134021,5.000000,A_LE30MIN,5.000000,A_LE30MIN,"Dr. Remeis-Observatory, Bamberg, Germany",Dr. Remeis-Observatory,10.8881,49.8845,1,Astrograph,,"Hamburg-Bergedorf, Germany",Hamburger Sternwarte,53.482,10.242,1,AG-Astrograph,,True,5893.545115,GE100KM,True,True,True,2,A,134021,90891,5.000000,A_LE30MIN,49.8845,10.8881,10.242,53.482,10.88810000,49.88450000,10.24200000,53.48200000,SWAP,NORMAL,402.491931,GE100KM,True,True,True
APPLAUSE:134025 | APPLAUSE:91609,Bamberg,208,134025,90895,115426,1959-04-02T23:26:00+00:00,1959-04-03T00:26:00+00:00,Hamburg,106,91609,61420,68803,1959-04-02T23:53:35+00:00,1959-04-02T23:59:34+00:00,1959-04-02T23:53:35+00:00,1959-04-02T23:59:34+00:00,359.000,0.02034654,1.00000000,1.00000000,2,2,A,134021,5.000000,A_LE30MIN,5.000000,A_LE30MIN,"Dr. Remeis-Observatory, Bamberg, Germany",Dr. Remeis-Observatory,10.8881,49.8845,1,Astrograph,,"Hamburg-Bergedorf, Germany",Hamburger Sternwarte,53.482,10.242,1,AG-Astrograph,,True,5893.545115,GE100KM,True,True,True,2,A,134021,90891,5.000000,A_LE30MIN,49.8845,10.8881,10.242,53.482,10.88810000,49.88450000,10.24200000,53.48200000,SWAP,NORMAL,402.491931,GE100KM,True,True,True
APPLAUSE:134201 | APPLAUSE:91651,Bamberg,208,134201,91071,115602,1959-06-05T22:12:00+00:00,1959-06-05T23:12:00+00:00,Hamburg,106,91651,61462,68886,1959-06-05T22:29:34+00:00,1959-06-05T22:35:33+00:00,1959-06-05T22:29:34+00:00,1959-06-05T22:35:33+00:00,359.000,0.02042431,1.00000000,1.00000000,1,1,A,134197,5.000000,A_LE30MIN,5.000000,A_LE30MIN,"Dr. Remeis-Observatory, Bamberg, Germany",Dr. Remeis-Observatory,10.8881,49.8845,1,Astrograph,,"Hamburg-Bergedorf, Germany",Hamburger Sternwarte,53.482,10.242,1,AG-Astrograph,,True,5893.545115,GE100KM,True,True,True,1,A,134197,91067,5.000000,A_LE30MIN,49.8845,10.8881,10.242,53.482,10.88810000,49.88450000,10.24200000,53.48200000,SWAP,NORMAL,402.491931,GE100KM,True,True,True
APPLAUSE:134197 | APPLAUSE:91649,Bamberg,208,134197,91067,115598,1959-06-05T21:07:00+00:00,1959-06-05T22:07:00+00:00,Hamburg,106,91649,61460,68882,1959-06-05T22:01:14+00:00,1959-06-05T22:07:18+00:00,1959-06-05T22:01:14+00:00,1959-06-05T22:07:00+00:00,346.000,0.02044787,1.00000000,1.00000000,1,1,A,134201,5.000000,A_LE30MIN,5.000000,A_LE30MIN,"Dr. Remeis-Observatory, Bamberg, Germany",Dr. Remeis-Observatory,10.8881,49.8845,1,Astrograph,,"Hamburg-Bergedorf, Germany",Hamburger Sternwarte,53.482,10.242,1,AG-Astrograph,,True,5893.545115,GE100KM,True,True,True,1,A,134201,91071,5.000000,A_LE30MIN,49.8845,10.8881,10.242,53.482,10.88810000,49.88450000,10.24200000,53.48200000,SWAP,NORMAL,402.491931,GE100KM,True,True,True
APPLAUSE:134940 | APPLAUSE:91670,Bamberg,208,134940,91810,116341,1959-09-30T23:50:00+00:00,1959-10-01T00:50:00+00:00,Hamburg,106,91670,61481,68924,1959-10-01T00:44:35+00:00,1959-10-01T00:54:33+00:00,1959-10-01T00:44:35+00:00,1959-10-01T00:50:00+00:00,325.000,0.02022111,1.00000000,1.00000000,2,2,A,134936,5.000000,A_LE30MIN,5.000000,A_LE30MIN,"Dr. Remeis-Observatory, Bamberg, Germany",Dr. Remeis-Observatory,10.8881,49.8845,1,Astrograph,,"Hamburg-Bergedorf, Germany",Hamburger Sternwarte,53.482,10.242,1,AG-Astrograph,,True,5893.545115,GE100KM,True,True,True,2,A,134936,91806,5.000000,A_LE30MIN,49.8845,10.8881,10.242,53.482,10.88810000,49.88450000,10.24200000,53.48200000,SWAP,NORMAL,402.491931,GE100KM,True,True,True
APPLAUSE:135087 | APPLAUSE:91681,Bamberg,208,135087,91957,116488,1959-10-05T22:40:00+00:00,1959-10-05T23:40:00+00:00,Hamburg,106,91681,61492,68947,1959-10-05T22:36:28+00:00,1959-10-05T22:44:27+00:00,1959-10-05T22:40:00+00:00,1959-10-05T22:44:27+00:00,267.000,1.00000000,0.02040471,1.00000000,1,1,A,135083,5.000000,A_LE30MIN,5.000000,A_LE30MIN,"Dr. Remeis-Observatory, Bamberg, Germany",Dr. Remeis-Observatory,10.8881,49.8845,1,Astrograph,,"Hamburg-Bergedorf, Germany",Hamburger Sternwarte,53.482,10.242,1,AG-Astrograph,,True,5893.545115,GE100KM,True,True,True,1,A,135083,91953,5.000000,A_LE30MIN,49.8845,10.8881,10.242,53.482,10.88810000,49.88450000,10.24200000,53.48200000,SWAP,NORMAL,402.491931,GE100KM,True,True,True
APPLAUSE:133383 | APPLAUSE:91463,Bamberg,208,133383,90253,114786,1959-01-28T19:06:00+00:00,1959-01-28T20:06:00+00:00,Hamburg,106,91463,61274,68510,1959-01-28T20:01:37+00:00,1959-01-28T20:07:36+00:00,1959-01-28T20:01:37+00:00,1959-01-28T20:06:00+00:00,263.000,0.02062464,1.00000000,1.00000000,2,2,A,133387,5.000000,A_LE30MIN,5.000000,A_LE30MIN,"Dr. Remeis-Observatory, Bamberg, Germany",Dr. Remeis-Observatory,10.8881,49.8845,1,Astrograph,,"Hamburg-Bergedorf, Germany",Hamburger Sternwarte,53.482,10.242,1,AG-Astrograph,,True,5893.545115,GE100KM,True,True,True,2,A,133387,90257,5.000000,A_LE30MIN,49.8845,10.8881,10.242,53.482,10.88810000,49.88450000,10.24200000,53.48200000,SWAP,NORMAL,402.491931,GE100KM,True,True,True
APPLAUSE:134679 | APPLAUSE:42405,Bamberg,208,134679,91549,116080,1959-09-08T22:50:00+00:00,1959-09-08T23:50:00+00:00,Hamburg,102,42405,10387,12896,1959-09-08T23:30:56+00:00,1959-09-08T23:34:56+00:00,1959-09-08T23:30:56+00:00,1959-09-08T23:34:56+00:00,240.000,0.02802619,1.00000000,1.00000000,1,1,A,134683,5.000000,A_LE30MIN,5.000000,A_LE30MIN,"Dr. Remeis-Observatory, Bamberg, Germany",Dr. Remeis-Observatory,10.8881,49.8845,1,Astrograph,,"Hamburg-Bergedorf, Germany",Hamburger Sternwarte,53.482,10.242,1,Grosser Schmidt-Spiegel,,True,5893.545115,GE100KM,True,True,True,1,A,134683,91553,5.000000,A_LE30MIN,49.8845,10.8881,10.242,53.482,10.88810000,49.88450000,10.24200000,53.48200000,SWAP,NORMAL,402.491931,GE100KM,True,True,True
APPLAUSE:133627 | APPLAUSE:41737,Bamberg,208,133627,90497,115030,1959-02-08T18:52:00+00:00,1959-02-08T19:52:00+00:00,Hamburg,102,41737,10086,12613,1959-02-08T19:12:58+00:00,1959-02-08T19:16:57+00:00,1959-02-08T19:12:58+00:00,1959-02-08T19:16:57+00:00,239.000,0.25488844,1.00000000,1.00000000,2,3,A,133624,5.000000,A_LE30MIN,5.000000,A_LE30MIN,"Dr. Remeis-Observatory, Bamberg, Germany",Dr. Remeis-Observatory,10.8881,49.8845,1,Astrograph,,"Hamburg-Bergedorf, Germany",Hamburger Sternwarte,53.482,10.242,1,Grosser Schmidt-Spiegel,,True,5893.545115,GE100KM,True,True,True,2,A,133624,90494,5.000000,A_LE30MIN,49.8845,10.8881,10.242,53.482,10.88810000,49.88450000,10.24200000,53.48200000,SWAP,NORMAL,402.491931,GE100KM,True,True,True
APPLAUSE:133628 | APPLAUSE:41737,Bamberg,208,133628,90498,115031,1959-02-08T18:52:00+00:00,1959-02-08T19:52:00+00:00,Hamburg,102,41737,10086,12613,1959-02-08T19:12:58+00:00,1959-02-08T19:16:57+00:00,1959-02-08T19:12:58+00:00,1959-02-08T19:16:57+00:00,239.000,0.02787731,1.00000000,1.00000000,2,4,A,133624,5.000000,A_LE30MIN,5.000000,A_LE30MIN,"Dr. Remeis-Observatory, Bamberg, Germany",Dr. Remeis-Observatory,10.8881,49.8845,1,Astrograph,,"Hamburg-Bergedorf, Germany",Hamburger Sternwarte,53.482,10.242,1,Grosser Schmidt-Spiegel,,True,5893.545115,GE100KM,True,True,True,2,A,133624,90494,5.000000,A_LE30MIN,49.8845,10.8881,10.242,53.482,10.88810000,49.88450000,10.24200000,53.48200000,SWAP,NORMAL,402.491931,GE100KM,True,True,True
APPLAUSE:134676 | APPLAUSE:42402,Bamberg,208,134676,91546,116077,1959-09-08T21:45:00+00:00,1959-09-08T22:45:00+00:00,Hamburg,102,42402,10384,12890,1959-09-08T22:40:05+00:00,1959-09-08T22:44:04+00:00,1959-09-08T22:40:05+00:00,1959-09-08T22:44:04+00:00,239.000,0.00412817,0.29373707,0.29373707,1,1,A,134680,5.000000,A_LE30MIN,5.000000,A_LE30MIN,"Dr. Remeis-Observatory, Bamberg, Germany",Dr. Remeis-Observatory,10.8881,49.8845,1,Astrograph,,"Hamburg-Bergedorf, Germany",Hamburger Sternwarte,53.482,10.242,1,Grosser Schmidt-Spiegel,,True,5893.545115,GE100KM,True,True,True,1,A,134680,91550,5.000000,A_LE30MIN,49.8845,10.8881,10.242,53.482,10.88810000,49.88450000,10.24200000,53.48200000,SWAP,NORMAL,402.491931,GE100KM,True,True,True
APPLAUSE:134679 | APPLAUSE:42404,Bamberg,208,134679,91549,116080,1959-09-08T22:50:00+00:00,1959-09-08T23:50:00+00:00,Hamburg,102,42404,10386,12894,1959-09-08T23:14:59+00:00,1959-09-08T23:18:58+00:00,1959-09-08T23:14:59+00:00,1959-09-08T23:18:58+00:00,239.000,0.02799040,1.00000000,1.00000000,1,1,A,134683,5.000000,A_LE30MIN,5.000000,A_LE30MIN,"Dr. Remeis-Observatory, Bamberg, Germany",Dr. Remeis-Observatory,10.8881,49.8845,1,Astrograph,,"Hamburg-Bergedorf, Germany",Hamburger Sternwarte,53.482,10.242,1,Grosser Schmidt-Spiegel,,True,5893.545115,GE100KM,True,True,True,1,A,134683,91553,5.000000,A_LE30MIN,49.8845,10.8881,10.242,53.482,10.88810000,49.88450000,10.24200000,53.48200000,SWAP,NORMAL,402.491931,GE100KM,True,True,True
APPLAUSE:133277 | APPLAUSE:91397,Bamberg,208,133277,90147,114681,1958-12-01T20:23:00+00:00,1958-12-01T21:23:00+00:00,Hamburg,106,91397,61208,68378,1958-12-01T21:19:30+00:00,1958-12-01T21:25:29+00:00,1958-12-01T21:19:30+00:00,1958-12-01T21:23:00+00:00,210.000,0.03798661,1.00000000,1.00000000,2,2,A,133281,5.000000,A_LE30MIN,5.000000,A_LE30MIN,"Dr. Remeis-Observatory, Bamberg, Germany",Dr. Remeis-Observatory,10.8881,49.8845,1,Astrograph,,"Hamburg-Bergedorf, Germany",Hamburger Sternwarte,53.482,10.242,1,AG-Astrograph,,True,5893.545115,GE100KM,True,True,True,2,A,133281,90151,5.000000,A_LE30MIN,49.8845,10.8881,10.242,53.482,10.88810000,49.88450000,10.24200000,53.48200000,SWAP,NORMAL,402.491931,GE100KM,True,True,True
APPLAUSE:134636 | APPLAUSE:42381,Bamberg,208,134636,91506,116037,1959-09-07T02:03:00+00:00,1959-09-07T03:03:00+00:00,Hamburg,102,42381,10375,12878,1959-09-07T02:07:23+00:00,1959-09-07T02:10:23+00:00,1959-09-07T02:07:23+00:00,1959-09-07T02:10:23+00:00,180.000,0.00220097,0.15854117,0.15854117,1,1,A,134632,5.000000,A_LE30MIN,5.000000,A_LE30MIN,"Dr. Remeis-Observatory, Bamberg, Germany",Dr. Remeis-Observatory,10.8881,49.8845,1,Astrograph,,"Hamburg-Bergedorf, Germany",Hamburger Sternwarte,53.482,10.242,1,Grosser Schmidt-Spiegel,,True,5893.545115,GE100KM,True,True,True,1,A,134632,91502,5.000000,A_LE30MIN,49.8845,10.8881,10.242,53.482,10.88810000,49.88450000,10.24200000,53.48200000,SWAP,NORMAL,402.491931,GE100KM,True,True,True
APPLAUSE:134636 | APPLAUSE:42383,Bamberg,208,134636,91506,116037,1959-09-07T02:03:00+00:00,1959-09-07T03:03:00+00:00,Hamburg,102,42383,10377,12881,1959-09-07T02:32:34+00:00,1959-09-07T02:35:34+00:00,1959-09-07T02:32:34+00:00,1959-09-07T02:35:34+00:00,180.000,0.00533840,0.37811442,0.37811442,1,1,A,134632,5.000000,A_LE30MIN,5.000000,A_LE30MIN,"Dr. Remeis-Observatory, Bamberg, Germany",Dr. Remeis-Observatory,10.8881,49.8845,1,Astrograph,,"Hamburg-Bergedorf, Germany",Hamburger Sternwarte,53.482,10.242,1,Grosser Schmidt-Spiegel,,True,5893.545115,GE100KM,True,True,True,1,A,134632,91502,5.000000,A_LE30MIN,49.8845,10.8881,10.242,53.482,10.88810000,49.88450000,10.24200000,53.48200000,SWAP,NORMAL,402.491931,GE100KM,True,True,True
APPLAUSE:134636 | APPLAUSE:42384,Bamberg,208,134636,91506,116037,1959-09-07T02:03:00+00:00,1959-09-07T03:03:00+00:00,Hamburg,102,42384,10378,12884,1959-09-07T02:44:47+00:00,1959-09-07T02:47:47+00:00,1959-09-07T02:44:47+00:00,1959-09-07T02:47:47+00:00,180.000,0.00572930,0.40337356,0.40337356,1,1,A,134632,5.000000,A_LE30MIN,5.000000,A_LE30MIN,"Dr. Remeis-Observatory, Bamberg, Germany",Dr. Remeis-Observatory,10.8881,49.8845,1,Astrograph,,"Hamburg-Bergedorf, Germany",Hamburger Sternwarte,53.482,10.242,1,Grosser Schmidt-Spiegel,,True,5893.545115,GE100KM,True,True,True,1,A,134632,91502,5.000000,A_LE30MIN,49.8845,10.8881,10.242,53.482,10.88810000,49.88450000,10.24200000,53.48200000,SWAP,NORMAL,402.491931,GE100KM,True,True,True
APPLAUSE:134691 | APPLAUSE:42410,Bamberg,208,134691,91561,116092,1959-09-09T02:06:00+00:00,1959-09-09T03:06:00+00:00,Hamburg,102,42410,10392,12906,1959-09-09T02:09:00+00:00,1959-09-09T02:12:00+00:00,1959-09-09T02:09:00+00:00,1959-09-09T02:12:00+00:00,180.000,0.02822269,1.00000000,1.00000000,1,1,A,134687,5.000000,A_LE30MIN,5.000000,A_LE30MIN,"Dr. Remeis-Observatory, Bamberg, Germany",Dr. Remeis-Observatory,10.8881,49.8845,1,Astrograph,,"Hamburg-Bergedorf, Germany",Hamburger Sternwarte,53.482,10.242,1,Grosser Schmidt-Spiegel,,True,5893.545115,GE100KM,True,True,True,1,A,134687,91557,5.000000,A_LE30MIN,49.8845,10.8881,10.242,53.482,10.88810000,49.88450000,10.24200000,53.48200000,SWAP,NORMAL,402.491931,GE100KM,True,True,True
APPLAUSE:134839 | APPLAUSE:42477,Bamberg,208,134839,91709,116240,1959-09-27T23:02:00+00:00,1959-09-28T00:02:00+00:00,Hamburg,102,42477,10416,12921,1959-09-27T23:04:06+00:00,1959-09-27T23:07:06+00:00,1959-09-27T23:04:06+00:00,1959-09-27T23:07:06+00:00,180.000,0.02623485,0.95221051,0.95221051,1,1,A,134835,5.000000,A_LE30MIN,5.000000,A_LE30MIN,"Dr. Remeis-Observatory, Bamberg, Germany",Dr. Remeis-Observatory,10.8881,49.8845,1,Astrograph,,"Hamburg-Bergedorf, Germany",Hamburger Sternwarte,53.482,10.242,1,Grosser Schmidt-Spiegel,,True,5893.545115,GE100KM,True,True,True,1,A,134835,91705,5.000000,A_LE30MIN,49.8845,10.8881,10.242,53.482,10.88810000,49.88450000,10.24200000,53.48200000,SWAP,NORMAL,402.491931,GE100KM,True,True,True
APPLAUSE:134844 | APPLAUSE:42479,Bamberg,208,134844,91714,116245,1959-09-28T00:07:00+00:00,1959-09-28T01:07:00+00:00,Hamburg,102,42479,10418,12925,1959-09-28T00:10:55+00:00,1959-09-28T00:13:55+00:00,1959-09-28T00:10:55+00:00,1959-09-28T00:13:55+00:00,180.000,0.00272972,0.19524941,0.19524941,1,1,A,134848,5.000000,A_LE30MIN,5.000000,A_LE30MIN,"Dr. Remeis-Observatory, Bamberg, Germany",Dr. Remeis-Observatory,10.8881,49.8845,1,Astrograph,,"Hamburg-Bergedorf, Germany",Hamburger Sternwarte,53.482,10.242,1,Grosser Schmidt-Spiegel,,True,5893.545115,GE100KM,True,True,True,1,A,134848,91718,5.000000,A_LE30MIN,49.8845,10.8881,10.242,53.482,10.88810000,49.88450000,10.24200000,53.48200000,SWAP,NORMAL,402.491931,GE100KM,True,True,True
APPLAUSE:134844 | APPLAUSE:42480,Bamberg,208,134844,91714,116245,1959-09-28T00:07:00+00:00,1959-09-28T01:07:00+00:00,Hamburg,102,42480,10419,12928,1959-09-28T00:22:08+00:00,1959-09-28T00:25:08+00:00,1959-09-28T00:22:08+00:00,1959-09-28T00:25:08+00:00,180.000,0.00030069,0.02173273,0.02173273,1,1,A,134848,5.000000,A_LE30MIN,5.000000,A_LE30MIN,"Dr. Remeis-Observatory, Bamberg, Germany",Dr. Remeis-Observatory,10.8881,49.8845,1,Astrograph,,"Hamburg-Bergedorf, Germany",Hamburger Sternwarte,53.482,10.242,1,Grosser Schmidt-Spiegel,,True,5893.545115,GE100KM,True,True,True,1,A,134848,91718,5.000000,A_LE30MIN,49.8845,10.8881,10.242,53.482,10.88810000,49.88450000,10.24200000,53.48200000,SWAP,NORMAL,402.491931,GE100KM,True,True,True
APPLAUSE:134975 | APPLAUSE:42522,Bamberg,208,134975,91845,116376,1959-10-01T23:50:00+00:00,1959-10-02T00:50:00+00:00,Hamburg,102,42522,10438,12938,1959-10-02T00:23:07+00:00,1959-10-02T00:26:07+00:00,1959-10-02T00:23:07+00:00,1959-10-02T00:26:07+00:00,180.000,0.01095995,0.39418627,0.39418627,1,1,A,134971,5.000000,A_LE30MIN,5.000000,A_LE30MIN,"Dr. Remeis-Observatory, Bamberg, Germany",Dr. Remeis-Observatory,10.8881,49.8845,1,Astrograph,,"Hamburg-Bergedorf, Germany",Hamburger Sternwarte,53.482,10.242,1,Grosser Schmidt-Spiegel,,True,5893.545115,GE100KM,True,True,True,1,A,134971,91841,5.000000,A_LE30MIN,49.8845,10.8881,10.242,53.482,10.88810000,49.88450000,10.24200000,53.48200000,SWAP,NORMAL,402.491931,GE100KM,True,True,True
APPLAUSE:135058 | APPLAUSE:42542,Bamberg,208,135058,91928,116459,1959-10-04T21:00:00+00:00,1959-10-04T22:00:00+00:00,Hamburg,102,42542,10450,12961,1959-10-04T21:51:12+00:00,1959-10-04T21:54:12+00:00,1959-10-04T21:51:12+00:00,1959-10-04T21:54:12+00:00,180.000,0.02662081,0.96447456,0.96447456,2,2,A,135054,5.000000,A_LE30MIN,5.000000,A_LE30MIN,"Dr. Remeis-Observatory, Bamberg, Germany",Dr. Remeis-Observatory,10.8881,49.8845,1,Astrograph,,"Hamburg-Bergedorf, Germany",Hamburger Sternwarte,53.482,10.242,1,Grosser Schmidt-Spiegel,,True,5893.545115,GE100KM,True,True,True,2,A,135054,91924,5.000000,A_LE30MIN,49.8845,10.8881,10.242,53.482,10.88810000,49.88450000,10.24200000,53.48200000,SWAP,NORMAL,402.491931,GE100KM,True,True,True
APPLAUSE:135062 | APPLAUSE:42543,Bamberg,208,135062,91932,116463,1959-10-04T22:05:00+00:00,1959-10-04T23:05:00+00:00,Hamburg,102,42543,10451,12964,1959-10-04T22:08:39+00:00,1959-10-04T22:11:39+00:00,1959-10-04T22:08:39+00:00,1959-10-04T22:11:39+00:00,180.000,0.02493744,0.90219080,0.90219080,1,1,A,135058,5.000000,A_LE30MIN,5.000000,A_LE30MIN,"Dr. Remeis-Observatory, Bamberg, Germany",Dr. Remeis-Observatory,10.8881,49.8845,1,Astrograph,,"Hamburg-Bergedorf, Germany",Hamburger Sternwarte,53.482,10.242,1,Grosser Schmidt-Spiegel,,True,5893.545115,GE100KM,True,True,True,1,A,135058,91928,5.000000,A_LE30MIN,49.8845,10.8881,10.242,53.482,10.88810000,49.88450000,10.24200000,53.48200000,SWAP,NORMAL,402.491931,GE100KM,True,True,True
APPLAUSE:133623 | APPLAUSE:41734,Bamberg,208,133623,90493,115026,1959-02-08T17:47:00+00:00,1959-02-08T18:47:00+00:00,Hamburg,102,41734,10083,12609,1959-02-08T18:05:39+00:00,1959-02-08T18:08:38+00:00,1959-02-08T18:05:39+00:00,1959-02-08T18:08:38+00:00,179.000,0.00832567,0.03269905,0.03269905,1,1,A,133628,5.000000,A_LE30MIN,5.000000,A_LE30MIN,"Dr. Remeis-Observatory, Bamberg, Germany",Dr. Remeis-Observatory,10.8881,49.8845,1,Astrograph,,"Hamburg-Bergedorf, Germany",Hamburger Sternwarte,53.482,10.242,1,Grosser Schmidt-Spiegel,,True,5893.545115,GE100KM,True,True,True,1,A,133628,90498,5.000000,A_LE30MIN,49.8845,10.8881,10.242,53.482,10.88810000,49.88450000,10.24200000,53.48200000,SWAP,NORMAL,402.491931,GE100KM,True,True,True
APPLAUSE:133624 | APPLAUSE:41734,Bamberg,208,133624,90494,115027,1959-02-08T17:47:00+00:00,1959-02-08T18:47:00+00:00,Hamburg,102,41734,10083,12609,1959-02-08T18:05:39+00:00,1959-02-08T18:08:38+00:00,1959-02-08T18:05:39+00:00,1959-02-08T18:08:38+00:00,179.000,0.02812218,1.00000000,1.00000000,1,3,A,133628,5.000000,A_LE30MIN,5.000000,A_LE30MIN,"Dr. Remeis-Observatory, Bamberg, Germany",Dr. Remeis-Observatory,10.8881,49.8845,1,Astrograph,,"Hamburg-Bergedorf, Germany",Hamburger Sternwarte,53.482,10.242,1,Grosser Schmidt-Spiegel,,True,5893.545115,GE100KM,True,True,True,1,A,133628,90498,5.000000,A_LE30MIN,49.8845,10.8881,10.242,53.482,10.88810000,49.88450000,10.24200000,53.48200000,SWAP,NORMAL,402.491931,GE100KM,True,True,True
APPLAUSE:133693 | APPLAUSE:41755,Bamberg,208,133693,90563,115096,1959-02-12T01:33:00+00:00,1959-02-12T02:33:00+00:00,Hamburg,102,41755,10104,12639,1959-02-12T01:59:22+00:00,1959-02-12T02:02:21+00:00,1959-02-12T01:59:22+00:00,1959-02-12T02:02:21+00:00,179.000,0.01506658,1.00000000,1.00000000,1,1,A,133697,5.000000,A_LE30MIN,5.000000,A_LE30MIN,"Dr. Remeis-Observatory, Bamberg, Germany",Dr. Remeis-Observatory,10.8881,49.8845,1,Astrograph,,"Hamburg-Bergedorf, Germany",Hamburger Sternwarte,53.482,10.242,1,Grosser Schmidt-Spiegel,,True,5893.545115,GE100KM,True,True,True,1,A,133697,90567,5.000000,A_LE30MIN,49.8845,10.8881,10.242,53.482,10.88810000,49.88450000,10.24200000,53.48200000,SWAP,NORMAL,402.491931,GE100KM,True,True,True
APPLAUSE:133693 | APPLAUSE:41756,Bamberg,208,133693,90563,115096,1959-02-12T01:33:00+00:00,1959-02-12T02:33:00+00:00,Hamburg,102,41756,10105,12641,1959-02-12T02:13:00+00:00,1959-02-12T02:15:59+00:00,1959-02-12T02:13:00+00:00,1959-02-12T02:15:59+00:00,179.000,0.01498717,1.00000000,1.00000000,1,1,A,133697,5.000000,A_LE30MIN,5.000000,A_LE30MIN,"Dr. Remeis-Observatory, Bamberg, Germany",Dr. Remeis-Observatory,10.8881,49.8845,1,Astrograph,,"Hamburg-Bergedorf, Germany",Hamburger Sternwarte,53.482,10.242,1,Grosser Schmidt-Spiegel,,True,5893.545115,GE100KM,True,True,True,1,A,133697,90567,5.000000,A_LE30MIN,49.8845,10.8881,10.242,53.482,10.88810000,49.88450000,10.24200000,53.48200000,SWAP,NORMAL,402.491931,GE100KM,True,True,True
APPLAUSE:134631 | APPLAUSE:42380,Bamberg,208,134631,91501,116032,1959-09-07T00:58:00+00:00,1959-09-07T01:58:00+00:00,Hamburg,102,42380,10374,12876,1959-09-07T01:46:27+00:00,1959-09-07T01:49:26+00:00,1959-09-07T01:46:27+00:00,1959-09-07T01:49:26+00:00,179.000,0.02791084,1.00000000,1.00000000,1,1,A,134627,5.000000,A_LE30MIN,5.000000,A_LE30MIN,"Dr. Remeis-Observatory, Bamberg, Germany",Dr. Remeis-Observatory,10.8881,49.8845,1,Astrograph,,"Hamburg-Bergedorf, Germany",Hamburger Sternwarte,53.482,10.242,1,Grosser Schmidt-Spiegel,,True,5893.545115,GE100KM,True,True,True,1,A,134627,91497,5.000000,A_LE30MIN,49.8845,10.8881,10.242,53.482,10.88810000,49.88450000,10.24200000,53.48200000,SWAP,NORMAL,402.491931,GE100KM,True,True,True
APPLAUSE:134632 | APPLAUSE:42380,Bamberg,208,134632,91502,116033,1959-09-07T00:58:00+00:00,1959-09-07T01:58:00+00:00,Hamburg,102,42380,10374,12876,1959-09-07T01:46:27+00:00,1959-09-07T01:49:26+00:00,1959-09-07T01:46:27+00:00,1959-09-07T01:49:26+00:00,179.000,0.00491078,0.34719843,0.34719843,1,1,A,134628,5.000000,A_LE30MIN,5.000000,A_LE30MIN,"Dr. Remeis-Observatory, Bamberg, Germany",Dr. Remeis-Observatory,10.8881,49.8845,1,Astrograph,,"Hamburg-Bergedorf, Germany",Hamburger Sternwarte,53.482,10.242,1,Grosser Schmidt-Spiegel,,True,5893.545115,GE100KM,True,True,True,1,A,134628,91498,5.000000,A_LE30MIN,49.8845,10.8881,10.242,53.482,10.88810000,49.88450000,10.24200000,53.48200000,SWAP,NORMAL,402.491931,GE100KM,True,True,True
APPLAUSE:134636 | APPLAUSE:42382,Bamberg,208,134636,91506,116037,1959-09-07T02:03:00+00:00,1959-09-07T03:03:00+00:00,Hamburg,102,42382,10376,12879,1959-09-07T02:18:52+00:00,1959-09-07T02:21:51+00:00,1959-09-07T02:18:52+00:00,1959-09-07T02:21:51+00:00,179.000,0.00429634,0.30638364,0.30638364,1,1,A,134632,5.000000,A_LE30MIN,5.000000,A_LE30MIN,"Dr. Remeis-Observatory, Bamberg, Germany",Dr. Remeis-Observatory,10.8881,49.8845,1,Astrograph,,"Hamburg-Bergedorf, Germany",Hamburger Sternwarte,53.482,10.242,1,Grosser Schmidt-Spiegel,,True,5893.545115,GE100KM,True,True,True,1,A,134632,91502,5.000000,A_LE30MIN,49.8845,10.8881,10.242,53.482,10.88810000,49.88450000,10.24200000,53.48200000,SWAP,NORMAL,402.491931,GE100KM,True,True,True
APPLAUSE:134679 | APPLAUSE:42403,Bamberg,208,134679,91549,116080,1959-09-08T22:50:00+00:00,1959-09-08T23:50:00+00:00,Hamburg,102,42403,10385,12892,1959-09-08T22:51:33+00:00,1959-09-08T22:54:32+00:00,1959-09-08T22:51:33+00:00,1959-09-08T22:54:32+00:00,179.000,0.02801411,1.00000000,1.00000000,1,1,A,134683,5.000000,A_LE30MIN,5.000000,A_LE30MIN,"Dr. Remeis-Observatory, Bamberg, Germany",Dr. Remeis-Observatory,10.8881,49.8845,1,Astrograph,,"Hamburg-Bergedorf, Germany",Hamburger Sternwarte,53.482,10.242,1,Grosser Schmidt-Spiegel,,True,5893.545115,GE100KM,True,True,True,1,A,134683,91553,5.000000,A_LE30MIN,49.8845,10.8881,10.242,53.482,10.88810000,49.88450000,10.24200000,53.48200000,SWAP,NORMAL,402.491931,GE100KM,True,True,True
APPLAUSE:134839 | APPLAUSE:42478,Bamberg,208,134839,91709,116240,1959-09-27T23:02:00+00:00,1959-09-28T00:02:00+00:00,Hamburg,102,42478,10417,12924,1959-09-27T23:32:32+00:00,1959-09-27T23:35:31+00:00,1959-09-27T23:32:32+00:00,1959-09-27T23:35:31+00:00,179.000,0.02781253,1.00000000,1.00000000,1,1,A,134835,5.000000,A_LE30MIN,5.000000,A_LE30MIN,"Dr. Remeis-Observatory, Bamberg, Germany",Dr. Remeis-Observatory,10.8881,49.8845,1,Astrograph,,"Hamburg-Bergedorf, Germany",Hamburger Sternwarte,53.482,10.242,1,Grosser Schmidt-Spiegel,,True,5893.545115,GE100KM,True,True,True,1,A,134835,91705,5.000000,A_LE30MIN,49.8845,10.8881,10.242,53.482,10.88810000,49.88450000,10.24200000,53.48200000,SWAP,NORMAL,402.491931,GE100KM,True,True,True
APPLAUSE:134975 | APPLAUSE:42523,Bamberg,208,134975,91845,116376,1959-10-01T23:50:00+00:00,1959-10-02T00:50:00+00:00,Hamburg,102,42523,10439,12939,1959-10-02T00:36:05+00:00,1959-10-02T00:39:04+00:00,1959-10-02T00:36:05+00:00,1959-10-02T00:39:04+00:00,179.000,0.02785625,1.00000000,1.00000000,1,1,A,134971,5.000000,A_LE30MIN,5.000000,A_LE30MIN,"Dr. Remeis-Observatory, Bamberg, Germany",Dr. Remeis-Observatory,10.8881,49.8845,1,Astrograph,,"Hamburg-Bergedorf, Germany",Hamburger Sternwarte,53.482,10.242,1,Grosser Schmidt-Spiegel,,True,5893.545115,GE100KM,True,True,True,1,A,134971,91841,5.000000,A_LE30MIN,49.8845,10.8881,10.242,53.482,10.88810000,49.88450000,10.24200000,53.48200000,SWAP,NORMAL,402.491931,GE100KM,True,True,True
APPLAUSE:135058 | APPLAUSE:42541,Bamberg,208,135058,91928,116459,1959-10-04T21:00:00+00:00,1959-10-04T22:00:00+00:00,Hamburg,102,42541,10449,12960,1959-10-04T21:40:44+00:00,1959-10-04T21:43:43+00:00,1959-10-04T21:40:44+00:00,1959-10-04T21:43:43+00:00,179.000,0.02595287,0.93821473,0.93821473,1,1,A,135054,5.000000,A_LE30MIN,5.000000,A_LE30MIN,"Dr. Remeis-Observatory, Bamberg, Germany",Dr. Remeis-Observatory,10.8881,49.8845,1,Astrograph,,"Hamburg-Bergedorf, Germany",Hamburger Sternwarte,53.482,10.242,1,Grosser Schmidt-Spiegel,,True,5893.545115,GE100KM,True,True,True,1,A,135054,91924,5.000000,A_LE30MIN,49.8845,10.8881,10.242,53.482,10.88810000,49.88450000,10.24200000,53.48200000,SWAP,NORMAL,402.491931,GE100KM,True,True,True
APPLAUSE:135062 | APPLAUSE:42544,Bamberg,208,135062,91932,116463,1959-10-04T22:05:00+00:00,1959-10-04T23:05:00+00:00,Hamburg,102,42544,10452,12965,1959-10-04T22:19:38+00:00,1959-10-04T22:22:37+00:00,1959-10-04T22:19:38+00:00,1959-10-04T22:22:37+00:00,179.000,0.02630058,0.95656558,0.95656558,1,1,A,135058,5.000000,A_LE30MIN,5.000000,A_LE30MIN,"Dr. Remeis-Observatory, Bamberg, Germany",Dr. Remeis-Observatory,10.8881,49.8845,1,Astrograph,,"Hamburg-Bergedorf, Germany",Hamburger Sternwarte,53.482,10.242,1,Grosser Schmidt-Spiegel,,True,5893.545115,GE100KM,True,True,True,1,A,135058,91928,5.000000,A_LE30MIN,49.8845,10.8881,10.242,53.482,10.88810000,49.88450000,10.24200000,53.48200000,SWAP,NORMAL,402.491931,GE100KM,True,True,True
APPLAUSE:138849 | APPLAUSE:18065,Bamberg,208,138849,95719,120213,1964-01-11T20:37:00+00:00,1964-01-11T20:39:00+00:00,South Africa,203,18065,30175,32607,1964-01-11T20:21:00+00:00,1964-01-11T21:21:00+00:00,1964-01-11T20:37:00+00:00,1964-01-11T20:39:00+00:00,120.000,0.03931064,0.00981912,0.03931064,3,3,A,138851,5.000000,A_LE30MIN,5.000000,A_LE30MIN,"Dr. Remeis-Observatory, Bamberg, Germany",Dr. Remeis-Observatory,10.8881,49.8845,1,Astrograph,,"Boyden Observatory, Bloemfontein, South Africa","Dr. Remeis-Observatory, Southern Station",-29.0388,26.4047,1,Astrograph (ten 10-cm Tessar f/6 cameras),,True,5105.064989,GE100KM,True,True,True,3,A,138851,95721,5.000000,A_LE30MIN,49.8845,10.8881,26.4047,-29.0388,10.88810000,49.88450000,26.40470000,-29.03880000,SWAP,NORMAL,8908.911756,GE100KM,True,True,True
APPLAUSE:134337 | APPLAUSE:15182,Bamberg,208,134337,91207,115738,1959-08-07T21:35:00+00:00,1959-08-07T22:35:00+00:00,Hamburg,101,15182,8445,11107,1959-08-07T22:33:16+00:00,1959-08-07T22:55:12+00:00,1959-08-07T22:33:16+00:00,1959-08-07T22:35:00+00:00,104.000,0.03983067,1.00000000,1.00000000,2,2,A,134333,5.000000,A_LE30MIN,5.000000,A_LE30MIN,"Dr. Remeis-Observatory, Bamberg, Germany",Dr. Remeis-Observatory,10.8881,49.8845,1,Astrograph,,"Hamburg-Bergedorf, Germany",Hamburger Sternwarte,53.482,10.242,1,Lippert-Astrograph,,True,5893.545115,GE100KM,True,True,True,2,A,134333,91203,5.000000,A_LE30MIN,49.8845,10.8881,10.242,53.482,10.88810000,49.88450000,10.24200000,53.48200000,SWAP,NORMAL,402.491931,GE100KM,True,True,True
APPLAUSE:133721 | APPLAUSE:41774,Bamberg,208,133721,90591,115124,1959-02-12T22:13:00+00:00,1959-02-12T23:13:00+00:00,Hamburg,102,41774,10111,12644,1959-02-12T23:12:03+00:00,1959-02-12T23:41:58+00:00,1959-02-12T23:12:03+00:00,1959-02-12T23:13:00+00:00,57.000,0.01484336,1.00000000,1.00000000,2,3,A,133717,5.000000,A_LE30MIN,5.000000,A_LE30MIN,"Dr. Remeis-Observatory, Bamberg, Germany",Dr. Remeis-Observatory,10.8881,49.8845,1,Astrograph,,"Hamburg-Bergedorf, Germany",Hamburger Sternwarte,53.482,10.242,1,Grosser Schmidt-Spiegel,,True,5893.545115,GE100KM,True,True,True,2,A,133717,90587,5.000000,A_LE30MIN,49.8845,10.8881,10.242,53.482,10.88810000,49.88450000,10.24200000,53.48200000,SWAP,NORMAL,402.491931,GE100KM,True,True,True
APPLAUSE:134728 | APPLAUSE:15253,Bamberg,208,134728,91598,116129,1959-09-10T20:30:00+00:00,1959-09-10T21:30:00+00:00,Hamburg,101,15253,8516,11240,1959-09-10T20:51:29+00:00,1959-09-10T21:31:23+00:00,1959-09-10T20:51:29+00:00,1959-09-10T21:30:00+00:00,2311.000,0.00222049,0.06187789,0.06187789,3,3,B,15254,5.983333,A_LE30MIN,5.983333,A_LE30MIN,"Dr. Remeis-Observatory, Bamberg, Germany",Dr. Remeis-Observatory,10.8881,49.8845,1,Astrograph,,"Hamburg-Bergedorf, Germany",Hamburger Sternwarte,53.482,10.242,1,Lippert-Astrograph,,True,5893.545115,GE100KM,True,True,True,3,B,15254,8517,5.983333,A_LE30MIN,49.8845,10.8881,10.242,53.482,10.88810000,49.88450000,10.24200000,53.48200000,SWAP,NORMAL,402.491931,GE100KM,True,True,True
APPLAUSE:124520 | APPLAUSE:4488,Bamberg,208,124520,81814,106703,1932-08-24T23:27:00+00:00,1932-08-24T23:53:00+00:00,Hamburg,101,4488,3528,4231,1932-08-24T23:32:57+00:00,1932-08-24T23:47:54+00:00,1932-08-24T23:32:57+00:00,1932-08-24T23:47:54+00:00,897.000,0.02725431,1.00000000,1.00000000,9,9,B,4487,5.983333,A_LE30MIN,5.983333,A_LE30MIN,"Dr. Remeis-Observatory, Bamberg, Germany",Dr. Remeis-Observatory,10.8881,49.8845,1,Astrograph,,"Hamburg-Bergedorf, Germany",Hamburger Sternwarte,53.482,10.242,1,Lippert-Astrograph,,True,5893.545115,GE100KM,True,True,True,9,B,4487,3527,5.983333,A_LE30MIN,49.8845,10.8881,10.242,53.482,10.88810000,49.88450000,10.24200000,53.48200000,SWAP,NORMAL,402.491931,GE100KM,True,True,True
APPLAUSE:127892 | APPLAUSE:6425,Bamberg,208,127892,85166,109923,1935-05-04T22:27:00+00:00,1935-05-04T22:57:00+00:00,Hamburg,101,6425,4280,5030,1935-05-04T22:46:31+00:00,1935-05-04T23:26:24+00:00,1935-05-04T22:46:31+00:00,1935-05-04T22:57:00+00:00,629.000,0.00679738,0.33648242,0.33648242,4,4,B,6424,5.983333,A_LE30MIN,5.983333,A_LE30MIN,"Dr. Remeis-Observatory, Bamberg, Germany",Dr. Remeis-Observatory,10.8881,49.8845,1,Astrograph,,"Hamburg-Bergedorf, Germany",Hamburger Sternwarte,53.482,10.242,1,Lippert-Astrograph,,True,5893.545115,GE100KM,True,True,True,4,B,6424,4279,5.983333,A_LE30MIN,49.8845,10.8881,10.242,53.482,10.88810000,49.88450000,10.24200000,53.48200000,SWAP,NORMAL,402.491931,GE100KM,True,True,True
APPLAUSE:127897 | APPLAUSE:6425,Bamberg,208,127897,85171,109928,1935-05-04T22:27:00+00:00,1935-05-04T22:57:00+00:00,Hamburg,101,6425,4280,5030,1935-05-04T22:46:31+00:00,1935-05-04T23:26:24+00:00,1935-05-04T22:46:31+00:00,1935-05-04T22:57:00+00:00,629.000,0.02656831,1.00000000,1.00000000,4,4,B,6424,5.983333,A_LE30MIN,5.983333,A_LE30MIN,"Dr. Remeis-Observatory, Bamberg, Germany",Dr. Remeis-Observatory,10.8881,49.8845,1,Astrograph,,"Hamburg-Bergedorf, Germany",Hamburger Sternwarte,53.482,10.242,1,Lippert-Astrograph,,True,5893.545115,GE100KM,True,True,True,4,B,6424,4279,5.983333,A_LE30MIN,49.8845,10.8881,10.242,53.482,10.88810000,49.88450000,10.24200000,53.48200000,SWAP,NORMAL,402.491931,GE100KM,True,True,True
APPLAUSE:131906 | APPLAUSE:13541,Bamberg,208,131906,88833,113385,1952-03-15T19:35:00+00:00,1952-03-15T20:38:00+00:00,Hamburg,101,13541,7278,9425,1952-03-15T20:36:01+00:00,1952-03-15T20:41:00+00:00,1952-03-15T20:36:01+00:00,1952-03-15T20:38:00+00:00,119.000,0.00973007,1.00000000,1.00000000,2,2,B,13542,5.983333,A_LE30MIN,5.983333,A_LE30MIN,"Dr. Remeis-Observatory, Bamberg, Germany",Dr. Remeis-Observatory,10.8881,49.8845,1,Astrograph,,"Hamburg-Bergedorf, Germany",Hamburger Sternwarte,53.482,10.242,1,Lippert-Astrograph,,True,5893.545115,GE100KM,True,True,True,2,B,13542,7279,5.983333,A_LE30MIN,49.8845,10.8881,10.242,53.482,10.88810000,49.88450000,10.24200000,53.48200000,SWAP,NORMAL,402.491931,GE100KM,True,True,True
APPLAUSE:136658 | APPLAUSE:43089,Bamberg,208,136658,93528,118045,1961-01-18T21:41:00+00:00,1961-01-18T22:41:00+00:00,Hamburg,102,43089,10722,13296,1961-01-18T21:37:50+00:00,1961-01-18T22:37:41+00:00,1961-01-18T21:41:00+00:00,1961-01-18T22:37:41+00:00,3401.000,0.08312873,0.00206107,0.08312873,1,1,A,136653,6.000000,A_LE30MIN,6.000000,A_LE30MIN,"Dr. Remeis-Observatory, Bamberg, Germany",Dr. Remeis-Observatory,10.8881,49.8845,1,Astrograph,,"Hamburg-Bergedorf, Germany",Hamburger Sternwarte,53.482,10.242,1,Grosser Schmidt-Spiegel,,True,5893.545115,GE100KM,True,True,True,1,A,136653,93523,6.000000,A_LE30MIN,49.8845,10.8881,10.242,53.482,10.88810000,49.88450000,10.24200000,53.48200000,SWAP,NORMAL,402.491931,GE100KM,True,True,True
APPLAUSE:133850 | APPLAUSE:15107,Bamberg,208,133850,90720,115251,1959-03-02T20:36:00+00:00,1959-03-02T21:36:00+00:00,Hamburg,101,15107,56053,61574,1959-03-02T20:56:27+00:00,1959-03-02T21:26:22+00:00,1959-03-02T20:56:27+00:00,1959-03-02T21:26:22+00:00,1795.000,0.00180829,0.05139462,0.05139462,2,2,A,133846,6.000000,A_LE30MIN,6.000000,A_LE30MIN,"Dr. Remeis-Observatory, Bamberg, Germany",Dr. Remeis-Observatory,10.8881,49.8845,1,Astrograph,,"Hamburg-Bergedorf, Germany",Hamburger Sternwarte,53.482,10.242,1,Lippert-Astrograph,,True,5893.545115,GE100KM,True,True,True,2,A,133846,90716,6.000000,A_LE30MIN,49.8845,10.8881,10.242,53.482,10.88810000,49.88450000,10.24200000,53.48200000,SWAP,NORMAL,402.491931,GE100KM,True,True,True
APPLAUSE:132854 | APPLAUSE:90634,Bamberg,208,132854,89736,114270,1957-07-05T22:55:00+00:00,1957-07-06T22:15:00+00:00,Hamburg,106,90634,60445,66853,1957-07-05T23:00:33+00:00,1957-07-05T23:25:29+00:00,1957-07-05T23:00:33+00:00,1957-07-05T23:25:29+00:00,1496.000,0.10254970,0.45856465,0.45856465,5,5,A,132860,6.000000,A_LE30MIN,6.000000,A_LE30MIN,"Dr. Remeis-Observatory, Bamberg, Germany",Dr. Remeis-Observatory,10.8881,49.8845,4,Astrograph,,"Hamburg-Bergedorf, Germany",Hamburger Sternwarte,53.482,10.242,1,AG-Astrograph,,True,5893.545115,GE100KM,True,True,True,5,A,132860,89738,6.000000,A_LE30MIN,49.8845,10.8881,10.242,53.482,10.88810000,49.88450000,10.24200000,53.48200000,SWAP,NORMAL,402.491931,GE100KM,True,True,True
APPLAUSE:133725 | APPLAUSE:41774,Bamberg,208,133725,90595,115128,1959-02-12T23:19:00+00:00,1959-02-13T00:19:00+00:00,Hamburg,102,41774,10111,12644,1959-02-12T23:12:03+00:00,1959-02-12T23:41:58+00:00,1959-02-12T23:19:00+00:00,1959-02-12T23:41:58+00:00,1378.000,0.23030279,0.00337112,0.23030279,2,2,A,133721,6.000000,A_LE30MIN,6.000000,A_LE30MIN,"Dr. Remeis-Observatory, Bamberg, Germany",Dr. Remeis-Observatory,10.8881,49.8845,1,Astrograph,,"Hamburg-Bergedorf, Germany",Hamburger Sternwarte,53.482,10.242,1,Grosser Schmidt-Spiegel,,True,5893.545115,GE100KM,True,True,True,2,A,133721,90591,6.000000,A_LE30MIN,49.8845,10.8881,10.242,53.482,10.88810000,49.88450000,10.24200000,53.48200000,SWAP,NORMAL,402.491931,GE100KM,True,True,True
APPLAUSE:136595 | APPLAUSE:43084,Bamberg,208,136595,93465,117982,1961-01-17T19:34:00+00:00,1961-01-17T20:34:00+00:00,Hamburg,102,43084,10717,13286,1961-01-17T19:15:10+00:00,1961-01-17T19:55:03+00:00,1961-01-17T19:34:00+00:00,1961-01-17T19:55:03+00:00,1263.000,0.23142535,0.03829610,0.23142535,1,2,A,136590,6.000000,A_LE30MIN,6.000000,A_LE30MIN,"Dr. Remeis-Observatory, Bamberg, Germany",Dr. Remeis-Observatory,10.8881,49.8845,1,Astrograph,,"Hamburg-Bergedorf, Germany",Hamburger Sternwarte,53.482,10.242,1,Grosser Schmidt-Spiegel,,True,5893.545115,GE100KM,True,True,True,1,A,136590,93460,6.000000,A_LE30MIN,49.8845,10.8881,10.242,53.482,10.88810000,49.88450000,10.24200000,53.48200000,SWAP,NORMAL,402.491931,GE100KM,True,True,True
APPLAUSE:136663 | APPLAUSE:91772,Bamberg,208,136663,93533,118050,1961-01-18T22:47:00+00:00,1961-01-18T23:47:00+00:00,Hamburg,106,91772,61569,69096,1961-01-18T23:19:04+00:00,1961-01-18T23:39:01+00:00,1961-01-18T23:19:04+00:00,1961-01-18T23:39:01+00:00,1197.000,0.02274234,0.66192212,0.66192212,2,2,A,136658,6.000000,A_LE30MIN,6.000000,A_LE30MIN,"Dr. Remeis-Observatory, Bamberg, Germany",Dr. Remeis-Observatory,10.8881,49.8845,1,Astrograph,,"Hamburg-Bergedorf, Germany",Hamburger Sternwarte,53.482,10.242,1,AG-Astrograph,,True,5893.545115,GE100KM,True,True,True,2,A,136658,93528,6.000000,A_LE30MIN,49.8845,10.8881,10.242,53.482,10.88810000,49.88450000,10.24200000,53.48200000,SWAP,NORMAL,402.491931,GE100KM,True,True,True
APPLAUSE:133970 | APPLAUSE:15142,Bamberg,208,133970,90840,115371,1959-03-31T23:06:00+00:00,1959-04-01T00:06:00+00:00,Hamburg,101,15142,8405,11028,1959-03-31T23:32:42+00:00,1959-03-31T23:52:38+00:00,1959-03-31T23:32:42+00:00,1959-03-31T23:52:38+00:00,1196.000,0.00183346,1.00000000,1.00000000,6,6,A,133965,6.000000,A_LE30MIN,6.000000,A_LE30MIN,"Dr. Remeis-Observatory, Bamberg, Germany",Dr. Remeis-Observatory,10.8881,49.8845,1,Astrograph,,"Hamburg-Bergedorf, Germany",Hamburger Sternwarte,53.482,10.242,1,Lippert-Astrograph,,True,5893.545115,GE100KM,True,True,True,6,A,133965,90835,6.000000,A_LE30MIN,49.8845,10.8881,10.242,53.482,10.88810000,49.88450000,10.24200000,53.48200000,SWAP,NORMAL,402.491931,GE100KM,True,True,True
APPLAUSE:133965 | APPLAUSE:15141,Bamberg,208,133965,90835,115366,1959-03-31T22:00:00+00:00,1959-03-31T23:00:00+00:00,Hamburg,101,15141,8404,11026,1959-03-31T22:44:49+00:00,1959-03-31T23:04:46+00:00,1959-03-31T22:44:49+00:00,1959-03-31T23:00:00+00:00,911.000,0.00182719,1.00000000,1.00000000,7,7,A,133970,6.000000,A_LE30MIN,6.000000,A_LE30MIN,"Dr. Remeis-Observatory, Bamberg, Germany",Dr. Remeis-Observatory,10.8881,49.8845,1,Astrograph,,"Hamburg-Bergedorf, Germany",Hamburger Sternwarte,53.482,10.242,1,Lippert-Astrograph,,True,5893.545115,GE100KM,True,True,True,7,A,133970,90840,6.000000,A_LE30MIN,49.8845,10.8881,10.242,53.482,10.88810000,49.88450000,10.24200000,53.48200000,SWAP,NORMAL,402.491931,GE100KM,True,True,True
APPLAUSE:136588 | APPLAUSE:91760,Bamberg,208,136588,93458,117975,1961-01-17T17:22:00+00:00,1961-01-17T18:22:00+00:00,Hamburg,106,91760,61557,69072,1961-01-17T18:06:51+00:00,1961-01-17T18:26:48+00:00,1961-01-17T18:06:51+00:00,1961-01-17T18:22:00+00:00,909.000,0.03455883,1.00000000,1.00000000,1,1,A,136593,6.000000,A_LE30MIN,6.000000,A_LE30MIN,"Dr. Remeis-Observatory, Bamberg, Germany",Dr. Remeis-Observatory,10.8881,49.8845,1,Astrograph,,"Hamburg-Bergedorf, Germany",Hamburger Sternwarte,53.482,10.242,1,AG-Astrograph,,True,5893.545115,GE100KM,True,True,True,1,A,136593,93463,6.000000,A_LE30MIN,49.8845,10.8881,10.242,53.482,10.88810000,49.88450000,10.24200000,53.48200000,SWAP,NORMAL,402.491931,GE100KM,True,True,True
APPLAUSE:133725 | APPLAUSE:41775,Bamberg,208,133725,90595,115128,1959-02-12T23:19:00+00:00,1959-02-13T00:19:00+00:00,Hamburg,102,41775,10112,12646,1959-02-12T23:55:56+00:00,1959-02-13T00:10:53+00:00,1959-02-12T23:55:56+00:00,1959-02-13T00:10:53+00:00,897.000,0.00339265,0.23177821,0.23177821,2,2,A,133721,6.000000,A_LE30MIN,6.000000,A_LE30MIN,"Dr. Remeis-Observatory, Bamberg, Germany",Dr. Remeis-Observatory,10.8881,49.8845,1,Astrograph,,"Hamburg-Bergedorf, Germany",Hamburger Sternwarte,53.482,10.242,1,Grosser Schmidt-Spiegel,,True,5893.545115,GE100KM,True,True,True,2,A,133721,90591,6.000000,A_LE30MIN,49.8845,10.8881,10.242,53.482,10.88810000,49.88450000,10.24200000,53.48200000,SWAP,NORMAL,402.491931,GE100KM,True,True,True
APPLAUSE:135651 | APPLAUSE:91726,Bamberg,208,135651,92521,117051,1960-03-24T20:01:00+00:00,1960-03-24T21:01:00+00:00,Hamburg,106,91726,61529,69018,1960-03-24T20:43:41+00:00,1960-03-24T20:58:38+00:00,1960-03-24T20:43:41+00:00,1960-03-24T20:58:38+00:00,897.000,0.02351292,0.62081846,0.62081846,1,1,A,135656,6.000000,A_LE30MIN,6.000000,A_LE30MIN,"Dr. Remeis-Observatory, Bamberg, Germany",Dr. Remeis-Observatory,10.8881,49.8845,1,Astrograph,,"Hamburg-Bergedorf, Germany",Hamburger Sternwarte,53.482,10.242,1,AG-Astrograph,,True,5893.545115,GE100KM,True,True,True,1,A,135656,92526,6.000000,A_LE30MIN,49.8845,10.8881,10.242,53.482,10.88810000,49.88450000,10.24200000,53.48200000,SWAP,NORMAL,402.491931,GE100KM,True,True,True
APPLAUSE:135666 | APPLAUSE:91732,Bamberg,208,135666,92536,117066,1960-03-24T23:20:00+00:00,1960-03-25T00:20:00+00:00,Hamburg,106,91732,61535,69030,1960-03-24T23:35:23+00:00,1960-03-24T23:50:20+00:00,1960-03-24T23:35:23+00:00,1960-03-24T23:50:20+00:00,897.000,0.03798772,1.00000000,1.00000000,1,1,A,135661,6.000000,A_LE30MIN,6.000000,A_LE30MIN,"Dr. Remeis-Observatory, Bamberg, Germany",Dr. Remeis-Observatory,10.8881,49.8845,1,Astrograph,,"Hamburg-Bergedorf, Germany",Hamburger Sternwarte,53.482,10.242,1,AG-Astrograph,,True,5893.545115,GE100KM,True,True,True,1,A,135661,92531,6.000000,A_LE30MIN,49.8845,10.8881,10.242,53.482,10.88810000,49.88450000,10.24200000,53.48200000,SWAP,NORMAL,402.491931,GE100KM,True,True,True
APPLAUSE:135666 | APPLAUSE:91733,Bamberg,208,135666,92536,117066,1960-03-24T23:20:00+00:00,1960-03-25T00:20:00+00:00,Hamburg,106,91733,61536,69032,1960-03-25T00:00:19+00:00,1960-03-25T00:15:16+00:00,1960-03-25T00:00:19+00:00,1960-03-25T00:15:16+00:00,897.000,0.03791227,1.00000000,1.00000000,1,1,A,135661,6.000000,A_LE30MIN,6.000000,A_LE30MIN,"Dr. Remeis-Observatory, Bamberg, Germany",Dr. Remeis-Observatory,10.8881,49.8845,1,Astrograph,,"Hamburg-Bergedorf, Germany",Hamburger Sternwarte,53.482,10.242,1,AG-Astrograph,,True,5893.545115,GE100KM,True,True,True,1,A,135661,92531,6.000000,A_LE30MIN,49.8845,10.8881,10.242,53.482,10.88810000,49.88450000,10.24200000,53.48200000,SWAP,NORMAL,402.491931,GE100KM,True,True,True
APPLAUSE:136590 | APPLAUSE:43084,Bamberg,208,136590,93460,117977,1961-01-17T18:28:00+00:00,1961-01-17T19:28:00+00:00,Hamburg,102,43084,10717,13286,1961-01-17T19:15:10+00:00,1961-01-17T19:55:03+00:00,1961-01-17T19:15:10+00:00,1961-01-17T19:28:00+00:00,770.000,0.09746920,0.58901590,0.58901590,1,2,A,136585,6.000000,A_LE30MIN,6.000000,A_LE30MIN,"Dr. Remeis-Observatory, Bamberg, Germany",Dr. Remeis-Observatory,10.8881,49.8845,1,Astrograph,,"Hamburg-Bergedorf, Germany",Hamburger Sternwarte,53.482,10.242,1,Grosser Schmidt-Spiegel,,True,5893.545115,GE100KM,True,True,True,1,A,136585,93455,6.000000,A_LE30MIN,49.8845,10.8881,10.242,53.482,10.88810000,49.88450000,10.24200000,53.48200000,SWAP,NORMAL,402.491931,GE100KM,True,True,True
APPLAUSE:135616 | APPLAUSE:91721,Bamberg,208,135616,92486,117016,1960-03-23T21:03:00+00:00,1960-03-23T22:03:00+00:00,Hamburg,106,91721,61524,69008,1960-03-23T21:04:59+00:00,1960-03-23T21:16:57+00:00,1960-03-23T21:04:59+00:00,1960-03-23T21:16:57+00:00,718.000,0.03887324,1.00000000,1.00000000,1,1,A,135621,6.000000,A_LE30MIN,6.000000,A_LE30MIN,"Dr. Remeis-Observatory, Bamberg, Germany",Dr. Remeis-Observatory,10.8881,49.8845,1,Astrograph,,"Hamburg-Bergedorf, Germany",Hamburger Sternwarte,53.482,10.242,1,AG-Astrograph,,True,5893.545115,GE100KM,True,True,True,1,A,135621,92491,6.000000,A_LE30MIN,49.8845,10.8881,10.242,53.482,10.88810000,49.88450000,10.24200000,53.48200000,SWAP,NORMAL,402.491931,GE100KM,True,True,True
APPLAUSE:135616 | APPLAUSE:91722,Bamberg,208,135616,92486,117016,1960-03-23T21:03:00+00:00,1960-03-23T22:03:00+00:00,Hamburg,106,91722,61525,69011,1960-03-23T21:23:16+00:00,1960-03-23T21:35:14+00:00,1960-03-23T21:23:16+00:00,1960-03-23T21:35:14+00:00,718.000,0.03886655,1.00000000,1.00000000,1,1,A,135621,6.000000,A_LE30MIN,6.000000,A_LE30MIN,"Dr. Remeis-Observatory, Bamberg, Germany",Dr. Remeis-Observatory,10.8881,49.8845,1,Astrograph,,"Hamburg-Bergedorf, Germany",Hamburger Sternwarte,53.482,10.242,1,AG-Astrograph,,True,5893.545115,GE100KM,True,True,True,1,A,135621,92491,6.000000,A_LE30MIN,49.8845,10.8881,10.242,53.482,10.88810000,49.88450000,10.24200000,53.48200000,SWAP,NORMAL,402.491931,GE100KM,True,True,True
APPLAUSE:136653 | APPLAUSE:91770,Bamberg,208,136653,93523,118040,1961-01-18T20:35:00+00:00,1961-01-18T21:35:00+00:00,Hamburg,106,91770,61567,69092,1961-01-18T21:23:03+00:00,1961-01-18T21:43:00+00:00,1961-01-18T21:23:03+00:00,1961-01-18T21:35:00+00:00,717.000,0.03454616,1.00000000,1.00000000,2,2,A,136658,6.000000,A_LE30MIN,6.000000,A_LE30MIN,"Dr. Remeis-Observatory, Bamberg, Germany",Dr. Remeis-Observatory,10.8881,49.8845,1,Astrograph,,"Hamburg-Bergedorf, Germany",Hamburger Sternwarte,53.482,10.242,1,AG-Astrograph,,True,5893.545115,GE100KM,True,True,True,2,A,136658,93528,6.000000,A_LE30MIN,49.8845,10.8881,10.242,53.482,10.88810000,49.88450000,10.24200000,53.48200000,SWAP,NORMAL,402.491931,GE100KM,True,True,True
APPLAUSE:135656 | APPLAUSE:91727,Bamberg,208,135656,92526,117056,1960-03-24T21:07:00+00:00,1960-03-24T22:07:00+00:00,Hamburg,106,91727,61530,69021,1960-03-24T21:02:38+00:00,1960-03-24T21:17:35+00:00,1960-03-24T21:07:00+00:00,1960-03-24T21:17:35+00:00,635.000,0.55194438,0.02079926,0.55194438,1,1,A,135651,6.000000,A_LE30MIN,6.000000,A_LE30MIN,"Dr. Remeis-Observatory, Bamberg, Germany",Dr. Remeis-Observatory,10.8881,49.8845,1,Astrograph,,"Hamburg-Bergedorf, Germany",Hamburger Sternwarte,53.482,10.242,1,AG-Astrograph,,True,5893.545115,GE100KM,True,True,True,1,A,135651,92521,6.000000,A_LE30MIN,49.8845,10.8881,10.242,53.482,10.88810000,49.88450000,10.24200000,53.48200000,SWAP,NORMAL,402.491931,GE100KM,True,True,True
APPLAUSE:134526 | APPLAUSE:91664,Bamberg,208,134526,91396,115927,1959-09-03T00:50:00+00:00,1959-09-03T01:50:00+00:00,Hamburg,106,91664,61475,68912,1959-09-03T01:22:17+00:00,1959-09-03T01:32:16+00:00,1959-09-03T01:22:17+00:00,1959-09-03T01:32:16+00:00,599.000,0.02050148,1.00000000,1.00000000,1,1,A,134522,6.000000,A_LE30MIN,6.000000,A_LE30MIN,"Dr. Remeis-Observatory, Bamberg, Germany",Dr. Remeis-Observatory,10.8881,49.8845,1,Astrograph,,"Hamburg-Bergedorf, Germany",Hamburger Sternwarte,53.482,10.242,1,AG-Astrograph,,True,5893.545115,GE100KM,True,True,True,1,A,134522,91392,6.000000,A_LE30MIN,49.8845,10.8881,10.242,53.482,10.88810000,49.88450000,10.24200000,53.48200000,SWAP,NORMAL,402.491931,GE100KM,True,True,True
APPLAUSE:134468 | APPLAUSE:42257,Bamberg,208,134468,91338,115869,1959-08-31T22:55:00+00:00,1959-08-31T23:55:00+00:00,Hamburg,102,42257,10316,12856,1959-08-31T22:59:34+00:00,1959-08-31T23:09:32+00:00,1959-08-31T22:59:34+00:00,1959-08-31T23:09:32+00:00,598.000,0.02715067,1.00000000,1.00000000,2,2,A,134465,6.000000,A_LE30MIN,6.000000,A_LE30MIN,"Dr. Remeis-Observatory, Bamberg, Germany",Dr. Remeis-Observatory,10.8881,49.8845,1,Astrograph,,"Hamburg-Bergedorf, Germany",Hamburger Sternwarte,53.482,10.242,3,Grosser Schmidt-Spiegel,,True,5893.545115,GE100KM,True,True,True,2,A,134465,91335,6.000000,A_LE30MIN,49.8845,10.8881,10.242,53.482,10.88810000,49.88450000,10.24200000,53.48200000,SWAP,NORMAL,402.491931,GE100KM,True,True,True
APPLAUSE:134441 | APPLAUSE:91657,Bamberg,208,134441,91311,115842,1959-08-29T22:58:00+00:00,1959-08-29T23:58:00+00:00,Hamburg,106,91657,61468,68898,1959-08-29T22:57:52+00:00,1959-08-29T23:07:51+00:00,1959-08-29T22:58:00+00:00,1959-08-29T23:07:51+00:00,591.000,0.04631508,0.00090625,0.04631508,1,1,A,134437,6.000000,A_LE30MIN,6.000000,A_LE30MIN,"Dr. Remeis-Observatory, Bamberg, Germany",Dr. Remeis-Observatory,10.8881,49.8845,1,Astrograph,,"Hamburg-Bergedorf, Germany",Hamburger Sternwarte,53.482,10.242,1,AG-Astrograph,,True,5893.545115,GE100KM,True,True,True,1,A,134437,91307,6.000000,A_LE30MIN,49.8845,10.8881,10.242,53.482,10.88810000,49.88450000,10.24200000,53.48200000,SWAP,NORMAL,402.491931,GE100KM,True,True,True
APPLAUSE:136603 | APPLAUSE:91764,Bamberg,208,136603,93473,117990,1961-01-17T20:40:00+00:00,1961-01-17T21:40:00+00:00,Hamburg,106,91764,61561,69081,1961-01-17T20:29:48+00:00,1961-01-17T20:49:45+00:00,1961-01-17T20:40:00+00:00,1961-01-17T20:49:45+00:00,585.000,0.94915018,0.03366441,0.94915018,1,1,A,136598,6.000000,A_LE30MIN,6.000000,A_LE30MIN,"Dr. Remeis-Observatory, Bamberg, Germany",Dr. Remeis-Observatory,10.8881,49.8845,1,Astrograph,,"Hamburg-Bergedorf, Germany",Hamburger Sternwarte,53.482,10.242,1,AG-Astrograph,,True,5893.545115,GE100KM,True,True,True,1,A,136598,93468,6.000000,A_LE30MIN,49.8845,10.8881,10.242,53.482,10.88810000,49.88450000,10.24200000,53.48200000,SWAP,NORMAL,402.491931,GE100KM,True,True,True
APPLAUSE:134013 | APPLAUSE:91599,Bamberg,208,134013,90883,115414,1959-04-02T20:10:00+00:00,1959-04-02T21:10:00+00:00,Hamburg,106,91599,61410,68782,1959-04-02T20:32:38+00:00,1959-04-02T20:41:36+00:00,1959-04-02T20:32:38+00:00,1959-04-02T20:41:36+00:00,538.000,0.02000406,1.00000000,1.00000000,1,1,A,134017,6.000000,A_LE30MIN,6.000000,A_LE30MIN,"Dr. Remeis-Observatory, Bamberg, Germany",Dr. Remeis-Observatory,10.8881,49.8845,1,Astrograph,,"Hamburg-Bergedorf, Germany",Hamburger Sternwarte,53.482,10.242,1,AG-Astrograph,,True,5893.545115,GE100KM,True,True,True,1,A,134017,90887,6.000000,A_LE30MIN,49.8845,10.8881,10.242,53.482,10.88810000,49.88450000,10.24200000,53.48200000,SWAP,NORMAL,402.491931,GE100KM,True,True,True
APPLAUSE:134013 | APPLAUSE:91600,Bamberg,208,134013,90883,115414,1959-04-02T20:10:00+00:00,1959-04-02T21:10:00+00:00,Hamburg,106,91600,61411,68785,1959-04-02T20:51:40+00:00,1959-04-02T21:00:38+00:00,1959-04-02T20:51:40+00:00,1959-04-02T21:00:38+00:00,538.000,0.02015218,1.00000000,1.00000000,1,1,A,134017,6.000000,A_LE30MIN,6.000000,A_LE30MIN,"Dr. Remeis-Observatory, Bamberg, Germany",Dr. Remeis-Observatory,10.8881,49.8845,1,Astrograph,,"Hamburg-Bergedorf, Germany",Hamburger Sternwarte,53.482,10.242,1,AG-Astrograph,,True,5893.545115,GE100KM,True,True,True,1,A,134017,90887,6.000000,A_LE30MIN,49.8845,10.8881,10.242,53.482,10.88810000,49.88450000,10.24200000,53.48200000,SWAP,NORMAL,402.491931,GE100KM,True,True,True
APPLAUSE:136698 | APPLAUSE:43092,Bamberg,208,136698,93568,118085,1961-01-19T19:48:00+00:00,1961-01-19T20:48:00+00:00,Hamburg,102,43092,10725,13303,1961-01-19T20:39:03+00:00,1961-01-19T21:08:59+00:00,1961-01-19T20:39:03+00:00,1961-01-19T20:48:00+00:00,537.000,0.00211569,0.08232976,0.08232976,1,1,A,136703,6.000000,A_LE30MIN,6.000000,A_LE30MIN,"Dr. Remeis-Observatory, Bamberg, Germany",Dr. Remeis-Observatory,10.8881,49.8845,1,Astrograph,,"Hamburg-Bergedorf, Germany",Hamburger Sternwarte,53.482,10.242,1,Grosser Schmidt-Spiegel,,True,5893.545115,GE100KM,True,True,True,1,A,136703,93573,6.000000,A_LE30MIN,49.8845,10.8881,10.242,53.482,10.88810000,49.88450000,10.24200000,53.48200000,SWAP,NORMAL,402.491931,GE100KM,True,True,True
APPLAUSE:133414 | APPLAUSE:91492,Bamberg,208,133414,90284,114817,1959-01-29T23:01:00+00:00,1959-01-30T00:01:00+00:00,Hamburg,106,91492,61303,68568,1959-01-29T23:10:30+00:00,1959-01-29T23:18:29+00:00,1959-01-29T23:10:30+00:00,1959-01-29T23:18:29+00:00,479.000,0.03870311,1.00000000,1.00000000,1,1,A,133410,6.000000,A_LE30MIN,6.000000,A_LE30MIN,"Dr. Remeis-Observatory, Bamberg, Germany",Dr. Remeis-Observatory,10.8881,49.8845,1,Astrograph,,"Hamburg-Bergedorf, Germany",Hamburger Sternwarte,53.482,10.242,1,AG-Astrograph,,True,5893.545115,GE100KM,True,True,True,1,A,133410,90280,6.000000,A_LE30MIN,49.8845,10.8881,10.242,53.482,10.88810000,49.88450000,10.24200000,53.48200000,SWAP,NORMAL,402.491931,GE100KM,True,True,True
APPLAUSE:133850 | APPLAUSE:91534,Bamberg,208,133850,90720,115251,1959-03-02T20:36:00+00:00,1959-03-02T21:36:00+00:00,Hamburg,106,91534,61345,68653,1959-03-02T21:19:13+00:00,1959-03-02T21:27:12+00:00,1959-03-02T21:19:13+00:00,1959-03-02T21:27:12+00:00,479.000,0.02017993,1.00000000,1.00000000,1,1,A,133846,6.000000,A_LE30MIN,6.000000,A_LE30MIN,"Dr. Remeis-Observatory, Bamberg, Germany",Dr. Remeis-Observatory,10.8881,49.8845,1,Astrograph,,"Hamburg-Bergedorf, Germany",Hamburger Sternwarte,53.482,10.242,1,AG-Astrograph,,True,5893.545115,GE100KM,True,True,True,1,A,133846,90716,6.000000,A_LE30MIN,49.8845,10.8881,10.242,53.482,10.88810000,49.88450000,10.24200000,53.48200000,SWAP,NORMAL,402.491931,GE100KM,True,True,True
APPLAUSE:133850 | APPLAUSE:91533,Bamberg,208,133850,90720,115251,1959-03-02T20:36:00+00:00,1959-03-02T21:36:00+00:00,Hamburg,106,91533,61344,68650,1959-03-02T20:47:14+00:00,1959-03-02T20:55:12+00:00,1959-03-02T20:47:14+00:00,1959-03-02T20:55:12+00:00,478.000,0.02037072,1.00000000,1.00000000,1,1,A,133846,6.000000,A_LE30MIN,6.000000,A_LE30MIN,"Dr. Remeis-Observatory, Bamberg, Germany",Dr. Remeis-Observatory,10.8881,49.8845,1,Astrograph,,"Hamburg-Bergedorf, Germany",Hamburger Sternwarte,53.482,10.242,1,AG-Astrograph,,True,5893.545115,GE100KM,True,True,True,1,A,133846,90716,6.000000,A_LE30MIN,49.8845,10.8881,10.242,53.482,10.88810000,49.88450000,10.24200000,53.48200000,SWAP,NORMAL,402.491931,GE100KM,True,True,True
APPLAUSE:136658 | APPLAUSE:91771,Bamberg,208,136658,93528,118045,1961-01-18T21:41:00+00:00,1961-01-18T22:41:00+00:00,Hamburg,106,91771,61568,69094,1961-01-18T22:33:36+00:00,1961-01-18T22:53:33+00:00,1961-01-18T22:33:36+00:00,1961-01-18T22:41:00+00:00,444.000,0.03461070,1.00000000,1.00000000,1,2,A,136663,6.000000,A_LE30MIN,6.000000,A_LE30MIN,"Dr. Remeis-Observatory, Bamberg, Germany",Dr. Remeis-Observatory,10.8881,49.8845,1,Astrograph,,"Hamburg-Bergedorf, Germany",Hamburger Sternwarte,53.482,10.242,1,AG-Astrograph,,True,5893.545115,GE100KM,True,True,True,1,A,136663,93533,6.000000,A_LE30MIN,49.8845,10.8881,10.242,53.482,10.88810000,49.88450000,10.24200000,53.48200000,SWAP,NORMAL,402.491931,GE100KM,True,True,True
APPLAUSE:136663 | APPLAUSE:91771,Bamberg,208,136663,93533,118050,1961-01-18T22:47:00+00:00,1961-01-18T23:47:00+00:00,Hamburg,106,91771,61568,69094,1961-01-18T22:33:36+00:00,1961-01-18T22:53:33+00:00,1961-01-18T22:47:00+00:00,1961-01-18T22:53:33+00:00,393.000,1.00000000,0.03467893,1.00000000,1,1,A,136658,6.000000,A_LE30MIN,6.000000,A_LE30MIN,"Dr. Remeis-Observatory, Bamberg, Germany",Dr. Remeis-Observatory,10.8881,49.8845,1,Astrograph,,"Hamburg-Bergedorf, Germany",Hamburger Sternwarte,53.482,10.242,1,AG-Astrograph,,True,5893.545115,GE100KM,True,True,True,1,A,136658,93528,6.000000,A_LE30MIN,49.8845,10.8881,10.242,53.482,10.88810000,49.88450000,10.24200000,53.48200000,SWAP,NORMAL,402.491931,GE100KM,True,True,True
APPLAUSE:135091 | APPLAUSE:91687,Bamberg,208,135091,91961,116492,1959-10-05T23:45:00+00:00,1959-10-06T00:45:00+00:00,Hamburg,106,91687,61498,68958,1959-10-06T00:38:58+00:00,1959-10-06T00:46:57+00:00,1959-10-06T00:38:58+00:00,1959-10-06T00:45:00+00:00,362.000,0.02020663,1.00000000,1.00000000,1,2,A,135095,6.000000,A_LE30MIN,5.000000,A_LE30MIN,"Dr. Remeis-Observatory, Bamberg, Germany",Dr. Remeis-Observatory,10.8881,49.8845,1,Astrograph,,"Hamburg-Bergedorf, Germany",Hamburger Sternwarte,53.482,10.242,1,AG-Astrograph,,True,5893.545115,GE100KM,True,True,True,1,A,135095,91965,6.000000,A_LE30MIN,49.8845,10.8881,10.242,53.482,10.88810000,49.88450000,10.24200000,53.48200000,SWAP,NORMAL,402.491931,GE100KM,True,True,True
APPLAUSE:133383 | APPLAUSE:91460,Bamberg,208,133383,90253,114786,1959-01-28T19:06:00+00:00,1959-01-28T20:06:00+00:00,Hamburg,106,91460,61271,68505,1959-01-28T19:16:29+00:00,1959-01-28T19:22:29+00:00,1959-01-28T19:16:29+00:00,1959-01-28T19:22:29+00:00,360.000,0.02036809,1.00000000,1.00000000,1,1,A,133379,6.000000,A_LE30MIN,6.000000,A_LE30MIN,"Dr. Remeis-Observatory, Bamberg, Germany",Dr. Remeis-Observatory,10.8881,49.8845,1,Astrograph,,"Hamburg-Bergedorf, Germany",Hamburger Sternwarte,53.482,10.242,1,AG-Astrograph,,True,5893.545115,GE100KM,True,True,True,1,A,133379,90249,6.000000,A_LE30MIN,49.8845,10.8881,10.242,53.482,10.88810000,49.88450000,10.24200000,53.48200000,SWAP,NORMAL,402.491931,GE100KM,True,True,True
APPLAUSE:133379 | APPLAUSE:91457,Bamberg,208,133379,90249,114782,1959-01-28T18:00:00+00:00,1959-01-28T19:00:00+00:00,Hamburg,106,91457,61268,68499,1959-01-28T18:24:38+00:00,1959-01-28T18:30:37+00:00,1959-01-28T18:24:38+00:00,1959-01-28T18:30:37+00:00,359.000,0.02028519,1.00000000,1.00000000,1,1,A,133383,6.000000,A_LE30MIN,6.000000,A_LE30MIN,"Dr. Remeis-Observatory, Bamberg, Germany",Dr. Remeis-Observatory,10.8881,49.8845,1,Astrograph,,"Hamburg-Bergedorf, Germany",Hamburger Sternwarte,53.482,10.242,1,AG-Astrograph,,True,5893.545115,GE100KM,True,True,True,1,A,133383,90253,6.000000,A_LE30MIN,49.8845,10.8881,10.242,53.482,10.88810000,49.88450000,10.24200000,53.48200000,SWAP,NORMAL,402.491931,GE100KM,True,True,True
APPLAUSE:133379 | APPLAUSE:91458,Bamberg,208,133379,90249,114782,1959-01-28T18:00:00+00:00,1959-01-28T19:00:00+00:00,Hamburg,106,91458,61269,68501,1959-01-28T18:44:30+00:00,1959-01-28T18:50:29+00:00,1959-01-28T18:44:30+00:00,1959-01-28T18:50:29+00:00,359.000,0.02018809,1.00000000,1.00000000,1,1,A,133383,6.000000,A_LE30MIN,6.000000,A_LE30MIN,"Dr. Remeis-Observatory, Bamberg, Germany",Dr. Remeis-Observatory,10.8881,49.8845,1,Astrograph,,"Hamburg-Bergedorf, Germany",Hamburger Sternwarte,53.482,10.242,1,AG-Astrograph,,True,5893.545115,GE100KM,True,True,True,1,A,133383,90253,6.000000,A_LE30MIN,49.8845,10.8881,10.242,53.482,10.88810000,49.88450000,10.24200000,53.48200000,SWAP,NORMAL,402.491931,GE100KM,True,True,True
APPLAUSE:133383 | APPLAUSE:91461,Bamberg,208,133383,90253,114786,1959-01-28T19:06:00+00:00,1959-01-28T20:06:00+00:00,Hamburg,106,91461,61272,68506,1959-01-28T19:33:12+00:00,1959-01-28T19:39:11+00:00,1959-01-28T19:33:12+00:00,1959-01-28T19:39:11+00:00,359.000,0.02061067,1.00000000,1.00000000,1,2,A,133379,6.000000,A_LE30MIN,5.000000,A_LE30MIN,"Dr. Remeis-Observatory, Bamberg, Germany",Dr. Remeis-Observatory,10.8881,49.8845,1,Astrograph,,"Hamburg-Bergedorf, Germany",Hamburger Sternwarte,53.482,10.242,1,AG-Astrograph,,True,5893.545115,GE100KM,True,True,True,1,A,133379,90249,6.000000,A_LE30MIN,49.8845,10.8881,10.242,53.482,10.88810000,49.88450000,10.24200000,53.48200000,SWAP,NORMAL,402.491931,GE100KM,True,True,True
APPLAUSE:133835 | APPLAUSE:91526,Bamberg,208,133835,90705,115236,1959-02-28T21:28:00+00:00,1959-02-28T22:28:00+00:00,Hamburg,106,91526,61337,68636,1959-02-28T21:29:45+00:00,1959-02-28T21:35:44+00:00,1959-02-28T21:29:45+00:00,1959-02-28T21:35:44+00:00,359.000,0.02025510,1.00000000,1.00000000,1,1,A,133839,6.000000,A_LE30MIN,6.000000,A_LE30MIN,"Dr. Remeis-Observatory, Bamberg, Germany",Dr. Remeis-Observatory,10.8881,49.8845,1,Astrograph,,"Hamburg-Bergedorf, Germany",Hamburger Sternwarte,53.482,10.242,1,AG-Astrograph,,True,5893.545115,GE100KM,True,True,True,1,A,133839,90709,6.000000,A_LE30MIN,49.8845,10.8881,10.242,53.482,10.88810000,49.88450000,10.24200000,53.48200000,SWAP,NORMAL,402.491931,GE100KM,True,True,True
APPLAUSE:133835 | APPLAUSE:91528,Bamberg,208,133835,90705,115236,1959-02-28T21:28:00+00:00,1959-02-28T22:28:00+00:00,Hamburg,106,91528,61339,68641,1959-02-28T21:58:55+00:00,1959-02-28T22:04:54+00:00,1959-02-28T21:58:55+00:00,1959-02-28T22:04:54+00:00,359.000,0.02032764,1.00000000,1.00000000,1,1,A,133839,6.000000,A_LE30MIN,6.000000,A_LE30MIN,"Dr. Remeis-Observatory, Bamberg, Germany",Dr. Remeis-Observatory,10.8881,49.8845,1,Astrograph,,"Hamburg-Bergedorf, Germany",Hamburger Sternwarte,53.482,10.242,1,AG-Astrograph,,True,5893.545115,GE100KM,True,True,True,1,A,133839,90709,6.000000,A_LE30MIN,49.8845,10.8881,10.242,53.482,10.88810000,49.88450000,10.24200000,53.48200000,SWAP,NORMAL,402.491931,GE100KM,True,True,True
APPLAUSE:133835 | APPLAUSE:91529,Bamberg,208,133835,90705,115236,1959-02-28T21:28:00+00:00,1959-02-28T22:28:00+00:00,Hamburg,106,91529,61340,68643,1959-02-28T22:17:22+00:00,1959-02-28T22:23:21+00:00,1959-02-28T22:17:22+00:00,1959-02-28T22:23:21+00:00,359.000,0.02014055,1.00000000,1.00000000,1,1,A,133839,6.000000,A_LE30MIN,6.000000,A_LE30MIN,"Dr. Remeis-Observatory, Bamberg, Germany",Dr. Remeis-Observatory,10.8881,49.8845,1,Astrograph,,"Hamburg-Bergedorf, Germany",Hamburger Sternwarte,53.482,10.242,1,AG-Astrograph,,True,5893.545115,GE100KM,True,True,True,1,A,133839,90709,6.000000,A_LE30MIN,49.8845,10.8881,10.242,53.482,10.88810000,49.88450000,10.24200000,53.48200000,SWAP,NORMAL,402.491931,GE100KM,True,True,True
APPLAUSE:133839 | APPLAUSE:91530,Bamberg,208,133839,90709,115240,1959-02-28T22:34:00+00:00,1959-02-28T23:34:00+00:00,Hamburg,106,91530,61341,68644,1959-02-28T22:50:32+00:00,1959-02-28T22:56:31+00:00,1959-02-28T22:50:32+00:00,1959-02-28T22:56:31+00:00,359.000,0.02028878,1.00000000,1.00000000,1,1,A,133835,6.000000,A_LE30MIN,6.000000,A_LE30MIN,"Dr. Remeis-Observatory, Bamberg, Germany",Dr. Remeis-Observatory,10.8881,49.8845,1,Astrograph,,"Hamburg-Bergedorf, Germany",Hamburger Sternwarte,53.482,10.242,1,AG-Astrograph,,True,5893.545115,GE100KM,True,True,True,1,A,133835,90705,6.000000,A_LE30MIN,49.8845,10.8881,10.242,53.482,10.88810000,49.88450000,10.24200000,53.48200000,SWAP,NORMAL,402.491931,GE100KM,True,True,True
APPLAUSE:134468 | APPLAUSE:42258,Bamberg,208,134468,91338,115869,1959-08-31T22:55:00+00:00,1959-08-31T23:55:00+00:00,Hamburg,102,42258,10316,12856,1959-08-31T23:43:27+00:00,1959-08-31T23:48:26+00:00,1959-08-31T23:43:27+00:00,1959-08-31T23:48:26+00:00,299.000,0.02715067,1.00000000,1.00000000,2,2,A,134465,6.000000,A_LE30MIN,6.000000,A_LE30MIN,"Dr. Remeis-Observatory, Bamberg, Germany",Dr. Remeis-Observatory,10.8881,49.8845,1,Astrograph,,"Hamburg-Bergedorf, Germany",Hamburger Sternwarte,53.482,10.242,3,Grosser Schmidt-Spiegel,,True,5893.545115,GE100KM,True,True,True,2,A,134465,91335,6.000000,A_LE30MIN,49.8845,10.8881,10.242,53.482,10.88810000,49.88450000,10.24200000,53.48200000,SWAP,NORMAL,402.491931,GE100KM,True,True,True
APPLAUSE:134473 | APPLAUSE:42259,Bamberg,208,134473,91343,115874,1959-09-01T00:01:00+00:00,1959-09-01T01:01:00+00:00,Hamburg,102,42259,10316,12856,1959-09-01T00:17:21+00:00,1959-09-01T00:22:20+00:00,1959-09-01T00:17:21+00:00,1959-09-01T00:22:20+00:00,299.000,0.01108104,0.77356199,0.77356199,1,1,A,134468,6.000000,A_LE30MIN,6.000000,A_LE30MIN,"Dr. Remeis-Observatory, Bamberg, Germany",Dr. Remeis-Observatory,10.8881,49.8845,1,Astrograph,,"Hamburg-Bergedorf, Germany",Hamburger Sternwarte,53.482,10.242,3,Grosser Schmidt-Spiegel,,True,5893.545115,GE100KM,True,True,True,1,A,134468,91338,6.000000,A_LE30MIN,49.8845,10.8881,10.242,53.482,10.88810000,49.88450000,10.24200000,53.48200000,SWAP,NORMAL,402.491931,GE100KM,True,True,True
APPLAUSE:136598 | APPLAUSE:91764,Bamberg,208,136598,93468,117985,1961-01-17T19:34:00+00:00,1961-01-17T20:34:00+00:00,Hamburg,106,91764,61561,69081,1961-01-17T20:29:48+00:00,1961-01-17T20:49:45+00:00,1961-01-17T20:29:48+00:00,1961-01-17T20:34:00+00:00,252.000,0.03562596,1.00000000,1.00000000,1,1,A,136603,6.000000,A_LE30MIN,6.000000,A_LE30MIN,"Dr. Remeis-Observatory, Bamberg, Germany",Dr. Remeis-Observatory,10.8881,49.8845,1,Astrograph,,"Hamburg-Bergedorf, Germany",Hamburger Sternwarte,53.482,10.242,1,AG-Astrograph,,True,5893.545115,GE100KM,True,True,True,1,A,136603,93473,6.000000,A_LE30MIN,49.8845,10.8881,10.242,53.482,10.88810000,49.88450000,10.24200000,53.48200000,SWAP,NORMAL,402.491931,GE100KM,True,True,True
APPLAUSE:133631 | APPLAUSE:41739,Bamberg,208,133631,90501,115034,1959-02-08T19:58:00+00:00,1959-02-08T20:58:00+00:00,Hamburg,102,41739,10088,12616,1959-02-08T20:52:42+00:00,1959-02-08T20:56:41+00:00,1959-02-08T20:52:42+00:00,1959-02-08T20:56:41+00:00,239.000,0.25482659,1.00000000,1.00000000,2,3,A,133628,6.000000,A_LE30MIN,6.000000,A_LE30MIN,"Dr. Remeis-Observatory, Bamberg, Germany",Dr. Remeis-Observatory,10.8881,49.8845,1,Astrograph,,"Hamburg-Bergedorf, Germany",Hamburger Sternwarte,53.482,10.242,1,Grosser Schmidt-Spiegel,,True,5893.545115,GE100KM,True,True,True,2,A,133628,90498,6.000000,A_LE30MIN,49.8845,10.8881,10.242,53.482,10.88810000,49.88450000,10.24200000,53.48200000,SWAP,NORMAL,402.491931,GE100KM,True,True,True
APPLAUSE:133632 | APPLAUSE:41739,Bamberg,208,133632,90502,115035,1959-02-08T19:58:00+00:00,1959-02-08T20:58:00+00:00,Hamburg,102,41739,10088,12616,1959-02-08T20:52:42+00:00,1959-02-08T20:56:41+00:00,1959-02-08T20:52:42+00:00,1959-02-08T20:56:41+00:00,239.000,0.02790929,1.00000000,1.00000000,1,2,A,133628,6.000000,A_LE30MIN,6.000000,A_LE30MIN,"Dr. Remeis-Observatory, Bamberg, Germany",Dr. Remeis-Observatory,10.8881,49.8845,1,Astrograph,,"Hamburg-Bergedorf, Germany",Hamburger Sternwarte,53.482,10.242,1,Grosser Schmidt-Spiegel,,True,5893.545115,GE100KM,True,True,True,1,A,133628,90498,6.000000,A_LE30MIN,49.8845,10.8881,10.242,53.482,10.88810000,49.88450000,10.24200000,53.48200000,SWAP,NORMAL,402.491931,GE100KM,True,True,True
APPLAUSE:133278 | APPLAUSE:91397,Bamberg,208,133278,90148,114682,1958-12-01T20:23:00+00:00,1958-12-01T21:23:00+00:00,Hamburg,106,91397,61208,68378,1958-12-01T21:19:30+00:00,1958-12-01T21:25:29+00:00,1958-12-01T21:19:30+00:00,1958-12-01T21:23:00+00:00,210.000,0.01983647,1.00000000,1.00000000,1,1,A,133274,6.000000,A_LE30MIN,6.000000,A_LE30MIN,"Dr. Remeis-Observatory, Bamberg, Germany",Dr. Remeis-Observatory,10.8881,49.8845,1,Astrograph,,"Hamburg-Bergedorf, Germany",Hamburger Sternwarte,53.482,10.242,1,AG-Astrograph,,True,5893.545115,GE100KM,True,True,True,1,A,133274,90144,6.000000,A_LE30MIN,49.8845,10.8881,10.242,53.482,10.88810000,49.88450000,10.24200000,53.48200000,SWAP,NORMAL,402.491931,GE100KM,True,True,True
APPLAUSE:133889 | APPLAUSE:41975,Bamberg,208,133889,90759,115290,1959-03-09T21:57:00+00:00,1959-03-09T22:57:00+00:00,Hamburg,102,41975,10175,12699,1959-03-09T22:04:40+00:00,1959-03-09T22:07:40+00:00,1959-03-09T22:04:40+00:00,1959-03-09T22:07:40+00:00,180.000,0.02592374,0.92911098,0.92911098,1,1,A,133893,6.000000,A_LE30MIN,6.000000,A_LE30MIN,"Dr. Remeis-Observatory, Bamberg, Germany",Dr. Remeis-Observatory,10.8881,49.8845,1,Astrograph,,"Hamburg-Bergedorf, Germany",Hamburger Sternwarte,53.482,10.242,1,Grosser Schmidt-Spiegel,,True,5893.545115,GE100KM,True,True,True,1,A,133893,90763,6.000000,A_LE30MIN,49.8845,10.8881,10.242,53.482,10.88810000,49.88450000,10.24200000,53.48200000,SWAP,NORMAL,402.491931,GE100KM,True,True,True
APPLAUSE:133889 | APPLAUSE:41976,Bamberg,208,133889,90759,115290,1959-03-09T21:57:00+00:00,1959-03-09T22:57:00+00:00,Hamburg,102,41976,10176,12701,1959-03-09T22:45:33+00:00,1959-03-09T22:48:33+00:00,1959-03-09T22:45:33+00:00,1959-03-09T22:48:33+00:00,180.000,0.00468327,0.16832125,0.16832125,1,1,A,133893,6.000000,A_LE30MIN,6.000000,A_LE30MIN,"Dr. Remeis-Observatory, Bamberg, Germany",Dr. Remeis-Observatory,10.8881,49.8845,1,Astrograph,,"Hamburg-Bergedorf, Germany",Hamburger Sternwarte,53.482,10.242,1,Grosser Schmidt-Spiegel,,True,5893.545115,GE100KM,True,True,True,1,A,133893,90763,6.000000,A_LE30MIN,49.8845,10.8881,10.242,53.482,10.88810000,49.88450000,10.24200000,53.48200000,SWAP,NORMAL,402.491931,GE100KM,True,True,True
APPLAUSE:134687 | APPLAUSE:42409,Bamberg,208,134687,91557,116088,1959-09-09T01:01:00+00:00,1959-09-09T02:01:00+00:00,Hamburg,102,42409,10391,12904,1959-09-09T01:51:33+00:00,1959-09-09T01:54:33+00:00,1959-09-09T01:51:33+00:00,1959-09-09T01:54:33+00:00,180.000,0.00003075,0.00110967,0.00110967,1,1,A,134683,6.000000,A_LE30MIN,6.000000,A_LE30MIN,"Dr. Remeis-Observatory, Bamberg, Germany",Dr. Remeis-Observatory,10.8881,49.8845,1,Astrograph,,"Hamburg-Bergedorf, Germany",Hamburger Sternwarte,53.482,10.242,1,Grosser Schmidt-Spiegel,,True,5893.545115,GE100KM,True,True,True,1,A,134683,91553,6.000000,A_LE30MIN,49.8845,10.8881,10.242,53.482,10.88810000,49.88450000,10.24200000,53.48200000,SWAP,NORMAL,402.491931,GE100KM,True,True,True
APPLAUSE:134619 | APPLAUSE:42373,Bamberg,208,134619,91489,116020,1959-09-06T21:41:00+00:00,1959-09-06T22:41:00+00:00,Hamburg,102,42373,10370,12868,1959-09-06T21:44:07+00:00,1959-09-06T21:47:06+00:00,1959-09-06T21:44:07+00:00,1959-09-06T21:47:06+00:00,179.000,0.02821005,1.00000000,1.00000000,1,1,A,134615,6.000000,A_LE30MIN,6.000000,A_LE30MIN,"Dr. Remeis-Observatory, Bamberg, Germany",Dr. Remeis-Observatory,10.8881,49.8845,1,Astrograph,,"Hamburg-Bergedorf, Germany",Hamburger Sternwarte,53.482,10.242,1,Grosser Schmidt-Spiegel,,True,5893.545115,GE100KM,True,True,True,1,A,134615,91485,6.000000,A_LE30MIN,49.8845,10.8881,10.242,53.482,10.88810000,49.88450000,10.24200000,53.48200000,SWAP,NORMAL,402.491931,GE100KM,True,True,True
APPLAUSE:135312 | APPLAUSE:42669,Bamberg,208,135312,92182,116713,1959-11-20T17:18:00+00:00,1959-11-20T18:18:00+00:00,Hamburg,102,42669,10487,13023,1959-11-20T18:03:01+00:00,1959-11-20T18:06:00+00:00,1959-11-20T18:03:01+00:00,1959-11-20T18:06:00+00:00,179.000,0.00372060,0.02278174,0.02278174,1,1,A,135316,6.000000,A_LE30MIN,6.000000,A_LE30MIN,"Dr. Remeis-Observatory, Bamberg, Germany",Dr. Remeis-Observatory,10.8881,49.8845,1,Astrograph,,"Hamburg-Bergedorf, Germany",Hamburger Sternwarte,53.482,10.242,1,Grosser Schmidt-Spiegel,,True,5893.545115,GE100KM,True,True,True,1,A,135316,92186,6.000000,A_LE30MIN,49.8845,10.8881,10.242,53.482,10.88810000,49.88450000,10.24200000,53.48200000,SWAP,NORMAL,402.491931,GE100KM,True,True,True
APPLAUSE:133631 | APPLAUSE:41738,Bamberg,208,133631,90501,115034,1959-02-08T19:58:00+00:00,1959-02-08T20:58:00+00:00,Hamburg,102,41738,10087,12615,1959-02-08T19:56:41+00:00,1959-02-08T20:00:40+00:00,1959-02-08T19:58:00+00:00,1959-02-08T20:00:40+00:00,160.000,0.60115588,0.15314336,0.60115588,2,2,A,133628,6.000000,A_LE30MIN,6.000000,A_LE30MIN,"Dr. Remeis-Observatory, Bamberg, Germany",Dr. Remeis-Observatory,10.8881,49.8845,1,Astrograph,,"Hamburg-Bergedorf, Germany",Hamburger Sternwarte,53.482,10.242,1,Grosser Schmidt-Spiegel,,True,5893.545115,GE100KM,True,True,True,2,A,133628,90498,6.000000,A_LE30MIN,49.8845,10.8881,10.242,53.482,10.88810000,49.88450000,10.24200000,53.48200000,SWAP,NORMAL,402.491931,GE100KM,True,True,True
APPLAUSE:133632 | APPLAUSE:41738,Bamberg,208,133632,90502,115035,1959-02-08T19:58:00+00:00,1959-02-08T20:58:00+00:00,Hamburg,102,41738,10087,12615,1959-02-08T19:56:41+00:00,1959-02-08T20:00:40+00:00,1959-02-08T19:58:00+00:00,1959-02-08T20:00:40+00:00,160.000,1.00000000,0.02790181,1.00000000,1,2,A,133628,6.000000,A_LE30MIN,6.000000,A_LE30MIN,"Dr. Remeis-Observatory, Bamberg, Germany",Dr. Remeis-Observatory,10.8881,49.8845,1,Astrograph,,"Hamburg-Bergedorf, Germany",Hamburger Sternwarte,53.482,10.242,1,Grosser Schmidt-Spiegel,,True,5893.545115,GE100KM,True,True,True,1,A,133628,90498,6.000000,A_LE30MIN,49.8845,10.8881,10.242,53.482,10.88810000,49.88450000,10.24200000,53.48200000,SWAP,NORMAL,402.491931,GE100KM,True,True,True
APPLAUSE:134615 | APPLAUSE:42372,Bamberg,208,134615,91485,116016,1959-09-06T20:35:00+00:00,1959-09-06T21:35:00+00:00,Hamburg,102,42372,10369,12866,1959-09-06T21:32:39+00:00,1959-09-06T21:35:38+00:00,1959-09-06T21:32:39+00:00,1959-09-06T21:35:00+00:00,141.000,0.02791240,1.00000000,1.00000000,1,1,A,134619,6.000000,A_LE30MIN,6.000000,A_LE30MIN,"Dr. Remeis-Observatory, Bamberg, Germany",Dr. Remeis-Observatory,10.8881,49.8845,1,Astrograph,,"Hamburg-Bergedorf, Germany",Hamburger Sternwarte,53.482,10.242,1,Grosser Schmidt-Spiegel,,True,5893.545115,GE100KM,True,True,True,1,A,134619,91489,6.000000,A_LE30MIN,49.8845,10.8881,10.242,53.482,10.88810000,49.88450000,10.24200000,53.48200000,SWAP,NORMAL,402.491931,GE100KM,True,True,True
APPLAUSE:134017 | APPLAUSE:91601,Bamberg,208,134017,90887,115418,1959-04-02T21:16:00+00:00,1959-04-02T22:16:00+00:00,Hamburg,106,91601,61412,68786,1959-04-02T21:09:12+00:00,1959-04-02T21:18:10+00:00,1959-04-02T21:16:00+00:00,1959-04-02T21:18:10+00:00,130.000,1.00000000,0.02012174,1.00000000,1,2,A,134013,6.000000,A_LE30MIN,5.000000,A_LE30MIN,"Dr. Remeis-Observatory, Bamberg, Germany",Dr. Remeis-Observatory,10.8881,49.8845,1,Astrograph,,"Hamburg-Bergedorf, Germany",Hamburger Sternwarte,53.482,10.242,1,AG-Astrograph,,True,5893.545115,GE100KM,True,True,True,1,A,134013,90883,6.000000,A_LE30MIN,49.8845,10.8881,10.242,53.482,10.88810000,49.88450000,10.24200000,53.48200000,SWAP,NORMAL,402.491931,GE100KM,True,True,True
APPLAUSE:136658 | APPLAUSE:91770,Bamberg,208,136658,93528,118045,1961-01-18T21:41:00+00:00,1961-01-18T22:41:00+00:00,Hamburg,106,91770,61567,69092,1961-01-18T21:23:03+00:00,1961-01-18T21:43:00+00:00,1961-01-18T21:41:00+00:00,1961-01-18T21:43:00+00:00,120.000,0.96478514,0.03314250,0.96478514,1,1,A,136653,6.000000,A_LE30MIN,6.000000,A_LE30MIN,"Dr. Remeis-Observatory, Bamberg, Germany",Dr. Remeis-Observatory,10.8881,49.8845,1,Astrograph,,"Hamburg-Bergedorf, Germany",Hamburger Sternwarte,53.482,10.242,1,AG-Astrograph,,True,5893.545115,GE100KM,True,True,True,1,A,136653,93523,6.000000,A_LE30MIN,49.8845,10.8881,10.242,53.482,10.88810000,49.88450000,10.24200000,53.48200000,SWAP,NORMAL,402.491931,GE100KM,True,True,True
APPLAUSE:133850 | APPLAUSE:91532,Bamberg,208,133850,90720,115251,1959-03-02T20:36:00+00:00,1959-03-02T21:36:00+00:00,Hamburg,106,91532,61343,68648,1959-03-02T20:29:31+00:00,1959-03-02T20:37:30+00:00,1959-03-02T20:36:00+00:00,1959-03-02T20:37:30+00:00,90.000,1.00000000,0.02041241,1.00000000,1,1,A,133846,6.000000,A_LE30MIN,6.000000,A_LE30MIN,"Dr. Remeis-Observatory, Bamberg, Germany",Dr. Remeis-Observatory,10.8881,49.8845,1,Astrograph,,"Hamburg-Bergedorf, Germany",Hamburger Sternwarte,53.482,10.242,1,AG-Astrograph,,True,5893.545115,GE100KM,True,True,True,1,A,133846,90716,6.000000,A_LE30MIN,49.8845,10.8881,10.242,53.482,10.88810000,49.88450000,10.24200000,53.48200000,SWAP,NORMAL,402.491931,GE100KM,True,True,True
APPLAUSE:133383 | APPLAUSE:91459,Bamberg,208,133383,90253,114786,1959-01-28T19:06:00+00:00,1959-01-28T20:06:00+00:00,Hamburg,106,91459,61270,68502,1959-01-28T19:00:52+00:00,1959-01-28T19:06:51+00:00,1959-01-28T19:06:00+00:00,1959-01-28T19:06:51+00:00,51.000,1.00000000,0.02053500,1.00000000,1,1,A,133379,6.000000,A_LE30MIN,6.000000,A_LE30MIN,"Dr. Remeis-Observatory, Bamberg, Germany",Dr. Remeis-Observatory,10.8881,49.8845,1,Astrograph,,"Hamburg-Bergedorf, Germany",Hamburger Sternwarte,53.482,10.242,1,AG-Astrograph,,True,5893.545115,GE100KM,True,True,True,1,A,133379,90249,6.000000,A_LE30MIN,49.8845,10.8881,10.242,53.482,10.88810000,49.88450000,10.24200000,53.48200000,SWAP,NORMAL,402.491931,GE100KM,True,True,True
APPLAUSE:134013 | APPLAUSE:91601,Bamberg,208,134013,90883,115414,1959-04-02T20:10:00+00:00,1959-04-02T21:10:00+00:00,Hamburg,106,91601,61412,68786,1959-04-02T21:09:12+00:00,1959-04-02T21:18:10+00:00,1959-04-02T21:09:12+00:00,1959-04-02T21:10:00+00:00,48.000,0.02018305,1.00000000,1.00000000,1,1,A,134017,6.000000,A_LE30MIN,6.000000,A_LE30MIN,"Dr. Remeis-Observatory, Bamberg, Germany",Dr. Remeis-Observatory,10.8881,49.8845,1,Astrograph,,"Hamburg-Bergedorf, Germany",Hamburger Sternwarte,53.482,10.242,1,AG-Astrograph,,True,5893.545115,GE100KM,True,True,True,1,A,134017,90887,6.000000,A_LE30MIN,49.8845,10.8881,10.242,53.482,10.88810000,49.88450000,10.24200000,53.48200000,SWAP,NORMAL,402.491931,GE100KM,True,True,True
APPLAUSE:139011 | APPLAUSE:12565,Castel Gandolfo,501,139011,95881,120366,1951-09-19T19:38:00+00:00,1951-09-19T19:53:00+00:00,Hamburg,101,12565,7051,9138,1951-09-19T19:42:26+00:00,1951-09-19T19:43:06+00:00,1951-09-19T19:42:26+00:00,1951-09-19T19:43:06+00:00,40.000,0.09971999,0.21455133,0.21455133,27,27,A,139010,6.000000,A_LE30MIN,6.000000,A_LE30MIN,"Castel Gandolfo, Italy",Vatican Observatory,41.7472,12.6505,1,Zeiss Double Astrograph,,"Hamburg-Bergedorf, Germany",Hamburger Sternwarte,53.482,10.242,6,Lippert-Astrograph,,True,1317.081595,GE100KM,True,True,True,27,A,139010,95880,6.000000,A_LE30MIN,12.6505,41.7472,10.242,53.482,12.65050000,41.74720000,10.24200000,53.48200000,NORMAL,NORMAL,1317.081595,GE100KM,True,True,True
APPLAUSE:139012 | APPLAUSE:12568,Castel Gandolfo,501,139012,95882,120367,1951-09-19T19:59:00+00:00,1951-09-19T20:14:00+00:00,Hamburg,101,12568,7051,9138,1951-09-19T20:02:23+00:00,1951-09-19T20:03:03+00:00,1951-09-19T20:02:23+00:00,1951-09-19T20:03:03+00:00,40.000,0.10206977,0.22127476,0.22127476,31,31,A,139011,6.000000,A_LE30MIN,6.000000,A_LE30MIN,"Castel Gandolfo, Italy",Vatican Observatory,41.7472,12.6505,1,Zeiss Double Astrograph,,"Hamburg-Bergedorf, Germany",Hamburger Sternwarte,53.482,10.242,6,Lippert-Astrograph,,True,1317.081595,GE100KM,True,True,True,31,A,139011,95881,6.000000,A_LE30MIN,12.6505,41.7472,10.242,53.482,12.65050000,41.74720000,10.24200000,53.48200000,NORMAL,NORMAL,1317.081595,GE100KM,True,True,True
APPLAUSE:132854 | APPLAUSE:90633,Bamberg,208,132854,89736,114270,1957-07-05T22:55:00+00:00,1957-07-06T22:15:00+00:00,Hamburg,106,90633,60444,66851,1957-07-05T22:30:43+00:00,1957-07-05T22:55:39+00:00,1957-07-05T22:55:00+00:00,1957-07-05T22:55:39+00:00,39.000,1.00000000,0.22370423,1.00000000,5,5,A,132860,6.000000,A_LE30MIN,6.000000,A_LE30MIN,"Dr. Remeis-Observatory, Bamberg, Germany",Dr. Remeis-Observatory,10.8881,49.8845,4,Astrograph,,"Hamburg-Bergedorf, Germany",Hamburger Sternwarte,53.482,10.242,1,AG-Astrograph,,True,5893.545115,GE100KM,True,True,True,5,A,132860,89738,6.000000,A_LE30MIN,49.8845,10.8881,10.242,53.482,10.88810000,49.88450000,10.24200000,53.48200000,SWAP,NORMAL,402.491931,GE100KM,True,True,True
APPLAUSE:135666 | APPLAUSE:91731,Bamberg,208,135666,92536,117066,1960-03-24T23:20:00+00:00,1960-03-25T00:20:00+00:00,Hamburg,106,91731,61534,69028,1960-03-24T23:05:33+00:00,1960-03-24T23:20:30+00:00,1960-03-24T23:20:00+00:00,1960-03-24T23:20:30+00:00,30.000,0.15040225,0.00567732,0.15040225,1,1,A,135661,6.000000,A_LE30MIN,6.000000,A_LE30MIN,"Dr. Remeis-Observatory, Bamberg, Germany",Dr. Remeis-Observatory,10.8881,49.8845,1,Astrograph,,"Hamburg-Bergedorf, Germany",Hamburger Sternwarte,53.482,10.242,1,AG-Astrograph,,True,5893.545115,GE100KM,True,True,True,1,A,135661,92531,6.000000,A_LE30MIN,49.8845,10.8881,10.242,53.482,10.88810000,49.88450000,10.24200000,53.48200000,SWAP,NORMAL,402.491931,GE100KM,True,True,True
APPLAUSE:139010 | APPLAUSE:12562,Castel Gandolfo,501,139010,95880,120365,1951-09-19T19:17:00+00:00,1951-09-19T19:32:00+00:00,Hamburg,101,12562,7050,9137,1951-09-19T19:17:30+00:00,1951-09-19T19:18:00+00:00,1951-09-19T19:17:30+00:00,1951-09-19T19:18:00+00:00,30.000,0.11298408,0.24203993,0.24203993,22,22,A,139011,6.000000,A_LE30MIN,6.000000,A_LE30MIN,"Castel Gandolfo, Italy",Vatican Observatory,41.7472,12.6505,1,Zeiss Double Astrograph,,"Hamburg-Bergedorf, Germany",Hamburger Sternwarte,53.482,10.242,6,Lippert-Astrograph,,True,1317.081595,GE100KM,True,True,True,22,A,139011,95881,6.000000,A_LE30MIN,12.6505,41.7472,10.242,53.482,12.65050000,41.74720000,10.24200000,53.48200000,NORMAL,NORMAL,1317.081595,GE100KM,True,True,True
APPLAUSE:139010 | APPLAUSE:12563,Castel Gandolfo,501,139010,95880,120365,1951-09-19T19:17:00+00:00,1951-09-19T19:32:00+00:00,Hamburg,101,12563,7050,9137,1951-09-19T19:22:29+00:00,1951-09-19T19:22:59+00:00,1951-09-19T19:22:29+00:00,1951-09-19T19:22:59+00:00,30.000,0.11298408,0.24203993,0.24203993,23,23,A,139011,6.000000,A_LE30MIN,6.000000,A_LE30MIN,"Castel Gandolfo, Italy",Vatican Observatory,41.7472,12.6505,1,Zeiss Double Astrograph,,"Hamburg-Bergedorf, Germany",Hamburger Sternwarte,53.482,10.242,6,Lippert-Astrograph,,True,1317.081595,GE100KM,True,True,True,23,A,139011,95881,6.000000,A_LE30MIN,12.6505,41.7472,10.242,53.482,12.65050000,41.74720000,10.24200000,53.48200000,NORMAL,NORMAL,1317.081595,GE100KM,True,True,True
APPLAUSE:139011 | APPLAUSE:12566,Castel Gandolfo,501,139011,95881,120366,1951-09-19T19:38:00+00:00,1951-09-19T19:53:00+00:00,Hamburg,101,12566,7051,9138,1951-09-19T19:47:25+00:00,1951-09-19T19:47:55+00:00,1951-09-19T19:47:25+00:00,1951-09-19T19:47:55+00:00,30.000,0.09971999,0.21455133,0.21455133,28,28,A,139010,6.000000,A_LE30MIN,6.000000,A_LE30MIN,"Castel Gandolfo, Italy",Vatican Observatory,41.7472,12.6505,1,Zeiss Double Astrograph,,"Hamburg-Bergedorf, Germany",Hamburger Sternwarte,53.482,10.242,6,Lippert-Astrograph,,True,1317.081595,GE100KM,True,True,True,28,A,139010,95880,6.000000,A_LE30MIN,12.6505,41.7472,10.242,53.482,12.65050000,41.74720000,10.24200000,53.48200000,NORMAL,NORMAL,1317.081595,GE100KM,True,True,True
APPLAUSE:133846 | APPLAUSE:91532,Bamberg,208,133846,90716,115247,1959-03-02T19:30:00+00:00,1959-03-02T20:30:00+00:00,Hamburg,106,91532,61343,68648,1959-03-02T20:29:31+00:00,1959-03-02T20:37:30+00:00,1959-03-02T20:29:31+00:00,1959-03-02T20:30:00+00:00,29.000,0.02058092,1.00000000,1.00000000,1,1,A,133850,6.000000,A_LE30MIN,6.000000,A_LE30MIN,"Dr. Remeis-Observatory, Bamberg, Germany",Dr. Remeis-Observatory,10.8881,49.8845,1,Astrograph,,"Hamburg-Bergedorf, Germany",Hamburger Sternwarte,53.482,10.242,1,AG-Astrograph,,True,5893.545115,GE100KM,True,True,True,1,A,133850,90720,6.000000,A_LE30MIN,49.8845,10.8881,10.242,53.482,10.88810000,49.88450000,10.24200000,53.48200000,SWAP,NORMAL,402.491931,GE100KM,True,True,True
APPLAUSE:139011 | APPLAUSE:12564,Castel Gandolfo,501,139011,95881,120366,1951-09-19T19:38:00+00:00,1951-09-19T19:53:00+00:00,Hamburg,101,12564,7051,9138,1951-09-19T19:37:27+00:00,1951-09-19T19:38:17+00:00,1951-09-19T19:38:00+00:00,1951-09-19T19:38:17+00:00,17.000,0.21455133,0.09971999,0.21455133,26,26,A,139010,6.000000,A_LE30MIN,6.000000,A_LE30MIN,"Castel Gandolfo, Italy",Vatican Observatory,41.7472,12.6505,1,Zeiss Double Astrograph,,"Hamburg-Bergedorf, Germany",Hamburger Sternwarte,53.482,10.242,6,Lippert-Astrograph,,True,1317.081595,GE100KM,True,True,True,26,A,139010,95880,6.000000,A_LE30MIN,12.6505,41.7472,10.242,53.482,12.65050000,41.74720000,10.24200000,53.48200000,NORMAL,NORMAL,1317.081595,GE100KM,True,True,True
APPLAUSE:133387 | APPLAUSE:15085,Bamberg,208,133387,90257,114790,1959-01-28T20:11:00+00:00,1959-01-28T21:11:00+00:00,Hamburg,101,15085,8364,10952,1959-01-28T20:31:37+00:00,1959-01-28T21:11:31+00:00,1959-01-28T20:31:37+00:00,1959-01-28T21:11:00+00:00,2363.000,0.00426230,0.09656449,0.09656449,1,1,B,15084,6.966667,A_LE30MIN,6.966667,A_LE30MIN,"Dr. Remeis-Observatory, Bamberg, Germany",Dr. Remeis-Observatory,10.8881,49.8845,1,Astrograph,,"Hamburg-Bergedorf, Germany",Hamburger Sternwarte,53.482,10.242,1,Lippert-Astrograph,,True,5893.545115,GE100KM,True,True,True,1,B,15084,8363,6.966667,A_LE30MIN,49.8845,10.8881,10.242,53.482,10.88810000,49.88450000,10.24200000,53.48200000,SWAP,NORMAL,402.491931,GE100KM,True,True,True
APPLAUSE:133387 | APPLAUSE:15084,Bamberg,208,133387,90257,114790,1959-01-28T20:11:00+00:00,1959-01-28T21:11:00+00:00,Hamburg,101,15084,8363,10950,1959-01-28T19:44:45+00:00,1959-01-28T20:24:39+00:00,1959-01-28T20:11:00+00:00,1959-01-28T20:24:39+00:00,819.000,0.09721201,0.00429811,0.09721201,1,1,B,15085,6.966667,A_LE30MIN,6.966667,A_LE30MIN,"Dr. Remeis-Observatory, Bamberg, Germany",Dr. Remeis-Observatory,10.8881,49.8845,1,Astrograph,,"Hamburg-Bergedorf, Germany",Hamburger Sternwarte,53.482,10.242,1,Lippert-Astrograph,,True,5893.545115,GE100KM,True,True,True,1,B,15085,8364,6.966667,A_LE30MIN,49.8845,10.8881,10.242,53.482,10.88810000,49.88450000,10.24200000,53.48200000,SWAP,NORMAL,402.491931,GE100KM,True,True,True
APPLAUSE:133913 | APPLAUSE:41998,Bamberg,208,133913,90783,115314,1959-03-28T19:40:00+00:00,1959-03-28T20:40:00+00:00,Hamburg,102,41998,10191,12717,1959-03-28T20:34:00+00:00,1959-03-28T20:53:57+00:00,1959-03-28T20:34:00+00:00,1959-03-28T20:40:00+00:00,360.000,0.01488509,1.00000000,1.00000000,2,2,B,41997,6.983333,A_LE30MIN,6.983333,A_LE30MIN,"Dr. Remeis-Observatory, Bamberg, Germany",Dr. Remeis-Observatory,10.8881,49.8845,1,Astrograph,,"Hamburg-Bergedorf, Germany",Hamburger Sternwarte,53.482,10.242,1,Grosser Schmidt-Spiegel,,True,5893.545115,GE100KM,True,True,True,2,B,41997,10190,6.983333,A_LE30MIN,49.8845,10.8881,10.242,53.482,10.88810000,49.88450000,10.24200000,53.48200000,SWAP,NORMAL,402.491931,GE100KM,True,True,True
APPLAUSE:133913 | APPLAUSE:41997,Bamberg,208,133913,90783,115314,1959-03-28T19:40:00+00:00,1959-03-28T20:40:00+00:00,Hamburg,102,41997,10190,12715,1959-03-28T20:22:02+00:00,1959-03-28T20:27:01+00:00,1959-03-28T20:22:02+00:00,1959-03-28T20:27:01+00:00,299.000,0.01488468,1.00000000,1.00000000,2,2,B,41998,6.983333,A_LE30MIN,6.983333,A_LE30MIN,"Dr. Remeis-Observatory, Bamberg, Germany",Dr. Remeis-Observatory,10.8881,49.8845,1,Astrograph,,"Hamburg-Bergedorf, Germany",Hamburger Sternwarte,53.482,10.242,1,Grosser Schmidt-Spiegel,,True,5893.545115,GE100KM,True,True,True,2,B,41998,10191,6.983333,A_LE30MIN,49.8845,10.8881,10.242,53.482,10.88810000,49.88450000,10.24200000,53.48200000,SWAP,NORMAL,402.491931,GE100KM,True,True,True
APPLAUSE:134013 | APPLAUSE:42001,Bamberg,208,134013,90883,115414,1959-04-02T20:10:00+00:00,1959-04-02T21:10:00+00:00,Hamburg,102,42001,10194,12723,1959-04-02T20:19:20+00:00,1959-04-02T20:24:19+00:00,1959-04-02T20:19:20+00:00,1959-04-02T20:24:19+00:00,299.000,0.00358676,0.24805849,0.24805849,1,1,B,42000,6.983333,A_LE30MIN,6.983333,A_LE30MIN,"Dr. Remeis-Observatory, Bamberg, Germany",Dr. Remeis-Observatory,10.8881,49.8845,1,Astrograph,,"Hamburg-Bergedorf, Germany",Hamburger Sternwarte,53.482,10.242,1,Grosser Schmidt-Spiegel,,True,5893.545115,GE100KM,True,True,True,1,B,42000,10193,6.983333,A_LE30MIN,49.8845,10.8881,10.242,53.482,10.88810000,49.88450000,10.24200000,53.48200000,SWAP,NORMAL,402.491931,GE100KM,True,True,True
APPLAUSE:136177 | APPLAUSE:42921,Bamberg,208,136177,93047,117572,1960-09-13T20:06:00+00:00,1960-09-13T21:06:00+00:00,Hamburg,102,42921,10654,13178,1960-09-13T20:56:39+00:00,1960-09-13T21:00:39+00:00,1960-09-13T20:56:39+00:00,1960-09-13T21:00:39+00:00,240.000,0.14701607,0.88689701,0.88689701,4,4,B,42922,6.983333,A_LE30MIN,6.983333,A_LE30MIN,"Dr. Remeis-Observatory, Bamberg, Germany",Dr. Remeis-Observatory,10.8881,49.8845,1,Astrograph,,"Hamburg-Bergedorf, Germany",Hamburger Sternwarte,53.482,10.242,1,Grosser Schmidt-Spiegel,,True,5893.545115,GE100KM,True,True,True,4,B,42922,10655,6.983333,A_LE30MIN,49.8845,10.8881,10.242,53.482,10.88810000,49.88450000,10.24200000,53.48200000,SWAP,NORMAL,402.491931,GE100KM,True,True,True
APPLAUSE:129039 | APPLAUSE:7360,Bamberg,208,129039,86309,111029,1937-04-11T22:41:00+00:00,1937-04-11T23:11:00+00:00,Hamburg,101,7360,4627,5539,1937-04-11T23:05:06+00:00,1937-04-11T23:08:06+00:00,1937-04-11T23:05:06+00:00,1937-04-11T23:08:06+00:00,180.000,0.01273477,1.00000000,1.00000000,28,28,B,7358,6.983333,A_LE30MIN,6.983333,A_LE30MIN,"Dr. Remeis-Observatory, Bamberg, Germany",Dr. Remeis-Observatory,10.8881,49.8845,1,Astrograph,,"Hamburg-Bergedorf, Germany",Hamburger Sternwarte,53.482,10.242,10,Lippert-Astrograph,,True,5893.545115,GE100KM,True,True,True,28,B,7358,4626,6.983333,A_LE30MIN,49.8845,10.8881,10.242,53.482,10.88810000,49.88450000,10.24200000,53.48200000,SWAP,NORMAL,402.491931,GE100KM,True,True,True
APPLAUSE:135469 | APPLAUSE:15302,Bamberg,208,135469,92339,116870,1960-02-17T18:30:00+00:00,1960-02-17T19:30:00+00:00,Hamburg,101,15302,8561,11325,1960-02-17T18:54:59+00:00,1960-02-17T18:57:59+00:00,1960-02-17T18:54:59+00:00,1960-02-17T18:57:59+00:00,180.000,0.02516202,0.87713717,0.87713717,2,2,B,15301,6.983333,A_LE30MIN,6.983333,A_LE30MIN,"Dr. Remeis-Observatory, Bamberg, Germany",Dr. Remeis-Observatory,10.8881,49.8845,1,Astrograph,,"Hamburg-Bergedorf, Germany",Hamburger Sternwarte,53.482,10.242,2,Lippert-Astrograph,,True,5893.545115,GE100KM,True,True,True,2,B,15301,8560,6.983333,A_LE30MIN,49.8845,10.8881,10.242,53.482,10.88810000,49.88450000,10.24200000,53.48200000,SWAP,NORMAL,402.491931,GE100KM,True,True,True
APPLAUSE:135470 | APPLAUSE:15302,Bamberg,208,135470,92340,116871,1960-02-17T18:30:00+00:00,1960-02-17T19:30:00+00:00,Hamburg,101,15302,8561,11325,1960-02-17T18:54:59+00:00,1960-02-17T18:57:59+00:00,1960-02-17T18:54:59+00:00,1960-02-17T18:57:59+00:00,180.000,0.01588024,1.00000000,1.00000000,2,2,B,15301,6.983333,A_LE30MIN,6.983333,A_LE30MIN,"Dr. Remeis-Observatory, Bamberg, Germany",Dr. Remeis-Observatory,10.8881,49.8845,1,Astrograph,,"Hamburg-Bergedorf, Germany",Hamburger Sternwarte,53.482,10.242,2,Lippert-Astrograph,,True,5893.545115,GE100KM,True,True,True,2,B,15301,8560,6.983333,A_LE30MIN,49.8845,10.8881,10.242,53.482,10.88810000,49.88450000,10.24200000,53.48200000,SWAP,NORMAL,402.491931,GE100KM,True,True,True
APPLAUSE:129039 | APPLAUSE:7357,Bamberg,208,129039,86309,111029,1937-04-11T22:41:00+00:00,1937-04-11T23:11:00+00:00,Hamburg,101,7357,4626,5538,1937-04-11T22:50:09+00:00,1937-04-11T22:53:08+00:00,1937-04-11T22:50:09+00:00,1937-04-11T22:53:08+00:00,179.000,0.01269444,1.00000000,1.00000000,27,27,B,7359,6.983333,A_LE30MIN,6.983333,A_LE30MIN,"Dr. Remeis-Observatory, Bamberg, Germany",Dr. Remeis-Observatory,10.8881,49.8845,1,Astrograph,,"Hamburg-Bergedorf, Germany",Hamburger Sternwarte,53.482,10.242,11,Lippert-Astrograph,,True,5893.545115,GE100KM,True,True,True,27,B,7359,4627,6.983333,A_LE30MIN,49.8845,10.8881,10.242,53.482,10.88810000,49.88450000,10.24200000,53.48200000,SWAP,NORMAL,402.491931,GE100KM,True,True,True
APPLAUSE:135469 | APPLAUSE:15301,Bamberg,208,135469,92339,116870,1960-02-17T18:30:00+00:00,1960-02-17T19:30:00+00:00,Hamburg,101,15301,8560,11324,1960-02-17T18:45:01+00:00,1960-02-17T18:48:00+00:00,1960-02-17T18:45:01+00:00,1960-02-17T18:48:00+00:00,179.000,0.02540324,0.87487444,0.87487444,2,2,B,15302,6.983333,A_LE30MIN,6.983333,A_LE30MIN,"Dr. Remeis-Observatory, Bamberg, Germany",Dr. Remeis-Observatory,10.8881,49.8845,1,Astrograph,,"Hamburg-Bergedorf, Germany",Hamburger Sternwarte,53.482,10.242,2,Lippert-Astrograph,,True,5893.545115,GE100KM,True,True,True,2,B,15302,8561,6.983333,A_LE30MIN,49.8845,10.8881,10.242,53.482,10.88810000,49.88450000,10.24200000,53.48200000,SWAP,NORMAL,402.491931,GE100KM,True,True,True
APPLAUSE:135470 | APPLAUSE:15301,Bamberg,208,135470,92340,116871,1960-02-17T18:30:00+00:00,1960-02-17T19:30:00+00:00,Hamburg,101,15301,8560,11324,1960-02-17T18:45:01+00:00,1960-02-17T18:48:00+00:00,1960-02-17T18:45:01+00:00,1960-02-17T18:48:00+00:00,179.000,0.01607351,1.00000000,1.00000000,2,2,B,15302,6.983333,A_LE30MIN,6.983333,A_LE30MIN,"Dr. Remeis-Observatory, Bamberg, Germany",Dr. Remeis-Observatory,10.8881,49.8845,1,Astrograph,,"Hamburg-Bergedorf, Germany",Hamburger Sternwarte,53.482,10.242,2,Lippert-Astrograph,,True,5893.545115,GE100KM,True,True,True,2,B,15302,8561,6.983333,A_LE30MIN,49.8845,10.8881,10.242,53.482,10.88810000,49.88450000,10.24200000,53.48200000,SWAP,NORMAL,402.491931,GE100KM,True,True,True
APPLAUSE:134013 | APPLAUSE:42000,Bamberg,208,134013,90883,115414,1959-04-02T20:10:00+00:00,1959-04-02T21:10:00+00:00,Hamburg,102,42000,10193,12721,1959-04-02T19:52:24+00:00,1959-04-02T20:12:21+00:00,1959-04-02T20:10:00+00:00,1959-04-02T20:12:21+00:00,141.000,0.24384914,0.00352525,0.24384914,1,1,B,42001,6.983333,A_LE30MIN,6.983333,A_LE30MIN,"Dr. Remeis-Observatory, Bamberg, Germany",Dr. Remeis-Observatory,10.8881,49.8845,1,Astrograph,,"Hamburg-Bergedorf, Germany",Hamburger Sternwarte,53.482,10.242,1,Grosser Schmidt-Spiegel,,True,5893.545115,GE100KM,True,True,True,1,B,42001,10194,6.983333,A_LE30MIN,49.8845,10.8881,10.242,53.482,10.88810000,49.88450000,10.24200000,53.48200000,SWAP,NORMAL,402.491931,GE100KM,True,True,True
APPLAUSE:133902 | APPLAUSE:15124,Bamberg,208,133902,90772,115303,1959-03-10T01:21:00+00:00,1959-03-10T02:21:00+00:00,Hamburg,101,15124,8389,10997,1959-03-10T01:24:07+00:00,1959-03-10T01:54:02+00:00,1959-03-10T01:24:07+00:00,1959-03-10T01:54:02+00:00,1795.000,0.00186808,1.00000000,1.00000000,4,4,A,133898,7.000000,A_LE30MIN,7.000000,A_LE30MIN,"Dr. Remeis-Observatory, Bamberg, Germany",Dr. Remeis-Observatory,10.8881,49.8845,1,Astrograph,,"Hamburg-Bergedorf, Germany",Hamburger Sternwarte,53.482,10.242,1,Lippert-Astrograph,,True,5893.545115,GE100KM,True,True,True,4,A,133898,90768,7.000000,A_LE30MIN,49.8845,10.8881,10.242,53.482,10.88810000,49.88450000,10.24200000,53.48200000,SWAP,NORMAL,402.491931,GE100KM,True,True,True
APPLAUSE:136695 | APPLAUSE:43091,Bamberg,208,136695,93565,118082,1961-01-19T19:48:00+00:00,1961-01-19T20:48:00+00:00,Hamburg,102,43091,10724,13301,1961-01-19T19:52:11+00:00,1961-01-19T20:22:06+00:00,1961-01-19T19:52:11+00:00,1961-01-19T20:22:06+00:00,1795.000,0.02871897,0.17469298,0.17469298,2,3,A,136690,7.000000,A_LE30MIN,6.000000,A_LE30MIN,"Dr. Remeis-Observatory, Bamberg, Germany",Dr. Remeis-Observatory,10.8881,49.8845,1,Astrograph,,"Hamburg-Bergedorf, Germany",Hamburger Sternwarte,53.482,10.242,1,Grosser Schmidt-Spiegel,,True,5893.545115,GE100KM,True,True,True,2,A,136690,93560,7.000000,A_LE30MIN,49.8845,10.8881,10.242,53.482,10.88810000,49.88450000,10.24200000,53.48200000,SWAP,NORMAL,402.491931,GE100KM,True,True,True
APPLAUSE:136653 | APPLAUSE:91769,Bamberg,208,136653,93523,118040,1961-01-18T20:35:00+00:00,1961-01-18T21:35:00+00:00,Hamburg,106,91769,61566,69090,1961-01-18T20:51:58+00:00,1961-01-18T21:11:55+00:00,1961-01-18T20:51:58+00:00,1961-01-18T21:11:55+00:00,1197.000,0.03451690,1.00000000,1.00000000,1,2,A,136648,7.000000,A_LE30MIN,6.000000,A_LE30MIN,"Dr. Remeis-Observatory, Bamberg, Germany",Dr. Remeis-Observatory,10.8881,49.8845,1,Astrograph,,"Hamburg-Bergedorf, Germany",Hamburger Sternwarte,53.482,10.242,1,AG-Astrograph,,True,5893.545115,GE100KM,True,True,True,1,A,136648,93518,7.000000,A_LE30MIN,49.8845,10.8881,10.242,53.482,10.88810000,49.88450000,10.24200000,53.48200000,SWAP,NORMAL,402.491931,GE100KM,True,True,True
APPLAUSE:135591 | APPLAUSE:91719,Bamberg,208,135591,92461,116991,1960-03-23T00:21:00+00:00,1960-03-23T01:21:00+00:00,Hamburg,106,91719,61522,69005,1960-03-23T00:32:06+00:00,1960-03-23T00:47:04+00:00,1960-03-23T00:32:06+00:00,1960-03-23T00:47:04+00:00,898.000,0.01911137,0.50355373,0.50355373,1,1,A,135586,7.000000,A_LE30MIN,7.000000,A_LE30MIN,"Dr. Remeis-Observatory, Bamberg, Germany",Dr. Remeis-Observatory,10.8881,49.8845,1,Astrograph,,"Hamburg-Bergedorf, Germany",Hamburger Sternwarte,53.482,10.242,1,AG-Astrograph,,True,5893.545115,GE100KM,True,True,True,1,A,135586,92456,7.000000,A_LE30MIN,49.8845,10.8881,10.242,53.482,10.88810000,49.88450000,10.24200000,53.48200000,SWAP,NORMAL,402.491931,GE100KM,True,True,True
APPLAUSE:135591 | APPLAUSE:91720,Bamberg,208,135591,92461,116991,1960-03-23T00:21:00+00:00,1960-03-23T01:21:00+00:00,Hamburg,106,91720,61523,69007,1960-03-23T00:52:38+00:00,1960-03-23T01:07:36+00:00,1960-03-23T00:52:38+00:00,1960-03-23T01:07:36+00:00,898.000,0.03803604,1.00000000,1.00000000,1,1,A,135586,7.000000,A_LE30MIN,7.000000,A_LE30MIN,"Dr. Remeis-Observatory, Bamberg, Germany",Dr. Remeis-Observatory,10.8881,49.8845,1,Astrograph,,"Hamburg-Bergedorf, Germany",Hamburger Sternwarte,53.482,10.242,1,AG-Astrograph,,True,5893.545115,GE100KM,True,True,True,1,A,135586,92456,7.000000,A_LE30MIN,49.8845,10.8881,10.242,53.482,10.88810000,49.88450000,10.24200000,53.48200000,SWAP,NORMAL,402.491931,GE100KM,True,True,True
APPLAUSE:136653 | APPLAUSE:91768,Bamberg,208,136653,93523,118040,1961-01-18T20:35:00+00:00,1961-01-18T21:35:00+00:00,Hamburg,106,91768,61565,69088,1961-01-18T20:26:12+00:00,1961-01-18T20:46:09+00:00,1961-01-18T20:35:00+00:00,1961-01-18T20:46:09+00:00,669.000,1.00000000,0.03443502,1.00000000,1,1,A,136648,7.000000,A_LE30MIN,7.000000,A_LE30MIN,"Dr. Remeis-Observatory, Bamberg, Germany",Dr. Remeis-Observatory,10.8881,49.8845,1,Astrograph,,"Hamburg-Bergedorf, Germany",Hamburger Sternwarte,53.482,10.242,1,AG-Astrograph,,True,5893.545115,GE100KM,True,True,True,1,A,136648,93518,7.000000,A_LE30MIN,49.8845,10.8881,10.242,53.482,10.88810000,49.88450000,10.24200000,53.48200000,SWAP,NORMAL,402.491931,GE100KM,True,True,True
APPLAUSE:133224 | APPLAUSE:91363,Bamberg,208,133224,90094,114628,1958-09-15T22:53:00+00:00,1958-09-15T23:53:00+00:00,Hamburg,106,91363,61174,68311,1958-09-15T23:34:53+00:00,1958-09-15T23:44:51+00:00,1958-09-15T23:34:53+00:00,1958-09-15T23:44:51+00:00,598.000,0.04537201,0.20272672,0.20272672,1,1,A,133227,7.000000,A_LE30MIN,7.000000,A_LE30MIN,"Dr. Remeis-Observatory, Bamberg, Germany",Dr. Remeis-Observatory,10.8881,49.8845,1,Astrograph,,"Hamburg-Bergedorf, Germany",Hamburger Sternwarte,53.482,10.242,1,AG-Astrograph,,True,5893.545115,GE100KM,True,True,True,1,A,133227,90097,7.000000,A_LE30MIN,49.8845,10.8881,10.242,53.482,10.88810000,49.88450000,10.24200000,53.48200000,SWAP,NORMAL,402.491931,GE100KM,True,True,True
APPLAUSE:133898 | APPLAUSE:91582,Bamberg,208,133898,90768,115299,1959-03-10T00:14:00+00:00,1959-03-10T01:14:00+00:00,Hamburg,106,91582,61393,68749,1959-03-10T00:48:08+00:00,1959-03-10T00:54:07+00:00,1959-03-10T00:48:08+00:00,1959-03-10T00:54:07+00:00,359.000,0.02059345,1.00000000,1.00000000,1,1,A,133902,7.000000,A_LE30MIN,7.000000,A_LE30MIN,"Dr. Remeis-Observatory, Bamberg, Germany",Dr. Remeis-Observatory,10.8881,49.8845,1,Astrograph,,"Hamburg-Bergedorf, Germany",Hamburger Sternwarte,53.482,10.242,1,AG-Astrograph,,True,5893.545115,GE100KM,True,True,True,1,A,133902,90772,7.000000,A_LE30MIN,49.8845,10.8881,10.242,53.482,10.88810000,49.88450000,10.24200000,53.48200000,SWAP,NORMAL,402.491931,GE100KM,True,True,True
APPLAUSE:133685 | APPLAUSE:41753,Bamberg,208,133685,90555,115088,1959-02-11T23:20:00+00:00,1959-02-12T00:20:00+00:00,Hamburg,102,41753,10102,12635,1959-02-11T23:44:54+00:00,1959-02-11T23:47:54+00:00,1959-02-11T23:44:54+00:00,1959-02-11T23:47:54+00:00,180.000,0.01519171,1.00000000,1.00000000,1,1,A,133681,7.000000,A_LE30MIN,7.000000,A_LE30MIN,"Dr. Remeis-Observatory, Bamberg, Germany",Dr. Remeis-Observatory,10.8881,49.8845,1,Astrograph,,"Hamburg-Bergedorf, Germany",Hamburger Sternwarte,53.482,10.242,1,Grosser Schmidt-Spiegel,,True,5893.545115,GE100KM,True,True,True,1,A,133681,90551,7.000000,A_LE30MIN,49.8845,10.8881,10.242,53.482,10.88810000,49.88450000,10.24200000,53.48200000,SWAP,NORMAL,402.491931,GE100KM,True,True,True
APPLAUSE:133685 | APPLAUSE:41754,Bamberg,208,133685,90555,115088,1959-02-11T23:20:00+00:00,1959-02-12T00:20:00+00:00,Hamburg,102,41754,10103,12636,1959-02-11T23:57:52+00:00,1959-02-12T00:00:52+00:00,1959-02-11T23:57:52+00:00,1959-02-12T00:00:52+00:00,180.000,0.01523155,1.00000000,1.00000000,1,1,A,133681,7.000000,A_LE30MIN,7.000000,A_LE30MIN,"Dr. Remeis-Observatory, Bamberg, Germany",Dr. Remeis-Observatory,10.8881,49.8845,1,Astrograph,,"Hamburg-Bergedorf, Germany",Hamburger Sternwarte,53.482,10.242,1,Grosser Schmidt-Spiegel,,True,5893.545115,GE100KM,True,True,True,1,A,133681,90551,7.000000,A_LE30MIN,49.8845,10.8881,10.242,53.482,10.88810000,49.88450000,10.24200000,53.48200000,SWAP,NORMAL,402.491931,GE100KM,True,True,True
APPLAUSE:133639 | APPLAUSE:41741,Bamberg,208,133639,90509,115042,1959-02-08T22:14:00+00:00,1959-02-08T23:14:00+00:00,Hamburg,102,41741,10090,12620,1959-02-08T22:25:42+00:00,1959-02-08T22:28:41+00:00,1959-02-08T22:25:42+00:00,1959-02-08T22:28:41+00:00,179.000,0.19384101,0.76524805,0.76524805,2,2,A,133644,7.000000,A_LE30MIN,7.000000,A_LE30MIN,"Dr. Remeis-Observatory, Bamberg, Germany",Dr. Remeis-Observatory,10.8881,49.8845,1,Astrograph,,"Hamburg-Bergedorf, Germany",Hamburger Sternwarte,53.482,10.242,1,Grosser Schmidt-Spiegel,,True,5893.545115,GE100KM,True,True,True,2,A,133644,90514,7.000000,A_LE30MIN,49.8845,10.8881,10.242,53.482,10.88810000,49.88450000,10.24200000,53.48200000,SWAP,NORMAL,402.491931,GE100KM,True,True,True
APPLAUSE:133639 | APPLAUSE:41742,Bamberg,208,133639,90509,115042,1959-02-08T22:14:00+00:00,1959-02-08T23:14:00+00:00,Hamburg,102,41742,10091,12622,1959-02-08T22:38:55+00:00,1959-02-08T22:41:54+00:00,1959-02-08T22:38:55+00:00,1959-02-08T22:41:54+00:00,179.000,0.24536545,0.96919408,0.96919408,2,2,A,133644,7.000000,A_LE30MIN,7.000000,A_LE30MIN,"Dr. Remeis-Observatory, Bamberg, Germany",Dr. Remeis-Observatory,10.8881,49.8845,1,Astrograph,,"Hamburg-Bergedorf, Germany",Hamburger Sternwarte,53.482,10.242,1,Grosser Schmidt-Spiegel,,True,5893.545115,GE100KM,True,True,True,2,A,133644,90514,7.000000,A_LE30MIN,49.8845,10.8881,10.242,53.482,10.88810000,49.88450000,10.24200000,53.48200000,SWAP,NORMAL,402.491931,GE100KM,True,True,True
APPLAUSE:133640 | APPLAUSE:41741,Bamberg,208,133640,90510,115043,1959-02-08T22:14:00+00:00,1959-02-08T23:14:00+00:00,Hamburg,102,41741,10090,12620,1959-02-08T22:25:42+00:00,1959-02-08T22:28:41+00:00,1959-02-08T22:25:42+00:00,1959-02-08T22:28:41+00:00,179.000,0.02819778,1.00000000,1.00000000,3,3,A,133644,7.000000,A_LE30MIN,7.000000,A_LE30MIN,"Dr. Remeis-Observatory, Bamberg, Germany",Dr. Remeis-Observatory,10.8881,49.8845,1,Astrograph,,"Hamburg-Bergedorf, Germany",Hamburger Sternwarte,53.482,10.242,1,Grosser Schmidt-Spiegel,,True,5893.545115,GE100KM,True,True,True,3,A,133644,90514,7.000000,A_LE30MIN,49.8845,10.8881,10.242,53.482,10.88810000,49.88450000,10.24200000,53.48200000,SWAP,NORMAL,402.491931,GE100KM,True,True,True
APPLAUSE:133640 | APPLAUSE:41742,Bamberg,208,133640,90510,115043,1959-02-08T22:14:00+00:00,1959-02-08T23:14:00+00:00,Hamburg,102,41742,10091,12622,1959-02-08T22:38:55+00:00,1959-02-08T22:41:54+00:00,1959-02-08T22:38:55+00:00,1959-02-08T22:41:54+00:00,179.000,0.02822519,1.00000000,1.00000000,3,4,A,133643,7.000000,A_LE30MIN,7.000000,A_LE30MIN,"Dr. Remeis-Observatory, Bamberg, Germany",Dr. Remeis-Observatory,10.8881,49.8845,1,Astrograph,,"Hamburg-Bergedorf, Germany",Hamburger Sternwarte,53.482,10.242,1,Grosser Schmidt-Spiegel,,True,5893.545115,GE100KM,True,True,True,3,A,133643,90513,7.000000,A_LE30MIN,49.8845,10.8881,10.242,53.482,10.88810000,49.88450000,10.24200000,53.48200000,SWAP,NORMAL,402.491931,GE100KM,True,True,True
APPLAUSE:133643 | APPLAUSE:41744,Bamberg,208,133643,90513,115046,1959-02-08T23:21:00+00:00,1959-02-09T00:21:00+00:00,Hamburg,102,41744,10093,12627,1959-02-08T23:28:02+00:00,1959-02-08T23:31:01+00:00,1959-02-08T23:28:02+00:00,1959-02-08T23:31:01+00:00,179.000,0.03916531,0.15465679,0.15465679,3,3,A,133640,7.000000,A_LE30MIN,7.000000,A_LE30MIN,"Dr. Remeis-Observatory, Bamberg, Germany",Dr. Remeis-Observatory,10.8881,49.8845,1,Astrograph,,"Hamburg-Bergedorf, Germany",Hamburger Sternwarte,53.482,10.242,1,Grosser Schmidt-Spiegel,,True,5893.545115,GE100KM,True,True,True,3,A,133640,90510,7.000000,A_LE30MIN,49.8845,10.8881,10.242,53.482,10.88810000,49.88450000,10.24200000,53.48200000,SWAP,NORMAL,402.491931,GE100KM,True,True,True
APPLAUSE:133644 | APPLAUSE:41744,Bamberg,208,133644,90514,115047,1959-02-08T23:21:00+00:00,1959-02-09T00:21:00+00:00,Hamburg,102,41744,10093,12627,1959-02-08T23:28:02+00:00,1959-02-08T23:31:01+00:00,1959-02-08T23:28:02+00:00,1959-02-08T23:31:01+00:00,179.000,0.02847275,1.00000000,1.00000000,1,3,A,133640,7.000000,A_LE30MIN,7.000000,A_LE30MIN,"Dr. Remeis-Observatory, Bamberg, Germany",Dr. Remeis-Observatory,10.8881,49.8845,1,Astrograph,,"Hamburg-Bergedorf, Germany",Hamburger Sternwarte,53.482,10.242,1,Grosser Schmidt-Spiegel,,True,5893.545115,GE100KM,True,True,True,1,A,133640,90510,7.000000,A_LE30MIN,49.8845,10.8881,10.242,53.482,10.88810000,49.88450000,10.24200000,53.48200000,SWAP,NORMAL,402.491931,GE100KM,True,True,True
APPLAUSE:136648 | APPLAUSE:91768,Bamberg,208,136648,93518,118035,1961-01-18T19:28:00+00:00,1961-01-18T20:28:00+00:00,Hamburg,106,91768,61565,69088,1961-01-18T20:26:12+00:00,1961-01-18T20:46:09+00:00,1961-01-18T20:26:12+00:00,1961-01-18T20:28:00+00:00,108.000,0.03441391,1.00000000,1.00000000,1,1,A,136653,7.000000,A_LE30MIN,7.000000,A_LE30MIN,"Dr. Remeis-Observatory, Bamberg, Germany",Dr. Remeis-Observatory,10.8881,49.8845,1,Astrograph,,"Hamburg-Bergedorf, Germany",Hamburger Sternwarte,53.482,10.242,1,AG-Astrograph,,True,5893.545115,GE100KM,True,True,True,1,A,136653,93523,7.000000,A_LE30MIN,49.8845,10.8881,10.242,53.482,10.88810000,49.88450000,10.24200000,53.48200000,SWAP,NORMAL,402.491931,GE100KM,True,True,True
APPLAUSE:133639 | APPLAUSE:41743,Bamberg,208,133639,90509,115042,1959-02-08T22:14:00+00:00,1959-02-08T23:14:00+00:00,Hamburg,102,41743,10092,12624,1959-02-08T23:13:54+00:00,1959-02-08T23:16:54+00:00,1959-02-08T23:13:54+00:00,1959-02-08T23:14:00+00:00,6.000,0.05850148,0.23100803,0.23100803,2,2,A,133644,7.000000,A_LE30MIN,7.000000,A_LE30MIN,"Dr. Remeis-Observatory, Bamberg, Germany",Dr. Remeis-Observatory,10.8881,49.8845,1,Astrograph,,"Hamburg-Bergedorf, Germany",Hamburger Sternwarte,53.482,10.242,1,Grosser Schmidt-Spiegel,,True,5893.545115,GE100KM,True,True,True,2,A,133644,90514,7.000000,A_LE30MIN,49.8845,10.8881,10.242,53.482,10.88810000,49.88450000,10.24200000,53.48200000,SWAP,NORMAL,402.491931,GE100KM,True,True,True
APPLAUSE:133640 | APPLAUSE:41743,Bamberg,208,133640,90510,115043,1959-02-08T22:14:00+00:00,1959-02-08T23:14:00+00:00,Hamburg,102,41743,10092,12624,1959-02-08T23:13:54+00:00,1959-02-08T23:16:54+00:00,1959-02-08T23:13:54+00:00,1959-02-08T23:14:00+00:00,6.000,0.02831396,1.00000000,1.00000000,2,3,A,133644,7.000000,A_LE30MIN,7.000000,A_LE30MIN,"Dr. Remeis-Observatory, Bamberg, Germany",Dr. Remeis-Observatory,10.8881,49.8845,1,Astrograph,,"Hamburg-Bergedorf, Germany",Hamburger Sternwarte,53.482,10.242,1,Grosser Schmidt-Spiegel,,True,5893.545115,GE100KM,True,True,True,2,A,133644,90514,7.000000,A_LE30MIN,49.8845,10.8881,10.242,53.482,10.88810000,49.88450000,10.24200000,53.48200000,SWAP,NORMAL,402.491931,GE100KM,True,True,True
APPLAUSE:138111 | APPLAUSE:43636,Bamberg,208,138111,94981,119489,1962-09-01T21:58:00+00:00,1962-09-01T22:58:00+00:00,Hamburg,102,43636,11015,13538,1962-09-01T21:55:43+00:00,1962-09-01T22:03:42+00:00,1962-09-01T21:58:00+00:00,1962-09-01T22:03:42+00:00,342.000,0.81942669,0.02056951,0.81942669,2,2,B,43637,7.066667,A_LE30MIN,7.066667,A_LE30MIN,"Dr. Remeis-Observatory, Bamberg, Germany",Dr. Remeis-Observatory,10.8881,49.8845,1,Astrograph,,"Hamburg-Bergedorf, Germany",Hamburger Sternwarte,53.482,10.242,1,Grosser Schmidt-Spiegel,,True,5893.545115,GE100KM,True,True,True,2,B,43637,11016,7.066667,A_LE30MIN,49.8845,10.8881,10.242,53.482,10.88810000,49.88450000,10.24200000,53.48200000,SWAP,NORMAL,402.491931,GE100KM,True,True,True
APPLAUSE:138111 | APPLAUSE:43637,Bamberg,208,138111,94981,119489,1962-09-01T21:58:00+00:00,1962-09-01T22:58:00+00:00,Hamburg,102,43637,11016,13540,1962-09-01T22:10:46+00:00,1962-09-01T22:12:45+00:00,1962-09-01T22:10:46+00:00,1962-09-01T22:12:45+00:00,119.000,0.02056344,0.81898951,0.81898951,2,2,B,43636,7.066667,A_LE30MIN,7.066667,A_LE30MIN,"Dr. Remeis-Observatory, Bamberg, Germany",Dr. Remeis-Observatory,10.8881,49.8845,1,Astrograph,,"Hamburg-Bergedorf, Germany",Hamburger Sternwarte,53.482,10.242,1,Grosser Schmidt-Spiegel,,True,5893.545115,GE100KM,True,True,True,2,B,43636,11015,7.066667,A_LE30MIN,49.8845,10.8881,10.242,53.482,10.88810000,49.88450000,10.24200000,53.48200000,SWAP,NORMAL,402.491931,GE100KM,True,True,True
APPLAUSE:129636 | APPLAUSE:7839,Bamberg,208,129636,86906,111625,1938-02-25T03:43:00+00:00,1938-02-25T04:13:00+00:00,Hamburg,101,7839,4955,6114,1938-02-25T03:55:37+00:00,1938-02-25T04:00:36+00:00,1938-02-25T03:55:37+00:00,1938-02-25T04:00:36+00:00,299.000,0.01277098,1.00000000,1.00000000,4,4,B,7838,7.650000,A_LE30MIN,7.650000,A_LE30MIN,"Dr. Remeis-Observatory, Bamberg, Germany",Dr. Remeis-Observatory,10.8881,49.8845,1,Astrograph,,"Hamburg-Bergedorf, Germany",Hamburger Sternwarte,53.482,10.242,1,Lippert-Astrograph,,True,5893.545115,GE100KM,True,True,True,4,B,7838,4954,7.650000,A_LE30MIN,49.8845,10.8881,10.242,53.482,10.88810000,49.88450000,10.24200000,53.48200000,SWAP,NORMAL,402.491931,GE100KM,True,True,True
APPLAUSE:129636 | APPLAUSE:7838,Bamberg,208,129636,86906,111625,1938-02-25T03:43:00+00:00,1938-02-25T04:13:00+00:00,Hamburg,101,7838,4954,6113,1938-02-25T03:42:59+00:00,1938-02-25T03:47:58+00:00,1938-02-25T03:43:00+00:00,1938-02-25T03:47:58+00:00,298.000,1.00000000,0.01278564,1.00000000,4,4,B,7839,7.650000,A_LE30MIN,7.650000,A_LE30MIN,"Dr. Remeis-Observatory, Bamberg, Germany",Dr. Remeis-Observatory,10.8881,49.8845,1,Astrograph,,"Hamburg-Bergedorf, Germany",Hamburger Sternwarte,53.482,10.242,1,Lippert-Astrograph,,True,5893.545115,GE100KM,True,True,True,4,B,7839,4955,7.650000,A_LE30MIN,49.8845,10.8881,10.242,53.482,10.88810000,49.88450000,10.24200000,53.48200000,SWAP,NORMAL,402.491931,GE100KM,True,True,True
APPLAUSE:135506 | APPLAUSE:42704,Bamberg,208,135506,92376,116906,1960-02-21T18:12:00+00:00,1960-02-21T19:12:00+00:00,Hamburg,102,42704,10521,13091,1960-02-21T19:11:10+00:00,1960-02-21T19:11:30+00:00,1960-02-21T19:11:10+00:00,1960-02-21T19:11:30+00:00,20.000,0.02782474,1.00000000,1.00000000,1,1,B,42705,7.650000,A_LE30MIN,7.650000,A_LE30MIN,"Dr. Remeis-Observatory, Bamberg, Germany",Dr. Remeis-Observatory,10.8881,49.8845,1,Astrograph,,"Hamburg-Bergedorf, Germany",Hamburger Sternwarte,53.482,10.242,1,Grosser Schmidt-Spiegel,,True,5893.545115,GE100KM,True,True,True,1,B,42705,10522,7.650000,A_LE30MIN,49.8845,10.8881,10.242,53.482,10.88810000,49.88450000,10.24200000,53.48200000,SWAP,NORMAL,402.491931,GE100KM,True,True,True
APPLAUSE:44806 | APPLAUSE:35998,Hamburg,102,44806,11742,14280,1965-02-25T18:32:24+00:00,1965-02-25T18:38:23+00:00,South Africa,206,35998,53744,60403,1965-02-25T17:57:00+00:00,1965-02-25T18:57:00+00:00,1965-02-25T18:32:24+00:00,1965-02-25T18:38:23+00:00,359.000,0.04682407,0.74944438,0.74944438,6,6,A,44807,7.966667,A_LE30MIN,7.966667,A_LE30MIN,"Hamburg-Bergedorf, Germany",Hamburger Sternwarte,53.482,10.242,1,Grosser Schmidt-Spiegel,,"Boyden Observatory, Bloemfontein, South Africa","Dr. Remeis-Observatory, Southern Station",-29.0388,26.4047,1,Zeiss Objective,,True,9307.871922,GE100KM,True,True,True,6,A,44807,11743,7.966667,A_LE30MIN,10.242,53.482,26.4047,-29.0388,10.24200000,53.48200000,26.40470000,-29.03880000,NORMAL,NORMAL,9307.871922,GE100KM,True,True,True
APPLAUSE:44807 | APPLAUSE:35998,Hamburg,102,44807,11743,14281,1965-02-25T18:46:21+00:00,1965-02-25T18:52:20+00:00,South Africa,206,35998,53744,60403,1965-02-25T17:57:00+00:00,1965-02-25T18:57:00+00:00,1965-02-25T18:46:21+00:00,1965-02-25T18:52:20+00:00,359.000,0.04633434,0.74736447,0.74736447,6,6,A,44806,7.966667,A_LE30MIN,7.966667,A_LE30MIN,"Hamburg-Bergedorf, Germany",Hamburger Sternwarte,53.482,10.242,1,Grosser Schmidt-Spiegel,,"Boyden Observatory, Bloemfontein, South Africa","Dr. Remeis-Observatory, Southern Station",-29.0388,26.4047,1,Zeiss Objective,,True,9307.871922,GE100KM,True,True,True,6,A,44806,11742,7.966667,A_LE30MIN,10.242,53.482,26.4047,-29.0388,10.24200000,53.48200000,26.40470000,-29.03880000,NORMAL,NORMAL,9307.871922,GE100KM,True,True,True
APPLAUSE:138667 | APPLAUSE:44041,Bamberg,208,138667,95537,120044,1963-09-14T19:52:00+00:00,1963-09-14T20:52:00+00:00,Hamburg,102,44041,11252,13853,1963-09-14T20:19:41+00:00,1963-09-14T21:19:31+00:00,1963-09-14T20:19:41+00:00,1963-09-14T20:52:00+00:00,1939.000,0.02321368,0.90069266,0.90069266,1,1,B,44040,7.983333,A_LE30MIN,7.983333,A_LE30MIN,"Dr. Remeis-Observatory, Bamberg, Germany",Dr. Remeis-Observatory,10.8881,49.8845,1,Astrograph,,"Hamburg-Bergedorf, Germany",Hamburger Sternwarte,53.482,10.242,1,Grosser Schmidt-Spiegel,,True,5893.545115,GE100KM,True,True,True,1,B,44040,11251,7.983333,A_LE30MIN,49.8845,10.8881,10.242,53.482,10.88810000,49.88450000,10.24200000,53.48200000,SWAP,NORMAL,402.491931,GE100KM,True,True,True
APPLAUSE:138667 | APPLAUSE:44040,Bamberg,208,138667,95537,120044,1963-09-14T19:52:00+00:00,1963-09-14T20:52:00+00:00,Hamburg,102,44040,11251,13851,1963-09-14T19:04:53+00:00,1963-09-14T20:11:42+00:00,1963-09-14T19:52:00+00:00,1963-09-14T20:11:42+00:00,1182.000,0.89574642,0.02315681,0.89574642,1,1,B,44041,7.983333,A_LE30MIN,7.983333,A_LE30MIN,"Dr. Remeis-Observatory, Bamberg, Germany",Dr. Remeis-Observatory,10.8881,49.8845,1,Astrograph,,"Hamburg-Bergedorf, Germany",Hamburger Sternwarte,53.482,10.242,1,Grosser Schmidt-Spiegel,,True,5893.545115,GE100KM,True,True,True,1,B,44041,11252,7.983333,A_LE30MIN,49.8845,10.8881,10.242,53.482,10.88810000,49.88450000,10.24200000,53.48200000,SWAP,NORMAL,402.491931,GE100KM,True,True,True
APPLAUSE:135631 | APPLAUSE:42740,Bamberg,208,135631,92501,117031,1960-03-24T00:23:00+00:00,1960-03-24T01:23:00+00:00,Hamburg,102,42740,10548,13122,1960-03-24T00:44:33+00:00,1960-03-24T00:59:30+00:00,1960-03-24T00:44:33+00:00,1960-03-24T00:59:30+00:00,897.000,0.02425525,0.84851346,0.84851346,6,6,B,42739,7.983333,A_LE30MIN,7.983333,A_LE30MIN,"Dr. Remeis-Observatory, Bamberg, Germany",Dr. Remeis-Observatory,10.8881,49.8845,1,Astrograph,,"Hamburg-Bergedorf, Germany",Hamburger Sternwarte,53.482,10.242,1,Grosser Schmidt-Spiegel,,True,5893.545115,GE100KM,True,True,True,6,B,42739,10547,7.983333,A_LE30MIN,49.8845,10.8881,10.242,53.482,10.88810000,49.88450000,10.24200000,53.48200000,SWAP,NORMAL,402.491931,GE100KM,True,True,True
APPLAUSE:135631 | APPLAUSE:42739,Bamberg,208,135631,92501,117031,1960-03-24T00:23:00+00:00,1960-03-24T01:23:00+00:00,Hamburg,102,42739,10547,13120,1960-03-24T00:34:34+00:00,1960-03-24T00:36:34+00:00,1960-03-24T00:34:34+00:00,1960-03-24T00:36:34+00:00,120.000,0.02442663,0.84733045,0.84733045,4,4,B,42740,7.983333,A_LE30MIN,7.983333,A_LE30MIN,"Dr. Remeis-Observatory, Bamberg, Germany",Dr. Remeis-Observatory,10.8881,49.8845,1,Astrograph,,"Hamburg-Bergedorf, Germany",Hamburger Sternwarte,53.482,10.242,3,Grosser Schmidt-Spiegel,,True,5893.545115,GE100KM,True,True,True,4,B,42740,10548,7.983333,A_LE30MIN,49.8845,10.8881,10.242,53.482,10.88810000,49.88450000,10.24200000,53.48200000,SWAP,NORMAL,402.491931,GE100KM,True,True,True
APPLAUSE:132059 | APPLAUSE:139207,Bamberg,208,132059,88986,113536,1952-08-14T21:15:00+00:00,1952-08-14T22:12:00+00:00,Castel Gandolfo,501,139207,96077,120562,1952-08-14T21:06:00+00:00,1952-08-14T23:36:00+00:00,1952-08-14T21:15:00+00:00,1952-08-14T22:12:00+00:00,3420.000,1.00000000,0.01959567,1.00000000,1,1,B,139206,8.000000,A_LE30MIN,8.000000,A_LE30MIN,"Dr. Remeis-Observatory, Bamberg, Germany",Dr. Remeis-Observatory,10.8881,49.8845,1,Astrograph,,"Castel Gandolfo, Italy",Vatican Observatory,41.7472,12.6505,1,Zeiss Double Astrograph,,True,4985.847062,GE100KM,True,True,True,1,B,139206,96076,8.000000,A_LE30MIN,49.8845,10.8881,12.6505,41.7472,10.88810000,49.88450000,12.65050000,41.74720000,SWAP,NORMAL,915.006406,GE100KM,True,True,True
APPLAUSE:132060 | APPLAUSE:139207,Bamberg,208,132060,88987,113537,1952-08-14T21:15:00+00:00,1952-08-14T22:12:00+00:00,Castel Gandolfo,501,139207,96077,120562,1952-08-14T21:06:00+00:00,1952-08-14T23:36:00+00:00,1952-08-14T21:15:00+00:00,1952-08-14T22:12:00+00:00,3420.000,1.00000000,0.01978963,1.00000000,1,1,B,139206,8.000000,A_LE30MIN,8.000000,A_LE30MIN,"Dr. Remeis-Observatory, Bamberg, Germany",Dr. Remeis-Observatory,10.8881,49.8845,1,Astrograph,,"Castel Gandolfo, Italy",Vatican Observatory,41.7472,12.6505,1,Zeiss Double Astrograph,,True,4985.847062,GE100KM,True,True,True,1,B,139206,96076,8.000000,A_LE30MIN,49.8845,10.8881,12.6505,41.7472,10.88810000,49.88450000,12.65050000,41.74720000,SWAP,NORMAL,915.006406,GE100KM,True,True,True
APPLAUSE:137898 | APPLAUSE:92003,Bamberg,208,137898,94768,119276,1962-06-06T21:38:00+00:00,1962-06-06T22:38:00+00:00,Hamburg,106,92003,61800,69557,1962-06-06T21:59:28+00:00,1962-06-06T22:29:13+00:00,1962-06-06T21:59:28+00:00,1962-06-06T22:29:13+00:00,1785.000,0.03420542,0.99994144,0.99994144,1,1,A,137906,8.000000,A_LE30MIN,8.000000,A_LE30MIN,"Dr. Remeis-Observatory, Bamberg, Germany",Dr. Remeis-Observatory,10.8881,49.8845,1,Astrograph,,"Hamburg-Bergedorf, Germany",Hamburger Sternwarte,53.482,10.242,1,AG-Astrograph,,True,5893.545115,GE100KM,True,True,True,1,A,137906,94776,8.000000,A_LE30MIN,49.8845,10.8881,10.242,53.482,10.88810000,49.88450000,10.24200000,53.48200000,SWAP,NORMAL,402.491931,GE100KM,True,True,True
APPLAUSE:135577 | APPLAUSE:91713,Bamberg,208,135577,92447,116977,1960-03-22T20:57:00+00:00,1960-03-22T21:57:00+00:00,Hamburg,106,91713,61516,68992,1960-03-22T21:23:47+00:00,1960-03-22T21:38:45+00:00,1960-03-22T21:23:47+00:00,1960-03-22T21:38:45+00:00,898.000,0.02038864,1.00000000,1.00000000,2,2,A,135582,8.000000,A_LE30MIN,8.000000,A_LE30MIN,"Dr. Remeis-Observatory, Bamberg, Germany",Dr. Remeis-Observatory,10.8881,49.8845,1,Astrograph,,"Hamburg-Bergedorf, Germany",Hamburger Sternwarte,53.482,10.242,1,AG-Astrograph,,True,5893.545115,GE100KM,True,True,True,2,A,135582,92452,8.000000,A_LE30MIN,49.8845,10.8881,10.242,53.482,10.88810000,49.88450000,10.24200000,53.48200000,SWAP,NORMAL,402.491931,GE100KM,True,True,True
APPLAUSE:135582 | APPLAUSE:91715,Bamberg,208,135582,92452,116982,1960-03-22T22:05:00+00:00,1960-03-22T23:05:00+00:00,Hamburg,106,91715,61518,68997,1960-03-22T22:07:15+00:00,1960-03-22T22:22:13+00:00,1960-03-22T22:07:15+00:00,1960-03-22T22:22:13+00:00,898.000,0.02040616,1.00000000,1.00000000,1,1,A,135577,8.000000,A_LE30MIN,8.000000,A_LE30MIN,"Dr. Remeis-Observatory, Bamberg, Germany",Dr. Remeis-Observatory,10.8881,49.8845,1,Astrograph,,"Hamburg-Bergedorf, Germany",Hamburger Sternwarte,53.482,10.242,1,AG-Astrograph,,True,5893.545115,GE100KM,True,True,True,1,A,135577,92447,8.000000,A_LE30MIN,49.8845,10.8881,10.242,53.482,10.88810000,49.88450000,10.24200000,53.48200000,SWAP,NORMAL,402.491931,GE100KM,True,True,True
APPLAUSE:135577 | APPLAUSE:91714,Bamberg,208,135577,92447,116977,1960-03-22T20:57:00+00:00,1960-03-22T21:57:00+00:00,Hamburg,106,91714,61517,68994,1960-03-22T21:43:49+00:00,1960-03-22T21:58:47+00:00,1960-03-22T21:43:49+00:00,1960-03-22T21:57:00+00:00,791.000,0.02021708,1.00000000,1.00000000,1,2,A,135582,8.000000,A_LE30MIN,8.000000,A_LE30MIN,"Dr. Remeis-Observatory, Bamberg, Germany",Dr. Remeis-Observatory,10.8881,49.8845,1,Astrograph,,"Hamburg-Bergedorf, Germany",Hamburger Sternwarte,53.482,10.242,1,AG-Astrograph,,True,5893.545115,GE100KM,True,True,True,1,A,135582,92452,8.000000,A_LE30MIN,49.8845,10.8881,10.242,53.482,10.88810000,49.88450000,10.24200000,53.48200000,SWAP,NORMAL,402.491931,GE100KM,True,True,True
APPLAUSE:136645 | APPLAUSE:43088,Bamberg,208,136645,93515,118032,1961-01-18T19:28:00+00:00,1961-01-18T20:28:00+00:00,Hamburg,102,43088,10721,13295,1961-01-18T18:40:19+00:00,1961-01-18T19:40:09+00:00,1961-01-18T19:28:00+00:00,1961-01-18T19:40:09+00:00,729.000,0.19569572,0.03237209,0.19569572,2,3,A,136640,8.000000,A_LE30MIN,7.000000,A_LE30MIN,"Dr. Remeis-Observatory, Bamberg, Germany",Dr. Remeis-Observatory,10.8881,49.8845,1,Astrograph,,"Hamburg-Bergedorf, Germany",Hamburger Sternwarte,53.482,10.242,1,Grosser Schmidt-Spiegel,,True,5893.545115,GE100KM,True,True,True,2,A,136640,93510,8.000000,A_LE30MIN,49.8845,10.8881,10.242,53.482,10.88810000,49.88450000,10.24200000,53.48200000,SWAP,NORMAL,402.491931,GE100KM,True,True,True
APPLAUSE:133635 | APPLAUSE:41740,Bamberg,208,133635,90505,115038,1959-02-08T21:06:00+00:00,1959-02-08T22:06:00+00:00,Hamburg,102,41740,10089,12619,1959-02-08T21:06:55+00:00,1959-02-08T21:10:54+00:00,1959-02-08T21:06:55+00:00,1959-02-08T21:10:54+00:00,239.000,0.24073834,0.94448690,0.94448690,2,2,A,133632,8.000000,A_LE30MIN,8.000000,A_LE30MIN,"Dr. Remeis-Observatory, Bamberg, Germany",Dr. Remeis-Observatory,10.8881,49.8845,1,Astrograph,,"Hamburg-Bergedorf, Germany",Hamburger Sternwarte,53.482,10.242,1,Grosser Schmidt-Spiegel,,True,5893.545115,GE100KM,True,True,True,2,A,133632,90502,8.000000,A_LE30MIN,49.8845,10.8881,10.242,53.482,10.88810000,49.88450000,10.24200000,53.48200000,SWAP,NORMAL,402.491931,GE100KM,True,True,True
APPLAUSE:133636 | APPLAUSE:41740,Bamberg,208,133636,90506,115039,1959-02-08T21:06:00+00:00,1959-02-08T22:06:00+00:00,Hamburg,102,41740,10089,12619,1959-02-08T21:06:55+00:00,1959-02-08T21:10:54+00:00,1959-02-08T21:06:55+00:00,1959-02-08T21:10:54+00:00,239.000,0.02804391,1.00000000,1.00000000,1,2,A,133640,8.000000,A_LE30MIN,8.000000,A_LE30MIN,"Dr. Remeis-Observatory, Bamberg, Germany",Dr. Remeis-Observatory,10.8881,49.8845,1,Astrograph,,"Hamburg-Bergedorf, Germany",Hamburger Sternwarte,53.482,10.242,1,Grosser Schmidt-Spiegel,,True,5893.545115,GE100KM,True,True,True,1,A,133640,90510,8.000000,A_LE30MIN,49.8845,10.8881,10.242,53.482,10.88810000,49.88450000,10.24200000,53.48200000,SWAP,NORMAL,402.491931,GE100KM,True,True,True
APPLAUSE:138239 | APPLAUSE:43663,Bamberg,208,138239,95109,119617,1962-10-01T18:25:00+00:00,1962-10-01T19:25:00+00:00,Hamburg,102,43663,11042,13587,1962-10-01T18:19:01+00:00,1962-10-01T19:18:52+00:00,1962-10-01T18:25:00+00:00,1962-10-01T19:18:52+00:00,3232.000,0.22157174,0.01379883,0.22157174,1,1,B,43664,8.966667,A_LE30MIN,8.966667,A_LE30MIN,"Dr. Remeis-Observatory, Bamberg, Germany",Dr. Remeis-Observatory,10.8881,49.8845,1,Astrograph,,"Hamburg-Bergedorf, Germany",Hamburger Sternwarte,53.482,10.242,1,Grosser Schmidt-Spiegel,,True,5893.545115,GE100KM,True,True,True,1,B,43664,11043,8.966667,A_LE30MIN,49.8845,10.8881,10.242,53.482,10.88810000,49.88450000,10.24200000,53.48200000,SWAP,NORMAL,402.491931,GE100KM,True,True,True
APPLAUSE:132560 | APPLAUSE:13983,Bamberg,208,132560,89486,114022,1953-09-16T21:33:00+00:00,1953-09-16T22:33:00+00:00,Hamburg,101,13983,7620,9872,1953-09-16T21:55:22+00:00,1953-09-16T22:35:16+00:00,1953-09-16T21:55:22+00:00,1953-09-16T22:33:00+00:00,2258.000,0.03764047,0.59942829,0.59942829,2,2,B,13984,8.966667,A_LE30MIN,8.966667,A_LE30MIN,"Dr. Remeis-Observatory, Bamberg, Germany",Dr. Remeis-Observatory,10.8881,49.8845,1,Astrograph,,"Hamburg-Bergedorf, Germany",Hamburger Sternwarte,53.482,10.242,1,Lippert-Astrograph,,True,5893.545115,GE100KM,True,True,True,2,B,13984,7621,8.966667,A_LE30MIN,49.8845,10.8881,10.242,53.482,10.88810000,49.88450000,10.24200000,53.48200000,SWAP,NORMAL,402.491931,GE100KM,True,True,True
APPLAUSE:136177 | APPLAUSE:42920,Bamberg,208,136177,93047,117572,1960-09-13T20:06:00+00:00,1960-09-13T21:06:00+00:00,Hamburg,102,42920,10653,13176,1960-09-13T20:27:44+00:00,1960-09-13T20:47:41+00:00,1960-09-13T20:27:44+00:00,1960-09-13T20:47:41+00:00,1197.000,0.14645424,0.88675424,0.88675424,4,4,B,42921,8.966667,A_LE30MIN,8.966667,A_LE30MIN,"Dr. Remeis-Observatory, Bamberg, Germany",Dr. Remeis-Observatory,10.8881,49.8845,1,Astrograph,,"Hamburg-Bergedorf, Germany",Hamburger Sternwarte,53.482,10.242,1,Grosser Schmidt-Spiegel,,True,5893.545115,GE100KM,True,True,True,4,B,42921,10654,8.966667,A_LE30MIN,49.8845,10.8881,10.242,53.482,10.88810000,49.88450000,10.24200000,53.48200000,SWAP,NORMAL,402.491931,GE100KM,True,True,True
APPLAUSE:129636 | APPLAUSE:7840,Bamberg,208,129636,86906,111625,1938-02-25T03:43:00+00:00,1938-02-25T04:13:00+00:00,Hamburg,101,7840,4956,6116,1938-02-25T04:09:34+00:00,1938-02-25T04:14:33+00:00,1938-02-25T04:09:34+00:00,1938-02-25T04:13:00+00:00,206.000,0.01282521,1.00000000,1.00000000,4,4,B,7839,8.966667,A_LE30MIN,8.966667,A_LE30MIN,"Dr. Remeis-Observatory, Bamberg, Germany",Dr. Remeis-Observatory,10.8881,49.8845,1,Astrograph,,"Hamburg-Bergedorf, Germany",Hamburger Sternwarte,53.482,10.242,1,Lippert-Astrograph,,True,5893.545115,GE100KM,True,True,True,4,B,7839,4955,8.966667,A_LE30MIN,49.8845,10.8881,10.242,53.482,10.88810000,49.88450000,10.24200000,53.48200000,SWAP,NORMAL,402.491931,GE100KM,True,True,True
APPLAUSE:138682 | APPLAUSE:44044,Bamberg,208,138682,95552,120059,1963-09-15T20:23:00+00:00,1963-09-15T21:23:00+00:00,Hamburg,102,44044,11255,13859,1963-09-15T20:32:42+00:00,1963-09-15T21:32:32+00:00,1963-09-15T20:32:42+00:00,1963-09-15T21:23:00+00:00,3018.000,0.01952859,0.78572152,0.78572152,2,2,B,44045,8.983333,A_LE30MIN,8.983333,A_LE30MIN,"Dr. Remeis-Observatory, Bamberg, Germany",Dr. Remeis-Observatory,10.8881,49.8845,1,Astrograph,,"Hamburg-Bergedorf, Germany",Hamburger Sternwarte,53.482,10.242,1,Grosser Schmidt-Spiegel,,True,5893.545115,GE100KM,True,True,True,2,B,44045,11256,8.983333,A_LE30MIN,49.8845,10.8881,10.242,53.482,10.88810000,49.88450000,10.24200000,53.48200000,SWAP,NORMAL,402.491931,GE100KM,True,True,True
APPLAUSE:137906 | APPLAUSE:92005,Bamberg,208,137906,94776,119284,1962-06-06T22:46:00+00:00,1962-06-06T23:46:00+00:00,Hamburg,106,92005,61802,69560,1962-06-06T23:10:26+00:00,1962-06-06T23:40:21+00:00,1962-06-06T23:10:26+00:00,1962-06-06T23:40:21+00:00,1795.000,0.01876860,0.54902554,0.54902554,1,1,A,137914,9.000000,A_LE30MIN,9.000000,A_LE30MIN,"Dr. Remeis-Observatory, Bamberg, Germany",Dr. Remeis-Observatory,10.8881,49.8845,1,Astrograph,,"Hamburg-Bergedorf, Germany",Hamburger Sternwarte,53.482,10.242,1,AG-Astrograph,,True,5893.545115,GE100KM,True,True,True,1,A,137914,94784,9.000000,A_LE30MIN,49.8845,10.8881,10.242,53.482,10.88810000,49.88450000,10.24200000,53.48200000,SWAP,NORMAL,402.491931,GE100KM,True,True,True
APPLAUSE:137906 | APPLAUSE:92004,Bamberg,208,137906,94776,119284,1962-06-06T22:46:00+00:00,1962-06-06T23:46:00+00:00,Hamburg,106,92004,61801,69558,1962-06-06T22:36:02+00:00,1962-06-06T23:05:57+00:00,1962-06-06T22:46:00+00:00,1962-06-06T23:05:57+00:00,1197.000,1.00000000,0.03446987,1.00000000,1,1,A,137914,9.000000,A_LE30MIN,9.000000,A_LE30MIN,"Dr. Remeis-Observatory, Bamberg, Germany",Dr. Remeis-Observatory,10.8881,49.8845,1,Astrograph,,"Hamburg-Bergedorf, Germany",Hamburger Sternwarte,53.482,10.242,1,AG-Astrograph,,True,5893.545115,GE100KM,True,True,True,1,A,137914,94784,9.000000,A_LE30MIN,49.8845,10.8881,10.242,53.482,10.88810000,49.88450000,10.24200000,53.48200000,SWAP,NORMAL,402.491931,GE100KM,True,True,True
APPLAUSE:138103 | APPLAUSE:43635,Bamberg,208,138103,94973,119481,1962-09-01T20:49:00+00:00,1962-09-01T21:49:00+00:00,Hamburg,102,43635,11014,13537,1962-09-01T21:15:05+00:00,1962-09-01T21:35:02+00:00,1962-09-01T21:15:05+00:00,1962-09-01T21:35:02+00:00,1197.000,0.02198254,0.84925470,0.84925470,1,1,A,138111,9.000000,A_LE30MIN,9.000000,A_LE30MIN,"Dr. Remeis-Observatory, Bamberg, Germany",Dr. Remeis-Observatory,10.8881,49.8845,1,Astrograph,,"Hamburg-Bergedorf, Germany",Hamburger Sternwarte,53.482,10.242,1,Grosser Schmidt-Spiegel,,True,5893.545115,GE100KM,True,True,True,1,A,138111,94981,9.000000,A_LE30MIN,49.8845,10.8881,10.242,53.482,10.88810000,49.88450000,10.24200000,53.48200000,SWAP,NORMAL,402.491931,GE100KM,True,True,True
APPLAUSE:138103 | APPLAUSE:15455,Bamberg,208,138103,94973,119481,1962-09-01T20:49:00+00:00,1962-09-01T21:49:00+00:00,Hamburg,101,15455,8710,11618,1962-09-01T20:36:56+00:00,1962-09-01T21:06:51+00:00,1962-09-01T20:49:00+00:00,1962-09-01T21:06:51+00:00,1071.000,0.64444923,0.04289862,0.64444923,3,3,A,138111,9.000000,A_LE30MIN,9.000000,A_LE30MIN,"Dr. Remeis-Observatory, Bamberg, Germany",Dr. Remeis-Observatory,10.8881,49.8845,1,Astrograph,,"Hamburg-Bergedorf, Germany",Hamburger Sternwarte,53.482,10.242,1,Lippert-Astrograph,,True,5893.545115,GE100KM,True,True,True,3,A,138111,94981,9.000000,A_LE30MIN,49.8845,10.8881,10.242,53.482,10.88810000,49.88450000,10.24200000,53.48200000,SWAP,NORMAL,402.491931,GE100KM,True,True,True
APPLAUSE:138111 | APPLAUSE:15456,Bamberg,208,138111,94981,119489,1962-09-01T21:58:00+00:00,1962-09-01T22:58:00+00:00,Hamburg,101,15456,8711,11619,1962-09-01T22:48:35+00:00,1962-09-01T23:18:30+00:00,1962-09-01T22:48:35+00:00,1962-09-01T22:58:00+00:00,565.000,0.02244345,0.34832534,0.34832534,4,4,A,138103,9.000000,A_LE30MIN,9.000000,A_LE30MIN,"Dr. Remeis-Observatory, Bamberg, Germany",Dr. Remeis-Observatory,10.8881,49.8845,1,Astrograph,,"Hamburg-Bergedorf, Germany",Hamburger Sternwarte,53.482,10.242,1,Lippert-Astrograph,,True,5893.545115,GE100KM,True,True,True,4,A,138103,94973,9.000000,A_LE30MIN,49.8845,10.8881,10.242,53.482,10.88810000,49.88450000,10.24200000,53.48200000,SWAP,NORMAL,402.491931,GE100KM,True,True,True
APPLAUSE:129159 | APPLAUSE:7449,Bamberg,208,129159,86429,111149,1937-06-09T22:52:00+00:00,1937-06-09T23:22:00+00:00,Hamburg,101,7449,4697,5656,1937-06-09T22:57:31+00:00,1937-06-09T23:03:00+00:00,1937-06-09T22:57:31+00:00,1937-06-09T23:03:00+00:00,329.000,0.01280595,1.00000000,1.00000000,4,4,B,7450,9.466667,A_LE30MIN,9.466667,A_LE30MIN,"Dr. Remeis-Observatory, Bamberg, Germany",Dr. Remeis-Observatory,10.8881,49.8845,1,Astrograph,,"Hamburg-Bergedorf, Germany",Hamburger Sternwarte,53.482,10.242,1,Lippert-Astrograph,,True,5893.545115,GE100KM,True,True,True,4,B,7450,4698,9.466667,A_LE30MIN,49.8845,10.8881,10.242,53.482,10.88810000,49.88450000,10.24200000,53.48200000,SWAP,NORMAL,402.491931,GE100KM,True,True,True
APPLAUSE:129159 | APPLAUSE:7450,Bamberg,208,129159,86429,111149,1937-06-09T22:52:00+00:00,1937-06-09T23:22:00+00:00,Hamburg,101,7450,4698,5658,1937-06-09T23:12:28+00:00,1937-06-09T23:17:28+00:00,1937-06-09T23:12:28+00:00,1937-06-09T23:17:28+00:00,300.000,0.01274226,1.00000000,1.00000000,4,4,B,7449,9.466667,A_LE30MIN,9.466667,A_LE30MIN,"Dr. Remeis-Observatory, Bamberg, Germany",Dr. Remeis-Observatory,10.8881,49.8845,1,Astrograph,,"Hamburg-Bergedorf, Germany",Hamburger Sternwarte,53.482,10.242,1,Lippert-Astrograph,,True,5893.545115,GE100KM,True,True,True,4,B,7449,4697,9.466667,A_LE30MIN,49.8845,10.8881,10.242,53.482,10.88810000,49.88450000,10.24200000,53.48200000,SWAP,NORMAL,402.491931,GE100KM,True,True,True
APPLAUSE:131192 | APPLAUSE:10670,Bamberg,208,131192,88289,112913,1949-10-22T17:48:00+00:00,1949-10-22T18:48:00+00:00,Hamburg,101,10670,6603,8593,1949-10-22T18:15:39+00:00,1949-10-22T18:16:09+00:00,1949-10-22T18:15:39+00:00,1949-10-22T18:16:09+00:00,30.000,0.00963912,1.00000000,1.00000000,13,13,B,10672,9.466667,A_LE30MIN,9.466667,A_LE30MIN,"Dr. Remeis-Observatory, Bamberg, Germany",Dr. Remeis-Observatory,10.8881,49.8845,1,Astrograph,,"Hamburg-Bergedorf, Germany",Hamburger Sternwarte,53.482,10.242,7,Lippert-Astrograph,,True,5893.545115,GE100KM,True,True,True,13,B,10672,6604,9.466667,A_LE30MIN,49.8845,10.8881,10.242,53.482,10.88810000,49.88450000,10.24200000,53.48200000,SWAP,NORMAL,402.491931,GE100KM,True,True,True
APPLAUSE:131662 | APPLAUSE:12408,Bamberg,208,131662,88706,113267,1951-09-01T19:54:00+00:00,1951-09-01T20:54:00+00:00,Hamburg,101,12408,7016,9095,1951-09-01T20:53:13+00:00,1951-09-01T20:53:43+00:00,1951-09-01T20:53:13+00:00,1951-09-01T20:53:43+00:00,30.000,0.10040159,0.82423062,0.82423062,18,18,B,12410,9.466667,A_LE30MIN,9.466667,A_LE30MIN,"Dr. Remeis-Observatory, Bamberg, Germany",Dr. Remeis-Observatory,10.8881,49.8845,1,Astrograph,,"Hamburg-Bergedorf, Germany",Hamburger Sternwarte,53.482,10.242,6,Lippert-Astrograph,,True,5893.545115,GE100KM,True,True,True,18,B,12410,7017,9.466667,A_LE30MIN,49.8845,10.8881,10.242,53.482,10.88810000,49.88450000,10.24200000,53.48200000,SWAP,NORMAL,402.491931,GE100KM,True,True,True
APPLAUSE:131192 | APPLAUSE:10673,Bamberg,208,131192,88289,112913,1949-10-22T17:48:00+00:00,1949-10-22T18:48:00+00:00,Hamburg,101,10673,6604,8594,1949-10-22T18:30:37+00:00,1949-10-22T18:31:07+00:00,1949-10-22T18:30:37+00:00,1949-10-22T18:31:07+00:00,30.000,0.00965130,1.00000000,1.00000000,13,13,B,10671,9.483333,A_LE30MIN,9.483333,A_LE30MIN,"Dr. Remeis-Observatory, Bamberg, Germany",Dr. Remeis-Observatory,10.8881,49.8845,1,Astrograph,,"Hamburg-Bergedorf, Germany",Hamburger Sternwarte,53.482,10.242,7,Lippert-Astrograph,,True,5893.545115,GE100KM,True,True,True,13,B,10671,6603,9.483333,A_LE30MIN,49.8845,10.8881,10.242,53.482,10.88810000,49.88450000,10.24200000,53.48200000,SWAP,NORMAL,402.491931,GE100KM,True,True,True
APPLAUSE:134555 | APPLAUSE:15225,Bamberg,208,134555,91425,115956,1959-09-04T19:26:00+00:00,1959-09-04T20:26:00+00:00,Hamburg,101,15225,8488,11186,1959-09-04T19:26:22+00:00,1959-09-04T20:06:16+00:00,1959-09-04T19:26:22+00:00,1959-09-04T20:06:16+00:00,2394.000,0.07135918,1.00000000,1.00000000,3,3,B,15226,9.966667,A_LE30MIN,9.966667,A_LE30MIN,"Dr. Remeis-Observatory, Bamberg, Germany",Dr. Remeis-Observatory,10.8881,49.8845,1,Astrograph,,"Hamburg-Bergedorf, Germany",Hamburger Sternwarte,53.482,10.242,1,Lippert-Astrograph,,True,5893.545115,GE100KM,True,True,True,3,B,15226,8489,9.966667,A_LE30MIN,49.8845,10.8881,10.242,53.482,10.88810000,49.88450000,10.24200000,53.48200000,SWAP,NORMAL,402.491931,GE100KM,True,True,True
APPLAUSE:132462 | APPLAUSE:13885,Bamberg,208,132462,89388,113925,1953-08-13T22:19:00+00:00,1953-08-13T23:13:00+00:00,Hamburg,101,13885,7545,9732,1953-08-13T22:20:51+00:00,1953-08-13T22:50:46+00:00,1953-08-13T22:20:51+00:00,1953-08-13T22:50:46+00:00,1795.000,0.02562941,0.40785876,0.40785876,2,2,B,13884,9.966667,A_LE30MIN,9.966667,A_LE30MIN,"Dr. Remeis-Observatory, Bamberg, Germany",Dr. Remeis-Observatory,10.8881,49.8845,1,Astrograph,,"Hamburg-Bergedorf, Germany",Hamburger Sternwarte,53.482,10.242,1,Lippert-Astrograph,,True,5893.545115,GE100KM,True,True,True,2,B,13884,7544,9.966667,A_LE30MIN,49.8845,10.8881,10.242,53.482,10.88810000,49.88450000,10.24200000,53.48200000,SWAP,NORMAL,402.491931,GE100KM,True,True,True
APPLAUSE:134555 | APPLAUSE:15226,Bamberg,208,134555,91425,115956,1959-09-04T19:26:00+00:00,1959-09-04T20:26:00+00:00,Hamburg,101,15226,8489,11188,1959-09-04T20:16:14+00:00,1959-09-04T20:56:08+00:00,1959-09-04T20:16:14+00:00,1959-09-04T20:26:00+00:00,586.000,0.07142668,1.00000000,1.00000000,4,4,B,15225,9.966667,A_LE30MIN,9.966667,A_LE30MIN,"Dr. Remeis-Observatory, Bamberg, Germany",Dr. Remeis-Observatory,10.8881,49.8845,1,Astrograph,,"Hamburg-Bergedorf, Germany",Hamburger Sternwarte,53.482,10.242,1,Lippert-Astrograph,,True,5893.545115,GE100KM,True,True,True,4,B,15225,8488,9.966667,A_LE30MIN,49.8845,10.8881,10.242,53.482,10.88810000,49.88450000,10.24200000,53.48200000,SWAP,NORMAL,402.491931,GE100KM,True,True,True
APPLAUSE:44802 | APPLAUSE:35960,Hamburg,102,44802,11738,14271,1965-02-22T18:56:09+00:00,1965-02-22T19:02:09+00:00,South Africa,206,35960,53706,60392,1965-02-22T17:59:00+00:00,1965-02-22T18:59:00+00:00,1965-02-22T18:56:09+00:00,1965-02-22T18:59:00+00:00,171.000,0.00463017,0.07412616,0.07412616,3,3,A,44803,9.966667,A_LE30MIN,9.966667,A_LE30MIN,"Hamburg-Bergedorf, Germany",Hamburger Sternwarte,53.482,10.242,1,Grosser Schmidt-Spiegel,,"Boyden Observatory, Bloemfontein, South Africa","Dr. Remeis-Observatory, Southern Station",-29.0388,26.4047,1,Zeiss Objective,,True,9307.871922,GE100KM,True,True,True,3,A,44803,11739,9.966667,A_LE30MIN,10.242,53.482,26.4047,-29.0388,10.24200000,53.48200000,26.40470000,-29.03880000,NORMAL,NORMAL,9307.871922,GE100KM,True,True,True
APPLAUSE:134457 | APPLAUSE:15198,Bamberg,208,134457,91327,115858,1959-08-31T19:38:00+00:00,1959-08-31T20:38:00+00:00,Hamburg,101,15198,8461,11134,1959-08-31T19:54:04+00:00,1959-08-31T20:41:56+00:00,1959-08-31T19:54:04+00:00,1959-08-31T20:38:00+00:00,2636.000,0.03882542,1.00000000,1.00000000,4,4,B,15199,9.983333,A_LE30MIN,9.983333,A_LE30MIN,"Dr. Remeis-Observatory, Bamberg, Germany",Dr. Remeis-Observatory,10.8881,49.8845,1,Astrograph,,"Hamburg-Bergedorf, Germany",Hamburger Sternwarte,53.482,10.242,1,Lippert-Astrograph,,True,5893.545115,GE100KM,True,True,True,4,B,15199,8462,9.983333,A_LE30MIN,49.8845,10.8881,10.242,53.482,10.88810000,49.88450000,10.24200000,53.48200000,SWAP,NORMAL,402.491931,GE100KM,True,True,True
APPLAUSE:129175 | APPLAUSE:7460,Bamberg,208,129175,86445,111165,1937-06-10T23:54:00+00:00,1937-06-11T00:24:00+00:00,Hamburg,101,7460,4708,5678,1937-06-11T00:08:23+00:00,1937-06-11T00:13:22+00:00,1937-06-11T00:08:23+00:00,1937-06-11T00:13:22+00:00,299.000,0.00987964,1.00000000,1.00000000,6,6,B,7459,9.983333,A_LE30MIN,9.983333,A_LE30MIN,"Dr. Remeis-Observatory, Bamberg, Germany",Dr. Remeis-Observatory,10.8881,49.8845,1,Astrograph,,"Hamburg-Bergedorf, Germany",Hamburger Sternwarte,53.482,10.242,1,Lippert-Astrograph,,True,5893.545115,GE100KM,True,True,True,6,B,7459,4707,9.983333,A_LE30MIN,49.8845,10.8881,10.242,53.482,10.88810000,49.88450000,10.24200000,53.48200000,SWAP,NORMAL,402.491931,GE100KM,True,True,True
APPLAUSE:132228 | APPLAUSE:13765,Bamberg,208,132228,89155,113700,1953-03-15T20:44:00+00:00,1953-03-15T21:45:00+00:00,Hamburg,101,13765,7486,9677,1953-03-15T20:41:27+00:00,1953-03-15T23:35:59+00:00,1953-03-15T20:44:00+00:00,1953-03-15T21:45:00+00:00,3660.000,0.97074182,0.03634102,0.97074182,2,2,A,132225,10.000000,A_LE30MIN,10.000000,A_LE30MIN,"Dr. Remeis-Observatory, Bamberg, Germany",Dr. Remeis-Observatory,10.8881,49.8845,1,Astrograph,,"Hamburg-Bergedorf, Germany",Hamburger Sternwarte,53.482,10.242,1,Lippert-Astrograph,,True,5893.545115,GE100KM,True,True,True,2,A,132225,89152,10.000000,A_LE30MIN,49.8845,10.8881,10.242,53.482,10.88810000,49.88450000,10.24200000,53.48200000,SWAP,NORMAL,402.491931,GE100KM,True,True,True
APPLAUSE:137882 | APPLAUSE:92000,Bamberg,208,137882,94752,119260,1962-06-04T22:29:00+00:00,1962-06-04T23:29:00+00:00,Hamburg,106,92000,61797,69551,1962-06-04T22:57:52+00:00,1962-06-04T23:27:47+00:00,1962-06-04T22:57:52+00:00,1962-06-04T23:27:47+00:00,1795.000,0.03242872,0.94101828,0.94101828,1,1,A,137890,10.000000,A_LE30MIN,10.000000,A_LE30MIN,"Dr. Remeis-Observatory, Bamberg, Germany",Dr. Remeis-Observatory,10.8881,49.8845,1,Astrograph,,"Hamburg-Bergedorf, Germany",Hamburger Sternwarte,53.482,10.242,1,AG-Astrograph,,True,5893.545115,GE100KM,True,True,True,1,A,137890,94760,10.000000,A_LE30MIN,49.8845,10.8881,10.242,53.482,10.88810000,49.88450000,10.24200000,53.48200000,SWAP,NORMAL,402.491931,GE100KM,True,True,True
APPLAUSE:137883 | APPLAUSE:92000,Bamberg,208,137883,94753,119261,1962-06-04T22:29:00+00:00,1962-06-04T23:29:00+00:00,Hamburg,106,92000,61797,69551,1962-06-04T22:57:52+00:00,1962-06-04T23:27:47+00:00,1962-06-04T22:57:52+00:00,1962-06-04T23:27:47+00:00,1795.000,0.05590070,1.00000000,1.00000000,1,1,A,137891,10.000000,A_LE30MIN,10.000000,A_LE30MIN,"Dr. Remeis-Observatory, Bamberg, Germany",Dr. Remeis-Observatory,10.8881,49.8845,1,Astrograph,,"Hamburg-Bergedorf, Germany",Hamburger Sternwarte,53.482,10.242,1,AG-Astrograph,,True,5893.545115,GE100KM,True,True,True,1,A,137891,94761,10.000000,A_LE30MIN,49.8845,10.8881,10.242,53.482,10.88810000,49.88450000,10.24200000,53.48200000,SWAP,NORMAL,402.491931,GE100KM,True,True,True
APPLAUSE:137890 | APPLAUSE:92002,Bamberg,208,137890,94760,119268,1962-06-04T23:39:00+00:00,1962-06-05T00:39:00+00:00,Hamburg,106,92002,61799,69555,1962-06-05T00:05:30+00:00,1962-06-05T00:35:25+00:00,1962-06-05T00:05:30+00:00,1962-06-05T00:35:25+00:00,1795.000,0.00528950,0.15028768,0.15028768,1,1,A,137882,10.000000,A_LE30MIN,10.000000,A_LE30MIN,"Dr. Remeis-Observatory, Bamberg, Germany",Dr. Remeis-Observatory,10.8881,49.8845,1,Astrograph,,"Hamburg-Bergedorf, Germany",Hamburger Sternwarte,53.482,10.242,1,AG-Astrograph,,True,5893.545115,GE100KM,True,True,True,1,A,137882,94752,10.000000,A_LE30MIN,49.8845,10.8881,10.242,53.482,10.88810000,49.88450000,10.24200000,53.48200000,SWAP,NORMAL,402.491931,GE100KM,True,True,True
APPLAUSE:137891 | APPLAUSE:92002,Bamberg,208,137891,94761,119269,1962-06-04T23:39:00+00:00,1962-06-05T00:39:00+00:00,Hamburg,106,92002,61799,69555,1962-06-05T00:05:30+00:00,1962-06-05T00:35:25+00:00,1962-06-05T00:05:30+00:00,1962-06-05T00:35:25+00:00,1795.000,0.00919522,0.17191778,0.17191778,1,1,A,137883,10.000000,A_LE30MIN,10.000000,A_LE30MIN,"Dr. Remeis-Observatory, Bamberg, Germany",Dr. Remeis-Observatory,10.8881,49.8845,1,Astrograph,,"Hamburg-Bergedorf, Germany",Hamburger Sternwarte,53.482,10.242,1,AG-Astrograph,,True,5893.545115,GE100KM,True,True,True,1,A,137883,94753,10.000000,A_LE30MIN,49.8845,10.8881,10.242,53.482,10.88810000,49.88450000,10.24200000,53.48200000,SWAP,NORMAL,402.491931,GE100KM,True,True,True
APPLAUSE:137882 | APPLAUSE:91999,Bamberg,208,137882,94752,119260,1962-06-04T22:29:00+00:00,1962-06-04T23:29:00+00:00,Hamburg,106,91999,61796,69549,1962-06-04T22:23:22+00:00,1962-06-04T22:53:17+00:00,1962-06-04T22:29:00+00:00,1962-06-04T22:53:17+00:00,1457.000,1.00000000,0.03456219,1.00000000,1,1,A,137890,10.000000,A_LE30MIN,10.000000,A_LE30MIN,"Dr. Remeis-Observatory, Bamberg, Germany",Dr. Remeis-Observatory,10.8881,49.8845,1,Astrograph,,"Hamburg-Bergedorf, Germany",Hamburger Sternwarte,53.482,10.242,1,AG-Astrograph,,True,5893.545115,GE100KM,True,True,True,1,A,137890,94760,10.000000,A_LE30MIN,49.8845,10.8881,10.242,53.482,10.88810000,49.88450000,10.24200000,53.48200000,SWAP,NORMAL,402.491931,GE100KM,True,True,True
APPLAUSE:137883 | APPLAUSE:91999,Bamberg,208,137883,94753,119261,1962-06-04T22:29:00+00:00,1962-06-04T23:29:00+00:00,Hamburg,106,91999,61796,69549,1962-06-04T22:23:22+00:00,1962-06-04T22:53:17+00:00,1962-06-04T22:29:00+00:00,1962-06-04T22:53:17+00:00,1457.000,1.00000000,0.05571990,1.00000000,1,1,A,137891,10.000000,A_LE30MIN,10.000000,A_LE30MIN,"Dr. Remeis-Observatory, Bamberg, Germany",Dr. Remeis-Observatory,10.8881,49.8845,1,Astrograph,,"Hamburg-Bergedorf, Germany",Hamburger Sternwarte,53.482,10.242,1,AG-Astrograph,,True,5893.545115,GE100KM,True,True,True,1,A,137891,94761,10.000000,A_LE30MIN,49.8845,10.8881,10.242,53.482,10.88810000,49.88450000,10.24200000,53.48200000,SWAP,NORMAL,402.491931,GE100KM,True,True,True
APPLAUSE:137890 | APPLAUSE:92001,Bamberg,208,137890,94760,119268,1962-06-04T23:39:00+00:00,1962-06-05T00:39:00+00:00,Hamburg,106,92001,61798,69553,1962-06-04T23:31:36+00:00,1962-06-05T00:01:31+00:00,1962-06-04T23:39:00+00:00,1962-06-05T00:01:31+00:00,1351.000,0.78178260,0.02788197,0.78178260,1,1,A,137882,10.000000,A_LE30MIN,10.000000,A_LE30MIN,"Dr. Remeis-Observatory, Bamberg, Germany",Dr. Remeis-Observatory,10.8881,49.8845,1,Astrograph,,"Hamburg-Bergedorf, Germany",Hamburger Sternwarte,53.482,10.242,1,AG-Astrograph,,True,5893.545115,GE100KM,True,True,True,1,A,137882,94752,10.000000,A_LE30MIN,49.8845,10.8881,10.242,53.482,10.88810000,49.88450000,10.24200000,53.48200000,SWAP,NORMAL,402.491931,GE100KM,True,True,True
APPLAUSE:137891 | APPLAUSE:92001,Bamberg,208,137891,94761,119269,1962-06-04T23:39:00+00:00,1962-06-05T00:39:00+00:00,Hamburg,106,92001,61798,69553,1962-06-04T23:31:36+00:00,1962-06-05T00:01:31+00:00,1962-06-04T23:39:00+00:00,1962-06-05T00:01:31+00:00,1351.000,1.00000000,0.05394171,1.00000000,1,1,A,137883,10.000000,A_LE30MIN,10.000000,A_LE30MIN,"Dr. Remeis-Observatory, Bamberg, Germany",Dr. Remeis-Observatory,10.8881,49.8845,1,Astrograph,,"Hamburg-Bergedorf, Germany",Hamburger Sternwarte,53.482,10.242,1,AG-Astrograph,,True,5893.545115,GE100KM,True,True,True,1,A,137883,94753,10.000000,A_LE30MIN,49.8845,10.8881,10.242,53.482,10.88810000,49.88450000,10.24200000,53.48200000,SWAP,NORMAL,402.491931,GE100KM,True,True,True
APPLAUSE:135631 | APPLAUSE:42738,Bamberg,208,135631,92501,117031,1960-03-24T00:23:00+00:00,1960-03-24T01:23:00+00:00,Hamburg,102,42738,10547,13120,1960-03-24T00:27:06+00:00,1960-03-24T00:34:05+00:00,1960-03-24T00:27:06+00:00,1960-03-24T00:34:05+00:00,419.000,0.02442663,0.84733045,0.84733045,4,4,B,42740,10.466667,A_LE30MIN,10.466667,A_LE30MIN,"Dr. Remeis-Observatory, Bamberg, Germany",Dr. Remeis-Observatory,10.8881,49.8845,1,Astrograph,,"Hamburg-Bergedorf, Germany",Hamburger Sternwarte,53.482,10.242,3,Grosser Schmidt-Spiegel,,True,5893.545115,GE100KM,True,True,True,4,B,42740,10548,10.466667,A_LE30MIN,49.8845,10.8881,10.242,53.482,10.88810000,49.88450000,10.24200000,53.48200000,SWAP,NORMAL,402.491931,GE100KM,True,True,True
APPLAUSE:135469 | APPLAUSE:15300,Bamberg,208,135469,92339,116870,1960-02-17T18:30:00+00:00,1960-02-17T19:30:00+00:00,Hamburg,101,15300,8560,11324,1960-02-17T18:38:32+00:00,1960-02-17T18:44:31+00:00,1960-02-17T18:38:32+00:00,1960-02-17T18:44:31+00:00,359.000,0.02540324,0.87487444,0.87487444,2,2,B,15302,10.466667,A_LE30MIN,10.466667,A_LE30MIN,"Dr. Remeis-Observatory, Bamberg, Germany",Dr. Remeis-Observatory,10.8881,49.8845,1,Astrograph,,"Hamburg-Bergedorf, Germany",Hamburger Sternwarte,53.482,10.242,2,Lippert-Astrograph,,True,5893.545115,GE100KM,True,True,True,2,B,15302,8561,10.466667,A_LE30MIN,49.8845,10.8881,10.242,53.482,10.88810000,49.88450000,10.24200000,53.48200000,SWAP,NORMAL,402.491931,GE100KM,True,True,True
APPLAUSE:135470 | APPLAUSE:15300,Bamberg,208,135470,92340,116871,1960-02-17T18:30:00+00:00,1960-02-17T19:30:00+00:00,Hamburg,101,15300,8560,11324,1960-02-17T18:38:32+00:00,1960-02-17T18:44:31+00:00,1960-02-17T18:38:32+00:00,1960-02-17T18:44:31+00:00,359.000,0.01607351,1.00000000,1.00000000,2,2,B,15302,10.466667,A_LE30MIN,10.466667,A_LE30MIN,"Dr. Remeis-Observatory, Bamberg, Germany",Dr. Remeis-Observatory,10.8881,49.8845,1,Astrograph,,"Hamburg-Bergedorf, Germany",Hamburger Sternwarte,53.482,10.242,2,Lippert-Astrograph,,True,5893.545115,GE100KM,True,True,True,2,B,15302,8561,10.466667,A_LE30MIN,49.8845,10.8881,10.242,53.482,10.88810000,49.88450000,10.24200000,53.48200000,SWAP,NORMAL,402.491931,GE100KM,True,True,True
APPLAUSE:134639 | APPLAUSE:15246,Bamberg,208,134639,91509,116040,1959-09-07T19:42:00+00:00,1959-09-07T20:42:00+00:00,Hamburg,101,15246,8509,11226,1959-09-07T20:08:26+00:00,1959-09-07T20:38:21+00:00,1959-09-07T20:08:26+00:00,1959-09-07T20:38:21+00:00,1795.000,0.07255764,1.00000000,1.00000000,4,4,B,15245,10.966667,A_LE30MIN,10.966667,A_LE30MIN,"Dr. Remeis-Observatory, Bamberg, Germany",Dr. Remeis-Observatory,10.8881,49.8845,1,Astrograph,,"Hamburg-Bergedorf, Germany",Hamburger Sternwarte,53.482,10.242,1,Lippert-Astrograph,,True,5893.545115,GE100KM,True,True,True,4,B,15245,8508,10.966667,A_LE30MIN,49.8845,10.8881,10.242,53.482,10.88810000,49.88450000,10.24200000,53.48200000,SWAP,NORMAL,402.491931,GE100KM,True,True,True
APPLAUSE:134640 | APPLAUSE:15246,Bamberg,208,134640,91510,116041,1959-09-07T19:42:00+00:00,1959-09-07T20:42:00+00:00,Hamburg,101,15246,8509,11226,1959-09-07T20:08:26+00:00,1959-09-07T20:38:21+00:00,1959-09-07T20:08:26+00:00,1959-09-07T20:38:21+00:00,1795.000,0.00491110,0.13361436,0.13361436,4,4,B,15245,10.966667,A_LE30MIN,10.966667,A_LE30MIN,"Dr. Remeis-Observatory, Bamberg, Germany",Dr. Remeis-Observatory,10.8881,49.8845,1,Astrograph,,"Hamburg-Bergedorf, Germany",Hamburger Sternwarte,53.482,10.242,1,Lippert-Astrograph,,True,5893.545115,GE100KM,True,True,True,4,B,15245,8508,10.966667,A_LE30MIN,49.8845,10.8881,10.242,53.482,10.88810000,49.88450000,10.24200000,53.48200000,SWAP,NORMAL,402.491931,GE100KM,True,True,True
APPLAUSE:134639 | APPLAUSE:15245,Bamberg,208,134639,91509,116040,1959-09-07T19:42:00+00:00,1959-09-07T20:42:00+00:00,Hamburg,101,15245,8508,11224,1959-09-07T19:27:32+00:00,1959-09-07T19:57:28+00:00,1959-09-07T19:42:00+00:00,1959-09-07T19:57:28+00:00,928.000,1.00000000,0.07251533,1.00000000,3,3,B,15246,10.966667,A_LE30MIN,10.966667,A_LE30MIN,"Dr. Remeis-Observatory, Bamberg, Germany",Dr. Remeis-Observatory,10.8881,49.8845,1,Astrograph,,"Hamburg-Bergedorf, Germany",Hamburger Sternwarte,53.482,10.242,1,Lippert-Astrograph,,True,5893.545115,GE100KM,True,True,True,3,B,15246,8509,10.966667,A_LE30MIN,49.8845,10.8881,10.242,53.482,10.88810000,49.88450000,10.24200000,53.48200000,SWAP,NORMAL,402.491931,GE100KM,True,True,True
APPLAUSE:134640 | APPLAUSE:15245,Bamberg,208,134640,91510,116041,1959-09-07T19:42:00+00:00,1959-09-07T20:42:00+00:00,Hamburg,101,15245,8508,11224,1959-09-07T19:27:32+00:00,1959-09-07T19:57:28+00:00,1959-09-07T19:42:00+00:00,1959-09-07T19:57:28+00:00,928.000,0.13028750,0.00478538,0.13028750,3,3,B,15246,10.966667,A_LE30MIN,10.966667,A_LE30MIN,"Dr. Remeis-Observatory, Bamberg, Germany",Dr. Remeis-Observatory,10.8881,49.8845,1,Astrograph,,"Hamburg-Bergedorf, Germany",Hamburger Sternwarte,53.482,10.242,1,Lippert-Astrograph,,True,5893.545115,GE100KM,True,True,True,3,B,15246,8509,10.966667,A_LE30MIN,49.8845,10.8881,10.242,53.482,10.88810000,49.88450000,10.24200000,53.48200000,SWAP,NORMAL,402.491931,GE100KM,True,True,True
APPLAUSE:137450 | APPLAUSE:91907,Bamberg,208,137450,94320,118830,1961-10-15T18:52:00+00:00,1961-10-15T19:52:00+00:00,Hamburg,106,91907,61704,69366,1961-10-15T19:12:24+00:00,1961-10-15T19:52:17+00:00,1961-10-15T19:12:24+00:00,1961-10-15T19:52:00+00:00,2376.000,0.02115177,0.60025149,0.60025149,1,1,A,137458,11.000000,A_LE30MIN,11.000000,A_LE30MIN,"Dr. Remeis-Observatory, Bamberg, Germany",Dr. Remeis-Observatory,10.8881,49.8845,1,Astrograph,,"Hamburg-Bergedorf, Germany",Hamburger Sternwarte,53.482,10.242,1,AG-Astrograph,,True,5893.545115,GE100KM,True,True,True,1,A,137458,94328,11.000000,A_LE30MIN,49.8845,10.8881,10.242,53.482,10.88810000,49.88450000,10.24200000,53.48200000,SWAP,NORMAL,402.491931,GE100KM,True,True,True
APPLAUSE:138845 | APPLAUSE:17981,Bamberg,208,138845,95715,120210,1963-12-23T20:57:00+00:00,1963-12-23T21:12:00+00:00,South Africa,203,17981,30091,32505,1963-12-23T20:20:00+00:00,1963-12-23T21:20:00+00:00,1963-12-23T20:57:00+00:00,1963-12-23T21:12:00+00:00,900.000,0.12106909,0.03083949,0.12106909,1,1,A,138847,11.000000,A_LE30MIN,11.000000,A_LE30MIN,"Dr. Remeis-Observatory, Bamberg, Germany",Dr. Remeis-Observatory,10.8881,49.8845,1,Astrograph,,"Boyden Observatory, Bloemfontein, South Africa","Dr. Remeis-Observatory, Southern Station",-29.0388,26.4047,1,Astrograph (ten 10-cm Tessar f/6 cameras),,True,5105.064989,GE100KM,True,True,True,1,A,138847,95717,11.000000,A_LE30MIN,49.8845,10.8881,26.4047,-29.0388,10.88810000,49.88450000,26.40470000,-29.03880000,SWAP,NORMAL,8908.911756,GE100KM,True,True,True
APPLAUSE:133403 | APPLAUSE:91484,Bamberg,208,133403,90273,114806,1959-01-29T19:42:00+00:00,1959-01-29T20:42:00+00:00,Hamburg,106,91484,61295,68553,1959-01-29T20:39:00+00:00,1959-01-29T20:44:59+00:00,1959-01-29T20:39:00+00:00,1959-01-29T20:42:00+00:00,180.000,0.02030921,1.00000000,1.00000000,1,1,A,133399,11.000000,A_LE30MIN,11.000000,A_LE30MIN,"Dr. Remeis-Observatory, Bamberg, Germany",Dr. Remeis-Observatory,10.8881,49.8845,1,Astrograph,,"Hamburg-Bergedorf, Germany",Hamburger Sternwarte,53.482,10.242,1,AG-Astrograph,,True,5893.545115,GE100KM,True,True,True,1,A,133399,90269,11.000000,A_LE30MIN,49.8845,10.8881,10.242,53.482,10.88810000,49.88450000,10.24200000,53.48200000,SWAP,NORMAL,402.491931,GE100KM,True,True,True
APPLAUSE:133633 | APPLAUSE:15090,Bamberg,208,133633,90503,115036,1959-02-08T19:58:00+00:00,1959-02-08T20:58:00+00:00,Hamburg,101,15090,8367,10956,1959-02-08T20:33:15+00:00,1959-02-08T21:03:10+00:00,1959-02-08T20:33:15+00:00,1959-02-08T20:58:00+00:00,1485.000,0.00526466,0.11595369,0.11595369,1,1,B,15091,11.466667,A_LE30MIN,11.466667,A_LE30MIN,"Dr. Remeis-Observatory, Bamberg, Germany",Dr. Remeis-Observatory,10.8881,49.8845,1,Astrograph,,"Hamburg-Bergedorf, Germany",Hamburger Sternwarte,53.482,10.242,1,Lippert-Astrograph,,True,5893.545115,GE100KM,True,True,True,1,B,15091,8368,11.466667,A_LE30MIN,49.8845,10.8881,10.242,53.482,10.88810000,49.88450000,10.24200000,53.48200000,SWAP,NORMAL,402.491931,GE100KM,True,True,True
APPLAUSE:85993 | APPLAUSE:3317,Bonn,105,85993,58110,62489,1929-09-26T22:18:19+00:00,1929-09-26T22:38:46+00:00,Hamburg,101,3317,2483,2846,1929-09-26T20:53:21+00:00,1929-09-26T22:53:02+00:00,1929-09-26T22:18:19+00:00,1929-09-26T22:38:46+00:00,1227.000,0.20119910,0.53931444,0.53931444,1,1,B,3318,11.466667,A_LE30MIN,11.466667,A_LE30MIN,"Bonn, Germany",Bonner Sternwarte,50.163,7.068,2,AG-Astrograph,,"Hamburg-Bergedorf, Germany",Hamburger Sternwarte,53.482,10.242,1,Lippert-Astrograph,,True,428.609118,GE100KM,True,True,True,1,B,3318,2484,11.466667,A_LE30MIN,7.068,50.163,10.242,53.482,7.06800000,50.16300000,10.24200000,53.48200000,NORMAL,NORMAL,428.609118,GE100KM,True,True,True
APPLAUSE:85994 | APPLAUSE:3317,Bonn,105,85994,58110,62489,1929-09-26T22:39:46+00:00,1929-09-26T22:46:45+00:00,Hamburg,101,3317,2483,2846,1929-09-26T20:53:21+00:00,1929-09-26T22:53:02+00:00,1929-09-26T22:39:46+00:00,1929-09-26T22:46:45+00:00,419.000,0.20119910,0.53931444,0.53931444,1,1,B,3318,11.466667,A_LE30MIN,11.466667,A_LE30MIN,"Bonn, Germany",Bonner Sternwarte,50.163,7.068,2,AG-Astrograph,,"Hamburg-Bergedorf, Germany",Hamburger Sternwarte,53.482,10.242,1,Lippert-Astrograph,,True,428.609118,GE100KM,True,True,True,1,B,3318,2484,11.466667,A_LE30MIN,7.068,50.163,10.242,53.482,7.06800000,50.16300000,10.24200000,53.48200000,NORMAL,NORMAL,428.609118,GE100KM,True,True,True
APPLAUSE:138099 | APPLAUSE:15454,Bamberg,208,138099,94969,119477,1962-09-01T19:39:00+00:00,1962-09-01T20:39:00+00:00,Hamburg,101,15454,8709,11616,1962-09-01T19:55:03+00:00,1962-09-01T20:24:58+00:00,1962-09-01T19:55:03+00:00,1962-09-01T20:24:58+00:00,1795.000,0.13772226,0.33839397,0.33839397,1,1,B,15455,11.966667,A_LE30MIN,11.966667,A_LE30MIN,"Dr. Remeis-Observatory, Bamberg, Germany",Dr. Remeis-Observatory,10.8881,49.8845,1,Astrograph,,"Hamburg-Bergedorf, Germany",Hamburger Sternwarte,53.482,10.242,1,Lippert-Astrograph,,True,5893.545115,GE100KM,True,True,True,1,B,15455,8710,11.966667,A_LE30MIN,49.8845,10.8881,10.242,53.482,10.88810000,49.88450000,10.24200000,53.48200000,SWAP,NORMAL,402.491931,GE100KM,True,True,True
APPLAUSE:138107 | APPLAUSE:15455,Bamberg,208,138107,94977,119485,1962-09-01T20:49:00+00:00,1962-09-01T21:49:00+00:00,Hamburg,101,15455,8710,11618,1962-09-01T20:36:56+00:00,1962-09-01T21:06:51+00:00,1962-09-01T20:49:00+00:00,1962-09-01T21:06:51+00:00,1071.000,0.80588323,0.31883201,0.80588323,2,2,B,15454,11.966667,A_LE30MIN,11.966667,A_LE30MIN,"Dr. Remeis-Observatory, Bamberg, Germany",Dr. Remeis-Observatory,10.8881,49.8845,1,Astrograph,,"Hamburg-Bergedorf, Germany",Hamburger Sternwarte,53.482,10.242,1,Lippert-Astrograph,,True,5893.545115,GE100KM,True,True,True,2,B,15454,8709,11.966667,A_LE30MIN,49.8845,10.8881,10.242,53.482,10.88810000,49.88450000,10.24200000,53.48200000,SWAP,NORMAL,402.491931,GE100KM,True,True,True
APPLAUSE:128987 | APPLAUSE:7324,Bamberg,208,128987,86257,110977,1937-03-16T21:51:00+00:00,1937-03-16T22:21:00+00:00,Hamburg,101,7324,4616,5523,1937-03-16T22:17:44+00:00,1937-03-16T22:20:44+00:00,1937-03-16T22:17:44+00:00,1937-03-16T22:20:44+00:00,180.000,0.00000662,0.00055098,0.00055098,17,18,B,7327,11.966667,A_LE30MIN,11.966667,A_LE30MIN,"Dr. Remeis-Observatory, Bamberg, Germany",Dr. Remeis-Observatory,10.8881,49.8845,1,Astrograph,,"Hamburg-Bergedorf, Germany",Hamburger Sternwarte,53.482,10.242,10,Lippert-Astrograph,,True,5893.545115,GE100KM,True,True,True,17,B,7327,4617,11.966667,A_LE30MIN,49.8845,10.8881,10.242,53.482,10.88810000,49.88450000,10.24200000,53.48200000,SWAP,NORMAL,402.491931,GE100KM,True,True,True
APPLAUSE:129039 | APPLAUSE:7356,Bamberg,208,129039,86309,111029,1937-04-11T22:41:00+00:00,1937-04-11T23:11:00+00:00,Hamburg,101,7356,4626,5538,1937-04-11T22:45:10+00:00,1937-04-11T22:48:09+00:00,1937-04-11T22:45:10+00:00,1937-04-11T22:48:09+00:00,179.000,0.01269444,1.00000000,1.00000000,27,27,B,7359,11.966667,A_LE30MIN,11.966667,A_LE30MIN,"Dr. Remeis-Observatory, Bamberg, Germany",Dr. Remeis-Observatory,10.8881,49.8845,1,Astrograph,,"Hamburg-Bergedorf, Germany",Hamburger Sternwarte,53.482,10.242,11,Lippert-Astrograph,,True,5893.545115,GE100KM,True,True,True,27,B,7359,4627,11.966667,A_LE30MIN,49.8845,10.8881,10.242,53.482,10.88810000,49.88450000,10.24200000,53.48200000,SWAP,NORMAL,402.491931,GE100KM,True,True,True
APPLAUSE:129040 | APPLAUSE:7368,Bamberg,208,129040,86310,111030,1937-04-11T23:12:00+00:00,1937-04-12T00:02:00+00:00,Hamburg,101,7368,4627,5539,1937-04-11T23:45:00+00:00,1937-04-11T23:47:59+00:00,1937-04-11T23:45:00+00:00,1937-04-11T23:47:59+00:00,179.000,0.00661942,0.53480880,0.53480880,21,21,B,7369,11.966667,A_LE30MIN,11.966667,A_LE30MIN,"Dr. Remeis-Observatory, Bamberg, Germany",Dr. Remeis-Observatory,10.8881,49.8845,1,Astrograph,,"Hamburg-Bergedorf, Germany",Hamburger Sternwarte,53.482,10.242,10,Lippert-Astrograph,,True,5893.545115,GE100KM,True,True,True,21,B,7369,4628,11.966667,A_LE30MIN,49.8845,10.8881,10.242,53.482,10.88810000,49.88450000,10.24200000,53.48200000,SWAP,NORMAL,402.491931,GE100KM,True,True,True
APPLAUSE:138099 | APPLAUSE:15455,Bamberg,208,138099,94969,119477,1962-09-01T19:39:00+00:00,1962-09-01T20:39:00+00:00,Hamburg,101,15455,8710,11618,1962-09-01T20:36:56+00:00,1962-09-01T21:06:51+00:00,1962-09-01T20:36:56+00:00,1962-09-01T20:39:00+00:00,124.000,0.13719016,0.33528078,0.33528078,2,2,B,15454,11.966667,A_LE30MIN,11.966667,A_LE30MIN,"Dr. Remeis-Observatory, Bamberg, Germany",Dr. Remeis-Observatory,10.8881,49.8845,1,Astrograph,,"Hamburg-Bergedorf, Germany",Hamburger Sternwarte,53.482,10.242,1,Lippert-Astrograph,,True,5893.545115,GE100KM,True,True,True,2,B,15454,8709,11.966667,A_LE30MIN,49.8845,10.8881,10.242,53.482,10.88810000,49.88450000,10.24200000,53.48200000,SWAP,NORMAL,402.491931,GE100KM,True,True,True
APPLAUSE:129040 | APPLAUSE:7369,Bamberg,208,129040,86310,111030,1937-04-11T23:12:00+00:00,1937-04-12T00:02:00+00:00,Hamburg,101,7369,4628,5540,1937-04-11T23:59:57+00:00,1937-04-12T00:02:57+00:00,1937-04-11T23:59:57+00:00,1937-04-12T00:02:00+00:00,123.000,0.00678603,0.55207885,0.55207885,21,21,B,7368,11.966667,A_LE30MIN,11.966667,A_LE30MIN,"Dr. Remeis-Observatory, Bamberg, Germany",Dr. Remeis-Observatory,10.8881,49.8845,1,Astrograph,,"Hamburg-Bergedorf, Germany",Hamburger Sternwarte,53.482,10.242,7,Lippert-Astrograph,,True,5893.545115,GE100KM,True,True,True,21,B,7368,4627,11.966667,A_LE30MIN,49.8845,10.8881,10.242,53.482,10.88810000,49.88450000,10.24200000,53.48200000,SWAP,NORMAL,402.491931,GE100KM,True,True,True
APPLAUSE:129040 | APPLAUSE:7361,Bamberg,208,129040,86310,111030,1937-04-11T23:12:00+00:00,1937-04-12T00:02:00+00:00,Hamburg,101,7361,4627,5539,1937-04-11T23:10:06+00:00,1937-04-11T23:13:05+00:00,1937-04-11T23:12:00+00:00,1937-04-11T23:13:05+00:00,65.000,0.53480880,0.00661942,0.53480880,27,27,B,7358,11.983333,A_LE30MIN,11.983333,A_LE30MIN,"Dr. Remeis-Observatory, Bamberg, Germany",Dr. Remeis-Observatory,10.8881,49.8845,1,Astrograph,,"Hamburg-Bergedorf, Germany",Hamburger Sternwarte,53.482,10.242,10,Lippert-Astrograph,,True,5893.545115,GE100KM,True,True,True,27,B,7358,4626,11.983333,A_LE30MIN,49.8845,10.8881,10.242,53.482,10.88810000,49.88450000,10.24200000,53.48200000,SWAP,NORMAL,402.491931,GE100KM,True,True,True
APPLAUSE:129039 | APPLAUSE:7361,Bamberg,208,129039,86309,111029,1937-04-11T22:41:00+00:00,1937-04-11T23:11:00+00:00,Hamburg,101,7361,4627,5539,1937-04-11T23:10:06+00:00,1937-04-11T23:13:05+00:00,1937-04-11T23:10:06+00:00,1937-04-11T23:11:00+00:00,54.000,0.01273477,1.00000000,1.00000000,27,27,B,7358,11.983333,A_LE30MIN,11.983333,A_LE30MIN,"Dr. Remeis-Observatory, Bamberg, Germany",Dr. Remeis-Observatory,10.8881,49.8845,1,Astrograph,,"Hamburg-Bergedorf, Germany",Hamburger Sternwarte,53.482,10.242,10,Lippert-Astrograph,,True,5893.545115,GE100KM,True,True,True,27,B,7358,4626,11.983333,A_LE30MIN,49.8845,10.8881,10.242,53.482,10.88810000,49.88450000,10.24200000,53.48200000,SWAP,NORMAL,402.491931,GE100KM,True,True,True
APPLAUSE:138843 | APPLAUSE:17981,Bamberg,208,138843,95713,120209,1963-12-23T20:32:00+00:00,1963-12-23T20:47:00+00:00,South Africa,203,17981,30091,32505,1963-12-23T20:20:00+00:00,1963-12-23T21:20:00+00:00,1963-12-23T20:32:00+00:00,1963-12-23T20:47:00+00:00,900.000,0.01300412,0.00317983,0.01300412,1,1,A,138841,12.000000,A_LE30MIN,12.000000,A_LE30MIN,"Dr. Remeis-Observatory, Bamberg, Germany",Dr. Remeis-Observatory,10.8881,49.8845,1,Astrograph,,"Boyden Observatory, Bloemfontein, South Africa","Dr. Remeis-Observatory, Southern Station",-29.0388,26.4047,1,Astrograph (ten 10-cm Tessar f/6 cameras),,True,5105.064989,GE100KM,True,True,True,1,A,138841,95711,12.000000,A_LE30MIN,49.8845,10.8881,26.4047,-29.0388,10.88810000,49.88450000,26.40470000,-29.03880000,SWAP,NORMAL,8908.911756,GE100KM,True,True,True
APPLAUSE:138841 | APPLAUSE:17975,Bamberg,208,138841,95711,120208,1963-12-23T20:05:00+00:00,1963-12-23T20:20:00+00:00,South Africa,203,17975,30085,32498,1963-12-23T19:17:00+00:00,1963-12-23T20:17:00+00:00,1963-12-23T20:05:00+00:00,1963-12-23T20:17:00+00:00,720.000,0.16447557,0.04056523,0.16447557,1,1,A,138843,12.000000,A_LE30MIN,12.000000,A_LE30MIN,"Dr. Remeis-Observatory, Bamberg, Germany",Dr. Remeis-Observatory,10.8881,49.8845,1,Astrograph,,"Boyden Observatory, Bloemfontein, South Africa","Dr. Remeis-Observatory, Southern Station",-29.0388,26.4047,1,Astrograph (ten 10-cm Tessar f/6 cameras),,True,5105.064989,GE100KM,True,True,True,1,A,138843,95713,12.000000,A_LE30MIN,49.8845,10.8881,26.4047,-29.0388,10.88810000,49.88450000,26.40470000,-29.03880000,SWAP,NORMAL,8908.911756,GE100KM,True,True,True
APPLAUSE:131949 | APPLAUSE:13569,Bamberg,208,131949,88876,113428,1952-04-19T01:16:00+00:00,1952-04-19T02:16:00+00:00,Hamburg,101,13569,7306,9460,1952-04-19T01:00:15+00:00,1952-04-19T01:40:08+00:00,1952-04-19T01:16:00+00:00,1952-04-19T01:40:08+00:00,1448.000,1.00000000,0.06337906,1.00000000,1,1,B,13568,12.466667,A_LE30MIN,12.466667,A_LE30MIN,"Dr. Remeis-Observatory, Bamberg, Germany",Dr. Remeis-Observatory,10.8881,49.8845,1,Astrograph,,"Hamburg-Bergedorf, Germany",Hamburger Sternwarte,53.482,10.242,1,Lippert-Astrograph,,True,5893.545115,GE100KM,True,True,True,1,B,13568,7305,12.466667,A_LE30MIN,49.8845,10.8881,10.242,53.482,10.88810000,49.88450000,10.24200000,53.48200000,SWAP,NORMAL,402.491931,GE100KM,True,True,True
APPLAUSE:136099 | APPLAUSE:15362,Bamberg,208,136099,92969,117496,1960-08-27T20:51:00+00:00,1960-08-27T21:51:00+00:00,Hamburg,101,15362,8617,11432,1960-08-27T21:32:35+00:00,1960-08-27T21:57:31+00:00,1960-08-27T21:32:35+00:00,1960-08-27T21:51:00+00:00,1105.000,0.33759048,0.51210426,0.51210426,1,1,B,15363,12.966667,A_LE30MIN,12.966667,A_LE30MIN,"Dr. Remeis-Observatory, Bamberg, Germany",Dr. Remeis-Observatory,10.8881,49.8845,1,Astrograph,,"Hamburg-Bergedorf, Germany",Hamburger Sternwarte,53.482,10.242,1,Lippert-Astrograph,,True,5893.545115,GE100KM,True,True,True,1,B,15363,8618,12.966667,A_LE30MIN,49.8845,10.8881,10.242,53.482,10.88810000,49.88450000,10.24200000,53.48200000,SWAP,NORMAL,402.491931,GE100KM,True,True,True
APPLAUSE:132552 | APPLAUSE:13976,Bamberg,208,132552,89478,114014,1953-09-15T21:27:00+00:00,1953-09-15T22:27:00+00:00,Hamburg,101,13976,7615,9863,1953-09-15T21:36:52+00:00,1953-09-15T21:43:51+00:00,1953-09-15T21:36:52+00:00,1953-09-15T21:43:51+00:00,419.000,0.02068376,1.00000000,1.00000000,2,2,B,13978,12.966667,A_LE30MIN,12.966667,A_LE30MIN,"Dr. Remeis-Observatory, Bamberg, Germany",Dr. Remeis-Observatory,10.8881,49.8845,1,Astrograph,,"Hamburg-Bergedorf, Germany",Hamburger Sternwarte,53.482,10.242,2,Lippert-Astrograph,,True,5893.545115,GE100KM,True,True,True,2,B,13978,7616,12.966667,A_LE30MIN,49.8845,10.8881,10.242,53.482,10.88810000,49.88450000,10.24200000,53.48200000,SWAP,NORMAL,402.491931,GE100KM,True,True,True
APPLAUSE:132552 | APPLAUSE:13979,Bamberg,208,132552,89478,114014,1953-09-15T21:27:00+00:00,1953-09-15T22:27:00+00:00,Hamburg,101,13979,7616,9864,1953-09-15T22:06:47+00:00,1953-09-15T22:13:46+00:00,1953-09-15T22:06:47+00:00,1953-09-15T22:13:46+00:00,419.000,0.02018234,1.00000000,1.00000000,2,2,B,13977,12.966667,A_LE30MIN,12.966667,A_LE30MIN,"Dr. Remeis-Observatory, Bamberg, Germany",Dr. Remeis-Observatory,10.8881,49.8845,1,Astrograph,,"Hamburg-Bergedorf, Germany",Hamburger Sternwarte,53.482,10.242,2,Lippert-Astrograph,,True,5893.545115,GE100KM,True,True,True,2,B,13977,7615,12.966667,A_LE30MIN,49.8845,10.8881,10.242,53.482,10.88810000,49.88450000,10.24200000,53.48200000,SWAP,NORMAL,402.491931,GE100KM,True,True,True
APPLAUSE:138175 | APPLAUSE:43642,Bamberg,208,138175,95045,119553,1962-09-03T20:49:00+00:00,1962-09-03T21:49:00+00:00,Hamburg,102,43642,11021,13551,1962-09-03T20:57:00+00:00,1962-09-03T21:02:59+00:00,1962-09-03T20:57:00+00:00,1962-09-03T21:02:59+00:00,359.000,0.02622861,1.00000000,1.00000000,1,1,B,43641,12.966667,A_LE30MIN,12.966667,A_LE30MIN,"Dr. Remeis-Observatory, Bamberg, Germany",Dr. Remeis-Observatory,10.8881,49.8845,1,Astrograph,,"Hamburg-Bergedorf, Germany",Hamburger Sternwarte,53.482,10.242,1,Grosser Schmidt-Spiegel,,True,5893.545115,GE100KM,True,True,True,1,B,43641,11020,12.966667,A_LE30MIN,49.8845,10.8881,10.242,53.482,10.88810000,49.88450000,10.24200000,53.48200000,SWAP,NORMAL,402.491931,GE100KM,True,True,True
APPLAUSE:132552 | APPLAUSE:13975,Bamberg,208,132552,89478,114014,1953-09-15T21:27:00+00:00,1953-09-15T22:27:00+00:00,Hamburg,101,13975,7614,9860,1953-09-15T21:27:53+00:00,1953-09-15T21:33:52+00:00,1953-09-15T21:27:53+00:00,1953-09-15T21:33:52+00:00,359.000,0.02007260,1.00000000,1.00000000,2,2,B,13973,13.950000,A_LE30MIN,13.950000,A_LE30MIN,"Dr. Remeis-Observatory, Bamberg, Germany",Dr. Remeis-Observatory,10.8881,49.8845,1,Astrograph,,"Hamburg-Bergedorf, Germany",Hamburger Sternwarte,53.482,10.242,2,Lippert-Astrograph,,True,5893.545115,GE100KM,True,True,True,2,B,13973,7613,13.950000,A_LE30MIN,49.8845,10.8881,10.242,53.482,10.88810000,49.88450000,10.24200000,53.48200000,SWAP,NORMAL,402.491931,GE100KM,True,True,True
APPLAUSE:131192 | APPLAUSE:10669,Bamberg,208,131192,88289,112913,1949-10-22T17:48:00+00:00,1949-10-22T18:48:00+00:00,Hamburg,101,10669,6603,8593,1949-10-22T18:10:40+00:00,1949-10-22T18:11:10+00:00,1949-10-22T18:10:40+00:00,1949-10-22T18:11:10+00:00,30.000,0.00963912,1.00000000,1.00000000,13,13,B,10672,14.450000,A_LE30MIN,14.450000,A_LE30MIN,"Dr. Remeis-Observatory, Bamberg, Germany",Dr. Remeis-Observatory,10.8881,49.8845,1,Astrograph,,"Hamburg-Bergedorf, Germany",Hamburger Sternwarte,53.482,10.242,7,Lippert-Astrograph,,True,5893.545115,GE100KM,True,True,True,13,B,10672,6604,14.450000,A_LE30MIN,49.8845,10.8881,10.242,53.482,10.88810000,49.88450000,10.24200000,53.48200000,SWAP,NORMAL,402.491931,GE100KM,True,True,True
APPLAUSE:131192 | APPLAUSE:10674,Bamberg,208,131192,88289,112913,1949-10-22T17:48:00+00:00,1949-10-22T18:48:00+00:00,Hamburg,101,10674,6604,8594,1949-10-22T18:35:36+00:00,1949-10-22T18:36:06+00:00,1949-10-22T18:35:36+00:00,1949-10-22T18:36:06+00:00,30.000,0.00965130,1.00000000,1.00000000,13,13,B,10671,14.466667,A_LE30MIN,14.466667,A_LE30MIN,"Dr. Remeis-Observatory, Bamberg, Germany",Dr. Remeis-Observatory,10.8881,49.8845,1,Astrograph,,"Hamburg-Bergedorf, Germany",Hamburger Sternwarte,53.482,10.242,7,Lippert-Astrograph,,True,5893.545115,GE100KM,True,True,True,13,B,10671,6603,14.466667,A_LE30MIN,49.8845,10.8881,10.242,53.482,10.88810000,49.88450000,10.24200000,53.48200000,SWAP,NORMAL,402.491931,GE100KM,True,True,True
APPLAUSE:131662 | APPLAUSE:12407,Bamberg,208,131662,88706,113267,1951-09-01T19:54:00+00:00,1951-09-01T20:54:00+00:00,Hamburg,101,12407,7016,9095,1951-09-01T20:48:14+00:00,1951-09-01T20:48:43+00:00,1951-09-01T20:48:14+00:00,1951-09-01T20:48:43+00:00,29.000,0.10040159,0.82423062,0.82423062,18,18,B,12410,14.466667,A_LE30MIN,14.466667,A_LE30MIN,"Dr. Remeis-Observatory, Bamberg, Germany",Dr. Remeis-Observatory,10.8881,49.8845,1,Astrograph,,"Hamburg-Bergedorf, Germany",Hamburger Sternwarte,53.482,10.242,6,Lippert-Astrograph,,True,5893.545115,GE100KM,True,True,True,18,B,12410,7017,14.466667,A_LE30MIN,49.8845,10.8881,10.242,53.482,10.88810000,49.88450000,10.24200000,53.48200000,SWAP,NORMAL,402.491931,GE100KM,True,True,True
APPLAUSE:136177 | APPLAUSE:42919,Bamberg,208,136177,93047,117572,1960-09-13T20:06:00+00:00,1960-09-13T21:06:00+00:00,Hamburg,102,42919,10652,13174,1960-09-13T20:09:47+00:00,1960-09-13T20:11:47+00:00,1960-09-13T20:09:47+00:00,1960-09-13T20:11:47+00:00,120.000,0.14628207,0.88535458,0.88535458,4,4,B,42920,15.950000,A_LE30MIN,15.950000,A_LE30MIN,"Dr. Remeis-Observatory, Bamberg, Germany",Dr. Remeis-Observatory,10.8881,49.8845,1,Astrograph,,"Hamburg-Bergedorf, Germany",Hamburger Sternwarte,53.482,10.242,1,Grosser Schmidt-Spiegel,,True,5893.545115,GE100KM,True,True,True,4,B,42920,10653,15.950000,A_LE30MIN,49.8845,10.8881,10.242,53.482,10.88810000,49.88450000,10.24200000,53.48200000,SWAP,NORMAL,402.491931,GE100KM,True,True,True
APPLAUSE:128967 | APPLAUSE:7283,Bamberg,208,128967,86237,110961,1937-03-11T01:25:00+00:00,1937-03-11T01:55:00+00:00,Hamburg,101,7283,4611,5517,1937-03-11T01:40:50+00:00,1937-03-11T01:43:50+00:00,1937-03-11T01:40:50+00:00,1937-03-11T01:43:50+00:00,180.000,0.01277986,1.00000000,1.00000000,21,21,B,7281,16.950000,A_LE30MIN,16.950000,A_LE30MIN,"Dr. Remeis-Observatory, Bamberg, Germany",Dr. Remeis-Observatory,10.8881,49.8845,1,Astrograph,,"Hamburg-Bergedorf, Germany",Hamburger Sternwarte,53.482,10.242,11,Lippert-Astrograph,,True,5893.545115,GE100KM,True,True,True,21,B,7281,4610,16.950000,A_LE30MIN,49.8845,10.8881,10.242,53.482,10.88810000,49.88450000,10.24200000,53.48200000,SWAP,NORMAL,402.491931,GE100KM,True,True,True
APPLAUSE:128987 | APPLAUSE:7323,Bamberg,208,128987,86257,110977,1937-03-16T21:51:00+00:00,1937-03-16T22:21:00+00:00,Hamburg,101,7323,4616,5523,1937-03-16T22:12:45+00:00,1937-03-16T22:15:45+00:00,1937-03-16T22:12:45+00:00,1937-03-16T22:15:45+00:00,180.000,0.00000662,0.00055098,0.00055098,17,19,B,7327,16.950000,A_LE30MIN,16.950000,A_LE30MIN,"Dr. Remeis-Observatory, Bamberg, Germany",Dr. Remeis-Observatory,10.8881,49.8845,1,Astrograph,,"Hamburg-Bergedorf, Germany",Hamburger Sternwarte,53.482,10.242,10,Lippert-Astrograph,,True,5893.545115,GE100KM,True,True,True,17,B,7327,4617,16.950000,A_LE30MIN,49.8845,10.8881,10.242,53.482,10.88810000,49.88450000,10.24200000,53.48200000,SWAP,NORMAL,402.491931,GE100KM,True,True,True
APPLAUSE:129040 | APPLAUSE:7367,Bamberg,208,129040,86310,111030,1937-04-11T23:12:00+00:00,1937-04-12T00:02:00+00:00,Hamburg,101,7367,4627,5539,1937-04-11T23:40:01+00:00,1937-04-11T23:43:00+00:00,1937-04-11T23:40:01+00:00,1937-04-11T23:43:00+00:00,179.000,0.00661942,0.53480880,0.53480880,22,22,B,7369,16.950000,A_LE30MIN,16.950000,A_LE30MIN,"Dr. Remeis-Observatory, Bamberg, Germany",Dr. Remeis-Observatory,10.8881,49.8845,1,Astrograph,,"Hamburg-Bergedorf, Germany",Hamburger Sternwarte,53.482,10.242,10,Lippert-Astrograph,,True,5893.545115,GE100KM,True,True,True,22,B,7369,4628,16.950000,A_LE30MIN,49.8845,10.8881,10.242,53.482,10.88810000,49.88450000,10.24200000,53.48200000,SWAP,NORMAL,402.491931,GE100KM,True,True,True
APPLAUSE:129039 | APPLAUSE:7355,Bamberg,208,129039,86309,111029,1937-04-11T22:41:00+00:00,1937-04-11T23:11:00+00:00,Hamburg,101,7355,4626,5538,1937-04-11T22:40:10+00:00,1937-04-11T22:43:10+00:00,1937-04-11T22:41:00+00:00,1937-04-11T22:43:10+00:00,130.000,1.00000000,0.01269444,1.00000000,27,27,B,7359,16.950000,A_LE30MIN,16.950000,A_LE30MIN,"Dr. Remeis-Observatory, Bamberg, Germany",Dr. Remeis-Observatory,10.8881,49.8845,1,Astrograph,,"Hamburg-Bergedorf, Germany",Hamburger Sternwarte,53.482,10.242,11,Lippert-Astrograph,,True,5893.545115,GE100KM,True,True,True,27,B,7359,4627,16.950000,A_LE30MIN,49.8845,10.8881,10.242,53.482,10.88810000,49.88450000,10.24200000,53.48200000,SWAP,NORMAL,402.491931,GE100KM,True,True,True
APPLAUSE:128987 | APPLAUSE:7319,Bamberg,208,128987,86257,110977,1937-03-16T21:51:00+00:00,1937-03-16T22:21:00+00:00,Hamburg,101,7319,4616,5523,1937-03-16T21:52:49+00:00,1937-03-16T21:55:48+00:00,1937-03-16T21:52:49+00:00,1937-03-16T21:55:48+00:00,179.000,0.00000662,0.00055098,0.00055098,17,23,B,7316,16.966667,A_LE30MIN,16.966667,A_LE30MIN,"Dr. Remeis-Observatory, Bamberg, Germany",Dr. Remeis-Observatory,10.8881,49.8845,1,Astrograph,,"Hamburg-Bergedorf, Germany",Hamburger Sternwarte,53.482,10.242,10,Lippert-Astrograph,,True,5893.545115,GE100KM,True,True,True,17,B,7316,4615,16.966667,A_LE30MIN,49.8845,10.8881,10.242,53.482,10.88810000,49.88450000,10.24200000,53.48200000,SWAP,NORMAL,402.491931,GE100KM,True,True,True
APPLAUSE:129040 | APPLAUSE:7362,Bamberg,208,129040,86310,111030,1937-04-11T23:12:00+00:00,1937-04-12T00:02:00+00:00,Hamburg,101,7362,4627,5539,1937-04-11T23:15:05+00:00,1937-04-11T23:18:04+00:00,1937-04-11T23:15:05+00:00,1937-04-11T23:18:04+00:00,179.000,0.00661942,0.53480880,0.53480880,26,26,B,7358,16.966667,A_LE30MIN,16.966667,A_LE30MIN,"Dr. Remeis-Observatory, Bamberg, Germany",Dr. Remeis-Observatory,10.8881,49.8845,1,Astrograph,,"Hamburg-Bergedorf, Germany",Hamburger Sternwarte,53.482,10.242,10,Lippert-Astrograph,,True,5893.545115,GE100KM,True,True,True,26,B,7358,4626,16.966667,A_LE30MIN,49.8845,10.8881,10.242,53.482,10.88810000,49.88450000,10.24200000,53.48200000,SWAP,NORMAL,402.491931,GE100KM,True,True,True
APPLAUSE:131906 | APPLAUSE:13540,Bamberg,208,131906,88833,113385,1952-03-15T19:35:00+00:00,1952-03-15T20:38:00+00:00,Hamburg,101,13540,7277,9424,1952-03-15T19:52:38+00:00,1952-03-15T20:22:33+00:00,1952-03-15T19:52:38+00:00,1952-03-15T20:22:33+00:00,1795.000,0.04836285,0.76362539,0.76362539,1,1,B,13539,18.950000,A_LE30MIN,18.950000,A_LE30MIN,"Dr. Remeis-Observatory, Bamberg, Germany",Dr. Remeis-Observatory,10.8881,49.8845,1,Astrograph,,"Hamburg-Bergedorf, Germany",Hamburger Sternwarte,53.482,10.242,1,Lippert-Astrograph,,True,5893.545115,GE100KM,True,True,True,1,B,13539,7276,18.950000,A_LE30MIN,49.8845,10.8881,10.242,53.482,10.88810000,49.88450000,10.24200000,53.48200000,SWAP,NORMAL,402.491931,GE100KM,True,True,True
APPLAUSE:132059 | APPLAUSE:13624,Bamberg,208,132059,88986,113536,1952-08-14T21:15:00+00:00,1952-08-14T22:12:00+00:00,Hamburg,101,13624,7361,9524,1952-08-14T21:50:02+00:00,1952-08-14T22:29:56+00:00,1952-08-14T21:50:02+00:00,1952-08-14T22:12:00+00:00,1318.000,0.04876757,0.78892988,0.78892988,1,1,B,13623,18.950000,A_LE30MIN,18.950000,A_LE30MIN,"Dr. Remeis-Observatory, Bamberg, Germany",Dr. Remeis-Observatory,10.8881,49.8845,1,Astrograph,,"Hamburg-Bergedorf, Germany",Hamburger Sternwarte,53.482,10.242,1,Lippert-Astrograph,,True,5893.545115,GE100KM,True,True,True,1,B,13623,7360,18.950000,A_LE30MIN,49.8845,10.8881,10.242,53.482,10.88810000,49.88450000,10.24200000,53.48200000,SWAP,NORMAL,402.491931,GE100KM,True,True,True
APPLAUSE:132060 | APPLAUSE:13624,Bamberg,208,132060,88987,113537,1952-08-14T21:15:00+00:00,1952-08-14T22:12:00+00:00,Hamburg,101,13624,7361,9524,1952-08-14T21:50:02+00:00,1952-08-14T22:29:56+00:00,1952-08-14T21:50:02+00:00,1952-08-14T22:12:00+00:00,1318.000,0.06284366,1.00000000,1.00000000,1,1,B,13623,18.950000,A_LE30MIN,18.950000,A_LE30MIN,"Dr. Remeis-Observatory, Bamberg, Germany",Dr. Remeis-Observatory,10.8881,49.8845,1,Astrograph,,"Hamburg-Bergedorf, Germany",Hamburger Sternwarte,53.482,10.242,1,Lippert-Astrograph,,True,5893.545115,GE100KM,True,True,True,1,B,13623,7360,18.950000,A_LE30MIN,49.8845,10.8881,10.242,53.482,10.88810000,49.88450000,10.24200000,53.48200000,SWAP,NORMAL,402.491931,GE100KM,True,True,True
APPLAUSE:132059 | APPLAUSE:13623,Bamberg,208,132059,88986,113536,1952-08-14T21:15:00+00:00,1952-08-14T22:12:00+00:00,Hamburg,101,13623,7360,9523,1952-08-14T20:51:12+00:00,1952-08-14T21:31:05+00:00,1952-08-14T21:15:00+00:00,1952-08-14T21:31:05+00:00,965.000,0.78976456,0.04932688,0.78976456,1,1,B,13624,18.950000,A_LE30MIN,18.950000,A_LE30MIN,"Dr. Remeis-Observatory, Bamberg, Germany",Dr. Remeis-Observatory,10.8881,49.8845,1,Astrograph,,"Hamburg-Bergedorf, Germany",Hamburger Sternwarte,53.482,10.242,1,Lippert-Astrograph,,True,5893.545115,GE100KM,True,True,True,1,B,13624,7361,18.950000,A_LE30MIN,49.8845,10.8881,10.242,53.482,10.88810000,49.88450000,10.24200000,53.48200000,SWAP,NORMAL,402.491931,GE100KM,True,True,True
APPLAUSE:132060 | APPLAUSE:13623,Bamberg,208,132060,88987,113537,1952-08-14T21:15:00+00:00,1952-08-14T22:12:00+00:00,Hamburg,101,13623,7360,9523,1952-08-14T20:51:12+00:00,1952-08-14T21:31:05+00:00,1952-08-14T21:15:00+00:00,1952-08-14T21:31:05+00:00,965.000,1.00000000,0.06349586,1.00000000,1,1,B,13624,18.950000,A_LE30MIN,18.950000,A_LE30MIN,"Dr. Remeis-Observatory, Bamberg, Germany",Dr. Remeis-Observatory,10.8881,49.8845,1,Astrograph,,"Hamburg-Bergedorf, Germany",Hamburger Sternwarte,53.482,10.242,1,Lippert-Astrograph,,True,5893.545115,GE100KM,True,True,True,1,B,13624,7361,18.950000,A_LE30MIN,49.8845,10.8881,10.242,53.482,10.88810000,49.88450000,10.24200000,53.48200000,SWAP,NORMAL,402.491931,GE100KM,True,True,True
APPLAUSE:125117 | APPLAUSE:4661,Bamberg,208,125117,82411,107238,1932-12-19T17:19:00+00:00,1932-12-19T17:49:00+00:00,Hamburg,101,4661,3644,4367,1932-12-19T17:19:40+00:00,1932-12-19T17:20:40+00:00,1932-12-19T17:19:40+00:00,1932-12-19T17:20:40+00:00,60.000,0.02729033,1.00000000,1.00000000,2,2,B,4655,19.450000,A_LE30MIN,19.450000,A_LE30MIN,"Dr. Remeis-Observatory, Bamberg, Germany",Dr. Remeis-Observatory,10.8881,49.8845,1,Astrograph,,"Hamburg-Bergedorf, Germany",Hamburger Sternwarte,53.482,10.242,7,Lippert-Astrograph,,True,5893.545115,GE100KM,True,True,True,2,B,4655,3643,19.450000,A_LE30MIN,49.8845,10.8881,10.242,53.482,10.88810000,49.88450000,10.24200000,53.48200000,SWAP,NORMAL,402.491931,GE100KM,True,True,True
APPLAUSE:131192 | APPLAUSE:10675,Bamberg,208,131192,88289,112913,1949-10-22T17:48:00+00:00,1949-10-22T18:48:00+00:00,Hamburg,101,10675,6604,8594,1949-10-22T18:40:35+00:00,1949-10-22T18:41:05+00:00,1949-10-22T18:40:35+00:00,1949-10-22T18:41:05+00:00,30.000,0.00965130,1.00000000,1.00000000,13,13,B,10671,19.450000,A_LE30MIN,19.450000,A_LE30MIN,"Dr. Remeis-Observatory, Bamberg, Germany",Dr. Remeis-Observatory,10.8881,49.8845,1,Astrograph,,"Hamburg-Bergedorf, Germany",Hamburger Sternwarte,53.482,10.242,7,Lippert-Astrograph,,True,5893.545115,GE100KM,True,True,True,13,B,10671,6603,19.450000,A_LE30MIN,49.8845,10.8881,10.242,53.482,10.88810000,49.88450000,10.24200000,53.48200000,SWAP,NORMAL,402.491931,GE100KM,True,True,True
APPLAUSE:131662 | APPLAUSE:12406,Bamberg,208,131662,88706,113267,1951-09-01T19:54:00+00:00,1951-09-01T20:54:00+00:00,Hamburg,101,12406,7016,9095,1951-09-01T20:43:14+00:00,1951-09-01T20:43:44+00:00,1951-09-01T20:43:14+00:00,1951-09-01T20:43:44+00:00,30.000,0.10040159,0.82423062,0.82423062,18,18,B,12410,19.450000,A_LE30MIN,19.450000,A_LE30MIN,"Dr. Remeis-Observatory, Bamberg, Germany",Dr. Remeis-Observatory,10.8881,49.8845,1,Astrograph,,"Hamburg-Bergedorf, Germany",Hamburger Sternwarte,53.482,10.242,6,Lippert-Astrograph,,True,5893.545115,GE100KM,True,True,True,18,B,12410,7017,19.450000,A_LE30MIN,49.8845,10.8881,10.242,53.482,10.88810000,49.88450000,10.24200000,53.48200000,SWAP,NORMAL,402.491931,GE100KM,True,True,True
APPLAUSE:131192 | APPLAUSE:10668,Bamberg,208,131192,88289,112913,1949-10-22T17:48:00+00:00,1949-10-22T18:48:00+00:00,Hamburg,101,10668,6603,8593,1949-10-22T18:05:41+00:00,1949-10-22T18:06:10+00:00,1949-10-22T18:05:41+00:00,1949-10-22T18:06:10+00:00,29.000,0.00963912,1.00000000,1.00000000,13,13,B,10672,19.450000,A_LE30MIN,19.450000,A_LE30MIN,"Dr. Remeis-Observatory, Bamberg, Germany",Dr. Remeis-Observatory,10.8881,49.8845,1,Astrograph,,"Hamburg-Bergedorf, Germany",Hamburger Sternwarte,53.482,10.242,7,Lippert-Astrograph,,True,5893.545115,GE100KM,True,True,True,13,B,10672,6604,19.450000,A_LE30MIN,49.8845,10.8881,10.242,53.482,10.88810000,49.88450000,10.24200000,53.48200000,SWAP,NORMAL,402.491931,GE100KM,True,True,True
APPLAUSE:125117 | APPLAUSE:4662,Bamberg,208,125117,82411,107238,1932-12-19T17:19:00+00:00,1932-12-19T17:49:00+00:00,Hamburg,101,4662,3644,4367,1932-12-19T17:21:40+00:00,1932-12-19T17:22:39+00:00,1932-12-19T17:21:40+00:00,1932-12-19T17:22:39+00:00,59.000,0.02729033,1.00000000,1.00000000,2,2,B,4655,21.450000,A_LE30MIN,21.450000,A_LE30MIN,"Dr. Remeis-Observatory, Bamberg, Germany",Dr. Remeis-Observatory,10.8881,49.8845,1,Astrograph,,"Hamburg-Bergedorf, Germany",Hamburger Sternwarte,53.482,10.242,7,Lippert-Astrograph,,True,5893.545115,GE100KM,True,True,True,2,B,4655,3643,21.450000,A_LE30MIN,49.8845,10.8881,10.242,53.482,10.88810000,49.88450000,10.24200000,53.48200000,SWAP,NORMAL,402.491931,GE100KM,True,True,True
APPLAUSE:123508 | APPLAUSE:4297,Bamberg,208,123508,80802,105727,1932-01-28T18:13:00+00:00,1932-01-28T18:43:00+00:00,Hamburg,101,4297,3345,3980,1932-01-28T18:11:59+00:00,1932-01-28T19:22:38+00:00,1932-01-28T18:13:00+00:00,1932-01-28T18:43:00+00:00,1800.000,0.38725904,0.02327250,0.38725904,3,3,B,4299,21.933333,A_LE30MIN,21.933333,A_LE30MIN,"Dr. Remeis-Observatory, Bamberg, Germany",Dr. Remeis-Observatory,10.8881,49.8845,1,Astrograph,,"Hamburg-Bergedorf, Germany",Hamburger Sternwarte,53.482,10.242,1,Lippert-Astrograph,,True,5893.545115,GE100KM,True,True,True,3,B,4299,3347,21.933333,A_LE30MIN,49.8845,10.8881,10.242,53.482,10.88810000,49.88450000,10.24200000,53.48200000,SWAP,NORMAL,402.491931,GE100KM,True,True,True
APPLAUSE:123504 | APPLAUSE:4297,Bamberg,208,123504,80798,105723,1932-01-28T19:15:00+00:00,1932-01-28T19:45:00+00:00,Hamburg,101,4297,3345,3980,1932-01-28T18:11:59+00:00,1932-01-28T19:22:38+00:00,1932-01-28T19:15:00+00:00,1932-01-28T19:22:38+00:00,458.000,0.69741198,0.05536903,0.69741198,2,2,B,4299,21.933333,A_LE30MIN,21.933333,A_LE30MIN,"Dr. Remeis-Observatory, Bamberg, Germany",Dr. Remeis-Observatory,10.8881,49.8845,1,Astrograph,,"Hamburg-Bergedorf, Germany",Hamburger Sternwarte,53.482,10.242,1,Lippert-Astrograph,,True,5893.545115,GE100KM,True,True,True,2,B,4299,3347,21.933333,A_LE30MIN,49.8845,10.8881,10.242,53.482,10.88810000,49.88450000,10.24200000,53.48200000,SWAP,NORMAL,402.491931,GE100KM,True,True,True
APPLAUSE:123510 | APPLAUSE:4297,Bamberg,208,123510,80804,105729,1932-01-28T19:15:00+00:00,1932-01-28T19:45:00+00:00,Hamburg,101,4297,3345,3980,1932-01-28T18:11:59+00:00,1932-01-28T19:22:38+00:00,1932-01-28T19:15:00+00:00,1932-01-28T19:22:38+00:00,458.000,0.34763314,0.02082514,0.34763314,2,2,B,4299,21.933333,A_LE30MIN,21.933333,A_LE30MIN,"Dr. Remeis-Observatory, Bamberg, Germany",Dr. Remeis-Observatory,10.8881,49.8845,1,Astrograph,,"Hamburg-Bergedorf, Germany",Hamburger Sternwarte,53.482,10.242,1,Lippert-Astrograph,,True,5893.545115,GE100KM,True,True,True,2,B,4299,3347,21.933333,A_LE30MIN,49.8845,10.8881,10.242,53.482,10.88810000,49.88450000,10.24200000,53.48200000,SWAP,NORMAL,402.491931,GE100KM,True,True,True
APPLAUSE:128967 | APPLAUSE:7284,Bamberg,208,128967,86237,110961,1937-03-11T01:25:00+00:00,1937-03-11T01:55:00+00:00,Hamburg,101,7284,4611,5517,1937-03-11T01:45:49+00:00,1937-03-11T01:48:49+00:00,1937-03-11T01:45:49+00:00,1937-03-11T01:48:49+00:00,180.000,0.01277986,1.00000000,1.00000000,20,20,B,7281,21.933333,A_LE30MIN,21.933333,A_LE30MIN,"Dr. Remeis-Observatory, Bamberg, Germany",Dr. Remeis-Observatory,10.8881,49.8845,1,Astrograph,,"Hamburg-Bergedorf, Germany",Hamburger Sternwarte,53.482,10.242,11,Lippert-Astrograph,,True,5893.545115,GE100KM,True,True,True,20,B,7281,4610,21.933333,A_LE30MIN,49.8845,10.8881,10.242,53.482,10.88810000,49.88450000,10.24200000,53.48200000,SWAP,NORMAL,402.491931,GE100KM,True,True,True
APPLAUSE:128987 | APPLAUSE:7322,Bamberg,208,128987,86257,110977,1937-03-16T21:51:00+00:00,1937-03-16T22:21:00+00:00,Hamburg,101,7322,4616,5523,1937-03-16T22:07:46+00:00,1937-03-16T22:10:46+00:00,1937-03-16T22:07:46+00:00,1937-03-16T22:10:46+00:00,180.000,0.00000662,0.00055098,0.00055098,17,20,B,7327,21.933333,A_LE30MIN,21.933333,A_LE30MIN,"Dr. Remeis-Observatory, Bamberg, Germany",Dr. Remeis-Observatory,10.8881,49.8845,1,Astrograph,,"Hamburg-Bergedorf, Germany",Hamburger Sternwarte,53.482,10.242,10,Lippert-Astrograph,,True,5893.545115,GE100KM,True,True,True,17,B,7327,4617,21.933333,A_LE30MIN,49.8845,10.8881,10.242,53.482,10.88810000,49.88450000,10.24200000,53.48200000,SWAP,NORMAL,402.491931,GE100KM,True,True,True
APPLAUSE:129040 | APPLAUSE:7366,Bamberg,208,129040,86310,111030,1937-04-11T23:12:00+00:00,1937-04-12T00:02:00+00:00,Hamburg,101,7366,4627,5539,1937-04-11T23:35:01+00:00,1937-04-11T23:38:01+00:00,1937-04-11T23:35:01+00:00,1937-04-11T23:38:01+00:00,180.000,0.00661942,0.53480880,0.53480880,23,23,B,7369,21.933333,A_LE30MIN,21.933333,A_LE30MIN,"Dr. Remeis-Observatory, Bamberg, Germany",Dr. Remeis-Observatory,10.8881,49.8845,1,Astrograph,,"Hamburg-Bergedorf, Germany",Hamburger Sternwarte,53.482,10.242,10,Lippert-Astrograph,,True,5893.545115,GE100KM,True,True,True,23,B,7369,4628,21.933333,A_LE30MIN,49.8845,10.8881,10.242,53.482,10.88810000,49.88450000,10.24200000,53.48200000,SWAP,NORMAL,402.491931,GE100KM,True,True,True
APPLAUSE:123504 | APPLAUSE:4299,Bamberg,208,123504,80798,105723,1932-01-28T19:15:00+00:00,1932-01-28T19:45:00+00:00,Hamburg,101,4299,3347,3982,1932-01-28T19:44:34+00:00,1932-01-28T22:44:05+00:00,1932-01-28T19:44:34+00:00,1932-01-28T19:45:00+00:00,26.000,0.05555669,0.69366173,0.69366173,2,2,B,4297,21.933333,A_LE30MIN,21.933333,A_LE30MIN,"Dr. Remeis-Observatory, Bamberg, Germany",Dr. Remeis-Observatory,10.8881,49.8845,1,Astrograph,,"Hamburg-Bergedorf, Germany",Hamburger Sternwarte,53.482,10.242,1,Lippert-Astrograph,,True,5893.545115,GE100KM,True,True,True,2,B,4297,3345,21.933333,A_LE30MIN,49.8845,10.8881,10.242,53.482,10.88810000,49.88450000,10.24200000,53.48200000,SWAP,NORMAL,402.491931,GE100KM,True,True,True
APPLAUSE:123510 | APPLAUSE:4299,Bamberg,208,123510,80804,105729,1932-01-28T19:15:00+00:00,1932-01-28T19:45:00+00:00,Hamburg,101,4299,3347,3982,1932-01-28T19:44:34+00:00,1932-01-28T22:44:05+00:00,1932-01-28T19:44:34+00:00,1932-01-28T19:45:00+00:00,26.000,0.02099055,0.34733705,0.34733705,2,2,B,4297,21.933333,A_LE30MIN,21.933333,A_LE30MIN,"Dr. Remeis-Observatory, Bamberg, Germany",Dr. Remeis-Observatory,10.8881,49.8845,1,Astrograph,,"Hamburg-Bergedorf, Germany",Hamburger Sternwarte,53.482,10.242,1,Lippert-Astrograph,,True,5893.545115,GE100KM,True,True,True,2,B,4297,3345,21.933333,A_LE30MIN,49.8845,10.8881,10.242,53.482,10.88810000,49.88450000,10.24200000,53.48200000,SWAP,NORMAL,402.491931,GE100KM,True,True,True
APPLAUSE:128987 | APPLAUSE:7320,Bamberg,208,128987,86257,110977,1937-03-16T21:51:00+00:00,1937-03-16T22:21:00+00:00,Hamburg,101,7320,4616,5523,1937-03-16T21:57:48+00:00,1937-03-16T22:00:47+00:00,1937-03-16T21:57:48+00:00,1937-03-16T22:00:47+00:00,179.000,0.00000662,0.00055098,0.00055098,17,22,B,7316,21.950000,A_LE30MIN,21.950000,A_LE30MIN,"Dr. Remeis-Observatory, Bamberg, Germany",Dr. Remeis-Observatory,10.8881,49.8845,1,Astrograph,,"Hamburg-Bergedorf, Germany",Hamburger Sternwarte,53.482,10.242,10,Lippert-Astrograph,,True,5893.545115,GE100KM,True,True,True,17,B,7316,4615,21.950000,A_LE30MIN,49.8845,10.8881,10.242,53.482,10.88810000,49.88450000,10.24200000,53.48200000,SWAP,NORMAL,402.491931,GE100KM,True,True,True
APPLAUSE:129040 | APPLAUSE:7363,Bamberg,208,129040,86310,111030,1937-04-11T23:12:00+00:00,1937-04-12T00:02:00+00:00,Hamburg,101,7363,4627,5539,1937-04-11T23:20:04+00:00,1937-04-11T23:23:03+00:00,1937-04-11T23:20:04+00:00,1937-04-11T23:23:03+00:00,179.000,0.00661942,0.53480880,0.53480880,25,25,B,7358,21.950000,A_LE30MIN,21.950000,A_LE30MIN,"Dr. Remeis-Observatory, Bamberg, Germany",Dr. Remeis-Observatory,10.8881,49.8845,1,Astrograph,,"Hamburg-Bergedorf, Germany",Hamburger Sternwarte,53.482,10.242,10,Lippert-Astrograph,,True,5893.545115,GE100KM,True,True,True,25,B,7358,4626,21.950000,A_LE30MIN,49.8845,10.8881,10.242,53.482,10.88810000,49.88450000,10.24200000,53.48200000,SWAP,NORMAL,402.491931,GE100KM,True,True,True
APPLAUSE:127130 | APPLAUSE:5541,Bamberg,208,127130,84411,109197,1934-04-03T19:28:00+00:00,1934-04-03T19:58:00+00:00,Hamburg,101,5541,4048,4752,1934-04-03T19:57:14+00:00,1934-04-03T19:57:24+00:00,1934-04-03T19:57:14+00:00,1934-04-03T19:57:24+00:00,10.000,0.02700713,1.00000000,1.00000000,92,92,B,5562,22.766667,A_LE30MIN,22.766667,A_LE30MIN,"Dr. Remeis-Observatory, Bamberg, Germany",Dr. Remeis-Observatory,10.8881,49.8845,1,Astrograph,,"Hamburg-Bergedorf, Germany",Hamburger Sternwarte,53.482,10.242,41,Lippert-Astrograph,,True,5893.545115,GE100KM,True,True,True,92,B,5562,4049,22.766667,A_LE30MIN,49.8845,10.8881,10.242,53.482,10.88810000,49.88450000,10.24200000,53.48200000,SWAP,NORMAL,402.491931,GE100KM,True,True,True
APPLAUSE:127130 | APPLAUSE:5540,Bamberg,208,127130,84411,109197,1934-04-03T19:28:00+00:00,1934-04-03T19:58:00+00:00,Hamburg,101,5540,4048,4752,1934-04-03T19:56:14+00:00,1934-04-03T19:56:24+00:00,1934-04-03T19:56:14+00:00,1934-04-03T19:56:24+00:00,10.000,0.02700713,1.00000000,1.00000000,91,91,B,5562,23.766667,A_LE30MIN,23.766667,A_LE30MIN,"Dr. Remeis-Observatory, Bamberg, Germany",Dr. Remeis-Observatory,10.8881,49.8845,1,Astrograph,,"Hamburg-Bergedorf, Germany",Hamburger Sternwarte,53.482,10.242,41,Lippert-Astrograph,,True,5893.545115,GE100KM,True,True,True,91,B,5562,4049,23.766667,A_LE30MIN,49.8845,10.8881,10.242,53.482,10.88810000,49.88450000,10.24200000,53.48200000,SWAP,NORMAL,402.491931,GE100KM,True,True,True
APPLAUSE:131192 | APPLAUSE:10667,Bamberg,208,131192,88289,112913,1949-10-22T17:48:00+00:00,1949-10-22T18:48:00+00:00,Hamburg,101,10667,6603,8593,1949-10-22T18:00:41+00:00,1949-10-22T18:01:11+00:00,1949-10-22T18:00:41+00:00,1949-10-22T18:01:11+00:00,30.000,0.00963912,1.00000000,1.00000000,13,13,B,10672,24.433333,A_LE30MIN,24.433333,A_LE30MIN,"Dr. Remeis-Observatory, Bamberg, Germany",Dr. Remeis-Observatory,10.8881,49.8845,1,Astrograph,,"Hamburg-Bergedorf, Germany",Hamburger Sternwarte,53.482,10.242,7,Lippert-Astrograph,,True,5893.545115,GE100KM,True,True,True,13,B,10672,6604,24.433333,A_LE30MIN,49.8845,10.8881,10.242,53.482,10.88810000,49.88450000,10.24200000,53.48200000,SWAP,NORMAL,402.491931,GE100KM,True,True,True
APPLAUSE:131192 | APPLAUSE:10676,Bamberg,208,131192,88289,112913,1949-10-22T17:48:00+00:00,1949-10-22T18:48:00+00:00,Hamburg,101,10676,6604,8594,1949-10-22T18:45:34+00:00,1949-10-22T18:46:04+00:00,1949-10-22T18:45:34+00:00,1949-10-22T18:46:04+00:00,30.000,0.00965130,1.00000000,1.00000000,13,13,B,10671,24.433333,A_LE30MIN,24.433333,A_LE30MIN,"Dr. Remeis-Observatory, Bamberg, Germany",Dr. Remeis-Observatory,10.8881,49.8845,1,Astrograph,,"Hamburg-Bergedorf, Germany",Hamburger Sternwarte,53.482,10.242,7,Lippert-Astrograph,,True,5893.545115,GE100KM,True,True,True,13,B,10671,6603,24.433333,A_LE30MIN,49.8845,10.8881,10.242,53.482,10.88810000,49.88450000,10.24200000,53.48200000,SWAP,NORMAL,402.491931,GE100KM,True,True,True
APPLAUSE:131662 | APPLAUSE:12405,Bamberg,208,131662,88706,113267,1951-09-01T19:54:00+00:00,1951-09-01T20:54:00+00:00,Hamburg,101,12405,7016,9095,1951-09-01T20:38:15+00:00,1951-09-01T20:38:45+00:00,1951-09-01T20:38:15+00:00,1951-09-01T20:38:45+00:00,30.000,0.10040159,0.82423062,0.82423062,18,18,B,12410,24.433333,A_LE30MIN,24.433333,A_LE30MIN,"Dr. Remeis-Observatory, Bamberg, Germany",Dr. Remeis-Observatory,10.8881,49.8845,1,Astrograph,,"Hamburg-Bergedorf, Germany",Hamburger Sternwarte,53.482,10.242,6,Lippert-Astrograph,,True,5893.545115,GE100KM,True,True,True,18,B,12410,7017,24.433333,A_LE30MIN,49.8845,10.8881,10.242,53.482,10.88810000,49.88450000,10.24200000,53.48200000,SWAP,NORMAL,402.491931,GE100KM,True,True,True
APPLAUSE:127130 | APPLAUSE:5539,Bamberg,208,127130,84411,109197,1934-04-03T19:28:00+00:00,1934-04-03T19:58:00+00:00,Hamburg,101,5539,4048,4752,1934-04-03T19:55:14+00:00,1934-04-03T19:55:24+00:00,1934-04-03T19:55:14+00:00,1934-04-03T19:55:24+00:00,10.000,0.02700713,1.00000000,1.00000000,90,90,B,5562,24.766667,A_LE30MIN,24.766667,A_LE30MIN,"Dr. Remeis-Observatory, Bamberg, Germany",Dr. Remeis-Observatory,10.8881,49.8845,1,Astrograph,,"Hamburg-Bergedorf, Germany",Hamburger Sternwarte,53.482,10.242,41,Lippert-Astrograph,,True,5893.545115,GE100KM,True,True,True,90,B,5562,4049,24.766667,A_LE30MIN,49.8845,10.8881,10.242,53.482,10.88810000,49.88450000,10.24200000,53.48200000,SWAP,NORMAL,402.491931,GE100KM,True,True,True
APPLAUSE:127130 | APPLAUSE:5538,Bamberg,208,127130,84411,109197,1934-04-03T19:28:00+00:00,1934-04-03T19:58:00+00:00,Hamburg,101,5538,4048,4752,1934-04-03T19:54:14+00:00,1934-04-03T19:54:24+00:00,1934-04-03T19:54:14+00:00,1934-04-03T19:54:24+00:00,10.000,0.02700713,1.00000000,1.00000000,89,89,B,5562,25.766667,A_LE30MIN,25.766667,A_LE30MIN,"Dr. Remeis-Observatory, Bamberg, Germany",Dr. Remeis-Observatory,10.8881,49.8845,1,Astrograph,,"Hamburg-Bergedorf, Germany",Hamburger Sternwarte,53.482,10.242,41,Lippert-Astrograph,,True,5893.545115,GE100KM,True,True,True,89,B,5562,4049,25.766667,A_LE30MIN,49.8845,10.8881,10.242,53.482,10.88810000,49.88450000,10.24200000,53.48200000,SWAP,NORMAL,402.491931,GE100KM,True,True,True
APPLAUSE:135469 | APPLAUSE:15303,Bamberg,208,135469,92339,116870,1960-02-17T18:30:00+00:00,1960-02-17T19:30:00+00:00,Hamburg,101,15303,8561,11325,1960-02-17T19:13:56+00:00,1960-02-17T19:19:55+00:00,1960-02-17T19:13:56+00:00,1960-02-17T19:19:55+00:00,359.000,0.02516202,0.87713717,0.87713717,2,2,B,15301,25.933333,A_LE30MIN,25.933333,A_LE30MIN,"Dr. Remeis-Observatory, Bamberg, Germany",Dr. Remeis-Observatory,10.8881,49.8845,1,Astrograph,,"Hamburg-Bergedorf, Germany",Hamburger Sternwarte,53.482,10.242,2,Lippert-Astrograph,,True,5893.545115,GE100KM,True,True,True,2,B,15301,8560,25.933333,A_LE30MIN,49.8845,10.8881,10.242,53.482,10.88810000,49.88450000,10.24200000,53.48200000,SWAP,NORMAL,402.491931,GE100KM,True,True,True
APPLAUSE:135470 | APPLAUSE:15303,Bamberg,208,135470,92340,116871,1960-02-17T18:30:00+00:00,1960-02-17T19:30:00+00:00,Hamburg,101,15303,8561,11325,1960-02-17T19:13:56+00:00,1960-02-17T19:19:55+00:00,1960-02-17T19:13:56+00:00,1960-02-17T19:19:55+00:00,359.000,0.01588024,1.00000000,1.00000000,2,2,B,15301,25.933333,A_LE30MIN,25.933333,A_LE30MIN,"Dr. Remeis-Observatory, Bamberg, Germany",Dr. Remeis-Observatory,10.8881,49.8845,1,Astrograph,,"Hamburg-Bergedorf, Germany",Hamburger Sternwarte,53.482,10.242,2,Lippert-Astrograph,,True,5893.545115,GE100KM,True,True,True,2,B,15301,8560,25.933333,A_LE30MIN,49.8845,10.8881,10.242,53.482,10.88810000,49.88450000,10.24200000,53.48200000,SWAP,NORMAL,402.491931,GE100KM,True,True,True
APPLAUSE:135626 | APPLAUSE:42737,Bamberg,208,135626,92496,117026,1960-03-23T23:16:00+00:00,1960-03-24T00:16:00+00:00,Hamburg,102,42737,10547,13120,1960-03-23T23:58:11+00:00,1960-03-24T00:18:07+00:00,1960-03-23T23:58:11+00:00,1960-03-24T00:16:00+00:00,1069.000,0.02836257,1.00000000,1.00000000,2,2,B,42740,26.433333,A_LE30MIN,26.433333,A_LE30MIN,"Dr. Remeis-Observatory, Bamberg, Germany",Dr. Remeis-Observatory,10.8881,49.8845,1,Astrograph,,"Hamburg-Bergedorf, Germany",Hamburger Sternwarte,53.482,10.242,3,Grosser Schmidt-Spiegel,,True,5893.545115,GE100KM,True,True,True,2,B,42740,10548,26.433333,A_LE30MIN,49.8845,10.8881,10.242,53.482,10.88810000,49.88450000,10.24200000,53.48200000,SWAP,NORMAL,402.491931,GE100KM,True,True,True
APPLAUSE:127130 | APPLAUSE:5537,Bamberg,208,127130,84411,109197,1934-04-03T19:28:00+00:00,1934-04-03T19:58:00+00:00,Hamburg,101,5537,4048,4752,1934-04-03T19:53:14+00:00,1934-04-03T19:53:24+00:00,1934-04-03T19:53:14+00:00,1934-04-03T19:53:24+00:00,10.000,0.02700713,1.00000000,1.00000000,88,88,B,5562,26.766667,A_LE30MIN,26.766667,A_LE30MIN,"Dr. Remeis-Observatory, Bamberg, Germany",Dr. Remeis-Observatory,10.8881,49.8845,1,Astrograph,,"Hamburg-Bergedorf, Germany",Hamburger Sternwarte,53.482,10.242,41,Lippert-Astrograph,,True,5893.545115,GE100KM,True,True,True,88,B,5562,4049,26.766667,A_LE30MIN,49.8845,10.8881,10.242,53.482,10.88810000,49.88450000,10.24200000,53.48200000,SWAP,NORMAL,402.491931,GE100KM,True,True,True
APPLAUSE:129040 | APPLAUSE:7365,Bamberg,208,129040,86310,111030,1937-04-11T23:12:00+00:00,1937-04-12T00:02:00+00:00,Hamburg,101,7365,4627,5539,1937-04-11T23:30:02+00:00,1937-04-11T23:33:02+00:00,1937-04-11T23:30:02+00:00,1937-04-11T23:33:02+00:00,180.000,0.00661942,0.53480880,0.53480880,24,24,B,7369,26.916667,A_LE30MIN,26.916667,A_LE30MIN,"Dr. Remeis-Observatory, Bamberg, Germany",Dr. Remeis-Observatory,10.8881,49.8845,1,Astrograph,,"Hamburg-Bergedorf, Germany",Hamburger Sternwarte,53.482,10.242,10,Lippert-Astrograph,,True,5893.545115,GE100KM,True,True,True,24,B,7369,4628,26.916667,A_LE30MIN,49.8845,10.8881,10.242,53.482,10.88810000,49.88450000,10.24200000,53.48200000,SWAP,NORMAL,402.491931,GE100KM,True,True,True
APPLAUSE:129040 | APPLAUSE:7364,Bamberg,208,129040,86310,111030,1937-04-11T23:12:00+00:00,1937-04-12T00:02:00+00:00,Hamburg,101,7364,4627,5539,1937-04-11T23:25:03+00:00,1937-04-11T23:28:03+00:00,1937-04-11T23:25:03+00:00,1937-04-11T23:28:03+00:00,180.000,0.00661942,0.53480880,0.53480880,25,25,B,7358,26.933333,A_LE30MIN,26.933333,A_LE30MIN,"Dr. Remeis-Observatory, Bamberg, Germany",Dr. Remeis-Observatory,10.8881,49.8845,1,Astrograph,,"Hamburg-Bergedorf, Germany",Hamburger Sternwarte,53.482,10.242,10,Lippert-Astrograph,,True,5893.545115,GE100KM,True,True,True,25,B,7358,4626,26.933333,A_LE30MIN,49.8845,10.8881,10.242,53.482,10.88810000,49.88450000,10.24200000,53.48200000,SWAP,NORMAL,402.491931,GE100KM,True,True,True
APPLAUSE:128967 | APPLAUSE:7285,Bamberg,208,128967,86237,110961,1937-03-11T01:25:00+00:00,1937-03-11T01:55:00+00:00,Hamburg,101,7285,4611,5517,1937-03-11T01:50:49+00:00,1937-03-11T01:53:48+00:00,1937-03-11T01:50:49+00:00,1937-03-11T01:53:48+00:00,179.000,0.01277986,1.00000000,1.00000000,19,19,B,7281,26.933333,A_LE30MIN,26.933333,A_LE30MIN,"Dr. Remeis-Observatory, Bamberg, Germany",Dr. Remeis-Observatory,10.8881,49.8845,1,Astrograph,,"Hamburg-Bergedorf, Germany",Hamburger Sternwarte,53.482,10.242,11,Lippert-Astrograph,,True,5893.545115,GE100KM,True,True,True,19,B,7281,4610,26.933333,A_LE30MIN,49.8845,10.8881,10.242,53.482,10.88810000,49.88450000,10.24200000,53.48200000,SWAP,NORMAL,402.491931,GE100KM,True,True,True
APPLAUSE:128987 | APPLAUSE:7321,Bamberg,208,128987,86257,110977,1937-03-16T21:51:00+00:00,1937-03-16T22:21:00+00:00,Hamburg,101,7321,4616,5523,1937-03-16T22:02:47+00:00,1937-03-16T22:05:46+00:00,1937-03-16T22:02:47+00:00,1937-03-16T22:05:46+00:00,179.000,0.00000662,0.00055098,0.00055098,17,21,B,7316,26.933333,A_LE30MIN,26.933333,A_LE30MIN,"Dr. Remeis-Observatory, Bamberg, Germany",Dr. Remeis-Observatory,10.8881,49.8845,1,Astrograph,,"Hamburg-Bergedorf, Germany",Hamburger Sternwarte,53.482,10.242,10,Lippert-Astrograph,,True,5893.545115,GE100KM,True,True,True,17,B,7316,4615,26.933333,A_LE30MIN,49.8845,10.8881,10.242,53.482,10.88810000,49.88450000,10.24200000,53.48200000,SWAP,NORMAL,402.491931,GE100KM,True,True,True
APPLAUSE:127130 | APPLAUSE:5536,Bamberg,208,127130,84411,109197,1934-04-03T19:28:00+00:00,1934-04-03T19:58:00+00:00,Hamburg,101,5536,4048,4752,1934-04-03T19:52:15+00:00,1934-04-03T19:52:25+00:00,1934-04-03T19:52:15+00:00,1934-04-03T19:52:25+00:00,10.000,0.02700713,1.00000000,1.00000000,87,87,B,5562,27.750000,A_LE30MIN,27.750000,A_LE30MIN,"Dr. Remeis-Observatory, Bamberg, Germany",Dr. Remeis-Observatory,10.8881,49.8845,1,Astrograph,,"Hamburg-Bergedorf, Germany",Hamburger Sternwarte,53.482,10.242,41,Lippert-Astrograph,,True,5893.545115,GE100KM,True,True,True,87,B,5562,4049,27.750000,A_LE30MIN,49.8845,10.8881,10.242,53.482,10.88810000,49.88450000,10.24200000,53.48200000,SWAP,NORMAL,402.491931,GE100KM,True,True,True
APPLAUSE:127130 | APPLAUSE:5535,Bamberg,208,127130,84411,109197,1934-04-03T19:28:00+00:00,1934-04-03T19:58:00+00:00,Hamburg,101,5535,4048,4752,1934-04-03T19:51:15+00:00,1934-04-03T19:51:25+00:00,1934-04-03T19:51:15+00:00,1934-04-03T19:51:25+00:00,10.000,0.02700713,1.00000000,1.00000000,86,86,B,5562,28.750000,A_LE30MIN,28.750000,A_LE30MIN,"Dr. Remeis-Observatory, Bamberg, Germany",Dr. Remeis-Observatory,10.8881,49.8845,1,Astrograph,,"Hamburg-Bergedorf, Germany",Hamburger Sternwarte,53.482,10.242,41,Lippert-Astrograph,,True,5893.545115,GE100KM,True,True,True,86,B,5562,4049,28.750000,A_LE30MIN,49.8845,10.8881,10.242,53.482,10.88810000,49.88450000,10.24200000,53.48200000,SWAP,NORMAL,402.491931,GE100KM,True,True,True
APPLAUSE:131192 | APPLAUSE:10666,Bamberg,208,131192,88289,112913,1949-10-22T17:48:00+00:00,1949-10-22T18:48:00+00:00,Hamburg,101,10666,6603,8593,1949-10-22T17:55:42+00:00,1949-10-22T17:56:12+00:00,1949-10-22T17:55:42+00:00,1949-10-22T17:56:12+00:00,30.000,0.00963912,1.00000000,1.00000000,13,13,B,10672,29.416667,A_LE30MIN,29.416667,A_LE30MIN,"Dr. Remeis-Observatory, Bamberg, Germany",Dr. Remeis-Observatory,10.8881,49.8845,1,Astrograph,,"Hamburg-Bergedorf, Germany",Hamburger Sternwarte,53.482,10.242,7,Lippert-Astrograph,,True,5893.545115,GE100KM,True,True,True,13,B,10672,6604,29.416667,A_LE30MIN,49.8845,10.8881,10.242,53.482,10.88810000,49.88450000,10.24200000,53.48200000,SWAP,NORMAL,402.491931,GE100KM,True,True,True
APPLAUSE:131662 | APPLAUSE:12404,Bamberg,208,131662,88706,113267,1951-09-01T19:54:00+00:00,1951-09-01T20:54:00+00:00,Hamburg,101,12404,7016,9095,1951-09-01T20:33:16+00:00,1951-09-01T20:33:46+00:00,1951-09-01T20:33:16+00:00,1951-09-01T20:33:46+00:00,30.000,0.10040159,0.82423062,0.82423062,18,18,B,12410,29.416667,A_LE30MIN,29.416667,A_LE30MIN,"Dr. Remeis-Observatory, Bamberg, Germany",Dr. Remeis-Observatory,10.8881,49.8845,1,Astrograph,,"Hamburg-Bergedorf, Germany",Hamburger Sternwarte,53.482,10.242,6,Lippert-Astrograph,,True,5893.545115,GE100KM,True,True,True,18,B,12410,7017,29.416667,A_LE30MIN,49.8845,10.8881,10.242,53.482,10.88810000,49.88450000,10.24200000,53.48200000,SWAP,NORMAL,402.491931,GE100KM,True,True,True
APPLAUSE:127130 | APPLAUSE:5534,Bamberg,208,127130,84411,109197,1934-04-03T19:28:00+00:00,1934-04-03T19:58:00+00:00,Hamburg,101,5534,4048,4752,1934-04-03T19:50:15+00:00,1934-04-03T19:50:25+00:00,1934-04-03T19:50:15+00:00,1934-04-03T19:50:25+00:00,10.000,0.02700713,1.00000000,1.00000000,85,85,B,5562,29.750000,A_LE30MIN,29.750000,A_LE30MIN,"Dr. Remeis-Observatory, Bamberg, Germany",Dr. Remeis-Observatory,10.8881,49.8845,1,Astrograph,,"Hamburg-Bergedorf, Germany",Hamburger Sternwarte,53.482,10.242,41,Lippert-Astrograph,,True,5893.545115,GE100KM,True,True,True,85,B,5562,4049,29.750000,A_LE30MIN,49.8845,10.8881,10.242,53.482,10.88810000,49.88450000,10.24200000,53.48200000,SWAP,NORMAL,402.491931,GE100KM,True,True,True
APPLAUSE:139471 | APPLAUSE:13896,Castel Gandolfo,501,139471,96341,120826,1953-09-01T21:45:15+00:00,1953-09-01T22:30:15+00:00,Hamburg,101,13896,7554,9749,1953-09-01T22:09:58+00:00,1953-09-01T22:49:52+00:00,1953-09-01T22:09:58+00:00,1953-09-01T22:30:15+00:00,1217.000,0.16735847,0.05214474,0.16735847,2,3,B,13897,29.916667,A_LE30MIN,29.916667,A_LE30MIN,"Castel Gandolfo, Italy",Vatican Observatory,41.7472,12.6505,1,Zeiss Double Astrograph,,"Hamburg-Bergedorf, Germany",Hamburger Sternwarte,53.482,10.242,1,Lippert-Astrograph,,True,1317.081595,GE100KM,True,True,True,2,B,13897,7555,29.916667,A_LE30MIN,12.6505,41.7472,10.242,53.482,12.65050000,41.74720000,10.24200000,53.48200000,NORMAL,NORMAL,1317.081595,GE100KM,True,True,True
APPLAUSE:123592 | APPLAUSE:4326,Bamberg,208,123592,80886,105805,1932-02-10T18:50:00+00:00,1932-02-10T19:20:00+00:00,Hamburg,101,4326,3374,4018,1932-02-10T18:29:31+00:00,1932-02-10T20:53:13+00:00,1932-02-10T18:50:00+00:00,1932-02-10T19:20:00+00:00,1800.000,1.00000000,0.07862014,1.00000000,1,1,A,123590,30.000000,A_LE30MIN,30.000000,A_LE30MIN,"Dr. Remeis-Observatory, Bamberg, Germany",Dr. Remeis-Observatory,10.8881,49.8845,1,Astrograph,,"Hamburg-Bergedorf, Germany",Hamburger Sternwarte,53.482,10.242,1,Lippert-Astrograph,,True,5893.545115,GE100KM,True,True,True,1,A,123590,80884,30.000000,A_LE30MIN,49.8845,10.8881,10.242,53.482,10.88810000,49.88450000,10.24200000,53.48200000,SWAP,NORMAL,402.491931,GE100KM,True,True,True
APPLAUSE:127130 | APPLAUSE:5533,Bamberg,208,127130,84411,109197,1934-04-03T19:28:00+00:00,1934-04-03T19:58:00+00:00,Hamburg,101,5533,4048,4752,1934-04-03T19:49:15+00:00,1934-04-03T19:49:25+00:00,1934-04-03T19:49:15+00:00,1934-04-03T19:49:25+00:00,10.000,0.02700713,1.00000000,1.00000000,85,85,B,5562,30.750000,B_GT30_LE60MIN,30.750000,B_GT30_LE60MIN,"Dr. Remeis-Observatory, Bamberg, Germany",Dr. Remeis-Observatory,10.8881,49.8845,1,Astrograph,,"Hamburg-Bergedorf, Germany",Hamburger Sternwarte,53.482,10.242,41,Lippert-Astrograph,,True,5893.545115,GE100KM,True,True,True,85,B,5562,4049,30.750000,B_GT30_LE60MIN,49.8845,10.8881,10.242,53.482,10.88810000,49.88450000,10.24200000,53.48200000,SWAP,NORMAL,402.491931,GE100KM,True,True,True
APPLAUSE:131381 | APPLAUSE:11262,Bamberg,208,131381,88463,113071,1950-09-13T19:15:00+00:00,1950-09-13T20:15:00+00:00,Hamburg,101,11262,6755,8783,1950-09-13T19:30:10+00:00,1950-09-13T20:13:03+00:00,1950-09-13T19:30:10+00:00,1950-09-13T20:13:03+00:00,2573.000,0.17391381,0.21550329,0.21550329,2,2,B,11263,30.916667,B_GT30_LE60MIN,30.916667,B_GT30_LE60MIN,"Dr. Remeis-Observatory, Bamberg, Germany",Dr. Remeis-Observatory,10.8881,49.8845,1,Astrograph,,"Hamburg-Bergedorf, Germany",Hamburger Sternwarte,53.482,10.242,1,Lippert-Astrograph,,True,5893.545115,GE100KM,True,True,True,2,B,11263,6756,30.916667,B_GT30_LE60MIN,49.8845,10.8881,10.242,53.482,10.88810000,49.88450000,10.24200000,53.48200000,SWAP,NORMAL,402.491931,GE100KM,True,True,True
APPLAUSE:135648 | APPLAUSE:42744,Bamberg,208,135648,92518,117048,1960-03-24T20:01:00+00:00,1960-03-24T21:01:00+00:00,Hamburg,102,42744,10550,13126,1960-03-24T20:19:49+00:00,1960-03-24T20:25:49+00:00,1960-03-24T20:19:49+00:00,1960-03-24T20:25:49+00:00,360.000,0.01193252,0.03247174,0.03247174,2,2,B,42745,30.916667,B_GT30_LE60MIN,30.916667,B_GT30_LE60MIN,"Dr. Remeis-Observatory, Bamberg, Germany",Dr. Remeis-Observatory,10.8881,49.8845,1,Astrograph,,"Hamburg-Bergedorf, Germany",Hamburger Sternwarte,53.482,10.242,1,Grosser Schmidt-Spiegel,,True,5893.545115,GE100KM,True,True,True,2,B,42745,10551,30.916667,B_GT30_LE60MIN,49.8845,10.8881,10.242,53.482,10.88810000,49.88450000,10.24200000,53.48200000,SWAP,NORMAL,402.491931,GE100KM,True,True,True
APPLAUSE:135649 | APPLAUSE:42744,Bamberg,208,135649,92519,117049,1960-03-24T20:01:00+00:00,1960-03-24T21:01:00+00:00,Hamburg,102,42744,10550,13126,1960-03-24T20:19:49+00:00,1960-03-24T20:25:49+00:00,1960-03-24T20:19:49+00:00,1960-03-24T20:25:49+00:00,360.000,0.02230688,0.13637111,0.13637111,2,2,B,42745,30.916667,B_GT30_LE60MIN,30.916667,B_GT30_LE60MIN,"Dr. Remeis-Observatory, Bamberg, Germany",Dr. Remeis-Observatory,10.8881,49.8845,1,Astrograph,,"Hamburg-Bergedorf, Germany",Hamburger Sternwarte,53.482,10.242,1,Grosser Schmidt-Spiegel,,True,5893.545115,GE100KM,True,True,True,2,B,42745,10551,30.916667,B_GT30_LE60MIN,49.8845,10.8881,10.242,53.482,10.88810000,49.88450000,10.24200000,53.48200000,SWAP,NORMAL,402.491931,GE100KM,True,True,True
APPLAUSE:135648 | APPLAUSE:42745,Bamberg,208,135648,92518,117048,1960-03-24T20:01:00+00:00,1960-03-24T21:01:00+00:00,Hamburg,102,42745,10551,13129,1960-03-24T20:56:44+00:00,1960-03-24T21:02:43+00:00,1960-03-24T20:56:44+00:00,1960-03-24T21:01:00+00:00,256.000,0.01094877,0.02966351,0.02966351,2,2,B,42744,30.916667,B_GT30_LE60MIN,30.916667,B_GT30_LE60MIN,"Dr. Remeis-Observatory, Bamberg, Germany",Dr. Remeis-Observatory,10.8881,49.8845,1,Astrograph,,"Hamburg-Bergedorf, Germany",Hamburger Sternwarte,53.482,10.242,1,Grosser Schmidt-Spiegel,,True,5893.545115,GE100KM,True,True,True,2,B,42744,10550,30.916667,B_GT30_LE60MIN,49.8845,10.8881,10.242,53.482,10.88810000,49.88450000,10.24200000,53.48200000,SWAP,NORMAL,402.491931,GE100KM,True,True,True
APPLAUSE:135649 | APPLAUSE:42745,Bamberg,208,135649,92519,117049,1960-03-24T20:01:00+00:00,1960-03-24T21:01:00+00:00,Hamburg,102,42745,10551,13129,1960-03-24T20:56:44+00:00,1960-03-24T21:02:43+00:00,1960-03-24T20:56:44+00:00,1960-03-24T21:01:00+00:00,256.000,0.02227830,0.13559667,0.13559667,2,2,B,42744,30.916667,B_GT30_LE60MIN,30.916667,B_GT30_LE60MIN,"Dr. Remeis-Observatory, Bamberg, Germany",Dr. Remeis-Observatory,10.8881,49.8845,1,Astrograph,,"Hamburg-Bergedorf, Germany",Hamburger Sternwarte,53.482,10.242,1,Grosser Schmidt-Spiegel,,True,5893.545115,GE100KM,True,True,True,2,B,42744,10550,30.916667,B_GT30_LE60MIN,49.8845,10.8881,10.242,53.482,10.88810000,49.88450000,10.24200000,53.48200000,SWAP,NORMAL,402.491931,GE100KM,True,True,True
APPLAUSE:128544 | APPLAUSE:6927,Bamberg,208,128544,85816,110552,1936-03-20T22:47:00+00:00,1936-03-20T23:17:00+00:00,Hamburg,101,6927,4428,5218,1936-03-20T22:45:56+00:00,1936-03-20T22:49:56+00:00,1936-03-20T22:47:00+00:00,1936-03-20T22:49:56+00:00,176.000,1.00000000,0.01252079,1.00000000,18,18,B,6921,30.916667,B_GT30_LE60MIN,30.916667,B_GT30_LE60MIN,"Dr. Remeis-Observatory, Bamberg, Germany",Dr. Remeis-Observatory,10.8881,49.8845,1,Astrograph,,"Hamburg-Bergedorf, Germany",Hamburger Sternwarte,53.482,10.242,10,Lippert-Astrograph,,True,5893.545115,GE100KM,True,True,True,18,B,6921,4427,30.916667,B_GT30_LE60MIN,49.8845,10.8881,10.242,53.482,10.88810000,49.88450000,10.24200000,53.48200000,SWAP,NORMAL,402.491931,GE100KM,True,True,True
APPLAUSE:128554 | APPLAUSE:6927,Bamberg,208,128554,85826,110562,1936-03-20T22:47:00+00:00,1936-03-20T23:17:00+00:00,Hamburg,101,6927,4428,5218,1936-03-20T22:45:56+00:00,1936-03-20T22:49:56+00:00,1936-03-20T22:47:00+00:00,1936-03-20T22:49:56+00:00,176.000,1.00000000,0.00997623,1.00000000,18,18,B,6921,30.916667,B_GT30_LE60MIN,30.916667,B_GT30_LE60MIN,"Dr. Remeis-Observatory, Bamberg, Germany",Dr. Remeis-Observatory,10.8881,49.8845,1,Astrograph,,"Hamburg-Bergedorf, Germany",Hamburger Sternwarte,53.482,10.242,10,Lippert-Astrograph,,True,5893.545115,GE100KM,True,True,True,18,B,6921,4427,30.916667,B_GT30_LE60MIN,49.8845,10.8881,10.242,53.482,10.88810000,49.88450000,10.24200000,53.48200000,SWAP,NORMAL,402.491931,GE100KM,True,True,True
APPLAUSE:129741 | APPLAUSE:110957,Bamberg,208,129741,87011,111730,1938-03-20T21:01:00+00:00,1938-03-20T21:30:00+00:00,Hamburg,111,110957,64925,73041,1938-03-20T21:18:00+00:00,1938-03-20T22:34:00+00:00,1938-03-20T21:18:00+00:00,1938-03-20T21:30:00+00:00,720.000,0.00633855,0.12306369,0.12306369,1,1,A,129747,31.000000,B_GT30_LE60MIN,31.000000,B_GT30_LE60MIN,"Dr. Remeis-Observatory, Bamberg, Germany",Dr. Remeis-Observatory,10.8881,49.8845,1,Astrograph,,"Hamburg-Bergedorf, Germany",Hamburger Sternwarte,53.482,10.242,1,Original Schmidt-Spiegel,,True,5893.545115,GE100KM,True,True,True,1,A,129747,87017,31.000000,B_GT30_LE60MIN,49.8845,10.8881,10.242,53.482,10.88810000,49.88450000,10.24200000,53.48200000,SWAP,NORMAL,402.491931,GE100KM,True,True,True
APPLAUSE:127130 | APPLAUSE:5532,Bamberg,208,127130,84411,109197,1934-04-03T19:28:00+00:00,1934-04-03T19:58:00+00:00,Hamburg,101,5532,4048,4752,1934-04-03T19:48:15+00:00,1934-04-03T19:48:25+00:00,1934-04-03T19:48:15+00:00,1934-04-03T19:48:25+00:00,10.000,0.02700713,1.00000000,1.00000000,85,85,B,5562,31.750000,B_GT30_LE60MIN,31.750000,B_GT30_LE60MIN,"Dr. Remeis-Observatory, Bamberg, Germany",Dr. Remeis-Observatory,10.8881,49.8845,1,Astrograph,,"Hamburg-Bergedorf, Germany",Hamburger Sternwarte,53.482,10.242,41,Lippert-Astrograph,,True,5893.545115,GE100KM,True,True,True,85,B,5562,4049,31.750000,B_GT30_LE60MIN,49.8845,10.8881,10.242,53.482,10.88810000,49.88450000,10.24200000,53.48200000,SWAP,NORMAL,402.491931,GE100KM,True,True,True
APPLAUSE:128968 | APPLAUSE:7286,Bamberg,208,128968,86238,110962,1937-03-11T01:56:00+00:00,1937-03-11T02:26:00+00:00,Hamburg,101,7286,4611,5517,1937-03-11T01:55:48+00:00,1937-03-11T01:58:47+00:00,1937-03-11T01:56:00+00:00,1937-03-11T01:58:47+00:00,167.000,1.00000000,0.01229632,1.00000000,18,18,B,7281,31.916667,B_GT30_LE60MIN,31.916667,B_GT30_LE60MIN,"Dr. Remeis-Observatory, Bamberg, Germany",Dr. Remeis-Observatory,10.8881,49.8845,1,Astrograph,,"Hamburg-Bergedorf, Germany",Hamburger Sternwarte,53.482,10.242,11,Lippert-Astrograph,,True,5893.545115,GE100KM,True,True,True,18,B,7281,4610,31.916667,B_GT30_LE60MIN,49.8845,10.8881,10.242,53.482,10.88810000,49.88450000,10.24200000,53.48200000,SWAP,NORMAL,402.491931,GE100KM,True,True,True
APPLAUSE:125570 | APPLAUSE:4896,Bamberg,208,125570,82864,107685,1933-03-25T23:20:00+00:00,1933-03-26T00:21:00+00:00,Hamburg,101,4896,3795,4532,1933-03-25T21:54:37+00:00,1933-03-26T01:19:03+00:00,1933-03-25T23:20:00+00:00,1933-03-26T00:21:00+00:00,3660.000,1.00000000,0.06369136,1.00000000,1,1,A,125506,32.000000,B_GT30_LE60MIN,32.000000,B_GT30_LE60MIN,"Dr. Remeis-Observatory, Bamberg, Germany",Dr. Remeis-Observatory,10.8881,49.8845,1,Astrograph,,"Hamburg-Bergedorf, Germany",Hamburger Sternwarte,53.482,10.242,1,Lippert-Astrograph,,True,5893.545115,GE100KM,True,True,True,1,A,125506,82800,32.000000,B_GT30_LE60MIN,49.8845,10.8881,10.242,53.482,10.88810000,49.88450000,10.24200000,53.48200000,SWAP,NORMAL,402.491931,GE100KM,True,True,True
APPLAUSE:125781 | APPLAUSE:4955,Bamberg,208,125781,83075,107896,1933-04-27T23:56:00+00:00,1933-04-28T00:27:00+00:00,Hamburg,101,4955,3842,4574,1933-04-27T23:55:08+00:00,1933-04-28T02:09:03+00:00,1933-04-27T23:56:00+00:00,1933-04-28T00:27:00+00:00,1860.000,0.12566665,0.01032321,0.12566665,1,1,A,125783,32.000000,B_GT30_LE60MIN,32.000000,B_GT30_LE60MIN,"Dr. Remeis-Observatory, Bamberg, Germany",Dr. Remeis-Observatory,10.8881,49.8845,1,Astrograph,,"Hamburg-Bergedorf, Germany",Hamburger Sternwarte,53.482,10.242,1,Lippert-Astrograph,,True,5893.545115,GE100KM,True,True,True,1,A,125783,83077,32.000000,B_GT30_LE60MIN,49.8845,10.8881,10.242,53.482,10.88810000,49.88450000,10.24200000,53.48200000,SWAP,NORMAL,402.491931,GE100KM,True,True,True
APPLAUSE:130508 | APPLAUSE:8191,Bamberg,208,130508,87725,112412,1938-12-16T23:26:00+00:00,1938-12-16T23:56:00+00:00,Hamburg,101,8191,5146,6332,1938-12-16T23:22:19+00:00,1938-12-17T00:22:09+00:00,1938-12-16T23:26:00+00:00,1938-12-16T23:56:00+00:00,1800.000,0.77853477,0.04970690,0.77853477,1,1,A,130498,32.000000,B_GT30_LE60MIN,32.000000,B_GT30_LE60MIN,"Dr. Remeis-Observatory, Bamberg, Germany",Dr. Remeis-Observatory,10.8881,49.8845,1,Astrograph,,"Hamburg-Bergedorf, Germany",Hamburger Sternwarte,53.482,10.242,1,Lippert-Astrograph,,True,5893.545115,GE100KM,True,True,True,1,A,130498,87715,32.000000,B_GT30_LE60MIN,49.8845,10.8881,10.242,53.482,10.88810000,49.88450000,10.24200000,53.48200000,SWAP,NORMAL,402.491931,GE100KM,True,True,True
APPLAUSE:125506 | APPLAUSE:4896,Bamberg,208,125506,82800,107621,1933-03-26T00:53:00+00:00,1933-03-26T01:23:00+00:00,Hamburg,101,4896,3795,4532,1933-03-25T21:54:37+00:00,1933-03-26T01:19:03+00:00,1933-03-26T00:53:00+00:00,1933-03-26T01:19:03+00:00,1563.000,0.99771502,0.08045844,0.99771502,1,2,A,125570,32.000000,B_GT30_LE60MIN,32.000000,B_GT30_LE60MIN,"Dr. Remeis-Observatory, Bamberg, Germany",Dr. Remeis-Observatory,10.8881,49.8845,1,Astrograph,,"Hamburg-Bergedorf, Germany",Hamburger Sternwarte,53.482,10.242,1,Lippert-Astrograph,,True,5893.545115,GE100KM,True,True,True,1,A,125570,82864,32.000000,B_GT30_LE60MIN,49.8845,10.8881,10.242,53.482,10.88810000,49.88450000,10.24200000,53.48200000,SWAP,NORMAL,402.491931,GE100KM,True,True,True
APPLAUSE:125783 | APPLAUSE:4955,Bamberg,208,125783,83077,107898,1933-04-28T00:59:00+00:00,1933-04-28T01:11:00+00:00,Hamburg,101,4955,3842,4574,1933-04-27T23:55:08+00:00,1933-04-28T02:09:03+00:00,1933-04-28T00:59:00+00:00,1933-04-28T01:11:00+00:00,720.000,0.11857041,0.00937687,0.11857041,1,1,A,125781,32.000000,B_GT30_LE60MIN,32.000000,B_GT30_LE60MIN,"Dr. Remeis-Observatory, Bamberg, Germany",Dr. Remeis-Observatory,10.8881,49.8845,1,Astrograph,,"Hamburg-Bergedorf, Germany",Hamburger Sternwarte,53.482,10.242,1,Lippert-Astrograph,,True,5893.545115,GE100KM,True,True,True,1,A,125781,83075,32.000000,B_GT30_LE60MIN,49.8845,10.8881,10.242,53.482,10.88810000,49.88450000,10.24200000,53.48200000,SWAP,NORMAL,402.491931,GE100KM,True,True,True
APPLAUSE:123672 | APPLAUSE:4350,Bamberg,208,123672,80966,105880,1932-02-29T23:14:00+00:00,1932-02-29T23:44:00+00:00,Hamburg,101,4350,3398,4047,1932-02-29T22:25:28+00:00,1932-02-29T23:25:18+00:00,1932-02-29T23:14:00+00:00,1932-02-29T23:25:18+00:00,678.000,0.28706205,0.02267418,0.28706205,1,1,A,123650,32.000000,B_GT30_LE60MIN,32.000000,B_GT30_LE60MIN,"Dr. Remeis-Observatory, Bamberg, Germany",Dr. Remeis-Observatory,10.8881,49.8845,1,Astrograph,,"Hamburg-Bergedorf, Germany",Hamburger Sternwarte,53.482,10.242,1,Lippert-Astrograph,,True,5893.545115,GE100KM,True,True,True,1,A,123650,80944,32.000000,B_GT30_LE60MIN,49.8845,10.8881,10.242,53.482,10.88810000,49.88450000,10.24200000,53.48200000,SWAP,NORMAL,402.491931,GE100KM,True,True,True
APPLAUSE:127130 | APPLAUSE:5531,Bamberg,208,127130,84411,109197,1934-04-03T19:28:00+00:00,1934-04-03T19:58:00+00:00,Hamburg,101,5531,4048,4752,1934-04-03T19:47:15+00:00,1934-04-03T19:47:25+00:00,1934-04-03T19:47:15+00:00,1934-04-03T19:47:25+00:00,10.000,0.02700713,1.00000000,1.00000000,84,84,B,5562,32.750000,B_GT30_LE60MIN,32.750000,B_GT30_LE60MIN,"Dr. Remeis-Observatory, Bamberg, Germany",Dr. Remeis-Observatory,10.8881,49.8845,1,Astrograph,,"Hamburg-Bergedorf, Germany",Hamburger Sternwarte,53.482,10.242,41,Lippert-Astrograph,,True,5893.545115,GE100KM,True,True,True,84,B,5562,4049,32.750000,B_GT30_LE60MIN,49.8845,10.8881,10.242,53.482,10.88810000,49.88450000,10.24200000,53.48200000,SWAP,NORMAL,402.491931,GE100KM,True,True,True
APPLAUSE:129084 | APPLAUSE:7401,Bamberg,208,129084,86354,111074,1937-05-01T22:38:00+00:00,1937-05-01T23:08:00+00:00,Hamburg,101,7401,4650,5574,1937-05-01T22:48:18+00:00,1937-05-01T23:18:13+00:00,1937-05-01T22:48:18+00:00,1937-05-01T23:08:00+00:00,1182.000,0.02128635,1.00000000,1.00000000,1,1,A,129074,33.000000,B_GT30_LE60MIN,33.000000,B_GT30_LE60MIN,"Dr. Remeis-Observatory, Bamberg, Germany",Dr. Remeis-Observatory,10.8881,49.8845,1,Astrograph,,"Hamburg-Bergedorf, Germany",Hamburger Sternwarte,53.482,10.242,1,Lippert-Astrograph,,True,5893.545115,GE100KM,True,True,True,1,A,129074,86344,33.000000,B_GT30_LE60MIN,49.8845,10.8881,10.242,53.482,10.88810000,49.88450000,10.24200000,53.48200000,SWAP,NORMAL,402.491931,GE100KM,True,True,True
APPLAUSE:127130 | APPLAUSE:5530,Bamberg,208,127130,84411,109197,1934-04-03T19:28:00+00:00,1934-04-03T19:58:00+00:00,Hamburg,101,5530,4048,4752,1934-04-03T19:46:16+00:00,1934-04-03T19:46:26+00:00,1934-04-03T19:46:16+00:00,1934-04-03T19:46:26+00:00,10.000,0.02700713,1.00000000,1.00000000,83,83,B,5562,33.733333,B_GT30_LE60MIN,33.733333,B_GT30_LE60MIN,"Dr. Remeis-Observatory, Bamberg, Germany",Dr. Remeis-Observatory,10.8881,49.8845,1,Astrograph,,"Hamburg-Bergedorf, Germany",Hamburger Sternwarte,53.482,10.242,41,Lippert-Astrograph,,True,5893.545115,GE100KM,True,True,True,83,B,5562,4049,33.733333,B_GT30_LE60MIN,49.8845,10.8881,10.242,53.482,10.88810000,49.88450000,10.24200000,53.48200000,SWAP,NORMAL,402.491931,GE100KM,True,True,True
APPLAUSE:131192 | APPLAUSE:10665,Bamberg,208,131192,88289,112913,1949-10-22T17:48:00+00:00,1949-10-22T18:48:00+00:00,Hamburg,101,10665,6603,8593,1949-10-22T17:50:43+00:00,1949-10-22T17:51:43+00:00,1949-10-22T17:50:43+00:00,1949-10-22T17:51:43+00:00,60.000,0.00963912,1.00000000,1.00000000,13,13,B,10672,33.900000,B_GT30_LE60MIN,33.900000,B_GT30_LE60MIN,"Dr. Remeis-Observatory, Bamberg, Germany",Dr. Remeis-Observatory,10.8881,49.8845,1,Astrograph,,"Hamburg-Bergedorf, Germany",Hamburger Sternwarte,53.482,10.242,7,Lippert-Astrograph,,True,5893.545115,GE100KM,True,True,True,13,B,10672,6604,33.900000,B_GT30_LE60MIN,49.8845,10.8881,10.242,53.482,10.88810000,49.88450000,10.24200000,53.48200000,SWAP,NORMAL,402.491931,GE100KM,True,True,True
APPLAUSE:132855 | APPLAUSE:90634,Bamberg,208,132855,89736,114270,1957-07-05T23:15:00+00:00,1957-07-05T23:35:00+00:00,Hamburg,106,90634,60445,66853,1957-07-05T23:00:33+00:00,1957-07-05T23:25:29+00:00,1957-07-05T23:15:00+00:00,1957-07-05T23:25:29+00:00,629.000,0.45856465,0.10254970,0.45856465,2,2,A,132865,34.000000,B_GT30_LE60MIN,34.000000,B_GT30_LE60MIN,"Dr. Remeis-Observatory, Bamberg, Germany",Dr. Remeis-Observatory,10.8881,49.8845,4,Astrograph,,"Hamburg-Bergedorf, Germany",Hamburger Sternwarte,53.482,10.242,1,AG-Astrograph,,True,5893.545115,GE100KM,True,True,True,2,A,132865,89739,34.000000,B_GT30_LE60MIN,49.8845,10.8881,10.242,53.482,10.88810000,49.88450000,10.24200000,53.48200000,SWAP,NORMAL,402.491931,GE100KM,True,True,True
APPLAUSE:127130 | APPLAUSE:5529,Bamberg,208,127130,84411,109197,1934-04-03T19:28:00+00:00,1934-04-03T19:58:00+00:00,Hamburg,101,5529,4048,4752,1934-04-03T19:45:16+00:00,1934-04-03T19:45:26+00:00,1934-04-03T19:45:16+00:00,1934-04-03T19:45:26+00:00,10.000,0.02700713,1.00000000,1.00000000,82,82,B,5562,34.733333,B_GT30_LE60MIN,34.733333,B_GT30_LE60MIN,"Dr. Remeis-Observatory, Bamberg, Germany",Dr. Remeis-Observatory,10.8881,49.8845,1,Astrograph,,"Hamburg-Bergedorf, Germany",Hamburger Sternwarte,53.482,10.242,41,Lippert-Astrograph,,True,5893.545115,GE100KM,True,True,True,82,B,5562,4049,34.733333,B_GT30_LE60MIN,49.8845,10.8881,10.242,53.482,10.88810000,49.88450000,10.24200000,53.48200000,SWAP,NORMAL,402.491931,GE100KM,True,True,True
APPLAUSE:127130 | APPLAUSE:5528,Bamberg,208,127130,84411,109197,1934-04-03T19:28:00+00:00,1934-04-03T19:58:00+00:00,Hamburg,101,5528,4048,4752,1934-04-03T19:44:16+00:00,1934-04-03T19:44:26+00:00,1934-04-03T19:44:16+00:00,1934-04-03T19:44:26+00:00,10.000,0.02700713,1.00000000,1.00000000,81,81,B,5562,35.733333,B_GT30_LE60MIN,35.733333,B_GT30_LE60MIN,"Dr. Remeis-Observatory, Bamberg, Germany",Dr. Remeis-Observatory,10.8881,49.8845,1,Astrograph,,"Hamburg-Bergedorf, Germany",Hamburger Sternwarte,53.482,10.242,41,Lippert-Astrograph,,True,5893.545115,GE100KM,True,True,True,81,B,5562,4049,35.733333,B_GT30_LE60MIN,49.8845,10.8881,10.242,53.482,10.88810000,49.88450000,10.24200000,53.48200000,SWAP,NORMAL,402.491931,GE100KM,True,True,True
APPLAUSE:128544 | APPLAUSE:6928,Bamberg,208,128544,85816,110552,1936-03-20T22:47:00+00:00,1936-03-20T23:17:00+00:00,Hamburg,101,6928,4428,5218,1936-03-20T22:50:56+00:00,1936-03-20T22:54:55+00:00,1936-03-20T22:50:56+00:00,1936-03-20T22:54:55+00:00,239.000,0.01252079,1.00000000,1.00000000,17,17,B,6921,35.916667,B_GT30_LE60MIN,35.916667,B_GT30_LE60MIN,"Dr. Remeis-Observatory, Bamberg, Germany",Dr. Remeis-Observatory,10.8881,49.8845,1,Astrograph,,"Hamburg-Bergedorf, Germany",Hamburger Sternwarte,53.482,10.242,10,Lippert-Astrograph,,True,5893.545115,GE100KM,True,True,True,17,B,6921,4427,35.916667,B_GT30_LE60MIN,49.8845,10.8881,10.242,53.482,10.88810000,49.88450000,10.24200000,53.48200000,SWAP,NORMAL,402.491931,GE100KM,True,True,True
APPLAUSE:128554 | APPLAUSE:6928,Bamberg,208,128554,85826,110562,1936-03-20T22:47:00+00:00,1936-03-20T23:17:00+00:00,Hamburg,101,6928,4428,5218,1936-03-20T22:50:56+00:00,1936-03-20T22:54:55+00:00,1936-03-20T22:50:56+00:00,1936-03-20T22:54:55+00:00,239.000,0.00997623,1.00000000,1.00000000,17,17,B,6921,35.916667,B_GT30_LE60MIN,35.916667,B_GT30_LE60MIN,"Dr. Remeis-Observatory, Bamberg, Germany",Dr. Remeis-Observatory,10.8881,49.8845,1,Astrograph,,"Hamburg-Bergedorf, Germany",Hamburger Sternwarte,53.482,10.242,10,Lippert-Astrograph,,True,5893.545115,GE100KM,True,True,True,17,B,6921,4427,35.916667,B_GT30_LE60MIN,49.8845,10.8881,10.242,53.482,10.88810000,49.88450000,10.24200000,53.48200000,SWAP,NORMAL,402.491931,GE100KM,True,True,True
APPLAUSE:127130 | APPLAUSE:5527,Bamberg,208,127130,84411,109197,1934-04-03T19:28:00+00:00,1934-04-03T19:58:00+00:00,Hamburg,101,5527,4048,4752,1934-04-03T19:43:16+00:00,1934-04-03T19:43:26+00:00,1934-04-03T19:43:16+00:00,1934-04-03T19:43:26+00:00,10.000,0.02700713,1.00000000,1.00000000,80,80,B,5562,36.733333,B_GT30_LE60MIN,36.733333,B_GT30_LE60MIN,"Dr. Remeis-Observatory, Bamberg, Germany",Dr. Remeis-Observatory,10.8881,49.8845,1,Astrograph,,"Hamburg-Bergedorf, Germany",Hamburger Sternwarte,53.482,10.242,41,Lippert-Astrograph,,True,5893.545115,GE100KM,True,True,True,80,B,5562,4049,36.733333,B_GT30_LE60MIN,49.8845,10.8881,10.242,53.482,10.88810000,49.88450000,10.24200000,53.48200000,SWAP,NORMAL,402.491931,GE100KM,True,True,True
APPLAUSE:135653 | APPLAUSE:42746,Bamberg,208,135653,92523,117053,1960-03-24T21:07:00+00:00,1960-03-24T22:07:00+00:00,Hamburg,102,42746,10552,13131,1960-03-24T21:39:37+00:00,1960-03-24T21:49:35+00:00,1960-03-24T21:39:37+00:00,1960-03-24T21:49:35+00:00,598.000,0.34372225,0.93556450,0.93556450,2,2,B,42745,36.900000,B_GT30_LE60MIN,36.900000,B_GT30_LE60MIN,"Dr. Remeis-Observatory, Bamberg, Germany",Dr. Remeis-Observatory,10.8881,49.8845,1,Astrograph,,"Hamburg-Bergedorf, Germany",Hamburger Sternwarte,53.482,10.242,1,Grosser Schmidt-Spiegel,,True,5893.545115,GE100KM,True,True,True,2,B,42745,10551,36.900000,B_GT30_LE60MIN,49.8845,10.8881,10.242,53.482,10.88810000,49.88450000,10.24200000,53.48200000,SWAP,NORMAL,402.491931,GE100KM,True,True,True
APPLAUSE:135654 | APPLAUSE:42746,Bamberg,208,135654,92524,117054,1960-03-24T21:07:00+00:00,1960-03-24T22:07:00+00:00,Hamburg,102,42746,10552,13131,1960-03-24T21:39:37+00:00,1960-03-24T21:49:35+00:00,1960-03-24T21:39:37+00:00,1960-03-24T21:49:35+00:00,598.000,0.05083574,0.31073952,0.31073952,2,2,B,42745,36.900000,B_GT30_LE60MIN,36.900000,B_GT30_LE60MIN,"Dr. Remeis-Observatory, Bamberg, Germany",Dr. Remeis-Observatory,10.8881,49.8845,1,Astrograph,,"Hamburg-Bergedorf, Germany",Hamburger Sternwarte,53.482,10.242,1,Grosser Schmidt-Spiegel,,True,5893.545115,GE100KM,True,True,True,2,B,42745,10551,36.900000,B_GT30_LE60MIN,49.8845,10.8881,10.242,53.482,10.88810000,49.88450000,10.24200000,53.48200000,SWAP,NORMAL,402.491931,GE100KM,True,True,True
APPLAUSE:128968 | APPLAUSE:7287,Bamberg,208,128968,86238,110962,1937-03-11T01:56:00+00:00,1937-03-11T02:26:00+00:00,Hamburg,101,7287,4611,5517,1937-03-11T02:00:47+00:00,1937-03-11T02:03:46+00:00,1937-03-11T02:00:47+00:00,1937-03-11T02:03:46+00:00,179.000,0.01229632,1.00000000,1.00000000,17,17,B,7281,36.900000,B_GT30_LE60MIN,36.900000,B_GT30_LE60MIN,"Dr. Remeis-Observatory, Bamberg, Germany",Dr. Remeis-Observatory,10.8881,49.8845,1,Astrograph,,"Hamburg-Bergedorf, Germany",Hamburger Sternwarte,53.482,10.242,11,Lippert-Astrograph,,True,5893.545115,GE100KM,True,True,True,17,B,7281,4610,36.900000,B_GT30_LE60MIN,49.8845,10.8881,10.242,53.482,10.88810000,49.88450000,10.24200000,53.48200000,SWAP,NORMAL,402.491931,GE100KM,True,True,True
APPLAUSE:127130 | APPLAUSE:5526,Bamberg,208,127130,84411,109197,1934-04-03T19:28:00+00:00,1934-04-03T19:58:00+00:00,Hamburg,101,5526,4048,4752,1934-04-03T19:42:16+00:00,1934-04-03T19:42:26+00:00,1934-04-03T19:42:16+00:00,1934-04-03T19:42:26+00:00,10.000,0.02700713,1.00000000,1.00000000,79,79,B,5562,37.733333,B_GT30_LE60MIN,37.733333,B_GT30_LE60MIN,"Dr. Remeis-Observatory, Bamberg, Germany",Dr. Remeis-Observatory,10.8881,49.8845,1,Astrograph,,"Hamburg-Bergedorf, Germany",Hamburger Sternwarte,53.482,10.242,41,Lippert-Astrograph,,True,5893.545115,GE100KM,True,True,True,79,B,5562,4049,37.733333,B_GT30_LE60MIN,49.8845,10.8881,10.242,53.482,10.88810000,49.88450000,10.24200000,53.48200000,SWAP,NORMAL,402.491931,GE100KM,True,True,True
APPLAUSE:127130 | APPLAUSE:5525,Bamberg,208,127130,84411,109197,1934-04-03T19:28:00+00:00,1934-04-03T19:58:00+00:00,Hamburg,101,5525,4048,4752,1934-04-03T19:41:16+00:00,1934-04-03T19:41:26+00:00,1934-04-03T19:41:16+00:00,1934-04-03T19:41:26+00:00,10.000,0.02700713,1.00000000,1.00000000,78,78,B,5562,38.733333,B_GT30_LE60MIN,38.733333,B_GT30_LE60MIN,"Dr. Remeis-Observatory, Bamberg, Germany",Dr. Remeis-Observatory,10.8881,49.8845,1,Astrograph,,"Hamburg-Bergedorf, Germany",Hamburger Sternwarte,53.482,10.242,41,Lippert-Astrograph,,True,5893.545115,GE100KM,True,True,True,78,B,5562,4049,38.733333,B_GT30_LE60MIN,49.8845,10.8881,10.242,53.482,10.88810000,49.88450000,10.24200000,53.48200000,SWAP,NORMAL,402.491931,GE100KM,True,True,True
APPLAUSE:129345 | APPLAUSE:7511,Bamberg,208,129345,86615,111335,1937-09-05T00:18:00+00:00,1937-09-05T00:48:00+00:00,Hamburg,101,7511,4759,5769,1937-09-05T00:25:16+00:00,1937-09-05T01:25:06+00:00,1937-09-05T00:25:16+00:00,1937-09-05T00:48:00+00:00,1364.000,0.00085980,0.01268944,0.01268944,1,1,B,7510,38.900000,B_GT30_LE60MIN,38.900000,B_GT30_LE60MIN,"Dr. Remeis-Observatory, Bamberg, Germany",Dr. Remeis-Observatory,10.8881,49.8845,1,Astrograph,,"Hamburg-Bergedorf, Germany",Hamburger Sternwarte,53.482,10.242,1,Lippert-Astrograph,,True,5893.545115,GE100KM,True,True,True,1,B,7510,4758,38.900000,B_GT30_LE60MIN,49.8845,10.8881,10.242,53.482,10.88810000,49.88450000,10.24200000,53.48200000,SWAP,NORMAL,402.491931,GE100KM,True,True,True
APPLAUSE:127130 | APPLAUSE:5524,Bamberg,208,127130,84411,109197,1934-04-03T19:28:00+00:00,1934-04-03T19:58:00+00:00,Hamburg,101,5524,4048,4752,1934-04-03T19:40:17+00:00,1934-04-03T19:40:27+00:00,1934-04-03T19:40:17+00:00,1934-04-03T19:40:27+00:00,10.000,0.02700713,1.00000000,1.00000000,77,77,B,5562,39.716667,B_GT30_LE60MIN,39.716667,B_GT30_LE60MIN,"Dr. Remeis-Observatory, Bamberg, Germany",Dr. Remeis-Observatory,10.8881,49.8845,1,Astrograph,,"Hamburg-Bergedorf, Germany",Hamburger Sternwarte,53.482,10.242,41,Lippert-Astrograph,,True,5893.545115,GE100KM,True,True,True,77,B,5562,4049,39.716667,B_GT30_LE60MIN,49.8845,10.8881,10.242,53.482,10.88810000,49.88450000,10.24200000,53.48200000,SWAP,NORMAL,402.491931,GE100KM,True,True,True
APPLAUSE:127130 | APPLAUSE:5523,Bamberg,208,127130,84411,109197,1934-04-03T19:28:00+00:00,1934-04-03T19:58:00+00:00,Hamburg,101,5523,4048,4752,1934-04-03T19:39:17+00:00,1934-04-03T19:39:27+00:00,1934-04-03T19:39:17+00:00,1934-04-03T19:39:27+00:00,10.000,0.02700713,1.00000000,1.00000000,76,76,B,5562,40.716667,B_GT30_LE60MIN,40.716667,B_GT30_LE60MIN,"Dr. Remeis-Observatory, Bamberg, Germany",Dr. Remeis-Observatory,10.8881,49.8845,1,Astrograph,,"Hamburg-Bergedorf, Germany",Hamburger Sternwarte,53.482,10.242,41,Lippert-Astrograph,,True,5893.545115,GE100KM,True,True,True,76,B,5562,4049,40.716667,B_GT30_LE60MIN,49.8845,10.8881,10.242,53.482,10.88810000,49.88450000,10.24200000,53.48200000,SWAP,NORMAL,402.491931,GE100KM,True,True,True
APPLAUSE:128544 | APPLAUSE:6929,Bamberg,208,128544,85816,110552,1936-03-20T22:47:00+00:00,1936-03-20T23:17:00+00:00,Hamburg,101,6929,4428,5218,1936-03-20T22:55:55+00:00,1936-03-20T22:59:54+00:00,1936-03-20T22:55:55+00:00,1936-03-20T22:59:54+00:00,239.000,0.01252079,1.00000000,1.00000000,16,16,B,6921,40.900000,B_GT30_LE60MIN,40.900000,B_GT30_LE60MIN,"Dr. Remeis-Observatory, Bamberg, Germany",Dr. Remeis-Observatory,10.8881,49.8845,1,Astrograph,,"Hamburg-Bergedorf, Germany",Hamburger Sternwarte,53.482,10.242,10,Lippert-Astrograph,,True,5893.545115,GE100KM,True,True,True,16,B,6921,4427,40.900000,B_GT30_LE60MIN,49.8845,10.8881,10.242,53.482,10.88810000,49.88450000,10.24200000,53.48200000,SWAP,NORMAL,402.491931,GE100KM,True,True,True
APPLAUSE:128554 | APPLAUSE:6929,Bamberg,208,128554,85826,110562,1936-03-20T22:47:00+00:00,1936-03-20T23:17:00+00:00,Hamburg,101,6929,4428,5218,1936-03-20T22:55:55+00:00,1936-03-20T22:59:54+00:00,1936-03-20T22:55:55+00:00,1936-03-20T22:59:54+00:00,239.000,0.00997623,1.00000000,1.00000000,16,16,B,6921,40.900000,B_GT30_LE60MIN,40.900000,B_GT30_LE60MIN,"Dr. Remeis-Observatory, Bamberg, Germany",Dr. Remeis-Observatory,10.8881,49.8845,1,Astrograph,,"Hamburg-Bergedorf, Germany",Hamburger Sternwarte,53.482,10.242,10,Lippert-Astrograph,,True,5893.545115,GE100KM,True,True,True,16,B,6921,4427,40.900000,B_GT30_LE60MIN,49.8845,10.8881,10.242,53.482,10.88810000,49.88450000,10.24200000,53.48200000,SWAP,NORMAL,402.491931,GE100KM,True,True,True
APPLAUSE:132452 | APPLAUSE:139439,Bamberg,208,132452,89378,113915,1953-08-12T21:08:00+00:00,1953-08-12T22:08:00+00:00,Castel Gandolfo,501,139439,96309,120794,1953-08-12T21:12:00+00:00,1953-08-12T21:57:00+00:00,1953-08-12T21:12:00+00:00,1953-08-12T21:57:00+00:00,2700.000,0.00415053,0.21243556,0.21243556,2,2,B,139437,41.000000,B_GT30_LE60MIN,41.000000,B_GT30_LE60MIN,"Dr. Remeis-Observatory, Bamberg, Germany",Dr. Remeis-Observatory,10.8881,49.8845,1,Astrograph,,"Castel Gandolfo, Italy",Vatican Observatory,41.7472,12.6505,1,Zeiss Double Astrograph,,True,4985.847062,GE100KM,True,True,True,2,B,139437,96307,41.000000,B_GT30_LE60MIN,49.8845,10.8881,12.6505,41.7472,10.88810000,49.88450000,12.65050000,41.74720000,SWAP,NORMAL,915.006406,GE100KM,True,True,True
APPLAUSE:127130 | APPLAUSE:5522,Bamberg,208,127130,84411,109197,1934-04-03T19:28:00+00:00,1934-04-03T19:58:00+00:00,Hamburg,101,5522,4048,4752,1934-04-03T19:38:17+00:00,1934-04-03T19:38:27+00:00,1934-04-03T19:38:17+00:00,1934-04-03T19:38:27+00:00,10.000,0.02700713,1.00000000,1.00000000,75,75,B,5562,41.716667,B_GT30_LE60MIN,41.716667,B_GT30_LE60MIN,"Dr. Remeis-Observatory, Bamberg, Germany",Dr. Remeis-Observatory,10.8881,49.8845,1,Astrograph,,"Hamburg-Bergedorf, Germany",Hamburger Sternwarte,53.482,10.242,41,Lippert-Astrograph,,True,5893.545115,GE100KM,True,True,True,75,B,5562,4049,41.716667,B_GT30_LE60MIN,49.8845,10.8881,10.242,53.482,10.88810000,49.88450000,10.24200000,53.48200000,SWAP,NORMAL,402.491931,GE100KM,True,True,True
APPLAUSE:128968 | APPLAUSE:7288,Bamberg,208,128968,86238,110962,1937-03-11T01:56:00+00:00,1937-03-11T02:26:00+00:00,Hamburg,101,7288,4611,5517,1937-03-11T02:05:46+00:00,1937-03-11T02:08:46+00:00,1937-03-11T02:05:46+00:00,1937-03-11T02:08:46+00:00,180.000,0.01229632,1.00000000,1.00000000,16,16,B,7281,41.883333,B_GT30_LE60MIN,41.883333,B_GT30_LE60MIN,"Dr. Remeis-Observatory, Bamberg, Germany",Dr. Remeis-Observatory,10.8881,49.8845,1,Astrograph,,"Hamburg-Bergedorf, Germany",Hamburger Sternwarte,53.482,10.242,11,Lippert-Astrograph,,True,5893.545115,GE100KM,True,True,True,16,B,7281,4610,41.883333,B_GT30_LE60MIN,49.8845,10.8881,10.242,53.482,10.88810000,49.88450000,10.24200000,53.48200000,SWAP,NORMAL,402.491931,GE100KM,True,True,True
APPLAUSE:127130 | APPLAUSE:5521,Bamberg,208,127130,84411,109197,1934-04-03T19:28:00+00:00,1934-04-03T19:58:00+00:00,Hamburg,101,5521,4048,4752,1934-04-03T19:37:17+00:00,1934-04-03T19:37:27+00:00,1934-04-03T19:37:17+00:00,1934-04-03T19:37:27+00:00,10.000,0.02700713,1.00000000,1.00000000,74,74,B,5562,42.716667,B_GT30_LE60MIN,42.716667,B_GT30_LE60MIN,"Dr. Remeis-Observatory, Bamberg, Germany",Dr. Remeis-Observatory,10.8881,49.8845,1,Astrograph,,"Hamburg-Bergedorf, Germany",Hamburger Sternwarte,53.482,10.242,41,Lippert-Astrograph,,True,5893.545115,GE100KM,True,True,True,74,B,5562,4049,42.716667,B_GT30_LE60MIN,49.8845,10.8881,10.242,53.482,10.88810000,49.88450000,10.24200000,53.48200000,SWAP,NORMAL,402.491931,GE100KM,True,True,True
APPLAUSE:130860 | APPLAUSE:8463,Bamberg,208,130860,88035,112705,1939-09-08T21:04:00+00:00,1939-09-08T21:34:00+00:00,Hamburg,101,8463,5339,6596,1939-09-08T21:00:58+00:00,1939-09-08T21:25:54+00:00,1939-09-08T21:04:00+00:00,1939-09-08T21:25:54+00:00,1314.000,1.00000000,0.02805116,1.00000000,1,1,B,8465,42.883333,B_GT30_LE60MIN,42.883333,B_GT30_LE60MIN,"Dr. Remeis-Observatory, Bamberg, Germany",Dr. Remeis-Observatory,10.8881,49.8845,1,Astrograph,,"Hamburg-Bergedorf, Germany",Hamburger Sternwarte,53.482,10.242,1,Lippert-Astrograph,,True,5893.545115,GE100KM,True,True,True,1,B,8465,5341,42.883333,B_GT30_LE60MIN,49.8845,10.8881,10.242,53.482,10.88810000,49.88450000,10.24200000,53.48200000,SWAP,NORMAL,402.491931,GE100KM,True,True,True
APPLAUSE:128544 | APPLAUSE:6930,Bamberg,208,128544,85816,110552,1936-03-20T22:47:00+00:00,1936-03-20T23:17:00+00:00,Hamburg,101,6930,4428,5218,1936-03-20T23:00:54+00:00,1936-03-20T23:04:53+00:00,1936-03-20T23:00:54+00:00,1936-03-20T23:04:53+00:00,239.000,0.01252079,1.00000000,1.00000000,15,15,B,6921,45.883333,B_GT30_LE60MIN,45.883333,B_GT30_LE60MIN,"Dr. Remeis-Observatory, Bamberg, Germany",Dr. Remeis-Observatory,10.8881,49.8845,1,Astrograph,,"Hamburg-Bergedorf, Germany",Hamburger Sternwarte,53.482,10.242,10,Lippert-Astrograph,,True,5893.545115,GE100KM,True,True,True,15,B,6921,4427,45.883333,B_GT30_LE60MIN,49.8845,10.8881,10.242,53.482,10.88810000,49.88450000,10.24200000,53.48200000,SWAP,NORMAL,402.491931,GE100KM,True,True,True
APPLAUSE:128554 | APPLAUSE:6930,Bamberg,208,128554,85826,110562,1936-03-20T22:47:00+00:00,1936-03-20T23:17:00+00:00,Hamburg,101,6930,4428,5218,1936-03-20T23:00:54+00:00,1936-03-20T23:04:53+00:00,1936-03-20T23:00:54+00:00,1936-03-20T23:04:53+00:00,239.000,0.00997623,1.00000000,1.00000000,15,15,B,6921,45.883333,B_GT30_LE60MIN,45.883333,B_GT30_LE60MIN,"Dr. Remeis-Observatory, Bamberg, Germany",Dr. Remeis-Observatory,10.8881,49.8845,1,Astrograph,,"Hamburg-Bergedorf, Germany",Hamburger Sternwarte,53.482,10.242,10,Lippert-Astrograph,,True,5893.545115,GE100KM,True,True,True,15,B,6921,4427,45.883333,B_GT30_LE60MIN,49.8845,10.8881,10.242,53.482,10.88810000,49.88450000,10.24200000,53.48200000,SWAP,NORMAL,402.491931,GE100KM,True,True,True
APPLAUSE:128968 | APPLAUSE:7289,Bamberg,208,128968,86238,110962,1937-03-11T01:56:00+00:00,1937-03-11T02:26:00+00:00,Hamburg,101,7289,4611,5517,1937-03-11T02:10:45+00:00,1937-03-11T02:13:45+00:00,1937-03-11T02:10:45+00:00,1937-03-11T02:13:45+00:00,180.000,0.01229632,1.00000000,1.00000000,15,15,B,7281,46.866667,B_GT30_LE60MIN,46.866667,B_GT30_LE60MIN,"Dr. Remeis-Observatory, Bamberg, Germany",Dr. Remeis-Observatory,10.8881,49.8845,1,Astrograph,,"Hamburg-Bergedorf, Germany",Hamburger Sternwarte,53.482,10.242,11,Lippert-Astrograph,,True,5893.545115,GE100KM,True,True,True,15,B,7281,4610,46.866667,B_GT30_LE60MIN,49.8845,10.8881,10.242,53.482,10.88810000,49.88450000,10.24200000,53.48200000,SWAP,NORMAL,402.491931,GE100KM,True,True,True
APPLAUSE:128544 | APPLAUSE:6931,Bamberg,208,128544,85816,110552,1936-03-20T22:47:00+00:00,1936-03-20T23:17:00+00:00,Hamburg,101,6931,4428,5218,1936-03-20T23:05:53+00:00,1936-03-20T23:14:52+00:00,1936-03-20T23:05:53+00:00,1936-03-20T23:14:52+00:00,539.000,0.01252079,1.00000000,1.00000000,14,14,B,6921,50.866667,B_GT30_LE60MIN,50.866667,B_GT30_LE60MIN,"Dr. Remeis-Observatory, Bamberg, Germany",Dr. Remeis-Observatory,10.8881,49.8845,1,Astrograph,,"Hamburg-Bergedorf, Germany",Hamburger Sternwarte,53.482,10.242,10,Lippert-Astrograph,,True,5893.545115,GE100KM,True,True,True,14,B,6921,4427,50.866667,B_GT30_LE60MIN,49.8845,10.8881,10.242,53.482,10.88810000,49.88450000,10.24200000,53.48200000,SWAP,NORMAL,402.491931,GE100KM,True,True,True
APPLAUSE:128554 | APPLAUSE:6931,Bamberg,208,128554,85826,110562,1936-03-20T22:47:00+00:00,1936-03-20T23:17:00+00:00,Hamburg,101,6931,4428,5218,1936-03-20T23:05:53+00:00,1936-03-20T23:14:52+00:00,1936-03-20T23:05:53+00:00,1936-03-20T23:14:52+00:00,539.000,0.00997623,1.00000000,1.00000000,14,14,B,6921,50.866667,B_GT30_LE60MIN,50.866667,B_GT30_LE60MIN,"Dr. Remeis-Observatory, Bamberg, Germany",Dr. Remeis-Observatory,10.8881,49.8845,1,Astrograph,,"Hamburg-Bergedorf, Germany",Hamburger Sternwarte,53.482,10.242,10,Lippert-Astrograph,,True,5893.545115,GE100KM,True,True,True,14,B,6921,4427,50.866667,B_GT30_LE60MIN,49.8845,10.8881,10.242,53.482,10.88810000,49.88450000,10.24200000,53.48200000,SWAP,NORMAL,402.491931,GE100KM,True,True,True
APPLAUSE:128968 | APPLAUSE:7290,Bamberg,208,128968,86238,110962,1937-03-11T01:56:00+00:00,1937-03-11T02:26:00+00:00,Hamburg,101,7290,4611,5517,1937-03-11T02:15:44+00:00,1937-03-11T02:18:44+00:00,1937-03-11T02:15:44+00:00,1937-03-11T02:18:44+00:00,180.000,0.01229632,1.00000000,1.00000000,14,14,B,7281,51.850000,B_GT30_LE60MIN,51.850000,B_GT30_LE60MIN,"Dr. Remeis-Observatory, Bamberg, Germany",Dr. Remeis-Observatory,10.8881,49.8845,1,Astrograph,,"Hamburg-Bergedorf, Germany",Hamburger Sternwarte,53.482,10.242,11,Lippert-Astrograph,,True,5893.545115,GE100KM,True,True,True,14,B,7281,4610,51.850000,B_GT30_LE60MIN,49.8845,10.8881,10.242,53.482,10.88810000,49.88450000,10.24200000,53.48200000,SWAP,NORMAL,402.491931,GE100KM,True,True,True
APPLAUSE:129384 | APPLAUSE:7575,Bamberg,208,129384,86654,111373,1937-09-27T19:45:00+00:00,1937-09-27T20:15:00+00:00,Hamburg,101,7575,4793,5827,1937-09-27T20:13:16+00:00,1937-09-27T20:18:15+00:00,1937-09-27T20:13:16+00:00,1937-09-27T20:15:00+00:00,104.000,0.01172895,0.91394732,0.91394732,2,2,B,7573,54.850000,B_GT30_LE60MIN,54.850000,B_GT30_LE60MIN,"Dr. Remeis-Observatory, Bamberg, Germany",Dr. Remeis-Observatory,10.8881,49.8845,1,Astrograph,,"Hamburg-Bergedorf, Germany",Hamburger Sternwarte,53.482,10.242,1,Lippert-Astrograph,,True,5893.545115,GE100KM,True,True,True,2,B,7573,4791,54.850000,B_GT30_LE60MIN,49.8845,10.8881,10.242,53.482,10.88810000,49.88450000,10.24200000,53.48200000,SWAP,NORMAL,402.491931,GE100KM,True,True,True
APPLAUSE:129383 | APPLAUSE:7573,Bamberg,208,129383,86653,111372,1937-09-27T18:44:00+00:00,1937-09-27T19:14:00+00:00,Hamburg,101,7573,4791,5823,1937-09-27T19:13:26+00:00,1937-09-27T19:18:25+00:00,1937-09-27T19:13:26+00:00,1937-09-27T19:14:00+00:00,34.000,0.01267268,1.00000000,1.00000000,1,1,B,7575,54.850000,B_GT30_LE60MIN,54.850000,B_GT30_LE60MIN,"Dr. Remeis-Observatory, Bamberg, Germany",Dr. Remeis-Observatory,10.8881,49.8845,1,Astrograph,,"Hamburg-Bergedorf, Germany",Hamburger Sternwarte,53.482,10.242,1,Lippert-Astrograph,,True,5893.545115,GE100KM,True,True,True,1,B,7575,4793,54.850000,B_GT30_LE60MIN,49.8845,10.8881,10.242,53.482,10.88810000,49.88450000,10.24200000,53.48200000,SWAP,NORMAL,402.491931,GE100KM,True,True,True
APPLAUSE:131899 | APPLAUSE:13536,Bamberg,208,131899,88826,113378,1952-03-14T19:40:00+00:00,1952-03-14T20:35:00+00:00,Hamburg,101,13536,7273,9416,1952-03-14T20:26:29+00:00,1952-03-14T20:56:24+00:00,1952-03-14T20:26:29+00:00,1952-03-14T20:35:00+00:00,511.000,0.03675926,0.56894040,0.56894040,1,1,B,13535,56.850000,B_GT30_LE60MIN,56.850000,B_GT30_LE60MIN,"Dr. Remeis-Observatory, Bamberg, Germany",Dr. Remeis-Observatory,10.8881,49.8845,1,Astrograph,,"Hamburg-Bergedorf, Germany",Hamburger Sternwarte,53.482,10.242,1,Lippert-Astrograph,,True,5893.545115,GE100KM,True,True,True,1,B,13535,7272,56.850000,B_GT30_LE60MIN,49.8845,10.8881,10.242,53.482,10.88810000,49.88450000,10.24200000,53.48200000,SWAP,NORMAL,402.491931,GE100KM,True,True,True
APPLAUSE:128968 | APPLAUSE:7291,Bamberg,208,128968,86238,110962,1937-03-11T01:56:00+00:00,1937-03-11T02:26:00+00:00,Hamburg,101,7291,4611,5517,1937-03-11T02:20:44+00:00,1937-03-11T02:23:43+00:00,1937-03-11T02:20:44+00:00,1937-03-11T02:23:43+00:00,179.000,0.01229632,1.00000000,1.00000000,13,13,B,7281,56.850000,B_GT30_LE60MIN,56.850000,B_GT30_LE60MIN,"Dr. Remeis-Observatory, Bamberg, Germany",Dr. Remeis-Observatory,10.8881,49.8845,1,Astrograph,,"Hamburg-Bergedorf, Germany",Hamburger Sternwarte,53.482,10.242,11,Lippert-Astrograph,,True,5893.545115,GE100KM,True,True,True,13,B,7281,4610,56.850000,B_GT30_LE60MIN,49.8845,10.8881,10.242,53.482,10.88810000,49.88450000,10.24200000,53.48200000,SWAP,NORMAL,402.491931,GE100KM,True,True,True
APPLAUSE:131824 | APPLAUSE:12852,Bamberg,208,131824,88754,113311,1951-10-04T18:35:00+00:00,1951-10-04T19:33:00+00:00,Hamburg,101,12852,7107,9200,1951-10-04T18:42:27+00:00,1951-10-04T18:49:26+00:00,1951-10-04T18:42:27+00:00,1951-10-04T18:49:26+00:00,419.000,0.17960786,0.66605625,0.66605625,1,1,B,12857,59.850000,B_GT30_LE60MIN,59.850000,B_GT30_LE60MIN,"Dr. Remeis-Observatory, Bamberg, Germany",Dr. Remeis-Observatory,10.8881,49.8845,1,Astrograph,,"Hamburg-Bergedorf, Germany",Hamburger Sternwarte,53.482,10.242,1,Lippert-Astrograph,,True,5893.545115,GE100KM,True,True,True,1,B,12857,7112,59.850000,B_GT30_LE60MIN,49.8845,10.8881,10.242,53.482,10.88810000,49.88450000,10.24200000,53.48200000,SWAP,NORMAL,402.491931,GE100KM,True,True,True
APPLAUSE:123546 | APPLAUSE:4315,Bamberg,208,123546,80840,105764,1932-02-06T20:02:00+00:00,1932-02-06T20:32:00+00:00,Hamburg,101,4315,3363,4006,1932-02-06T17:45:24+00:00,1932-02-06T20:59:53+00:00,1932-02-06T20:02:00+00:00,1932-02-06T20:32:00+00:00,1800.000,1.00000000,0.08591813,1.00000000,4,4,A,123544,60.000000,B_GT30_LE60MIN,60.000000,B_GT30_LE60MIN,"Dr. Remeis-Observatory, Bamberg, Germany",Dr. Remeis-Observatory,10.8881,49.8845,1,Astrograph,,"Hamburg-Bergedorf, Germany",Hamburger Sternwarte,53.482,10.242,1,Lippert-Astrograph,,True,5893.545115,GE100KM,True,True,True,4,A,123544,80838,60.000000,B_GT30_LE60MIN,49.8845,10.8881,10.242,53.482,10.88810000,49.88450000,10.24200000,53.48200000,SWAP,NORMAL,402.491931,GE100KM,True,True,True
APPLAUSE:123566 | APPLAUSE:4315,Bamberg,208,123566,80860,105784,1932-02-06T20:02:00+00:00,1932-02-06T20:32:00+00:00,Hamburg,101,4315,3363,4006,1932-02-06T17:45:24+00:00,1932-02-06T20:59:53+00:00,1932-02-06T20:02:00+00:00,1932-02-06T20:32:00+00:00,1800.000,1.00000000,0.06201654,1.00000000,4,4,A,123544,60.000000,B_GT30_LE60MIN,60.000000,B_GT30_LE60MIN,"Dr. Remeis-Observatory, Bamberg, Germany",Dr. Remeis-Observatory,10.8881,49.8845,1,Astrograph,,"Hamburg-Bergedorf, Germany",Hamburger Sternwarte,53.482,10.242,1,Lippert-Astrograph,,True,5893.545115,GE100KM,True,True,True,4,A,123544,80838,60.000000,B_GT30_LE60MIN,49.8845,10.8881,10.242,53.482,10.88810000,49.88450000,10.24200000,53.48200000,SWAP,NORMAL,402.491931,GE100KM,True,True,True
APPLAUSE:131824 | APPLAUSE:12855,Bamberg,208,131824,88754,113311,1951-10-04T18:35:00+00:00,1951-10-04T19:33:00+00:00,Hamburg,101,12855,7110,9205,1951-10-04T19:25:20+00:00,1951-10-04T19:32:19+00:00,1951-10-04T19:25:20+00:00,1951-10-04T19:32:19+00:00,419.000,0.24640964,0.91875001,0.91875001,2,2,B,12860,60.850000,C_GT60_LE120MIN,60.850000,C_GT60_LE120MIN,"Dr. Remeis-Observatory, Bamberg, Germany",Dr. Remeis-Observatory,10.8881,49.8845,1,Astrograph,,"Hamburg-Bergedorf, Germany",Hamburger Sternwarte,53.482,10.242,1,Lippert-Astrograph,,True,5893.545115,GE100KM,True,True,True,2,B,12860,7115,60.850000,C_GT60_LE120MIN,49.8845,10.8881,10.242,53.482,10.88810000,49.88450000,10.24200000,53.48200000,SWAP,NORMAL,402.491931,GE100KM,True,True,True
APPLAUSE:132654 | APPLAUSE:14120,Bamberg,208,132654,89580,114116,1953-12-02T20:26:00+00:00,1953-12-02T21:26:00+00:00,Hamburg,101,14120,7685,9999,1953-12-02T20:46:29+00:00,1953-12-02T20:51:28+00:00,1953-12-02T20:46:29+00:00,1953-12-02T20:51:28+00:00,299.000,0.17003462,0.64216043,0.64216043,1,1,B,14122,61.833333,C_GT60_LE120MIN,61.833333,C_GT60_LE120MIN,"Dr. Remeis-Observatory, Bamberg, Germany",Dr. Remeis-Observatory,10.8881,49.8845,1,Astrograph,,"Hamburg-Bergedorf, Germany",Hamburger Sternwarte,53.482,10.242,1,Lippert-Astrograph,,True,5893.545115,GE100KM,True,True,True,1,B,14122,7687,61.833333,C_GT60_LE120MIN,49.8845,10.8881,10.242,53.482,10.88810000,49.88450000,10.24200000,53.48200000,SWAP,NORMAL,402.491931,GE100KM,True,True,True
APPLAUSE:125535 | APPLAUSE:4914,Bamberg,208,125535,82829,107650,1933-03-27T23:30:00+00:00,1933-03-28T00:00:00+00:00,Hamburg,101,4914,3807,4544,1933-03-27T20:43:45+00:00,1933-03-28T00:49:05+00:00,1933-03-27T23:30:00+00:00,1933-03-28T00:00:00+00:00,1800.000,0.99998010,0.08206784,0.99998010,1,1,A,125588,62.000000,C_GT60_LE120MIN,62.000000,C_GT60_LE120MIN,"Dr. Remeis-Observatory, Bamberg, Germany",Dr. Remeis-Observatory,10.8881,49.8845,1,Astrograph,,"Hamburg-Bergedorf, Germany",Hamburger Sternwarte,53.482,10.242,1,Lippert-Astrograph,,True,5893.545115,GE100KM,True,True,True,1,A,125588,82882,62.000000,C_GT60_LE120MIN,49.8845,10.8881,10.242,53.482,10.88810000,49.88450000,10.24200000,53.48200000,SWAP,NORMAL,402.491931,GE100KM,True,True,True
APPLAUSE:125590 | APPLAUSE:4914,Bamberg,208,125590,82884,107705,1933-03-27T23:30:00+00:00,1933-03-28T00:00:00+00:00,Hamburg,101,4914,3807,4544,1933-03-27T20:43:45+00:00,1933-03-28T00:49:05+00:00,1933-03-27T23:30:00+00:00,1933-03-28T00:00:00+00:00,1800.000,1.00000000,0.06319178,1.00000000,1,1,A,125588,62.000000,C_GT60_LE120MIN,62.000000,C_GT60_LE120MIN,"Dr. Remeis-Observatory, Bamberg, Germany",Dr. Remeis-Observatory,10.8881,49.8845,1,Astrograph,,"Hamburg-Bergedorf, Germany",Hamburger Sternwarte,53.482,10.242,1,Lippert-Astrograph,,True,5893.545115,GE100KM,True,True,True,1,A,125588,82882,62.000000,C_GT60_LE120MIN,49.8845,10.8881,10.242,53.482,10.88810000,49.88450000,10.24200000,53.48200000,SWAP,NORMAL,402.491931,GE100KM,True,True,True
APPLAUSE:125588 | APPLAUSE:4914,Bamberg,208,125588,82882,107703,1933-03-27T21:59:00+00:00,1933-03-27T22:28:00+00:00,Hamburg,101,4914,3807,4544,1933-03-27T20:43:45+00:00,1933-03-28T00:49:05+00:00,1933-03-27T21:59:00+00:00,1933-03-27T22:28:00+00:00,1740.000,1.00000000,0.06242072,1.00000000,2,2,A,125535,62.000000,C_GT60_LE120MIN,62.000000,C_GT60_LE120MIN,"Dr. Remeis-Observatory, Bamberg, Germany",Dr. Remeis-Observatory,10.8881,49.8845,1,Astrograph,,"Hamburg-Bergedorf, Germany",Hamburger Sternwarte,53.482,10.242,1,Lippert-Astrograph,,True,5893.545115,GE100KM,True,True,True,2,A,125535,82829,62.000000,C_GT60_LE120MIN,49.8845,10.8881,10.242,53.482,10.88810000,49.88450000,10.24200000,53.48200000,SWAP,NORMAL,402.491931,GE100KM,True,True,True
APPLAUSE:131824 | APPLAUSE:12853,Bamberg,208,131824,88754,113311,1951-10-04T18:35:00+00:00,1951-10-04T19:33:00+00:00,Hamburg,101,12853,7108,9201,1951-10-04T18:53:26+00:00,1951-10-04T19:00:24+00:00,1951-10-04T18:53:26+00:00,1951-10-04T19:00:24+00:00,418.000,0.05239900,0.19613974,0.19613974,1,1,B,12858,62.833333,C_GT60_LE120MIN,62.833333,C_GT60_LE120MIN,"Dr. Remeis-Observatory, Bamberg, Germany",Dr. Remeis-Observatory,10.8881,49.8845,1,Astrograph,,"Hamburg-Bergedorf, Germany",Hamburger Sternwarte,53.482,10.242,1,Lippert-Astrograph,,True,5893.545115,GE100KM,True,True,True,1,B,12858,7113,62.833333,C_GT60_LE120MIN,49.8845,10.8881,10.242,53.482,10.88810000,49.88450000,10.24200000,53.48200000,SWAP,NORMAL,402.491931,GE100KM,True,True,True
APPLAUSE:129429 | APPLAUSE:7647,Bamberg,208,129429,86699,111418,1937-10-28T21:25:00+00:00,1937-10-28T21:55:00+00:00,Hamburg,101,7647,4837,5913,1937-10-28T20:57:56+00:00,1937-10-28T21:57:46+00:00,1937-10-28T21:25:00+00:00,1937-10-28T21:55:00+00:00,1800.000,0.48307954,0.04088459,0.48307954,1,1,A,129440,63.000000,C_GT60_LE120MIN,63.000000,C_GT60_LE120MIN,"Dr. Remeis-Observatory, Bamberg, Germany",Dr. Remeis-Observatory,10.8881,49.8845,1,Astrograph,,"Hamburg-Bergedorf, Germany",Hamburger Sternwarte,53.482,10.242,1,Lippert-Astrograph,,True,5893.545115,GE100KM,True,True,True,1,A,129440,86710,63.000000,C_GT60_LE120MIN,49.8845,10.8881,10.242,53.482,10.88810000,49.88450000,10.24200000,53.48200000,SWAP,NORMAL,402.491931,GE100KM,True,True,True
APPLAUSE:132452 | APPLAUSE:13880,Bamberg,208,132452,89378,113915,1953-08-12T21:08:00+00:00,1953-08-12T22:08:00+00:00,Hamburg,101,13880,7540,9725,1953-08-12T21:06:00+00:00,1953-08-12T21:45:53+00:00,1953-08-12T21:08:00+00:00,1953-08-12T21:45:53+00:00,2273.000,0.43732155,0.02766944,0.43732155,2,2,B,13881,68.816667,C_GT60_LE120MIN,68.816667,C_GT60_LE120MIN,"Dr. Remeis-Observatory, Bamberg, Germany",Dr. Remeis-Observatory,10.8881,49.8845,1,Astrograph,,"Hamburg-Bergedorf, Germany",Hamburger Sternwarte,53.482,10.242,1,Lippert-Astrograph,,True,5893.545115,GE100KM,True,True,True,2,B,13881,7541,68.816667,C_GT60_LE120MIN,49.8845,10.8881,10.242,53.482,10.88810000,49.88450000,10.24200000,53.48200000,SWAP,NORMAL,402.491931,GE100KM,True,True,True
APPLAUSE:131943 | APPLAUSE:13567,Bamberg,208,131943,88870,113422,1952-04-18T22:55:00+00:00,1952-04-18T23:54:00+00:00,Hamburg,101,13567,7304,9457,1952-04-18T23:09:03+00:00,1952-04-18T23:38:58+00:00,1952-04-18T23:09:03+00:00,1952-04-18T23:38:58+00:00,1795.000,0.00179047,1.00000000,1.00000000,1,1,A,131934,70.000000,C_GT60_LE120MIN,70.000000,C_GT60_LE120MIN,"Dr. Remeis-Observatory, Bamberg, Germany",Dr. Remeis-Observatory,10.8881,49.8845,1,Astrograph,,"Hamburg-Bergedorf, Germany",Hamburger Sternwarte,53.482,10.242,1,Lippert-Astrograph,,True,5893.545115,GE100KM,True,True,True,1,A,131934,88861,70.000000,C_GT60_LE120MIN,49.8845,10.8881,10.242,53.482,10.88810000,49.88450000,10.24200000,53.48200000,SWAP,NORMAL,402.491931,GE100KM,True,True,True
APPLAUSE:139495 | APPLAUSE:13937,Castel Gandolfo,501,139495,96365,120850,1953-09-08T20:45:00+00:00,1953-09-08T21:15:00+00:00,Hamburg,101,13937,7587,9807,1953-09-08T21:08:32+00:00,1953-09-08T21:23:30+00:00,1953-09-08T21:08:32+00:00,1953-09-08T21:15:00+00:00,388.000,0.35906211,0.33368156,0.35906211,1,1,A,139492,71.000000,C_GT60_LE120MIN,71.000000,C_GT60_LE120MIN,"Castel Gandolfo, Italy",Vatican Observatory,41.7472,12.6505,1,Zeiss Double Astrograph,,"Hamburg-Bergedorf, Germany",Hamburger Sternwarte,53.482,10.242,2,Lippert-Astrograph,,True,1317.081595,GE100KM,True,True,True,1,A,139492,96362,71.000000,C_GT60_LE120MIN,12.6505,41.7472,10.242,53.482,12.65050000,41.74720000,10.24200000,53.48200000,NORMAL,NORMAL,1317.081595,GE100KM,True,True,True
APPLAUSE:139470 | APPLAUSE:13894,Castel Gandolfo,501,139470,96340,120825,1953-09-01T21:11:02+00:00,1953-09-01T21:41:02+00:00,Hamburg,101,13894,7552,9745,1953-09-01T21:04:09+00:00,1953-09-01T21:29:05+00:00,1953-09-01T21:11:02+00:00,1953-09-01T21:29:05+00:00,1083.000,0.01080615,0.01133295,0.01133295,1,1,A,139467,73.033333,C_GT60_LE120MIN,73.033333,C_GT60_LE120MIN,"Castel Gandolfo, Italy",Vatican Observatory,41.7472,12.6505,1,Zeiss Double Astrograph,,"Hamburg-Bergedorf, Germany",Hamburger Sternwarte,53.482,10.242,1,Lippert-Astrograph,,True,1317.081595,GE100KM,True,True,True,1,A,139467,96337,73.033333,C_GT60_LE120MIN,12.6505,41.7472,10.242,53.482,12.65050000,41.74720000,10.24200000,53.48200000,NORMAL,NORMAL,1317.081595,GE100KM,True,True,True
APPLAUSE:139470 | APPLAUSE:13895,Castel Gandolfo,501,139470,96340,120825,1953-09-01T21:11:02+00:00,1953-09-01T21:41:02+00:00,Hamburg,101,13895,7553,9747,1953-09-01T21:37:04+00:00,1953-09-01T22:02:00+00:00,1953-09-01T21:37:04+00:00,1953-09-01T21:41:02+00:00,238.000,0.82876298,0.78679940,0.82876298,1,1,A,139467,73.033333,C_GT60_LE120MIN,73.033333,C_GT60_LE120MIN,"Castel Gandolfo, Italy",Vatican Observatory,41.7472,12.6505,1,Zeiss Double Astrograph,,"Hamburg-Bergedorf, Germany",Hamburger Sternwarte,53.482,10.242,1,Lippert-Astrograph,,True,1317.081595,GE100KM,True,True,True,1,A,139467,96337,73.033333,C_GT60_LE120MIN,12.6505,41.7472,10.242,53.482,12.65050000,41.74720000,10.24200000,53.48200000,NORMAL,NORMAL,1317.081595,GE100KM,True,True,True
APPLAUSE:132235 | APPLAUSE:13765,Bamberg,208,132235,89162,113707,1953-03-15T23:02:00+00:00,1953-03-16T00:02:00+00:00,Hamburg,101,13765,7486,9677,1953-03-15T20:41:27+00:00,1953-03-15T23:35:59+00:00,1953-03-15T23:02:00+00:00,1953-03-15T23:35:59+00:00,2039.000,1.00000000,0.03769166,1.00000000,1,1,A,132228,77.000000,C_GT60_LE120MIN,77.000000,C_GT60_LE120MIN,"Dr. Remeis-Observatory, Bamberg, Germany",Dr. Remeis-Observatory,10.8881,49.8845,1,Astrograph,,"Hamburg-Bergedorf, Germany",Hamburger Sternwarte,53.482,10.242,1,Lippert-Astrograph,,True,5893.545115,GE100KM,True,True,True,1,A,132228,89155,77.000000,C_GT60_LE120MIN,49.8845,10.8881,10.242,53.482,10.88810000,49.88450000,10.24200000,53.48200000,SWAP,NORMAL,402.491931,GE100KM,True,True,True
APPLAUSE:132801 | APPLAUSE:90566,Bamberg,208,132801,89702,114236,1957-06-01T20:50:00+00:00,1957-06-01T23:10:00+00:00,Hamburg,106,90566,60377,66717,1957-06-01T21:32:10+00:00,1957-06-01T21:57:06+00:00,1957-06-01T21:32:10+00:00,1957-06-01T21:57:06+00:00,1496.000,0.06153514,0.27538666,0.27538666,3,3,A,132805,77.000000,C_GT60_LE120MIN,77.000000,C_GT60_LE120MIN,"Dr. Remeis-Observatory, Bamberg, Germany",Dr. Remeis-Observatory,10.8881,49.8845,4,Astrograph,,"Hamburg-Bergedorf, Germany",Hamburger Sternwarte,53.482,10.242,1,AG-Astrograph,,True,5893.545115,GE100KM,True,True,True,3,A,132805,89703,77.000000,C_GT60_LE120MIN,49.8845,10.8881,10.242,53.482,10.88810000,49.88450000,10.24200000,53.48200000,SWAP,NORMAL,402.491931,GE100KM,True,True,True
APPLAUSE:130390 | APPLAUSE:8166,Bamberg,208,130390,87617,112307,1938-10-23T18:11:00+00:00,1938-10-23T18:41:00+00:00,Hamburg,101,8166,5121,6296,1938-10-23T18:15:02+00:00,1938-10-23T18:44:57+00:00,1938-10-23T18:15:02+00:00,1938-10-23T18:41:00+00:00,1558.000,0.06793758,1.00000000,1.00000000,1,1,B,8167,83.783333,C_GT60_LE120MIN,83.783333,C_GT60_LE120MIN,"Dr. Remeis-Observatory, Bamberg, Germany",Dr. Remeis-Observatory,10.8881,49.8845,1,Astrograph,,"Hamburg-Bergedorf, Germany",Hamburger Sternwarte,53.482,10.242,1,Lippert-Astrograph,,True,5893.545115,GE100KM,True,True,True,1,B,8167,5122,83.783333,C_GT60_LE120MIN,49.8845,10.8881,10.242,53.482,10.88810000,49.88450000,10.24200000,53.48200000,SWAP,NORMAL,402.491931,GE100KM,True,True,True
APPLAUSE:130261 | APPLAUSE:8146,Bamberg,208,130261,87525,112225,1938-09-28T20:23:00+00:00,1938-09-28T20:53:00+00:00,Hamburg,101,8146,5101,6264,1938-09-28T20:24:15+00:00,1938-09-28T20:49:11+00:00,1938-09-28T20:24:15+00:00,1938-09-28T20:49:11+00:00,1496.000,0.06412046,0.99281899,0.99281899,1,1,B,8147,89.933333,C_GT60_LE120MIN,89.933333,C_GT60_LE120MIN,"Dr. Remeis-Observatory, Bamberg, Germany",Dr. Remeis-Observatory,10.8881,49.8845,1,Astrograph,,"Hamburg-Bergedorf, Germany",Hamburger Sternwarte,53.482,10.242,1,Lippert-Astrograph,,True,5893.545115,GE100KM,True,True,True,1,B,8147,5102,89.933333,C_GT60_LE120MIN,49.8845,10.8881,10.242,53.482,10.88810000,49.88450000,10.24200000,53.48200000,SWAP,NORMAL,402.491931,GE100KM,True,True,True
APPLAUSE:125569 | APPLAUSE:4896,Bamberg,208,125569,82863,107684,1933-03-25T22:18:00+00:00,1933-03-25T23:19:00+00:00,Hamburg,101,4896,3795,4532,1933-03-25T21:54:37+00:00,1933-03-26T01:19:03+00:00,1933-03-25T22:18:00+00:00,1933-03-25T23:19:00+00:00,3660.000,0.00142548,0.00008920,0.00142548,1,1,A,125506,94.000000,C_GT60_LE120MIN,94.000000,C_GT60_LE120MIN,"Dr. Remeis-Observatory, Bamberg, Germany",Dr. Remeis-Observatory,10.8881,49.8845,1,Astrograph,,"Hamburg-Bergedorf, Germany",Hamburger Sternwarte,53.482,10.242,1,Lippert-Astrograph,,True,5893.545115,GE100KM,True,True,True,1,A,125506,82800,94.000000,C_GT60_LE120MIN,49.8845,10.8881,10.242,53.482,10.88810000,49.88450000,10.24200000,53.48200000,SWAP,NORMAL,402.491931,GE100KM,True,True,True
APPLAUSE:132028 | APPLAUSE:13613,Bamberg,208,132028,88955,113507,1952-07-21T23:27:00+00:00,1952-07-22T00:24:00+00:00,Hamburg,101,13613,7350,9507,1952-07-21T23:58:19+00:00,1952-07-22T00:38:12+00:00,1952-07-21T23:58:19+00:00,1952-07-22T00:24:00+00:00,1541.000,0.02049798,0.32489639,0.32489639,1,1,B,13606,95.750000,C_GT60_LE120MIN,95.750000,C_GT60_LE120MIN,"Dr. Remeis-Observatory, Bamberg, Germany",Dr. Remeis-Observatory,10.8881,49.8845,1,Astrograph,,"Hamburg-Bergedorf, Germany",Hamburger Sternwarte,53.482,10.242,1,Lippert-Astrograph,,True,5893.545115,GE100KM,True,True,True,1,B,13606,7343,95.750000,C_GT60_LE120MIN,49.8845,10.8881,10.242,53.482,10.88810000,49.88450000,10.24200000,53.48200000,SWAP,NORMAL,402.491931,GE100KM,True,True,True
APPLAUSE:132023 | APPLAUSE:13606,Bamberg,208,132023,88950,113502,1952-07-21T22:14:00+00:00,1952-07-21T23:10:00+00:00,Hamburg,101,13606,7343,9493,1952-07-21T21:42:41+00:00,1952-07-21T22:22:34+00:00,1952-07-21T22:14:00+00:00,1952-07-21T22:22:34+00:00,514.000,0.02917829,0.02361226,0.02917829,1,1,B,13613,95.750000,C_GT60_LE120MIN,95.750000,C_GT60_LE120MIN,"Dr. Remeis-Observatory, Bamberg, Germany",Dr. Remeis-Observatory,10.8881,49.8845,1,Astrograph,,"Hamburg-Bergedorf, Germany",Hamburger Sternwarte,53.482,10.242,1,Lippert-Astrograph,,True,5893.545115,GE100KM,True,True,True,1,B,13613,7350,95.750000,C_GT60_LE120MIN,49.8845,10.8881,10.242,53.482,10.88810000,49.88450000,10.24200000,53.48200000,SWAP,NORMAL,402.491931,GE100KM,True,True,True
APPLAUSE:132627 | APPLAUSE:14092,Bamberg,208,132627,89553,114089,1953-11-25T16:55:00+00:00,1953-11-25T17:55:00+00:00,Hamburg,101,14092,7673,9974,1953-11-25T17:02:40+00:00,1953-11-25T17:32:36+00:00,1953-11-25T17:02:40+00:00,1953-11-25T17:32:36+00:00,1796.000,0.04120304,0.65354123,0.65354123,1,1,B,14109,99.733333,C_GT60_LE120MIN,99.733333,C_GT60_LE120MIN,"Dr. Remeis-Observatory, Bamberg, Germany",Dr. Remeis-Observatory,10.8881,49.8845,1,Astrograph,,"Hamburg-Bergedorf, Germany",Hamburger Sternwarte,53.482,10.242,1,Lippert-Astrograph,,True,5893.545115,GE100KM,True,True,True,1,B,14109,7678,99.733333,C_GT60_LE120MIN,49.8845,10.8881,10.242,53.482,10.88810000,49.88450000,10.24200000,53.48200000,SWAP,NORMAL,402.491931,GE100KM,True,True,True
APPLAUSE:130184 | APPLAUSE:8126,Bamberg,208,130184,87448,112148,1938-09-23T21:07:00+00:00,1938-09-23T21:37:00+00:00,Hamburg,101,8126,5081,6236,1938-09-23T20:11:00+00:00,1938-09-23T22:10:41+00:00,1938-09-23T21:07:00+00:00,1938-09-23T21:37:00+00:00,1800.000,0.99668721,0.08411922,0.99668721,1,1,B,8128,102.216667,C_GT60_LE120MIN,102.216667,C_GT60_LE120MIN,"Dr. Remeis-Observatory, Bamberg, Germany",Dr. Remeis-Observatory,10.8881,49.8845,1,Astrograph,,"Hamburg-Bergedorf, Germany",Hamburger Sternwarte,53.482,10.242,1,Lippert-Astrograph,,True,5893.545115,GE100KM,True,True,True,1,B,8128,5083,102.216667,C_GT60_LE120MIN,49.8845,10.8881,10.242,53.482,10.88810000,49.88450000,10.24200000,53.48200000,SWAP,NORMAL,402.491931,GE100KM,True,True,True
APPLAUSE:131052 | APPLAUSE:10172,Bamberg,208,131052,88189,112836,1948-08-31T22:02:00+00:00,1948-09-01T00:02:00+00:00,Hamburg,101,10172,6371,8239,1948-08-31T20:17:23+00:00,1948-08-31T23:16:54+00:00,1948-08-31T22:02:00+00:00,1948-08-31T23:16:54+00:00,4494.000,0.94545597,0.04856897,0.94545597,0,0,,,,,,,"Dr. Remeis-Observatory, Bamberg, Germany",Dr. Remeis-Observatory,10.8881,49.8845,1,Astrograph,,"Hamburg-Bergedorf, Germany",Hamburger Sternwarte,53.482,10.242,1,Lippert-Astrograph,,True,5893.545115,GE100KM,True,True,True,0,,,,,,49.8845,10.8881,10.242,53.482,10.88810000,49.88450000,10.24200000,53.48200000,SWAP,NORMAL,402.491931,GE100KM,True,True,True
APPLAUSE:123515 | APPLAUSE:4308,Bamberg,208,123515,80809,105733,1932-02-05T19:22:00+00:00,1932-02-05T20:29:00+00:00,Hamburg,101,4308,3356,3999,1932-02-05T18:43:31+00:00,1932-02-05T21:43:03+00:00,1932-02-05T19:22:00+00:00,1932-02-05T20:29:00+00:00,4020.000,0.21735680,0.01297287,0.21735680,0,0,,,,,,,"Dr. Remeis-Observatory, Bamberg, Germany",Dr. Remeis-Observatory,10.8881,49.8845,1,Astrograph,,"Hamburg-Bergedorf, Germany",Hamburger Sternwarte,53.482,10.242,1,Lippert-Astrograph,,True,5893.545115,GE100KM,True,True,True,0,,,,,,49.8845,10.8881,10.242,53.482,10.88810000,49.88450000,10.24200000,53.48200000,SWAP,NORMAL,402.491931,GE100KM,True,True,True
APPLAUSE:123519 | APPLAUSE:4310,Bamberg,208,123519,80813,105737,1932-02-05T22:44:00+00:00,1932-02-05T23:44:00+00:00,Hamburg,101,4310,3358,4000,1932-02-05T22:15:37+00:00,1932-02-06T01:15:08+00:00,1932-02-05T22:44:00+00:00,1932-02-05T23:44:00+00:00,3600.000,1.00000000,0.06235422,1.00000000,0,0,,,,,,,"Dr. Remeis-Observatory, Bamberg, Germany",Dr. Remeis-Observatory,10.8881,49.8845,1,Astrograph,,"Hamburg-Bergedorf, Germany",Hamburger Sternwarte,53.482,10.242,1,Lippert-Astrograph,,True,5893.545115,GE100KM,True,True,True,0,,,,,,49.8845,10.8881,10.242,53.482,10.88810000,49.88450000,10.24200000,53.48200000,SWAP,NORMAL,402.491931,GE100KM,True,True,True
APPLAUSE:123548 | APPLAUSE:4316,Bamberg,208,123548,80842,105766,1932-02-06T21:39:00+00:00,1932-02-06T22:39:00+00:00,Hamburg,101,4316,3364,4008,1932-02-06T21:35:22+00:00,1932-02-06T23:05:08+00:00,1932-02-06T21:39:00+00:00,1932-02-06T22:39:00+00:00,3600.000,0.02739090,0.00213278,0.02739090,0,1,,,,,1.000000,A_LE30MIN,"Dr. Remeis-Observatory, Bamberg, Germany",Dr. Remeis-Observatory,10.8881,49.8845,1,Astrograph,,"Hamburg-Bergedorf, Germany",Hamburger Sternwarte,53.482,10.242,1,Lippert-Astrograph,,True,5893.545115,GE100KM,True,True,True,0,,,,,,49.8845,10.8881,10.242,53.482,10.88810000,49.88450000,10.24200000,53.48200000,SWAP,NORMAL,402.491931,GE100KM,True,True,True
APPLAUSE:122339 | APPLAUSE:3967,Bamberg,208,122339,79633,104675,1931-03-15T20:00:00+00:00,1931-03-15T20:59:00+00:00,Hamburg,101,3967,3038,3592,1931-03-15T19:44:15+00:00,1931-03-15T22:42:56+00:00,1931-03-15T20:00:00+00:00,1931-03-15T20:59:00+00:00,3540.000,0.32102476,0.03137395,0.32102476,0,0,,,,,,,"Dr. Remeis-Observatory, Bamberg, Germany",Dr. Remeis-Observatory,10.8881,49.8845,1,Astrograph,,"Hamburg-Bergedorf, Germany",Hamburger Sternwarte,53.482,10.242,1,Lippert-Astrograph,,True,5893.545115,GE100KM,True,True,True,0,,,,,,49.8845,10.8881,10.242,53.482,10.88810000,49.88450000,10.24200000,53.48200000,SWAP,NORMAL,402.491931,GE100KM,True,True,True
APPLAUSE:138161 | APPLAUSE:43639,Bamberg,208,138161,95031,119539,1962-09-02T23:59:00+00:00,1962-09-03T00:59:00+00:00,Hamburg,102,43639,11018,13545,1962-09-03T00:00:26+00:00,1962-09-03T01:00:16+00:00,1962-09-03T00:00:26+00:00,1962-09-03T00:59:00+00:00,3514.000,0.16165516,1.00000000,1.00000000,0,0,,,,,,,"Dr. Remeis-Observatory, Bamberg, Germany",Dr. Remeis-Observatory,10.8881,49.8845,1,Astrograph,,"Hamburg-Bergedorf, Germany",Hamburger Sternwarte,53.482,10.242,1,Grosser Schmidt-Spiegel,,True,5893.545115,GE100KM,True,True,True,0,,,,,,49.8845,10.8881,10.242,53.482,10.88810000,49.88450000,10.24200000,53.48200000,SWAP,NORMAL,402.491931,GE100KM,True,True,True
APPLAUSE:134642 | APPLAUSE:42385,Bamberg,208,134642,91512,116043,1959-09-07T20:47:00+00:00,1959-09-07T21:47:00+00:00,Hamburg,102,42385,10379,12886,1959-09-07T20:42:20+00:00,1959-09-07T21:42:11+00:00,1959-09-07T20:47:00+00:00,1959-09-07T21:42:11+00:00,3311.000,0.60967207,0.15362377,0.60967207,0,0,,,,,,,"Dr. Remeis-Observatory, Bamberg, Germany",Dr. Remeis-Observatory,10.8881,49.8845,1,Astrograph,,"Hamburg-Bergedorf, Germany",Hamburger Sternwarte,53.482,10.242,1,Grosser Schmidt-Spiegel,,True,5893.545115,GE100KM,True,True,True,0,,,,,,49.8845,10.8881,10.242,53.482,10.88810000,49.88450000,10.24200000,53.48200000,SWAP,NORMAL,402.491931,GE100KM,True,True,True
APPLAUSE:138613 | APPLAUSE:16703,Bamberg,208,138613,95483,119990,1963-09-09T21:25:00+00:00,1963-09-09T22:25:00+00:00,South Africa,203,16703,28813,31130,1963-09-09T21:19:00+00:00,1963-09-09T22:19:00+00:00,1963-09-09T21:25:00+00:00,1963-09-09T22:19:00+00:00,3240.000,0.29366356,0.07411094,0.29366356,0,0,,,,,,,"Dr. Remeis-Observatory, Bamberg, Germany",Dr. Remeis-Observatory,10.8881,49.8845,1,Astrograph,,"Boyden Observatory, Bloemfontein, South Africa","Dr. Remeis-Observatory, Southern Station",-29.0388,26.4047,1,Astrograph (ten 10-cm Tessar f/6 cameras),,True,5105.064989,GE100KM,True,True,True,0,,,,,,49.8845,10.8881,26.4047,-29.0388,10.88810000,49.88450000,26.40470000,-29.03880000,SWAP,NORMAL,8908.911756,GE100KM,True,True,True
APPLAUSE:138449 | APPLAUSE:43818,Bamberg,208,138449,95319,119827,1962-12-01T18:57:00+00:00,1962-12-01T19:57:00+00:00,Hamburg,102,43818,11139,13738,1962-12-01T19:06:24+00:00,1962-12-01T20:06:14+00:00,1962-12-01T19:06:24+00:00,1962-12-01T19:57:00+00:00,3036.000,0.05498485,0.34156179,0.34156179,0,0,,,,,,,"Dr. Remeis-Observatory, Bamberg, Germany",Dr. Remeis-Observatory,10.8881,49.8845,1,Astrograph,,"Hamburg-Bergedorf, Germany",Hamburger Sternwarte,53.482,10.242,1,Grosser Schmidt-Spiegel,,True,5893.545115,GE100KM,True,True,True,0,,,,,,49.8845,10.8881,10.242,53.482,10.88810000,49.88450000,10.24200000,53.48200000,SWAP,NORMAL,402.491931,GE100KM,True,True,True
APPLAUSE:138839 | APPLAUSE:17957,Bamberg,208,138839,95709,120207,1963-12-22T23:19:00+00:00,1963-12-23T00:19:00+00:00,South Africa,203,17957,30067,32476,1963-12-22T23:29:00+00:00,1963-12-23T00:29:00+00:00,1963-12-22T23:29:00+00:00,1963-12-23T00:19:00+00:00,3000.000,0.01956743,0.08084869,0.08084869,0,0,,,,,,,"Dr. Remeis-Observatory, Bamberg, Germany",Dr. Remeis-Observatory,10.8881,49.8845,1,Astrograph,,"Boyden Observatory, Bloemfontein, South Africa","Dr. Remeis-Observatory, Southern Station",-29.0388,26.4047,1,Astrograph (ten 10-cm Tessar f/6 cameras),,True,5105.064989,GE100KM,True,True,True,0,,,,,,49.8845,10.8881,26.4047,-29.0388,10.88810000,49.88450000,26.40470000,-29.03880000,SWAP,NORMAL,8908.911756,GE100KM,True,True,True
APPLAUSE:134670 | APPLAUSE:42401,Bamberg,208,134670,91540,116071,1959-09-08T20:40:00+00:00,1959-09-08T21:40:00+00:00,Hamburg,102,42401,10383,12887,1959-09-08T20:53:22+00:00,1959-09-08T21:53:12+00:00,1959-09-08T20:53:22+00:00,1959-09-08T21:40:00+00:00,2798.000,0.15354898,0.60945559,0.60945559,0,0,,,,,,,"Dr. Remeis-Observatory, Bamberg, Germany",Dr. Remeis-Observatory,10.8881,49.8845,1,Astrograph,,"Hamburg-Bergedorf, Germany",Hamburger Sternwarte,53.482,10.242,1,Grosser Schmidt-Spiegel,,True,5893.545115,GE100KM,True,True,True,0,,,,,,49.8845,10.8881,10.242,53.482,10.88810000,49.88450000,10.24200000,53.48200000,SWAP,NORMAL,402.491931,GE100KM,True,True,True
APPLAUSE:138618 | APPLAUSE:16739,Bamberg,208,138618,95488,119995,1963-09-10T21:28:00+00:00,1963-09-10T22:28:00+00:00,South Africa,203,16739,28849,31171,1963-09-10T21:12:00+00:00,1963-09-10T22:12:00+00:00,1963-09-10T21:28:00+00:00,1963-09-10T22:12:00+00:00,2640.000,0.32593394,0.07892033,0.32593394,0,0,,,,,,,"Dr. Remeis-Observatory, Bamberg, Germany",Dr. Remeis-Observatory,10.8881,49.8845,1,Astrograph,,"Boyden Observatory, Bloemfontein, South Africa","Dr. Remeis-Observatory, Southern Station",-29.0388,26.4047,1,Astrograph (ten 10-cm Tessar f/6 cameras),,True,5105.064989,GE100KM,True,True,True,0,,,,,,49.8845,10.8881,26.4047,-29.0388,10.88810000,49.88450000,26.40470000,-29.03880000,SWAP,NORMAL,8908.911756,GE100KM,True,True,True
APPLAUSE:138891 | APPLAUSE:18257,Bamberg,208,138891,95761,120247,1964-02-13T22:29:00+00:00,1964-02-13T23:29:00+00:00,South Africa,203,18257,30367,32767,1964-02-13T22:13:00+00:00,1964-02-13T23:13:00+00:00,1964-02-13T22:29:00+00:00,1964-02-13T23:13:00+00:00,2640.000,0.05788623,0.01423073,0.05788623,0,0,,,,,,,"Dr. Remeis-Observatory, Bamberg, Germany",Dr. Remeis-Observatory,10.8881,49.8845,1,Astrograph,,"Boyden Observatory, Bloemfontein, South Africa","Dr. Remeis-Observatory, Southern Station",-29.0388,26.4047,1,Astrograph (ten 10-cm Tessar f/6 cameras),,True,5105.064989,GE100KM,True,True,True,0,,,,,,49.8845,10.8881,26.4047,-29.0388,10.88810000,49.88450000,26.40470000,-29.03880000,SWAP,NORMAL,8908.911756,GE100KM,True,True,True
APPLAUSE:138893 | APPLAUSE:18263,Bamberg,208,138893,95763,120249,1964-02-13T23:34:00+00:00,1964-02-14T00:34:00+00:00,South Africa,203,18263,30373,32771,1964-02-13T23:18:00+00:00,1964-02-14T00:18:00+00:00,1964-02-13T23:34:00+00:00,1964-02-14T00:18:00+00:00,2640.000,0.03821900,0.00960741,0.03821900,0,0,,,,,,,"Dr. Remeis-Observatory, Bamberg, Germany",Dr. Remeis-Observatory,10.8881,49.8845,1,Astrograph,,"Boyden Observatory, Bloemfontein, South Africa","Dr. Remeis-Observatory, Southern Station",-29.0388,26.4047,1,Astrograph (ten 10-cm Tessar f/6 cameras),,True,5105.064989,GE100KM,True,True,True,0,,,,,,49.8845,10.8881,26.4047,-29.0388,10.88810000,49.88450000,26.40470000,-29.03880000,SWAP,NORMAL,8908.911756,GE100KM,True,True,True
APPLAUSE:123540 | APPLAUSE:4312,Bamberg,208,123540,80834,105758,1932-02-06T02:17:00+00:00,1932-02-06T02:57:00+00:00,Hamburg,101,4312,3360,4002,1932-02-06T01:37:04+00:00,1932-02-06T04:36:34+00:00,1932-02-06T02:17:00+00:00,1932-02-06T02:57:00+00:00,2400.000,1.00000000,0.08215947,1.00000000,0,2,,,,,1.000000,A_LE30MIN,"Dr. Remeis-Observatory, Bamberg, Germany",Dr. Remeis-Observatory,10.8881,49.8845,1,Astrograph,,"Hamburg-Bergedorf, Germany",Hamburger Sternwarte,53.482,10.242,1,Lippert-Astrograph,,True,5893.545115,GE100KM,True,True,True,0,,,,,,49.8845,10.8881,10.242,53.482,10.88810000,49.88450000,10.24200000,53.48200000,SWAP,NORMAL,402.491931,GE100KM,True,True,True
APPLAUSE:138748 | APPLAUSE:17267,Bamberg,208,138748,95618,120117,1963-10-15T20:43:00+00:00,1963-10-15T21:43:00+00:00,South Africa,203,17267,29377,31772,1963-10-15T20:23:00+00:00,1963-10-15T21:23:00+00:00,1963-10-15T20:43:00+00:00,1963-10-15T21:23:00+00:00,2400.000,0.18128653,0.04382840,0.18128653,0,0,,,,,,,"Dr. Remeis-Observatory, Bamberg, Germany",Dr. Remeis-Observatory,10.8881,49.8845,1,Astrograph,,"Boyden Observatory, Bloemfontein, South Africa","Dr. Remeis-Observatory, Southern Station",-29.0388,26.4047,1,Astrograph (ten 10-cm Tessar f/6 cameras),,True,5105.064989,GE100KM,True,True,True,0,,,,,,49.8845,10.8881,26.4047,-29.0388,10.88810000,49.88450000,26.40470000,-29.03880000,SWAP,NORMAL,8908.911756,GE100KM,True,True,True
APPLAUSE:131981 | APPLAUSE:13593,Bamberg,208,131981,88908,113460,1952-05-20T00:06:00+00:00,1952-05-20T01:06:00+00:00,Hamburg,101,13593,7330,9478,1952-05-20T00:19:38+00:00,1952-05-20T00:59:32+00:00,1952-05-20T00:19:38+00:00,1952-05-20T00:59:32+00:00,2394.000,0.06308440,1.00000000,1.00000000,0,0,,,,,,,"Dr. Remeis-Observatory, Bamberg, Germany",Dr. Remeis-Observatory,10.8881,49.8845,1,Astrograph,,"Hamburg-Bergedorf, Germany",Hamburger Sternwarte,53.482,10.242,1,Lippert-Astrograph,,True,5893.545115,GE100KM,True,True,True,0,,,,,,49.8845,10.8881,10.242,53.482,10.88810000,49.88450000,10.24200000,53.48200000,SWAP,NORMAL,402.491931,GE100KM,True,True,True
APPLAUSE:137451 | APPLAUSE:91907,Bamberg,208,137451,94321,118831,1961-10-15T18:52:00+00:00,1961-10-15T19:52:00+00:00,Hamburg,106,91907,61704,69366,1961-10-15T19:12:24+00:00,1961-10-15T19:52:17+00:00,1961-10-15T19:12:24+00:00,1961-10-15T19:52:00+00:00,2376.000,0.03067619,0.55510178,0.55510178,0,0,,,,,,,"Dr. Remeis-Observatory, Bamberg, Germany",Dr. Remeis-Observatory,10.8881,49.8845,1,Astrograph,,"Hamburg-Bergedorf, Germany",Hamburger Sternwarte,53.482,10.242,1,AG-Astrograph,,True,5893.545115,GE100KM,True,True,True,0,,,,,,49.8845,10.8881,10.242,53.482,10.88810000,49.88450000,10.24200000,53.48200000,SWAP,NORMAL,402.491931,GE100KM,True,True,True
APPLAUSE:138121 | APPLAUSE:43638,Bamberg,208,138121,94991,119499,1962-09-01T23:08:00+00:00,1962-09-02T00:08:00+00:00,Hamburg,102,43638,11017,13543,1962-09-01T22:44:35+00:00,1962-09-01T23:44:25+00:00,1962-09-01T23:08:00+00:00,1962-09-01T23:44:25+00:00,2185.000,1.00000000,0.16600246,1.00000000,0,0,,,,,,,"Dr. Remeis-Observatory, Bamberg, Germany",Dr. Remeis-Observatory,10.8881,49.8845,1,Astrograph,,"Hamburg-Bergedorf, Germany",Hamburger Sternwarte,53.482,10.242,1,Grosser Schmidt-Spiegel,,True,5893.545115,GE100KM,True,True,True,0,,,,,,49.8845,10.8881,10.242,53.482,10.88810000,49.88450000,10.24200000,53.48200000,SWAP,NORMAL,402.491931,GE100KM,True,True,True
APPLAUSE:138122 | APPLAUSE:43638,Bamberg,208,138122,94992,119500,1962-09-01T23:08:00+00:00,1962-09-02T00:08:00+00:00,Hamburg,102,43638,11017,13543,1962-09-01T22:44:35+00:00,1962-09-01T23:44:25+00:00,1962-09-01T23:08:00+00:00,1962-09-01T23:44:25+00:00,2185.000,0.03627726,0.00569678,0.03627726,0,0,,,,,,,"Dr. Remeis-Observatory, Bamberg, Germany",Dr. Remeis-Observatory,10.8881,49.8845,1,Astrograph,,"Hamburg-Bergedorf, Germany",Hamburger Sternwarte,53.482,10.242,1,Grosser Schmidt-Spiegel,,True,5893.545115,GE100KM,True,True,True,0,,,,,,49.8845,10.8881,10.242,53.482,10.88810000,49.88450000,10.24200000,53.48200000,SWAP,NORMAL,402.491931,GE100KM,True,True,True
APPLAUSE:126219 | APPLAUSE:5087,Bamberg,208,126219,83513,108332,1933-09-17T00:59:00+00:00,1933-09-17T01:35:00+00:00,Hamburg,101,5087,3920,4635,1933-09-17T00:21:05+00:00,1933-09-17T03:20:35+00:00,1933-09-17T00:59:00+00:00,1933-09-17T01:35:00+00:00,2160.000,0.64836892,0.04084473,0.64836892,0,0,,,,,,,"Dr. Remeis-Observatory, Bamberg, Germany",Dr. Remeis-Observatory,10.8881,49.8845,1,Astrograph,,"Hamburg-Bergedorf, Germany",Hamburger Sternwarte,53.482,10.242,1,Lippert-Astrograph,,True,5893.545115,GE100KM,True,True,True,0,,,,,,49.8845,10.8881,10.242,53.482,10.88810000,49.88450000,10.24200000,53.48200000,SWAP,NORMAL,402.491931,GE100KM,True,True,True
APPLAUSE:92152 | APPLAUSE:19421,Hamburg,106,92152,61949,69853,1964-05-05T22:52:22+00:00,1964-05-05T23:27:16+00:00,South Africa,203,19421,31531,34188,1964-05-05T22:52:00+00:00,1964-05-05T23:52:00+00:00,1964-05-05T22:52:22+00:00,1964-05-05T23:27:16+00:00,2094.000,0.01461853,0.06587736,0.06587736,0,0,,,,,,,"Hamburg-Bergedorf, Germany",Hamburger Sternwarte,53.482,10.242,1,AG-Astrograph,,"Boyden Observatory, Bloemfontein, South Africa","Dr. Remeis-Observatory, Southern Station",-29.0388,26.4047,1,Astrograph (ten 10-cm Tessar f/6 cameras),,True,9307.871922,GE100KM,True,True,True,0,,,,,,10.242,53.482,26.4047,-29.0388,10.24200000,53.48200000,26.40470000,-29.03880000,NORMAL,NORMAL,9307.871922,GE100KM,True,True,True
APPLAUSE:121856 | APPLAUSE:3706,Bamberg,208,121856,79172,104263,1930-06-16T21:56:00+00:00,1930-06-16T22:30:00+00:00,Hamburg,101,3706,2866,3357,1930-06-15T22:28:07+00:00,1930-06-17T23:42:03+00:00,1930-06-16T21:56:00+00:00,1930-06-16T22:30:00+00:00,2040.000,1.00000000,0.09795248,1.00000000,0,0,,,,,,,"Dr. Remeis-Observatory, Bamberg, Germany",Dr. Remeis-Observatory,10.8881,49.8845,1,Astrograph,,"Hamburg-Bergedorf, Germany",Hamburger Sternwarte,53.482,10.242,1,Lippert-Astrograph,,True,5893.545115,GE100KM,True,True,True,0,,,,,,49.8845,10.8881,10.242,53.482,10.88810000,49.88450000,10.24200000,53.48200000,SWAP,NORMAL,402.491931,GE100KM,True,True,True
APPLAUSE:124563 | APPLAUSE:4502,Bamberg,208,124563,81857,106744,1932-08-26T20:58:00+00:00,1932-08-26T21:32:00+00:00,Hamburg,101,4502,3542,4254,1932-08-26T20:35:33+00:00,1932-08-26T23:11:07+00:00,1932-08-26T20:58:00+00:00,1932-08-26T21:32:00+00:00,2040.000,0.04017877,0.00239885,0.04017877,0,0,,,,,,,"Dr. Remeis-Observatory, Bamberg, Germany",Dr. Remeis-Observatory,10.8881,49.8845,1,Astrograph,,"Hamburg-Bergedorf, Germany",Hamburger Sternwarte,53.482,10.242,1,Lippert-Astrograph,,True,5893.545115,GE100KM,True,True,True,0,,,,,,49.8845,10.8881,10.242,53.482,10.88810000,49.88450000,10.24200000,53.48200000,SWAP,NORMAL,402.491931,GE100KM,True,True,True
APPLAUSE:124576 | APPLAUSE:4502,Bamberg,208,124576,81870,106756,1932-08-26T20:58:00+00:00,1932-08-26T21:32:00+00:00,Hamburg,101,4502,3542,4254,1932-08-26T20:35:33+00:00,1932-08-26T23:11:07+00:00,1932-08-26T20:58:00+00:00,1932-08-26T21:32:00+00:00,2040.000,0.18075046,0.01409980,0.18075046,0,0,,,,,,,"Dr. Remeis-Observatory, Bamberg, Germany",Dr. Remeis-Observatory,10.8881,49.8845,1,Astrograph,,"Hamburg-Bergedorf, Germany",Hamburger Sternwarte,53.482,10.242,1,Lippert-Astrograph,,True,5893.545115,GE100KM,True,True,True,0,,,,,,49.8845,10.8881,10.242,53.482,10.88810000,49.88450000,10.24200000,53.48200000,SWAP,NORMAL,402.491931,GE100KM,True,True,True
APPLAUSE:121863 | APPLAUSE:3706,Bamberg,208,121863,79179,104270,1930-06-17T22:34:00+00:00,1930-06-17T23:06:00+00:00,Hamburg,101,3706,2866,3357,1930-06-15T22:28:07+00:00,1930-06-17T23:42:03+00:00,1930-06-17T22:34:00+00:00,1930-06-17T23:06:00+00:00,1920.000,1.00000000,0.10253639,1.00000000,0,0,,,,,,,"Dr. Remeis-Observatory, Bamberg, Germany",Dr. Remeis-Observatory,10.8881,49.8845,1,Astrograph,,"Hamburg-Bergedorf, Germany",Hamburger Sternwarte,53.482,10.242,1,Lippert-Astrograph,,True,5893.545115,GE100KM,True,True,True,0,,,,,,49.8845,10.8881,10.242,53.482,10.88810000,49.88450000,10.24200000,53.48200000,SWAP,NORMAL,402.491931,GE100KM,True,True,True
APPLAUSE:124868 | APPLAUSE:4533,Bamberg,208,124868,82162,107013,1932-10-05T21:49:00+00:00,1932-10-05T22:20:00+00:00,Hamburg,101,4533,3573,4288,1932-10-05T20:39:52+00:00,1932-10-06T22:59:30+00:00,1932-10-05T21:49:00+00:00,1932-10-05T22:20:00+00:00,1860.000,0.01030698,0.00104955,0.01030698,0,0,,,,,,,"Dr. Remeis-Observatory, Bamberg, Germany",Dr. Remeis-Observatory,10.8881,49.8845,1,Astrograph,,"Hamburg-Bergedorf, Germany",Hamburger Sternwarte,53.482,10.242,1,Lippert-Astrograph,,True,5893.545115,GE100KM,True,True,True,0,,,,,,49.8845,10.8881,10.242,53.482,10.88810000,49.88450000,10.24200000,53.48200000,SWAP,NORMAL,402.491931,GE100KM,True,True,True
APPLAUSE:126223 | APPLAUSE:5085,Bamberg,208,126223,83517,108336,1933-09-17T21:20:00+00:00,1933-09-17T21:51:00+00:00,Hamburg,101,5085,3918,4633,1933-09-16T20:56:39+00:00,1933-09-17T23:53:13+00:00,1933-09-17T21:20:00+00:00,1933-09-17T21:51:00+00:00,1860.000,0.79925234,0.04981614,0.79925234,0,1,,,,,1.000000,A_LE30MIN,"Dr. Remeis-Observatory, Bamberg, Germany",Dr. Remeis-Observatory,10.8881,49.8845,1,Astrograph,,"Hamburg-Bergedorf, Germany",Hamburger Sternwarte,53.482,10.242,1,Lippert-Astrograph,,True,5893.545115,GE100KM,True,True,True,0,,,,,,49.8845,10.8881,10.242,53.482,10.88810000,49.88450000,10.24200000,53.48200000,SWAP,NORMAL,402.491931,GE100KM,True,True,True
APPLAUSE:126223 | APPLAUSE:5089,Bamberg,208,126223,83517,108336,1933-09-17T21:20:00+00:00,1933-09-17T21:51:00+00:00,Hamburg,101,5089,3922,4637,1933-09-17T20:52:43+00:00,1933-09-17T23:28:18+00:00,1933-09-17T21:20:00+00:00,1933-09-17T21:51:00+00:00,1860.000,0.77196769,0.04812215,0.77196769,0,0,,,,,,,"Dr. Remeis-Observatory, Bamberg, Germany",Dr. Remeis-Observatory,10.8881,49.8845,1,Astrograph,,"Hamburg-Bergedorf, Germany",Hamburger Sternwarte,53.482,10.242,1,Lippert-Astrograph,,True,5893.545115,GE100KM,True,True,True,0,,,,,,49.8845,10.8881,10.242,53.482,10.88810000,49.88450000,10.24200000,53.48200000,SWAP,NORMAL,402.491931,GE100KM,True,True,True
APPLAUSE:126245 | APPLAUSE:5085,Bamberg,208,126245,83539,108358,1933-09-17T20:17:00+00:00,1933-09-17T20:48:00+00:00,Hamburg,101,5085,3918,4633,1933-09-16T20:56:39+00:00,1933-09-17T23:53:13+00:00,1933-09-17T20:17:00+00:00,1933-09-17T20:48:00+00:00,1860.000,0.42401324,0.03298292,0.42401324,0,0,,,,,,,"Dr. Remeis-Observatory, Bamberg, Germany",Dr. Remeis-Observatory,10.8881,49.8845,1,Astrograph,,"Hamburg-Bergedorf, Germany",Hamburger Sternwarte,53.482,10.242,1,Lippert-Astrograph,,True,5893.545115,GE100KM,True,True,True,0,,,,,,49.8845,10.8881,10.242,53.482,10.88810000,49.88450000,10.24200000,53.48200000,SWAP,NORMAL,402.491931,GE100KM,True,True,True
APPLAUSE:126247 | APPLAUSE:5085,Bamberg,208,126247,83541,108360,1933-09-17T21:20:00+00:00,1933-09-17T21:51:00+00:00,Hamburg,101,5085,3918,4633,1933-09-16T20:56:39+00:00,1933-09-17T23:53:13+00:00,1933-09-17T21:20:00+00:00,1933-09-17T21:51:00+00:00,1860.000,0.92345383,0.07568677,0.92345383,0,1,,,,,1.000000,A_LE30MIN,"Dr. Remeis-Observatory, Bamberg, Germany",Dr. Remeis-Observatory,10.8881,49.8845,1,Astrograph,,"Hamburg-Bergedorf, Germany",Hamburger Sternwarte,53.482,10.242,1,Lippert-Astrograph,,True,5893.545115,GE100KM,True,True,True,0,,,,,,49.8845,10.8881,10.242,53.482,10.88810000,49.88450000,10.24200000,53.48200000,SWAP,NORMAL,402.491931,GE100KM,True,True,True
APPLAUSE:126247 | APPLAUSE:5089,Bamberg,208,126247,83541,108360,1933-09-17T21:20:00+00:00,1933-09-17T21:51:00+00:00,Hamburg,101,5089,3922,4637,1933-09-17T20:52:43+00:00,1933-09-17T23:28:18+00:00,1933-09-17T21:20:00+00:00,1933-09-17T21:51:00+00:00,1860.000,0.10314582,0.00846305,0.10314582,0,0,,,,,,,"Dr. Remeis-Observatory, Bamberg, Germany",Dr. Remeis-Observatory,10.8881,49.8845,1,Astrograph,,"Hamburg-Bergedorf, Germany",Hamburger Sternwarte,53.482,10.242,1,Lippert-Astrograph,,True,5893.545115,GE100KM,True,True,True,0,,,,,,49.8845,10.8881,10.242,53.482,10.88810000,49.88450000,10.24200000,53.48200000,SWAP,NORMAL,402.491931,GE100KM,True,True,True
APPLAUSE:138753 | APPLAUSE:17273,Bamberg,208,138753,95623,120122,1963-10-15T21:57:00+00:00,1963-10-15T22:57:00+00:00,South Africa,203,17273,29383,31778,1963-10-15T21:28:00+00:00,1963-10-15T22:28:00+00:00,1963-10-15T21:57:00+00:00,1963-10-15T22:28:00+00:00,1860.000,0.13454300,0.03369923,0.13454300,0,0,,,,,,,"Dr. Remeis-Observatory, Bamberg, Germany",Dr. Remeis-Observatory,10.8881,49.8845,1,Astrograph,,"Boyden Observatory, Bloemfontein, South Africa","Dr. Remeis-Observatory, Southern Station",-29.0388,26.4047,1,Astrograph (ten 10-cm Tessar f/6 cameras),,True,5105.064989,GE100KM,True,True,True,0,,,,,,49.8845,10.8881,26.4047,-29.0388,10.88810000,49.88450000,26.40470000,-29.03880000,SWAP,NORMAL,8908.911756,GE100KM,True,True,True
APPLAUSE:120929 | APPLAUSE:3141,Bamberg,208,120929,78250,103913,1929-03-28T21:00:00+00:00,1929-03-28T21:30:00+00:00,Hamburg,101,3141,2314,2612,1929-03-28T19:26:08+00:00,1929-03-28T22:33:38+00:00,1929-03-28T21:00:00+00:00,1929-03-28T21:30:00+00:00,1800.000,1.00000000,0.10314042,1.00000000,0,0,,,,,,,"Dr. Remeis-Observatory, Bamberg, Germany",Dr. Remeis-Observatory,10.8881,49.8845,1,Astrograph,,"Hamburg-Bergedorf, Germany",Hamburger Sternwarte,53.482,10.242,1,Lippert-Astrograph,,True,5893.545115,GE100KM,True,True,True,0,,,,,,49.8845,10.8881,10.242,53.482,10.88810000,49.88450000,10.24200000,53.48200000,SWAP,NORMAL,402.491931,GE100KM,True,True,True
APPLAUSE:120977 | APPLAUSE:3170,Bamberg,208,120977,78298,103940,1929-05-02T22:42:00+00:00,1929-05-02T23:12:00+00:00,Hamburg,101,3170,2338,2635,1929-05-02T21:04:59+00:00,1929-05-03T00:04:34+00:00,1929-05-02T22:42:00+00:00,1929-05-02T23:12:00+00:00,1800.000,0.77927451,0.07728865,0.77927451,0,0,,,,,,,"Dr. Remeis-Observatory, Bamberg, Germany",Dr. Remeis-Observatory,10.8881,49.8845,1,Astrograph,,"Hamburg-Bergedorf, Germany",Hamburger Sternwarte,53.482,10.242,1,Lippert-Astrograph,,True,5893.545115,GE100KM,True,True,True,0,,,,,,49.8845,10.8881,10.242,53.482,10.88810000,49.88450000,10.24200000,53.48200000,SWAP,NORMAL,402.491931,GE100KM,True,True,True
APPLAUSE:121066 | APPLAUSE:3202,Bamberg,208,121066,78387,103982,1929-06-11T22:21:00+00:00,1929-06-11T22:51:00+00:00,Hamburg,101,3202,2370,2684,1929-06-11T22:12:00+00:00,1929-06-11T23:11:50+00:00,1929-06-11T22:21:00+00:00,1929-06-11T22:51:00+00:00,1800.000,0.14454610,0.01469223,0.14454610,0,0,,,,,,,"Dr. Remeis-Observatory, Bamberg, Germany",Dr. Remeis-Observatory,10.8881,49.8845,1,Astrograph,,"Hamburg-Bergedorf, Germany",Hamburger Sternwarte,53.482,10.242,1,Lippert-Astrograph,,True,5893.545115,GE100KM,True,True,True,0,,,,,,49.8845,10.8881,10.242,53.482,10.88810000,49.88450000,10.24200000,53.48200000,SWAP,NORMAL,402.491931,GE100KM,True,True,True
APPLAUSE:121195 | APPLAUSE:3274,Bamberg,208,121195,78514,104053,1929-09-02T20:22:00+00:00,1929-09-02T20:52:00+00:00,Hamburg,101,3274,2442,2794,1929-09-02T20:03:07+00:00,1929-09-03T21:52:52+00:00,1929-09-02T20:22:00+00:00,1929-09-02T20:52:00+00:00,1800.000,0.41939394,0.04222496,0.41939394,0,0,,,,,,,"Dr. Remeis-Observatory, Bamberg, Germany",Dr. Remeis-Observatory,10.8881,49.8845,1,Astrograph,,"Hamburg-Bergedorf, Germany",Hamburger Sternwarte,53.482,10.242,1,Lippert-Astrograph,,True,5893.545115,GE100KM,True,True,True,0,,,,,,49.8845,10.8881,10.242,53.482,10.88810000,49.88450000,10.24200000,53.48200000,SWAP,NORMAL,402.491931,GE100KM,True,True,True
APPLAUSE:121861 | APPLAUSE:3706,Bamberg,208,121861,79177,104268,1930-06-16T21:24:00+00:00,1930-06-16T21:54:00+00:00,Hamburg,101,3706,2866,3357,1930-06-15T22:28:07+00:00,1930-06-17T23:42:03+00:00,1930-06-16T21:24:00+00:00,1930-06-16T21:54:00+00:00,1800.000,0.22926921,0.02326426,0.22926921,0,0,,,,,,,"Dr. Remeis-Observatory, Bamberg, Germany",Dr. Remeis-Observatory,10.8881,49.8845,1,Astrograph,,"Hamburg-Bergedorf, Germany",Hamburger Sternwarte,53.482,10.242,1,Lippert-Astrograph,,True,5893.545115,GE100KM,True,True,True,0,,,,,,49.8845,10.8881,10.242,53.482,10.88810000,49.88450000,10.24200000,53.48200000,SWAP,NORMAL,402.491931,GE100KM,True,True,True
APPLAUSE:121932 | APPLAUSE:3736,Bamberg,208,121932,79239,104321,1930-08-25T20:43:00+00:00,1930-08-25T21:13:00+00:00,Hamburg,101,3736,2896,3396,1930-08-24T20:50:25+00:00,1930-08-25T22:17:15+00:00,1930-08-25T20:43:00+00:00,1930-08-25T21:13:00+00:00,1800.000,0.00721661,0.00073445,0.00721661,0,0,,,,,,,"Dr. Remeis-Observatory, Bamberg, Germany",Dr. Remeis-Observatory,10.8881,49.8845,1,Astrograph,,"Hamburg-Bergedorf, Germany",Hamburger Sternwarte,53.482,10.242,1,Lippert-Astrograph,,True,5893.545115,GE100KM,True,True,True,0,,,,,,49.8845,10.8881,10.242,53.482,10.88810000,49.88450000,10.24200000,53.48200000,SWAP,NORMAL,402.491931,GE100KM,True,True,True
APPLAUSE:121952 | APPLAUSE:3751,Bamberg,208,121952,79259,104338,1930-08-27T21:27:00+00:00,1930-08-27T21:57:00+00:00,Hamburg,101,3751,2909,3418,1930-08-27T20:09:42+00:00,1930-08-28T21:47:30+00:00,1930-08-27T21:27:00+00:00,1930-08-27T21:57:00+00:00,1800.000,0.94669569,0.09745559,0.94669569,0,0,,,,,,,"Dr. Remeis-Observatory, Bamberg, Germany",Dr. Remeis-Observatory,10.8881,49.8845,1,Astrograph,,"Hamburg-Bergedorf, Germany",Hamburger Sternwarte,53.482,10.242,1,Lippert-Astrograph,,True,5893.545115,GE100KM,True,True,True,0,,,,,,49.8845,10.8881,10.242,53.482,10.88810000,49.88450000,10.24200000,53.48200000,SWAP,NORMAL,402.491931,GE100KM,True,True,True
APPLAUSE:122378 | APPLAUSE:3985,Bamberg,208,122378,79672,104713,1931-03-18T01:16:00+00:00,1931-03-18T01:46:00+00:00,Hamburg,101,3985,3055,3606,1931-03-18T00:52:02+00:00,1931-03-18T03:40:04+00:00,1931-03-18T01:16:00+00:00,1931-03-18T01:46:00+00:00,1800.000,0.77365834,0.17320993,0.77365834,0,0,,,,,,,"Dr. Remeis-Observatory, Bamberg, Germany",Dr. Remeis-Observatory,10.8881,49.8845,1,Astrograph,,"Hamburg-Bergedorf, Germany",Hamburger Sternwarte,53.482,10.242,1,Lippert-Astrograph,,True,5893.545115,GE100KM,True,True,True,0,,,,,,49.8845,10.8881,10.242,53.482,10.88810000,49.88450000,10.24200000,53.48200000,SWAP,NORMAL,402.491931,GE100KM,True,True,True
APPLAUSE:122429 | APPLAUSE:3995,Bamberg,208,122429,79723,104735,1931-03-19T00:44:00+00:00,1931-03-19T01:14:00+00:00,Hamburg,101,3995,3063,3617,1931-03-19T00:19:41+00:00,1931-03-19T03:36:08+00:00,1931-03-19T00:44:00+00:00,1931-03-19T01:14:00+00:00,1800.000,0.51205628,0.12605837,0.51205628,0,0,,,,,,,"Dr. Remeis-Observatory, Bamberg, Germany",Dr. Remeis-Observatory,10.8881,49.8845,1,Astrograph,,"Hamburg-Bergedorf, Germany",Hamburger Sternwarte,53.482,10.242,1,Lippert-Astrograph,,True,5893.545115,GE100KM,True,True,True,0,,,,,,49.8845,10.8881,10.242,53.482,10.88810000,49.88450000,10.24200000,53.48200000,SWAP,NORMAL,402.491931,GE100KM,True,True,True
APPLAUSE:122525 | APPLAUSE:4051,Bamberg,208,122525,79819,104828,1931-04-06T21:00:00+00:00,1931-04-06T21:30:00+00:00,Hamburg,101,4051,3115,3665,1931-04-06T20:52:30+00:00,1931-04-06T22:32:14+00:00,1931-04-06T21:00:00+00:00,1931-04-06T21:30:00+00:00,1800.000,0.02305296,0.00232565,0.02305296,0,0,,,,,,,"Dr. Remeis-Observatory, Bamberg, Germany",Dr. Remeis-Observatory,10.8881,49.8845,1,Astrograph,,"Hamburg-Bergedorf, Germany",Hamburger Sternwarte,53.482,10.242,1,Lippert-Astrograph,,True,5893.545115,GE100KM,True,True,True,0,,,,,,49.8845,10.8881,10.242,53.482,10.88810000,49.88450000,10.24200000,53.48200000,SWAP,NORMAL,402.491931,GE100KM,True,True,True
APPLAUSE:122536 | APPLAUSE:4053,Bamberg,208,122536,79830,104833,1931-04-07T20:34:00+00:00,1931-04-07T21:04:00+00:00,Hamburg,101,4053,3117,3667,1931-04-07T20:23:28+00:00,1931-04-08T00:10:51+00:00,1931-04-07T20:34:00+00:00,1931-04-07T21:04:00+00:00,1800.000,0.75679507,0.07579845,0.75679507,0,0,,,,,,,"Dr. Remeis-Observatory, Bamberg, Germany",Dr. Remeis-Observatory,10.8881,49.8845,1,Astrograph,,"Hamburg-Bergedorf, Germany",Hamburger Sternwarte,53.482,10.242,1,Lippert-Astrograph,,True,5893.545115,GE100KM,True,True,True,0,,,,,,49.8845,10.8881,10.242,53.482,10.88810000,49.88450000,10.24200000,53.48200000,SWAP,NORMAL,402.491931,GE100KM,True,True,True
APPLAUSE:122537 | APPLAUSE:4053,Bamberg,208,122537,79831,104834,1931-04-07T21:05:00+00:00,1931-04-07T21:35:00+00:00,Hamburg,101,4053,3117,3667,1931-04-07T20:23:28+00:00,1931-04-08T00:10:51+00:00,1931-04-07T21:05:00+00:00,1931-04-07T21:35:00+00:00,1800.000,0.15550167,0.01541018,0.15550167,0,0,,,,,,,"Dr. Remeis-Observatory, Bamberg, Germany",Dr. Remeis-Observatory,10.8881,49.8845,1,Astrograph,,"Hamburg-Bergedorf, Germany",Hamburger Sternwarte,53.482,10.242,1,Lippert-Astrograph,,True,5893.545115,GE100KM,True,True,True,0,,,,,,49.8845,10.8881,10.242,53.482,10.88810000,49.88450000,10.24200000,53.48200000,SWAP,NORMAL,402.491931,GE100KM,True,True,True
APPLAUSE:123264 | APPLAUSE:4237,Bamberg,208,123264,80558,105493,1931-11-04T19:39:00+00:00,1931-11-04T20:09:00+00:00,Hamburg,101,4237,3285,3883,1931-11-04T18:37:32+00:00,1931-11-04T22:00:19+00:00,1931-11-04T19:39:00+00:00,1931-11-04T20:09:00+00:00,1800.000,1.00000000,0.07900383,1.00000000,0,0,,,,,,,"Dr. Remeis-Observatory, Bamberg, Germany",Dr. Remeis-Observatory,10.8881,49.8845,1,Astrograph,,"Hamburg-Bergedorf, Germany",Hamburger Sternwarte,53.482,10.242,1,Lippert-Astrograph,,True,5893.545115,GE100KM,True,True,True,0,,,,,,49.8845,10.8881,10.242,53.482,10.88810000,49.88450000,10.24200000,53.48200000,SWAP,NORMAL,402.491931,GE100KM,True,True,True
APPLAUSE:123265 | APPLAUSE:4237,Bamberg,208,123265,80559,105494,1931-11-04T20:10:00+00:00,1931-11-04T20:40:00+00:00,Hamburg,101,4237,3285,3883,1931-11-04T18:37:32+00:00,1931-11-04T22:00:19+00:00,1931-11-04T20:10:00+00:00,1931-11-04T20:40:00+00:00,1800.000,0.18055854,0.01407269,0.18055854,0,0,,,,,,,"Dr. Remeis-Observatory, Bamberg, Germany",Dr. Remeis-Observatory,10.8881,49.8845,1,Astrograph,,"Hamburg-Bergedorf, Germany",Hamburger Sternwarte,53.482,10.242,1,Lippert-Astrograph,,True,5893.545115,GE100KM,True,True,True,0,,,,,,49.8845,10.8881,10.242,53.482,10.88810000,49.88450000,10.24200000,53.48200000,SWAP,NORMAL,402.491931,GE100KM,True,True,True
APPLAUSE:123406 | APPLAUSE:4284,Bamberg,208,123406,80700,105633,1931-12-18T04:08:00+00:00,1931-12-18T04:38:00+00:00,Hamburg,101,4284,3332,3962,1931-12-18T00:44:50+00:00,1931-12-18T04:44:10+00:00,1931-12-18T04:08:00+00:00,1931-12-18T04:38:00+00:00,1800.000,1.00000000,0.08272883,1.00000000,0,0,,,,,,,"Dr. Remeis-Observatory, Bamberg, Germany",Dr. Remeis-Observatory,10.8881,49.8845,1,Astrograph,,"Hamburg-Bergedorf, Germany",Hamburger Sternwarte,53.482,10.242,1,Lippert-Astrograph,,True,5893.545115,GE100KM,True,True,True,0,,,,,,49.8845,10.8881,10.242,53.482,10.88810000,49.88450000,10.24200000,53.48200000,SWAP,NORMAL,402.491931,GE100KM,True,True,True
APPLAUSE:123535 | APPLAUSE:4310,Bamberg,208,123535,80829,105753,1932-02-05T23:14:00+00:00,1932-02-05T23:44:00+00:00,Hamburg,101,4310,3358,4000,1932-02-05T22:15:37+00:00,1932-02-06T01:15:08+00:00,1932-02-05T23:14:00+00:00,1932-02-05T23:44:00+00:00,1800.000,0.03897747,0.00318687,0.03897747,0,0,,,,,,,"Dr. Remeis-Observatory, Bamberg, Germany",Dr. Remeis-Observatory,10.8881,49.8845,1,Astrograph,,"Hamburg-Bergedorf, Germany",Hamburger Sternwarte,53.482,10.242,1,Lippert-Astrograph,,True,5893.545115,GE100KM,True,True,True,0,,,,,,49.8845,10.8881,10.242,53.482,10.88810000,49.88450000,10.24200000,53.48200000,SWAP,NORMAL,402.491931,GE100KM,True,True,True
APPLAUSE:123622 | APPLAUSE:4334,Bamberg,208,123622,80916,105831,1932-02-25T18:41:00+00:00,1932-02-25T19:11:00+00:00,Hamburg,101,4334,3382,4027,1932-02-24T18:17:21+00:00,1932-02-25T22:06:48+00:00,1932-02-25T18:41:00+00:00,1932-02-25T19:11:00+00:00,1800.000,0.96581148,0.07902663,0.96581148,0,0,,,,,,,"Dr. Remeis-Observatory, Bamberg, Germany",Dr. Remeis-Observatory,10.8881,49.8845,1,Astrograph,,"Hamburg-Bergedorf, Germany",Hamburger Sternwarte,53.482,10.242,1,Lippert-Astrograph,,True,5893.545115,GE100KM,True,True,True,0,,,,,,49.8845,10.8881,10.242,53.482,10.88810000,49.88450000,10.24200000,53.48200000,SWAP,NORMAL,402.491931,GE100KM,True,True,True
APPLAUSE:123625 | APPLAUSE:4334,Bamberg,208,123625,80919,105834,1932-02-25T20:14:00+00:00,1932-02-25T20:44:00+00:00,Hamburg,101,4334,3382,4027,1932-02-24T18:17:21+00:00,1932-02-25T22:06:48+00:00,1932-02-25T20:14:00+00:00,1932-02-25T20:44:00+00:00,1800.000,0.09422658,0.00737936,0.09422658,0,0,,,,,,,"Dr. Remeis-Observatory, Bamberg, Germany",Dr. Remeis-Observatory,10.8881,49.8845,1,Astrograph,,"Hamburg-Bergedorf, Germany",Hamburger Sternwarte,53.482,10.242,1,Lippert-Astrograph,,True,5893.545115,GE100KM,True,True,True,0,,,,,,49.8845,10.8881,10.242,53.482,10.88810000,49.88450000,10.24200000,53.48200000,SWAP,NORMAL,402.491931,GE100KM,True,True,True
APPLAUSE:123671 | APPLAUSE:4350,Bamberg,208,123671,80965,105879,1932-02-29T22:43:00+00:00,1932-02-29T23:13:00+00:00,Hamburg,101,4350,3398,4047,1932-02-29T22:25:28+00:00,1932-02-29T23:25:18+00:00,1932-02-29T22:43:00+00:00,1932-02-29T23:13:00+00:00,1800.000,0.44974533,0.03550734,0.44974533,0,0,,,,,,,"Dr. Remeis-Observatory, Bamberg, Germany",Dr. Remeis-Observatory,10.8881,49.8845,1,Astrograph,,"Hamburg-Bergedorf, Germany",Hamburger Sternwarte,53.482,10.242,1,Lippert-Astrograph,,True,5893.545115,GE100KM,True,True,True,0,,,,,,49.8845,10.8881,10.242,53.482,10.88810000,49.88450000,10.24200000,53.48200000,SWAP,NORMAL,402.491931,GE100KM,True,True,True
APPLAUSE:123678 | APPLAUSE:4352,Bamberg,208,123678,80972,105886,1932-03-01T02:21:00+00:00,1932-03-01T02:51:00+00:00,Hamburg,101,4352,3400,4048,1932-02-29T23:50:44+00:00,1932-03-01T03:50:04+00:00,1932-03-01T02:21:00+00:00,1932-03-01T02:51:00+00:00,1800.000,0.04020232,0.00329298,0.04020232,0,0,,,,,,,"Dr. Remeis-Observatory, Bamberg, Germany",Dr. Remeis-Observatory,10.8881,49.8845,1,Astrograph,,"Hamburg-Bergedorf, Germany",Hamburger Sternwarte,53.482,10.242,1,Lippert-Astrograph,,True,5893.545115,GE100KM,True,True,True,0,,,,,,49.8845,10.8881,10.242,53.482,10.88810000,49.88450000,10.24200000,53.48200000,SWAP,NORMAL,402.491931,GE100KM,True,True,True
APPLAUSE:124004 | APPLAUSE:4423,Bamberg,208,124004,81298,106199,1932-04-27T22:15:00+00:00,1932-04-27T22:45:00+00:00,Hamburg,101,4423,3469,4143,1932-04-27T21:05:31+00:00,1932-04-27T23:05:12+00:00,1932-04-27T22:15:00+00:00,1932-04-27T22:45:00+00:00,1800.000,0.85913596,0.05316749,0.85913596,0,0,,,,,,,"Dr. Remeis-Observatory, Bamberg, Germany",Dr. Remeis-Observatory,10.8881,49.8845,1,Astrograph,,"Hamburg-Bergedorf, Germany",Hamburger Sternwarte,53.482,10.242,1,Lippert-Astrograph,,True,5893.545115,GE100KM,True,True,True,0,,,,,,49.8845,10.8881,10.242,53.482,10.88810000,49.88450000,10.24200000,53.48200000,SWAP,NORMAL,402.491931,GE100KM,True,True,True
APPLAUSE:124057 | APPLAUSE:4426,Bamberg,208,124057,81351,106252,1932-04-30T01:29:00+00:00,1932-04-30T01:59:00+00:00,Hamburg,101,4426,3472,4144,1932-04-27T23:57:18+00:00,1932-05-06T01:30:15+00:00,1932-04-30T01:29:00+00:00,1932-04-30T01:59:00+00:00,1800.000,0.67415103,0.05292374,0.67415103,0,0,,,,,,,"Dr. Remeis-Observatory, Bamberg, Germany",Dr. Remeis-Observatory,10.8881,49.8845,1,Astrograph,,"Hamburg-Bergedorf, Germany",Hamburger Sternwarte,53.482,10.242,1,Lippert-Astrograph,,True,5893.545115,GE100KM,True,True,True,0,,,,,,49.8845,10.8881,10.242,53.482,10.88810000,49.88450000,10.24200000,53.48200000,SWAP,NORMAL,402.491931,GE100KM,True,True,True
APPLAUSE:124069 | APPLAUSE:4426,Bamberg,208,124069,81363,106264,1932-05-01T00:58:00+00:00,1932-05-01T01:28:00+00:00,Hamburg,101,4426,3472,4144,1932-04-27T23:57:18+00:00,1932-05-06T01:30:15+00:00,1932-05-01T00:58:00+00:00,1932-05-01T01:28:00+00:00,1800.000,1.00000000,0.08105803,1.00000000,0,0,,,,,,,"Dr. Remeis-Observatory, Bamberg, Germany",Dr. Remeis-Observatory,10.8881,49.8845,1,Astrograph,,"Hamburg-Bergedorf, Germany",Hamburger Sternwarte,53.482,10.242,1,Lippert-Astrograph,,True,5893.545115,GE100KM,True,True,True,0,,,,,,49.8845,10.8881,10.242,53.482,10.88810000,49.88450000,10.24200000,53.48200000,SWAP,NORMAL,402.491931,GE100KM,True,True,True
APPLAUSE:124092 | APPLAUSE:4426,Bamberg,208,124092,81386,106286,1932-05-06T00:25:00+00:00,1932-05-06T00:55:00+00:00,Hamburg,101,4426,3472,4144,1932-04-27T23:57:18+00:00,1932-05-06T01:30:15+00:00,1932-05-06T00:25:00+00:00,1932-05-06T00:55:00+00:00,1800.000,0.62773168,0.04924338,0.62773168,0,0,,,,,,,"Dr. Remeis-Observatory, Bamberg, Germany",Dr. Remeis-Observatory,10.8881,49.8845,1,Astrograph,,"Hamburg-Bergedorf, Germany",Hamburger Sternwarte,53.482,10.242,1,Lippert-Astrograph,,True,5893.545115,GE100KM,True,True,True,0,,,,,,49.8845,10.8881,10.242,53.482,10.88810000,49.88450000,10.24200000,53.48200000,SWAP,NORMAL,402.491931,GE100KM,True,True,True
APPLAUSE:124093 | APPLAUSE:4426,Bamberg,208,124093,81387,106287,1932-05-06T00:56:00+00:00,1932-05-06T01:26:00+00:00,Hamburg,101,4426,3472,4144,1932-04-27T23:57:18+00:00,1932-05-06T01:30:15+00:00,1932-05-06T00:56:00+00:00,1932-05-06T01:26:00+00:00,1800.000,0.13757310,0.01069654,0.13757310,0,0,,,,,,,"Dr. Remeis-Observatory, Bamberg, Germany",Dr. Remeis-Observatory,10.8881,49.8845,1,Astrograph,,"Hamburg-Bergedorf, Germany",Hamburger Sternwarte,53.482,10.242,1,Lippert-Astrograph,,True,5893.545115,GE100KM,True,True,True,0,,,,,,49.8845,10.8881,10.242,53.482,10.88810000,49.88450000,10.24200000,53.48200000,SWAP,NORMAL,402.491931,GE100KM,True,True,True
APPLAUSE:124856 | APPLAUSE:4528,Bamberg,208,124856,82150,107001,1932-10-04T22:45:00+00:00,1932-10-04T23:15:00+00:00,Hamburg,101,4528,3568,4284,1932-10-04T20:57:43+00:00,1932-10-04T23:21:20+00:00,1932-10-04T22:45:00+00:00,1932-10-04T23:15:00+00:00,1800.000,0.94467626,0.09328057,0.94467626,0,0,,,,,,,"Dr. Remeis-Observatory, Bamberg, Germany",Dr. Remeis-Observatory,10.8881,49.8845,1,Astrograph,,"Hamburg-Bergedorf, Germany",Hamburger Sternwarte,53.482,10.242,1,Lippert-Astrograph,,True,5893.545115,GE100KM,True,True,True,0,,,,,,49.8845,10.8881,10.242,53.482,10.88810000,49.88450000,10.24200000,53.48200000,SWAP,NORMAL,402.491931,GE100KM,True,True,True
APPLAUSE:125163 | APPLAUSE:4753,Bamberg,208,125163,82457,107283,1933-01-25T20:38:00+00:00,1933-01-25T21:08:00+00:00,Hamburg,101,4753,3713,4436,1933-01-25T19:11:30+00:00,1933-01-25T22:23:59+00:00,1933-01-25T20:38:00+00:00,1933-01-25T21:08:00+00:00,1800.000,0.97306134,0.05998514,0.97306134,0,0,,,,,,,"Dr. Remeis-Observatory, Bamberg, Germany",Dr. Remeis-Observatory,10.8881,49.8845,1,Astrograph,,"Hamburg-Bergedorf, Germany",Hamburger Sternwarte,53.482,10.242,1,Lippert-Astrograph,,True,5893.545115,GE100KM,True,True,True,0,,,,,,49.8845,10.8881,10.242,53.482,10.88810000,49.88450000,10.24200000,53.48200000,SWAP,NORMAL,402.491931,GE100KM,True,True,True
APPLAUSE:125450 | APPLAUSE:4859,Bamberg,208,125450,82744,107569,1933-03-21T20:02:00+00:00,1933-03-21T20:32:00+00:00,Hamburg,101,4859,3764,4497,1933-03-21T19:02:50+00:00,1933-03-21T20:48:34+00:00,1933-03-21T20:02:00+00:00,1933-03-21T20:32:00+00:00,1800.000,1.00000000,0.08267003,1.00000000,0,0,,,,,,,"Dr. Remeis-Observatory, Bamberg, Germany",Dr. Remeis-Observatory,10.8881,49.8845,1,Astrograph,,"Hamburg-Bergedorf, Germany",Hamburger Sternwarte,53.482,10.242,1,Lippert-Astrograph,,True,5893.545115,GE100KM,True,True,True,0,,,,,,49.8845,10.8881,10.242,53.482,10.88810000,49.88450000,10.24200000,53.48200000,SWAP,NORMAL,402.491931,GE100KM,True,True,True
APPLAUSE:125454 | APPLAUSE:4861,Bamberg,208,125454,82748,107573,1933-03-21T22:07:00+00:00,1933-03-21T22:37:00+00:00,Hamburg,101,4861,3766,4499,1933-03-21T21:22:28+00:00,1933-03-22T00:42:45+00:00,1933-03-21T22:07:00+00:00,1933-03-21T22:37:00+00:00,1800.000,0.01889751,0.00151355,0.01889751,0,0,,,,,,,"Dr. Remeis-Observatory, Bamberg, Germany",Dr. Remeis-Observatory,10.8881,49.8845,1,Astrograph,,"Hamburg-Bergedorf, Germany",Hamburger Sternwarte,53.482,10.242,1,Lippert-Astrograph,,True,5893.545115,GE100KM,True,True,True,0,,,,,,49.8845,10.8881,10.242,53.482,10.88810000,49.88450000,10.24200000,53.48200000,SWAP,NORMAL,402.491931,GE100KM,True,True,True
APPLAUSE:125503 | APPLAUSE:4896,Bamberg,208,125503,82797,107618,1933-03-25T23:20:00+00:00,1933-03-25T23:50:00+00:00,Hamburg,101,4896,3795,4532,1933-03-25T21:54:37+00:00,1933-03-26T01:19:03+00:00,1933-03-25T23:20:00+00:00,1933-03-25T23:50:00+00:00,1800.000,1.00000000,0.08085926,1.00000000,0,0,,,,,,,"Dr. Remeis-Observatory, Bamberg, Germany",Dr. Remeis-Observatory,10.8881,49.8845,1,Astrograph,,"Hamburg-Bergedorf, Germany",Hamburger Sternwarte,53.482,10.242,1,Lippert-Astrograph,,True,5893.545115,GE100KM,True,True,True,0,,,,,,49.8845,10.8881,10.242,53.482,10.88810000,49.88450000,10.24200000,53.48200000,SWAP,NORMAL,402.491931,GE100KM,True,True,True
APPLAUSE:125614 | APPLAUSE:4925,Bamberg,208,125614,82908,107729,1933-04-13T20:14:00+00:00,1933-04-13T20:44:00+00:00,Hamburg,101,4925,3815,4550,1933-04-13T20:11:49+00:00,1933-04-13T21:40:54+00:00,1933-04-13T20:14:00+00:00,1933-04-13T20:44:00+00:00,1800.000,0.50302752,0.04162909,0.50302752,0,0,,,,,,,"Dr. Remeis-Observatory, Bamberg, Germany",Dr. Remeis-Observatory,10.8881,49.8845,1,Astrograph,,"Hamburg-Bergedorf, Germany",Hamburger Sternwarte,53.482,10.242,1,Lippert-Astrograph,,True,5893.545115,GE100KM,True,True,True,0,,,,,,49.8845,10.8881,10.242,53.482,10.88810000,49.88450000,10.24200000,53.48200000,SWAP,NORMAL,402.491931,GE100KM,True,True,True
APPLAUSE:125695 | APPLAUSE:4937,Bamberg,208,125695,82989,107810,1933-04-22T22:10:00+00:00,1933-04-22T22:40:00+00:00,Hamburg,101,4937,3827,4560,1933-04-22T21:03:21+00:00,1933-04-23T00:02:52+00:00,1933-04-22T22:10:00+00:00,1933-04-22T22:40:00+00:00,1800.000,0.47473269,0.03769760,0.47473269,0,0,,,,,,,"Dr. Remeis-Observatory, Bamberg, Germany",Dr. Remeis-Observatory,10.8881,49.8845,1,Astrograph,,"Hamburg-Bergedorf, Germany",Hamburger Sternwarte,53.482,10.242,1,Lippert-Astrograph,,True,5893.545115,GE100KM,True,True,True,0,,,,,,49.8845,10.8881,10.242,53.482,10.88810000,49.88450000,10.24200000,53.48200000,SWAP,NORMAL,402.491931,GE100KM,True,True,True
APPLAUSE:125726 | APPLAUSE:4947,Bamberg,208,125726,83020,107841,1933-04-26T21:15:00+00:00,1933-04-26T21:45:00+00:00,Hamburg,101,4947,3837,4569,1933-04-26T20:38:29+00:00,1933-04-26T23:57:57+00:00,1933-04-26T21:15:00+00:00,1933-04-26T21:45:00+00:00,1800.000,0.20818692,0.01719622,0.20818692,0,0,,,,,,,"Dr. Remeis-Observatory, Bamberg, Germany",Dr. Remeis-Observatory,10.8881,49.8845,1,Astrograph,,"Hamburg-Bergedorf, Germany",Hamburger Sternwarte,53.482,10.242,1,Lippert-Astrograph,,True,5893.545115,GE100KM,True,True,True,0,,,,,,49.8845,10.8881,10.242,53.482,10.88810000,49.88450000,10.24200000,53.48200000,SWAP,NORMAL,402.491931,GE100KM,True,True,True
APPLAUSE:125757 | APPLAUSE:4947,Bamberg,208,125757,83051,107872,1933-04-26T21:15:00+00:00,1933-04-26T21:45:00+00:00,Hamburg,101,4947,3837,4569,1933-04-26T20:38:29+00:00,1933-04-26T23:57:57+00:00,1933-04-26T21:15:00+00:00,1933-04-26T21:45:00+00:00,1800.000,0.06924830,0.00433346,0.06924830,0,0,,,,,,,"Dr. Remeis-Observatory, Bamberg, Germany",Dr. Remeis-Observatory,10.8881,49.8845,1,Astrograph,,"Hamburg-Bergedorf, Germany",Hamburger Sternwarte,53.482,10.242,1,Lippert-Astrograph,,True,5893.545115,GE100KM,True,True,True,0,,,,,,49.8845,10.8881,10.242,53.482,10.88810000,49.88450000,10.24200000,53.48200000,SWAP,NORMAL,402.491931,GE100KM,True,True,True
APPLAUSE:125782 | APPLAUSE:4955,Bamberg,208,125782,83076,107897,1933-04-28T00:28:00+00:00,1933-04-28T00:58:00+00:00,Hamburg,101,4955,3842,4574,1933-04-27T23:55:08+00:00,1933-04-28T02:09:03+00:00,1933-04-28T00:28:00+00:00,1933-04-28T00:58:00+00:00,1800.000,0.00819715,0.00065984,0.00819715,0,0,,,,,,,"Dr. Remeis-Observatory, Bamberg, Germany",Dr. Remeis-Observatory,10.8881,49.8845,1,Astrograph,,"Hamburg-Bergedorf, Germany",Hamburger Sternwarte,53.482,10.242,1,Lippert-Astrograph,,True,5893.545115,GE100KM,True,True,True,0,,,,,,49.8845,10.8881,10.242,53.482,10.88810000,49.88450000,10.24200000,53.48200000,SWAP,NORMAL,402.491931,GE100KM,True,True,True
APPLAUSE:125922 | APPLAUSE:5018,Bamberg,208,125922,83216,108037,1933-07-27T22:45:00+00:00,1933-07-27T23:15:00+00:00,Hamburg,101,5018,3873,4601,1933-07-27T21:46:35+00:00,1933-07-28T00:46:06+00:00,1933-07-27T22:45:00+00:00,1933-07-27T23:15:00+00:00,1800.000,1.00000000,0.08021123,1.00000000,0,0,,,,,,,"Dr. Remeis-Observatory, Bamberg, Germany",Dr. Remeis-Observatory,10.8881,49.8845,1,Astrograph,,"Hamburg-Bergedorf, Germany",Hamburger Sternwarte,53.482,10.242,1,Lippert-Astrograph,,True,5893.545115,GE100KM,True,True,True,0,,,,,,49.8845,10.8881,10.242,53.482,10.88810000,49.88450000,10.24200000,53.48200000,SWAP,NORMAL,402.491931,GE100KM,True,True,True
APPLAUSE:125985 | APPLAUSE:5018,Bamberg,208,125985,83279,108099,1933-07-27T22:45:00+00:00,1933-07-27T23:15:00+00:00,Hamburg,101,5018,3873,4601,1933-07-27T21:46:35+00:00,1933-07-28T00:46:06+00:00,1933-07-27T22:45:00+00:00,1933-07-27T23:15:00+00:00,1800.000,0.86577380,0.05570504,0.86577380,0,0,,,,,,,"Dr. Remeis-Observatory, Bamberg, Germany",Dr. Remeis-Observatory,10.8881,49.8845,1,Astrograph,,"Hamburg-Bergedorf, Germany",Hamburger Sternwarte,53.482,10.242,1,Lippert-Astrograph,,True,5893.545115,GE100KM,True,True,True,0,,,,,,49.8845,10.8881,10.242,53.482,10.88810000,49.88450000,10.24200000,53.48200000,SWAP,NORMAL,402.491931,GE100KM,True,True,True
APPLAUSE:126122 | APPLAUSE:5067,Bamberg,208,126122,83416,108235,1933-08-29T01:03:00+00:00,1933-08-29T01:33:00+00:00,Hamburg,101,5067,3905,4623,1933-08-28T23:21:10+00:00,1933-08-29T01:57:44+00:00,1933-08-29T01:03:00+00:00,1933-08-29T01:33:00+00:00,1800.000,0.99903106,0.08017891,0.99903106,0,0,,,,,,,"Dr. Remeis-Observatory, Bamberg, Germany",Dr. Remeis-Observatory,10.8881,49.8845,1,Astrograph,,"Hamburg-Bergedorf, Germany",Hamburger Sternwarte,53.482,10.242,1,Lippert-Astrograph,,True,5893.545115,GE100KM,True,True,True,0,,,,,,49.8845,10.8881,10.242,53.482,10.88810000,49.88450000,10.24200000,53.48200000,SWAP,NORMAL,402.491931,GE100KM,True,True,True
APPLAUSE:126153 | APPLAUSE:5072,Bamberg,208,126153,83447,108266,1933-08-29T23:44:00+00:00,1933-08-30T00:14:00+00:00,Hamburg,101,5072,3909,4627,1933-08-29T22:54:18+00:00,1933-08-30T01:53:48+00:00,1933-08-29T23:44:00+00:00,1933-08-30T00:14:00+00:00,1800.000,1.00000000,0.08314584,1.00000000,0,0,,,,,,,"Dr. Remeis-Observatory, Bamberg, Germany",Dr. Remeis-Observatory,10.8881,49.8845,1,Astrograph,,"Hamburg-Bergedorf, Germany",Hamburger Sternwarte,53.482,10.242,1,Lippert-Astrograph,,True,5893.545115,GE100KM,True,True,True,0,,,,,,49.8845,10.8881,10.242,53.482,10.88810000,49.88450000,10.24200000,53.48200000,SWAP,NORMAL,402.491931,GE100KM,True,True,True
APPLAUSE:126235 | APPLAUSE:5085,Bamberg,208,126235,83529,108348,1933-09-16T21:29:00+00:00,1933-09-16T21:59:00+00:00,Hamburg,101,5085,3918,4633,1933-09-16T20:56:39+00:00,1933-09-17T23:53:13+00:00,1933-09-16T21:29:00+00:00,1933-09-16T21:59:00+00:00,1800.000,0.92363397,0.07468036,0.92363397,0,1,,,,,1.000000,A_LE30MIN,"Dr. Remeis-Observatory, Bamberg, Germany",Dr. Remeis-Observatory,10.8881,49.8845,1,Astrograph,,"Hamburg-Bergedorf, Germany",Hamburger Sternwarte,53.482,10.242,1,Lippert-Astrograph,,True,5893.545115,GE100KM,True,True,True,0,,,,,,49.8845,10.8881,10.242,53.482,10.88810000,49.88450000,10.24200000,53.48200000,SWAP,NORMAL,402.491931,GE100KM,True,True,True
APPLAUSE:128301 | APPLAUSE:6793,Bamberg,208,128301,85575,110314,1935-11-14T17:39:00+00:00,1935-11-14T18:09:00+00:00,Hamburg,101,6793,4396,5169,1935-11-14T17:26:00+00:00,1935-11-14T18:10:53+00:00,1935-11-14T17:39:00+00:00,1935-11-14T18:09:00+00:00,1800.000,1.00000000,0.06464965,1.00000000,0,0,,,,,,,"Dr. Remeis-Observatory, Bamberg, Germany",Dr. Remeis-Observatory,10.8881,49.8845,1,Astrograph,,"Hamburg-Bergedorf, Germany",Hamburger Sternwarte,53.482,10.242,1,Lippert-Astrograph,,True,5893.545115,GE100KM,True,True,True,0,,,,,,49.8845,10.8881,10.242,53.482,10.88810000,49.88450000,10.24200000,53.48200000,SWAP,NORMAL,402.491931,GE100KM,True,True,True
APPLAUSE:128516 | APPLAUSE:6885,Bamberg,208,128516,85789,110526,1936-03-19T00:26:00+00:00,1936-03-19T00:56:00+00:00,Hamburg,101,6885,4418,5204,1936-03-19T00:21:04+00:00,1936-03-19T01:20:54+00:00,1936-03-19T00:26:00+00:00,1936-03-19T00:56:00+00:00,1800.000,0.37611562,0.02390217,0.37611562,0,0,,,,,,,"Dr. Remeis-Observatory, Bamberg, Germany",Dr. Remeis-Observatory,10.8881,49.8845,1,Astrograph,,"Hamburg-Bergedorf, Germany",Hamburger Sternwarte,53.482,10.242,1,Lippert-Astrograph,,True,5893.545115,GE100KM,True,True,True,0,,,,,,49.8845,10.8881,10.242,53.482,10.88810000,49.88450000,10.24200000,53.48200000,SWAP,NORMAL,402.491931,GE100KM,True,True,True
APPLAUSE:128521 | APPLAUSE:6888,Bamberg,208,128521,85794,110531,1936-03-19T20:10:00+00:00,1936-03-19T20:40:00+00:00,Hamburg,101,6888,4421,5207,1936-03-19T18:59:59+00:00,1936-03-19T22:59:21+00:00,1936-03-19T20:10:00+00:00,1936-03-19T20:40:00+00:00,1800.000,1.00000000,0.08436980,1.00000000,0,0,,,,,,,"Dr. Remeis-Observatory, Bamberg, Germany",Dr. Remeis-Observatory,10.8881,49.8845,1,Astrograph,,"Hamburg-Bergedorf, Germany",Hamburger Sternwarte,53.482,10.242,1,Lippert-Astrograph,,True,5893.545115,GE100KM,True,True,True,0,,,,,,49.8845,10.8881,10.242,53.482,10.88810000,49.88450000,10.24200000,53.48200000,SWAP,NORMAL,402.491931,GE100KM,True,True,True
APPLAUSE:128533 | APPLAUSE:6888,Bamberg,208,128533,85806,110543,1936-03-19T20:10:00+00:00,1936-03-19T20:40:00+00:00,Hamburg,101,6888,4421,5207,1936-03-19T18:59:59+00:00,1936-03-19T22:59:21+00:00,1936-03-19T20:10:00+00:00,1936-03-19T20:40:00+00:00,1800.000,1.00000000,0.06514764,1.00000000,0,0,,,,,,,"Dr. Remeis-Observatory, Bamberg, Germany",Dr. Remeis-Observatory,10.8881,49.8845,1,Astrograph,,"Hamburg-Bergedorf, Germany",Hamburger Sternwarte,53.482,10.242,1,Lippert-Astrograph,,True,5893.545115,GE100KM,True,True,True,0,,,,,,49.8845,10.8881,10.242,53.482,10.88810000,49.88450000,10.24200000,53.48200000,SWAP,NORMAL,402.491931,GE100KM,True,True,True
APPLAUSE:128556 | APPLAUSE:6932,Bamberg,208,128556,85828,110564,1936-03-21T00:57:00+00:00,1936-03-21T01:27:00+00:00,Hamburg,101,6932,4429,5220,1936-03-21T00:30:09+00:00,1936-03-21T01:29:59+00:00,1936-03-21T00:57:00+00:00,1936-03-21T01:27:00+00:00,1800.000,0.39547041,0.02514902,0.39547041,0,0,,,,,,,"Dr. Remeis-Observatory, Bamberg, Germany",Dr. Remeis-Observatory,10.8881,49.8845,1,Astrograph,,"Hamburg-Bergedorf, Germany",Hamburger Sternwarte,53.482,10.242,1,Lippert-Astrograph,,True,5893.545115,GE100KM,True,True,True,0,,,,,,49.8845,10.8881,10.242,53.482,10.88810000,49.88450000,10.24200000,53.48200000,SWAP,NORMAL,402.491931,GE100KM,True,True,True
APPLAUSE:128925 | APPLAUSE:7131,Bamberg,208,128925,86195,110919,1936-09-17T00:28:00+00:00,1936-09-17T00:58:00+00:00,Hamburg,101,7131,4542,5407,1936-09-17T00:09:33+00:00,1936-09-17T01:09:23+00:00,1936-09-17T00:28:00+00:00,1936-09-17T00:58:00+00:00,1800.000,0.57714742,0.04879355,0.57714742,0,0,,,,,,,"Dr. Remeis-Observatory, Bamberg, Germany",Dr. Remeis-Observatory,10.8881,49.8845,1,Astrograph,,"Hamburg-Bergedorf, Germany",Hamburger Sternwarte,53.482,10.242,1,Lippert-Astrograph,,True,5893.545115,GE100KM,True,True,True,0,,,,,,49.8845,10.8881,10.242,53.482,10.88810000,49.88450000,10.24200000,53.48200000,SWAP,NORMAL,402.491931,GE100KM,True,True,True
APPLAUSE:129553 | APPLAUSE:7826,Bamberg,208,129553,86823,111542,1938-02-19T19:46:00+00:00,1938-02-19T20:16:00+00:00,Hamburg,101,7826,4942,6098,1938-02-19T18:07:56+00:00,1938-02-19T21:07:27+00:00,1938-02-19T19:46:00+00:00,1938-02-19T20:16:00+00:00,1800.000,0.61808464,0.03947434,0.61808464,0,0,,,,,,,"Dr. Remeis-Observatory, Bamberg, Germany",Dr. Remeis-Observatory,10.8881,49.8845,1,Astrograph,,"Hamburg-Bergedorf, Germany",Hamburger Sternwarte,53.482,10.242,1,Lippert-Astrograph,,True,5893.545115,GE100KM,True,True,True,0,,,,,,49.8845,10.8881,10.242,53.482,10.88810000,49.88450000,10.24200000,53.48200000,SWAP,NORMAL,402.491931,GE100KM,True,True,True
APPLAUSE:129641 | APPLAUSE:7832,Bamberg,208,129641,86911,111630,1938-02-24T23:35:00+00:00,1938-02-25T00:05:00+00:00,Hamburg,101,7832,4948,6105,1938-02-24T23:26:37+00:00,1938-02-25T00:26:27+00:00,1938-02-24T23:35:00+00:00,1938-02-25T00:05:00+00:00,1800.000,0.31697293,0.02030466,0.31697293,0,0,,,,,,,"Dr. Remeis-Observatory, Bamberg, Germany",Dr. Remeis-Observatory,10.8881,49.8845,1,Astrograph,,"Hamburg-Bergedorf, Germany",Hamburger Sternwarte,53.482,10.242,1,Lippert-Astrograph,,True,5893.545115,GE100KM,True,True,True,0,,,,,,49.8845,10.8881,10.242,53.482,10.88810000,49.88450000,10.24200000,53.48200000,SWAP,NORMAL,402.491931,GE100KM,True,True,True
APPLAUSE:129647 | APPLAUSE:7842,Bamberg,208,129647,86917,111636,1938-02-25T19:45:00+00:00,1938-02-25T20:15:00+00:00,Hamburg,101,7842,4958,6118,1938-02-25T18:47:10+00:00,1938-02-25T21:46:41+00:00,1938-02-25T19:45:00+00:00,1938-02-25T20:15:00+00:00,1800.000,0.28656659,0.02387947,0.28656659,0,0,,,,,,,"Dr. Remeis-Observatory, Bamberg, Germany",Dr. Remeis-Observatory,10.8881,49.8845,1,Astrograph,,"Hamburg-Bergedorf, Germany",Hamburger Sternwarte,53.482,10.242,1,Lippert-Astrograph,,True,5893.545115,GE100KM,True,True,True,0,,,,,,49.8845,10.8881,10.242,53.482,10.88810000,49.88450000,10.24200000,53.48200000,SWAP,NORMAL,402.491931,GE100KM,True,True,True
APPLAUSE:129648 | APPLAUSE:7842,Bamberg,208,129648,86918,111637,1938-02-25T20:16:00+00:00,1938-02-25T20:46:00+00:00,Hamburg,101,7842,4958,6118,1938-02-25T18:47:10+00:00,1938-02-25T21:46:41+00:00,1938-02-25T20:16:00+00:00,1938-02-25T20:46:00+00:00,1800.000,1.00000000,0.08098083,1.00000000,0,0,,,,,,,"Dr. Remeis-Observatory, Bamberg, Germany",Dr. Remeis-Observatory,10.8881,49.8845,1,Astrograph,,"Hamburg-Bergedorf, Germany",Hamburger Sternwarte,53.482,10.242,1,Lippert-Astrograph,,True,5893.545115,GE100KM,True,True,True,0,,,,,,49.8845,10.8881,10.242,53.482,10.88810000,49.88450000,10.24200000,53.48200000,SWAP,NORMAL,402.491931,GE100KM,True,True,True
APPLAUSE:129656 | APPLAUSE:7850,Bamberg,208,129656,86926,111645,1938-02-26T00:34:00+00:00,1938-02-26T01:04:00+00:00,Hamburg,101,7850,4966,6120,1938-02-25T23:40:23+00:00,1938-02-26T02:30:54+00:00,1938-02-26T00:34:00+00:00,1938-02-26T01:04:00+00:00,1800.000,1.00000000,0.08423303,1.00000000,0,0,,,,,,,"Dr. Remeis-Observatory, Bamberg, Germany",Dr. Remeis-Observatory,10.8881,49.8845,1,Astrograph,,"Hamburg-Bergedorf, Germany",Hamburger Sternwarte,53.482,10.242,1,Lippert-Astrograph,,True,5893.545115,GE100KM,True,True,True,0,,,,,,49.8845,10.8881,10.242,53.482,10.88810000,49.88450000,10.24200000,53.48200000,SWAP,NORMAL,402.491931,GE100KM,True,True,True
APPLAUSE:129663 | APPLAUSE:7842,Bamberg,208,129663,86933,111652,1938-02-25T20:16:00+00:00,1938-02-25T20:46:00+00:00,Hamburg,101,7842,4958,6118,1938-02-25T18:47:10+00:00,1938-02-25T21:46:41+00:00,1938-02-25T20:16:00+00:00,1938-02-25T20:46:00+00:00,1800.000,1.00000000,0.06432150,1.00000000,0,0,,,,,,,"Dr. Remeis-Observatory, Bamberg, Germany",Dr. Remeis-Observatory,10.8881,49.8845,1,Astrograph,,"Hamburg-Bergedorf, Germany",Hamburger Sternwarte,53.482,10.242,1,Lippert-Astrograph,,True,5893.545115,GE100KM,True,True,True,0,,,,,,49.8845,10.8881,10.242,53.482,10.88810000,49.88450000,10.24200000,53.48200000,SWAP,NORMAL,402.491931,GE100KM,True,True,True
APPLAUSE:129750 | APPLAUSE:7870,Bamberg,208,129750,87020,111739,1938-03-21T20:52:00+00:00,1938-03-21T21:22:00+00:00,Hamburg,101,7870,4986,6138,1938-03-21T20:45:14+00:00,1938-03-21T22:59:52+00:00,1938-03-21T20:52:00+00:00,1938-03-21T21:22:00+00:00,1800.000,0.10035458,0.00834287,0.10035458,0,0,,,,,,,"Dr. Remeis-Observatory, Bamberg, Germany",Dr. Remeis-Observatory,10.8881,49.8845,1,Astrograph,,"Hamburg-Bergedorf, Germany",Hamburger Sternwarte,53.482,10.242,1,Lippert-Astrograph,,True,5893.545115,GE100KM,True,True,True,0,,,,,,49.8845,10.8881,10.242,53.482,10.88810000,49.88450000,10.24200000,53.48200000,SWAP,NORMAL,402.491931,GE100KM,True,True,True
APPLAUSE:129751 | APPLAUSE:7870,Bamberg,208,129751,87021,111740,1938-03-21T21:23:00+00:00,1938-03-21T21:53:00+00:00,Hamburg,101,7870,4986,6138,1938-03-21T20:45:14+00:00,1938-03-21T22:59:52+00:00,1938-03-21T21:23:00+00:00,1938-03-21T21:53:00+00:00,1800.000,1.00000000,0.08159537,1.00000000,0,0,,,,,,,"Dr. Remeis-Observatory, Bamberg, Germany",Dr. Remeis-Observatory,10.8881,49.8845,1,Astrograph,,"Hamburg-Bergedorf, Germany",Hamburger Sternwarte,53.482,10.242,1,Lippert-Astrograph,,True,5893.545115,GE100KM,True,True,True,0,,,,,,49.8845,10.8881,10.242,53.482,10.88810000,49.88450000,10.24200000,53.48200000,SWAP,NORMAL,402.491931,GE100KM,True,True,True
APPLAUSE:129759 | APPLAUSE:7872,Bamberg,208,129759,87029,111748,1938-03-22T19:30:00+00:00,1938-03-22T20:00:00+00:00,Hamburg,101,7872,4988,6140,1938-03-22T19:23:31+00:00,1938-03-22T20:23:21+00:00,1938-03-22T19:30:00+00:00,1938-03-22T20:00:00+00:00,1800.000,1.00000000,0.08154359,1.00000000,0,0,,,,,,,"Dr. Remeis-Observatory, Bamberg, Germany",Dr. Remeis-Observatory,10.8881,49.8845,1,Astrograph,,"Hamburg-Bergedorf, Germany",Hamburger Sternwarte,53.482,10.242,1,Lippert-Astrograph,,True,5893.545115,GE100KM,True,True,True,0,,,,,,49.8845,10.8881,10.242,53.482,10.88810000,49.88450000,10.24200000,53.48200000,SWAP,NORMAL,402.491931,GE100KM,True,True,True
APPLAUSE:130098 | APPLAUSE:8112,Bamberg,208,130098,87362,112062,1938-09-01T21:51:00+00:00,1938-09-01T22:21:00+00:00,Hamburg,101,8112,5067,6219,1938-09-01T21:19:33+00:00,1938-09-01T23:19:14+00:00,1938-09-01T21:51:00+00:00,1938-09-01T22:21:00+00:00,1800.000,0.55905412,0.04650286,0.55905412,0,0,,,,,,,"Dr. Remeis-Observatory, Bamberg, Germany",Dr. Remeis-Observatory,10.8881,49.8845,1,Astrograph,,"Hamburg-Bergedorf, Germany",Hamburger Sternwarte,53.482,10.242,1,Lippert-Astrograph,,True,5893.545115,GE100KM,True,True,True,0,,,,,,49.8845,10.8881,10.242,53.482,10.88810000,49.88450000,10.24200000,53.48200000,SWAP,NORMAL,402.491931,GE100KM,True,True,True
APPLAUSE:130104 | APPLAUSE:8114,Bamberg,208,130104,87368,112068,1938-09-02T00:57:00+00:00,1938-09-02T01:27:00+00:00,Hamburg,101,8114,5069,6222,1938-09-02T00:53:58+00:00,1938-09-02T01:53:48+00:00,1938-09-02T00:57:00+00:00,1938-09-02T01:27:00+00:00,1800.000,0.00164604,0.00013616,0.00164604,0,0,,,,,,,"Dr. Remeis-Observatory, Bamberg, Germany",Dr. Remeis-Observatory,10.8881,49.8845,1,Astrograph,,"Hamburg-Bergedorf, Germany",Hamburger Sternwarte,53.482,10.242,1,Lippert-Astrograph,,True,5893.545115,GE100KM,True,True,True,0,,,,,,49.8845,10.8881,10.242,53.482,10.88810000,49.88450000,10.24200000,53.48200000,SWAP,NORMAL,402.491931,GE100KM,True,True,True
APPLAUSE:130186 | APPLAUSE:8132,Bamberg,208,130186,87450,112150,1938-09-24T19:22:00+00:00,1938-09-24T19:52:00+00:00,Hamburg,101,8132,5087,6247,1938-09-24T19:15:13+00:00,1938-09-24T20:19:02+00:00,1938-09-24T19:22:00+00:00,1938-09-24T19:52:00+00:00,1800.000,0.15842513,0.01278009,0.15842513,0,0,,,,,,,"Dr. Remeis-Observatory, Bamberg, Germany",Dr. Remeis-Observatory,10.8881,49.8845,1,Astrograph,,"Hamburg-Bergedorf, Germany",Hamburger Sternwarte,53.482,10.242,1,Lippert-Astrograph,,True,5893.545115,GE100KM,True,True,True,0,,,,,,49.8845,10.8881,10.242,53.482,10.88810000,49.88450000,10.24200000,53.48200000,SWAP,NORMAL,402.491931,GE100KM,True,True,True
APPLAUSE:130241 | APPLAUSE:8142,Bamberg,208,130241,87505,112205,1938-09-27T01:25:00+00:00,1938-09-27T01:55:00+00:00,Hamburg,101,8142,5097,6259,1938-09-27T00:59:23+00:00,1938-09-27T03:28:58+00:00,1938-09-27T01:25:00+00:00,1938-09-27T01:55:00+00:00,1800.000,0.01858922,0.00148711,0.01858922,0,0,,,,,,,"Dr. Remeis-Observatory, Bamberg, Germany",Dr. Remeis-Observatory,10.8881,49.8845,1,Astrograph,,"Hamburg-Bergedorf, Germany",Hamburger Sternwarte,53.482,10.242,1,Lippert-Astrograph,,True,5893.545115,GE100KM,True,True,True,0,,,,,,49.8845,10.8881,10.242,53.482,10.88810000,49.88450000,10.24200000,53.48200000,SWAP,NORMAL,402.491931,GE100KM,True,True,True
APPLAUSE:130260 | APPLAUSE:8144,Bamberg,208,130260,87524,112224,1938-09-28T19:52:00+00:00,1938-09-28T20:22:00+00:00,Hamburg,101,8144,5099,6261,1938-09-28T19:39:22+00:00,1938-09-28T23:38:44+00:00,1938-09-28T19:52:00+00:00,1938-09-28T20:22:00+00:00,1800.000,0.17814443,0.01472948,0.17814443,0,0,,,,,,,"Dr. Remeis-Observatory, Bamberg, Germany",Dr. Remeis-Observatory,10.8881,49.8845,1,Astrograph,,"Hamburg-Bergedorf, Germany",Hamburger Sternwarte,53.482,10.242,1,Lippert-Astrograph,,True,5893.545115,GE100KM,True,True,True,0,,,,,,49.8845,10.8881,10.242,53.482,10.88810000,49.88450000,10.24200000,53.48200000,SWAP,NORMAL,402.491931,GE100KM,True,True,True
APPLAUSE:130334 | APPLAUSE:79120,Bamberg,208,130334,87561,112251,1938-10-20T19:26:00+00:00,1938-10-20T19:56:00+00:00,Potsdam,1,79120,24611,27068,1938-10-20T00:00:00+00:00,1938-10-21T00:35:33+00:00,1938-10-20T19:26:00+00:00,1938-10-20T19:56:00+00:00,1800.000,1.00000000,0.01846949,1.00000000,0,0,,,,,,,"Dr. Remeis-Observatory, Bamberg, Germany",Dr. Remeis-Observatory,10.8881,49.8845,1,Astrograph,,Potsdam-Telegrafenberg,Astrophysikalische Observatorium Potsdam,52.38056,13.06417,10,Zeiss Triplet,,True,5669.732119,GE100KM,True,True,True,0,,,,,,49.8845,10.8881,13.06417,52.38056,10.88810000,49.88450000,13.06417000,52.38056000,SWAP,NORMAL,316.333770,GE100KM,True,True,True
APPLAUSE:130335 | APPLAUSE:79120,Bamberg,208,130335,87562,112252,1938-10-20T20:55:00+00:00,1938-10-20T21:25:00+00:00,Potsdam,1,79120,24611,27068,1938-10-20T00:00:00+00:00,1938-10-21T00:35:33+00:00,1938-10-20T20:55:00+00:00,1938-10-20T21:25:00+00:00,1800.000,1.00000000,0.01866910,1.00000000,0,0,,,,,,,"Dr. Remeis-Observatory, Bamberg, Germany",Dr. Remeis-Observatory,10.8881,49.8845,1,Astrograph,,Potsdam-Telegrafenberg,Astrophysikalische Observatorium Potsdam,52.38056,13.06417,10,Zeiss Triplet,,True,5669.732119,GE100KM,True,True,True,0,,,,,,49.8845,10.8881,13.06417,52.38056,10.88810000,49.88450000,13.06417000,52.38056000,SWAP,NORMAL,316.333770,GE100KM,True,True,True
APPLAUSE:130342 | APPLAUSE:79120,Bamberg,208,130342,87569,112259,1938-10-20T19:26:00+00:00,1938-10-20T19:56:00+00:00,Potsdam,1,79120,24611,27068,1938-10-20T00:00:00+00:00,1938-10-21T00:35:33+00:00,1938-10-20T19:26:00+00:00,1938-10-20T19:56:00+00:00,1800.000,0.78353818,0.01115943,0.78353818,0,0,,,,,,,"Dr. Remeis-Observatory, Bamberg, Germany",Dr. Remeis-Observatory,10.8881,49.8845,1,Astrograph,,Potsdam-Telegrafenberg,Astrophysikalische Observatorium Potsdam,52.38056,13.06417,10,Zeiss Triplet,,True,5669.732119,GE100KM,True,True,True,0,,,,,,49.8845,10.8881,13.06417,52.38056,10.88810000,49.88450000,13.06417000,52.38056000,SWAP,NORMAL,316.333770,GE100KM,True,True,True
APPLAUSE:130350 | APPLAUSE:79128,Bamberg,208,130350,87577,112267,1938-10-21T21:00:00+00:00,1938-10-21T21:30:00+00:00,Potsdam,1,79128,24612,27069,1938-10-21T00:00:00+00:00,1938-10-21T22:56:52+00:00,1938-10-21T21:00:00+00:00,1938-10-21T21:30:00+00:00,1800.000,1.00000000,0.01952048,1.00000000,0,0,,,,,,,"Dr. Remeis-Observatory, Bamberg, Germany",Dr. Remeis-Observatory,10.8881,49.8845,1,Astrograph,,Potsdam-Telegrafenberg,Astrophysikalische Observatorium Potsdam,52.38056,13.06417,8,Zeiss Triplet,,True,5669.732119,GE100KM,True,True,True,0,,,,,,49.8845,10.8881,13.06417,52.38056,10.88810000,49.88450000,13.06417000,52.38056000,SWAP,NORMAL,316.333770,GE100KM,True,True,True
APPLAUSE:130352 | APPLAUSE:79128,Bamberg,208,130352,87579,112269,1938-10-21T22:02:00+00:00,1938-10-21T22:32:00+00:00,Potsdam,1,79128,24612,27069,1938-10-21T00:00:00+00:00,1938-10-21T22:56:52+00:00,1938-10-21T22:02:00+00:00,1938-10-21T22:32:00+00:00,1800.000,0.70385684,0.01303957,0.70385684,0,0,,,,,,,"Dr. Remeis-Observatory, Bamberg, Germany",Dr. Remeis-Observatory,10.8881,49.8845,1,Astrograph,,Potsdam-Telegrafenberg,Astrophysikalische Observatorium Potsdam,52.38056,13.06417,8,Zeiss Triplet,,True,5669.732119,GE100KM,True,True,True,0,,,,,,49.8845,10.8881,13.06417,52.38056,10.88810000,49.88450000,13.06417000,52.38056000,SWAP,NORMAL,316.333770,GE100KM,True,True,True
APPLAUSE:130353 | APPLAUSE:79134,Bamberg,208,130353,87580,112270,1938-10-21T22:33:00+00:00,1938-10-21T23:03:00+00:00,Potsdam,1,79134,24613,27070,1938-10-21T00:00:00+00:00,1938-10-21T23:39:45+00:00,1938-10-21T22:33:00+00:00,1938-10-21T23:03:00+00:00,1800.000,1.00000000,0.01925667,1.00000000,0,0,,,,,,,"Dr. Remeis-Observatory, Bamberg, Germany",Dr. Remeis-Observatory,10.8881,49.8845,1,Astrograph,,Potsdam-Telegrafenberg,Astrophysikalische Observatorium Potsdam,52.38056,13.06417,6,Zeiss Triplet,,True,5669.732119,GE100KM,True,True,True,0,,,,,,49.8845,10.8881,13.06417,52.38056,10.88810000,49.88450000,13.06417000,52.38056000,SWAP,NORMAL,316.333770,GE100KM,True,True,True
APPLAUSE:130353 | APPLAUSE:79140,Bamberg,208,130353,87580,112270,1938-10-21T22:33:00+00:00,1938-10-21T23:03:00+00:00,Potsdam,1,79140,24614,27071,1938-10-21T00:00:00+00:00,1938-10-22T00:49:34+00:00,1938-10-21T22:33:00+00:00,1938-10-21T23:03:00+00:00,1800.000,1.00000000,0.01946971,1.00000000,0,0,,,,,,,"Dr. Remeis-Observatory, Bamberg, Germany",Dr. Remeis-Observatory,10.8881,49.8845,1,Astrograph,,Potsdam-Telegrafenberg,Astrophysikalische Observatorium Potsdam,52.38056,13.06417,6,Zeiss Triplet,,True,5669.732119,GE100KM,True,True,True,0,,,,,,49.8845,10.8881,13.06417,52.38056,10.88810000,49.88450000,13.06417000,52.38056000,SWAP,NORMAL,316.333770,GE100KM,True,True,True
APPLAUSE:130575 | APPLAUSE:8277,Bamberg,208,130575,87789,112473,1939-03-11T21:26:00+00:00,1939-03-11T21:56:00+00:00,Hamburg,101,8277,5222,6445,1939-03-11T21:04:34+00:00,1939-03-11T22:04:24+00:00,1939-03-11T21:26:00+00:00,1939-03-11T21:56:00+00:00,1800.000,0.85152693,0.06985640,0.85152693,0,0,,,,,,,"Dr. Remeis-Observatory, Bamberg, Germany",Dr. Remeis-Observatory,10.8881,49.8845,1,Astrograph,,"Hamburg-Bergedorf, Germany",Hamburger Sternwarte,53.482,10.242,1,Lippert-Astrograph,,True,5893.545115,GE100KM,True,True,True,0,,,,,,49.8845,10.8881,10.242,53.482,10.88810000,49.88450000,10.24200000,53.48200000,SWAP,NORMAL,402.491931,GE100KM,True,True,True
APPLAUSE:137866 | APPLAUSE:91994,Bamberg,208,137866,94736,119245,1962-06-03T21:18:00+00:00,1962-06-03T22:18:00+00:00,Hamburg,106,91994,61791,69539,1962-06-03T21:42:20+00:00,1962-06-03T22:12:16+00:00,1962-06-03T21:42:20+00:00,1962-06-03T22:12:16+00:00,1796.000,0.03583590,1.00000000,1.00000000,0,0,,,,,,,"Dr. Remeis-Observatory, Bamberg, Germany",Dr. Remeis-Observatory,10.8881,49.8845,1,Astrograph,,"Hamburg-Bergedorf, Germany",Hamburger Sternwarte,53.482,10.242,1,AG-Astrograph,,True,5893.545115,GE100KM,True,True,True,0,,,,,,49.8845,10.8881,10.242,53.482,10.88810000,49.88450000,10.24200000,53.48200000,SWAP,NORMAL,402.491931,GE100KM,True,True,True
APPLAUSE:133827 | APPLAUSE:15094,Bamberg,208,133827,90697,115228,1959-02-28T19:17:00+00:00,1959-02-28T20:17:00+00:00,Hamburg,101,15094,8370,10962,1959-02-28T19:23:35+00:00,1959-02-28T19:53:30+00:00,1959-02-28T19:23:35+00:00,1959-02-28T19:53:30+00:00,1795.000,0.00232651,0.06251699,0.06251699,0,0,,,,,,,"Dr. Remeis-Observatory, Bamberg, Germany",Dr. Remeis-Observatory,10.8881,49.8845,1,Astrograph,,"Hamburg-Bergedorf, Germany",Hamburger Sternwarte,53.482,10.242,1,Lippert-Astrograph,,True,5893.545115,GE100KM,True,True,True,0,,,,,,49.8845,10.8881,10.242,53.482,10.88810000,49.88450000,10.24200000,53.48200000,SWAP,NORMAL,402.491931,GE100KM,True,True,True
APPLAUSE:133878 | APPLAUSE:15123,Bamberg,208,133878,90748,115279,1959-03-09T18:41:00+00:00,1959-03-09T19:41:00+00:00,Hamburg,101,15123,8388,10996,1959-03-09T19:07:09+00:00,1959-03-09T19:37:04+00:00,1959-03-09T19:07:09+00:00,1959-03-09T19:37:04+00:00,1795.000,0.00361437,0.09728460,0.09728460,0,0,,,,,,,"Dr. Remeis-Observatory, Bamberg, Germany",Dr. Remeis-Observatory,10.8881,49.8845,1,Astrograph,,"Hamburg-Bergedorf, Germany",Hamburger Sternwarte,53.482,10.242,1,Lippert-Astrograph,,True,5893.545115,GE100KM,True,True,True,0,,,,,,49.8845,10.8881,10.242,53.482,10.88810000,49.88450000,10.24200000,53.48200000,SWAP,NORMAL,402.491931,GE100KM,True,True,True
APPLAUSE:137907 | APPLAUSE:92005,Bamberg,208,137907,94777,119285,1962-06-06T22:46:00+00:00,1962-06-06T23:46:00+00:00,Hamburg,106,92005,61802,69560,1962-06-06T23:10:26+00:00,1962-06-06T23:40:21+00:00,1962-06-06T23:10:26+00:00,1962-06-06T23:40:21+00:00,1795.000,0.02480040,0.46534299,0.46534299,0,0,,,,,,,"Dr. Remeis-Observatory, Bamberg, Germany",Dr. Remeis-Observatory,10.8881,49.8845,1,Astrograph,,"Hamburg-Bergedorf, Germany",Hamburger Sternwarte,53.482,10.242,1,AG-Astrograph,,True,5893.545115,GE100KM,True,True,True,0,,,,,,49.8845,10.8881,10.242,53.482,10.88810000,49.88450000,10.24200000,53.48200000,SWAP,NORMAL,402.491931,GE100KM,True,True,True
APPLAUSE:137899 | APPLAUSE:92003,Bamberg,208,137899,94769,119277,1962-06-06T21:38:00+00:00,1962-06-06T22:38:00+00:00,Hamburg,106,92003,61800,69557,1962-06-06T21:59:28+00:00,1962-06-06T22:29:13+00:00,1962-06-06T21:59:28+00:00,1962-06-06T22:29:13+00:00,1785.000,0.05047082,0.91542299,0.91542299,0,0,,,,,,,"Dr. Remeis-Observatory, Bamberg, Germany",Dr. Remeis-Observatory,10.8881,49.8845,1,Astrograph,,"Hamburg-Bergedorf, Germany",Hamburger Sternwarte,53.482,10.242,1,AG-Astrograph,,True,5893.545115,GE100KM,True,True,True,0,,,,,,49.8845,10.8881,10.242,53.482,10.88810000,49.88450000,10.24200000,53.48200000,SWAP,NORMAL,402.491931,GE100KM,True,True,True
APPLAUSE:121862 | APPLAUSE:3706,Bamberg,208,121862,79178,104269,1930-06-16T22:01:00+00:00,1930-06-16T22:30:00+00:00,Hamburg,101,3706,2866,3357,1930-06-15T22:28:07+00:00,1930-06-17T23:42:03+00:00,1930-06-16T22:01:00+00:00,1930-06-16T22:30:00+00:00,1740.000,0.08776893,0.00849366,0.08776893,0,0,,,,,,,"Dr. Remeis-Observatory, Bamberg, Germany",Dr. Remeis-Observatory,10.8881,49.8845,1,Astrograph,,"Hamburg-Bergedorf, Germany",Hamburger Sternwarte,53.482,10.242,1,Lippert-Astrograph,,True,5893.545115,GE100KM,True,True,True,0,,,,,,49.8845,10.8881,10.242,53.482,10.88810000,49.88450000,10.24200000,53.48200000,SWAP,NORMAL,402.491931,GE100KM,True,True,True
APPLAUSE:123534 | APPLAUSE:4310,Bamberg,208,123534,80828,105752,1932-02-05T22:44:00+00:00,1932-02-05T23:13:00+00:00,Hamburg,101,4310,3358,4000,1932-02-05T22:15:37+00:00,1932-02-06T01:15:08+00:00,1932-02-05T22:44:00+00:00,1932-02-05T23:13:00+00:00,1740.000,1.00000000,0.08381513,1.00000000,0,0,,,,,,,"Dr. Remeis-Observatory, Bamberg, Germany",Dr. Remeis-Observatory,10.8881,49.8845,1,Astrograph,,"Hamburg-Bergedorf, Germany",Hamburger Sternwarte,53.482,10.242,1,Lippert-Astrograph,,True,5893.545115,GE100KM,True,True,True,0,,,,,,49.8845,10.8881,10.242,53.482,10.88810000,49.88450000,10.24200000,53.48200000,SWAP,NORMAL,402.491931,GE100KM,True,True,True
APPLAUSE:125532 | APPLAUSE:4914,Bamberg,208,125532,82826,107647,1933-03-27T21:29:00+00:00,1933-03-27T21:58:00+00:00,Hamburg,101,4914,3807,4544,1933-03-27T20:43:45+00:00,1933-03-28T00:49:05+00:00,1933-03-27T21:29:00+00:00,1933-03-27T21:58:00+00:00,1740.000,0.55356331,0.04529925,0.55356331,0,0,,,,,,,"Dr. Remeis-Observatory, Bamberg, Germany",Dr. Remeis-Observatory,10.8881,49.8845,1,Astrograph,,"Hamburg-Bergedorf, Germany",Hamburger Sternwarte,53.482,10.242,1,Lippert-Astrograph,,True,5893.545115,GE100KM,True,True,True,0,,,,,,49.8845,10.8881,10.242,53.482,10.88810000,49.88450000,10.24200000,53.48200000,SWAP,NORMAL,402.491931,GE100KM,True,True,True
APPLAUSE:125714 | APPLAUSE:4943,Bamberg,208,125714,83008,107829,1933-04-25T21:42:00+00:00,1933-04-25T22:11:00+00:00,Hamburg,101,4943,3833,4565,1933-04-25T20:25:28+00:00,1933-04-25T23:26:58+00:00,1933-04-25T21:42:00+00:00,1933-04-25T22:11:00+00:00,1740.000,0.49796683,0.03959172,0.49796683,0,0,,,,,,,"Dr. Remeis-Observatory, Bamberg, Germany",Dr. Remeis-Observatory,10.8881,49.8845,1,Astrograph,,"Hamburg-Bergedorf, Germany",Hamburger Sternwarte,53.482,10.242,1,Lippert-Astrograph,,True,5893.545115,GE100KM,True,True,True,0,,,,,,49.8845,10.8881,10.242,53.482,10.88810000,49.88450000,10.24200000,53.48200000,SWAP,NORMAL,402.491931,GE100KM,True,True,True
APPLAUSE:138758 | APPLAUSE:17285,Bamberg,208,138758,95628,120127,1963-10-15T23:10:00+00:00,1963-10-16T00:10:00+00:00,South Africa,203,17285,29395,31791,1963-10-15T23:41:00+00:00,1963-10-16T00:41:00+00:00,1963-10-15T23:41:00+00:00,1963-10-16T00:10:00+00:00,1740.000,0.01297630,0.05297057,0.05297057,0,0,,,,,,,"Dr. Remeis-Observatory, Bamberg, Germany",Dr. Remeis-Observatory,10.8881,49.8845,1,Astrograph,,"Boyden Observatory, Bloemfontein, South Africa","Dr. Remeis-Observatory, Southern Station",-29.0388,26.4047,1,Astrograph (ten 10-cm Tessar f/6 cameras),,True,5105.064989,GE100KM,True,True,True,0,,,,,,49.8845,10.8881,26.4047,-29.0388,10.88810000,49.88450000,26.40470000,-29.03880000,SWAP,NORMAL,8908.911756,GE100KM,True,True,True
APPLAUSE:127172 | APPLAUSE:5704,Bamberg,208,127172,84453,109239,1934-04-05T22:50:00+00:00,1934-04-05T23:20:00+00:00,Hamburg,101,5704,4061,4766,1934-04-05T22:49:03+00:00,1934-04-05T23:18:58+00:00,1934-04-05T22:50:00+00:00,1934-04-05T23:18:58+00:00,1738.000,1.00000000,0.02741489,1.00000000,0,0,,,,,,,"Dr. Remeis-Observatory, Bamberg, Germany",Dr. Remeis-Observatory,10.8881,49.8845,1,Astrograph,,"Hamburg-Bergedorf, Germany",Hamburger Sternwarte,53.482,10.242,1,Lippert-Astrograph,,True,5893.545115,GE100KM,True,True,True,0,,,,,,49.8845,10.8881,10.242,53.482,10.88810000,49.88450000,10.24200000,53.48200000,SWAP,NORMAL,402.491931,GE100KM,True,True,True
APPLAUSE:92143 | APPLAUSE:18827,Hamburg,106,92143,61940,69835,1964-04-07T23:04:04+00:00,1964-04-07T23:43:57+00:00,South Africa,203,18827,30937,33312,1964-04-07T22:33:00+00:00,1964-04-07T23:33:00+00:00,1964-04-07T23:04:04+00:00,1964-04-07T23:33:00+00:00,1736.000,0.02080350,0.09766138,0.09766138,0,0,,,,,,,"Hamburg-Bergedorf, Germany",Hamburger Sternwarte,53.482,10.242,1,AG-Astrograph,,"Boyden Observatory, Bloemfontein, South Africa","Dr. Remeis-Observatory, Southern Station",-29.0388,26.4047,1,Astrograph (ten 10-cm Tessar f/6 cameras),,True,9307.871922,GE100KM,True,True,True,0,,,,,,10.242,53.482,26.4047,-29.0388,10.24200000,53.48200000,26.40470000,-29.03880000,NORMAL,NORMAL,9307.871922,GE100KM,True,True,True
APPLAUSE:123179 | APPLAUSE:4211,Bamberg,208,123179,80473,105408,1931-10-15T00:12:00+00:00,1931-10-15T00:42:00+00:00,Hamburg,101,4211,3267,3854,1931-10-14T22:11:05+00:00,1931-10-15T00:40:41+00:00,1931-10-15T00:12:00+00:00,1931-10-15T00:40:41+00:00,1721.000,0.55635706,0.04437914,0.55635706,0,0,,,,,,,"Dr. Remeis-Observatory, Bamberg, Germany",Dr. Remeis-Observatory,10.8881,49.8845,1,Astrograph,,"Hamburg-Bergedorf, Germany",Hamburger Sternwarte,53.482,10.242,1,Lippert-Astrograph,,True,5893.545115,GE100KM,True,True,True,0,,,,,,49.8845,10.8881,10.242,53.482,10.88810000,49.88450000,10.24200000,53.48200000,SWAP,NORMAL,402.491931,GE100KM,True,True,True
APPLAUSE:123759 | APPLAUSE:4372,Bamberg,208,123759,81053,105967,1932-03-04T02:17:00+00:00,1932-03-04T02:45:00+00:00,Hamburg,101,4372,3418,4068,1932-03-04T02:13:31+00:00,1932-03-04T04:26:08+00:00,1932-03-04T02:17:00+00:00,1932-03-04T02:45:00+00:00,1680.000,0.00196639,0.00015476,0.00196639,0,0,,,,,,,"Dr. Remeis-Observatory, Bamberg, Germany",Dr. Remeis-Observatory,10.8881,49.8845,1,Astrograph,,"Hamburg-Bergedorf, Germany",Hamburger Sternwarte,53.482,10.242,1,Lippert-Astrograph,,True,5893.545115,GE100KM,True,True,True,0,,,,,,49.8845,10.8881,10.242,53.482,10.88810000,49.88450000,10.24200000,53.48200000,SWAP,NORMAL,402.491931,GE100KM,True,True,True
APPLAUSE:125510 | APPLAUSE:4898,Bamberg,208,125510,82804,107625,1933-03-26T02:57:00+00:00,1933-03-26T03:25:00+00:00,Hamburg,101,4898,3797,4534,1933-03-26T01:50:18+00:00,1933-03-26T03:44:58+00:00,1933-03-26T02:57:00+00:00,1933-03-26T03:25:00+00:00,1680.000,0.28365485,0.02219334,0.28365485,0,0,,,,,,,"Dr. Remeis-Observatory, Bamberg, Germany",Dr. Remeis-Observatory,10.8881,49.8845,1,Astrograph,,"Hamburg-Bergedorf, Germany",Hamburger Sternwarte,53.482,10.242,1,Lippert-Astrograph,,True,5893.545115,GE100KM,True,True,True,0,,,,,,49.8845,10.8881,10.242,53.482,10.88810000,49.88450000,10.24200000,53.48200000,SWAP,NORMAL,402.491931,GE100KM,True,True,True
APPLAUSE:125696 | APPLAUSE:4937,Bamberg,208,125696,82990,107811,1933-04-22T22:41:00+00:00,1933-04-22T23:09:00+00:00,Hamburg,101,4937,3827,4560,1933-04-22T21:03:21+00:00,1933-04-23T00:02:52+00:00,1933-04-22T22:41:00+00:00,1933-04-22T23:09:00+00:00,1680.000,0.04800667,0.00388830,0.04800667,0,0,,,,,,,"Dr. Remeis-Observatory, Bamberg, Germany",Dr. Remeis-Observatory,10.8881,49.8845,1,Astrograph,,"Hamburg-Bergedorf, Germany",Hamburger Sternwarte,53.482,10.242,1,Lippert-Astrograph,,True,5893.545115,GE100KM,True,True,True,0,,,,,,49.8845,10.8881,10.242,53.482,10.88810000,49.88450000,10.24200000,53.48200000,SWAP,NORMAL,402.491931,GE100KM,True,True,True
APPLAUSE:125712 | APPLAUSE:4943,Bamberg,208,125712,83006,107827,1933-04-25T20:42:00+00:00,1933-04-25T21:10:00+00:00,Hamburg,101,4943,3833,4565,1933-04-25T20:25:28+00:00,1933-04-25T23:26:58+00:00,1933-04-25T20:42:00+00:00,1933-04-25T21:10:00+00:00,1680.000,0.17242271,0.01366512,0.17242271,0,0,,,,,,,"Dr. Remeis-Observatory, Bamberg, Germany",Dr. Remeis-Observatory,10.8881,49.8845,1,Astrograph,,"Hamburg-Bergedorf, Germany",Hamburger Sternwarte,53.482,10.242,1,Lippert-Astrograph,,True,5893.545115,GE100KM,True,True,True,0,,,,,,49.8845,10.8881,10.242,53.482,10.88810000,49.88450000,10.24200000,53.48200000,SWAP,NORMAL,402.491931,GE100KM,True,True,True
APPLAUSE:125743 | APPLAUSE:4943,Bamberg,208,125743,83037,107858,1933-04-25T20:42:00+00:00,1933-04-25T21:10:00+00:00,Hamburg,101,4943,3833,4565,1933-04-25T20:25:28+00:00,1933-04-25T23:26:58+00:00,1933-04-25T20:42:00+00:00,1933-04-25T21:10:00+00:00,1680.000,0.99439119,0.06270376,0.99439119,0,0,,,,,,,"Dr. Remeis-Observatory, Bamberg, Germany",Dr. Remeis-Observatory,10.8881,49.8845,1,Astrograph,,"Hamburg-Bergedorf, Germany",Hamburger Sternwarte,53.482,10.242,1,Lippert-Astrograph,,True,5893.545115,GE100KM,True,True,True,0,,,,,,49.8845,10.8881,10.242,53.482,10.88810000,49.88450000,10.24200000,53.48200000,SWAP,NORMAL,402.491931,GE100KM,True,True,True
APPLAUSE:126105 | APPLAUSE:5060,Bamberg,208,126105,83399,108218,1933-08-27T23:32:00+00:00,1933-08-28T00:00:00+00:00,Hamburg,101,5060,3899,4617,1933-08-27T23:03:09+00:00,1933-08-28T01:55:41+00:00,1933-08-27T23:32:00+00:00,1933-08-28T00:00:00+00:00,1680.000,0.20475874,0.01685007,0.20475874,0,0,,,,,,,"Dr. Remeis-Observatory, Bamberg, Germany",Dr. Remeis-Observatory,10.8881,49.8845,1,Astrograph,,"Hamburg-Bergedorf, Germany",Hamburger Sternwarte,53.482,10.242,1,Lippert-Astrograph,,True,5893.545115,GE100KM,True,True,True,0,,,,,,49.8845,10.8881,10.242,53.482,10.88810000,49.88450000,10.24200000,53.48200000,SWAP,NORMAL,402.491931,GE100KM,True,True,True
APPLAUSE:129552 | APPLAUSE:7826,Bamberg,208,129552,86822,111541,1938-02-19T18:12:00+00:00,1938-02-19T18:40:00+00:00,Hamburg,101,7826,4942,6098,1938-02-19T18:07:56+00:00,1938-02-19T21:07:27+00:00,1938-02-19T18:12:00+00:00,1938-02-19T18:40:00+00:00,1680.000,0.00023616,0.00001469,0.00023616,0,0,,,,,,,"Dr. Remeis-Observatory, Bamberg, Germany",Dr. Remeis-Observatory,10.8881,49.8845,1,Astrograph,,"Hamburg-Bergedorf, Germany",Hamburger Sternwarte,53.482,10.242,1,Lippert-Astrograph,,True,5893.545115,GE100KM,True,True,True,0,,,,,,49.8845,10.8881,10.242,53.482,10.88810000,49.88450000,10.24200000,53.48200000,SWAP,NORMAL,402.491931,GE100KM,True,True,True
APPLAUSE:129466 | APPLAUSE:7667,Bamberg,208,129466,86736,111455,1937-11-21T17:00:00+00:00,1937-11-21T17:30:00+00:00,Hamburg,101,7667,4857,5953,1937-11-21T16:57:57+00:00,1937-11-21T17:27:52+00:00,1937-11-21T17:00:00+00:00,1937-11-21T17:27:52+00:00,1672.000,0.00054463,0.00004391,0.00054463,0,0,,,,,,,"Dr. Remeis-Observatory, Bamberg, Germany",Dr. Remeis-Observatory,10.8881,49.8845,1,Astrograph,,"Hamburg-Bergedorf, Germany",Hamburger Sternwarte,53.482,10.242,1,Lippert-Astrograph,,True,5893.545115,GE100KM,True,True,True,0,,,,,,49.8845,10.8881,10.242,53.482,10.88810000,49.88450000,10.24200000,53.48200000,SWAP,NORMAL,402.491931,GE100KM,True,True,True
APPLAUSE:122371 | APPLAUSE:59720,Bamberg,208,122371,79665,104706,1931-03-17T19:11:00+00:00,1931-03-17T19:41:00+00:00,Hamburg,103,59720,18114,21075,1931-03-17T19:08:28+00:00,1931-03-17T19:38:23+00:00,1931-03-17T19:11:00+00:00,1931-03-17T19:38:23+00:00,1643.000,1.00000000,0.01686867,1.00000000,0,0,,,,,,,"Dr. Remeis-Observatory, Bamberg, Germany",Dr. Remeis-Observatory,10.8881,49.8845,1,Astrograph,,"Hamburg-Bergedorf, Germany",Hamburger Sternwarte,53.482,10.242,1,1m-Spiegelteleskop,,True,5893.545115,GE100KM,True,True,True,0,,,,,,49.8845,10.8881,10.242,53.482,10.88810000,49.88450000,10.24200000,53.48200000,SWAP,NORMAL,402.491931,GE100KM,True,True,True
APPLAUSE:128707 | APPLAUSE:6986,Bamberg,208,128707,85979,110709,1936-06-16T23:17:00+00:00,1936-06-16T23:47:00+00:00,Hamburg,101,6986,4460,5276,1936-06-16T23:13:55+00:00,1936-06-16T23:43:50+00:00,1936-06-16T23:17:00+00:00,1936-06-16T23:43:50+00:00,1610.000,1.00000000,0.06807944,1.00000000,0,0,,,,,,,"Dr. Remeis-Observatory, Bamberg, Germany",Dr. Remeis-Observatory,10.8881,49.8845,1,Astrograph,,"Hamburg-Bergedorf, Germany",Hamburger Sternwarte,53.482,10.242,1,Lippert-Astrograph,,True,5893.545115,GE100KM,True,True,True,0,,,,,,49.8845,10.8881,10.242,53.482,10.88810000,49.88450000,10.24200000,53.48200000,SWAP,NORMAL,402.491931,GE100KM,True,True,True
APPLAUSE:131960 | APPLAUSE:13578,Bamberg,208,131960,88887,113439,1952-04-30T00:00:00+00:00,1952-04-30T01:00:00+00:00,Hamburg,101,13578,7315,9466,1952-04-29T23:46:35+00:00,1952-04-30T00:26:28+00:00,1952-04-30T00:00:00+00:00,1952-04-30T00:26:28+00:00,1588.000,0.70251709,0.04383968,0.70251709,0,0,,,,,,,"Dr. Remeis-Observatory, Bamberg, Germany",Dr. Remeis-Observatory,10.8881,49.8845,1,Astrograph,,"Hamburg-Bergedorf, Germany",Hamburger Sternwarte,53.482,10.242,1,Lippert-Astrograph,,True,5893.545115,GE100KM,True,True,True,0,,,,,,49.8845,10.8881,10.242,53.482,10.88810000,49.88450000,10.24200000,53.48200000,SWAP,NORMAL,402.491931,GE100KM,True,True,True
APPLAUSE:130187 | APPLAUSE:8132,Bamberg,208,130187,87451,112151,1938-09-24T19:53:00+00:00,1938-09-24T20:23:00+00:00,Hamburg,101,8132,5087,6247,1938-09-24T19:15:13+00:00,1938-09-24T20:19:02+00:00,1938-09-24T19:53:00+00:00,1938-09-24T20:19:02+00:00,1562.000,0.91203454,0.07479018,0.91203454,0,0,,,,,,,"Dr. Remeis-Observatory, Bamberg, Germany",Dr. Remeis-Observatory,10.8881,49.8845,1,Astrograph,,"Hamburg-Bergedorf, Germany",Hamburger Sternwarte,53.482,10.242,1,Lippert-Astrograph,,True,5893.545115,GE100KM,True,True,True,0,,,,,,49.8845,10.8881,10.242,53.482,10.88810000,49.88450000,10.24200000,53.48200000,SWAP,NORMAL,402.491931,GE100KM,True,True,True
APPLAUSE:124369 | APPLAUSE:4466,Bamberg,208,124369,81663,106563,1932-07-26T22:34:00+00:00,1932-07-26T22:59:00+00:00,Hamburg,101,4466,3510,4205,1932-07-26T22:21:49+00:00,1932-07-27T00:19:29+00:00,1932-07-26T22:34:00+00:00,1932-07-26T22:59:00+00:00,1500.000,0.03764164,0.00302077,0.03764164,0,0,,,,,,,"Dr. Remeis-Observatory, Bamberg, Germany",Dr. Remeis-Observatory,10.8881,49.8845,1,Astrograph,,"Hamburg-Bergedorf, Germany",Hamburger Sternwarte,53.482,10.242,1,Lippert-Astrograph,,True,5893.545115,GE100KM,True,True,True,0,,,,,,49.8845,10.8881,10.242,53.482,10.88810000,49.88450000,10.24200000,53.48200000,SWAP,NORMAL,402.491931,GE100KM,True,True,True
APPLAUSE:125482 | APPLAUSE:60138,Bamberg,208,125482,82776,107597,1933-03-24T20:52:00+00:00,1933-03-24T21:22:00+00:00,Hamburg,103,60138,18492,21446,1933-03-24T20:53:33+00:00,1933-03-24T21:18:29+00:00,1933-03-24T20:53:33+00:00,1933-03-24T21:18:29+00:00,1496.000,0.00667085,1.00000000,1.00000000,0,0,,,,,,,"Dr. Remeis-Observatory, Bamberg, Germany",Dr. Remeis-Observatory,10.8881,49.8845,1,Astrograph,,"Hamburg-Bergedorf, Germany",Hamburger Sternwarte,53.482,10.242,1,1m-Spiegelteleskop,,True,5893.545115,GE100KM,True,True,True,0,,,,,,49.8845,10.8881,10.242,53.482,10.88810000,49.88450000,10.24200000,53.48200000,SWAP,NORMAL,402.491931,GE100KM,True,True,True
APPLAUSE:125553 | APPLAUSE:60138,Bamberg,208,125553,82847,107668,1933-03-24T20:52:00+00:00,1933-03-24T21:22:00+00:00,Hamburg,103,60138,18492,21446,1933-03-24T20:53:33+00:00,1933-03-24T21:18:29+00:00,1933-03-24T20:53:33+00:00,1933-03-24T21:18:29+00:00,1496.000,0.00363258,0.70369265,0.70369265,0,1,,,,,32.000000,B_GT30_LE60MIN,"Dr. Remeis-Observatory, Bamberg, Germany",Dr. Remeis-Observatory,10.8881,49.8845,1,Astrograph,,"Hamburg-Bergedorf, Germany",Hamburger Sternwarte,53.482,10.242,1,1m-Spiegelteleskop,,True,5893.545115,GE100KM,True,True,True,0,,,,,,49.8845,10.8881,10.242,53.482,10.88810000,49.88450000,10.24200000,53.48200000,SWAP,NORMAL,402.491931,GE100KM,True,True,True
APPLAUSE:129597 | APPLAUSE:7829,Bamberg,208,129597,86867,111586,1938-02-23T20:45:00+00:00,1938-02-23T21:15:00+00:00,Hamburg,101,7829,4945,6101,1938-02-23T20:09:50+00:00,1938-02-23T21:09:41+00:00,1938-02-23T20:45:00+00:00,1938-02-23T21:09:41+00:00,1481.000,1.00000000,0.08386542,1.00000000,0,0,,,,,,,"Dr. Remeis-Observatory, Bamberg, Germany",Dr. Remeis-Observatory,10.8881,49.8845,1,Astrograph,,"Hamburg-Bergedorf, Germany",Hamburger Sternwarte,53.482,10.242,1,Lippert-Astrograph,,True,5893.545115,GE100KM,True,True,True,0,,,,,,49.8845,10.8881,10.242,53.482,10.88810000,49.88450000,10.24200000,53.48200000,SWAP,NORMAL,402.491931,GE100KM,True,True,True
APPLAUSE:125350 | APPLAUSE:110781,Bamberg,208,125350,82644,107469,1933-03-02T00:45:00+00:00,1933-03-02T01:15:00+00:00,Hamburg,111,110781,64839,72933,1933-03-02T00:51:00+00:00,1933-03-02T01:51:00+00:00,1933-03-02T00:51:00+00:00,1933-03-02T01:15:00+00:00,1440.000,0.05205045,1.00000000,1.00000000,0,0,,,,,,,"Dr. Remeis-Observatory, Bamberg, Germany",Dr. Remeis-Observatory,10.8881,49.8845,1,Astrograph,,"Hamburg-Bergedorf, Germany",Hamburger Sternwarte,53.482,10.242,1,Original Schmidt-Spiegel,,True,5893.545115,GE100KM,True,True,True,0,,,,,,49.8845,10.8881,10.242,53.482,10.88810000,49.88450000,10.24200000,53.48200000,SWAP,NORMAL,402.491931,GE100KM,True,True,True
APPLAUSE:138758 | APPLAUSE:17279,Bamberg,208,138758,95628,120127,1963-10-15T23:10:00+00:00,1963-10-16T00:10:00+00:00,South Africa,203,17279,29389,31785,1963-10-15T22:34:00+00:00,1963-10-15T23:34:00+00:00,1963-10-15T23:10:00+00:00,1963-10-15T23:34:00+00:00,1440.000,0.19217151,0.04679312,0.19217151,0,0,,,,,,,"Dr. Remeis-Observatory, Bamberg, Germany",Dr. Remeis-Observatory,10.8881,49.8845,1,Astrograph,,"Boyden Observatory, Bloemfontein, South Africa","Dr. Remeis-Observatory, Southern Station",-29.0388,26.4047,1,Astrograph (ten 10-cm Tessar f/6 cameras),,True,5105.064989,GE100KM,True,True,True,0,,,,,,49.8845,10.8881,26.4047,-29.0388,10.88810000,49.88450000,26.40470000,-29.03880000,SWAP,NORMAL,8908.911756,GE100KM,True,True,True
APPLAUSE:128725 | APPLAUSE:6997,Bamberg,208,128725,85997,110727,1936-06-18T23:20:00+00:00,1936-06-18T23:50:00+00:00,Hamburg,101,6997,4471,5296,1936-06-18T23:12:02+00:00,1936-06-18T23:43:57+00:00,1936-06-18T23:20:00+00:00,1936-06-18T23:43:57+00:00,1437.000,0.62550758,0.03159288,0.62550758,0,0,,,,,,,"Dr. Remeis-Observatory, Bamberg, Germany",Dr. Remeis-Observatory,10.8881,49.8845,1,Astrograph,,"Hamburg-Bergedorf, Germany",Hamburger Sternwarte,53.482,10.242,1,Lippert-Astrograph,,True,5893.545115,GE100KM,True,True,True,0,,,,,,49.8845,10.8881,10.242,53.482,10.88810000,49.88450000,10.24200000,53.48200000,SWAP,NORMAL,402.491931,GE100KM,True,True,True
APPLAUSE:130432 | APPLAUSE:8173,Bamberg,208,130432,87659,112348,1938-11-13T17:38:00+00:00,1938-11-13T18:08:00+00:00,Hamburg,101,8173,5128,6306,1938-11-13T17:44:19+00:00,1938-11-13T18:14:14+00:00,1938-11-13T17:44:19+00:00,1938-11-13T18:08:00+00:00,1421.000,0.06613968,0.82403415,0.82403415,0,0,,,,,,,"Dr. Remeis-Observatory, Bamberg, Germany",Dr. Remeis-Observatory,10.8881,49.8845,1,Astrograph,,"Hamburg-Bergedorf, Germany",Hamburger Sternwarte,53.482,10.242,1,Lippert-Astrograph,,True,5893.545115,GE100KM,True,True,True,0,,,,,,49.8845,10.8881,10.242,53.482,10.88810000,49.88450000,10.24200000,53.48200000,SWAP,NORMAL,402.491931,GE100KM,True,True,True
APPLAUSE:125823 | APPLAUSE:4960,Bamberg,208,125823,83117,107938,1933-05-20T22:03:00+00:00,1933-05-20T22:33:00+00:00,Hamburg,101,4960,3844,4578,1933-05-20T21:26:44+00:00,1933-05-20T22:26:34+00:00,1933-05-20T22:03:00+00:00,1933-05-20T22:26:34+00:00,1414.000,0.05924549,0.00483581,0.05924549,0,0,,,,,,,"Dr. Remeis-Observatory, Bamberg, Germany",Dr. Remeis-Observatory,10.8881,49.8845,1,Astrograph,,"Hamburg-Bergedorf, Germany",Hamburger Sternwarte,53.482,10.242,1,Lippert-Astrograph,,True,5893.545115,GE100KM,True,True,True,0,,,,,,49.8845,10.8881,10.242,53.482,10.88810000,49.88450000,10.24200000,53.48200000,SWAP,NORMAL,402.491931,GE100KM,True,True,True
APPLAUSE:125500 | APPLAUSE:60151,Bamberg,208,125500,82794,107615,1933-03-25T21:43:00+00:00,1933-03-25T22:17:00+00:00,Hamburg,103,60151,18505,21459,1933-03-25T21:41:29+00:00,1933-03-25T22:06:25+00:00,1933-03-25T21:43:00+00:00,1933-03-25T22:06:25+00:00,1405.000,1.00000000,0.00680285,1.00000000,0,0,,,,,,,"Dr. Remeis-Observatory, Bamberg, Germany",Dr. Remeis-Observatory,10.8881,49.8845,1,Astrograph,,"Hamburg-Bergedorf, Germany",Hamburger Sternwarte,53.482,10.242,1,1m-Spiegelteleskop,,True,5893.545115,GE100KM,True,True,True,0,,,,,,49.8845,10.8881,10.242,53.482,10.88810000,49.88450000,10.24200000,53.48200000,SWAP,NORMAL,402.491931,GE100KM,True,True,True
APPLAUSE:132658 | APPLAUSE:14122,Bamberg,208,132658,89584,114120,1953-12-02T22:50:00+00:00,1953-12-02T23:27:00+00:00,Hamburg,101,14122,7687,10001,1953-12-02T21:53:18+00:00,1953-12-02T23:13:05+00:00,1953-12-02T22:50:00+00:00,1953-12-02T23:13:05+00:00,1385.000,0.18677303,0.15318445,0.18677303,0,0,,,,,,,"Dr. Remeis-Observatory, Bamberg, Germany",Dr. Remeis-Observatory,10.8881,49.8845,1,Astrograph,,"Hamburg-Bergedorf, Germany",Hamburger Sternwarte,53.482,10.242,1,Lippert-Astrograph,,True,5893.545115,GE100KM,True,True,True,0,,,,,,49.8845,10.8881,10.242,53.482,10.88810000,49.88450000,10.24200000,53.48200000,SWAP,NORMAL,402.491931,GE100KM,True,True,True
APPLAUSE:138835 | APPLAUSE:17945,Bamberg,208,138835,95705,120204,1963-12-22T22:00:00+00:00,1963-12-22T23:00:00+00:00,South Africa,203,17945,30055,32461,1963-12-22T21:23:00+00:00,1963-12-22T22:23:00+00:00,1963-12-22T22:00:00+00:00,1963-12-22T22:23:00+00:00,1380.000,0.07789488,0.01885051,0.07789488,0,0,,,,,,,"Dr. Remeis-Observatory, Bamberg, Germany",Dr. Remeis-Observatory,10.8881,49.8845,1,Astrograph,,"Boyden Observatory, Bloemfontein, South Africa","Dr. Remeis-Observatory, Southern Station",-29.0388,26.4047,1,Astrograph (ten 10-cm Tessar f/6 cameras),,True,5105.064989,GE100KM,True,True,True,0,,,,,,49.8845,10.8881,26.4047,-29.0388,10.88810000,49.88450000,26.40470000,-29.03880000,SWAP,NORMAL,8908.911756,GE100KM,True,True,True
APPLAUSE:125477 | APPLAUSE:4876,Bamberg,208,125477,82771,107592,1933-03-23T22:08:00+00:00,1933-03-23T22:38:00+00:00,Hamburg,101,4876,3781,4515,1933-03-23T22:15:16+00:00,1933-03-24T01:14:47+00:00,1933-03-23T22:15:16+00:00,1933-03-23T22:38:00+00:00,1364.000,0.06320857,1.00000000,1.00000000,0,0,,,,,,,"Dr. Remeis-Observatory, Bamberg, Germany",Dr. Remeis-Observatory,10.8881,49.8845,1,Astrograph,,"Hamburg-Bergedorf, Germany",Hamburger Sternwarte,53.482,10.242,1,Lippert-Astrograph,,True,5893.545115,GE100KM,True,True,True,0,,,,,,49.8845,10.8881,10.242,53.482,10.88810000,49.88450000,10.24200000,53.48200000,SWAP,NORMAL,402.491931,GE100KM,True,True,True
APPLAUSE:123247 | APPLAUSE:4234,Bamberg,208,123247,80541,105476,1931-11-03T19:43:00+00:00,1931-11-03T20:13:00+00:00,Hamburg,101,4234,3282,3878,1931-11-03T18:05:53+00:00,1931-11-03T20:05:34+00:00,1931-11-03T19:43:00+00:00,1931-11-03T20:05:34+00:00,1354.000,0.88066767,0.07047412,0.88066767,0,0,,,,,,,"Dr. Remeis-Observatory, Bamberg, Germany",Dr. Remeis-Observatory,10.8881,49.8845,1,Astrograph,,"Hamburg-Bergedorf, Germany",Hamburger Sternwarte,53.482,10.242,1,Lippert-Astrograph,,True,5893.545115,GE100KM,True,True,True,0,,,,,,49.8845,10.8881,10.242,53.482,10.88810000,49.88450000,10.24200000,53.48200000,SWAP,NORMAL,402.491931,GE100KM,True,True,True
APPLAUSE:128214 | APPLAUSE:6670,Bamberg,208,128214,85488,110227,1935-09-28T22:08:00+00:00,1935-09-28T22:38:00+00:00,Hamburg,101,6670,4351,5091,1935-09-28T22:00:34+00:00,1935-09-28T22:30:00+00:00,1935-09-28T22:08:00+00:00,1935-09-28T22:30:00+00:00,1320.000,1.00000000,0.06660342,1.00000000,0,0,,,,,,,"Dr. Remeis-Observatory, Bamberg, Germany",Dr. Remeis-Observatory,10.8881,49.8845,1,Astrograph,,"Hamburg-Bergedorf, Germany",Hamburger Sternwarte,53.482,10.242,1,Lippert-Astrograph,,True,5893.545115,GE100KM,True,True,True,0,,,,,,49.8845,10.8881,10.242,53.482,10.88810000,49.88450000,10.24200000,53.48200000,SWAP,NORMAL,402.491931,GE100KM,True,True,True
APPLAUSE:85399 | APPLAUSE:3018,Bonn,105,85399,57813,61895,1928-10-15T22:41:53+00:00,1928-10-15T23:03:50+00:00,Hamburg,101,3018,2194,2479,1928-10-14T21:10:23+00:00,1928-10-15T23:42:02+00:00,1928-10-15T22:41:53+00:00,1928-10-15T23:03:50+00:00,1317.000,0.33882561,0.93180084,0.93180084,0,0,,,,,,,"Bonn, Germany",Bonner Sternwarte,50.163,7.068,2,AG-Astrograph,,"Hamburg-Bergedorf, Germany",Hamburger Sternwarte,53.482,10.242,1,Lippert-Astrograph,,True,428.609118,GE100KM,True,True,True,0,,,,,,7.068,50.163,10.242,53.482,7.06800000,50.16300000,10.24200000,53.48200000,NORMAL,NORMAL,428.609118,GE100KM,True,True,True
APPLAUSE:127772 | APPLAUSE:6405,Bamberg,208,127772,85046,109809,1935-03-12T01:15:00+00:00,1935-03-12T01:45:00+00:00,Hamburg,101,6405,4261,5000,1935-03-12T00:57:03+00:00,1935-03-12T01:36:56+00:00,1935-03-12T01:15:00+00:00,1935-03-12T01:36:56+00:00,1316.000,0.68334161,0.01390760,0.68334161,0,0,,,,,,,"Dr. Remeis-Observatory, Bamberg, Germany",Dr. Remeis-Observatory,10.8881,49.8845,1,Astrograph,,"Hamburg-Bergedorf, Germany",Hamburger Sternwarte,53.482,10.242,1,Lippert-Astrograph,,True,5893.545115,GE100KM,True,True,True,0,,,,,,49.8845,10.8881,10.242,53.482,10.88810000,49.88450000,10.24200000,53.48200000,SWAP,NORMAL,402.491931,GE100KM,True,True,True
APPLAUSE:127782 | APPLAUSE:6405,Bamberg,208,127782,85056,109819,1935-03-12T01:15:00+00:00,1935-03-12T01:45:00+00:00,Hamburg,101,6405,4261,5000,1935-03-12T00:57:03+00:00,1935-03-12T01:36:56+00:00,1935-03-12T01:15:00+00:00,1935-03-12T01:36:56+00:00,1316.000,0.54286694,0.01425237,0.54286694,0,0,,,,,,,"Dr. Remeis-Observatory, Bamberg, Germany",Dr. Remeis-Observatory,10.8881,49.8845,1,Astrograph,,"Hamburg-Bergedorf, Germany",Hamburger Sternwarte,53.482,10.242,1,Lippert-Astrograph,,True,5893.545115,GE100KM,True,True,True,0,,,,,,49.8845,10.8881,10.242,53.482,10.88810000,49.88450000,10.24200000,53.48200000,SWAP,NORMAL,402.491931,GE100KM,True,True,True
APPLAUSE:130724 | APPLAUSE:8443,Bamberg,208,130724,87938,112621,1939-05-23T23:48:00+00:00,1939-05-24T00:18:00+00:00,Hamburg,101,8443,5319,6568,1939-05-23T23:43:49+00:00,1939-05-24T00:08:45+00:00,1939-05-23T23:48:00+00:00,1939-05-24T00:08:45+00:00,1245.000,1.00000000,0.08418862,1.00000000,0,0,,,,,,,"Dr. Remeis-Observatory, Bamberg, Germany",Dr. Remeis-Observatory,10.8881,49.8845,1,Astrograph,,"Hamburg-Bergedorf, Germany",Hamburger Sternwarte,53.482,10.242,1,Lippert-Astrograph,,True,5893.545115,GE100KM,True,True,True,0,,,,,,49.8845,10.8881,10.242,53.482,10.88810000,49.88450000,10.24200000,53.48200000,SWAP,NORMAL,402.491931,GE100KM,True,True,True
APPLAUSE:129424 | APPLAUSE:7646,Bamberg,208,129424,86694,111413,1937-10-28T18:47:00+00:00,1937-10-28T19:17:00+00:00,Hamburg,101,7646,4836,5910,1937-10-28T18:37:18+00:00,1937-10-28T19:07:14+00:00,1937-10-28T18:47:00+00:00,1937-10-28T19:07:14+00:00,1214.000,1.00000000,0.06841225,1.00000000,0,0,,,,,,,"Dr. Remeis-Observatory, Bamberg, Germany",Dr. Remeis-Observatory,10.8881,49.8845,1,Astrograph,,"Hamburg-Bergedorf, Germany",Hamburger Sternwarte,53.482,10.242,1,Lippert-Astrograph,,True,5893.545115,GE100KM,True,True,True,0,,,,,,49.8845,10.8881,10.242,53.482,10.88810000,49.88450000,10.24200000,53.48200000,SWAP,NORMAL,402.491931,GE100KM,True,True,True
APPLAUSE:124370 | APPLAUSE:4466,Bamberg,208,124370,81664,106564,1932-07-26T23:00:00+00:00,1932-07-26T23:20:00+00:00,Hamburg,101,4466,3510,4205,1932-07-26T22:21:49+00:00,1932-07-27T00:19:29+00:00,1932-07-26T23:00:00+00:00,1932-07-26T23:20:00+00:00,1200.000,0.00352774,0.00027242,0.00352774,0,0,,,,,,,"Dr. Remeis-Observatory, Bamberg, Germany",Dr. Remeis-Observatory,10.8881,49.8845,1,Astrograph,,"Hamburg-Bergedorf, Germany",Hamburger Sternwarte,53.482,10.242,1,Lippert-Astrograph,,True,5893.545115,GE100KM,True,True,True,0,,,,,,49.8845,10.8881,10.242,53.482,10.88810000,49.88450000,10.24200000,53.48200000,SWAP,NORMAL,402.491931,GE100KM,True,True,True
APPLAUSE:120749 | APPLAUSE:85513,Bamberg,208,120749,78070,103829,1929-01-11T21:57:00+00:00,1929-01-11T22:27:00+00:00,Bonn,105,85513,57870,62009,1929-01-11T21:57:04+00:00,1929-01-11T22:17:01+00:00,1929-01-11T21:57:04+00:00,1929-01-11T22:17:01+00:00,1197.000,0.02948893,1.00000000,1.00000000,0,0,,,,,,,"Dr. Remeis-Observatory, Bamberg, Germany",Dr. Remeis-Observatory,10.8881,49.8845,1,Astrograph,,"Bonn, Germany",Bonner Sternwarte,50.163,7.068,2,AG-Astrograph,,True,5855.954289,GE100KM,True,True,True,0,,,,,,49.8845,10.8881,7.068,50.163,10.88810000,49.88450000,7.06800000,50.16300000,SWAP,NORMAL,274.626555,GE100KM,True,True,True
APPLAUSE:135122 | APPLAUSE:15274,Bamberg,208,135122,91992,116523,1959-10-06T22:40:00+00:00,1959-10-06T23:40:00+00:00,Hamburg,101,15274,8537,11282,1959-10-06T22:40:11+00:00,1959-10-06T23:00:08+00:00,1959-10-06T22:40:11+00:00,1959-10-06T23:00:08+00:00,1197.000,0.07347838,1.00000000,1.00000000,0,0,,,,,,,"Dr. Remeis-Observatory, Bamberg, Germany",Dr. Remeis-Observatory,10.8881,49.8845,1,Astrograph,,"Hamburg-Bergedorf, Germany",Hamburger Sternwarte,53.482,10.242,1,Lippert-Astrograph,,True,5893.545115,GE100KM,True,True,True,0,,,,,,49.8845,10.8881,10.242,53.482,10.88810000,49.88450000,10.24200000,53.48200000,SWAP,NORMAL,402.491931,GE100KM,True,True,True
APPLAUSE:136398 | APPLAUSE:91740,Bamberg,208,136398,93268,117785,1960-11-16T22:31:00+00:00,1960-11-16T23:31:00+00:00,Hamburg,106,91740,61543,69046,1960-11-16T22:38:38+00:00,1960-11-16T22:58:35+00:00,1960-11-16T22:38:38+00:00,1960-11-16T22:58:35+00:00,1197.000,0.03022111,0.78771783,0.78771783,0,0,,,,,,,"Dr. Remeis-Observatory, Bamberg, Germany",Dr. Remeis-Observatory,10.8881,49.8845,1,Astrograph,,"Hamburg-Bergedorf, Germany",Hamburger Sternwarte,53.482,10.242,1,AG-Astrograph,,True,5893.545115,GE100KM,True,True,True,0,,,,,,49.8845,10.8881,10.242,53.482,10.88810000,49.88450000,10.24200000,53.48200000,SWAP,NORMAL,402.491931,GE100KM,True,True,True
APPLAUSE:136593 | APPLAUSE:91761,Bamberg,208,136593,93463,117980,1961-01-17T18:28:00+00:00,1961-01-17T19:28:00+00:00,Hamburg,106,91761,61558,69075,1961-01-17T19:03:12+00:00,1961-01-17T19:23:09+00:00,1961-01-17T19:03:12+00:00,1961-01-17T19:23:09+00:00,1197.000,0.03581835,1.00000000,1.00000000,0,0,,,,,,,"Dr. Remeis-Observatory, Bamberg, Germany",Dr. Remeis-Observatory,10.8881,49.8845,1,Astrograph,,"Hamburg-Bergedorf, Germany",Hamburger Sternwarte,53.482,10.242,1,AG-Astrograph,,True,5893.545115,GE100KM,True,True,True,0,,,,,,49.8845,10.8881,10.242,53.482,10.88810000,49.88450000,10.24200000,53.48200000,SWAP,NORMAL,402.491931,GE100KM,True,True,True
APPLAUSE:136594 | APPLAUSE:91761,Bamberg,208,136594,93464,117981,1961-01-17T18:28:00+00:00,1961-01-17T19:28:00+00:00,Hamburg,106,91761,61558,69075,1961-01-17T19:03:12+00:00,1961-01-17T19:23:09+00:00,1961-01-17T19:03:12+00:00,1961-01-17T19:23:09+00:00,1197.000,0.00928924,0.24616591,0.24616591,0,0,,,,,,,"Dr. Remeis-Observatory, Bamberg, Germany",Dr. Remeis-Observatory,10.8881,49.8845,1,Astrograph,,"Hamburg-Bergedorf, Germany",Hamburger Sternwarte,53.482,10.242,1,AG-Astrograph,,True,5893.545115,GE100KM,True,True,True,0,,,,,,49.8845,10.8881,10.242,53.482,10.88810000,49.88450000,10.24200000,53.48200000,SWAP,NORMAL,402.491931,GE100KM,True,True,True
APPLAUSE:136598 | APPLAUSE:91763,Bamberg,208,136598,93468,117985,1961-01-17T19:34:00+00:00,1961-01-17T20:34:00+00:00,Hamburg,106,91763,61560,69079,1961-01-17T20:03:12+00:00,1961-01-17T20:23:09+00:00,1961-01-17T20:03:12+00:00,1961-01-17T20:23:09+00:00,1197.000,0.03572324,1.00000000,1.00000000,0,1,,,,,6.000000,A_LE30MIN,"Dr. Remeis-Observatory, Bamberg, Germany",Dr. Remeis-Observatory,10.8881,49.8845,1,Astrograph,,"Hamburg-Bergedorf, Germany",Hamburger Sternwarte,53.482,10.242,1,AG-Astrograph,,True,5893.545115,GE100KM,True,True,True,0,,,,,,49.8845,10.8881,10.242,53.482,10.88810000,49.88450000,10.24200000,53.48200000,SWAP,NORMAL,402.491931,GE100KM,True,True,True
APPLAUSE:136599 | APPLAUSE:91763,Bamberg,208,136599,93469,117986,1961-01-17T19:34:00+00:00,1961-01-17T20:34:00+00:00,Hamburg,106,91763,61560,69079,1961-01-17T20:03:12+00:00,1961-01-17T20:23:09+00:00,1961-01-17T20:03:12+00:00,1961-01-17T20:23:09+00:00,1197.000,0.00884955,0.23627862,0.23627862,0,0,,,,,,,"Dr. Remeis-Observatory, Bamberg, Germany",Dr. Remeis-Observatory,10.8881,49.8845,1,Astrograph,,"Hamburg-Bergedorf, Germany",Hamburger Sternwarte,53.482,10.242,1,AG-Astrograph,,True,5893.545115,GE100KM,True,True,True,0,,,,,,49.8845,10.8881,10.242,53.482,10.88810000,49.88450000,10.24200000,53.48200000,SWAP,NORMAL,402.491931,GE100KM,True,True,True
APPLAUSE:136654 | APPLAUSE:91769,Bamberg,208,136654,93524,118041,1961-01-18T20:35:00+00:00,1961-01-18T21:35:00+00:00,Hamburg,106,91769,61566,69090,1961-01-18T20:51:58+00:00,1961-01-18T21:11:55+00:00,1961-01-18T20:51:58+00:00,1961-01-18T21:11:55+00:00,1197.000,0.01049837,0.27972738,0.27972738,0,0,,,,,,,"Dr. Remeis-Observatory, Bamberg, Germany",Dr. Remeis-Observatory,10.8881,49.8845,1,Astrograph,,"Hamburg-Bergedorf, Germany",Hamburger Sternwarte,53.482,10.242,1,AG-Astrograph,,True,5893.545115,GE100KM,True,True,True,0,,,,,,49.8845,10.8881,10.242,53.482,10.88810000,49.88450000,10.24200000,53.48200000,SWAP,NORMAL,402.491931,GE100KM,True,True,True
APPLAUSE:136854 | APPLAUSE:91804,Bamberg,208,136854,93724,118241,1961-03-09T21:55:00+00:00,1961-03-09T22:55:00+00:00,Hamburg,106,91804,61601,69160,1961-03-09T22:28:59+00:00,1961-03-09T22:48:56+00:00,1961-03-09T22:28:59+00:00,1961-03-09T22:48:56+00:00,1197.000,0.03809806,1.00000000,1.00000000,0,0,,,,,,,"Dr. Remeis-Observatory, Bamberg, Germany",Dr. Remeis-Observatory,10.8881,49.8845,1,Astrograph,,"Hamburg-Bergedorf, Germany",Hamburger Sternwarte,53.482,10.242,1,AG-Astrograph,,True,5893.545115,GE100KM,True,True,True,0,,,,,,49.8845,10.8881,10.242,53.482,10.88810000,49.88450000,10.24200000,53.48200000,SWAP,NORMAL,402.491931,GE100KM,True,True,True
APPLAUSE:137907 | APPLAUSE:92004,Bamberg,208,137907,94777,119285,1962-06-06T22:46:00+00:00,1962-06-06T23:46:00+00:00,Hamburg,106,92004,61801,69558,1962-06-06T22:36:02+00:00,1962-06-06T23:05:57+00:00,1962-06-06T22:46:00+00:00,1962-06-06T23:05:57+00:00,1197.000,0.73106183,0.03890082,0.73106183,0,0,,,,,,,"Dr. Remeis-Observatory, Bamberg, Germany",Dr. Remeis-Observatory,10.8881,49.8845,1,Astrograph,,"Hamburg-Bergedorf, Germany",Hamburger Sternwarte,53.482,10.242,1,AG-Astrograph,,True,5893.545115,GE100KM,True,True,True,0,,,,,,49.8845,10.8881,10.242,53.482,10.88810000,49.88450000,10.24200000,53.48200000,SWAP,NORMAL,402.491931,GE100KM,True,True,True
APPLAUSE:138107 | APPLAUSE:43635,Bamberg,208,138107,94977,119485,1962-09-01T20:49:00+00:00,1962-09-01T21:49:00+00:00,Hamburg,102,43635,11014,13537,1962-09-01T21:15:05+00:00,1962-09-01T21:35:02+00:00,1962-09-01T21:15:05+00:00,1962-09-01T21:35:02+00:00,1197.000,0.15376913,1.00000000,1.00000000,0,0,,,,,,,"Dr. Remeis-Observatory, Bamberg, Germany",Dr. Remeis-Observatory,10.8881,49.8845,1,Astrograph,,"Hamburg-Bergedorf, Germany",Hamburger Sternwarte,53.482,10.242,1,Grosser Schmidt-Spiegel,,True,5893.545115,GE100KM,True,True,True,0,,,,,,49.8845,10.8881,10.242,53.482,10.88810000,49.88450000,10.24200000,53.48200000,SWAP,NORMAL,402.491931,GE100KM,True,True,True
APPLAUSE:85397 | APPLAUSE:3018,Bonn,105,85397,57812,61893,1928-10-15T22:04:59+00:00,1928-10-15T22:24:56+00:00,Hamburg,101,3018,2194,2479,1928-10-14T21:10:23+00:00,1928-10-15T23:42:02+00:00,1928-10-15T22:04:59+00:00,1928-10-15T22:24:56+00:00,1197.000,0.10812470,0.29645001,0.29645001,0,0,,,,,,,"Bonn, Germany",Bonner Sternwarte,50.163,7.068,2,AG-Astrograph,,"Hamburg-Bergedorf, Germany",Hamburger Sternwarte,53.482,10.242,1,Lippert-Astrograph,,True,428.609118,GE100KM,True,True,True,0,,,,,,7.068,50.163,10.242,53.482,7.06800000,50.16300000,10.24200000,53.48200000,NORMAL,NORMAL,428.609118,GE100KM,True,True,True
APPLAUSE:85573 | APPLAUSE:3075,Bonn,105,85573,57900,62069,1929-01-31T20:52:23+00:00,1929-01-31T21:12:20+00:00,Hamburg,101,3075,2248,2536,1929-01-31T20:48:42+00:00,1929-01-31T22:48:23+00:00,1929-01-31T20:52:23+00:00,1929-01-31T21:12:20+00:00,1197.000,0.03619735,0.10034628,0.10034628,0,1,,,,,14.616667,A_LE30MIN,"Bonn, Germany",Bonner Sternwarte,50.163,7.068,2,AG-Astrograph,,"Hamburg-Bergedorf, Germany",Hamburger Sternwarte,53.482,10.242,1,Lippert-Astrograph,,True,428.609118,GE100KM,True,True,True,0,,,,,,7.068,50.163,10.242,53.482,7.06800000,50.16300000,10.24200000,53.48200000,NORMAL,NORMAL,428.609118,GE100KM,True,True,True
APPLAUSE:122350 | APPLAUSE:59694,Bamberg,208,122350,79644,104686,1931-03-16T18:58:00+00:00,1931-03-16T19:28:00+00:00,Hamburg,103,59694,18095,21056,1931-03-16T19:06:25+00:00,1931-03-16T19:26:21+00:00,1931-03-16T19:06:25+00:00,1931-03-16T19:26:21+00:00,1196.000,0.01681765,1.00000000,1.00000000,0,0,,,,,,,"Dr. Remeis-Observatory, Bamberg, Germany",Dr. Remeis-Observatory,10.8881,49.8845,1,Astrograph,,"Hamburg-Bergedorf, Germany",Hamburger Sternwarte,53.482,10.242,1,1m-Spiegelteleskop,,True,5893.545115,GE100KM,True,True,True,0,,,,,,49.8845,10.8881,10.242,53.482,10.88810000,49.88450000,10.24200000,53.48200000,SWAP,NORMAL,402.491931,GE100KM,True,True,True
APPLAUSE:126174 | APPLAUSE:5075,Bamberg,208,126174,83468,108287,1933-09-11T19:51:00+00:00,1933-09-11T20:29:00+00:00,Hamburg,101,5075,3912,4631,1933-09-11T20:07:30+00:00,1933-09-11T20:27:26+00:00,1933-09-11T20:07:30+00:00,1933-09-11T20:27:26+00:00,1196.000,0.02744835,1.00000000,1.00000000,0,0,,,,,,,"Dr. Remeis-Observatory, Bamberg, Germany",Dr. Remeis-Observatory,10.8881,49.8845,1,Astrograph,,"Hamburg-Bergedorf, Germany",Hamburger Sternwarte,53.482,10.242,1,Lippert-Astrograph,,True,5893.545115,GE100KM,True,True,True,0,,,,,,49.8845,10.8881,10.242,53.482,10.88810000,49.88450000,10.24200000,53.48200000,SWAP,NORMAL,402.491931,GE100KM,True,True,True
APPLAUSE:128733 | APPLAUSE:7014,Bamberg,208,128733,86005,110735,1936-06-19T23:27:00+00:00,1936-06-19T23:57:00+00:00,Hamburg,101,7014,4487,5313,1936-06-19T23:35:42+00:00,1936-06-19T23:55:38+00:00,1936-06-19T23:35:42+00:00,1936-06-19T23:55:38+00:00,1196.000,0.05059447,1.00000000,1.00000000,0,1,,,,,3.000000,A_LE30MIN,"Dr. Remeis-Observatory, Bamberg, Germany",Dr. Remeis-Observatory,10.8881,49.8845,1,Astrograph,,"Hamburg-Bergedorf, Germany",Hamburger Sternwarte,53.482,10.242,1,Lippert-Astrograph,,True,5893.545115,GE100KM,True,True,True,0,,,,,,49.8845,10.8881,10.242,53.482,10.88810000,49.88450000,10.24200000,53.48200000,SWAP,NORMAL,402.491931,GE100KM,True,True,True
APPLAUSE:135158 | APPLAUSE:15280,Bamberg,208,135158,92028,116559,1959-10-07T22:40:00+00:00,1959-10-07T23:40:00+00:00,Hamburg,101,15280,8543,11293,1959-10-07T23:04:41+00:00,1959-10-07T23:24:37+00:00,1959-10-07T23:04:41+00:00,1959-10-07T23:24:37+00:00,1196.000,0.07252144,1.00000000,1.00000000,0,0,,,,,,,"Dr. Remeis-Observatory, Bamberg, Germany",Dr. Remeis-Observatory,10.8881,49.8845,1,Astrograph,,"Hamburg-Bergedorf, Germany",Hamburger Sternwarte,53.482,10.242,1,Lippert-Astrograph,,True,5893.545115,GE100KM,True,True,True,0,,,,,,49.8845,10.8881,10.242,53.482,10.88810000,49.88450000,10.24200000,53.48200000,SWAP,NORMAL,402.491931,GE100KM,True,True,True
APPLAUSE:137035 | APPLAUSE:91870,Bamberg,208,137035,93905,118417,1961-06-15T22:06:00+00:00,1961-06-15T23:06:00+00:00,Hamburg,106,91870,61667,69293,1961-06-15T22:12:35+00:00,1961-06-15T22:32:31+00:00,1961-06-15T22:12:35+00:00,1961-06-15T22:32:31+00:00,1196.000,0.03566256,1.00000000,1.00000000,0,0,,,,,,,"Dr. Remeis-Observatory, Bamberg, Germany",Dr. Remeis-Observatory,10.8881,49.8845,1,Astrograph,,"Hamburg-Bergedorf, Germany",Hamburger Sternwarte,53.482,10.242,1,AG-Astrograph,,True,5893.545115,GE100KM,True,True,True,0,,,,,,49.8845,10.8881,10.242,53.482,10.88810000,49.88450000,10.24200000,53.48200000,SWAP,NORMAL,402.491931,GE100KM,True,True,True
APPLAUSE:137035 | APPLAUSE:91871,Bamberg,208,137035,93905,118417,1961-06-15T22:06:00+00:00,1961-06-15T23:06:00+00:00,Hamburg,106,91871,61668,69295,1961-06-15T22:43:25+00:00,1961-06-15T23:03:21+00:00,1961-06-15T22:43:25+00:00,1961-06-15T23:03:21+00:00,1196.000,0.03565425,1.00000000,1.00000000,0,0,,,,,,,"Dr. Remeis-Observatory, Bamberg, Germany",Dr. Remeis-Observatory,10.8881,49.8845,1,Astrograph,,"Hamburg-Bergedorf, Germany",Hamburger Sternwarte,53.482,10.242,1,AG-Astrograph,,True,5893.545115,GE100KM,True,True,True,0,,,,,,49.8845,10.8881,10.242,53.482,10.88810000,49.88450000,10.24200000,53.48200000,SWAP,NORMAL,402.491931,GE100KM,True,True,True
APPLAUSE:133913 | APPLAUSE:41996,Bamberg,208,133913,90783,115314,1959-03-28T19:40:00+00:00,1959-03-28T20:40:00+00:00,Hamburg,102,41996,10189,12713,1959-03-28T19:39:39+00:00,1959-03-28T19:59:36+00:00,1959-03-28T19:40:00+00:00,1959-03-28T19:59:36+00:00,1176.000,1.00000000,0.01476777,1.00000000,0,0,,,,,,,"Dr. Remeis-Observatory, Bamberg, Germany",Dr. Remeis-Observatory,10.8881,49.8845,1,Astrograph,,"Hamburg-Bergedorf, Germany",Hamburger Sternwarte,53.482,10.242,1,Grosser Schmidt-Spiegel,,True,5893.545115,GE100KM,True,True,True,0,,,,,,49.8845,10.8881,10.242,53.482,10.88810000,49.88450000,10.24200000,53.48200000,SWAP,NORMAL,402.491931,GE100KM,True,True,True
APPLAUSE:125451 | APPLAUSE:60128,Bamberg,208,125451,82745,107570,1933-03-21T20:33:00+00:00,1933-03-21T21:03:00+00:00,Hamburg,103,60128,18482,21436,1933-03-21T20:32:26+00:00,1933-03-21T20:52:23+00:00,1933-03-21T20:33:00+00:00,1933-03-21T20:52:23+00:00,1163.000,0.34028073,0.00232030,0.34028073,0,0,,,,,,,"Dr. Remeis-Observatory, Bamberg, Germany",Dr. Remeis-Observatory,10.8881,49.8845,1,Astrograph,,"Hamburg-Bergedorf, Germany",Hamburger Sternwarte,53.482,10.242,1,1m-Spiegelteleskop,,True,5893.545115,GE100KM,True,True,True,0,,,,,,49.8845,10.8881,10.242,53.482,10.88810000,49.88450000,10.24200000,53.48200000,SWAP,NORMAL,402.491931,GE100KM,True,True,True
APPLAUSE:129350 | APPLAUSE:7513,Bamberg,208,129350,86620,111340,1937-09-05T21:21:00+00:00,1937-09-05T21:51:00+00:00,Hamburg,101,7513,4761,5772,1937-09-05T21:31:48+00:00,1937-09-05T22:01:43+00:00,1937-09-05T21:31:48+00:00,1937-09-05T21:51:00+00:00,1152.000,0.06812444,1.00000000,1.00000000,0,0,,,,,,,"Dr. Remeis-Observatory, Bamberg, Germany",Dr. Remeis-Observatory,10.8881,49.8845,1,Astrograph,,"Hamburg-Bergedorf, Germany",Hamburger Sternwarte,53.482,10.242,1,Lippert-Astrograph,,True,5893.545115,GE100KM,True,True,True,0,,,,,,49.8845,10.8881,10.242,53.482,10.88810000,49.88450000,10.24200000,53.48200000,SWAP,NORMAL,402.491931,GE100KM,True,True,True
APPLAUSE:137914 | APPLAUSE:92006,Bamberg,208,137914,94784,119292,1962-06-06T23:55:00+00:00,1962-06-07T00:55:00+00:00,Hamburg,106,92006,61803,69563,1962-06-06T23:44:11+00:00,1962-06-07T00:14:06+00:00,1962-06-06T23:55:00+00:00,1962-06-07T00:14:06+00:00,1146.000,1.00000000,0.03425648,1.00000000,0,0,,,,,,,"Dr. Remeis-Observatory, Bamberg, Germany",Dr. Remeis-Observatory,10.8881,49.8845,1,Astrograph,,"Hamburg-Bergedorf, Germany",Hamburger Sternwarte,53.482,10.242,1,AG-Astrograph,,True,5893.545115,GE100KM,True,True,True,0,,,,,,49.8845,10.8881,10.242,53.482,10.88810000,49.88450000,10.24200000,53.48200000,SWAP,NORMAL,402.491931,GE100KM,True,True,True
APPLAUSE:137915 | APPLAUSE:92006,Bamberg,208,137915,94785,119293,1962-06-06T23:55:00+00:00,1962-06-07T00:55:00+00:00,Hamburg,106,92006,61803,69563,1962-06-06T23:44:11+00:00,1962-06-07T00:14:06+00:00,1962-06-06T23:55:00+00:00,1962-06-07T00:14:06+00:00,1146.000,1.00000000,0.05579545,1.00000000,0,0,,,,,,,"Dr. Remeis-Observatory, Bamberg, Germany",Dr. Remeis-Observatory,10.8881,49.8845,1,Astrograph,,"Hamburg-Bergedorf, Germany",Hamburger Sternwarte,53.482,10.242,1,AG-Astrograph,,True,5893.545115,GE100KM,True,True,True,0,,,,,,49.8845,10.8881,10.242,53.482,10.88810000,49.88450000,10.24200000,53.48200000,SWAP,NORMAL,402.491931,GE100KM,True,True,True
APPLAUSE:137930 | APPLAUSE:92013,Bamberg,208,137930,94800,119308,1962-06-08T22:43:00+00:00,1962-06-08T23:43:00+00:00,Hamburg,106,92013,61810,69576,1962-06-08T22:22:11+00:00,1962-06-08T23:02:05+00:00,1962-06-08T22:43:00+00:00,1962-06-08T23:02:05+00:00,1145.000,1.00000000,0.03578885,1.00000000,0,0,,,,,,,"Dr. Remeis-Observatory, Bamberg, Germany",Dr. Remeis-Observatory,10.8881,49.8845,1,Astrograph,,"Hamburg-Bergedorf, Germany",Hamburger Sternwarte,53.482,10.242,1,AG-Astrograph,,True,5893.545115,GE100KM,True,True,True,0,,,,,,49.8845,10.8881,10.242,53.482,10.88810000,49.88450000,10.24200000,53.48200000,SWAP,NORMAL,402.491931,GE100KM,True,True,True
APPLAUSE:137931 | APPLAUSE:92013,Bamberg,208,137931,94801,119309,1962-06-08T22:43:00+00:00,1962-06-08T23:43:00+00:00,Hamburg,106,92013,61810,69576,1962-06-08T22:22:11+00:00,1962-06-08T23:02:05+00:00,1962-06-08T22:43:00+00:00,1962-06-08T23:02:05+00:00,1145.000,1.00000000,0.05395070,1.00000000,0,0,,,,,,,"Dr. Remeis-Observatory, Bamberg, Germany",Dr. Remeis-Observatory,10.8881,49.8845,1,Astrograph,,"Hamburg-Bergedorf, Germany",Hamburger Sternwarte,53.482,10.242,1,AG-Astrograph,,True,5893.545115,GE100KM,True,True,True,0,,,,,,49.8845,10.8881,10.242,53.482,10.88810000,49.88450000,10.24200000,53.48200000,SWAP,NORMAL,402.491931,GE100KM,True,True,True
APPLAUSE:124004 | APPLAUSE:110681,Bamberg,208,124004,81298,106199,1932-04-27T22:15:00+00:00,1932-04-27T22:45:00+00:00,Hamburg,111,110681,64780,72911,1932-04-27T21:04:00+00:00,1932-04-27T22:34:00+00:00,1932-04-27T22:15:00+00:00,1932-04-27T22:34:00+00:00,1140.000,0.38417263,0.01463549,0.38417263,0,0,,,,,,,"Dr. Remeis-Observatory, Bamberg, Germany",Dr. Remeis-Observatory,10.8881,49.8845,1,Astrograph,,"Hamburg-Bergedorf, Germany",Hamburger Sternwarte,53.482,10.242,1,Original Schmidt-Spiegel,,True,5893.545115,GE100KM,True,True,True,0,,,,,,49.8845,10.8881,10.242,53.482,10.88810000,49.88450000,10.24200000,53.48200000,SWAP,NORMAL,402.491931,GE100KM,True,True,True
APPLAUSE:130603 | APPLAUSE:8301,Bamberg,208,130603,87817,112501,1939-03-18T20:51:00+00:00,1939-03-18T21:21:00+00:00,Hamburg,101,8301,5244,6471,1939-03-18T20:10:07+00:00,1939-03-18T21:09:57+00:00,1939-03-18T20:51:00+00:00,1939-03-18T21:09:57+00:00,1137.000,0.57287320,0.04641494,0.57287320,0,0,,,,,,,"Dr. Remeis-Observatory, Bamberg, Germany",Dr. Remeis-Observatory,10.8881,49.8845,1,Astrograph,,"Hamburg-Bergedorf, Germany",Hamburger Sternwarte,53.482,10.242,1,Lippert-Astrograph,,True,5893.545115,GE100KM,True,True,True,0,,,,,,49.8845,10.8881,10.242,53.482,10.88810000,49.88450000,10.24200000,53.48200000,SWAP,NORMAL,402.491931,GE100KM,True,True,True
APPLAUSE:122680 | APPLAUSE:4079,Bamberg,208,122680,79974,104963,1931-05-14T00:43:00+00:00,1931-05-14T01:17:00+00:00,Hamburg,101,4079,3143,3695,1931-05-13T22:38:10+00:00,1931-05-14T01:01:47+00:00,1931-05-14T00:43:00+00:00,1931-05-14T01:01:47+00:00,1127.000,0.67638051,0.06980849,0.67638051,0,0,,,,,,,"Dr. Remeis-Observatory, Bamberg, Germany",Dr. Remeis-Observatory,10.8881,49.8845,1,Astrograph,,"Hamburg-Bergedorf, Germany",Hamburger Sternwarte,53.482,10.242,1,Lippert-Astrograph,,True,5893.545115,GE100KM,True,True,True,0,,,,,,49.8845,10.8881,10.242,53.482,10.88810000,49.88450000,10.24200000,53.48200000,SWAP,NORMAL,402.491931,GE100KM,True,True,True
APPLAUSE:125531 | APPLAUSE:110829,Bamberg,208,125531,82825,107646,1933-03-27T20:58:00+00:00,1933-03-27T21:28:00+00:00,Hamburg,111,110829,64871,72963,1933-03-27T20:46:00+00:00,1933-03-27T21:16:00+00:00,1933-03-27T20:58:00+00:00,1933-03-27T21:16:00+00:00,1080.000,1.00000000,0.05150769,1.00000000,0,0,,,,,,,"Dr. Remeis-Observatory, Bamberg, Germany",Dr. Remeis-Observatory,10.8881,49.8845,1,Astrograph,,"Hamburg-Bergedorf, Germany",Hamburger Sternwarte,53.482,10.242,1,Original Schmidt-Spiegel,,True,5893.545115,GE100KM,True,True,True,0,,,,,,49.8845,10.8881,10.242,53.482,10.88810000,49.88450000,10.24200000,53.48200000,SWAP,NORMAL,402.491931,GE100KM,True,True,True
APPLAUSE:130202 | APPLAUSE:111273,Bamberg,208,130202,87466,112166,1938-09-24T19:53:00+00:00,1938-09-24T20:23:00+00:00,Hamburg,111,111273,64982,73098,1938-09-24T20:05:02+00:00,1938-09-24T20:25:02+00:00,1938-09-24T20:05:02+00:00,1938-09-24T20:23:00+00:00,1078.000,0.00492922,0.12912727,0.12912727,0,0,,,,,,,"Dr. Remeis-Observatory, Bamberg, Germany",Dr. Remeis-Observatory,10.8881,49.8845,1,Astrograph,,"Hamburg-Bergedorf, Germany",Hamburger Sternwarte,53.482,10.242,1,Original Schmidt-Spiegel,,True,5893.545115,GE100KM,True,True,True,0,,,,,,49.8845,10.8881,10.242,53.482,10.88810000,49.88450000,10.24200000,53.48200000,SWAP,NORMAL,402.491931,GE100KM,True,True,True
APPLAUSE:129747 | APPLAUSE:7862,Bamberg,208,129747,87017,111736,1938-03-20T22:01:00+00:00,1938-03-20T22:30:00+00:00,Hamburg,101,7862,4978,6133,1938-03-20T20:04:17+00:00,1938-03-20T22:18:55+00:00,1938-03-20T22:01:00+00:00,1938-03-20T22:18:55+00:00,1075.000,0.80464909,0.05180373,0.80464909,0,1,,,,,1.000000,A_LE30MIN,"Dr. Remeis-Observatory, Bamberg, Germany",Dr. Remeis-Observatory,10.8881,49.8845,1,Astrograph,,"Hamburg-Bergedorf, Germany",Hamburger Sternwarte,53.482,10.242,1,Lippert-Astrograph,,True,5893.545115,GE100KM,True,True,True,0,,,,,,49.8845,10.8881,10.242,53.482,10.88810000,49.88450000,10.24200000,53.48200000,SWAP,NORMAL,402.491931,GE100KM,True,True,True
APPLAUSE:121194 | APPLAUSE:3274,Bamberg,208,121194,78513,104052,1929-09-02T19:51:00+00:00,1929-09-02T20:21:00+00:00,Hamburg,101,3274,2442,2794,1929-09-02T20:03:07+00:00,1929-09-03T21:52:52+00:00,1929-09-02T20:03:07+00:00,1929-09-02T20:21:00+00:00,1073.000,0.05379620,0.54790041,0.54790041,0,0,,,,,,,"Dr. Remeis-Observatory, Bamberg, Germany",Dr. Remeis-Observatory,10.8881,49.8845,1,Astrograph,,"Hamburg-Bergedorf, Germany",Hamburger Sternwarte,53.482,10.242,1,Lippert-Astrograph,,True,5893.545115,GE100KM,True,True,True,0,,,,,,49.8845,10.8881,10.242,53.482,10.88810000,49.88450000,10.24200000,53.48200000,SWAP,NORMAL,402.491931,GE100KM,True,True,True
APPLAUSE:136598 | APPLAUSE:91762,Bamberg,208,136598,93468,117985,1961-01-17T19:34:00+00:00,1961-01-17T20:34:00+00:00,Hamburg,106,91762,61559,69077,1961-01-17T19:31:07+00:00,1961-01-17T19:51:04+00:00,1961-01-17T19:34:00+00:00,1961-01-17T19:51:04+00:00,1024.000,0.95346091,0.03371628,0.95346091,0,0,,,,,,,"Dr. Remeis-Observatory, Bamberg, Germany",Dr. Remeis-Observatory,10.8881,49.8845,1,Astrograph,,"Hamburg-Bergedorf, Germany",Hamburger Sternwarte,53.482,10.242,1,AG-Astrograph,,True,5893.545115,GE100KM,True,True,True,0,,,,,,49.8845,10.8881,10.242,53.482,10.88810000,49.88450000,10.24200000,53.48200000,SWAP,NORMAL,402.491931,GE100KM,True,True,True
APPLAUSE:136599 | APPLAUSE:91762,Bamberg,208,136599,93469,117986,1961-01-17T19:34:00+00:00,1961-01-17T20:34:00+00:00,Hamburg,106,91762,61559,69077,1961-01-17T19:31:07+00:00,1961-01-17T19:51:04+00:00,1961-01-17T19:34:00+00:00,1961-01-17T19:51:04+00:00,1024.000,0.01403744,0.00051993,0.01403744,0,0,,,,,,,"Dr. Remeis-Observatory, Bamberg, Germany",Dr. Remeis-Observatory,10.8881,49.8845,1,Astrograph,,"Hamburg-Bergedorf, Germany",Hamburger Sternwarte,53.482,10.242,1,AG-Astrograph,,True,5893.545115,GE100KM,True,True,True,0,,,,,,49.8845,10.8881,10.242,53.482,10.88810000,49.88450000,10.24200000,53.48200000,SWAP,NORMAL,402.491931,GE100KM,True,True,True
APPLAUSE:130509 | APPLAUSE:8193,Bamberg,208,130509,87726,112413,1938-12-17T00:59:00+00:00,1938-12-17T01:29:00+00:00,Hamburg,101,8193,5148,6335,1938-12-17T01:12:00+00:00,1938-12-17T02:11:50+00:00,1938-12-17T01:12:00+00:00,1938-12-17T01:29:00+00:00,1020.000,0.06335134,0.99922030,0.99922030,0,1,,,,,63.000000,C_GT60_LE120MIN,"Dr. Remeis-Observatory, Bamberg, Germany",Dr. Remeis-Observatory,10.8881,49.8845,1,Astrograph,,"Hamburg-Bergedorf, Germany",Hamburger Sternwarte,53.482,10.242,1,Lippert-Astrograph,,True,5893.545115,GE100KM,True,True,True,0,,,,,,49.8845,10.8881,10.242,53.482,10.88810000,49.88450000,10.24200000,53.48200000,SWAP,NORMAL,402.491931,GE100KM,True,True,True
APPLAUSE:123268 | APPLAUSE:4237,Bamberg,208,123268,80562,105497,1931-11-04T21:44:00+00:00,1931-11-04T22:14:00+00:00,Hamburg,101,4237,3285,3883,1931-11-04T18:37:32+00:00,1931-11-04T22:00:19+00:00,1931-11-04T21:44:00+00:00,1931-11-04T22:00:19+00:00,979.000,0.03147515,0.00242377,0.03147515,0,0,,,,,,,"Dr. Remeis-Observatory, Bamberg, Germany",Dr. Remeis-Observatory,10.8881,49.8845,1,Astrograph,,"Hamburg-Bergedorf, Germany",Hamburger Sternwarte,53.482,10.242,1,Lippert-Astrograph,,True,5893.545115,GE100KM,True,True,True,0,,,,,,49.8845,10.8881,10.242,53.482,10.88810000,49.88450000,10.24200000,53.48200000,SWAP,NORMAL,402.491931,GE100KM,True,True,True
APPLAUSE:136854 | APPLAUSE:91803,Bamberg,208,136854,93724,118241,1961-03-09T21:55:00+00:00,1961-03-09T22:55:00+00:00,Hamburg,106,91803,61600,69158,1961-03-09T21:51:00+00:00,1961-03-09T22:10:57+00:00,1961-03-09T21:55:00+00:00,1961-03-09T22:10:57+00:00,957.000,1.00000000,0.03818633,1.00000000,0,0,,,,,,,"Dr. Remeis-Observatory, Bamberg, Germany",Dr. Remeis-Observatory,10.8881,49.8845,1,Astrograph,,"Hamburg-Bergedorf, Germany",Hamburger Sternwarte,53.482,10.242,1,AG-Astrograph,,True,5893.545115,GE100KM,True,True,True,0,,,,,,49.8845,10.8881,10.242,53.482,10.88810000,49.88450000,10.24200000,53.48200000,SWAP,NORMAL,402.491931,GE100KM,True,True,True
APPLAUSE:130193 | APPLAUSE:8127,Bamberg,208,130193,87457,112157,1938-09-24T23:06:00+00:00,1938-09-24T23:36:00+00:00,Hamburg,101,8127,5082,6238,1938-09-24T22:21:57+00:00,1938-09-24T23:21:48+00:00,1938-09-24T23:06:00+00:00,1938-09-24T23:21:48+00:00,948.000,0.01697928,0.00140654,0.01697928,0,0,,,,,,,"Dr. Remeis-Observatory, Bamberg, Germany",Dr. Remeis-Observatory,10.8881,49.8845,1,Astrograph,,"Hamburg-Bergedorf, Germany",Hamburger Sternwarte,53.482,10.242,1,Lippert-Astrograph,,True,5893.545115,GE100KM,True,True,True,0,,,,,,49.8845,10.8881,10.242,53.482,10.88810000,49.88450000,10.24200000,53.48200000,SWAP,NORMAL,402.491931,GE100KM,True,True,True
APPLAUSE:125451 | APPLAUSE:4859,Bamberg,208,125451,82745,107570,1933-03-21T20:33:00+00:00,1933-03-21T21:03:00+00:00,Hamburg,101,4859,3764,4497,1933-03-21T19:02:50+00:00,1933-03-21T20:48:34+00:00,1933-03-21T20:33:00+00:00,1933-03-21T20:48:34+00:00,934.000,0.40067058,0.03203307,0.40067058,0,0,,,,,,,"Dr. Remeis-Observatory, Bamberg, Germany",Dr. Remeis-Observatory,10.8881,49.8845,1,Astrograph,,"Hamburg-Bergedorf, Germany",Hamburger Sternwarte,53.482,10.242,1,Lippert-Astrograph,,True,5893.545115,GE100KM,True,True,True,0,,,,,,49.8845,10.8881,10.242,53.482,10.88810000,49.88450000,10.24200000,53.48200000,SWAP,NORMAL,402.491931,GE100KM,True,True,True
APPLAUSE:132894 | APPLAUSE:90893,Bamberg,208,132894,89768,114302,1957-11-01T22:49:00+00:00,1957-11-01T23:49:00+00:00,Hamburg,106,90893,60704,67371,1957-11-01T23:33:27+00:00,1957-11-01T23:58:23+00:00,1957-11-01T23:33:27+00:00,1957-11-01T23:49:00+00:00,933.000,0.11877061,0.53158671,0.53158671,0,0,,,,,,,"Dr. Remeis-Observatory, Bamberg, Germany",Dr. Remeis-Observatory,10.8881,49.8845,1,Astrograph,,"Hamburg-Bergedorf, Germany",Hamburger Sternwarte,53.482,10.242,1,AG-Astrograph,,True,5893.545115,GE100KM,True,True,True,0,,,,,,49.8845,10.8881,10.242,53.482,10.88810000,49.88450000,10.24200000,53.48200000,SWAP,NORMAL,402.491931,GE100KM,True,True,True
APPLAUSE:125711 | APPLAUSE:4943,Bamberg,208,125711,83005,107826,1933-04-25T20:11:00+00:00,1933-04-25T20:41:00+00:00,Hamburg,101,4943,3833,4565,1933-04-25T20:25:28+00:00,1933-04-25T23:26:58+00:00,1933-04-25T20:25:28+00:00,1933-04-25T20:41:00+00:00,932.000,0.07651337,0.91599142,0.91599142,0,0,,,,,,,"Dr. Remeis-Observatory, Bamberg, Germany",Dr. Remeis-Observatory,10.8881,49.8845,1,Astrograph,,"Hamburg-Bergedorf, Germany",Hamburger Sternwarte,53.482,10.242,1,Lippert-Astrograph,,True,5893.545115,GE100KM,True,True,True,0,,,,,,49.8845,10.8881,10.242,53.482,10.88810000,49.88450000,10.24200000,53.48200000,SWAP,NORMAL,402.491931,GE100KM,True,True,True
APPLAUSE:130320 | APPLAUSE:8150,Bamberg,208,130320,87547,112237,1938-10-15T18:31:00+00:00,1938-10-15T19:01:00+00:00,Hamburg,101,8150,5105,6272,1938-10-15T18:45:30+00:00,1938-10-15T19:15:25+00:00,1938-10-15T18:45:30+00:00,1938-10-15T19:01:00+00:00,930.000,0.06693541,0.99898323,0.99898323,0,0,,,,,,,"Dr. Remeis-Observatory, Bamberg, Germany",Dr. Remeis-Observatory,10.8881,49.8845,1,Astrograph,,"Hamburg-Bergedorf, Germany",Hamburger Sternwarte,53.482,10.242,1,Lippert-Astrograph,,True,5893.545115,GE100KM,True,True,True,0,,,,,,49.8845,10.8881,10.242,53.482,10.88810000,49.88450000,10.24200000,53.48200000,SWAP,NORMAL,402.491931,GE100KM,True,True,True
APPLAUSE:138319 | APPLAUSE:92016,Bamberg,208,138319,95189,119697,1962-10-21T21:22:00+00:00,1962-10-21T22:22:00+00:00,Hamburg,106,92016,61813,69583,1962-10-21T20:47:36+00:00,1962-10-21T21:37:28+00:00,1962-10-21T21:22:00+00:00,1962-10-21T21:37:28+00:00,928.000,1.00000000,0.08584587,1.00000000,0,0,,,,,,,"Dr. Remeis-Observatory, Bamberg, Germany",Dr. Remeis-Observatory,10.8881,49.8845,1,Astrograph,,"Hamburg-Bergedorf, Germany",Hamburger Sternwarte,53.482,10.242,1,AG-Astrograph,,True,5893.545115,GE100KM,True,True,True,0,,,,,,49.8845,10.8881,10.242,53.482,10.88810000,49.88450000,10.24200000,53.48200000,SWAP,NORMAL,402.491931,GE100KM,True,True,True
APPLAUSE:138320 | APPLAUSE:92016,Bamberg,208,138320,95190,119698,1962-10-21T21:22:00+00:00,1962-10-21T22:22:00+00:00,Hamburg,106,92016,61813,69583,1962-10-21T20:47:36+00:00,1962-10-21T21:37:28+00:00,1962-10-21T21:22:00+00:00,1962-10-21T21:37:28+00:00,928.000,0.03726939,0.00491975,0.03726939,0,0,,,,,,,"Dr. Remeis-Observatory, Bamberg, Germany",Dr. Remeis-Observatory,10.8881,49.8845,1,Astrograph,,"Hamburg-Bergedorf, Germany",Hamburger Sternwarte,53.482,10.242,1,AG-Astrograph,,True,5893.545115,GE100KM,True,True,True,0,,,,,,49.8845,10.8881,10.242,53.482,10.88810000,49.88450000,10.24200000,53.48200000,SWAP,NORMAL,402.491931,GE100KM,True,True,True
APPLAUSE:122415 | APPLAUSE:59740,Bamberg,208,122415,79709,104722,1931-03-18T19:34:00+00:00,1931-03-18T20:04:00+00:00,Hamburg,103,59740,18133,21094,1931-03-18T19:19:29+00:00,1931-03-18T19:49:25+00:00,1931-03-18T19:34:00+00:00,1931-03-18T19:49:25+00:00,925.000,1.00000000,0.01691077,1.00000000,0,0,,,,,,,"Dr. Remeis-Observatory, Bamberg, Germany",Dr. Remeis-Observatory,10.8881,49.8845,1,Astrograph,,"Hamburg-Bergedorf, Germany",Hamburger Sternwarte,53.482,10.242,1,1m-Spiegelteleskop,,True,5893.545115,GE100KM,True,True,True,0,,,,,,49.8845,10.8881,10.242,53.482,10.88810000,49.88450000,10.24200000,53.48200000,SWAP,NORMAL,402.491931,GE100KM,True,True,True
APPLAUSE:92150 | APPLAUSE:19415,Hamburg,106,92150,61947,69849,1964-05-05T22:32:35+00:00,1964-05-05T23:07:30+00:00,South Africa,203,19415,31525,34177,1964-05-05T21:48:00+00:00,1964-05-05T22:48:00+00:00,1964-05-05T22:32:35+00:00,1964-05-05T22:48:00+00:00,925.000,0.02343585,0.10928934,0.10928934,0,0,,,,,,,"Hamburg-Bergedorf, Germany",Hamburger Sternwarte,53.482,10.242,1,AG-Astrograph,,"Boyden Observatory, Bloemfontein, South Africa","Dr. Remeis-Observatory, Southern Station",-29.0388,26.4047,1,Astrograph (ten 10-cm Tessar f/6 cameras),,True,9307.871922,GE100KM,True,True,True,0,,,,,,10.242,53.482,26.4047,-29.0388,10.24200000,53.48200000,26.40470000,-29.03880000,NORMAL,NORMAL,9307.871922,GE100KM,True,True,True
APPLAUSE:122170 | APPLAUSE:3938,Bamberg,208,122170,79464,104520,1931-02-13T19:17:00+00:00,1931-02-13T19:47:00+00:00,Hamburg,101,3938,3009,3556,1931-02-13T19:31:49+00:00,1931-02-13T19:51:46+00:00,1931-02-13T19:31:49+00:00,1931-02-13T19:47:00+00:00,911.000,0.00464911,0.17407254,0.17407254,0,0,,,,,,,"Dr. Remeis-Observatory, Bamberg, Germany",Dr. Remeis-Observatory,10.8881,49.8845,1,Astrograph,,"Hamburg-Bergedorf, Germany",Hamburger Sternwarte,53.482,10.242,1,Lippert-Astrograph,,True,5893.545115,GE100KM,True,True,True,0,,,,,,49.8845,10.8881,10.242,53.482,10.88810000,49.88450000,10.24200000,53.48200000,SWAP,NORMAL,402.491931,GE100KM,True,True,True
APPLAUSE:136589 | APPLAUSE:91760,Bamberg,208,136589,93459,117976,1961-01-17T17:22:00+00:00,1961-01-17T18:22:00+00:00,Hamburg,106,91760,61557,69072,1961-01-17T18:06:51+00:00,1961-01-17T18:26:48+00:00,1961-01-17T18:06:51+00:00,1961-01-17T18:22:00+00:00,909.000,0.02005495,0.53027392,0.53027392,0,0,,,,,,,"Dr. Remeis-Observatory, Bamberg, Germany",Dr. Remeis-Observatory,10.8881,49.8845,1,Astrograph,,"Hamburg-Bergedorf, Germany",Hamburger Sternwarte,53.482,10.242,1,AG-Astrograph,,True,5893.545115,GE100KM,True,True,True,0,,,,,,49.8845,10.8881,10.242,53.482,10.88810000,49.88450000,10.24200000,53.48200000,SWAP,NORMAL,402.491931,GE100KM,True,True,True
APPLAUSE:122465 | APPLAUSE:4014,Bamberg,208,122465,79759,104769,1931-03-21T02:36:00+00:00,1931-03-21T02:51:00+00:00,Hamburg,101,4014,3081,3635,1931-03-21T01:09:12+00:00,1931-03-21T03:52:45+00:00,1931-03-21T02:36:00+00:00,1931-03-21T02:51:00+00:00,900.000,0.97652148,0.09785506,0.97652148,0,0,,,,,,,"Dr. Remeis-Observatory, Bamberg, Germany",Dr. Remeis-Observatory,10.8881,49.8845,1,Astrograph,,"Hamburg-Bergedorf, Germany",Hamburger Sternwarte,53.482,10.242,1,Lippert-Astrograph,,True,5893.545115,GE100KM,True,True,True,0,,,,,,49.8845,10.8881,10.242,53.482,10.88810000,49.88450000,10.24200000,53.48200000,SWAP,NORMAL,402.491931,GE100KM,True,True,True
APPLAUSE:138748 | APPLAUSE:17273,Bamberg,208,138748,95618,120117,1963-10-15T20:43:00+00:00,1963-10-15T21:43:00+00:00,South Africa,203,17273,29383,31778,1963-10-15T21:28:00+00:00,1963-10-15T22:28:00+00:00,1963-10-15T21:28:00+00:00,1963-10-15T21:43:00+00:00,900.000,0.01281636,0.05324868,0.05324868,0,0,,,,,,,"Dr. Remeis-Observatory, Bamberg, Germany",Dr. Remeis-Observatory,10.8881,49.8845,1,Astrograph,,"Boyden Observatory, Bloemfontein, South Africa","Dr. Remeis-Observatory, Southern Station",-29.0388,26.4047,1,Astrograph (ten 10-cm Tessar f/6 cameras),,True,5105.064989,GE100KM,True,True,True,0,,,,,,49.8845,10.8881,26.4047,-29.0388,10.88810000,49.88450000,26.40470000,-29.03880000,SWAP,NORMAL,8908.911756,GE100KM,True,True,True
APPLAUSE:136703 | APPLAUSE:43092,Bamberg,208,136703,93573,118090,1961-01-19T20:54:00+00:00,1961-01-19T21:54:00+00:00,Hamburg,102,43092,10725,13303,1961-01-19T20:39:03+00:00,1961-01-19T21:08:59+00:00,1961-01-19T20:54:00+00:00,1961-01-19T21:08:59+00:00,899.000,0.21412445,0.00552428,0.21412445,0,2,,,,,6.000000,A_LE30MIN,"Dr. Remeis-Observatory, Bamberg, Germany",Dr. Remeis-Observatory,10.8881,49.8845,1,Astrograph,,"Hamburg-Bergedorf, Germany",Hamburger Sternwarte,53.482,10.242,1,Grosser Schmidt-Spiegel,,True,5893.545115,GE100KM,True,True,True,0,,,,,,49.8845,10.8881,10.242,53.482,10.88810000,49.88450000,10.24200000,53.48200000,SWAP,NORMAL,402.491931,GE100KM,True,True,True
APPLAUSE:134013 | APPLAUSE:42002,Bamberg,208,134013,90883,115414,1959-04-02T20:10:00+00:00,1959-04-02T21:10:00+00:00,Hamburg,102,42002,10195,12725,1959-04-02T20:35:47+00:00,1959-04-02T20:50:45+00:00,1959-04-02T20:35:47+00:00,1959-04-02T20:50:45+00:00,898.000,0.00476350,0.32495900,0.32495900,0,0,,,,,,,"Dr. Remeis-Observatory, Bamberg, Germany",Dr. Remeis-Observatory,10.8881,49.8845,1,Astrograph,,"Hamburg-Bergedorf, Germany",Hamburger Sternwarte,53.482,10.242,1,Grosser Schmidt-Spiegel,,True,5893.545115,GE100KM,True,True,True,0,,,,,,49.8845,10.8881,10.242,53.482,10.88810000,49.88450000,10.24200000,53.48200000,SWAP,NORMAL,402.491931,GE100KM,True,True,True
APPLAUSE:135576 | APPLAUSE:91713,Bamberg,208,135576,92446,116976,1960-03-22T20:57:00+00:00,1960-03-22T21:57:00+00:00,Hamburg,106,91713,61516,68992,1960-03-22T21:23:47+00:00,1960-03-22T21:38:45+00:00,1960-03-22T21:23:47+00:00,1960-03-22T21:38:45+00:00,898.000,0.03390015,0.86778364,0.86778364,0,1,,,,,10.000000,A_LE30MIN,"Dr. Remeis-Observatory, Bamberg, Germany",Dr. Remeis-Observatory,10.8881,49.8845,1,Astrograph,,"Hamburg-Bergedorf, Germany",Hamburger Sternwarte,53.482,10.242,1,AG-Astrograph,,True,5893.545115,GE100KM,True,True,True,0,,,,,,49.8845,10.8881,10.242,53.482,10.88810000,49.88450000,10.24200000,53.48200000,SWAP,NORMAL,402.491931,GE100KM,True,True,True
APPLAUSE:135581 | APPLAUSE:91715,Bamberg,208,135581,92451,116981,1960-03-22T22:05:00+00:00,1960-03-22T23:05:00+00:00,Hamburg,106,91715,61518,68997,1960-03-22T22:07:15+00:00,1960-03-22T22:22:13+00:00,1960-03-22T22:07:15+00:00,1960-03-22T22:22:13+00:00,898.000,0.03414917,0.88964551,0.88964551,0,0,,,,,,,"Dr. Remeis-Observatory, Bamberg, Germany",Dr. Remeis-Observatory,10.8881,49.8845,1,Astrograph,,"Hamburg-Bergedorf, Germany",Hamburger Sternwarte,53.482,10.242,1,AG-Astrograph,,True,5893.545115,GE100KM,True,True,True,0,,,,,,49.8845,10.8881,10.242,53.482,10.88810000,49.88450000,10.24200000,53.48200000,SWAP,NORMAL,402.491931,GE100KM,True,True,True
APPLAUSE:135581 | APPLAUSE:91716,Bamberg,208,135581,92451,116981,1960-03-22T22:05:00+00:00,1960-03-22T23:05:00+00:00,Hamburg,106,91716,61519,68998,1960-03-22T22:32:06+00:00,1960-03-22T22:47:04+00:00,1960-03-22T22:32:06+00:00,1960-03-22T22:47:04+00:00,898.000,0.03505648,0.91605832,0.91605832,0,0,,,,,,,"Dr. Remeis-Observatory, Bamberg, Germany",Dr. Remeis-Observatory,10.8881,49.8845,1,Astrograph,,"Hamburg-Bergedorf, Germany",Hamburger Sternwarte,53.482,10.242,1,AG-Astrograph,,True,5893.545115,GE100KM,True,True,True,0,,,,,,49.8845,10.8881,10.242,53.482,10.88810000,49.88450000,10.24200000,53.48200000,SWAP,NORMAL,402.491931,GE100KM,True,True,True
APPLAUSE:135582 | APPLAUSE:91716,Bamberg,208,135582,92452,116982,1960-03-22T22:05:00+00:00,1960-03-22T23:05:00+00:00,Hamburg,106,91716,61519,68998,1960-03-22T22:32:06+00:00,1960-03-22T22:47:04+00:00,1960-03-22T22:32:06+00:00,1960-03-22T22:47:04+00:00,898.000,0.02032266,1.00000000,1.00000000,0,1,,,,,8.000000,A_LE30MIN,"Dr. Remeis-Observatory, Bamberg, Germany",Dr. Remeis-Observatory,10.8881,49.8845,1,Astrograph,,"Hamburg-Bergedorf, Germany",Hamburger Sternwarte,53.482,10.242,1,AG-Astrograph,,True,5893.545115,GE100KM,True,True,True,0,,,,,,49.8845,10.8881,10.242,53.482,10.88810000,49.88450000,10.24200000,53.48200000,SWAP,NORMAL,402.491931,GE100KM,True,True,True
APPLAUSE:135592 | APPLAUSE:91719,Bamberg,208,135592,92462,116992,1960-03-23T00:21:00+00:00,1960-03-23T01:21:00+00:00,Hamburg,106,91719,61522,69005,1960-03-23T00:32:06+00:00,1960-03-23T00:47:04+00:00,1960-03-23T00:32:06+00:00,1960-03-23T00:47:04+00:00,898.000,0.01974299,1.00000000,1.00000000,0,0,,,,,,,"Dr. Remeis-Observatory, Bamberg, Germany",Dr. Remeis-Observatory,10.8881,49.8845,1,Astrograph,,"Hamburg-Bergedorf, Germany",Hamburger Sternwarte,53.482,10.242,1,AG-Astrograph,,True,5893.545115,GE100KM,True,True,True,0,,,,,,49.8845,10.8881,10.242,53.482,10.88810000,49.88450000,10.24200000,53.48200000,SWAP,NORMAL,402.491931,GE100KM,True,True,True
APPLAUSE:135661 | APPLAUSE:91730,Bamberg,208,135661,92531,117061,1960-03-24T22:14:00+00:00,1960-03-24T23:14:00+00:00,Hamburg,106,91730,61533,69026,1960-03-24T22:43:31+00:00,1960-03-24T22:58:29+00:00,1960-03-24T22:43:31+00:00,1960-03-24T22:58:29+00:00,898.000,0.02025092,0.51306885,0.51306885,0,0,,,,,,,"Dr. Remeis-Observatory, Bamberg, Germany",Dr. Remeis-Observatory,10.8881,49.8845,1,Astrograph,,"Hamburg-Bergedorf, Germany",Hamburger Sternwarte,53.482,10.242,1,AG-Astrograph,,True,5893.545115,GE100KM,True,True,True,0,,,,,,49.8845,10.8881,10.242,53.482,10.88810000,49.88450000,10.24200000,53.48200000,SWAP,NORMAL,402.491931,GE100KM,True,True,True
APPLAUSE:135662 | APPLAUSE:91730,Bamberg,208,135662,92532,117062,1960-03-24T22:14:00+00:00,1960-03-24T23:14:00+00:00,Hamburg,106,91730,61533,69026,1960-03-24T22:43:31+00:00,1960-03-24T22:58:29+00:00,1960-03-24T22:43:31+00:00,1960-03-24T22:58:29+00:00,898.000,0.02068008,1.00000000,1.00000000,0,0,,,,,,,"Dr. Remeis-Observatory, Bamberg, Germany",Dr. Remeis-Observatory,10.8881,49.8845,1,Astrograph,,"Hamburg-Bergedorf, Germany",Hamburger Sternwarte,53.482,10.242,1,AG-Astrograph,,True,5893.545115,GE100KM,True,True,True,0,,,,,,49.8845,10.8881,10.242,53.482,10.88810000,49.88450000,10.24200000,53.48200000,SWAP,NORMAL,402.491931,GE100KM,True,True,True
APPLAUSE:136398 | APPLAUSE:91741,Bamberg,208,136398,93268,117785,1960-11-16T22:31:00+00:00,1960-11-16T23:31:00+00:00,Hamburg,106,91741,61544,69048,1960-11-16T23:09:58+00:00,1960-11-16T23:24:56+00:00,1960-11-16T23:09:58+00:00,1960-11-16T23:24:56+00:00,898.000,0.03600331,0.94369682,0.94369682,0,0,,,,,,,"Dr. Remeis-Observatory, Bamberg, Germany",Dr. Remeis-Observatory,10.8881,49.8845,1,Astrograph,,"Hamburg-Bergedorf, Germany",Hamburger Sternwarte,53.482,10.242,1,AG-Astrograph,,True,5893.545115,GE100KM,True,True,True,0,,,,,,49.8845,10.8881,10.242,53.482,10.88810000,49.88450000,10.24200000,53.48200000,SWAP,NORMAL,402.491931,GE100KM,True,True,True
APPLAUSE:85663 | APPLAUSE:3104,Bonn,105,85663,57945,62158,1929-02-08T21:07:48+00:00,1929-02-08T21:27:45+00:00,Hamburg,101,3104,2277,2570,1929-02-08T21:09:36+00:00,1929-02-08T21:24:34+00:00,1929-02-08T21:09:36+00:00,1929-02-08T21:24:34+00:00,898.000,0.04842509,0.05443584,0.05443584,0,0,,,,,,,"Bonn, Germany",Bonner Sternwarte,50.163,7.068,2,AG-Astrograph,,"Hamburg-Bergedorf, Germany",Hamburger Sternwarte,53.482,10.242,1,Lippert-Astrograph,,True,428.609118,GE100KM,True,True,True,0,,,,,,7.068,50.163,10.242,53.482,7.06800000,50.16300000,10.24200000,53.48200000,NORMAL,NORMAL,428.609118,GE100KM,True,True,True
APPLAUSE:85975 | APPLAUSE:3291,Bonn,105,85975,58101,62471,1929-09-11T23:32:45+00:00,1929-09-11T23:47:43+00:00,Hamburg,101,3291,2459,2813,1929-09-11T22:10:37+00:00,1929-09-12T02:09:37+00:00,1929-09-11T23:32:45+00:00,1929-09-11T23:47:43+00:00,898.000,0.07698901,0.25908297,0.25908297,0,0,,,,,,,"Bonn, Germany",Bonner Sternwarte,50.163,7.068,2,AG-Astrograph,,"Hamburg-Bergedorf, Germany",Hamburger Sternwarte,53.482,10.242,1,Lippert-Astrograph,,True,428.609118,GE100KM,True,True,True,0,,,,,,7.068,50.163,10.242,53.482,7.06800000,50.16300000,10.24200000,53.48200000,NORMAL,NORMAL,428.609118,GE100KM,True,True,True
APPLAUSE:135586 | APPLAUSE:91718,Bamberg,208,135586,92456,116986,1960-03-22T23:14:00+00:00,1960-03-23T00:14:00+00:00,Hamburg,106,91718,61521,69003,1960-03-22T23:24:28+00:00,1960-03-22T23:39:25+00:00,1960-03-22T23:24:28+00:00,1960-03-22T23:39:25+00:00,897.000,0.01561148,0.41304058,0.41304058,0,0,,,,,,,"Dr. Remeis-Observatory, Bamberg, Germany",Dr. Remeis-Observatory,10.8881,49.8845,1,Astrograph,,"Hamburg-Bergedorf, Germany",Hamburger Sternwarte,53.482,10.242,1,AG-Astrograph,,True,5893.545115,GE100KM,True,True,True,0,,,,,,49.8845,10.8881,10.242,53.482,10.88810000,49.88450000,10.24200000,53.48200000,SWAP,NORMAL,402.491931,GE100KM,True,True,True
APPLAUSE:136404 | APPLAUSE:91743,Bamberg,208,136404,93274,117791,1960-11-16T23:41:00+00:00,1960-11-17T00:41:00+00:00,Hamburg,106,91743,61546,69052,1960-11-16T23:56:56+00:00,1960-11-17T00:11:53+00:00,1960-11-16T23:56:56+00:00,1960-11-17T00:11:53+00:00,897.000,0.03161219,0.83262741,0.83262741,0,0,,,,,,,"Dr. Remeis-Observatory, Bamberg, Germany",Dr. Remeis-Observatory,10.8881,49.8845,1,Astrograph,,"Hamburg-Bergedorf, Germany",Hamburger Sternwarte,53.482,10.242,1,AG-Astrograph,,True,5893.545115,GE100KM,True,True,True,0,,,,,,49.8845,10.8881,10.242,53.482,10.88810000,49.88450000,10.24200000,53.48200000,SWAP,NORMAL,402.491931,GE100KM,True,True,True
APPLAUSE:121935 | APPLAUSE:3737,Bamberg,208,121935,79242,104324,1930-08-25T22:35:00+00:00,1930-08-25T23:05:00+00:00,Hamburg,101,3737,2897,3398,1930-08-25T22:29:13+00:00,1930-08-25T22:49:09+00:00,1930-08-25T22:35:00+00:00,1930-08-25T22:49:09+00:00,849.000,0.25818893,0.00669745,0.25818893,0,0,,,,,,,"Dr. Remeis-Observatory, Bamberg, Germany",Dr. Remeis-Observatory,10.8881,49.8845,1,Astrograph,,"Hamburg-Bergedorf, Germany",Hamburger Sternwarte,53.482,10.242,1,Lippert-Astrograph,,True,5893.545115,GE100KM,True,True,True,0,,,,,,49.8845,10.8881,10.242,53.482,10.88810000,49.88450000,10.24200000,53.48200000,SWAP,NORMAL,402.491931,GE100KM,True,True,True
APPLAUSE:129734 | APPLAUSE:7856,Bamberg,208,129734,87004,111723,1938-03-19T20:21:00+00:00,1938-03-19T20:50:00+00:00,Hamburg,101,7856,4972,6128,1938-03-19T20:14:42+00:00,1938-03-19T20:34:39+00:00,1938-03-19T20:21:00+00:00,1938-03-19T20:34:39+00:00,819.000,0.09194457,0.00247491,0.09194457,0,0,,,,,,,"Dr. Remeis-Observatory, Bamberg, Germany",Dr. Remeis-Observatory,10.8881,49.8845,1,Astrograph,,"Hamburg-Bergedorf, Germany",Hamburger Sternwarte,53.482,10.242,1,Lippert-Astrograph,,True,5893.545115,GE100KM,True,True,True,0,,,,,,49.8845,10.8881,10.242,53.482,10.88810000,49.88450000,10.24200000,53.48200000,SWAP,NORMAL,402.491931,GE100KM,True,True,True
APPLAUSE:130321 | APPLAUSE:8150,Bamberg,208,130321,87548,112238,1938-10-15T19:02:00+00:00,1938-10-15T19:32:00+00:00,Hamburg,101,8150,5105,6272,1938-10-15T18:45:30+00:00,1938-10-15T19:15:25+00:00,1938-10-15T19:02:00+00:00,1938-10-15T19:15:25+00:00,805.000,0.97097370,0.06295132,0.97097370,0,0,,,,,,,"Dr. Remeis-Observatory, Bamberg, Germany",Dr. Remeis-Observatory,10.8881,49.8845,1,Astrograph,,"Hamburg-Bergedorf, Germany",Hamburger Sternwarte,53.482,10.242,1,Lippert-Astrograph,,True,5893.545115,GE100KM,True,True,True,0,,,,,,49.8845,10.8881,10.242,53.482,10.88810000,49.88450000,10.24200000,53.48200000,SWAP,NORMAL,402.491931,GE100KM,True,True,True
APPLAUSE:138113 | APPLAUSE:43638,Bamberg,208,138113,94983,119491,1962-09-01T21:58:00+00:00,1962-09-01T22:58:00+00:00,Hamburg,102,43638,11017,13543,1962-09-01T22:44:35+00:00,1962-09-01T23:44:25+00:00,1962-09-01T22:44:35+00:00,1962-09-01T22:58:00+00:00,805.000,0.00039611,0.00246820,0.00246820,0,0,,,,,,,"Dr. Remeis-Observatory, Bamberg, Germany",Dr. Remeis-Observatory,10.8881,49.8845,1,Astrograph,,"Hamburg-Bergedorf, Germany",Hamburger Sternwarte,53.482,10.242,1,Grosser Schmidt-Spiegel,,True,5893.545115,GE100KM,True,True,True,0,,,,,,49.8845,10.8881,10.242,53.482,10.88810000,49.88450000,10.24200000,53.48200000,SWAP,NORMAL,402.491931,GE100KM,True,True,True
APPLAUSE:129384 | APPLAUSE:7574,Bamberg,208,129384,86654,111373,1937-09-27T19:45:00+00:00,1937-09-27T20:15:00+00:00,Hamburg,101,7574,4792,5826,1937-09-27T19:28:23+00:00,1937-09-27T19:58:19+00:00,1937-09-27T19:45:00+00:00,1937-09-27T19:58:19+00:00,799.000,0.94012890,0.06318174,0.94012890,0,0,,,,,,,"Dr. Remeis-Observatory, Bamberg, Germany",Dr. Remeis-Observatory,10.8881,49.8845,1,Astrograph,,"Hamburg-Bergedorf, Germany",Hamburger Sternwarte,53.482,10.242,1,Lippert-Astrograph,,True,5893.545115,GE100KM,True,True,True,0,,,,,,49.8845,10.8881,10.242,53.482,10.88810000,49.88450000,10.24200000,53.48200000,SWAP,NORMAL,402.491931,GE100KM,True,True,True
APPLAUSE:135576 | APPLAUSE:91714,Bamberg,208,135576,92446,116976,1960-03-22T20:57:00+00:00,1960-03-22T21:57:00+00:00,Hamburg,106,91714,61517,68994,1960-03-22T21:43:49+00:00,1960-03-22T21:58:47+00:00,1960-03-22T21:43:49+00:00,1960-03-22T21:57:00+00:00,791.000,0.03433811,0.88536048,0.88536048,0,0,,,,,,,"Dr. Remeis-Observatory, Bamberg, Germany",Dr. Remeis-Observatory,10.8881,49.8845,1,Astrograph,,"Hamburg-Bergedorf, Germany",Hamburger Sternwarte,53.482,10.242,1,AG-Astrograph,,True,5893.545115,GE100KM,True,True,True,0,,,,,,49.8845,10.8881,10.242,53.482,10.88810000,49.88450000,10.24200000,53.48200000,SWAP,NORMAL,402.491931,GE100KM,True,True,True
APPLAUSE:124091 | APPLAUSE:86605,Bamberg,208,124091,81385,106285,1932-05-05T23:54:00+00:00,1932-05-06T00:24:00+00:00,Bonn,105,86605,58415,63099,1932-05-05T23:57:18+00:00,1932-05-06T00:10:28+00:00,1932-05-05T23:57:18+00:00,1932-05-06T00:10:28+00:00,790.000,0.02152967,0.72018129,0.72018129,0,0,,,,,,,"Dr. Remeis-Observatory, Bamberg, Germany",Dr. Remeis-Observatory,10.8881,49.8845,1,Astrograph,,"Bonn, Germany",Bonner Sternwarte,50.163,7.068,2,AG-Astrograph,,True,5855.954289,GE100KM,True,True,True,0,,,,,,49.8845,10.8881,7.068,50.163,10.88810000,49.88450000,7.06800000,50.16300000,SWAP,NORMAL,274.626555,GE100KM,True,True,True
APPLAUSE:125623 | APPLAUSE:4927,Bamberg,208,125623,82917,107738,1933-04-14T19:51:00+00:00,1933-04-14T20:21:00+00:00,Hamburg,101,4927,3817,4552,1933-04-14T20:07:53+00:00,1933-04-14T23:39:18+00:00,1933-04-14T20:07:53+00:00,1933-04-14T20:21:00+00:00,787.000,0.06097896,0.98910674,0.98910674,0,0,,,,,,,"Dr. Remeis-Observatory, Bamberg, Germany",Dr. Remeis-Observatory,10.8881,49.8845,1,Astrograph,,"Hamburg-Bergedorf, Germany",Hamburger Sternwarte,53.482,10.242,1,Lippert-Astrograph,,True,5893.545115,GE100KM,True,True,True,0,,,,,,49.8845,10.8881,10.242,53.482,10.88810000,49.88450000,10.24200000,53.48200000,SWAP,NORMAL,402.491931,GE100KM,True,True,True
APPLAUSE:125627 | APPLAUSE:4927,Bamberg,208,125627,82921,107742,1933-04-14T19:51:00+00:00,1933-04-14T20:21:00+00:00,Hamburg,101,4927,3817,4552,1933-04-14T20:07:53+00:00,1933-04-14T23:39:18+00:00,1933-04-14T20:07:53+00:00,1933-04-14T20:21:00+00:00,787.000,0.08104741,0.99416773,0.99416773,0,0,,,,,,,"Dr. Remeis-Observatory, Bamberg, Germany",Dr. Remeis-Observatory,10.8881,49.8845,1,Astrograph,,"Hamburg-Bergedorf, Germany",Hamburger Sternwarte,53.482,10.242,1,Lippert-Astrograph,,True,5893.545115,GE100KM,True,True,True,0,,,,,,49.8845,10.8881,10.242,53.482,10.88810000,49.88450000,10.24200000,53.48200000,SWAP,NORMAL,402.491931,GE100KM,True,True,True
APPLAUSE:125332 | APPLAUSE:4835,Bamberg,208,125332,82626,107451,1933-02-28T20:48:00+00:00,1933-02-28T21:18:00+00:00,Hamburg,101,4835,3745,4472,1933-02-28T21:05:09+00:00,1933-03-01T01:04:29+00:00,1933-02-28T21:05:09+00:00,1933-02-28T21:18:00+00:00,771.000,0.08307459,1.00000000,1.00000000,0,0,,,,,,,"Dr. Remeis-Observatory, Bamberg, Germany",Dr. Remeis-Observatory,10.8881,49.8845,1,Astrograph,,"Hamburg-Bergedorf, Germany",Hamburger Sternwarte,53.482,10.242,1,Lippert-Astrograph,,True,5893.545115,GE100KM,True,True,True,0,,,,,,49.8845,10.8881,10.242,53.482,10.88810000,49.88450000,10.24200000,53.48200000,SWAP,NORMAL,402.491931,GE100KM,True,True,True
APPLAUSE:129045 | APPLAUSE:7379,Bamberg,208,129045,86315,111035,1937-04-12T02:15:00+00:00,1937-04-12T02:45:00+00:00,Hamburg,101,7379,4632,5548,1937-04-12T02:32:17+00:00,1937-04-12T02:52:14+00:00,1937-04-12T02:32:17+00:00,1937-04-12T02:45:00+00:00,763.000,0.05978330,0.73338457,0.73338457,0,0,,,,,,,"Dr. Remeis-Observatory, Bamberg, Germany",Dr. Remeis-Observatory,10.8881,49.8845,1,Astrograph,,"Hamburg-Bergedorf, Germany",Hamburger Sternwarte,53.482,10.242,1,Lippert-Astrograph,,True,5893.545115,GE100KM,True,True,True,0,,,,,,49.8845,10.8881,10.242,53.482,10.88810000,49.88450000,10.24200000,53.48200000,SWAP,NORMAL,402.491931,GE100KM,True,True,True
APPLAUSE:86495 | APPLAUSE:3983,Bonn,105,86495,58360,62989,1931-03-17T23:43:25+00:00,1931-03-17T23:55:53+00:00,Hamburg,101,3983,3053,3605,1931-03-17T21:48:02+00:00,1931-03-18T00:27:36+00:00,1931-03-17T23:43:25+00:00,1931-03-17T23:55:53+00:00,748.000,0.17954173,0.61489111,0.61489111,0,0,,,,,,,"Bonn, Germany",Bonner Sternwarte,50.163,7.068,2,AG-Astrograph,,"Hamburg-Bergedorf, Germany",Hamburger Sternwarte,53.482,10.242,1,Lippert-Astrograph,,True,428.609118,GE100KM,True,True,True,0,,,,,,7.068,50.163,10.242,53.482,7.06800000,50.16300000,10.24200000,53.48200000,NORMAL,NORMAL,428.609118,GE100KM,True,True,True
APPLAUSE:125528 | APPLAUSE:4912,Bamberg,208,125528,82822,107643,1933-03-27T19:28:00+00:00,1933-03-27T19:58:00+00:00,Hamburg,101,4912,3805,4542,1933-03-27T19:45:55+00:00,1933-03-27T20:16:49+00:00,1933-03-27T19:45:55+00:00,1933-03-27T19:58:00+00:00,725.000,0.01952082,0.23421733,0.23421733,0,0,,,,,,,"Dr. Remeis-Observatory, Bamberg, Germany",Dr. Remeis-Observatory,10.8881,49.8845,1,Astrograph,,"Hamburg-Bergedorf, Germany",Hamburger Sternwarte,53.482,10.242,1,Lippert-Astrograph,,True,5893.545115,GE100KM,True,True,True,0,,,,,,49.8845,10.8881,10.242,53.482,10.88810000,49.88450000,10.24200000,53.48200000,SWAP,NORMAL,402.491931,GE100KM,True,True,True
APPLAUSE:125585 | APPLAUSE:4912,Bamberg,208,125585,82879,107700,1933-03-27T19:08:00+00:00,1933-03-27T19:58:00+00:00,Hamburg,101,4912,3805,4542,1933-03-27T19:45:55+00:00,1933-03-27T20:16:49+00:00,1933-03-27T19:45:55+00:00,1933-03-27T19:58:00+00:00,725.000,0.06348769,0.99641327,0.99641327,0,0,,,,,,,"Dr. Remeis-Observatory, Bamberg, Germany",Dr. Remeis-Observatory,10.8881,49.8845,1,Astrograph,,"Hamburg-Bergedorf, Germany",Hamburger Sternwarte,53.482,10.242,1,Lippert-Astrograph,,True,5893.545115,GE100KM,True,True,True,0,,,,,,49.8845,10.8881,10.242,53.482,10.88810000,49.88450000,10.24200000,53.48200000,SWAP,NORMAL,402.491931,GE100KM,True,True,True
APPLAUSE:124873 | APPLAUSE:4535,Bamberg,208,124873,82167,107018,1932-10-06T00:31:00+00:00,1932-10-06T00:43:00+00:00,Hamburg,101,4535,3575,4292,1932-10-06T00:17:44+00:00,1932-10-06T02:41:20+00:00,1932-10-06T00:31:00+00:00,1932-10-06T00:43:00+00:00,720.000,0.41032608,0.03393360,0.41032608,0,0,,,,,,,"Dr. Remeis-Observatory, Bamberg, Germany",Dr. Remeis-Observatory,10.8881,49.8845,1,Astrograph,,"Hamburg-Bergedorf, Germany",Hamburger Sternwarte,53.482,10.242,1,Lippert-Astrograph,,True,5893.545115,GE100KM,True,True,True,0,,,,,,49.8845,10.8881,10.242,53.482,10.88810000,49.88450000,10.24200000,53.48200000,SWAP,NORMAL,402.491931,GE100KM,True,True,True
APPLAUSE:122034 | APPLAUSE:86433,Bamberg,208,122034,79328,104389,1930-11-14T19:55:00+00:00,1930-11-14T20:25:00+00:00,Bonn,105,86433,58330,62929,1930-11-14T19:59:58+00:00,1930-11-14T20:11:56+00:00,1930-11-14T19:59:58+00:00,1930-11-14T20:11:56+00:00,718.000,0.01519240,0.51816288,0.51816288,0,0,,,,,,,"Dr. Remeis-Observatory, Bamberg, Germany",Dr. Remeis-Observatory,10.8881,49.8845,1,Astrograph,,"Bonn, Germany",Bonner Sternwarte,50.163,7.068,2,AG-Astrograph,,True,5855.954289,GE100KM,True,True,True,0,,,,,,49.8845,10.8881,7.068,50.163,10.88810000,49.88450000,7.06800000,50.16300000,SWAP,NORMAL,274.626555,GE100KM,True,True,True
APPLAUSE:123115 | APPLAUSE:86557,Bamberg,208,123115,80409,105344,1931-10-07T22:50:00+00:00,1931-10-07T23:20:00+00:00,Bonn,105,86557,58392,63052,1931-10-07T22:50:16+00:00,1931-10-07T23:02:14+00:00,1931-10-07T22:50:16+00:00,1931-10-07T23:02:14+00:00,718.000,0.00332113,0.10955340,0.10955340,0,0,,,,,,,"Dr. Remeis-Observatory, Bamberg, Germany",Dr. Remeis-Observatory,10.8881,49.8845,1,Astrograph,,"Bonn, Germany",Bonner Sternwarte,50.163,7.068,2,AG-Astrograph,,True,5855.954289,GE100KM,True,True,True,0,,,,,,49.8845,10.8881,7.068,50.163,10.88810000,49.88450000,7.06800000,50.16300000,SWAP,NORMAL,274.626555,GE100KM,True,True,True
APPLAUSE:135621 | APPLAUSE:91724,Bamberg,208,135621,92491,117021,1960-03-23T22:09:00+00:00,1960-03-23T23:09:00+00:00,Hamburg,106,91724,61527,69014,1960-03-23T22:34:59+00:00,1960-03-23T22:46:57+00:00,1960-03-23T22:34:59+00:00,1960-03-23T22:46:57+00:00,718.000,0.03834883,1.00000000,1.00000000,0,1,,,,,6.000000,A_LE30MIN,"Dr. Remeis-Observatory, Bamberg, Germany",Dr. Remeis-Observatory,10.8881,49.8845,1,Astrograph,,"Hamburg-Bergedorf, Germany",Hamburger Sternwarte,53.482,10.242,1,AG-Astrograph,,True,5893.545115,GE100KM,True,True,True,0,,,,,,49.8845,10.8881,10.242,53.482,10.88810000,49.88450000,10.24200000,53.48200000,SWAP,NORMAL,402.491931,GE100KM,True,True,True
APPLAUSE:135656 | APPLAUSE:91728,Bamberg,208,135656,92526,117056,1960-03-24T21:07:00+00:00,1960-03-24T22:07:00+00:00,Hamburg,106,91728,61531,69022,1960-03-24T21:29:13+00:00,1960-03-24T21:41:11+00:00,1960-03-24T21:29:13+00:00,1960-03-24T21:41:11+00:00,718.000,0.03866431,1.00000000,1.00000000,0,1,,,,,6.000000,A_LE30MIN,"Dr. Remeis-Observatory, Bamberg, Germany",Dr. Remeis-Observatory,10.8881,49.8845,1,Astrograph,,"Hamburg-Bergedorf, Germany",Hamburger Sternwarte,53.482,10.242,1,AG-Astrograph,,True,5893.545115,GE100KM,True,True,True,0,,,,,,49.8845,10.8881,10.242,53.482,10.88810000,49.88450000,10.24200000,53.48200000,SWAP,NORMAL,402.491931,GE100KM,True,True,True
APPLAUSE:135657 | APPLAUSE:91728,Bamberg,208,135657,92527,117057,1960-03-24T21:07:00+00:00,1960-03-24T22:07:00+00:00,Hamburg,106,91728,61531,69022,1960-03-24T21:29:13+00:00,1960-03-24T21:41:11+00:00,1960-03-24T21:29:13+00:00,1960-03-24T21:41:11+00:00,718.000,0.00187585,0.09609497,0.09609497,0,0,,,,,,,"Dr. Remeis-Observatory, Bamberg, Germany",Dr. Remeis-Observatory,10.8881,49.8845,1,Astrograph,,"Hamburg-Bergedorf, Germany",Hamburger Sternwarte,53.482,10.242,1,AG-Astrograph,,True,5893.545115,GE100KM,True,True,True,0,,,,,,49.8845,10.8881,10.242,53.482,10.88810000,49.88450000,10.24200000,53.48200000,SWAP,NORMAL,402.491931,GE100KM,True,True,True
APPLAUSE:135661 | APPLAUSE:91729,Bamberg,208,135661,92531,117061,1960-03-24T22:14:00+00:00,1960-03-24T23:14:00+00:00,Hamburg,106,91729,61532,69025,1960-03-24T22:16:16+00:00,1960-03-24T22:28:14+00:00,1960-03-24T22:16:16+00:00,1960-03-24T22:28:14+00:00,718.000,0.01690963,0.42968572,0.42968572,0,0,,,,,,,"Dr. Remeis-Observatory, Bamberg, Germany",Dr. Remeis-Observatory,10.8881,49.8845,1,Astrograph,,"Hamburg-Bergedorf, Germany",Hamburger Sternwarte,53.482,10.242,1,AG-Astrograph,,True,5893.545115,GE100KM,True,True,True,0,,,,,,49.8845,10.8881,10.242,53.482,10.88810000,49.88450000,10.24200000,53.48200000,SWAP,NORMAL,402.491931,GE100KM,True,True,True
APPLAUSE:136162 | APPLAUSE:91734,Bamberg,208,136162,93032,117557,1960-09-12T21:21:00+00:00,1960-09-12T22:21:00+00:00,Hamburg,106,91734,61537,69034,1960-09-12T21:34:00+00:00,1960-09-12T21:45:58+00:00,1960-09-12T21:34:00+00:00,1960-09-12T21:45:58+00:00,718.000,0.00069647,0.00311902,0.00311902,0,0,,,,,,,"Dr. Remeis-Observatory, Bamberg, Germany",Dr. Remeis-Observatory,10.8881,49.8845,1,Astrograph,,"Hamburg-Bergedorf, Germany",Hamburger Sternwarte,53.482,10.242,1,AG-Astrograph,,True,5893.545115,GE100KM,True,True,True,0,,,,,,49.8845,10.8881,10.242,53.482,10.88810000,49.88450000,10.24200000,53.48200000,SWAP,NORMAL,402.491931,GE100KM,True,True,True
APPLAUSE:86395 | APPLAUSE:3708,Bonn,105,86395,58311,62891,1930-06-18T22:57:26+00:00,1930-06-18T23:09:24+00:00,Hamburg,101,3708,2868,3359,1930-06-18T22:53:45+00:00,1930-06-19T00:08:32+00:00,1930-06-18T22:57:26+00:00,1930-06-18T23:09:24+00:00,718.000,0.08094426,0.27404373,0.27404373,0,0,,,,,,,"Bonn, Germany",Bonner Sternwarte,50.163,7.068,2,AG-Astrograph,,"Hamburg-Bergedorf, Germany",Hamburger Sternwarte,53.482,10.242,1,Lippert-Astrograph,,True,428.609118,GE100KM,True,True,True,0,,,,,,7.068,50.163,10.242,53.482,7.06800000,50.16300000,10.24200000,53.48200000,NORMAL,NORMAL,428.609118,GE100KM,True,True,True
APPLAUSE:136654 | APPLAUSE:91770,Bamberg,208,136654,93524,118041,1961-01-18T20:35:00+00:00,1961-01-18T21:35:00+00:00,Hamburg,106,91770,61567,69092,1961-01-18T21:23:03+00:00,1961-01-18T21:43:00+00:00,1961-01-18T21:23:03+00:00,1961-01-18T21:35:00+00:00,717.000,0.01113951,0.29637130,0.29637130,0,0,,,,,,,"Dr. Remeis-Observatory, Bamberg, Germany",Dr. Remeis-Observatory,10.8881,49.8845,1,Astrograph,,"Hamburg-Bergedorf, Germany",Hamburger Sternwarte,53.482,10.242,1,AG-Astrograph,,True,5893.545115,GE100KM,True,True,True,0,,,,,,49.8845,10.8881,10.242,53.482,10.88810000,49.88450000,10.24200000,53.48200000,SWAP,NORMAL,402.491931,GE100KM,True,True,True
APPLAUSE:135621 | APPLAUSE:91723,Bamberg,208,135621,92491,117021,1960-03-23T22:09:00+00:00,1960-03-23T23:09:00+00:00,Hamburg,106,91723,61526,69012,1960-03-23T22:08:53+00:00,1960-03-23T22:20:51+00:00,1960-03-23T22:09:00+00:00,1960-03-23T22:20:51+00:00,711.000,1.00000000,0.03815160,1.00000000,0,1,,,,,6.000000,A_LE30MIN,"Dr. Remeis-Observatory, Bamberg, Germany",Dr. Remeis-Observatory,10.8881,49.8845,1,Astrograph,,"Hamburg-Bergedorf, Germany",Hamburger Sternwarte,53.482,10.242,1,AG-Astrograph,,True,5893.545115,GE100KM,True,True,True,0,,,,,,49.8845,10.8881,10.242,53.482,10.88810000,49.88450000,10.24200000,53.48200000,SWAP,NORMAL,402.491931,GE100KM,True,True,True
APPLAUSE:136400 | APPLAUSE:43040,Bamberg,208,136400,93270,117787,1960-11-16T23:41:00+00:00,1960-11-17T00:41:00+00:00,Hamburg,102,43040,10691,13243,1960-11-17T00:29:15+00:00,1960-11-17T00:45:13+00:00,1960-11-17T00:29:15+00:00,1960-11-17T00:41:00+00:00,705.000,0.01177151,0.07187576,0.07187576,0,0,,,,,,,"Dr. Remeis-Observatory, Bamberg, Germany",Dr. Remeis-Observatory,10.8881,49.8845,1,Astrograph,,"Hamburg-Bergedorf, Germany",Hamburger Sternwarte,53.482,10.242,1,Grosser Schmidt-Spiegel,,True,5893.545115,GE100KM,True,True,True,0,,,,,,49.8845,10.8881,10.242,53.482,10.88810000,49.88450000,10.24200000,53.48200000,SWAP,NORMAL,402.491931,GE100KM,True,True,True
APPLAUSE:136401 | APPLAUSE:43040,Bamberg,208,136401,93271,117788,1960-11-16T23:41:00+00:00,1960-11-17T00:41:00+00:00,Hamburg,102,43040,10691,13243,1960-11-17T00:29:15+00:00,1960-11-17T00:45:13+00:00,1960-11-17T00:29:15+00:00,1960-11-17T00:41:00+00:00,705.000,0.17290920,0.46864269,0.46864269,0,0,,,,,,,"Dr. Remeis-Observatory, Bamberg, Germany",Dr. Remeis-Observatory,10.8881,49.8845,1,Astrograph,,"Hamburg-Bergedorf, Germany",Hamburger Sternwarte,53.482,10.242,1,Grosser Schmidt-Spiegel,,True,5893.545115,GE100KM,True,True,True,0,,,,,,49.8845,10.8881,10.242,53.482,10.88810000,49.88450000,10.24200000,53.48200000,SWAP,NORMAL,402.491931,GE100KM,True,True,True
APPLAUSE:136402 | APPLAUSE:43040,Bamberg,208,136402,93272,117789,1960-11-16T23:41:00+00:00,1960-11-17T00:41:00+00:00,Hamburg,102,43040,10691,13243,1960-11-17T00:29:15+00:00,1960-11-17T00:45:13+00:00,1960-11-17T00:29:15+00:00,1960-11-17T00:41:00+00:00,705.000,0.00172493,0.00685953,0.00685953,0,0,,,,,,,"Dr. Remeis-Observatory, Bamberg, Germany",Dr. Remeis-Observatory,10.8881,49.8845,1,Astrograph,,"Hamburg-Bergedorf, Germany",Hamburger Sternwarte,53.482,10.242,1,Grosser Schmidt-Spiegel,,True,5893.545115,GE100KM,True,True,True,0,,,,,,49.8845,10.8881,10.242,53.482,10.88810000,49.88450000,10.24200000,53.48200000,SWAP,NORMAL,402.491931,GE100KM,True,True,True
APPLAUSE:125457 | APPLAUSE:4861,Bamberg,208,125457,82751,107576,1933-03-21T21:04:00+00:00,1933-03-21T21:34:00+00:00,Hamburg,101,4861,3766,4499,1933-03-21T21:22:28+00:00,1933-03-22T00:42:45+00:00,1933-03-21T21:22:28+00:00,1933-03-21T21:34:00+00:00,692.000,0.04404597,0.70973440,0.70973440,0,1,,,,,2.000000,A_LE30MIN,"Dr. Remeis-Observatory, Bamberg, Germany",Dr. Remeis-Observatory,10.8881,49.8845,1,Astrograph,,"Hamburg-Bergedorf, Germany",Hamburger Sternwarte,53.482,10.242,1,Lippert-Astrograph,,True,5893.545115,GE100KM,True,True,True,0,,,,,,49.8845,10.8881,10.242,53.482,10.88810000,49.88450000,10.24200000,53.48200000,SWAP,NORMAL,402.491931,GE100KM,True,True,True
APPLAUSE:136654 | APPLAUSE:91768,Bamberg,208,136654,93524,118041,1961-01-18T20:35:00+00:00,1961-01-18T21:35:00+00:00,Hamburg,106,91768,61565,69088,1961-01-18T20:26:12+00:00,1961-01-18T20:46:09+00:00,1961-01-18T20:35:00+00:00,1961-01-18T20:46:09+00:00,669.000,0.20841585,0.00779946,0.20841585,0,0,,,,,,,"Dr. Remeis-Observatory, Bamberg, Germany",Dr. Remeis-Observatory,10.8881,49.8845,1,Astrograph,,"Hamburg-Bergedorf, Germany",Hamburger Sternwarte,53.482,10.242,1,AG-Astrograph,,True,5893.545115,GE100KM,True,True,True,0,,,,,,49.8845,10.8881,10.242,53.482,10.88810000,49.88450000,10.24200000,53.48200000,SWAP,NORMAL,402.491931,GE100KM,True,True,True
APPLAUSE:121880 | APPLAUSE:86391,Bamberg,208,121880,79196,104284,1930-06-18T21:57:00+00:00,1930-06-18T22:27:00+00:00,Bonn,105,86391,58309,62887,1930-06-18T22:16:02+00:00,1930-06-18T22:28:01+00:00,1930-06-18T22:16:02+00:00,1930-06-18T22:27:00+00:00,658.000,0.11641577,0.48837365,0.48837365,0,0,,,,,,,"Dr. Remeis-Observatory, Bamberg, Germany",Dr. Remeis-Observatory,10.8881,49.8845,1,Astrograph,,"Bonn, Germany",Bonner Sternwarte,50.163,7.068,2,AG-Astrograph,,True,5855.954289,GE100KM,True,True,True,0,,,,,,49.8845,10.8881,7.068,50.163,10.88810000,49.88450000,7.06800000,50.16300000,SWAP,NORMAL,274.626555,GE100KM,True,True,True
APPLAUSE:122035 | APPLAUSE:86435,Bamberg,208,122035,79329,104390,1930-11-14T20:29:00+00:00,1930-11-14T20:59:00+00:00,Bonn,105,86435,58331,62931,1930-11-14T20:23:54+00:00,1930-11-14T20:39:51+00:00,1930-11-14T20:29:00+00:00,1930-11-14T20:39:51+00:00,651.000,1.00000000,0.03047742,1.00000000,0,0,,,,,,,"Dr. Remeis-Observatory, Bamberg, Germany",Dr. Remeis-Observatory,10.8881,49.8845,1,Astrograph,,"Bonn, Germany",Bonner Sternwarte,50.163,7.068,2,AG-Astrograph,,True,5855.954289,GE100KM,True,True,True,0,,,,,,49.8845,10.8881,7.068,50.163,10.88810000,49.88450000,7.06800000,50.16300000,SWAP,NORMAL,274.626555,GE100KM,True,True,True
APPLAUSE:135626 | APPLAUSE:91725,Bamberg,208,135626,92496,117026,1960-03-23T23:16:00+00:00,1960-03-24T00:16:00+00:00,Hamburg,106,91725,61528,69016,1960-03-24T00:05:09+00:00,1960-03-24T00:17:07+00:00,1960-03-24T00:05:09+00:00,1960-03-24T00:16:00+00:00,651.000,0.03855003,1.00000000,1.00000000,0,0,,,,,,,"Dr. Remeis-Observatory, Bamberg, Germany",Dr. Remeis-Observatory,10.8881,49.8845,1,Astrograph,,"Hamburg-Bergedorf, Germany",Hamburger Sternwarte,53.482,10.242,1,AG-Astrograph,,True,5893.545115,GE100KM,True,True,True,0,,,,,,49.8845,10.8881,10.242,53.482,10.88810000,49.88450000,10.24200000,53.48200000,SWAP,NORMAL,402.491931,GE100KM,True,True,True
APPLAUSE:135657 | APPLAUSE:91727,Bamberg,208,135657,92527,117057,1960-03-24T21:07:00+00:00,1960-03-24T22:07:00+00:00,Hamburg,106,91727,61530,69021,1960-03-24T21:02:38+00:00,1960-03-24T21:17:35+00:00,1960-03-24T21:07:00+00:00,1960-03-24T21:17:35+00:00,635.000,1.00000000,0.02035911,1.00000000,0,0,,,,,,,"Dr. Remeis-Observatory, Bamberg, Germany",Dr. Remeis-Observatory,10.8881,49.8845,1,Astrograph,,"Hamburg-Bergedorf, Germany",Hamburger Sternwarte,53.482,10.242,1,AG-Astrograph,,True,5893.545115,GE100KM,True,True,True,0,,,,,,49.8845,10.8881,10.242,53.482,10.88810000,49.88450000,10.24200000,53.48200000,SWAP,NORMAL,402.491931,GE100KM,True,True,True
APPLAUSE:122792 | APPLAUSE:4090,Bamberg,208,122792,80086,105042,1931-06-04T23:48:00+00:00,1931-06-04T23:58:00+00:00,Hamburg,101,4090,3154,3705,1931-06-04T22:23:58+00:00,1931-06-06T01:54:57+00:00,1931-06-04T23:48:00+00:00,1931-06-04T23:58:00+00:00,600.000,0.15834259,0.01560157,0.15834259,0,0,,,,,,,"Dr. Remeis-Observatory, Bamberg, Germany",Dr. Remeis-Observatory,10.8881,49.8845,1,Astrograph,,"Hamburg-Bergedorf, Germany",Hamburger Sternwarte,53.482,10.242,1,Lippert-Astrograph,,True,5893.545115,GE100KM,True,True,True,0,,,,,,49.8845,10.8881,10.242,53.482,10.88810000,49.88450000,10.24200000,53.48200000,SWAP,NORMAL,402.491931,GE100KM,True,True,True
APPLAUSE:121492 | APPLAUSE:87423,Bamberg,208,121492,78809,104057,1929-09-07T20:16:00+00:00,1929-09-07T20:46:00+00:00,Hamburg,106,87423,58697,63556,1929-09-07T20:30:19+00:00,1929-09-07T20:40:18+00:00,1929-09-07T20:30:19+00:00,1929-09-07T20:40:18+00:00,599.000,0.00636036,0.18577246,0.18577246,0,0,,,,,,,"Dr. Remeis-Observatory, Bamberg, Germany",Dr. Remeis-Observatory,10.8881,49.8845,1,Astrograph,,"Hamburg-Bergedorf, Germany",Hamburger Sternwarte,53.482,10.242,2,AG-Astrograph,,True,5893.545115,GE100KM,True,True,True,0,,,,,,49.8845,10.8881,10.242,53.482,10.88810000,49.88450000,10.24200000,53.48200000,SWAP,NORMAL,402.491931,GE100KM,True,True,True
APPLAUSE:125520 | APPLAUSE:4901,Bamberg,208,125520,82814,107635,1933-03-26T23:50:00+00:00,1933-03-27T00:20:00+00:00,Hamburg,101,4901,3800,4537,1933-03-27T00:02:09+00:00,1933-03-27T00:12:08+00:00,1933-03-27T00:02:09+00:00,1933-03-27T00:12:08+00:00,599.000,0.02609858,1.00000000,1.00000000,0,0,,,,,,,"Dr. Remeis-Observatory, Bamberg, Germany",Dr. Remeis-Observatory,10.8881,49.8845,1,Astrograph,,"Hamburg-Bergedorf, Germany",Hamburger Sternwarte,53.482,10.242,4,Lippert-Astrograph,,True,5893.545115,GE100KM,True,True,True,0,,,,,,49.8845,10.8881,10.242,53.482,10.88810000,49.88450000,10.24200000,53.48200000,SWAP,NORMAL,402.491931,GE100KM,True,True,True
APPLAUSE:125581 | APPLAUSE:4901,Bamberg,208,125581,82875,107696,1933-03-26T23:50:00+00:00,1933-03-27T00:56:00+00:00,Hamburg,101,4901,3800,4537,1933-03-27T00:02:09+00:00,1933-03-27T00:12:08+00:00,1933-03-27T00:02:09+00:00,1933-03-27T00:12:08+00:00,599.000,0.02086277,1.00000000,1.00000000,0,0,,,,,,,"Dr. Remeis-Observatory, Bamberg, Germany",Dr. Remeis-Observatory,10.8881,49.8845,1,Astrograph,,"Hamburg-Bergedorf, Germany",Hamburger Sternwarte,53.482,10.242,4,Lippert-Astrograph,,True,5893.545115,GE100KM,True,True,True,0,,,,,,49.8845,10.8881,10.242,53.482,10.88810000,49.88450000,10.24200000,53.48200000,SWAP,NORMAL,402.491931,GE100KM,True,True,True
APPLAUSE:125581 | APPLAUSE:4902,Bamberg,208,125581,82875,107696,1933-03-26T23:50:00+00:00,1933-03-27T00:56:00+00:00,Hamburg,101,4902,3800,4537,1933-03-27T00:13:07+00:00,1933-03-27T00:23:06+00:00,1933-03-27T00:13:07+00:00,1933-03-27T00:23:06+00:00,599.000,0.02086277,1.00000000,1.00000000,0,0,,,,,,,"Dr. Remeis-Observatory, Bamberg, Germany",Dr. Remeis-Observatory,10.8881,49.8845,1,Astrograph,,"Hamburg-Bergedorf, Germany",Hamburger Sternwarte,53.482,10.242,4,Lippert-Astrograph,,True,5893.545115,GE100KM,True,True,True,0,,,,,,49.8845,10.8881,10.242,53.482,10.88810000,49.88450000,10.24200000,53.48200000,SWAP,NORMAL,402.491931,GE100KM,True,True,True
APPLAUSE:125581 | APPLAUSE:4906,Bamberg,208,125581,82875,107696,1933-03-26T23:50:00+00:00,1933-03-27T00:56:00+00:00,Hamburg,101,4906,3801,4538,1933-03-27T00:44:02+00:00,1933-03-27T00:54:01+00:00,1933-03-27T00:44:02+00:00,1933-03-27T00:54:01+00:00,599.000,0.00586603,0.28432012,0.28432012,0,0,,,,,,,"Dr. Remeis-Observatory, Bamberg, Germany",Dr. Remeis-Observatory,10.8881,49.8845,1,Astrograph,,"Hamburg-Bergedorf, Germany",Hamburger Sternwarte,53.482,10.242,4,Lippert-Astrograph,,True,5893.545115,GE100KM,True,True,True,0,,,,,,49.8845,10.8881,10.242,53.482,10.88810000,49.88450000,10.24200000,53.48200000,SWAP,NORMAL,402.491931,GE100KM,True,True,True
APPLAUSE:85825 | APPLAUSE:3207,Bonn,105,85825,58026,62321,1929-06-17T22:09:03+00:00,1929-06-17T22:24:00+00:00,Hamburg,101,3207,2375,2690,1929-06-17T22:13:30+00:00,1929-06-17T22:23:29+00:00,1929-06-17T22:13:30+00:00,1929-06-17T22:23:29+00:00,599.000,0.11058975,0.12560654,0.12560654,0,0,,,,,,,"Bonn, Germany",Bonner Sternwarte,50.163,7.068,2,AG-Astrograph,,"Hamburg-Bergedorf, Germany",Hamburger Sternwarte,53.482,10.242,1,Lippert-Astrograph,,True,428.609118,GE100KM,True,True,True,0,,,,,,7.068,50.163,10.242,53.482,7.06800000,50.16300000,10.24200000,53.48200000,NORMAL,NORMAL,428.609118,GE100KM,True,True,True
APPLAUSE:121749 | APPLAUSE:86311,Bamberg,208,121749,79065,104177,1930-03-29T20:50:00+00:00,1930-03-29T21:20:00+00:00,Bonn,105,86311,58269,62807,1930-03-29T21:00:36+00:00,1930-03-29T21:10:34+00:00,1930-03-29T21:00:36+00:00,1930-03-29T21:10:34+00:00,598.000,0.02457521,0.82032994,0.82032994,0,0,,,,,,,"Dr. Remeis-Observatory, Bamberg, Germany",Dr. Remeis-Observatory,10.8881,49.8845,1,Astrograph,,"Bonn, Germany",Bonner Sternwarte,50.163,7.068,2,AG-Astrograph,,True,5855.954289,GE100KM,True,True,True,0,,,,,,49.8845,10.8881,7.068,50.163,10.88810000,49.88450000,7.06800000,50.16300000,SWAP,NORMAL,274.626555,GE100KM,True,True,True
APPLAUSE:121870 | APPLAUSE:89577,Bamberg,208,121870,79186,104276,1930-06-18T23:44:00+00:00,1930-06-19T00:14:00+00:00,Hamburg,106,89577,59743,65592,1930-06-18T23:55:05+00:00,1930-06-19T00:05:03+00:00,1930-06-18T23:55:05+00:00,1930-06-19T00:05:03+00:00,598.000,0.01814632,0.53224306,0.53224306,0,0,,,,,,,"Dr. Remeis-Observatory, Bamberg, Germany",Dr. Remeis-Observatory,10.8881,49.8845,1,Astrograph,,"Hamburg-Bergedorf, Germany",Hamburger Sternwarte,53.482,10.242,2,AG-Astrograph,,True,5893.545115,GE100KM,True,True,True,0,,,,,,49.8845,10.8881,10.242,53.482,10.88810000,49.88450000,10.24200000,53.48200000,SWAP,NORMAL,402.491931,GE100KM,True,True,True
APPLAUSE:125581 | APPLAUSE:4905,Bamberg,208,125581,82875,107696,1933-03-26T23:50:00+00:00,1933-03-27T00:56:00+00:00,Hamburg,101,4905,3801,4538,1933-03-27T00:33:04+00:00,1933-03-27T00:43:02+00:00,1933-03-27T00:33:04+00:00,1933-03-27T00:43:02+00:00,598.000,0.00586603,0.28432012,0.28432012,0,0,,,,,,,"Dr. Remeis-Observatory, Bamberg, Germany",Dr. Remeis-Observatory,10.8881,49.8845,1,Astrograph,,"Hamburg-Bergedorf, Germany",Hamburger Sternwarte,53.482,10.242,4,Lippert-Astrograph,,True,5893.545115,GE100KM,True,True,True,0,,,,,,49.8845,10.8881,10.242,53.482,10.88810000,49.88450000,10.24200000,53.48200000,SWAP,NORMAL,402.491931,GE100KM,True,True,True
APPLAUSE:130531 | APPLAUSE:8240,Bamberg,208,130531,87748,112434,1939-02-07T19:04:00+00:00,1939-02-07T19:34:00+00:00,Hamburg,101,8240,5191,6395,1939-02-07T19:11:02+00:00,1939-02-07T19:21:00+00:00,1939-02-07T19:11:02+00:00,1939-02-07T19:21:00+00:00,598.000,0.02757556,1.00000000,1.00000000,0,0,,,,,,,"Dr. Remeis-Observatory, Bamberg, Germany",Dr. Remeis-Observatory,10.8881,49.8845,1,Astrograph,,"Hamburg-Bergedorf, Germany",Hamburger Sternwarte,53.482,10.242,1,Lippert-Astrograph,,True,5893.545115,GE100KM,True,True,True,0,,,,,,49.8845,10.8881,10.242,53.482,10.88810000,49.88450000,10.24200000,53.48200000,SWAP,NORMAL,402.491931,GE100KM,True,True,True
APPLAUSE:134437 | APPLAUSE:91655,Bamberg,208,134437,91307,115838,1959-08-29T21:52:00+00:00,1959-08-29T22:52:00+00:00,Hamburg,106,91655,61466,68894,1959-08-29T22:11:45+00:00,1959-08-29T22:21:43+00:00,1959-08-29T22:11:45+00:00,1959-08-29T22:21:43+00:00,598.000,0.00115873,0.05937717,0.05937717,0,0,,,,,,,"Dr. Remeis-Observatory, Bamberg, Germany",Dr. Remeis-Observatory,10.8881,49.8845,1,Astrograph,,"Hamburg-Bergedorf, Germany",Hamburger Sternwarte,53.482,10.242,1,AG-Astrograph,,True,5893.545115,GE100KM,True,True,True,0,,,,,,49.8845,10.8881,10.242,53.482,10.88810000,49.88450000,10.24200000,53.48200000,SWAP,NORMAL,402.491931,GE100KM,True,True,True
APPLAUSE:134979 | APPLAUSE:91676,Bamberg,208,134979,91849,116380,1959-10-02T00:55:00+00:00,1959-10-02T01:55:00+00:00,Hamburg,106,91676,61487,68936,1959-10-02T01:17:53+00:00,1959-10-02T01:27:51+00:00,1959-10-02T01:17:53+00:00,1959-10-02T01:27:51+00:00,598.000,0.03770751,0.98981065,0.98981065,0,0,,,,,,,"Dr. Remeis-Observatory, Bamberg, Germany",Dr. Remeis-Observatory,10.8881,49.8845,1,Astrograph,,"Hamburg-Bergedorf, Germany",Hamburger Sternwarte,53.482,10.242,1,AG-Astrograph,,True,5893.545115,GE100KM,True,True,True,0,,,,,,49.8845,10.8881,10.242,53.482,10.88810000,49.88450000,10.24200000,53.48200000,SWAP,NORMAL,402.491931,GE100KM,True,True,True
APPLAUSE:137276 | APPLAUSE:43456,Bamberg,208,137276,94146,118656,1961-10-04T23:06:00+00:00,1961-10-05T00:06:00+00:00,Hamburg,102,43456,10890,13344,1961-10-04T23:48:37+00:00,1961-10-04T23:58:35+00:00,1961-10-04T23:48:37+00:00,1961-10-04T23:58:35+00:00,598.000,0.00704478,0.04326528,0.04326528,0,0,,,,,,,"Dr. Remeis-Observatory, Bamberg, Germany",Dr. Remeis-Observatory,10.8881,49.8845,1,Astrograph,,"Hamburg-Bergedorf, Germany",Hamburger Sternwarte,53.482,10.242,1,Grosser Schmidt-Spiegel,,True,5893.545115,GE100KM,True,True,True,0,,,,,,49.8845,10.8881,10.242,53.482,10.88810000,49.88450000,10.24200000,53.48200000,SWAP,NORMAL,402.491931,GE100KM,True,True,True
APPLAUSE:86067 | APPLAUSE:3400,Bonn,105,86067,58147,62563,1929-11-09T22:41:17+00:00,1929-11-09T22:51:15+00:00,Hamburg,101,3400,2562,2941,1929-11-09T21:06:51+00:00,1929-11-10T00:36:16+00:00,1929-11-09T22:41:17+00:00,1929-11-09T22:51:15+00:00,598.000,0.03252839,0.10789560,0.10789560,0,0,,,,,,,"Bonn, Germany",Bonner Sternwarte,50.163,7.068,2,AG-Astrograph,,"Hamburg-Bergedorf, Germany",Hamburger Sternwarte,53.482,10.242,1,Lippert-Astrograph,,True,428.609118,GE100KM,True,True,True,0,,,,,,7.068,50.163,10.242,53.482,7.06800000,50.16300000,10.24200000,53.48200000,NORMAL,NORMAL,428.609118,GE100KM,True,True,True
APPLAUSE:86069 | APPLAUSE:3400,Bonn,105,86069,58148,62565,1929-11-09T23:02:14+00:00,1929-11-09T23:12:12+00:00,Hamburg,101,3400,2562,2941,1929-11-09T21:06:51+00:00,1929-11-10T00:36:16+00:00,1929-11-09T23:02:14+00:00,1929-11-09T23:12:12+00:00,598.000,0.05012522,0.16685128,0.16685128,0,0,,,,,,,"Bonn, Germany",Bonner Sternwarte,50.163,7.068,2,AG-Astrograph,,"Hamburg-Bergedorf, Germany",Hamburger Sternwarte,53.482,10.242,1,Lippert-Astrograph,,True,428.609118,GE100KM,True,True,True,0,,,,,,7.068,50.163,10.242,53.482,7.06800000,50.16300000,10.24200000,53.48200000,NORMAL,NORMAL,428.609118,GE100KM,True,True,True
APPLAUSE:86071 | APPLAUSE:3400,Bonn,105,86071,58149,62567,1929-11-09T23:21:11+00:00,1929-11-09T23:31:09+00:00,Hamburg,101,3400,2562,2941,1929-11-09T21:06:51+00:00,1929-11-10T00:36:16+00:00,1929-11-09T23:21:11+00:00,1929-11-09T23:31:09+00:00,598.000,0.02742064,0.09127017,0.09127017,0,0,,,,,,,"Bonn, Germany",Bonner Sternwarte,50.163,7.068,2,AG-Astrograph,,"Hamburg-Bergedorf, Germany",Hamburger Sternwarte,53.482,10.242,1,Lippert-Astrograph,,True,428.609118,GE100KM,True,True,True,0,,,,,,7.068,50.163,10.242,53.482,7.06800000,50.16300000,10.24200000,53.48200000,NORMAL,NORMAL,428.609118,GE100KM,True,True,True
APPLAUSE:86073 | APPLAUSE:3400,Bonn,105,86073,58150,62569,1929-11-09T23:39:08+00:00,1929-11-09T23:49:06+00:00,Hamburg,101,3400,2562,2941,1929-11-09T21:06:51+00:00,1929-11-10T00:36:16+00:00,1929-11-09T23:39:08+00:00,1929-11-09T23:49:06+00:00,598.000,0.04598941,0.15310558,0.15310558,0,0,,,,,,,"Bonn, Germany",Bonner Sternwarte,50.163,7.068,2,AG-Astrograph,,"Hamburg-Bergedorf, Germany",Hamburger Sternwarte,53.482,10.242,1,Lippert-Astrograph,,True,428.609118,GE100KM,True,True,True,0,,,,,,7.068,50.163,10.242,53.482,7.06800000,50.16300000,10.24200000,53.48200000,NORMAL,NORMAL,428.609118,GE100KM,True,True,True
APPLAUSE:121052 | APPLAUSE:85811,Bamberg,208,121052,78373,103979,1929-06-01T22:04:00+00:00,1929-06-01T22:34:00+00:00,Bonn,105,85811,58019,62307,1929-06-01T22:24:05+00:00,1929-06-01T22:47:02+00:00,1929-06-01T22:24:05+00:00,1929-06-01T22:34:00+00:00,595.000,0.02926725,1.00000000,1.00000000,0,0,,,,,,,"Dr. Remeis-Observatory, Bamberg, Germany",Dr. Remeis-Observatory,10.8881,49.8845,1,Astrograph,,"Bonn, Germany",Bonner Sternwarte,50.163,7.068,2,AG-Astrograph,,True,5855.954289,GE100KM,True,True,True,0,,,,,,49.8845,10.8881,7.068,50.163,10.88810000,49.88450000,7.06800000,50.16300000,SWAP,NORMAL,274.626555,GE100KM,True,True,True
APPLAUSE:123002 | APPLAUSE:4142,Bamberg,208,123002,80296,105238,1931-09-09T23:44:00+00:00,1931-09-10T00:14:00+00:00,Hamburg,101,4142,3204,3778,1931-09-09T20:43:19+00:00,1931-09-09T23:53:48+00:00,1931-09-09T23:44:00+00:00,1931-09-09T23:53:48+00:00,588.000,0.78480414,0.08079108,0.78480414,0,0,,,,,,,"Dr. Remeis-Observatory, Bamberg, Germany",Dr. Remeis-Observatory,10.8881,49.8845,1,Astrograph,,"Hamburg-Bergedorf, Germany",Hamburger Sternwarte,53.482,10.242,1,Lippert-Astrograph,,True,5893.545115,GE100KM,True,True,True,0,,,,,,49.8845,10.8881,10.242,53.482,10.88810000,49.88450000,10.24200000,53.48200000,SWAP,NORMAL,402.491931,GE100KM,True,True,True
APPLAUSE:121163 | APPLAUSE:87056,Bamberg,208,121163,78482,104021,1929-08-06T21:48:00+00:00,1929-08-06T22:18:00+00:00,Hamburg,106,87056,58514,63190,1929-08-06T22:08:13+00:00,1929-08-06T22:18:12+00:00,1929-08-06T22:08:13+00:00,1929-08-06T22:18:00+00:00,587.000,0.03627696,1.00000000,1.00000000,0,0,,,,,,,"Dr. Remeis-Observatory, Bamberg, Germany",Dr. Remeis-Observatory,10.8881,49.8845,1,Astrograph,,"Hamburg-Bergedorf, Germany",Hamburger Sternwarte,53.482,10.242,2,AG-Astrograph,,True,5893.545115,GE100KM,True,True,True,0,,,,,,49.8845,10.8881,10.242,53.482,10.88810000,49.88450000,10.24200000,53.48200000,SWAP,NORMAL,402.491931,GE100KM,True,True,True
APPLAUSE:136604 | APPLAUSE:91764,Bamberg,208,136604,93474,117991,1961-01-17T20:40:00+00:00,1961-01-17T21:40:00+00:00,Hamburg,106,91764,61561,69081,1961-01-17T20:29:48+00:00,1961-01-17T20:49:45+00:00,1961-01-17T20:40:00+00:00,1961-01-17T20:49:45+00:00,585.000,0.01437232,0.00053346,0.01437232,0,0,,,,,,,"Dr. Remeis-Observatory, Bamberg, Germany",Dr. Remeis-Observatory,10.8881,49.8845,1,Astrograph,,"Hamburg-Bergedorf, Germany",Hamburger Sternwarte,53.482,10.242,1,AG-Astrograph,,True,5893.545115,GE100KM,True,True,True,0,,,,,,49.8845,10.8881,10.242,53.482,10.88810000,49.88450000,10.24200000,53.48200000,SWAP,NORMAL,402.491931,GE100KM,True,True,True
APPLAUSE:138497 | APPLAUSE:43819,Bamberg,208,138497,95367,119875,1962-12-02T17:47:00+00:00,1962-12-02T18:47:00+00:00,Hamburg,102,43819,11140,13740,1962-12-02T16:55:48+00:00,1962-12-02T17:56:38+00:00,1962-12-02T17:47:00+00:00,1962-12-02T17:56:38+00:00,578.000,1.00000000,0.16153918,1.00000000,0,0,,,,,,,"Dr. Remeis-Observatory, Bamberg, Germany",Dr. Remeis-Observatory,10.8881,49.8845,1,Astrograph,,"Hamburg-Bergedorf, Germany",Hamburger Sternwarte,53.482,10.242,1,Grosser Schmidt-Spiegel,,True,5893.545115,GE100KM,True,True,True,0,,,,,,49.8845,10.8881,10.242,53.482,10.88810000,49.88450000,10.24200000,53.48200000,SWAP,NORMAL,402.491931,GE100KM,True,True,True
APPLAUSE:134979 | APPLAUSE:91677,Bamberg,208,134979,91849,116380,1959-10-02T00:55:00+00:00,1959-10-02T01:55:00+00:00,Hamburg,106,91677,61488,68938,1959-10-02T01:45:23+00:00,1959-10-02T01:55:22+00:00,1959-10-02T01:45:23+00:00,1959-10-02T01:55:00+00:00,577.000,0.03838371,1.00000000,1.00000000,0,0,,,,,,,"Dr. Remeis-Observatory, Bamberg, Germany",Dr. Remeis-Observatory,10.8881,49.8845,1,Astrograph,,"Hamburg-Bergedorf, Germany",Hamburger Sternwarte,53.482,10.242,1,AG-Astrograph,,True,5893.545115,GE100KM,True,True,True,0,,,,,,49.8845,10.8881,10.242,53.482,10.88810000,49.88450000,10.24200000,53.48200000,SWAP,NORMAL,402.491931,GE100KM,True,True,True
APPLAUSE:125710 | APPLAUSE:4941,Bamberg,208,125710,83004,107825,1933-04-25T02:03:00+00:00,1933-04-25T02:25:00+00:00,Hamburg,101,4941,3831,4564,1933-04-25T02:15:27+00:00,1933-04-25T02:27:25+00:00,1933-04-25T02:15:27+00:00,1933-04-25T02:25:00+00:00,573.000,0.00040592,0.00513329,0.00513329,0,0,,,,,,,"Dr. Remeis-Observatory, Bamberg, Germany",Dr. Remeis-Observatory,10.8881,49.8845,1,Astrograph,,"Hamburg-Bergedorf, Germany",Hamburger Sternwarte,53.482,10.242,1,Lippert-Astrograph,,True,5893.545115,GE100KM,True,True,True,0,,,,,,49.8845,10.8881,10.242,53.482,10.88810000,49.88450000,10.24200000,53.48200000,SWAP,NORMAL,402.491931,GE100KM,True,True,True
APPLAUSE:121680 | APPLAUSE:3527,Bamberg,208,121680,78997,104127,1930-02-19T19:18:00+00:00,1930-02-19T19:48:00+00:00,Hamburg,101,3527,2687,3117,1930-02-19T19:12:10+00:00,1930-02-19T19:27:08+00:00,1930-02-19T19:18:00+00:00,1930-02-19T19:27:08+00:00,548.000,1.00000000,0.02553468,1.00000000,0,0,,,,,,,"Dr. Remeis-Observatory, Bamberg, Germany",Dr. Remeis-Observatory,10.8881,49.8845,1,Astrograph,,"Hamburg-Bergedorf, Germany",Hamburger Sternwarte,53.482,10.242,1,Lippert-Astrograph,,True,5893.545115,GE100KM,True,True,True,0,,,,,,49.8845,10.8881,10.242,53.482,10.88810000,49.88450000,10.24200000,53.48200000,SWAP,NORMAL,402.491931,GE100KM,True,True,True
APPLAUSE:121880 | APPLAUSE:86389,Bamberg,208,121880,79196,104284,1930-06-18T21:57:00+00:00,1930-06-18T22:27:00+00:00,Bonn,105,86389,58308,62885,1930-06-18T21:53:06+00:00,1930-06-18T22:06:04+00:00,1930-06-18T21:57:00+00:00,1930-06-18T22:06:04+00:00,544.000,0.40635161,0.09681239,0.40635161,0,0,,,,,,,"Dr. Remeis-Observatory, Bamberg, Germany",Dr. Remeis-Observatory,10.8881,49.8845,1,Astrograph,,"Bonn, Germany",Bonner Sternwarte,50.163,7.068,2,AG-Astrograph,,True,5855.954289,GE100KM,True,True,True,0,,,,,,49.8845,10.8881,7.068,50.163,10.88810000,49.88450000,7.06800000,50.16300000,SWAP,NORMAL,274.626555,GE100KM,True,True,True
APPLAUSE:132701 | APPLAUSE:115242,Bamberg,208,132701,89627,114162,1954-11-01T21:19:00+00:00,1954-11-01T22:19:00+00:00,Hamburg,111,115242,66410,74152,1954-11-01T21:41:30+00:00,1954-11-01T21:50:29+00:00,1954-11-01T21:41:30+00:00,1954-11-01T21:50:29+00:00,539.000,0.15080629,0.29706639,0.29706639,0,0,,,,,,,"Dr. Remeis-Observatory, Bamberg, Germany",Dr. Remeis-Observatory,10.8881,49.8845,1,Astrograph,,"Hamburg-Bergedorf, Germany",Hamburger Sternwarte,53.482,10.242,3,Original Schmidt-Spiegel,,True,5893.545115,GE100KM,True,True,True,0,,,,,,49.8845,10.8881,10.242,53.482,10.88810000,49.88450000,10.24200000,53.48200000,SWAP,NORMAL,402.491931,GE100KM,True,True,True
APPLAUSE:134013 | APPLAUSE:91598,Bamberg,208,134013,90883,115414,1959-04-02T20:10:00+00:00,1959-04-02T21:10:00+00:00,Hamburg,106,91598,61409,68780,1959-04-02T20:16:10+00:00,1959-04-02T20:25:09+00:00,1959-04-02T20:16:10+00:00,1959-04-02T20:25:09+00:00,539.000,0.01994602,1.00000000,1.00000000,0,0,,,,,,,"Dr. Remeis-Observatory, Bamberg, Germany",Dr. Remeis-Observatory,10.8881,49.8845,1,Astrograph,,"Hamburg-Bergedorf, Germany",Hamburger Sternwarte,53.482,10.242,1,AG-Astrograph,,True,5893.545115,GE100KM,True,True,True,0,,,,,,49.8845,10.8881,10.242,53.482,10.88810000,49.88450000,10.24200000,53.48200000,SWAP,NORMAL,402.491931,GE100KM,True,True,True
APPLAUSE:134943 | APPLAUSE:91671,Bamberg,208,134943,91813,116344,1959-10-01T00:55:00+00:00,1959-10-01T01:55:00+00:00,Hamburg,106,91671,61482,68926,1959-10-01T01:46:25+00:00,1959-10-01T01:56:23+00:00,1959-10-01T01:46:25+00:00,1959-10-01T01:55:00+00:00,515.000,0.03776994,0.99498967,0.99498967,0,0,,,,,,,"Dr. Remeis-Observatory, Bamberg, Germany",Dr. Remeis-Observatory,10.8881,49.8845,1,Astrograph,,"Hamburg-Bergedorf, Germany",Hamburger Sternwarte,53.482,10.242,1,AG-Astrograph,,True,5893.545115,GE100KM,True,True,True,0,,,,,,49.8845,10.8881,10.242,53.482,10.88810000,49.88450000,10.24200000,53.48200000,SWAP,NORMAL,402.491931,GE100KM,True,True,True
APPLAUSE:136404 | APPLAUSE:91742,Bamberg,208,136404,93274,117791,1960-11-16T23:41:00+00:00,1960-11-17T00:41:00+00:00,Hamburg,106,91742,61545,69051,1960-11-16T23:34:34+00:00,1960-11-16T23:49:32+00:00,1960-11-16T23:41:00+00:00,1960-11-16T23:49:32+00:00,512.000,0.11888730,0.00447892,0.11888730,0,0,,,,,,,"Dr. Remeis-Observatory, Bamberg, Germany",Dr. Remeis-Observatory,10.8881,49.8845,1,Astrograph,,"Hamburg-Bergedorf, Germany",Hamburger Sternwarte,53.482,10.242,1,AG-Astrograph,,True,5893.545115,GE100KM,True,True,True,0,,,,,,49.8845,10.8881,10.242,53.482,10.88810000,49.88450000,10.24200000,53.48200000,SWAP,NORMAL,402.491931,GE100KM,True,True,True
APPLAUSE:135661 | APPLAUSE:91731,Bamberg,208,135661,92531,117061,1960-03-24T22:14:00+00:00,1960-03-24T23:14:00+00:00,Hamburg,106,91731,61534,69028,1960-03-24T23:05:33+00:00,1960-03-24T23:20:30+00:00,1960-03-24T23:05:33+00:00,1960-03-24T23:14:00+00:00,507.000,0.03950348,1.00000000,1.00000000,0,1,,,,,6.000000,A_LE30MIN,"Dr. Remeis-Observatory, Bamberg, Germany",Dr. Remeis-Observatory,10.8881,49.8845,1,Astrograph,,"Hamburg-Bergedorf, Germany",Hamburger Sternwarte,53.482,10.242,1,AG-Astrograph,,True,5893.545115,GE100KM,True,True,True,0,,,,,,49.8845,10.8881,10.242,53.482,10.88810000,49.88450000,10.24200000,53.48200000,SWAP,NORMAL,402.491931,GE100KM,True,True,True
APPLAUSE:135662 | APPLAUSE:91731,Bamberg,208,135662,92532,117062,1960-03-24T22:14:00+00:00,1960-03-24T23:14:00+00:00,Hamburg,106,91731,61534,69028,1960-03-24T23:05:33+00:00,1960-03-24T23:20:30+00:00,1960-03-24T23:05:33+00:00,1960-03-24T23:14:00+00:00,507.000,0.02043957,1.00000000,1.00000000,0,0,,,,,,,"Dr. Remeis-Observatory, Bamberg, Germany",Dr. Remeis-Observatory,10.8881,49.8845,1,Astrograph,,"Hamburg-Bergedorf, Germany",Hamburger Sternwarte,53.482,10.242,1,AG-Astrograph,,True,5893.545115,GE100KM,True,True,True,0,,,,,,49.8845,10.8881,10.242,53.482,10.88810000,49.88450000,10.24200000,53.48200000,SWAP,NORMAL,402.491931,GE100KM,True,True,True
APPLAUSE:124872 | APPLAUSE:4535,Bamberg,208,124872,82166,107017,1932-10-05T23:51:00+00:00,1932-10-06T00:26:00+00:00,Hamburg,101,4535,3575,4292,1932-10-06T00:17:44+00:00,1932-10-06T02:41:20+00:00,1932-10-06T00:17:44+00:00,1932-10-06T00:26:00+00:00,496.000,0.00087331,0.01102804,0.01102804,0,0,,,,,,,"Dr. Remeis-Observatory, Bamberg, Germany",Dr. Remeis-Observatory,10.8881,49.8845,1,Astrograph,,"Hamburg-Bergedorf, Germany",Hamburger Sternwarte,53.482,10.242,1,Lippert-Astrograph,,True,5893.545115,GE100KM,True,True,True,0,,,,,,49.8845,10.8881,10.242,53.482,10.88810000,49.88450000,10.24200000,53.48200000,SWAP,NORMAL,402.491931,GE100KM,True,True,True
APPLAUSE:124895 | APPLAUSE:4535,Bamberg,208,124895,82189,107040,1932-10-05T23:51:00+00:00,1932-10-06T00:26:00+00:00,Hamburg,101,4535,3575,4292,1932-10-06T00:17:44+00:00,1932-10-06T02:41:20+00:00,1932-10-06T00:17:44+00:00,1932-10-06T00:26:00+00:00,496.000,0.00044082,0.00734575,0.00734575,0,0,,,,,,,"Dr. Remeis-Observatory, Bamberg, Germany",Dr. Remeis-Observatory,10.8881,49.8845,1,Astrograph,,"Hamburg-Bergedorf, Germany",Hamburger Sternwarte,53.482,10.242,1,Lippert-Astrograph,,True,5893.545115,GE100KM,True,True,True,0,,,,,,49.8845,10.8881,10.242,53.482,10.88810000,49.88450000,10.24200000,53.48200000,SWAP,NORMAL,402.491931,GE100KM,True,True,True
APPLAUSE:134675 | APPLAUSE:42401,Bamberg,208,134675,91545,116076,1959-09-08T21:45:00+00:00,1959-09-08T22:45:00+00:00,Hamburg,102,42401,10383,12887,1959-09-08T20:53:22+00:00,1959-09-08T21:53:12+00:00,1959-09-08T21:45:00+00:00,1959-09-08T21:53:12+00:00,492.000,0.34622839,0.00954671,0.34622839,0,0,,,,,,,"Dr. Remeis-Observatory, Bamberg, Germany",Dr. Remeis-Observatory,10.8881,49.8845,1,Astrograph,,"Hamburg-Bergedorf, Germany",Hamburger Sternwarte,53.482,10.242,1,Grosser Schmidt-Spiegel,,True,5893.545115,GE100KM,True,True,True,0,,,,,,49.8845,10.8881,10.242,53.482,10.88810000,49.88450000,10.24200000,53.48200000,SWAP,NORMAL,402.491931,GE100KM,True,True,True
APPLAUSE:127370 | APPLAUSE:5769,Bamberg,208,127370,84651,109433,1934-06-12T23:46:00+00:00,1934-06-13T00:06:00+00:00,Hamburg,101,5769,4090,4806,1934-06-12T22:54:16+00:00,1934-06-12T23:54:07+00:00,1934-06-12T23:46:00+00:00,1934-06-12T23:54:07+00:00,487.000,0.15377176,0.00310916,0.15377176,0,0,,,,,,,"Dr. Remeis-Observatory, Bamberg, Germany",Dr. Remeis-Observatory,10.8881,49.8845,1,Astrograph,,"Hamburg-Bergedorf, Germany",Hamburger Sternwarte,53.482,10.242,1,Lippert-Astrograph,,True,5893.545115,GE100KM,True,True,True,0,,,,,,49.8845,10.8881,10.242,53.482,10.88810000,49.88450000,10.24200000,53.48200000,SWAP,NORMAL,402.491931,GE100KM,True,True,True
APPLAUSE:133390 | APPLAUSE:91470,Bamberg,208,133390,90260,114793,1959-01-28T21:16:00+00:00,1959-01-28T22:16:00+00:00,Hamburg,106,91470,61281,68525,1959-01-28T21:47:55+00:00,1959-01-28T21:55:54+00:00,1959-01-28T21:47:55+00:00,1959-01-28T21:55:54+00:00,479.000,0.01045182,0.27683241,0.27683241,0,0,,,,,,,"Dr. Remeis-Observatory, Bamberg, Germany",Dr. Remeis-Observatory,10.8881,49.8845,1,Astrograph,,"Hamburg-Bergedorf, Germany",Hamburger Sternwarte,53.482,10.242,1,AG-Astrograph,,True,5893.545115,GE100KM,True,True,True,0,,,,,,49.8845,10.8881,10.242,53.482,10.88810000,49.88450000,10.24200000,53.48200000,SWAP,NORMAL,402.491931,GE100KM,True,True,True
APPLAUSE:133390 | APPLAUSE:91471,Bamberg,208,133390,90260,114793,1959-01-28T21:16:00+00:00,1959-01-28T22:16:00+00:00,Hamburg,106,91471,61282,68527,1959-01-28T22:01:03+00:00,1959-01-28T22:09:02+00:00,1959-01-28T22:01:03+00:00,1959-01-28T22:09:02+00:00,479.000,0.01236707,0.32761862,0.32761862,0,0,,,,,,,"Dr. Remeis-Observatory, Bamberg, Germany",Dr. Remeis-Observatory,10.8881,49.8845,1,Astrograph,,"Hamburg-Bergedorf, Germany",Hamburger Sternwarte,53.482,10.242,1,AG-Astrograph,,True,5893.545115,GE100KM,True,True,True,0,,,,,,49.8845,10.8881,10.242,53.482,10.88810000,49.88450000,10.24200000,53.48200000,SWAP,NORMAL,402.491931,GE100KM,True,True,True
APPLAUSE:133849 | APPLAUSE:91534,Bamberg,208,133849,90719,115250,1959-03-02T20:36:00+00:00,1959-03-02T21:36:00+00:00,Hamburg,106,91534,61345,68653,1959-03-02T21:19:13+00:00,1959-03-02T21:27:12+00:00,1959-03-02T21:19:13+00:00,1959-03-02T21:27:12+00:00,479.000,0.03808237,1.00000000,1.00000000,0,0,,,,,,,"Dr. Remeis-Observatory, Bamberg, Germany",Dr. Remeis-Observatory,10.8881,49.8845,1,Astrograph,,"Hamburg-Bergedorf, Germany",Hamburger Sternwarte,53.482,10.242,1,AG-Astrograph,,True,5893.545115,GE100KM,True,True,True,0,,,,,,49.8845,10.8881,10.242,53.482,10.88810000,49.88450000,10.24200000,53.48200000,SWAP,NORMAL,402.491931,GE100KM,True,True,True
APPLAUSE:135062 | APPLAUSE:91679,Bamberg,208,135062,91932,116463,1959-10-04T22:05:00+00:00,1959-10-04T23:05:00+00:00,Hamburg,106,91679,61490,68943,1959-10-04T22:27:56+00:00,1959-10-04T22:35:55+00:00,1959-10-04T22:27:56+00:00,1959-10-04T22:35:55+00:00,479.000,0.03781468,1.00000000,1.00000000,0,1,,,,,5.000000,A_LE30MIN,"Dr. Remeis-Observatory, Bamberg, Germany",Dr. Remeis-Observatory,10.8881,49.8845,1,Astrograph,,"Hamburg-Bergedorf, Germany",Hamburger Sternwarte,53.482,10.242,1,AG-Astrograph,,True,5893.545115,GE100KM,True,True,True,0,,,,,,49.8845,10.8881,10.242,53.482,10.88810000,49.88450000,10.24200000,53.48200000,SWAP,NORMAL,402.491931,GE100KM,True,True,True
APPLAUSE:135090 | APPLAUSE:91686,Bamberg,208,135090,91960,116491,1959-10-05T23:45:00+00:00,1959-10-06T00:45:00+00:00,Hamburg,106,91686,61497,68956,1959-10-06T00:22:16+00:00,1959-10-06T00:30:15+00:00,1959-10-06T00:22:16+00:00,1959-10-06T00:30:15+00:00,479.000,0.02413378,0.63348776,0.63348776,0,0,,,,,,,"Dr. Remeis-Observatory, Bamberg, Germany",Dr. Remeis-Observatory,10.8881,49.8845,1,Astrograph,,"Hamburg-Bergedorf, Germany",Hamburger Sternwarte,53.482,10.242,1,AG-Astrograph,,True,5893.545115,GE100KM,True,True,True,0,,,,,,49.8845,10.8881,10.242,53.482,10.88810000,49.88450000,10.24200000,53.48200000,SWAP,NORMAL,402.491931,GE100KM,True,True,True
APPLAUSE:135149 | APPLAUSE:91690,Bamberg,208,135149,92019,116550,1959-10-07T20:30:00+00:00,1959-10-07T21:30:00+00:00,Hamburg,106,91690,61501,68964,1959-10-07T21:03:20+00:00,1959-10-07T21:11:19+00:00,1959-10-07T21:03:20+00:00,1959-10-07T21:11:19+00:00,479.000,0.13232668,0.38540573,0.38540573,0,0,,,,,,,"Dr. Remeis-Observatory, Bamberg, Germany",Dr. Remeis-Observatory,10.8881,49.8845,1,Astrograph,,"Hamburg-Bergedorf, Germany",Hamburger Sternwarte,53.482,10.242,1,AG-Astrograph,,True,5893.545115,GE100KM,True,True,True,0,,,,,,49.8845,10.8881,10.242,53.482,10.88810000,49.88450000,10.24200000,53.48200000,SWAP,NORMAL,402.491931,GE100KM,True,True,True
APPLAUSE:133415 | APPLAUSE:91494,Bamberg,208,133415,90285,114818,1959-01-29T23:01:00+00:00,1959-01-30T00:01:00+00:00,Hamburg,106,91494,61305,68573,1959-01-29T23:25:48+00:00,1959-01-29T23:33:46+00:00,1959-01-29T23:25:48+00:00,1959-01-29T23:33:46+00:00,478.000,0.02041500,1.00000000,1.00000000,0,0,,,,,,,"Dr. Remeis-Observatory, Bamberg, Germany",Dr. Remeis-Observatory,10.8881,49.8845,1,Astrograph,,"Hamburg-Bergedorf, Germany",Hamburger Sternwarte,53.482,10.242,1,AG-Astrograph,,True,5893.545115,GE100KM,True,True,True,0,,,,,,49.8845,10.8881,10.242,53.482,10.88810000,49.88450000,10.24200000,53.48200000,SWAP,NORMAL,402.491931,GE100KM,True,True,True
APPLAUSE:133849 | APPLAUSE:91533,Bamberg,208,133849,90719,115250,1959-03-02T20:36:00+00:00,1959-03-02T21:36:00+00:00,Hamburg,106,91533,61344,68650,1959-03-02T20:47:14+00:00,1959-03-02T20:55:12+00:00,1959-03-02T20:47:14+00:00,1959-03-02T20:55:12+00:00,478.000,0.00015962,0.00423718,0.00423718,0,0,,,,,,,"Dr. Remeis-Observatory, Bamberg, Germany",Dr. Remeis-Observatory,10.8881,49.8845,1,Astrograph,,"Hamburg-Bergedorf, Germany",Hamburger Sternwarte,53.482,10.242,1,AG-Astrograph,,True,5893.545115,GE100KM,True,True,True,0,,,,,,49.8845,10.8881,10.242,53.482,10.88810000,49.88450000,10.24200000,53.48200000,SWAP,NORMAL,402.491931,GE100KM,True,True,True
APPLAUSE:134974 | APPLAUSE:91675,Bamberg,208,134974,91844,116375,1959-10-01T23:50:00+00:00,1959-10-02T00:50:00+00:00,Hamburg,106,91675,61486,68935,1959-10-01T23:54:17+00:00,1959-10-02T00:02:15+00:00,1959-10-01T23:54:17+00:00,1959-10-02T00:02:15+00:00,478.000,0.03107861,0.09054578,0.09054578,0,0,,,,,,,"Dr. Remeis-Observatory, Bamberg, Germany",Dr. Remeis-Observatory,10.8881,49.8845,1,Astrograph,,"Hamburg-Bergedorf, Germany",Hamburger Sternwarte,53.482,10.242,1,AG-Astrograph,,True,5893.545115,GE100KM,True,True,True,0,,,,,,49.8845,10.8881,10.242,53.482,10.88810000,49.88450000,10.24200000,53.48200000,SWAP,NORMAL,402.491931,GE100KM,True,True,True
APPLAUSE:135149 | APPLAUSE:91689,Bamberg,208,135149,92019,116550,1959-10-07T20:30:00+00:00,1959-10-07T21:30:00+00:00,Hamburg,106,91689,61500,68962,1959-10-07T20:36:50+00:00,1959-10-07T20:44:48+00:00,1959-10-07T20:36:50+00:00,1959-10-07T20:44:48+00:00,478.000,0.07084800,0.20634995,0.20634995,0,0,,,,,,,"Dr. Remeis-Observatory, Bamberg, Germany",Dr. Remeis-Observatory,10.8881,49.8845,1,Astrograph,,"Hamburg-Bergedorf, Germany",Hamburger Sternwarte,53.482,10.242,1,AG-Astrograph,,True,5893.545115,GE100KM,True,True,True,0,,,,,,49.8845,10.8881,10.242,53.482,10.88810000,49.88450000,10.24200000,53.48200000,SWAP,NORMAL,402.491931,GE100KM,True,True,True
APPLAUSE:85400 | APPLAUSE:3018,Bonn,105,85400,57813,61895,1928-10-15T23:04:50+00:00,1928-10-15T23:12:48+00:00,Hamburg,101,3018,2194,2479,1928-10-14T21:10:23+00:00,1928-10-15T23:42:02+00:00,1928-10-15T23:04:50+00:00,1928-10-15T23:12:48+00:00,478.000,0.33882561,0.93180084,0.93180084,0,0,,,,,,,"Bonn, Germany",Bonner Sternwarte,50.163,7.068,2,AG-Astrograph,,"Hamburg-Bergedorf, Germany",Hamburger Sternwarte,53.482,10.242,1,Lippert-Astrograph,,True,428.609118,GE100KM,True,True,True,0,,,,,,7.068,50.163,10.242,53.482,7.06800000,50.16300000,10.24200000,53.48200000,NORMAL,NORMAL,428.609118,GE100KM,True,True,True
APPLAUSE:125993 | APPLAUSE:5028,Bamberg,208,125993,83287,108107,1933-08-13T20:58:00+00:00,1933-08-13T21:28:00+00:00,Hamburg,101,5028,3876,4604,1933-08-13T20:55:42+00:00,1933-08-13T21:05:40+00:00,1933-08-13T20:58:00+00:00,1933-08-13T21:05:40+00:00,460.000,0.06657741,0.00134002,0.06657741,0,0,,,,,,,"Dr. Remeis-Observatory, Bamberg, Germany",Dr. Remeis-Observatory,10.8881,49.8845,1,Astrograph,,"Hamburg-Bergedorf, Germany",Hamburger Sternwarte,53.482,10.242,4,Lippert-Astrograph,,True,5893.545115,GE100KM,True,True,True,0,,,,,,49.8845,10.8881,10.242,53.482,10.88810000,49.88450000,10.24200000,53.48200000,SWAP,NORMAL,402.491931,GE100KM,True,True,True
APPLAUSE:121180 | APPLAUSE:87210,Bamberg,208,121180,78499,104038,1929-08-26T20:36:00+00:00,1929-08-26T21:02:00+00:00,Hamburg,106,87210,58591,63344,1929-08-26T20:33:38+00:00,1929-08-26T20:43:36+00:00,1929-08-26T20:36:00+00:00,1929-08-26T20:43:36+00:00,456.000,0.00304687,0.00010854,0.00304687,0,0,,,,,,,"Dr. Remeis-Observatory, Bamberg, Germany",Dr. Remeis-Observatory,10.8881,49.8845,1,Astrograph,,"Hamburg-Bergedorf, Germany",Hamburger Sternwarte,53.482,10.242,2,AG-Astrograph,,True,5893.545115,GE100KM,True,True,True,0,,,,,,49.8845,10.8881,10.242,53.482,10.88810000,49.88450000,10.24200000,53.48200000,SWAP,NORMAL,402.491931,GE100KM,True,True,True
APPLAUSE:125568 | APPLAUSE:4893,Bamberg,208,125568,82862,107683,1933-03-25T21:12:00+00:00,1933-03-25T22:17:00+00:00,Hamburg,101,4893,3792,4530,1933-03-25T19:19:52+00:00,1933-03-25T21:19:32+00:00,1933-03-25T21:12:00+00:00,1933-03-25T21:19:32+00:00,452.000,0.02563932,0.00157285,0.02563932,0,0,,,,,,,"Dr. Remeis-Observatory, Bamberg, Germany",Dr. Remeis-Observatory,10.8881,49.8845,1,Astrograph,,"Hamburg-Bergedorf, Germany",Hamburger Sternwarte,53.482,10.242,1,Lippert-Astrograph,,True,5893.545115,GE100KM,True,True,True,0,,,,,,49.8845,10.8881,10.242,53.482,10.88810000,49.88450000,10.24200000,53.48200000,SWAP,NORMAL,402.491931,GE100KM,True,True,True
APPLAUSE:121147 | APPLAUSE:85849,Bamberg,208,121147,78466,104005,1929-07-11T21:27:00+00:00,1929-07-11T21:57:00+00:00,Bonn,105,85849,58038,62345,1929-07-11T21:49:29+00:00,1929-07-11T22:09:25+00:00,1929-07-11T21:49:29+00:00,1929-07-11T21:57:00+00:00,451.000,0.01437027,0.49294198,0.49294198,0,0,,,,,,,"Dr. Remeis-Observatory, Bamberg, Germany",Dr. Remeis-Observatory,10.8881,49.8845,1,Astrograph,,"Bonn, Germany",Bonner Sternwarte,50.163,7.068,2,AG-Astrograph,,True,5855.954289,GE100KM,True,True,True,0,,,,,,49.8845,10.8881,7.068,50.163,10.88810000,49.88450000,7.06800000,50.16300000,SWAP,NORMAL,274.626555,GE100KM,True,True,True
APPLAUSE:136818 | APPLAUSE:91799,Bamberg,208,136818,93688,118205,1961-03-08T20:38:00+00:00,1961-03-08T21:38:00+00:00,Hamburg,106,91799,61596,69150,1961-03-08T20:25:31+00:00,1961-03-08T20:45:28+00:00,1961-03-08T20:38:00+00:00,1961-03-08T20:45:28+00:00,448.000,0.47716559,0.01683632,0.47716559,0,0,,,,,,,"Dr. Remeis-Observatory, Bamberg, Germany",Dr. Remeis-Observatory,10.8881,49.8845,1,Astrograph,,"Hamburg-Bergedorf, Germany",Hamburger Sternwarte,53.482,10.242,1,AG-Astrograph,,True,5893.545115,GE100KM,True,True,True,0,,,,,,49.8845,10.8881,10.242,53.482,10.88810000,49.88450000,10.24200000,53.48200000,SWAP,NORMAL,402.491931,GE100KM,True,True,True
APPLAUSE:138257 | APPLAUSE:43665,Bamberg,208,138257,95127,119635,1962-10-01T21:42:00+00:00,1962-10-01T22:42:00+00:00,Hamburg,102,43665,11044,13590,1962-10-01T20:49:37+00:00,1962-10-01T21:49:28+00:00,1962-10-01T21:42:00+00:00,1962-10-01T21:49:28+00:00,448.000,1.00000000,0.39444976,1.00000000,0,0,,,,,,,"Dr. Remeis-Observatory, Bamberg, Germany",Dr. Remeis-Observatory,10.8881,49.8845,1,Astrograph,,"Hamburg-Bergedorf, Germany",Hamburger Sternwarte,53.482,10.242,1,Grosser Schmidt-Spiegel,,True,5893.545115,GE100KM,True,True,True,0,,,,,,49.8845,10.8881,10.242,53.482,10.88810000,49.88450000,10.24200000,53.48200000,SWAP,NORMAL,402.491931,GE100KM,True,True,True
APPLAUSE:121180 | APPLAUSE:87212,Bamberg,208,121180,78499,104038,1929-08-26T20:36:00+00:00,1929-08-26T21:02:00+00:00,Hamburg,106,87212,58592,63346,1929-08-26T20:54:34+00:00,1929-08-26T21:04:33+00:00,1929-08-26T20:54:34+00:00,1929-08-26T21:02:00+00:00,446.000,0.02824269,0.78542564,0.78542564,0,0,,,,,,,"Dr. Remeis-Observatory, Bamberg, Germany",Dr. Remeis-Observatory,10.8881,49.8845,1,Astrograph,,"Hamburg-Bergedorf, Germany",Hamburger Sternwarte,53.482,10.242,2,AG-Astrograph,,True,5893.545115,GE100KM,True,True,True,0,,,,,,49.8845,10.8881,10.242,53.482,10.88810000,49.88450000,10.24200000,53.48200000,SWAP,NORMAL,402.491931,GE100KM,True,True,True
APPLAUSE:130576 | APPLAUSE:8277,Bamberg,208,130576,87790,112474,1939-03-11T21:57:00+00:00,1939-03-11T22:27:00+00:00,Hamburg,101,8277,5222,6445,1939-03-11T21:04:34+00:00,1939-03-11T22:04:24+00:00,1939-03-11T21:57:00+00:00,1939-03-11T22:04:24+00:00,444.000,0.62383741,0.05083336,0.62383741,0,0,,,,,,,"Dr. Remeis-Observatory, Bamberg, Germany",Dr. Remeis-Observatory,10.8881,49.8845,1,Astrograph,,"Hamburg-Bergedorf, Germany",Hamburger Sternwarte,53.482,10.242,1,Lippert-Astrograph,,True,5893.545115,GE100KM,True,True,True,0,,,,,,49.8845,10.8881,10.242,53.482,10.88810000,49.88450000,10.24200000,53.48200000,SWAP,NORMAL,402.491931,GE100KM,True,True,True
APPLAUSE:129751 | APPLAUSE:110958,Bamberg,208,129751,87021,111740,1938-03-21T21:23:00+00:00,1938-03-21T21:53:00+00:00,Hamburg,111,110958,64926,73042,1938-03-21T21:46:00+00:00,1938-03-21T22:46:00+00:00,1938-03-21T21:46:00+00:00,1938-03-21T21:53:00+00:00,420.000,0.03061161,0.60598485,0.60598485,0,0,,,,,,,"Dr. Remeis-Observatory, Bamberg, Germany",Dr. Remeis-Observatory,10.8881,49.8845,1,Astrograph,,"Hamburg-Bergedorf, Germany",Hamburger Sternwarte,53.482,10.242,1,Original Schmidt-Spiegel,,True,5893.545115,GE100KM,True,True,True,0,,,,,,49.8845,10.8881,10.242,53.482,10.88810000,49.88450000,10.24200000,53.48200000,SWAP,NORMAL,402.491931,GE100KM,True,True,True
APPLAUSE:129090 | APPLAUSE:7409,Bamberg,208,129090,86360,111080,1937-05-02T22:13:00+00:00,1937-05-02T22:43:00+00:00,Hamburg,101,7409,4657,5583,1937-05-02T22:22:56+00:00,1937-05-02T22:29:54+00:00,1937-05-02T22:22:56+00:00,1937-05-02T22:29:54+00:00,418.000,0.00389448,0.31223665,0.31223665,0,0,,,,,,,"Dr. Remeis-Observatory, Bamberg, Germany",Dr. Remeis-Observatory,10.8881,49.8845,1,Astrograph,,"Hamburg-Bergedorf, Germany",Hamburger Sternwarte,53.482,10.242,1,Lippert-Astrograph,,True,5893.545115,GE100KM,True,True,True,0,,,,,,49.8845,10.8881,10.242,53.482,10.88810000,49.88450000,10.24200000,53.48200000,SWAP,NORMAL,402.491931,GE100KM,True,True,True
APPLAUSE:125520 | APPLAUSE:4902,Bamberg,208,125520,82814,107635,1933-03-26T23:50:00+00:00,1933-03-27T00:20:00+00:00,Hamburg,101,4902,3800,4537,1933-03-27T00:13:07+00:00,1933-03-27T00:23:06+00:00,1933-03-27T00:13:07+00:00,1933-03-27T00:20:00+00:00,413.000,0.02609858,1.00000000,1.00000000,0,0,,,,,,,"Dr. Remeis-Observatory, Bamberg, Germany",Dr. Remeis-Observatory,10.8881,49.8845,1,Astrograph,,"Hamburg-Bergedorf, Germany",Hamburger Sternwarte,53.482,10.242,4,Lippert-Astrograph,,True,5893.545115,GE100KM,True,True,True,0,,,,,,49.8845,10.8881,10.242,53.482,10.88810000,49.88450000,10.24200000,53.48200000,SWAP,NORMAL,402.491931,GE100KM,True,True,True
APPLAUSE:135149 | APPLAUSE:91691,Bamberg,208,135149,92019,116550,1959-10-07T20:30:00+00:00,1959-10-07T21:30:00+00:00,Hamburg,106,91691,61502,68966,1959-10-07T21:23:12+00:00,1959-10-07T21:31:11+00:00,1959-10-07T21:23:12+00:00,1959-10-07T21:30:00+00:00,408.000,0.09085498,0.26459466,0.26459466,0,0,,,,,,,"Dr. Remeis-Observatory, Bamberg, Germany",Dr. Remeis-Observatory,10.8881,49.8845,1,Astrograph,,"Hamburg-Bergedorf, Germany",Hamburger Sternwarte,53.482,10.242,1,AG-Astrograph,,True,5893.545115,GE100KM,True,True,True,0,,,,,,49.8845,10.8881,10.242,53.482,10.88810000,49.88450000,10.24200000,53.48200000,SWAP,NORMAL,402.491931,GE100KM,True,True,True
APPLAUSE:135150 | APPLAUSE:91691,Bamberg,208,135150,92020,116551,1959-10-07T20:30:00+00:00,1959-10-07T21:30:00+00:00,Hamburg,106,91691,61502,68966,1959-10-07T21:23:12+00:00,1959-10-07T21:31:11+00:00,1959-10-07T21:23:12+00:00,1959-10-07T21:30:00+00:00,408.000,0.03013861,0.79394460,0.79394460,0,1,,,,,5.000000,A_LE30MIN,"Dr. Remeis-Observatory, Bamberg, Germany",Dr. Remeis-Observatory,10.8881,49.8845,1,Astrograph,,"Hamburg-Bergedorf, Germany",Hamburger Sternwarte,53.482,10.242,1,AG-Astrograph,,True,5893.545115,GE100KM,True,True,True,0,,,,,,49.8845,10.8881,10.242,53.482,10.88810000,49.88450000,10.24200000,53.48200000,SWAP,NORMAL,402.491931,GE100KM,True,True,True
APPLAUSE:132552 | APPLAUSE:13980,Bamberg,208,132552,89478,114014,1953-09-15T21:27:00+00:00,1953-09-15T22:27:00+00:00,Hamburg,101,13980,7617,9867,1953-09-15T22:20:15+00:00,1953-09-15T23:00:08+00:00,1953-09-15T22:20:15+00:00,1953-09-15T22:27:00+00:00,405.000,0.04634188,0.73825684,0.73825684,0,6,,,,,66.316667,C_GT60_LE120MIN,"Dr. Remeis-Observatory, Bamberg, Germany",Dr. Remeis-Observatory,10.8881,49.8845,1,Astrograph,,"Hamburg-Bergedorf, Germany",Hamburger Sternwarte,53.482,10.242,1,Lippert-Astrograph,,True,5893.545115,GE100KM,True,True,True,0,,,,,,49.8845,10.8881,10.242,53.482,10.88810000,49.88450000,10.24200000,53.48200000,SWAP,NORMAL,402.491931,GE100KM,True,True,True
APPLAUSE:121788 | APPLAUSE:89187,Bamberg,208,121788,79104,104216,1930-04-22T22:45:00+00:00,1930-04-22T23:15:00+00:00,Hamburg,106,89187,59548,65206,1930-04-22T22:41:30+00:00,1930-04-22T22:51:29+00:00,1930-04-22T22:45:00+00:00,1930-04-22T22:51:29+00:00,389.000,1.00000000,0.03484860,1.00000000,0,0,,,,,,,"Dr. Remeis-Observatory, Bamberg, Germany",Dr. Remeis-Observatory,10.8881,49.8845,1,Astrograph,,"Hamburg-Bergedorf, Germany",Hamburger Sternwarte,53.482,10.242,2,AG-Astrograph,,True,5893.545115,GE100KM,True,True,True,0,,,,,,49.8845,10.8881,10.242,53.482,10.88810000,49.88450000,10.24200000,53.48200000,SWAP,NORMAL,402.491931,GE100KM,True,True,True
APPLAUSE:129816 | APPLAUSE:7891,Bamberg,208,129816,87086,111805,1938-04-04T22:10:00+00:00,1938-04-04T22:40:00+00:00,Hamburg,101,7891,5007,6157,1938-04-04T22:33:45+00:00,1938-04-05T00:00:30+00:00,1938-04-04T22:33:45+00:00,1938-04-04T22:40:00+00:00,375.000,0.01395816,0.17284701,0.17284701,0,0,,,,,,,"Dr. Remeis-Observatory, Bamberg, Germany",Dr. Remeis-Observatory,10.8881,49.8845,1,Astrograph,,"Hamburg-Bergedorf, Germany",Hamburger Sternwarte,53.482,10.242,1,Lippert-Astrograph,,True,5893.545115,GE100KM,True,True,True,0,,,,,,49.8845,10.8881,10.242,53.482,10.88810000,49.88450000,10.24200000,53.48200000,SWAP,NORMAL,402.491931,GE100KM,True,True,True
APPLAUSE:129466 | APPLAUSE:89908,Bamberg,208,129466,86736,111455,1937-11-21T17:00:00+00:00,1937-11-21T17:30:00+00:00,Hamburg,106,89908,59875,65763,1937-11-21T17:23:53+00:00,1937-11-21T17:53:48+00:00,1937-11-21T17:23:53+00:00,1937-11-21T17:30:00+00:00,367.000,0.03493218,1.00000000,1.00000000,0,0,,,,,,,"Dr. Remeis-Observatory, Bamberg, Germany",Dr. Remeis-Observatory,10.8881,49.8845,1,Astrograph,,"Hamburg-Bergedorf, Germany",Hamburger Sternwarte,53.482,10.242,1,AG-Astrograph,,True,5893.545115,GE100KM,True,True,True,0,,,,,,49.8845,10.8881,10.242,53.482,10.88810000,49.88450000,10.24200000,53.48200000,SWAP,NORMAL,402.491931,GE100KM,True,True,True
APPLAUSE:135090 | APPLAUSE:91687,Bamberg,208,135090,91960,116491,1959-10-05T23:45:00+00:00,1959-10-06T00:45:00+00:00,Hamburg,106,91687,61498,68958,1959-10-06T00:38:58+00:00,1959-10-06T00:46:57+00:00,1959-10-06T00:38:58+00:00,1959-10-06T00:45:00+00:00,362.000,0.03807063,1.00000000,1.00000000,0,0,,,,,,,"Dr. Remeis-Observatory, Bamberg, Germany",Dr. Remeis-Observatory,10.8881,49.8845,1,Astrograph,,"Hamburg-Bergedorf, Germany",Hamburger Sternwarte,53.482,10.242,1,AG-Astrograph,,True,5893.545115,GE100KM,True,True,True,0,,,,,,49.8845,10.8881,10.242,53.482,10.88810000,49.88450000,10.24200000,53.48200000,SWAP,NORMAL,402.491931,GE100KM,True,True,True
APPLAUSE:120749 | APPLAUSE:85514,Bamberg,208,120749,78070,103829,1929-01-11T21:57:00+00:00,1929-01-11T22:27:00+00:00,Bonn,105,85514,57870,62009,1929-01-11T22:18:01+00:00,1929-01-11T22:24:00+00:00,1929-01-11T22:18:01+00:00,1929-01-11T22:24:00+00:00,359.000,0.02948893,1.00000000,1.00000000,0,0,,,,,,,"Dr. Remeis-Observatory, Bamberg, Germany",Dr. Remeis-Observatory,10.8881,49.8845,1,Astrograph,,"Bonn, Germany",Bonner Sternwarte,50.163,7.068,2,AG-Astrograph,,True,5855.954289,GE100KM,True,True,True,0,,,,,,49.8845,10.8881,7.068,50.163,10.88810000,49.88450000,7.06800000,50.16300000,SWAP,NORMAL,274.626555,GE100KM,True,True,True
APPLAUSE:133378 | APPLAUSE:91456,Bamberg,208,133378,90248,114781,1959-01-28T18:00:00+00:00,1959-01-28T19:00:00+00:00,Hamburg,106,91456,61267,68496,1959-01-28T18:03:26+00:00,1959-01-28T18:09:25+00:00,1959-01-28T18:03:26+00:00,1959-01-28T18:09:25+00:00,359.000,0.00076451,0.02051590,0.02051590,0,0,,,,,,,"Dr. Remeis-Observatory, Bamberg, Germany",Dr. Remeis-Observatory,10.8881,49.8845,1,Astrograph,,"Hamburg-Bergedorf, Germany",Hamburger Sternwarte,53.482,10.242,1,AG-Astrograph,,True,5893.545115,GE100KM,True,True,True,0,,,,,,49.8845,10.8881,10.242,53.482,10.88810000,49.88450000,10.24200000,53.48200000,SWAP,NORMAL,402.491931,GE100KM,True,True,True
APPLAUSE:133379 | APPLAUSE:91456,Bamberg,208,133379,90249,114782,1959-01-28T18:00:00+00:00,1959-01-28T19:00:00+00:00,Hamburg,106,91456,61267,68496,1959-01-28T18:03:26+00:00,1959-01-28T18:09:25+00:00,1959-01-28T18:03:26+00:00,1959-01-28T18:09:25+00:00,359.000,0.02002478,0.99972518,0.99972518,0,0,,,,,,,"Dr. Remeis-Observatory, Bamberg, Germany",Dr. Remeis-Observatory,10.8881,49.8845,1,Astrograph,,"Hamburg-Bergedorf, Germany",Hamburger Sternwarte,53.482,10.242,1,AG-Astrograph,,True,5893.545115,GE100KM,True,True,True,0,,,,,,49.8845,10.8881,10.242,53.482,10.88810000,49.88450000,10.24200000,53.48200000,SWAP,NORMAL,402.491931,GE100KM,True,True,True
APPLAUSE:133395 | APPLAUSE:91476,Bamberg,208,133395,90265,114798,1959-01-29T17:26:00+00:00,1959-01-29T18:26:00+00:00,Hamburg,106,91476,61287,68537,1959-01-29T17:36:29+00:00,1959-01-29T17:42:28+00:00,1959-01-29T17:36:29+00:00,1959-01-29T17:42:28+00:00,359.000,0.02007760,1.00000000,1.00000000,0,0,,,,,,,"Dr. Remeis-Observatory, Bamberg, Germany",Dr. Remeis-Observatory,10.8881,49.8845,1,Astrograph,,"Hamburg-Bergedorf, Germany",Hamburger Sternwarte,53.482,10.242,1,AG-Astrograph,,True,5893.545115,GE100KM,True,True,True,0,,,,,,49.8845,10.8881,10.242,53.482,10.88810000,49.88450000,10.24200000,53.48200000,SWAP,NORMAL,402.491931,GE100KM,True,True,True
APPLAUSE:133395 | APPLAUSE:91477,Bamberg,208,133395,90265,114798,1959-01-29T17:26:00+00:00,1959-01-29T18:26:00+00:00,Hamburg,106,91477,61288,68538,1959-01-29T17:53:51+00:00,1959-01-29T17:59:50+00:00,1959-01-29T17:53:51+00:00,1959-01-29T17:59:50+00:00,359.000,0.02013763,1.00000000,1.00000000,0,0,,,,,,,"Dr. Remeis-Observatory, Bamberg, Germany",Dr. Remeis-Observatory,10.8881,49.8845,1,Astrograph,,"Hamburg-Bergedorf, Germany",Hamburger Sternwarte,53.482,10.242,1,AG-Astrograph,,True,5893.545115,GE100KM,True,True,True,0,,,,,,49.8845,10.8881,10.242,53.482,10.88810000,49.88450000,10.24200000,53.48200000,SWAP,NORMAL,402.491931,GE100KM,True,True,True
APPLAUSE:133395 | APPLAUSE:91478,Bamberg,208,133395,90265,114798,1959-01-29T17:26:00+00:00,1959-01-29T18:26:00+00:00,Hamburg,106,91478,61289,68541,1959-01-29T18:06:04+00:00,1959-01-29T18:12:03+00:00,1959-01-29T18:06:04+00:00,1959-01-29T18:12:03+00:00,359.000,0.02003658,1.00000000,1.00000000,0,0,,,,,,,"Dr. Remeis-Observatory, Bamberg, Germany",Dr. Remeis-Observatory,10.8881,49.8845,1,Astrograph,,"Hamburg-Bergedorf, Germany",Hamburger Sternwarte,53.482,10.242,1,AG-Astrograph,,True,5893.545115,GE100KM,True,True,True,0,,,,,,49.8845,10.8881,10.242,53.482,10.88810000,49.88450000,10.24200000,53.48200000,SWAP,NORMAL,402.491931,GE100KM,True,True,True
APPLAUSE:133878 | APPLAUSE:91563,Bamberg,208,133878,90748,115279,1959-03-09T18:41:00+00:00,1959-03-09T19:41:00+00:00,Hamburg,106,91563,61374,68710,1959-03-09T19:05:29+00:00,1959-03-09T19:11:28+00:00,1959-03-09T19:05:29+00:00,1959-03-09T19:11:28+00:00,359.000,0.02058247,1.00000000,1.00000000,0,0,,,,,,,"Dr. Remeis-Observatory, Bamberg, Germany",Dr. Remeis-Observatory,10.8881,49.8845,1,Astrograph,,"Hamburg-Bergedorf, Germany",Hamburger Sternwarte,53.482,10.242,1,AG-Astrograph,,True,5893.545115,GE100KM,True,True,True,0,,,,,,49.8845,10.8881,10.242,53.482,10.88810000,49.88450000,10.24200000,53.48200000,SWAP,NORMAL,402.491931,GE100KM,True,True,True
APPLAUSE:133878 | APPLAUSE:91564,Bamberg,208,133878,90748,115279,1959-03-09T18:41:00+00:00,1959-03-09T19:41:00+00:00,Hamburg,106,91564,61375,68713,1959-03-09T19:19:32+00:00,1959-03-09T19:25:31+00:00,1959-03-09T19:19:32+00:00,1959-03-09T19:25:31+00:00,359.000,0.02051091,1.00000000,1.00000000,0,0,,,,,,,"Dr. Remeis-Observatory, Bamberg, Germany",Dr. Remeis-Observatory,10.8881,49.8845,1,Astrograph,,"Hamburg-Bergedorf, Germany",Hamburger Sternwarte,53.482,10.242,1,AG-Astrograph,,True,5893.545115,GE100KM,True,True,True,0,,,,,,49.8845,10.8881,10.242,53.482,10.88810000,49.88450000,10.24200000,53.48200000,SWAP,NORMAL,402.491931,GE100KM,True,True,True
APPLAUSE:133886 | APPLAUSE:91570,Bamberg,208,133886,90756,115287,1959-03-09T20:52:00+00:00,1959-03-09T21:52:00+00:00,Hamburg,106,91570,61381,68725,1959-03-09T20:57:21+00:00,1959-03-09T21:03:20+00:00,1959-03-09T20:57:21+00:00,1959-03-09T21:03:20+00:00,359.000,0.02010877,1.00000000,1.00000000,0,1,,,,,5.000000,A_LE30MIN,"Dr. Remeis-Observatory, Bamberg, Germany",Dr. Remeis-Observatory,10.8881,49.8845,1,Astrograph,,"Hamburg-Bergedorf, Germany",Hamburger Sternwarte,53.482,10.242,1,AG-Astrograph,,True,5893.545115,GE100KM,True,True,True,0,,,,,,49.8845,10.8881,10.242,53.482,10.88810000,49.88450000,10.24200000,53.48200000,SWAP,NORMAL,402.491931,GE100KM,True,True,True
APPLAUSE:133890 | APPLAUSE:91573,Bamberg,208,133890,90760,115291,1959-03-09T21:57:00+00:00,1959-03-09T22:57:00+00:00,Hamburg,106,91573,61384,68731,1959-03-09T22:26:52+00:00,1959-03-09T22:32:51+00:00,1959-03-09T22:26:52+00:00,1959-03-09T22:32:51+00:00,359.000,0.02029288,1.00000000,1.00000000,0,1,,,,,5.000000,A_LE30MIN,"Dr. Remeis-Observatory, Bamberg, Germany",Dr. Remeis-Observatory,10.8881,49.8845,1,Astrograph,,"Hamburg-Bergedorf, Germany",Hamburger Sternwarte,53.482,10.242,1,AG-Astrograph,,True,5893.545115,GE100KM,True,True,True,0,,,,,,49.8845,10.8881,10.242,53.482,10.88810000,49.88450000,10.24200000,53.48200000,SWAP,NORMAL,402.491931,GE100KM,True,True,True
APPLAUSE:133898 | APPLAUSE:91581,Bamberg,208,133898,90768,115299,1959-03-10T00:14:00+00:00,1959-03-10T01:14:00+00:00,Hamburg,106,91581,61392,68746,1959-03-10T00:33:26+00:00,1959-03-10T00:39:25+00:00,1959-03-10T00:33:26+00:00,1959-03-10T00:39:25+00:00,359.000,0.02046050,1.00000000,1.00000000,0,1,,,,,7.000000,A_LE30MIN,"Dr. Remeis-Observatory, Bamberg, Germany",Dr. Remeis-Observatory,10.8881,49.8845,1,Astrograph,,"Hamburg-Bergedorf, Germany",Hamburger Sternwarte,53.482,10.242,1,AG-Astrograph,,True,5893.545115,GE100KM,True,True,True,0,,,,,,49.8845,10.8881,10.242,53.482,10.88810000,49.88450000,10.24200000,53.48200000,SWAP,NORMAL,402.491931,GE100KM,True,True,True
APPLAUSE:134001 | APPLAUSE:91608,Bamberg,208,134001,90871,115402,1959-04-02T23:35:00+00:00,1959-04-03T00:35:00+00:00,Hamburg,106,91608,61419,68800,1959-04-02T23:41:02+00:00,1959-04-02T23:47:01+00:00,1959-04-02T23:41:02+00:00,1959-04-02T23:47:01+00:00,359.000,0.02044326,1.00000000,1.00000000,0,0,,,,,,,"Dr. Remeis-Observatory, Bamberg, Germany",Dr. Remeis-Observatory,10.8881,49.8845,1,Astrograph,,"Hamburg-Bergedorf, Germany",Hamburger Sternwarte,53.482,10.242,1,AG-Astrograph,,True,5893.545115,GE100KM,True,True,True,0,,,,,,49.8845,10.8881,10.242,53.482,10.88810000,49.88450000,10.24200000,53.48200000,SWAP,NORMAL,402.491931,GE100KM,True,True,True
APPLAUSE:134001 | APPLAUSE:91609,Bamberg,208,134001,90871,115402,1959-04-02T23:35:00+00:00,1959-04-03T00:35:00+00:00,Hamburg,106,91609,61420,68803,1959-04-02T23:53:35+00:00,1959-04-02T23:59:34+00:00,1959-04-02T23:53:35+00:00,1959-04-02T23:59:34+00:00,359.000,0.02046879,1.00000000,1.00000000,0,0,,,,,,,"Dr. Remeis-Observatory, Bamberg, Germany",Dr. Remeis-Observatory,10.8881,49.8845,1,Astrograph,,"Hamburg-Bergedorf, Germany",Hamburger Sternwarte,53.482,10.242,1,AG-Astrograph,,True,5893.545115,GE100KM,True,True,True,0,,,,,,49.8845,10.8881,10.242,53.482,10.88810000,49.88450000,10.24200000,53.48200000,SWAP,NORMAL,402.491931,GE100KM,True,True,True
APPLAUSE:85398 | APPLAUSE:3018,Bonn,105,85398,57812,61893,1928-10-15T22:25:56+00:00,1928-10-15T22:31:55+00:00,Hamburg,101,3018,2194,2479,1928-10-14T21:10:23+00:00,1928-10-15T23:42:02+00:00,1928-10-15T22:25:56+00:00,1928-10-15T22:31:55+00:00,359.000,0.10812470,0.29645001,0.29645001,0,0,,,,,,,"Bonn, Germany",Bonner Sternwarte,50.163,7.068,2,AG-Astrograph,,"Hamburg-Bergedorf, Germany",Hamburger Sternwarte,53.482,10.242,1,Lippert-Astrograph,,True,428.609118,GE100KM,True,True,True,0,,,,,,7.068,50.163,10.242,53.482,7.06800000,50.16300000,10.24200000,53.48200000,NORMAL,NORMAL,428.609118,GE100KM,True,True,True
APPLAUSE:85574 | APPLAUSE:3075,Bonn,105,85574,57900,62069,1929-01-31T21:13:20+00:00,1929-01-31T21:19:19+00:00,Hamburg,101,3075,2248,2536,1929-01-31T20:48:42+00:00,1929-01-31T22:48:23+00:00,1929-01-31T21:13:20+00:00,1929-01-31T21:19:19+00:00,359.000,0.03619735,0.10034628,0.10034628,0,1,,,,,14.616667,A_LE30MIN,"Bonn, Germany",Bonner Sternwarte,50.163,7.068,2,AG-Astrograph,,"Hamburg-Bergedorf, Germany",Hamburger Sternwarte,53.482,10.242,1,Lippert-Astrograph,,True,428.609118,GE100KM,True,True,True,0,,,,,,7.068,50.163,10.242,53.482,7.06800000,50.16300000,10.24200000,53.48200000,NORMAL,NORMAL,428.609118,GE100KM,True,True,True
APPLAUSE:133898 | APPLAUSE:91580,Bamberg,208,133898,90768,115299,1959-03-10T00:14:00+00:00,1959-03-10T01:14:00+00:00,Hamburg,106,91580,61391,68745,1959-03-10T00:13:59+00:00,1959-03-10T00:19:58+00:00,1959-03-10T00:14:00+00:00,1959-03-10T00:19:58+00:00,358.000,1.00000000,0.02034479,1.00000000,0,0,,,,,,,"Dr. Remeis-Observatory, Bamberg, Germany",Dr. Remeis-Observatory,10.8881,49.8845,1,Astrograph,,"Hamburg-Bergedorf, Germany",Hamburger Sternwarte,53.482,10.242,1,AG-Astrograph,,True,5893.545115,GE100KM,True,True,True,0,,,,,,49.8845,10.8881,10.242,53.482,10.88810000,49.88450000,10.24200000,53.48200000,SWAP,NORMAL,402.491931,GE100KM,True,True,True
APPLAUSE:129067 | APPLAUSE:7393,Bamberg,208,129067,86337,111057,1937-04-30T23:16:00+00:00,1937-04-30T23:46:00+00:00,Hamburg,101,7393,4643,5564,1937-04-30T23:40:06+00:00,1937-04-30T23:47:05+00:00,1937-04-30T23:40:06+00:00,1937-04-30T23:46:00+00:00,354.000,0.00833713,0.66383142,0.66383142,0,0,,,,,,,"Dr. Remeis-Observatory, Bamberg, Germany",Dr. Remeis-Observatory,10.8881,49.8845,1,Astrograph,,"Hamburg-Bergedorf, Germany",Hamburger Sternwarte,53.482,10.242,1,Lippert-Astrograph,,True,5893.545115,GE100KM,True,True,True,0,,,,,,49.8845,10.8881,10.242,53.482,10.88810000,49.88450000,10.24200000,53.48200000,SWAP,NORMAL,402.491931,GE100KM,True,True,True
APPLAUSE:134196 | APPLAUSE:91649,Bamberg,208,134196,91066,115597,1959-06-05T21:07:00+00:00,1959-06-05T22:07:00+00:00,Hamburg,106,91649,61460,68882,1959-06-05T22:01:14+00:00,1959-06-05T22:07:18+00:00,1959-06-05T22:01:14+00:00,1959-06-05T22:07:00+00:00,346.000,0.00002919,0.00077351,0.00077351,0,0,,,,,,,"Dr. Remeis-Observatory, Bamberg, Germany",Dr. Remeis-Observatory,10.8881,49.8845,1,Astrograph,,"Hamburg-Bergedorf, Germany",Hamburger Sternwarte,53.482,10.242,1,AG-Astrograph,,True,5893.545115,GE100KM,True,True,True,0,,,,,,49.8845,10.8881,10.242,53.482,10.88810000,49.88450000,10.24200000,53.48200000,SWAP,NORMAL,402.491931,GE100KM,True,True,True
APPLAUSE:134939 | APPLAUSE:91670,Bamberg,208,134939,91809,116340,1959-09-30T23:50:00+00:00,1959-10-01T00:50:00+00:00,Hamburg,106,91670,61481,68924,1959-10-01T00:44:35+00:00,1959-10-01T00:54:33+00:00,1959-10-01T00:44:35+00:00,1959-10-01T00:50:00+00:00,325.000,0.03823294,0.99933288,0.99933288,0,1,,,,,5.000000,A_LE30MIN,"Dr. Remeis-Observatory, Bamberg, Germany",Dr. Remeis-Observatory,10.8881,49.8845,1,Astrograph,,"Hamburg-Bergedorf, Germany",Hamburger Sternwarte,53.482,10.242,1,AG-Astrograph,,True,5893.545115,GE100KM,True,True,True,0,,,,,,49.8845,10.8881,10.242,53.482,10.88810000,49.88450000,10.24200000,53.48200000,SWAP,NORMAL,402.491931,GE100KM,True,True,True
APPLAUSE:124204 | APPLAUSE:4443,Bamberg,208,124204,81498,106398,1932-06-04T23:17:00+00:00,1932-06-04T23:47:00+00:00,Hamburg,101,4443,3487,4169,1932-06-04T23:02:23+00:00,1932-06-04T23:22:20+00:00,1932-06-04T23:17:00+00:00,1932-06-04T23:22:20+00:00,320.000,1.00000000,0.02006466,1.00000000,0,0,,,,,,,"Dr. Remeis-Observatory, Bamberg, Germany",Dr. Remeis-Observatory,10.8881,49.8845,1,Astrograph,,"Hamburg-Bergedorf, Germany",Hamburger Sternwarte,53.482,10.242,1,Lippert-Astrograph,,True,5893.545115,GE100KM,True,True,True,0,,,,,,49.8845,10.8881,10.242,53.482,10.88810000,49.88450000,10.24200000,53.48200000,SWAP,NORMAL,402.491931,GE100KM,True,True,True
APPLAUSE:133878 | APPLAUSE:91565,Bamberg,208,133878,90748,115279,1959-03-09T18:41:00+00:00,1959-03-09T19:41:00+00:00,Hamburg,106,91565,61376,68714,1959-03-09T19:35:44+00:00,1959-03-09T19:41:43+00:00,1959-03-09T19:35:44+00:00,1959-03-09T19:41:00+00:00,316.000,0.02040066,1.00000000,1.00000000,0,0,,,,,,,"Dr. Remeis-Observatory, Bamberg, Germany",Dr. Remeis-Observatory,10.8881,49.8845,1,Astrograph,,"Hamburg-Bergedorf, Germany",Hamburger Sternwarte,53.482,10.242,1,AG-Astrograph,,True,5893.545115,GE100KM,True,True,True,0,,,,,,49.8845,10.8881,10.242,53.482,10.88810000,49.88450000,10.24200000,53.48200000,SWAP,NORMAL,402.491931,GE100KM,True,True,True
APPLAUSE:126243 | APPLAUSE:5087,Bamberg,208,126243,83537,108356,1933-09-17T01:30:00+00:00,1933-09-17T01:35:00+00:00,Hamburg,101,5087,3920,4635,1933-09-17T00:21:05+00:00,1933-09-17T03:20:35+00:00,1933-09-17T01:30:00+00:00,1933-09-17T01:35:00+00:00,300.000,0.59481852,0.04919456,0.59481852,0,0,,,,,,,"Dr. Remeis-Observatory, Bamberg, Germany",Dr. Remeis-Observatory,10.8881,49.8845,1,Astrograph,,"Hamburg-Bergedorf, Germany",Hamburger Sternwarte,53.482,10.242,1,Lippert-Astrograph,,True,5893.545115,GE100KM,True,True,True,0,,,,,,49.8845,10.8881,10.242,53.482,10.88810000,49.88450000,10.24200000,53.48200000,SWAP,NORMAL,402.491931,GE100KM,True,True,True
APPLAUSE:122228 | APPLAUSE:3958,Bamberg,208,122228,79522,104577,1931-03-06T19:46:00+00:00,1931-03-06T20:46:00+00:00,Hamburg,101,3958,3029,3584,1931-03-06T20:34:11+00:00,1931-03-06T20:39:10+00:00,1931-03-06T20:34:11+00:00,1931-03-06T20:39:10+00:00,299.000,0.01323359,0.50899229,0.50899229,0,0,,,,,,,"Dr. Remeis-Observatory, Bamberg, Germany",Dr. Remeis-Observatory,10.8881,49.8845,1,Astrograph,,"Hamburg-Bergedorf, Germany",Hamburger Sternwarte,53.482,10.242,1,Lippert-Astrograph,,True,5893.545115,GE100KM,True,True,True,0,,,,,,49.8845,10.8881,10.242,53.482,10.88810000,49.88450000,10.24200000,53.48200000,SWAP,NORMAL,402.491931,GE100KM,True,True,True
APPLAUSE:129362 | APPLAUSE:7554,Bamberg,208,129362,86632,111351,1937-09-06T20:57:00+00:00,1937-09-06T21:27:00+00:00,Hamburg,101,7554,4772,5790,1937-09-06T21:11:00+00:00,1937-09-06T21:15:59+00:00,1937-09-06T21:11:00+00:00,1937-09-06T21:15:59+00:00,299.000,0.01256527,1.00000000,1.00000000,0,0,,,,,,,"Dr. Remeis-Observatory, Bamberg, Germany",Dr. Remeis-Observatory,10.8881,49.8845,1,Astrograph,,"Hamburg-Bergedorf, Germany",Hamburger Sternwarte,53.482,10.242,1,Lippert-Astrograph,,True,5893.545115,GE100KM,True,True,True,0,,,,,,49.8845,10.8881,10.242,53.482,10.88810000,49.88450000,10.24200000,53.48200000,SWAP,NORMAL,402.491931,GE100KM,True,True,True
APPLAUSE:137394 | APPLAUSE:43473,Bamberg,208,137394,94264,118774,1961-10-09T19:24:00+00:00,1961-10-09T20:24:00+00:00,Hamburg,102,43473,10907,13372,1961-10-09T19:34:20+00:00,1961-10-09T19:39:19+00:00,1961-10-09T19:34:20+00:00,1961-10-09T19:39:19+00:00,299.000,0.00067877,0.02747878,0.02747878,0,0,,,,,,,"Dr. Remeis-Observatory, Bamberg, Germany",Dr. Remeis-Observatory,10.8881,49.8845,1,Astrograph,,"Hamburg-Bergedorf, Germany",Hamburger Sternwarte,53.482,10.242,1,Grosser Schmidt-Spiegel,,True,5893.545115,GE100KM,True,True,True,0,,,,,,49.8845,10.8881,10.242,53.482,10.88810000,49.88450000,10.24200000,53.48200000,SWAP,NORMAL,402.491931,GE100KM,True,True,True
APPLAUSE:128244 | APPLAUSE:6764,Bamberg,208,128244,85518,110257,1935-10-18T19:32:00+00:00,1935-10-18T20:02:00+00:00,Hamburg,101,6764,4367,5112,1935-10-18T19:57:03+00:00,1935-10-18T20:26:58+00:00,1935-10-18T19:57:03+00:00,1935-10-18T20:02:00+00:00,297.000,0.04906949,0.96476593,0.96476593,0,0,,,,,,,"Dr. Remeis-Observatory, Bamberg, Germany",Dr. Remeis-Observatory,10.8881,49.8845,1,Astrograph,,"Hamburg-Bergedorf, Germany",Hamburger Sternwarte,53.482,10.242,1,Lippert-Astrograph,,True,5893.545115,GE100KM,True,True,True,0,,,,,,49.8845,10.8881,10.242,53.482,10.88810000,49.88450000,10.24200000,53.48200000,SWAP,NORMAL,402.491931,GE100KM,True,True,True
APPLAUSE:125016 | APPLAUSE:4605,Bamberg,208,125016,82310,107138,1932-11-22T17:19:00+00:00,1932-11-22T17:57:00+00:00,Hamburg,101,4605,3604,4328,1932-11-22T17:08:54+00:00,1932-11-22T17:23:51+00:00,1932-11-22T17:19:00+00:00,1932-11-22T17:23:51+00:00,291.000,1.00000000,0.02637820,1.00000000,0,0,,,,,,,"Dr. Remeis-Observatory, Bamberg, Germany",Dr. Remeis-Observatory,10.8881,49.8845,1,Astrograph,,"Hamburg-Bergedorf, Germany",Hamburger Sternwarte,53.482,10.242,1,Lippert-Astrograph,,True,5893.545115,GE100KM,True,True,True,0,,,,,,49.8845,10.8881,10.242,53.482,10.88810000,49.88450000,10.24200000,53.48200000,SWAP,NORMAL,402.491931,GE100KM,True,True,True
APPLAUSE:133850 | APPLAUSE:91535,Bamberg,208,133850,90720,115251,1959-03-02T20:36:00+00:00,1959-03-02T21:36:00+00:00,Hamburg,106,91535,61346,68654,1959-03-02T21:31:16+00:00,1959-03-02T21:39:15+00:00,1959-03-02T21:31:16+00:00,1959-03-02T21:36:00+00:00,284.000,0.02027407,1.00000000,1.00000000,0,0,,,,,,,"Dr. Remeis-Observatory, Bamberg, Germany",Dr. Remeis-Observatory,10.8881,49.8845,1,Astrograph,,"Hamburg-Bergedorf, Germany",Hamburger Sternwarte,53.482,10.242,1,AG-Astrograph,,True,5893.545115,GE100KM,True,True,True,0,,,,,,49.8845,10.8881,10.242,53.482,10.88810000,49.88450000,10.24200000,53.48200000,SWAP,NORMAL,402.491931,GE100KM,True,True,True
APPLAUSE:122293 | APPLAUSE:86483,Bamberg,208,122293,79587,104642,1931-03-14T04:06:00+00:00,1931-03-14T04:16:00+00:00,Bonn,105,86483,58355,62979,1931-03-14T04:11:26+00:00,1931-03-14T04:21:25+00:00,1931-03-14T04:11:26+00:00,1931-03-14T04:16:00+00:00,274.000,0.03024543,1.00000000,1.00000000,0,0,,,,,,,"Dr. Remeis-Observatory, Bamberg, Germany",Dr. Remeis-Observatory,10.8881,49.8845,1,Astrograph,,"Bonn, Germany",Bonner Sternwarte,50.163,7.068,2,AG-Astrograph,,True,5855.954289,GE100KM,True,True,True,0,,,,,,49.8845,10.8881,7.068,50.163,10.88810000,49.88450000,7.06800000,50.16300000,SWAP,NORMAL,274.626555,GE100KM,True,True,True
APPLAUSE:122035 | APPLAUSE:86436,Bamberg,208,122035,79329,104390,1930-11-14T20:29:00+00:00,1930-11-14T20:59:00+00:00,Bonn,105,86436,58331,62931,1930-11-14T20:40:51+00:00,1930-11-14T20:45:20+00:00,1930-11-14T20:40:51+00:00,1930-11-14T20:45:20+00:00,269.000,0.03047742,1.00000000,1.00000000,0,0,,,,,,,"Dr. Remeis-Observatory, Bamberg, Germany",Dr. Remeis-Observatory,10.8881,49.8845,1,Astrograph,,"Bonn, Germany",Bonner Sternwarte,50.163,7.068,2,AG-Astrograph,,True,5855.954289,GE100KM,True,True,True,0,,,,,,49.8845,10.8881,7.068,50.163,10.88810000,49.88450000,7.06800000,50.16300000,SWAP,NORMAL,274.626555,GE100KM,True,True,True
APPLAUSE:85976 | APPLAUSE:3291,Bonn,105,85976,58101,62471,1929-09-11T23:48:43+00:00,1929-09-11T23:53:12+00:00,Hamburg,101,3291,2459,2813,1929-09-11T22:10:37+00:00,1929-09-12T02:09:37+00:00,1929-09-11T23:48:43+00:00,1929-09-11T23:53:12+00:00,269.000,0.07698901,0.25908297,0.25908297,0,0,,,,,,,"Bonn, Germany",Bonner Sternwarte,50.163,7.068,2,AG-Astrograph,,"Hamburg-Bergedorf, Germany",Hamburger Sternwarte,53.482,10.242,1,Lippert-Astrograph,,True,428.609118,GE100KM,True,True,True,0,,,,,,7.068,50.163,10.242,53.482,7.06800000,50.16300000,10.24200000,53.48200000,NORMAL,NORMAL,428.609118,GE100KM,True,True,True
APPLAUSE:125821 | APPLAUSE:4960,Bamberg,208,125821,83115,107936,1933-05-20T21:03:00+00:00,1933-05-20T21:31:00+00:00,Hamburg,101,4960,3844,4578,1933-05-20T21:26:44+00:00,1933-05-20T22:26:34+00:00,1933-05-20T21:26:44+00:00,1933-05-20T21:31:00+00:00,256.000,0.01955159,0.23654101,0.23654101,0,0,,,,,,,"Dr. Remeis-Observatory, Bamberg, Germany",Dr. Remeis-Observatory,10.8881,49.8845,1,Astrograph,,"Hamburg-Bergedorf, Germany",Hamburger Sternwarte,53.482,10.242,1,Lippert-Astrograph,,True,5893.545115,GE100KM,True,True,True,0,,,,,,49.8845,10.8881,10.242,53.482,10.88810000,49.88450000,10.24200000,53.48200000,SWAP,NORMAL,402.491931,GE100KM,True,True,True
APPLAUSE:135581 | APPLAUSE:91717,Bamberg,208,135581,92451,116981,1960-03-22T22:05:00+00:00,1960-03-22T23:05:00+00:00,Hamburg,106,91717,61520,69000,1960-03-22T23:00:47+00:00,1960-03-22T23:15:44+00:00,1960-03-22T23:00:47+00:00,1960-03-22T23:05:00+00:00,253.000,0.03890049,1.00000000,1.00000000,0,0,,,,,,,"Dr. Remeis-Observatory, Bamberg, Germany",Dr. Remeis-Observatory,10.8881,49.8845,1,Astrograph,,"Hamburg-Bergedorf, Germany",Hamburger Sternwarte,53.482,10.242,1,AG-Astrograph,,True,5893.545115,GE100KM,True,True,True,0,,,,,,49.8845,10.8881,10.242,53.482,10.88810000,49.88450000,10.24200000,53.48200000,SWAP,NORMAL,402.491931,GE100KM,True,True,True
APPLAUSE:135582 | APPLAUSE:91717,Bamberg,208,135582,92452,116982,1960-03-22T22:05:00+00:00,1960-03-22T23:05:00+00:00,Hamburg,106,91717,61520,69000,1960-03-22T23:00:47+00:00,1960-03-22T23:15:44+00:00,1960-03-22T23:00:47+00:00,1960-03-22T23:05:00+00:00,253.000,0.02030465,1.00000000,1.00000000,0,0,,,,,,,"Dr. Remeis-Observatory, Bamberg, Germany",Dr. Remeis-Observatory,10.8881,49.8845,1,Astrograph,,"Hamburg-Bergedorf, Germany",Hamburger Sternwarte,53.482,10.242,1,AG-Astrograph,,True,5893.545115,GE100KM,True,True,True,0,,,,,,49.8845,10.8881,10.242,53.482,10.88810000,49.88450000,10.24200000,53.48200000,SWAP,NORMAL,402.491931,GE100KM,True,True,True
APPLAUSE:136599 | APPLAUSE:91764,Bamberg,208,136599,93469,117986,1961-01-17T19:34:00+00:00,1961-01-17T20:34:00+00:00,Hamburg,106,91764,61561,69081,1961-01-17T20:29:48+00:00,1961-01-17T20:49:45+00:00,1961-01-17T20:29:48+00:00,1961-01-17T20:34:00+00:00,252.000,0.00931476,0.24922218,0.24922218,0,0,,,,,,,"Dr. Remeis-Observatory, Bamberg, Germany",Dr. Remeis-Observatory,10.8881,49.8845,1,Astrograph,,"Hamburg-Bergedorf, Germany",Hamburger Sternwarte,53.482,10.242,1,AG-Astrograph,,True,5893.545115,GE100KM,True,True,True,0,,,,,,49.8845,10.8881,10.242,53.482,10.88810000,49.88450000,10.24200000,53.48200000,SWAP,NORMAL,402.491931,GE100KM,True,True,True
APPLAUSE:125748 | APPLAUSE:4945,Bamberg,208,125748,83042,107863,1933-04-25T23:14:00+00:00,1933-04-25T23:50:00+00:00,Hamburg,101,4945,3835,4567,1933-04-25T23:45:55+00:00,1933-04-26T02:26:38+00:00,1933-04-25T23:45:55+00:00,1933-04-25T23:50:00+00:00,245.000,0.03787956,0.61570945,0.61570945,0,0,,,,,,,"Dr. Remeis-Observatory, Bamberg, Germany",Dr. Remeis-Observatory,10.8881,49.8845,1,Astrograph,,"Hamburg-Bergedorf, Germany",Hamburger Sternwarte,53.482,10.242,1,Lippert-Astrograph,,True,5893.545115,GE100KM,True,True,True,0,,,,,,49.8845,10.8881,10.242,53.482,10.88810000,49.88450000,10.24200000,53.48200000,SWAP,NORMAL,402.491931,GE100KM,True,True,True
APPLAUSE:134680 | APPLAUSE:42405,Bamberg,208,134680,91550,116081,1959-09-08T22:50:00+00:00,1959-09-08T23:50:00+00:00,Hamburg,102,42405,10387,12896,1959-09-08T23:30:56+00:00,1959-09-08T23:34:56+00:00,1959-09-08T23:30:56+00:00,1959-09-08T23:34:56+00:00,240.000,0.00409223,0.28995226,0.28995226,0,0,,,,,,,"Dr. Remeis-Observatory, Bamberg, Germany",Dr. Remeis-Observatory,10.8881,49.8845,1,Astrograph,,"Hamburg-Bergedorf, Germany",Hamburger Sternwarte,53.482,10.242,1,Grosser Schmidt-Spiegel,,True,5893.545115,GE100KM,True,True,True,0,,,,,,49.8845,10.8881,10.242,53.482,10.88810000,49.88450000,10.24200000,53.48200000,SWAP,NORMAL,402.491931,GE100KM,True,True,True
APPLAUSE:135720 | APPLAUSE:42761,Bamberg,208,135720,92590,117120,1960-04-01T22:25:00+00:00,1960-04-01T23:25:00+00:00,Hamburg,102,42761,10567,13160,1960-04-01T23:03:50+00:00,1960-04-01T23:07:50+00:00,1960-04-01T23:03:50+00:00,1960-04-01T23:07:50+00:00,240.000,0.01143155,0.04579632,0.04579632,0,0,,,,,,,"Dr. Remeis-Observatory, Bamberg, Germany",Dr. Remeis-Observatory,10.8881,49.8845,1,Astrograph,,"Hamburg-Bergedorf, Germany",Hamburger Sternwarte,53.482,10.242,1,Grosser Schmidt-Spiegel,,True,5893.545115,GE100KM,True,True,True,0,,,,,,49.8845,10.8881,10.242,53.482,10.88810000,49.88450000,10.24200000,53.48200000,SWAP,NORMAL,402.491931,GE100KM,True,True,True
APPLAUSE:135720 | APPLAUSE:42762,Bamberg,208,135720,92590,117120,1960-04-01T22:25:00+00:00,1960-04-01T23:25:00+00:00,Hamburg,102,42762,10568,13163,1960-04-01T23:16:48+00:00,1960-04-01T23:20:48+00:00,1960-04-01T23:16:48+00:00,1960-04-01T23:20:48+00:00,240.000,0.01615442,0.06473320,0.06473320,0,0,,,,,,,"Dr. Remeis-Observatory, Bamberg, Germany",Dr. Remeis-Observatory,10.8881,49.8845,1,Astrograph,,"Hamburg-Bergedorf, Germany",Hamburger Sternwarte,53.482,10.242,1,Grosser Schmidt-Spiegel,,True,5893.545115,GE100KM,True,True,True,0,,,,,,49.8845,10.8881,10.242,53.482,10.88810000,49.88450000,10.24200000,53.48200000,SWAP,NORMAL,402.491931,GE100KM,True,True,True
APPLAUSE:134146 | APPLAUSE:42089,Bamberg,208,134146,91016,115547,1959-05-12T22:15:00+00:00,1959-05-12T23:15:00+00:00,Hamburg,102,42089,10262,12825,1959-05-12T22:23:48+00:00,1959-05-12T22:27:47+00:00,1959-05-12T22:23:48+00:00,1959-05-12T22:27:47+00:00,239.000,0.00003631,0.00130521,0.00130521,0,0,,,,,,,"Dr. Remeis-Observatory, Bamberg, Germany",Dr. Remeis-Observatory,10.8881,49.8845,1,Astrograph,,"Hamburg-Bergedorf, Germany",Hamburger Sternwarte,53.482,10.242,1,Grosser Schmidt-Spiegel,,True,5893.545115,GE100KM,True,True,True,0,,,,,,49.8845,10.8881,10.242,53.482,10.88810000,49.88450000,10.24200000,53.48200000,SWAP,NORMAL,402.491931,GE100KM,True,True,True
APPLAUSE:134675 | APPLAUSE:42402,Bamberg,208,134675,91545,116076,1959-09-08T21:45:00+00:00,1959-09-08T22:45:00+00:00,Hamburg,102,42402,10384,12890,1959-09-08T22:40:05+00:00,1959-09-08T22:44:04+00:00,1959-09-08T22:40:05+00:00,1959-09-08T22:44:04+00:00,239.000,0.02783640,1.00000000,1.00000000,0,0,,,,,,,"Dr. Remeis-Observatory, Bamberg, Germany",Dr. Remeis-Observatory,10.8881,49.8845,1,Astrograph,,"Hamburg-Bergedorf, Germany",Hamburger Sternwarte,53.482,10.242,1,Grosser Schmidt-Spiegel,,True,5893.545115,GE100KM,True,True,True,0,,,,,,49.8845,10.8881,10.242,53.482,10.88810000,49.88450000,10.24200000,53.48200000,SWAP,NORMAL,402.491931,GE100KM,True,True,True
APPLAUSE:134680 | APPLAUSE:42404,Bamberg,208,134680,91550,116081,1959-09-08T22:50:00+00:00,1959-09-08T23:50:00+00:00,Hamburg,102,42404,10386,12894,1959-09-08T23:14:59+00:00,1959-09-08T23:18:58+00:00,1959-09-08T23:14:59+00:00,1959-09-08T23:18:58+00:00,239.000,0.00535901,0.37823704,0.37823704,0,0,,,,,,,"Dr. Remeis-Observatory, Bamberg, Germany",Dr. Remeis-Observatory,10.8881,49.8845,1,Astrograph,,"Hamburg-Bergedorf, Germany",Hamburger Sternwarte,53.482,10.242,1,Grosser Schmidt-Spiegel,,True,5893.545115,GE100KM,True,True,True,0,,,,,,49.8845,10.8881,10.242,53.482,10.88810000,49.88450000,10.24200000,53.48200000,SWAP,NORMAL,402.491931,GE100KM,True,True,True
APPLAUSE:135724 | APPLAUSE:42764,Bamberg,208,135724,92594,117124,1960-04-01T23:32:00+00:00,1960-04-02T00:32:00+00:00,Hamburg,102,42764,10570,13166,1960-04-02T00:07:40+00:00,1960-04-02T00:11:39+00:00,1960-04-02T00:07:40+00:00,1960-04-02T00:11:39+00:00,239.000,0.08456195,0.51559795,0.51559795,0,0,,,,,,,"Dr. Remeis-Observatory, Bamberg, Germany",Dr. Remeis-Observatory,10.8881,49.8845,1,Astrograph,,"Hamburg-Bergedorf, Germany",Hamburger Sternwarte,53.482,10.242,1,Grosser Schmidt-Spiegel,,True,5893.545115,GE100KM,True,True,True,0,,,,,,49.8845,10.8881,10.242,53.482,10.88810000,49.88450000,10.24200000,53.48200000,SWAP,NORMAL,402.491931,GE100KM,True,True,True
APPLAUSE:135725 | APPLAUSE:42763,Bamberg,208,135725,92595,117125,1960-04-01T23:32:00+00:00,1960-04-02T00:32:00+00:00,Hamburg,102,42763,10569,13165,1960-04-01T23:54:42+00:00,1960-04-01T23:58:41+00:00,1960-04-01T23:54:42+00:00,1960-04-01T23:58:41+00:00,239.000,0.00675755,0.02700082,0.02700082,0,0,,,,,,,"Dr. Remeis-Observatory, Bamberg, Germany",Dr. Remeis-Observatory,10.8881,49.8845,1,Astrograph,,"Hamburg-Bergedorf, Germany",Hamburger Sternwarte,53.482,10.242,1,Grosser Schmidt-Spiegel,,True,5893.545115,GE100KM,True,True,True,0,,,,,,49.8845,10.8881,10.242,53.482,10.88810000,49.88450000,10.24200000,53.48200000,SWAP,NORMAL,402.491931,GE100KM,True,True,True
APPLAUSE:135725 | APPLAUSE:42764,Bamberg,208,135725,92595,117125,1960-04-01T23:32:00+00:00,1960-04-02T00:32:00+00:00,Hamburg,102,42764,10570,13166,1960-04-02T00:07:40+00:00,1960-04-02T00:11:39+00:00,1960-04-02T00:07:40+00:00,1960-04-02T00:11:39+00:00,239.000,0.23798193,0.95056690,0.95056690,0,0,,,,,,,"Dr. Remeis-Observatory, Bamberg, Germany",Dr. Remeis-Observatory,10.8881,49.8845,1,Astrograph,,"Hamburg-Bergedorf, Germany",Hamburger Sternwarte,53.482,10.242,1,Grosser Schmidt-Spiegel,,True,5893.545115,GE100KM,True,True,True,0,,,,,,49.8845,10.8881,10.242,53.482,10.88810000,49.88450000,10.24200000,53.48200000,SWAP,NORMAL,402.491931,GE100KM,True,True,True
APPLAUSE:135726 | APPLAUSE:42763,Bamberg,208,135726,92596,117126,1960-04-01T23:32:00+00:00,1960-04-02T00:32:00+00:00,Hamburg,102,42763,10569,13165,1960-04-01T23:54:42+00:00,1960-04-01T23:58:41+00:00,1960-04-01T23:54:42+00:00,1960-04-01T23:58:41+00:00,239.000,0.02512439,0.89246263,0.89246263,0,0,,,,,,,"Dr. Remeis-Observatory, Bamberg, Germany",Dr. Remeis-Observatory,10.8881,49.8845,1,Astrograph,,"Hamburg-Bergedorf, Germany",Hamburger Sternwarte,53.482,10.242,1,Grosser Schmidt-Spiegel,,True,5893.545115,GE100KM,True,True,True,0,,,,,,49.8845,10.8881,10.242,53.482,10.88810000,49.88450000,10.24200000,53.48200000,SWAP,NORMAL,402.491931,GE100KM,True,True,True
APPLAUSE:135729 | APPLAUSE:42766,Bamberg,208,135729,92599,117129,1960-04-02T00:39:00+00:00,1960-04-02T01:39:00+00:00,Hamburg,102,42766,10572,13170,1960-04-02T00:43:34+00:00,1960-04-02T00:47:33+00:00,1960-04-02T00:43:34+00:00,1960-04-02T00:47:33+00:00,239.000,0.04249255,0.25906339,0.25906339,0,0,,,,,,,"Dr. Remeis-Observatory, Bamberg, Germany",Dr. Remeis-Observatory,10.8881,49.8845,1,Astrograph,,"Hamburg-Bergedorf, Germany",Hamburger Sternwarte,53.482,10.242,1,Grosser Schmidt-Spiegel,,True,5893.545115,GE100KM,True,True,True,0,,,,,,49.8845,10.8881,10.242,53.482,10.88810000,49.88450000,10.24200000,53.48200000,SWAP,NORMAL,402.491931,GE100KM,True,True,True
APPLAUSE:135730 | APPLAUSE:42766,Bamberg,208,135730,92600,117130,1960-04-02T00:39:00+00:00,1960-04-02T01:39:00+00:00,Hamburg,102,42766,10572,13170,1960-04-02T00:43:34+00:00,1960-04-02T00:47:33+00:00,1960-04-02T00:43:34+00:00,1960-04-02T00:47:33+00:00,239.000,0.11307439,0.45285631,0.45285631,0,0,,,,,,,"Dr. Remeis-Observatory, Bamberg, Germany",Dr. Remeis-Observatory,10.8881,49.8845,1,Astrograph,,"Hamburg-Bergedorf, Germany",Hamburger Sternwarte,53.482,10.242,1,Grosser Schmidt-Spiegel,,True,5893.545115,GE100KM,True,True,True,0,,,,,,49.8845,10.8881,10.242,53.482,10.88810000,49.88450000,10.24200000,53.48200000,SWAP,NORMAL,402.491931,GE100KM,True,True,True
APPLAUSE:129754 | APPLAUSE:7870,Bamberg,208,129754,87024,111743,1938-03-21T22:56:00+00:00,1938-03-21T23:26:00+00:00,Hamburg,101,7870,4986,6138,1938-03-21T20:45:14+00:00,1938-03-21T22:59:52+00:00,1938-03-21T22:56:00+00:00,1938-03-21T22:59:52+00:00,232.000,0.93094301,0.07814896,0.93094301,0,0,,,,,,,"Dr. Remeis-Observatory, Bamberg, Germany",Dr. Remeis-Observatory,10.8881,49.8845,1,Astrograph,,"Hamburg-Bergedorf, Germany",Hamburger Sternwarte,53.482,10.242,1,Lippert-Astrograph,,True,5893.545115,GE100KM,True,True,True,0,,,,,,49.8845,10.8881,10.242,53.482,10.88810000,49.88450000,10.24200000,53.48200000,SWAP,NORMAL,402.491931,GE100KM,True,True,True
APPLAUSE:128715 | APPLAUSE:6991,Bamberg,208,128715,85987,110717,1936-06-17T23:53:00+00:00,1936-06-18T00:23:00+00:00,Hamburg,101,6991,4465,5286,1936-06-17T23:26:56+00:00,1936-06-17T23:56:51+00:00,1936-06-17T23:53:00+00:00,1936-06-17T23:56:51+00:00,231.000,1.00000000,0.06426121,1.00000000,0,0,,,,,,,"Dr. Remeis-Observatory, Bamberg, Germany",Dr. Remeis-Observatory,10.8881,49.8845,1,Astrograph,,"Hamburg-Bergedorf, Germany",Hamburger Sternwarte,53.482,10.242,1,Lippert-Astrograph,,True,5893.545115,GE100KM,True,True,True,0,,,,,,49.8845,10.8881,10.242,53.482,10.88810000,49.88450000,10.24200000,53.48200000,SWAP,NORMAL,402.491931,GE100KM,True,True,True
APPLAUSE:128718 | APPLAUSE:6991,Bamberg,208,128718,85990,110720,1936-06-17T23:53:00+00:00,1936-06-18T00:23:00+00:00,Hamburg,101,6991,4465,5286,1936-06-17T23:26:56+00:00,1936-06-17T23:56:51+00:00,1936-06-17T23:53:00+00:00,1936-06-17T23:56:51+00:00,231.000,0.69936293,0.03521790,0.69936293,0,0,,,,,,,"Dr. Remeis-Observatory, Bamberg, Germany",Dr. Remeis-Observatory,10.8881,49.8845,1,Astrograph,,"Hamburg-Bergedorf, Germany",Hamburger Sternwarte,53.482,10.242,1,Lippert-Astrograph,,True,5893.545115,GE100KM,True,True,True,0,,,,,,49.8845,10.8881,10.242,53.482,10.88810000,49.88450000,10.24200000,53.48200000,SWAP,NORMAL,402.491931,GE100KM,True,True,True
APPLAUSE:128604 | APPLAUSE:6947,Bamberg,208,128604,85876,110608,1936-04-14T22:06:00+00:00,1936-04-14T22:36:00+00:00,Hamburg,101,6947,4433,5226,1936-04-14T22:32:25+00:00,1936-04-14T23:17:17+00:00,1936-04-14T22:32:25+00:00,1936-04-14T22:36:00+00:00,215.000,0.02592550,0.32380863,0.32380863,0,0,,,,,,,"Dr. Remeis-Observatory, Bamberg, Germany",Dr. Remeis-Observatory,10.8881,49.8845,1,Astrograph,,"Hamburg-Bergedorf, Germany",Hamburger Sternwarte,53.482,10.242,1,Lippert-Astrograph,,True,5893.545115,GE100KM,True,True,True,0,,,,,,49.8845,10.8881,10.242,53.482,10.88810000,49.88450000,10.24200000,53.48200000,SWAP,NORMAL,402.491931,GE100KM,True,True,True
APPLAUSE:122034 | APPLAUSE:86434,Bamberg,208,122034,79328,104389,1930-11-14T19:55:00+00:00,1930-11-14T20:25:00+00:00,Bonn,105,86434,58330,62929,1930-11-14T20:12:55+00:00,1930-11-14T20:16:25+00:00,1930-11-14T20:12:55+00:00,1930-11-14T20:16:25+00:00,210.000,0.01519240,0.51816288,0.51816288,0,0,,,,,,,"Dr. Remeis-Observatory, Bamberg, Germany",Dr. Remeis-Observatory,10.8881,49.8845,1,Astrograph,,"Bonn, Germany",Bonner Sternwarte,50.163,7.068,2,AG-Astrograph,,True,5855.954289,GE100KM,True,True,True,0,,,,,,49.8845,10.8881,7.068,50.163,10.88810000,49.88450000,7.06800000,50.16300000,SWAP,NORMAL,274.626555,GE100KM,True,True,True
APPLAUSE:123115 | APPLAUSE:86558,Bamberg,208,123115,80409,105344,1931-10-07T22:50:00+00:00,1931-10-07T23:20:00+00:00,Bonn,105,86558,58392,63052,1931-10-07T23:02:44+00:00,1931-10-07T23:06:14+00:00,1931-10-07T23:02:44+00:00,1931-10-07T23:06:14+00:00,210.000,0.00332113,0.10955340,0.10955340,0,0,,,,,,,"Dr. Remeis-Observatory, Bamberg, Germany",Dr. Remeis-Observatory,10.8881,49.8845,1,Astrograph,,"Bonn, Germany",Bonner Sternwarte,50.163,7.068,2,AG-Astrograph,,True,5855.954289,GE100KM,True,True,True,0,,,,,,49.8845,10.8881,7.068,50.163,10.88810000,49.88450000,7.06800000,50.16300000,SWAP,NORMAL,274.626555,GE100KM,True,True,True
APPLAUSE:121880 | APPLAUSE:86390,Bamberg,208,121880,79196,104284,1930-06-18T21:57:00+00:00,1930-06-18T22:27:00+00:00,Bonn,105,86390,58308,62885,1930-06-18T22:06:34+00:00,1930-06-18T22:10:03+00:00,1930-06-18T22:06:34+00:00,1930-06-18T22:10:03+00:00,209.000,0.09681239,0.40635161,0.40635161,0,0,,,,,,,"Dr. Remeis-Observatory, Bamberg, Germany",Dr. Remeis-Observatory,10.8881,49.8845,1,Astrograph,,"Bonn, Germany",Bonner Sternwarte,50.163,7.068,2,AG-Astrograph,,True,5855.954289,GE100KM,True,True,True,0,,,,,,49.8845,10.8881,7.068,50.163,10.88810000,49.88450000,7.06800000,50.16300000,SWAP,NORMAL,274.626555,GE100KM,True,True,True
APPLAUSE:124091 | APPLAUSE:86606,Bamberg,208,124091,81385,106285,1932-05-05T23:54:00+00:00,1932-05-06T00:24:00+00:00,Bonn,105,86606,58415,63099,1932-05-06T00:11:10+00:00,1932-05-06T00:14:39+00:00,1932-05-06T00:11:10+00:00,1932-05-06T00:14:39+00:00,209.000,0.02152967,0.72018129,0.72018129,0,0,,,,,,,"Dr. Remeis-Observatory, Bamberg, Germany",Dr. Remeis-Observatory,10.8881,49.8845,1,Astrograph,,"Bonn, Germany",Bonner Sternwarte,50.163,7.068,2,AG-Astrograph,,True,5855.954289,GE100KM,True,True,True,0,,,,,,49.8845,10.8881,7.068,50.163,10.88810000,49.88450000,7.06800000,50.16300000,SWAP,NORMAL,274.626555,GE100KM,True,True,True
APPLAUSE:86396 | APPLAUSE:3708,Bonn,105,86396,58311,62891,1930-06-18T23:10:54+00:00,1930-06-18T23:14:23+00:00,Hamburg,101,3708,2868,3359,1930-06-18T22:53:45+00:00,1930-06-19T00:08:32+00:00,1930-06-18T23:10:54+00:00,1930-06-18T23:14:23+00:00,209.000,0.08094426,0.27404373,0.27404373,0,0,,,,,,,"Bonn, Germany",Bonner Sternwarte,50.163,7.068,2,AG-Astrograph,,"Hamburg-Bergedorf, Germany",Hamburger Sternwarte,53.482,10.242,1,Lippert-Astrograph,,True,428.609118,GE100KM,True,True,True,0,,,,,,7.068,50.163,10.242,53.482,7.06800000,50.16300000,10.24200000,53.48200000,NORMAL,NORMAL,428.609118,GE100KM,True,True,True
APPLAUSE:86496 | APPLAUSE:3983,Bonn,105,86496,58360,62989,1931-03-17T23:56:23+00:00,1931-03-17T23:59:52+00:00,Hamburg,101,3983,3053,3605,1931-03-17T21:48:02+00:00,1931-03-18T00:27:36+00:00,1931-03-17T23:56:23+00:00,1931-03-17T23:59:52+00:00,209.000,0.17954173,0.61489111,0.61489111,0,0,,,,,,,"Bonn, Germany",Bonner Sternwarte,50.163,7.068,2,AG-Astrograph,,"Hamburg-Bergedorf, Germany",Hamburger Sternwarte,53.482,10.242,1,Lippert-Astrograph,,True,428.609118,GE100KM,True,True,True,0,,,,,,7.068,50.163,10.242,53.482,7.06800000,50.16300000,10.24200000,53.48200000,NORMAL,NORMAL,428.609118,GE100KM,True,True,True
APPLAUSE:85985 | APPLAUSE:3308,Bonn,105,85985,58106,62481,1929-09-25T22:34:43+00:00,1929-09-25T22:50:40+00:00,Hamburg,101,3308,2475,2833,1929-09-25T20:49:28+00:00,1929-09-25T22:38:11+00:00,1929-09-25T22:34:43+00:00,1929-09-25T22:38:11+00:00,208.000,0.01336308,0.03539629,0.03539629,0,0,,,,,,,"Bonn, Germany",Bonner Sternwarte,50.163,7.068,2,AG-Astrograph,,"Hamburg-Bergedorf, Germany",Hamburger Sternwarte,53.482,10.242,1,Lippert-Astrograph,,True,428.609118,GE100KM,True,True,True,0,,,,,,7.068,50.163,10.242,53.482,7.06800000,50.16300000,10.24200000,53.48200000,NORMAL,NORMAL,428.609118,GE100KM,True,True,True
APPLAUSE:132893 | APPLAUSE:90890,Bamberg,208,132893,89767,114301,1957-11-01T22:14:00+00:00,1957-11-01T22:45:00+00:00,Hamburg,106,90890,60701,67365,1957-11-01T21:52:29+00:00,1957-11-01T22:17:25+00:00,1957-11-01T22:14:00+00:00,1957-11-01T22:17:25+00:00,205.000,0.28467368,0.06359555,0.28467368,0,0,,,,,,,"Dr. Remeis-Observatory, Bamberg, Germany",Dr. Remeis-Observatory,10.8881,49.8845,1,Astrograph,,"Hamburg-Bergedorf, Germany",Hamburger Sternwarte,53.482,10.242,1,AG-Astrograph,,True,5893.545115,GE100KM,True,True,True,0,,,,,,49.8845,10.8881,10.242,53.482,10.88810000,49.88450000,10.24200000,53.48200000,SWAP,NORMAL,402.491931,GE100KM,True,True,True
APPLAUSE:130578 | APPLAUSE:8286,Bamberg,208,130578,87792,112476,1939-03-15T19:20:00+00:00,1939-03-15T19:50:00+00:00,Hamburg,101,8286,5229,6451,1939-03-15T19:18:25+00:00,1939-03-15T19:23:24+00:00,1939-03-15T19:20:00+00:00,1939-03-15T19:23:24+00:00,204.000,0.62368266,0.01707872,0.62368266,0,0,,,,,,,"Dr. Remeis-Observatory, Bamberg, Germany",Dr. Remeis-Observatory,10.8881,49.8845,1,Astrograph,,"Hamburg-Bergedorf, Germany",Hamburger Sternwarte,53.482,10.242,2,Lippert-Astrograph,,True,5893.545115,GE100KM,True,True,True,0,,,,,,49.8845,10.8881,10.242,53.482,10.88810000,49.88450000,10.24200000,53.48200000,SWAP,NORMAL,402.491931,GE100KM,True,True,True
APPLAUSE:135724 | APPLAUSE:42765,Bamberg,208,135724,92594,117124,1960-04-01T23:32:00+00:00,1960-04-02T00:32:00+00:00,Hamburg,102,42765,10571,13169,1960-04-02T00:28:36+00:00,1960-04-02T00:32:36+00:00,1960-04-02T00:28:36+00:00,1960-04-02T00:32:00+00:00,204.000,0.03158545,0.19324636,0.19324636,0,0,,,,,,,"Dr. Remeis-Observatory, Bamberg, Germany",Dr. Remeis-Observatory,10.8881,49.8845,1,Astrograph,,"Hamburg-Bergedorf, Germany",Hamburger Sternwarte,53.482,10.242,1,Grosser Schmidt-Spiegel,,True,5893.545115,GE100KM,True,True,True,0,,,,,,49.8845,10.8881,10.242,53.482,10.88810000,49.88450000,10.24200000,53.48200000,SWAP,NORMAL,402.491931,GE100KM,True,True,True
APPLAUSE:135725 | APPLAUSE:42765,Bamberg,208,135725,92595,117125,1960-04-01T23:32:00+00:00,1960-04-02T00:32:00+00:00,Hamburg,102,42765,10571,13169,1960-04-02T00:28:36+00:00,1960-04-02T00:32:36+00:00,1960-04-02T00:28:36+00:00,1960-04-02T00:32:00+00:00,204.000,0.10015507,0.40141608,0.40141608,0,0,,,,,,,"Dr. Remeis-Observatory, Bamberg, Germany",Dr. Remeis-Observatory,10.8881,49.8845,1,Astrograph,,"Hamburg-Bergedorf, Germany",Hamburger Sternwarte,53.482,10.242,1,Grosser Schmidt-Spiegel,,True,5893.545115,GE100KM,True,True,True,0,,,,,,49.8845,10.8881,10.242,53.482,10.88810000,49.88450000,10.24200000,53.48200000,SWAP,NORMAL,402.491931,GE100KM,True,True,True
APPLAUSE:133395 | APPLAUSE:91479,Bamberg,208,133395,90265,114798,1959-01-29T17:26:00+00:00,1959-01-29T18:26:00+00:00,Hamburg,106,91479,61290,68543,1959-01-29T18:22:51+00:00,1959-01-29T18:28:51+00:00,1959-01-29T18:22:51+00:00,1959-01-29T18:26:00+00:00,189.000,0.02005192,1.00000000,1.00000000,0,1,,,,,5.000000,A_LE30MIN,"Dr. Remeis-Observatory, Bamberg, Germany",Dr. Remeis-Observatory,10.8881,49.8845,1,Astrograph,,"Hamburg-Bergedorf, Germany",Hamburger Sternwarte,53.482,10.242,1,AG-Astrograph,,True,5893.545115,GE100KM,True,True,True,0,,,,,,49.8845,10.8881,10.242,53.482,10.88810000,49.88450000,10.24200000,53.48200000,SWAP,NORMAL,402.491931,GE100KM,True,True,True
APPLAUSE:130191 | APPLAUSE:8127,Bamberg,208,130191,87455,112155,1938-09-24T21:57:00+00:00,1938-09-24T22:25:00+00:00,Hamburg,101,8127,5082,6238,1938-09-24T22:21:57+00:00,1938-09-24T23:21:48+00:00,1938-09-24T22:21:57+00:00,1938-09-24T22:25:00+00:00,183.000,0.00515992,0.06429670,0.06429670,0,0,,,,,,,"Dr. Remeis-Observatory, Bamberg, Germany",Dr. Remeis-Observatory,10.8881,49.8845,1,Astrograph,,"Hamburg-Bergedorf, Germany",Hamburger Sternwarte,53.482,10.242,1,Lippert-Astrograph,,True,5893.545115,GE100KM,True,True,True,0,,,,,,49.8845,10.8881,10.242,53.482,10.88810000,49.88450000,10.24200000,53.48200000,SWAP,NORMAL,402.491931,GE100KM,True,True,True
APPLAUSE:121870 | APPLAUSE:89576,Bamberg,208,121870,79186,104276,1930-06-18T23:44:00+00:00,1930-06-19T00:14:00+00:00,Hamburg,106,89576,59743,65592,1930-06-18T23:51:35+00:00,1930-06-18T23:54:35+00:00,1930-06-18T23:51:35+00:00,1930-06-18T23:54:35+00:00,180.000,0.01814632,0.53224306,0.53224306,0,0,,,,,,,"Dr. Remeis-Observatory, Bamberg, Germany",Dr. Remeis-Observatory,10.8881,49.8845,1,Astrograph,,"Hamburg-Bergedorf, Germany",Hamburger Sternwarte,53.482,10.242,2,AG-Astrograph,,True,5893.545115,GE100KM,True,True,True,0,,,,,,49.8845,10.8881,10.242,53.482,10.88810000,49.88450000,10.24200000,53.48200000,SWAP,NORMAL,402.491931,GE100KM,True,True,True
APPLAUSE:129411 | APPLAUSE:7640,Bamberg,208,129411,86681,111400,1937-10-27T18:10:00+00:00,1937-10-27T18:40:00+00:00,Hamburg,101,7640,4830,5899,1937-10-27T18:37:00+00:00,1937-10-27T19:06:55+00:00,1937-10-27T18:37:00+00:00,1937-10-27T18:40:00+00:00,180.000,0.05993066,0.91819915,0.91819915,0,0,,,,,,,"Dr. Remeis-Observatory, Bamberg, Germany",Dr. Remeis-Observatory,10.8881,49.8845,1,Astrograph,,"Hamburg-Bergedorf, Germany",Hamburger Sternwarte,53.482,10.242,1,Lippert-Astrograph,,True,5893.545115,GE100KM,True,True,True,0,,,,,,49.8845,10.8881,10.242,53.482,10.88810000,49.88450000,10.24200000,53.48200000,SWAP,NORMAL,402.491931,GE100KM,True,True,True
APPLAUSE:133890 | APPLAUSE:41975,Bamberg,208,133890,90760,115291,1959-03-09T21:57:00+00:00,1959-03-09T22:57:00+00:00,Hamburg,102,41975,10175,12699,1959-03-09T22:04:40+00:00,1959-03-09T22:07:40+00:00,1959-03-09T22:04:40+00:00,1959-03-09T22:07:40+00:00,180.000,0.01485575,1.00000000,1.00000000,0,0,,,,,,,"Dr. Remeis-Observatory, Bamberg, Germany",Dr. Remeis-Observatory,10.8881,49.8845,1,Astrograph,,"Hamburg-Bergedorf, Germany",Hamburger Sternwarte,53.482,10.242,1,Grosser Schmidt-Spiegel,,True,5893.545115,GE100KM,True,True,True,0,,,,,,49.8845,10.8881,10.242,53.482,10.88810000,49.88450000,10.24200000,53.48200000,SWAP,NORMAL,402.491931,GE100KM,True,True,True
APPLAUSE:133890 | APPLAUSE:41976,Bamberg,208,133890,90760,115291,1959-03-09T21:57:00+00:00,1959-03-09T22:57:00+00:00,Hamburg,102,41976,10176,12701,1959-03-09T22:45:33+00:00,1959-03-09T22:48:33+00:00,1959-03-09T22:45:33+00:00,1959-03-09T22:48:33+00:00,180.000,0.01472487,1.00000000,1.00000000,0,0,,,,,,,"Dr. Remeis-Observatory, Bamberg, Germany",Dr. Remeis-Observatory,10.8881,49.8845,1,Astrograph,,"Hamburg-Bergedorf, Germany",Hamburger Sternwarte,53.482,10.242,1,Grosser Schmidt-Spiegel,,True,5893.545115,GE100KM,True,True,True,0,,,,,,49.8845,10.8881,10.242,53.482,10.88810000,49.88450000,10.24200000,53.48200000,SWAP,NORMAL,402.491931,GE100KM,True,True,True
APPLAUSE:133893 | APPLAUSE:41978,Bamberg,208,133893,90763,115294,1959-03-09T23:03:00+00:00,1959-03-10T00:03:00+00:00,Hamburg,102,41978,10178,12704,1959-03-09T23:17:58+00:00,1959-03-09T23:20:58+00:00,1959-03-09T23:17:58+00:00,1959-03-09T23:20:58+00:00,180.000,0.01650692,0.58671784,0.58671784,0,0,,,,,,,"Dr. Remeis-Observatory, Bamberg, Germany",Dr. Remeis-Observatory,10.8881,49.8845,1,Astrograph,,"Hamburg-Bergedorf, Germany",Hamburger Sternwarte,53.482,10.242,1,Grosser Schmidt-Spiegel,,True,5893.545115,GE100KM,True,True,True,0,,,,,,49.8845,10.8881,10.242,53.482,10.88810000,49.88450000,10.24200000,53.48200000,SWAP,NORMAL,402.491931,GE100KM,True,True,True
APPLAUSE:134492 | APPLAUSE:42264,Bamberg,208,134492,91362,115893,1959-09-01T21:55:00+00:00,1959-09-01T22:55:00+00:00,Hamburg,102,42264,10320,12862,1959-09-01T22:25:43+00:00,1959-09-01T22:28:43+00:00,1959-09-01T22:25:43+00:00,1959-09-01T22:28:43+00:00,180.000,0.02789281,1.00000000,1.00000000,0,0,,,,,,,"Dr. Remeis-Observatory, Bamberg, Germany",Dr. Remeis-Observatory,10.8881,49.8845,1,Astrograph,,"Hamburg-Bergedorf, Germany",Hamburger Sternwarte,53.482,10.242,1,Grosser Schmidt-Spiegel,,True,5893.545115,GE100KM,True,True,True,0,,,,,,49.8845,10.8881,10.242,53.482,10.88810000,49.88450000,10.24200000,53.48200000,SWAP,NORMAL,402.491931,GE100KM,True,True,True
APPLAUSE:134492 | APPLAUSE:42265,Bamberg,208,134492,91362,115893,1959-09-01T21:55:00+00:00,1959-09-01T22:55:00+00:00,Hamburg,102,42265,10321,12865,1959-09-01T22:37:26+00:00,1959-09-01T22:40:26+00:00,1959-09-01T22:37:26+00:00,1959-09-01T22:40:26+00:00,180.000,0.02796541,1.00000000,1.00000000,0,0,,,,,,,"Dr. Remeis-Observatory, Bamberg, Germany",Dr. Remeis-Observatory,10.8881,49.8845,1,Astrograph,,"Hamburg-Bergedorf, Germany",Hamburger Sternwarte,53.482,10.242,1,Grosser Schmidt-Spiegel,,True,5893.545115,GE100KM,True,True,True,0,,,,,,49.8845,10.8881,10.242,53.482,10.88810000,49.88450000,10.24200000,53.48200000,SWAP,NORMAL,402.491931,GE100KM,True,True,True
APPLAUSE:134635 | APPLAUSE:42383,Bamberg,208,134635,91505,116036,1959-09-07T02:03:00+00:00,1959-09-07T03:03:00+00:00,Hamburg,102,42383,10377,12881,1959-09-07T02:32:34+00:00,1959-09-07T02:35:34+00:00,1959-09-07T02:32:34+00:00,1959-09-07T02:35:34+00:00,180.000,0.02774004,1.00000000,1.00000000,0,0,,,,,,,"Dr. Remeis-Observatory, Bamberg, Germany",Dr. Remeis-Observatory,10.8881,49.8845,1,Astrograph,,"Hamburg-Bergedorf, Germany",Hamburger Sternwarte,53.482,10.242,1,Grosser Schmidt-Spiegel,,True,5893.545115,GE100KM,True,True,True,0,,,,,,49.8845,10.8881,10.242,53.482,10.88810000,49.88450000,10.24200000,53.48200000,SWAP,NORMAL,402.491931,GE100KM,True,True,True
APPLAUSE:134635 | APPLAUSE:42384,Bamberg,208,134635,91505,116036,1959-09-07T02:03:00+00:00,1959-09-07T03:03:00+00:00,Hamburg,102,42384,10378,12884,1959-09-07T02:44:47+00:00,1959-09-07T02:47:47+00:00,1959-09-07T02:44:47+00:00,1959-09-07T02:47:47+00:00,180.000,0.02788357,1.00000000,1.00000000,0,0,,,,,,,"Dr. Remeis-Observatory, Bamberg, Germany",Dr. Remeis-Observatory,10.8881,49.8845,1,Astrograph,,"Hamburg-Bergedorf, Germany",Hamburger Sternwarte,53.482,10.242,1,Grosser Schmidt-Spiegel,,True,5893.545115,GE100KM,True,True,True,0,,,,,,49.8845,10.8881,10.242,53.482,10.88810000,49.88450000,10.24200000,53.48200000,SWAP,NORMAL,402.491931,GE100KM,True,True,True
APPLAUSE:134691 | APPLAUSE:42411,Bamberg,208,134691,91561,116092,1959-09-09T02:06:00+00:00,1959-09-09T03:06:00+00:00,Hamburg,102,42411,10393,12908,1959-09-09T02:21:28+00:00,1959-09-09T02:24:28+00:00,1959-09-09T02:21:28+00:00,1959-09-09T02:24:28+00:00,180.000,0.02819742,1.00000000,1.00000000,0,0,,,,,,,"Dr. Remeis-Observatory, Bamberg, Germany",Dr. Remeis-Observatory,10.8881,49.8845,1,Astrograph,,"Hamburg-Bergedorf, Germany",Hamburger Sternwarte,53.482,10.242,1,Grosser Schmidt-Spiegel,,True,5893.545115,GE100KM,True,True,True,0,,,,,,49.8845,10.8881,10.242,53.482,10.88810000,49.88450000,10.24200000,53.48200000,SWAP,NORMAL,402.491931,GE100KM,True,True,True
APPLAUSE:134692 | APPLAUSE:42410,Bamberg,208,134692,91562,116093,1959-09-09T02:06:00+00:00,1959-09-09T03:06:00+00:00,Hamburg,102,42410,10392,12906,1959-09-09T02:09:00+00:00,1959-09-09T02:12:00+00:00,1959-09-09T02:09:00+00:00,1959-09-09T02:12:00+00:00,180.000,0.00522745,0.36575259,0.36575259,0,1,,,,,5.000000,A_LE30MIN,"Dr. Remeis-Observatory, Bamberg, Germany",Dr. Remeis-Observatory,10.8881,49.8845,1,Astrograph,,"Hamburg-Bergedorf, Germany",Hamburger Sternwarte,53.482,10.242,1,Grosser Schmidt-Spiegel,,True,5893.545115,GE100KM,True,True,True,0,,,,,,49.8845,10.8881,10.242,53.482,10.88810000,49.88450000,10.24200000,53.48200000,SWAP,NORMAL,402.491931,GE100KM,True,True,True
APPLAUSE:134692 | APPLAUSE:42411,Bamberg,208,134692,91562,116093,1959-09-09T02:06:00+00:00,1959-09-09T03:06:00+00:00,Hamburg,102,42411,10393,12908,1959-09-09T02:21:28+00:00,1959-09-09T02:24:28+00:00,1959-09-09T02:21:28+00:00,1959-09-09T02:24:28+00:00,180.000,0.00455805,0.32016120,0.32016120,0,0,,,,,,,"Dr. Remeis-Observatory, Bamberg, Germany",Dr. Remeis-Observatory,10.8881,49.8845,1,Astrograph,,"Hamburg-Bergedorf, Germany",Hamburger Sternwarte,53.482,10.242,1,Grosser Schmidt-Spiegel,,True,5893.545115,GE100KM,True,True,True,0,,,,,,49.8845,10.8881,10.242,53.482,10.88810000,49.88450000,10.24200000,53.48200000,SWAP,NORMAL,402.491931,GE100KM,True,True,True
APPLAUSE:134831 | APPLAUSE:42472,Bamberg,208,134831,91701,116232,1959-09-27T20:52:00+00:00,1959-09-27T21:52:00+00:00,Hamburg,102,42472,10413,12915,1959-09-27T20:55:57+00:00,1959-09-27T20:58:57+00:00,1959-09-27T20:55:57+00:00,1959-09-27T20:58:57+00:00,180.000,0.02812172,1.00000000,1.00000000,0,0,,,,,,,"Dr. Remeis-Observatory, Bamberg, Germany",Dr. Remeis-Observatory,10.8881,49.8845,1,Astrograph,,"Hamburg-Bergedorf, Germany",Hamburger Sternwarte,53.482,10.242,1,Grosser Schmidt-Spiegel,,True,5893.545115,GE100KM,True,True,True,0,,,,,,49.8845,10.8881,10.242,53.482,10.88810000,49.88450000,10.24200000,53.48200000,SWAP,NORMAL,402.491931,GE100KM,True,True,True
APPLAUSE:135057 | APPLAUSE:42542,Bamberg,208,135057,91927,116458,1959-10-04T21:00:00+00:00,1959-10-04T22:00:00+00:00,Hamburg,102,42542,10450,12961,1959-10-04T21:51:12+00:00,1959-10-04T21:54:12+00:00,1959-10-04T21:51:12+00:00,1959-10-04T21:54:12+00:00,180.000,0.08119909,0.32455080,0.32455080,0,0,,,,,,,"Dr. Remeis-Observatory, Bamberg, Germany",Dr. Remeis-Observatory,10.8881,49.8845,1,Astrograph,,"Hamburg-Bergedorf, Germany",Hamburger Sternwarte,53.482,10.242,1,Grosser Schmidt-Spiegel,,True,5893.545115,GE100KM,True,True,True,0,,,,,,49.8845,10.8881,10.242,53.482,10.88810000,49.88450000,10.24200000,53.48200000,SWAP,NORMAL,402.491931,GE100KM,True,True,True
APPLAUSE:135061 | APPLAUSE:42543,Bamberg,208,135061,91931,116462,1959-10-04T22:05:00+00:00,1959-10-04T23:05:00+00:00,Hamburg,102,42543,10451,12964,1959-10-04T22:08:39+00:00,1959-10-04T22:11:39+00:00,1959-10-04T22:08:39+00:00,1959-10-04T22:11:39+00:00,180.000,0.03197421,0.12598281,0.12598281,0,0,,,,,,,"Dr. Remeis-Observatory, Bamberg, Germany",Dr. Remeis-Observatory,10.8881,49.8845,1,Astrograph,,"Hamburg-Bergedorf, Germany",Hamburger Sternwarte,53.482,10.242,1,Grosser Schmidt-Spiegel,,True,5893.545115,GE100KM,True,True,True,0,,,,,,49.8845,10.8881,10.242,53.482,10.88810000,49.88450000,10.24200000,53.48200000,SWAP,NORMAL,402.491931,GE100KM,True,True,True
APPLAUSE:86068 | APPLAUSE:3400,Bonn,105,86068,58147,62563,1929-11-09T22:51:45+00:00,1929-11-09T22:54:45+00:00,Hamburg,101,3400,2562,2941,1929-11-09T21:06:51+00:00,1929-11-10T00:36:16+00:00,1929-11-09T22:51:45+00:00,1929-11-09T22:54:45+00:00,180.000,0.03252839,0.10789560,0.10789560,0,0,,,,,,,"Bonn, Germany",Bonner Sternwarte,50.163,7.068,2,AG-Astrograph,,"Hamburg-Bergedorf, Germany",Hamburger Sternwarte,53.482,10.242,1,Lippert-Astrograph,,True,428.609118,GE100KM,True,True,True,0,,,,,,7.068,50.163,10.242,53.482,7.06800000,50.16300000,10.24200000,53.48200000,NORMAL,NORMAL,428.609118,GE100KM,True,True,True
APPLAUSE:121180 | APPLAUSE:87211,Bamberg,208,121180,78499,104038,1929-08-26T20:36:00+00:00,1929-08-26T21:02:00+00:00,Hamburg,106,87211,58591,63344,1929-08-26T20:44:06+00:00,1929-08-26T20:47:05+00:00,1929-08-26T20:44:06+00:00,1929-08-26T20:47:05+00:00,179.000,0.00010854,0.00304687,0.00304687,0,0,,,,,,,"Dr. Remeis-Observatory, Bamberg, Germany",Dr. Remeis-Observatory,10.8881,49.8845,1,Astrograph,,"Hamburg-Bergedorf, Germany",Hamburger Sternwarte,53.482,10.242,2,AG-Astrograph,,True,5893.545115,GE100KM,True,True,True,0,,,,,,49.8845,10.8881,10.242,53.482,10.88810000,49.88450000,10.24200000,53.48200000,SWAP,NORMAL,402.491931,GE100KM,True,True,True
APPLAUSE:121492 | APPLAUSE:87424,Bamberg,208,121492,78809,104057,1929-09-07T20:16:00+00:00,1929-09-07T20:46:00+00:00,Hamburg,106,87424,58697,63556,1929-09-07T20:40:36+00:00,1929-09-07T20:43:35+00:00,1929-09-07T20:40:36+00:00,1929-09-07T20:43:35+00:00,179.000,0.00636036,0.18577246,0.18577246,0,0,,,,,,,"Dr. Remeis-Observatory, Bamberg, Germany",Dr. Remeis-Observatory,10.8881,49.8845,1,Astrograph,,"Hamburg-Bergedorf, Germany",Hamburger Sternwarte,53.482,10.242,2,AG-Astrograph,,True,5893.545115,GE100KM,True,True,True,0,,,,,,49.8845,10.8881,10.242,53.482,10.88810000,49.88450000,10.24200000,53.48200000,SWAP,NORMAL,402.491931,GE100KM,True,True,True
APPLAUSE:121749 | APPLAUSE:86312,Bamberg,208,121749,79065,104177,1930-03-29T20:50:00+00:00,1930-03-29T21:20:00+00:00,Bonn,105,86312,58269,62807,1930-03-29T21:11:04+00:00,1930-03-29T21:14:03+00:00,1930-03-29T21:11:04+00:00,1930-03-29T21:14:03+00:00,179.000,0.02457521,0.82032994,0.82032994,0,0,,,,,,,"Dr. Remeis-Observatory, Bamberg, Germany",Dr. Remeis-Observatory,10.8881,49.8845,1,Astrograph,,"Bonn, Germany",Bonner Sternwarte,50.163,7.068,2,AG-Astrograph,,True,5855.954289,GE100KM,True,True,True,0,,,,,,49.8845,10.8881,7.068,50.163,10.88810000,49.88450000,7.06800000,50.16300000,SWAP,NORMAL,274.626555,GE100KM,True,True,True
APPLAUSE:132701 | APPLAUSE:115243,Bamberg,208,132701,89627,114162,1954-11-01T21:19:00+00:00,1954-11-01T22:19:00+00:00,Hamburg,111,115243,66410,74152,1954-11-01T21:51:29+00:00,1954-11-01T21:54:28+00:00,1954-11-01T21:51:29+00:00,1954-11-01T21:54:28+00:00,179.000,0.15080629,0.29706639,0.29706639,0,0,,,,,,,"Dr. Remeis-Observatory, Bamberg, Germany",Dr. Remeis-Observatory,10.8881,49.8845,1,Astrograph,,"Hamburg-Bergedorf, Germany",Hamburger Sternwarte,53.482,10.242,3,Original Schmidt-Spiegel,,True,5893.545115,GE100KM,True,True,True,0,,,,,,49.8845,10.8881,10.242,53.482,10.88810000,49.88450000,10.24200000,53.48200000,SWAP,NORMAL,402.491931,GE100KM,True,True,True
APPLAUSE:134619 | APPLAUSE:42374,Bamberg,208,134619,91489,116020,1959-09-06T21:41:00+00:00,1959-09-06T22:41:00+00:00,Hamburg,102,42374,10371,12870,1959-09-06T22:15:02+00:00,1959-09-06T22:18:01+00:00,1959-09-06T22:15:02+00:00,1959-09-06T22:18:01+00:00,179.000,0.02820158,1.00000000,1.00000000,0,0,,,,,,,"Dr. Remeis-Observatory, Bamberg, Germany",Dr. Remeis-Observatory,10.8881,49.8845,1,Astrograph,,"Hamburg-Bergedorf, Germany",Hamburger Sternwarte,53.482,10.242,1,Grosser Schmidt-Spiegel,,True,5893.545115,GE100KM,True,True,True,0,,,,,,49.8845,10.8881,10.242,53.482,10.88810000,49.88450000,10.24200000,53.48200000,SWAP,NORMAL,402.491931,GE100KM,True,True,True
APPLAUSE:134620 | APPLAUSE:42373,Bamberg,208,134620,91490,116021,1959-09-06T21:41:00+00:00,1959-09-06T22:41:00+00:00,Hamburg,102,42373,10370,12868,1959-09-06T21:44:07+00:00,1959-09-06T21:47:06+00:00,1959-09-06T21:44:07+00:00,1959-09-06T21:47:06+00:00,179.000,0.00569562,0.39683149,0.39683149,0,1,,,,,5.000000,A_LE30MIN,"Dr. Remeis-Observatory, Bamberg, Germany",Dr. Remeis-Observatory,10.8881,49.8845,1,Astrograph,,"Hamburg-Bergedorf, Germany",Hamburger Sternwarte,53.482,10.242,1,Grosser Schmidt-Spiegel,,True,5893.545115,GE100KM,True,True,True,0,,,,,,49.8845,10.8881,10.242,53.482,10.88810000,49.88450000,10.24200000,53.48200000,SWAP,NORMAL,402.491931,GE100KM,True,True,True
APPLAUSE:134620 | APPLAUSE:42374,Bamberg,208,134620,91490,116021,1959-09-06T21:41:00+00:00,1959-09-06T22:41:00+00:00,Hamburg,102,42374,10371,12870,1959-09-06T22:15:02+00:00,1959-09-06T22:18:01+00:00,1959-09-06T22:15:02+00:00,1959-09-06T22:18:01+00:00,179.000,0.00508135,0.35505713,0.35505713,0,1,,,,,5.000000,A_LE30MIN,"Dr. Remeis-Observatory, Bamberg, Germany",Dr. Remeis-Observatory,10.8881,49.8845,1,Astrograph,,"Hamburg-Bergedorf, Germany",Hamburger Sternwarte,53.482,10.242,1,Grosser Schmidt-Spiegel,,True,5893.545115,GE100KM,True,True,True,0,,,,,,49.8845,10.8881,10.242,53.482,10.88810000,49.88450000,10.24200000,53.48200000,SWAP,NORMAL,402.491931,GE100KM,True,True,True
APPLAUSE:134635 | APPLAUSE:42382,Bamberg,208,134635,91505,116036,1959-09-07T02:03:00+00:00,1959-09-07T03:03:00+00:00,Hamburg,102,42382,10376,12879,1959-09-07T02:18:52+00:00,1959-09-07T02:21:51+00:00,1959-09-07T02:18:52+00:00,1959-09-07T02:21:51+00:00,179.000,0.01716541,0.62103944,0.62103944,0,0,,,,,,,"Dr. Remeis-Observatory, Bamberg, Germany",Dr. Remeis-Observatory,10.8881,49.8845,1,Astrograph,,"Hamburg-Bergedorf, Germany",Hamburger Sternwarte,53.482,10.242,1,Grosser Schmidt-Spiegel,,True,5893.545115,GE100KM,True,True,True,0,,,,,,49.8845,10.8881,10.242,53.482,10.88810000,49.88450000,10.24200000,53.48200000,SWAP,NORMAL,402.491931,GE100KM,True,True,True
APPLAUSE:134680 | APPLAUSE:42403,Bamberg,208,134680,91550,116081,1959-09-08T22:50:00+00:00,1959-09-08T23:50:00+00:00,Hamburg,102,42403,10385,12892,1959-09-08T22:51:33+00:00,1959-09-08T22:54:32+00:00,1959-09-08T22:51:33+00:00,1959-09-08T22:54:32+00:00,179.000,0.00602471,0.42365451,0.42365451,0,1,,,,,5.000000,A_LE30MIN,"Dr. Remeis-Observatory, Bamberg, Germany",Dr. Remeis-Observatory,10.8881,49.8845,1,Astrograph,,"Hamburg-Bergedorf, Germany",Hamburger Sternwarte,53.482,10.242,1,Grosser Schmidt-Spiegel,,True,5893.545115,GE100KM,True,True,True,0,,,,,,49.8845,10.8881,10.242,53.482,10.88810000,49.88450000,10.24200000,53.48200000,SWAP,NORMAL,402.491931,GE100KM,True,True,True
APPLAUSE:134831 | APPLAUSE:42473,Bamberg,208,134831,91701,116232,1959-09-27T20:52:00+00:00,1959-09-27T21:52:00+00:00,Hamburg,102,42473,10414,12918,1959-09-27T21:16:54+00:00,1959-09-27T21:19:53+00:00,1959-09-27T21:16:54+00:00,1959-09-27T21:19:53+00:00,179.000,0.02807625,1.00000000,1.00000000,0,0,,,,,,,"Dr. Remeis-Observatory, Bamberg, Germany",Dr. Remeis-Observatory,10.8881,49.8845,1,Astrograph,,"Hamburg-Bergedorf, Germany",Hamburger Sternwarte,53.482,10.242,1,Grosser Schmidt-Spiegel,,True,5893.545115,GE100KM,True,True,True,0,,,,,,49.8845,10.8881,10.242,53.482,10.88810000,49.88450000,10.24200000,53.48200000,SWAP,NORMAL,402.491931,GE100KM,True,True,True
APPLAUSE:134979 | APPLAUSE:42527,Bamberg,208,134979,91849,116380,1959-10-02T00:55:00+00:00,1959-10-02T01:55:00+00:00,Hamburg,102,42527,10443,12948,1959-10-02T01:35:25+00:00,1959-10-02T01:38:24+00:00,1959-10-02T01:35:25+00:00,1959-10-02T01:38:24+00:00,179.000,0.02010697,0.72381495,0.72381495,0,0,,,,,,,"Dr. Remeis-Observatory, Bamberg, Germany",Dr. Remeis-Observatory,10.8881,49.8845,1,Astrograph,,"Hamburg-Bergedorf, Germany",Hamburger Sternwarte,53.482,10.242,1,Grosser Schmidt-Spiegel,,True,5893.545115,GE100KM,True,True,True,0,,,,,,49.8845,10.8881,10.242,53.482,10.88810000,49.88450000,10.24200000,53.48200000,SWAP,NORMAL,402.491931,GE100KM,True,True,True
APPLAUSE:134979 | APPLAUSE:42528,Bamberg,208,134979,91849,116380,1959-10-02T00:55:00+00:00,1959-10-02T01:55:00+00:00,Hamburg,102,42528,10444,12949,1959-10-02T01:47:23+00:00,1959-10-02T01:50:22+00:00,1959-10-02T01:47:23+00:00,1959-10-02T01:50:22+00:00,179.000,0.02797539,1.00000000,1.00000000,0,0,,,,,,,"Dr. Remeis-Observatory, Bamberg, Germany",Dr. Remeis-Observatory,10.8881,49.8845,1,Astrograph,,"Hamburg-Bergedorf, Germany",Hamburger Sternwarte,53.482,10.242,1,Grosser Schmidt-Spiegel,,True,5893.545115,GE100KM,True,True,True,0,,,,,,49.8845,10.8881,10.242,53.482,10.88810000,49.88450000,10.24200000,53.48200000,SWAP,NORMAL,402.491931,GE100KM,True,True,True
APPLAUSE:135057 | APPLAUSE:42541,Bamberg,208,135057,91927,116458,1959-10-04T21:00:00+00:00,1959-10-04T22:00:00+00:00,Hamburg,102,42541,10449,12960,1959-10-04T21:40:44+00:00,1959-10-04T21:43:43+00:00,1959-10-04T21:40:44+00:00,1959-10-04T21:43:43+00:00,179.000,0.04954669,0.19731238,0.19731238,0,0,,,,,,,"Dr. Remeis-Observatory, Bamberg, Germany",Dr. Remeis-Observatory,10.8881,49.8845,1,Astrograph,,"Hamburg-Bergedorf, Germany",Hamburger Sternwarte,53.482,10.242,1,Grosser Schmidt-Spiegel,,True,5893.545115,GE100KM,True,True,True,0,,,,,,49.8845,10.8881,10.242,53.482,10.88810000,49.88450000,10.24200000,53.48200000,SWAP,NORMAL,402.491931,GE100KM,True,True,True
APPLAUSE:135061 | APPLAUSE:42544,Bamberg,208,135061,91931,116462,1959-10-04T22:05:00+00:00,1959-10-04T23:05:00+00:00,Hamburg,102,42544,10452,12965,1959-10-04T22:19:38+00:00,1959-10-04T22:22:37+00:00,1959-10-04T22:19:38+00:00,1959-10-04T22:22:37+00:00,179.000,0.08114589,0.32200488,0.32200488,0,0,,,,,,,"Dr. Remeis-Observatory, Bamberg, Germany",Dr. Remeis-Observatory,10.8881,49.8845,1,Astrograph,,"Hamburg-Bergedorf, Germany",Hamburger Sternwarte,53.482,10.242,1,Grosser Schmidt-Spiegel,,True,5893.545115,GE100KM,True,True,True,0,,,,,,49.8845,10.8881,10.242,53.482,10.88810000,49.88450000,10.24200000,53.48200000,SWAP,NORMAL,402.491931,GE100KM,True,True,True
APPLAUSE:86070 | APPLAUSE:3400,Bonn,105,86070,58148,62565,1929-11-09T23:12:42+00:00,1929-11-09T23:15:41+00:00,Hamburg,101,3400,2562,2941,1929-11-09T21:06:51+00:00,1929-11-10T00:36:16+00:00,1929-11-09T23:12:42+00:00,1929-11-09T23:15:41+00:00,179.000,0.05012522,0.16685128,0.16685128,0,0,,,,,,,"Bonn, Germany",Bonner Sternwarte,50.163,7.068,2,AG-Astrograph,,"Hamburg-Bergedorf, Germany",Hamburger Sternwarte,53.482,10.242,1,Lippert-Astrograph,,True,428.609118,GE100KM,True,True,True,0,,,,,,7.068,50.163,10.242,53.482,7.06800000,50.16300000,10.24200000,53.48200000,NORMAL,NORMAL,428.609118,GE100KM,True,True,True
APPLAUSE:86072 | APPLAUSE:3400,Bonn,105,86072,58149,62567,1929-11-09T23:31:39+00:00,1929-11-09T23:34:38+00:00,Hamburg,101,3400,2562,2941,1929-11-09T21:06:51+00:00,1929-11-10T00:36:16+00:00,1929-11-09T23:31:39+00:00,1929-11-09T23:34:38+00:00,179.000,0.02742064,0.09127017,0.09127017,0,0,,,,,,,"Bonn, Germany",Bonner Sternwarte,50.163,7.068,2,AG-Astrograph,,"Hamburg-Bergedorf, Germany",Hamburger Sternwarte,53.482,10.242,1,Lippert-Astrograph,,True,428.609118,GE100KM,True,True,True,0,,,,,,7.068,50.163,10.242,53.482,7.06800000,50.16300000,10.24200000,53.48200000,NORMAL,NORMAL,428.609118,GE100KM,True,True,True
APPLAUSE:86074 | APPLAUSE:3400,Bonn,105,86074,58150,62569,1929-11-09T23:49:36+00:00,1929-11-09T23:52:35+00:00,Hamburg,101,3400,2562,2941,1929-11-09T21:06:51+00:00,1929-11-10T00:36:16+00:00,1929-11-09T23:49:36+00:00,1929-11-09T23:52:35+00:00,179.000,0.04598941,0.15310558,0.15310558,0,0,,,,,,,"Bonn, Germany",Bonner Sternwarte,50.163,7.068,2,AG-Astrograph,,"Hamburg-Bergedorf, Germany",Hamburger Sternwarte,53.482,10.242,1,Lippert-Astrograph,,True,428.609118,GE100KM,True,True,True,0,,,,,,7.068,50.163,10.242,53.482,7.06800000,50.16300000,10.24200000,53.48200000,NORMAL,NORMAL,428.609118,GE100KM,True,True,True
APPLAUSE:136824 | APPLAUSE:91801,Bamberg,208,136824,93694,118211,1961-03-08T21:45:00+00:00,1961-03-08T22:45:00+00:00,Hamburg,106,91801,61598,69154,1961-03-08T21:28:01+00:00,1961-03-08T21:47:57+00:00,1961-03-08T21:45:00+00:00,1961-03-08T21:47:57+00:00,177.000,0.89251690,0.03424637,0.89251690,0,0,,,,,,,"Dr. Remeis-Observatory, Bamberg, Germany",Dr. Remeis-Observatory,10.8881,49.8845,1,Astrograph,,"Hamburg-Bergedorf, Germany",Hamburger Sternwarte,53.482,10.242,1,AG-Astrograph,,True,5893.545115,GE100KM,True,True,True,0,,,,,,49.8845,10.8881,10.242,53.482,10.88810000,49.88450000,10.24200000,53.48200000,SWAP,NORMAL,402.491931,GE100KM,True,True,True
APPLAUSE:132590 | APPLAUSE:14066,Bamberg,208,132590,89516,114052,1953-10-27T17:20:00+00:00,1953-10-27T18:20:00+00:00,Hamburg,101,14066,7657,9943,1953-10-27T18:17:19+00:00,1953-10-27T18:57:12+00:00,1953-10-27T18:17:19+00:00,1953-10-27T18:20:00+00:00,161.000,0.06273554,1.00000000,1.00000000,0,0,,,,,,,"Dr. Remeis-Observatory, Bamberg, Germany",Dr. Remeis-Observatory,10.8881,49.8845,1,Astrograph,,"Hamburg-Bergedorf, Germany",Hamburger Sternwarte,53.482,10.242,1,Lippert-Astrograph,,True,5893.545115,GE100KM,True,True,True,0,,,,,,49.8845,10.8881,10.242,53.482,10.88810000,49.88450000,10.24200000,53.48200000,SWAP,NORMAL,402.491931,GE100KM,True,True,True
APPLAUSE:134827 | APPLAUSE:42471,Bamberg,208,134827,91697,116228,1959-09-27T19:47:00+00:00,1959-09-27T20:47:00+00:00,Hamburg,102,42471,10412,12914,1959-09-27T20:44:29+00:00,1959-09-27T20:47:28+00:00,1959-09-27T20:44:29+00:00,1959-09-27T20:47:00+00:00,151.000,0.02795792,1.00000000,1.00000000,0,0,,,,,,,"Dr. Remeis-Observatory, Bamberg, Germany",Dr. Remeis-Observatory,10.8881,49.8845,1,Astrograph,,"Hamburg-Bergedorf, Germany",Hamburger Sternwarte,53.482,10.242,1,Grosser Schmidt-Spiegel,,True,5893.545115,GE100KM,True,True,True,0,,,,,,49.8845,10.8881,10.242,53.482,10.88810000,49.88450000,10.24200000,53.48200000,SWAP,NORMAL,402.491931,GE100KM,True,True,True
APPLAUSE:121749 | APPLAUSE:86313,Bamberg,208,121749,79065,104177,1930-03-29T20:50:00+00:00,1930-03-29T21:20:00+00:00,Bonn,105,86313,58270,62808,1930-03-29T21:17:33+00:00,1930-03-29T21:27:31+00:00,1930-03-29T21:17:33+00:00,1930-03-29T21:20:00+00:00,147.000,0.02956793,1.00000000,1.00000000,0,0,,,,,,,"Dr. Remeis-Observatory, Bamberg, Germany",Dr. Remeis-Observatory,10.8881,49.8845,1,Astrograph,,"Bonn, Germany",Bonner Sternwarte,50.163,7.068,2,AG-Astrograph,,True,5855.954289,GE100KM,True,True,True,0,,,,,,49.8845,10.8881,7.068,50.163,10.88810000,49.88450000,7.06800000,50.16300000,SWAP,NORMAL,274.626555,GE100KM,True,True,True
APPLAUSE:132774 | APPLAUSE:90526,Bamberg,208,132774,89687,114221,1957-05-24T23:59:00+00:00,1957-05-25T00:19:00+00:00,Hamburg,106,90526,60353,66674,1957-05-25T00:16:51+00:00,1957-05-25T00:41:47+00:00,1957-05-25T00:16:51+00:00,1957-05-25T00:19:00+00:00,129.000,0.00271896,0.01221091,0.01221091,0,0,,,,,,,"Dr. Remeis-Observatory, Bamberg, Germany",Dr. Remeis-Observatory,10.8881,49.8845,5,Astrograph,,"Hamburg-Bergedorf, Germany",Hamburger Sternwarte,53.482,10.242,1,AG-Astrograph,,True,5893.545115,GE100KM,True,True,True,0,,,,,,49.8845,10.8881,10.242,53.482,10.88810000,49.88450000,10.24200000,53.48200000,SWAP,NORMAL,402.491931,GE100KM,True,True,True
APPLAUSE:121053 | APPLAUSE:85813,Bamberg,208,121053,78374,103980,1929-06-01T22:35:00+00:00,1929-06-01T23:05:00+00:00,Bonn,105,85813,58020,62309,1929-06-01T23:02:59+00:00,1929-06-01T23:17:57+00:00,1929-06-01T23:02:59+00:00,1929-06-01T23:05:00+00:00,121.000,0.03077860,1.00000000,1.00000000,0,0,,,,,,,"Dr. Remeis-Observatory, Bamberg, Germany",Dr. Remeis-Observatory,10.8881,49.8845,1,Astrograph,,"Bonn, Germany",Bonner Sternwarte,50.163,7.068,2,AG-Astrograph,,True,5855.954289,GE100KM,True,True,True,0,,,,,,49.8845,10.8881,7.068,50.163,10.88810000,49.88450000,7.06800000,50.16300000,SWAP,NORMAL,274.626555,GE100KM,True,True,True
APPLAUSE:123547 | APPLAUSE:4316,Bamberg,208,123547,80841,105765,1932-02-06T20:33:00+00:00,1932-02-06T21:37:00+00:00,Hamburg,101,4316,3364,4008,1932-02-06T21:35:22+00:00,1932-02-06T23:05:08+00:00,1932-02-06T21:35:22+00:00,1932-02-06T21:37:00+00:00,98.000,0.08230144,1.00000000,1.00000000,0,0,,,,,,,"Dr. Remeis-Observatory, Bamberg, Germany",Dr. Remeis-Observatory,10.8881,49.8845,1,Astrograph,,"Hamburg-Bergedorf, Germany",Hamburger Sternwarte,53.482,10.242,1,Lippert-Astrograph,,True,5893.545115,GE100KM,True,True,True,0,,,,,,49.8845,10.8881,10.242,53.482,10.88810000,49.88450000,10.24200000,53.48200000,SWAP,NORMAL,402.491931,GE100KM,True,True,True
APPLAUSE:122849 | APPLAUSE:4100,Bamberg,208,122849,80143,105093,1931-06-23T00:01:00+00:00,1931-06-23T00:26:00+00:00,Hamburg,101,4100,3164,3721,1931-06-22T23:52:26+00:00,1931-06-23T00:02:24+00:00,1931-06-23T00:01:00+00:00,1931-06-23T00:02:24+00:00,84.000,0.37170008,0.00965708,0.37170008,0,0,,,,,,,"Dr. Remeis-Observatory, Bamberg, Germany",Dr. Remeis-Observatory,10.8881,49.8845,1,Astrograph,,"Hamburg-Bergedorf, Germany",Hamburger Sternwarte,53.482,10.242,1,Lippert-Astrograph,,True,5893.545115,GE100KM,True,True,True,0,,,,,,49.8845,10.8881,10.242,53.482,10.88810000,49.88450000,10.24200000,53.48200000,SWAP,NORMAL,402.491931,GE100KM,True,True,True
APPLAUSE:126173 | APPLAUSE:5074,Bamberg,208,126173,83467,108286,1933-09-11T19:20:00+00:00,1933-09-11T19:50:00+00:00,Hamburg,101,5074,3911,4629,1933-09-11T19:48:38+00:00,1933-09-11T19:53:37+00:00,1933-09-11T19:48:38+00:00,1933-09-11T19:50:00+00:00,82.000,0.02706703,1.00000000,1.00000000,0,0,,,,,,,"Dr. Remeis-Observatory, Bamberg, Germany",Dr. Remeis-Observatory,10.8881,49.8845,1,Astrograph,,"Hamburg-Bergedorf, Germany",Hamburger Sternwarte,53.482,10.242,1,Lippert-Astrograph,,True,5893.545115,GE100KM,True,True,True,0,,,,,,49.8845,10.8881,10.242,53.482,10.88810000,49.88450000,10.24200000,53.48200000,SWAP,NORMAL,402.491931,GE100KM,True,True,True
APPLAUSE:121169 | APPLAUSE:87086,Bamberg,208,121169,78488,104027,1929-08-10T20:28:00+00:00,1929-08-10T20:58:00+00:00,Hamburg,106,87086,58529,63220,1929-08-10T20:56:39+00:00,1929-08-10T21:06:37+00:00,1929-08-10T20:56:39+00:00,1929-08-10T20:58:00+00:00,81.000,0.03182678,0.91565192,0.91565192,0,0,,,,,,,"Dr. Remeis-Observatory, Bamberg, Germany",Dr. Remeis-Observatory,10.8881,49.8845,1,Astrograph,,"Hamburg-Bergedorf, Germany",Hamburger Sternwarte,53.482,10.242,2,AG-Astrograph,,True,5893.545115,GE100KM,True,True,True,0,,,,,,49.8845,10.8881,10.242,53.482,10.88810000,49.88450000,10.24200000,53.48200000,SWAP,NORMAL,402.491931,GE100KM,True,True,True
APPLAUSE:135146 | APPLAUSE:91688,Bamberg,208,135146,92016,116547,1959-10-07T19:25:00+00:00,1959-10-07T20:25:00+00:00,Hamburg,106,91688,61499,68961,1959-10-07T19:14:18+00:00,1959-10-07T19:26:16+00:00,1959-10-07T19:25:00+00:00,1959-10-07T19:26:16+00:00,76.000,0.74156843,0.02846866,0.74156843,0,0,,,,,,,"Dr. Remeis-Observatory, Bamberg, Germany",Dr. Remeis-Observatory,10.8881,49.8845,1,Astrograph,,"Hamburg-Bergedorf, Germany",Hamburger Sternwarte,53.482,10.242,1,AG-Astrograph,,True,5893.545115,GE100KM,True,True,True,0,,,,,,49.8845,10.8881,10.242,53.482,10.88810000,49.88450000,10.24200000,53.48200000,SWAP,NORMAL,402.491931,GE100KM,True,True,True
APPLAUSE:125613 | APPLAUSE:4925,Bamberg,208,125613,82907,107728,1933-04-13T19:43:00+00:00,1933-04-13T20:13:00+00:00,Hamburg,101,4925,3815,4550,1933-04-13T20:11:49+00:00,1933-04-13T21:40:54+00:00,1933-04-13T20:11:49+00:00,1933-04-13T20:13:00+00:00,71.000,0.00897235,0.11387366,0.11387366,0,0,,,,,,,"Dr. Remeis-Observatory, Bamberg, Germany",Dr. Remeis-Observatory,10.8881,49.8845,1,Astrograph,,"Hamburg-Bergedorf, Germany",Hamburger Sternwarte,53.482,10.242,1,Lippert-Astrograph,,True,5893.545115,GE100KM,True,True,True,0,,,,,,49.8845,10.8881,10.242,53.482,10.88810000,49.88450000,10.24200000,53.48200000,SWAP,NORMAL,402.491931,GE100KM,True,True,True
APPLAUSE:122034 | APPLAUSE:86435,Bamberg,208,122034,79328,104389,1930-11-14T19:55:00+00:00,1930-11-14T20:25:00+00:00,Bonn,105,86435,58331,62931,1930-11-14T20:23:54+00:00,1930-11-14T20:39:51+00:00,1930-11-14T20:23:54+00:00,1930-11-14T20:25:00+00:00,66.000,0.00871079,0.29864141,0.29864141,0,0,,,,,,,"Dr. Remeis-Observatory, Bamberg, Germany",Dr. Remeis-Observatory,10.8881,49.8845,1,Astrograph,,"Bonn, Germany",Bonner Sternwarte,50.163,7.068,2,AG-Astrograph,,True,5855.954289,GE100KM,True,True,True,0,,,,,,49.8845,10.8881,7.068,50.163,10.88810000,49.88450000,7.06800000,50.16300000,SWAP,NORMAL,274.626555,GE100KM,True,True,True
APPLAUSE:125488 | APPLAUSE:4885,Bamberg,208,125488,82782,107603,1933-03-24T23:58:00+00:00,1933-03-25T00:28:00+00:00,Hamburg,101,4885,3787,4523,1933-03-25T00:02:47+00:00,1933-03-25T00:03:47+00:00,1933-03-25T00:02:47+00:00,1933-03-25T00:03:47+00:00,60.000,0.01055522,0.38636518,0.38636518,0,0,,,,,,,"Dr. Remeis-Observatory, Bamberg, Germany",Dr. Remeis-Observatory,10.8881,49.8845,1,Astrograph,,"Hamburg-Bergedorf, Germany",Hamburger Sternwarte,53.482,10.242,4,Lippert-Astrograph,,True,5893.545115,GE100KM,True,True,True,0,,,,,,49.8845,10.8881,10.242,53.482,10.88810000,49.88450000,10.24200000,53.48200000,SWAP,NORMAL,402.491931,GE100KM,True,True,True
APPLAUSE:125581 | APPLAUSE:4904,Bamberg,208,125581,82875,107696,1933-03-26T23:50:00+00:00,1933-03-27T00:56:00+00:00,Hamburg,101,4904,3800,4537,1933-03-27T00:28:25+00:00,1933-03-27T00:29:25+00:00,1933-03-27T00:28:25+00:00,1933-03-27T00:29:25+00:00,60.000,0.02086277,1.00000000,1.00000000,0,0,,,,,,,"Dr. Remeis-Observatory, Bamberg, Germany",Dr. Remeis-Observatory,10.8881,49.8845,1,Astrograph,,"Hamburg-Bergedorf, Germany",Hamburger Sternwarte,53.482,10.242,4,Lippert-Astrograph,,True,5893.545115,GE100KM,True,True,True,0,,,,,,49.8845,10.8881,10.242,53.482,10.88810000,49.88450000,10.24200000,53.48200000,SWAP,NORMAL,402.491931,GE100KM,True,True,True
APPLAUSE:125993 | APPLAUSE:5029,Bamberg,208,125993,83287,108107,1933-08-13T20:58:00+00:00,1933-08-13T21:28:00+00:00,Hamburg,101,5029,3876,4604,1933-08-13T21:06:40+00:00,1933-08-13T21:07:40+00:00,1933-08-13T21:06:40+00:00,1933-08-13T21:07:40+00:00,60.000,0.00134002,0.06657741,0.06657741,0,0,,,,,,,"Dr. Remeis-Observatory, Bamberg, Germany",Dr. Remeis-Observatory,10.8881,49.8845,1,Astrograph,,"Hamburg-Bergedorf, Germany",Hamburger Sternwarte,53.482,10.242,4,Lippert-Astrograph,,True,5893.545115,GE100KM,True,True,True,0,,,,,,49.8845,10.8881,10.242,53.482,10.88810000,49.88450000,10.24200000,53.48200000,SWAP,NORMAL,402.491931,GE100KM,True,True,True
APPLAUSE:125993 | APPLAUSE:5030,Bamberg,208,125993,83287,108107,1933-08-13T20:58:00+00:00,1933-08-13T21:28:00+00:00,Hamburg,101,5030,3876,4604,1933-08-13T21:11:39+00:00,1933-08-13T21:12:39+00:00,1933-08-13T21:11:39+00:00,1933-08-13T21:12:39+00:00,60.000,0.00134002,0.06657741,0.06657741,0,0,,,,,,,"Dr. Remeis-Observatory, Bamberg, Germany",Dr. Remeis-Observatory,10.8881,49.8845,1,Astrograph,,"Hamburg-Bergedorf, Germany",Hamburger Sternwarte,53.482,10.242,4,Lippert-Astrograph,,True,5893.545115,GE100KM,True,True,True,0,,,,,,49.8845,10.8881,10.242,53.482,10.88810000,49.88450000,10.24200000,53.48200000,SWAP,NORMAL,402.491931,GE100KM,True,True,True
APPLAUSE:132701 | APPLAUSE:115244,Bamberg,208,132701,89627,114162,1954-11-01T21:19:00+00:00,1954-11-01T22:19:00+00:00,Hamburg,111,115244,66410,74152,1954-11-01T21:55:28+00:00,1954-11-01T21:56:28+00:00,1954-11-01T21:55:28+00:00,1954-11-01T21:56:28+00:00,60.000,0.15080629,0.29706639,0.29706639,0,0,,,,,,,"Dr. Remeis-Observatory, Bamberg, Germany",Dr. Remeis-Observatory,10.8881,49.8845,1,Astrograph,,"Hamburg-Bergedorf, Germany",Hamburger Sternwarte,53.482,10.242,3,Original Schmidt-Spiegel,,True,5893.545115,GE100KM,True,True,True,0,,,,,,49.8845,10.8881,10.242,53.482,10.88810000,49.88450000,10.24200000,53.48200000,SWAP,NORMAL,402.491931,GE100KM,True,True,True
APPLAUSE:125581 | APPLAUSE:4903,Bamberg,208,125581,82875,107696,1933-03-26T23:50:00+00:00,1933-03-27T00:56:00+00:00,Hamburg,101,4903,3800,4537,1933-03-27T00:24:06+00:00,1933-03-27T00:25:05+00:00,1933-03-27T00:24:06+00:00,1933-03-27T00:25:05+00:00,59.000,0.02086277,1.00000000,1.00000000,0,0,,,,,,,"Dr. Remeis-Observatory, Bamberg, Germany",Dr. Remeis-Observatory,10.8881,49.8845,1,Astrograph,,"Hamburg-Bergedorf, Germany",Hamburger Sternwarte,53.482,10.242,4,Lippert-Astrograph,,True,5893.545115,GE100KM,True,True,True,0,,,,,,49.8845,10.8881,10.242,53.482,10.88810000,49.88450000,10.24200000,53.48200000,SWAP,NORMAL,402.491931,GE100KM,True,True,True
APPLAUSE:125581 | APPLAUSE:4907,Bamberg,208,125581,82875,107696,1933-03-26T23:50:00+00:00,1933-03-27T00:56:00+00:00,Hamburg,101,4907,3801,4538,1933-03-27T00:54:31+00:00,1933-03-27T00:55:30+00:00,1933-03-27T00:54:31+00:00,1933-03-27T00:55:30+00:00,59.000,0.00586603,0.28432012,0.28432012,0,0,,,,,,,"Dr. Remeis-Observatory, Bamberg, Germany",Dr. Remeis-Observatory,10.8881,49.8845,1,Astrograph,,"Hamburg-Bergedorf, Germany",Hamburger Sternwarte,53.482,10.242,4,Lippert-Astrograph,,True,5893.545115,GE100KM,True,True,True,0,,,,,,49.8845,10.8881,10.242,53.482,10.88810000,49.88450000,10.24200000,53.48200000,SWAP,NORMAL,402.491931,GE100KM,True,True,True
APPLAUSE:137866 | APPLAUSE:91995,Bamberg,208,137866,94736,119245,1962-06-03T21:18:00+00:00,1962-06-03T22:18:00+00:00,Hamburg,106,91995,61792,69540,1962-06-03T22:17:05+00:00,1962-06-03T22:47:00+00:00,1962-06-03T22:17:05+00:00,1962-06-03T22:18:00+00:00,55.000,0.00658519,0.18760229,0.18760229,0,0,,,,,,,"Dr. Remeis-Observatory, Bamberg, Germany",Dr. Remeis-Observatory,10.8881,49.8845,1,Astrograph,,"Hamburg-Bergedorf, Germany",Hamburger Sternwarte,53.482,10.242,1,AG-Astrograph,,True,5893.545115,GE100KM,True,True,True,0,,,,,,49.8845,10.8881,10.242,53.482,10.88810000,49.88450000,10.24200000,53.48200000,SWAP,NORMAL,402.491931,GE100KM,True,True,True
APPLAUSE:137867 | APPLAUSE:91995,Bamberg,208,137867,94737,119246,1962-06-03T21:18:00+00:00,1962-06-03T22:18:00+00:00,Hamburg,106,91995,61792,69540,1962-06-03T22:17:05+00:00,1962-06-03T22:47:00+00:00,1962-06-03T22:17:05+00:00,1962-06-03T22:18:00+00:00,55.000,0.00900424,0.16390167,0.16390167,0,0,,,,,,,"Dr. Remeis-Observatory, Bamberg, Germany",Dr. Remeis-Observatory,10.8881,49.8845,1,Astrograph,,"Hamburg-Bergedorf, Germany",Hamburger Sternwarte,53.482,10.242,1,AG-Astrograph,,True,5893.545115,GE100KM,True,True,True,0,,,,,,49.8845,10.8881,10.242,53.482,10.88810000,49.88450000,10.24200000,53.48200000,SWAP,NORMAL,402.491931,GE100KM,True,True,True
APPLAUSE:121982 | APPLAUSE:3786,Bamberg,208,121982,79289,104368,1930-10-16T18:20:00+00:00,1930-10-16T18:50:00+00:00,Hamburg,101,3786,2941,3471,1930-10-16T18:00:55+00:00,1930-10-16T18:20:52+00:00,1930-10-16T18:20:00+00:00,1930-10-16T18:20:52+00:00,52.000,0.45102031,0.01185809,0.45102031,0,0,,,,,,,"Dr. Remeis-Observatory, Bamberg, Germany",Dr. Remeis-Observatory,10.8881,49.8845,1,Astrograph,,"Hamburg-Bergedorf, Germany",Hamburger Sternwarte,53.482,10.242,1,Lippert-Astrograph,,True,5893.545115,GE100KM,True,True,True,0,,,,,,49.8845,10.8881,10.242,53.482,10.88810000,49.88450000,10.24200000,53.48200000,SWAP,NORMAL,402.491931,GE100KM,True,True,True
APPLAUSE:48938 | APPLAUSE:32731,Hamburg,102,48938,13607,16537,1974-04-11T08:59:14+00:00,1974-04-11T09:07:27+00:00,New Zealand,204,32731,44702,35389,1974-04-11T08:00:00+00:00,1974-04-11T09:00:00+00:00,1974-04-11T08:59:14+00:00,1974-04-11T09:00:00+00:00,46.000,0.02541958,0.16619170,0.16619170,0,0,,,,,,,"Hamburg-Bergedorf, Germany",Hamburger Sternwarte,53.482,10.242,1,Grosser Schmidt-Spiegel,,"Mount John Observatory, Lake Tekapo, New Zealand","Dr. Remeis-Observatory, Southern Station",-43.9867,170.465,1,Astrograph (four 10-cm Tessar f/6 cameras),,True,18230.991237,GE100KM,True,True,True,0,,,,,,10.242,53.482,170.465,-43.9867,10.24200000,53.48200000,170.46500000,-43.98670000,NORMAL,NORMAL,18230.991237,GE100KM,True,True,True
APPLAUSE:48938 | APPLAUSE:32733,Hamburg,102,48938,13607,16537,1974-04-11T08:59:14+00:00,1974-04-11T09:07:27+00:00,New Zealand,204,32733,44704,35393,1974-04-11T08:00:00+00:00,1974-04-11T09:00:00+00:00,1974-04-11T08:59:14+00:00,1974-04-11T09:00:00+00:00,46.000,0.01478373,0.09528541,0.09528541,0,0,,,,,,,"Hamburg-Bergedorf, Germany",Hamburger Sternwarte,53.482,10.242,1,Grosser Schmidt-Spiegel,,"Mount John Observatory, Lake Tekapo, New Zealand","Dr. Remeis-Observatory, Southern Station",-43.9867,170.465,1,Astrograph (four 10-cm Tessar f/6 cameras),,True,18230.991237,GE100KM,True,True,True,0,,,,,,10.242,53.482,170.465,-43.9867,10.24200000,53.48200000,170.46500000,-43.98670000,NORMAL,NORMAL,18230.991237,GE100KM,True,True,True
APPLAUSE:125241 | APPLAUSE:4793,Bamberg,208,125241,82535,107360,1933-02-16T19:59:00+00:00,1933-02-16T20:27:00+00:00,Hamburg,101,4793,3728,4454,1933-02-16T19:19:44+00:00,1933-02-16T19:59:38+00:00,1933-02-16T19:59:00+00:00,1933-02-16T19:59:38+00:00,38.000,0.84910696,0.06731501,0.84910696,0,0,,,,,,,"Dr. Remeis-Observatory, Bamberg, Germany",Dr. Remeis-Observatory,10.8881,49.8845,1,Astrograph,,"Hamburg-Bergedorf, Germany",Hamburger Sternwarte,53.482,10.242,1,Lippert-Astrograph,,True,5893.545115,GE100KM,True,True,True,0,,,,,,49.8845,10.8881,10.242,53.482,10.88810000,49.88450000,10.24200000,53.48200000,SWAP,NORMAL,402.491931,GE100KM,True,True,True
APPLAUSE:127615 | APPLAUSE:6208,Bamberg,208,127615,84889,109658,1934-11-03T19:22:00+00:00,1934-11-03T19:52:00+00:00,Hamburg,101,6208,4171,4914,1934-11-03T19:35:34+00:00,1934-11-03T19:36:10+00:00,1934-11-03T19:35:34+00:00,1934-11-03T19:36:10+00:00,36.000,0.00959313,1.00000000,1.00000000,0,0,,,,,,,"Dr. Remeis-Observatory, Bamberg, Germany",Dr. Remeis-Observatory,10.8881,49.8845,1,Astrograph,,"Hamburg-Bergedorf, Germany",Hamburger Sternwarte,53.482,10.242,13,Lippert-Astrograph,,True,5893.545115,GE100KM,True,True,True,0,,,,,,49.8845,10.8881,10.242,53.482,10.88810000,49.88450000,10.24200000,53.48200000,SWAP,NORMAL,402.491931,GE100KM,True,True,True
APPLAUSE:127624 | APPLAUSE:6208,Bamberg,208,127624,84898,109667,1934-11-03T19:22:00+00:00,1934-11-03T19:52:00+00:00,Hamburg,101,6208,4171,4914,1934-11-03T19:35:34+00:00,1934-11-03T19:36:10+00:00,1934-11-03T19:35:34+00:00,1934-11-03T19:36:10+00:00,36.000,0.01210354,1.00000000,1.00000000,0,0,,,,,,,"Dr. Remeis-Observatory, Bamberg, Germany",Dr. Remeis-Observatory,10.8881,49.8845,1,Astrograph,,"Hamburg-Bergedorf, Germany",Hamburger Sternwarte,53.482,10.242,13,Lippert-Astrograph,,True,5893.545115,GE100KM,True,True,True,0,,,,,,49.8845,10.8881,10.242,53.482,10.88810000,49.88450000,10.24200000,53.48200000,SWAP,NORMAL,402.491931,GE100KM,True,True,True
APPLAUSE:126090 | APPLAUSE:5054,Bamberg,208,126090,83384,108203,1933-08-27T21:00:00+00:00,1933-08-27T22:01:00+00:00,Hamburg,101,5054,3896,4616,1933-08-27T22:00:30+00:00,1933-08-27T22:10:28+00:00,1933-08-27T22:00:30+00:00,1933-08-27T22:01:00+00:00,30.000,0.00802976,0.39569227,0.39569227,0,0,,,,,,,"Dr. Remeis-Observatory, Bamberg, Germany",Dr. Remeis-Observatory,10.8881,49.8845,1,Astrograph,,"Hamburg-Bergedorf, Germany",Hamburger Sternwarte,53.482,10.242,4,Lippert-Astrograph,,True,5893.545115,GE100KM,True,True,True,0,,,,,,49.8845,10.8881,10.242,53.482,10.88810000,49.88450000,10.24200000,53.48200000,SWAP,NORMAL,402.491931,GE100KM,True,True,True
APPLAUSE:127615 | APPLAUSE:6207,Bamberg,208,127615,84889,109658,1934-11-03T19:22:00+00:00,1934-11-03T19:52:00+00:00,Hamburg,101,6207,4171,4914,1934-11-03T19:31:35+00:00,1934-11-03T19:32:05+00:00,1934-11-03T19:31:35+00:00,1934-11-03T19:32:05+00:00,30.000,0.00959313,1.00000000,1.00000000,0,0,,,,,,,"Dr. Remeis-Observatory, Bamberg, Germany",Dr. Remeis-Observatory,10.8881,49.8845,1,Astrograph,,"Hamburg-Bergedorf, Germany",Hamburger Sternwarte,53.482,10.242,13,Lippert-Astrograph,,True,5893.545115,GE100KM,True,True,True,0,,,,,,49.8845,10.8881,10.242,53.482,10.88810000,49.88450000,10.24200000,53.48200000,SWAP,NORMAL,402.491931,GE100KM,True,True,True
APPLAUSE:127615 | APPLAUSE:6209,Bamberg,208,127615,84889,109658,1934-11-03T19:22:00+00:00,1934-11-03T19:52:00+00:00,Hamburg,101,6209,4171,4914,1934-11-03T19:39:34+00:00,1934-11-03T19:40:04+00:00,1934-11-03T19:39:34+00:00,1934-11-03T19:40:04+00:00,30.000,0.00959313,1.00000000,1.00000000,0,0,,,,,,,"Dr. Remeis-Observatory, Bamberg, Germany",Dr. Remeis-Observatory,10.8881,49.8845,1,Astrograph,,"Hamburg-Bergedorf, Germany",Hamburger Sternwarte,53.482,10.242,13,Lippert-Astrograph,,True,5893.545115,GE100KM,True,True,True,0,,,,,,49.8845,10.8881,10.242,53.482,10.88810000,49.88450000,10.24200000,53.48200000,SWAP,NORMAL,402.491931,GE100KM,True,True,True
APPLAUSE:127615 | APPLAUSE:6210,Bamberg,208,127615,84889,109658,1934-11-03T19:22:00+00:00,1934-11-03T19:52:00+00:00,Hamburg,101,6210,4171,4914,1934-11-03T19:44:33+00:00,1934-11-03T19:45:03+00:00,1934-11-03T19:44:33+00:00,1934-11-03T19:45:03+00:00,30.000,0.00959313,1.00000000,1.00000000,0,0,,,,,,,"Dr. Remeis-Observatory, Bamberg, Germany",Dr. Remeis-Observatory,10.8881,49.8845,1,Astrograph,,"Hamburg-Bergedorf, Germany",Hamburger Sternwarte,53.482,10.242,13,Lippert-Astrograph,,True,5893.545115,GE100KM,True,True,True,0,,,,,,49.8845,10.8881,10.242,53.482,10.88810000,49.88450000,10.24200000,53.48200000,SWAP,NORMAL,402.491931,GE100KM,True,True,True
APPLAUSE:127615 | APPLAUSE:6211,Bamberg,208,127615,84889,109658,1934-11-03T19:22:00+00:00,1934-11-03T19:52:00+00:00,Hamburg,101,6211,4171,4914,1934-11-03T19:49:32+00:00,1934-11-03T19:50:02+00:00,1934-11-03T19:49:32+00:00,1934-11-03T19:50:02+00:00,30.000,0.00959313,1.00000000,1.00000000,0,0,,,,,,,"Dr. Remeis-Observatory, Bamberg, Germany",Dr. Remeis-Observatory,10.8881,49.8845,1,Astrograph,,"Hamburg-Bergedorf, Germany",Hamburger Sternwarte,53.482,10.242,13,Lippert-Astrograph,,True,5893.545115,GE100KM,True,True,True,0,,,,,,49.8845,10.8881,10.242,53.482,10.88810000,49.88450000,10.24200000,53.48200000,SWAP,NORMAL,402.491931,GE100KM,True,True,True
APPLAUSE:127624 | APPLAUSE:6207,Bamberg,208,127624,84898,109667,1934-11-03T19:22:00+00:00,1934-11-03T19:52:00+00:00,Hamburg,101,6207,4171,4914,1934-11-03T19:31:35+00:00,1934-11-03T19:32:05+00:00,1934-11-03T19:31:35+00:00,1934-11-03T19:32:05+00:00,30.000,0.01210354,1.00000000,1.00000000,0,0,,,,,,,"Dr. Remeis-Observatory, Bamberg, Germany",Dr. Remeis-Observatory,10.8881,49.8845,1,Astrograph,,"Hamburg-Bergedorf, Germany",Hamburger Sternwarte,53.482,10.242,13,Lippert-Astrograph,,True,5893.545115,GE100KM,True,True,True,0,,,,,,49.8845,10.8881,10.242,53.482,10.88810000,49.88450000,10.24200000,53.48200000,SWAP,NORMAL,402.491931,GE100KM,True,True,True
APPLAUSE:127624 | APPLAUSE:6209,Bamberg,208,127624,84898,109667,1934-11-03T19:22:00+00:00,1934-11-03T19:52:00+00:00,Hamburg,101,6209,4171,4914,1934-11-03T19:39:34+00:00,1934-11-03T19:40:04+00:00,1934-11-03T19:39:34+00:00,1934-11-03T19:40:04+00:00,30.000,0.01210354,1.00000000,1.00000000,0,0,,,,,,,"Dr. Remeis-Observatory, Bamberg, Germany",Dr. Remeis-Observatory,10.8881,49.8845,1,Astrograph,,"Hamburg-Bergedorf, Germany",Hamburger Sternwarte,53.482,10.242,13,Lippert-Astrograph,,True,5893.545115,GE100KM,True,True,True,0,,,,,,49.8845,10.8881,10.242,53.482,10.88810000,49.88450000,10.24200000,53.48200000,SWAP,NORMAL,402.491931,GE100KM,True,True,True
APPLAUSE:127624 | APPLAUSE:6210,Bamberg,208,127624,84898,109667,1934-11-03T19:22:00+00:00,1934-11-03T19:52:00+00:00,Hamburg,101,6210,4171,4914,1934-11-03T19:44:33+00:00,1934-11-03T19:45:03+00:00,1934-11-03T19:44:33+00:00,1934-11-03T19:45:03+00:00,30.000,0.01210354,1.00000000,1.00000000,0,0,,,,,,,"Dr. Remeis-Observatory, Bamberg, Germany",Dr. Remeis-Observatory,10.8881,49.8845,1,Astrograph,,"Hamburg-Bergedorf, Germany",Hamburger Sternwarte,53.482,10.242,13,Lippert-Astrograph,,True,5893.545115,GE100KM,True,True,True,0,,,,,,49.8845,10.8881,10.242,53.482,10.88810000,49.88450000,10.24200000,53.48200000,SWAP,NORMAL,402.491931,GE100KM,True,True,True
APPLAUSE:127624 | APPLAUSE:6211,Bamberg,208,127624,84898,109667,1934-11-03T19:22:00+00:00,1934-11-03T19:52:00+00:00,Hamburg,101,6211,4171,4914,1934-11-03T19:49:32+00:00,1934-11-03T19:50:02+00:00,1934-11-03T19:49:32+00:00,1934-11-03T19:50:02+00:00,30.000,0.01210354,1.00000000,1.00000000,0,0,,,,,,,"Dr. Remeis-Observatory, Bamberg, Germany",Dr. Remeis-Observatory,10.8881,49.8845,1,Astrograph,,"Hamburg-Bergedorf, Germany",Hamburger Sternwarte,53.482,10.242,13,Lippert-Astrograph,,True,5893.545115,GE100KM,True,True,True,0,,,,,,49.8845,10.8881,10.242,53.482,10.88810000,49.88450000,10.24200000,53.48200000,SWAP,NORMAL,402.491931,GE100KM,True,True,True
APPLAUSE:122349 | APPLAUSE:3970,Bamberg,208,122349,79643,104685,1931-03-16T02:38:00+00:00,1931-03-16T03:08:00+00:00,Hamburg,101,3970,3041,3596,1931-03-16T03:07:32+00:00,1931-03-16T03:27:29+00:00,1931-03-16T03:07:32+00:00,1931-03-16T03:08:00+00:00,28.000,0.00251988,0.09994420,0.09994420,0,0,,,,,,,"Dr. Remeis-Observatory, Bamberg, Germany",Dr. Remeis-Observatory,10.8881,49.8845,1,Astrograph,,"Hamburg-Bergedorf, Germany",Hamburger Sternwarte,53.482,10.242,1,Lippert-Astrograph,,True,5893.545115,GE100KM,True,True,True,0,,,,,,49.8845,10.8881,10.242,53.482,10.88810000,49.88450000,10.24200000,53.48200000,SWAP,NORMAL,402.491931,GE100KM,True,True,True
APPLAUSE:128903 | APPLAUSE:7088,Bamberg,208,128903,86173,110897,1936-09-13T19:16:00+00:00,1936-09-13T19:46:00+00:00,Hamburg,101,7088,4528,5380,1936-09-13T19:45:35+00:00,1936-09-13T19:50:34+00:00,1936-09-13T19:45:35+00:00,1936-09-13T19:46:00+00:00,25.000,0.01216099,1.00000000,1.00000000,0,0,,,,,,,"Dr. Remeis-Observatory, Bamberg, Germany",Dr. Remeis-Observatory,10.8881,49.8845,1,Astrograph,,"Hamburg-Bergedorf, Germany",Hamburger Sternwarte,53.482,10.242,1,Lippert-Astrograph,,True,5893.545115,GE100KM,True,True,True,0,,,,,,49.8845,10.8881,10.242,53.482,10.88810000,49.88450000,10.24200000,53.48200000,SWAP,NORMAL,402.491931,GE100KM,True,True,True
APPLAUSE:130860 | APPLAUSE:8464,Bamberg,208,130860,88035,112705,1939-09-08T21:04:00+00:00,1939-09-08T21:34:00+00:00,Hamburg,101,8464,5340,6598,1939-09-08T21:33:52+00:00,1939-09-08T21:58:48+00:00,1939-09-08T21:33:52+00:00,1939-09-08T21:34:00+00:00,8.000,0.02811700,1.00000000,1.00000000,0,0,,,,,,,"Dr. Remeis-Observatory, Bamberg, Germany",Dr. Remeis-Observatory,10.8881,49.8845,1,Astrograph,,"Hamburg-Bergedorf, Germany",Hamburger Sternwarte,53.482,10.242,1,Lippert-Astrograph,,True,5893.545115,GE100KM,True,True,True,0,,,,,,49.8845,10.8881,10.242,53.482,10.88810000,49.88450000,10.24200000,53.48200000,SWAP,NORMAL,402.491931,GE100KM,True,True,True
