exposure_a,archive_a,site_a,start_a_utc,duration_a_s,end_a_utc,time_precision_a,ra_a_deg,dec_a_deg,fov_a_deg,access_a,exposure_b,archive_b,site_b,start_b_utc,duration_b_s,end_b_utc,time_precision_b,ra_b_deg,dec_b_deg,fov_b_deg,access_b,midpoint_delta_minutes,center_separation_deg,classification,validation_needed
POSS-I:232:O,POSS-I Palomar,Palomar Observatory,1951-01-03T20:59:00+00:00,720.0,1951-01-03T21:11:00+00:00,catalog_recorded_time_basis_verify,61.86291666666666,0.38527777777777783,6.5,https://archive.stsci.edu/dss/,DASCH:ivo://org.gavo.dc/~?dasch/q/bi05332,Harvard DASCH,DASCH historical observing site unresolved,1951-01-03T20:20:40.100008528+00:00,6000.0,1951-01-03T22:00:40.100008528+00:00,service_timestamp,45.15471418709462,-28.44621135048249,90.44598372047372,http://dc.g-vo.org/getproduct/dasch/q/bi05332,5.668333466666667,32.973619042805524,candidate_independent_overlap,inspect logbooks; verify timestamp precision; use true footprint; inspect pixels
DASCH:ivo://org.gavo.dc/~?dasch/q/bi05341,Harvard DASCH,DASCH historical observing site unresolved,1951-01-14T20:19:18.199990079+00:00,6000.0,1951-01-14T21:59:18.199990079+00:00,service_timestamp,90.09535669034608,0.959742425470562,90.49929207620762,http://dc.g-vo.org/getproduct/dasch/q/bi05341,APPLAUSE:11751,Lippert-Astrograph (Hamburg),Hamburger Sternwarte,1951-01-14T21:24:55+00:00,600.0,1951-01-14T21:34:55+00:00,calibrated_ut,68.9069,17.2148,5.0,https://www.plate-archive.org/,20.613333483333335,26.432507537159978,candidate_independent_overlap,inspect logbooks; verify timestamp precision; use true footprint; inspect pixels
APPLAUSE:11781,Lippert-Astrograph (Hamburg),Hamburger Sternwarte,1951-01-30T18:51:15+00:00,600.0,1951-01-30T19:01:15+00:00,calibrated_ut,68.9063,17.2147,5.0,https://www.plate-archive.org/,DASCH:ivo://org.gavo.dc/~?dasch/q/bi05351,Harvard DASCH,DASCH historical observing site unresolved,1951-01-30T18:18:31.500013086+00:00,7200.0,1951-01-30T20:18:31.500013086+00:00,service_timestamp,104.4408755485738,13.935066629292065,83.78054776256148,http://dc.g-vo.org/getproduct/dasch/q/bi05351,22.27500021666667,34.33991399072789,candidate_independent_overlap,inspect logbooks; verify timestamp precision; use true footprint; inspect pixels
APPLAUSE:11782,Lippert-Astrograph (Hamburg),Hamburger Sternwarte,1951-01-30T19:06:13+00:00,600.0,1951-01-30T19:16:13+00:00,calibrated_ut,68.9063,17.2147,5.0,https://www.plate-archive.org/,DASCH:ivo://org.gavo.dc/~?dasch/q/bi05351,Harvard DASCH,DASCH historical observing site unresolved,1951-01-30T18:18:31.500013086+00:00,7200.0,1951-01-30T20:18:31.500013086+00:00,service_timestamp,104.4408755485738,13.935066629292065,83.78054776256148,http://dc.g-vo.org/getproduct/dasch/q/bi05351,7.30833355,34.33991399072789,candidate_independent_overlap,inspect logbooks; verify timestamp precision; use true footprint; inspect pixels
DASCH:ivo://org.gavo.dc/~?dasch/q/bi05351,Harvard DASCH,DASCH historical observing site unresolved,1951-01-30T18:18:31.500013086+00:00,7200.0,1951-01-30T20:18:31.500013086+00:00,service_timestamp,104.4408755485738,13.935066629292065,83.78054776256148,http://dc.g-vo.org/getproduct/dasch/q/bi05351,APPLAUSE:11783,Lippert-Astrograph (Hamburg),Hamburger Sternwarte,1951-01-30T19:38:08+00:00,600.0,1951-01-30T19:48:08+00:00,calibrated_ut,68.9063,17.2147,5.0,https://www.plate-archive.org/,24.6083331,34.33991399072789,candidate_independent_overlap,inspect logbooks; verify timestamp precision; use true footprint; inspect pixels
DASCH:ivo://org.gavo.dc/~?dasch/q/rb16848,Harvard DASCH,DASCH historical observing site unresolved,1951-01-30T20:17:13.599981942+00:00,6000.0,1951-01-30T21:57:13.599981942+00:00,service_timestamp,76.14779641050364,0.363381862911414,33.002542663163524,http://dc.g-vo.org/getproduct/dasch/q/rb16848,APPLAUSE:11788,Lippert-Astrograph (Hamburg),Hamburger Sternwarte,1951-01-30T21:13:52+00:00,120.0,1951-01-30T21:15:52+00:00,calibrated_ut,86.4218,9.05,5.0,https://www.plate-archive.org/,7.6400003,13.419939432395154,candidate_independent_overlap,inspect logbooks; verify timestamp precision; use true footprint; inspect pixels
DASCH:ivo://org.gavo.dc/~?dasch/q/rb16848,Harvard DASCH,DASCH historical observing site unresolved,1951-01-30T20:17:13.599981942+00:00,6000.0,1951-01-30T21:57:13.599981942+00:00,service_timestamp,76.14779641050364,0.363381862911414,33.002542663163524,http://dc.g-vo.org/getproduct/dasch/q/rb16848,APPLAUSE:11787,Lippert-Astrograph (Hamburg),Hamburger Sternwarte,1951-01-30T21:10:53+00:00,480.0,1951-01-30T21:18:53+00:00,calibrated_ut,86.4218,9.05,5.0,https://www.plate-archive.org/,7.656666966666666,13.419939432395154,candidate_independent_overlap,inspect logbooks; verify timestamp precision; use true footprint; inspect pixels
DASCH:ivo://org.gavo.dc/~?dasch/q/rb16848,Harvard DASCH,DASCH historical observing site unresolved,1951-01-30T20:17:13.599981942+00:00,6000.0,1951-01-30T21:57:13.599981942+00:00,service_timestamp,76.14779641050364,0.363381862911414,33.002542663163524,http://dc.g-vo.org/getproduct/dasch/q/rb16848,APPLAUSE:11789,Lippert-Astrograph (Hamburg),Hamburger Sternwarte,1951-01-30T21:29:50+00:00,120.0,1951-01-30T21:31:50+00:00,calibrated_ut,86.4218,9.05,5.0,https://www.plate-archive.org/,23.60666696666667,13.419939432395154,candidate_independent_overlap,inspect logbooks; verify timestamp precision; use true footprint; inspect pixels
DASCH:ivo://org.gavo.dc/~?dasch/q/rb16848,Harvard DASCH,DASCH historical observing site unresolved,1951-01-30T20:17:13.599981942+00:00,6000.0,1951-01-30T21:57:13.599981942+00:00,service_timestamp,76.14779641050364,0.363381862911414,33.002542663163524,http://dc.g-vo.org/getproduct/dasch/q/rb16848,APPLAUSE:11790,Lippert-Astrograph (Hamburg),Hamburger Sternwarte,1951-01-30T21:32:49+00:00,120.0,1951-01-30T21:34:49+00:00,calibrated_ut,86.4218,9.05,5.0,https://www.plate-archive.org/,26.5900003,13.419939432395154,candidate_independent_overlap,inspect logbooks; verify timestamp precision; use true footprint; inspect pixels
DASCH:ivo://org.gavo.dc/~?dasch/q/bi05352,Harvard DASCH,DASCH historical observing site unresolved,1951-01-30T20:20:13.099994047+00:00,6000.0,1951-01-30T22:00:13.099994047+00:00,service_timestamp,110.37004991642574,-15.422992913911273,89.60784950226463,http://dc.g-vo.org/getproduct/dasch/q/bi05352,APPLAUSE:11788,Lippert-Astrograph (Hamburg),Hamburger Sternwarte,1951-01-30T21:13:52+00:00,120.0,1951-01-30T21:15:52+00:00,calibrated_ut,86.4218,9.05,5.0,https://www.plate-archive.org/,4.648333416666667,34.085490184381804,candidate_independent_overlap,inspect logbooks; verify timestamp precision; use true footprint; inspect pixels
DASCH:ivo://org.gavo.dc/~?dasch/q/bi05352,Harvard DASCH,DASCH historical observing site unresolved,1951-01-30T20:20:13.099994047+00:00,6000.0,1951-01-30T22:00:13.099994047+00:00,service_timestamp,110.37004991642574,-15.422992913911273,89.60784950226463,http://dc.g-vo.org/getproduct/dasch/q/bi05352,APPLAUSE:11787,Lippert-Astrograph (Hamburg),Hamburger Sternwarte,1951-01-30T21:10:53+00:00,480.0,1951-01-30T21:18:53+00:00,calibrated_ut,86.4218,9.05,5.0,https://www.plate-archive.org/,4.665000083333334,34.085490184381804,candidate_independent_overlap,inspect logbooks; verify timestamp precision; use true footprint; inspect pixels
DASCH:ivo://org.gavo.dc/~?dasch/q/bi05352,Harvard DASCH,DASCH historical observing site unresolved,1951-01-30T20:20:13.099994047+00:00,6000.0,1951-01-30T22:00:13.099994047+00:00,service_timestamp,110.37004991642574,-15.422992913911273,89.60784950226463,http://dc.g-vo.org/getproduct/dasch/q/bi05352,APPLAUSE:11789,Lippert-Astrograph (Hamburg),Hamburger Sternwarte,1951-01-30T21:29:50+00:00,120.0,1951-01-30T21:31:50+00:00,calibrated_ut,86.4218,9.05,5.0,https://www.plate-archive.org/,20.61500008333333,34.085490184381804,candidate_independent_overlap,inspect logbooks; verify timestamp precision; use true footprint; inspect pixels
DASCH:ivo://org.gavo.dc/~?dasch/q/bi05352,Harvard DASCH,DASCH historical observing site unresolved,1951-01-30T20:20:13.099994047+00:00,6000.0,1951-01-30T22:00:13.099994047+00:00,service_timestamp,110.37004991642574,-15.422992913911273,89.60784950226463,http://dc.g-vo.org/getproduct/dasch/q/bi05352,APPLAUSE:11790,Lippert-Astrograph (Hamburg),Hamburger Sternwarte,1951-01-30T21:32:49+00:00,120.0,1951-01-30T21:34:49+00:00,calibrated_ut,86.4218,9.05,5.0,https://www.plate-archive.org/,23.598333416666666,34.085490184381804,candidate_independent_overlap,inspect logbooks; verify timestamp precision; use true footprint; inspect pixels
APPLAUSE:11789,Lippert-Astrograph (Hamburg),Hamburger Sternwarte,1951-01-30T21:29:50+00:00,120.0,1951-01-30T21:31:50+00:00,calibrated_ut,86.4218,9.05,5.0,https://www.plate-archive.org/,DASCH:ivo://org.gavo.dc/~?dasch/q/b75711,Harvard DASCH,DASCH historical observing site unresolved,1951-01-30T21:29:07.100016198+00:00,2100.0,1951-01-30T22:04:07.100016198+00:00,service_timestamp,88.49725376059438,12.959947575205293,15.28398,http://dc.g-vo.org/getproduct/dasch/q/b75711,15.785000266666666,4.408675529255774,candidate_independent_overlap,inspect logbooks; verify timestamp precision; use true footprint; inspect pixels
APPLAUSE:11790,Lippert-Astrograph (Hamburg),Hamburger Sternwarte,1951-01-30T21:32:49+00:00,120.0,1951-01-30T21:34:49+00:00,calibrated_ut,86.4218,9.05,5.0,https://www.plate-archive.org/,DASCH:ivo://org.gavo.dc/~?dasch/q/b75711,Harvard DASCH,DASCH historical observing site unresolved,1951-01-30T21:29:07.100016198+00:00,2100.0,1951-01-30T22:04:07.100016198+00:00,service_timestamp,88.49725376059438,12.959947575205293,15.28398,http://dc.g-vo.org/getproduct/dasch/q/b75711,12.801666933333333,4.408675529255774,candidate_independent_overlap,inspect logbooks; verify timestamp precision; use true footprint; inspect pixels
APPLAUSE:11813,Lippert-Astrograph (Hamburg),Hamburger Sternwarte,1951-02-25T18:07:52+00:00,360.0,1951-02-25T18:13:52+00:00,calibrated_ut,86.4208,9.05,5.0,https://www.plate-archive.org/,DASCH:ivo://org.gavo.dc/~?dasch/q/bi05358,Harvard DASCH,DASCH historical observing site unresolved,1951-02-25T17:53:07.700003381+00:00,5400.0,1951-02-25T19:23:07.700003381+00:00,service_timestamp,87.21316230586336,6.047405846540576,90.4032390353082,http://dc.g-vo.org/getproduct/dasch/q/bi05358,27.261666716666664,3.1036149495478105,candidate_independent_overlap,inspect logbooks; verify timestamp precision; use true footprint; inspect pixels
DASCH:ivo://org.gavo.dc/~?dasch/q/bi05359,Harvard DASCH,DASCH historical observing site unresolved,1951-02-27T17:53:12.100006550+00:00,7200.0,1951-02-27T19:53:12.100006550+00:00,service_timestamp,90.27377694605532,-27.93828111724787,90.3996279818151,http://dc.g-vo.org/getproduct/dasch/q/bi05359,APPLAUSE:11817,Lippert-Astrograph (Hamburg),Hamburger Sternwarte,1951-02-27T19:01:50+00:00,2400.0,1951-02-27T19:41:50+00:00,calibrated_ut,103.1277,-0.0619,5.0,https://www.plate-archive.org/,28.63166655,30.478505652866865,candidate_independent_overlap,inspect logbooks; verify timestamp precision; use true footprint; inspect pixels
DASCH:ivo://org.gavo.dc/~?dasch/q/rb16858,Harvard DASCH,DASCH historical observing site unresolved,1951-02-28T19:50:56.200012774+00:00,7200.0,1951-02-28T21:50:56.200012774+00:00,service_timestamp,120.86984960959596,-0.5946315834447883,32.95527127639576,http://dc.g-vo.org/getproduct/dasch/q/rb16858,APPLAUSE:11819,Lippert-Astrograph (Hamburg),Hamburger Sternwarte,1951-02-28T20:47:36+00:00,2400.0,1951-02-28T21:27:36+00:00,calibrated_ut,103.1277,-0.0619,5.0,https://www.plate-archive.org/,16.663333116666667,17.749788395181206,candidate_independent_overlap,inspect logbooks; verify timestamp precision; use true footprint; inspect pixels
DASCH:ivo://org.gavo.dc/~?dasch/q/bi05361,Harvard DASCH,DASCH historical observing site unresolved,1951-02-28T19:53:55.699984642+00:00,7200.0,1951-02-28T21:53:55.699984642+00:00,service_timestamp,123.49837783239256,-20.03325074789752,90.38588083232013,http://dc.g-vo.org/getproduct/dasch/q/bi05361,APPLAUSE:11819,Lippert-Astrograph (Hamburg),Hamburger Sternwarte,1951-02-28T20:47:36+00:00,2400.0,1951-02-28T21:27:36+00:00,calibrated_ut,103.1277,-0.0619,5.0,https://www.plate-archive.org/,13.671666916666668,28.223708159980532,candidate_independent_overlap,inspect logbooks; verify timestamp precision; use true footprint; inspect pixels
DASCH:ivo://org.gavo.dc/~?dasch/q/bi05397,Harvard DASCH,DASCH historical observing site unresolved,1951-07-05T20:49:08.899984148+00:00,3600.0,1951-07-05T21:49:08.899984148+00:00,service_timestamp,282.11961156008584,0.0566696338354561,83.7805477625615,http://dc.g-vo.org/getproduct/dasch/q/bi05397,POSS-I:266:E,POSS-I Palomar,Palomar Observatory,1951-07-05T20:57:00+00:00,3000.0,1951-07-05T21:47:00+00:00,catalog_recorded_time_basis_verify,259.9533333333333,-6.147500000000001,6.5,https://archive.stsci.edu/dss/,2.851666916666667,22.97710029167943,candidate_independent_overlap,inspect logbooks; verify timestamp precision; use true footprint; inspect pixels
DASCH:ivo://org.gavo.dc/~?dasch/q/bi05437,Harvard DASCH,DASCH historical observing site unresolved,1951-08-23T18:55:11.400009902+00:00,7200.0,1951-08-23T20:55:11.400009902+00:00,service_timestamp,315.7885466500675,1.2154831427951256,89.83095115705413,http://dc.g-vo.org/getproduct/dasch/q/bi05437,POSS-I:323:E,POSS-I Palomar,Palomar Observatory,1951-08-23T19:57:00+00:00,3000.0,1951-08-23T20:47:00+00:00,catalog_recorded_time_basis_verify,289.8520833333333,0.26555555555555554,6.5,https://archive.stsci.edu/dss/,26.809999833333332,25.951352615963714,candidate_independent_overlap,inspect logbooks; verify timestamp precision; use true footprint; inspect pixels
DASCH:ivo://org.gavo.dc/~?dasch/q/bi05446,Harvard DASCH,DASCH historical observing site unresolved,1951-08-31T18:59:38.200011167+00:00,7200.0,1951-08-31T20:59:38.200011167+00:00,service_timestamp,273.1432269911091,-14.843629099921946,90.18276816461103,http://dc.g-vo.org/getproduct/dasch/q/bi05446,POSS-I:330:E,POSS-I Palomar,Palomar Observatory,1951-08-31T19:41:00+00:00,3000.0,1951-08-31T20:31:00+00:00,catalog_recorded_time_basis_verify,290.0120833333333,-11.732222222222223,6.5,https://archive.stsci.edu/dss/,6.363333133333333,16.7040477706479,candidate_independent_overlap,inspect logbooks; verify timestamp precision; use true footprint; inspect pixels
APPLAUSE:139003,Zeiss Double Astrograph,Vatican Observatory,1951-09-01T19:43:00+00:00,1800.0,1951-09-01T20:13:00+00:00,calibrated_ut,298.9175,39.3308,5.0,https://www.plate-archive.org/,APPLAUSE:131662,"Astrograph, Bamberg Northern Sky Patrol","Dr. Karl Remeis-Sternwarte, Bamberg",1951-09-01T19:54:00+00:00,3600.0,1951-09-01T20:54:00+00:00,calibrated_ut,300.4149,40.137,5.0,https://www.plate-archive.org/,26.0,1.4056628645550282,candidate_independent_overlap,inspect logbooks; verify timestamp precision; use true footprint; inspect pixels
APPLAUSE:131662,"Astrograph, Bamberg Northern Sky Patrol","Dr. Karl Remeis-Sternwarte, Bamberg",1951-09-01T19:54:00+00:00,3600.0,1951-09-01T20:54:00+00:00,calibrated_ut,300.4149,40.137,5.0,https://www.plate-archive.org/,APPLAUSE:12404,Lippert-Astrograph (Hamburg),Hamburger Sternwarte,1951-09-01T20:33:16+00:00,30.0,1951-09-01T20:33:46+00:00,calibrated_ut,301.647,35.5585,5.0,https://www.plate-archive.org/,9.516666666666667,4.680577512820928,candidate_independent_overlap,inspect logbooks; verify timestamp precision; use true footprint; inspect pixels
APPLAUSE:131662,"Astrograph, Bamberg Northern Sky Patrol","Dr. Karl Remeis-Sternwarte, Bamberg",1951-09-01T19:54:00+00:00,3600.0,1951-09-01T20:54:00+00:00,calibrated_ut,300.4149,40.137,5.0,https://www.plate-archive.org/,APPLAUSE:139004,Zeiss Double Astrograph,Vatican Observatory,1951-09-01T20:18:00+00:00,2160.0,1951-09-01T20:54:00+00:00,calibrated_ut,298.9175,39.3308,5.0,https://www.plate-archive.org/,12.0,1.4056628645550282,candidate_independent_overlap,inspect logbooks; verify timestamp precision; use true footprint; inspect pixels
APPLAUSE:131662,"Astrograph, Bamberg Northern Sky Patrol","Dr. Karl Remeis-Sternwarte, Bamberg",1951-09-01T19:54:00+00:00,3600.0,1951-09-01T20:54:00+00:00,calibrated_ut,300.4149,40.137,5.0,https://www.plate-archive.org/,APPLAUSE:12405,Lippert-Astrograph (Hamburg),Hamburger Sternwarte,1951-09-01T20:38:15+00:00,30.0,1951-09-01T20:38:45+00:00,calibrated_ut,301.647,35.5585,5.0,https://www.plate-archive.org/,14.5,4.680577512820928,candidate_independent_overlap,inspect logbooks; verify timestamp precision; use true footprint; inspect pixels
APPLAUSE:131662,"Astrograph, Bamberg Northern Sky Patrol","Dr. Karl Remeis-Sternwarte, Bamberg",1951-09-01T19:54:00+00:00,3600.0,1951-09-01T20:54:00+00:00,calibrated_ut,300.4149,40.137,5.0,https://www.plate-archive.org/,APPLAUSE:12406,Lippert-Astrograph (Hamburg),Hamburger Sternwarte,1951-09-01T20:43:14+00:00,30.0,1951-09-01T20:43:44+00:00,calibrated_ut,301.647,35.5585,5.0,https://www.plate-archive.org/,19.483333333333334,4.680577512820928,candidate_independent_overlap,inspect logbooks; verify timestamp precision; use true footprint; inspect pixels
APPLAUSE:131662,"Astrograph, Bamberg Northern Sky Patrol","Dr. Karl Remeis-Sternwarte, Bamberg",1951-09-01T19:54:00+00:00,3600.0,1951-09-01T20:54:00+00:00,calibrated_ut,300.4149,40.137,5.0,https://www.plate-archive.org/,APPLAUSE:12407,Lippert-Astrograph (Hamburg),Hamburger Sternwarte,1951-09-01T20:48:14+00:00,30.0,1951-09-01T20:48:44+00:00,calibrated_ut,301.647,35.5585,5.0,https://www.plate-archive.org/,24.483333333333334,4.680577512820928,candidate_independent_overlap,inspect logbooks; verify timestamp precision; use true footprint; inspect pixels
APPLAUSE:131662,"Astrograph, Bamberg Northern Sky Patrol","Dr. Karl Remeis-Sternwarte, Bamberg",1951-09-01T19:54:00+00:00,3600.0,1951-09-01T20:54:00+00:00,calibrated_ut,300.4149,40.137,5.0,https://www.plate-archive.org/,APPLAUSE:12408,Lippert-Astrograph (Hamburg),Hamburger Sternwarte,1951-09-01T20:53:13+00:00,30.0,1951-09-01T20:53:43+00:00,calibrated_ut,301.647,35.5585,5.0,https://www.plate-archive.org/,29.466666666666665,4.680577512820928,candidate_independent_overlap,inspect logbooks; verify timestamp precision; use true footprint; inspect pixels
APPLAUSE:12404,Lippert-Astrograph (Hamburg),Hamburger Sternwarte,1951-09-01T20:33:16+00:00,30.0,1951-09-01T20:33:46+00:00,calibrated_ut,301.647,35.5585,5.0,https://www.plate-archive.org/,APPLAUSE:139004,Zeiss Double Astrograph,Vatican Observatory,1951-09-01T20:18:00+00:00,2160.0,1951-09-01T20:54:00+00:00,calibrated_ut,298.9175,39.3308,5.0,https://www.plate-archive.org/,2.4833333333333334,4.349872984569095,candidate_independent_overlap,inspect logbooks; verify timestamp precision; use true footprint; inspect pixels
APPLAUSE:139004,Zeiss Double Astrograph,Vatican Observatory,1951-09-01T20:18:00+00:00,2160.0,1951-09-01T20:54:00+00:00,calibrated_ut,298.9175,39.3308,5.0,https://www.plate-archive.org/,APPLAUSE:12405,Lippert-Astrograph (Hamburg),Hamburger Sternwarte,1951-09-01T20:38:15+00:00,30.0,1951-09-01T20:38:45+00:00,calibrated_ut,301.647,35.5585,5.0,https://www.plate-archive.org/,2.5,4.349872984569095,candidate_independent_overlap,inspect logbooks; verify timestamp precision; use true footprint; inspect pixels
APPLAUSE:139004,Zeiss Double Astrograph,Vatican Observatory,1951-09-01T20:18:00+00:00,2160.0,1951-09-01T20:54:00+00:00,calibrated_ut,298.9175,39.3308,5.0,https://www.plate-archive.org/,APPLAUSE:12406,Lippert-Astrograph (Hamburg),Hamburger Sternwarte,1951-09-01T20:43:14+00:00,30.0,1951-09-01T20:43:44+00:00,calibrated_ut,301.647,35.5585,5.0,https://www.plate-archive.org/,7.483333333333333,4.349872984569095,candidate_independent_overlap,inspect logbooks; verify timestamp precision; use true footprint; inspect pixels
APPLAUSE:139004,Zeiss Double Astrograph,Vatican Observatory,1951-09-01T20:18:00+00:00,2160.0,1951-09-01T20:54:00+00:00,calibrated_ut,298.9175,39.3308,5.0,https://www.plate-archive.org/,APPLAUSE:12407,Lippert-Astrograph (Hamburg),Hamburger Sternwarte,1951-09-01T20:48:14+00:00,30.0,1951-09-01T20:48:44+00:00,calibrated_ut,301.647,35.5585,5.0,https://www.plate-archive.org/,12.483333333333333,4.349872984569095,candidate_independent_overlap,inspect logbooks; verify timestamp precision; use true footprint; inspect pixels
APPLAUSE:139004,Zeiss Double Astrograph,Vatican Observatory,1951-09-01T20:18:00+00:00,2160.0,1951-09-01T20:54:00+00:00,calibrated_ut,298.9175,39.3308,5.0,https://www.plate-archive.org/,APPLAUSE:12408,Lippert-Astrograph (Hamburg),Hamburger Sternwarte,1951-09-01T20:53:13+00:00,30.0,1951-09-01T20:53:43+00:00,calibrated_ut,301.647,35.5585,5.0,https://www.plate-archive.org/,17.466666666666665,4.349872984569095,candidate_independent_overlap,inspect logbooks; verify timestamp precision; use true footprint; inspect pixels
APPLAUSE:139004,Zeiss Double Astrograph,Vatican Observatory,1951-09-01T20:18:00+00:00,2160.0,1951-09-01T20:54:00+00:00,calibrated_ut,298.9175,39.3308,5.0,https://www.plate-archive.org/,APPLAUSE:12409,Lippert-Astrograph (Hamburg),Hamburger Sternwarte,1951-09-01T20:58:12+00:00,30.0,1951-09-01T20:58:42+00:00,calibrated_ut,301.647,35.5585,5.0,https://www.plate-archive.org/,22.45,4.349872984569095,candidate_independent_overlap,inspect logbooks; verify timestamp precision; use true footprint; inspect pixels
APPLAUSE:139004,Zeiss Double Astrograph,Vatican Observatory,1951-09-01T20:18:00+00:00,2160.0,1951-09-01T20:54:00+00:00,calibrated_ut,298.9175,39.3308,5.0,https://www.plate-archive.org/,APPLAUSE:12410,Lippert-Astrograph (Hamburg),Hamburger Sternwarte,1951-09-01T21:03:11+00:00,30.0,1951-09-01T21:03:41+00:00,calibrated_ut,301.647,35.5585,5.0,https://www.plate-archive.org/,27.433333333333334,4.349872984569095,candidate_independent_overlap,inspect logbooks; verify timestamp precision; use true footprint; inspect pixels
APPLAUSE:12409,Lippert-Astrograph (Hamburg),Hamburger Sternwarte,1951-09-01T20:58:12+00:00,30.0,1951-09-01T20:58:42+00:00,calibrated_ut,301.647,35.5585,5.0,https://www.plate-archive.org/,APPLAUSE:139005,Zeiss Double Astrograph,Vatican Observatory,1951-09-01T21:04:00+00:00,2400.0,1951-09-01T21:44:00+00:00,calibrated_ut,303.6933,36.8,5.0,https://www.plate-archive.org/,25.55,2.0661857742182037,candidate_independent_overlap,inspect logbooks; verify timestamp precision; use true footprint; inspect pixels
APPLAUSE:12410,Lippert-Astrograph (Hamburg),Hamburger Sternwarte,1951-09-01T21:03:11+00:00,30.0,1951-09-01T21:03:41+00:00,calibrated_ut,301.647,35.5585,5.0,https://www.plate-archive.org/,APPLAUSE:139005,Zeiss Double Astrograph,Vatican Observatory,1951-09-01T21:04:00+00:00,2400.0,1951-09-01T21:44:00+00:00,calibrated_ut,303.6933,36.8,5.0,https://www.plate-archive.org/,20.566666666666666,2.0661857742182037,candidate_independent_overlap,inspect logbooks; verify timestamp precision; use true footprint; inspect pixels
APPLAUSE:12411,Lippert-Astrograph (Hamburg),Hamburger Sternwarte,1951-09-01T21:08:10+00:00,30.0,1951-09-01T21:08:40+00:00,calibrated_ut,301.647,35.5585,5.0,https://www.plate-archive.org/,APPLAUSE:139005,Zeiss Double Astrograph,Vatican Observatory,1951-09-01T21:04:00+00:00,2400.0,1951-09-01T21:44:00+00:00,calibrated_ut,303.6933,36.8,5.0,https://www.plate-archive.org/,15.583333333333334,2.0661857742182037,candidate_independent_overlap,inspect logbooks; verify timestamp precision; use true footprint; inspect pixels
APPLAUSE:12412,Lippert-Astrograph (Hamburg),Hamburger Sternwarte,1951-09-01T21:13:10+00:00,30.0,1951-09-01T21:13:40+00:00,calibrated_ut,301.647,35.5585,5.0,https://www.plate-archive.org/,APPLAUSE:139005,Zeiss Double Astrograph,Vatican Observatory,1951-09-01T21:04:00+00:00,2400.0,1951-09-01T21:44:00+00:00,calibrated_ut,303.6933,36.8,5.0,https://www.plate-archive.org/,10.583333333333334,2.0661857742182037,candidate_independent_overlap,inspect logbooks; verify timestamp precision; use true footprint; inspect pixels
APPLAUSE:12413,Lippert-Astrograph (Hamburg),Hamburger Sternwarte,1951-09-01T21:18:09+00:00,30.0,1951-09-01T21:18:39+00:00,calibrated_ut,301.647,35.5585,5.0,https://www.plate-archive.org/,APPLAUSE:139005,Zeiss Double Astrograph,Vatican Observatory,1951-09-01T21:04:00+00:00,2400.0,1951-09-01T21:44:00+00:00,calibrated_ut,303.6933,36.8,5.0,https://www.plate-archive.org/,5.6,2.0661857742182037,candidate_independent_overlap,inspect logbooks; verify timestamp precision; use true footprint; inspect pixels
APPLAUSE:12414,Lippert-Astrograph (Hamburg),Hamburger Sternwarte,1951-09-01T21:23:08+00:00,30.0,1951-09-01T21:23:38+00:00,calibrated_ut,301.647,35.5585,5.0,https://www.plate-archive.org/,APPLAUSE:139005,Zeiss Double Astrograph,Vatican Observatory,1951-09-01T21:04:00+00:00,2400.0,1951-09-01T21:44:00+00:00,calibrated_ut,303.6933,36.8,5.0,https://www.plate-archive.org/,0.6166666666666667,2.0661857742182037,candidate_independent_overlap,inspect logbooks; verify timestamp precision; use true footprint; inspect pixels
APPLAUSE:139005,Zeiss Double Astrograph,Vatican Observatory,1951-09-01T21:04:00+00:00,2400.0,1951-09-01T21:44:00+00:00,calibrated_ut,303.6933,36.8,5.0,https://www.plate-archive.org/,APPLAUSE:12415,Lippert-Astrograph (Hamburg),Hamburger Sternwarte,1951-09-01T21:28:07+00:00,30.0,1951-09-01T21:28:37+00:00,calibrated_ut,301.647,35.5585,5.0,https://www.plate-archive.org/,4.366666666666666,2.0661857742182037,candidate_independent_overlap,inspect logbooks; verify timestamp precision; use true footprint; inspect pixels
APPLAUSE:139005,Zeiss Double Astrograph,Vatican Observatory,1951-09-01T21:04:00+00:00,2400.0,1951-09-01T21:44:00+00:00,calibrated_ut,303.6933,36.8,5.0,https://www.plate-archive.org/,APPLAUSE:12416,Lippert-Astrograph (Hamburg),Hamburger Sternwarte,1951-09-01T21:33:06+00:00,30.0,1951-09-01T21:33:36+00:00,calibrated_ut,301.647,35.5585,5.0,https://www.plate-archive.org/,9.35,2.0661857742182037,candidate_independent_overlap,inspect logbooks; verify timestamp precision; use true footprint; inspect pixels
APPLAUSE:139005,Zeiss Double Astrograph,Vatican Observatory,1951-09-01T21:04:00+00:00,2400.0,1951-09-01T21:44:00+00:00,calibrated_ut,303.6933,36.8,5.0,https://www.plate-archive.org/,APPLAUSE:12417,Lippert-Astrograph (Hamburg),Hamburger Sternwarte,1951-09-01T21:38:06+00:00,30.0,1951-09-01T21:38:36+00:00,calibrated_ut,301.647,35.5585,5.0,https://www.plate-archive.org/,14.35,2.0661857742182037,candidate_independent_overlap,inspect logbooks; verify timestamp precision; use true footprint; inspect pixels
APPLAUSE:139005,Zeiss Double Astrograph,Vatican Observatory,1951-09-01T21:04:00+00:00,2400.0,1951-09-01T21:44:00+00:00,calibrated_ut,303.6933,36.8,5.0,https://www.plate-archive.org/,APPLAUSE:12418,Lippert-Astrograph (Hamburg),Hamburger Sternwarte,1951-09-01T21:43:05+00:00,30.0,1951-09-01T21:43:35+00:00,calibrated_ut,301.647,35.5585,5.0,https://www.plate-archive.org/,19.333333333333332,2.0661857742182037,candidate_independent_overlap,inspect logbooks; verify timestamp precision; use true footprint; inspect pixels
APPLAUSE:139005,Zeiss Double Astrograph,Vatican Observatory,1951-09-01T21:04:00+00:00,2400.0,1951-09-01T21:44:00+00:00,calibrated_ut,303.6933,36.8,5.0,https://www.plate-archive.org/,APPLAUSE:12419,Lippert-Astrograph (Hamburg),Hamburger Sternwarte,1951-09-01T21:48:04+00:00,30.0,1951-09-01T21:48:34+00:00,calibrated_ut,301.647,35.5585,5.0,https://www.plate-archive.org/,24.316666666666666,2.0661857742182037,candidate_independent_overlap,inspect logbooks; verify timestamp precision; use true footprint; inspect pixels
APPLAUSE:139005,Zeiss Double Astrograph,Vatican Observatory,1951-09-01T21:04:00+00:00,2400.0,1951-09-01T21:44:00+00:00,calibrated_ut,303.6933,36.8,5.0,https://www.plate-archive.org/,APPLAUSE:12420,Lippert-Astrograph (Hamburg),Hamburger Sternwarte,1951-09-01T21:53:03+00:00,30.0,1951-09-01T21:53:33+00:00,calibrated_ut,301.647,35.5585,5.0,https://www.plate-archive.org/,29.3,2.0661857742182037,candidate_independent_overlap,inspect logbooks; verify timestamp precision; use true footprint; inspect pixels
APPLAUSE:12417,Lippert-Astrograph (Hamburg),Hamburger Sternwarte,1951-09-01T21:38:06+00:00,30.0,1951-09-01T21:38:36+00:00,calibrated_ut,301.647,35.5585,5.0,https://www.plate-archive.org/,APPLAUSE:139006,Zeiss Double Astrograph,Vatican Observatory,1951-09-01T21:49:00+00:00,1920.0,1951-09-01T22:21:00+00:00,calibrated_ut,303.6933,36.8,5.0,https://www.plate-archive.org/,26.65,2.0661857742182037,candidate_independent_overlap,inspect logbooks; verify timestamp precision; use true footprint; inspect pixels
APPLAUSE:12418,Lippert-Astrograph (Hamburg),Hamburger Sternwarte,1951-09-01T21:43:05+00:00,30.0,1951-09-01T21:43:35+00:00,calibrated_ut,301.647,35.5585,5.0,https://www.plate-archive.org/,APPLAUSE:139006,Zeiss Double Astrograph,Vatican Observatory,1951-09-01T21:49:00+00:00,1920.0,1951-09-01T22:21:00+00:00,calibrated_ut,303.6933,36.8,5.0,https://www.plate-archive.org/,21.666666666666668,2.0661857742182037,candidate_independent_overlap,inspect logbooks; verify timestamp precision; use true footprint; inspect pixels
APPLAUSE:12419,Lippert-Astrograph (Hamburg),Hamburger Sternwarte,1951-09-01T21:48:04+00:00,30.0,1951-09-01T21:48:34+00:00,calibrated_ut,301.647,35.5585,5.0,https://www.plate-archive.org/,APPLAUSE:139006,Zeiss Double Astrograph,Vatican Observatory,1951-09-01T21:49:00+00:00,1920.0,1951-09-01T22:21:00+00:00,calibrated_ut,303.6933,36.8,5.0,https://www.plate-archive.org/,16.683333333333334,2.0661857742182037,candidate_independent_overlap,inspect logbooks; verify timestamp precision; use true footprint; inspect pixels
APPLAUSE:12420,Lippert-Astrograph (Hamburg),Hamburger Sternwarte,1951-09-01T21:53:03+00:00,30.0,1951-09-01T21:53:33+00:00,calibrated_ut,301.647,35.5585,5.0,https://www.plate-archive.org/,APPLAUSE:139006,Zeiss Double Astrograph,Vatican Observatory,1951-09-01T21:49:00+00:00,1920.0,1951-09-01T22:21:00+00:00,calibrated_ut,303.6933,36.8,5.0,https://www.plate-archive.org/,11.7,2.0661857742182037,candidate_independent_overlap,inspect logbooks; verify timestamp precision; use true footprint; inspect pixels
APPLAUSE:12421,Lippert-Astrograph (Hamburg),Hamburger Sternwarte,1951-09-01T21:58:02+00:00,30.0,1951-09-01T21:58:32+00:00,calibrated_ut,301.647,35.5585,5.0,https://www.plate-archive.org/,APPLAUSE:139006,Zeiss Double Astrograph,Vatican Observatory,1951-09-01T21:49:00+00:00,1920.0,1951-09-01T22:21:00+00:00,calibrated_ut,303.6933,36.8,5.0,https://www.plate-archive.org/,6.716666666666667,2.0661857742182037,candidate_independent_overlap,inspect logbooks; verify timestamp precision; use true footprint; inspect pixels
APPLAUSE:12422,Lippert-Astrograph (Hamburg),Hamburger Sternwarte,1951-09-01T22:03:01+00:00,30.0,1951-09-01T22:03:31+00:00,calibrated_ut,301.647,35.5585,5.0,https://www.plate-archive.org/,APPLAUSE:139006,Zeiss Double Astrograph,Vatican Observatory,1951-09-01T21:49:00+00:00,1920.0,1951-09-01T22:21:00+00:00,calibrated_ut,303.6933,36.8,5.0,https://www.plate-archive.org/,1.7333333333333334,2.0661857742182037,candidate_independent_overlap,inspect logbooks; verify timestamp precision; use true footprint; inspect pixels
APPLAUSE:139006,Zeiss Double Astrograph,Vatican Observatory,1951-09-01T21:49:00+00:00,1920.0,1951-09-01T22:21:00+00:00,calibrated_ut,303.6933,36.8,5.0,https://www.plate-archive.org/,APPLAUSE:12423,Lippert-Astrograph (Hamburg),Hamburger Sternwarte,1951-09-01T22:08:01+00:00,30.0,1951-09-01T22:08:31+00:00,calibrated_ut,301.647,35.5585,5.0,https://www.plate-archive.org/,3.2666666666666666,2.0661857742182037,candidate_independent_overlap,inspect logbooks; verify timestamp precision; use true footprint; inspect pixels
APPLAUSE:139006,Zeiss Double Astrograph,Vatican Observatory,1951-09-01T21:49:00+00:00,1920.0,1951-09-01T22:21:00+00:00,calibrated_ut,303.6933,36.8,5.0,https://www.plate-archive.org/,APPLAUSE:12424,Lippert-Astrograph (Hamburg),Hamburger Sternwarte,1951-09-01T22:13:00+00:00,30.0,1951-09-01T22:13:30+00:00,calibrated_ut,301.647,35.5585,5.0,https://www.plate-archive.org/,8.25,2.0661857742182037,candidate_independent_overlap,inspect logbooks; verify timestamp precision; use true footprint; inspect pixels
APPLAUSE:139006,Zeiss Double Astrograph,Vatican Observatory,1951-09-01T21:49:00+00:00,1920.0,1951-09-01T22:21:00+00:00,calibrated_ut,303.6933,36.8,5.0,https://www.plate-archive.org/,APPLAUSE:12425,Lippert-Astrograph (Hamburg),Hamburger Sternwarte,1951-09-01T22:17:59+00:00,30.0,1951-09-01T22:18:29+00:00,calibrated_ut,301.647,35.5585,5.0,https://www.plate-archive.org/,13.233333333333333,2.0661857742182037,candidate_independent_overlap,inspect logbooks; verify timestamp precision; use true footprint; inspect pixels
APPLAUSE:139006,Zeiss Double Astrograph,Vatican Observatory,1951-09-01T21:49:00+00:00,1920.0,1951-09-01T22:21:00+00:00,calibrated_ut,303.6933,36.8,5.0,https://www.plate-archive.org/,APPLAUSE:12426,Lippert-Astrograph (Hamburg),Hamburger Sternwarte,1951-09-01T22:22:58+00:00,30.0,1951-09-01T22:23:28+00:00,calibrated_ut,301.647,35.5585,5.0,https://www.plate-archive.org/,18.216666666666665,2.0661857742182037,candidate_independent_overlap,inspect logbooks; verify timestamp precision; use true footprint; inspect pixels
APPLAUSE:139006,Zeiss Double Astrograph,Vatican Observatory,1951-09-01T21:49:00+00:00,1920.0,1951-09-01T22:21:00+00:00,calibrated_ut,303.6933,36.8,5.0,https://www.plate-archive.org/,APPLAUSE:12427,Lippert-Astrograph (Hamburg),Hamburger Sternwarte,1951-09-01T22:27:57+00:00,30.0,1951-09-01T22:28:27+00:00,calibrated_ut,301.647,35.5585,5.0,https://www.plate-archive.org/,23.2,2.0661857742182037,candidate_independent_overlap,inspect logbooks; verify timestamp precision; use true footprint; inspect pixels
DASCH:ivo://org.gavo.dc/~?dasch/q/bi05459,Harvard DASCH,DASCH historical observing site unresolved,1951-09-06T19:05:57.899983439+00:00,7200.0,1951-09-06T21:05:57.899983439+00:00,service_timestamp,331.64883967684443,2.1600680002439963,90.40144111293112,http://dc.g-vo.org/getproduct/dasch/q/bi05459,APPLAUSE:12469,Lippert-Astrograph (Hamburg),Hamburger Sternwarte,1951-09-06T20:08:37+00:00,30.0,1951-09-06T20:09:07+00:00,calibrated_ut,301.6468,35.5584,5.0,https://www.plate-archive.org/,2.9016669333333334,43.45328036921136,candidate_independent_overlap,inspect logbooks; verify timestamp precision; use true footprint; inspect pixels
DASCH:ivo://org.gavo.dc/~?dasch/q/bi05459,Harvard DASCH,DASCH historical observing site unresolved,1951-09-06T19:05:57.899983439+00:00,7200.0,1951-09-06T21:05:57.899983439+00:00,service_timestamp,331.64883967684443,2.1600680002439963,90.40144111293112,http://dc.g-vo.org/getproduct/dasch/q/bi05459,APPLAUSE:12470,Lippert-Astrograph (Hamburg),Hamburger Sternwarte,1951-09-06T20:13:36+00:00,30.0,1951-09-06T20:14:06+00:00,calibrated_ut,301.6468,35.5584,5.0,https://www.plate-archive.org/,7.885000266666666,43.45328036921136,candidate_independent_overlap,inspect logbooks; verify timestamp precision; use true footprint; inspect pixels
DASCH:ivo://org.gavo.dc/~?dasch/q/bi05459,Harvard DASCH,DASCH historical observing site unresolved,1951-09-06T19:05:57.899983439+00:00,7200.0,1951-09-06T21:05:57.899983439+00:00,service_timestamp,331.64883967684443,2.1600680002439963,90.40144111293112,http://dc.g-vo.org/getproduct/dasch/q/bi05459,APPLAUSE:12471,Lippert-Astrograph (Hamburg),Hamburger Sternwarte,1951-09-06T20:18:36+00:00,30.0,1951-09-06T20:19:06+00:00,calibrated_ut,301.6468,35.5584,5.0,https://www.plate-archive.org/,12.885000266666667,43.45328036921136,candidate_independent_overlap,inspect logbooks; verify timestamp precision; use true footprint; inspect pixels
DASCH:ivo://org.gavo.dc/~?dasch/q/bi05459,Harvard DASCH,DASCH historical observing site unresolved,1951-09-06T19:05:57.899983439+00:00,7200.0,1951-09-06T21:05:57.899983439+00:00,service_timestamp,331.64883967684443,2.1600680002439963,90.40144111293112,http://dc.g-vo.org/getproduct/dasch/q/bi05459,APPLAUSE:12472,Lippert-Astrograph (Hamburg),Hamburger Sternwarte,1951-09-06T20:23:35+00:00,30.0,1951-09-06T20:24:05+00:00,calibrated_ut,301.6468,35.5584,5.0,https://www.plate-archive.org/,17.868333600000003,43.45328036921136,candidate_independent_overlap,inspect logbooks; verify timestamp precision; use true footprint; inspect pixels
DASCH:ivo://org.gavo.dc/~?dasch/q/bi05459,Harvard DASCH,DASCH historical observing site unresolved,1951-09-06T19:05:57.899983439+00:00,7200.0,1951-09-06T21:05:57.899983439+00:00,service_timestamp,331.64883967684443,2.1600680002439963,90.40144111293112,http://dc.g-vo.org/getproduct/dasch/q/bi05459,APPLAUSE:12473,Lippert-Astrograph (Hamburg),Hamburger Sternwarte,1951-09-06T20:28:34+00:00,30.0,1951-09-06T20:29:04+00:00,calibrated_ut,301.6468,35.5584,5.0,https://www.plate-archive.org/,22.851666933333334,43.45328036921136,candidate_independent_overlap,inspect logbooks; verify timestamp precision; use true footprint; inspect pixels
DASCH:ivo://org.gavo.dc/~?dasch/q/bi05459,Harvard DASCH,DASCH historical observing site unresolved,1951-09-06T19:05:57.899983439+00:00,7200.0,1951-09-06T21:05:57.899983439+00:00,service_timestamp,331.64883967684443,2.1600680002439963,90.40144111293112,http://dc.g-vo.org/getproduct/dasch/q/bi05459,APPLAUSE:12474,Lippert-Astrograph (Hamburg),Hamburger Sternwarte,1951-09-06T20:33:33+00:00,30.0,1951-09-06T20:34:03+00:00,calibrated_ut,301.6468,35.5584,5.0,https://www.plate-archive.org/,27.83500026666667,43.45328036921136,candidate_independent_overlap,inspect logbooks; verify timestamp precision; use true footprint; inspect pixels
DASCH:ivo://org.gavo.dc/~?dasch/q/bi05463,Harvard DASCH,DASCH historical observing site unresolved,1951-09-08T00:07:17.599991401+00:00,3000.0,1951-09-08T00:57:17.599991401+00:00,service_timestamp,1.093218753103656,1.8798434388107128,90.42521694515618,http://dc.g-vo.org/getproduct/dasch/q/bi05463,POSS-I:364:E,POSS-I Palomar,Palomar Observatory,1951-09-08T00:13:00+00:00,3600.0,1951-09-08T01:13:00+00:00,catalog_recorded_time_basis_verify,1.8508333333333333,-17.192777777777778,6.5,https://archive.stsci.edu/dss/,10.706666799999999,19.08725151420844,candidate_independent_overlap,inspect logbooks; verify timestamp precision; use true footprint; inspect pixels
APPLAUSE:12558,Lippert-Astrograph (Hamburg),Hamburger Sternwarte,1951-09-19T18:57:33+00:00,30.0,1951-09-19T18:58:03+00:00,calibrated_ut,301.6465,35.5583,5.0,https://www.plate-archive.org/,APPLAUSE:139010,Zeiss Double Astrograph,Vatican Observatory,1951-09-19T19:17:00+00:00,900.0,1951-09-19T19:32:00+00:00,calibrated_ut,298.9171,39.3307,5.0,https://www.plate-archive.org/,26.7,4.349922337287497,candidate_independent_overlap,inspect logbooks; verify timestamp precision; use true footprint; inspect pixels
APPLAUSE:12559,Lippert-Astrograph (Hamburg),Hamburger Sternwarte,1951-09-19T19:02:32+00:00,30.0,1951-09-19T19:03:02+00:00,calibrated_ut,301.6465,35.5583,5.0,https://www.plate-archive.org/,APPLAUSE:139010,Zeiss Double Astrograph,Vatican Observatory,1951-09-19T19:17:00+00:00,900.0,1951-09-19T19:32:00+00:00,calibrated_ut,298.9171,39.3307,5.0,https://www.plate-archive.org/,21.716666666666665,4.349922337287497,candidate_independent_overlap,inspect logbooks; verify timestamp precision; use true footprint; inspect pixels
APPLAUSE:12560,Lippert-Astrograph (Hamburg),Hamburger Sternwarte,1951-09-19T19:07:32+00:00,30.0,1951-09-19T19:08:02+00:00,calibrated_ut,301.6465,35.5583,5.0,https://www.plate-archive.org/,APPLAUSE:139010,Zeiss Double Astrograph,Vatican Observatory,1951-09-19T19:17:00+00:00,900.0,1951-09-19T19:32:00+00:00,calibrated_ut,298.9171,39.3307,5.0,https://www.plate-archive.org/,16.716666666666665,4.349922337287497,candidate_independent_overlap,inspect logbooks; verify timestamp precision; use true footprint; inspect pixels
APPLAUSE:12561,Lippert-Astrograph (Hamburg),Hamburger Sternwarte,1951-09-19T19:12:31+00:00,30.0,1951-09-19T19:13:01+00:00,calibrated_ut,301.6465,35.5583,5.0,https://www.plate-archive.org/,APPLAUSE:139010,Zeiss Double Astrograph,Vatican Observatory,1951-09-19T19:17:00+00:00,900.0,1951-09-19T19:32:00+00:00,calibrated_ut,298.9171,39.3307,5.0,https://www.plate-archive.org/,11.733333333333333,4.349922337287497,candidate_independent_overlap,inspect logbooks; verify timestamp precision; use true footprint; inspect pixels
APPLAUSE:12562,Lippert-Astrograph (Hamburg),Hamburger Sternwarte,1951-09-19T19:17:30+00:00,30.0,1951-09-19T19:18:00+00:00,calibrated_ut,301.6465,35.5583,5.0,https://www.plate-archive.org/,APPLAUSE:139010,Zeiss Double Astrograph,Vatican Observatory,1951-09-19T19:17:00+00:00,900.0,1951-09-19T19:32:00+00:00,calibrated_ut,298.9171,39.3307,5.0,https://www.plate-archive.org/,6.75,4.349922337287497,candidate_independent_overlap,inspect logbooks; verify timestamp precision; use true footprint; inspect pixels
APPLAUSE:12562,Lippert-Astrograph (Hamburg),Hamburger Sternwarte,1951-09-19T19:17:30+00:00,30.0,1951-09-19T19:18:00+00:00,calibrated_ut,301.6465,35.5583,5.0,https://www.plate-archive.org/,APPLAUSE:139011,Zeiss Double Astrograph,Vatican Observatory,1951-09-19T19:38:00+00:00,900.0,1951-09-19T19:53:00+00:00,calibrated_ut,298.9171,39.3307,5.0,https://www.plate-archive.org/,27.75,4.349922337287497,candidate_independent_overlap,inspect logbooks; verify timestamp precision; use true footprint; inspect pixels
APPLAUSE:12563,Lippert-Astrograph (Hamburg),Hamburger Sternwarte,1951-09-19T19:22:29+00:00,30.0,1951-09-19T19:22:59+00:00,calibrated_ut,301.6465,35.5583,5.0,https://www.plate-archive.org/,APPLAUSE:139010,Zeiss Double Astrograph,Vatican Observatory,1951-09-19T19:17:00+00:00,900.0,1951-09-19T19:32:00+00:00,calibrated_ut,298.9171,39.3307,5.0,https://www.plate-archive.org/,1.7666666666666666,4.349922337287497,candidate_independent_overlap,inspect logbooks; verify timestamp precision; use true footprint; inspect pixels
APPLAUSE:12563,Lippert-Astrograph (Hamburg),Hamburger Sternwarte,1951-09-19T19:22:29+00:00,30.0,1951-09-19T19:22:59+00:00,calibrated_ut,301.6465,35.5583,5.0,https://www.plate-archive.org/,APPLAUSE:139011,Zeiss Double Astrograph,Vatican Observatory,1951-09-19T19:38:00+00:00,900.0,1951-09-19T19:53:00+00:00,calibrated_ut,298.9171,39.3307,5.0,https://www.plate-archive.org/,22.766666666666666,4.349922337287497,candidate_independent_overlap,inspect logbooks; verify timestamp precision; use true footprint; inspect pixels
APPLAUSE:139010,Zeiss Double Astrograph,Vatican Observatory,1951-09-19T19:17:00+00:00,900.0,1951-09-19T19:32:00+00:00,calibrated_ut,298.9171,39.3307,5.0,https://www.plate-archive.org/,APPLAUSE:12564,Lippert-Astrograph (Hamburg),Hamburger Sternwarte,1951-09-19T19:37:27+00:00,30.0,1951-09-19T19:37:57+00:00,calibrated_ut,301.6465,35.5583,5.0,https://www.plate-archive.org/,13.2,4.349922337287497,candidate_independent_overlap,inspect logbooks; verify timestamp precision; use true footprint; inspect pixels
APPLAUSE:139010,Zeiss Double Astrograph,Vatican Observatory,1951-09-19T19:17:00+00:00,900.0,1951-09-19T19:32:00+00:00,calibrated_ut,298.9171,39.3307,5.0,https://www.plate-archive.org/,APPLAUSE:12565,Lippert-Astrograph (Hamburg),Hamburger Sternwarte,1951-09-19T19:42:26+00:00,30.0,1951-09-19T19:42:56+00:00,calibrated_ut,301.6465,35.5583,5.0,https://www.plate-archive.org/,18.183333333333334,4.349922337287497,candidate_independent_overlap,inspect logbooks; verify timestamp precision; use true footprint; inspect pixels
APPLAUSE:139010,Zeiss Double Astrograph,Vatican Observatory,1951-09-19T19:17:00+00:00,900.0,1951-09-19T19:32:00+00:00,calibrated_ut,298.9171,39.3307,5.0,https://www.plate-archive.org/,APPLAUSE:12566,Lippert-Astrograph (Hamburg),Hamburger Sternwarte,1951-09-19T19:47:25+00:00,30.0,1951-09-19T19:47:55+00:00,calibrated_ut,301.6465,35.5583,5.0,https://www.plate-archive.org/,23.166666666666668,4.349922337287497,candidate_independent_overlap,inspect logbooks; verify timestamp precision; use true footprint; inspect pixels
APPLAUSE:12564,Lippert-Astrograph (Hamburg),Hamburger Sternwarte,1951-09-19T19:37:27+00:00,30.0,1951-09-19T19:37:57+00:00,calibrated_ut,301.6465,35.5583,5.0,https://www.plate-archive.org/,APPLAUSE:139011,Zeiss Double Astrograph,Vatican Observatory,1951-09-19T19:38:00+00:00,900.0,1951-09-19T19:53:00+00:00,calibrated_ut,298.9171,39.3307,5.0,https://www.plate-archive.org/,7.8,4.349922337287497,candidate_independent_overlap,inspect logbooks; verify timestamp precision; use true footprint; inspect pixels
APPLAUSE:12564,Lippert-Astrograph (Hamburg),Hamburger Sternwarte,1951-09-19T19:37:27+00:00,30.0,1951-09-19T19:37:57+00:00,calibrated_ut,301.6465,35.5583,5.0,https://www.plate-archive.org/,APPLAUSE:139012,Zeiss Double Astrograph,Vatican Observatory,1951-09-19T19:59:00+00:00,900.0,1951-09-19T20:14:00+00:00,calibrated_ut,298.9171,39.3307,5.0,https://www.plate-archive.org/,28.8,4.349922337287497,candidate_independent_overlap,inspect logbooks; verify timestamp precision; use true footprint; inspect pixels
APPLAUSE:12565,Lippert-Astrograph (Hamburg),Hamburger Sternwarte,1951-09-19T19:42:26+00:00,30.0,1951-09-19T19:42:56+00:00,calibrated_ut,301.6465,35.5583,5.0,https://www.plate-archive.org/,APPLAUSE:139011,Zeiss Double Astrograph,Vatican Observatory,1951-09-19T19:38:00+00:00,900.0,1951-09-19T19:53:00+00:00,calibrated_ut,298.9171,39.3307,5.0,https://www.plate-archive.org/,2.816666666666667,4.349922337287497,candidate_independent_overlap,inspect logbooks; verify timestamp precision; use true footprint; inspect pixels
APPLAUSE:12565,Lippert-Astrograph (Hamburg),Hamburger Sternwarte,1951-09-19T19:42:26+00:00,30.0,1951-09-19T19:42:56+00:00,calibrated_ut,301.6465,35.5583,5.0,https://www.plate-archive.org/,APPLAUSE:139012,Zeiss Double Astrograph,Vatican Observatory,1951-09-19T19:59:00+00:00,900.0,1951-09-19T20:14:00+00:00,calibrated_ut,298.9171,39.3307,5.0,https://www.plate-archive.org/,23.816666666666666,4.349922337287497,candidate_independent_overlap,inspect logbooks; verify timestamp precision; use true footprint; inspect pixels
APPLAUSE:139011,Zeiss Double Astrograph,Vatican Observatory,1951-09-19T19:38:00+00:00,900.0,1951-09-19T19:53:00+00:00,calibrated_ut,298.9171,39.3307,5.0,https://www.plate-archive.org/,APPLAUSE:12566,Lippert-Astrograph (Hamburg),Hamburger Sternwarte,1951-09-19T19:47:25+00:00,30.0,1951-09-19T19:47:55+00:00,calibrated_ut,301.6465,35.5583,5.0,https://www.plate-archive.org/,2.1666666666666665,4.349922337287497,candidate_independent_overlap,inspect logbooks; verify timestamp precision; use true footprint; inspect pixels
APPLAUSE:139011,Zeiss Double Astrograph,Vatican Observatory,1951-09-19T19:38:00+00:00,900.0,1951-09-19T19:53:00+00:00,calibrated_ut,298.9171,39.3307,5.0,https://www.plate-archive.org/,APPLAUSE:12567,Lippert-Astrograph (Hamburg),Hamburger Sternwarte,1951-09-19T19:57:24+00:00,30.0,1951-09-19T19:57:54+00:00,calibrated_ut,301.6465,35.5583,5.0,https://www.plate-archive.org/,12.15,4.349922337287497,candidate_independent_overlap,inspect logbooks; verify timestamp precision; use true footprint; inspect pixels
APPLAUSE:139011,Zeiss Double Astrograph,Vatican Observatory,1951-09-19T19:38:00+00:00,900.0,1951-09-19T19:53:00+00:00,calibrated_ut,298.9171,39.3307,5.0,https://www.plate-archive.org/,APPLAUSE:12568,Lippert-Astrograph (Hamburg),Hamburger Sternwarte,1951-09-19T20:02:23+00:00,30.0,1951-09-19T20:02:53+00:00,calibrated_ut,301.6465,35.5583,5.0,https://www.plate-archive.org/,17.133333333333333,4.349922337287497,candidate_independent_overlap,inspect logbooks; verify timestamp precision; use true footprint; inspect pixels
APPLAUSE:139011,Zeiss Double Astrograph,Vatican Observatory,1951-09-19T19:38:00+00:00,900.0,1951-09-19T19:53:00+00:00,calibrated_ut,298.9171,39.3307,5.0,https://www.plate-archive.org/,APPLAUSE:12569,Lippert-Astrograph (Hamburg),Hamburger Sternwarte,1951-09-19T20:07:22+00:00,30.0,1951-09-19T20:07:52+00:00,calibrated_ut,301.6465,35.5583,5.0,https://www.plate-archive.org/,22.116666666666667,4.349922337287497,candidate_independent_overlap,inspect logbooks; verify timestamp precision; use true footprint; inspect pixels
APPLAUSE:139011,Zeiss Double Astrograph,Vatican Observatory,1951-09-19T19:38:00+00:00,900.0,1951-09-19T19:53:00+00:00,calibrated_ut,298.9171,39.3307,5.0,https://www.plate-archive.org/,APPLAUSE:12570,Lippert-Astrograph (Hamburg),Hamburger Sternwarte,1951-09-19T20:12:21+00:00,30.0,1951-09-19T20:12:51+00:00,calibrated_ut,301.6465,35.5583,5.0,https://www.plate-archive.org/,27.1,4.349922337287497,candidate_independent_overlap,inspect logbooks; verify timestamp precision; use true footprint; inspect pixels
APPLAUSE:12566,Lippert-Astrograph (Hamburg),Hamburger Sternwarte,1951-09-19T19:47:25+00:00,30.0,1951-09-19T19:47:55+00:00,calibrated_ut,301.6465,35.5583,5.0,https://www.plate-archive.org/,APPLAUSE:139012,Zeiss Double Astrograph,Vatican Observatory,1951-09-19T19:59:00+00:00,900.0,1951-09-19T20:14:00+00:00,calibrated_ut,298.9171,39.3307,5.0,https://www.plate-archive.org/,18.833333333333332,4.349922337287497,candidate_independent_overlap,inspect logbooks; verify timestamp precision; use true footprint; inspect pixels
APPLAUSE:12567,Lippert-Astrograph (Hamburg),Hamburger Sternwarte,1951-09-19T19:57:24+00:00,30.0,1951-09-19T19:57:54+00:00,calibrated_ut,301.6465,35.5583,5.0,https://www.plate-archive.org/,APPLAUSE:139012,Zeiss Double Astrograph,Vatican Observatory,1951-09-19T19:59:00+00:00,900.0,1951-09-19T20:14:00+00:00,calibrated_ut,298.9171,39.3307,5.0,https://www.plate-archive.org/,8.85,4.349922337287497,candidate_independent_overlap,inspect logbooks; verify timestamp precision; use true footprint; inspect pixels
APPLAUSE:12568,Lippert-Astrograph (Hamburg),Hamburger Sternwarte,1951-09-19T20:02:23+00:00,30.0,1951-09-19T20:02:53+00:00,calibrated_ut,301.6465,35.5583,5.0,https://www.plate-archive.org/,APPLAUSE:139012,Zeiss Double Astrograph,Vatican Observatory,1951-09-19T19:59:00+00:00,900.0,1951-09-19T20:14:00+00:00,calibrated_ut,298.9171,39.3307,5.0,https://www.plate-archive.org/,3.8666666666666667,4.349922337287497,candidate_independent_overlap,inspect logbooks; verify timestamp precision; use true footprint; inspect pixels
APPLAUSE:139012,Zeiss Double Astrograph,Vatican Observatory,1951-09-19T19:59:00+00:00,900.0,1951-09-19T20:14:00+00:00,calibrated_ut,298.9171,39.3307,5.0,https://www.plate-archive.org/,APPLAUSE:12569,Lippert-Astrograph (Hamburg),Hamburger Sternwarte,1951-09-19T20:07:22+00:00,30.0,1951-09-19T20:07:52+00:00,calibrated_ut,301.6465,35.5583,5.0,https://www.plate-archive.org/,1.1166666666666667,4.349922337287497,candidate_independent_overlap,inspect logbooks; verify timestamp precision; use true footprint; inspect pixels
APPLAUSE:139012,Zeiss Double Astrograph,Vatican Observatory,1951-09-19T19:59:00+00:00,900.0,1951-09-19T20:14:00+00:00,calibrated_ut,298.9171,39.3307,5.0,https://www.plate-archive.org/,APPLAUSE:12570,Lippert-Astrograph (Hamburg),Hamburger Sternwarte,1951-09-19T20:12:21+00:00,30.0,1951-09-19T20:12:51+00:00,calibrated_ut,301.6465,35.5583,5.0,https://www.plate-archive.org/,6.1,4.349922337287497,candidate_independent_overlap,inspect logbooks; verify timestamp precision; use true footprint; inspect pixels
APPLAUSE:139012,Zeiss Double Astrograph,Vatican Observatory,1951-09-19T19:59:00+00:00,900.0,1951-09-19T20:14:00+00:00,calibrated_ut,298.9171,39.3307,5.0,https://www.plate-archive.org/,APPLAUSE:12571,Lippert-Astrograph (Hamburg),Hamburger Sternwarte,1951-09-19T20:17:21+00:00,30.0,1951-09-19T20:17:51+00:00,calibrated_ut,301.6465,35.5583,5.0,https://www.plate-archive.org/,11.1,4.349922337287497,candidate_independent_overlap,inspect logbooks; verify timestamp precision; use true footprint; inspect pixels
APPLAUSE:139012,Zeiss Double Astrograph,Vatican Observatory,1951-09-19T19:59:00+00:00,900.0,1951-09-19T20:14:00+00:00,calibrated_ut,298.9171,39.3307,5.0,https://www.plate-archive.org/,APPLAUSE:12572,Lippert-Astrograph (Hamburg),Hamburger Sternwarte,1951-09-19T20:22:20+00:00,30.0,1951-09-19T20:22:50+00:00,calibrated_ut,301.6465,35.5583,5.0,https://www.plate-archive.org/,16.083333333333332,4.349922337287497,candidate_independent_overlap,inspect logbooks; verify timestamp precision; use true footprint; inspect pixels
APPLAUSE:139012,Zeiss Double Astrograph,Vatican Observatory,1951-09-19T19:59:00+00:00,900.0,1951-09-19T20:14:00+00:00,calibrated_ut,298.9171,39.3307,5.0,https://www.plate-archive.org/,APPLAUSE:12573,Lippert-Astrograph (Hamburg),Hamburger Sternwarte,1951-09-19T20:27:19+00:00,30.0,1951-09-19T20:27:49+00:00,calibrated_ut,301.6465,35.5583,5.0,https://www.plate-archive.org/,21.066666666666666,4.349922337287497,candidate_independent_overlap,inspect logbooks; verify timestamp precision; use true footprint; inspect pixels
APPLAUSE:139012,Zeiss Double Astrograph,Vatican Observatory,1951-09-19T19:59:00+00:00,900.0,1951-09-19T20:14:00+00:00,calibrated_ut,298.9171,39.3307,5.0,https://www.plate-archive.org/,APPLAUSE:12574,Lippert-Astrograph (Hamburg),Hamburger Sternwarte,1951-09-19T20:32:18+00:00,30.0,1951-09-19T20:32:48+00:00,calibrated_ut,301.6465,35.5583,5.0,https://www.plate-archive.org/,26.05,4.349922337287497,candidate_independent_overlap,inspect logbooks; verify timestamp precision; use true footprint; inspect pixels
DASCH:ivo://org.gavo.dc/~?dasch/q/bi05468,Harvard DASCH,DASCH historical observing site unresolved,1951-09-24T19:06:59.700010328+00:00,7200.0,1951-09-24T21:06:59.700010328+00:00,service_timestamp,300.9341882034108,1.887604407348135,90.35286913283544,http://dc.g-vo.org/getproduct/dasch/q/bi05468,APPLAUSE:131772,"Astrograph, Bamberg Northern Sky Patrol","Dr. Karl Remeis-Sternwarte, Bamberg",1951-09-24T19:53:00+00:00,3300.0,1951-09-24T20:48:00+00:00,calibrated_ut,338.0536,30.2501,5.0,https://www.plate-archive.org/,13.504999816666666,45.16850857394574,candidate_independent_overlap,inspect logbooks; verify timestamp precision; use true footprint; inspect pixels
APPLAUSE:131773,"Astrograph, Bamberg Northern Sky Patrol","Dr. Karl Remeis-Sternwarte, Bamberg",1951-09-24T20:50:00+00:00,3480.0,1951-09-24T21:48:00+00:00,calibrated_ut,345.5737,30.2611,5.0,https://www.plate-archive.org/,DASCH:ivo://org.gavo.dc/~?dasch/q/bi05469,Harvard DASCH,DASCH historical observing site unresolved,1951-09-24T21:08:44.700003648+00:00,3600.0,1951-09-24T22:08:44.700003648+00:00,service_timestamp,14.452747291096465,1.8219799132682355,90.43090660227772,http://dc.g-vo.org/getproduct/dasch/q/bi05469,19.745000049999998,39.46936955270174,candidate_independent_overlap,inspect logbooks; verify timestamp precision; use true footprint; inspect pixels
POSS-I:383:E,POSS-I Palomar,Palomar Observatory,1951-09-25T20:40:00+00:00,3600.0,1951-09-25T21:40:00+00:00,catalog_recorded_time_basis_verify,333.13666666666666,30.714166666666667,6.5,https://archive.stsci.edu/dss/,APPLAUSE:131784,"Astrograph, Bamberg Northern Sky Patrol","Dr. Karl Remeis-Sternwarte, Bamberg",1951-09-25T20:50:00+00:00,3480.0,1951-09-25T21:48:00+00:00,calibrated_ut,330.5346,30.2347,5.0,https://www.plate-archive.org/,9.0,2.2932261012638557,candidate_independent_overlap,inspect logbooks; verify timestamp precision; use true footprint; inspect pixels
APPLAUSE:131824,"Astrograph, Bamberg Northern Sky Patrol","Dr. Karl Remeis-Sternwarte, Bamberg",1951-10-04T18:35:00+00:00,3480.0,1951-10-04T19:33:00+00:00,calibrated_ut,300.4752,30.1366,5.0,https://www.plate-archive.org/,APPLAUSE:12855,Lippert-Astrograph (Hamburg),Hamburger Sternwarte,1951-10-04T19:25:20+00:00,420.0,1951-10-04T19:32:20+00:00,calibrated_ut,296.0543,32.735,5.0,https://www.plate-archive.org/,24.833333333333332,4.579600932958305,candidate_independent_overlap,inspect logbooks; verify timestamp precision; use true footprint; inspect pixels
APPLAUSE:13382,Lippert-Astrograph (Hamburg),Hamburger Sternwarte,1951-10-24T17:54:44+00:00,30.0,1951-10-24T17:55:14+00:00,calibrated_ut,301.6456,35.558,5.0,https://www.plate-archive.org/,DASCH:ivo://org.gavo.dc/~?dasch/q/bi05485,Harvard DASCH,DASCH historical observing site unresolved,1951-10-24T17:21:00.499982745+00:00,7200.0,1951-10-24T19:21:00.499982745+00:00,service_timestamp,315.61487644013187,0.1921476337237595,83.8295615201287,http://dc.g-vo.org/getproduct/dasch/q/bi05485,26.024999700000002,37.682224446138946,candidate_independent_overlap,inspect logbooks; verify timestamp precision; use true footprint; inspect pixels
APPLAUSE:13383,Lippert-Astrograph (Hamburg),Hamburger Sternwarte,1951-10-24T17:59:43+00:00,30.0,1951-10-24T18:00:13+00:00,calibrated_ut,301.6456,35.558,5.0,https://www.plate-archive.org/,DASCH:ivo://org.gavo.dc/~?dasch/q/bi05485,Harvard DASCH,DASCH historical observing site unresolved,1951-10-24T17:21:00.499982745+00:00,7200.0,1951-10-24T19:21:00.499982745+00:00,service_timestamp,315.61487644013187,0.1921476337237595,83.8295615201287,http://dc.g-vo.org/getproduct/dasch/q/bi05485,21.041666366666668,37.682224446138946,candidate_independent_overlap,inspect logbooks; verify timestamp precision; use true footprint; inspect pixels
APPLAUSE:13384,Lippert-Astrograph (Hamburg),Hamburger Sternwarte,1951-10-24T18:04:42+00:00,30.0,1951-10-24T18:05:12+00:00,calibrated_ut,301.6456,35.558,5.0,https://www.plate-archive.org/,DASCH:ivo://org.gavo.dc/~?dasch/q/bi05485,Harvard DASCH,DASCH historical observing site unresolved,1951-10-24T17:21:00.499982745+00:00,7200.0,1951-10-24T19:21:00.499982745+00:00,service_timestamp,315.61487644013187,0.1921476337237595,83.8295615201287,http://dc.g-vo.org/getproduct/dasch/q/bi05485,16.058333033333334,37.682224446138946,candidate_independent_overlap,inspect logbooks; verify timestamp precision; use true footprint; inspect pixels
APPLAUSE:13384,Lippert-Astrograph (Hamburg),Hamburger Sternwarte,1951-10-24T18:04:42+00:00,30.0,1951-10-24T18:05:12+00:00,calibrated_ut,301.6456,35.558,5.0,https://www.plate-archive.org/,DASCH:ivo://org.gavo.dc/~?dasch/q/b75958,Harvard DASCH,DASCH historical observing site unresolved,1951-10-24T18:09:58.600012066+00:00,2700.0,1951-10-24T18:54:58.600012066+00:00,service_timestamp,301.1041455850393,25.83879487496264,15.387192,http://dc.g-vo.org/getproduct/dasch/q/b75958,27.52666686666667,9.730294969471826,candidate_independent_overlap,inspect logbooks; verify timestamp precision; use true footprint; inspect pixels
APPLAUSE:13385,Lippert-Astrograph (Hamburg),Hamburger Sternwarte,1951-10-24T18:09:41+00:00,30.0,1951-10-24T18:10:11+00:00,calibrated_ut,301.6456,35.558,5.0,https://www.plate-archive.org/,DASCH:ivo://org.gavo.dc/~?dasch/q/bi05485,Harvard DASCH,DASCH historical observing site unresolved,1951-10-24T17:21:00.499982745+00:00,7200.0,1951-10-24T19:21:00.499982745+00:00,service_timestamp,315.61487644013187,0.1921476337237595,83.8295615201287,http://dc.g-vo.org/getproduct/dasch/q/bi05485,11.074999700000001,37.682224446138946,candidate_independent_overlap,inspect logbooks; verify timestamp precision; use true footprint; inspect pixels
APPLAUSE:13385,Lippert-Astrograph (Hamburg),Hamburger Sternwarte,1951-10-24T18:09:41+00:00,30.0,1951-10-24T18:10:11+00:00,calibrated_ut,301.6456,35.558,5.0,https://www.plate-archive.org/,DASCH:ivo://org.gavo.dc/~?dasch/q/b75958,Harvard DASCH,DASCH historical observing site unresolved,1951-10-24T18:09:58.600012066+00:00,2700.0,1951-10-24T18:54:58.600012066+00:00,service_timestamp,301.1041455850393,25.83879487496264,15.387192,http://dc.g-vo.org/getproduct/dasch/q/b75958,22.543333533333335,9.730294969471826,candidate_independent_overlap,inspect logbooks; verify timestamp precision; use true footprint; inspect pixels
APPLAUSE:13386,Lippert-Astrograph (Hamburg),Hamburger Sternwarte,1951-10-24T18:14:41+00:00,30.0,1951-10-24T18:15:11+00:00,calibrated_ut,301.6456,35.558,5.0,https://www.plate-archive.org/,DASCH:ivo://org.gavo.dc/~?dasch/q/bi05485,Harvard DASCH,DASCH historical observing site unresolved,1951-10-24T17:21:00.499982745+00:00,7200.0,1951-10-24T19:21:00.499982745+00:00,service_timestamp,315.61487644013187,0.1921476337237595,83.8295615201287,http://dc.g-vo.org/getproduct/dasch/q/bi05485,6.0749997,37.682224446138946,candidate_independent_overlap,inspect logbooks; verify timestamp precision; use true footprint; inspect pixels
APPLAUSE:13386,Lippert-Astrograph (Hamburg),Hamburger Sternwarte,1951-10-24T18:14:41+00:00,30.0,1951-10-24T18:15:11+00:00,calibrated_ut,301.6456,35.558,5.0,https://www.plate-archive.org/,DASCH:ivo://org.gavo.dc/~?dasch/q/b75958,Harvard DASCH,DASCH historical observing site unresolved,1951-10-24T18:09:58.600012066+00:00,2700.0,1951-10-24T18:54:58.600012066+00:00,service_timestamp,301.1041455850393,25.83879487496264,15.387192,http://dc.g-vo.org/getproduct/dasch/q/b75958,17.543333533333335,9.730294969471826,candidate_independent_overlap,inspect logbooks; verify timestamp precision; use true footprint; inspect pixels
APPLAUSE:13387,Lippert-Astrograph (Hamburg),Hamburger Sternwarte,1951-10-24T18:19:40+00:00,30.0,1951-10-24T18:20:10+00:00,calibrated_ut,301.6456,35.558,5.0,https://www.plate-archive.org/,DASCH:ivo://org.gavo.dc/~?dasch/q/bi05485,Harvard DASCH,DASCH historical observing site unresolved,1951-10-24T17:21:00.499982745+00:00,7200.0,1951-10-24T19:21:00.499982745+00:00,service_timestamp,315.61487644013187,0.1921476337237595,83.8295615201287,http://dc.g-vo.org/getproduct/dasch/q/bi05485,1.0916663666666666,37.682224446138946,candidate_independent_overlap,inspect logbooks; verify timestamp precision; use true footprint; inspect pixels
APPLAUSE:13387,Lippert-Astrograph (Hamburg),Hamburger Sternwarte,1951-10-24T18:19:40+00:00,30.0,1951-10-24T18:20:10+00:00,calibrated_ut,301.6456,35.558,5.0,https://www.plate-archive.org/,DASCH:ivo://org.gavo.dc/~?dasch/q/b75958,Harvard DASCH,DASCH historical observing site unresolved,1951-10-24T18:09:58.600012066+00:00,2700.0,1951-10-24T18:54:58.600012066+00:00,service_timestamp,301.1041455850393,25.83879487496264,15.387192,http://dc.g-vo.org/getproduct/dasch/q/b75958,12.5600002,9.730294969471826,candidate_independent_overlap,inspect logbooks; verify timestamp precision; use true footprint; inspect pixels
DASCH:ivo://org.gavo.dc/~?dasch/q/bi05485,Harvard DASCH,DASCH historical observing site unresolved,1951-10-24T17:21:00.499982745+00:00,7200.0,1951-10-24T19:21:00.499982745+00:00,service_timestamp,315.61487644013187,0.1921476337237595,83.8295615201287,http://dc.g-vo.org/getproduct/dasch/q/bi05485,APPLAUSE:13388,Lippert-Astrograph (Hamburg),Hamburger Sternwarte,1951-10-24T18:24:39+00:00,30.0,1951-10-24T18:25:09+00:00,calibrated_ut,301.6456,35.558,5.0,https://www.plate-archive.org/,3.8916669500000003,37.682224446138946,candidate_independent_overlap,inspect logbooks; verify timestamp precision; use true footprint; inspect pixels
DASCH:ivo://org.gavo.dc/~?dasch/q/bi05485,Harvard DASCH,DASCH historical observing site unresolved,1951-10-24T17:21:00.499982745+00:00,7200.0,1951-10-24T19:21:00.499982745+00:00,service_timestamp,315.61487644013187,0.1921476337237595,83.8295615201287,http://dc.g-vo.org/getproduct/dasch/q/bi05485,APPLAUSE:13389,Lippert-Astrograph (Hamburg),Hamburger Sternwarte,1951-10-24T18:29:38+00:00,20.0,1951-10-24T18:29:58+00:00,calibrated_ut,301.6456,35.558,5.0,https://www.plate-archive.org/,8.79166695,37.682224446138946,candidate_independent_overlap,inspect logbooks; verify timestamp precision; use true footprint; inspect pixels
DASCH:ivo://org.gavo.dc/~?dasch/q/bi05485,Harvard DASCH,DASCH historical observing site unresolved,1951-10-24T17:21:00.499982745+00:00,7200.0,1951-10-24T19:21:00.499982745+00:00,service_timestamp,315.61487644013187,0.1921476337237595,83.8295615201287,http://dc.g-vo.org/getproduct/dasch/q/bi05485,APPLAUSE:13390,Lippert-Astrograph (Hamburg),Hamburger Sternwarte,1951-10-24T18:34:37+00:00,20.0,1951-10-24T18:34:57+00:00,calibrated_ut,301.6456,35.558,5.0,https://www.plate-archive.org/,13.775000283333332,37.682224446138946,candidate_independent_overlap,inspect logbooks; verify timestamp precision; use true footprint; inspect pixels
DASCH:ivo://org.gavo.dc/~?dasch/q/bi05485,Harvard DASCH,DASCH historical observing site unresolved,1951-10-24T17:21:00.499982745+00:00,7200.0,1951-10-24T19:21:00.499982745+00:00,service_timestamp,315.61487644013187,0.1921476337237595,83.8295615201287,http://dc.g-vo.org/getproduct/dasch/q/bi05485,APPLAUSE:13391,Lippert-Astrograph (Hamburg),Hamburger Sternwarte,1951-10-24T18:39:37+00:00,20.0,1951-10-24T18:39:57+00:00,calibrated_ut,301.6456,35.558,5.0,https://www.plate-archive.org/,18.775000283333334,37.682224446138946,candidate_independent_overlap,inspect logbooks; verify timestamp precision; use true footprint; inspect pixels
DASCH:ivo://org.gavo.dc/~?dasch/q/bi05485,Harvard DASCH,DASCH historical observing site unresolved,1951-10-24T17:21:00.499982745+00:00,7200.0,1951-10-24T19:21:00.499982745+00:00,service_timestamp,315.61487644013187,0.1921476337237595,83.8295615201287,http://dc.g-vo.org/getproduct/dasch/q/bi05485,APPLAUSE:13392,Lippert-Astrograph (Hamburg),Hamburger Sternwarte,1951-10-24T18:44:36+00:00,20.0,1951-10-24T18:44:56+00:00,calibrated_ut,301.6456,35.558,5.0,https://www.plate-archive.org/,23.75833361666667,37.682224446138946,candidate_independent_overlap,inspect logbooks; verify timestamp precision; use true footprint; inspect pixels
DASCH:ivo://org.gavo.dc/~?dasch/q/bi05485,Harvard DASCH,DASCH historical observing site unresolved,1951-10-24T17:21:00.499982745+00:00,7200.0,1951-10-24T19:21:00.499982745+00:00,service_timestamp,315.61487644013187,0.1921476337237595,83.8295615201287,http://dc.g-vo.org/getproduct/dasch/q/bi05485,APPLAUSE:13393,Lippert-Astrograph (Hamburg),Hamburger Sternwarte,1951-10-24T18:49:35+00:00,20.0,1951-10-24T18:49:55+00:00,calibrated_ut,301.6456,35.558,5.0,https://www.plate-archive.org/,28.741666950000003,37.682224446138946,candidate_independent_overlap,inspect logbooks; verify timestamp precision; use true footprint; inspect pixels
APPLAUSE:13388,Lippert-Astrograph (Hamburg),Hamburger Sternwarte,1951-10-24T18:24:39+00:00,30.0,1951-10-24T18:25:09+00:00,calibrated_ut,301.6456,35.558,5.0,https://www.plate-archive.org/,DASCH:ivo://org.gavo.dc/~?dasch/q/b75958,Harvard DASCH,DASCH historical observing site unresolved,1951-10-24T18:09:58.600012066+00:00,2700.0,1951-10-24T18:54:58.600012066+00:00,service_timestamp,301.1041455850393,25.83879487496264,15.387192,http://dc.g-vo.org/getproduct/dasch/q/b75958,7.576666866666667,9.730294969471826,candidate_independent_overlap,inspect logbooks; verify timestamp precision; use true footprint; inspect pixels
APPLAUSE:13389,Lippert-Astrograph (Hamburg),Hamburger Sternwarte,1951-10-24T18:29:38+00:00,20.0,1951-10-24T18:29:58+00:00,calibrated_ut,301.6456,35.558,5.0,https://www.plate-archive.org/,DASCH:ivo://org.gavo.dc/~?dasch/q/b75958,Harvard DASCH,DASCH historical observing site unresolved,1951-10-24T18:09:58.600012066+00:00,2700.0,1951-10-24T18:54:58.600012066+00:00,service_timestamp,301.1041455850393,25.83879487496264,15.387192,http://dc.g-vo.org/getproduct/dasch/q/b75958,2.6766668666666664,9.730294969471826,candidate_independent_overlap,inspect logbooks; verify timestamp precision; use true footprint; inspect pixels
DASCH:ivo://org.gavo.dc/~?dasch/q/b75958,Harvard DASCH,DASCH historical observing site unresolved,1951-10-24T18:09:58.600012066+00:00,2700.0,1951-10-24T18:54:58.600012066+00:00,service_timestamp,301.1041455850393,25.83879487496264,15.387192,http://dc.g-vo.org/getproduct/dasch/q/b75958,APPLAUSE:13390,Lippert-Astrograph (Hamburg),Hamburger Sternwarte,1951-10-24T18:34:37+00:00,20.0,1951-10-24T18:34:57+00:00,calibrated_ut,301.6456,35.558,5.0,https://www.plate-archive.org/,2.3066664500000003,9.730294969471826,candidate_independent_overlap,inspect logbooks; verify timestamp precision; use true footprint; inspect pixels
DASCH:ivo://org.gavo.dc/~?dasch/q/b75958,Harvard DASCH,DASCH historical observing site unresolved,1951-10-24T18:09:58.600012066+00:00,2700.0,1951-10-24T18:54:58.600012066+00:00,service_timestamp,301.1041455850393,25.83879487496264,15.387192,http://dc.g-vo.org/getproduct/dasch/q/b75958,APPLAUSE:13391,Lippert-Astrograph (Hamburg),Hamburger Sternwarte,1951-10-24T18:39:37+00:00,20.0,1951-10-24T18:39:57+00:00,calibrated_ut,301.6456,35.558,5.0,https://www.plate-archive.org/,7.30666645,9.730294969471826,candidate_independent_overlap,inspect logbooks; verify timestamp precision; use true footprint; inspect pixels
DASCH:ivo://org.gavo.dc/~?dasch/q/b75958,Harvard DASCH,DASCH historical observing site unresolved,1951-10-24T18:09:58.600012066+00:00,2700.0,1951-10-24T18:54:58.600012066+00:00,service_timestamp,301.1041455850393,25.83879487496264,15.387192,http://dc.g-vo.org/getproduct/dasch/q/b75958,APPLAUSE:13392,Lippert-Astrograph (Hamburg),Hamburger Sternwarte,1951-10-24T18:44:36+00:00,20.0,1951-10-24T18:44:56+00:00,calibrated_ut,301.6456,35.558,5.0,https://www.plate-archive.org/,12.289999783333334,9.730294969471826,candidate_independent_overlap,inspect logbooks; verify timestamp precision; use true footprint; inspect pixels
DASCH:ivo://org.gavo.dc/~?dasch/q/b75958,Harvard DASCH,DASCH historical observing site unresolved,1951-10-24T18:09:58.600012066+00:00,2700.0,1951-10-24T18:54:58.600012066+00:00,service_timestamp,301.1041455850393,25.83879487496264,15.387192,http://dc.g-vo.org/getproduct/dasch/q/b75958,APPLAUSE:13393,Lippert-Astrograph (Hamburg),Hamburger Sternwarte,1951-10-24T18:49:35+00:00,20.0,1951-10-24T18:49:55+00:00,calibrated_ut,301.6456,35.558,5.0,https://www.plate-archive.org/,17.273333116666667,9.730294969471826,candidate_independent_overlap,inspect logbooks; verify timestamp precision; use true footprint; inspect pixels
DASCH:ivo://org.gavo.dc/~?dasch/q/b75958,Harvard DASCH,DASCH historical observing site unresolved,1951-10-24T18:09:58.600012066+00:00,2700.0,1951-10-24T18:54:58.600012066+00:00,service_timestamp,301.1041455850393,25.83879487496264,15.387192,http://dc.g-vo.org/getproduct/dasch/q/b75958,APPLAUSE:13394,Lippert-Astrograph (Hamburg),Hamburger Sternwarte,1951-10-24T18:54:34+00:00,20.0,1951-10-24T18:54:54+00:00,calibrated_ut,301.6456,35.558,5.0,https://www.plate-archive.org/,22.25666645,9.730294969471826,candidate_independent_overlap,inspect logbooks; verify timestamp precision; use true footprint; inspect pixels
DASCH:ivo://org.gavo.dc/~?dasch/q/b75958,Harvard DASCH,DASCH historical observing site unresolved,1951-10-24T18:09:58.600012066+00:00,2700.0,1951-10-24T18:54:58.600012066+00:00,service_timestamp,301.1041455850393,25.83879487496264,15.387192,http://dc.g-vo.org/getproduct/dasch/q/b75958,APPLAUSE:13395,Lippert-Astrograph (Hamburg),Hamburger Sternwarte,1951-10-24T18:59:33+00:00,20.0,1951-10-24T18:59:53+00:00,calibrated_ut,301.6456,35.558,5.0,https://www.plate-archive.org/,27.239999783333335,9.730294969471826,candidate_independent_overlap,inspect logbooks; verify timestamp precision; use true footprint; inspect pixels
DASCH:ivo://org.gavo.dc/~?dasch/q/bi05502,Harvard DASCH,DASCH historical observing site unresolved,1951-11-27T20:04:30.800020010+00:00,7200.0,1951-11-27T22:04:30.800020010+00:00,service_timestamp,89.59416657197585,-28.3835652248373,90.08206013765422,http://dc.g-vo.org/getproduct/dasch/q/bi05502,APPLAUSE:131871,"Astrograph, Bamberg Northern Sky Patrol","Dr. Karl Remeis-Sternwarte, Bamberg",1951-11-27T20:58:00+00:00,3420.0,1951-11-27T21:55:00+00:00,calibrated_ut,84.3542,-2.9745,5.0,https://www.plate-archive.org/,21.986666316666668,25.8950264766657,candidate_independent_overlap,inspect logbooks; verify timestamp precision; use true footprint; inspect pixels
DASCH:ivo://org.gavo.dc/~?dasch/q/rb17012,Harvard DASCH,DASCH historical observing site unresolved,1951-11-27T20:07:30.299991879+00:00,7200.0,1951-11-27T22:07:30.299991879+00:00,service_timestamp,90.57691010129884,-14.973488842478876,32.961482275077444,http://dc.g-vo.org/getproduct/dasch/q/rb17012,APPLAUSE:131871,"Astrograph, Bamberg Northern Sky Patrol","Dr. Karl Remeis-Sternwarte, Bamberg",1951-11-27T20:58:00+00:00,3420.0,1951-11-27T21:55:00+00:00,calibrated_ut,84.3542,-2.9745,5.0,https://www.plate-archive.org/,18.995000133333335,13.476134288262653,candidate_independent_overlap,inspect logbooks; verify timestamp precision; use true footprint; inspect pixels
APPLAUSE:131875,"Astrograph, Bamberg Northern Sky Patrol","Dr. Karl Remeis-Sternwarte, Bamberg",1951-11-27T23:57:00+00:00,3420.0,1951-11-28T00:54:00+00:00,calibrated_ut,84.3542,-2.9745,5.0,https://www.plate-archive.org/,POSS-I:435:E,POSS-I Palomar,Palomar Observatory,1951-11-28T00:10:00+00:00,3000.0,1951-11-28T01:00:00+00:00,catalog_recorded_time_basis_verify,85.8575,0.06805555555555555,6.5,https://archive.stsci.edu/dss/,9.5,3.393386190299192,candidate_independent_overlap,inspect logbooks; verify timestamp precision; use true footprint; inspect pixels
DASCH:ivo://org.gavo.dc/~?dasch/q/rb17013,Harvard DASCH,DASCH historical observing site unresolved,1951-11-28T18:03:54.000005034+00:00,7200.0,1951-11-28T20:03:54.000005034+00:00,service_timestamp,345.64722610734657,0.2614742685727959,33.025726539516256,http://dc.g-vo.org/getproduct/dasch/q/rb17013,POSS-I:431:E,POSS-I Palomar,Palomar Observatory,1951-11-28T18:58:00+00:00,3000.0,1951-11-28T19:48:00+00:00,catalog_recorded_time_basis_verify,355.8570833333333,0.8047222222222222,6.5,https://archive.stsci.edu/dss/,19.0999999,10.223818931790106,candidate_independent_overlap,inspect logbooks; verify timestamp precision; use true footprint; inspect pixels
DASCH:ivo://org.gavo.dc/~?dasch/q/bi05063,Harvard DASCH,DASCH historical observing site unresolved,1951-11-28T18:06:53.500017139+00:00,7200.0,1951-11-28T20:06:53.500017139+00:00,service_timestamp,345.61381043021754,0.2604246336776012,83.8295615201287,http://dc.g-vo.org/getproduct/dasch/q/bi05063,POSS-I:431:E,POSS-I Palomar,Palomar Observatory,1951-11-28T18:58:00+00:00,3000.0,1951-11-28T19:48:00+00:00,catalog_recorded_time_basis_verify,355.8570833333333,0.8047222222222222,6.5,https://archive.stsci.edu/dss/,16.108333033333334,10.257242345837488,candidate_independent_overlap,inspect logbooks; verify timestamp precision; use true footprint; inspect pixels
DASCH:ivo://org.gavo.dc/~?dasch/q/am28268,Harvard DASCH,DASCH historical observing site unresolved,1952-02-14T17:58:25.900008119+00:00,5400.0,1952-02-14T19:28:25.900008119+00:00,service_timestamp,76.19623653050299,-14.652577542305316,49.10669452047019,http://dc.g-vo.org/getproduct/dasch/q/am28268,APPLAUSE:131892,"Astrograph, Bamberg Northern Sky Patrol","Dr. Karl Remeis-Sternwarte, Bamberg",1952-02-14T18:40:00+00:00,3480.0,1952-02-14T19:38:00+00:00,calibrated_ut,84.3515,-2.9746,5.0,https://www.plate-archive.org/,25.568333183333333,14.180203392458337,candidate_independent_overlap,inspect logbooks; verify timestamp precision; use true footprint; inspect pixels
DASCH:ivo://org.gavo.dc/~?dasch/q/bi05536,Harvard DASCH,DASCH historical observing site unresolved,1952-02-14T17:59:25.700004997+00:00,5400.0,1952-02-14T19:29:25.700004997+00:00,service_timestamp,75.61203555974255,0.0690246338314901,83.78054776256151,http://dc.g-vo.org/getproduct/dasch/q/bi05536,APPLAUSE:131892,"Astrograph, Bamberg Northern Sky Patrol","Dr. Karl Remeis-Sternwarte, Bamberg",1952-02-14T18:40:00+00:00,3480.0,1952-02-14T19:38:00+00:00,calibrated_ut,84.3515,-2.9746,5.0,https://www.plate-archive.org/,24.571666583333336,9.250659853459954,candidate_independent_overlap,inspect logbooks; verify timestamp precision; use true footprint; inspect pixels
DASCH:ivo://org.gavo.dc/~?dasch/q/ax04673,Harvard DASCH,DASCH historical observing site unresolved,1952-02-14T18:42:24.400003484+00:00,1200.0,1952-02-14T19:02:24.400003484+00:00,service_timestamp,83.3594081183722,0.568586953910076,55.27916800788422,http://dc.g-vo.org/getproduct/dasch/q/ax04673,APPLAUSE:131892,"Astrograph, Bamberg Northern Sky Patrol","Dr. Karl Remeis-Sternwarte, Bamberg",1952-02-14T18:40:00+00:00,3480.0,1952-02-14T19:38:00+00:00,calibrated_ut,84.3515,-2.9746,5.0,https://www.plate-archive.org/,16.59333326666667,3.6793575902996434,candidate_independent_overlap,inspect logbooks; verify timestamp precision; use true footprint; inspect pixels
APPLAUSE:131892,"Astrograph, Bamberg Northern Sky Patrol","Dr. Karl Remeis-Sternwarte, Bamberg",1952-02-14T18:40:00+00:00,3480.0,1952-02-14T19:38:00+00:00,calibrated_ut,84.3515,-2.9746,5.0,https://www.plate-archive.org/,DASCH:ivo://org.gavo.dc/~?dasch/q/ax04674,Harvard DASCH,DASCH historical observing site unresolved,1952-02-14T19:03:20.900007711+00:00,1200.0,1952-02-14T19:23:20.900007711+00:00,service_timestamp,78.8591097084925,-25.550897940586715,49.34463775927831,http://dc.g-vo.org/getproduct/dasch/q/ax04674,4.34833345,23.185848730687113,candidate_independent_overlap,inspect logbooks; verify timestamp precision; use true footprint; inspect pixels
DASCH:ivo://org.gavo.dc/~?dasch/q/am28316,Harvard DASCH,DASCH historical observing site unresolved,1952-04-17T19:46:45.099999900+00:00,5400.0,1952-04-17T21:16:45.099999900+00:00,service_timestamp,150.55769848167336,-0.7364656267855338,49.12410710774069,http://dc.g-vo.org/getproduct/dasch/q/am28316,APPLAUSE:131918,"Astrograph, Bamberg Northern Sky Patrol","Dr. Karl Remeis-Sternwarte, Bamberg",1952-04-17T19:43:00+00:00,7080.0,1952-04-17T21:41:00+00:00,calibrated_ut,158.1277,9.7536,5.0,https://www.plate-archive.org/,10.248333333333333,12.916252834946608,candidate_independent_overlap,inspect logbooks; verify timestamp precision; use true footprint; inspect pixels
APPLAUSE:131932,"Astrograph, Bamberg Northern Sky Patrol","Dr. Karl Remeis-Sternwarte, Bamberg",1952-04-18T19:37:00+00:00,3480.0,1952-04-18T20:35:00+00:00,calibrated_ut,150.6582,19.7679,5.0,https://www.plate-archive.org/,APPLAUSE:13563,Lippert-Astrograph (Hamburg),Hamburger Sternwarte,1952-04-18T20:10:32+00:00,1800.0,1952-04-18T20:40:32+00:00,calibrated_ut,151.917,23.9981,5.0,https://www.plate-archive.org/,19.533333333333335,4.388407565228517,candidate_independent_overlap,inspect logbooks; verify timestamp precision; use true footprint; inspect pixels
APPLAUSE:131931,"Astrograph, Bamberg Northern Sky Patrol","Dr. Karl Remeis-Sternwarte, Bamberg",1952-04-18T19:37:00+00:00,3480.0,1952-04-18T20:35:00+00:00,calibrated_ut,158.1277,9.7536,5.0,https://www.plate-archive.org/,DASCH:ivo://org.gavo.dc/~?dasch/q/am28319,Harvard DASCH,DASCH historical observing site unresolved,1952-04-18T19:50:47.900010641+00:00,5400.0,1952-04-18T21:20:47.900010641+00:00,service_timestamp,165.2363441993933,-13.340446082134871,49.34610706914098,http://dc.g-vo.org/getproduct/dasch/q/am28319,29.798333500000002,24.148098988137026,candidate_independent_overlap,inspect logbooks; verify timestamp precision; use true footprint; inspect pixels
APPLAUSE:131933,"Astrograph, Bamberg Northern Sky Patrol","Dr. Karl Remeis-Sternwarte, Bamberg",1952-04-18T19:37:00+00:00,3480.0,1952-04-18T20:35:00+00:00,calibrated_ut,150.6582,19.7679,5.0,https://www.plate-archive.org/,APPLAUSE:13563,Lippert-Astrograph (Hamburg),Hamburger Sternwarte,1952-04-18T20:10:32+00:00,1800.0,1952-04-18T20:40:32+00:00,calibrated_ut,151.917,23.9981,5.0,https://www.plate-archive.org/,19.533333333333335,4.388407565228517,candidate_independent_overlap,inspect logbooks; verify timestamp precision; use true footprint; inspect pixels
DASCH:ivo://org.gavo.dc/~?dasch/q/am28320,Harvard DASCH,DASCH historical observing site unresolved,1952-04-18T21:22:33.700017653+00:00,4800.0,1952-04-18T22:42:33.700017653+00:00,service_timestamp,195.05791133809,-14.77006488511842,49.046272484771954,http://dc.g-vo.org/getproduct/dasch/q/am28320,POSS-I:495:O,POSS-I Palomar,Palomar Observatory,1952-04-18T21:59:00+00:00,600.0,1952-04-18T22:09:00+00:00,catalog_recorded_time_basis_verify,175.86333333333334,5.195555555555556,6.5,https://archive.stsci.edu/dss/,1.4383330333333333,27.58028029209698,candidate_independent_overlap,inspect logbooks; verify timestamp precision; use true footprint; inspect pixels
DASCH:ivo://org.gavo.dc/~?dasch/q/am28320,Harvard DASCH,DASCH historical observing site unresolved,1952-04-18T21:22:33.700017653+00:00,4800.0,1952-04-18T22:42:33.700017653+00:00,service_timestamp,195.05791133809,-14.77006488511842,49.046272484771954,http://dc.g-vo.org/getproduct/dasch/q/am28320,APPLAUSE:131941,"Astrograph, Bamberg Northern Sky Patrol","Dr. Karl Remeis-Sternwarte, Bamberg",1952-04-18T21:53:00+00:00,3480.0,1952-04-18T22:51:00+00:00,calibrated_ut,195.6071,-0.2547,5.0,https://www.plate-archive.org/,19.438333033333333,14.52551548315442,candidate_independent_overlap,inspect logbooks; verify timestamp precision; use true footprint; inspect pixels
DASCH:ivo://org.gavo.dc/~?dasch/q/bi05604,Harvard DASCH,DASCH historical observing site unresolved,1952-08-13T20:15:27.500009258+00:00,4800.0,1952-08-13T21:35:27.500009258+00:00,service_timestamp,315.6050677548643,1.368942582462386,90.16647244223088,http://dc.g-vo.org/getproduct/dasch/q/bi05604,APPLAUSE:13619,Lippert-Astrograph (Hamburg),Hamburger Sternwarte,1952-08-13T20:57:07+00:00,2400.0,1952-08-13T21:37:07+00:00,calibrated_ut,294.8094,30.1276,5.0,https://www.plate-archive.org/,21.65833316666667,34.88281315234196,candidate_independent_overlap,inspect logbooks; verify timestamp precision; use true footprint; inspect pixels
APPLAUSE:139206,Zeiss Double Astrograph,Vatican Observatory,1952-08-14T20:38:00+00:00,1200.0,1952-08-14T20:58:00+00:00,calibrated_ut,298.9091,39.3283,5.0,https://www.plate-archive.org/,DASCH:ivo://org.gavo.dc/~?dasch/q/bi05607,Harvard DASCH,DASCH historical observing site unresolved,1952-08-14T20:41:28.299988003+00:00,3600.0,1952-08-14T21:41:28.299988003+00:00,service_timestamp,315.1832354817297,1.5214029531415458,90.39655841911927,http://dc.g-vo.org/getproduct/dasch/q/bi05607,23.471666466666665,40.61522260752533,candidate_independent_overlap,inspect logbooks; verify timestamp precision; use true footprint; inspect pixels
APPLAUSE:13623,Lippert-Astrograph (Hamburg),Hamburger Sternwarte,1952-08-14T20:51:12+00:00,2400.0,1952-08-14T21:31:12+00:00,calibrated_ut,294.8094,30.1276,5.0,https://www.plate-archive.org/,DASCH:ivo://org.gavo.dc/~?dasch/q/bi05607,Harvard DASCH,DASCH historical observing site unresolved,1952-08-14T20:41:28.299988003+00:00,3600.0,1952-08-14T21:41:28.299988003+00:00,service_timestamp,315.1832354817297,1.5214029531415458,90.39655841911927,http://dc.g-vo.org/getproduct/dasch/q/bi05607,0.27166646666666666,34.5286924406838,candidate_independent_overlap,inspect logbooks; verify timestamp precision; use true footprint; inspect pixels
DASCH:ivo://org.gavo.dc/~?dasch/q/bi05617,Harvard DASCH,DASCH historical observing site unresolved,1952-08-22T18:47:09.699987384+00:00,7200.0,1952-08-22T20:47:09.699987384+00:00,service_timestamp,263.2561785976744,-29.9659053555468,83.7805477625615,http://dc.g-vo.org/getproduct/dasch/q/bi05617,POSS-I:568:O,POSS-I Palomar,Palomar Observatory,1952-08-22T19:56:00+00:00,600.0,1952-08-22T20:06:00+00:00,catalog_recorded_time_basis_verify,278.1216666666667,-17.897222222222222,6.5,https://archive.stsci.edu/dss/,13.838333533333333,18.138709716429993,candidate_independent_overlap,inspect logbooks; verify timestamp precision; use true footprint; inspect pixels
DASCH:ivo://org.gavo.dc/~?dasch/q/mf40300,Harvard DASCH,DASCH historical observing site unresolved,1952-09-16T19:02:38.199986609+00:00,3600.0,1952-09-16T20:02:38.199986609+00:00,service_timestamp,285.93515144468614,14.954522198693498,14.271584,http://dc.g-vo.org/getproduct/dasch/q/mf40300,APPLAUSE:132096,"Astrograph, Bamberg Northern Sky Patrol","Dr. Karl Remeis-Sternwarte, Bamberg",1952-09-16T19:13:00+00:00,3420.0,1952-09-16T20:10:00+00:00,calibrated_ut,285.5519,10.0702,5.0,https://www.plate-archive.org/,8.86333355,4.898621585137469,candidate_independent_overlap,inspect logbooks; verify timestamp precision; use true footprint; inspect pixels
DASCH:ivo://org.gavo.dc/~?dasch/q/b76371,Harvard DASCH,DASCH historical observing site unresolved,1952-09-16T19:16:37.200009224+00:00,2700.0,1952-09-16T20:01:37.200009224+00:00,service_timestamp,281.7434268035974,-7.67867356301146,15.294721,http://dc.g-vo.org/getproduct/dasch/q/b76371,APPLAUSE:132097,"Astrograph, Bamberg Northern Sky Patrol","Dr. Karl Remeis-Sternwarte, Bamberg",1952-09-16T19:13:00+00:00,3420.0,1952-09-16T20:10:00+00:00,calibrated_ut,285.5965,0.0702,5.0,https://www.plate-archive.org/,2.3799998333333336,8.648872737864687,candidate_independent_overlap,inspect logbooks; verify timestamp precision; use true footprint; inspect pixels
APPLAUSE:132097,"Astrograph, Bamberg Northern Sky Patrol","Dr. Karl Remeis-Sternwarte, Bamberg",1952-09-16T19:13:00+00:00,3420.0,1952-09-16T20:10:00+00:00,calibrated_ut,285.5965,0.0702,5.0,https://www.plate-archive.org/,DASCH:ivo://org.gavo.dc/~?dasch/q/am28374,Harvard DASCH,DASCH historical observing site unresolved,1952-09-16T19:20:32.800018784+00:00,5400.0,1952-09-16T20:50:32.800018784+00:00,service_timestamp,285.2355561071011,-0.1395333262579254,49.23497383192005,http://dc.g-vo.org/getproduct/dasch/q/am28374,24.046666966666667,0.41745463082378287,candidate_independent_overlap,inspect logbooks; verify timestamp precision; use true footprint; inspect pixels
APPLAUSE:132096,"Astrograph, Bamberg Northern Sky Patrol","Dr. Karl Remeis-Sternwarte, Bamberg",1952-09-16T19:13:00+00:00,3420.0,1952-09-16T20:10:00+00:00,calibrated_ut,285.5519,10.0702,5.0,https://www.plate-archive.org/,DASCH:ivo://org.gavo.dc/~?dasch/q/am28374,Harvard DASCH,DASCH historical observing site unresolved,1952-09-16T19:20:32.800018784+00:00,5400.0,1952-09-16T20:50:32.800018784+00:00,service_timestamp,285.2355561071011,-0.1395333262579254,49.23497383192005,http://dc.g-vo.org/getproduct/dasch/q/am28374,24.046666966666667,10.214583174718076,candidate_independent_overlap,inspect logbooks; verify timestamp precision; use true footprint; inspect pixels
DASCH:ivo://org.gavo.dc/~?dasch/q/mf40301,Harvard DASCH,DASCH historical observing site unresolved,1952-09-16T20:04:28.100000709+00:00,3600.0,1952-09-16T21:04:28.100000709+00:00,service_timestamp,317.6015814776865,15.595340877326292,14.274377,http://dc.g-vo.org/getproduct/dasch/q/mf40301,APPLAUSE:132099,"Astrograph, Bamberg Northern Sky Patrol","Dr. Karl Remeis-Sternwarte, Bamberg",1952-09-16T20:17:00+00:00,3420.0,1952-09-16T21:14:00+00:00,calibrated_ut,315.565,10.1873,5.0,https://www.plate-archive.org/,11.03166665,5.760617509827044,candidate_independent_overlap,inspect logbooks; verify timestamp precision; use true footprint; inspect pixels
APPLAUSE:132099,"Astrograph, Bamberg Northern Sky Patrol","Dr. Karl Remeis-Sternwarte, Bamberg",1952-09-16T20:17:00+00:00,3420.0,1952-09-16T21:14:00+00:00,calibrated_ut,315.565,10.1873,5.0,https://www.plate-archive.org/,DASCH:ivo://org.gavo.dc/~?dasch/q/bi05640,Harvard DASCH,DASCH historical observing site unresolved,1952-09-16T19:48:25.799983652+00:00,7200.0,1952-09-16T21:48:25.799983652+00:00,service_timestamp,0.828486832813951,1.6182960916286755,90.30358801185592,http://dc.g-vo.org/getproduct/dasch/q/bi05640,2.9299997166666665,45.77564198556228,candidate_independent_overlap,inspect logbooks; verify timestamp precision; use true footprint; inspect pixels
APPLAUSE:132098,"Astrograph, Bamberg Northern Sky Patrol","Dr. Karl Remeis-Sternwarte, Bamberg",1952-09-16T20:17:00+00:00,3420.0,1952-09-16T21:14:00+00:00,calibrated_ut,323.0979,0.2091,5.0,https://www.plate-archive.org/,DASCH:ivo://org.gavo.dc/~?dasch/q/bi05640,Harvard DASCH,DASCH historical observing site unresolved,1952-09-16T19:48:25.799983652+00:00,7200.0,1952-09-16T21:48:25.799983652+00:00,service_timestamp,0.828486832813951,1.6182960916286755,90.30358801185592,http://dc.g-vo.org/getproduct/dasch/q/bi05640,2.9299997166666665,37.75096048309389,candidate_independent_overlap,inspect logbooks; verify timestamp precision; use true footprint; inspect pixels
DASCH:ivo://org.gavo.dc/~?dasch/q/am28431,Harvard DASCH,DASCH historical observing site unresolved,1953-01-19T21:15:24.400015174+00:00,5400.0,1953-01-19T22:45:24.400015174+00:00,service_timestamp,89.99653571657261,-46.16698538719076,49.12441369730102,http://dc.g-vo.org/getproduct/dasch/q/am28431,POSS-I:654:O,POSS-I Palomar,Palomar Observatory,1953-01-19T22:05:00+00:00,600.0,1953-01-19T22:15:00+00:00,catalog_recorded_time_basis_verify,92.28750000000001,-24.022222222222222,6.5,https://archive.stsci.edu/dss/,9.593333066666666,22.22148920053134,candidate_independent_overlap,inspect logbooks; verify timestamp precision; use true footprint; inspect pixels
POSS-I:654:E,POSS-I Palomar,Palomar Observatory,1953-01-19T22:19:00+00:00,2400.0,1953-01-19T22:59:00+00:00,catalog_recorded_time_basis_verify,92.28750000000001,-24.022222222222222,6.5,https://archive.stsci.edu/dss/,DASCH:ivo://org.gavo.dc/~?dasch/q/am28432,Harvard DASCH,DASCH historical observing site unresolved,1953-01-19T22:47:15.100002516+00:00,1200.0,1953-01-19T23:07:15.100002516+00:00,service_timestamp,120.0922167747905,-16.018233354801897,49.16246109819523,http://dc.g-vo.org/getproduct/dasch/q/am28432,18.251666699999998,27.265218741745297,candidate_independent_overlap,inspect logbooks; verify timestamp precision; use true footprint; inspect pixels
DASCH:ivo://org.gavo.dc/~?dasch/q/am28432,Harvard DASCH,DASCH historical observing site unresolved,1953-01-19T22:47:15.100002516+00:00,1200.0,1953-01-19T23:07:15.100002516+00:00,service_timestamp,120.0922167747905,-16.018233354801897,49.16246109819523,http://dc.g-vo.org/getproduct/dasch/q/am28432,POSS-I:655:O,POSS-I Palomar,Palomar Observatory,1953-01-19T23:04:00+00:00,600.0,1953-01-19T23:14:00+00:00,catalog_recorded_time_basis_verify,111.8075,-24.252222222222223,6.5,https://archive.stsci.edu/dss/,11.748333283333332,11.320023153628505,candidate_independent_overlap,inspect logbooks; verify timestamp precision; use true footprint; inspect pixels
APPLAUSE:13683,Lippert-Astrograph (Hamburg),Hamburger Sternwarte,1953-02-15T19:48:59+00:00,1800.0,1953-02-15T20:18:59+00:00,calibrated_ut,100.6025,-0.0484,5.0,https://www.plate-archive.org/,DASCH:ivo://org.gavo.dc/~?dasch/q/am28458,Harvard DASCH,DASCH historical observing site unresolved,1953-02-15T19:28:15.000006262+00:00,5400.0,1953-02-15T20:58:15.000006262+00:00,service_timestamp,90.67532039639391,-1.071026544259433,49.319955020147496,http://dc.g-vo.org/getproduct/dasch/q/am28458,9.266666766666667,9.979108884979844,candidate_independent_overlap,inspect logbooks; verify timestamp precision; use true footprint; inspect pixels
APPLAUSE:13694,Lippert-Astrograph (Hamburg),Hamburger Sternwarte,1953-03-05T19:00:09+00:00,360.0,1953-03-05T19:06:09+00:00,calibrated_ut,86.4681,9.049,5.0,https://www.plate-archive.org/,DASCH:ivo://org.gavo.dc/~?dasch/q/b76658,Harvard DASCH,DASCH historical observing site unresolved,1953-03-05T19:10:23.700003329+00:00,2700.0,1953-03-05T19:55:23.700003329+00:00,service_timestamp,88.17955797948014,12.960654224137956,15.278565,http://dc.g-vo.org/getproduct/dasch/q/b76658,29.745000049999998,4.257013488816647,candidate_independent_overlap,inspect logbooks; verify timestamp precision; use true footprint; inspect pixels
APPLAUSE:13695,Lippert-Astrograph (Hamburg),Hamburger Sternwarte,1953-03-05T19:06:38+00:00,300.0,1953-03-05T19:11:38+00:00,calibrated_ut,86.4681,9.049,5.0,https://www.plate-archive.org/,DASCH:ivo://org.gavo.dc/~?dasch/q/b76658,Harvard DASCH,DASCH historical observing site unresolved,1953-03-05T19:10:23.700003329+00:00,2700.0,1953-03-05T19:55:23.700003329+00:00,service_timestamp,88.17955797948014,12.960654224137956,15.278565,http://dc.g-vo.org/getproduct/dasch/q/b76658,23.761666716666664,4.257013488816647,candidate_independent_overlap,inspect logbooks; verify timestamp precision; use true footprint; inspect pixels
APPLAUSE:13706,Lippert-Astrograph (Hamburg),Hamburger Sternwarte,1953-03-08T19:19:16+00:00,1800.0,1953-03-08T19:49:16+00:00,calibrated_ut,100.6018,-0.0483,5.0,https://www.plate-archive.org/,DASCH:ivo://org.gavo.dc/~?dasch/q/am28469,Harvard DASCH,DASCH historical observing site unresolved,1953-03-08T19:04:31.299983561+00:00,5400.0,1953-03-08T20:34:31.299983561+00:00,service_timestamp,105.59052941172357,-1.3907537388674096,49.17071682750648,http://dc.g-vo.org/getproduct/dasch/q/am28469,15.254999716666667,5.165707787486985,candidate_independent_overlap,inspect logbooks; verify timestamp precision; use true footprint; inspect pixels
DASCH:ivo://org.gavo.dc/~?dasch/q/am28469,Harvard DASCH,DASCH historical observing site unresolved,1953-03-08T19:04:31.299983561+00:00,5400.0,1953-03-08T20:34:31.299983561+00:00,service_timestamp,105.59052941172357,-1.3907537388674096,49.17071682750648,http://dc.g-vo.org/getproduct/dasch/q/am28469,APPLAUSE:13707,Lippert-Astrograph (Hamburg),Hamburger Sternwarte,1953-03-08T19:55:10+00:00,1500.0,1953-03-08T20:20:10+00:00,calibrated_ut,105.6017,-0.0703,5.0,https://www.plate-archive.org/,18.145000266666667,1.3205009779329293,candidate_independent_overlap,inspect logbooks; verify timestamp precision; use true footprint; inspect pixels
DASCH:ivo://org.gavo.dc/~?dasch/q/mf40566,Harvard DASCH,DASCH historical observing site unresolved,1953-03-18T19:05:09.300019476+00:00,2700.0,1953-03-18T19:50:09.300019476+00:00,service_timestamp,136.72482785637436,14.783342167377304,14.238022,http://dc.g-vo.org/getproduct/dasch/q/mf40566,APPLAUSE:13817,Lippert-Astrograph (Hamburg),Hamburger Sternwarte,1953-03-18T19:49:46+00:00,300.0,1953-03-18T19:54:46+00:00,calibrated_ut,130.2355,9.8484,5.0,https://www.plate-archive.org/,24.611666333333336,8.03235349162601,candidate_independent_overlap,inspect logbooks; verify timestamp precision; use true footprint; inspect pixels
APPLAUSE:139430,Zeiss Double Astrograph,Vatican Observatory,1953-08-11T21:07:00+00:00,2700.0,1953-08-11T21:52:00+00:00,calibrated_ut,300.2074,29.9303,5.0,https://www.plate-archive.org/,APPLAUSE:13876,Lippert-Astrograph (Hamburg),Hamburger Sternwarte,1953-08-11T21:21:54+00:00,2400.0,1953-08-11T22:01:54+00:00,calibrated_ut,294.7996,30.1253,5.0,https://www.plate-archive.org/,12.4,4.6855990958553715,candidate_independent_overlap,inspect logbooks; verify timestamp precision; use true footprint; inspect pixels
APPLAUSE:139431,Zeiss Double Astrograph,Vatican Observatory,1953-08-11T21:54:00+00:00,2700.0,1953-08-11T22:39:00+00:00,calibrated_ut,300.2074,29.9303,5.0,https://www.plate-archive.org/,APPLAUSE:13877,Lippert-Astrograph (Hamburg),Hamburger Sternwarte,1953-08-11T22:07:46+00:00,2400.0,1953-08-11T22:47:46+00:00,calibrated_ut,294.7996,30.1253,5.0,https://www.plate-archive.org/,11.266666666666667,4.6855990958553715,candidate_independent_overlap,inspect logbooks; verify timestamp precision; use true footprint; inspect pixels
APPLAUSE:139432,Zeiss Double Astrograph,Vatican Observatory,1953-08-11T22:44:00+00:00,2700.0,1953-08-11T23:29:00+00:00,calibrated_ut,293.9421,31.3052,5.0,https://www.plate-archive.org/,APPLAUSE:13878,Lippert-Astrograph (Hamburg),Hamburger Sternwarte,1953-08-11T22:53:39+00:00,2400.0,1953-08-11T23:33:39+00:00,calibrated_ut,294.7996,30.1253,5.0,https://www.plate-archive.org/,7.15,1.391256857950346,candidate_independent_overlap,inspect logbooks; verify timestamp precision; use true footprint; inspect pixels
APPLAUSE:139433,Zeiss Double Astrograph,Vatican Observatory,1953-08-11T23:32:00+00:00,2700.0,1953-08-12T00:17:00+00:00,calibrated_ut,293.9421,31.3052,5.0,https://www.plate-archive.org/,APPLAUSE:13879,Lippert-Astrograph (Hamburg),Hamburger Sternwarte,1953-08-11T23:43:31+00:00,2400.0,1953-08-12T00:23:31+00:00,calibrated_ut,294.7996,30.1253,5.0,https://www.plate-archive.org/,9.016666666666667,1.391256857950346,candidate_independent_overlap,inspect logbooks; verify timestamp precision; use true footprint; inspect pixels
APPLAUSE:139470,Zeiss Double Astrograph,Vatican Observatory,1953-09-01T21:11:02+00:00,1800.0,1953-09-01T21:41:02+00:00,calibrated_ut,302.1528,39.8382,5.0,https://www.plate-archive.org/,APPLAUSE:13895,Lippert-Astrograph (Hamburg),Hamburger Sternwarte,1953-09-01T21:37:04+00:00,1500.0,1953-09-01T22:02:04+00:00,calibrated_ut,303.3307,39.776,5.0,https://www.plate-archive.org/,23.533333333333335,0.906996344106242,candidate_independent_overlap,inspect logbooks; verify timestamp precision; use true footprint; inspect pixels
DASCH:ivo://org.gavo.dc/~?dasch/q/am28520,Harvard DASCH,DASCH historical observing site unresolved,1953-09-02T20:17:32.299998696+00:00,5400.0,1953-09-02T21:47:32.299998696+00:00,service_timestamp,344.70410915324493,2.5294250707150123,49.08421099279623,http://dc.g-vo.org/getproduct/dasch/q/am28520,APPLAUSE:132483,"Astrograph, Bamberg Northern Sky Patrol","Dr. Karl Remeis-Sternwarte, Bamberg",1953-09-02T21:00:00+00:00,3600.0,1953-09-02T22:00:00+00:00,calibrated_ut,345.5875,0.248,5.0,https://www.plate-archive.org/,27.46166668333333,2.4463683588339507,candidate_independent_overlap,inspect logbooks; verify timestamp precision; use true footprint; inspect pixels
APPLAUSE:139495,Zeiss Double Astrograph,Vatican Observatory,1953-09-08T20:45:00+00:00,1800.0,1953-09-08T21:15:00+00:00,calibrated_ut,302.1526,39.8381,5.0,https://www.plate-archive.org/,APPLAUSE:13937,Lippert-Astrograph (Hamburg),Hamburger Sternwarte,1953-09-08T21:08:32+00:00,900.0,1953-09-08T21:23:32+00:00,calibrated_ut,302.3486,36.522,5.0,https://www.plate-archive.org/,16.033333333333335,3.3196743648609623,candidate_independent_overlap,inspect logbooks; verify timestamp precision; use true footprint; inspect pixels
APPLAUSE:139508,Zeiss Double Astrograph,Vatican Observatory,1953-09-13T21:18:00+00:00,1680.0,1953-09-13T21:46:00+00:00,calibrated_ut,298.8996,39.3254,5.0,https://www.plate-archive.org/,APPLAUSE:13955,Lippert-Astrograph (Hamburg),Hamburger Sternwarte,1953-09-13T21:53:42+00:00,720.0,1953-09-13T22:05:42+00:00,calibrated_ut,303.3304,39.7759,5.0,https://www.plate-archive.org/,27.7,3.4456267024523894,candidate_independent_overlap,inspect logbooks; verify timestamp precision; use true footprint; inspect pixels
POSS-I:832:O,POSS-I Palomar,Palomar Observatory,1953-09-30T19:44:00+00:00,720.0,1953-09-30T19:56:00+00:00,catalog_recorded_time_basis_verify,297.39874999999995,78.38277777777778,6.5,https://archive.stsci.edu/dss/,APPLAUSE:132562,"Astrograph, Bamberg Northern Sky Patrol","Dr. Karl Remeis-Sternwarte, Bamberg",1953-09-30T19:36:00+00:00,3240.0,1953-09-30T20:30:00+00:00,calibrated_ut,314.5279,80.1846,5.0,https://www.plate-archive.org/,13.0,3.639821078505729,candidate_independent_overlap,inspect logbooks; verify timestamp precision; use true footprint; inspect pixels
POSS-I:883:E,POSS-I Palomar,Palomar Observatory,1953-11-10T20:32:00+00:00,2700.0,1953-11-10T21:17:00+00:00,catalog_recorded_time_basis_verify,7.825000000000001,-17.199166666666667,6.5,https://archive.stsci.edu/dss/,DASCH:ivo://org.gavo.dc/~?dasch/q/b76850,Harvard DASCH,DASCH historical observing site unresolved,1953-11-10T20:48:28.699987826+00:00,2700.0,1953-11-10T21:33:28.699987826+00:00,service_timestamp,9.287963907410626,-14.417020880403197,15.282128,http://dc.g-vo.org/getproduct/dasch/q/b76850,16.478333116666665,3.117896314079678,candidate_independent_overlap,inspect logbooks; verify timestamp precision; use true footprint; inspect pixels
DASCH:ivo://org.gavo.dc/~?dasch/q/b76850,Harvard DASCH,DASCH historical observing site unresolved,1953-11-10T20:48:28.699987826+00:00,2700.0,1953-11-10T21:33:28.699987826+00:00,service_timestamp,9.287963907410626,-14.417020880403197,15.282128,http://dc.g-vo.org/getproduct/dasch/q/b76850,POSS-I:883:O,POSS-I Palomar,Palomar Observatory,1953-11-10T21:23:00+00:00,720.0,1953-11-10T21:35:00+00:00,catalog_recorded_time_basis_verify,7.825000000000001,-17.199166666666667,6.5,https://archive.stsci.edu/dss/,18.021666866666667,3.117896314079678,candidate_independent_overlap,inspect logbooks; verify timestamp precision; use true footprint; inspect pixels
APPLAUSE:139531,Zeiss Double Astrograph,Vatican Observatory,1953-11-29T22:21:00+00:00,2700.0,1953-11-29T23:06:00+00:00,calibrated_ut,300.2043,29.9295,5.0,https://www.plate-archive.org/,DASCH:ivo://org.gavo.dc/~?dasch/q/j04685,Harvard DASCH,DASCH historical observing site unresolved,1953-11-29T22:55:06.400002861+00:00,1140.0,1953-11-29T23:14:06.400002861+00:00,service_timestamp,301.5158357938776,30.80124727131432,8.206848,http://dc.g-vo.org/getproduct/dasch/q/j04685,21.1066667,1.4284394125236788,candidate_independent_overlap,inspect logbooks; verify timestamp precision; use true footprint; inspect pixels
DASCH:ivo://org.gavo.dc/~?dasch/q/j04685,Harvard DASCH,DASCH historical observing site unresolved,1953-11-29T22:55:06.400002861+00:00,1140.0,1953-11-29T23:14:06.400002861+00:00,service_timestamp,301.5158357938776,30.80124727131432,8.206848,http://dc.g-vo.org/getproduct/dasch/q/j04685,APPLAUSE:139532,Zeiss Double Astrograph,Vatican Observatory,1953-11-29T23:09:00+00:00,1800.0,1953-11-29T23:39:00+00:00,calibrated_ut,300.2043,29.9295,5.0,https://www.plate-archive.org/,19.393333283333334,1.4284394125236788,candidate_independent_overlap,inspect logbooks; verify timestamp precision; use true footprint; inspect pixels
APPLAUSE:139532,Zeiss Double Astrograph,Vatican Observatory,1953-11-29T23:09:00+00:00,1800.0,1953-11-29T23:39:00+00:00,calibrated_ut,300.2043,29.9295,5.0,https://www.plate-archive.org/,DASCH:ivo://org.gavo.dc/~?dasch/q/j04686,Harvard DASCH,DASCH historical observing site unresolved,1953-11-29T23:25:01.399999391+00:00,1260.0,1953-11-29T23:46:01.399999391+00:00,service_timestamp,301.567817233309,30.916726019797103,8.223041,http://dc.g-vo.org/getproduct/dasch/q/j04686,11.523333316666667,1.5352436175132886,candidate_independent_overlap,inspect logbooks; verify timestamp precision; use true footprint; inspect pixels
APPLAUSE:14120,Lippert-Astrograph (Hamburg),Hamburger Sternwarte,1953-12-02T20:46:29+00:00,300.0,1953-12-02T20:51:29+00:00,calibrated_ut,86.4579,9.0487,5.0,https://www.plate-archive.org/,APPLAUSE:132654,"Astrograph, Bamberg Northern Sky Patrol","Dr. Karl Remeis-Sternwarte, Bamberg",1953-12-02T20:26:00+00:00,3600.0,1953-12-02T21:26:00+00:00,calibrated_ut,83.137,10.0302,5.0,https://www.plate-archive.org/,7.016666666666667,3.4188381201010825,candidate_independent_overlap,inspect logbooks; verify timestamp precision; use true footprint; inspect pixels
DASCH:ivo://org.gavo.dc/~?dasch/q/am28553,Harvard DASCH,DASCH historical observing site unresolved,1954-01-03T20:33:33.300016522+00:00,5400.0,1954-01-03T22:03:33.300016522+00:00,service_timestamp,90.06225047209531,-12.086058778674532,49.34711994427255,http://dc.g-vo.org/getproduct/dasch/q/am28553,POSS-I:947:E,POSS-I Palomar,Palomar Observatory,1954-01-03T21:16:00+00:00,2400.0,1954-01-03T21:56:00+00:00,catalog_recorded_time_basis_verify,66.31583333333334,-23.717777777777776,6.5,https://archive.stsci.edu/dss/,17.444999716666665,25.355331811094246,candidate_independent_overlap,inspect logbooks; verify timestamp precision; use true footprint; inspect pixels
APPLAUSE:14134,Lippert-Astrograph (Hamburg),Hamburger Sternwarte,1954-01-05T20:52:25+00:00,1800.0,1954-01-05T21:22:25+00:00,calibrated_ut,103.0911,-0.0583,5.0,https://www.plate-archive.org/,DASCH:ivo://org.gavo.dc/~?dasch/q/am28558,Harvard DASCH,DASCH historical observing site unresolved,1954-01-05T20:28:41.000012751+00:00,5400.0,1954-01-05T21:58:41.000012751+00:00,service_timestamp,104.6933550249006,-26.44824984523043,49.15523879661606,http://dc.g-vo.org/getproduct/dasch/q/am28558,6.266666866666667,26.435039210499387,candidate_independent_overlap,inspect logbooks; verify timestamp precision; use true footprint; inspect pixels
POSS-I:969:E,POSS-I Palomar,Palomar Observatory,1954-01-27T19:40:00+00:00,2400.0,1954-01-27T20:20:00+00:00,catalog_recorded_time_basis_verify,73.86250000000001,0.23333333333333334,6.5,https://archive.stsci.edu/dss/,DASCH:ivo://org.gavo.dc/~?dasch/q/pz00145,Harvard DASCH,DASCH historical observing site unresolved,1954-01-27T18:03:08.300017802+00:00,14400.0,1954-01-27T22:03:08.300017802+00:00,service_timestamp,99.22147919083793,4.5745406198149885,63.02526196450601,http://dc.g-vo.org/getproduct/dasch/q/pz00145,3.1383336166666664,25.69949284673156,candidate_independent_overlap,inspect logbooks; verify timestamp precision; use true footprint; inspect pixels
DASCH:ivo://org.gavo.dc/~?dasch/q/pz00145,Harvard DASCH,DASCH historical observing site unresolved,1954-01-27T18:03:08.300017802+00:00,14400.0,1954-01-27T22:03:08.300017802+00:00,service_timestamp,99.22147919083793,4.5745406198149885,63.02526196450601,http://dc.g-vo.org/getproduct/dasch/q/pz00145,APPLAUSE:132727,"Astrograph, Bamberg Northern Sky Patrol","Dr. Karl Remeis-Sternwarte, Bamberg",1954-01-27T19:52:00+00:00,3480.0,1954-01-27T20:50:00+00:00,calibrated_ut,128.1625,19.8415,5.0,https://www.plate-archive.org/,17.861666366666668,32.04674165245434,candidate_independent_overlap,inspect logbooks; verify timestamp precision; use true footprint; inspect pixels
DASCH:ivo://org.gavo.dc/~?dasch/q/pz00145,Harvard DASCH,DASCH historical observing site unresolved,1954-01-27T18:03:08.300017802+00:00,14400.0,1954-01-27T22:03:08.300017802+00:00,service_timestamp,99.22147919083793,4.5745406198149885,63.02526196450601,http://dc.g-vo.org/getproduct/dasch/q/pz00145,POSS-I:969:O,POSS-I Palomar,Palomar Observatory,1954-01-27T20:25:00+00:00,720.0,1954-01-27T20:37:00+00:00,catalog_recorded_time_basis_verify,73.86250000000001,0.23333333333333334,6.5,https://archive.stsci.edu/dss/,27.861666366666668,25.69949284673156,candidate_independent_overlap,inspect logbooks; verify timestamp precision; use true footprint; inspect pixels
DASCH:ivo://org.gavo.dc/~?dasch/q/fa13396,Harvard DASCH,DASCH historical observing site unresolved,1954-02-04T01:45:30.900015123+00:00,3540.0,1954-02-04T02:44:30.900015123+00:00,service_timestamp,152.22831929566502,27.797835184922736,90.59554357195086,http://dc.g-vo.org/getproduct/dasch/q/fa13396,APPLAUSE:115019,Schmidtsches Spiegelteleskop (Hamburg),Hamburger Sternwarte,1954-02-04T02:29:09+00:00,360.0,1954-02-04T02:35:09+00:00,calibrated_ut,162.3773,27.3051,5.0,https://www.plate-archive.org/,17.134999733333334,9.00895432115845,candidate_independent_overlap,inspect logbooks; verify timestamp precision; use true footprint; inspect pixels
APPLAUSE:115020,Schmidtsches Spiegelteleskop (Hamburg),Hamburger Sternwarte,1954-02-04T02:57:05+00:00,120.0,1954-02-04T02:59:05+00:00,calibrated_ut,162.3773,27.3051,5.0,https://www.plate-archive.org/,DASCH:ivo://org.gavo.dc/~?dasch/q/fa13397,Harvard DASCH,DASCH historical observing site unresolved,1954-02-04T02:45:21.100014636+00:00,3540.0,1954-02-04T03:44:21.100014636+00:00,service_timestamp,166.26180650819464,27.405450278561407,90.56135201195944,http://dc.g-vo.org/getproduct/dasch/q/fa13397,16.768333566666666,3.451437806321937,candidate_independent_overlap,inspect logbooks; verify timestamp precision; use true footprint; inspect pixels
APPLAUSE:115021,Schmidtsches Spiegelteleskop (Hamburg),Hamburger Sternwarte,1954-02-04T03:04:03+00:00,120.0,1954-02-04T03:06:03+00:00,calibrated_ut,162.3773,27.3051,5.0,https://www.plate-archive.org/,DASCH:ivo://org.gavo.dc/~?dasch/q/fa13397,Harvard DASCH,DASCH historical observing site unresolved,1954-02-04T02:45:21.100014636+00:00,3540.0,1954-02-04T03:44:21.100014636+00:00,service_timestamp,166.26180650819464,27.405450278561407,90.56135201195944,http://dc.g-vo.org/getproduct/dasch/q/fa13397,9.801666899999999,3.451437806321937,candidate_independent_overlap,inspect logbooks; verify timestamp precision; use true footprint; inspect pixels
DASCH:ivo://org.gavo.dc/~?dasch/q/fa13397,Harvard DASCH,DASCH historical observing site unresolved,1954-02-04T02:45:21.100014636+00:00,3540.0,1954-02-04T03:44:21.100014636+00:00,service_timestamp,166.26180650819464,27.405450278561407,90.56135201195944,http://dc.g-vo.org/getproduct/dasch/q/fa13397,APPLAUSE:115022,Schmidtsches Spiegelteleskop (Hamburg),Hamburger Sternwarte,1954-02-04T03:26:00+00:00,360.0,1954-02-04T03:32:00+00:00,calibrated_ut,198.292,27.3393,5.0,https://www.plate-archive.org/,14.148333083333334,28.363875313715692,candidate_independent_overlap,inspect logbooks; verify timestamp precision; use true footprint; inspect pixels
DASCH:ivo://org.gavo.dc/~?dasch/q/fa13397,Harvard DASCH,DASCH historical observing site unresolved,1954-02-04T02:45:21.100014636+00:00,3540.0,1954-02-04T03:44:21.100014636+00:00,service_timestamp,166.26180650819464,27.405450278561407,90.56135201195944,http://dc.g-vo.org/getproduct/dasch/q/fa13397,APPLAUSE:115023,Schmidtsches Spiegelteleskop (Hamburg),Hamburger Sternwarte,1954-02-04T03:32:59+00:00,360.0,1954-02-04T03:38:59+00:00,calibrated_ut,198.292,27.3393,5.0,https://www.plate-archive.org/,21.13166641666667,28.363875313715692,candidate_independent_overlap,inspect logbooks; verify timestamp precision; use true footprint; inspect pixels
APPLAUSE:115008,Schmidtsches Spiegelteleskop (Hamburg),Hamburger Sternwarte,1954-02-05T00:42:31+00:00,120.0,1954-02-05T00:44:31+00:00,calibrated_ut,148.9066,27.2467,5.0,https://www.plate-archive.org/,DASCH:ivo://org.gavo.dc/~?dasch/q/fa13400,Harvard DASCH,DASCH historical observing site unresolved,1954-02-05T00:41:44.799987563+00:00,3540.0,1954-02-05T01:40:44.799987563+00:00,service_timestamp,135.1667178348662,27.459190623548185,90.14890728456564,http://dc.g-vo.org/getproduct/dasch/q/fa13400,27.729999783333334,12.199305234109062,candidate_independent_overlap,inspect logbooks; verify timestamp precision; use true footprint; inspect pixels
APPLAUSE:14205,Lippert-Astrograph (Hamburg),Hamburger Sternwarte,1954-02-05T00:29:33+00:00,1800.0,1954-02-05T00:59:33+00:00,calibrated_ut,156.2945,28.8147,5.0,https://www.plate-archive.org/,DASCH:ivo://org.gavo.dc/~?dasch/q/fa13400,Harvard DASCH,DASCH historical observing site unresolved,1954-02-05T00:41:44.799987563+00:00,3540.0,1954-02-05T01:40:44.799987563+00:00,service_timestamp,135.1667178348662,27.459190623548185,90.14890728456564,http://dc.g-vo.org/getproduct/dasch/q/fa13400,26.696666450000002,18.6557472368024,candidate_independent_overlap,inspect logbooks; verify timestamp precision; use true footprint; inspect pixels
APPLAUSE:115009,Schmidtsches Spiegelteleskop (Hamburg),Hamburger Sternwarte,1954-02-05T00:49:29+00:00,120.0,1954-02-05T00:51:29+00:00,calibrated_ut,148.9066,27.2467,5.0,https://www.plate-archive.org/,DASCH:ivo://org.gavo.dc/~?dasch/q/fa13400,Harvard DASCH,DASCH historical observing site unresolved,1954-02-05T00:41:44.799987563+00:00,3540.0,1954-02-05T01:40:44.799987563+00:00,service_timestamp,135.1667178348662,27.459190623548185,90.14890728456564,http://dc.g-vo.org/getproduct/dasch/q/fa13400,20.76333311666667,12.199305234109062,candidate_independent_overlap,inspect logbooks; verify timestamp precision; use true footprint; inspect pixels
APPLAUSE:115010,Schmidtsches Spiegelteleskop (Hamburg),Hamburger Sternwarte,1954-02-05T01:01:27+00:00,360.0,1954-02-05T01:07:27+00:00,calibrated_ut,153.6471,27.4198,5.0,https://www.plate-archive.org/,DASCH:ivo://org.gavo.dc/~?dasch/q/fa13400,Harvard DASCH,DASCH historical observing site unresolved,1954-02-05T00:41:44.799987563+00:00,3540.0,1954-02-05T01:40:44.799987563+00:00,service_timestamp,135.1667178348662,27.459190623548185,90.14890728456564,http://dc.g-vo.org/getproduct/dasch/q/fa13400,6.79666645,16.386130614609435,candidate_independent_overlap,inspect logbooks; verify timestamp precision; use true footprint; inspect pixels
DASCH:ivo://org.gavo.dc/~?dasch/q/fa13400,Harvard DASCH,DASCH historical observing site unresolved,1954-02-05T00:41:44.799987563+00:00,3540.0,1954-02-05T01:40:44.799987563+00:00,service_timestamp,135.1667178348662,27.459190623548185,90.14890728456564,http://dc.g-vo.org/getproduct/dasch/q/fa13400,APPLAUSE:115011,Schmidtsches Spiegelteleskop (Hamburg),Hamburger Sternwarte,1954-02-05T01:08:26+00:00,360.0,1954-02-05T01:14:26+00:00,calibrated_ut,153.6471,27.4198,5.0,https://www.plate-archive.org/,0.18666686666666665,16.386130614609435,candidate_independent_overlap,inspect logbooks; verify timestamp precision; use true footprint; inspect pixels
DASCH:ivo://org.gavo.dc/~?dasch/q/fa13400,Harvard DASCH,DASCH historical observing site unresolved,1954-02-05T00:41:44.799987563+00:00,3540.0,1954-02-05T01:40:44.799987563+00:00,service_timestamp,135.1667178348662,27.459190623548185,90.14890728456564,http://dc.g-vo.org/getproduct/dasch/q/fa13400,APPLAUSE:115012,Schmidtsches Spiegelteleskop (Hamburg),Hamburger Sternwarte,1954-02-05T01:16:25+00:00,120.0,1954-02-05T01:18:25+00:00,calibrated_ut,153.6471,27.4198,5.0,https://www.plate-archive.org/,6.1700002000000005,16.386130614609435,candidate_independent_overlap,inspect logbooks; verify timestamp precision; use true footprint; inspect pixels
DASCH:ivo://org.gavo.dc/~?dasch/q/fa13400,Harvard DASCH,DASCH historical observing site unresolved,1954-02-05T00:41:44.799987563+00:00,3540.0,1954-02-05T01:40:44.799987563+00:00,service_timestamp,135.1667178348662,27.459190623548185,90.14890728456564,http://dc.g-vo.org/getproduct/dasch/q/fa13400,APPLAUSE:14206,Lippert-Astrograph (Hamburg),Hamburger Sternwarte,1954-02-05T01:05:27+00:00,1800.0,1954-02-05T01:35:27+00:00,calibrated_ut,156.2945,28.8147,5.0,https://www.plate-archive.org/,9.203333533333334,18.6557472368024,candidate_independent_overlap,inspect logbooks; verify timestamp precision; use true footprint; inspect pixels
DASCH:ivo://org.gavo.dc/~?dasch/q/fa13400,Harvard DASCH,DASCH historical observing site unresolved,1954-02-05T00:41:44.799987563+00:00,3540.0,1954-02-05T01:40:44.799987563+00:00,service_timestamp,135.1667178348662,27.459190623548185,90.14890728456564,http://dc.g-vo.org/getproduct/dasch/q/fa13400,APPLAUSE:115013,Schmidtsches Spiegelteleskop (Hamburg),Hamburger Sternwarte,1954-02-05T01:23:24+00:00,120.0,1954-02-05T01:25:24+00:00,calibrated_ut,153.6471,27.4198,5.0,https://www.plate-archive.org/,13.153333533333333,16.386130614609435,candidate_independent_overlap,inspect logbooks; verify timestamp precision; use true footprint; inspect pixels
APPLAUSE:115014,Schmidtsches Spiegelteleskop (Hamburg),Hamburger Sternwarte,1954-02-05T01:39:21+00:00,360.0,1954-02-05T01:45:21+00:00,calibrated_ut,158.3868,27.5111,5.0,https://www.plate-archive.org/,DASCH:ivo://org.gavo.dc/~?dasch/q/fa13401,Harvard DASCH,DASCH historical observing site unresolved,1954-02-05T01:41:34.999987076+00:00,3540.0,1954-02-05T02:40:34.999987076+00:00,service_timestamp,151.33727240781394,25.38833024090777,90.37816751341688,http://dc.g-vo.org/getproduct/dasch/q/fa13401,28.733333116666664,6.657687853384504,candidate_independent_overlap,inspect logbooks; verify timestamp precision; use true footprint; inspect pixels
APPLAUSE:115015,Schmidtsches Spiegelteleskop (Hamburg),Hamburger Sternwarte,1954-02-05T01:46:20+00:00,360.0,1954-02-05T01:52:20+00:00,calibrated_ut,158.3868,27.5111,5.0,https://www.plate-archive.org/,DASCH:ivo://org.gavo.dc/~?dasch/q/fa13401,Harvard DASCH,DASCH historical observing site unresolved,1954-02-05T01:41:34.999987076+00:00,3540.0,1954-02-05T02:40:34.999987076+00:00,service_timestamp,151.33727240781394,25.38833024090777,90.37816751341688,http://dc.g-vo.org/getproduct/dasch/q/fa13401,21.749999783333333,6.657687853384504,candidate_independent_overlap,inspect logbooks; verify timestamp precision; use true footprint; inspect pixels
APPLAUSE:115016,Schmidtsches Spiegelteleskop (Hamburg),Hamburger Sternwarte,1954-02-05T01:55:18+00:00,120.0,1954-02-05T01:57:18+00:00,calibrated_ut,158.3868,27.5111,5.0,https://www.plate-archive.org/,DASCH:ivo://org.gavo.dc/~?dasch/q/fa13401,Harvard DASCH,DASCH historical observing site unresolved,1954-02-05T01:41:34.999987076+00:00,3540.0,1954-02-05T02:40:34.999987076+00:00,service_timestamp,151.33727240781394,25.38833024090777,90.37816751341688,http://dc.g-vo.org/getproduct/dasch/q/fa13401,14.783333116666666,6.657687853384504,candidate_independent_overlap,inspect logbooks; verify timestamp precision; use true footprint; inspect pixels
APPLAUSE:115017,Schmidtsches Spiegelteleskop (Hamburg),Hamburger Sternwarte,1954-02-05T02:02:17+00:00,120.0,1954-02-05T02:04:17+00:00,calibrated_ut,158.3868,27.5111,5.0,https://www.plate-archive.org/,DASCH:ivo://org.gavo.dc/~?dasch/q/fa13401,Harvard DASCH,DASCH historical observing site unresolved,1954-02-05T01:41:34.999987076+00:00,3540.0,1954-02-05T02:40:34.999987076+00:00,service_timestamp,151.33727240781394,25.38833024090777,90.37816751341688,http://dc.g-vo.org/getproduct/dasch/q/fa13401,7.799999783333333,6.657687853384504,candidate_independent_overlap,inspect logbooks; verify timestamp precision; use true footprint; inspect pixels
DASCH:ivo://org.gavo.dc/~?dasch/q/fa13401,Harvard DASCH,DASCH historical observing site unresolved,1954-02-05T01:41:34.999987076+00:00,3540.0,1954-02-05T02:40:34.999987076+00:00,service_timestamp,151.33727240781394,25.38833024090777,90.37816751341688,http://dc.g-vo.org/getproduct/dasch/q/fa13401,APPLAUSE:115018,Schmidtsches Spiegelteleskop (Hamburg),Hamburger Sternwarte,1954-02-05T02:18:15+00:00,360.0,1954-02-05T02:24:15+00:00,calibrated_ut,162.3773,27.3051,5.0,https://www.plate-archive.org/,10.166666866666667,10.073460493643132,candidate_independent_overlap,inspect logbooks; verify timestamp precision; use true footprint; inspect pixels
DASCH:ivo://org.gavo.dc/~?dasch/q/fa13401,Harvard DASCH,DASCH historical observing site unresolved,1954-02-05T01:41:34.999987076+00:00,3540.0,1954-02-05T02:40:34.999987076+00:00,service_timestamp,151.33727240781394,25.38833024090777,90.37816751341688,http://dc.g-vo.org/getproduct/dasch/q/fa13401,APPLAUSE:115056,Schmidtsches Spiegelteleskop (Hamburg),Hamburger Sternwarte,1954-02-05T02:26:13+00:00,120.0,1954-02-05T02:28:13+00:00,calibrated_ut,148.9065,27.2467,5.0,https://www.plate-archive.org/,16.13333353333333,2.8635564416605557,candidate_independent_overlap,inspect logbooks; verify timestamp precision; use true footprint; inspect pixels
DASCH:ivo://org.gavo.dc/~?dasch/q/fa13401,Harvard DASCH,DASCH historical observing site unresolved,1954-02-05T01:41:34.999987076+00:00,3540.0,1954-02-05T02:40:34.999987076+00:00,service_timestamp,151.33727240781394,25.38833024090777,90.37816751341688,http://dc.g-vo.org/getproduct/dasch/q/fa13401,APPLAUSE:115057,Schmidtsches Spiegelteleskop (Hamburg),Hamburger Sternwarte,1954-02-05T02:33:12+00:00,120.0,1954-02-05T02:35:12+00:00,calibrated_ut,148.9065,27.2467,5.0,https://www.plate-archive.org/,23.116666866666666,2.8635564416605557,candidate_independent_overlap,inspect logbooks; verify timestamp precision; use true footprint; inspect pixels
DASCH:ivo://org.gavo.dc/~?dasch/q/fa13402,Harvard DASCH,DASCH historical observing site unresolved,1954-02-05T02:41:25.199986588+00:00,3540.0,1954-02-05T03:40:25.199986588+00:00,service_timestamp,166.2467292211817,27.3953321250681,90.54620972323065,http://dc.g-vo.org/getproduct/dasch/q/fa13402,APPLAUSE:115058,Schmidtsches Spiegelteleskop (Hamburg),Hamburger Sternwarte,1954-02-05T03:29:03+00:00,360.0,1954-02-05T03:35:03+00:00,calibrated_ut,212.0126,27.1321,5.0,https://www.plate-archive.org/,21.130000216666666,40.44390886652544,candidate_independent_overlap,inspect logbooks; verify timestamp precision; use true footprint; inspect pixels
DASCH:ivo://org.gavo.dc/~?dasch/q/fa13402,Harvard DASCH,DASCH historical observing site unresolved,1954-02-05T02:41:25.199986588+00:00,3540.0,1954-02-05T03:40:25.199986588+00:00,service_timestamp,166.2467292211817,27.3953321250681,90.54620972323065,http://dc.g-vo.org/getproduct/dasch/q/fa13402,APPLAUSE:115059,Schmidtsches Spiegelteleskop (Hamburg),Hamburger Sternwarte,1954-02-05T03:36:01+00:00,360.0,1954-02-05T03:42:01+00:00,calibrated_ut,212.0126,27.1321,5.0,https://www.plate-archive.org/,28.096666883333334,40.44390886652544,candidate_independent_overlap,inspect logbooks; verify timestamp precision; use true footprint; inspect pixels
APPLAUSE:115042,Schmidtsches Spiegelteleskop (Hamburg),Hamburger Sternwarte,1954-02-05T23:36:45+00:00,360.0,1954-02-05T23:42:45+00:00,calibrated_ut,122.2027,27.4965,5.0,https://www.plate-archive.org/,DASCH:ivo://org.gavo.dc/~?dasch/q/fa13404,Harvard DASCH,DASCH historical observing site unresolved,1954-02-05T23:37:58.800019808+00:00,3540.0,1954-02-06T00:36:58.800019808+00:00,service_timestamp,123.42248813682428,27.491617960383785,90.52393215799098,http://dc.g-vo.org/getproduct/dasch/q/fa13404,27.73000031666667,1.082030345836763,candidate_independent_overlap,inspect logbooks; verify timestamp precision; use true footprint; inspect pixels
APPLAUSE:115043,Schmidtsches Spiegelteleskop (Hamburg),Hamburger Sternwarte,1954-02-05T23:43:44+00:00,360.0,1954-02-05T23:49:44+00:00,calibrated_ut,122.2027,27.4965,5.0,https://www.plate-archive.org/,DASCH:ivo://org.gavo.dc/~?dasch/q/fa13404,Harvard DASCH,DASCH historical observing site unresolved,1954-02-05T23:37:58.800019808+00:00,3540.0,1954-02-06T00:36:58.800019808+00:00,service_timestamp,123.42248813682428,27.491617960383785,90.52393215799098,http://dc.g-vo.org/getproduct/dasch/q/fa13404,20.746666983333334,1.082030345836763,candidate_independent_overlap,inspect logbooks; verify timestamp precision; use true footprint; inspect pixels
APPLAUSE:115044,Schmidtsches Spiegelteleskop (Hamburg),Hamburger Sternwarte,1954-02-05T23:51:43+00:00,120.0,1954-02-05T23:53:43+00:00,calibrated_ut,122.2027,27.4965,5.0,https://www.plate-archive.org/,DASCH:ivo://org.gavo.dc/~?dasch/q/fa13404,Harvard DASCH,DASCH historical observing site unresolved,1954-02-05T23:37:58.800019808+00:00,3540.0,1954-02-06T00:36:58.800019808+00:00,service_timestamp,123.42248813682428,27.491617960383785,90.52393215799098,http://dc.g-vo.org/getproduct/dasch/q/fa13404,14.76333365,1.082030345836763,candidate_independent_overlap,inspect logbooks; verify timestamp precision; use true footprint; inspect pixels
APPLAUSE:115045,Schmidtsches Spiegelteleskop (Hamburg),Hamburger Sternwarte,1954-02-05T23:58:41+00:00,120.0,1954-02-06T00:00:41+00:00,calibrated_ut,122.2027,27.4965,5.0,https://www.plate-archive.org/,DASCH:ivo://org.gavo.dc/~?dasch/q/fa13404,Harvard DASCH,DASCH historical observing site unresolved,1954-02-05T23:37:58.800019808+00:00,3540.0,1954-02-06T00:36:58.800019808+00:00,service_timestamp,123.42248813682428,27.491617960383785,90.52393215799098,http://dc.g-vo.org/getproduct/dasch/q/fa13404,7.796666983333334,1.082030345836763,candidate_independent_overlap,inspect logbooks; verify timestamp precision; use true footprint; inspect pixels
APPLAUSE:115046,Schmidtsches Spiegelteleskop (Hamburg),Hamburger Sternwarte,1954-02-06T00:50:33+00:00,360.0,1954-02-06T00:56:33+00:00,calibrated_ut,135.6814,27.2329,5.0,https://www.plate-archive.org/,DASCH:ivo://org.gavo.dc/~?dasch/q/fa13405,Harvard DASCH,DASCH historical observing site unresolved,1954-02-06T00:37:48.899999743+00:00,3540.0,1954-02-06T01:36:48.899999743+00:00,service_timestamp,138.90726192713296,27.394828651698543,87.67704901000685,http://dc.g-vo.org/getproduct/dasch/q/fa13405,13.764999983333333,2.8706875956810087,candidate_independent_overlap,inspect logbooks; verify timestamp precision; use true footprint; inspect pixels
APPLAUSE:115047,Schmidtsches Spiegelteleskop (Hamburg),Hamburger Sternwarte,1954-02-06T00:59:31+00:00,360.0,1954-02-06T01:05:31+00:00,calibrated_ut,135.6814,27.2329,5.0,https://www.plate-archive.org/,DASCH:ivo://org.gavo.dc/~?dasch/q/fa13405,Harvard DASCH,DASCH historical observing site unresolved,1954-02-06T00:37:48.899999743+00:00,3540.0,1954-02-06T01:36:48.899999743+00:00,service_timestamp,138.90726192713296,27.394828651698543,87.67704901000685,http://dc.g-vo.org/getproduct/dasch/q/fa13405,4.798333316666667,2.8706875956810087,candidate_independent_overlap,inspect logbooks; verify timestamp precision; use true footprint; inspect pixels
DASCH:ivo://org.gavo.dc/~?dasch/q/fa13405,Harvard DASCH,DASCH historical observing site unresolved,1954-02-06T00:37:48.899999743+00:00,3540.0,1954-02-06T01:36:48.899999743+00:00,service_timestamp,138.90726192713296,27.394828651698543,87.67704901000685,http://dc.g-vo.org/getproduct/dasch/q/fa13405,APPLAUSE:115048,Schmidtsches Spiegelteleskop (Hamburg),Hamburger Sternwarte,1954-02-06T01:07:30+00:00,120.0,1954-02-06T01:09:30+00:00,calibrated_ut,135.6814,27.2329,5.0,https://www.plate-archive.org/,1.1849999999999998,2.8706875956810087,candidate_independent_overlap,inspect logbooks; verify timestamp precision; use true footprint; inspect pixels
DASCH:ivo://org.gavo.dc/~?dasch/q/fa13405,Harvard DASCH,DASCH historical observing site unresolved,1954-02-06T00:37:48.899999743+00:00,3540.0,1954-02-06T01:36:48.899999743+00:00,service_timestamp,138.90726192713296,27.394828651698543,87.67704901000685,http://dc.g-vo.org/getproduct/dasch/q/fa13405,APPLAUSE:115049,Schmidtsches Spiegelteleskop (Hamburg),Hamburger Sternwarte,1954-02-06T01:14:29+00:00,120.0,1954-02-06T01:16:29+00:00,calibrated_ut,135.6814,27.2329,5.0,https://www.plate-archive.org/,8.168333333333333,2.8706875956810087,candidate_independent_overlap,inspect logbooks; verify timestamp precision; use true footprint; inspect pixels
DASCH:ivo://org.gavo.dc/~?dasch/q/fa13405,Harvard DASCH,DASCH historical observing site unresolved,1954-02-06T00:37:48.899999743+00:00,3540.0,1954-02-06T01:36:48.899999743+00:00,service_timestamp,138.90726192713296,27.394828651698543,87.67704901000685,http://dc.g-vo.org/getproduct/dasch/q/fa13405,APPLAUSE:115050,Schmidtsches Spiegelteleskop (Hamburg),Hamburger Sternwarte,1954-02-06T01:25:27+00:00,360.0,1954-02-06T01:31:27+00:00,calibrated_ut,139.9238,27.2035,5.0,https://www.plate-archive.org/,21.134999999999998,0.9233568636567208,candidate_independent_overlap,inspect logbooks; verify timestamp precision; use true footprint; inspect pixels
DASCH:ivo://org.gavo.dc/~?dasch/q/fa13405,Harvard DASCH,DASCH historical observing site unresolved,1954-02-06T00:37:48.899999743+00:00,3540.0,1954-02-06T01:36:48.899999743+00:00,service_timestamp,138.90726192713296,27.394828651698543,87.67704901000685,http://dc.g-vo.org/getproduct/dasch/q/fa13405,APPLAUSE:115051,Schmidtsches Spiegelteleskop (Hamburg),Hamburger Sternwarte,1954-02-06T01:32:26+00:00,360.0,1954-02-06T01:38:26+00:00,calibrated_ut,139.9238,27.2035,5.0,https://www.plate-archive.org/,28.118333333333332,0.9233568636567208,candidate_independent_overlap,inspect logbooks; verify timestamp precision; use true footprint; inspect pixels
APPLAUSE:115052,Schmidtsches Spiegelteleskop (Hamburg),Hamburger Sternwarte,1954-02-06T01:41:24+00:00,120.0,1954-02-06T01:43:24+00:00,calibrated_ut,139.9238,27.2035,5.0,https://www.plate-archive.org/,DASCH:ivo://org.gavo.dc/~?dasch/q/fa13406,Harvard DASCH,DASCH historical observing site unresolved,1954-02-06T01:37:39.099999256+00:00,3540.0,1954-02-06T02:36:39.099999256+00:00,service_timestamp,152.78373209477766,27.888070965156697,90.31024427576942,http://dc.g-vo.org/getproduct/dasch/q/fa13406,24.75166665,11.41743007523634,candidate_independent_overlap,inspect logbooks; verify timestamp precision; use true footprint; inspect pixels
APPLAUSE:115053,Schmidtsches Spiegelteleskop (Hamburg),Hamburger Sternwarte,1954-02-06T01:48:23+00:00,120.0,1954-02-06T01:50:23+00:00,calibrated_ut,139.9238,27.2035,5.0,https://www.plate-archive.org/,DASCH:ivo://org.gavo.dc/~?dasch/q/fa13406,Harvard DASCH,DASCH historical observing site unresolved,1954-02-06T01:37:39.099999256+00:00,3540.0,1954-02-06T02:36:39.099999256+00:00,service_timestamp,152.78373209477766,27.888070965156697,90.31024427576942,http://dc.g-vo.org/getproduct/dasch/q/fa13406,17.768333316666666,11.41743007523634,candidate_independent_overlap,inspect logbooks; verify timestamp precision; use true footprint; inspect pixels
DASCH:ivo://org.gavo.dc/~?dasch/q/fa13406,Harvard DASCH,DASCH historical observing site unresolved,1954-02-06T01:37:39.099999256+00:00,3540.0,1954-02-06T02:36:39.099999256+00:00,service_timestamp,152.78373209477766,27.888070965156697,90.31024427576942,http://dc.g-vo.org/getproduct/dasch/q/fa13406,APPLAUSE:115054,Schmidtsches Spiegelteleskop (Hamburg),Hamburger Sternwarte,1954-02-06T02:06:20+00:00,360.0,1954-02-06T02:12:20+00:00,calibrated_ut,148.9065,27.2467,5.0,https://www.plate-archive.org/,2.1816666666666666,3.496198386726681,candidate_independent_overlap,inspect logbooks; verify timestamp precision; use true footprint; inspect pixels
DASCH:ivo://org.gavo.dc/~?dasch/q/fa13406,Harvard DASCH,DASCH historical observing site unresolved,1954-02-06T01:37:39.099999256+00:00,3540.0,1954-02-06T02:36:39.099999256+00:00,service_timestamp,152.78373209477766,27.888070965156697,90.31024427576942,http://dc.g-vo.org/getproduct/dasch/q/fa13406,APPLAUSE:115055,Schmidtsches Spiegelteleskop (Hamburg),Hamburger Sternwarte,1954-02-06T02:13:19+00:00,360.0,1954-02-06T02:19:19+00:00,calibrated_ut,148.9065,27.2467,5.0,https://www.plate-archive.org/,9.165,3.496198386726681,candidate_independent_overlap,inspect logbooks; verify timestamp precision; use true footprint; inspect pixels
DASCH:ivo://org.gavo.dc/~?dasch/q/fa13426,Harvard DASCH,DASCH historical observing site unresolved,1954-02-22T17:31:58.300001855+00:00,2940.0,1954-02-22T18:20:58.300001855+00:00,service_timestamp,62.77555420862999,27.85779215229877,89.54225392200934,http://dc.g-vo.org/getproduct/dasch/q/fa13426,APPLAUSE:115070,Schmidtsches Spiegelteleskop (Hamburg),Hamburger Sternwarte,1954-02-22T17:59:38+00:00,360.0,1954-02-22T18:05:38+00:00,calibrated_ut,59.2032,27.7479,5.0,https://www.plate-archive.org/,6.161666633333334,3.161751852464988,candidate_independent_overlap,inspect logbooks; verify timestamp precision; use true footprint; inspect pixels
DASCH:ivo://org.gavo.dc/~?dasch/q/fa13426,Harvard DASCH,DASCH historical observing site unresolved,1954-02-22T17:31:58.300001855+00:00,2940.0,1954-02-22T18:20:58.300001855+00:00,service_timestamp,62.77555420862999,27.85779215229877,89.54225392200934,http://dc.g-vo.org/getproduct/dasch/q/fa13426,APPLAUSE:115071,Schmidtsches Spiegelteleskop (Hamburg),Hamburger Sternwarte,1954-02-22T18:06:37+00:00,360.0,1954-02-22T18:12:37+00:00,calibrated_ut,59.2032,27.7479,5.0,https://www.plate-archive.org/,13.144999966666667,3.161751852464988,candidate_independent_overlap,inspect logbooks; verify timestamp precision; use true footprint; inspect pixels
DASCH:ivo://org.gavo.dc/~?dasch/q/fa13426,Harvard DASCH,DASCH historical observing site unresolved,1954-02-22T17:31:58.300001855+00:00,2940.0,1954-02-22T18:20:58.300001855+00:00,service_timestamp,62.77555420862999,27.85779215229877,89.54225392200934,http://dc.g-vo.org/getproduct/dasch/q/fa13426,APPLAUSE:115072,Schmidtsches Spiegelteleskop (Hamburg),Hamburger Sternwarte,1954-02-22T18:19:35+00:00,120.0,1954-02-22T18:21:35+00:00,calibrated_ut,59.2032,27.7479,5.0,https://www.plate-archive.org/,24.111666633333336,3.161751852464988,candidate_independent_overlap,inspect logbooks; verify timestamp precision; use true footprint; inspect pixels
POSS-I:984:E,POSS-I Palomar,Palomar Observatory,1954-02-24T20:05:00+00:00,2400.0,1954-02-24T20:45:00+00:00,catalog_recorded_time_basis_verify,97.95708333333334,53.906388888888884,6.5,https://archive.stsci.edu/dss/,DASCH:ivo://org.gavo.dc/~?dasch/q/fa13434,Harvard DASCH,DASCH historical observing site unresolved,1954-02-24T20:23:36.100010063+00:00,3600.0,1954-02-24T21:23:36.100010063+00:00,service_timestamp,111.41138057173664,28.238484478276675,90.36980702285418,http://dc.g-vo.org/getproduct/dasch/q/fa13434,28.601666833333336,27.491858977073196,candidate_independent_overlap,inspect logbooks; verify timestamp precision; use true footprint; inspect pixels
DASCH:ivo://org.gavo.dc/~?dasch/q/fa13434,Harvard DASCH,DASCH historical observing site unresolved,1954-02-24T20:23:36.100010063+00:00,3600.0,1954-02-24T21:23:36.100010063+00:00,service_timestamp,111.41138057173664,28.238484478276675,90.36980702285418,http://dc.g-vo.org/getproduct/dasch/q/fa13434,POSS-I:984:O,POSS-I Palomar,Palomar Observatory,1954-02-24T20:50:00+00:00,720.0,1954-02-24T21:02:00+00:00,catalog_recorded_time_basis_verify,97.95708333333334,53.906388888888884,6.5,https://archive.stsci.edu/dss/,2.39833315,27.491858977073196,candidate_independent_overlap,inspect logbooks; verify timestamp precision; use true footprint; inspect pixels
POSS-I:988:E,POSS-I Palomar,Palomar Observatory,1954-02-25T20:08:00+00:00,2400.0,1954-02-25T20:48:00+00:00,catalog_recorded_time_basis_verify,107.54958333333333,41.77222222222222,6.5,https://archive.stsci.edu/dss/,DASCH:ivo://org.gavo.dc/~?dasch/q/fa13436,Harvard DASCH,DASCH historical observing site unresolved,1954-02-25T20:19:40.300003476+00:00,3540.0,1954-02-25T21:18:40.300003476+00:00,service_timestamp,111.27959629689867,28.1448001121271,90.38867684045694,http://dc.g-vo.org/getproduct/dasch/q/fa13436,21.171666716666667,13.96215487619476,candidate_independent_overlap,inspect logbooks; verify timestamp precision; use true footprint; inspect pixels
DASCH:ivo://org.gavo.dc/~?dasch/q/fa13436,Harvard DASCH,DASCH historical observing site unresolved,1954-02-25T20:19:40.300003476+00:00,3540.0,1954-02-25T21:18:40.300003476+00:00,service_timestamp,111.27959629689867,28.1448001121271,90.38867684045694,http://dc.g-vo.org/getproduct/dasch/q/fa13436,POSS-I:988:O,POSS-I Palomar,Palomar Observatory,1954-02-25T20:53:00+00:00,720.0,1954-02-25T21:05:00+00:00,catalog_recorded_time_basis_verify,107.54958333333333,41.77222222222222,6.5,https://archive.stsci.edu/dss/,9.828333266666668,13.96215487619476,candidate_independent_overlap,inspect logbooks; verify timestamp precision; use true footprint; inspect pixels
POSS-I:989:E,POSS-I Palomar,Palomar Observatory,1954-02-25T21:11:00+00:00,2400.0,1954-02-25T21:51:00+00:00,catalog_recorded_time_basis_verify,121.36208333333335,35.59388888888889,6.5,https://archive.stsci.edu/dss/,DASCH:ivo://org.gavo.dc/~?dasch/q/fa13437,Harvard DASCH,DASCH historical observing site unresolved,1954-02-25T21:19:30.399983411+00:00,3540.0,1954-02-25T22:18:30.399983411+00:00,service_timestamp,127.14139446159898,27.109190283711296,90.48371721382392,http://dc.g-vo.org/getproduct/dasch/q/fa13437,18.006666383333332,9.810671730651713,candidate_independent_overlap,inspect logbooks; verify timestamp precision; use true footprint; inspect pixels
DASCH:ivo://org.gavo.dc/~?dasch/q/fa13437,Harvard DASCH,DASCH historical observing site unresolved,1954-02-25T21:19:30.399983411+00:00,3540.0,1954-02-25T22:18:30.399983411+00:00,service_timestamp,127.14139446159898,27.109190283711296,90.48371721382392,http://dc.g-vo.org/getproduct/dasch/q/fa13437,POSS-I:989:O,POSS-I Palomar,Palomar Observatory,1954-02-25T21:56:00+00:00,720.0,1954-02-25T22:08:00+00:00,catalog_recorded_time_basis_verify,121.36208333333335,35.59388888888889,6.5,https://archive.stsci.edu/dss/,12.9933336,9.810671730651713,candidate_independent_overlap,inspect logbooks; verify timestamp precision; use true footprint; inspect pixels
POSS-I:999:O,POSS-I Palomar,Palomar Observatory,1954-03-05T21:12:00+00:00,720.0,1954-03-05T21:24:00+00:00,catalog_recorded_time_basis_verify,109.93374999999999,5.732222222222222,6.5,https://archive.stsci.edu/dss/,DASCH:ivo://org.gavo.dc/~?dasch/q/fa13455,Harvard DASCH,DASCH historical observing site unresolved,1954-03-05T20:49:02.999997923+00:00,3540.0,1954-03-05T21:48:02.999997923+00:00,service_timestamp,134.42486310428947,27.831404633153536,90.09023829621133,http://dc.g-vo.org/getproduct/dasch/q/fa13455,0.54999995,32.07375766694772,candidate_independent_overlap,inspect logbooks; verify timestamp precision; use true footprint; inspect pixels
DASCH:ivo://org.gavo.dc/~?dasch/q/fa13458,Harvard DASCH,DASCH historical observing site unresolved,1954-03-05T23:48:33.500017111+00:00,3540.0,1954-03-06T00:47:33.500017111+00:00,service_timestamp,178.75334055894376,26.815561038860704,89.0488055330316,http://dc.g-vo.org/getproduct/dasch/q/fa13458,POSS-I:1006:O,POSS-I Palomar,Palomar Observatory,1954-03-06T00:23:00+00:00,720.0,1954-03-06T00:35:00+00:00,catalog_recorded_time_basis_verify,175.8504166666667,-6.804722222222222,6.5,https://archive.stsci.edu/dss/,10.941666366666668,33.73777661986989,candidate_independent_overlap,inspect logbooks; verify timestamp precision; use true footprint; inspect pixels
DASCH:ivo://org.gavo.dc/~?dasch/q/fa13461,Harvard DASCH,DASCH historical observing site unresolved,1954-03-07T18:41:30.900002608+00:00,3540.0,1954-03-07T19:40:30.900002608+00:00,service_timestamp,106.58244703631968,28.24188799770431,87.1803424733468,http://dc.g-vo.org/getproduct/dasch/q/fa13461,APPLAUSE:14232,Lippert-Astrograph (Hamburg),Hamburger Sternwarte,1954-03-07T19:17:10+00:00,300.0,1954-03-07T19:22:10+00:00,calibrated_ut,86.4543,9.0486,5.0,https://www.plate-archive.org/,8.651666616666667,26.965434181908453,candidate_independent_overlap,inspect logbooks; verify timestamp precision; use true footprint; inspect pixels
DASCH:ivo://org.gavo.dc/~?dasch/q/fa13461,Harvard DASCH,DASCH historical observing site unresolved,1954-03-07T18:41:30.900002608+00:00,3540.0,1954-03-07T19:40:30.900002608+00:00,service_timestamp,106.58244703631968,28.24188799770431,87.1803424733468,http://dc.g-vo.org/getproduct/dasch/q/fa13461,APPLAUSE:14233,Lippert-Astrograph (Hamburg),Hamburger Sternwarte,1954-03-07T19:20:10+00:00,120.0,1954-03-07T19:22:10+00:00,calibrated_ut,86.4543,9.0486,5.0,https://www.plate-archive.org/,10.151666616666667,26.965434181908453,candidate_independent_overlap,inspect logbooks; verify timestamp precision; use true footprint; inspect pixels
APPLAUSE:14234,Lippert-Astrograph (Hamburg),Hamburger Sternwarte,1954-03-07T19:35:07+00:00,960.0,1954-03-07T19:51:07+00:00,calibrated_ut,103.089,-0.0581,5.0,https://www.plate-archive.org/,DASCH:ivo://org.gavo.dc/~?dasch/q/fa13462,Harvard DASCH,DASCH historical observing site unresolved,1954-03-07T19:41:20.999982543+00:00,3540.0,1954-03-07T20:40:20.999982543+00:00,service_timestamp,122.95953360986464,28.73716723622812,90.56217399169654,http://dc.g-vo.org/getproduct/dasch/q/fa13462,27.733333033333334,34.498354753347,candidate_independent_overlap,inspect logbooks; verify timestamp precision; use true footprint; inspect pixels
DASCH:ivo://org.gavo.dc/~?dasch/q/pz00161,Harvard DASCH,DASCH historical observing site unresolved,1954-04-01T19:26:44.999998422+00:00,7200.0,1954-04-01T21:26:44.999998422+00:00,service_timestamp,129.14836387321637,-42.83830723101394,60.29997539643444,http://dc.g-vo.org/getproduct/dasch/q/pz00161,POSS-I:1020:E,POSS-I Palomar,Palomar Observatory,1954-04-01T20:21:00+00:00,2700.0,1954-04-01T21:06:00+00:00,catalog_recorded_time_basis_verify,145.7,-18.661388888888887,6.5,https://archive.stsci.edu/dss/,16.750000016666668,27.932733183733088,candidate_independent_overlap,inspect logbooks; verify timestamp precision; use true footprint; inspect pixels
DASCH:ivo://org.gavo.dc/~?dasch/q/fa13495,Harvard DASCH,DASCH historical observing site unresolved,1954-04-01T22:32:20.699989949+00:00,2400.0,1954-04-01T23:12:20.699989949+00:00,service_timestamp,213.1232056497856,28.703475753139188,90.51224754602988,http://dc.g-vo.org/getproduct/dasch/q/fa13495,POSS-I:1023:E,POSS-I Palomar,Palomar Observatory,1954-04-01T22:37:00+00:00,2700.0,1954-04-01T23:22:00+00:00,catalog_recorded_time_basis_verify,181.85833333333332,-6.807222222222222,6.5,https://archive.stsci.edu/dss/,7.1550001666666665,46.565284968944454,candidate_independent_overlap,inspect logbooks; verify timestamp precision; use true footprint; inspect pixels
APPLAUSE:14281,Lippert-Astrograph (Hamburg),Hamburger Sternwarte,1954-04-06T20:11:45+00:00,1800.0,1954-04-06T20:41:45+00:00,calibrated_ut,156.2921,28.8155,5.0,https://www.plate-archive.org/,DASCH:ivo://org.gavo.dc/~?dasch/q/fa13515,Harvard DASCH,DASCH historical observing site unresolved,1954-04-06T20:12:59.199986344+00:00,3540.0,1954-04-06T21:11:59.199986344+00:00,service_timestamp,189.2115925743268,27.76530844658023,90.63607497033422,http://dc.g-vo.org/getproduct/dasch/q/fa13515,15.736666433333333,28.91397675660729,candidate_independent_overlap,inspect logbooks; verify timestamp precision; use true footprint; inspect pixels
DASCH:ivo://org.gavo.dc/~?dasch/q/fa13515,Harvard DASCH,DASCH historical observing site unresolved,1954-04-06T20:12:59.199986344+00:00,3540.0,1954-04-06T21:11:59.199986344+00:00,service_timestamp,189.2115925743268,27.76530844658023,90.63607497033422,http://dc.g-vo.org/getproduct/dasch/q/fa13515,APPLAUSE:14282,Lippert-Astrograph (Hamburg),Hamburger Sternwarte,1954-04-06T20:47:39+00:00,1800.0,1954-04-06T21:17:39+00:00,calibrated_ut,156.2921,28.8155,5.0,https://www.plate-archive.org/,20.16333355,28.91397675660729,candidate_independent_overlap,inspect logbooks; verify timestamp precision; use true footprint; inspect pixels
APPLAUSE:14669,Lippert-Astrograph (Hamburg),Hamburger Sternwarte,1955-03-18T19:10:47+00:00,1800.0,1955-03-18T19:40:47+00:00,calibrated_ut,103.0758,-0.0568,5.0,https://www.plate-archive.org/,POSS-I:1346:E,POSS-I Palomar,Palomar Observatory,1955-03-18T19:16:00+00:00,3000.0,1955-03-18T20:06:00+00:00,catalog_recorded_time_basis_verify,103.85666666666668,-0.1886111111111111,6.5,https://archive.stsci.edu/dss/,15.216666666666667,0.7919115193721571,candidate_independent_overlap,inspect logbooks; verify timestamp precision; use true footprint; inspect pixels
POSS-I:1346:E,POSS-I Palomar,Palomar Observatory,1955-03-18T19:16:00+00:00,3000.0,1955-03-18T20:06:00+00:00,catalog_recorded_time_basis_verify,103.85666666666668,-0.1886111111111111,6.5,https://archive.stsci.edu/dss/,APPLAUSE:14670,Lippert-Astrograph (Hamburg),Hamburger Sternwarte,1955-03-18T19:46:41+00:00,1800.0,1955-03-18T20:16:41+00:00,calibrated_ut,103.0758,-0.0568,5.0,https://www.plate-archive.org/,20.683333333333334,0.7919115193721571,candidate_independent_overlap,inspect logbooks; verify timestamp precision; use true footprint; inspect pixels
APPLAUSE:14670,Lippert-Astrograph (Hamburg),Hamburger Sternwarte,1955-03-18T19:46:41+00:00,1800.0,1955-03-18T20:16:41+00:00,calibrated_ut,103.0758,-0.0568,5.0,https://www.plate-archive.org/,POSS-I:1346:O,POSS-I Palomar,Palomar Observatory,1955-03-18T20:11:00+00:00,720.0,1955-03-18T20:23:00+00:00,catalog_recorded_time_basis_verify,103.85666666666668,-0.1886111111111111,6.5,https://archive.stsci.edu/dss/,15.316666666666666,0.7919115193721571,candidate_independent_overlap,inspect logbooks; verify timestamp precision; use true footprint; inspect pixels
POSS-I:1346:O,POSS-I Palomar,Palomar Observatory,1955-03-18T20:11:00+00:00,720.0,1955-03-18T20:23:00+00:00,catalog_recorded_time_basis_verify,103.85666666666668,-0.1886111111111111,6.5,https://archive.stsci.edu/dss/,APPLAUSE:14671,Lippert-Astrograph (Hamburg),Hamburger Sternwarte,1955-03-18T20:27:34+00:00,1800.0,1955-03-18T20:57:34+00:00,calibrated_ut,103.0758,-0.0568,5.0,https://www.plate-archive.org/,25.566666666666666,0.7919115193721571,candidate_independent_overlap,inspect logbooks; verify timestamp precision; use true footprint; inspect pixels
