launch_id,year,launch_date_utc,launch_datetime_utc,time_precision,raw_date_time,rocket,payload,flight_number,launch_site,launch_service_provider,operator,trajectory_class,function,decay_or_impact_date_utc,outcome,remarks,source_url,source_tier
L0001,1951,1951-01-18,1951-01-18T20:14:00Z,minute,18 January 20:14,V-2,,V-2 No. 54,White Sands LC-33,GE / US Army,NRL,Suborbital,Cosmic Radiation / Solar UV / Solar X-Ray,18 January,Launch failure,"Project Hermes launch, Apogee: 1.61 kilometres (1.00 mi), very low thrust[18][19]: 446–447",https://en.wikipedia.org/wiki/1951_in_spaceflight,compiled_event_table
L0002,1951,1951-01-22,1951-01-22T22:55:00Z,minute,22 January 22:55,Aerobee RTV-N-10,,A19,White Sands LC-35,US Navy,APL,Suborbital,Aeronomy,22 January,Successful,Apogee: 89 kilometres (55 mi)[19]: 287–288,https://en.wikipedia.org/wiki/1951_in_spaceflight,compiled_event_table
L0003,1951,1951-01-25,1951-01-25T15:00:00Z,minute,25 January 15:00,Aerobee RTV-N-10,,A20,White Sands LC-35,US Navy,APL,Suborbital,Ozone Aeronomy,25 January,Successful,Apogee: 90 kilometres (56 mi)[19]: 289–290,https://en.wikipedia.org/wiki/1951_in_spaceflight,compiled_event_table
L0004,1951,1951-01-29,,day,29 January,R-1,,,Kapustin Yar,OKB-1,OKB-1,Suborbital,Missile test,29 January,Successful,Carried dogs[2],https://en.wikipedia.org/wiki/1951_in_spaceflight,compiled_event_table
L0005,1951,1951-01-30,,day,30 January,R-1,,,Kapustin Yar,OKB-1,OKB-1,Suborbital,Missile test,30 January,Successful[2],,https://en.wikipedia.org/wiki/1951_in_spaceflight,compiled_event_table
L0006,1951,1951-01-31,,day,31 January,R-1,,,Kapustin Yar,OKB-1,OKB-1,Suborbital,Missile test,31 January,Successful[2],,https://en.wikipedia.org/wiki/1951_in_spaceflight,compiled_event_table
L0007,1951,1951-02-01,,day,1 February,R-1,,,Kapustin Yar,OKB-1,OKB-1,Suborbital,Missile test,1 February,Successful[2],,https://en.wikipedia.org/wiki/1951_in_spaceflight,compiled_event_table
L0008,1951,1951-02-02,,day,2 February,R-1,,,Kapustin Yar,OKB-1,OKB-1,Suborbital,Missile test,2 February,Successful[2],,https://en.wikipedia.org/wiki/1951_in_spaceflight,compiled_event_table
L0009,1951,1951-02-06,1951-02-06T17:20:00Z,minute,6 February 17:20,Aerobee RTV-N-10,,A21,White Sands LC-35,US Navy,APL,Suborbital,Photography,6 February,Successful,Apogee: 98 kilometres (61 mi)[19]: 291–292,https://en.wikipedia.org/wiki/1951_in_spaceflight,compiled_event_table
L0010,1951,1951-03-09,1951-03-09T03:16:00Z,minute,9 March 03:16,V-2,,V-2 No. 57,White Sands LC-33,GE / US Army,Air Materiel Command,Suborbital,Solar X-Ray / Aeronomy / Ionospheric / Airglow,9 March,Launch failure,"Project Hermes launch, apogee: 3.1 kilometres (1.9 mi), explosions starting at 15.5 seconds destroyed the tail section[18][19]: 452–453",https://en.wikipedia.org/wiki/1951_in_spaceflight,compiled_event_table
L0011,1951,1951-03-28,1951-03-28T23:14:00Z,minute,28 March 23:14,Aerobee RTV-A-1,,USAF 10,Holloman LC-A,US Air Force,AFCRL,Suborbital,Aeronomy,28 March,Successful,Apogee: 66 kilometres (41 mi)[19]: 64–65,https://en.wikipedia.org/wiki/1951_in_spaceflight,compiled_event_table
L0012,1951,1951-04-12,1951-04-12T17:26:00Z,minute,12 April 17:26,Aerobee RTV-A-1,,USAF 11,Holloman LC-A,US Air Force,AFCRL / University of Colorado,Suborbital,Solar UV,12 April,Partial failure,"Apogee: 29 kilometres (18 mi), premature engine cutoff at 30.6 seconds[19]: 66–67",https://en.wikipedia.org/wiki/1951_in_spaceflight,compiled_event_table
L0013,1951,1951-04-18,1951-04-18T18:39:00Z,minute,18 April 18:39,Aerobee RTV-A-1,,USAF 12,Holloman LC-A,US Air Force,AFCRL / WADC Aero-Medical Laboratory,Suborbital,Biological,18 April,Successful,"First biomedical Aerobee mission, carried monkey;[20] apogee: 61 kilometres (38 mi)[19]: 68–69",https://en.wikipedia.org/wiki/1951_in_spaceflight,compiled_event_table
L0014,1951,1951-05-29,1951-05-29T19:46:00Z,minute,29 May 19:46,Aerobee RTV-A-1,,USAF 13,Holloman LC-A,US Air Force,AFCRL / Boston University,Suborbital,Ionospheric,29 May,Launch failure,Apogee: 3.7 kilometres (2.3 mi)[19]: 70–71,https://en.wikipedia.org/wiki/1951_in_spaceflight,compiled_event_table
L0015,1951,1951-06-08,1951-06-08T00:11:00Z,minute,8 June 00:11,Aerobee RTV-A-1,,USAF 14,Holloman LC-A,US Air Force,AFCRL,Suborbital,Solar X-Ray / Aeronomy,8 June,Successful,Apogee: 89 kilometres (55 mi)[19]: 72–73,https://en.wikipedia.org/wiki/1951_in_spaceflight,compiled_event_table
L0016,1951,1951-06-08,1951-06-08T01:18:00Z,minute,8 June 01:18,Aerobee XASR-SC-1,,SC 19,White Sands LC-35,US Army,USASC / University of Michigan,Suborbital,Aeronomy,8 June,Launch failure,"Apogee: 6.4 kilometres (4.0 mi), full burn but very low thrust[19]: 224–225",https://en.wikipedia.org/wiki/1951_in_spaceflight,compiled_event_table
L0017,1951,1951-06-09,1951-06-09T06:11:00Z,minute,9 June 06:11,Aerobee XASR-SC-1,,SC 18,White Sands LC-35,US Army,USASC,Suborbital,Aeronomy,9 June,Successful,Apogee: 66.8 kilometres (41.5 mi)[19]: 221–223,https://en.wikipedia.org/wiki/1951_in_spaceflight,compiled_event_table
L0018,1951,1951-06-13,,day,13 June,R-1,,,Kapustin Yar,OKB-1,OKB-1,Suborbital,Missile test,13 June,Successful[2],,https://en.wikipedia.org/wiki/1951_in_spaceflight,compiled_event_table
L0019,1951,1951-06-14,1951-06-14T13:48:00Z,minute,14 June 13:48,V-2,,V-2 No. 55,White Sands LC-33,GE / US Army,NRL,Suborbital,Cosmic Radiation / Solar UV / Solar X-Ray,14 June,Launch failure,"Project Hermes launch, apogee: 0 kilometres (0 mi), rocket exploded at ignition[18][19]: 449",https://en.wikipedia.org/wiki/1951_in_spaceflight,compiled_event_table
L0020,1951,1951-06-14,,day,14 June,R-1,,,Kapustin Yar,OKB-1,OKB-1,Suborbital,Missile test,14 June,Successful[2],,https://en.wikipedia.org/wiki/1951_in_spaceflight,compiled_event_table
L0021,1951,1951-06-18,,day,18 June,R-1,,,Kapustin Yar,OKB-1,OKB-1,Suborbital,Missile test,18 June,Successful[2],,https://en.wikipedia.org/wiki/1951_in_spaceflight,compiled_event_table
L0022,1951,1951-06-19,,day,19 June,R-1,,,Kapustin Yar,OKB-1,OKB-1,Suborbital,Missile test,19 June,Successful[2],,https://en.wikipedia.org/wiki/1951_in_spaceflight,compiled_event_table
L0023,1951,1951-06-20,,day,20 June,R-1,,,Kapustin Yar,OKB-1,OKB-1,Suborbital,Missile test,20 June,Successful[2],,https://en.wikipedia.org/wiki/1951_in_spaceflight,compiled_event_table
L0024,1951,1951-06-22,,day,22 June,R-1,,,Kapustin Yar,OKB-1,OKB-1,Suborbital,Missile test,22 June,Successful[2],,https://en.wikipedia.org/wiki/1951_in_spaceflight,compiled_event_table
L0025,1951,1951-06-23,,day,23 June,R-1,,,Kapustin Yar,OKB-1,OKB-1,Suborbital,Missile test,23 June,Successful[2],,https://en.wikipedia.org/wiki/1951_in_spaceflight,compiled_event_table
L0026,1951,1951-06-24,,day,24 June,R-1,,,Kapustin Yar,OKB-1,OKB-1,Suborbital,Missile test,24 June,Successful[2],,https://en.wikipedia.org/wiki/1951_in_spaceflight,compiled_event_table
L0027,1951,1951-06-25,,day,25 June,R-1,,,Kapustin Yar,OKB-1,OKB-1,Suborbital,Missile test,25 June,Successful[2],,https://en.wikipedia.org/wiki/1951_in_spaceflight,compiled_event_table
L0028,1951,1951-06-26,,day,26 June,R-1,,,Kapustin Yar,OKB-1,OKB-1,Suborbital,Missile test,26 June,Successful[2],,https://en.wikipedia.org/wiki/1951_in_spaceflight,compiled_event_table
L0029,1951,1951-06-27,,day,27 June,R-1,,,Kapustin Yar,OKB-1,OKB-1,Suborbital,Missile test,27 June,Successful[2],,https://en.wikipedia.org/wiki/1951_in_spaceflight,compiled_event_table
L0030,1951,1951-06-28,1951-06-28T21:43:00Z,minute,28 June 21:43,V-2,,V-2 No. 52,White Sands LC-33,GE / US Army,Air Materiel Command,Suborbital,Solar UV / Solar X-Ray / Ionospheric / Photography / Aeronomy / Biological,28 June,Launch failure,"Final project Hermes launch, apogee: 5.8 kilometres (3.6 mi), explosion in tail section at 8 seconds, cutoff triggered at 22 seconds[18][19]: 441–443",https://en.wikipedia.org/wiki/1951_in_spaceflight,compiled_event_table
L0031,1951,1951-07-02,,day,2 July,R-2,,,Kapustin Yar,OKB-1,OKB-1,Suborbital,Missile test,2 July,,"First of thirteen launches, 12 of which hit the target area.[17]: 97",https://en.wikipedia.org/wiki/1951_in_spaceflight,compiled_event_table
L0032,1951,,,unknown,July,R-2,,,Kapustin Yar,OKB-1,OKB-1,Suborbital,Missile test,Same day,,"Second of thirteen launches, 12 of which hit the target area.[17]: 97",https://en.wikipedia.org/wiki/1951_in_spaceflight,compiled_event_table
L0033,1951,1951-07-22,,day,22 July,R-1V,,,Kapustin Yar,OKB-1,OKB-1,Suborbital,Biological,22 July,Successful,Maiden flight of the R-1V;[2] first ever space dog mission carried dogs Dezik and Zhegan which were recovered.[21]: 21,https://en.wikipedia.org/wiki/1951_in_spaceflight,compiled_event_table
L0034,1951,1951-07-25,1951-07-25T16:26:00Z,minute,25 July 16:26,Aerobee RTV-A-1,,USAF 15,Holloman LC-A,US Air Force,AFCRC,Suborbital,Sky Brightness,25 July,Successful,Apogee: 71.3 kilometres (44.3 mi)[19]: 74–75,https://en.wikipedia.org/wiki/1951_in_spaceflight,compiled_event_table
L0035,1951,1951-07-27,,day,27 July,R-2,,,Kapustin Yar,OKB-1,OKB-1,Suborbital,Missile test,27 July,,"Last of thirteen launches, 12 of which hit the target area.[17]: 97",https://en.wikipedia.org/wiki/1951_in_spaceflight,compiled_event_table
L0036,1951,1951-07-29,,day,29 July,R-1B,,,Kapustin Yar,OKB-1,OKB-1,Suborbital,Biological,29 July,Launch failure,"Maiden flight of the R-1B; electrical failure, no payload recovery; carried dogs did not survive[2]",https://en.wikipedia.org/wiki/1951_in_spaceflight,compiled_event_table
L0037,1951,1951-08-07,1951-08-07T16:36:00Z,minute,7 August 16:36,Aerobee RTV-A-1,,USAF 16,Holloman LC-A,US Air Force,AFCRC / Boston University,Suborbital,Ionospheric,7 August,Successful,Apogee: 83.5 kilometres (51.9 mi)[19]: 76–77,https://en.wikipedia.org/wiki/1951_in_spaceflight,compiled_event_table
L0038,1951,1951-08-07,1951-08-07T18:00:00Z,minute,7 August 18:00,Viking (first model),,,White Sands LC-33 – Army Launch Area 1,US Navy,NRL,Suborbital,Cosmic Radiation / Solar X-Ray / Aeronomy,7 August,Successful,"Final flight of the first model Viking, apogee: 219 kilometres (136 mi)[19]: 492–493",https://en.wikipedia.org/wiki/1951_in_spaceflight,compiled_event_table
L0039,1951,1951-08-15,,day,15 August,R-1B,,,Kapustin Yar,OKB-1,OKB-1,Suborbital,Solar UV / Biological,15 August,Successful,"Carried dogs, recovered[2]",https://en.wikipedia.org/wiki/1951_in_spaceflight,compiled_event_table
L0040,1951,1951-08-19,,day,19 August,R-1V,,,Kapustin Yar,OKB-1,OKB-1,Suborbital,Biological,19 August,Successful,"Final flight of the R-1V; carried dogs, recovered[2]",https://en.wikipedia.org/wiki/1951_in_spaceflight,compiled_event_table
L0041,1951,1951-08-22,1951-08-22T19:00:00Z,minute,22 August 19:00,V-2,,TF-1,White Sands LC-33,US Army,US Army,Suborbital,Altitude test,22 August,Successful,First all Army team after General Electric's contract concluded; apogee: 213.4 kilometres (132.6 mi)[19]: 463,https://en.wikipedia.org/wiki/1951_in_spaceflight,compiled_event_table
L0042,1951,1951-08-28,,day,28 August,R-1B,,,Kapustin Yar,OKB-1,OKB-1,Suborbital,Biological,28 August,Successful[2],,https://en.wikipedia.org/wiki/1951_in_spaceflight,compiled_event_table
L0043,1951,1951-08-30,1951-08-30T22:40:00Z,minute,30 August 22:40,Aerobee RTV-A-1b,,USAF 17,Holloman LC-A,US Air Force,AFCRC,Suborbital,Rocket test,30 August,Successful,"Maiden (and only) flight of the RTV-A-1b, apogee: 76 kilometres (47 mi)[19]: 78–79",https://en.wikipedia.org/wiki/1951_in_spaceflight,compiled_event_table
L0044,1951,1951-09-03,,day,3 September,R-1B,,,Kapustin Yar,OKB-1,OKB-1,Suborbital,Biological,3 September,Successful,"Final flight of the R-1B; carried dogs, recovered[2]",https://en.wikipedia.org/wiki/1951_in_spaceflight,compiled_event_table
L0045,1951,1951-09-13,1951-09-13T11:37:00Z,minute,13 September 11:37,Aerobee RTV-A-1,,USAF 18,Holloman LC-A,US Air Force,AFCRC / University of Michigan,Suborbital,Aeronomy,13 September,Successful,Apogee: 76 kilometres (47 mi)[19]: 80–81,https://en.wikipedia.org/wiki/1951_in_spaceflight,compiled_event_table
L0046,1951,1951-09-20,1951-09-20T16:31:00Z,minute,20 September 16:31,Aerobee RTV-A-1,,USAF 19,Holloman LC-A,US Air Force,AFCRC / WADC Aero-Medical Laboratory,Suborbital,Biological,20 September,Successful,"Carried monkey, Yorick/Albert VI, and 11 mice, all recovered;[20] apogee: 71 kilometres (44 mi)[19]: 82–83",https://en.wikipedia.org/wiki/1951_in_spaceflight,compiled_event_table
L0047,1951,1951-09-27,1951-09-27T00:06:00Z,minute,27 September 00:06,Aerobee XASR-SC-1,,SC 21,White Sands LC-35,US Army,USASC / University of Michigan,Suborbital,Aeronomy,27 September,Successful,Apogee: 68.9 kilometres (42.8 mi)[19]: 229–230,https://en.wikipedia.org/wiki/1951_in_spaceflight,compiled_event_table
L0048,1951,1951-10-17,1951-10-17T18:17:00Z,minute,17 October 18:17,Aerobee RTV-A-1a,,USAF 20,Holloman LC-A,US Air Force,AFCRC / Boston University,Suborbital,Ionospheric,17 October,Successful,"Apogee: 114.3 kilometres (71.0 mi), maiden flight of the RTV-A-1a[19]: 84",https://en.wikipedia.org/wiki/1951_in_spaceflight,compiled_event_table
L0049,1951,1951-10-29,1951-10-29T21:04:00Z,minute,29 October 21:04,V-2,,V-2 No. 60,White Sands LC-33,US Army,USASC / University of Michigan,Suborbital,Aeronomy,29 October,Successful,Apogee: 141.0 kilometres (87.6 mi)[19]: 458–459,https://en.wikipedia.org/wiki/1951_in_spaceflight,compiled_event_table
L0050,1951,1951-11-01,1951-11-01T09:46:00Z,minute,1 November 09:46,Aerobee XASR-SC-1,,SC 20,White Sands LC-35,US Army,USASC,Suborbital,Aeronomy,1 November,Successful,Apogee: 66.3 kilometres (41.2 mi)[19]: 226–227,https://en.wikipedia.org/wiki/1951_in_spaceflight,compiled_event_table
L0051,1951,1951-11-03,1951-11-03T00:35:00Z,minute,3 November 00:35,Aerobee XASR-SC-1,,SC 22,White Sands LC-35,US Army,USASC,Suborbital,Aeronomy,3 November,Successful,Apogee: 82 kilometres (51 mi)[19]: 231–232,https://en.wikipedia.org/wiki/1951_in_spaceflight,compiled_event_table
L0052,1951,,,year_only_aggregate,,R-2,,,,,,Suborbital,Missile test,,,Aggregate series member 1/10; individual date not enumerated in source event table,https://en.wikipedia.org/wiki/1951_in_spaceflight,annual_statistics_reconciliation
L0053,1951,,,year_only_aggregate,,R-2,,,,,,Suborbital,Missile test,,,Aggregate series member 2/10; individual date not enumerated in source event table,https://en.wikipedia.org/wiki/1951_in_spaceflight,annual_statistics_reconciliation
L0054,1951,,,year_only_aggregate,,R-2,,,,,,Suborbital,Missile test,,,Aggregate series member 3/10; individual date not enumerated in source event table,https://en.wikipedia.org/wiki/1951_in_spaceflight,annual_statistics_reconciliation
L0055,1951,,,year_only_aggregate,,R-2,,,,,,Suborbital,Missile test,,,Aggregate series member 4/10; individual date not enumerated in source event table,https://en.wikipedia.org/wiki/1951_in_spaceflight,annual_statistics_reconciliation
L0056,1951,,,year_only_aggregate,,R-2,,,,,,Suborbital,Missile test,,,Aggregate series member 5/10; individual date not enumerated in source event table,https://en.wikipedia.org/wiki/1951_in_spaceflight,annual_statistics_reconciliation
L0057,1951,,,year_only_aggregate,,R-2,,,,,,Suborbital,Missile test,,,Aggregate series member 6/10; individual date not enumerated in source event table,https://en.wikipedia.org/wiki/1951_in_spaceflight,annual_statistics_reconciliation
L0058,1951,,,year_only_aggregate,,R-2,,,,,,Suborbital,Missile test,,,Aggregate series member 7/10; individual date not enumerated in source event table,https://en.wikipedia.org/wiki/1951_in_spaceflight,annual_statistics_reconciliation
L0059,1951,,,year_only_aggregate,,R-2,,,,,,Suborbital,Missile test,,,Aggregate series member 8/10; individual date not enumerated in source event table,https://en.wikipedia.org/wiki/1951_in_spaceflight,annual_statistics_reconciliation
L0060,1951,,,year_only_aggregate,,R-2,,,,,,Suborbital,Missile test,,,Aggregate series member 9/10; individual date not enumerated in source event table,https://en.wikipedia.org/wiki/1951_in_spaceflight,annual_statistics_reconciliation
L0061,1951,,,year_only_aggregate,,R-2,,,,,,Suborbital,Missile test,,,Aggregate series member 10/10; individual date not enumerated in source event table,https://en.wikipedia.org/wiki/1951_in_spaceflight,annual_statistics_reconciliation
L0062,1952,1952-01-30,1952-01-30T20:45:00Z,minute,30 January 20:45,Aerobee RTV-A-1a,,USAF 21,Holloman LC-A,US Air Force,AFCRC / University of Utah,Suborbital,Ionospheric,30 January,Launch failure,"Apogee: 0 kilometres (0 mi), rocket exploded in tower[3]: 85",https://en.wikipedia.org/wiki/1952_in_spaceflight,compiled_event_table
L0063,1952,1952-02-19,1952-02-19T14:49:00Z,minute,19 February 14:49,Aerobee RTV-A-1c,,USAF 22,Holloman LC-A,US Air Force,AFCRC / University of Utah,Suborbital,Airglow,19 February,Launch failure,"Apogee: 0 kilometres (0 mi), maiden (and only) flight of the RTV-A-1c, which was an unboosted version of the RTV-A-1a. There was a thrust chamber explosion in the tower, but the instrumentation was recovered intact.[3]: 86",https://en.wikipedia.org/wiki/1952_in_spaceflight,compiled_event_table
L0064,1952,1952-02-19,1952-02-19T17:00:00Z,minute,19 February 17:00,Aerobee RTV-N-10,,NRL 7,White Sands LC-35,US Navy,NRL,Suborbital,Cosmic Radiation / Solar Radiation,19 February,Successful,Apogee: 81.3 kilometres (50.5 mi)[3]: 303–304,https://en.wikipedia.org/wiki/1952_in_spaceflight,compiled_event_table
L0065,1952,1952-02-29,1952-02-29T14:40:00Z,minute,29 February 14:40,Aerobee RTV-A-1,,USAF 23,Holloman LC-A,US Air Force,AFCRC / University of Utah,Suborbital,Airglow,29 February,Successful,Apogee: 89.3 kilometres (55.5 mi)[3]: 87–88,https://en.wikipedia.org/wiki/1952_in_spaceflight,compiled_event_table
L0066,1952,1952-04-22,1952-04-22T17:28:00Z,minute,22 April 17:28,Aerobee RTV-A-1,,USAF 24,Holloman LC-A,US Air Force,AFCRC / Boston University,Suborbital,Ionospheric,22 April,Successful,Apogee: 113 kilometres (70 mi)[3]: 89–90,https://en.wikipedia.org/wiki/1952_in_spaceflight,compiled_event_table
L0067,1952,1952-04-30,1952-04-30T13:30:00Z,minute,30 April 13:30,Aerobee RTV-N-10,,NRL 8,White Sands LC-35,US Navy,NRL,Suborbital,Cosmic Radiation / Solar Radiation,30 April,Successful,Apogee: 127.8 kilometres (79.4 mi)[3]: 305,https://en.wikipedia.org/wiki/1952_in_spaceflight,compiled_event_table
L0068,1952,1952-05-01,1952-05-01T14:59:00Z,minute,1 May 14:59,Aerobee RTV-N-10,,NRL 9,White Sands LC-35,US Navy,NRL,Suborbital,Cosmic Radiation / Solar Radiation,1 May,Successful,Apogee: 126.0 kilometres (78.3 mi)[3]: 305,https://en.wikipedia.org/wiki/1952_in_spaceflight,compiled_event_table
L0069,1952,1952-05-01,1952-05-01T15:42:00Z,minute,1 May 15:42,Aerobee RTV-A-1,,USAF 25,Holloman LC-A,US Air Force,AFCRC / University of Rhode Island,Suborbital,Solar UV,1 May,Successful,Apogee: 91 kilometres (57 mi)[3]: 91–92,https://en.wikipedia.org/wiki/1952_in_spaceflight,compiled_event_table
L0070,1952,1952-05-05,1952-05-05T13:44:00Z,minute,5 May 13:44,Aerobee RTV-N-10,,NRL 10,White Sands LC-35,US Navy,NRL,Suborbital,Cosmic Radiation / Solar Radiation,5 May,Successful,Apogee: 127.0 kilometres (78.9 mi)[3]: 305,https://en.wikipedia.org/wiki/1952_in_spaceflight,compiled_event_table
L0071,1952,1952-05-15,1952-05-15T01:15:00Z,minute,15 May 01:15,Aerobee XASR-SC-1,,SC 23,White Sands LC-35,US Army,SCEL / University of Michigan,Suborbital,Aeronomy,15 May,Successful,Apogee: 76.1 kilometres (47.3 mi)[3]: 233–234,https://en.wikipedia.org/wiki/1952_in_spaceflight,compiled_event_table
L0072,1952,1952-05-20,1952-05-20T02:07:00Z,minute,20 May 02:07,Aerobee XASR-SC-1,,SC 24,White Sands LC-35,US Army,USASC,Suborbital,Aeronomy,20 May,Successful,Apogee: 89.5 kilometres (55.6 mi)[3]: 235–236,https://en.wikipedia.org/wiki/1952_in_spaceflight,compiled_event_table
L0073,1952,1952-05-20,1952-05-20T16:06:00Z,minute,20 May 16:06,V-2,,V-2 No. 59 / TF-2,White Sands LC-33,US Army,SCEL / University of Michigan,Suborbital,Aeronomy / Photography,20 May,Successful,"Apogee: 103.5 kilometres (64.3 mi)[3]: 455–456, 464",https://en.wikipedia.org/wiki/1952_in_spaceflight,compiled_event_table
L0074,1952,1952-05-21,1952-05-21T15:15:00Z,minute,21 May 15:15,Aerobee RTV-A-1,,USAF 26,Holloman LC-A,US Air Force,AFCRL / WADC Aero-Medical Laboratory,Suborbital,Biological,21 May,Successful,"Carried 2 Philippine monkeys, Pat and Mike, and 2 mice; all recovered. Apogee: 61 kilometres (38 mi)[3]: 93–94 Flight tested requirement of restraints: one mouse was given a shelf to cling to; the other bounced from side to side of its smooth-sided plastic compartment. Acceleration was 15 gees for <1 second and 3-4 gees for 35 seconds. The two monkeys were strapped to their seats and anaesthetized. Mission demonstrated that pilot injury in rocket flight could be avoided with appropriate seats and straps.[12]",https://en.wikipedia.org/wiki/1952_in_spaceflight,compiled_event_table
L0075,1952,1952-06-06,1952-06-06T17:30:00Z,minute,6 June 17:30,Viking (second model),,,White Sands LC-33,US Navy,NRL,Suborbital,Accidental launch,6 June,Launch failure,"Apogee: 6 kilometres (3.7 mi), accidentally launched during static fire ground test[13]",https://en.wikipedia.org/wiki/1952_in_spaceflight,compiled_event_table
L0076,1952,1952-06-18,1952-06-18T17:50:00Z,minute,18 June 17:50,Aerobee RTV-A-1,,USAF 27,Holloman LC-A,US Air Force,AFCRC / University of Denver,Suborbital,Solar UV,18 June,Successful,Apogee: 105 kilometres (65 mi)[3]: 95–96,https://en.wikipedia.org/wiki/1952_in_spaceflight,compiled_event_table
L0077,1952,1952-06-30,1952-06-30T14:32:00Z,minute,30 June 14:32,Aerobee RTV-A-1,,USAF 28,Holloman LC-A,US Air Force,AFCRC,Suborbital,Sky Brightness,30 June,Successful,Apogee: 101 kilometres (63 mi)[3]: 97–98,https://en.wikipedia.org/wiki/1952_in_spaceflight,compiled_event_table
L0078,1952,1952-08-08,,day,8 August,R-2,,,Kapustin Yar,OKB-1,OKB-1,Suborbital,Missile test,8 August,,First of fourteen test launches of mass-produced version; twelve reached their target[14][7]: 266,https://en.wikipedia.org/wiki/1952_in_spaceflight,compiled_event_table
L0079,1952,,,unknown,August,R-2,,,Kapustin Yar,OKB-1,OKB-1,Suborbital,Missile test,Same day,,Second of fourteen test launches of mass-produced version; twelve reached their target[14][7]: 266,https://en.wikipedia.org/wiki/1952_in_spaceflight,compiled_event_table
L0080,1952,1952-08-20,,day,20 August,R-1,,,Kapustin Yar,OKB-1,OKB-1,Suborbital,Missile test,20 August,Successful[10],,https://en.wikipedia.org/wiki/1952_in_spaceflight,compiled_event_table
L0081,1952,1952-08-21,,day,21 August,R-1,,,Kapustin Yar,OKB-1,OKB-1,Suborbital,Missile test,21 August,Successful[10],,https://en.wikipedia.org/wiki/1952_in_spaceflight,compiled_event_table
L0082,1952,1952-08-21,1952-08-21T06:25:00Z,minute,21 August 06:25,Deacon rockoon,,SUI 1,"USCGC Eastwind, Kane Basin",US Coast Guard,University of Iowa,Suborbital,Cosmic Radiation,21 August,Partial failure,"Maiden flight of the Deacon Rockoon, (balloon) apogee: 21.4 kilometres (13.3 mi), rocket failed to fire[3]: 312",https://en.wikipedia.org/wiki/1952_in_spaceflight,compiled_event_table
L0083,1952,1952-08-22,1952-08-22T07:33:00Z,minute,22 August 07:33,V-2,,TF-3,White Sands LC-33,US Army,NRL / AFCRC / National Institutes of Health,Suborbital,Aeronomy / Cosmic Radiation / Solar X-Ray / Magnetic Field / Sky Brightness,22 August,Successful,Apogee: 78.1 kilometres (48.5 mi)[3]: 465–466,https://en.wikipedia.org/wiki/1952_in_spaceflight,compiled_event_table
L0084,1952,1952-08-24,1952-08-24T03:34:00Z,minute,24 August 03:34,Deacon rockoon,,SUI 2,"USCGC Eastwind, northern Baffin Bay",US Coast Guard,University of Iowa,Suborbital,Cosmic Radiation,24 August,Partial failure,"(Balloon) Apogee: 21.4 kilometres (13.3 mi),[3]: 312 rocket failed to fire, but instrument package worked[4]: 17",https://en.wikipedia.org/wiki/1952_in_spaceflight,compiled_event_table
L0085,1952,1952-08-25,,day,25 August,R-1,,,Kapustin Yar,OKB-1,OKB-1,Suborbital,Missile test,25 August,Successful[10],,https://en.wikipedia.org/wiki/1952_in_spaceflight,compiled_event_table
L0086,1952,1952-08-26,1952-08-26T18:53:00Z,minute,26 August 18:53,Aerobee RTV-A-1a,,USAF 29,Holloman LC-A,US Air Force,AFCRC / University of Utah,Suborbital,Ionospheric,26 August,Launch failure,Apogee: 32 kilometres (20 mi)[3]: 99–100,https://en.wikipedia.org/wiki/1952_in_spaceflight,compiled_event_table
L0087,1952,1952-08-29,1952-08-29T00:26:00Z,minute,29 August 00:26,Deacon rockoon,,SUI 3,"USCGC Eastwind, northern Baffin Bay",US Coast Guard,University of Iowa,Suborbital,Cosmic Radiation,29 August,Spacecraft failure,"Apogee: 61.0 kilometres (37.9 mi),[3]: 312 first successful firing of balloon-launched rocket, instruments failed to return data[4]: 18",https://en.wikipedia.org/wiki/1952_in_spaceflight,compiled_event_table
L0088,1952,1952-08-29,1952-08-29T07:36:00Z,minute,29 August 07:36,Deacon rockoon,,SUI 4,"USCGC Eastwind, northern Baffin Bay",US Coast Guard,University of Iowa,Suborbital,Cosmic Radiation,29 August,Successful,Apogee: 59.4 kilometres (36.9 mi)[3]: 312,https://en.wikipedia.org/wiki/1952_in_spaceflight,compiled_event_table
L0089,1952,1952-08-29,1952-08-29T18:15:00Z,minute,29 August 18:15,Deacon rockoon,,SUI 5,"USCGC Eastwind, northern Baffin Bay",US Coast Guard,University of Iowa,Suborbital,Cosmic Radiation,29 August,Successful,Apogee: 76.1 kilometres (47.3 mi)[3]: 312,https://en.wikipedia.org/wiki/1952_in_spaceflight,compiled_event_table
L0090,1952,1952-08-31,1952-08-31T21:10:00Z,minute,31 August 21:10,Deacon rockoon,,SUI 6,"USCGC Eastwind, northern Baffin Bay",US Coast Guard,University of Iowa,Suborbital,Cosmic Radiation,31 August,Successful,Apogee: 64.1 kilometres (39.8 mi)[3]: 313,https://en.wikipedia.org/wiki/1952_in_spaceflight,compiled_event_table
L0091,1952,,,unknown,September,R-2,,,Kapustin Yar,OKB-1,OKB-1,Suborbital,Missile test,Same day,,Ninth of fourteen test launches of mass-produced version; twelve reached their target[14][7]: 266,https://en.wikipedia.org/wiki/1952_in_spaceflight,compiled_event_table
L0092,1952,1952-09-03,1952-09-03T14:49:00Z,minute,3 September 14:49,Aerobee RTV-N-10,,NRL 11,White Sands LC-35,US Navy,NRL,Suborbital,Solar Radiation,3 September,Successful,Apogee: 99.0 kilometres (61.5 mi)[3]: 305,https://en.wikipedia.org/wiki/1952_in_spaceflight,compiled_event_table
L0093,1952,1952-09-04,1952-09-04T09:17:00Z,minute,4 September 09:17,Deacon rockoon,,SUI 7,"USCGC Eastwind, northern Baffin Bay",US Coast Guard,University of Iowa,Suborbital,Cosmic Radiation,4 September,Successful,Apogee: 64.1 kilometres (39.8 mi)[3]: 313,https://en.wikipedia.org/wiki/1952_in_spaceflight,compiled_event_table
L0094,1952,1952-09-18,,day,18 September,R-2,,,Kapustin Yar,OKB-1,OKB-1,Suborbital,Missile test,18 September,,Last of fourteen test launches of mass-produced version; twelve reached their target[14][7]: 266,https://en.wikipedia.org/wiki/1952_in_spaceflight,compiled_event_table
L0095,1952,1952-09-19,1952-09-19T15:49:00Z,minute,19 September 15:49,V-2,,TF-5,White Sands LC-33,US Army,SCEL / University of Michigan,Suborbital,Aeronomy,19 September,Launch failure,"Final flight of the V-2, apogee: 7.1 kilometres (4.4 mi), tail exploded at 27 seconds[3]: 469–470",https://en.wikipedia.org/wiki/1952_in_spaceflight,compiled_event_table
L0096,1952,1952-09-25,1952-09-25T03:50:00Z,minute,25 September 03:50,Aerobee XASR-SC-1,,SC 25,White Sands LC-35,US Army,SCEL,Suborbital,Aeronomy,25 September,Successful,Apogee: 117 kilometres (73 mi)[3]: 239,https://en.wikipedia.org/wiki/1952_in_spaceflight,compiled_event_table
L0097,1952,1952-10-10,1952-10-10T14:24:00Z,minute,10 October 14:24,Aerobee RTV-A-1,,USAF 30,Holloman LC-A,US Air Force,AFCRC / University of Denver,Suborbital,Solar UV,10 October,Successful,Apogee: 110 kilometres (68 mi)[3]: 102–103,https://en.wikipedia.org/wiki/1952_in_spaceflight,compiled_event_table
L0098,1952,1952-10-22,1952-10-22T14:35:00Z,minute,22 October 14:35,Aerobee RTV-A-1,,USAF 31,Holloman LC-A,US Air Force,AFCRC / University of Michigan,Suborbital,Aeronomy,22 October,Successful,Apogee: 100 kilometres (62 mi)[3]: 104–105,https://en.wikipedia.org/wiki/1952_in_spaceflight,compiled_event_table
L0099,1952,1952-10-23,1952-10-23T03:45:00Z,minute,23 October 03:45,Aerobee XASR-SC-2,,SC 26,White Sands LC-35,US Army,SCEL,Suborbital,Aeronomy,23 October,Successful,Apogee: 112.0 kilometres (69.6 mi)[3]: 237–238,https://en.wikipedia.org/wiki/1952_in_spaceflight,compiled_event_table
L0100,1952,1952-10-29,,day,29 October,R-1,,,Kapustin Yar,OKB-1,OKB-1,Suborbital,Missile test,29 October,Successful[10],,https://en.wikipedia.org/wiki/1952_in_spaceflight,compiled_event_table
L0101,1952,1952-10-30,,day,30 October,R-1,,,Kapustin Yar,OKB-1,OKB-1,Suborbital,Missile test,30 October,Successful[10],R-1,https://en.wikipedia.org/wiki/1952_in_spaceflight,compiled_event_table
L0102,1952,1952-11-06,1952-11-06T15:56:00Z,minute,6 November 15:56,Aerobee RTV-A-1,,USAF 32,Holloman LC-A,US Air Force,AFCRC,Suborbital,Sky Brightness,6 November,Successful,Apogee: 76 kilometres (47 mi)[3]: 106–107,https://en.wikipedia.org/wiki/1952_in_spaceflight,compiled_event_table
L0103,1952,1952-11-21,,day,21 November,R-1,,,Kapustin Yar,OKB-1,OKB-1,Suborbital,Missile test,21 November,Successful[10],,https://en.wikipedia.org/wiki/1952_in_spaceflight,compiled_event_table
L0104,1952,1952-12-11,1952-12-11T23:47:00Z,minute,11 December 23:47,Aerobee XASR-SC-1,,SC 29,White Sands LC-35,US Army,SCEL / University of Michigan,Suborbital,Aeronomy / Cosmic Radiation,11 December,Successful,Apogee: 105.1 kilometres (65.3 mi)[3]: 244–245,https://en.wikipedia.org/wiki/1952_in_spaceflight,compiled_event_table
L0105,1952,1952-12-12,1952-12-12T19:38:00Z,minute,12 December 19:38,Aerobee RTV-A-1,,USAF 33,Holloman LC-A,US Air Force,AFCRC / University of Colorado,Suborbital,Solar UV,12 December,Successful,"Final flight of the RTV-A-1, apogee: 89 kilometres (55 mi)[3]: 108–109",https://en.wikipedia.org/wiki/1952_in_spaceflight,compiled_event_table
L0106,1952,1952-12-15,1952-12-15T21:38:00Z,minute,15 December 21:38,Viking (second model),,,White Sands LC-33,US Navy,NRL,Suborbital,Solar Radiation / Cosmic Radiation / Photography,15 December,Successful,Apogee: 219 kilometres (136 mi)[3]: 494,https://en.wikipedia.org/wiki/1952_in_spaceflight,compiled_event_table
L0107,1952,,,year_only_aggregate,,R-1,,,,,,Suborbital,Missile test,,,Aggregate series member 1/1; individual date not enumerated in source event table,https://en.wikipedia.org/wiki/1952_in_spaceflight,annual_statistics_reconciliation
L0108,1952,,,year_only_aggregate,,R-2,,,,,,Suborbital,Missile test,,,Aggregate series member 1/10; individual date not enumerated in source event table,https://en.wikipedia.org/wiki/1952_in_spaceflight,annual_statistics_reconciliation
L0109,1952,,,year_only_aggregate,,R-2,,,,,,Suborbital,Missile test,,,Aggregate series member 2/10; individual date not enumerated in source event table,https://en.wikipedia.org/wiki/1952_in_spaceflight,annual_statistics_reconciliation
L0110,1952,,,year_only_aggregate,,R-2,,,,,,Suborbital,Missile test,,,Aggregate series member 3/10; individual date not enumerated in source event table,https://en.wikipedia.org/wiki/1952_in_spaceflight,annual_statistics_reconciliation
L0111,1952,,,year_only_aggregate,,R-2,,,,,,Suborbital,Missile test,,,Aggregate series member 4/10; individual date not enumerated in source event table,https://en.wikipedia.org/wiki/1952_in_spaceflight,annual_statistics_reconciliation
L0112,1952,,,year_only_aggregate,,R-2,,,,,,Suborbital,Missile test,,,Aggregate series member 5/10; individual date not enumerated in source event table,https://en.wikipedia.org/wiki/1952_in_spaceflight,annual_statistics_reconciliation
L0113,1952,,,year_only_aggregate,,R-2,,,,,,Suborbital,Missile test,,,Aggregate series member 6/10; individual date not enumerated in source event table,https://en.wikipedia.org/wiki/1952_in_spaceflight,annual_statistics_reconciliation
L0114,1952,,,year_only_aggregate,,R-2,,,,,,Suborbital,Missile test,,,Aggregate series member 7/10; individual date not enumerated in source event table,https://en.wikipedia.org/wiki/1952_in_spaceflight,annual_statistics_reconciliation
L0115,1952,,,year_only_aggregate,,R-2,,,,,,Suborbital,Missile test,,,Aggregate series member 8/10; individual date not enumerated in source event table,https://en.wikipedia.org/wiki/1952_in_spaceflight,annual_statistics_reconciliation
L0116,1952,,,year_only_aggregate,,R-2,,,,,,Suborbital,Missile test,,,Aggregate series member 9/10; individual date not enumerated in source event table,https://en.wikipedia.org/wiki/1952_in_spaceflight,annual_statistics_reconciliation
L0117,1952,,,year_only_aggregate,,R-2,,,,,,Suborbital,Missile test,,,Aggregate series member 10/10; individual date not enumerated in source event table,https://en.wikipedia.org/wiki/1952_in_spaceflight,annual_statistics_reconciliation
L0118,1953,1953-02-10,1953-02-10T21:09:00Z,minute,10 February 21:09,Aerobee RTV-N-10,,NRL 12,White Sands LC-35,US Navy,NRL,Suborbital,Aeronomy / Cosmic Radiation,10 February,Successful,Apogee: 137.0 kilometres (85.1 mi)[8]: 305,https://en.wikipedia.org/wiki/1953_in_spaceflight,compiled_event_table
L0119,1953,1953-02-12,1953-02-12T07:09:00Z,minute,12 February 07:09,Aerobee RTV-N-10,,NRL 13,White Sands LC-35,US Navy,NRL,Suborbital,Aeronomy / Cosmic Radiation,12 February,Successful,Apogee: 137.3 kilometres (85.3 mi)[8]: 305,https://en.wikipedia.org/wiki/1953_in_spaceflight,compiled_event_table
L0120,1953,1953-02-18,1953-02-18T06:50:00Z,minute,18 February 06:50,Aerobee XASR-SC-2,,SC 27,White Sands LC-35,US Army,SCEL,Suborbital,Aeronomy,18 February,Successful,Apogee: 108.6 kilometres (67.5 mi)[8]: 240–241,https://en.wikipedia.org/wiki/1953_in_spaceflight,compiled_event_table
L0121,1953,1953-02-18,1953-02-18T17:42:00Z,minute,18 February 17:42,Aerobee RTV-A-1a,,USAF 34,Holloman LC-A,US Air Force,AFCRC,Suborbital,Rocket performance test,18 February,Successful,Apogee: 117 kilometres (73 mi)[8]: 111–112,https://en.wikipedia.org/wiki/1953_in_spaceflight,compiled_event_table
L0122,1953,1953-03-01,,day,1 March,R-1,,,Kapustin Yar,OKB-1,OKB-1,Suborbital,Missile test,1 March,Successful[9],,https://en.wikipedia.org/wiki/1953_in_spaceflight,compiled_event_table
L0123,1953,1953-03-05,,day,5 March,R-1,,,Kapustin Yar,OKB-1,OKB-1,Suborbital,Missile test,5 March,Successful[9],,https://en.wikipedia.org/wiki/1953_in_spaceflight,compiled_event_table
L0124,1953,1953-03-15,,day,15 March,R-5,,,Kapustin Yar,OKB-1,OKB-1,Suborbital,Missile test,15 March,Partial failure [7],Maiden flight of R-5[10],https://en.wikipedia.org/wiki/1953_in_spaceflight,compiled_event_table
L0125,1953,1953-03-18,,day,18 March,R-5,,,Kapustin Yar,OKB-1,OKB-1,Suborbital,Missile test,18 March,Partial failure [10][7],,https://en.wikipedia.org/wiki/1953_in_spaceflight,compiled_event_table
L0126,1953,1953-03-19,,day,19 March,R-1,,,Kapustin Yar,OKB-1,OKB-1,Suborbital,Missile test,19 March,Successful[9],,https://en.wikipedia.org/wiki/1953_in_spaceflight,compiled_event_table
L0127,1953,1953-04-02,,day,2 April,R-5,,,Kapustin Yar,OKB-1,OKB-1,Suborbital,Missile test,2 April,Successful,First successful R-5 launch[10],https://en.wikipedia.org/wiki/1953_in_spaceflight,compiled_event_table
L0128,1953,1953-04-08,,day,8 April,R-5,,,Kapustin Yar,OKB-1,OKB-1,Suborbital,Missile test,8 April,Partial failure[10],,https://en.wikipedia.org/wiki/1953_in_spaceflight,compiled_event_table
L0129,1953,1953-04-14,1953-04-14T15:47:00Z,minute,14 April 15:47,Aerobee RTV-A-1a,,USAF 35,Holloman LC-A,US Air Force,AFCRC,Suborbital,Rocket performance test,14 April,Successful,Apogee: 122 kilometres (76 mi)[8]: 113–114,https://en.wikipedia.org/wiki/1953_in_spaceflight,compiled_event_table
L0130,1953,1953-04-19,,day,19 April,R-5,,,Kapustin Yar,OKB-1,OKB-1,Suborbital,Missile test,19 April,Successful[10],,https://en.wikipedia.org/wiki/1953_in_spaceflight,compiled_event_table
L0131,1953,1953-04-23,1953-04-23T19:33:00Z,minute,23 April 19:33,Aerobee XASR-SC-2,,SC 30,White Sands LC-35,US Army,SCEL / University of Michigan,Suborbital,Aeronomy,23 April,Successful,Apogee: 123.3 kilometres (76.6 mi)[8]: 246–247,https://en.wikipedia.org/wiki/1953_in_spaceflight,compiled_event_table
L0132,1953,1953-04-24,1953-04-24T10:19:00Z,minute,24 April 10:19,Aerobee XASR-SC-2,,SC 28,White Sands LC-35,US Army,SCEL,Suborbital,Aeronomy,24 April,Successful,Apogee: 108 kilometres (67 mi)[8]: 242–243,https://en.wikipedia.org/wiki/1953_in_spaceflight,compiled_event_table
L0133,1953,1953-04-24,,day,24 April,R-5,,,Kapustin Yar,OKB-1,OKB-1,Suborbital,Missile test,24 April,Partial failure[10],,https://en.wikipedia.org/wiki/1953_in_spaceflight,compiled_event_table
L0134,1953,1953-05-11,,day,11 May,R-1,,,Kapustin Yar,OKB-1,OKB-1,Suborbital,Missile test,11 May,Successful[9],,https://en.wikipedia.org/wiki/1953_in_spaceflight,compiled_event_table
L0135,1953,1953-05-13,,day,13 May,R-5,,,Kapustin Yar,OKB-1,OKB-1,Suborbital,Missile test,13 May,Successful[10],,https://en.wikipedia.org/wiki/1953_in_spaceflight,compiled_event_table
L0136,1953,1953-05-20,1953-05-20T14:04:00Z,minute,20 May 14:04,Aerobee RTV-A-1a,,USAF 36,Holloman LC-A,US Air Force,AFCRC,Suborbital,Sky Brightness,20 May,Successful,Apogee: 114 kilometres (71 mi)[8]: 115–116,https://en.wikipedia.org/wiki/1953_in_spaceflight,compiled_event_table
L0137,1953,1953-05-21,1953-05-21T15:57:00Z,minute,21 May 15:57,Aerobee RTV-A-1a,,USAF 37,Holloman LC-A,US Air Force,AFCRC,Suborbital,Sky Brightness,21 May,Successful,Apogee: 114 kilometres (71 mi)[8]: 117–118,https://en.wikipedia.org/wiki/1953_in_spaceflight,compiled_event_table
L0138,1953,1953-05-23,,day,23 May,R-5,,,Kapustin Yar,OKB-1,OKB-1,Suborbital,Missile test,23 May,Successful,Contained 4 supplementary combat compartments; end of 1st set of experimental launches[10],https://en.wikipedia.org/wiki/1953_in_spaceflight,compiled_event_table
L0139,1953,1953-06-26,1953-06-26T19:10:00Z,minute,26 June 19:10,Aerobee RTV-A-1a,,USAF 38,Holloman LC-A,US Air Force,AFCRC / University of Utah,Suborbital,Ionospheric,26 June,Successful,Apogee: 135 kilometres (84 mi)[8]: 119–120,https://en.wikipedia.org/wiki/1953_in_spaceflight,compiled_event_table
L0140,1953,1953-06-30,,day,30 June,Viking (second model),,,White Sands LC-33,US Navy,NRL,Suborbital,Aeronomy / Ionospheric,30 June,Launch Failure,"Apogee: 0 kilometres (0 mi), tail exploded on launch pad; rocket rebuilt and launched successfully on 7 May 1954",https://en.wikipedia.org/wiki/1953_in_spaceflight,compiled_event_table
L0141,1953,1953-07-01,1953-07-01T17:52:00Z,minute,1 July 17:52,Aerobee RTV-A-1a,,USAF 39,Holloman LC-A,US Air Force,AFCRC / University of Utah,Suborbital,Ionospheric,1 July,Successful,Apogee: 138 kilometres (86 mi)[8]: 121–122,https://en.wikipedia.org/wiki/1953_in_spaceflight,compiled_event_table
L0142,1953,1953-07-06,,day,6 July,R-1,,,Kapustin Yar,OKB-1,OKB-1,Suborbital,Missile test,6 July,Successful[9],,https://en.wikipedia.org/wiki/1953_in_spaceflight,compiled_event_table
L0143,1953,1953-07-14,1953-07-14T15:30:00Z,minute,14 July 15:30,Aerobee RTV-A-1a,,USAF 40,Holloman LC-A,US Air Force,AFCRC / University of Rhode Island,Suborbital,Solar UV,14 July,Successful,Apogee: 103 kilometres (64 mi)[8]: 123–124,https://en.wikipedia.org/wiki/1953_in_spaceflight,compiled_event_table
L0144,1953,1953-07-18,1953-07-18T22:27:00Z,minute,18 July 22:27,Deacon Rockoon,,SUI 8,"USS Staten Island, Atlantic Ocean, 50 kilometres (31 mi) east of Boston",US Navy,University of Iowa,Suborbital,Cosmic Radiation,18 July,Launch failure,"(Balloon) Apogee: 22.0 kilometres (13.7 mi), rocket failed to fire[8]: 313",https://en.wikipedia.org/wiki/1953_in_spaceflight,compiled_event_table
L0145,1953,1953-07-19,1953-07-19T10:30:00Z,minute,19 July 10:30,Deacon Rockoon,,SUI 9,"USS Staten Island, Atlantic Ocean, near Nova Scotia",US Navy,University of Iowa,Suborbital,Cosmic Radiation,19 July,Launch failure,"(Balloon) Apogee: 22.2 kilometres (13.8 mi), rocket failed to fire[8]: 313",https://en.wikipedia.org/wiki/1953_in_spaceflight,compiled_event_table
L0146,1953,1953-07-19,1953-07-19T15:53:00Z,minute,19 July 15:53,Deacon Rockoon,,SUI 10,"USS Staten Island, Atlantic Ocean, near Nova Scotia",US Navy,University of Iowa,Suborbital,Cosmic Radiation,19 July,Launch failure,"(Balloon) Apogee: 22.2 kilometres (13.8 mi), rocket failed to fire[8]: 313",https://en.wikipedia.org/wiki/1953_in_spaceflight,compiled_event_table
L0147,1953,1953-07-19,1953-07-19T21:57:00Z,minute,19 July 21:57,Deacon Rockoon,,SUI 11,"USS Staten Island, Atlantic Ocean, near Nova Scotia",US Navy,University of Iowa,Suborbital,Cosmic Radiation,19 July,Launch failure,"(Balloon) Apogee: 23.2 kilometres (14.4 mi), rocket failed to fire[8]: 314",https://en.wikipedia.org/wiki/1953_in_spaceflight,compiled_event_table
L0148,1953,1953-07-22,1953-07-22T09:47:00Z,minute,22 July 09:47,Aerobee RTV-A-1a,,USAF 41,Holloman LC-A,US Air Force,AFCRC,Suborbital,Aeronomy,23 July,Successful,Apogee: 95.6 kilometres (59.4 mi)[8]: 125–126,https://en.wikipedia.org/wiki/1953_in_spaceflight,compiled_event_table
L0149,1953,1953-07-24,1953-07-24T16:40:00Z,minute,24 July 16:40,Deacon Rockoon,,SUI 12,"USS Staten Island, Labrador Sea",US Navy,University of Iowa,Suborbital,Cosmic Radiation,24 July,Launch failure,"Balloon cut down, rocket failed to fire[8]: 314",https://en.wikipedia.org/wiki/1953_in_spaceflight,compiled_event_table
L0150,1953,1953-07-28,1953-07-28T09:41:00Z,minute,28 July 09:41,Deacon Rockoon,,SUI 13,"USS Staten Island, southern Davis Strait, near Baffin Island",US Navy,University of Iowa,Suborbital,Cosmic Radiation,28 July,Successful,Apogee: 88.4 kilometres (54.9 mi)[8]: 314,https://en.wikipedia.org/wiki/1953_in_spaceflight,compiled_event_table
L0151,1953,1953-08-03,1953-08-03T18:28:00Z,minute,3 August 18:28,Deacon Rockoon,,SUI 14,"USS Staten Island, Frobisher Bay",US Navy,University of Iowa,Suborbital,Cosmic Radiation,3 August,Successful,Apogee uncertain[8]: 314,https://en.wikipedia.org/wiki/1953_in_spaceflight,compiled_event_table
L0152,1953,1953-08-05,1953-08-05T21:54:00Z,minute,5 August 21:54,Deacon Rockoon,,NRL Rockoon 1,"USS Staten Island, southern Davis Strait, near Baffin Island",US Navy,NRL,Suborbital,Aeronomy,5 August,,"Apogee: 79.2 kilometres (49.2 mi);[8]: 311 first of six 1953 NRL flights, three of which reached altitude and returned data[3]",https://en.wikipedia.org/wiki/1953_in_spaceflight,compiled_event_table
L0153,1953,1953-08-06,1953-08-06T15:07:00Z,minute,6 August 15:07,Deacon Rockoon,,SUI 15,"USS Staten Island, Davis Strait",US Navy,University of Iowa,Suborbital,Cosmic Radiation,6 August,Successful,Apogee: 65.5 kilometres (40.7 mi)[8]: 314,https://en.wikipedia.org/wiki/1953_in_spaceflight,compiled_event_table
L0154,1953,1953-08-06,1953-08-06T18:40:00Z,minute,6 August 18:40,Deacon Rockoon,,SUI 16,"USS Staten Island, Davis Strait",US Navy,University of Iowa,Suborbital,Cosmic Radiation,6 August,Successful,Apogee uncertain[8]: 315,https://en.wikipedia.org/wiki/1953_in_spaceflight,compiled_event_table
L0155,1953,1953-08-08,1953-08-08T15:09:00Z,minute,8 August 15:09,Deacon Rockoon,,NRL Rockoon 2,"USS Staten Island, Baffin Bay",US Navy,NRL,Suborbital,Aeronomy,8 August,,"Apogee uncertain;[8]: 311 second of six 1953 NRL flights, three of which reached altitude and returned data[3]",https://en.wikipedia.org/wiki/1953_in_spaceflight,compiled_event_table
L0156,1953,1953-08-09,1953-08-09T05:54:00Z,minute,9 August 05:54,Deacon Rockoon,,SUI 17,"USS Staten Island, Baffin Bay",US Navy,University of Iowa,Suborbital,Cosmic Radiation,9 August,Successful,Apogee: 99.1 kilometres (61.6 mi)[8]: 315,https://en.wikipedia.org/wiki/1953_in_spaceflight,compiled_event_table
L0157,1953,1953-08-09,1953-08-09T19:15:00Z,minute,9 August 19:15,Deacon Rockoon,,NRL Rockoon 3,"USS Staten Island, Baffin Bay",US Navy,NRL,Suborbital,Aeronomy,9 August,Launch failure,"Apogee: 38.1 kilometres (23.7 mi);[8]: 311 third of six 1953 NRL flights, three of which reached altitude and returned data[3]",https://en.wikipedia.org/wiki/1953_in_spaceflight,compiled_event_table
L0158,1953,1953-08-11,1953-08-11T17:09:00Z,minute,11 August 17:09,Deacon Rockoon,,NRL Rockoon 4,"USS Staten Island, Baffin Bay",US Navy,NRL,Suborbital,Aeronomy,11 August,,"Apogee: 80.8 kilometres (50.2 mi);[8]: 311 fourth of six 1953 NRL flights, three of which reached altitude and returned data[3]",https://en.wikipedia.org/wiki/1953_in_spaceflight,compiled_event_table
L0159,1953,1953-08-30,1953-08-30T14:00:00Z,minute,30 August 14:00,Deacon Rockoon,,SUI 18,"USCGC Eastwind, Labrador Sea",US Coast Guard,University of Iowa,Suborbital,Cosmic Radiation,30 August,Launch failure,"(Balloon) Apogee: 13.4 kilometres (8.3 mi), rocket failed to fire[8]: 315",https://en.wikipedia.org/wiki/1953_in_spaceflight,compiled_event_table
L0160,1953,1953-08-30,1953-08-30T16:20:00Z,minute,30 August 16:20,Deacon Rockoon,,SUI 19,"USCGC Eastwind, Labrador Sea",US Coast Guard,University of Iowa,Suborbital,Cosmic Radiation,30 August,Launch failure,"(Balloon) Apogee: 19.2 kilometres (11.9 mi), rocket failed to fire[8]: 315",https://en.wikipedia.org/wiki/1953_in_spaceflight,compiled_event_table
L0161,1953,1953-08-30,1953-08-30T20:46:00Z,minute,30 August 20:46,Deacon Rockoon,,SUI 20,"USCGC Eastwind, Labrador Sea",US Coast Guard,University of Iowa,Suborbital,Cosmic Radiation,30 August,Successful,Apogee: 103.6 kilometres (64.4 mi)[8]: 315,https://en.wikipedia.org/wiki/1953_in_spaceflight,compiled_event_table
L0162,1953,1953-09-01,1953-09-01T05:10:00Z,minute,1 September 05:10,Aerobee XASR-SC-2,,SC 32,White Sands LC-35,US Army,SCEL,Suborbital,Aeronomy,1 September,Successful,"Apogee: 107.3 kilometres (66.7 mi), final flight of the Aerobee XASR-SC-2[8]: 251–252",https://en.wikipedia.org/wiki/1953_in_spaceflight,compiled_event_table
L0163,1953,1953-09-03,1953-09-03T09:50:00Z,minute,3 September 09:50,Deacon Rockoon,,SUI 21,"USCGC Eastwind, Atlantic Ocean, east of Nova Scotia",US Coast Guard,University of Iowa,Suborbital,Cosmic Radiation,3 September,Successful,Apogee uncertain[8]: 316,https://en.wikipedia.org/wiki/1953_in_spaceflight,compiled_event_table
L0164,1953,1953-09-03,1953-09-03T11:51:00Z,minute,3 September 11:51,Deacon Rockoon,,SUI 22,"USCGC Eastwind, Atlantic Ocean, east of Nova Scotia",US Coast Guard,University of Iowa,Suborbital,Cosmic Radiation,3 September,Successful,Apogee: 103.6 kilometres (64.4 mi)[8]: 316,https://en.wikipedia.org/wiki/1953_in_spaceflight,compiled_event_table
L0165,1953,1953-09-03,1953-09-03T14:05:00Z,minute,3 September 14:05,Deacon Rockoon,,SUI 23,"USCGC Eastwind, Atlantic Ocean, east of Nova Scotia",US Coast Guard,University of Iowa,Suborbital,Cosmic Radiation,3 September,Successful,Apogee: 99.1 kilometres (61.6 mi)[8]: 316,https://en.wikipedia.org/wiki/1953_in_spaceflight,compiled_event_table
L0166,1953,1953-09-04,1953-09-04T03:59:00Z,minute,4 September 03:59,Deacon Rockoon,,NRL Rockoon 5,"USCGC Eastwind, Atlantic Ocean, east of Nova Scotia",US Coast Guard,NRL,Suborbital,Aeronomy,4 September,,"Apogee: 67.1 kilometres (41.7 mi);[8]: 311 fifth of six 1953 NRL flights, three of which reached altitude and returned data[3]",https://en.wikipedia.org/wiki/1953_in_spaceflight,compiled_event_table
L0167,1953,1953-09-04,1953-09-04T15:51:00Z,minute,4 September 15:51,Deacon Rockoon,,NRL Rockoon 6,"USCGC Eastwind, Atlantic Ocean, near Nova Scotia",US Coast Guard,NRL,Suborbital,Aeronomy,4 September,Launch Failure,"(Balloon) Apogee: 13.7 kilometres (8.5 mi), rocket failed to fire;[8]: 311 sixth of six 1953 NRL flights, three of which reached altitude and returned data[3]",https://en.wikipedia.org/wiki/1953_in_spaceflight,compiled_event_table
L0168,1953,1953-09-05,1953-09-05T05:35:00Z,minute,5 September 05:35,Aerobee XASR-SC-1,,SC 33,White Sands LC-35,US Army,SCEL,Suborbital,Aeronomy,5 September,Successful,Apogee: 114 kilometres (71 mi)[8]: 253–254,https://en.wikipedia.org/wiki/1953_in_spaceflight,compiled_event_table
L0169,1953,1953-09-15,1953-09-15T15:02:00Z,minute,15 September 15:02,Aerobee RTV-A-1a,,USAF 42,Holloman LC-A,US Air Force,AFCRC,Suborbital,Sky Brightness,15 September,Launch failure,"Apogee: 32 kilometres (20 mi), early cut-off due to a thrust chamber burn-through[8]: 127–128",https://en.wikipedia.org/wiki/1953_in_spaceflight,compiled_event_table
L0170,1953,1953-09-29,1953-09-29T20:50:00Z,minute,29 September 20:50,Aerobee RTV-A-1a,,SC 31,White Sands LC-35,US Army,SCEL / University of Michigan,Suborbital,Aeronomy,29 September,Successful,Apogee: 58 kilometres (36 mi)[8]: 249–250,https://en.wikipedia.org/wiki/1953_in_spaceflight,compiled_event_table
L0171,1953,1953-10-01,,day,1 October,R-1,,,Kapustin Yar,OKB-1,OKB-1,Suborbital,Missile test,1 October,Successful[11],R-1,https://en.wikipedia.org/wiki/1953_in_spaceflight,compiled_event_table
L0172,1953,1953-10-07,1953-10-07T17:00:00Z,minute,7 October 17:00,Aerobee RTV-A-1a,,USAF 43,Holloman LC-A,US Air Force,AFCRC / University of Colorado,Suborbital,Solar UV,7 October,Successful,Apogee: 100 kilometres (62 mi)[8]: 129–130,https://en.wikipedia.org/wiki/1953_in_spaceflight,compiled_event_table
L0173,1953,1953-10-10,,day,10 October,R-2,,,Kapustin Yar,OKB-1,OKB-1,Suborbital,Missile test,10 October,Successful[12],,https://en.wikipedia.org/wiki/1953_in_spaceflight,compiled_event_table
L0174,1953,1953-10-16,,day,16 October,R-1,,,Kapustin Yar,OKB-1,OKB-1,Suborbital,Missile test,16 October,Successful[9],,https://en.wikipedia.org/wiki/1953_in_spaceflight,compiled_event_table
L0175,1953,1953-10-17,,day,17 October,R-1,,,Kapustin Yar,OKB-1,OKB-1,Suborbital,Missile test,17 October,Successful[9],,https://en.wikipedia.org/wiki/1953_in_spaceflight,compiled_event_table
L0176,1953,1953-10-19,,day,19 October,R-1,,,Kapustin Yar,OKB-1,OKB-1,Suborbital,Missile test,19 October,Successful[9],,https://en.wikipedia.org/wiki/1953_in_spaceflight,compiled_event_table
L0177,1953,1953-10-20,,day,20 October,R-1,,,Kapustin Yar,OKB-1,OKB-1,Suborbital,Missile test,20 October,Successful[9],,https://en.wikipedia.org/wiki/1953_in_spaceflight,compiled_event_table
L0178,1953,1953-10-24,,day,24 October,R-2,,,Kapustin Yar,OKB-1,OKB-1,Suborbital,Missile test,24 October,Successful[12],,https://en.wikipedia.org/wiki/1953_in_spaceflight,compiled_event_table
L0179,1953,1953-10-26,,day,26 October,R-1,,,Kapustin Yar,OKB-1,OKB-1,Suborbital,Missile test,26 October,Successful[9],,https://en.wikipedia.org/wiki/1953_in_spaceflight,compiled_event_table
L0180,1953,1953-10-27,,day,27 October,R-1,,,Kapustin Yar,OKB-1,OKB-1,Suborbital,Missile test,27 October,Successful[9],,https://en.wikipedia.org/wiki/1953_in_spaceflight,compiled_event_table
L0181,1953,1953-10-28,,day,28 October,R-1,,,Kapustin Yar,OKB-1,OKB-1,Suborbital,Missile test,28 October,Successful[9],R-1,https://en.wikipedia.org/wiki/1953_in_spaceflight,compiled_event_table
L0182,1953,1953-10-30,,day,30 October,R-5,,,Kapustin Yar,OKB-1,OKB-1,Suborbital,Missile test,30 October,Successful,Beginning of 2nd stage of experimental launches[10],https://en.wikipedia.org/wiki/1953_in_spaceflight,compiled_event_table
L0183,1953,1953-11-01,,day,1 November,R-1,,,Kapustin Yar,OKB-1,OKB-1,Suborbital,Missile test,1 November,Successful[11],R-1,https://en.wikipedia.org/wiki/1953_in_spaceflight,compiled_event_table
L0184,1953,1953-11-02,1953-11-02T18:32:00Z,minute,2 November 18:32,Aerobee RTV-A-1a,,USAF 44,Holloman LC-A,US Air Force,AFCRC / University of Utah,Suborbital,Ionospheric,2 November,Successful,Apogee: 121 kilometres (75 mi)[8]: 131–132,https://en.wikipedia.org/wiki/1953_in_spaceflight,compiled_event_table
L0185,1953,1953-11-03,,day,3 November,R-5,,,Kapustin Yar,OKB-1,OKB-1,Suborbital,Missile test,3 November,Successful[10],,https://en.wikipedia.org/wiki/1953_in_spaceflight,compiled_event_table
L0186,1953,1953-11-03,1953-11-03T18:15:00Z,minute,3 November 18:15,Aerobee RTV-A-1a,,USAF 45,Holloman LC-A,US Air Force,AFCRC / University of Utah,Suborbital,Ionospheric,3 November,Successful,Apogee: 121.5 kilometres (75.5 mi)[8]: 133–134,https://en.wikipedia.org/wiki/1953_in_spaceflight,compiled_event_table
L0187,1953,1953-11-12,,day,12 November,R-1,,,Kapustin Yar,OKB-1,OKB-1,Suborbital,Missile test,12 November,Successful[9],,https://en.wikipedia.org/wiki/1953_in_spaceflight,compiled_event_table
L0188,1953,1953-11-15,,day,15 November,R-1,,,Kapustin Yar,OKB-1,OKB-1,Suborbital,Missile test,15 November,Successful[11],R-1,https://en.wikipedia.org/wiki/1953_in_spaceflight,compiled_event_table
L0189,1953,1953-11-17,,day,17 November,R-5,,,Kapustin Yar,OKB-1,OKB-1,Suborbital,Missile test,17 November,Successful[10],,https://en.wikipedia.org/wiki/1953_in_spaceflight,compiled_event_table
L0190,1953,1953-11-19,1953-11-19T22:40:00Z,minute,19 November 22:40,Aerobee RTV-N-10,,NRL 14,White Sands LC-35,US Navy,NRL,Suborbital,Solar X-Ray / Solar UV / Aeronomy,19 November,Successful,Apogee: 112 kilometres (70 mi)[13],https://en.wikipedia.org/wiki/1953_in_spaceflight,compiled_event_table
L0191,1953,1953-11-21,,day,21 November,R-5,,,Kapustin Yar,OKB-1,OKB-1,Suborbital,Missile test,21 November,Successful[10],,https://en.wikipedia.org/wiki/1953_in_spaceflight,compiled_event_table
L0192,1953,1953-11-24,,day,24 November,R-1,,,Kapustin Yar,OKB-1,OKB-1,Suborbital,Missile test,24 November,Successful[9],,https://en.wikipedia.org/wiki/1953_in_spaceflight,compiled_event_table
L0193,1953,1953-11-25,1953-11-25T15:46:00Z,minute,25 November 15:46,Aerobee RTV-N-10,,NRL 15,White Sands LC-35,US Navy,NRL,Suborbital,Solar X-Ray / Solar UV / Aeronomy,25 November,Successful,Apogee: 95 kilometres (59 mi)[13],https://en.wikipedia.org/wiki/1953_in_spaceflight,compiled_event_table
L0194,1953,1953-11-26,,day,26 November,R-5,,,Kapustin Yar,OKB-1,OKB-1,Suborbital,Missile test,26 November,Partial failure[10],,https://en.wikipedia.org/wiki/1953_in_spaceflight,compiled_event_table
L0195,1953,1953-12-01,1953-12-01T15:30:00Z,minute,1 December 15:30,Aerobee RTV-N-10,,NRL 16,White Sands LC-35,US Navy,NRL,Suborbital,Solar X-Ray / Solar UV / Aeronomy,1 December,Successful,Apogee: 129 kilometres (80 mi)[13],https://en.wikipedia.org/wiki/1953_in_spaceflight,compiled_event_table
L0196,1953,1953-12-05,,day,5 December,R-5,,,Kapustin Yar,OKB-1,OKB-1,Suborbital,Missile test,5 December,Successful[10],,https://en.wikipedia.org/wiki/1953_in_spaceflight,compiled_event_table
L0197,1953,1953-12-09,,day,9 December,R-5,,,Kapustin Yar,OKB-1,OKB-1,Suborbital,Missile test,9 December,Successful,End of second experimental flight series[10],https://en.wikipedia.org/wiki/1953_in_spaceflight,compiled_event_table
L0198,1953,,,year_only_aggregate,,R-1,,,,,,Suborbital,Missile test,,,Aggregate series member 1/6; individual date not enumerated in source event table,https://en.wikipedia.org/wiki/1953_in_spaceflight,annual_statistics_reconciliation
L0199,1953,,,year_only_aggregate,,R-1,,,,,,Suborbital,Missile test,,,Aggregate series member 2/6; individual date not enumerated in source event table,https://en.wikipedia.org/wiki/1953_in_spaceflight,annual_statistics_reconciliation
L0200,1953,,,year_only_aggregate,,R-1,,,,,,Suborbital,Missile test,,,Aggregate series member 3/6; individual date not enumerated in source event table,https://en.wikipedia.org/wiki/1953_in_spaceflight,annual_statistics_reconciliation
L0201,1953,,,year_only_aggregate,,R-1,,,,,,Suborbital,Missile test,,,Aggregate series member 4/6; individual date not enumerated in source event table,https://en.wikipedia.org/wiki/1953_in_spaceflight,annual_statistics_reconciliation
L0202,1953,,,year_only_aggregate,,R-1,,,,,,Suborbital,Missile test,,,Aggregate series member 5/6; individual date not enumerated in source event table,https://en.wikipedia.org/wiki/1953_in_spaceflight,annual_statistics_reconciliation
L0203,1953,,,year_only_aggregate,,R-1,,,,,,Suborbital,Missile test,,,Aggregate series member 6/6; individual date not enumerated in source event table,https://en.wikipedia.org/wiki/1953_in_spaceflight,annual_statistics_reconciliation
L0204,1953,,,year_only_aggregate,,R-2,,,,,,Suborbital,Missile test,,,Aggregate series member 1/2; individual date not enumerated in source event table,https://en.wikipedia.org/wiki/1953_in_spaceflight,annual_statistics_reconciliation
L0205,1953,,,year_only_aggregate,,R-2,,,,,,Suborbital,Missile test,,,Aggregate series member 2/2; individual date not enumerated in source event table,https://en.wikipedia.org/wiki/1953_in_spaceflight,annual_statistics_reconciliation
L0206,1954,1954-02-02,1954-02-02T18:35:00Z,minute,2 February 18:35,Aerobee RTV-N-10,,NRL 20,White Sands LC-35,US Navy,NRL,Suborbital,Solar UV,2 February,Successful,Apogee: 101 kilometres (63 mi)[11],https://en.wikipedia.org/wiki/1954_in_spaceflight,compiled_event_table
L0207,1954,1954-02-20,,day,20 February,Véronique-NA[12],,,Hammaguir Bechar,LRBA,LRBA,Suborbital,Test flight,20 February,Launch failure,"Apogee: 29 kilometres (18 mi), maiden flight of the Véronique-NA[13]",https://en.wikipedia.org/wiki/1954_in_spaceflight,compiled_event_table
L0208,1954,1954-02-21,,day,21 February,Véronique-NA[12],,,Hammaguir Bechar,LRBA,LRBA,Suborbital,Test flight,21 February,Successful,"Apogee: 135 kilometres (84 mi), first French spaceflight[13]",https://en.wikipedia.org/wiki/1954_in_spaceflight,compiled_event_table
L0209,1954,1954-03-11,,day,11 March,R-1,,,Kapustin Yar,OKB-1,OKB-1,Suborbital,Missile test,11 March,Successful[14],,https://en.wikipedia.org/wiki/1954_in_spaceflight,compiled_event_table
L0210,1954,1954-03-16,,day,16 March,R-1,,,Kapustin Yar,OKB-1,OKB-1,Suborbital,Missile test,16 March,Successful[14],R-1,https://en.wikipedia.org/wiki/1954_in_spaceflight,compiled_event_table
L0211,1954,1954-03-20,,day,20 March,R-1,,,Kapustin Yar,OKB-1,OKB-1,Suborbital,Missile test,20 March,Successful[14],,https://en.wikipedia.org/wiki/1954_in_spaceflight,compiled_event_table
L0212,1954,1954-04-09,1954-04-09T21:12:00Z,minute,9 April 21:12,Aerobee RTV-N-10,,NRL 18,White Sands LC-35,US Navy,NRL,Suborbital,Spectrometry,9 April,Successful,Apogee: 143 kilometres (89 mi)[11],https://en.wikipedia.org/wiki/1954_in_spaceflight,compiled_event_table
L0213,1954,1954-04-10,1954-04-10T09:00:00Z,minute,10 April 09:00,Aerobee RTV-N-10,,NRL 19,White Sands LC-35,US Navy,NRL,Suborbital,Spectrometry,10 April,Launch Failure,Apogee: 5 kilometres (3.1 mi)[11],https://en.wikipedia.org/wiki/1954_in_spaceflight,compiled_event_table
L0214,1954,1954-04-23,,day,23 April,R-1,,,Kapustin Yar,OKB-1,OKB-1,Suborbital,Missile test,23 April,Successful[14],,https://en.wikipedia.org/wiki/1954_in_spaceflight,compiled_event_table
L0215,1954,1954-04-24,,day,24 April,R-1,,,Kapustin Yar,OKB-1,OKB-1,Suborbital,Missile test,24 April,Successful[14],,https://en.wikipedia.org/wiki/1954_in_spaceflight,compiled_event_table
L0216,1954,1954-04-26,,day,26 April,R-1,,,Kapustin Yar,OKB-1,OKB-1,Suborbital,Missile test,26 April,Successful[14],,https://en.wikipedia.org/wiki/1954_in_spaceflight,compiled_event_table
L0217,1954,1954-04-29,,day,29 April,R-1,,,Kapustin Yar,OKB-1,OKB-1,Suborbital,Missile test,29 April,Successful[14],,https://en.wikipedia.org/wiki/1954_in_spaceflight,compiled_event_table
L0218,1954,,,unknown,May,R-2,,,Kapustin Yar,OKB-1,OKB-1,Suborbital,Missile test,Same Day,,"First of ten production missile test launches, eight of which were successful[15]",https://en.wikipedia.org/wiki/1954_in_spaceflight,compiled_event_table
L0219,1954,1954-05-03,,day,3 May,R-1,,,Kapustin Yar,OKB-1,OKB-1,Suborbital,Missile test,3 May,Successful[14],,https://en.wikipedia.org/wiki/1954_in_spaceflight,compiled_event_table
L0220,1954,1954-05-04,,day,4 May,R-1,,,Kapustin Yar,OKB-1,OKB-1,Suborbital,Missile test,4 May,Successful[14],R-1,https://en.wikipedia.org/wiki/1954_in_spaceflight,compiled_event_table
L0221,1954,1954-05-07,,day,7 May,R-1,,,Kapustin Yar,OKB-1,OKB-1,Suborbital,Missile test,7 May,Successful[14],,https://en.wikipedia.org/wiki/1954_in_spaceflight,compiled_event_table
L0222,1954,1954-05-07,1954-05-07T17:00:00Z,minute,7 May 17:00,Viking (second model),,,White Sands LC-33,US Navy,NRL,Suborbital,Ionospheric / Aeronomy,7 May,Successful,Apogee: 219 kilometres (136 mi)[16],https://en.wikipedia.org/wiki/1954_in_spaceflight,compiled_event_table
L0223,1954,1954-05-11,1954-05-11T15:00:00Z,minute,11 May 15:00,Aerobee RTV-A-1a,,USAF 46,Holloman LC-A,US Air Force,AFCRC,Suborbital,Beacon test,11 May,Successful,Apogee: 98 kilometres (61 mi)[17]: 135–136,https://en.wikipedia.org/wiki/1954_in_spaceflight,compiled_event_table
L0224,1954,1954-05-21,,day,21 May,R-1,,,Kapustin Yar,OKB-1,OKB-1,Suborbital,Missile test,21 May,Successful[14],,https://en.wikipedia.org/wiki/1954_in_spaceflight,compiled_event_table
L0225,1954,1954-05-24,1954-05-24T17:00:00Z,minute,24 May 17:00,Viking (second model),,,White Sands LC-33,US Navy,NRL,Suborbital,REV test / Photography,24 May,Successful,Apogee: 254 kilometres (158 mi)[16],https://en.wikipedia.org/wiki/1954_in_spaceflight,compiled_event_table
L0226,1954,1954-05-26,1954-05-26T14:24:00Z,minute,26 May 14:24,A-1,,,Kapustin Yar,OKB-1,MVS,Suborbital,Ionospheric,26 May,Successful,"Apogee: 106 kilometres (66 mi), maiden flight of the A-1[18]",https://en.wikipedia.org/wiki/1954_in_spaceflight,compiled_event_table
L0227,1954,1954-06-02,1954-06-02T16:10:00Z,minute,2 June 16:10,Aerobee RTV-A-1a,,USAF 47,Holloman LC-A,US Air Force,AFCRC / University of Colorado,Suborbital,Solar UV,2 June,Successful,Apogee: 93 kilometres (58 mi)[17]: 137–138,https://en.wikipedia.org/wiki/1954_in_spaceflight,compiled_event_table
L0228,1954,1954-06-08,,day,8 June,R-2,,,Kapustin Yar,OKB-1,OKB-1,Suborbital,Missile test,8 June,Successful[15],,https://en.wikipedia.org/wiki/1954_in_spaceflight,compiled_event_table
L0229,1954,1954-06-09,,day,9 June,R-2,,,Kapustin Yar,OKB-1,OKB-1,Suborbital,Missile test,9 June,Successful[15],,https://en.wikipedia.org/wiki/1954_in_spaceflight,compiled_event_table
L0230,1954,1954-06-11,,day,11 June,R-1,,,Kapustin Yar,OKB-1,OKB-1,Suborbital,Missile test,11 June,Successful[14],,https://en.wikipedia.org/wiki/1954_in_spaceflight,compiled_event_table
L0231,1954,1954-06-12,,day,12 June,R-1,,,Kapustin Yar,OKB-1,OKB-1,Suborbital,Missile test,12 June,Successful[14],,https://en.wikipedia.org/wiki/1954_in_spaceflight,compiled_event_table
L0232,1954,1954-06-14,,day,14 June,R-1,,,Kapustin Yar,OKB-1,OKB-1,Suborbital,Missile test,14 June,Successful[14],,https://en.wikipedia.org/wiki/1954_in_spaceflight,compiled_event_table
L0233,1954,1954-06-26,1954-06-26T13:24:00Z,minute,26 June 13:24,R-1D,,,Kapustin Yar,OKB-1,OKB-1,Suborbital,Biology / Ionosphere / Aeronomy,26 June,Successful,"Apogee: 106 kilometres (66 mi), maiden flight of R-1D[19]",https://en.wikipedia.org/wiki/1954_in_spaceflight,compiled_event_table
L0234,1954,1954-07-02,,day,2 July,R-1D,,,Kapustin Yar,OKB-1,OKB-1,Suborbital,Biology / Ionosphere / Aeronomy,2 July,Successful,"Payload, instruments, left and right animal containers all recovered. Smoke container failed. Carried dogs Lyza and Ryjik.[19]",https://en.wikipedia.org/wiki/1954_in_spaceflight,compiled_event_table
L0235,1954,1954-07-07,,day,7 July,R-1D,,,Kapustin Yar,OKB-1,OKB-1,Suborbital,Biology / Ionosphere / Aeronomy,7 July,Successful,Final flight of the R-1D[19],https://en.wikipedia.org/wiki/1954_in_spaceflight,compiled_event_table
L0236,1954,1954-07-14,1954-07-14T13:55:00Z,minute,14 July 13:55,Aerobee RTV-A-1a,,USAF 48,Holloman LC-A,US Air Force,AFCRC / University of Michigan,Suborbital,Aeronomy,14 July,Successful,Apogee: 92 kilometres (57 mi)[17]: 139–140,https://en.wikipedia.org/wiki/1954_in_spaceflight,compiled_event_table
L0237,1954,1954-07-16,1954-07-16T12:13:00Z,minute,16 July 12:13,Deacon Rockoon,,SUI 24,"USS Atka,[20] Atlantic Ocean, 360 kilometres (220 mi) east of Boston",US Navy,University of Iowa,Suborbital,Ionospheric / Aeronomy,16 July,Launch failure[21],Apogee: 11 kilometres (6.8 mi)[4],https://en.wikipedia.org/wiki/1954_in_spaceflight,compiled_event_table
L0238,1954,1954-07-16,1954-07-16T21:58:00Z,minute,16 July 21:58,Deacon Rockoon,,SUI 25,"USS Atka, Atlantic Ocean, 360 kilometres (220 mi) east of Boston",US Navy,University of Iowa,Suborbital,Ionospheric / Aeronomy,16 July,Launch failure,Apogee: 11 kilometres (6.8 mi)[21],https://en.wikipedia.org/wiki/1954_in_spaceflight,compiled_event_table
L0239,1954,1954-07-19,1954-07-19T16:00:00Z,minute,19 July 16:00,Deacon Rockoon,,NRL Rockoon 7,"USS Atka, Labrador Sea",US Navy,NRL,Suborbital,Aeronomy,19 July,Successful,Apogee: 88 kilometres (55 mi)[21],https://en.wikipedia.org/wiki/1954_in_spaceflight,compiled_event_table
L0240,1954,1954-07-19,1954-07-19T20:30:00Z,minute,19 July 20:30,Deacon Rockoon,,SUI 26,"USS Atka, Labrador Sea",US Navy,University of Iowa,Suborbital,Ionospheric / Aeronomy,19 July,Spacecraft failure[4],Apogee: 43 kilometres (27 mi)[21],https://en.wikipedia.org/wiki/1954_in_spaceflight,compiled_event_table
L0241,1954,1954-07-20,1954-07-20T02:55:00Z,minute,20 July 02:55,Deacon Rockoon,,NRL Rockoon 8,"USS Atka, Labrador Sea",US Navy,NRL,Suborbital,Ionospheric / Aeronomy,20 July,Successful,Apogee: 90 kilometres (56 mi)[21],https://en.wikipedia.org/wiki/1954_in_spaceflight,compiled_event_table
L0242,1954,1954-07-21,1954-07-21T09:03:00Z,minute,21 July 09:03,Deacon Rockoon,,SUI 27,"USS Atka, Labrador Sea",US Navy,University of Iowa,Suborbital,Ionospheric / Aeronomy,21 July,Successful[4],"Apogee: 60 kilometres (37 mi);[21] first in series of 11 SUI flights, 7 of which were successful[4]",https://en.wikipedia.org/wiki/1954_in_spaceflight,compiled_event_table
L0243,1954,1954-07-21,1954-07-21T12:45:00Z,minute,21 July 12:45,Deacon Rockoon,,SUI 28,"USS Atka, Labrador Sea",US Navy,University of Iowa,Suborbital,Ionospheric / Aeronomy,21 July,,"Apogee: 90 kilometres (56 mi);[21] second in series of 11 SUI flights, 7 of which were successful[4]",https://en.wikipedia.org/wiki/1954_in_spaceflight,compiled_event_table
L0244,1954,1954-07-21,1954-07-21T20:49:00Z,minute,21 July 20:49,Deacon Rockoon,,SUI 29,"USS Atka, Labrador Sea",US Navy,University of Iowa,Suborbital,Ionospheric / Aeronomy,21 July,Launch failure[21],"Apogee: 40 kilometres (25 mi);[21] third in series of 11 SUI flights, 7 of which were successful[4]",https://en.wikipedia.org/wiki/1954_in_spaceflight,compiled_event_table
L0245,1954,1954-07-22,,day,22 July,R-2,,,Kapustin Yar,OKB-1,OKB-1,Suborbital,Missile test,22 July,Successful[15],,https://en.wikipedia.org/wiki/1954_in_spaceflight,compiled_event_table
L0246,1954,1954-07-23,1954-07-23T14:46:00Z,minute,23 July 14:46,Deacon Rockoon,,SUI 30,"USS Atka, Labrador Sea",US Navy,University of Iowa,Suborbital,Ionospheric / Aeronomy,23 July,,"Apogee: 90 kilometres (56 mi);[21] fourth in series of 11 SUI flights, 7 of which were successful[4]",https://en.wikipedia.org/wiki/1954_in_spaceflight,compiled_event_table
L0247,1954,1954-07-23,1954-07-23T17:09:00Z,minute,23 July 17:09,Deacon Rockoon,,NRL Rockoon 9,"USS Atka, Labrador Sea",US Navy,Naval Research Laboratory,Suborbital,Ionospheric / Aeronomy,23 July,Successful,Apogee: 90 kilometres (56 mi)[21],https://en.wikipedia.org/wiki/1954_in_spaceflight,compiled_event_table
L0248,1954,1954-07-23,1954-07-23T17:54:00Z,minute,23 July 17:54,Deacon Rockoon,,SUI 31,"USS Atka, Labrador Sea",US Navy,University of Iowa,Suborbital,Ionospheric / Aeronomy,23 July,,"Apogee: 90 kilometres (56 mi);[21] fifth in series of 11 SUI flights, 7 of which were successful[4]",https://en.wikipedia.org/wiki/1954_in_spaceflight,compiled_event_table
L0249,1954,1954-07-23,1954-07-23T19:37:00Z,minute,23 July 19:37,Deacon Rockoon,,SUI 32,"USS Atka, Labrador Sea",US Navy,University of Iowa,Suborbital,Ionospheric / Aeronomy,23 July,Launch failure,"Apogee: 23 kilometres (14 mi);[21] sixth in series of 11 SUI flights, 7 of which were successful[4]",https://en.wikipedia.org/wiki/1954_in_spaceflight,compiled_event_table
L0250,1954,1954-07-24,1954-07-24T08:57:00Z,minute,24 July 08:57,Deacon Rockoon,,SUI 33,"USS Atka, Labrador Sea",US Navy,University of Iowa,Suborbital,Ionospheric / Aeronomy,24 July,,"Apogee: 90 kilometres (56 mi);[21] seventh in series of 11 SUI flights, 7 of which were successful[4]",https://en.wikipedia.org/wiki/1954_in_spaceflight,compiled_event_table
L0251,1954,1954-07-24,1954-07-24T13:16:00Z,minute,24 July 13:16,Deacon Rockoon,,SUI 34,"USS Atka, Labrador Sea",US Navy,University of Iowa,Suborbital,Ionospheric / Aeronomy,24 July,,"Apogee: 90 kilometres (56 mi);[21] eighth in series of 11 SUI flights, 7 of which were successful[4]",https://en.wikipedia.org/wiki/1954_in_spaceflight,compiled_event_table
L0252,1954,1954-07-25,1954-07-25T06:51:00Z,minute,25 July 06:51,Deacon Rockoon,,SUI 35,"USS Atka, Labrador Sea",US Navy,University of Iowa,Suborbital,Ionospheric / Aeronomy,25 July,,"Apogee: 90 kilometres (56 mi);[21] ninth in series of 11 SUI flights, 7 of which were successful[4]",https://en.wikipedia.org/wiki/1954_in_spaceflight,compiled_event_table
L0253,1954,1954-07-25,1954-07-25T12:36:00Z,minute,25 July 12:36,Deacon Rockoon,,SUI 36,"USS Atka, Labrador Sea",US Navy,University of Iowa,Suborbital,Ionospheric / Aeronomy,25 July,Successful[4],"Apogee: 90 kilometres (56 mi);[21] tenth in series of 11 SUI flights, 7 of which were successful[4]",https://en.wikipedia.org/wiki/1954_in_spaceflight,compiled_event_table
L0254,1954,1954-07-25,1954-07-25T15:30:00Z,minute,25 July 15:30,Deacon Rockoon,,SUI 37,"USS Atka, Labrador Sea",US Navy,University of Iowa,Suborbital,Ionospheric / Aeronomy,25 July,,"Apogee: 90 kilometres (56 mi);[21] eleventh in series of 11 SUI flights, 7 of which were successful[4]",https://en.wikipedia.org/wiki/1954_in_spaceflight,compiled_event_table
L0255,1954,1954-07-25,1954-07-25T18:45:00Z,minute,25 July 18:45,Deacon Rockoon,,NRL Rockoon 10,"USS Atka, Labrador Sea",US Navy,Naval Research Laboratory,Suborbital,Aeronomy,25 July,Successful,Apogee: 85 kilometres (53 mi)[21],https://en.wikipedia.org/wiki/1954_in_spaceflight,compiled_event_table
L0256,1954,1954-07-26,1954-07-26T00:29:00Z,minute,26 July 00:29,Deacon Rockoon,,NRL Rockoon 11,"USS Atka, Labrador Sea",US Navy,NRL,Suborbital,Ionospheric / Aeronomy,26 July,Launch failure,Apogee: 10 kilometres (6.2 mi)[21],https://en.wikipedia.org/wiki/1954_in_spaceflight,compiled_event_table
L0257,1954,1954-07-26,1954-07-26T11:02:00Z,minute,26 July 11:02,Deacon Rockoon,,NRL Rockoon 12,"USS Atka, southern Davis Strait",US Navy,NRL,Suborbital,Ionospheric / Aeronomy,26 July,Successful,Apogee: 90 kilometres (56 mi)[21],https://en.wikipedia.org/wiki/1954_in_spaceflight,compiled_event_table
L0258,1954,1954-08-02,,day,2 August,R-1,,,Kapustin Yar,OKB-1,OKB-1,Suborbital,Missile test,2 August,Successful[14],,https://en.wikipedia.org/wiki/1954_in_spaceflight,compiled_event_table
L0259,1954,1954-08-11,1954-08-11T17:25:00Z,minute,11 August 17:25,Aerobee RTV-A-1a,,USAF 49,Holloman LC-A,US Air Force,AFCRC / University of Utah,Suborbital,Ionospheric,11 August,Successful,Apogee: 92 kilometres (57 mi)[17]: 141–142,https://en.wikipedia.org/wiki/1954_in_spaceflight,compiled_event_table
L0260,1954,1954-08-12,,day,12 August,R-5,,,Kapustin Yar,OKB-1,OKB-1,Suborbital,Missile test,12 August,Partial failure,First flight of range test series[22],https://en.wikipedia.org/wiki/1954_in_spaceflight,compiled_event_table
L0261,1954,1954-08-17,,day,17 August,R-5,,,Kapustin Yar,OKB-1,OKB-1,Suborbital,Missile test,17 August,Successful[22],,https://en.wikipedia.org/wiki/1954_in_spaceflight,compiled_event_table
L0262,1954,1954-08-19,,day,19 August,R-5,,,Kapustin Yar,OKB-1,OKB-1,Suborbital,Missile test,19 August,Successful[22],,https://en.wikipedia.org/wiki/1954_in_spaceflight,compiled_event_table
L0263,1954,1954-08-24,,day,24 August,R-5,,,Kapustin Yar,OKB-1,OKB-1,Suborbital,Missile test,24 August,Successful[22],,https://en.wikipedia.org/wiki/1954_in_spaceflight,compiled_event_table
L0264,1954,1954-08-25,,day,25 August,R-5,,,Kapustin Yar,OKB-1,OKB-1,Suborbital,Missile test,25 August,Successful[22],,https://en.wikipedia.org/wiki/1954_in_spaceflight,compiled_event_table
L0265,1954,1954-08-27,,day,27 August,R-1,,,Kapustin Yar,OKB-1,OKB-1,Suborbital,Missile test,27 August,Successful[14],R-1,https://en.wikipedia.org/wiki/1954_in_spaceflight,compiled_event_table
L0266,1954,1954-09-05,,day,5 September,R-5,,,Kapustin Yar,OKB-1,OKB-1,Suborbital,Missile test,5 September,Successful[22],,https://en.wikipedia.org/wiki/1954_in_spaceflight,compiled_event_table
L0267,1954,1954-09-08,,day,8 September,R-5,,,Kapustin Yar,OKB-1,OKB-1,Suborbital,Missile test,8 September,Successful[22],,https://en.wikipedia.org/wiki/1954_in_spaceflight,compiled_event_table
L0268,1954,1954-09-17,1954-09-17T14:31:00Z,minute,17 September 14:31,Aerobee RTV-A-1a,,USAF 50,Holloman LC-A,US Air Force,AFCRC / University of Rhode Island,Suborbital,Solar UV,17 September,Successful,Apogee: 94.6 kilometres (58.8 mi)[17]: 143–144,https://en.wikipedia.org/wiki/1954_in_spaceflight,compiled_event_table
L0269,1954,1954-09-30,,day,30 September,R-2,,,Kapustin Yar,OKB-1,OKB-1,Suborbital,Missile test,30 September,Successful[15],,https://en.wikipedia.org/wiki/1954_in_spaceflight,compiled_event_table
L0270,1954,1954-10-01,,day,1 October,R-2,,,Kapustin Yar,OKB-1,OKB-1,Suborbital,Missile test,1 October,Successful[15],,https://en.wikipedia.org/wiki/1954_in_spaceflight,compiled_event_table
L0271,1954,1954-10-05,,day,5 October,R-2,,,Kapustin Yar,OKB-1,OKB-1,Suborbital,Missile test,5 October,Successful[15],,https://en.wikipedia.org/wiki/1954_in_spaceflight,compiled_event_table
L0272,1954,1954-10-05,1954-10-05T18:15:00Z,minute,5 October 18:15,Aerobee RTV-N-10b,,,White Sands LC-35,US Navy,NRL,Suborbital,Remote sensing,5 October,Successful,Apogee: 158 kilometres (98 mi); maiden (and only) flight of the RTV-N-10b;[11] returned first images of a complete hurricane[23][24],https://en.wikipedia.org/wiki/1954_in_spaceflight,compiled_event_table
L0273,1954,1954-10-09,,day,9 October,R-5,,,Kapustin Yar,OKB-1,OKB-1,Suborbital,Missile test,9 October,Successful,Airborne destruction of warhead[22],https://en.wikipedia.org/wiki/1954_in_spaceflight,compiled_event_table
L0274,1954,1954-10-14,1954-10-14T21:20:00Z,minute,14 October 21:20,Nike-Nike-T40-T55,,,Wallops Island,NACA,NACA,Suborbital,Hypersonic research,14 October,Successful,"Apogee: 352 kilometres (219 mi), maiden flight of the Nike-Nike-T40-T55[25]",https://en.wikipedia.org/wiki/1954_in_spaceflight,compiled_event_table
L0275,1954,1954-10-16,,day,16 October,R-2,,,Kapustin Yar,OKB-1,OKB-1,Suborbital,Missile test,16 October,Successful[15],,https://en.wikipedia.org/wiki/1954_in_spaceflight,compiled_event_table
L0276,1954,1954-10-17,,day,17 October,Véronique-NA[12],,,Hammaguir Bechar,LRBA,LRBA,Suborbital,Ionospheric,17 October,Launch failure,Apogee: 39 kilometres (24 mi)[13],https://en.wikipedia.org/wiki/1954_in_spaceflight,compiled_event_table
L0277,1954,1954-10-19,,day,19 October,R-5,,,Kapustin Yar,OKB-1,OKB-1,Suborbital,Missile test,19 October,Successful,End of range test series[22],https://en.wikipedia.org/wiki/1954_in_spaceflight,compiled_event_table
L0278,1954,1954-10-29,,day,29 October,Véronique-NA[12],,,Hammaguir Bechar,LRBA,LRBA,Suborbital,Test flight,29 October,Successful,Apogee: 90 kilometres (56 mi);[13] final flight of the Véronique-NA,https://en.wikipedia.org/wiki/1954_in_spaceflight,compiled_event_table
L0279,1954,1954-10-30,,day,30 October,R-1,,,Kapustin Yar,OKB-1,OKB-1,Suborbital,Missile test,30 October,Successful[14],,https://en.wikipedia.org/wiki/1954_in_spaceflight,compiled_event_table
L0280,1954,1954-11-27,,day,27 November,R-2,,,Kapustin Yar,OKB-1,OKB-1,Suborbital,Missile test,27 November,Successful[15],,https://en.wikipedia.org/wiki/1954_in_spaceflight,compiled_event_table
L0281,1954,1954-11-30,,day,30 November,R-1,,,Kapustin Yar,OKB-1,OKB-1,Suborbital,Missile test,30 November,Successful[14],,https://en.wikipedia.org/wiki/1954_in_spaceflight,compiled_event_table
L0282,1954,1954-12-01,,day,1 December,R-1,,,Kapustin Yar,OKB-1,OKB-1,Suborbital,Missile test,1 December,Successful[14],R-2,https://en.wikipedia.org/wiki/1954_in_spaceflight,compiled_event_table
L0283,1954,1954-12-06,,day,6 December,R-2,,,Kapustin Yar,OKB-1,OKB-1,Suborbital,Missile test,6 December,Successful[15],,https://en.wikipedia.org/wiki/1954_in_spaceflight,compiled_event_table
L0284,1954,1954-12-09,,day,9 December,R-2,,,Kapustin Yar,OKB-1,OKB-1,Suborbital,Missile test,9 December,Successful[15],,https://en.wikipedia.org/wiki/1954_in_spaceflight,compiled_event_table
L0285,1954,1954-12-23,,day,23 December,R-2,,,Kapustin Yar,OKB-1,OKB-1,Suborbital,Missile test,23 December,Successful[15],,https://en.wikipedia.org/wiki/1954_in_spaceflight,compiled_event_table
L0286,1954,1954-12-25,,day,25 December,R-2,,,Kapustin Yar,OKB-1,OKB-1,Suborbital,Missile test,25 December,Successful[15],,https://en.wikipedia.org/wiki/1954_in_spaceflight,compiled_event_table
L0287,1954,1954-12-30,,day,30 December,R-5,,,Kapustin Yar,OKB-1,OKB-1,Suborbital,Missile test,30 December,Successful,Start of validity test series[22],https://en.wikipedia.org/wiki/1954_in_spaceflight,compiled_event_table
L0288,1954,,,year_only_aggregate,,R-1,,,,,,Suborbital,Missile test,,,Aggregate series member 1/3; individual date not enumerated in source event table,https://en.wikipedia.org/wiki/1954_in_spaceflight,annual_statistics_reconciliation
L0289,1954,,,year_only_aggregate,,R-1,,,,,,Suborbital,Missile test,,,Aggregate series member 2/3; individual date not enumerated in source event table,https://en.wikipedia.org/wiki/1954_in_spaceflight,annual_statistics_reconciliation
L0290,1954,,,year_only_aggregate,,R-1,,,,,,Suborbital,Missile test,,,Aggregate series member 3/3; individual date not enumerated in source event table,https://en.wikipedia.org/wiki/1954_in_spaceflight,annual_statistics_reconciliation
L0291,1954,,,year_only_aggregate,,R-2,,,,,,Suborbital,Missile test,,,Aggregate series member 1/10; individual date not enumerated in source event table,https://en.wikipedia.org/wiki/1954_in_spaceflight,annual_statistics_reconciliation
L0292,1954,,,year_only_aggregate,,R-2,,,,,,Suborbital,Missile test,,,Aggregate series member 2/10; individual date not enumerated in source event table,https://en.wikipedia.org/wiki/1954_in_spaceflight,annual_statistics_reconciliation
L0293,1954,,,year_only_aggregate,,R-2,,,,,,Suborbital,Missile test,,,Aggregate series member 3/10; individual date not enumerated in source event table,https://en.wikipedia.org/wiki/1954_in_spaceflight,annual_statistics_reconciliation
L0294,1954,,,year_only_aggregate,,R-2,,,,,,Suborbital,Missile test,,,Aggregate series member 4/10; individual date not enumerated in source event table,https://en.wikipedia.org/wiki/1954_in_spaceflight,annual_statistics_reconciliation
L0295,1954,,,year_only_aggregate,,R-2,,,,,,Suborbital,Missile test,,,Aggregate series member 5/10; individual date not enumerated in source event table,https://en.wikipedia.org/wiki/1954_in_spaceflight,annual_statistics_reconciliation
L0296,1954,,,year_only_aggregate,,R-2,,,,,,Suborbital,Missile test,,,Aggregate series member 6/10; individual date not enumerated in source event table,https://en.wikipedia.org/wiki/1954_in_spaceflight,annual_statistics_reconciliation
L0297,1954,,,year_only_aggregate,,R-2,,,,,,Suborbital,Missile test,,,Aggregate series member 7/10; individual date not enumerated in source event table,https://en.wikipedia.org/wiki/1954_in_spaceflight,annual_statistics_reconciliation
L0298,1954,,,year_only_aggregate,,R-2,,,,,,Suborbital,Missile test,,,Aggregate series member 8/10; individual date not enumerated in source event table,https://en.wikipedia.org/wiki/1954_in_spaceflight,annual_statistics_reconciliation
L0299,1954,,,year_only_aggregate,,R-2,,,,,,Suborbital,Missile test,,,Aggregate series member 9/10; individual date not enumerated in source event table,https://en.wikipedia.org/wiki/1954_in_spaceflight,annual_statistics_reconciliation
L0300,1954,,,year_only_aggregate,,R-2,,,,,,Suborbital,Missile test,,,Aggregate series member 10/10; individual date not enumerated in source event table,https://en.wikipedia.org/wiki/1954_in_spaceflight,annual_statistics_reconciliation
L0301,1955,1955-01-04,,day,4 January,R-2,,,Kapustin Yar,OKB-1,OKB-1,Suborbital,Missile test,4 January,Successful[21],,https://en.wikipedia.org/wiki/1955_in_spaceflight,compiled_event_table
L0302,1955,1955-01-06,,day,6 January,R-5,,,Kapustin Yar,OKB-1,OKB-1,Suborbital,Missile test,6 January,Successful[22],,https://en.wikipedia.org/wiki/1955_in_spaceflight,compiled_event_table
L0303,1955,1955-01-08,,day,8 January,R-5,,,Kapustin Yar,OKB-1,OKB-1,Suborbital,Missile test,8 January,Successful[22],,https://en.wikipedia.org/wiki/1955_in_spaceflight,compiled_event_table
L0304,1955,1955-01-15,,day,15 January,R-2,,,Kapustin Yar,OKB-1,OKB-1,Suborbital,Missile test,15 January,Successful[21],,https://en.wikipedia.org/wiki/1955_in_spaceflight,compiled_event_table
L0305,1955,1955-01-17,,day,17 January,R-5,,,Kapustin Yar,OKB-1,OKB-1,Suborbital,Missile test,17 January,Successful[22],,https://en.wikipedia.org/wiki/1955_in_spaceflight,compiled_event_table
L0306,1955,1955-01-20,,day,20 January,R-5M,,,Kapustin Yar,OKB-1,OKB-1,Suborbital,Missile test,20 January,Successful,Maiden flight of the R-5M[22],https://en.wikipedia.org/wiki/1955_in_spaceflight,compiled_event_table
L0307,1955,1955-01-21,,day,21 January,R-5,,,Kapustin Yar,OKB-1,OKB-1,Suborbital,Missile test,21 January,Successful[22],,https://en.wikipedia.org/wiki/1955_in_spaceflight,compiled_event_table
L0308,1955,1955-01-22,1955-01-22T00:54:00Z,minute,22 January 00:54,Aerobee RTV-A-1a,,USAF 51,Holloman LC-A,US Air Force,AFCRC,Suborbital,Aeronomy,22 January,Successful,Apogee: 94.8 kilometres (58.9 mi)[23]: 145–146,https://en.wikipedia.org/wiki/1955_in_spaceflight,compiled_event_table
L0309,1955,1955-01-22,,day,22 January,R-5,,,Kapustin Yar,OKB-1,OKB-1,Suborbital,Missile test,22 January,Successful[22],,https://en.wikipedia.org/wiki/1955_in_spaceflight,compiled_event_table
L0310,1955,1955-01-25,,day,25 January,R-1E,,,Kapustin Yar,OKB-1,OKB-1,Suborbital,Biological,25 January,Successful,"Maiden flight of the R-1E, carried dogs[24]",https://en.wikipedia.org/wiki/1955_in_spaceflight,compiled_event_table
L0311,1955,1955-01-28,,day,28 January,R-1,,,Kapustin Yar,OKB-1,OKB-1,Suborbital,Missile test,28 January,Successful[25],,https://en.wikipedia.org/wiki/1955_in_spaceflight,compiled_event_table
L0312,1955,1955-01-29,,day,29 January,R-1,,,Kapustin Yar,OKB-1,OKB-1,Suborbital,Missile test,29 January,Successful[25],R-5,https://en.wikipedia.org/wiki/1955_in_spaceflight,compiled_event_table
L0313,1955,1955-01-31,,day,31 January,R-2,,,Kapustin Yar,OKB-1,OKB-1,Suborbital,Missile test,31 January,Successful[21],,https://en.wikipedia.org/wiki/1955_in_spaceflight,compiled_event_table
L0314,1955,1955-02-01,,day,1 February,R-5,,,Kapustin Yar,OKB-1,OKB-1,Suborbital,Missile test,1 February,Successful[22],,https://en.wikipedia.org/wiki/1955_in_spaceflight,compiled_event_table
L0315,1955,1955-02-03,,day,3 February,R-1,,,Kapustin Yar,OKB-1,OKB-1,Suborbital,Missile test,3 February,Successful[25],,https://en.wikipedia.org/wiki/1955_in_spaceflight,compiled_event_table
L0316,1955,1955-02-04,1955-02-04T21:55:00Z,minute,4 February 21:55,Viking (second model),,,White Sands LC-33,US Navy,NRL,Suborbital,REV test / Photography / Aeronomy,4 February,Successful,Apogee: 232 kilometres (144 mi)[26],https://en.wikipedia.org/wiki/1955_in_spaceflight,compiled_event_table
L0317,1955,1955-02-05,,day,5 February,R-1E,,,Kapustin Yar,OKB-1,OKB-1,Suborbital,Biological,5 February,Partial Failure,"Carried dogs, not recovered[24]",https://en.wikipedia.org/wiki/1955_in_spaceflight,compiled_event_table
L0318,1955,1955-02-07,,day,7 February,R-1,,,Kapustin Yar,OKB-1,OKB-1,Suborbital,Missile test,7 February,Successful[25],R-5,https://en.wikipedia.org/wiki/1955_in_spaceflight,compiled_event_table
L0319,1955,1955-02-07,1955-02-07T18:51:00Z,minute,7 February 18:51,Aerobee RTV-A-1a,,USAF 52,Holloman LC-A,US Air Force,AFCRC / University of Utah,Suborbital,Ionospheric,7 February,Successful,Apogee: 120.4 kilometres (74.8 mi)[23]: 147–148,https://en.wikipedia.org/wiki/1955_in_spaceflight,compiled_event_table
L0320,1955,1955-02-08,,day,8 February,R-2,,,Kapustin Yar,OKB-1,OKB-1,Suborbital,Missile test,8 February,Successful[21],R-2,https://en.wikipedia.org/wiki/1955_in_spaceflight,compiled_event_table
L0321,1955,1955-02-09,,day,9 February,R-5M,,,Kapustin Yar,OKB-1,OKB-1,Suborbital,Missile test,9 February,Successful[22],,https://en.wikipedia.org/wiki/1955_in_spaceflight,compiled_event_table
L0322,1955,1955-02-10,1955-02-10T22:38:00Z,minute,10 February 22:38,Aerobee RTV-A-1a,,USAF 53,Holloman LC-A,US Air Force,AFCRC / University of Utah,Suborbital,Ionospheric,10 February,Successful,Apogee: 76.1 kilometres (47.3 mi)[23]: 149–150,https://en.wikipedia.org/wiki/1955_in_spaceflight,compiled_event_table
L0323,1955,1955-02-14,,day,14 February,R-5M,,,Kapustin Yar,OKB-1,OKB-1,Suborbital,Missile test,14 February,Successful[22],,https://en.wikipedia.org/wiki/1955_in_spaceflight,compiled_event_table
L0324,1955,1955-02-21,1955-02-21T18:25:00Z,minute,21 February 18:25,Aerobee RTV-N-10c,,NRL 29,White Sands LC-35,US Navy,NRL,Suborbital,Solar UV,21 February,Successful,"Apogee: 115 kilometres (71 mi), maiden flight of the RTV-N-10c;[27] obtained UV spectrum in 30 second exposure over range 977 to 1817 A. Used University of Colorado biaxial pointer to keep camera trained on the Sun.[4]",https://en.wikipedia.org/wiki/1955_in_spaceflight,compiled_event_table
L0325,1955,1955-02-25,,day,25 February,R-2,,,Kapustin Yar,OKB-1,OKB-1,Suborbital,Missile test,25 February,Successful[21],,https://en.wikipedia.org/wiki/1955_in_spaceflight,compiled_event_table
L0326,1955,1955-02-28,,day,28 February,R-2,,,Kapustin Yar,OKB-1,OKB-1,Suborbital,Missile test,28 February,Successful[21],,https://en.wikipedia.org/wiki/1955_in_spaceflight,compiled_event_table
L0327,1955,1955-03-01,,day,1 March,R-2,,,Kapustin Yar,OKB-1,OKB-1,Suborbital,Missile test,1 March,Successful[21],,https://en.wikipedia.org/wiki/1955_in_spaceflight,compiled_event_table
L0328,1955,1955-03-02,,day,2 March,R-2,,,Kapustin Yar,OKB-1,OKB-1,Suborbital,Missile test,2 March,Successful[21],,https://en.wikipedia.org/wiki/1955_in_spaceflight,compiled_event_table
L0329,1955,1955-03-19,1955-03-19T06:00:00Z,minute,19 March 06:00,Aerobee RTV-N-10,,NRL 26,White Sands LC-35,US Navy,NRL,Suborbital,Airglow,19 March,Successful,Apogee: 115 kilometres (71 mi)[27],https://en.wikipedia.org/wiki/1955_in_spaceflight,compiled_event_table
L0330,1955,1955-03-21,,day,21 March,R-2,,,Kapustin Yar,OKB-1,OKB-1,Suborbital,Missile test,21 March,Successful[21],,https://en.wikipedia.org/wiki/1955_in_spaceflight,compiled_event_table
L0331,1955,1955-03-29,1955-03-29T16:47:00Z,minute,29 March 16:47,Aerobee RTV-A-1a,,USAF 54,Holloman LC-A,US Air Force,AFCRC / University of Colorado,Suborbital,Solar UV,29 March,Successful,Apogee: 113 kilometres (70 mi)[23]: 151–152,https://en.wikipedia.org/wiki/1955_in_spaceflight,compiled_event_table
L0332,1955,1955-04-04,,day,4 April,R-2,,,Kapustin Yar,OKB-1,OKB-1,Suborbital,Missile test,4 April,Successful[21],,https://en.wikipedia.org/wiki/1955_in_spaceflight,compiled_event_table
L0333,1955,1955-04-08,,day,8 April,R-1,,,Kapustin Yar,OKB-1,OKB-1,Suborbital,Missile test,8 April,Successful[25],Nike-Nike-Tri-Deacon-T40,https://en.wikipedia.org/wiki/1955_in_spaceflight,compiled_event_table
L0334,1955,1955-04-08,1955-04-08T15:19:00Z,minute,8 April 15:19,Nike-Deacon,,DAN-1,Wallops Island,US Air Force,US Air Force,Suborbital,Test flight,8 April,Successful,"Apogee: 108 kilometres (67 mi), maiden flight of the Nike-Deacon[29]",https://en.wikipedia.org/wiki/1955_in_spaceflight,compiled_event_table
L0335,1955,1955-04-09,,day,9 April,R-1,,,Kapustin Yar,OKB-1,OKB-1,Suborbital,Missile test,9 April,Successful[25],,https://en.wikipedia.org/wiki/1955_in_spaceflight,compiled_event_table
L0336,1955,1955-04-12,,day,12 April,R-1,,,Kapustin Yar,OKB-1,OKB-1,Suborbital,Missile test,12 April,Successful[25],,https://en.wikipedia.org/wiki/1955_in_spaceflight,compiled_event_table
L0337,1955,1955-04-15,,day,15 April,R-1,,,Kapustin Yar,OKB-1,OKB-1,Suborbital,Missile test,15 April,Successful[25],,https://en.wikipedia.org/wiki/1955_in_spaceflight,compiled_event_table
L0338,1955,1955-04-21,1955-04-21T15:58:00Z,minute,21 April 15:58,Aerobee Hi,,USAF 55,Holloman LC-A,US Air Force,AFCRC,Suborbital,Test flight,21 April,Successful,"Apogee: 192 kilometres (119 mi), maiden flight of the AJ11-6 Aerobee Hi (USAF variant)[23]: 153–154",https://en.wikipedia.org/wiki/1955_in_spaceflight,compiled_event_table
L0339,1955,1955-04-29,,day,29 April,R-5M,,,Kapustin Yar,OKB-1,OKB-1,Suborbital,Missile test,29 April,Partial Failure[22],,https://en.wikipedia.org/wiki/1955_in_spaceflight,compiled_event_table
L0340,1955,1955-05-18,,day,18 May,R-2,,,Kapustin Yar,OKB-1,OKB-1,Suborbital,Missile test,18 May,Successful[21],,https://en.wikipedia.org/wiki/1955_in_spaceflight,compiled_event_table
L0341,1955,1955-05-20,,day,20 May,R-2,,,Kapustin Yar,OKB-1,OKB-1,Suborbital,Missile test,20 May,Successful[21],R-5M,https://en.wikipedia.org/wiki/1955_in_spaceflight,compiled_event_table
L0342,1955,1955-05-26,,day,26 May,R-5M,,,Kapustin Yar,OKB-1,OKB-1,Suborbital,Missile test,26 May,Successful[22],,https://en.wikipedia.org/wiki/1955_in_spaceflight,compiled_event_table
L0343,1955,1955-05-28,,day,28 May,R-2,,,Kapustin Yar,OKB-1,OKB-1,Suborbital,Missile test,28 May,Successful[21],,https://en.wikipedia.org/wiki/1955_in_spaceflight,compiled_event_table
L0344,1955,1955-05-31,,day,31 May,R-2,,,Kapustin Yar,OKB-1,OKB-1,Suborbital,Missile test,31 May,Successful[21],,https://en.wikipedia.org/wiki/1955_in_spaceflight,compiled_event_table
L0345,1955,1955-06-01,,day,1 June,R-2,,,Kapustin Yar,OKB-1,OKB-1,Suborbital,Missile test,1 June,Successful[21],,https://en.wikipedia.org/wiki/1955_in_spaceflight,compiled_event_table
L0346,1955,1955-06-06,,day,6 June,R-5M,,,Kapustin Yar,OKB-1,OKB-1,Suborbital,Missile test,6 June,Successful[22],,https://en.wikipedia.org/wiki/1955_in_spaceflight,compiled_event_table
L0347,1955,1955-06-15,,day,15 June,R-5M,,,Kapustin Yar,OKB-1,OKB-1,Suborbital,Missile test,15 June,Successful[22],,https://en.wikipedia.org/wiki/1955_in_spaceflight,compiled_event_table
L0348,1955,1955-06-16,1955-06-16T01:11:00Z,minute,16 June 01:11,Aerobee AJ10-27,,USAF 56,Holloman LC-A,US Air Force,Holloman Air Development Center,Suborbital,Classified,16 June,Successful,"Apogee: 203 kilometres (126 mi), maiden flight of the Aerobee AJ10-27[23]: 157",https://en.wikipedia.org/wiki/1955_in_spaceflight,compiled_event_table
L0349,1955,1955-06-18,,day,18 June,R-1,,,Kapustin Yar,OKB-1,OKB-1,Suborbital,Missile test,18 June,Successful[25],,https://en.wikipedia.org/wiki/1955_in_spaceflight,compiled_event_table
L0350,1955,1955-06-20,,day,20 June,R-2,,,Kapustin Yar,OKB-1,OKB-1,Suborbital,Missile test,20 June,Successful[21],,https://en.wikipedia.org/wiki/1955_in_spaceflight,compiled_event_table
L0351,1955,1955-06-22,,day,22 June,R-5M,,,Kapustin Yar,OKB-1,OKB-1,Suborbital,Missile test,22 June,Successful[22],,https://en.wikipedia.org/wiki/1955_in_spaceflight,compiled_event_table
L0352,1955,1955-06-23,,day,23 June,R-5M,,,Kapustin Yar,OKB-1,OKB-1,Suborbital,Missile test,23 June,Successful[22],Nike-Nike-T40-T55,https://en.wikipedia.org/wiki/1955_in_spaceflight,compiled_event_table
L0353,1955,1955-06-23,1955-06-23T12:47:00Z,minute,23 June 12:47,Aerobee Hi,,USAF 57,Holloman LC-A,US Air Force,AFCRC,Suborbital,Test flight,23 June,Launch failure,"Apogee: 61 kilometres (38 mi), premature burnout at 23 seconds[23]: 155–156",https://en.wikipedia.org/wiki/1955_in_spaceflight,compiled_event_table
L0354,1955,1955-06-24,,day,24 June,R-1,,,Kapustin Yar,OKB-1,OKB-1,Suborbital,Missile test,24 June,Successful[25],,https://en.wikipedia.org/wiki/1955_in_spaceflight,compiled_event_table
L0355,1955,1955-06-24,1955-06-24T18:04:00Z,minute,24 June 18:04,Nike-Deacon,,DAN-2,Wallops Island,US Air Force,NACA,Suborbital,Aeronomy,24 June,Successful,Apogee: 105 kilometres (65 mi)[29],https://en.wikipedia.org/wiki/1955_in_spaceflight,compiled_event_table
L0356,1955,1955-06-28,,day,28 June,R-2,,,Kapustin Yar,OKB-1,OKB-1,Suborbital,Missile test,28 June,Successful[21],R-5M,https://en.wikipedia.org/wiki/1955_in_spaceflight,compiled_event_table
L0357,1955,1955-06-30,,day,30 June,R-5M,,,Kapustin Yar,OKB-1,OKB-1,Suborbital,Missile test,30 June,Successful[22],,https://en.wikipedia.org/wiki/1955_in_spaceflight,compiled_event_table
L0358,1955,1955-07-01,,day,1 July,R-2,,,Kapustin Yar,OKB-1,OKB-1,Suborbital,Missile test,1 July,Successful[21],,https://en.wikipedia.org/wiki/1955_in_spaceflight,compiled_event_table
L0359,1955,1955-07-07,,day,7 July,R-5M,,,Kapustin Yar,OKB-1,OKB-1,Suborbital,Missile test,7 July,Successful[22],,https://en.wikipedia.org/wiki/1955_in_spaceflight,compiled_event_table
L0360,1955,1955-07-08,1955-07-08T08:39:00Z,minute,8 July 08:39,Aerobee RTV-N-10,,NRL 23,White Sands LC-35,US Navy,NRL,Suborbital,Ionospheric,8 July,Successful,Apogee: 113 kilometres (70 mi)[27],https://en.wikipedia.org/wiki/1955_in_spaceflight,compiled_event_table
L0361,1955,1955-07-09,,day,9 July,R-5M,,,Kapustin Yar,OKB-1,OKB-1,Suborbital,Missile test,9 July,Successful[22],,https://en.wikipedia.org/wiki/1955_in_spaceflight,compiled_event_table
L0362,1955,1955-07-13,1955-07-13T06:59:00Z,minute,13 July 06:59,Aerobee RTV-N-10a,,NRL 23,White Sands LC-35,US Navy,NRL,Suborbital,Aeronomy,13 July,Successful,"Apogee: 69 kilometres (43 mi), maiden flight of the Aerobee RTV-N-10a[27]",https://en.wikipedia.org/wiki/1955_in_spaceflight,compiled_event_table
L0363,1955,1955-07-15,,day,15 July,R-2,,,Kapustin Yar,OKB-1,OKB-1,Suborbital,Missile test,15 July,Successful[21],,https://en.wikipedia.org/wiki/1955_in_spaceflight,compiled_event_table
L0364,1955,1955-07-25,,day,25 July,R-1,,,Kapustin Yar,OKB-1,OKB-1,Suborbital,Missile test,25 July,Successful[25],,https://en.wikipedia.org/wiki/1955_in_spaceflight,compiled_event_table
L0365,1955,1955-07-26,,day,26 July,R-1,,,Kapustin Yar,OKB-1,OKB-1,Suborbital,Missile test,26 July,Successful[25],R-2,https://en.wikipedia.org/wiki/1955_in_spaceflight,compiled_event_table
L0366,1955,1955-07-29,,day,29 July,R-1,,,Kapustin Yar,OKB-1,OKB-1,Suborbital,Missile test,29 July,Successful[25],,https://en.wikipedia.org/wiki/1955_in_spaceflight,compiled_event_table
L0367,1955,1955-08-01,,day,1 August,R-1,,,Kapustin Yar,OKB-1,OKB-1,Suborbital,Missile test,1 August,Successful[25],R-2,https://en.wikipedia.org/wiki/1955_in_spaceflight,compiled_event_table
L0368,1955,1955-08-03,,day,3 August,R-2,,,Kapustin Yar,OKB-1,OKB-1,Suborbital,Missile test,3 August,Successful[21],,https://en.wikipedia.org/wiki/1955_in_spaceflight,compiled_event_table
L0369,1955,1955-08-06,,day,6 August,R-2,,,Kapustin Yar,OKB-1,OKB-1,Suborbital,Missile test,6 August,Successful[21],,https://en.wikipedia.org/wiki/1955_in_spaceflight,compiled_event_table
L0370,1955,1955-08-08,,day,8 August,R-2,,,Kapustin Yar,OKB-1,OKB-1,Suborbital,Missile test,8 August,Successful[21],,https://en.wikipedia.org/wiki/1955_in_spaceflight,compiled_event_table
L0371,1955,1955-08-09,,day,9 August,R-5M,,,Kapustin Yar,OKB-1,OKB-1,Suborbital,Missile test,9 August,Successful[22],,https://en.wikipedia.org/wiki/1955_in_spaceflight,compiled_event_table
L0372,1955,1955-08-12,,day,12 August,R-5M,,,Kapustin Yar,OKB-1,OKB-1,Suborbital,Missile test,12 August,Successful[22],,https://en.wikipedia.org/wiki/1955_in_spaceflight,compiled_event_table
L0373,1955,1955-08-16,,day,16 August,R-5M,,,Kapustin Yar,OKB-1,OKB-1,Suborbital,Missile test,16 August,Partial Failure[22],,https://en.wikipedia.org/wiki/1955_in_spaceflight,compiled_event_table
L0374,1955,1955-08-24,,day,24 August,R-1,,,Kapustin Yar,OKB-1,OKB-1,Suborbital,Missile test,24 August,Successful[25],R-2,https://en.wikipedia.org/wiki/1955_in_spaceflight,compiled_event_table
L0375,1955,1955-08-25,,day,25 August,R-1,,,Kapustin Yar,OKB-1,OKB-1,Suborbital,Missile test,25 August,Successful[25],,https://en.wikipedia.org/wiki/1955_in_spaceflight,compiled_event_table
L0376,1955,1955-08-25,1955-08-25T13:00:00Z,minute,25 August 13:00,Aerobee Hi,,NRL 37,White Sands LC-35,US Navy,NRL,Suborbital,Test flight,25 August,Launch failure,"Apogee: 4 kilometres (2.5 mi), maiden flight of the Aerobee Hi (NRL variant), Navy designation: RTV-N-13[27]",https://en.wikipedia.org/wiki/1955_in_spaceflight,compiled_event_table
L0377,1955,1955-08-26,,day,26 August,X-17,,,Cape Canaveral LC-3,US Air Force,ARDC,Suborbital,Test flight,26 August,Launch failure,"Apogee: 3 kilometres (1.9 mi), maiden flight of the X-17[31]",https://en.wikipedia.org/wiki/1955_in_spaceflight,compiled_event_table
L0378,1955,1955-08-27,,day,27 August,R-2,,,Kapustin Yar,OKB-1,OKB-1,Suborbital,Missile test,27 August,Successful[21],,https://en.wikipedia.org/wiki/1955_in_spaceflight,compiled_event_table
L0379,1955,1955-08-30,,day,30 August,R-2,,,Kapustin Yar,OKB-1,OKB-1,Suborbital,Missile test,30 August,Successful[21],,https://en.wikipedia.org/wiki/1955_in_spaceflight,compiled_event_table
L0380,1955,1955-08-31,,day,31 August,R-2,,,Kapustin Yar,OKB-1,OKB-1,Suborbital,Missile test,31 August,Successful[21],,https://en.wikipedia.org/wiki/1955_in_spaceflight,compiled_event_table
L0381,1955,1955-09-14,1955-09-14T13:30:00Z,minute,14 September 13:30,Aerobee AJ10-27,,USAF 58,Holloman LC-A,US Air Force,AFCRC / University of Michigan,Suborbital,Aeronomy,14 September,Successful,Apogee: 95 kilometres (59 mi)[23]: 158–159,https://en.wikipedia.org/wiki/1955_in_spaceflight,compiled_event_table
L0382,1955,1955-09-15,,day,15 September,HJ-Nike,,,Wallops Island,NACA,NACA,Suborbital,Test flight,15 September,Launch failure,"Apogee: 10 kilometres (6.2 mi), maiden flight of the HJ-Nike[32]",https://en.wikipedia.org/wiki/1955_in_spaceflight,compiled_event_table
L0383,1955,1955-09-19,,day,19 September,R-5M,,,Kapustin Yar,OKB-1,OKB-1,Suborbital,Missile test,19 September,Successful[22],,https://en.wikipedia.org/wiki/1955_in_spaceflight,compiled_event_table
L0384,1955,1955-09-23,,day,23 September,R-5M,,,Kapustin Yar,OKB-1,OKB-1,Suborbital,Missile test,23 September,Successful[22],X-17,https://en.wikipedia.org/wiki/1955_in_spaceflight,compiled_event_table
L0385,1955,1955-09-23,1955-09-23T20:34:00Z,minute,23 September 20:34,Loki Rockoon,,SUI 38,"USS Staten Island, Atlantic Ocean, near Nova Scotia",US Navy,University of Iowa,Suborbital,Ionospheric / Aeronomy,23 September,Successful,Apogee: 100 kilometres (62 mi)[33],https://en.wikipedia.org/wiki/1955_in_spaceflight,compiled_event_table
L0386,1955,1955-09-24,1955-09-24T16:35:00Z,minute,24 September 16:35,Deacon Rockoon,,SUI 39,"USS Staten Island, Atlantic Ocean, near Nova Scotia",US Navy,University of Iowa,Suborbital,Ionospheric / Aeronomy,24 September,Successful,Apogee: 100 kilometres (62 mi)[34],https://en.wikipedia.org/wiki/1955_in_spaceflight,compiled_event_table
L0387,1955,1955-09-24,1955-09-24T21:09:00Z,minute,24 September 21:09,Loki Rockoon,,SUI 40,"USS Staten Island, Atlantic Ocean, near Nova Scotia",US Navy,University of Iowa,Suborbital,Ionospheric / Aeronomy,24 September,Successful,Apogee: 100 kilometres (62 mi)[33],https://en.wikipedia.org/wiki/1955_in_spaceflight,compiled_event_table
L0388,1955,1955-09-25,1955-09-25T20:39:00Z,minute,25 September 20:39,Loki Rockoon,,SUI 41,"USS Staten Island, Atlantic Ocean, near Newfoundland",US Navy,University of Iowa,Suborbital,Ionospheric / Aeronomy,25 September,Launch failure,Apogee: 11 kilometres (6.8 mi)[33],https://en.wikipedia.org/wiki/1955_in_spaceflight,compiled_event_table
L0389,1955,1955-09-27,,day,27 September,R-5M,,,Kapustin Yar,OKB-1,OKB-1,Suborbital,Missile test,27 September,Successful[22],Nike-Deacon,https://en.wikipedia.org/wiki/1955_in_spaceflight,compiled_event_table
L0390,1955,1955-09-27,1955-09-27T19:12:00Z,minute,27 September 19:12,Deacon Rockoon,,NRL Rockoon 14,"USS Staten Island, Labrador Sea",US Navy,NRL,Suborbital,Ionospheric / Aeronomy,27 September,Launch failure,Apogee: 11 kilometres (6.8 mi)[34],https://en.wikipedia.org/wiki/1955_in_spaceflight,compiled_event_table
L0391,1955,1955-09-27,1955-09-27T19:43:00Z,minute,27 September 19:43,Deacon Rockoon,,NRL Rockoon 13,"USS Staten Island, Labrador Sea",US Navy,NRL,Suborbital,Ionospheric / Aeronomy,27 September,Successful,Apogee: 90 kilometres (56 mi)[34],https://en.wikipedia.org/wiki/1955_in_spaceflight,compiled_event_table
L0392,1955,1955-09-27,1955-09-27T20:54:00Z,minute,27 September 20:54,Deacon Rockoon,,SUI 42,"USS Staten Island, Labrador Sea",US Navy,University of Iowa,Suborbital,Ionospheric / Aeronomy,27 September,Successful,Apogee: 100 kilometres (62 mi)[34],https://en.wikipedia.org/wiki/1955_in_spaceflight,compiled_event_table
L0393,1955,1955-09-28,1955-09-28T01:13:00Z,minute,28 September 01:13,Loki Rockoon,,SUI 43,"USS Staten Island, Labrador Sea",US Navy,University of Iowa,Suborbital,Ionospheric / Aeronomy,28 September,Launch failure,Apogee: 100 kilometres (62 mi)[33],https://en.wikipedia.org/wiki/1955_in_spaceflight,compiled_event_table
L0394,1955,1955-09-28,1955-09-28T12:45:00Z,minute,28 September 12:45,Deacon Rockoon,,NRL Rockoon 15,"USS Staten Island, southern Davis Strait",US Navy,NRL,Suborbital,Ionospheric / Aeronomy,28 September,Successful,Apogee: 90 kilometres (56 mi)[34],https://en.wikipedia.org/wiki/1955_in_spaceflight,compiled_event_table
L0395,1955,1955-09-28,1955-09-28T14:54:00Z,minute,28 September 14:54,Deacon Rockoon,,SUI 44,"USS Staten Island, southern Davis Strait",US Navy,University of Iowa,Suborbital,Ionospheric / Aeronomy,28 September,Successful,Apogee: 100 kilometres (62 mi)[34],https://en.wikipedia.org/wiki/1955_in_spaceflight,compiled_event_table
L0396,1955,1955-09-28,1955-09-28T17:40:00Z,minute,28 September 17:40,Deacon Rockoon,,NRL Rockoon 16,"USS Staten Island, southern Davis Strait",US Navy,NRL,Suborbital,Ionospheric / Aeronomy,28 September,Launch failure,Apogee: 11 kilometres (6.8 mi)[34],https://en.wikipedia.org/wiki/1955_in_spaceflight,compiled_event_table
L0397,1955,1955-09-28,1955-09-28T19:22:00Z,minute,28 September 19:22,Deacon-Loki Rockoon,,SUI 45,"USS Staten Island, southern Davis Strait",US Navy,University of Iowa,Suborbital,Test flight,28 September,Launch failure,"Apogee: 102 kilometres (63 mi), maiden flight of the Deacon-Loki rockoon[35]",https://en.wikipedia.org/wiki/1955_in_spaceflight,compiled_event_table
L0398,1955,1955-09-29,,day,29 September,R-2,,,Kapustin Yar,OKB-1,OKB-1,Suborbital,Missile test,29 September,Successful[21],,https://en.wikipedia.org/wiki/1955_in_spaceflight,compiled_event_table
L0399,1955,1955-09-29,1955-09-29T13:42:00Z,minute,29 September 13:42,Deacon Rockoon,,SUI 46,"USS Staten Island, Davis Strait",US Navy,University of Iowa,Suborbital,Ionospheric / Aeronomy,29 September,Successful,Apogee: 100 kilometres (62 mi)[34],https://en.wikipedia.org/wiki/1955_in_spaceflight,compiled_event_table
L0400,1955,1955-09-29,1955-09-29T19:13:00Z,minute,29 September 19:13,Deacon Rockoon,,SUI 47,"USS Staten Island, northern Davis Strait",US Navy,University of Iowa,Suborbital,Ionospheric / Aeronomy,29 September,Successful,Apogee: 100 kilometres (62 mi)[34],https://en.wikipedia.org/wiki/1955_in_spaceflight,compiled_event_table
L0401,1955,1955-09-29,1955-09-29T21:52:00Z,minute,29 September 21:52,Deacon-Loki Rockoon,,SUI 48,"USS Staten Island, Davis Strait",US Navy,University of Iowa,Suborbital,Test flight,29 September,Launch failure,"Apogee: 100 kilometres (62 mi), final flight of the Deacon-Loki rockoon[35]",https://en.wikipedia.org/wiki/1955_in_spaceflight,compiled_event_table
L0402,1955,1955-09-30,1955-09-30T15:50:00Z,minute,30 September 15:50,Aerobee AJ10-27,,USAF 59,Holloman LC-A,US Air Force,AFCRC / University of Utah / University of Colorado,Suborbital,Solar UV,30 September,Successful,Apogee: 74 kilometres (46 mi)[23]: 160–161,https://en.wikipedia.org/wiki/1955_in_spaceflight,compiled_event_table
L0403,1955,1955-09-30,1955-09-30T20:10:00Z,minute,30 September 20:10,Loki Rockoon,,SUI 49,"USS Staten Island, Baffin Bay",US Navy,University of Iowa,Suborbital,Ionospheric / Aeronomy,30 September,Successful,Apogee: 100 kilometres (62 mi)[33],https://en.wikipedia.org/wiki/1955_in_spaceflight,compiled_event_table
L0404,1955,1955-10-01,,day,1 October,R-2,,,Kapustin Yar,OKB-1,OKB-1,Suborbital,Missile test,1 October,Successful[21],R-5M,https://en.wikipedia.org/wiki/1955_in_spaceflight,compiled_event_table
L0405,1955,1955-10-04,1955-10-04T21:18:00Z,minute,4 October 21:18,Loki Rockoon,,SUI 50,"USS Staten Island, Baffin Bay",US Navy,University of Iowa,Suborbital,Ionospheric / Aeronomy,4 October,Successful,Apogee: 100 kilometres (62 mi)[33],https://en.wikipedia.org/wiki/1955_in_spaceflight,compiled_event_table
L0406,1955,1955-10-05,,day,5 October,R-1,,,Kapustin Yar,OKB-1,OKB-1,Suborbital,Missile test,5 October,Successful[25],,https://en.wikipedia.org/wiki/1955_in_spaceflight,compiled_event_table
L0407,1955,1955-10-06,1955-10-06T10:45:00Z,minute,6 October 10:45,Deacon Rockoon,,NRL Rockoon 17,"USS Staten Island, Davis Strait",US Navy,NRL,Suborbital,Ionospheric / Aeronomy,6 October,Launch failure,Apogee: 11 kilometres (6.8 mi)[34],https://en.wikipedia.org/wiki/1955_in_spaceflight,compiled_event_table
L0408,1955,1955-10-06,1955-10-06T19:10:00Z,minute,6 October 19:10,Deacon Rockoon,,SUI 51,"USS Staten Island, Davis Strait",US Navy,University of Iowa,Suborbital,Ionospheric / Aeronomy,6 October,Successful,Apogee: 100 kilometres (62 mi)[34],https://en.wikipedia.org/wiki/1955_in_spaceflight,compiled_event_table
L0409,1955,1955-10-07,,day,7 October,Nike-Nike-T40-T55,,,Wallops Island,NACA,NACA,Suborbital,Heat transfer REV test,7 October,Successful,Apogee: 30 kilometres (19 mi)[30],https://en.wikipedia.org/wiki/1955_in_spaceflight,compiled_event_table
L0410,1955,1955-10-08,,day,8 October,R-1,,,Kapustin Yar,OKB-1,OKB-1,Suborbital,Missile test,8 October,Successful[25],,https://en.wikipedia.org/wiki/1955_in_spaceflight,compiled_event_table
L0411,1955,1955-10-11,1955-10-11T14:33:00Z,minute,11 October 14:33,Deacon Rockoon,,SUI 52,"USS Staten Island, southern Davis Strait",US Navy,University of Iowa,Suborbital,Ionospheric / Aeronomy,11 October,Launch failure,Apogee: 20 kilometres (12 mi)[34],https://en.wikipedia.org/wiki/1955_in_spaceflight,compiled_event_table
L0412,1955,1955-10-11,1955-10-11T14:37:00Z,minute,11 October 14:37,Deacon Rockoon,,NRL Rockoon 18,"USS Staten Island, southern Davis Strait",US Navy,NRL,Suborbital,Ionospheric / Aeronomy,11 October,Successful,Apogee: 90 kilometres (56 mi)[34],https://en.wikipedia.org/wiki/1955_in_spaceflight,compiled_event_table
L0413,1955,1955-10-13,1955-10-13T01:00:00Z,minute,13 October 01:00,Aerobee RTV-A-1a,,USAF 60,Holloman LC-A,US Air Force,AFCRC,Suborbital,Aeronomy,13 October,Successful,Apogee: 101 kilometres (63 mi)[23]: 162–163,https://en.wikipedia.org/wiki/1955_in_spaceflight,compiled_event_table
L0414,1955,1955-10-13,1955-10-13T06:37:00Z,minute,13 October 06:37,Deacon Rockoon,,NRL Rockoon 19,"USS Staten Island, Labrador Sea",US Navy,NRL,Suborbital,Ionospheric / Aeronomy,13 October,Successful,Apogee: 60 kilometres (37 mi)[34],https://en.wikipedia.org/wiki/1955_in_spaceflight,compiled_event_table
L0415,1955,1955-10-13,1955-10-13T12:44:00Z,minute,13 October 12:44,Deacon Rockoon,,SUI 53,"USS Staten Island, Labrador Sea",US Navy,University of Iowa,Suborbital,Ionospheric / Aeronomy,13 October,Successful,Apogee: 100 kilometres (62 mi)[34],https://en.wikipedia.org/wiki/1955_in_spaceflight,compiled_event_table
L0416,1955,1955-10-13,1955-10-13T13:42:00Z,minute,13 October 13:42,Deacon Rockoon,,NRL Rockoon 20,"USS Staten Island, Labrador Sea",US Navy,NRL,Suborbital,Ionospheric / Aeronomy,13 October,Launch failure,Apogee: 50 kilometres (31 mi)[34],https://en.wikipedia.org/wiki/1955_in_spaceflight,compiled_event_table
L0417,1955,1955-10-13,1955-10-13T15:24:00Z,minute,13 October 15:24,Deacon Rockoon,,SUI 54,"USS Staten Island, Labrador Sea",US Navy,University of Iowa,Suborbital,Ionospheric / Aeronomy,13 October,Launch failure,Apogee: 20 kilometres (12 mi)[34],https://en.wikipedia.org/wiki/1955_in_spaceflight,compiled_event_table
L0418,1955,1955-10-13,1955-10-13T20:13:00Z,minute,13 October 20:13,Deacon Rockoon,,SUI 55,"USS Staten Island, Labrador Sea",US Navy,University of Iowa,Suborbital,Ionospheric / Aeronomy,13 October,Successful,Apogee: 100 kilometres (62 mi)[34],https://en.wikipedia.org/wiki/1955_in_spaceflight,compiled_event_table
L0419,1955,1955-10-18,1955-10-18T22:49:00Z,minute,18 October 22:49,Aerobee RTV-N-10c,,NRL 34,White Sands LC-35,US Navy,NRL,Suborbital,Solar UV / Solar X-Ray,18 October,Successful,Apogee: 101 kilometres (63 mi)[27],https://en.wikipedia.org/wiki/1955_in_spaceflight,compiled_event_table
L0420,1955,1955-10-22,1955-10-22T00:20:00Z,minute,22 October 00:20,Aerobee RTV-N-10c,,NRL 35,White Sands LC-35,US Navy,NRL,Suborbital,Solar UV,22 October,Successful,Apogee: 185 kilometres (115 mi)[27],https://en.wikipedia.org/wiki/1955_in_spaceflight,compiled_event_table
L0421,1955,1955-10-31,,day,31 October,R-2,,,Kapustin Yar,OKB-1,OKB-1,Suborbital,Missile test,31 October,Successful[21],,https://en.wikipedia.org/wiki/1955_in_spaceflight,compiled_event_table
L0422,1955,1955-11-01,,day,1 November,R-5M,,,Kapustin Yar,OKB-1,OKB-1,Suborbital,Missile test,1 November,Successful[22],,https://en.wikipedia.org/wiki/1955_in_spaceflight,compiled_event_table
L0423,1955,1955-11-04,,day,4 November,R-1E,,,Kapustin Yar,OKB-1,OKB-1,Suborbital,Biological,4 November,Successful,"Carried dogs, all recovered[24]",https://en.wikipedia.org/wiki/1955_in_spaceflight,compiled_event_table
L0424,1955,1955-11-04,1955-11-04T15:30:00Z,minute,4 November 15:30,Aerobee RTV-N-10c,,NRL 36,White Sands LC-35,US Navy,NRL,Suborbital,Solar UV,4 November,Successful,Apogee: 135 kilometres (84 mi)[27],https://en.wikipedia.org/wiki/1955_in_spaceflight,compiled_event_table
L0425,1955,1955-11-17,1955-11-17T09:15:00Z,minute,17 November 09:15,Aerobee RTV-N-10,,NRL 25,White Sands LC-35,US Navy,NRL,Suborbital,Meteorites / UV Astronomy,17 November,Successful,Apogee: 105 kilometres (65 mi)[27],https://en.wikipedia.org/wiki/1955_in_spaceflight,compiled_event_table
L0426,1955,1955-11-19,,day,19 November,R-2,,,Kapustin Yar,OKB-1,OKB-1,Suborbital,Missile test,19 November,Successful[21],R-5M,https://en.wikipedia.org/wiki/1955_in_spaceflight,compiled_event_table
L0427,1955,1955-11-23,,day,23 November,R-2,,,Kapustin Yar,OKB-1,OKB-1,Suborbital,Missile test,23 November,Successful[21],R-2,https://en.wikipedia.org/wiki/1955_in_spaceflight,compiled_event_table
L0428,1955,1955-11-29,1955-11-29T17:16:00Z,minute,29 November 17:16,Aerobee RTV-N-10,,NRL 24,White Sands LC-35,US Navy,NRL,Suborbital,Ionospheric,29 November,Successful,Apogee: 132 kilometres (82 mi)[27],https://en.wikipedia.org/wiki/1955_in_spaceflight,compiled_event_table
L0429,1955,1955-12-01,,day,1 December,X-17,,,Cape Canaveral LC-3,US Air Force,ARDC,Suborbital,Test flight,1 December,Successful,Apogee: 100 kilometres (62 mi)[31],https://en.wikipedia.org/wiki/1955_in_spaceflight,compiled_event_table
L0430,1955,1955-12-09,1955-12-09T14:50:00Z,minute,9 December 14:50,Aerobee Hi,,NRL 38,White Sands LC-35,US Navy,NRL,Suborbital,Test flight,9 December,Launch failure[27],,https://en.wikipedia.org/wiki/1955_in_spaceflight,compiled_event_table
L0431,1955,1955-12-13,1955-12-13T05:00:00Z,minute,13 December 05:00,Aerobee RTV-N-10a,,NRL 28,White Sands LC-35,US Navy,NRL,Suborbital,Airglow / Aeronomy,13 December,Successful,"Apogee: 142 kilometres (88 mi), final flight of the Aerobee RTV-N-10a;[27] carried photometers to measure altitude and intensity of airglow at 5577 and 5890-6 A.[5] Also took three ultraviolet spectrograms of the Sun, investigating Ly-α emissions.[6]",https://en.wikipedia.org/wiki/1955_in_spaceflight,compiled_event_table
L0432,1955,1955-12-13,1955-12-13T17:58:00Z,minute,13 December 17:58,Aerobee AJ10-27,,USAF 61,Holloman LC-A,US Air Force,AFCRC / University of Utah / University of Colorado,Suborbital,Solar UV,13 December,Successful,"Apogee: 138 kilometres (86 mi), final flight of the Aerobee AJ10-27[23]: 164–165",https://en.wikipedia.org/wiki/1955_in_spaceflight,compiled_event_table
L0433,1955,1955-12-16,,day,16 December,R-2,,,Kapustin Yar,OKB-1,OKB-1,Suborbital,Missile test,16 December,Successful[21],,https://en.wikipedia.org/wiki/1955_in_spaceflight,compiled_event_table
L0434,1955,1955-12-17,,day,17 December,R-2,,,Kapustin Yar,OKB-1,OKB-1,Suborbital,Missile test,17 December,Successful[21],,https://en.wikipedia.org/wiki/1955_in_spaceflight,compiled_event_table
L0435,1955,1955-12-21,,day,21 December,HJ-Nike,,,Wallops Island,NACA,NACA,Suborbital,Test flight,21 December,Launch failure,Apogee: 10 kilometres (6.2 mi)[32],https://en.wikipedia.org/wiki/1955_in_spaceflight,compiled_event_table
L0436,1955,1955-12-24,,day,24 December,R-2,,,Kapustin Yar,OKB-1,OKB-1,Suborbital,Missile test,24 December,Successful[21],,https://en.wikipedia.org/wiki/1955_in_spaceflight,compiled_event_table
L0437,1955,1955-12-27,,day,27 December,R-2,,,Kapustin Yar,OKB-1,OKB-1,Suborbital,Missile test,27 December,Successful[21],,https://en.wikipedia.org/wiki/1955_in_spaceflight,compiled_event_table
L0438,1955,1955-12-28,,day,28 December,R-2,,,Kapustin Yar,OKB-1,OKB-1,Suborbital,Missile test,28 December,Successful[21],,https://en.wikipedia.org/wiki/1955_in_spaceflight,compiled_event_table
L0439,1955,1955-12-30,,day,30 December,R-2,,,Kapustin Yar,OKB-1,OKB-1,Suborbital,Missile test,30 December,Successful[21],,https://en.wikipedia.org/wiki/1955_in_spaceflight,compiled_event_table
L0440,1955,,,year_only_aggregate,,R-2,,,,,,Suborbital,Missile test,,,Aggregate series member 1/6; individual date not enumerated in source event table,https://en.wikipedia.org/wiki/1955_in_spaceflight,annual_statistics_reconciliation
L0441,1955,,,year_only_aggregate,,R-2,,,,,,Suborbital,Missile test,,,Aggregate series member 2/6; individual date not enumerated in source event table,https://en.wikipedia.org/wiki/1955_in_spaceflight,annual_statistics_reconciliation
L0442,1955,,,year_only_aggregate,,R-2,,,,,,Suborbital,Missile test,,,Aggregate series member 3/6; individual date not enumerated in source event table,https://en.wikipedia.org/wiki/1955_in_spaceflight,annual_statistics_reconciliation
L0443,1955,,,year_only_aggregate,,R-2,,,,,,Suborbital,Missile test,,,Aggregate series member 4/6; individual date not enumerated in source event table,https://en.wikipedia.org/wiki/1955_in_spaceflight,annual_statistics_reconciliation
L0444,1955,,,year_only_aggregate,,R-2,,,,,,Suborbital,Missile test,,,Aggregate series member 5/6; individual date not enumerated in source event table,https://en.wikipedia.org/wiki/1955_in_spaceflight,annual_statistics_reconciliation
L0445,1955,,,year_only_aggregate,,R-2,,,,,,Suborbital,Missile test,,,Aggregate series member 6/6; individual date not enumerated in source event table,https://en.wikipedia.org/wiki/1955_in_spaceflight,annual_statistics_reconciliation
L0446,1955,,,year_only_aggregate,,R-5,,,,,,Suborbital,Missile test,,,Aggregate series member 1/2; individual date not enumerated in source event table,https://en.wikipedia.org/wiki/1955_in_spaceflight,annual_statistics_reconciliation
L0447,1955,,,year_only_aggregate,,R-5,,,,,,Suborbital,Missile test,,,Aggregate series member 2/2; individual date not enumerated in source event table,https://en.wikipedia.org/wiki/1955_in_spaceflight,annual_statistics_reconciliation
L0448,1955,,,year_only_aggregate,,R-5M,,,,,,Suborbital,Missile test,,,Aggregate series member 1/5; individual date not enumerated in source event table,https://en.wikipedia.org/wiki/1955_in_spaceflight,annual_statistics_reconciliation
L0449,1955,,,year_only_aggregate,,R-5M,,,,,,Suborbital,Missile test,,,Aggregate series member 2/5; individual date not enumerated in source event table,https://en.wikipedia.org/wiki/1955_in_spaceflight,annual_statistics_reconciliation
L0450,1955,,,year_only_aggregate,,R-5M,,,,,,Suborbital,Missile test,,,Aggregate series member 3/5; individual date not enumerated in source event table,https://en.wikipedia.org/wiki/1955_in_spaceflight,annual_statistics_reconciliation
L0451,1955,,,year_only_aggregate,,R-5M,,,,,,Suborbital,Missile test,,,Aggregate series member 4/5; individual date not enumerated in source event table,https://en.wikipedia.org/wiki/1955_in_spaceflight,annual_statistics_reconciliation
L0452,1955,,,year_only_aggregate,,R-5M,,,,,,Suborbital,Missile test,,,Aggregate series member 5/5; individual date not enumerated in source event table,https://en.wikipedia.org/wiki/1955_in_spaceflight,annual_statistics_reconciliation
L0453,1955,,,year_only_aggregate,,Nike-Deacon,,,,,,Suborbital,Missile test,,,Aggregate series member 1/1; individual date not enumerated in source event table,https://en.wikipedia.org/wiki/1955_in_spaceflight,annual_statistics_reconciliation
L0454,1955,,,year_only_aggregate,,X-17,,,,,,Suborbital,Missile test,,,Aggregate series member 1/1; individual date not enumerated in source event table,https://en.wikipedia.org/wiki/1955_in_spaceflight,annual_statistics_reconciliation
L0455,1955,,,year_only_aggregate,,Nike-Nike-T40-T55,,,,,,Suborbital,Missile test,,,Aggregate series member 1/1; individual date not enumerated in source event table,https://en.wikipedia.org/wiki/1955_in_spaceflight,annual_statistics_reconciliation
L0456,1955,,,year_only_aggregate,,Nike-Nike-Tri-Deacon-T40,,,,,,Suborbital,Missile test,,,Aggregate series member 1/1; individual date not enumerated in source event table,https://en.wikipedia.org/wiki/1955_in_spaceflight,annual_statistics_reconciliation
