artifact_path,origin_class,bytes,sha256,linked_exposure_ids,link_reasons,category,recommended_action,header_REGION,header_PLTLABEL,header_PLATEID,header_DATE_OBS,header_OBJECT,header_CRVAL1,header_CRVAL2,header_error
cache/gavo/bi05607/40095480011876.fits,legacy_or_other,1399680,e593c06650d0f36a5eb8f72c0d517c39889c1f1f7f685d2bb6320eb0db843fb3,,,UNLINKED_PIXEL_ARTIFACT,HOLD_UNTIL_PROVENANCE_LINKED,,,,,,296.768192555752,26.4625615805434,
cache/gavo/bi05607/40095480193794.fits,legacy_or_other,1399680,492ecc24075fd01ec61eddd86a80badc6675facf729edb17a00d0da14faa6474,,,UNLINKED_PIXEL_ARTIFACT,HOLD_UNTIL_PROVENANCE_LINKED,,,,,,292.272901474479,33.5321554871142,
cache/poss1_identity/POSS-I_1024_E_rec742/0FGT_identity.fits,identity_cache,622080,722cb1c44951398fe20fa86f6a6de77b2ede4af1335c596dcabff2937f0d6bd7,POSS-I:1024:E:rec742,composite_filename_identity:POSS-I:1024:E:rec742;exact_frozen_fits_sha:POSS-I:1024:E:rec742;header_region:XE742;unique_header_alias:XE742,EXACT_FROZEN_PIXEL_HASH_MATCH,PIXEL_REUSE_CANDIDATE_DETECTOR_RESULT_STILL_NEEDS_METHOD_PROVENANCE,XE742,E1025,0FGT,1954-04-01T09:75:00,data,223.979424,-12.587162,
cache/poss1_identity/POSS-I_1102_E_rec140/07PT_identity.fits,identity_cache,622080,b794f46dea7db1eeb946cdddc4e79f0a98ae68e47a316f91f4ebc43016aa2493,POSS-I:1102:E:rec140,composite_filename_identity:POSS-I:1102:E:rec140;exact_frozen_fits_sha:POSS-I:1102:E:rec140;header_region:XE139;unique_header_alias:XE139,EXACT_FROZEN_PIXEL_HASH_MATCH,PIXEL_REUSE_CANDIDATE_DETECTOR_RESULT_STILL_NEEDS_METHOD_PROVENANCE,XE139,E1102,07PT,1954-06-28T07:17:00,data,266.741647,53.954902,
cache/poss1_identity/POSS-I_1103_E_rec397/072W_identity.fits,identity_cache,622080,aa56bc3e4a26414d186eb085ea5885ffe0428e4c4e85525f41562c7b1da01ee1,POSS-I:1103:E:rec397,composite_filename_identity:POSS-I:1103:E:rec397;exact_frozen_fits_sha:POSS-I:1103:E:rec397;header_region:XE396;unique_header_alias:XE396,EXACT_FROZEN_PIXEL_HASH_MATCH,PIXEL_REUSE_CANDIDATE_DETECTOR_RESULT_STILL_NEEDS_METHOD_PROVENANCE,XE396,E1103,072W,1954-06-28T09:18:00,data,313.586298,24.547222,
cache/poss1_identity/POSS-I_1405_O_rec616/A3OI_identity.fits,identity_cache,1650240,b2025288697732091b4b61dbce34c4f921462d5b86f1ad17f579b7a7536ad0a4,POSS-I:1405:O:rec616,composite_filename_identity:POSS-I:1405:O:rec616;exact_frozen_fits_sha:POSS-I:1405:O:rec616;header_region:XO615;unique_header_alias:XO615,EXACT_FROZEN_PIXEL_HASH_MATCH,PIXEL_REUSE_CANDIDATE_DETECTOR_RESULT_STILL_NEEDS_METHOD_PROVENANCE,XO615,O1405,A3OI,1955-04-20T05:87:00,data,187.857959,-0.801292,
cache/poss1_identity/POSS-I_236_E_rec425/08M9_identity.fits,identity_cache,622080,7e321c8af374b9242372d0ab2e5689f0745739487fb28efeeb740f0bbeaf7afd,POSS-I:236:E:rec425,composite_filename_identity:POSS-I:236:E:rec425;exact_frozen_fits_sha:POSS-I:236:E:rec425;header_region:XE424;unique_header_alias:XE424,EXACT_FROZEN_PIXEL_HASH_MATCH,PIXEL_REUSE_CANDIDATE_DETECTOR_RESULT_STILL_NEEDS_METHOD_PROVENANCE,XE424,E236,08M9,1951-02-03T05:90:00,data,122.086935,17.575202,
cache/poss1_identity/POSS-I_236_O_rec425/A34L_identity.fits,identity_cache,1650240,702a8392e2dd5f2bd6cc0b9cc6f925c6a9b7c05dd53d7768838d8a9ce3bb3071,POSS-I:236:O:rec425,composite_filename_identity:POSS-I:236:O:rec425;exact_frozen_fits_sha:POSS-I:236:O:rec425;header_region:XO424;unique_header_alias:XO424,EXACT_FROZEN_PIXEL_HASH_MATCH,PIXEL_REUSE_CANDIDATE_DETECTOR_RESULT_STILL_NEEDS_METHOD_PROVENANCE,XO424,O236,A34L,1951-02-03T06:82:00,data,122.086565,17.575517,
cache/poss1_identity/POSS-I_293_E_rec754/0FHF_identity.fits,identity_cache,622080,c70859e517bfe2002bbefc81313d789d15ac3ab2d26dc52105e4bda519e82418,POSS-I:293:E:rec754,composite_filename_identity:POSS-I:293:E:rec754;exact_frozen_fits_sha:POSS-I:293:E:rec754;header_region:XE754;unique_header_alias:XE754,EXACT_FROZEN_PIXEL_HASH_MATCH,PIXEL_REUSE_CANDIDATE_DETECTOR_RESULT_STILL_NEEDS_METHOD_PROVENANCE,XE754,E294,0FHF,1951-07-29T07:15:00,data,296.005759,-11.653342,
cache/poss1_identity/POSS-I_297_O_rec635/A3P0_identity.fits,identity_cache,1650240,5839e995fccecf6b139128f85f4c9454c7e95b32e103bc18b9b3078d323a7ee5,POSS-I:297:O:rec635,composite_filename_identity:POSS-I:297:O:rec635;exact_frozen_fits_sha:POSS-I:297:O:rec635;header_region:XO634;unique_header_alias:XO634,EXACT_FROZEN_PIXEL_HASH_MATCH,PIXEL_REUSE_CANDIDATE_DETECTOR_RESULT_STILL_NEEDS_METHOD_PROVENANCE,XO634,O297,A3P0,1951-07-30T07:43:00,data,301.855865,0.419865,
cache/poss1_identity/POSS-I_305_O_rec637/A3P2_identity.fits,identity_cache,1650240,41fd8cd85c2d08dc1c9944949dcab07068ce5c1a5b3e0512cb675aa5f2b0681e,POSS-I:305:O:rec637,composite_filename_identity:POSS-I:305:O:rec637;exact_frozen_fits_sha:POSS-I:305:O:rec637;header_region:XO636;unique_header_alias:XO636,EXACT_FROZEN_PIXEL_HASH_MATCH,PIXEL_REUSE_CANDIDATE_DETECTOR_RESULT_STILL_NEEDS_METHOD_PROVENANCE,XO636,O305,A3P2,1951-08-05T07:62:00,data,313.855972,0.553378,
cache/poss1_identity/POSS-I_313_O_rec523/A3M1_identity.fits,identity_cache,1650240,6b752611158854e2d83fdd9ab435c6ad7c9252fba313b53c13f39b3804785d35,POSS-I:313:O:rec523,composite_filename_identity:POSS-I:313:O:rec523;exact_frozen_fits_sha:POSS-I:313:O:rec523;header_region:XO522;unique_header_alias:XO522,EXACT_FROZEN_PIXEL_HASH_MATCH,PIXEL_REUSE_CANDIDATE_DETECTOR_RESULT_STILL_NEEDS_METHOD_PROVENANCE,XO522,O313,A3M1,1951-08-07T08:43:00,data,349.829079,12.786945,
cache/poss1_identity/POSS-I_314_E_rec646/0D9V_identity.fits,identity_cache,622080,2145cd017731a3a6e6554ea9b509fb7a2e5ae2244c1b382cbfc3bce943cb9430,POSS-I:314:E:rec646,composite_filename_identity:POSS-I:314:E:rec646;exact_frozen_fits_sha:POSS-I:314:E:rec646;header_region:XE645;unique_header_alias:XE645,EXACT_FROZEN_PIXEL_HASH_MATCH,PIXEL_REUSE_CANDIDATE_DETECTOR_RESULT_STILL_NEEDS_METHOD_PROVENANCE,XE645,E314,0D9V,1951-08-07T09:90:00,data,7.845788,-5.199345,
cache/poss1_identity/POSS-I_320_E_rec463/08RI_identity.fits,identity_cache,622080,43a5a53dc38c38d2f10058f0c45bc71496c98fb5fd3f41ef3cfe775ffa3cc157,POSS-I:320:E:rec463,composite_filename_identity:POSS-I:320:E:rec463;exact_frozen_fits_sha:POSS-I:320:E:rec463;header_region:XE462;unique_header_alias:XE462,EXACT_FROZEN_PIXEL_HASH_MATCH,PIXEL_REUSE_CANDIDATE_DETECTOR_RESULT_STILL_NEEDS_METHOD_PROVENANCE,XE462,E320,08RI,1951-08-12T09:13:00,data,349.807512,18.79225,
cache/poss1_identity/POSS-I_340_E_rec231/0899_identity.fits,identity_cache,622080,c6d30005727c64b05bb5f7a67fe37ca223083e8148eb2708713b5f12414e37f1,POSS-I:340:E:rec231,composite_filename_identity:POSS-I:340:E:rec231;exact_frozen_fits_sha:POSS-I:340:E:rec231;header_region:XE230;unique_header_alias:XE230,EXACT_FROZEN_PIXEL_HASH_MATCH,PIXEL_REUSE_CANDIDATE_DETECTOR_RESULT_STILL_NEEDS_METHOD_PROVENANCE,XE230,E340,0899,1951-09-02T04:02:00,data,286.156187,42.220322,
cache/poss1_identity/POSS-I_368_E_rec192/07WI_identity.fits,identity_cache,622080,71aa157f109fb660366ada78be03600b2b2227a41f54e158db014c4777ce49b9,POSS-I:368:E:rec192,composite_filename_identity:POSS-I:368:E:rec192;exact_frozen_fits_sha:POSS-I:368:E:rec192;header_region:XE191;unique_header_alias:XE191,EXACT_FROZEN_PIXEL_HASH_MATCH,PIXEL_REUSE_CANDIDATE_DETECTOR_RESULT_STILL_NEEDS_METHOD_PROVENANCE,XE191,E368,07WI,1951-09-09T08:02:00,data,358.811157,48.807324,
cache/poss1_identity/POSS-I_372_O_rec455/A3K9_identity.fits,identity_cache,1650240,cfc5bd58dca2f0bcda8c33f09abcb391bc9f568af2f49163a535989bc47ef2d2,POSS-I:372:O:rec455,composite_filename_identity:POSS-I:372:O:rec455;exact_frozen_fits_sha:POSS-I:372:O:rec455;header_region:XO454;unique_header_alias:XO454,EXACT_FROZEN_PIXEL_HASH_MATCH,PIXEL_REUSE_CANDIDATE_DETECTOR_RESULT_STILL_NEEDS_METHOD_PROVENANCE,XO454,O372,A3K9,1951-09-20T04:42:00,data,301.628675,18.414205,
cache/poss1_identity/POSS-I_407_E_rec246/08BI_identity.fits,identity_cache,622080,1bfc0327f7b9392117ecd420e1d8fa66a6513c03d936a0bd59c867843c5895a0,POSS-I:407:E:rec246,composite_filename_identity:POSS-I:407:E:rec246;exact_frozen_fits_sha:POSS-I:407:E:rec246;header_region:XE245;unique_header_alias:XE245,EXACT_FROZEN_PIXEL_HASH_MATCH,PIXEL_REUSE_CANDIDATE_DETECTOR_RESULT_STILL_NEEDS_METHOD_PROVENANCE,XE245,E407,08BI,1951-11-02T07:02:00,data,37.20951,36.652884,
cache/poss1_identity/POSS-I_413_E_rec297/06S2_identity.fits,identity_cache,622080,6e8ca42e82804615316845436c934d0b184a5deddeeee9ab0c6951736088fa16,POSS-I:413:E:rec297,composite_filename_identity:POSS-I:413:E:rec297;exact_frozen_fits_sha:POSS-I:413:E:rec297;header_region:XE296;unique_header_alias:XE296,EXACT_FROZEN_PIXEL_HASH_MATCH,PIXEL_REUSE_CANDIDATE_DETECTOR_RESULT_STILL_NEEDS_METHOD_PROVENANCE,XE296,E413,06S2,1951-11-04T07:00:00,data,28.071047,30.71936,
cache/poss1_identity/POSS-I_415_O_rec479/A31W_identity.fits,identity_cache,1650240,0a0476f472e6afcfd52cb66cf0fb88b2d7e9a88e35cc6ce78ccf74768ad3c661,POSS-I:415:O:rec479,composite_filename_identity:POSS-I:415:O:rec479;exact_frozen_fits_sha:POSS-I:415:O:rec479;header_region:XO478;unique_header_alias:XO478,EXACT_FROZEN_PIXEL_HASH_MATCH,PIXEL_REUSE_CANDIDATE_DETECTOR_RESULT_STILL_NEEDS_METHOD_PROVENANCE,XO478,O415,A31W,1951-11-04T09:43:00,data,86.033398,12.066165,
cache/poss1_identity/POSS-I_445_E_rec481/08WE_identity.fits,identity_cache,622080,5ecd0294099c67384112eb3f79393567d982da36e9bbfa19354915977d54bda0,POSS-I:445:E:rec481,composite_filename_identity:POSS-I:445:E:rec481;exact_frozen_fits_sha:POSS-I:445:E:rec481;header_region:XE480;unique_header_alias:XE480,EXACT_FROZEN_PIXEL_HASH_MATCH,PIXEL_REUSE_CANDIDATE_DETECTOR_RESULT_STILL_NEEDS_METHOD_PROVENANCE,XE480,E445,08WE,1951-11-30T09:00:00,data,98.024042,11.899385,
cache/poss1_identity/POSS-I_500_E_rec679/0DH1_identity.fits,identity_cache,633600,49f4283d4c57131b9d7e7a48604d49e9e363d8a6fabdc98d98337f08cbd0f931,POSS-I:500:E:rec679,composite_filename_identity:POSS-I:500:E:rec679;exact_frozen_fits_sha:POSS-I:500:E:rec679;header_region:XE678;unique_header_alias:XE678,EXACT_FROZEN_PIXEL_HASH_MATCH,PIXEL_REUSE_CANDIDATE_DETECTOR_RESULT_STILL_NEEDS_METHOD_PROVENANCE,XE678,E500,0DH1,1952-05-23T05:07:00,data,205.896548,-6.731419,
cache/poss1_identity/POSS-I_533_O_rec187/A31G_identity.fits,identity_cache,1650240,fb036e353879a90405ad29879c36fc49d46cb68260beace9033f88dfc3f62dae,POSS-I:533:O:rec187,composite_filename_identity:POSS-I:533:O:rec187;exact_frozen_fits_sha:POSS-I:533:O:rec187;header_region:XO186;unique_header_alias:XO186,EXACT_FROZEN_PIXEL_HASH_MATCH,PIXEL_REUSE_CANDIDATE_DETECTOR_RESULT_STILL_NEEDS_METHOD_PROVENANCE,XO186,O533,A31G,1952-07-19T09:48:00,data,315.720534,48.572982,
cache/poss1_identity/POSS-I_558_O_rec517/A3LV_identity.fits,identity_cache,1650240,8080c441fc28258af610dd1d4284e45b14d62a4c381cbbf472392e31170721d9,POSS-I:558:O:rec517,composite_filename_identity:POSS-I:558:O:rec517;exact_frozen_fits_sha:POSS-I:558:O:rec517;header_region:XO516;unique_header_alias:XO516,EXACT_FROZEN_PIXEL_HASH_MATCH,PIXEL_REUSE_CANDIDATE_DETECTOR_RESULT_STILL_NEEDS_METHOD_PROVENANCE,XO516,O558,A3LV,1952-08-19T07:40:00,data,313.729592,12.552136,
cache/poss1_identity/POSS-I_976_E_rec492/08WO_identity.fits,identity_cache,622080,95bdffcde5a3311aaf255f52956d7f597171185d801b5519165597ce4a0bc3c6,POSS-I:976:E:rec492,composite_filename_identity:POSS-I:976:E:rec492;exact_frozen_fits_sha:POSS-I:976:E:rec492;header_region:XE491;unique_header_alias:XE491,EXACT_FROZEN_PIXEL_HASH_MATCH,PIXEL_REUSE_CANDIDATE_DETECTOR_RESULT_STILL_NEEDS_METHOD_PROVENANCE,XE491,E976,08WO,1954-02-09T09:68:00,data,163.910754,11.239673,
cache/poss1_identity/POSS-I_985_E_rec726/0EGP_identity.fits,identity_cache,622080,bcf76fa980418182235d60223de9ea1728f799a42e84677bdfb035fb043bd41f,POSS-I:985:E:rec726,composite_filename_identity:POSS-I:985:E:rec726;exact_frozen_fits_sha:POSS-I:985:E:rec726;header_region:XE726;unique_header_alias:XE726,EXACT_FROZEN_PIXEL_HASH_MATCH,PIXEL_REUSE_CANDIDATE_DETECTOR_RESULT_STILL_NEEDS_METHOD_PROVENANCE,XE726,E986,0EGP,1954-02-24T06:23:00,data,127.712937,-12.487873,
cache/poss1_identity/POSS-I_989_O_rec258/A3G7_identity.fits,identity_cache,1650240,3b7c0b035f065e6a4485edb38f05ee9d28c64036b5cea4398c0c2e4a5e741896,POSS-I:989:O:rec258,composite_filename_identity:POSS-I:989:O:rec258;exact_frozen_fits_sha:POSS-I:989:O:rec258;header_region:XO257;unique_header_alias:XO257,EXACT_FROZEN_PIXEL_HASH_MATCH,PIXEL_REUSE_CANDIDATE_DETECTOR_RESULT_STILL_NEEDS_METHOD_PROVENANCE,XO257,O989,A3G7,1954-02-25T05:93:00,data,121.361999,35.593846,
cache/poss1_identity_v028_extension/POSS-I_1009_O_rec785/A3T4_identity.fits,identity_cache,1650240,614e3397f767771e8f12aa46f5f125657f3f16ee40e514a169298c37b8d887a2,POSS-I:1009:O:rec785,composite_filename_identity:POSS-I:1009:O:rec785;exact_frozen_fits_sha:POSS-I:1009:O:rec785;header_region:XO785;unique_header_alias:XO785,EXACT_FROZEN_PIXEL_HASH_MATCH,PIXEL_REUSE_CANDIDATE_DETECTOR_RESULT_STILL_NEEDS_METHOD_PROVENANCE,XO785,O1010,A3T4,1954-03-26T04:22:00,data,121.628437,-18.417078,
cache/poss1_identity_v028_extension/POSS-I_306_E_rec703/0E2B_identity.fits,identity_cache,622080,8b5734bf0752a943f7f709c38c352637ebf4f10ca5adb04155e3b50d1ab054a7,POSS-I:306:E:rec703,composite_filename_identity:POSS-I:306:E:rec703;exact_frozen_fits_sha:POSS-I:306:E:rec703;header_region:XE702;unique_header_alias:XE702,EXACT_FROZEN_PIXEL_HASH_MATCH,PIXEL_REUSE_CANDIDATE_DETECTOR_RESULT_STILL_NEEDS_METHOD_PROVENANCE,XE702,E306,0E2B,1951-08-05T09:05:00,data,349.870453,-5.206732,
cache/starglass/bi05607/40095480011876.fits,legacy_or_other,1399680,e593c06650d0f36a5eb8f72c0d517c39889c1f1f7f685d2bb6320eb0db843fb3,,,UNLINKED_PIXEL_ARTIFACT,HOLD_UNTIL_PROVENANCE_LINKED,,,,,,296.768192555752,26.4625615805434,
cache/starglass/bi05607/40095480193794.fits,legacy_or_other,1399680,492ecc24075fd01ec61eddd86a80badc6675facf729edb17a00d0da14faa6474,,,UNLINKED_PIXEL_ARTIFACT,HOLD_UNTIL_PROVENANCE_LINKED,,,,,,292.272901474479,33.5321554871142,
cache/verified_starglass/bi05607/40095480005500.fits,legacy_or_other,1399680,2d55c4611ddcfe5f17094e085e9e93f1894711c14fd1aae3b084400ecc75c0bd,,,UNLINKED_PIXEL_ARTIFACT,HOLD_UNTIL_PROVENANCE_LINKED,,,,,,294.793388541501,26.0113320849928,
cache/verified_starglass/bi05607/40095480005696.fits,legacy_or_other,1399680,a420b49da458f58f7ce73cb0c776e4beb4357f452afa7418411402e68c75173b,,,UNLINKED_PIXEL_ARTIFACT,HOLD_UNTIL_PROVENANCE_LINKED,,,,,,292.022849924154,25.9784529001849,
cache/verified_starglass/bi05607/40095480006301.fits,legacy_or_other,1399680,9aa5f9b3abbb4fd101150909c48e05208d13aad9a0cc427b07a0fc9c8ba7cc71,,,UNLINKED_PIXEL_ARTIFACT,HOLD_UNTIL_PROVENANCE_LINKED,,,,,,293.699312227806,26.0570971563131,
cache/verified_starglass/bi05607/40095480006732.fits,legacy_or_other,1399680,8bb6f446e45f0b880a4abc548183cb8ea51da7dd31260dece878acd2d445c639,,,UNLINKED_PIXEL_ARTIFACT,HOLD_UNTIL_PROVENANCE_LINKED,,,,,,297.906250673333,26.0943309164437,
cache/verified_starglass/bi05607/40095480006843.fits,legacy_or_other,1399680,35adfcea14ddde9a81889c82438cf23a2b84c3e60b872d49d092753ab403a366,,,UNLINKED_PIXEL_ARTIFACT,HOLD_UNTIL_PROVENANCE_LINKED,,,,,,299.13839961822,26.0820171999445,
cache/verified_starglass/bi05607/40095480006940.fits,legacy_or_other,1399680,6e9d179068e96eb15d5d7bfbbf9d2762b6082da9a38d10c9f494cf13966e4e8e,,,UNLINKED_PIXEL_ARTIFACT,HOLD_UNTIL_PROVENANCE_LINKED,,,,,,296.321111008645,26.1178435981159,
cache/verified_starglass/bi05607/40095480006941.fits,legacy_or_other,1399680,bcc4ea0b1917b9985cdbed273545c669cf75523b5b1bfb26dea5b3ebec8f1303,,,UNLINKED_PIXEL_ARTIFACT,HOLD_UNTIL_PROVENANCE_LINKED,,,,,,291.815728373998,26.0580331725013,
cache/verified_starglass/bi05607/40095480007035.fits,legacy_or_other,1399680,d243a9885ead1b4081c2d81f4fd8b0491a8023d247181a012dbdfd020ee89b49,,,UNLINKED_PIXEL_ARTIFACT,HOLD_UNTIL_PROVENANCE_LINKED,,,,,,295.350623965824,26.1134226509167,
cache/verified_starglass/bi05607/40095480007081.fits,legacy_or_other,1399680,c1a61118090ece6deaa58b5a26d95acf8ad689cf17a7cecf08ffbada915e9981,,,UNLINKED_PIXEL_ARTIFACT,HOLD_UNTIL_PROVENANCE_LINKED,,,,,,298.255521774745,26.1133542759157,
cache/verified_starglass/bi05607/40095480007103.fits,legacy_or_other,1399680,307325eb66bd47c75cfd411db115560d9912f5405f41905545f89bb4cebf6989,,,UNLINKED_PIXEL_ARTIFACT,HOLD_UNTIL_PROVENANCE_LINKED,,,,,,293.021156953846,26.0964856141944,
cache/verified_starglass/bi05607/40095480007155.fits,legacy_or_other,1399680,e524b2a799cdbc67313b99c16b847cca85e56928864aecad5268c05595cb06d1,,,UNLINKED_PIXEL_ARTIFACT,HOLD_UNTIL_PROVENANCE_LINKED,,,,,,298.666216764797,26.1106839041662,
cache/verified_starglass/bi05607/40095480007223.fits,legacy_or_other,1399680,6964b20d56458437d46027c04eb93a3164176b39576a5db3262d83dab89bb956,,,UNLINKED_PIXEL_ARTIFACT,HOLD_UNTIL_PROVENANCE_LINKED,,,,,,297.0397728359,26.1334984520309,
cache/verified_starglass/bi05607/40095480007328.fits,legacy_or_other,1399680,7f8b73f48d11f8c178b5aad99d0bcda48c93defe9f3604b7dc4c00e5c4f38bbb,,,UNLINKED_PIXEL_ARTIFACT,HOLD_UNTIL_PROVENANCE_LINKED,,,,,,296.702938511969,26.1437894677811,
cache/verified_starglass/bi05607/40095480007371.fits,legacy_or_other,1399680,ef4f99a342cfadb3556444051778614d6eebd9aa295da1b9c1ec58b46cd0b8c6,,,UNLINKED_PIXEL_ARTIFACT,HOLD_UNTIL_PROVENANCE_LINKED,,,,,,297.117464176358,26.1418759949573,
cache/verified_starglass/bi05607/40095480007401.fits,legacy_or_other,1399680,25d47a2c27eebdd604b2e5d56ec6879911ca00ab460fc21691961acd58120196,,,UNLINKED_PIXEL_ARTIFACT,HOLD_UNTIL_PROVENANCE_LINKED,,,,,,297.425838281236,26.140170066531,
cache/verified_starglass/bi05607/40095480007531.fits,legacy_or_other,1399680,ef4d4d993239fffdecbb12cfa93f65b2f4743eaf1e0512850ecb7ef40e48741c,,,UNLINKED_PIXEL_ARTIFACT,HOLD_UNTIL_PROVENANCE_LINKED,,,,,,290.092185306913,26.0348731295088,
cache/verified_starglass/bi05607/40095480007682.fits,legacy_or_other,1399680,c6281ce277cf2923548d84d5b5bfd15230fd90ba521d414bfef9ac6a2c40f7f7,,,UNLINKED_PIXEL_ARTIFACT,HOLD_UNTIL_PROVENANCE_LINKED,,,,,,298.582860482218,26.1457729700727,
cache/verified_starglass/bi05607/40095480008053.fits,legacy_or_other,1399680,140230c1d2051286501e3f4cdb88871c687267e6ddb48820d32ad3a9d3fd7e6f,,,UNLINKED_PIXEL_ARTIFACT,HOLD_UNTIL_PROVENANCE_LINKED,,,,,,299.678182476786,26.1476499716069,
cache/verified_starglass/bi05607/40095480008176.fits,legacy_or_other,1399680,9b3c95e20a442485e6137f5e6cbfc8aebd69c6ebb276675c86c833a4290e647f,,,UNLINKED_PIXEL_ARTIFACT,HOLD_UNTIL_PROVENANCE_LINKED,,,,,,289.788102577014,26.0705642450856,
cache/verified_starglass/bi05607/40095480008195.fits,legacy_or_other,1399680,ef52a160e2e956b5d1b7e66e5badafba70120e8be284cb7e537894367f827d92,,,UNLINKED_PIXEL_ARTIFACT,HOLD_UNTIL_PROVENANCE_LINKED,,,,,,297.331578258221,26.1998314307371,
cache/verified_starglass/bi05607/40095480008231.fits,legacy_or_other,1399680,fa5efb4db6a5779e606e514631c03e908d72ba7a0b1905a0bb60487734facccb,,,UNLINKED_PIXEL_ARTIFACT,HOLD_UNTIL_PROVENANCE_LINKED,,,,,,296.464375613164,26.2027445595201,
cache/verified_starglass/bi05607/40095480008331.fits,legacy_or_other,1399680,2d47a49e9883e70a28f8d3b00926997f9a04132966a2c60ded3c7dc4640d30c8,,,UNLINKED_PIXEL_ARTIFACT,HOLD_UNTIL_PROVENANCE_LINKED,,,,,,295.385547950114,26.2105225108753,
cache/verified_starglass/bi05607/40095480008726.fits,legacy_or_other,1399680,d6392253f40736284f7c36c4f31f55b82f701f27a7c863b5c14c6e43afc647d1,,,UNLINKED_PIXEL_ARTIFACT,HOLD_UNTIL_PROVENANCE_LINKED,,,,,,294.277833431583,26.2257589379273,
cache/verified_starglass/bi05607/40095480008729.fits,legacy_or_other,1399680,4a6204c5ffa7ac3fb7ffed10fd1b8111ff318385a26f306ef76c707cc846a290,,,UNLINKED_PIXEL_ARTIFACT,HOLD_UNTIL_PROVENANCE_LINKED,,,,,,298.769854664396,26.2167236216302,
cache/verified_starglass/bi05607/40095480008751.fits,legacy_or_other,1399680,21951438d591f69ed0c006990b07f05a9d5722c138401450d3ccce5962bff92c,,,UNLINKED_PIXEL_ARTIFACT,HOLD_UNTIL_PROVENANCE_LINKED,,,,,,299.461861516044,26.2031545244302,
cache/verified_starglass/bi05607/40095480008989.fits,legacy_or_other,1399680,5fd990917bddd02c684aa365dab0056b0cbb96625448e8545c1abf571fc20433,,,UNLINKED_PIXEL_ARTIFACT,HOLD_UNTIL_PROVENANCE_LINKED,,,,,,297.777539606434,26.245669848397,
cache/verified_starglass/bi05607/40095480009158.fits,legacy_or_other,1399680,2d1576d2161ca8c11d0d873fedcb20c1fb72b9c7473a30feddf8b6e1a089f4a7,,,UNLINKED_PIXEL_ARTIFACT,HOLD_UNTIL_PROVENANCE_LINKED,,,,,,297.503559913147,26.258003951897,
cache/verified_starglass/bi05607/40095480009315.fits,legacy_or_other,1399680,1426910264a95b36cb37a7d776b9a6bdf1a00fc0bd137e7887579c374ae94d9b,,,UNLINKED_PIXEL_ARTIFACT,HOLD_UNTIL_PROVENANCE_LINKED,,,,,,296.624566060485,26.2823358680303,
cache/verified_starglass/bi05607/40095480009431.fits,legacy_or_other,1399680,5be6face71ae0a26ef5fc26335dbb6a6702eaa60777793b80ebf7f53d81fdc15,,,UNLINKED_PIXEL_ARTIFACT,HOLD_UNTIL_PROVENANCE_LINKED,,,,,,294.510202049006,26.2805578285154,
cache/verified_starglass/bi05607/40095480009603.fits,legacy_or_other,1399680,e271bbebc9a519d11cd0d9160aa8d92a7c39563b1467322278a26369b17d79bc,,,UNLINKED_PIXEL_ARTIFACT,HOLD_UNTIL_PROVENANCE_LINKED,,,,,,300.128228544867,26.2483819328083,
cache/verified_starglass/bi05607/40095480009691.fits,legacy_or_other,1399680,c8c96f446365dc62ad3c05d1c260478e08257742731d0240b02521118c9ef5c5,,,UNLINKED_PIXEL_ARTIFACT,HOLD_UNTIL_PROVENANCE_LINKED,,,,,,298.559660490233,26.28738873722,
cache/verified_starglass/bi05607/40095480009701.fits,legacy_or_other,1399680,6b7a9fe62a9dda2f4e22602ffe994d59d867cfe8290d44d1f253021acd7a5dc8,,,UNLINKED_PIXEL_ARTIFACT,HOLD_UNTIL_PROVENANCE_LINKED,,,,,,295.715335891297,26.3077020830408,
cache/verified_starglass/bi05607/40095480009814.fits,legacy_or_other,1399680,8c2cda2867b1ca68bdb5a757aea335cca17913586369790af0c56fe5bcb43fca,,,UNLINKED_PIXEL_ARTIFACT,HOLD_UNTIL_PROVENANCE_LINKED,,,,,,298.515983154581,26.2956468977083,
cache/verified_starglass/bi05607/40095480009835.fits,legacy_or_other,1399680,e35252ee59759f2e5e190bd2f8cfcda62d8b0c0fd45c764b7f502f023baf2443,,,UNLINKED_PIXEL_ARTIFACT,HOLD_UNTIL_PROVENANCE_LINKED,,,,,,294.1451695212,26.2981499998932,
cache/verified_starglass/bi05607/40095480009836.fits,legacy_or_other,1399680,9aa29b099ed5add4d43dbd86a3de02f6832545aafd42fb17646ba4313c10c728,,,UNLINKED_PIXEL_ARTIFACT,HOLD_UNTIL_PROVENANCE_LINKED,,,,,,296.42005432731,26.3083270478271,
cache/verified_starglass/bi05607/40095480009916.fits,legacy_or_other,1399680,c0c0c6ff911c5079e62b31ee90aaf1906b4c4fd91bb93bf9f0fbd9b4cfc59263,,,UNLINKED_PIXEL_ARTIFACT,HOLD_UNTIL_PROVENANCE_LINKED,,,,,,297.849098628317,26.3099471779735,
cache/verified_starglass/bi05607/40095480009987.fits,legacy_or_other,1399680,758644603ff010e46361c96a8472a5bca9c1818a4d6d724505c8c397213d8c72,,,UNLINKED_PIXEL_ARTIFACT,HOLD_UNTIL_PROVENANCE_LINKED,,,,,,299.004730080685,26.2913150885405,
cache/verified_starglass/bi05607/40095480009991.fits,legacy_or_other,1399680,65528e51121e7339b07faad6f46e9098148a0a846d96f86f2f93db378f5fd63f,,,UNLINKED_PIXEL_ARTIFACT,HOLD_UNTIL_PROVENANCE_LINKED,,,,,,296.33523227173,26.32369680398,
cache/verified_starglass/bi05607/40095480010014.fits,legacy_or_other,1399680,93e1f9cb6eded7ade56908a46169d9e51c9510004c689fec9966e53360bad036,,,UNLINKED_PIXEL_ARTIFACT,HOLD_UNTIL_PROVENANCE_LINKED,,,,,,297.893337182149,26.3153379337808,
cache/verified_starglass/bi05607/40095480010120.fits,legacy_or_other,1399680,9548876989c7884b6617fb92bca2528db0443d397c02c145d12878777986c6bc,,,UNLINKED_PIXEL_ARTIFACT,HOLD_UNTIL_PROVENANCE_LINKED,,,,,,298.24833853325,26.3189465346656,
cache/verified_starglass/bi05607/40095480010281.fits,legacy_or_other,1399680,573d9921bb6661c41a41a811ba9ca5dd87b867de4400475b70055aea772e2b72,,,UNLINKED_PIXEL_ARTIFACT,HOLD_UNTIL_PROVENANCE_LINKED,,,,,,295.267617986075,26.3388896094837,
cache/verified_starglass/bi05607/40095480010515.fits,legacy_or_other,1399680,d86d1c11d260f4a83aff072e2125f1bace5982de94c077a8ea22c5db6da61d18,,,UNLINKED_PIXEL_ARTIFACT,HOLD_UNTIL_PROVENANCE_LINKED,,,,,,293.777914021576,26.3425529394132,
cache/verified_starglass/bi05607/40095480010536.fits,legacy_or_other,1399680,3993c07f889d1e6cd949cc7f963677792bfd7b08c0e0406eacbb7b910f34c070,,,UNLINKED_PIXEL_ARTIFACT,HOLD_UNTIL_PROVENANCE_LINKED,,,,,,299.258792373773,26.3285314685271,
cache/verified_starglass/bi05607/40095480010812.fits,legacy_or_other,1399680,a526ca042effebb4b4097ba5c26b92eddeea00441674f1599e5a4217e72dd79c,,,UNLINKED_PIXEL_ARTIFACT,HOLD_UNTIL_PROVENANCE_LINKED,,,,,,290.879899844877,26.2931621541611,
cache/verified_starglass/bi05607/40095480010836.fits,legacy_or_other,1399680,dab3439a3671238abddbf4374c65192963de717d83a87bdac691b68a0024229a,,,UNLINKED_PIXEL_ARTIFACT,HOLD_UNTIL_PROVENANCE_LINKED,,,,,,298.973140159088,26.3609802836028,
cache/verified_starglass/bi05607/40095480010907.fits,legacy_or_other,1399680,cbc8076b422d3077049607ef7eecfb6c614305b7e67908a2f610d3306c77a8a4,,,UNLINKED_PIXEL_ARTIFACT,HOLD_UNTIL_PROVENANCE_LINKED,,,,,,297.787855256097,26.3795846361282,
cache/verified_starglass/bi05607/40095480010915.fits,legacy_or_other,1399680,8bd7619de06c0b333e701b20bb4312a001c3964b2162f30767d7f3b99c1b49ac,,,UNLINKED_PIXEL_ARTIFACT,HOLD_UNTIL_PROVENANCE_LINKED,,,,,,298.461186751272,26.3716354862297,
cache/verified_starglass/bi05607/40095480010931.fits,legacy_or_other,1399680,a0f21460b338e0512c05845aea300d00dc9dfbb1978f0cb1f0f57df8da031bbb,,,UNLINKED_PIXEL_ARTIFACT,HOLD_UNTIL_PROVENANCE_LINKED,,,,,,298.705017309725,26.3720011711248,
cache/verified_starglass/bi05607/40095480010939.fits,legacy_or_other,1399680,aff5de598ab9ecb8034f2c9e4e6dbaca46a27544d89ab3a266cfc824ab1dbf37,,,UNLINKED_PIXEL_ARTIFACT,HOLD_UNTIL_PROVENANCE_LINKED,,,,,,296.363816872761,26.3893377322148,
cache/verified_starglass/bi05607/40095480011016.fits,legacy_or_other,1399680,bd42226a402a96aea0e90a63a37830934022111c8c6d29a7def40dde2d539684,,,UNLINKED_PIXEL_ARTIFACT,HOLD_UNTIL_PROVENANCE_LINKED,,,,,,298.250442056942,26.3872754238682,
cache/verified_starglass/bi05607/40095480011099.fits,legacy_or_other,1399680,019aebcb8bec539e5ddfa325cc80ae0ab656cc8694840bb404bec35f4bd6eb6e,,,UNLINKED_PIXEL_ARTIFACT,HOLD_UNTIL_PROVENANCE_LINKED,,,,,,298.473426133985,26.3878290052399,
cache/verified_starglass/bi05607/40095480011174.fits,legacy_or_other,1399680,06ab71534d8c068c95781f166669c2387dbc86e45eacf9f2e1126f8aa901c5f6,,,UNLINKED_PIXEL_ARTIFACT,HOLD_UNTIL_PROVENANCE_LINKED,,,,,,296.461161832578,26.4134232525722,
cache/verified_starglass/bi05607/40095480011529.fits,legacy_or_other,1399680,9a174ed4688010b6c6ceba74cb3f84d2b2baa4f6049663aea00e64e0ec33c9ef,,,UNLINKED_PIXEL_ARTIFACT,HOLD_UNTIL_PROVENANCE_LINKED,,,,,,290.946464038964,26.3511507884935,
cache/verified_starglass/bi05607/40095480011532.fits,legacy_or_other,1399680,61306f6242e13861fea515f2f1f9dc73deaa655a397fd9c9e5f37c12dd11a1dd,,,UNLINKED_PIXEL_ARTIFACT,HOLD_UNTIL_PROVENANCE_LINKED,,,,,,297.282313694509,26.4346425651177,
cache/verified_starglass/bi05607/40095480011580.fits,legacy_or_other,1399680,cad3f88e84b8983267e244d7f48f2f3e6875283d1c931f041174b3035c030cee,,,UNLINKED_PIXEL_ARTIFACT,HOLD_UNTIL_PROVENANCE_LINKED,,,,,,291.274807619664,26.3658906573492,
cache/verified_starglass/bi05607/40095480011668.fits,legacy_or_other,1399680,545ff38019a8ca8eea9533dd2f7f98abb37dc949fa6340c5327a0e92ba09b422,,,UNLINKED_PIXEL_ARTIFACT,HOLD_UNTIL_PROVENANCE_LINKED,,,,,,298.801919426819,26.4269889546626,
cache/verified_starglass/bi05607/40095480011752.fits,legacy_or_other,1399680,8736843d417c650e1ba45cb3b962b21997f911e329d4617a84b438cc188d7bb6,,,UNLINKED_PIXEL_ARTIFACT,HOLD_UNTIL_PROVENANCE_LINKED,,,,,,295.422659840265,26.4544088003301,
cache/verified_starglass/bi05607/40095480011764.fits,legacy_or_other,1399680,8ae38db0179742c0592fc424f3f5319cbb37bdd9639b118058cee8fae99c055c,,,UNLINKED_PIXEL_ARTIFACT,HOLD_UNTIL_PROVENANCE_LINKED,,,,,,297.562768792935,26.450349448862,
cache/verified_starglass/bi05607/40095480011876.fits,legacy_or_other,1399680,e593c06650d0f36a5eb8f72c0d517c39889c1f1f7f685d2bb6320eb0db843fb3,,,UNLINKED_PIXEL_ARTIFACT,HOLD_UNTIL_PROVENANCE_LINKED,,,,,,296.768192555752,26.4625615805434,
cache/verified_starglass/bi05607/40095480011912.fits,legacy_or_other,1399680,77c38f494293412980f7eade9a817c247e71e105c99f6d53b5aab0fe48437050,,,UNLINKED_PIXEL_ARTIFACT,HOLD_UNTIL_PROVENANCE_LINKED,,,,,,299.651390549505,26.4259388962858,
cache/verified_starglass/bi05607/40095480011919.fits,legacy_or_other,1399680,8b579e6c28f442f597922cd6b5752cc24561812df098ce111f7844b6a3196486,,,UNLINKED_PIXEL_ARTIFACT,HOLD_UNTIL_PROVENANCE_LINKED,,,,,,297.32408792682,26.4606968236723,
cache/verified_starglass/bi05607/40095480011949.fits,legacy_or_other,1399680,74f903f9121beee69bda26c5ff288c4714661cbd130a7dbde0e3800f81c80050,,,UNLINKED_PIXEL_ARTIFACT,HOLD_UNTIL_PROVENANCE_LINKED,,,,,,296.553621718222,26.4669476115273,
cache/verified_starglass/bi05607/40095480011986.fits,legacy_or_other,1399680,551ca5951d74605141827cf6d78cc61f97a590e8835ec4531a2e2cd3a93d7585,,,UNLINKED_PIXEL_ARTIFACT,HOLD_UNTIL_PROVENANCE_LINKED,,,,,,291.037890251883,26.3871358923429,
cache/verified_starglass/bi05607/40095480012074.fits,legacy_or_other,1399680,f37f139b419c3adb34dca2c32f3c27f8b6251ba32aee65f17dbacfd249b1ea46,,,UNLINKED_PIXEL_ARTIFACT,HOLD_UNTIL_PROVENANCE_LINKED,,,,,,296.4624542841,26.4782486008615,
cache/verified_starglass/bi05607/40095480012316.fits,legacy_or_other,1399680,66d841fc9b8b001a1af2b03bee22f105a99684090be1e571469ce141ec358adb,,,UNLINKED_PIXEL_ARTIFACT,HOLD_UNTIL_PROVENANCE_LINKED,,,,,,296.549423795854,26.4898756323784,
cache/verified_starglass/bi05607/40095480012344.fits,legacy_or_other,1399680,f692a64520f2f5a6bdac6c8d2ac873b14c98a9a5669a1f5d9ad8dc3dbab931c4,,,UNLINKED_PIXEL_ARTIFACT,HOLD_UNTIL_PROVENANCE_LINKED,,,,,,296.514544227796,26.4964625806324,
cache/verified_starglass/bi05607/40095480012361.fits,legacy_or_other,1399680,9bbd7f0d5ce41f732f96f7e9ef362979612a00760a2d08f08397192ef0cbbde5,,,UNLINKED_PIXEL_ARTIFACT,HOLD_UNTIL_PROVENANCE_LINKED,,,,,,290.20250433671,26.3792453947857,
cache/verified_starglass/bi05607/40095480012414.fits,legacy_or_other,1399680,7594f742c8b1d06b5b32c11b85d364d4da6f9fa9925743b33098cd0cc1d1d711,,,UNLINKED_PIXEL_ARTIFACT,HOLD_UNTIL_PROVENANCE_LINKED,,,,,,300.028557773346,26.4500699115429,
cache/verified_starglass/bi05607/40095480012602.fits,legacy_or_other,1399680,d46c9d7480f1d3c01ba70a61445be9102749b70721e7cb4d56f04d92d89dcb9a,,,UNLINKED_PIXEL_ARTIFACT,HOLD_UNTIL_PROVENANCE_LINKED,,,,,,298.90552147109,26.488447932325,
cache/verified_starglass/bi05607/40095480012616.fits,legacy_or_other,1399680,e3b8f89ac5afa0de15f59d134893eea14829a58eae4a4e31a41c2c63f0ba438c,,,UNLINKED_PIXEL_ARTIFACT,HOLD_UNTIL_PROVENANCE_LINKED,,,,,,291.603476204065,26.447021702983,
cache/verified_starglass/bi05607/40095480012624.fits,legacy_or_other,1399680,12bb0cbbca268117976f7186477f776e5145cf691ec525e3d40ace8b9ab23fdc,,,UNLINKED_PIXEL_ARTIFACT,HOLD_UNTIL_PROVENANCE_LINKED,,,,,,297.828690884516,26.5005281687049,
cache/verified_starglass/bi05607/40095480012658.fits,legacy_or_other,1399680,c29d7a50e32e1a68e6c4cca91f681bcedb2b29d0ac524a00c5374def6a093d2b,,,UNLINKED_PIXEL_ARTIFACT,HOLD_UNTIL_PROVENANCE_LINKED,,,,,,297.047177817703,26.5139606330829,
cache/verified_starglass/bi05607/40095480012770.fits,legacy_or_other,1399680,9937fa3ba06bc96aed1e2ab4d0e7be0415d95af2399c0c42316f14393223bb1f,,,UNLINKED_PIXEL_ARTIFACT,HOLD_UNTIL_PROVENANCE_LINKED,,,,,,293.201302750753,26.4978159158247,
cache/verified_starglass/bi05607/40095480012836.fits,legacy_or_other,1399680,83fbf955f4f080dc94268f502c53373e22c6c0e6fb9d82dc91dfb136a0d320c4,,,UNLINKED_PIXEL_ARTIFACT,HOLD_UNTIL_PROVENANCE_LINKED,,,,,,293.56482683849,26.5087183037391,
cache/verified_starglass/bi05607/40095480013158.fits,legacy_or_other,1399680,2771a3ed3ce98ac0c5794d353284913df89757b2e7e30319769cabff6eae914b,,,UNLINKED_PIXEL_ARTIFACT,HOLD_UNTIL_PROVENANCE_LINKED,,,,,,295.870031248252,26.5535125650006,
cache/verified_starglass/bi05607/40095480013490.fits,legacy_or_other,1399680,03f2bad999f47508b767376f73110bcaea0eee694407dd1becfd3bcb8365b839,,,UNLINKED_PIXEL_ARTIFACT,HOLD_UNTIL_PROVENANCE_LINKED,,,,,,296.67984538001,26.5781500023956,
cache/verified_starglass/bi05607/40095480013568.fits,legacy_or_other,1399680,08568027a0d931bd7f908a93cf9e4015920ac47b9924e19d7a0a1476e77dabfc,,,UNLINKED_PIXEL_ARTIFACT,HOLD_UNTIL_PROVENANCE_LINKED,,,,,,298.650770933119,26.5619069762103,
cache/verified_starglass/bi05607/40095480013573.fits,legacy_or_other,1399680,3c98af99181e90c5847cc90c125c16248080ecda086f76910be85797a2c1ac06,,,UNLINKED_PIXEL_ARTIFACT,HOLD_UNTIL_PROVENANCE_LINKED,,,,,,297.283686336479,26.5813542824943,
cache/verified_starglass/bi05607/40095480013596.fits,legacy_or_other,1399680,03815f5fdd36bd979a5368fe2b2462b47e1a02440ea5de3f36d7f99ab6d65032,,,UNLINKED_PIXEL_ARTIFACT,HOLD_UNTIL_PROVENANCE_LINKED,,,,,,296.232106059347,26.5859585674715,
cache/verified_starglass/bi05607/40095480013858.fits,legacy_or_other,1399680,65af12fb5feeadb5db8b3fd8cfbd19c7c7319438ef885b037e0160127e701698,,,UNLINKED_PIXEL_ARTIFACT,HOLD_UNTIL_PROVENANCE_LINKED,,,,,,297.895140495654,26.598895331295,
cache/verified_starglass/bi05607/40095480014023.fits,legacy_or_other,1399680,037bba77ed825ccb00738ac2752252f76f519085fdf52bc392228fe8f80f0c1f,,,UNLINKED_PIXEL_ARTIFACT,HOLD_UNTIL_PROVENANCE_LINKED,,,,,,295.138897491565,26.6161830324375,
cache/verified_starglass/bi05607/40095480014111.fits,legacy_or_other,1399680,7794c4494df3f7769ecfa16ee5fd3a7ccf962851debaef07d302d2717d15935a,,,UNLINKED_PIXEL_ARTIFACT,HOLD_UNTIL_PROVENANCE_LINKED,,,,,,300.279148235767,26.5708607264029,
cache/verified_starglass/bi05607/40095480014329.fits,legacy_or_other,1399680,31d3d4cc49b0270a19bf378be334d7d28e540067bc52f4b291d8eacf377c85e8,,,UNLINKED_PIXEL_ARTIFACT,HOLD_UNTIL_PROVENANCE_LINKED,,,,,,298.31526895499,26.6270903868938,
cache/verified_starglass/bi05607/40095480014404.fits,legacy_or_other,1399680,10fc96698c7fea72b39fed207390637dacbc8d01e542b2e341fc1a38f6419b98,,,UNLINKED_PIXEL_ARTIFACT,HOLD_UNTIL_PROVENANCE_LINKED,,,,,,293.901993951989,26.6266550084032,
cache/verified_starglass/bi05607/40095480014465.fits,legacy_or_other,1399680,60aebfb2fc69eef40469565bf5714dfbfcbce9661d1163c3a4e51d75c3a56273,,,UNLINKED_PIXEL_ARTIFACT,HOLD_UNTIL_PROVENANCE_LINKED,,,,,,299.460686311228,26.6157751821105,
cache/verified_starglass/bi05607/40095480014595.fits,legacy_or_other,1399680,780f683e2f94fa95fc42bfe9f9deef0c6a82417a5e6572b5078997854e0eb8ae,,,UNLINKED_PIXEL_ARTIFACT,HOLD_UNTIL_PROVENANCE_LINKED,,,,,,295.616372417574,26.6622227259501,
cache/verified_starglass/bi05607/40095480014663.fits,legacy_or_other,1399680,40cef415589f5e6581f970fdabaacf2d43a8cdf69a8b489952826c71585cff65,,,UNLINKED_PIXEL_ARTIFACT,HOLD_UNTIL_PROVENANCE_LINKED,,,,,,298.597470945073,26.6374260100741,
cache/verified_starglass/bi05607/40095480014948.fits,legacy_or_other,1399680,417b3296d1cb5f2a6eec8d01f6731c197d39c63f8f2209cdad5503f7e2786e9d,,,UNLINKED_PIXEL_ARTIFACT,HOLD_UNTIL_PROVENANCE_LINKED,,,,,,294.149865891771,26.6758341209038,
cache/verified_starglass/bi05607/40095480015313.fits,legacy_or_other,1399680,39fe3689f0330ccae7f2714c07a7e52fc05d35a2776ed73791bbacec44b23086,,,UNLINKED_PIXEL_ARTIFACT,HOLD_UNTIL_PROVENANCE_LINKED,,,,,,295.781688563648,26.7160394138352,
cache/verified_starglass/bi05607/40095480015512.fits,legacy_or_other,1399680,750ea30b74d3cf55b514865e9c728b890f7d92566e85822f05f83a126f8071bb,,,UNLINKED_PIXEL_ARTIFACT,HOLD_UNTIL_PROVENANCE_LINKED,,,,,,292.297234402399,26.6860570902695,
cache/verified_starglass/bi05607/40095480015523.fits,legacy_or_other,1399680,f1d1c8c04053337a9aaca31e138178413013f063d2696f6e69a98e366478f9c9,,,UNLINKED_PIXEL_ARTIFACT,HOLD_UNTIL_PROVENANCE_LINKED,,,,,,289.747743012189,26.598156600929,
cache/verified_starglass/bi05607/40095480015546.fits,legacy_or_other,1399680,20f3b25d475e79386927d3126b38775e2b6c1736390ef340fb1e245e16543e7e,,,UNLINKED_PIXEL_ARTIFACT,HOLD_UNTIL_PROVENANCE_LINKED,,,,,,296.569279391368,26.7311187589762,
cache/verified_starglass/bi05607/40095480015604.fits,legacy_or_other,1399680,48dcbac93b91c7de094799b616b795809491c269f9c056d024f8009fb6d616df,,,UNLINKED_PIXEL_ARTIFACT,HOLD_UNTIL_PROVENANCE_LINKED,,,,,,300.019286556449,26.6905851945248,
cache/verified_starglass/bi05607/40095480015805.fits,legacy_or_other,1399680,45ce9583f0635156a838684ffb7215b6a6136a2e2cc2baf52f97d621ee02629a,,,UNLINKED_PIXEL_ARTIFACT,HOLD_UNTIL_PROVENANCE_LINKED,,,,,,300.004935061663,26.7082635363873,
cache/verified_starglass/bi05607/40095480016143.fits,legacy_or_other,1399680,5d6f785091a746bb70c5ff1cf956ccb46c878bc830b574487608e705e80f0e39,,,UNLINKED_PIXEL_ARTIFACT,HOLD_UNTIL_PROVENANCE_LINKED,,,,,,296.744986760493,26.7756768323071,
cache/verified_starglass/bi05607/40095480016726.fits,legacy_or_other,1399680,0f6aea6871f1379b483c860be8b18f07a771dccca669c4faf8d24c0334078ea4,,,UNLINKED_PIXEL_ARTIFACT,HOLD_UNTIL_PROVENANCE_LINKED,,,,,,296.315835039151,26.8312434762751,
cache/verified_starglass/bi05607/40095480017418.fits,legacy_or_other,1399680,424bda63ec6e7440600378f674d662fd283ea38a257524bd02711cf620460a61,,,UNLINKED_PIXEL_ARTIFACT,HOLD_UNTIL_PROVENANCE_LINKED,,,,,,299.178302902527,26.8429620925109,
cache/verified_starglass/bi05607/40095480017581.fits,legacy_or_other,1399680,3f1ce233f4fbcb6894924187930e6f43ecd35b076d770d37398e10c43b450c66,,,UNLINKED_PIXEL_ARTIFACT,HOLD_UNTIL_PROVENANCE_LINKED,,,,,,299.463683157069,26.8516925388462,
cache/verified_starglass/bi05607/40095480017980.fits,legacy_or_other,1399680,7f66d5e30eb245983c8ad36f7f856e7b5e7c1c449b47b185d5574f40f992727f,,,UNLINKED_PIXEL_ARTIFACT,HOLD_UNTIL_PROVENANCE_LINKED,,,,,,298.535008180607,26.8982294525921,
cache/verified_starglass/bi05607/40095480018117.fits,legacy_or_other,1399680,5489d629c2f77e84b3d8a7893c267f4e483da12ca9dc682f273f1ffbe0339cd8,,,UNLINKED_PIXEL_ARTIFACT,HOLD_UNTIL_PROVENANCE_LINKED,,,,,,298.094350127577,26.9131994133992,
cache/verified_starglass/bi05607/40095480018337.fits,legacy_or_other,1399680,1dee74da84fbf4ceb03c0df5729b2eafef544e179ee57a692b5fe19bf6c445b0,,,UNLINKED_PIXEL_ARTIFACT,HOLD_UNTIL_PROVENANCE_LINKED,,,,,,292.06736635793,26.8872518439197,
cache/verified_starglass/bi05607/40095480018385.fits,legacy_or_other,1399680,23ba238d87126047a77c895cf3d8939ac1755bba3b45d195f170e4103ffaea18,,,UNLINKED_PIXEL_ARTIFACT,HOLD_UNTIL_PROVENANCE_LINKED,,,,,,292.512862080214,26.9032083663974,
cache/verified_starglass/bi05607/40095480018387.fits,legacy_or_other,1399680,72c434ad59ebd8d1c01f789b5349d0ede1911bd96a6b7352c187f70b2f48eb17,,,UNLINKED_PIXEL_ARTIFACT,HOLD_UNTIL_PROVENANCE_LINKED,,,,,,292.023839290742,26.8924999515753,
cache/verified_starglass/bi05607/40095480018641.fits,legacy_or_other,1399680,491a3ba4dc778c4c40d1148b770c51c5aef36b199472039b637f91ac3974b498,,,UNLINKED_PIXEL_ARTIFACT,HOLD_UNTIL_PROVENANCE_LINKED,,,,,,295.725113280963,26.9619054331795,
cache/verified_starglass/bi05607/40095480018694.fits,legacy_or_other,1399680,59b56f301d37fe7f805b7ab4ec98700a0d5d0af24ff68e3e0e3d57115737a26f,,,UNLINKED_PIXEL_ARTIFACT,HOLD_UNTIL_PROVENANCE_LINKED,,,,,,296.55048005723,26.9693149015957,
cache/verified_starglass/bi05607/40095480018697.fits,legacy_or_other,1399680,a0704f7afd6cfd9b8ace056f1fdf475bc4ccf0f3e010b128b519ac2633366a26,,,UNLINKED_PIXEL_ARTIFACT,HOLD_UNTIL_PROVENANCE_LINKED,,,,,,296.109658545873,26.9680611436488,
cache/verified_starglass/bi05607/40095480018709.fits,legacy_or_other,1399680,70e860274cf60719816058eeb996285c9adedeb9e635fe444fb8c6b19a818e21,,,UNLINKED_PIXEL_ARTIFACT,HOLD_UNTIL_PROVENANCE_LINKED,,,,,,294.235823279446,26.9593432010381,
cache/verified_starglass/bi05607/40095480018790.fits,legacy_or_other,1399680,a2a7f68b47f491c95a621ac8521945e1de2c6b1dcf7332b372dc2ef718832b5d,,,UNLINKED_PIXEL_ARTIFACT,HOLD_UNTIL_PROVENANCE_LINKED,,,,,,299.409277093455,26.9358097496303,
cache/verified_starglass/bi05607/40095480019274.fits,legacy_or_other,1399680,865c8812e9ab45ca0b980f92456d4c14b0703846be7f2b89003e81305896d369,,,UNLINKED_PIXEL_ARTIFACT,HOLD_UNTIL_PROVENANCE_LINKED,,,,,,297.367305436148,27.0046445185325,
cache/verified_starglass/bi05607/40095480019323.fits,legacy_or_other,1399680,bea0f32e0197f7e6dcb17f7c23dcbbdc6d8e5d634436163feb189c7a9f02d8a1,,,UNLINKED_PIXEL_ARTIFACT,HOLD_UNTIL_PROVENANCE_LINKED,,,,,,299.824197508572,26.9646481880452,
cache/verified_starglass/bi05607/40095480019326.fits,legacy_or_other,1399680,046c7a4419bf1040038f5221b027925245593b21e243f2aa43081bd170ec7144,,,UNLINKED_PIXEL_ARTIFACT,HOLD_UNTIL_PROVENANCE_LINKED,,,,,,289.521648442416,26.8662615197035,
cache/verified_starglass/bi05607/40095480019340.fits,legacy_or_other,1399680,21877cda81b127d5e994b3d68ec864e8aba71e83643279417c203b6b683db74b,,,UNLINKED_PIXEL_ARTIFACT,HOLD_UNTIL_PROVENANCE_LINKED,,,,,,295.965863631108,27.0164705237983,
cache/verified_starglass/bi05607/40095480019385.fits,legacy_or_other,1399680,a2a39332cbb41d46f2fe387cd82706a721ef3896c85f08751137bb66bb6a39ee,,,UNLINKED_PIXEL_ARTIFACT,HOLD_UNTIL_PROVENANCE_LINKED,,,,,,298.320253713825,26.9969993898774,
cache/verified_starglass/bi05607/40095480020081.fits,legacy_or_other,1399680,c54875371d50ff81e07b96e13f7e1586df5aeaec8030d0876678cabe66574f1a,,,UNLINKED_PIXEL_ARTIFACT,HOLD_UNTIL_PROVENANCE_LINKED,,,,,,299.008059102305,27.0285469696222,
cache/verified_starglass/bi05607/40095480020251.fits,legacy_or_other,1399680,5f6caebba5884d4b49ae50c543dccf3f5dd80db98250b47f6fed61919e20383e,,,UNLINKED_PIXEL_ARTIFACT,HOLD_UNTIL_PROVENANCE_LINKED,,,,,,291.836168420552,27.0126237522001,
cache/verified_starglass/bi05607/40095480020439.fits,legacy_or_other,1399680,9389232d2c94bab4d2c493840aefe5cba799be6459316a66d4dea7c4189dbfa9,,,UNLINKED_PIXEL_ARTIFACT,HOLD_UNTIL_PROVENANCE_LINKED,,,,,,290.808217288684,26.9938017905229,
cache/verified_starglass/bi05607/40095480020903.fits,legacy_or_other,1399680,69062c236baf439bfccd783a849f0e482322987000c6eacc96ea5fb96956cf85,,,UNLINKED_PIXEL_ARTIFACT,HOLD_UNTIL_PROVENANCE_LINKED,,,,,,289.888861370574,26.9864495436706,
cache/verified_starglass/bi05607/40095480021014.fits,legacy_or_other,1399680,3a8c076b2163e32c7c44a020d6f8853a3f3bece86c151eeefdae77b9953adaa4,,,UNLINKED_PIXEL_ARTIFACT,HOLD_UNTIL_PROVENANCE_LINKED,,,,,,299.035645900032,27.0951004159339,
cache/verified_starglass/bi05607/40095480021082.fits,legacy_or_other,1399680,bb351fe17efccfeeb0058556de4842557df4b71462b0e0cb0e1c96be6221bcf0,,,UNLINKED_PIXEL_ARTIFACT,HOLD_UNTIL_PROVENANCE_LINKED,,,,,,299.266019143755,27.0872050302922,
cache/verified_starglass/bi05607/40095480021173.fits,legacy_or_other,1399680,832bb07142106919a88cc819ce04f45f3a2417c161267c692347568d952b2873,,,UNLINKED_PIXEL_ARTIFACT,HOLD_UNTIL_PROVENANCE_LINKED,,,,,,296.693132498343,27.1288754406769,
cache/verified_starglass/bi05607/40095480021924.fits,legacy_or_other,1399680,3270c21734a936dc03accaea6b7f29564895d8fe1d502b622a7e0114f169a8f7,,,UNLINKED_PIXEL_ARTIFACT,HOLD_UNTIL_PROVENANCE_LINKED,,,,,,290.842853254754,27.0929675164515,
cache/verified_starglass/bi05607/40095480022089.fits,legacy_or_other,1399680,cefe6d33ebddf73ab3dc91f0ca0494ba004c20ed235fbbc1e739926f34c391da,,,UNLINKED_PIXEL_ARTIFACT,HOLD_UNTIL_PROVENANCE_LINKED,,,,,,294.150827104846,27.1880918552612,
cache/verified_starglass/bi05607/40095480022114.fits,legacy_or_other,1399680,c4f0ad31bb74f70ac2569e580c73e0fc1530633c844b586cf759922637b404be,,,UNLINKED_PIXEL_ARTIFACT,HOLD_UNTIL_PROVENANCE_LINKED,,,,,,300.074196612499,27.1436237398212,
cache/verified_starglass/bi05607/40095480022654.fits,legacy_or_other,1399680,413629f81c1e470162b01d5254ca93b18b8a2c16a378a1eef46d9d7018c53df6,,,UNLINKED_PIXEL_ARTIFACT,HOLD_UNTIL_PROVENANCE_LINKED,,,,,,295.538314709688,27.2351610568861,
cache/verified_starglass/bi05607/40095480022811.fits,legacy_or_other,1399680,de9243fcbec1af784270af87a6b79bec8c3de73ecc2e0f8b98c193eff71b84c5,,,UNLINKED_PIXEL_ARTIFACT,HOLD_UNTIL_PROVENANCE_LINKED,,,,,,289.593681715565,27.1077526143611,
cache/verified_starglass/bi05607/40095480023048.fits,legacy_or_other,1399680,08e451ccf542f30e334dc93965b373b693198fe64efe6b20ecc3d10cf39fd821,,,UNLINKED_PIXEL_ARTIFACT,HOLD_UNTIL_PROVENANCE_LINKED,,,,,,296.37561823287,27.2598713273252,
cache/verified_starglass/bi05607/40095480023105.fits,legacy_or_other,1399680,d3aaecbf4d7d04ed0b4b878b2f745e85729296fedd7b8e080cffee8272b8f587,,,UNLINKED_PIXEL_ARTIFACT,HOLD_UNTIL_PROVENANCE_LINKED,,,,,,289.851068809402,27.1268090515372,
cache/verified_starglass/bi05607/40095480023235.fits,legacy_or_other,1399680,6b3e3924b2c5b5c3d0173a971a6c20960dfb1de495606d81d34617f9f360a904,,,UNLINKED_PIXEL_ARTIFACT,HOLD_UNTIL_PROVENANCE_LINKED,,,,,,295.871984701671,27.278966442651,
cache/verified_starglass/bi05607/40095480023588.fits,legacy_or_other,1399680,9811a2358432649767c2d8669599ec214cd02d80ef59d668a7cdc9702a0f16d3,,,UNLINKED_PIXEL_ARTIFACT,HOLD_UNTIL_PROVENANCE_LINKED,,,,,,295.964851965286,27.2817208153767,
cache/verified_starglass/bi05607/40095480023801.fits,legacy_or_other,1399680,7500c46c79635aa567de71a0e71c4e6f936d1b3328bf0dd0744d23c66e6780b5,,,UNLINKED_PIXEL_ARTIFACT,HOLD_UNTIL_PROVENANCE_LINKED,,,,,,289.725600423854,27.1764459792442,
cache/verified_starglass/bi05607/40095480024003.fits,legacy_or_other,1399680,d0f4dd53bc0e4cbeca3cb81ec393c70ef1677b5a14becbd68bb0700cb7800d3e,,,UNLINKED_PIXEL_ARTIFACT,HOLD_UNTIL_PROVENANCE_LINKED,,,,,,295.687134291993,27.3265418238283,
cache/verified_starglass/bi05607/40095480024008.fits,legacy_or_other,1399680,d41b63d808cc1f5cfd6d66d4efb668b90acff8b44af3289edc9930274c940540,,,UNLINKED_PIXEL_ARTIFACT,HOLD_UNTIL_PROVENANCE_LINKED,,,,,,299.375761728426,27.2890582389437,
cache/verified_starglass/bi05607/40095480024183.fits,legacy_or_other,1399680,720aa9865267fa6eac18c87eed29258aa1caea816b612bea8248aeb608127423,,,UNLINKED_PIXEL_ARTIFACT,HOLD_UNTIL_PROVENANCE_LINKED,,,,,,291.622532069791,27.2667888215713,
cache/verified_starglass/bi05607/40095480024210.fits,legacy_or_other,1399680,aa69c907a39a054e48cfe9b5f7891a0ca9fd0cdbada9036f2e921a294bbd09a1,,,UNLINKED_PIXEL_ARTIFACT,HOLD_UNTIL_PROVENANCE_LINKED,,,,,,291.476405826518,27.2687196564728,
cache/verified_starglass/bi05607/40095480024282.fits,legacy_or_other,1399680,1b825a8383b449fd23a26f98324db42ac85b972b3219e1293ee61be158a7bf55,,,UNLINKED_PIXEL_ARTIFACT,HOLD_UNTIL_PROVENANCE_LINKED,,,,,,295.830490559172,27.3445101834085,
cache/verified_starglass/bi05607/40095480024614.fits,legacy_or_other,1399680,09729849db2238cdfe6573a351e2f59bf22735a974a63dbf82b9244b09a8c4b8,,,UNLINKED_PIXEL_ARTIFACT,HOLD_UNTIL_PROVENANCE_LINKED,,,,,,291.645671824039,27.2950298690045,
cache/verified_starglass/bi05607/40095480024647.fits,legacy_or_other,1399680,4fe559556e7520d3ab30629652ac45668be237cca5ad20d618b07c20844192d6,,,UNLINKED_PIXEL_ARTIFACT,HOLD_UNTIL_PROVENANCE_LINKED,,,,,,290.827414887741,27.2731252607236,
cache/verified_starglass/bi05607/40095480024697.fits,legacy_or_other,1399680,b4da4d3c47001e3d14f246216a106fe38dd720af366e1c708b49f8a208a168a8,,,UNLINKED_PIXEL_ARTIFACT,HOLD_UNTIL_PROVENANCE_LINKED,,,,,,294.783859334417,27.3645646272371,
cache/verified_starglass/bi05607/40095480024759.fits,legacy_or_other,1399680,8480aed39dba4a2c0ca50590949607fb88cb245efaa88b5510cfd38eae90796f,,,UNLINKED_PIXEL_ARTIFACT,HOLD_UNTIL_PROVENANCE_LINKED,,,,,,295.708577369,27.3767839855474,
cache/verified_starglass/bi05607/40095480024864.fits,legacy_or_other,1399680,d0a148cd65ace0a2091c275c6cff7c1cd711ce2cd908e5242f58d61044e062e4,,,UNLINKED_PIXEL_ARTIFACT,HOLD_UNTIL_PROVENANCE_LINKED,,,,,,294.714249178819,27.3736124746901,
cache/verified_starglass/bi05607/40095480024877.fits,legacy_or_other,1399680,879ecfedb9326b8beacf2a6e5c469833f6bd0f3461ec2d8f2f2104cbe353c63a,,,UNLINKED_PIXEL_ARTIFACT,HOLD_UNTIL_PROVENANCE_LINKED,,,,,,295.577131267143,27.3818427208951,
cache/verified_starglass/bi05607/40095480024958.fits,legacy_or_other,1399680,2d2d25c888a9bd0321ab50eb1b4bf35451b310ca29b1aa15f5cb3f09838818f3,,,UNLINKED_PIXEL_ARTIFACT,HOLD_UNTIL_PROVENANCE_LINKED,,,,,,298.737267223567,27.3644657922517,
cache/verified_starglass/bi05607/40095480025147.fits,legacy_or_other,1399680,80fd45006298da57be72d39d537127aee23697de82e4eb7f3df0797486b455c1,,,UNLINKED_PIXEL_ARTIFACT,HOLD_UNTIL_PROVENANCE_LINKED,,,,,,299.342683126065,27.3642512465805,
cache/verified_starglass/bi05607/40095480025167.fits,legacy_or_other,1399680,5d282a436c44e9d2460ce0a3f6f38025061efccc73d4066c35a84d99230a43ff,,,UNLINKED_PIXEL_ARTIFACT,HOLD_UNTIL_PROVENANCE_LINKED,,,,,,290.690834644221,27.303677847159,
cache/verified_starglass/bi05607/40095480025242.fits,legacy_or_other,1399680,04fdebac180be02a434f59cb09cfa5b8bae61a34eef6c845a906ad85fa3b3ed4,,,UNLINKED_PIXEL_ARTIFACT,HOLD_UNTIL_PROVENANCE_LINKED,,,,,,295.103293814559,27.4025336486638,
cache/verified_starglass/bi05607/40095480025647.fits,legacy_or_other,1399680,73ee0267f0bbf77ba926da7fb114100b99356a47b1b3a810c9601d4fbe6d19c7,,,UNLINKED_PIXEL_ARTIFACT,HOLD_UNTIL_PROVENANCE_LINKED,,,,,,298.992114528617,27.3924544614741,
cache/verified_starglass/bi05607/40095480025652.fits,legacy_or_other,1399680,3df20af08245b5c8e4bf260a9cd5f752890deae521de7667c9a6edd422a5c4b0,,,UNLINKED_PIXEL_ARTIFACT,HOLD_UNTIL_PROVENANCE_LINKED,,,,,,296.183231071664,27.4298552336915,
cache/verified_starglass/bi05607/40095480025746.fits,legacy_or_other,1399680,b4d45421e586bb638dbffd14c84607d9b4dcc113c0bf927b74358ea76184580c,,,UNLINKED_PIXEL_ARTIFACT,HOLD_UNTIL_PROVENANCE_LINKED,,,,,,299.096178964991,27.4007576965478,
cache/verified_starglass/bi05607/40095480025892.fits,legacy_or_other,1399680,4e8600579b7af42696c0ec032996b47f2d1560afe6c58b12ea1ac398dbe0ffdc,,,UNLINKED_PIXEL_ARTIFACT,HOLD_UNTIL_PROVENANCE_LINKED,,,,,,300.155363884513,27.3814299363068,
cache/verified_starglass/bi05607/40095480026179.fits,legacy_or_other,1399680,6ff4425c02f74ca8091521ac0e36dbcdd0fff0f01688b13fa8ecc14f991cf22c,,,UNLINKED_PIXEL_ARTIFACT,HOLD_UNTIL_PROVENANCE_LINKED,,,,,,291.856301399489,27.3965351970167,
cache/verified_starglass/bi05607/40095480026356.fits,legacy_or_other,1399680,78cc49dacccb8d4ed2a5bfc20b05614c81b60afcd1f1b05993ff8631fa11bf6e,,,UNLINKED_PIXEL_ARTIFACT,HOLD_UNTIL_PROVENANCE_LINKED,,,,,,294.466200812101,27.4580830051025,
cache/verified_starglass/bi05607/40095480026430.fits,legacy_or_other,1399680,49e988e17704620ceccd8af7daf2726c726bd5b27e8028dcf4da6392e04a0693,,,UNLINKED_PIXEL_ARTIFACT,HOLD_UNTIL_PROVENANCE_LINKED,,,,,,298.950805342238,27.4459847297984,
cache/verified_starglass/bi05607/40095480026932.fits,legacy_or_other,1399680,9d06606aed3a6ca6e0fa215705d49d78185347d111a9bd5595d628c5d4501aec,,,UNLINKED_PIXEL_ARTIFACT,HOLD_UNTIL_PROVENANCE_LINKED,,,,,,299.77796951687,27.4420574500104,
cache/verified_starglass/bi05607/40095480027193.fits,legacy_or_other,1399680,0ebf38e83a4554eb24532a498089254c9f2f33c2dc10aaae14c11d6fb42fb470,,,UNLINKED_PIXEL_ARTIFACT,HOLD_UNTIL_PROVENANCE_LINKED,,,,,,296.982939243409,27.5060010144712,
cache/verified_starglass/bi05607/40095480027389.fits,legacy_or_other,1399680,181a729ffef5adce4b4c4fe296d426fcb9bb5c218196d65ac3730fe3d412a229,,,UNLINKED_PIXEL_ARTIFACT,HOLD_UNTIL_PROVENANCE_LINKED,,,,,,299.105213928935,27.4895668166968,
cache/verified_starglass/bi05607/40095480027832.fits,legacy_or_other,1399680,a0327540ddbe02f3952614587e88ef79ac8f44b07e3f60aad385ab3a8007fee6,,,UNLINKED_PIXEL_ARTIFACT,HOLD_UNTIL_PROVENANCE_LINKED,,,,,,296.351327157686,27.5490851905803,
cache/verified_starglass/bi05607/40095480027869.fits,legacy_or_other,1399680,0b93c4f1866377c033ed314b3654bfd60d1131eec4a1bbf7c08a69ddd1424da8,,,UNLINKED_PIXEL_ARTIFACT,HOLD_UNTIL_PROVENANCE_LINKED,,,,,,290.232882470748,27.4339198011792,
cache/verified_starglass/bi05607/40095480028053.fits,legacy_or_other,1399680,8a65ffb4c9a342342e2fe0ef4399ddf84f361e24ab68c91a0bca05bfa28900c1,,,UNLINKED_PIXEL_ARTIFACT,HOLD_UNTIL_PROVENANCE_LINKED,,,,,,299.736136952311,27.5118360105029,
cache/verified_starglass/bi05607/40095480028191.fits,legacy_or_other,1399680,f33961ca90ceb13b7b198b545f84f992c4149471dce21c7562df532cb1c53315,,,UNLINKED_PIXEL_ARTIFACT,HOLD_UNTIL_PROVENANCE_LINKED,,,,,,289.961446448342,27.4348438621846,
cache/verified_starglass/bi05607/40095480028491.fits,legacy_or_other,1399680,4d7df4e4a9d2c05dfd3ede7baa5e61bb973d285cc3798ef891f55108c5eee798,,,UNLINKED_PIXEL_ARTIFACT,HOLD_UNTIL_PROVENANCE_LINKED,,,,,,290.647756632949,27.4783631380377,
cache/verified_starglass/bi05607/40095480028980.fits,legacy_or_other,1399680,7d79d4edda20ddaa2d20e2645cc67cfb0c1e590e7ab63ac92191fd6393405872,,,UNLINKED_PIXEL_ARTIFACT,HOLD_UNTIL_PROVENANCE_LINKED,,,,,,291.226009294646,27.5274893947998,
cache/verified_starglass/bi05607/40095480029128.fits,legacy_or_other,1399680,2a7976f53f3e97c35c37be048cf87eedd6721814d2f4ac471f91616cfedb2b56,,,UNLINKED_PIXEL_ARTIFACT,HOLD_UNTIL_PROVENANCE_LINKED,,,,,,289.897192702403,27.4831138350387,
cache/verified_starglass/bi05607/40095480029314.fits,legacy_or_other,1399680,25a2eba2fedaa13f9943708c2c18dd8b7baaf7842e9d742e6e4ca5eea26f510b,,,UNLINKED_PIXEL_ARTIFACT,HOLD_UNTIL_PROVENANCE_LINKED,,,,,,299.830956678519,27.5747306575304,
cache/verified_starglass/bi05607/40095480029378.fits,legacy_or_other,1399680,80d49f69944ff54626de5c656c0ea51a995c3254646ac8821188a2da25b89c97,,,UNLINKED_PIXEL_ARTIFACT,HOLD_UNTIL_PROVENANCE_LINKED,,,,,,293.69177714118,27.605046869423,
cache/verified_starglass/bi05607/40095480029659.fits,legacy_or_other,1399680,483f05fada19181e8e3770958bbb34b48d26656a66ed1795938a5c1fd08bc16c,,,UNLINKED_PIXEL_ARTIFACT,HOLD_UNTIL_PROVENANCE_LINKED,,,,,,298.491733887728,27.6215181895312,
cache/verified_starglass/bi05607/40095480029684.fits,legacy_or_other,1399680,f404c39a92b0fb126edc1c03022a13aaa8bc030ffed250be2f3b5da448ea18a9,,,UNLINKED_PIXEL_ARTIFACT,HOLD_UNTIL_PROVENANCE_LINKED,,,,,,290.335852518662,27.5297210659768,
cache/verified_starglass/bi05607/40095480029749.fits,legacy_or_other,1399680,5a96f638e6c767521a670841c32f9cc9fa4d550640de979139e09ea5df1235ba,,,UNLINKED_PIXEL_ARTIFACT,HOLD_UNTIL_PROVENANCE_LINKED,,,,,,299.100855380413,27.6131035877873,
cache/verified_starglass/bi05607/40095480030997.fits,legacy_or_other,1399680,1bcd2f7ff9980015f0cf7387b7e01d2b1d3eebf6c517658ff0be5a7ed3ac0e74,,,UNLINKED_PIXEL_ARTIFACT,HOLD_UNTIL_PROVENANCE_LINKED,,,,,,299.605322655762,27.6643691545271,
cache/verified_starglass/bi05607/40095480031091.fits,legacy_or_other,1399680,270bff2cbb313ec37a37df6a8c5bbd45acd3cc0c79a8d494dbf817849f6fc832,,,UNLINKED_PIXEL_ARTIFACT,HOLD_UNTIL_PROVENANCE_LINKED,,,,,,290.600951899386,27.6157763471058,
cache/verified_starglass/bi05607/40095480031096.fits,legacy_or_other,1399680,5aa5d01624c6c294abd331bffec26619d05c769d543665c20f30be28784e04a8,,,UNLINKED_PIXEL_ARTIFACT,HOLD_UNTIL_PROVENANCE_LINKED,,,,,,295.102134667229,27.7137599678067,
cache/verified_starglass/bi05607/40095480031319.fits,legacy_or_other,1399680,bd3621f6f0e8b1375dfc9f21d71a29ebd7fd9b3afc8fd4fe1f26d1f6a826c6c7,,,UNLINKED_PIXEL_ARTIFACT,HOLD_UNTIL_PROVENANCE_LINKED,,,,,,295.486697735784,27.7245923549324,
cache/verified_starglass/bi05607/40095480033029.fits,legacy_or_other,1399680,62a3ddd6fca627bc1ddc03f5f071b344fbac6ebbc4a25ecf83882103ee9f1bb0,,,UNLINKED_PIXEL_ARTIFACT,HOLD_UNTIL_PROVENANCE_LINKED,,,,,,296.763570723823,27.8106477133895,
cache/verified_starglass/bi05607/40095480037015.fits,legacy_or_other,1399680,4fa4daf4b9c3ca2bd4d25088cf74aa72a71cce5d70b1bd22909f5f145c6341ff,,,UNLINKED_PIXEL_ARTIFACT,HOLD_UNTIL_PROVENANCE_LINKED,,,,,,289.5240834753,27.8404307287935,
cache/verified_starglass/bi05607/40095480038936.fits,legacy_or_other,1399680,3dc71f853aafb90fddedefbfee28ece57564db16f3211ceb95f8efa494a794c1,,,UNLINKED_PIXEL_ARTIFACT,HOLD_UNTIL_PROVENANCE_LINKED,,,,,,298.319331466019,28.0497003904932,
cache/verified_starglass/bi05607/40095480039213.fits,legacy_or_other,1399680,8a6a243d53193f1e88c575ff1eac35bb45eb6d1434ddb7a4324e4986df37f486,,,UNLINKED_PIXEL_ARTIFACT,HOLD_UNTIL_PROVENANCE_LINKED,,,,,,300.427296706072,28.0107663765449,
cache/verified_starglass/bi05607/40095480040875.fits,legacy_or_other,1399680,bfa888a6a52673d14130af9692f2e46ddf5255c5680110900886b8e2b3e5d0f4,,,UNLINKED_PIXEL_ARTIFACT,HOLD_UNTIL_PROVENANCE_LINKED,,,,,,289.561479804078,28.0009305945988,
cache/verified_starglass/bi05607/40095480041388.fits,legacy_or_other,1399680,2b6e2d49a0776dcb4c14565329febbc901c466033b36e48d96a87fb9b6d56a4d,,,UNLINKED_PIXEL_ARTIFACT,HOLD_UNTIL_PROVENANCE_LINKED,,,,,,290.374693196546,28.0513747188253,
cache/verified_starglass/bi05607/40095480042516.fits,legacy_or_other,1399680,f612aa33aab455ae02fb067b8debe17e22099ea2dea0e58b46a38ffa95487df0,,,UNLINKED_PIXEL_ARTIFACT,HOLD_UNTIL_PROVENANCE_LINKED,,,,,,290.176667827127,28.0873399436032,
cache/verified_starglass/bi05607/40095480042637.fits,legacy_or_other,1399680,76932763b1c8d52ef3680e4d09d98a9fad5a6c912f9a1f1189f70ef1847e90de,,,UNLINKED_PIXEL_ARTIFACT,HOLD_UNTIL_PROVENANCE_LINKED,,,,,,290.826069394389,28.1167357902637,
cache/verified_starglass/bi05607/40095480042724.fits,legacy_or_other,1399680,2da75103bd14fe38745355fb90e06254eb51640c7124b484aa985f6a57e5b436,,,UNLINKED_PIXEL_ARTIFACT,HOLD_UNTIL_PROVENANCE_LINKED,,,,,,299.981863495844,28.1597138385778,
cache/verified_starglass/bi05607/40095480043115.fits,legacy_or_other,1399680,8985195d8b54c99b28bd3aab445dfca2da217378be0ef9e1b08f764eec21d29d,,,UNLINKED_PIXEL_ARTIFACT,HOLD_UNTIL_PROVENANCE_LINKED,,,,,,290.78463319681,28.1335259658498,
cache/verified_starglass/bi05607/40095480043122.fits,legacy_or_other,1399680,625b6f4b2af0644eb75aae6f8f3686fbb2e5d949bd09c9d5a9fc1e984eaf4815,,,UNLINKED_PIXEL_ARTIFACT,HOLD_UNTIL_PROVENANCE_LINKED,,,,,,290.213768125805,28.1125805135876,
cache/verified_starglass/bi05607/40095480043193.fits,legacy_or_other,1399680,be97fda4e27c10f8eba2feb654d25edbf03852e000b988314f28bb4b0f5b4bd2,,,UNLINKED_PIXEL_ARTIFACT,HOLD_UNTIL_PROVENANCE_LINKED,,,,,,289.973303834211,28.1004481481162,
cache/verified_starglass/bi05607/40095480043758.fits,legacy_or_other,1399680,aaa7fb9c1814abbae859f8bbc8c1ad8c874e2ae5b12e7178f2d69e8789d83521,,,UNLINKED_PIXEL_ARTIFACT,HOLD_UNTIL_PROVENANCE_LINKED,,,,,,290.052508019279,28.1269871448182,
cache/verified_starglass/bi05607/40095480043893.fits,legacy_or_other,1399680,2ca6238a68e850ebbb7b95e3745102999222586368aaacc73d7cf2bf0cc75bd7,,,UNLINKED_PIXEL_ARTIFACT,HOLD_UNTIL_PROVENANCE_LINKED,,,,,,289.966263310923,28.131615226898,
cache/verified_starglass/bi05607/40095480043922.fits,legacy_or_other,1399680,0327b87f4b1b5dce4a18dc2f0a27956a5fbdbbbb3d9bd20d315bada092b1514e,,,UNLINKED_PIXEL_ARTIFACT,HOLD_UNTIL_PROVENANCE_LINKED,,,,,,289.769760603919,28.1237920293348,
cache/verified_starglass/bi05607/40095480043984.fits,legacy_or_other,1399680,c30dbcada4fcd6df07a04bb5c99f265ba51734ddcd272e98490556a8aacb2440,,,UNLINKED_PIXEL_ARTIFACT,HOLD_UNTIL_PROVENANCE_LINKED,,,,,,290.883012240718,28.1545198641301,
cache/verified_starglass/bi05607/40095480044280.fits,legacy_or_other,1399680,065b40f01687c10acf30fcf8709952ef2f014b8de47c2bb76399d65fc6238df0,,,UNLINKED_PIXEL_ARTIFACT,HOLD_UNTIL_PROVENANCE_LINKED,,,,,,290.83005687143,28.1754844102057,
cache/verified_starglass/bi05607/40095480044534.fits,legacy_or_other,1399680,67b8030dd9e29c2880adad3c409437a9d4cd9c9dae76161317bfb239cf683192,,,UNLINKED_PIXEL_ARTIFACT,HOLD_UNTIL_PROVENANCE_LINKED,,,,,,295.874914568662,28.2861395349323,
cache/verified_starglass/bi05607/40095480045537.fits,legacy_or_other,1399680,6bcf707bb44274226c1439f008fbf4b7b6f32d3357d4f6c9a2812d3da9b1a227,,,UNLINKED_PIXEL_ARTIFACT,HOLD_UNTIL_PROVENANCE_LINKED,,,,,,290.624492174411,28.2102641666671,
cache/verified_starglass/bi05607/40095480045636.fits,legacy_or_other,1399680,cf5a473ac99161d1e043b58f1459d0e3cb510cb0ca16eef190faff5abfd0b47d,,,UNLINKED_PIXEL_ARTIFACT,HOLD_UNTIL_PROVENANCE_LINKED,,,,,,290.747529118317,28.2176930463757,
cache/verified_starglass/bi05607/40095480046136.fits,legacy_or_other,1399680,929d12838ba3a3a79fa20653c49eadbbbb518db82a38fb295acb8d454864c9d5,,,UNLINKED_PIXEL_ARTIFACT,HOLD_UNTIL_PROVENANCE_LINKED,,,,,,290.879099788398,28.2475658589671,
cache/verified_starglass/bi05607/40095480046568.fits,legacy_or_other,1399680,270a9dea75c78bc70c64bb91172cf96e893974f8a8a8ff656749743f21159c9d,,,UNLINKED_PIXEL_ARTIFACT,HOLD_UNTIL_PROVENANCE_LINKED,,,,,,290.666205090812,28.2532330222373,
cache/verified_starglass/bi05607/40095480046961.fits,legacy_or_other,1399680,de5d8407d54ac71689b718c5dbadbeae15981233c7522f426cc543dbd2f167b9,,,UNLINKED_PIXEL_ARTIFACT,HOLD_UNTIL_PROVENANCE_LINKED,,,,,,290.747496503798,28.2690737510946,
cache/verified_starglass/bi05607/40095480047417.fits,legacy_or_other,1399680,76434aef80b718b17fe29e0065067b9ebaae4a8e9273c2023080704945ad3e58,,,UNLINKED_PIXEL_ARTIFACT,HOLD_UNTIL_PROVENANCE_LINKED,,,,,,290.78154986962,28.287863030989,
cache/verified_starglass/bi05607/40095480047724.fits,legacy_or_other,1399680,6a1da94d245fc18a01cea22d0c332a349fe25884dcc9026fb11bfb21248672a8,,,UNLINKED_PIXEL_ARTIFACT,HOLD_UNTIL_PROVENANCE_LINKED,,,,,,290.838892192715,28.298877633687,
cache/verified_starglass/bi05607/40095480047879.fits,legacy_or_other,1399680,fea9e92d7964c7ada7372c96466729954630ea173c838d3ebf7c1f97465e9a3f,,,UNLINKED_PIXEL_ARTIFACT,HOLD_UNTIL_PROVENANCE_LINKED,,,,,,290.701187341325,28.2962610853527,
cache/verified_starglass/bi05607/40095480049396.fits,legacy_or_other,1399680,5ffbe1c7ffdb1d8e7077c9bba51101c8bdf866414bb9d76dcc5b91ffa80ce430,,,UNLINKED_PIXEL_ARTIFACT,HOLD_UNTIL_PROVENANCE_LINKED,,,,,,297.887240543695,28.4408753033726,
cache/verified_starglass/bi05607/40095480051318.fits,legacy_or_other,1399680,3cd174bde03f8ac765644225b4ce7517e5e71abf4deb8c7aca5e3071c00e7ad2,,,UNLINKED_PIXEL_ARTIFACT,HOLD_UNTIL_PROVENANCE_LINKED,,,,,,289.399092951588,28.3553534638504,
cache/verified_starglass/bi05607/40095480053351.fits,legacy_or_other,1399680,2362d0aed50769d584760407d9e088aa3bf318f4b5849bb8926d8909e1001d84,,,UNLINKED_PIXEL_ARTIFACT,HOLD_UNTIL_PROVENANCE_LINKED,,,,,,299.246791440382,28.5462007796669,
cache/verified_starglass/bi05607/40095480053622.fits,legacy_or_other,1399680,5e4ac11022f35ccb4bbde868f84e01822d2b2f21b72bbc058eaa3f41bc8f3723,,,UNLINKED_PIXEL_ARTIFACT,HOLD_UNTIL_PROVENANCE_LINKED,,,,,,289.26356692053,28.4289349187507,
cache/verified_starglass/bi05607/40095480054896.fits,legacy_or_other,1399680,435c84a94662ed6c41507602bf9d10dc4dd32168e1944ac9c2091cf75455e007,,,UNLINKED_PIXEL_ARTIFACT,HOLD_UNTIL_PROVENANCE_LINKED,,,,,,293.325542668292,28.6086461446135,
cache/verified_starglass/bi05607/40095480056015.fits,legacy_or_other,1399680,966a8d993369db72f8d920bd46257349f10198ef025ae98b6dc79b9f9e133a7a,,,UNLINKED_PIXEL_ARTIFACT,HOLD_UNTIL_PROVENANCE_LINKED,,,,,,300.233842351044,28.6046727908385,
cache/verified_starglass/bi05607/40095480056452.fits,legacy_or_other,1399680,294439a38206d01876eed72fbe1865ce242582c06de6931db2b3c1ff6a41080d,,,UNLINKED_PIXEL_ARTIFACT,HOLD_UNTIL_PROVENANCE_LINKED,,,,,,292.327531781436,28.6341023840434,
cache/verified_starglass/bi05607/40095480058755.fits,legacy_or_other,1399680,54906ed8b9fda753e4417027e7aec6b8030f37467246f05be636d5477521dda3,,,UNLINKED_PIXEL_ARTIFACT,HOLD_UNTIL_PROVENANCE_LINKED,,,,,,293.006808227875,28.7245527773225,
cache/verified_starglass/bi05607/40095480060390.fits,legacy_or_other,1399680,112096195afe77da2505548a4645c60799ea67d0074fa979736ad71988d514ee,,,UNLINKED_PIXEL_ARTIFACT,HOLD_UNTIL_PROVENANCE_LINKED,,,,,,290.630221740552,28.7062150174728,
cache/verified_starglass/bi05607/40095480062858.fits,legacy_or_other,1399680,27961617d3aa3a76c85bacc773823a17d93459fbdd8be9c2d7a732ec2fea2933,,,UNLINKED_PIXEL_ARTIFACT,HOLD_UNTIL_PROVENANCE_LINKED,,,,,,290.58555807885,28.7786025034762,
cache/verified_starglass/bi05607/40095480064990.fits,legacy_or_other,1399680,bccf8c8d8fea9ba7ccb558947147350fe0ac8fee48ad4e04cc73b6198daa1b94,,,UNLINKED_PIXEL_ARTIFACT,HOLD_UNTIL_PROVENANCE_LINKED,,,,,,290.265410140619,28.8436452530452,
cache/verified_starglass/bi05607/40095480065424.fits,legacy_or_other,1399680,763d476d1a21cce461313f17612d067c3a314888dcf9ecc19940a8395b3e289b,,,UNLINKED_PIXEL_ARTIFACT,HOLD_UNTIL_PROVENANCE_LINKED,,,,,,297.831167103437,28.9625687548506,
cache/verified_starglass/bi05607/40095480066408.fits,legacy_or_other,1399680,90e95c0d9d27ab970e3d7eb9193c38a2fa892938d957d673088f8548b12a02dc,,,UNLINKED_PIXEL_ARTIFACT,HOLD_UNTIL_PROVENANCE_LINKED,,,,,,300.035401141291,28.947934860125,
cache/verified_starglass/bi05607/40095480066648.fits,legacy_or_other,1399680,3464a1e6b148e6787d63d350fe20abee8ad6d797586daa9e145f2e23b57fe258,,,UNLINKED_PIXEL_ARTIFACT,HOLD_UNTIL_PROVENANCE_LINKED,,,,,,299.306403272841,28.9784733618813,
cache/verified_starglass/bi05607/40095480067062.fits,legacy_or_other,1399680,f9b376fe2d9db28f7b76ee37a791f2625dfb91ee991f5319d781ee1a2c3dfd92,,,UNLINKED_PIXEL_ARTIFACT,HOLD_UNTIL_PROVENANCE_LINKED,,,,,,289.982394762637,28.8943146547248,
cache/verified_starglass/bi05607/40095480067824.fits,legacy_or_other,1399680,e10656bbbb97c55846216c4e1c4b0537c48a081573d0673b693f929c3963c672,,,UNLINKED_PIXEL_ARTIFACT,HOLD_UNTIL_PROVENANCE_LINKED,,,,,,292.407620691312,29.0085898445693,
cache/verified_starglass/bi05607/40095480067888.fits,legacy_or_other,1399680,96006629c5045f0fc5f2e19233d6d3c332d739f9e2c616f1b069691bfbb79e23,,,UNLINKED_PIXEL_ARTIFACT,HOLD_UNTIL_PROVENANCE_LINKED,,,,,,299.369792325792,29.0174423342691,
cache/verified_starglass/bi05607/40095480068165.fits,legacy_or_other,1399680,80acad53d387cd35847f8788ec10bdb8130e30eee5a479a1ab4e1bfe664b2b5d,,,UNLINKED_PIXEL_ARTIFACT,HOLD_UNTIL_PROVENANCE_LINKED,,,,,,299.600803165638,29.0181921524634,
cache/verified_starglass/bi05607/40095480069104.fits,legacy_or_other,1399680,b9d4f73bbb0a9b5f617313aabd5479631a330e65d177f19dc4086568e0246084,,,UNLINKED_PIXEL_ARTIFACT,HOLD_UNTIL_PROVENANCE_LINKED,,,,,,299.947956122039,29.040722714492,
cache/verified_starglass/bi05607/40095480070567.fits,legacy_or_other,1399680,d997e0906889852424d9648f75fdbd01563a5824f1557423af7c814d92f144da,,,UNLINKED_PIXEL_ARTIFACT,HOLD_UNTIL_PROVENANCE_LINKED,,,,,,295.388551671666,29.1474300657821,
cache/verified_starglass/bi05607/40095480070807.fits,legacy_or_other,1399680,09488e54888e3355f93a4e9682d6c51240ec742b7d841e7597580d926203d95d,,,UNLINKED_PIXEL_ARTIFACT,HOLD_UNTIL_PROVENANCE_LINKED,,,,,,291.2249742157,29.0753023487713,
cache/verified_starglass/bi05607/40095480072336.fits,legacy_or_other,1399680,0f249ef53039cff5249c92d19dc479f1aeebc7547da21a556f9ffabfe03b08ba,,,UNLINKED_PIXEL_ARTIFACT,HOLD_UNTIL_PROVENANCE_LINKED,,,,,,291.143392771903,29.1149213449931,
cache/verified_starglass/bi05607/40095480072639.fits,legacy_or_other,1399680,0d838bf8a9bbee1488ef2131bf451f53bb27035438c3018fc9411909728f75cb,,,UNLINKED_PIXEL_ARTIFACT,HOLD_UNTIL_PROVENANCE_LINKED,,,,,,290.933217200875,29.1173266453174,
cache/verified_starglass/bi05607/40095480072757.fits,legacy_or_other,1399680,16dc931233e541d538c4971086df10c049cc759b0c16e2198f7630945233f1e2,,,UNLINKED_PIXEL_ARTIFACT,HOLD_UNTIL_PROVENANCE_LINKED,,,,,,294.359827051421,29.2075876016653,
cache/verified_starglass/bi05607/40095480073470.fits,legacy_or_other,1399680,b648b52d9f5a2f0b6a03b8979cf1dba4848702202cef7c37c5bd2f93187f84cd,,,UNLINKED_PIXEL_ARTIFACT,HOLD_UNTIL_PROVENANCE_LINKED,,,,,,299.248158029471,29.20165871686,
cache/verified_starglass/bi05607/40095480073769.fits,legacy_or_other,1399680,8ee4c6c025b45fff28b99e2b14df687dd754159cd640a7401c5132f6aca5d3ad,,,UNLINKED_PIXEL_ARTIFACT,HOLD_UNTIL_PROVENANCE_LINKED,,,,,,289.603189284238,29.1030081963125,
cache/verified_starglass/bi05607/40095480073771.fits,legacy_or_other,1399680,593f30b29e2ea55469250e87959f021f38e9164c23c162290e7f861c7121d1ff,,,UNLINKED_PIXEL_ARTIFACT,HOLD_UNTIL_PROVENANCE_LINKED,,,,,,293.313294783251,29.2265085661972,
cache/verified_starglass/bi05607/40095480073962.fits,legacy_or_other,1399680,7fa5c74742884f49943fd0b7014d73016d0b52b636b9915a6080b7c4463578d5,,,UNLINKED_PIXEL_ARTIFACT,HOLD_UNTIL_PROVENANCE_LINKED,,,,,,294.55585810012,29.2478790633481,
cache/verified_starglass/bi05607/40095480074169.fits,legacy_or_other,1399680,14137cca41c3caf10c73c9cdcff811cfcc56d2d238a4b30f8f8bf56580e75ee4,,,UNLINKED_PIXEL_ARTIFACT,HOLD_UNTIL_PROVENANCE_LINKED,,,,,,299.836658506778,29.207647023326,
cache/verified_starglass/bi05607/40095480074331.fits,legacy_or_other,1399680,d5faa0b9dec682d3bac44c8344ba235f3f629114c2cbdd81d076dbea5a33e035,,,UNLINKED_PIXEL_ARTIFACT,HOLD_UNTIL_PROVENANCE_LINKED,,,,,,289.654641411122,29.1224235658121,
cache/verified_starglass/bi05607/40095480074334.fits,legacy_or_other,1399680,35fb5010f234923a29ed5f21ee713b65312578a4dc584a2b7a3f8729b76a3408,,,UNLINKED_PIXEL_ARTIFACT,HOLD_UNTIL_PROVENANCE_LINKED,,,,,,296.390105306628,29.2702162563097,
cache/verified_starglass/bi05607/40095480075101.fits,legacy_or_other,1399680,986c3dcefa3d0c71935480b009f062e97a1d9e72b3ff3d868739ef0ca557fcd9,,,UNLINKED_PIXEL_ARTIFACT,HOLD_UNTIL_PROVENANCE_LINKED,,,,,,289.872017251467,29.1590142227671,
cache/verified_starglass/bi05607/40095480075366.fits,legacy_or_other,1399680,bf5c1761c5589fd7173f2212207cb53aca022c218bf65f5996b66dca27c30904,,,UNLINKED_PIXEL_ARTIFACT,HOLD_UNTIL_PROVENANCE_LINKED,,,,,,290.009809389145,29.1746477222282,
cache/verified_starglass/bi05607/40095480076157.fits,legacy_or_other,1399680,f4df0b9c3979cdd46c4f8dbc6d16a35a5ea241d8da535d0d9f3f896f21d28637,,,UNLINKED_PIXEL_ARTIFACT,HOLD_UNTIL_PROVENANCE_LINKED,,,,,,289.798291369939,29.189556083623,
cache/verified_starglass/bi05607/40095480076434.fits,legacy_or_other,1399680,1878fd9e2f202e6aa0a3cb2970c92a3b52cdb0d60cf99bd88ddf7e05ab84e798,,,UNLINKED_PIXEL_ARTIFACT,HOLD_UNTIL_PROVENANCE_LINKED,,,,,,291.37459567503,29.2618676608531,
cache/verified_starglass/bi05607/40095480076568.fits,legacy_or_other,1399680,9ef0e0dab46ad8abb8e0e31299feec1b964e2fc9d451d0c81093e132adc4c1cb,,,UNLINKED_PIXEL_ARTIFACT,HOLD_UNTIL_PROVENANCE_LINKED,,,,,,289.154639318316,29.1733490649434,
cache/verified_starglass/bi05607/40095480076718.fits,legacy_or_other,1399680,4bbfe3410b8941ada799da8c4b1cd5a01a07fffe85941b89659aaa8fb64c2176,,,UNLINKED_PIXEL_ARTIFACT,HOLD_UNTIL_PROVENANCE_LINKED,,,,,,299.229576667822,29.3028082241119,
cache/verified_starglass/bi05607/40095480080284.fits,legacy_or_other,1399680,c953bc0d6b5157c43fb74bb3f7dda1c46b37c36d389892f415b07982adb11a13,,,UNLINKED_PIXEL_ARTIFACT,HOLD_UNTIL_PROVENANCE_LINKED,,,,,,289.584283797367,29.3075030642423,
cache/verified_starglass/bi05607/40095480080876.fits,legacy_or_other,1399680,3753ce52e48aadb4eeea07eacb00d334467b0a0acb669aa6f1e0babadcd750f4,,,UNLINKED_PIXEL_ARTIFACT,HOLD_UNTIL_PROVENANCE_LINKED,,,,,,291.31322537851,29.3995178908969,
cache/verified_starglass/bi05607/40095480081515.fits,legacy_or_other,1399680,88b9a9f675af3e703130af6ba97d7cda314f67d6e831ced4e2dc76a71cad33b1,,,UNLINKED_PIXEL_ARTIFACT,HOLD_UNTIL_PROVENANCE_LINKED,,,,,,299.42759644464,29.4461153268031,
cache/verified_starglass/bi05607/40095480081793.fits,legacy_or_other,1399680,048eeee304d69b8adcb22ea2839ae53d165423be8f2bfa9e372220657cb4785c,,,UNLINKED_PIXEL_ARTIFACT,HOLD_UNTIL_PROVENANCE_LINKED,,,,,,298.653383731057,29.4791476226118,
cache/verified_starglass/bi05607/40095480082204.fits,legacy_or_other,1399680,3e806d555e8cd0220bfefaeaae3110757116041b0c36a3706cb2737574b5310d,,,UNLINKED_PIXEL_ARTIFACT,HOLD_UNTIL_PROVENANCE_LINKED,,,,,,289.240496571484,29.3520331405748,
cache/verified_starglass/bi05607/40095480083036.fits,legacy_or_other,1399680,b0c999ea6be05aebfaed3bbc66c1ebc8548f1e6aaa3b577af02e53eb50648b1d,,,UNLINKED_PIXEL_ARTIFACT,HOLD_UNTIL_PROVENANCE_LINKED,,,,,,289.324441324592,29.3826908587597,
cache/verified_starglass/bi05607/40095480083249.fits,legacy_or_other,1399680,3350a1e0633ed22750c69c070c09c70b43c83a06216c55af5f335d86154e325f,,,UNLINKED_PIXEL_ARTIFACT,HOLD_UNTIL_PROVENANCE_LINKED,,,,,,290.083856149849,29.4270472656026,
cache/verified_starglass/bi05607/40095480086183.fits,legacy_or_other,1399680,405f58b528fc6c8e3072bf7aa00ae5b2389535fd110bdbb243daf2730286a27b,,,UNLINKED_PIXEL_ARTIFACT,HOLD_UNTIL_PROVENANCE_LINKED,,,,,,297.932572276756,29.6270441506769,
cache/verified_starglass/bi05607/40095480086495.fits,legacy_or_other,1399680,d2590ab0391ad378a4ab1477d9962d44d03bef256a8911fd3e4eafa2e82cf3d5,,,UNLINKED_PIXEL_ARTIFACT,HOLD_UNTIL_PROVENANCE_LINKED,,,,,,291.63581854476,29.581031325017,
cache/verified_starglass/bi05607/40095480088672.fits,legacy_or_other,1399680,ac5d9fee4bf4215da5b44f98d71591be2ddf9fa7460b0024bc638d4ac692b25c,,,UNLINKED_PIXEL_ARTIFACT,HOLD_UNTIL_PROVENANCE_LINKED,,,,,,297.658055422318,29.708029653881,
cache/verified_starglass/bi05607/40095480089022.fits,legacy_or_other,1399680,0af5b2d0a2db04004e5198f5434d6585aed0938030b5fb9664ab4646ee7ce7ae,,,UNLINKED_PIXEL_ARTIFACT,HOLD_UNTIL_PROVENANCE_LINKED,,,,,,292.887106526358,29.6951632570391,
cache/verified_starglass/bi05607/40095480089785.fits,legacy_or_other,1399680,9407403a5f764e5fc5d54d611e15f14c547426db328408b9010f90403c21b9cb,,,UNLINKED_PIXEL_ARTIFACT,HOLD_UNTIL_PROVENANCE_LINKED,,,,,,289.932781579555,29.6178521744876,
cache/verified_starglass/bi05607/40095480094074.fits,legacy_or_other,1399680,ce662312796d1fbfc76af473dd7a72764cfb4d88fc573852f88276cfdc897012,,,UNLINKED_PIXEL_ARTIFACT,HOLD_UNTIL_PROVENANCE_LINKED,,,,,,289.874929504003,29.7413974249901,
cache/verified_starglass/bi05607/40095480096270.fits,legacy_or_other,1399680,e8cebb9a243f45fb83940081d3f5d40fd1fcf2d38c65beada73f4fc50fcdd551,,,UNLINKED_PIXEL_ARTIFACT,HOLD_UNTIL_PROVENANCE_LINKED,,,,,,289.657082929779,29.7969247908108,
cache/verified_starglass/bi05607/40095480098988.fits,legacy_or_other,1399680,e4d6c5a9d173a12cf0eb5a864a5502c348ec42f1f43690beb3c46690c41d2a8e,,,UNLINKED_PIXEL_ARTIFACT,HOLD_UNTIL_PROVENANCE_LINKED,,,,,,292.980111817134,29.9888995756377,
cache/verified_starglass/bi05607/40095480100696.fits,legacy_or_other,1399680,7b80c544dc624dd8a92765a3cf7f945cce7fbf5370bfbbf8df1e3648acd16f4c,,,UNLINKED_PIXEL_ARTIFACT,HOLD_UNTIL_PROVENANCE_LINKED,,,,,,290.926730620002,29.9765805158356,
cache/verified_starglass/bi05607/40095480104118.fits,legacy_or_other,1399680,8b8d950feeba9a3ae2738053ba5d63be3f838dcc7141e874bf01c429102d434a,,,UNLINKED_PIXEL_ARTIFACT,HOLD_UNTIL_PROVENANCE_LINKED,,,,,,290.952746097624,30.0745452932593,
cache/verified_starglass/bi05607/40095480105581.fits,legacy_or_other,1399680,15daf58897a19d291eb5be6a11dac34dd9bba49887b91971e8631993edcb5882,,,UNLINKED_PIXEL_ARTIFACT,HOLD_UNTIL_PROVENANCE_LINKED,,,,,,291.185527176842,30.1253504132434,
cache/verified_starglass/bi05607/40095480105682.fits,legacy_or_other,1399680,603f44deed0c0a66f3a4b0628918272b519fb2547415f4a979d6539b11e08dc4,,,UNLINKED_PIXEL_ARTIFACT,HOLD_UNTIL_PROVENANCE_LINKED,,,,,,290.688540725037,30.1107818247497,
cache/verified_starglass/bi05607/40095480106529.fits,legacy_or_other,1399680,434624d69993e3c7c4e0ccf16dd0dedea3d8b3d28cd0e0d947239b912a731e88,,,UNLINKED_PIXEL_ARTIFACT,HOLD_UNTIL_PROVENANCE_LINKED,,,,,,291.076993446496,30.1483217485151,
cache/verified_starglass/bi05607/40095480111170.fits,legacy_or_other,1399680,3de43cab0ff7cf0f517c377ef58d1074b4a81c02860422132ea92112e0945e22,,,UNLINKED_PIXEL_ARTIFACT,HOLD_UNTIL_PROVENANCE_LINKED,,,,,,290.983422039626,30.2808916561477,
cache/verified_starglass/bi05607/40095480114254.fits,legacy_or_other,1399680,5cc2ced44dca3b699163c7f342f424b8d8be814f559d13b6b7780fd4ebbb93bf,,,UNLINKED_PIXEL_ARTIFACT,HOLD_UNTIL_PROVENANCE_LINKED,,,,,,291.197907785618,30.3810558374451,
cache/verified_starglass/bi05607/40095480117134.fits,legacy_or_other,1399680,ed26e0128b9ce5a8dee52093c8378d0c12f77cb684362df001ac6ed722128c15,,,UNLINKED_PIXEL_ARTIFACT,HOLD_UNTIL_PROVENANCE_LINKED,,,,,,289.630646044809,30.406331201878,
cache/verified_starglass/bi05607/40095480118426.fits,legacy_or_other,1399680,ee1a9a524c787a6d40719585aac9807b5b376d40bdee21de113e32644d5f74f0,,,UNLINKED_PIXEL_ARTIFACT,HOLD_UNTIL_PROVENANCE_LINKED,,,,,,289.423159959419,30.435346426891,
cache/verified_starglass/bi05607/40095480126475.fits,legacy_or_other,1399680,388797dd8fbb9d0e241dd2cde09137a4583f7d6ad6353558bc8c03d142c34108,,,UNLINKED_PIXEL_ARTIFACT,HOLD_UNTIL_PROVENANCE_LINKED,,,,,,289.715594500376,30.7135802977531,
cache/verified_starglass/bi05607/40095480127434.fits,legacy_or_other,1399680,54637e1808391f76b0d6572ab5d99ae72244d029bcaffc073815a6b6424e8f5e,,,UNLINKED_PIXEL_ARTIFACT,HOLD_UNTIL_PROVENANCE_LINKED,,,,,,289.568943087274,30.7408334638569,
cache/verified_starglass/bi05607/40095480132107.fits,legacy_or_other,1399680,1a8abc6f771f21cb0e7aad32df6cf8b4b52d6d939dc6f62268adae3da2fcdf8d,,,UNLINKED_PIXEL_ARTIFACT,HOLD_UNTIL_PROVENANCE_LINKED,,,,,,289.834002940575,30.9189076491242,
cache/verified_starglass/bi05607/40095480132449.fits,legacy_or_other,1399680,9095a6b245289bf88c29914fd652ecd1b52a8d58a86dcb6995e1bdb037fa0557,,,UNLINKED_PIXEL_ARTIFACT,HOLD_UNTIL_PROVENANCE_LINKED,,,,,,298.644200122741,31.0403487783811,
cache/verified_starglass/bi05607/40095480135947.fits,legacy_or_other,1399680,a99e880d8eaf27771e0f56cafb2c08e53008f8549e04c8a5c20e0d7d56e6a812,,,UNLINKED_PIXEL_ARTIFACT,HOLD_UNTIL_PROVENANCE_LINKED,,,,,,291.93452545303,31.1391416712505,
cache/verified_starglass/bi05607/40095480136465.fits,legacy_or_other,1399680,0b0a782b134d56107ead73fab9cea15190f3f28630c44dc0f2f9cdf7db66f511,,,UNLINKED_PIXEL_ARTIFACT,HOLD_UNTIL_PROVENANCE_LINKED,,,,,,290.802509337643,31.1127326357339,
cache/verified_starglass/bi05607/40095480139099.fits,legacy_or_other,1399680,6e0b84f90b9af1137ababd4e6d6f2d92e220c1f326b7b339ca0acadc291dc57a,,,UNLINKED_PIXEL_ARTIFACT,HOLD_UNTIL_PROVENANCE_LINKED,,,,,,290.872900709432,31.2147846318713,
cache/verified_starglass/bi05607/40095480146035.fits,legacy_or_other,1399680,8fca8e9784c7cee8c70e5f6add7006d34b5c4728344f6d6f4c371fcc719334fe,,,UNLINKED_PIXEL_ARTIFACT,HOLD_UNTIL_PROVENANCE_LINKED,,,,,,291.636011941716,31.4917753112673,
cache/verified_starglass/bi05607/40095480146125.fits,legacy_or_other,1399680,a59fa898942a842db70b5221ac04f5a1b63015cefbffe197aa31ad964de749b6,,,UNLINKED_PIXEL_ARTIFACT,HOLD_UNTIL_PROVENANCE_LINKED,,,,,,292.654121071077,31.5226698606062,
cache/verified_starglass/bi05607/40095480147194.fits,legacy_or_other,1399680,f085aa414e812843874414423d5b1b5906b506ee2460bef2d1389a04757a8c54,,,UNLINKED_PIXEL_ARTIFACT,HOLD_UNTIL_PROVENANCE_LINKED,,,,,,296.081615144751,31.602061327476,
cache/verified_starglass/bi05607/40095480152592.fits,legacy_or_other,1399680,f95b14357cc76aebff1681607079574e48bc1b137cea38e378acf0be7b25e33c,,,UNLINKED_PIXEL_ARTIFACT,HOLD_UNTIL_PROVENANCE_LINKED,,,,,,291.265831126859,31.7187064481283,
cache/verified_starglass/bi05607/40095480154492.fits,legacy_or_other,1399680,116fdcf6bc5029b3b9793e91b97ceb8e95f2afe2ed5e13ce4c1599025a314bb6,,,UNLINKED_PIXEL_ARTIFACT,HOLD_UNTIL_PROVENANCE_LINKED,,,,,,290.630845539944,31.7726971063215,
cache/verified_starglass/bi05607/40095480160291.fits,legacy_or_other,1399680,3ca3bfe2b316523593d0c5537cb5a628e6c5afb1b7f4a37545d635330e2a9ade,,,UNLINKED_PIXEL_ARTIFACT,HOLD_UNTIL_PROVENANCE_LINKED,,,,,,294.050479422942,32.0989622763085,
cache/verified_starglass/bi05607/40095480161126.fits,legacy_or_other,1399680,bedf46d29a18bb4118551bbde4c7e55f85cf24257f2039953342266a2ecb9f2d,,,UNLINKED_PIXEL_ARTIFACT,HOLD_UNTIL_PROVENANCE_LINKED,,,,,,290.673525215067,32.0389310086811,
cache/verified_starglass/bi05607/40095480162303.fits,legacy_or_other,1399680,35d4c9a983295396c7d6b6098ca3dc07094dfbcd0a1732731749106b8bfd0f77,,,UNLINKED_PIXEL_ARTIFACT,HOLD_UNTIL_PROVENANCE_LINKED,,,,,,300.004226870968,32.1275887443259,
cache/verified_starglass/bi05607/40095480162943.fits,legacy_or_other,1399680,21dea4f4522272d9bd70864a513449447663fca5007bc91e0a4fc1d6e8096939,,,UNLINKED_PIXEL_ARTIFACT,HOLD_UNTIL_PROVENANCE_LINKED,,,,,,291.038917062286,32.1358289675083,
cache/verified_starglass/bi05607/40095480164594.fits,legacy_or_other,1399680,8d7d13f894769dfc1f23babed8e6ea7031eaf45c40da8d95fe82caf503e13150,,,UNLINKED_PIXEL_ARTIFACT,HOLD_UNTIL_PROVENANCE_LINKED,,,,,,291.026626140995,32.2060518756824,
cache/verified_starglass/bi05607/40095480165190.fits,legacy_or_other,1399680,82a7aaf42b02edda950fd58a19f3c63b6817e714afefc6eb93a920d2e9867ef6,,,UNLINKED_PIXEL_ARTIFACT,HOLD_UNTIL_PROVENANCE_LINKED,,,,,,292.9156306214,32.2879995862199,
cache/verified_starglass/bi05607/40095480165530.fits,legacy_or_other,1399680,82438813300a71e6aa2549dd029721d3f8633a18655e73c4334fec6706e7d567,,,UNLINKED_PIXEL_ARTIFACT,HOLD_UNTIL_PROVENANCE_LINKED,,,,,,300.450142905499,32.2547833850186,
cache/verified_starglass/bi05607/40095480165804.fits,legacy_or_other,1399680,67ec2e42d098e9ecfe21f3662594b3683cb03c9c3114d7968d3e3dee814b14a7,,,UNLINKED_PIXEL_ARTIFACT,HOLD_UNTIL_PROVENANCE_LINKED,,,,,,290.776178653484,32.2506608804703,
cache/verified_starglass/bi05607/40095480166282.fits,legacy_or_other,1399680,dd55c5a45d7f4ade48de25b4f589157b9d041f493e0f90583625ce435f2f2070,,,UNLINKED_PIXEL_ARTIFACT,HOLD_UNTIL_PROVENANCE_LINKED,,,,,,290.415977431961,32.25772010106,
cache/verified_starglass/bi05607/40095480167022.fits,legacy_or_other,1399680,5a3f92464418e820db690f05964024bb95f063a98457b65dc4041757071682ab,,,UNLINKED_PIXEL_ARTIFACT,HOLD_UNTIL_PROVENANCE_LINKED,,,,,,290.966286908753,32.3093940784561,
cache/verified_starglass/bi05607/40095480171579.fits,legacy_or_other,1399680,f51a61c0bc4dadf018e2e38484a3d25972fa6f0c7273d5d1510be4ac69b96cd9,,,UNLINKED_PIXEL_ARTIFACT,HOLD_UNTIL_PROVENANCE_LINKED,,,,,,289.691080696806,32.4622665851399,
cache/verified_starglass/bi05607/40095480171602.fits,legacy_or_other,1399680,f35d5186249cfb5d0c2049e1c93e358fd5f195927257a9bfb15cc0b8573f977b,,,UNLINKED_PIXEL_ARTIFACT,HOLD_UNTIL_PROVENANCE_LINKED,,,,,,289.736899747347,32.4668298206374,
cache/verified_starglass/bi05607/40095480172205.fits,legacy_or_other,1399680,3dbdc52c87213e19fd5663ab0f7f916053ce16596bd8d626ae1cd68419006716,,,UNLINKED_PIXEL_ARTIFACT,HOLD_UNTIL_PROVENANCE_LINKED,,,,,,290.767039161296,32.5400388999629,
cache/verified_starglass/bi05607/40095480173919.fits,legacy_or_other,1399680,9de3e94b3f5d214e3bf6f39b6596ac3620514e30688ba14961d3ff27ac0b270a,,,UNLINKED_PIXEL_ARTIFACT,HOLD_UNTIL_PROVENANCE_LINKED,,,,,,289.405243200592,32.5469417248266,
cache/verified_starglass/bi05607/40095480174286.fits,legacy_or_other,1399680,96a9efb4b7924be6439ca4aa868bac6dd81b15ef0e660cf13cb573b4f240eeae,,,UNLINKED_PIXEL_ARTIFACT,HOLD_UNTIL_PROVENANCE_LINKED,,,,,,292.704772538461,32.7002128941409,
cache/verified_starglass/bi05607/40095480174785.fits,legacy_or_other,1399680,f0c7664b9989703b653835396c40e78cf401450698faf60ad3b580bf6f807c78,,,UNLINKED_PIXEL_ARTIFACT,HOLD_UNTIL_PROVENANCE_LINKED,,,,,,292.648647289646,32.7157859663212,
cache/verified_starglass/bi05607/40095480174907.fits,legacy_or_other,1399680,2bcd86ef488fc20f2c06e8b6aec989bdf4d34d3fbcc4c2e5297465d078f2528f,,,UNLINKED_PIXEL_ARTIFACT,HOLD_UNTIL_PROVENANCE_LINKED,,,,,,289.86592683683,32.6210688917994,
cache/verified_starglass/bi05607/40095480176406.fits,legacy_or_other,1399680,523a605381acd91f9836d9edf275c0ac5d6f5f2f8720689d4a455fc4ca2ca386,,,UNLINKED_PIXEL_ARTIFACT,HOLD_UNTIL_PROVENANCE_LINKED,,,,,,291.761108876471,32.7678531092572,
cache/verified_starglass/bi05607/40095480177722.fits,legacy_or_other,1399680,08a69341d37f44353dba9dd3bc582cb35cef13a51ac0c47b5f95a154b70564dc,,,UNLINKED_PIXEL_ARTIFACT,HOLD_UNTIL_PROVENANCE_LINKED,,,,,,289.909256291063,32.7547430835424,
cache/verified_starglass/bi05607/40095480179807.fits,legacy_or_other,1399680,b5ed45c7f979b8d11e0a242b2bdd0a62c7416914a4ee306fec071a659971c404,,,UNLINKED_PIXEL_ARTIFACT,HOLD_UNTIL_PROVENANCE_LINKED,,,,,,290.835587173365,32.8914299519277,
cache/verified_starglass/bi05607/40095480183396.fits,legacy_or_other,1399680,64a08b5e62c0996231dbcaaa1346fcbacd36993e0b8cb5ee96a0dadc53f07a4f,,,UNLINKED_PIXEL_ARTIFACT,HOLD_UNTIL_PROVENANCE_LINKED,,,,,,298.812194055916,33.114995747795,
cache/verified_starglass/bi05607/40095480183397.fits,legacy_or_other,1399680,d9dacce2592bf9a2d9bb697cd76a33742d353f737fdbbc2bf3c112d3209e71bd,,,UNLINKED_PIXEL_ARTIFACT,HOLD_UNTIL_PROVENANCE_LINKED,,,,,,292.11372333971,33.0984629125302,
cache/verified_starglass/bi05607/40095480183586.fits,legacy_or_other,1399680,d40914e0817f301d67c10c8cbc95fba85148ce8eb8f5bf6f4ea73c5863130acc,,,UNLINKED_PIXEL_ARTIFACT,HOLD_UNTIL_PROVENANCE_LINKED,,,,,,300.473770067995,33.0424439543191,
cache/verified_starglass/bi05607/40095480183778.fits,legacy_or_other,1399680,95dd8865ba5ea3632bc1756f3b01e2c1603fd040b8d918729524b98e3436a751,,,UNLINKED_PIXEL_ARTIFACT,HOLD_UNTIL_PROVENANCE_LINKED,,,,,,298.35210291083,33.1442316954502,
cache/verified_starglass/bi05607/40095480184128.fits,legacy_or_other,1399680,4a11500c038c8ae069302cf1528bd6cb3866c78320de68e62a764b18b434228b,,,UNLINKED_PIXEL_ARTIFACT,HOLD_UNTIL_PROVENANCE_LINKED,,,,,,290.05749477645,33.0526940051338,
cache/verified_starglass/bi05607/40095480187872.fits,legacy_or_other,1399680,2c2be2d3cb8c98936e76b2e2824a822963fb4c77f8d41a8c025f46629a5eaaa9,,,UNLINKED_PIXEL_ARTIFACT,HOLD_UNTIL_PROVENANCE_LINKED,,,,,,291.823461454326,33.2797264248025,
cache/verified_starglass/bi05607/40095480191314.fits,legacy_or_other,1399680,adad0cd74cc07d84a0f99d792d71ce983a19e588362c433aeace13295f09b8ad,,,UNLINKED_PIXEL_ARTIFACT,HOLD_UNTIL_PROVENANCE_LINKED,,,,,,292.037542874309,33.4280237972108,
cache/verified_starglass/bi05607/40095480191645.fits,legacy_or_other,1399680,93959a533ab25ecaad0b0a965b03a57bf997bf2ebf3eb3124ab58d695702cb7f,,,UNLINKED_PIXEL_ARTIFACT,HOLD_UNTIL_PROVENANCE_LINKED,,,,,,293.380994276689,33.478328832118,
cache/verified_starglass/bi05607/40095480191911.fits,legacy_or_other,1399680,b59b9742260ea26862f2f5f99b1bf29c1b03df91545ebc2ed027ad7dc35d8bb3,,,UNLINKED_PIXEL_ARTIFACT,HOLD_UNTIL_PROVENANCE_LINKED,,,,,,289.261368085471,33.3334039616156,
cache/verified_starglass/bi05607/40095480193794.fits,legacy_or_other,1399680,492ecc24075fd01ec61eddd86a80badc6675facf729edb17a00d0da14faa6474,,,UNLINKED_PIXEL_ARTIFACT,HOLD_UNTIL_PROVENANCE_LINKED,,,,,,292.272901474479,33.5321554871142,
cache/verified_starglass/bi05607/40095480196752.fits,legacy_or_other,1399680,9ed1ff6eb872cae86a24952530b167c49ecec14ce141a767666f4d3782f0fbd6,,,UNLINKED_PIXEL_ARTIFACT,HOLD_UNTIL_PROVENANCE_LINKED,,,,,,293.237956305265,33.6741546238164,
cache/verified_starglass/bi05607/40095480196818.fits,legacy_or_other,1399680,54e49f37ccf81e37028c214dc22eae94041bab1810967fc5cf833dce66f68895,,,UNLINKED_PIXEL_ARTIFACT,HOLD_UNTIL_PROVENANCE_LINKED,,,,,,297.764480627756,33.6833621051504,
cache/verified_starglass/bi05607/40095480197292.fits,legacy_or_other,1399680,0e345d6608715bdce47d61e24ed0bfee63e6a276f961a6e2d555357f53f4f805,,,UNLINKED_PIXEL_ARTIFACT,HOLD_UNTIL_PROVENANCE_LINKED,,,,,,298.269970992667,33.6951686287732,
cache/verified_starglass/bi05607/40095480198044.fits,legacy_or_other,1399680,b3ee43bd1ceb9e613b9490471f8aa07dccaea5ec1c2479a2bdd5177138efc489,,,UNLINKED_PIXEL_ARTIFACT,HOLD_UNTIL_PROVENANCE_LINKED,,,,,,298.332806452208,33.7222586308108,
cache/verified_starglass/bi05607/40095480199770.fits,legacy_or_other,1399680,6621f53d13beb8dc430adf3f28d020cf52f8b7291eb6d46e1845508bda58fb78,,,UNLINKED_PIXEL_ARTIFACT,HOLD_UNTIL_PROVENANCE_LINKED,,,,,,289.507077644219,33.6456117441054,
cache/verified_starglass/bi05607/40095480200466.fits,legacy_or_other,1399680,eea8e18357869e6c93bc2524876efb81cd83580db33156c4bf6b709f0f917dc4,,,UNLINKED_PIXEL_ARTIFACT,HOLD_UNTIL_PROVENANCE_LINKED,,,,,,290.676255426244,33.7285273403293,
cache/verified_starglass/bi05607/40095480202726.fits,legacy_or_other,1399680,10a3ce35be27729506d2d401335e732bbcb4280d2dfea92fd1c22a7f5a4f33e7,,,UNLINKED_PIXEL_ARTIFACT,HOLD_UNTIL_PROVENANCE_LINKED,,,,,,289.126016147184,33.7282540916031,
cache/verified_starglass/bi05607/40095480203185.fits,legacy_or_other,1399680,0efadf52cf9189e4f0193f289b24dd3f3f317a169490aac86502ad1c293163c9,,,UNLINKED_PIXEL_ARTIFACT,HOLD_UNTIL_PROVENANCE_LINKED,,,,,,290.8408693928,33.8246157715206,
cache/verified_starglass/bi05607/40095480204475.fits,legacy_or_other,1399680,f15996ecf0d7dd3aa8e359aef735d9c7a3f6ea3f53aec9f909b44f138cf3840f,,,UNLINKED_PIXEL_ARTIFACT,HOLD_UNTIL_PROVENANCE_LINKED,,,,,,290.818485421585,33.8733200706667,
cache/verified_starglass/bi05607/40095480206970.fits,legacy_or_other,1399680,95b4dc1e57717d9ce9e6d73e69bb34c7e07a6eeb8323346887b5c2a764c93500,,,UNLINKED_PIXEL_ARTIFACT,HOLD_UNTIL_PROVENANCE_LINKED,,,,,,290.504012174791,33.9502238027197,
cache/verified_starglass/bi05607/40095480214339.fits,legacy_or_other,1399680,29eedbea0127c74764ffc2c78783f38da952ae8c45504d81595dfda92a72c2da,,,UNLINKED_PIXEL_ARTIFACT,HOLD_UNTIL_PROVENANCE_LINKED,,,,,,288.43000430835,34.3337091519125,
evidence/raw/stsci_dss_forced_plate/0a/0a0476f472e6afcfd52cb66cf0fb88b2d7e9a88e35cc6ce78ccf74768ad3c661.fits,evidence_store,1650240,0a0476f472e6afcfd52cb66cf0fb88b2d7e9a88e35cc6ce78ccf74768ad3c661,POSS-I:415:O:rec479,exact_frozen_fits_sha:POSS-I:415:O:rec479;header_region:XO478;unique_header_alias:XO478,EXACT_FROZEN_PIXEL_HASH_MATCH,PIXEL_REUSE_CANDIDATE_DETECTOR_RESULT_STILL_NEEDS_METHOD_PROVENANCE,XO478,O415,A31W,1951-11-04T09:43:00,data,86.033398,12.066165,
evidence/raw/stsci_dss_forced_plate/1b/1bfc0327f7b9392117ecd420e1d8fa66a6513c03d936a0bd59c867843c5895a0.fits,evidence_store,622080,1bfc0327f7b9392117ecd420e1d8fa66a6513c03d936a0bd59c867843c5895a0,POSS-I:407:E:rec246,exact_frozen_fits_sha:POSS-I:407:E:rec246;header_region:XE245;unique_header_alias:XE245,EXACT_FROZEN_PIXEL_HASH_MATCH,PIXEL_REUSE_CANDIDATE_DETECTOR_RESULT_STILL_NEEDS_METHOD_PROVENANCE,XE245,E407,08BI,1951-11-02T07:02:00,data,37.20951,36.652884,
evidence/raw/stsci_dss_forced_plate/21/2145cd017731a3a6e6554ea9b509fb7a2e5ae2244c1b382cbfc3bce943cb9430.fits,evidence_store,622080,2145cd017731a3a6e6554ea9b509fb7a2e5ae2244c1b382cbfc3bce943cb9430,POSS-I:314:E:rec646,exact_frozen_fits_sha:POSS-I:314:E:rec646;header_region:XE645;unique_header_alias:XE645,EXACT_FROZEN_PIXEL_HASH_MATCH,PIXEL_REUSE_CANDIDATE_DETECTOR_RESULT_STILL_NEEDS_METHOD_PROVENANCE,XE645,E314,0D9V,1951-08-07T09:90:00,data,7.845788,-5.199345,
evidence/raw/stsci_dss_forced_plate/3b/3b7c0b035f065e6a4485edb38f05ee9d28c64036b5cea4398c0c2e4a5e741896.fits,evidence_store,1650240,3b7c0b035f065e6a4485edb38f05ee9d28c64036b5cea4398c0c2e4a5e741896,POSS-I:989:O:rec258,exact_frozen_fits_sha:POSS-I:989:O:rec258;header_region:XO257;unique_header_alias:XO257,EXACT_FROZEN_PIXEL_HASH_MATCH,PIXEL_REUSE_CANDIDATE_DETECTOR_RESULT_STILL_NEEDS_METHOD_PROVENANCE,XO257,O989,A3G7,1954-02-25T05:93:00,data,121.361999,35.593846,
evidence/raw/stsci_dss_forced_plate/41/41fd8cd85c2d08dc1c9944949dcab07068ce5c1a5b3e0512cb675aa5f2b0681e.fits,evidence_store,1650240,41fd8cd85c2d08dc1c9944949dcab07068ce5c1a5b3e0512cb675aa5f2b0681e,POSS-I:305:O:rec637,exact_frozen_fits_sha:POSS-I:305:O:rec637;header_region:XO636;unique_header_alias:XO636,EXACT_FROZEN_PIXEL_HASH_MATCH,PIXEL_REUSE_CANDIDATE_DETECTOR_RESULT_STILL_NEEDS_METHOD_PROVENANCE,XO636,O305,A3P2,1951-08-05T07:62:00,data,313.855972,0.553378,
evidence/raw/stsci_dss_forced_plate/43/43a5a53dc38c38d2f10058f0c45bc71496c98fb5fd3f41ef3cfe775ffa3cc157.fits,evidence_store,622080,43a5a53dc38c38d2f10058f0c45bc71496c98fb5fd3f41ef3cfe775ffa3cc157,POSS-I:320:E:rec463,exact_frozen_fits_sha:POSS-I:320:E:rec463;header_region:XE462;unique_header_alias:XE462,EXACT_FROZEN_PIXEL_HASH_MATCH,PIXEL_REUSE_CANDIDATE_DETECTOR_RESULT_STILL_NEEDS_METHOD_PROVENANCE,XE462,E320,08RI,1951-08-12T09:13:00,data,349.807512,18.79225,
evidence/raw/stsci_dss_forced_plate/49/49f4283d4c57131b9d7e7a48604d49e9e363d8a6fabdc98d98337f08cbd0f931.fits,evidence_store,633600,49f4283d4c57131b9d7e7a48604d49e9e363d8a6fabdc98d98337f08cbd0f931,POSS-I:500:E:rec679,exact_frozen_fits_sha:POSS-I:500:E:rec679;header_region:XE678;unique_header_alias:XE678,EXACT_FROZEN_PIXEL_HASH_MATCH,PIXEL_REUSE_CANDIDATE_DETECTOR_RESULT_STILL_NEEDS_METHOD_PROVENANCE,XE678,E500,0DH1,1952-05-23T05:07:00,data,205.896548,-6.731419,
evidence/raw/stsci_dss_forced_plate/58/5839e995fccecf6b139128f85f4c9454c7e95b32e103bc18b9b3078d323a7ee5.fits,evidence_store,1650240,5839e995fccecf6b139128f85f4c9454c7e95b32e103bc18b9b3078d323a7ee5,POSS-I:297:O:rec635,exact_frozen_fits_sha:POSS-I:297:O:rec635;header_region:XO634;unique_header_alias:XO634,EXACT_FROZEN_PIXEL_HASH_MATCH,PIXEL_REUSE_CANDIDATE_DETECTOR_RESULT_STILL_NEEDS_METHOD_PROVENANCE,XO634,O297,A3P0,1951-07-30T07:43:00,data,301.855865,0.419865,
evidence/raw/stsci_dss_forced_plate/5e/5ecd0294099c67384112eb3f79393567d982da36e9bbfa19354915977d54bda0.fits,evidence_store,622080,5ecd0294099c67384112eb3f79393567d982da36e9bbfa19354915977d54bda0,POSS-I:445:E:rec481,exact_frozen_fits_sha:POSS-I:445:E:rec481;header_region:XE480;unique_header_alias:XE480,EXACT_FROZEN_PIXEL_HASH_MATCH,PIXEL_REUSE_CANDIDATE_DETECTOR_RESULT_STILL_NEEDS_METHOD_PROVENANCE,XE480,E445,08WE,1951-11-30T09:00:00,data,98.024042,11.899385,
evidence/raw/stsci_dss_forced_plate/61/614e3397f767771e8f12aa46f5f125657f3f16ee40e514a169298c37b8d887a2.fits,evidence_store,1650240,614e3397f767771e8f12aa46f5f125657f3f16ee40e514a169298c37b8d887a2,POSS-I:1009:O:rec785,exact_frozen_fits_sha:POSS-I:1009:O:rec785;header_region:XO785;unique_header_alias:XO785,EXACT_FROZEN_PIXEL_HASH_MATCH,PIXEL_REUSE_CANDIDATE_DETECTOR_RESULT_STILL_NEEDS_METHOD_PROVENANCE,XO785,O1010,A3T4,1954-03-26T04:22:00,data,121.628437,-18.417078,
evidence/raw/stsci_dss_forced_plate/6b/6b752611158854e2d83fdd9ab435c6ad7c9252fba313b53c13f39b3804785d35.fits,evidence_store,1650240,6b752611158854e2d83fdd9ab435c6ad7c9252fba313b53c13f39b3804785d35,POSS-I:313:O:rec523,exact_frozen_fits_sha:POSS-I:313:O:rec523;header_region:XO522;unique_header_alias:XO522,EXACT_FROZEN_PIXEL_HASH_MATCH,PIXEL_REUSE_CANDIDATE_DETECTOR_RESULT_STILL_NEEDS_METHOD_PROVENANCE,XO522,O313,A3M1,1951-08-07T08:43:00,data,349.829079,12.786945,
evidence/raw/stsci_dss_forced_plate/6e/6e8ca42e82804615316845436c934d0b184a5deddeeee9ab0c6951736088fa16.fits,evidence_store,622080,6e8ca42e82804615316845436c934d0b184a5deddeeee9ab0c6951736088fa16,POSS-I:413:E:rec297,exact_frozen_fits_sha:POSS-I:413:E:rec297;header_region:XE296;unique_header_alias:XE296,EXACT_FROZEN_PIXEL_HASH_MATCH,PIXEL_REUSE_CANDIDATE_DETECTOR_RESULT_STILL_NEEDS_METHOD_PROVENANCE,XE296,E413,06S2,1951-11-04T07:00:00,data,28.071047,30.71936,
evidence/raw/stsci_dss_forced_plate/70/702a8392e2dd5f2bd6cc0b9cc6f925c6a9b7c05dd53d7768838d8a9ce3bb3071.fits,evidence_store,1650240,702a8392e2dd5f2bd6cc0b9cc6f925c6a9b7c05dd53d7768838d8a9ce3bb3071,POSS-I:236:O:rec425,exact_frozen_fits_sha:POSS-I:236:O:rec425;header_region:XO424;unique_header_alias:XO424,EXACT_FROZEN_PIXEL_HASH_MATCH,PIXEL_REUSE_CANDIDATE_DETECTOR_RESULT_STILL_NEEDS_METHOD_PROVENANCE,XO424,O236,A34L,1951-02-03T06:82:00,data,122.086565,17.575517,
evidence/raw/stsci_dss_forced_plate/71/71aa157f109fb660366ada78be03600b2b2227a41f54e158db014c4777ce49b9.fits,evidence_store,622080,71aa157f109fb660366ada78be03600b2b2227a41f54e158db014c4777ce49b9,POSS-I:368:E:rec192,exact_frozen_fits_sha:POSS-I:368:E:rec192;header_region:XE191;unique_header_alias:XE191,EXACT_FROZEN_PIXEL_HASH_MATCH,PIXEL_REUSE_CANDIDATE_DETECTOR_RESULT_STILL_NEEDS_METHOD_PROVENANCE,XE191,E368,07WI,1951-09-09T08:02:00,data,358.811157,48.807324,
evidence/raw/stsci_dss_forced_plate/72/722cb1c44951398fe20fa86f6a6de77b2ede4af1335c596dcabff2937f0d6bd7.fits,evidence_store,622080,722cb1c44951398fe20fa86f6a6de77b2ede4af1335c596dcabff2937f0d6bd7,POSS-I:1024:E:rec742,exact_frozen_fits_sha:POSS-I:1024:E:rec742;header_region:XE742;unique_header_alias:XE742,EXACT_FROZEN_PIXEL_HASH_MATCH,PIXEL_REUSE_CANDIDATE_DETECTOR_RESULT_STILL_NEEDS_METHOD_PROVENANCE,XE742,E1025,0FGT,1954-04-01T09:75:00,data,223.979424,-12.587162,
evidence/raw/stsci_dss_forced_plate/7e/7e321c8af374b9242372d0ab2e5689f0745739487fb28efeeb740f0bbeaf7afd.fits,evidence_store,622080,7e321c8af374b9242372d0ab2e5689f0745739487fb28efeeb740f0bbeaf7afd,POSS-I:236:E:rec425,exact_frozen_fits_sha:POSS-I:236:E:rec425;header_region:XE424;unique_header_alias:XE424,EXACT_FROZEN_PIXEL_HASH_MATCH,PIXEL_REUSE_CANDIDATE_DETECTOR_RESULT_STILL_NEEDS_METHOD_PROVENANCE,XE424,E236,08M9,1951-02-03T05:90:00,data,122.086935,17.575202,
evidence/raw/stsci_dss_forced_plate/80/8080c441fc28258af610dd1d4284e45b14d62a4c381cbbf472392e31170721d9.fits,evidence_store,1650240,8080c441fc28258af610dd1d4284e45b14d62a4c381cbbf472392e31170721d9,POSS-I:558:O:rec517,exact_frozen_fits_sha:POSS-I:558:O:rec517;header_region:XO516;unique_header_alias:XO516,EXACT_FROZEN_PIXEL_HASH_MATCH,PIXEL_REUSE_CANDIDATE_DETECTOR_RESULT_STILL_NEEDS_METHOD_PROVENANCE,XO516,O558,A3LV,1952-08-19T07:40:00,data,313.729592,12.552136,
evidence/raw/stsci_dss_forced_plate/8b/8b5734bf0752a943f7f709c38c352637ebf4f10ca5adb04155e3b50d1ab054a7.fits,evidence_store,622080,8b5734bf0752a943f7f709c38c352637ebf4f10ca5adb04155e3b50d1ab054a7,POSS-I:306:E:rec703,exact_frozen_fits_sha:POSS-I:306:E:rec703;header_region:XE702;unique_header_alias:XE702,EXACT_FROZEN_PIXEL_HASH_MATCH,PIXEL_REUSE_CANDIDATE_DETECTOR_RESULT_STILL_NEEDS_METHOD_PROVENANCE,XE702,E306,0E2B,1951-08-05T09:05:00,data,349.870453,-5.206732,
evidence/raw/stsci_dss_forced_plate/95/95bdffcde5a3311aaf255f52956d7f597171185d801b5519165597ce4a0bc3c6.fits,evidence_store,622080,95bdffcde5a3311aaf255f52956d7f597171185d801b5519165597ce4a0bc3c6,POSS-I:976:E:rec492,exact_frozen_fits_sha:POSS-I:976:E:rec492;header_region:XE491;unique_header_alias:XE491,EXACT_FROZEN_PIXEL_HASH_MATCH,PIXEL_REUSE_CANDIDATE_DETECTOR_RESULT_STILL_NEEDS_METHOD_PROVENANCE,XE491,E976,08WO,1954-02-09T09:68:00,data,163.910754,11.239673,
evidence/raw/stsci_dss_forced_plate/aa/aa56bc3e4a26414d186eb085ea5885ffe0428e4c4e85525f41562c7b1da01ee1.fits,evidence_store,622080,aa56bc3e4a26414d186eb085ea5885ffe0428e4c4e85525f41562c7b1da01ee1,POSS-I:1103:E:rec397,exact_frozen_fits_sha:POSS-I:1103:E:rec397;header_region:XE396;unique_header_alias:XE396,EXACT_FROZEN_PIXEL_HASH_MATCH,PIXEL_REUSE_CANDIDATE_DETECTOR_RESULT_STILL_NEEDS_METHOD_PROVENANCE,XE396,E1103,072W,1954-06-28T09:18:00,data,313.586298,24.547222,
evidence/raw/stsci_dss_forced_plate/b2/b2025288697732091b4b61dbce34c4f921462d5b86f1ad17f579b7a7536ad0a4.fits,evidence_store,1650240,b2025288697732091b4b61dbce34c4f921462d5b86f1ad17f579b7a7536ad0a4,POSS-I:1405:O:rec616,exact_frozen_fits_sha:POSS-I:1405:O:rec616;header_region:XO615;unique_header_alias:XO615,EXACT_FROZEN_PIXEL_HASH_MATCH,PIXEL_REUSE_CANDIDATE_DETECTOR_RESULT_STILL_NEEDS_METHOD_PROVENANCE,XO615,O1405,A3OI,1955-04-20T05:87:00,data,187.857959,-0.801292,
evidence/raw/stsci_dss_forced_plate/b7/b794f46dea7db1eeb946cdddc4e79f0a98ae68e47a316f91f4ebc43016aa2493.fits,evidence_store,622080,b794f46dea7db1eeb946cdddc4e79f0a98ae68e47a316f91f4ebc43016aa2493,POSS-I:1102:E:rec140,exact_frozen_fits_sha:POSS-I:1102:E:rec140;header_region:XE139;unique_header_alias:XE139,EXACT_FROZEN_PIXEL_HASH_MATCH,PIXEL_REUSE_CANDIDATE_DETECTOR_RESULT_STILL_NEEDS_METHOD_PROVENANCE,XE139,E1102,07PT,1954-06-28T07:17:00,data,266.741647,53.954902,
evidence/raw/stsci_dss_forced_plate/bc/bcf76fa980418182235d60223de9ea1728f799a42e84677bdfb035fb043bd41f.fits,evidence_store,622080,bcf76fa980418182235d60223de9ea1728f799a42e84677bdfb035fb043bd41f,POSS-I:985:E:rec726,exact_frozen_fits_sha:POSS-I:985:E:rec726;header_region:XE726;unique_header_alias:XE726,EXACT_FROZEN_PIXEL_HASH_MATCH,PIXEL_REUSE_CANDIDATE_DETECTOR_RESULT_STILL_NEEDS_METHOD_PROVENANCE,XE726,E986,0EGP,1954-02-24T06:23:00,data,127.712937,-12.487873,
evidence/raw/stsci_dss_forced_plate/c6/c6d30005727c64b05bb5f7a67fe37ca223083e8148eb2708713b5f12414e37f1.fits,evidence_store,622080,c6d30005727c64b05bb5f7a67fe37ca223083e8148eb2708713b5f12414e37f1,POSS-I:340:E:rec231,exact_frozen_fits_sha:POSS-I:340:E:rec231;header_region:XE230;unique_header_alias:XE230,EXACT_FROZEN_PIXEL_HASH_MATCH,PIXEL_REUSE_CANDIDATE_DETECTOR_RESULT_STILL_NEEDS_METHOD_PROVENANCE,XE230,E340,0899,1951-09-02T04:02:00,data,286.156187,42.220322,
evidence/raw/stsci_dss_forced_plate/c7/c70859e517bfe2002bbefc81313d789d15ac3ab2d26dc52105e4bda519e82418.fits,evidence_store,622080,c70859e517bfe2002bbefc81313d789d15ac3ab2d26dc52105e4bda519e82418,POSS-I:293:E:rec754,exact_frozen_fits_sha:POSS-I:293:E:rec754;header_region:XE754;unique_header_alias:XE754,EXACT_FROZEN_PIXEL_HASH_MATCH,PIXEL_REUSE_CANDIDATE_DETECTOR_RESULT_STILL_NEEDS_METHOD_PROVENANCE,XE754,E294,0FHF,1951-07-29T07:15:00,data,296.005759,-11.653342,
evidence/raw/stsci_dss_forced_plate/cf/cfc5bd58dca2f0bcda8c33f09abcb391bc9f568af2f49163a535989bc47ef2d2.fits,evidence_store,1650240,cfc5bd58dca2f0bcda8c33f09abcb391bc9f568af2f49163a535989bc47ef2d2,POSS-I:372:O:rec455,exact_frozen_fits_sha:POSS-I:372:O:rec455;header_region:XO454;unique_header_alias:XO454,EXACT_FROZEN_PIXEL_HASH_MATCH,PIXEL_REUSE_CANDIDATE_DETECTOR_RESULT_STILL_NEEDS_METHOD_PROVENANCE,XO454,O372,A3K9,1951-09-20T04:42:00,data,301.628675,18.414205,
evidence/raw/stsci_dss_forced_plate/fb/fb036e353879a90405ad29879c36fc49d46cb68260beace9033f88dfc3f62dae.fits,evidence_store,1650240,fb036e353879a90405ad29879c36fc49d46cb68260beace9033f88dfc3f62dae,POSS-I:533:O:rec187,exact_frozen_fits_sha:POSS-I:533:O:rec187;header_region:XO186;unique_header_alias:XO186,EXACT_FROZEN_PIXEL_HASH_MATCH,PIXEL_REUSE_CANDIDATE_DETECTOR_RESULT_STILL_NEEDS_METHOD_PROVENANCE,XO186,O533,A31G,1952-07-19T09:48:00,data,315.720534,48.572982,
