pair_index,pair_id,fragment_index,start_utc,end_utc,duration_seconds,parent_fragment_status,downstream_fragment_class,witness_count,parent_fragment_row_sha256
29,3013|85373,1,1928-10-12T23:13:38+00:00,1928-10-12T23:33:35+00:00,1197.0,FINITE_GEOMETRY_ADMISSIBLE_WITNESS,GEOMETRY_ADMISSIBLE,1,fa1a99231afd15388a92f1f95099bd4db9e3180aeaa5770e9adb377414584f1e
30,3013|85374,1,1928-10-12T23:35:34+00:00,1928-10-12T23:41:33+00:00,359.0,FINITE_GEOMETRY_ADMISSIBLE_WITNESS,GEOMETRY_ADMISSIBLE,1,ba9aa84eb53b830afe95d8e655e2476e0fa7d1068d8b3c336c59dbdb00c39b5a
32,3018|85379,1,1928-10-14T23:10:04+00:00,1928-10-14T23:16:44+00:00,400.0,FINITE_GEOMETRY_ADMISSIBLE_WITNESS,GEOMETRY_ADMISSIBLE,2,db8bbef32ccc36d5122c24321178481433e305e40dc95ddb65d797b0f65f1825
33,3018|85380,1,1928-10-14T23:17:44+00:00,1928-10-14T23:19:02+00:00,78.0,FINITE_GEOMETRY_ADMISSIBLE_WITNESS,GEOMETRY_ADMISSIBLE,1,30e7f687550885252b82edde8b7aa22b2932f298993dd5700077f7d921d67883
36,3018|85397,1,1928-10-15T22:04:59+00:00,1928-10-15T22:24:56+00:00,1197.0,FINITE_GEOMETRY_ADMISSIBLE_WITNESS,GEOMETRY_ADMISSIBLE,1,c048f4144159447037ce6ef8f5d2ed2590cf168584c0f815752c18f823e9b0a6
37,3018|85398,1,1928-10-15T22:25:56+00:00,1928-10-15T22:31:55+00:00,359.0,FINITE_GEOMETRY_ADMISSIBLE_WITNESS,GEOMETRY_ADMISSIBLE,1,06ed049c4fd5c2d4c3021dcb40c0e2217d7e5ef7813b2e6aba6fd20d214f2ced
38,3018|85399,1,1928-10-15T22:41:53+00:00,1928-10-15T23:03:50+00:00,1317.0,FINITE_GEOMETRY_ADMISSIBLE_WITNESS,GEOMETRY_ADMISSIBLE,1,11f5c0ae65964e23522f50e6888a1e742e4043cdcf2d44ac0a975a4967d58ca0
39,3018|85400,1,1928-10-15T23:04:50+00:00,1928-10-15T23:12:48+00:00,478.0,FINITE_GEOMETRY_ADMISSIBLE_WITNESS,GEOMETRY_ADMISSIBLE,1,7d7a327354d6b66a4c2a7f5f7c3b8e45aa21430c0d382a0eb3cf7cc7cc67eaa3
40,3018|85401,1,1928-10-15T23:21:47+00:00,1928-10-15T23:41:44+00:00,1197.0,FINITE_GEOMETRY_ADMISSIBLE_WITNESS,GEOMETRY_ADMISSIBLE,1,8e07a26394d266cc7e28e819bcfc57f822a534ac72587a28dd5fc791f511d695
52,3047|120736,1,1929-01-09T20:53:00+00:00,1929-01-09T20:53:26+00:00,26.0,FINITE_GEOMETRY_ADMISSIBLE_WITNESS,GEOMETRY_ADMISSIBLE,1,ba5223df9a4f23f3a90681eac0e3a0df6cdc45c0db9036069f19a90f6f1a47db
61,3049|85501,1,1929-01-10T00:02:37+00:00,1929-01-10T00:32:32+00:00,1795.0,FINITE_GEOMETRY_ADMISSIBLE_WITNESS,GEOMETRY_ADMISSIBLE,1,af43e12561c40ca89617bd6e75c9fd9baefc6dd8a51babf30fc09753e7f3d002
62,3049|85502,1,1929-01-10T00:33:31+00:00,1929-01-10T00:42:30+00:00,539.0,FINITE_GEOMETRY_ADMISSIBLE_WITNESS,GEOMETRY_ADMISSIBLE,1,0a36ac06169c39538538a0305d1caf267872326e03ec0e236d5e5d2c2f40d150
65,3075|85573,1,1929-01-31T20:52:23+00:00,1929-01-31T21:12:20+00:00,1197.0,FINITE_GEOMETRY_ADMISSIBLE_WITNESS,GEOMETRY_ADMISSIBLE,1,efe6184a4b35877ee3de347b73cb60b32d962d2566a0c54d06d17da1e730008d
66,3075|85574,1,1929-01-31T21:13:20+00:00,1929-01-31T21:19:19+00:00,359.0,FINITE_GEOMETRY_ADMISSIBLE_WITNESS,GEOMETRY_ADMISSIBLE,1,a0d38e44d35d79ff29c9c71b8e1975fad5246733f3ee31c241a317b2b06c939b
106,3103|85661,1,1929-02-08T20:49:10+00:00,1929-02-08T20:56:50+00:00,460.0,FINITE_GEOMETRY_ADMISSIBLE_WITNESS,GEOMETRY_ADMISSIBLE,2,a557231b0f60a2630f4b56e56219168ac6c86e3f8c9a412a1dd7fc351bc3a1d3
108,3104|85663,1,1929-02-08T21:09:36+00:00,1929-02-08T21:24:34+00:00,898.0,FINITE_GEOMETRY_ADMISSIBLE_WITNESS,GEOMETRY_ADMISSIBLE,1,c6ac19698f50a180f9834c3e3bf79235fa7633dffeef34a5ce428143651f116e
131,3133|120894,1,1929-03-16T21:57:00+00:00,1929-03-16T22:27:00+00:00,1800.0,FINITE_GEOMETRY_ADMISSIBLE_WITNESS,GEOMETRY_ADMISSIBLE,1,f1285e9bd10d0951922c2a721c3ac284c04f53527feb0013e9438e9d1b06622f
145,3141|120929,1,1929-03-28T21:00:00+00:00,1929-03-28T21:30:00+00:00,1800.0,FINITE_GEOMETRY_ADMISSIBLE_WITNESS,GEOMETRY_ADMISSIBLE,1,cd0b3bdef7ddbafaf530ba7a82fe8346e4d09afb623db56463a8e53f3c5bf9d0
146,3170|120975,1,1929-05-02T21:36:00+00:00,1929-05-02T22:06:00+00:00,1800.0,FINITE_GEOMETRY_ADMISSIBLE_WITNESS,GEOMETRY_ADMISSIBLE,1,677fac9c6d4cc71ff7056e66a29bcbace003b4a6397f6149df2736cc5695b6a0
148,3170|120977,1,1929-05-02T22:42:00+00:00,1929-05-02T23:12:00+00:00,1800.0,FINITE_GEOMETRY_ADMISSIBLE_WITNESS,GEOMETRY_ADMISSIBLE,1,6376446283bbe052d7cd92ca3c93f9f4636e6e8869052103c575a1d908ba675e
149,3170|120978,1,1929-05-02T23:16:00+00:00,1929-05-02T23:46:00+00:00,1800.0,FINITE_GEOMETRY_ADMISSIBLE_WITNESS,GEOMETRY_ADMISSIBLE,1,ebefaee80e62389dd2aa165ea6508479dc16c007d951f7c357cf6a90239bbf2c
157,3186|121004,1,1929-05-10T22:30:00+00:00,1929-05-10T23:00:00+00:00,1800.0,FINITE_GEOMETRY_ADMISSIBLE_WITNESS,GEOMETRY_ADMISSIBLE,2,abb7e57ffd048420313f7ac1a1626d4aca94548a78b2a10e3728656cd37c5cc9
173,3202|121066,1,1929-06-11T22:21:00+00:00,1929-06-11T22:51:00+00:00,1800.0,FINITE_GEOMETRY_ADMISSIBLE_WITNESS,GEOMETRY_ADMISSIBLE,1,f71a59789194b421b04fd534da4e14ba3b39d5ded3dfa54813329fd4b035debc
175,3204|121067,1,1929-06-11T23:18:59+00:00,1929-06-11T23:24:00+00:00,301.0,FINITE_GEOMETRY_ADMISSIBLE_WITNESS,GEOMETRY_ADMISSIBLE,1,07aab157c82e4ad06b77759902add7f21bf7164f664981f2a82e1a1c09b5a0b9
177,3207|85825,1,1929-06-17T22:13:30+00:00,1929-06-17T22:23:29+00:00,599.0,FINITE_GEOMETRY_ADMISSIBLE_WITNESS,GEOMETRY_ADMISSIBLE,1,9db78843f7899c7e6b446ac2fb0546ce410cf7dd525ff84b08bbeb2298c5d270
203,3243|121167,1,1929-08-07T21:52:19+00:00,1929-08-07T21:58:00+00:00,341.0,FINITE_GEOMETRY_ADMISSIBLE_WITNESS,GEOMETRY_ADMISSIBLE,1,5a8ed17396374c53293cca737369701e71a0e51cafe6b8044067ffe16159afe6
204,3245|121170,1,1929-08-10T21:09:37+00:00,1929-08-10T21:29:00+00:00,1163.0,FINITE_GEOMETRY_ADMISSIBLE_WITNESS,GEOMETRY_ADMISSIBLE,2,0ed575f0e31fdb5e7c0a92ce0db0f121f9175b350afdc4f8e0f5b0ad32cd5128
206,3249|121175,1,1929-08-13T21:53:00+00:00,1929-08-13T22:23:00+00:00,1800.0,FINITE_GEOMETRY_ADMISSIBLE_WITNESS,GEOMETRY_ADMISSIBLE,1,159aabf6c02415b96c35cb0320f8836d29b15fd84d9e6cf88f61aaf18be3c04e
212,3267|85905,1,1929-08-30T20:17:36+00:00,1929-08-30T20:37:32+00:00,1196.0,FINITE_GEOMETRY_ADMISSIBLE_WITNESS,GEOMETRY_ADMISSIBLE,2,ab64893bfaa71e9f9cdd5384e941587494d55b0b75005171f90694974b93bb4c
213,3267|85906,1,1929-08-30T20:38:02+00:00,1929-08-30T20:42:32+00:00,270.0,FINITE_GEOMETRY_ADMISSIBLE_WITNESS,GEOMETRY_ADMISSIBLE,1,d4f3b4935de9826a9848453626b393da6154cb55c585e7c8abfd48508d1d273f
221,3270|121187,1,1929-08-31T20:16:58+00:00,1929-08-31T20:29:00+00:00,722.0,FINITE_GEOMETRY_ADMISSIBLE_WITNESS,GEOMETRY_ADMISSIBLE,1,b39087ce096aa6b1189a1d176ea91bdd1938646c687cf021ebba524c4c3547d4
222,3270|121188,1,1929-08-31T20:30:00+00:00,1929-08-31T21:00:00+00:00,1800.0,FINITE_GEOMETRY_ADMISSIBLE_WITNESS,GEOMETRY_ADMISSIBLE,1,e2f431ab534c626de89d275f7bebcad79e3ab3da6c03882911be383255c0e1d6
223,3270|121190,1,1929-08-31T21:32:00+00:00,1929-08-31T22:02:00+00:00,1800.0,FINITE_GEOMETRY_ADMISSIBLE_WITNESS,GEOMETRY_ADMISSIBLE,1,25a6556b109b36be4d74c260eeb0dc3bb7f0ac2a4939c34506451f5664a1dbdf
241,3274|121194,1,1929-09-02T20:03:07+00:00,1929-09-02T20:21:00+00:00,1073.0,FINITE_GEOMETRY_ADMISSIBLE_WITNESS,GEOMETRY_ADMISSIBLE,2,4a980fff94cd7ed6ac9e6a33a9d68e21772c90e73648ab61d6579d886de26fe3
242,3274|121195,1,1929-09-02T20:22:00+00:00,1929-09-02T20:52:00+00:00,1800.0,FINITE_GEOMETRY_ADMISSIBLE_WITNESS,GEOMETRY_ADMISSIBLE,1,b14a2c299f8ff00d890ef69b1b1e50e8efb93fecb959afc1d1eee8b88fdf9cbb
244,3280|85943,1,1929-09-05T21:47:00+00:00,1929-09-05T21:54:41+00:00,461.0,FINITE_GEOMETRY_ADMISSIBLE_WITNESS,GEOMETRY_ADMISSIBLE,1,ad98ada828ff9012b02763a6f20369c4e83fe0a0690da4c5154437ceb01d42d6
245,3280|85944,1,1929-09-05T21:55:41+00:00,1929-09-05T22:00:10+00:00,269.0,FINITE_GEOMETRY_ADMISSIBLE_WITNESS,GEOMETRY_ADMISSIBLE,1,bd0b395b6c8c1b0d3a4e16c947c14e0593f1d1d5fbbe66b0d828f7ae818b8e4b
251,3291|85975,1,1929-09-11T23:32:45+00:00,1929-09-11T23:47:43+00:00,898.0,FINITE_GEOMETRY_ADMISSIBLE_WITNESS,GEOMETRY_ADMISSIBLE,1,fbfcb401cce3dac87b1fe481d4b883a4b2d166a746f2fb61e4b730659e4fd396
252,3291|85976,1,1929-09-11T23:48:43+00:00,1929-09-11T23:53:12+00:00,269.0,FINITE_GEOMETRY_ADMISSIBLE_WITNESS,GEOMETRY_ADMISSIBLE,1,2418c19623941ba1cc1e4acaaebc273ae2e99b282356a132dec94bb8cf20dbe0
255,3308|85985,1,1929-09-25T22:34:43+00:00,1929-09-25T22:38:11+00:00,208.0,FINITE_GEOMETRY_ADMISSIBLE_WITNESS,GEOMETRY_ADMISSIBLE,1,23f9ce74e494ddba19489002a97cd572c555eca66f39759a48709709610e1495
262,3317|85993,1,1929-09-26T22:18:19+00:00,1929-09-26T22:38:46+00:00,1227.0,FINITE_GEOMETRY_ADMISSIBLE_WITNESS,GEOMETRY_ADMISSIBLE,1,2e5445b145cbacf8caaa58248ea96f060a4b6f12def0c4d1bfecdf4c1757ee73
263,3317|85994,1,1929-09-26T22:39:46+00:00,1929-09-26T22:46:45+00:00,419.0,FINITE_GEOMETRY_ADMISSIBLE_WITNESS,GEOMETRY_ADMISSIBLE,1,7bddb11331ebccdb73434acccd4f2a5206a88fc6f0785656bffc9228a12a737c
264,3320|85995,1,1929-09-27T20:22:11+00:00,1929-09-27T20:42:08+00:00,1197.0,FINITE_GEOMETRY_ADMISSIBLE_WITNESS,GEOMETRY_ADMISSIBLE,1,36fdc3b1b5eb7b3e28c81fdb1eeac2fb444ecbe1a0aaa0d2015c8f10ba549d39
265,3320|85996,1,1929-09-27T20:42:38+00:00,1929-09-27T20:48:37+00:00,359.0,FINITE_GEOMETRY_ADMISSIBLE_WITNESS,GEOMETRY_ADMISSIBLE,1,bc972d60c16ab147442bdb352adcfe94e889d16a6b2e146846e5b6e4db760d17
266,3320|85997,1,1929-09-27T20:54:36+00:00,1929-09-27T21:14:33+00:00,1197.0,FINITE_GEOMETRY_ADMISSIBLE_WITNESS,GEOMETRY_ADMISSIBLE,1,6021dbbe88168787b2f7e1fb6e707d64ae211206011c29e5f69bc0b92c192f1b
267,3320|85998,1,1929-09-27T21:15:03+00:00,1929-09-27T21:21:02+00:00,359.0,FINITE_GEOMETRY_ADMISSIBLE_WITNESS,GEOMETRY_ADMISSIBLE,1,f78d4d60c634250a8088996be44b2e6ba5bfdf066873f0798b9fc284f445f9dc
287,3400|86067,1,1929-11-09T22:41:17+00:00,1929-11-09T22:51:15+00:00,598.0,FINITE_GEOMETRY_ADMISSIBLE_WITNESS,GEOMETRY_ADMISSIBLE,2,7814a4eb1a599cf3c4664a07ec90cc27b2363ae4e4f9e8b27a3d7966402924c9
288,3400|86068,1,1929-11-09T22:51:45+00:00,1929-11-09T22:54:45+00:00,180.0,FINITE_GEOMETRY_ADMISSIBLE_WITNESS,GEOMETRY_ADMISSIBLE,1,678b02ca9f52f86af7015315b35234573f93bd4193d4e7b680348ad9c9305817
289,3400|86069,1,1929-11-09T23:02:14+00:00,1929-11-09T23:12:12+00:00,598.0,FINITE_GEOMETRY_ADMISSIBLE_WITNESS,GEOMETRY_ADMISSIBLE,1,de7d7d0a59a4104c7263194190faaae5a032a58faed6b0a3e89cc9b304849b2c
290,3400|86070,1,1929-11-09T23:12:42+00:00,1929-11-09T23:15:41+00:00,179.0,FINITE_GEOMETRY_ADMISSIBLE_WITNESS,GEOMETRY_ADMISSIBLE,1,4282402975b0d80b52fdfff4d438c87abad9979cf060fcc5393b67bac22319a6
291,3400|86071,1,1929-11-09T23:21:11+00:00,1929-11-09T23:31:09+00:00,598.0,FINITE_GEOMETRY_ADMISSIBLE_WITNESS,GEOMETRY_ADMISSIBLE,1,9b92bd93635c1ef60a4e3e62c19035417cf255213af191aac8ae27b3df2fd9c9
292,3400|86072,1,1929-11-09T23:31:39+00:00,1929-11-09T23:34:38+00:00,179.0,FINITE_GEOMETRY_ADMISSIBLE_WITNESS,GEOMETRY_ADMISSIBLE,1,bdd3a39e18af751e33bd2ad2775f416892bc5841a2fdc02e23927e0cf579be61
293,3400|86073,1,1929-11-09T23:39:08+00:00,1929-11-09T23:49:06+00:00,598.0,FINITE_GEOMETRY_ADMISSIBLE_WITNESS,GEOMETRY_ADMISSIBLE,1,6ad345efe9bcb9623e70082b2d70feb25af3f8d8e076f48243f328ef1b89c2d0
294,3400|86074,1,1929-11-09T23:49:36+00:00,1929-11-09T23:52:35+00:00,179.0,FINITE_GEOMETRY_ADMISSIBLE_WITNESS,GEOMETRY_ADMISSIBLE,1,3b35da21b0460b315b71ffd03225a1dd0a467d4187981630370f4795ca1050d5
319,3527|121680,1,1930-02-19T19:18:00+00:00,1930-02-19T19:27:08+00:00,548.0,FINITE_GEOMETRY_ADMISSIBLE_WITNESS,GEOMETRY_ADMISSIBLE,1,750ab5335e28a8db2409d37b128831fb9c09c633ffbf7809815f4940b2e083a5
321,3530|121682,1,1930-02-19T20:28:03+00:00,1930-02-19T20:41:01+00:00,778.0,FINITE_GEOMETRY_ADMISSIBLE_WITNESS,GEOMETRY_ADMISSIBLE,1,cc08325879c5165e28fe8e32e50458971dadf4a79ec8e5c05e26b3ab4eed7370
351,3632|121797,1,1930-03-30T21:43:00+00:00,1930-03-30T22:46:00+00:00,3780.0,FINITE_GEOMETRY_ADMISSIBLE_WITNESS,GEOMETRY_ADMISSIBLE,1,2012de3e833922092c660754eabaa8a861d1bc81e0a54f30ff864c99ba7c463b
357,3641|121770,1,1930-04-01T22:29:00+00:00,1930-04-01T22:29:50+00:00,50.0,FINITE_GEOMETRY_ADMISSIBLE_WITNESS,GEOMETRY_ADMISSIBLE,1,7daa32161296239d815562cfd043780046c7704b47dffb1bd097324771070aff
360,3650|121790,1,1930-04-22T23:53:00+00:00,1930-04-23T00:24:00+00:00,1860.0,FINITE_GEOMETRY_ADMISSIBLE_WITNESS,GEOMETRY_ADMISSIBLE,1,a3bd7b322323cf7f920a64bcbc4b2323e9eb0baddfc0505136f4476bdd419f69
361,3650|121791,1,1930-04-23T00:27:00+00:00,1930-04-23T00:59:00+00:00,1920.0,FINITE_GEOMETRY_ADMISSIBLE_WITNESS,GEOMETRY_ADMISSIBLE,2,befa11287de6462906d394c5c842e103227d0d9c351bb778a1e7e9f0a282158f
380,3706|121863,1,1930-06-17T22:36:14+00:00,1930-06-17T23:06:00+00:00,1786.0,FINITE_GEOMETRY_ADMISSIBLE_WITNESS,GEOMETRY_ADMISSIBLE,1,cf3a8b0f541b62bce090ee443f47c0b8dd9f9ac892eb4a3a0b864aa1805a3093
382,3708|86395,1,1930-06-18T22:57:26+00:00,1930-06-18T23:09:24+00:00,718.0,FINITE_GEOMETRY_ADMISSIBLE_WITNESS,GEOMETRY_ADMISSIBLE,1,b4ece60de16471cc08813573da367de06094d97d9407459edc583e2d8b9d651d
383,3708|86396,1,1930-06-18T23:10:54+00:00,1930-06-18T23:14:23+00:00,209.0,FINITE_GEOMETRY_ADMISSIBLE_WITNESS,GEOMETRY_ADMISSIBLE,1,fd78d8e622dcbb966856509cfb07b0a2f6dba4f3764ec09469ead27c16c3716a
393,3736|121932,1,1930-08-25T20:43:00+00:00,1930-08-25T21:13:00+00:00,1800.0,FINITE_GEOMETRY_ADMISSIBLE_WITNESS,GEOMETRY_ADMISSIBLE,1,de3d2779af00a731ae6664e57b1ec737f59ec9aaa84c76f4ef2fdad953d4d371
394,3737|121935,1,1930-08-25T22:35:00+00:00,1930-08-25T22:49:09+00:00,849.0,FINITE_GEOMETRY_ADMISSIBLE_WITNESS,GEOMETRY_ADMISSIBLE,1,005b36d8b0d17e54dc8798a20b7a462b666a7f1c1a86e087c868c2d11ac644f6
396,3743|121940,1,1930-08-26T01:45:10+00:00,1930-08-26T02:00:00+00:00,890.0,FINITE_GEOMETRY_ADMISSIBLE_WITNESS,GEOMETRY_ADMISSIBLE,1,34e134cf2033eae76c3d1fbc4d6f61bfb3725f282a8569e977aaadfa4a8ef035
399,3751|121952,1,1930-08-27T21:27:00+00:00,1930-08-27T21:45:27+00:00,1107.0,FINITE_GEOMETRY_ADMISSIBLE_WITNESS,GEOMETRY_ADMISSIBLE,1,d26e70876990accbc85d601031991bd22b5b1a7f6f53f52288371c08c5c3cbed
400,3754|121955,1,1930-08-28T22:32:00+00:00,1930-08-28T23:02:00+00:00,1800.0,FINITE_GEOMETRY_ADMISSIBLE_WITNESS,GEOMETRY_ADMISSIBLE,1,d7c749d4f0f2ec5fad99061f5ebe1ecc3d479229f50a60e4ed6f8655e64d8406
401,3754|121957,1,1930-08-28T23:40:00+00:00,1930-08-29T00:10:00+00:00,1800.0,FINITE_GEOMETRY_ADMISSIBLE_WITNESS,GEOMETRY_ADMISSIBLE,1,79198100c14bdd46c79dd097d6c8e571ba4846ce06407288a18c3e56f3cae03a
402,3758|121958,1,1930-08-29T21:43:00+00:00,1930-08-29T22:02:01+00:00,1141.0,FINITE_GEOMETRY_ADMISSIBLE_WITNESS,GEOMETRY_ADMISSIBLE,1,05b32cde301a3bc1c8c78d88673e3d6bc1159b930d5825fd0ff1eb81bfbd5fa0
404,3786|121982,1,1930-10-16T18:20:00+00:00,1930-10-16T18:20:52+00:00,52.0,FINITE_GEOMETRY_ADMISSIBLE_WITNESS,GEOMETRY_ADMISSIBLE,1,950b54f516ab6f690731bffdd1d99268444ef7778faa18d6f90b78d0de453456
406,3787|121984,1,1930-10-16T19:24:00+00:00,1930-10-16T19:32:40+00:00,520.0,FINITE_GEOMETRY_ADMISSIBLE_WITNESS,GEOMETRY_ADMISSIBLE,1,58a08b4922e94c305207772a8ad10e34cbc18bd160325c0ea2c514fb46c7c913
417,3938|122170,1,1931-02-13T19:31:49+00:00,1931-02-13T19:47:00+00:00,911.0,FINITE_GEOMETRY_ADMISSIBLE_WITNESS,GEOMETRY_ADMISSIBLE,1,1f67b4a5c8e125d1a4951299a2c38da8feccfb9dcb41e986011e8b9da428f631
418,3958|122228,1,1931-03-06T20:34:11+00:00,1931-03-06T20:39:10+00:00,299.0,FINITE_GEOMETRY_ADMISSIBLE_WITNESS,GEOMETRY_ADMISSIBLE,1,4a57d151cec0703f26cd2bc349586a38332c80036a381958f5cc8c506f6df355
420,3967|122339,1,1931-03-15T20:00:00+00:00,1931-03-15T20:59:00+00:00,3540.0,FINITE_GEOMETRY_ADMISSIBLE_WITNESS,GEOMETRY_ADMISSIBLE,1,0766cf3c3166b10aeca2ac87b925e212c415f786e6b0c94e626948795630b7df
423,3969|122343,1,1931-03-15T23:32:00+00:00,1931-03-16T00:02:00+00:00,1800.0,FINITE_GEOMETRY_ADMISSIBLE_WITNESS,GEOMETRY_ADMISSIBLE,1,a41979710378982e8dd92e83b0471361d87b40082b3f09e44af91e82b86addc7
424,3969|122344,1,1931-03-16T00:03:00+00:00,1931-03-16T00:33:00+00:00,1800.0,FINITE_GEOMETRY_ADMISSIBLE_WITNESS,GEOMETRY_ADMISSIBLE,3,842dd66752433d4f0edb4d5c218ca70c5f9d9fca6c8550e7309fcc9d38c99043
426,3969|122346,1,1931-03-16T01:05:00+00:00,1931-03-16T01:35:00+00:00,1800.0,FINITE_GEOMETRY_ADMISSIBLE_WITNESS,GEOMETRY_ADMISSIBLE,1,e6f85ff7f97a39fcfa0b6da92a9f5b5f0a2568f30b2815a05267e90ae97478e3
430,3970|122349,1,1931-03-16T03:07:32+00:00,1931-03-16T03:08:00+00:00,28.0,FINITE_GEOMETRY_ADMISSIBLE_WITNESS,GEOMETRY_ADMISSIBLE,1,787a80aaa5f2af6993c55939afea85b281d4beb8d03bf2b449126d428328f75c
433,3976|122355,1,1931-03-16T21:33:00+00:00,1931-03-16T22:03:00+00:00,1800.0,FINITE_GEOMETRY_ADMISSIBLE_WITNESS,GEOMETRY_ADMISSIBLE,1,c98ee04da078bf1c52568e908afe4d810f47e930a600e7dbd9561463f52dcbdf
434,3976|122356,1,1931-03-16T22:04:00+00:00,1931-03-16T22:34:00+00:00,1800.0,FINITE_GEOMETRY_ADMISSIBLE_WITNESS,GEOMETRY_ADMISSIBLE,1,900a20741ef91824b621a462e55024bb0c325548109f804d06c4e6ed03173cdd
447,3983|86495,1,1931-03-17T23:43:25+00:00,1931-03-17T23:55:53+00:00,748.0,FINITE_GEOMETRY_ADMISSIBLE_WITNESS,GEOMETRY_ADMISSIBLE,1,c173555802360e4a7bc821671bb9b5e9883b2acc446e48d4e2b9d5a63c4a2e11
448,3983|86496,1,1931-03-17T23:56:23+00:00,1931-03-17T23:59:52+00:00,209.0,FINITE_GEOMETRY_ADMISSIBLE_WITNESS,GEOMETRY_ADMISSIBLE,1,d3c9103cd3bd804e263bf988b4ee4cbf8e8106b8ebd2a11f2ab0b46353a92865
450,3983|122375,1,1931-03-17T22:45:00+00:00,1931-03-17T23:45:00+00:00,3600.0,FINITE_GEOMETRY_ADMISSIBLE_WITNESS,GEOMETRY_ADMISSIBLE,1,21f9a66100149b9227b6fa2024d1820b0cf99c40718de0f6c536bab732039f89
451,3983|122376,1,1931-03-17T23:46:00+00:00,1931-03-18T00:27:36+00:00,2496.0,FINITE_GEOMETRY_ADMISSIBLE_WITNESS,GEOMETRY_ADMISSIBLE,1,861df2ada947e624a20398a832847b639b4c8a6d503c1bfbe4ba54347f6cc7e5
453,3985|122378,1,1931-03-18T01:16:00+00:00,1931-03-18T01:46:00+00:00,1800.0,FINITE_GEOMETRY_ADMISSIBLE_WITNESS,GEOMETRY_ADMISSIBLE,1,3ef9ecfb5c2aced91c6cad45f7a95e9f086d3189e872232764f51ba04de059ec
461,3988|122414,1,1931-03-18T19:28:00+00:00,1931-03-18T19:33:00+00:00,300.0,FINITE_GEOMETRY_ADMISSIBLE_WITNESS,GEOMETRY_ADMISSIBLE,1,157c37f182284859c49a1e3ca3723cfa7ae2248a465a432646a40c1cab621504
462,3988|122415,1,1931-03-18T19:34:00+00:00,1931-03-18T20:04:00+00:00,1800.0,FINITE_GEOMETRY_ADMISSIBLE_WITNESS,GEOMETRY_ADMISSIBLE,1,6cf3ec0735d4e82467511ca9425d327d1301a53f4b58fe046af958e845ee64c4
463,3988|122416,1,1931-03-18T20:05:00+00:00,1931-03-18T20:13:00+00:00,480.0,FINITE_GEOMETRY_ADMISSIBLE_WITNESS,GEOMETRY_ADMISSIBLE,2,e112e8b009a3d45245269d0caf8a3c38d96221a78d62d2689262755e2f01603e
464,3988|122417,1,1931-03-18T20:14:00+00:00,1931-03-18T20:19:00+00:00,300.0,FINITE_GEOMETRY_ADMISSIBLE_WITNESS,GEOMETRY_ADMISSIBLE,1,4b9c858ab6b54ca40b095695d03f0d5b747516585c7339cea67e4f04e289c5f3
465,3988|122418,1,1931-03-18T20:20:00+00:00,1931-03-18T20:50:00+00:00,1800.0,FINITE_GEOMETRY_ADMISSIBLE_WITNESS,GEOMETRY_ADMISSIBLE,2,dda46f8e4692f1ad0ce71088fed3ef75d4a560f6e6ff655127d52c4732a5ee3c
466,3988|122419,1,1931-03-18T20:51:00+00:00,1931-03-18T20:59:00+00:00,480.0,FINITE_GEOMETRY_ADMISSIBLE_WITNESS,GEOMETRY_ADMISSIBLE,1,c3a3218be5bc8e7d9b05d8c370e8572412e825c4f3012f0f88ad8a045ab1238b
471,3993|122424,1,1931-03-18T22:51:55+00:00,1931-03-18T22:54:00+00:00,125.0,FINITE_GEOMETRY_ADMISSIBLE_WITNESS,GEOMETRY_ADMISSIBLE,2,9a576b9006bc48b75cd473c54d3f0a5cef272a2ea8b9831f7b1b7273af19840d
472,3993|122425,1,1931-03-18T22:55:00+00:00,1931-03-18T23:10:00+00:00,900.0,FINITE_GEOMETRY_ADMISSIBLE_WITNESS,GEOMETRY_ADMISSIBLE,2,4eebcd31b7d8112c1ab444d23f5e3de84d188b60962174905040ac413d8ba62a
476,3995|122429,1,1931-03-19T00:44:00+00:00,1931-03-19T01:14:00+00:00,1800.0,FINITE_GEOMETRY_ADMISSIBLE_WITNESS,GEOMETRY_ADMISSIBLE,1,9ef1f8943880587b03e6657a74b5a3f5bfd1e7282570d6723903b430619c4b28
477,3995|122430,1,1931-03-19T01:15:00+00:00,1931-03-19T01:45:00+00:00,1800.0,FINITE_GEOMETRY_ADMISSIBLE_WITNESS,GEOMETRY_ADMISSIBLE,1,a6adb9ae5a23e1b26f89a7c6956ab9589a4d5cab6e9e59d37a97cc16a4c911c7
480,3995|122433,1,1931-03-19T02:47:00+00:00,1931-03-19T03:17:00+00:00,1800.0,FINITE_GEOMETRY_ADMISSIBLE_WITNESS,GEOMETRY_ADMISSIBLE,1,2693a0c71054bd499a1ac53bc76fd6c98f0a91a5782231122be9c22b2fcd8888
491,4008|122455,1,1931-03-20T21:32:15+00:00,1931-03-20T21:42:00+00:00,585.0,FINITE_GEOMETRY_ADMISSIBLE_WITNESS,GEOMETRY_ADMISSIBLE,1,db5fe7e45fd7d39e7c3bd59c76e21a8ba7432a9a5adcc56dadd2566b2563d1f6
492,4008|122456,1,1931-03-20T21:43:00+00:00,1931-03-20T22:02:10+00:00,1150.0,FINITE_GEOMETRY_ADMISSIBLE_WITNESS,GEOMETRY_ADMISSIBLE,2,2e295823d7b266560415110b6cac7a02272287272ddaabfc070a51a2b1eea6f7
492,4008|122456,2,1931-03-20T22:11:09+00:00,1931-03-20T22:41:04+00:00,1795.0,FINITE_GEOMETRY_ADMISSIBLE_WITNESS,GEOMETRY_ADMISSIBLE,1,08343e64649395aa24afb4dcc04c4f6ca74327bea84409341efd3e24f2d18390
493,4014|122462,1,1931-03-21T01:09:12+00:00,1931-03-21T01:33:00+00:00,1428.0,FINITE_GEOMETRY_ADMISSIBLE_WITNESS,GEOMETRY_ADMISSIBLE,2,39ea92d3eae0681634b9cec2d4012952eed372dbadb355819ccd9e76369ca2b5
494,4014|122464,1,1931-03-21T02:05:00+00:00,1931-03-21T02:35:00+00:00,1800.0,FINITE_GEOMETRY_ADMISSIBLE_WITNESS,GEOMETRY_ADMISSIBLE,1,576bb93f97be51128da69308091576e4105cf2cae9a36358ccda56bbec576f9b
495,4014|122465,1,1931-03-21T02:36:00+00:00,1931-03-21T02:51:00+00:00,900.0,FINITE_GEOMETRY_ADMISSIBLE_WITNESS,GEOMETRY_ADMISSIBLE,1,cb16d636adac84b58e2c3cf77414dfe5cc6f84f2b1b33e6d63d8df9eb56f7d14
498,4018|122473,1,1931-03-21T20:14:00+00:00,1931-03-21T20:44:00+00:00,1800.0,FINITE_GEOMETRY_ADMISSIBLE_WITNESS,GEOMETRY_ADMISSIBLE,2,238496273c41c6d6376d57cc0d1f66f86939e914aa3374b383120a537dbe8756
499,4018|122474,1,1931-03-21T20:45:00+00:00,1931-03-21T21:15:00+00:00,1800.0,FINITE_GEOMETRY_ADMISSIBLE_WITNESS,GEOMETRY_ADMISSIBLE,2,51808b78525e7268c6fa471faabf9e17f71a99bd2496261c197f35af514a5620
502,4051|122525,1,1931-04-06T21:00:00+00:00,1931-04-06T21:30:00+00:00,1800.0,FINITE_GEOMETRY_ADMISSIBLE_WITNESS,GEOMETRY_ADMISSIBLE,1,8f32f0cc6e8fabead1ff863a459f6ec209fefb3d2bc8ea65aa6d3678f27c1600
504,4053|122536,1,1931-04-07T20:34:00+00:00,1931-04-07T21:00:22+00:00,1582.0,FINITE_GEOMETRY_ADMISSIBLE_WITNESS,GEOMETRY_ADMISSIBLE,2,5a7d2f23d11bc4b67b3b18159f262041d0072ac89eeeebb2a42326949f9df657
506,4053|122541,1,1931-04-07T23:09:00+00:00,1931-04-07T23:37:00+00:00,1680.0,FINITE_GEOMETRY_ADMISSIBLE_WITNESS,GEOMETRY_ADMISSIBLE,2,abdde6f338fe620b5830d3a94967f437927dfabd6405a7a21df59073d3c05721
510,4057|122555,1,1931-04-08T20:35:00+00:00,1931-04-08T21:05:00+00:00,1800.0,FINITE_GEOMETRY_ADMISSIBLE_WITNESS,GEOMETRY_ADMISSIBLE,2,b2ccfd4357174152d5ca7f326c5f78bc8ec14a1e171da15ccac10471678262e7
511,4057|122557,1,1931-04-08T21:35:00+00:00,1931-04-08T21:50:00+00:00,900.0,FINITE_GEOMETRY_ADMISSIBLE_WITNESS,GEOMETRY_ADMISSIBLE,1,a1329b165c824008303f23e0c122ca0f6886638089909784beccbfe53e80e2f5
512,4057|122558,1,1931-04-08T21:51:00+00:00,1931-04-08T22:06:00+00:00,900.0,FINITE_GEOMETRY_ADMISSIBLE_WITNESS,GEOMETRY_ADMISSIBLE,2,d3bb4400332777583456777babd19460862c1ec87b585236641c5d5117822b41
513,4057|122559,1,1931-04-08T22:07:00+00:00,1931-04-08T22:11:14+00:00,254.0,FINITE_GEOMETRY_ADMISSIBLE_WITNESS,GEOMETRY_ADMISSIBLE,2,1bd17b46d1602ab127adfa8b5624fa8e6ac5b7166b7c115849f6e402b84c3595
514,4057|122621,1,1931-04-08T20:11:33+00:00,1931-04-08T20:43:00+00:00,1887.0,FINITE_GEOMETRY_ADMISSIBLE_WITNESS,GEOMETRY_ADMISSIBLE,1,1545f2797476aaf50e11b3c4b8cda9983c928b4af12152b05c32113be879b5db
519,4060|122566,1,1931-04-09T01:20:00+00:00,1931-04-09T01:50:00+00:00,1800.0,FINITE_GEOMETRY_ADMISSIBLE_WITNESS,GEOMETRY_ADMISSIBLE,3,eefb418de06e16088a97a0cc459683e976ddfe48bab669537fe266a7752c6fa7
520,4060|122567,1,1931-04-09T01:51:00+00:00,1931-04-09T02:21:00+00:00,1800.0,FINITE_GEOMETRY_ADMISSIBLE_WITNESS,GEOMETRY_ADMISSIBLE,2,a274ec0d0da61b3e7229d03caa143793e572f7573cc25530ba51b994a367c261
528,4079|122680,1,1931-05-14T00:43:00+00:00,1931-05-14T01:01:47+00:00,1127.0,FINITE_GEOMETRY_ADMISSIBLE_WITNESS,GEOMETRY_ADMISSIBLE,1,a488abb18f03236a689ae2a058270b8b5c4753af2bde435e7d85b84dafc054e7
534,4090|122792,1,1931-06-04T23:48:00+00:00,1931-06-04T23:53:14+00:00,314.0,FINITE_GEOMETRY_ADMISSIBLE_WITNESS,GEOMETRY_ADMISSIBLE,1,6fefdd22c918b36a9a77988f99c01f67942ca38f4d245f7b09cc756b3ec3370f
536,4096|122826,1,1931-06-16T22:38:08+00:00,1931-06-16T22:58:04+00:00,1196.0,FINITE_GEOMETRY_ADMISSIBLE_WITNESS,GEOMETRY_ADMISSIBLE,1,76ab4267cee53b28a2663ac2cbaaee118f6f70ee233f8b328c07010af9ff7639
540,4100|122849,1,1931-06-23T00:01:00+00:00,1931-06-23T00:02:24+00:00,84.0,FINITE_GEOMETRY_ADMISSIBLE_WITNESS,GEOMETRY_ADMISSIBLE,1,60cadf3121fb43801d3579a2e2c2eb8aee58ab39589492b71844c1c2986b0f38
551,4134|122966,1,1931-09-09T01:17:50+00:00,1931-09-09T01:36:00+00:00,1090.0,FINITE_GEOMETRY_ADMISSIBLE_WITNESS,GEOMETRY_ADMISSIBLE,1,d8ecf48cd79a55de75863f38225781b47e6a0ab77a8eec7475eb7e84d271a6f9
552,4134|122984,1,1931-09-09T01:17:50+00:00,1931-09-09T01:36:00+00:00,1090.0,FINITE_GEOMETRY_ADMISSIBLE_WITNESS,GEOMETRY_ADMISSIBLE,1,d86f621305336ca266cf3ff3e61726ccba0d9bf885198549536d8d7d125f17c0
553,4142|122995,1,1931-09-09T20:51:00+00:00,1931-09-09T21:07:00+00:00,960.0,FINITE_GEOMETRY_ADMISSIBLE_WITNESS,GEOMETRY_ADMISSIBLE,1,6ee54b73b093f880e1a7159dd8bd6b8ce6691b253b4dc931f1217b97156eebae
556,4142|123002,1,1931-09-09T23:44:00+00:00,1931-09-09T23:53:48+00:00,588.0,FINITE_GEOMETRY_ADMISSIBLE_WITNESS,GEOMETRY_ADMISSIBLE,1,b30ef7b57875380be4a8c0cbda0e4ff1e494c4abaaf874e9a3682d03bfeabee4
577,4211|123179,1,1931-10-15T00:12:00+00:00,1931-10-15T00:40:41+00:00,1721.0,FINITE_GEOMETRY_ADMISSIBLE_WITNESS,GEOMETRY_ADMISSIBLE,1,37a32df59c7521de210096fdd8886bc3d7455beba29aa44b8a200d2ab3a53ce9
581,4234|123247,1,1931-11-03T19:43:00+00:00,1931-11-03T20:05:34+00:00,1354.0,FINITE_GEOMETRY_ADMISSIBLE_WITNESS,GEOMETRY_ADMISSIBLE,1,c0d97840bd8def61381f27ce531de2cf1bf34f87f48e6aa0f66c60ba6bc70a7f
585,4237|123264,1,1931-11-04T19:39:00+00:00,1931-11-04T20:09:00+00:00,1800.0,FINITE_GEOMETRY_ADMISSIBLE_WITNESS,GEOMETRY_ADMISSIBLE,1,d3f9929ab14069bf79186813173cb57d0634296a8ce590af3be505cb9f09f748
586,4237|123265,1,1931-11-04T20:10:00+00:00,1931-11-04T20:40:00+00:00,1800.0,FINITE_GEOMETRY_ADMISSIBLE_WITNESS,GEOMETRY_ADMISSIBLE,2,0207ce4fcff0cab582c69a943b8d234592bfd80310a297e091fc8d389a757e4b
589,4237|123268,1,1931-11-04T21:44:00+00:00,1931-11-04T22:00:19+00:00,979.0,FINITE_GEOMETRY_ADMISSIBLE_WITNESS,GEOMETRY_ADMISSIBLE,1,c0eb214b9b2afe9ed0499d0309a4b972264bd7ace50f5a5830d64829d980e97d
590,4243|123327,1,1931-11-30T16:59:37+00:00,1931-11-30T17:04:00+00:00,263.0,FINITE_GEOMETRY_ADMISSIBLE_WITNESS,GEOMETRY_ADMISSIBLE,2,2bb7fa3b7ddb0ad025af68c36212c2a02e2c977992c78893fa6d1aee0c3ca166
591,4243|123328,1,1931-11-30T17:05:00+00:00,1931-11-30T17:20:00+00:00,900.0,FINITE_GEOMETRY_ADMISSIBLE_WITNESS,GEOMETRY_ADMISSIBLE,1,ad1d7ad9bffd070250046bbb8bc2f95b09846ff90a98f11683377d865ca900cf
601,4255|123391,1,1931-12-17T01:18:00+00:00,1931-12-17T01:48:00+00:00,1800.0,FINITE_GEOMETRY_ADMISSIBLE_WITNESS,GEOMETRY_ADMISSIBLE,1,adc07d48d776ce4804e6c504f1c8e53851ff0aebf76c9ea7319a2f48288afd8b
602,4255|123392,1,1931-12-17T01:49:00+00:00,1931-12-17T02:19:00+00:00,1800.0,FINITE_GEOMETRY_ADMISSIBLE_WITNESS,GEOMETRY_ADMISSIBLE,1,f387537e687212a53ccbfd3623f405ff36f243ddee4a8706219d8ee7be54f7d1
603,4255|123393,1,1931-12-17T02:20:00+00:00,1931-12-17T02:50:00+00:00,1800.0,FINITE_GEOMETRY_ADMISSIBLE_WITNESS,GEOMETRY_ADMISSIBLE,1,84bb8f27263bcd2020e7a053f04ef9d8648418a17408eea65a0f4e4ca14c79e9
604,4255|123394,1,1931-12-17T02:51:00+00:00,1931-12-17T03:21:00+00:00,1800.0,FINITE_GEOMETRY_ADMISSIBLE_WITNESS,GEOMETRY_ADMISSIBLE,2,7273c0e54eace9a4d7cacce4709ad3fc902744297a5bc9b602928b7faab61e9d
605,4255|123395,1,1931-12-17T03:22:00+00:00,1931-12-17T03:29:19+00:00,439.0,FINITE_GEOMETRY_ADMISSIBLE_WITNESS,GEOMETRY_ADMISSIBLE,1,8371d8b99b846e28ad81699a788a5187ada868e52ef0ad83f71377ad72b0c5fa
606,4256|123395,1,1931-12-17T03:48:16+00:00,1931-12-17T03:52:00+00:00,224.0,FINITE_GEOMETRY_ADMISSIBLE_WITNESS,GEOMETRY_ADMISSIBLE,1,b304dba5f4b3b1926d6c4167474118196c0ec4b7b83e8e3369aa194697fdbceb
607,4257|123398,1,1931-12-17T04:55:00+00:00,1931-12-17T04:55:45+00:00,45.0,FINITE_GEOMETRY_ADMISSIBLE_WITNESS,GEOMETRY_ADMISSIBLE,1,e7afd816a9ee7420112c7b7b9f8aa34caf83db1f688a8122bd8efaaf62f41df0
608,4257|123402,1,1931-12-17T04:25:00+00:00,1931-12-17T04:54:00+00:00,1740.0,FINITE_GEOMETRY_ADMISSIBLE_WITNESS,GEOMETRY_ADMISSIBLE,1,fbec86847554d1022b79a1e8766c4507324e13e16f6b6f210b1c4a2048eb2e36
609,4257|123403,1,1931-12-17T04:55:00+00:00,1931-12-17T04:55:45+00:00,45.0,FINITE_GEOMETRY_ADMISSIBLE_WITNESS,GEOMETRY_ADMISSIBLE,1,51d1bdb4ad3ddc257ad6307df0ff2441a1b920287505a62a25defcf987596647
610,4258|123398,1,1931-12-17T04:59:34+00:00,1931-12-17T05:14:31+00:00,897.0,FINITE_GEOMETRY_ADMISSIBLE_WITNESS,GEOMETRY_ADMISSIBLE,1,0f427325122fa76a1ef62f237f34a0cf13906f76dc50b0f3f2adb2b6489cba09
611,4258|123403,1,1931-12-17T04:59:34+00:00,1931-12-17T05:14:31+00:00,897.0,FINITE_GEOMETRY_ADMISSIBLE_WITNESS,GEOMETRY_ADMISSIBLE,1,b8b33b897b98c259501a1216021534ccb7ce54ce4ab208fa61ff768d061510f3
613,4259|123399,1,1931-12-17T05:26:00+00:00,1931-12-17T05:34:00+00:00,480.0,FINITE_GEOMETRY_ADMISSIBLE_WITNESS,GEOMETRY_ADMISSIBLE,1,adba12bfa32286b70131180c2cf6e78f5f250d2fe9cb64c5b3ff27c79fbbb876
614,4259|123400,1,1931-12-17T05:35:00+00:00,1931-12-17T05:39:27+00:00,267.0,FINITE_GEOMETRY_ADMISSIBLE_WITNESS,GEOMETRY_ADMISSIBLE,2,816c90bec2021c996be9b20f07c8b349aa0324771b81b8e961c162a9b6d7b46f
616,4284|123406,1,1931-12-18T04:08:00+00:00,1931-12-18T04:38:00+00:00,1800.0,FINITE_GEOMETRY_ADMISSIBLE_WITNESS,GEOMETRY_ADMISSIBLE,2,dfc9022aa41d06fd70ddcd7ed49d1904f9c27d1e0170550d4571e7f946a80474
618,4297|123501,1,1932-01-28T18:11:59+00:00,1932-01-28T18:12:00+00:00,1.0,FINITE_GEOMETRY_ADMISSIBLE_WITNESS,GEOMETRY_ADMISSIBLE,1,897aa5859d0dca5ce00ccc3e36fae8597ebdbf286195e8531f2a422518e9986b
619,4297|123502,1,1932-01-28T18:13:00+00:00,1932-01-28T18:43:00+00:00,1800.0,FINITE_GEOMETRY_ADMISSIBLE_WITNESS,GEOMETRY_ADMISSIBLE,2,c9fe23237fc8eb8b699e7d4ce8c9e5f2957d23aed160f9770f2a389995164f6c
620,4297|123503,1,1932-01-28T18:44:00+00:00,1932-01-28T19:14:00+00:00,1800.0,FINITE_GEOMETRY_ADMISSIBLE_WITNESS,GEOMETRY_ADMISSIBLE,1,f3082242159504051a184db77ad2d90e0e74ec430a228ae101b095ddd095a49a
621,4297|123504,1,1932-01-28T19:15:00+00:00,1932-01-28T19:22:38+00:00,458.0,FINITE_GEOMETRY_ADMISSIBLE_WITNESS,GEOMETRY_ADMISSIBLE,1,5934b102cf4d3efa51897a0d53113112656a563b704cc906a4f1ee05731f2a55
622,4297|123508,1,1932-01-28T18:13:00+00:00,1932-01-28T18:43:00+00:00,1800.0,FINITE_GEOMETRY_ADMISSIBLE_WITNESS,GEOMETRY_ADMISSIBLE,2,f0f9ac10590e68bd291d4304f14b383cb8e13098aa5f42ee1ab8efda3dde5f51
623,4297|123510,1,1932-01-28T19:15:00+00:00,1932-01-28T19:22:38+00:00,458.0,FINITE_GEOMETRY_ADMISSIBLE_WITNESS,GEOMETRY_ADMISSIBLE,1,a81ca72c34c1bf99f5041570e3150e63d3a683aae9604ad0664001fa89335fca
624,4299|123504,1,1932-01-28T19:44:34+00:00,1932-01-28T19:45:00+00:00,26.0,FINITE_GEOMETRY_ADMISSIBLE_WITNESS,GEOMETRY_ADMISSIBLE,2,8fef295057ce31d4eef15e7b48c3e4f173ead89fd3fb6ffa88c5e0f9ee40d96f
625,4299|123505,1,1932-01-28T19:46:00+00:00,1932-01-28T20:16:00+00:00,1800.0,FINITE_GEOMETRY_ADMISSIBLE_WITNESS,GEOMETRY_ADMISSIBLE,1,d4f95dd00526c5a59d9d46345f01fcd2d28ab724cc2d20c3b2507f2e0483215d
626,4299|123506,1,1932-01-28T20:18:00+00:00,1932-01-28T20:48:00+00:00,1800.0,FINITE_GEOMETRY_ADMISSIBLE_WITNESS,GEOMETRY_ADMISSIBLE,1,11ad5fdbc21d51aef1c245bd0ff4090af2a7e1648e78ee5c481916d07a622a6b
627,4299|123510,1,1932-01-28T19:44:34+00:00,1932-01-28T19:45:00+00:00,26.0,FINITE_GEOMETRY_ADMISSIBLE_WITNESS,GEOMETRY_ADMISSIBLE,2,a9a9fe6b8617c8404ecc27c2e04fea199cc9d7261c56a91c220e53aba210f108
632,4308|123513,1,1932-02-05T18:43:31+00:00,1932-02-05T18:50:00+00:00,389.0,FINITE_GEOMETRY_ADMISSIBLE_WITNESS,GEOMETRY_ADMISSIBLE,1,e8383c1fffab80dcbdedd036c3c86a63f9c0f3345b054903fd43ec020e2ae76f
633,4308|123514,1,1932-02-05T18:51:00+00:00,1932-02-05T19:21:00+00:00,1800.0,FINITE_GEOMETRY_ADMISSIBLE_WITNESS,GEOMETRY_ADMISSIBLE,1,7e6113ea86af95e5cea7deedeada702ec8921c5da94771767ff5bf9730881604
634,4308|123515,1,1932-02-05T19:22:00+00:00,1932-02-05T20:29:00+00:00,4020.0,FINITE_GEOMETRY_ADMISSIBLE_WITNESS,GEOMETRY_ADMISSIBLE,1,733501b00b5e938bfa91e368c9ec64b967dcc02b804135ce60f63c8c4e0a9486
637,4310|123518,1,1932-02-05T22:15:37+00:00,1932-02-05T22:42:00+00:00,1583.0,FINITE_GEOMETRY_ADMISSIBLE_WITNESS,GEOMETRY_ADMISSIBLE,1,d883da5c045a197560814e73c6210473de7beec5b95c111591b9f5e3df5d3330
638,4310|123519,1,1932-02-05T22:44:00+00:00,1932-02-05T23:44:00+00:00,3600.0,FINITE_GEOMETRY_ADMISSIBLE_WITNESS,GEOMETRY_ADMISSIBLE,1,a607d20ac2a67c5ac5adfcbd6cc9615d83d153305e9b9aabd84de01fa8c7f99c
642,4310|123534,1,1932-02-05T22:44:00+00:00,1932-02-05T23:13:00+00:00,1740.0,FINITE_GEOMETRY_ADMISSIBLE_WITNESS,GEOMETRY_ADMISSIBLE,1,75aaf2c69b2ca2370a69e6acb08f79e170e1b2136e36e8d808142b83dbe7ca5a
643,4310|123535,1,1932-02-05T23:14:00+00:00,1932-02-05T23:44:00+00:00,1800.0,FINITE_GEOMETRY_ADMISSIBLE_WITNESS,GEOMETRY_ADMISSIBLE,1,89310eeb5e28f9bb48290cd3c65120f3df21e16742adb5662c0a27c9d9012542
646,4312|123521,1,1932-02-06T01:37:04+00:00,1932-02-06T01:45:00+00:00,476.0,FINITE_GEOMETRY_ADMISSIBLE_WITNESS,GEOMETRY_ADMISSIBLE,1,d32ce90931c8a2a6242e91807943947f8293e9177cdc5b48d388eeb3168b81c1
647,4312|123522,1,1932-02-06T01:46:00+00:00,1932-02-06T02:16:00+00:00,1800.0,FINITE_GEOMETRY_ADMISSIBLE_WITNESS,GEOMETRY_ADMISSIBLE,1,df389bccd681f7ee77ad46b18979301a67591cde71c950dabae5132fabcac80a
649,4312|123539,1,1932-02-06T01:46:00+00:00,1932-02-06T02:16:00+00:00,1800.0,FINITE_GEOMETRY_ADMISSIBLE_WITNESS,GEOMETRY_ADMISSIBLE,2,1cb956d5646891170768b17f46651da1b120344d791248ef85b8b98f1f0135fd
650,4312|123540,1,1932-02-06T02:17:00+00:00,1932-02-06T02:57:00+00:00,2400.0,FINITE_GEOMETRY_ADMISSIBLE_WITNESS,GEOMETRY_ADMISSIBLE,1,965d1080beacdb734a3a05d2935bf1fb8615a76c4dcc0efccfc44558e30f1b46
651,4315|123543,1,1932-02-06T18:01:00+00:00,1932-02-06T18:31:00+00:00,1800.0,FINITE_GEOMETRY_ADMISSIBLE_WITNESS,GEOMETRY_ADMISSIBLE,1,7b7ad7d20d8b9172b8f2ec82b4081e6223302dc27324a8fa7256605768dde4b5
652,4315|123544,1,1932-02-06T18:32:00+00:00,1932-02-06T19:02:00+00:00,1800.0,FINITE_GEOMETRY_ADMISSIBLE_WITNESS,GEOMETRY_ADMISSIBLE,1,9b43bea34d7f0bd2bbb3229bcb249fa7ea3a6f775beb10d35b24e2734f505557
653,4315|123546,1,1932-02-06T20:02:00+00:00,1932-02-06T20:32:00+00:00,1800.0,FINITE_GEOMETRY_ADMISSIBLE_WITNESS,GEOMETRY_ADMISSIBLE,1,e8e32719a8795651a4fe975089e74c77672db196dd11f0f7663598c24be602eb
655,4315|123564,1,1932-02-06T18:01:00+00:00,1932-02-06T18:31:00+00:00,1800.0,FINITE_GEOMETRY_ADMISSIBLE_WITNESS,GEOMETRY_ADMISSIBLE,2,6a0838f03aa35287a0e1060e96bd0242962fa93e1841e7d42a29f34f71b978fd
656,4315|123565,1,1932-02-06T18:32:00+00:00,1932-02-06T19:02:00+00:00,1800.0,FINITE_GEOMETRY_ADMISSIBLE_WITNESS,GEOMETRY_ADMISSIBLE,1,45a3d99d5fbfc36c7c199bc903c7ecc10b2ad0af8e226537fd9f2475756889cf
657,4315|123566,1,1932-02-06T20:02:00+00:00,1932-02-06T20:32:00+00:00,1800.0,FINITE_GEOMETRY_ADMISSIBLE_WITNESS,GEOMETRY_ADMISSIBLE,2,6a19f7da8de3b479a91bcb29ffb029a1b3ede6f069a08812494da5868948192e
658,4316|123547,1,1932-02-06T21:35:22+00:00,1932-02-06T21:37:00+00:00,98.0,FINITE_GEOMETRY_ADMISSIBLE_WITNESS,GEOMETRY_ADMISSIBLE,2,5db3fd95001dd7884f304dfdeea8313d552a065b6db40278a97442a44fb29d23
659,4316|123548,1,1932-02-06T21:39:00+00:00,1932-02-06T22:39:00+00:00,3600.0,FINITE_GEOMETRY_ADMISSIBLE_WITNESS,GEOMETRY_ADMISSIBLE,1,0c0b9964b5dde1cc033970a838815612a30bfa6cbb8a869c566e43caadcea632
660,4316|123549,1,1932-02-06T22:40:00+00:00,1932-02-06T22:56:00+00:00,960.0,FINITE_GEOMETRY_ADMISSIBLE_WITNESS,GEOMETRY_ADMISSIBLE,3,fba83e3263841e0c4d32ca88d4d47b69b9aad75c9f50918cdb5d2e623b331d89
661,4316|123568,1,1932-02-06T21:39:00+00:00,1932-02-06T22:39:00+00:00,3600.0,FINITE_GEOMETRY_ADMISSIBLE_WITNESS,GEOMETRY_ADMISSIBLE,1,c1b4a85b84fa3a519f1b5dfabd9dadedac2a0a9fdee2ab7c5cb148a64a3aa679
662,4316|123569,1,1932-02-06T22:40:00+00:00,1932-02-06T23:05:08+00:00,1508.0,FINITE_GEOMETRY_ADMISSIBLE_WITNESS,GEOMETRY_ADMISSIBLE,1,96b56b09d65a8d448c00188698ea9ee607f96b01f6b15e779d6d16a4f05045d0
666,4326|123592,1,1932-02-10T18:50:00+00:00,1932-02-10T19:20:00+00:00,1800.0,FINITE_GEOMETRY_ADMISSIBLE_WITNESS,GEOMETRY_ADMISSIBLE,1,9a6d78ae02f291cf08745ae8b32bb4e7990eb02a926d424841415546b73db20f
667,4326|123593,1,1932-02-10T19:21:00+00:00,1932-02-10T20:00:00+00:00,2340.0,FINITE_GEOMETRY_ADMISSIBLE_WITNESS,GEOMETRY_ADMISSIBLE,1,339d60b99e6a60ceaea6f42a1d4c882b1b22aed9c9f8857043396a74d73d3b2c
670,4334|123622,1,1932-02-25T18:46:20+00:00,1932-02-25T19:11:00+00:00,1480.0,FINITE_GEOMETRY_ADMISSIBLE_WITNESS,GEOMETRY_ADMISSIBLE,1,0bea339ce776149f4fd00f823712628e0ca7c4b865efba90b3b2c55e315e1184
671,4334|123625,1,1932-02-25T20:14:00+00:00,1932-02-25T20:44:00+00:00,1800.0,FINITE_GEOMETRY_ADMISSIBLE_WITNESS,GEOMETRY_ADMISSIBLE,1,9c478b29ab05d327e461a19dda015178dba04063558c44a8e06ae6788660b6eb
689,4350|123671,1,1932-02-29T22:43:00+00:00,1932-02-29T23:13:00+00:00,1800.0,FINITE_GEOMETRY_ADMISSIBLE_WITNESS,GEOMETRY_ADMISSIBLE,1,49b26ecd1f499b0c2a33a631c4d5fff8ceed959c987b20da1977afd96c3f98d3
690,4350|123672,1,1932-02-29T23:14:00+00:00,1932-02-29T23:25:18+00:00,678.0,FINITE_GEOMETRY_ADMISSIBLE_WITNESS,GEOMETRY_ADMISSIBLE,1,fcd751efdbf7b34a411f23de21cfc919c21b303351bae9cc1457e37e746efeab
691,4352|123650,1,1932-03-01T00:16:00+00:00,1932-03-01T00:46:00+00:00,1800.0,FINITE_GEOMETRY_ADMISSIBLE_WITNESS,GEOMETRY_ADMISSIBLE,1,a3260de1a6eaddd75a19d5b450973eab043fcaac9fcee2467884e0c08cbb41de
692,4352|123651,1,1932-03-01T00:47:00+00:00,1932-03-01T01:17:00+00:00,1800.0,FINITE_GEOMETRY_ADMISSIBLE_WITNESS,GEOMETRY_ADMISSIBLE,1,003fa61448855dcc70c386b3a84ddee8c3dc9faaae2a0282b8d2c5ec6df48503
694,4352|123655,1,1932-03-01T02:53:00+00:00,1932-03-01T03:25:00+00:00,1920.0,FINITE_GEOMETRY_ADMISSIBLE_WITNESS,GEOMETRY_ADMISSIBLE,1,78ddb5f27ea1f8ecbf8bdccfc3667a2863378b4ae2917196b336c01bb643a21f
696,4352|123678,1,1932-03-01T02:21:00+00:00,1932-03-01T02:51:00+00:00,1800.0,FINITE_GEOMETRY_ADMISSIBLE_WITNESS,GEOMETRY_ADMISSIBLE,1,543e731b69305f438fc0a813843dc74778cdb24d3c83ac7105e7e76fce309d62
713,4372|123759,1,1932-03-04T02:17:00+00:00,1932-03-04T02:45:00+00:00,1680.0,FINITE_GEOMETRY_ADMISSIBLE_WITNESS,GEOMETRY_ADMISSIBLE,1,7241d055ef4636b7c7df52014a8772cbf76ae478374a19f51a3d24f64a773a2a
731,4423|124002,1,1932-04-27T21:13:00+00:00,1932-04-27T21:43:00+00:00,1800.0,FINITE_GEOMETRY_ADMISSIBLE_WITNESS,GEOMETRY_ADMISSIBLE,1,f7cc0afac683e449de4d688212c66c790214c8e261ce3cffcc3e67f17bc5798e
732,4423|124004,1,1932-04-27T22:15:00+00:00,1932-04-27T22:45:00+00:00,1800.0,FINITE_GEOMETRY_ADMISSIBLE_WITNESS,GEOMETRY_ADMISSIBLE,1,b52fa848173926b652fc322876e6f16d1b6fbc9e1850690ef9a256b4216219ae
739,4426|123996,1,1932-04-28T00:50:00+00:00,1932-04-28T01:20:00+00:00,1800.0,FINITE_GEOMETRY_ADMISSIBLE_WITNESS,GEOMETRY_ADMISSIBLE,1,ba3ad37f1a5c065a2912984d4246c842a2a6668fc1f750af3302ba105e11f289
740,4426|124008,1,1932-04-28T00:19:00+00:00,1932-04-28T00:49:00+00:00,1800.0,FINITE_GEOMETRY_ADMISSIBLE_WITNESS,GEOMETRY_ADMISSIBLE,1,15d51b5be4175b0415244aa63516d8007094146a8a305a4750992267b02daf58
742,4426|124088,1,1932-05-06T00:25:00+00:00,1932-05-06T00:55:00+00:00,1800.0,FINITE_GEOMETRY_ADMISSIBLE_WITNESS,GEOMETRY_ADMISSIBLE,1,8cba89c37eac3bb344fdeec49774c9e5c03391cd07b269d2c81df7766b8455c4
743,4426|124089,1,1932-05-06T00:56:00+00:00,1932-05-06T01:26:00+00:00,1800.0,FINITE_GEOMETRY_ADMISSIBLE_WITNESS,GEOMETRY_ADMISSIBLE,1,0e1b421ff65465ec7c826be732dc2829402f3f0d7501a21d39fd98d8aca5d621
744,4426|124090,1,1932-05-06T01:27:00+00:00,1932-05-06T01:30:15+00:00,195.0,FINITE_GEOMETRY_ADMISSIBLE_WITNESS,GEOMETRY_ADMISSIBLE,2,44b435aa50f32413a913a1c44825e29dac7979cb2a36319ee49f890503e2485a
746,4426|124092,1,1932-05-06T00:25:00+00:00,1932-05-06T00:55:00+00:00,1800.0,FINITE_GEOMETRY_ADMISSIBLE_WITNESS,GEOMETRY_ADMISSIBLE,1,993437fe708f601f5a4f2a5519847bcb2350a088acd4ed7439bfe7df0bfdb47f
747,4426|124093,1,1932-05-06T00:56:00+00:00,1932-05-06T01:26:00+00:00,1800.0,FINITE_GEOMETRY_ADMISSIBLE_WITNESS,GEOMETRY_ADMISSIBLE,1,2d921824b8ebef6d009cb8dcad1ab9f16c4955856cd04dd99475dd7f2d6af1a1
749,4442|124202,1,1932-06-04T22:32:38+00:00,1932-06-04T22:43:00+00:00,622.0,FINITE_GEOMETRY_ADMISSIBLE_WITNESS,GEOMETRY_ADMISSIBLE,1,8be02a4e552922fdb7efde691c1721e5237b82854a1f7ac751dc899deaaba770
750,4442|124203,1,1932-06-04T22:44:00+00:00,1932-06-04T22:52:35+00:00,515.0,FINITE_GEOMETRY_ADMISSIBLE_WITNESS,GEOMETRY_ADMISSIBLE,1,6c3da295044fd9381865fab7aa58ed118933af32cb5e57268aec3a94a1f52ce6
751,4442|124210,1,1932-06-04T22:44:00+00:00,1932-06-04T22:52:35+00:00,515.0,FINITE_GEOMETRY_ADMISSIBLE_WITNESS,GEOMETRY_ADMISSIBLE,2,a53c4b3e6bf4d5d9104f976a6ecf3c1a4fd88d3af2fe3f74d91ed47c7ddbc28f
752,4443|124203,1,1932-06-04T23:02:23+00:00,1932-06-04T23:16:00+00:00,817.0,FINITE_GEOMETRY_ADMISSIBLE_WITNESS,GEOMETRY_ADMISSIBLE,1,0ffe557a09e752fa67e43f9dd15467f1284f1162b74b0e98629fe5d508380f37
753,4443|124204,1,1932-06-04T23:17:00+00:00,1932-06-04T23:22:20+00:00,320.0,FINITE_GEOMETRY_ADMISSIBLE_WITNESS,GEOMETRY_ADMISSIBLE,1,32f19c6f04eb204fb082d129c70882d74c55a88b830138d682adeb9a8f05fb3e
755,4444|124204,1,1932-06-04T23:31:18+00:00,1932-06-04T23:47:00+00:00,942.0,FINITE_GEOMETRY_ADMISSIBLE_WITNESS,GEOMETRY_ADMISSIBLE,2,16096079db653da0ea4ef13364883279ae3a4a63e6c73d290618dc1760bbf207
766,4459|124306,1,1932-07-03T22:37:47+00:00,1932-07-03T23:01:00+00:00,1393.0,FINITE_GEOMETRY_ADMISSIBLE_WITNESS,GEOMETRY_ADMISSIBLE,1,d71b82ce6cef755156d3ad0a545da1583d34dcf4813477ea2fa6f6a2dc2d55b4
767,4459|124307,1,1932-07-03T23:02:00+00:00,1932-07-03T23:08:42+00:00,402.0,FINITE_GEOMETRY_ADMISSIBLE_WITNESS,GEOMETRY_ADMISSIBLE,1,fbb71b7fdac11dd5bc8c2a07832ad7db790fbb639c217b6ed8cfd74cbf4a442c
768,4460|124301,1,1932-07-03T23:33:00+00:00,1932-07-03T23:46:56+00:00,836.0,FINITE_GEOMETRY_ADMISSIBLE_WITNESS,GEOMETRY_ADMISSIBLE,1,86809a514b39dfe14b1c3b2b6bb0a839b3f141e954af93cca50011e67a5e3577
769,4460|124307,1,1932-07-03T23:15:01+00:00,1932-07-03T23:32:00+00:00,1019.0,FINITE_GEOMETRY_ADMISSIBLE_WITNESS,GEOMETRY_ADMISSIBLE,1,5c57e2aafd59b01d65e8e8f00f09465e030f0cde5a4860ac6bfb8b03fa91d416
772,4463|124326,1,1932-07-05T22:44:15+00:00,1932-07-05T23:03:00+00:00,1125.0,FINITE_GEOMETRY_ADMISSIBLE_WITNESS,GEOMETRY_ADMISSIBLE,1,824bde71c50890c0e7ca2831095ccd50198f106e31dee2af7b2d7eb018cee84a
775,4463|124337,1,1932-07-05T22:44:15+00:00,1932-07-05T23:03:00+00:00,1125.0,FINITE_GEOMETRY_ADMISSIBLE_WITNESS,GEOMETRY_ADMISSIBLE,1,eb3f2d53f842a15a18bf89b1eec5c2a50ae8e22cd1c525318f8a0c1a1cbc1e4c
778,4466|124369,1,1932-07-26T22:34:00+00:00,1932-07-26T22:59:00+00:00,1500.0,FINITE_GEOMETRY_ADMISSIBLE_WITNESS,GEOMETRY_ADMISSIBLE,1,2623883a15efeab878179e5828456412209616ab7cebb78f666041d0632f11d4
779,4466|124370,1,1932-07-26T23:00:00+00:00,1932-07-26T23:20:00+00:00,1200.0,FINITE_GEOMETRY_ADMISSIBLE_WITNESS,GEOMETRY_ADMISSIBLE,1,61ae08952016e85f7ba68c12ed273b4f676c4d84fd3deddf6bc8cfbecc06f3dd
790,4474|124480,1,1932-08-10T21:17:31+00:00,1932-08-10T21:23:00+00:00,329.0,FINITE_GEOMETRY_ADMISSIBLE_WITNESS,GEOMETRY_ADMISSIBLE,2,cc686532e6107d608d60b63ec08e429fa2ac87c7a1fc78fc4f2c0df2d427b928
795,4475|124436,1,1932-08-11T00:25:00+00:00,1932-08-11T00:39:58+00:00,898.0,FINITE_GEOMETRY_ADMISSIBLE_WITNESS,GEOMETRY_ADMISSIBLE,1,1d68ba66784e41e6cbe76da8cfd0661e9d293a02c358c1858bd201ca60b537c4
797,4484|124518,1,1932-08-24T22:11:00+00:00,1932-08-24T22:22:08+00:00,668.0,FINITE_GEOMETRY_ADMISSIBLE_WITNESS,GEOMETRY_ADMISSIBLE,1,10948d9f9bb690b2fa9cfad6c02b0087ecf776b1ad58dcdecdbf7aa816dc95c3
798,4484|124540,1,1932-08-24T22:11:00+00:00,1932-08-24T22:22:08+00:00,668.0,FINITE_GEOMETRY_ADMISSIBLE_WITNESS,GEOMETRY_ADMISSIBLE,3,81b23a0b17d50e94863920544651e7ecdbafb8e9b97a3f513a32da2868049dc9
799,4485|124518,1,1932-08-24T22:28:08+00:00,1932-08-24T22:41:00+00:00,772.0,FINITE_GEOMETRY_ADMISSIBLE_WITNESS,GEOMETRY_ADMISSIBLE,1,27ad40f4e303fadfed6d536a54b6b26b5c52333653e6b1122d859e8782508bfc
800,4485|124519,1,1932-08-24T22:42:00+00:00,1932-08-24T22:43:05+00:00,65.0,FINITE_GEOMETRY_ADMISSIBLE_WITNESS,GEOMETRY_ADMISSIBLE,1,b1aa3f3c319b2e9d877c7a8fd7cd38bc158f4d5c9d49a3b8a6401693539736d4
801,4485|124540,1,1932-08-24T22:28:08+00:00,1932-08-24T22:43:05+00:00,897.0,FINITE_GEOMETRY_ADMISSIBLE_WITNESS,GEOMETRY_ADMISSIBLE,1,33a789d153119558e115722aa1b340f9db6af35b6dd789324d69b30d07dbf896
803,4486|124540,1,1932-08-24T22:51:04+00:00,1932-08-24T23:01:02+00:00,598.0,FINITE_GEOMETRY_ADMISSIBLE_WITNESS,GEOMETRY_ADMISSIBLE,1,2fc24f7115b936491667ba12330e81498d53081da9f7347a49df43935cf3464a
806,4488|124520,1,1932-08-24T23:32:57+00:00,1932-08-24T23:47:54+00:00,897.0,FINITE_GEOMETRY_ADMISSIBLE_WITNESS,GEOMETRY_ADMISSIBLE,1,8c4b2bc63a7b413af2e5f0c67fb4552bb8d75c75562fceb0c54d08922e146e99
807,4490|124526,1,1932-08-25T20:43:43+00:00,1932-08-25T20:58:40+00:00,897.0,FINITE_GEOMETRY_ADMISSIBLE_WITNESS,GEOMETRY_ADMISSIBLE,1,b144e0c8c6499af0abd7876dc0bb437acf88dcf04efee1cdde6ef7e95dfdcee5
808,4490|124547,1,1932-08-25T20:43:43+00:00,1932-08-25T20:58:40+00:00,897.0,FINITE_GEOMETRY_ADMISSIBLE_WITNESS,GEOMETRY_ADMISSIBLE,1,339af079cd9fe6cb3ab909c6d676dcf8fc09e98b9ffb0ea9cc3d2c689566c5fe
828,4502|124563,1,1932-08-26T20:58:00+00:00,1932-08-26T21:32:00+00:00,2040.0,FINITE_GEOMETRY_ADMISSIBLE_WITNESS,GEOMETRY_ADMISSIBLE,2,a5e7f87aa3744b48d5f3b314485deb7cd4025b3d6d645ec498797bc0c371a109
830,4502|124575,1,1932-08-26T20:35:33+00:00,1932-08-26T20:57:00+00:00,1287.0,FINITE_GEOMETRY_ADMISSIBLE_WITNESS,GEOMETRY_ADMISSIBLE,1,de716091f7dc306b690861be3dd1d76a3d7333fb4c67da287ad6735d4be66f8d
831,4502|124576,1,1932-08-26T20:58:00+00:00,1932-08-26T21:32:00+00:00,2040.0,FINITE_GEOMETRY_ADMISSIBLE_WITNESS,GEOMETRY_ADMISSIBLE,4,305af2b3ab20debc53df0c3c8c2e990d3a31f43cafe381e411e39e7a4d8f2bb9
835,4504|124599,1,1932-08-30T00:56:00+00:00,1932-08-30T01:24:00+00:00,1680.0,FINITE_GEOMETRY_ADMISSIBLE_WITNESS,GEOMETRY_ADMISSIBLE,1,2e3d9a4def4488616673ea9041042fabbf9d0531aedaa6438f16e0ea9b74ea60
836,4504|124600,1,1932-08-30T01:27:00+00:00,1932-08-30T01:49:00+00:00,1320.0,FINITE_GEOMETRY_ADMISSIBLE_WITNESS,GEOMETRY_ADMISSIBLE,1,7aae1b9dca7c4d10245471901c2d8e8e2d3669e903ce581906fad2fbcefd46c2
837,4504|124639,1,1932-08-30T00:56:00+00:00,1932-08-30T01:24:00+00:00,1680.0,FINITE_GEOMETRY_ADMISSIBLE_WITNESS,GEOMETRY_ADMISSIBLE,1,e05b56cc87ed1eff14b64b79198733c2f557251e1a119b6df80702cd517a9759
838,4504|124640,1,1932-08-30T01:27:00+00:00,1932-08-30T01:49:00+00:00,1320.0,FINITE_GEOMETRY_ADMISSIBLE_WITNESS,GEOMETRY_ADMISSIBLE,1,d87f6de8c8565c579ce417bec7f1df6ad49e066548406ec8a38e3e48e548a979
839,4506|124604,1,1932-08-31T21:16:13+00:00,1932-08-31T21:20:43+00:00,270.0,FINITE_GEOMETRY_ADMISSIBLE_WITNESS,GEOMETRY_ADMISSIBLE,1,b3b6185f222186309568ae31b8d6b6d4213da165b46da47e5d37c983efc3620d
839,4506|124604,2,1932-08-31T21:23:12+00:00,1932-08-31T21:25:00+00:00,108.0,FINITE_GEOMETRY_ADMISSIBLE_WITNESS,GEOMETRY_ADMISSIBLE,1,50ae632e34186b5446adb957a2a2f5976b57a191ddcb0817ec355c4133890cc7
843,4508|124665,1,1932-09-05T20:20:10+00:00,1932-09-05T20:29:00+00:00,530.0,FINITE_GEOMETRY_ADMISSIBLE_WITNESS,GEOMETRY_ADMISSIBLE,1,0c14820a3a0774edb06815fe552e6143a494a44eed708bb493e38d684fcd955d
851,4520|124830,1,1932-09-29T21:35:00+00:00,1932-09-29T22:05:00+00:00,1800.0,FINITE_GEOMETRY_ADMISSIBLE_WITNESS,GEOMETRY_ADMISSIBLE,2,551acbaeecb4e9de77d8adc7160387cdd5a79bc408ac95b349b1c870693252b2
852,4520|124839,1,1932-09-29T22:06:00+00:00,1932-09-29T22:36:00+00:00,1800.0,FINITE_GEOMETRY_ADMISSIBLE_WITNESS,GEOMETRY_ADMISSIBLE,2,5a7cb36948010713aa9b54da9f93f07fd6e368e95db21e419c5bd1e41b075ca8
854,4528|124855,1,1932-10-04T22:18:00+00:00,1932-10-04T22:44:00+00:00,1560.0,FINITE_GEOMETRY_ADMISSIBLE_WITNESS,GEOMETRY_ADMISSIBLE,2,e1a1fe297ef965d3967a237671de3986fd42f462f8293421e4b11204cc6766a4
855,4528|124856,1,1932-10-04T22:45:00+00:00,1932-10-04T23:15:00+00:00,1800.0,FINITE_GEOMETRY_ADMISSIBLE_WITNESS,GEOMETRY_ADMISSIBLE,1,5bfeab2724d872481e0c1c6c57d96fb24efcd0ddf56eb6bcbd5bbd404f95ddf5
856,4528|124857,1,1932-10-04T23:16:00+00:00,1932-10-04T23:21:20+00:00,320.0,FINITE_GEOMETRY_ADMISSIBLE_WITNESS,GEOMETRY_ADMISSIBLE,2,1f7dc4784136db1da378605e0a8f5b765c9ae427f36d8f5d33aa55b694c261ca
857,4528|124877,1,1932-10-04T21:47:00+00:00,1932-10-04T22:17:00+00:00,1800.0,FINITE_GEOMETRY_ADMISSIBLE_WITNESS,GEOMETRY_ADMISSIBLE,2,1ff4624cf4036c8801055c828533704a850cd6b7197c012043c944c6f2abe1f1
858,4528|124878,1,1932-10-04T22:18:00+00:00,1932-10-04T22:44:00+00:00,1560.0,FINITE_GEOMETRY_ADMISSIBLE_WITNESS,GEOMETRY_ADMISSIBLE,2,da4d7765f67693939069775f41e0414421def2308396b0cea77127dc323d995b
859,4528|124880,1,1932-10-04T23:16:00+00:00,1932-10-04T23:21:20+00:00,320.0,FINITE_GEOMETRY_ADMISSIBLE_WITNESS,GEOMETRY_ADMISSIBLE,2,a996dfcd01f1ee2e16b6ade26179b06df460af5aa13e8d69fd9c4f96d4fda5b2
862,4533|124905,1,1932-10-06T22:46:00+00:00,1932-10-06T22:59:30+00:00,810.0,FINITE_GEOMETRY_ADMISSIBLE_WITNESS,GEOMETRY_ADMISSIBLE,2,f5759e029277ac0e35d1d27d92d58ad7418c8a996aa80e36f74b81c48c7f0e18
863,4533|124926,1,1932-10-06T20:46:07+00:00,1932-10-06T21:08:00+00:00,1313.0,FINITE_GEOMETRY_ADMISSIBLE_WITNESS,GEOMETRY_ADMISSIBLE,1,81c806d49522a4498871b6dff5c9ebb89f06fbd246f35221863f66d03a9faddc
866,4535|124872,1,1932-10-06T00:17:44+00:00,1932-10-06T00:26:00+00:00,496.0,FINITE_GEOMETRY_ADMISSIBLE_WITNESS,GEOMETRY_ADMISSIBLE,1,1a4aabf3e3513d94f08c80263366fae8551e11663ea994cadf5743de023804e9
867,4535|124873,1,1932-10-06T00:31:00+00:00,1932-10-06T00:43:00+00:00,720.0,FINITE_GEOMETRY_ADMISSIBLE_WITNESS,GEOMETRY_ADMISSIBLE,1,1bd980c8979de61d9576a722de1e1ff4e61531f625f4baf250b9e3d4bbff3a42
868,4535|124895,1,1932-10-06T00:17:44+00:00,1932-10-06T00:26:00+00:00,496.0,FINITE_GEOMETRY_ADMISSIBLE_WITNESS,GEOMETRY_ADMISSIBLE,2,3f1d68da4b67afb66ba122f81aac62d269f8b41dbcd2180db48751dd6d97fc65
884,4605|125016,1,1932-11-22T17:19:00+00:00,1932-11-22T17:23:51+00:00,291.0,FINITE_GEOMETRY_ADMISSIBLE_WITNESS,GEOMETRY_ADMISSIBLE,1,304ddbbf715b4cea0967775b217453060292e05a70a711a568bf20c568fad197
892,4661|125117,1,1932-12-19T17:19:40+00:00,1932-12-19T17:20:40+00:00,60.0,FINITE_GEOMETRY_ADMISSIBLE_WITNESS,GEOMETRY_ADMISSIBLE,1,eb65d2a89d53a7eee698201e4e9fd45226ea3470568018a5559b5d763b2ceb1c
893,4662|125117,1,1932-12-19T17:21:40+00:00,1932-12-19T17:22:39+00:00,59.0,FINITE_GEOMETRY_ADMISSIBLE_WITNESS,GEOMETRY_ADMISSIBLE,2,244c547c584cf9b95ae176253ec0ac0a79c10fbdef57cf29f52192e723e193c6
894,4753|125163,1,1933-01-25T20:38:00+00:00,1933-01-25T21:08:00+00:00,1800.0,FINITE_GEOMETRY_ADMISSIBLE_WITNESS,GEOMETRY_ADMISSIBLE,2,142dd3f9152914f234a59d7cf53d22ddf86b45ae21bb6d7a1e57c7b46dfa8b66
896,4793|125241,1,1933-02-16T19:59:00+00:00,1933-02-16T19:59:38+00:00,38.0,FINITE_GEOMETRY_ADMISSIBLE_WITNESS,GEOMETRY_ADMISSIBLE,1,34883c726507340839f5a0c61a67f3799a9abcf562034d4b5960ef8a4bf8399e
907,4835|125332,1,1933-02-28T21:05:09+00:00,1933-02-28T21:18:00+00:00,771.0,FINITE_GEOMETRY_ADMISSIBLE_WITNESS,GEOMETRY_ADMISSIBLE,1,ed2de99e67341483ea72480ef528ca82c0d4b45ebd5ac2be21a06f058c02c325
908,4835|125333,1,1933-02-28T21:19:00+00:00,1933-02-28T21:49:00+00:00,1800.0,FINITE_GEOMETRY_ADMISSIBLE_WITNESS,GEOMETRY_ADMISSIBLE,1,f0b6430985d2c61291ca7d744f8cf8156f933a3c1f204a81c1bd0e5506c9bd7c
909,4835|125334,1,1933-02-28T21:50:00+00:00,1933-02-28T22:20:00+00:00,1800.0,FINITE_GEOMETRY_ADMISSIBLE_WITNESS,GEOMETRY_ADMISSIBLE,1,2634cbf68341dcebd63e6c5ff9655ff8438cfbfaf564beb03cbf147f1c916980
910,4835|125335,1,1933-02-28T22:21:00+00:00,1933-02-28T22:51:00+00:00,1800.0,FINITE_GEOMETRY_ADMISSIBLE_WITNESS,GEOMETRY_ADMISSIBLE,2,510cb59898633976232c75c5da28b42e1807f54617b033f64f7bca60126ddc1b
912,4835|125409,1,1933-02-28T21:05:09+00:00,1933-02-28T21:18:00+00:00,771.0,FINITE_GEOMETRY_ADMISSIBLE_WITNESS,GEOMETRY_ADMISSIBLE,1,b4d9d23ae4ac1e828c0531043e50edacab637877b3090ddee0213ecaf355d9fe
913,4835|125410,1,1933-02-28T21:19:00+00:00,1933-02-28T21:49:00+00:00,1800.0,FINITE_GEOMETRY_ADMISSIBLE_WITNESS,GEOMETRY_ADMISSIBLE,2,998832470f3725bafa2e6c306b480287b12a2678aa71adc3e8927966cc80de75
914,4835|125411,1,1933-02-28T22:21:00+00:00,1933-02-28T22:51:00+00:00,1800.0,FINITE_GEOMETRY_ADMISSIBLE_WITNESS,GEOMETRY_ADMISSIBLE,1,d54ead1a68f501f63fc539d22d68a07a49cb494bf0b7399f1a97fa8e78058415
917,4848|125347,1,1933-03-01T23:28:09+00:00,1933-03-01T23:42:00+00:00,831.0,FINITE_GEOMETRY_ADMISSIBLE_WITNESS,GEOMETRY_ADMISSIBLE,1,3ac2e5090a8a639057c64a4c9a122ea1282eecb1152e4e6e56c7798f830c1530
918,4848|125349,1,1933-03-02T00:14:00+00:00,1933-03-02T00:44:00+00:00,1800.0,FINITE_GEOMETRY_ADMISSIBLE_WITNESS,GEOMETRY_ADMISSIBLE,1,3397e37f351906ab75ffb570837ee0ae1a599d4985580e1983c507ef8b24752e
919,4848|125350,1,1933-03-02T00:45:00+00:00,1933-03-02T01:11:12+00:00,1572.0,FINITE_GEOMETRY_ADMISSIBLE_WITNESS,GEOMETRY_ADMISSIBLE,1,6cd491937a61d2a278a20fc1b670042b44c108db593e2c42d7ced1e59584c975
919,4848|125350,2,1933-03-02T01:14:11+00:00,1933-03-02T01:15:00+00:00,49.0,FINITE_GEOMETRY_ADMISSIBLE_WITNESS,GEOMETRY_ADMISSIBLE,1,36009983cc0ca20e411b3912273e0f32b3185f84b54f616864e289c32a9dd008
921,4848|125353,1,1933-03-02T02:18:00+00:00,1933-03-02T02:27:39+00:00,579.0,FINITE_GEOMETRY_ADMISSIBLE_WITNESS,GEOMETRY_ADMISSIBLE,1,1c266243138e55974c76178ed56bc82f61f18def94d91ff6fabf356e321ddfce
922,4848|125424,1,1933-03-01T23:43:00+00:00,1933-03-02T00:13:00+00:00,1800.0,FINITE_GEOMETRY_ADMISSIBLE_WITNESS,GEOMETRY_ADMISSIBLE,3,01dff2653c76fc19c413e273ca6c24134e6e1d310df5e81dd6fa2140ed800dbe
923,4848|125425,1,1933-03-02T00:14:00+00:00,1933-03-02T00:44:00+00:00,1800.0,FINITE_GEOMETRY_ADMISSIBLE_WITNESS,GEOMETRY_ADMISSIBLE,2,39f3ae22d59dec6ac8849ccc8d04dac57cf78d70f5abe856f2ce2960c2adfaf1
924,4848|125426,1,1933-03-02T00:45:00+00:00,1933-03-02T01:11:12+00:00,1572.0,FINITE_GEOMETRY_ADMISSIBLE_WITNESS,GEOMETRY_ADMISSIBLE,1,c03785cc58de963ff3b713dca9c28fc244a9bd6ec7727797da5fac0123a79261
924,4848|125426,2,1933-03-02T01:14:11+00:00,1933-03-02T01:15:00+00:00,49.0,FINITE_GEOMETRY_ADMISSIBLE_WITNESS,GEOMETRY_ADMISSIBLE,1,bd9cf5ac37ce8c91e1126a9d21c82cf29840a6641beab0503d989bc54cc5b028
925,4848|125427,1,1933-03-02T01:16:00+00:00,1933-03-02T01:46:00+00:00,1800.0,FINITE_GEOMETRY_ADMISSIBLE_WITNESS,GEOMETRY_ADMISSIBLE,1,9b5c1659e83197e5091cc8ed4becb97971354241b7c9c4d9e23b4d506960bf17
926,4848|125428,1,1933-03-02T01:47:00+00:00,1933-03-02T02:17:00+00:00,1800.0,FINITE_GEOMETRY_ADMISSIBLE_WITNESS,GEOMETRY_ADMISSIBLE,1,ce0463dc8fc0e654d78ca28bfb2339982f5dd417c76df87d3365ec54fd9b3a16
927,4848|125429,1,1933-03-02T02:18:00+00:00,1933-03-02T02:27:39+00:00,579.0,FINITE_GEOMETRY_ADMISSIBLE_WITNESS,GEOMETRY_ADMISSIBLE,2,464f0fc8ded034799c496d820aadb32949d02c8de794065d1d8ac0e1a9131e48
928,4859|125450,1,1933-03-21T20:02:00+00:00,1933-03-21T20:32:00+00:00,1800.0,FINITE_GEOMETRY_ADMISSIBLE_WITNESS,GEOMETRY_ADMISSIBLE,2,19733a863f50b40d18d163c749f75a0d69d8f99e9701b830f7773465bde59788
929,4859|125451,1,1933-03-21T20:33:00+00:00,1933-03-21T20:48:34+00:00,934.0,FINITE_GEOMETRY_ADMISSIBLE_WITNESS,GEOMETRY_ADMISSIBLE,1,836148eb3c905a967eeb99cadae8829a67e767fc04061616c078240dac461ccf
932,4861|125454,1,1933-03-21T22:10:40+00:00,1933-03-21T22:37:00+00:00,1580.0,FINITE_GEOMETRY_ADMISSIBLE_WITNESS,GEOMETRY_ADMISSIBLE,1,6c7e5ddecda055fbf5c2173aa8c9231d7490ac0b5ab005d0fd9df887e5c4dff3
933,4861|125457,1,1933-03-21T21:22:28+00:00,1933-03-21T21:31:47+00:00,559.0,FINITE_GEOMETRY_ADMISSIBLE_WITNESS,GEOMETRY_ADMISSIBLE,1,57e697d3d586f2cf64269bf30d8da0096244f09c432d76ee0c2c54a26684856d
934,4861|125458,1,1933-03-21T21:39:45+00:00,1933-03-21T22:01:42+00:00,1317.0,FINITE_GEOMETRY_ADMISSIBLE_WITNESS,GEOMETRY_ADMISSIBLE,1,9d2b464c86c691143940a2a769359dc7b2327e05da0e46655ec248552be77b4e
935,4873|125465,1,1933-03-23T19:45:41+00:00,1933-03-23T19:56:00+00:00,619.0,FINITE_GEOMETRY_ADMISSIBLE_WITNESS,GEOMETRY_ADMISSIBLE,1,513c570e3c8e6f47e13d649d981cff636a2260c475441eae904a7361f22c0a7d
936,4873|125474,1,1933-03-23T20:31:00+00:00,1933-03-23T21:01:00+00:00,1800.0,FINITE_GEOMETRY_ADMISSIBLE_WITNESS,GEOMETRY_ADMISSIBLE,1,d32d96fc547d317e16c6e2f5bb8566bbe8d9929d2e9cea277816f8aaae043429
939,4876|125477,1,1933-03-23T22:15:16+00:00,1933-03-23T22:38:00+00:00,1364.0,FINITE_GEOMETRY_ADMISSIBLE_WITNESS,GEOMETRY_ADMISSIBLE,1,34080646cb0701e0387cc2205d837cda8c1ce30ab88a2ff50ecee8eb30fa344e
949,4882|125557,1,1933-03-24T23:15:10+00:00,1933-03-24T23:25:08+00:00,598.0,FINITE_GEOMETRY_ADMISSIBLE_WITNESS,GEOMETRY_ADMISSIBLE,1,1a1892f73dbba4f39d9bfb752cb96ff0a2c365a77de13b88a0cd520e3260e829
950,4883|125487,1,1933-03-24T23:31:07+00:00,1933-03-24T23:41:06+00:00,599.0,FINITE_GEOMETRY_ADMISSIBLE_WITNESS,GEOMETRY_ADMISSIBLE,1,22515386c9d4431ccb67c2fbb9248b26397816e421f4e2c489811edd4bb29771
951,4884|125487,1,1933-03-24T23:47:05+00:00,1933-03-24T23:48:05+00:00,60.0,FINITE_GEOMETRY_ADMISSIBLE_WITNESS,GEOMETRY_ADMISSIBLE,1,fed30e78fa1e2b43c3161711e060afbbc942c4da391bd0c77cb083a910c2b5c9
952,4885|125488,1,1933-03-25T00:02:47+00:00,1933-03-25T00:03:47+00:00,60.0,FINITE_GEOMETRY_ADMISSIBLE_WITNESS,GEOMETRY_ADMISSIBLE,1,c852bf7224666bb6d9c1cfd1b838d686ec5695791230096bd82a936c0072eb51
953,4886|125560,1,1933-03-25T00:29:58+00:00,1933-03-25T00:39:56+00:00,598.0,FINITE_GEOMETRY_ADMISSIBLE_WITNESS,GEOMETRY_ADMISSIBLE,1,afe314d8facbaf6634fb214050ff3d6e160621e725cd6308247f8e47a5404f4b
954,4887|125560,1,1933-03-25T00:40:56+00:00,1933-03-25T00:50:54+00:00,598.0,FINITE_GEOMETRY_ADMISSIBLE_WITNESS,GEOMETRY_ADMISSIBLE,1,1bbeb622e14495fca6c3697805bf2ecec798c7fb82da21be5d772cb4306bec7b
955,4888|125560,1,1933-03-25T00:52:24+00:00,1933-03-25T00:53:24+00:00,60.0,FINITE_GEOMETRY_ADMISSIBLE_WITNESS,GEOMETRY_ADMISSIBLE,1,58e86d52b00e44581a5f0b3045a8f52e6287e57b5338bda671bc54be5e871776
956,4889|125560,1,1933-03-25T00:56:53+00:00,1933-03-25T00:57:53+00:00,60.0,FINITE_GEOMETRY_ADMISSIBLE_WITNESS,GEOMETRY_ADMISSIBLE,1,2061068461957cb0c243b768e8fd7eb36190d957bfdb60ab0e7def5553dad722
960,4893|125478,1,1933-03-25T20:00:00+00:00,1933-03-25T21:04:00+00:00,3840.0,FINITE_GEOMETRY_ADMISSIBLE_WITNESS,GEOMETRY_ADMISSIBLE,1,cb0935e733c2d117c5a53c93bc734bde0a49e183cd89e799caa7acf7bcd7b7fa
962,4893|125496,1,1933-03-25T19:42:00+00:00,1933-03-25T20:12:00+00:00,1800.0,FINITE_GEOMETRY_ADMISSIBLE_WITNESS,GEOMETRY_ADMISSIBLE,2,829cd3eada7206a7493626aa831c99b57b00616afa1d3a9f2a18647ab25d8149
964,4893|125566,1,1933-03-25T19:19:52+00:00,1933-03-25T20:12:00+00:00,3128.0,FINITE_GEOMETRY_ADMISSIBLE_WITNESS,GEOMETRY_ADMISSIBLE,1,803a25f92707105a0bb0c9b59038e700f1c55ba16f23bc21a029fc05db313d25
965,4893|125568,1,1933-03-25T21:12:00+00:00,1933-03-25T21:19:32+00:00,452.0,FINITE_GEOMETRY_ADMISSIBLE_WITNESS,GEOMETRY_ADMISSIBLE,1,d13502d61dd767163257da5e24f57b4a159bb85e974e2a7a627f4c5eb6f7fa0f
967,4896|125502,1,1933-03-25T22:49:00+00:00,1933-03-25T23:19:00+00:00,1800.0,FINITE_GEOMETRY_ADMISSIBLE_WITNESS,GEOMETRY_ADMISSIBLE,1,0caac3e1a0da96d05d9354a11330a1fea5a034269ad4ab0485073883fd7c8fb7
968,4896|125503,1,1933-03-25T23:20:00+00:00,1933-03-25T23:50:00+00:00,1800.0,FINITE_GEOMETRY_ADMISSIBLE_WITNESS,GEOMETRY_ADMISSIBLE,1,c384d291baac5e54d34739f6e147ac7691bf4a76bddaf31294c9da7a4193fe24
970,4896|125506,1,1933-03-26T00:53:00+00:00,1933-03-26T01:19:03+00:00,1563.0,FINITE_GEOMETRY_ADMISSIBLE_WITNESS,GEOMETRY_ADMISSIBLE,1,479f078fe65246c64cb09b7c0addad5d596524ac493f77915926afd52d38352a
972,4896|125569,1,1933-03-25T22:18:00+00:00,1933-03-25T23:19:00+00:00,3660.0,FINITE_GEOMETRY_ADMISSIBLE_WITNESS,GEOMETRY_ADMISSIBLE,1,e5a0ac6e252a3cdc43cbb88651c397a5e6e0cb3a6fe7c8c8136ef711c6fc59ea
973,4896|125570,1,1933-03-25T23:20:00+00:00,1933-03-26T00:21:00+00:00,3660.0,FINITE_GEOMETRY_ADMISSIBLE_WITNESS,GEOMETRY_ADMISSIBLE,1,453c269ab21051ee2a1c62c987adb9ae43c9798a541cc5f25f6aa8c69583fce6
976,4898|125510,1,1933-03-26T02:57:00+00:00,1933-03-26T03:25:00+00:00,1680.0,FINITE_GEOMETRY_ADMISSIBLE_WITNESS,GEOMETRY_ADMISSIBLE,1,79e12edd6ccf1468f534fe582240d11e19119d49b10b3927556a2d224ce8a9e7
977,4898|125511,1,1933-03-26T03:26:00+00:00,1933-03-26T03:40:00+00:00,840.0,FINITE_GEOMETRY_ADMISSIBLE_WITNESS,GEOMETRY_ADMISSIBLE,1,98e6be3bfb87d152d97fa836847bbaba90dcb82d5a2a2ae4abc52264da9fff62
979,4898|125574,1,1933-03-26T02:57:00+00:00,1933-03-26T03:25:00+00:00,1680.0,FINITE_GEOMETRY_ADMISSIBLE_WITNESS,GEOMETRY_ADMISSIBLE,1,3350c72c7c68c597e4a98efdf005f000de8f939e7127772b17106dff2abf11b4
980,4900|125514,1,1933-03-26T20:16:16+00:00,1933-03-26T20:40:00+00:00,1424.0,FINITE_GEOMETRY_ADMISSIBLE_WITNESS,GEOMETRY_ADMISSIBLE,1,f38eaf4ef46f8a565b586f83219aee453adb94d0d9cc82dc296dc28b1a5c44c5
981,4900|125517,1,1933-03-26T21:43:00+00:00,1933-03-26T22:13:00+00:00,1800.0,FINITE_GEOMETRY_ADMISSIBLE_WITNESS,GEOMETRY_ADMISSIBLE,2,7658103322304ec08638dcd99fa5b70a01cb199ae12357aef2b9fa5e423a691a
982,4900|125518,1,1933-03-26T22:14:00+00:00,1933-03-26T23:15:47+00:00,3707.0,FINITE_GEOMETRY_ADMISSIBLE_WITNESS,GEOMETRY_ADMISSIBLE,1,8ca9a4d2d03c8fcc85588e27931db1f12ea3f6b9e3f409426b78fbadfa91c184
983,4900|125578,1,1933-03-26T21:12:00+00:00,1933-03-26T22:13:00+00:00,3660.0,FINITE_GEOMETRY_ADMISSIBLE_WITNESS,GEOMETRY_ADMISSIBLE,1,b3f86a1a1467bebc9f2877c625d4bc8661cd7acbc2f088ef0dc72cfade3c3043
984,4900|125579,1,1933-03-26T22:14:00+00:00,1933-03-26T23:15:47+00:00,3707.0,FINITE_GEOMETRY_ADMISSIBLE_WITNESS,GEOMETRY_ADMISSIBLE,1,9e90ab32e146d9336b904276640f5d5ad08b08693da77b4a40818cb4e1a8a8c9
985,4901|125520,1,1933-03-27T00:02:09+00:00,1933-03-27T00:12:08+00:00,599.0,FINITE_GEOMETRY_ADMISSIBLE_WITNESS,GEOMETRY_ADMISSIBLE,1,190b5abe6a8f7f7a5d2bf65509c1e752c696b36a0929b71e310a157dd7ee3c4f
986,4901|125581,1,1933-03-27T00:02:09+00:00,1933-03-27T00:12:08+00:00,599.0,FINITE_GEOMETRY_ADMISSIBLE_WITNESS,GEOMETRY_ADMISSIBLE,1,a6c409b5a9ae79d490f8a31bd3d8517932e25a174aa6d33625e378448ead50dc
987,4902|125520,1,1933-03-27T00:13:07+00:00,1933-03-27T00:20:00+00:00,413.0,FINITE_GEOMETRY_ADMISSIBLE_WITNESS,GEOMETRY_ADMISSIBLE,1,0b9427ec4cb6ab650a53e71709c5adb9d97a0b3e263205645782e5c2eb8475af
988,4902|125581,1,1933-03-27T00:13:07+00:00,1933-03-27T00:23:06+00:00,599.0,FINITE_GEOMETRY_ADMISSIBLE_WITNESS,GEOMETRY_ADMISSIBLE,1,c75bbe132ba2c2ee51df5ca5cb83f719e291228cdc1cab918d7802827bebc204
989,4903|125581,1,1933-03-27T00:24:06+00:00,1933-03-27T00:25:05+00:00,59.0,FINITE_GEOMETRY_ADMISSIBLE_WITNESS,GEOMETRY_ADMISSIBLE,1,21c00a9fcc60414e82246cb3c28cc6e8258c61ea1368d0548c1e12e9cd592a79
990,4904|125581,1,1933-03-27T00:28:25+00:00,1933-03-27T00:29:25+00:00,60.0,FINITE_GEOMETRY_ADMISSIBLE_WITNESS,GEOMETRY_ADMISSIBLE,1,3b8196ec54ba299edf01a1b0465a618f19fd007166a6db5ecf4bb3ade89b86d4
991,4905|125581,1,1933-03-27T00:33:04+00:00,1933-03-27T00:43:02+00:00,598.0,FINITE_GEOMETRY_ADMISSIBLE_WITNESS,GEOMETRY_ADMISSIBLE,1,dac0bdbc02a2ab0cd4f7e8f8da18bd111491ba653398eb0107097455d737be55
992,4906|125581,1,1933-03-27T00:44:02+00:00,1933-03-27T00:54:01+00:00,599.0,FINITE_GEOMETRY_ADMISSIBLE_WITNESS,GEOMETRY_ADMISSIBLE,1,0c121da143d0d821290a1dc9afec3897dbaebcea654fbedbc9805a3814b4d64e
993,4907|125581,1,1933-03-27T00:54:31+00:00,1933-03-27T00:55:30+00:00,59.0,FINITE_GEOMETRY_ADMISSIBLE_WITNESS,GEOMETRY_ADMISSIBLE,1,a591a785c42ea9bc478e54cf8118ee5e77df882d83bae8e3b00b4f39f3799a06
994,4908|125522,1,1933-03-27T00:58:30+00:00,1933-03-27T00:59:30+00:00,60.0,FINITE_GEOMETRY_ADMISSIBLE_WITNESS,GEOMETRY_ADMISSIBLE,1,0847989a0ba72eb615853dd0e8affe249c4a5aef8cdfa0dc81ff0ec2b65e6f69
1001,4912|125528,1,1933-03-27T19:45:55+00:00,1933-03-27T19:58:00+00:00,725.0,FINITE_GEOMETRY_ADMISSIBLE_WITNESS,GEOMETRY_ADMISSIBLE,1,a64ebbbfdf88f714674c7e207901b97f6e487c80c295800b1a7c45f03c72e49d
1002,4912|125585,1,1933-03-27T19:45:55+00:00,1933-03-27T19:58:00+00:00,725.0,FINITE_GEOMETRY_ADMISSIBLE_WITNESS,GEOMETRY_ADMISSIBLE,1,179ad73e31001e7ce6b25b83f545acf6d0631e51dae5a9dd3057d6105c432823
1005,4914|125532,1,1933-03-27T21:29:00+00:00,1933-03-27T21:58:00+00:00,1740.0,FINITE_GEOMETRY_ADMISSIBLE_WITNESS,GEOMETRY_ADMISSIBLE,2,265a8274da3607c062ab973c5b20d1cfc79db593c4ef2a3452db7ff0fe316456
1008,4914|125535,1,1933-03-27T23:30:00+00:00,1933-03-28T00:00:00+00:00,1800.0,FINITE_GEOMETRY_ADMISSIBLE_WITNESS,GEOMETRY_ADMISSIBLE,1,06bea34aeadd1dcd31a819d25930b7fe55eefeaecb9035b5463fd373c04b63be
1011,4914|125588,1,1933-03-27T21:59:00+00:00,1933-03-27T22:28:00+00:00,1740.0,FINITE_GEOMETRY_ADMISSIBLE_WITNESS,GEOMETRY_ADMISSIBLE,1,072658f3ad2273b9c3e901419faaca57d8fc1bb83680cdb72d16cbe538bad5dd
1013,4914|125590,1,1933-03-27T23:30:00+00:00,1933-03-28T00:00:00+00:00,1800.0,FINITE_GEOMETRY_ADMISSIBLE_WITNESS,GEOMETRY_ADMISSIBLE,1,c63a973d259865c55a818f740c7d65ccdcc5f6c0386e9601f7e0f53f5388dfe0
1022,4925|125613,1,1933-04-13T20:11:49+00:00,1933-04-13T20:13:00+00:00,71.0,FINITE_GEOMETRY_ADMISSIBLE_WITNESS,GEOMETRY_ADMISSIBLE,1,3a82dcf849c24369cde00d588d917acc066fc453328ef6f273af4485e6e94ad6
1023,4925|125614,1,1933-04-13T20:14:00+00:00,1933-04-13T20:44:00+00:00,1800.0,FINITE_GEOMETRY_ADMISSIBLE_WITNESS,GEOMETRY_ADMISSIBLE,1,08f832031c1192e3e144f80b522e963d3c00eea3eaf72037b8959bff431bdfd4
1026,4925|125620,1,1933-04-13T20:11:49+00:00,1933-04-13T20:44:00+00:00,1931.0,FINITE_GEOMETRY_ADMISSIBLE_WITNESS,GEOMETRY_ADMISSIBLE,1,b80881e71270e9c1d777172dc1ae74de403e39ca99de14d6e5106be28dda718c
1028,4927|125623,1,1933-04-14T20:07:53+00:00,1933-04-14T20:21:00+00:00,787.0,FINITE_GEOMETRY_ADMISSIBLE_WITNESS,GEOMETRY_ADMISSIBLE,1,53d2efad0aa4068c105ceea1334c20866dcda417d99b98f8b2cb5c5e0153a0da
1029,4927|125625,1,1933-04-14T20:57:00+00:00,1933-04-14T21:08:43+00:00,703.0,FINITE_GEOMETRY_ADMISSIBLE_WITNESS,GEOMETRY_ADMISSIBLE,1,0460d863a875fff6c468cd594fcf9503007bc85c4b5731a56f3d7ac3a703fd7b
1029,4927|125625,2,1933-04-14T21:19:41+00:00,1933-04-14T21:27:00+00:00,439.0,FINITE_GEOMETRY_ADMISSIBLE_WITNESS,GEOMETRY_ADMISSIBLE,1,8956ba0c7304bfca59b156c8c7d933faef78989dbda8f13564b0960c347b4dac
1031,4927|125627,1,1933-04-14T20:07:53+00:00,1933-04-14T20:21:00+00:00,787.0,FINITE_GEOMETRY_ADMISSIBLE_WITNESS,GEOMETRY_ADMISSIBLE,1,6d6d27338f7892b626baca503cbaf25e884984867366c241c64f4051d5de8399
1032,4927|125629,1,1933-04-14T20:57:00+00:00,1933-04-14T21:08:43+00:00,703.0,FINITE_GEOMETRY_ADMISSIBLE_WITNESS,GEOMETRY_ADMISSIBLE,1,abc87aeb5dcee57f08d0934cd9805a4cc653948239d36b6bbc8150f88e5f8bbd
1032,4927|125629,2,1933-04-14T21:19:41+00:00,1933-04-14T21:27:00+00:00,439.0,FINITE_GEOMETRY_ADMISSIBLE_WITNESS,GEOMETRY_ADMISSIBLE,1,0303d2bc54687c1b248d37ab5d34a0b841e116d6805e245262b83f7e102046a7
1034,4937|125684,1,1933-04-22T21:03:21+00:00,1933-04-22T21:09:00+00:00,339.0,FINITE_GEOMETRY_ADMISSIBLE_WITNESS,GEOMETRY_ADMISSIBLE,1,6fb43c43d1bfa684d9796f24bd4e284f9b448f6a08d365d4b91d04fdab05259a
1035,4937|125685,1,1933-04-22T21:10:00+00:00,1933-04-22T21:38:00+00:00,1680.0,FINITE_GEOMETRY_ADMISSIBLE_WITNESS,GEOMETRY_ADMISSIBLE,1,99ecdb117701ef5ffdb2d821449ee757383aa57467a78b9973dd48709672ee20
1036,4937|125686,1,1933-04-22T21:39:00+00:00,1933-04-22T22:09:00+00:00,1800.0,FINITE_GEOMETRY_ADMISSIBLE_WITNESS,GEOMETRY_ADMISSIBLE,1,37ac2c3466582a901bff47f7a698ded932844b12b6aa7db2a5c8749558153995
1040,4937|125692,1,1933-04-22T21:03:21+00:00,1933-04-22T21:09:00+00:00,339.0,FINITE_GEOMETRY_ADMISSIBLE_WITNESS,GEOMETRY_ADMISSIBLE,1,70539017203acc4d77dedc6c03d242c5d0f86ad7860cba49c096af17535c9e5a
1041,4937|125694,1,1933-04-22T21:39:00+00:00,1933-04-22T22:09:00+00:00,1800.0,FINITE_GEOMETRY_ADMISSIBLE_WITNESS,GEOMETRY_ADMISSIBLE,1,c343cc98a0c56f4f4f78d57955062da5fdb7b506bdda32238a098f2bd3758c3f
1042,4937|125695,1,1933-04-22T22:10:00+00:00,1933-04-22T22:40:00+00:00,1800.0,FINITE_GEOMETRY_ADMISSIBLE_WITNESS,GEOMETRY_ADMISSIBLE,1,9047633bd536a1ec1f160282eb0d6007e6d39d3ac374444e5ae26eecd85209f7
1043,4937|125696,1,1933-04-22T22:41:00+00:00,1933-04-22T23:09:00+00:00,1680.0,FINITE_GEOMETRY_ADMISSIBLE_WITNESS,GEOMETRY_ADMISSIBLE,1,ccfabeee118ce1279fbdce5141269c71ecea234bb2bc7304677e89d1fc16a84e
1046,4941|125710,1,1933-04-25T02:15:27+00:00,1933-04-25T02:25:00+00:00,573.0,FINITE_GEOMETRY_ADMISSIBLE_WITNESS,GEOMETRY_ADMISSIBLE,2,65a6b2e4e40ef44c52618eda4abbd6ce7472e1f37a6e54c86c0fb93203c1b398
1047,4941|125741,1,1933-04-25T02:15:27+00:00,1933-04-25T02:25:00+00:00,573.0,FINITE_GEOMETRY_ADMISSIBLE_WITNESS,GEOMETRY_ADMISSIBLE,2,012666a34d5c828d6f03fd1b2bd1a68cdd751bc07b825fb4c702f0becab7093a
1048,4943|125711,1,1933-04-25T20:25:28+00:00,1933-04-25T20:41:00+00:00,932.0,FINITE_GEOMETRY_ADMISSIBLE_WITNESS,GEOMETRY_ADMISSIBLE,1,2d8798c3e61d8f6af7d09bbd6160f21df6dbbddcfd40cd77d1c45cb04b152104
1049,4943|125712,1,1933-04-25T20:42:00+00:00,1933-04-25T21:10:00+00:00,1680.0,FINITE_GEOMETRY_ADMISSIBLE_WITNESS,GEOMETRY_ADMISSIBLE,3,18de1ac6f78a54a49340ecbc4bb525eb773f22284f205e02d7776786f6560d9a
1050,4943|125713,1,1933-04-25T21:12:00+00:00,1933-04-25T21:41:00+00:00,1740.0,FINITE_GEOMETRY_ADMISSIBLE_WITNESS,GEOMETRY_ADMISSIBLE,3,3d03c59b127f6e254890452f04eeb561a5ed623beb0655cffc70734fc33ad8ca
1051,4943|125714,1,1933-04-25T21:42:00+00:00,1933-04-25T22:11:00+00:00,1740.0,FINITE_GEOMETRY_ADMISSIBLE_WITNESS,GEOMETRY_ADMISSIBLE,1,96403d3186116b313756616a91b09715a2ef71b49286c65e310d1eb84d0d3617
1055,4943|125742,1,1933-04-25T20:25:28+00:00,1933-04-25T20:41:00+00:00,932.0,FINITE_GEOMETRY_ADMISSIBLE_WITNESS,GEOMETRY_ADMISSIBLE,1,be8666732cb78ab51a3a31f782dccd5ae61857c1497f60c406b82426c49f77aa
1056,4943|125743,1,1933-04-25T20:42:00+00:00,1933-04-25T21:10:00+00:00,1680.0,FINITE_GEOMETRY_ADMISSIBLE_WITNESS,GEOMETRY_ADMISSIBLE,2,248aab30d49996afdb3a15e177dd7f826b521c8ed64af786ed6ea75e6fe3c6cb
1057,4943|125744,1,1933-04-25T21:12:00+00:00,1933-04-25T21:41:00+00:00,1740.0,FINITE_GEOMETRY_ADMISSIBLE_WITNESS,GEOMETRY_ADMISSIBLE,2,e63b5be80288e04d19cf85645febef6a5f741715a03bd622ef45b09d706125f7
1058,4943|125745,1,1933-04-25T21:42:00+00:00,1933-04-25T22:11:00+00:00,1740.0,FINITE_GEOMETRY_ADMISSIBLE_WITNESS,GEOMETRY_ADMISSIBLE,1,69baa079161809b6a2ad718bd667a9a934009194c87e90b6494af84b7c8ebd86
1065,4945|125721,1,1933-04-26T01:20:00+00:00,1933-04-26T01:31:00+00:00,660.0,FINITE_GEOMETRY_ADMISSIBLE_WITNESS,GEOMETRY_ADMISSIBLE,2,11acebbe2efab733c7bbfa6cae0df12323c1a018ea584fc5af78e6553effcb5a
1066,4945|125748,1,1933-04-25T23:45:55+00:00,1933-04-25T23:50:00+00:00,245.0,FINITE_GEOMETRY_ADMISSIBLE_WITNESS,GEOMETRY_ADMISSIBLE,1,ab4d5a5fe9564e5f74bdc8d405d471d41ca496ecf4274b067f88fc11e3f6c5fa
1067,4945|125749,1,1933-04-25T23:51:00+00:00,1933-04-26T00:20:00+00:00,1740.0,FINITE_GEOMETRY_ADMISSIBLE_WITNESS,GEOMETRY_ADMISSIBLE,1,cdb1b1c0349105e3af2f4e015b6340c9a0111e0cfbf1129a1654f809ac85967c
1069,4945|125752,1,1933-04-26T01:20:00+00:00,1933-04-26T01:34:00+00:00,840.0,FINITE_GEOMETRY_ADMISSIBLE_WITNESS,GEOMETRY_ADMISSIBLE,2,7a9597908d730e9e4d7611214fd2345f573da874c99a6fd06fb8e077485f5e4e
1071,4947|125725,1,1933-04-26T20:44:00+00:00,1933-04-26T21:14:00+00:00,1800.0,FINITE_GEOMETRY_ADMISSIBLE_WITNESS,GEOMETRY_ADMISSIBLE,1,475187b74316bd4b57be0535a740fd1bcf4a1a42f2a38fdd724839577ce2b244
1072,4947|125726,1,1933-04-26T21:15:00+00:00,1933-04-26T21:45:00+00:00,1800.0,FINITE_GEOMETRY_ADMISSIBLE_WITNESS,GEOMETRY_ADMISSIBLE,1,36dd8062103d571182df29b3385734ad6b5cfe2267b5e9f2ce7ea4be8855c3d9
1077,4947|125756,1,1933-04-26T20:44:00+00:00,1933-04-26T21:14:00+00:00,1800.0,FINITE_GEOMETRY_ADMISSIBLE_WITNESS,GEOMETRY_ADMISSIBLE,1,6c4cf474e9a07c0ee05b45172662610062dd9b11c3dcb1f27aaa71327cad0dae
1078,4947|125757,1,1933-04-26T21:15:00+00:00,1933-04-26T21:45:00+00:00,1800.0,FINITE_GEOMETRY_ADMISSIBLE_WITNESS,GEOMETRY_ADMISSIBLE,1,9c0a6f06856046d6793a7d30c688733c01dd8be011e938e9297b7131fb57ebef
1084,4955|125781,1,1933-04-27T23:56:00+00:00,1933-04-28T00:27:00+00:00,1860.0,FINITE_GEOMETRY_ADMISSIBLE_WITNESS,GEOMETRY_ADMISSIBLE,1,85180a4a4bc1fb61641588be5e2df619e17d44f6fa5f1871b354d61e3a1de513
1085,4955|125782,1,1933-04-28T00:28:00+00:00,1933-04-28T00:58:00+00:00,1800.0,FINITE_GEOMETRY_ADMISSIBLE_WITNESS,GEOMETRY_ADMISSIBLE,2,a8a4ff309fa2fe734f989fb28f30fcd47d4ca6a320f61a22b4dfe9abbb021235
1086,4955|125783,1,1933-04-28T00:59:00+00:00,1933-04-28T01:11:00+00:00,720.0,FINITE_GEOMETRY_ADMISSIBLE_WITNESS,GEOMETRY_ADMISSIBLE,1,3628a8d1f56eb0629aa24c4f3daf2d0f6d8cc05e1eb1f0266e68b6581ad9e8b4
1088,4960|125821,1,1933-05-20T21:26:44+00:00,1933-05-20T21:31:00+00:00,256.0,FINITE_GEOMETRY_ADMISSIBLE_WITNESS,GEOMETRY_ADMISSIBLE,1,9a93ef7bd51cd3e33e93e6f157a07c4ce639cd6d39c50ffdec62bf352479ab71
1089,4960|125822,1,1933-05-20T21:32:00+00:00,1933-05-20T22:02:00+00:00,1800.0,FINITE_GEOMETRY_ADMISSIBLE_WITNESS,GEOMETRY_ADMISSIBLE,1,4f1daabadc8aad8eaea1a27b9cc01b27fae808fb803fd9a0798ae847b55feeab
1090,4960|125823,1,1933-05-20T22:03:00+00:00,1933-05-20T22:26:34+00:00,1414.0,FINITE_GEOMETRY_ADMISSIBLE_WITNESS,GEOMETRY_ADMISSIBLE,1,7207964b8fefeb3b3fca314b4bac4b62742472957937fe47c93c5de229b14bd1
1091,4960|125829,1,1933-05-20T21:26:44+00:00,1933-05-20T21:31:00+00:00,256.0,FINITE_GEOMETRY_ADMISSIBLE_WITNESS,GEOMETRY_ADMISSIBLE,1,c4c057546295289fd851a38d0b2880dbc5ab1d26dee8b761dbefa7d37a109afc
1092,4960|125830,1,1933-05-20T21:32:00+00:00,1933-05-20T22:02:00+00:00,1800.0,FINITE_GEOMETRY_ADMISSIBLE_WITNESS,GEOMETRY_ADMISSIBLE,1,fe328698eeea6078714ae5eae3e88b458b6491d497e941ee7255adf996356ded
1095,4963|125845,1,1933-05-22T22:00:00+00:00,1933-05-22T22:33:00+00:00,1980.0,FINITE_GEOMETRY_ADMISSIBLE_WITNESS,GEOMETRY_ADMISSIBLE,1,f4aca4e0c638a1ef37b4a2ff678acaf43c1a37ab604ff818d5ca93661d0eaccd
1098,4963|125853,1,1933-05-22T22:00:00+00:00,1933-05-22T22:33:00+00:00,1980.0,FINITE_GEOMETRY_ADMISSIBLE_WITNESS,GEOMETRY_ADMISSIBLE,1,94ce81adb44e011594425f02af4609ec07eda431e4f4f54c9049b36a89bdf874
1110,4969|125847,1,1933-05-22T23:28:41+00:00,1933-05-22T23:36:00+00:00,439.0,FINITE_GEOMETRY_ADMISSIBLE_WITNESS,GEOMETRY_ADMISSIBLE,1,656548d258b73994cabb4c4c0d16d59d4a7a4c9e938c75a12eccc02545b331b4
1111,4969|125848,1,1933-05-22T23:37:00+00:00,1933-05-23T00:07:00+00:00,1800.0,FINITE_GEOMETRY_ADMISSIBLE_WITNESS,GEOMETRY_ADMISSIBLE,1,3e7f378ca6d28c29200272168817bb2fbfa895e7a6d5fdbc2c6d2e01fb6d6901
1112,4969|125855,1,1933-05-22T23:28:41+00:00,1933-05-22T23:36:00+00:00,439.0,FINITE_GEOMETRY_ADMISSIBLE_WITNESS,GEOMETRY_ADMISSIBLE,1,6a17b64013eb9f366582fe06ae1eefba17559f0821150f56f6747f5c57e42bd8
1113,4969|125856,1,1933-05-22T23:37:00+00:00,1933-05-23T00:07:00+00:00,1800.0,FINITE_GEOMETRY_ADMISSIBLE_WITNESS,GEOMETRY_ADMISSIBLE,1,d12ca944bebb93d42743aa37c291fa6151e90c1a901fa288e1043069d7980a20
1115,4969|125863,1,1933-05-23T23:18:00+00:00,1933-05-23T23:48:00+00:00,1800.0,FINITE_GEOMETRY_ADMISSIBLE_WITNESS,GEOMETRY_ADMISSIBLE,1,0f7f127589b7f84ccfac9e06b39043000313e5d6048b32e66dc6877d7677941a
1116,4969|125864,1,1933-05-23T23:49:00+00:00,1933-05-24T00:20:00+00:00,1860.0,FINITE_GEOMETRY_ADMISSIBLE_WITNESS,GEOMETRY_ADMISSIBLE,1,edda082c392fcd4cbce32a777f38cfef9d1bd7aab0fccf925ac4636c560d9b86
1117,4969|125865,1,1933-05-24T00:21:00+00:00,1933-05-24T00:25:25+00:00,265.0,FINITE_GEOMETRY_ADMISSIBLE_WITNESS,GEOMETRY_ADMISSIBLE,1,f0a72ba33d63cacf407fe0f14980e9b1c71181f3af6be9965d3f780c7fef1cac
1118,4969|125870,1,1933-05-23T23:16:49+00:00,1933-05-23T23:17:00+00:00,11.0,FINITE_GEOMETRY_ADMISSIBLE_WITNESS,GEOMETRY_ADMISSIBLE,1,1ff632d04baa375c5c35856819253d5494766a050e811f1389f96d0fa77d8db8
1119,4969|125871,1,1933-05-23T23:18:00+00:00,1933-05-23T23:48:00+00:00,1800.0,FINITE_GEOMETRY_ADMISSIBLE_WITNESS,GEOMETRY_ADMISSIBLE,1,675bbed219602a9bea98e9b0e9e9c839ef8939ea35c54543a85f86c294b0a76a
1133,5018|125921,1,1933-07-27T22:15:00+00:00,1933-07-27T22:44:00+00:00,1740.0,FINITE_GEOMETRY_ADMISSIBLE_WITNESS,GEOMETRY_ADMISSIBLE,1,11ec6004cad09d71886a167cb1e3730d8fc3df5333a8e8aa36a8fd91af0933cd
1134,5018|125922,1,1933-07-27T22:45:00+00:00,1933-07-27T23:15:00+00:00,1800.0,FINITE_GEOMETRY_ADMISSIBLE_WITNESS,GEOMETRY_ADMISSIBLE,2,f50e5aad3e966073dab29feaafa16dcc20e2834e9f1c51d9fedb3f30d21e59d0
1137,5018|125985,1,1933-07-27T22:45:00+00:00,1933-07-27T23:15:00+00:00,1800.0,FINITE_GEOMETRY_ADMISSIBLE_WITNESS,GEOMETRY_ADMISSIBLE,2,d8b57ec56b2ddeb927a21609572112f173f930e559dbeaea70dea9e1441f67ef
1141,5028|125993,1,1933-08-13T20:58:00+00:00,1933-08-13T21:05:40+00:00,460.0,FINITE_GEOMETRY_ADMISSIBLE_WITNESS,GEOMETRY_ADMISSIBLE,1,7fd6d22efe117f281fe1939beec7f3b82116b67c70cb3ec8910c4a86192e1b46
1142,5029|125993,1,1933-08-13T21:06:40+00:00,1933-08-13T21:07:40+00:00,60.0,FINITE_GEOMETRY_ADMISSIBLE_WITNESS,GEOMETRY_ADMISSIBLE,2,6e2109fbf09b0b53b992a56e6dbffa10ba1fe6633f32fa40f309a4dd8fbc692c
1143,5030|125993,1,1933-08-13T21:11:39+00:00,1933-08-13T21:12:39+00:00,60.0,FINITE_GEOMETRY_ADMISSIBLE_WITNESS,GEOMETRY_ADMISSIBLE,2,6a713216230b9b399bb01a5ddb9fedf34a78542f627a58335debf443890c11bb
1145,5053|126100,1,1933-08-27T21:26:35+00:00,1933-08-27T21:29:35+00:00,180.0,FINITE_GEOMETRY_ADMISSIBLE_WITNESS,GEOMETRY_ADMISSIBLE,1,5eb18d14d67f62a20edaa238a53f4777a9aa82099154b80dc6eebaaa1c1aad8c
1146,5054|126090,1,1933-08-27T22:00:30+00:00,1933-08-27T22:01:00+00:00,30.0,FINITE_GEOMETRY_ADMISSIBLE_WITNESS,GEOMETRY_ADMISSIBLE,1,8f1d29105fa911cc8973368b90b0b0bc269605ff2b08f65f380b33b1f5ac3c40
1152,5060|126093,1,1933-08-28T00:01:00+00:00,1933-08-28T00:31:00+00:00,1800.0,FINITE_GEOMETRY_ADMISSIBLE_WITNESS,GEOMETRY_ADMISSIBLE,1,b02e523987e726bd7c9e202dba395bac0b0959b7e59acff2522b8a06b0e95113
1153,5060|126095,1,1933-08-28T00:48:00+00:00,1933-08-28T01:16:00+00:00,1680.0,FINITE_GEOMETRY_ADMISSIBLE_WITNESS,GEOMETRY_ADMISSIBLE,1,c9d389f78870212d61a9176e6dbd03fb786b27ccd0151c111268298cd13e6dee
1155,5060|126104,1,1933-08-27T23:03:09+00:00,1933-08-27T23:31:00+00:00,1671.0,FINITE_GEOMETRY_ADMISSIBLE_WITNESS,GEOMETRY_ADMISSIBLE,1,24a9cfcb22450f8f06ea90b5c17c04295fbc462819d3f285ef8437136e7289c7
1156,5060|126105,1,1933-08-27T23:32:00+00:00,1933-08-28T00:00:00+00:00,1680.0,FINITE_GEOMETRY_ADMISSIBLE_WITNESS,GEOMETRY_ADMISSIBLE,1,320d937c69aa5e8b096e05f8f3a1e569656f8e28eab10abad9d900d525de81dc
1157,5060|126106,1,1933-08-28T00:01:00+00:00,1933-08-28T00:31:00+00:00,1800.0,FINITE_GEOMETRY_ADMISSIBLE_WITNESS,GEOMETRY_ADMISSIBLE,1,f832bd9c536f0e059cf4254e688d7a29278bf09947258d25fdde120054287b94
1158,5060|126107,1,1933-08-28T00:32:00+00:00,1933-08-28T00:47:00+00:00,900.0,FINITE_GEOMETRY_ADMISSIBLE_WITNESS,GEOMETRY_ADMISSIBLE,1,42bdc7fd5dab39392d429557fc8c6a5a3aac58c5488acf6ac0f5ee15b4e2c387
1163,5067|126119,1,1933-08-28T23:30:00+00:00,1933-08-29T00:00:00+00:00,1800.0,FINITE_GEOMETRY_ADMISSIBLE_WITNESS,GEOMETRY_ADMISSIBLE,1,6a8662135484f5922d40314b59d9046e846ced38806d40a8ee745ce6ca9c8b5c
1166,5067|126122,1,1933-08-29T01:03:00+00:00,1933-08-29T01:33:00+00:00,1800.0,FINITE_GEOMETRY_ADMISSIBLE_WITNESS,GEOMETRY_ADMISSIBLE,2,8caf38765044c499136681f0f51df719338d3f85bd15f21b580918894d1b773d
1168,5067|126131,1,1933-08-28T23:21:10+00:00,1933-08-28T23:29:00+00:00,470.0,FINITE_GEOMETRY_ADMISSIBLE_WITNESS,GEOMETRY_ADMISSIBLE,1,cb15e15855eed57efe0e70de6083eebcf73860d0768e4c5693bb23d675cf34b8
1169,5067|126132,1,1933-08-28T23:30:00+00:00,1933-08-29T00:00:00+00:00,1800.0,FINITE_GEOMETRY_ADMISSIBLE_WITNESS,GEOMETRY_ADMISSIBLE,1,3b1f3996edf2f1603f33ece7fdc4cd5421275eec2f2e37bbd28ddf2e42aae8aa
1170,5067|126133,1,1933-08-29T00:01:00+00:00,1933-08-29T00:31:00+00:00,1800.0,FINITE_GEOMETRY_ADMISSIBLE_WITNESS,GEOMETRY_ADMISSIBLE,1,a5d9e67d8f51a5d3f71485c603890904434e53d236d49cb23951c1d6d7f9da0f
1171,5067|126135,1,1933-08-29T01:03:00+00:00,1933-08-29T01:33:00+00:00,1800.0,FINITE_GEOMETRY_ADMISSIBLE_WITNESS,GEOMETRY_ADMISSIBLE,1,a53c8e9f7cad4c041bce60d655df379e600150b3836374665d6e283cefd28b14
1173,5072|126140,1,1933-08-29T22:54:18+00:00,1933-08-29T23:12:00+00:00,1062.0,FINITE_GEOMETRY_ADMISSIBLE_WITNESS,GEOMETRY_ADMISSIBLE,1,d162cf349ece3db21d953a660aff5b1aebd4a21d4887334e539da8d76796ed19
1174,5072|126141,1,1933-08-29T23:13:00+00:00,1933-08-29T23:43:00+00:00,1800.0,FINITE_GEOMETRY_ADMISSIBLE_WITNESS,GEOMETRY_ADMISSIBLE,2,b8daf96c0eab979608ce13d66afa7d67ca6890de7d1b7455fe083f071bc98320
1175,5072|126151,1,1933-08-29T22:54:18+00:00,1933-08-29T23:12:00+00:00,1062.0,FINITE_GEOMETRY_ADMISSIBLE_WITNESS,GEOMETRY_ADMISSIBLE,1,bb89de3b4113afee901032858127f1a2b6b90ab0c1a9158f11f6f616796f47d3
1177,5072|126153,1,1933-08-29T23:44:00+00:00,1933-08-30T00:14:00+00:00,1800.0,FINITE_GEOMETRY_ADMISSIBLE_WITNESS,GEOMETRY_ADMISSIBLE,2,dab47596c08de3678dc57a3af0f55a5df81e618a452eade2998639173476aa57
1178,5072|126154,1,1933-08-30T00:15:00+00:00,1933-08-30T00:42:00+00:00,1620.0,FINITE_GEOMETRY_ADMISSIBLE_WITNESS,GEOMETRY_ADMISSIBLE,2,fbbd97722dd5ef4f232b8a7fb235ae1c3d96f33b8177e9108a60e2c4ce56f39c
1179,5074|126173,1,1933-09-11T19:48:38+00:00,1933-09-11T19:50:00+00:00,82.0,FINITE_GEOMETRY_ADMISSIBLE_WITNESS,GEOMETRY_ADMISSIBLE,1,e0b494004d86d0e3c6b1286cbaf04995bad74d0d566b0e6ea8c18fdfcf2b6a93
1181,5075|126174,1,1933-09-11T20:07:30+00:00,1933-09-11T20:27:26+00:00,1196.0,FINITE_GEOMETRY_ADMISSIBLE_WITNESS,GEOMETRY_ADMISSIBLE,3,b098dc5f876c5354e59f833884c62d3f888d30060c121b096a9ae7181e7a4cd9
1182,5085|126211,1,1933-09-16T20:58:00+00:00,1933-09-16T21:28:00+00:00,1800.0,FINITE_GEOMETRY_ADMISSIBLE_WITNESS,GEOMETRY_ADMISSIBLE,2,4a971bc13b2b1a3aa94ad0999c008f33c0cfdfe0b30e61fef46a16df1d98b3cf
1183,5085|126212,1,1933-09-16T21:29:00+00:00,1933-09-16T21:44:31+00:00,931.0,FINITE_GEOMETRY_ADMISSIBLE_WITNESS,GEOMETRY_ADMISSIBLE,1,577b18b03a888c68d24c1d0526dce07db4ff20202b1dcf64af93153a05aa8ea7
1183,5085|126212,2,1933-09-16T21:46:31+00:00,1933-09-16T21:59:00+00:00,749.0,FINITE_GEOMETRY_ADMISSIBLE_WITNESS,GEOMETRY_ADMISSIBLE,1,5ec034d535f77552d35315b73e4b2b019b17c92c6ac686a8bd0e213ae8ab753e
1184,5085|126213,1,1933-09-16T22:00:00+00:00,1933-09-16T22:15:26+00:00,926.0,FINITE_GEOMETRY_ADMISSIBLE_WITNESS,GEOMETRY_ADMISSIBLE,1,49294e9a1f5d30accd6eb09d1f87aa6f74aad449585c9d65649948d85f65936b
1188,5085|126235,1,1933-09-16T21:29:00+00:00,1933-09-16T21:44:31+00:00,931.0,FINITE_GEOMETRY_ADMISSIBLE_WITNESS,GEOMETRY_ADMISSIBLE,1,ed0368343692e620e6da5ae539e3137f26ccaeefea53a9b51fc608e60507a64a
1188,5085|126235,2,1933-09-16T21:46:31+00:00,1933-09-16T21:59:00+00:00,749.0,FINITE_GEOMETRY_ADMISSIBLE_WITNESS,GEOMETRY_ADMISSIBLE,1,dcf33205c65502df2918c849c4e7e362ab9ac8e906b65b0bc2a43ac7d444e2fc
1189,5085|126236,1,1933-09-16T22:00:00+00:00,1933-09-16T22:15:26+00:00,926.0,FINITE_GEOMETRY_ADMISSIBLE_WITNESS,GEOMETRY_ADMISSIBLE,1,b45a17c99ba56465f599fd3d3e4ca139bb78127292bc2cf32fc79a2bdaf42203
1192,5087|126217,1,1933-09-17T00:21:05+00:00,1933-09-17T00:27:00+00:00,355.0,FINITE_GEOMETRY_ADMISSIBLE_WITNESS,GEOMETRY_ADMISSIBLE,1,74e83c39c44dbf0f563e4a970d968669659dac440badd105cd3aad94a70aaf5c
1193,5087|126219,1,1933-09-17T00:59:00+00:00,1933-09-17T01:35:00+00:00,2160.0,FINITE_GEOMETRY_ADMISSIBLE_WITNESS,GEOMETRY_ADMISSIBLE,1,3ddce94a33ce9ba801a5491ac2bf2bb7d5ac0db6bc0ae220be2c4cbc874b06bd
1195,5087|126243,1,1933-09-17T01:30:00+00:00,1933-09-17T01:35:00+00:00,300.0,FINITE_GEOMETRY_ADMISSIBLE_WITNESS,GEOMETRY_ADMISSIBLE,1,f6e01b1c5d8dfb4fe5cc1a63eec221a703198b66aa8ec10ce44506a899dc60e1
1196,5089|126223,1,1933-09-17T21:20:00+00:00,1933-09-17T21:51:00+00:00,1860.0,FINITE_GEOMETRY_ADMISSIBLE_WITNESS,GEOMETRY_ADMISSIBLE,1,4de2d541eaeee32a7d98c843540ea29e0be153c4b8634630c5f351ed9a83a65f
1199,5089|126246,1,1933-09-17T20:52:43+00:00,1933-09-17T21:19:00+00:00,1577.0,FINITE_GEOMETRY_ADMISSIBLE_WITNESS,GEOMETRY_ADMISSIBLE,2,00b86029a15a1103119a6775ede10d714121e06be50f7d970b297203fc038cb1
1200,5089|126247,1,1933-09-17T21:20:00+00:00,1933-09-17T21:51:00+00:00,1860.0,FINITE_GEOMETRY_ADMISSIBLE_WITNESS,GEOMETRY_ADMISSIBLE,2,b0c3211f9e551b52f4b4cbadb8de808101fe24087ce65ed1e7095eec47a6ca05
1209,5165|126291,1,1933-09-27T02:59:43+00:00,1933-09-27T03:01:13+00:00,90.0,FINITE_GEOMETRY_ADMISSIBLE_WITNESS,GEOMETRY_ADMISSIBLE,1,6c5998d57f474f6dd29bfb744831a91915870e590b38e1f97d08c4f48fc219c7
1221,5223|126438,1,1933-10-23T18:18:41+00:00,1933-10-23T18:31:00+00:00,739.0,FINITE_GEOMETRY_ADMISSIBLE_WITNESS,GEOMETRY_ADMISSIBLE,1,a765ba898628a4bc9e93375fca8350ab8d73265e0628d15e33e42e9663635589
1222,5223|126439,1,1933-10-23T18:32:00+00:00,1933-10-23T19:02:00+00:00,1800.0,FINITE_GEOMETRY_ADMISSIBLE_WITNESS,GEOMETRY_ADMISSIBLE,1,ff7eb56876ed9cc42b62502ddbfac9612e36724046d9e6091be2a42e6dcbd766
1223,5223|126440,1,1933-10-23T19:03:00+00:00,1933-10-23T19:33:00+00:00,1800.0,FINITE_GEOMETRY_ADMISSIBLE_WITNESS,GEOMETRY_ADMISSIBLE,1,d0757c0d4c218349891acf4eb2f6ad06a1300c5a0d5c1654490abe62ba9c7e88
1226,5223|126453,1,1933-10-23T18:18:41+00:00,1933-10-23T18:31:00+00:00,739.0,FINITE_GEOMETRY_ADMISSIBLE_WITNESS,GEOMETRY_ADMISSIBLE,1,7f05ff40579a64e07071aafa896c157cb66267bd2528f84ff4d87c25547adcb3
1227,5223|126454,1,1933-10-23T18:32:00+00:00,1933-10-23T19:02:00+00:00,1800.0,FINITE_GEOMETRY_ADMISSIBLE_WITNESS,GEOMETRY_ADMISSIBLE,1,807b2943f9dc30f5f5c2123b39f539b4b1cd360ae9bb27d4ad804d25effeecf1
1228,5223|126455,1,1933-10-23T19:03:00+00:00,1933-10-23T19:33:00+00:00,1800.0,FINITE_GEOMETRY_ADMISSIBLE_WITNESS,GEOMETRY_ADMISSIBLE,1,46ad686e3a84be425be4f13a203b291efa2c007f31814a7560520b42f9b91dc5
1235,5473|127020,1,1934-02-14T19:03:37+00:00,1934-02-14T19:04:00+00:00,23.0,FINITE_GEOMETRY_ADMISSIBLE_WITNESS,GEOMETRY_ADMISSIBLE,1,be2b14f5f93c0aa12344b781370d4b43375f38449a0b913f3f6cf9b23a3c967a
1246,5479|127007,1,1934-02-14T22:46:01+00:00,1934-02-14T22:56:00+00:00,599.0,FINITE_GEOMETRY_ADMISSIBLE_WITNESS,GEOMETRY_ADMISSIBLE,1,da256a50806a3e3db44f8d7c3f98c702b54d04e2caae6c59cfe42037a70c945b
1247,5479|127027,1,1934-02-14T22:46:01+00:00,1934-02-14T22:56:00+00:00,599.0,FINITE_GEOMETRY_ADMISSIBLE_WITNESS,GEOMETRY_ADMISSIBLE,1,2ad19fa5c823a059e6e8e869ef4f2d10229b6e5ce910e755b9db6f1892d23753
1248,5480|127007,1,1934-02-14T22:56:14+00:00,1934-02-14T22:58:00+00:00,106.0,FINITE_GEOMETRY_ADMISSIBLE_WITNESS,GEOMETRY_ADMISSIBLE,1,299996cd56f7cc25cf92fbfe485b88a915a15cdf15e942e7daedc9a4e97c2628
1250,5480|127027,1,1934-02-14T22:56:14+00:00,1934-02-14T22:58:00+00:00,106.0,FINITE_GEOMETRY_ADMISSIBLE_WITNESS,GEOMETRY_ADMISSIBLE,1,e95a564fa20c1c266efb4e5d78c0bd1a0108d2d5387d4ac2e7134497e4f888f9
1251,5480|127028,1,1934-02-14T22:59:00+00:00,1934-02-14T23:06:10+00:00,430.0,FINITE_GEOMETRY_ADMISSIBLE_WITNESS,GEOMETRY_ADMISSIBLE,1,5ca04c79025674670dc79d75e923e828da3f084112cd195f35223b395b8f0a81
1262,5512|127122,1,1934-03-20T00:35:12+00:00,1934-03-20T00:41:00+00:00,348.0,FINITE_GEOMETRY_ADMISSIBLE_WITNESS,GEOMETRY_ADMISSIBLE,1,2f4159ba49248b4340171c2712b7e9718210d03f75f2be0f007090eb4470f34f
1264,5521|127130,1,1934-04-03T19:37:17+00:00,1934-04-03T19:37:27+00:00,10.0,FINITE_GEOMETRY_ADMISSIBLE_WITNESS,GEOMETRY_ADMISSIBLE,2,864d9e48029cec129522ebe0a0cd877fbe620fac4082aed77771a93e11c7c083
1266,5522|127130,1,1934-04-03T19:38:17+00:00,1934-04-03T19:38:27+00:00,10.0,FINITE_GEOMETRY_ADMISSIBLE_WITNESS,GEOMETRY_ADMISSIBLE,1,1e50a5130d3b0abecc88355e619584956dda972daa89a65fbee84acd9b3052b8
1268,5523|127130,1,1934-04-03T19:39:17+00:00,1934-04-03T19:39:27+00:00,10.0,FINITE_GEOMETRY_ADMISSIBLE_WITNESS,GEOMETRY_ADMISSIBLE,3,9ea8009969ce0aeb57e992dfe376d25233ccef20ab629fb8d719dad533a834ed
1270,5524|127130,1,1934-04-03T19:40:17+00:00,1934-04-03T19:40:27+00:00,10.0,FINITE_GEOMETRY_ADMISSIBLE_WITNESS,GEOMETRY_ADMISSIBLE,2,7e18f5c4986603907f523c5447062e7e63ea5d119cead39de6327c741c3fd00a
1272,5525|127130,1,1934-04-03T19:41:16+00:00,1934-04-03T19:41:26+00:00,10.0,FINITE_GEOMETRY_ADMISSIBLE_WITNESS,GEOMETRY_ADMISSIBLE,2,b48ff6583e8b6b818b90a0976063c35a7e5f230006a438fd2c3905c74548a1cd
1274,5526|127130,1,1934-04-03T19:42:16+00:00,1934-04-03T19:42:26+00:00,10.0,FINITE_GEOMETRY_ADMISSIBLE_WITNESS,GEOMETRY_ADMISSIBLE,2,44b1da66c9dfd16d90e21e56d73e54356f3332d3ffd0baf6bd733a4929515660
1276,5527|127130,1,1934-04-03T19:43:16+00:00,1934-04-03T19:43:26+00:00,10.0,FINITE_GEOMETRY_ADMISSIBLE_WITNESS,GEOMETRY_ADMISSIBLE,1,ad3c4b32099ce4d139c1b93bf135af43ffb34ff5324b37115a5e7bb7920f751c
1278,5528|127130,1,1934-04-03T19:44:16+00:00,1934-04-03T19:44:26+00:00,10.0,FINITE_GEOMETRY_ADMISSIBLE_WITNESS,GEOMETRY_ADMISSIBLE,1,2d5de2d5af2f51efc167f277218b7d293f7b02901123cfcee1573efc6e908d3a
1280,5529|127130,1,1934-04-03T19:45:16+00:00,1934-04-03T19:45:26+00:00,10.0,FINITE_GEOMETRY_ADMISSIBLE_WITNESS,GEOMETRY_ADMISSIBLE,2,7ac88d062e828c83fcb508af5878bd97ac2faf0d2e2e502de78cc748fb406221
1282,5530|127130,1,1934-04-03T19:46:16+00:00,1934-04-03T19:46:26+00:00,10.0,FINITE_GEOMETRY_ADMISSIBLE_WITNESS,GEOMETRY_ADMISSIBLE,1,587def34f29518f28cb19ea854dbb19261b9cd790c168630e754c2fe7b9ef3a8
1284,5531|127130,1,1934-04-03T19:47:15+00:00,1934-04-03T19:47:25+00:00,10.0,FINITE_GEOMETRY_ADMISSIBLE_WITNESS,GEOMETRY_ADMISSIBLE,1,b22722b9c5ec02dd1be3387597582c77f596db20d5ee60e8f1aa079e1664fe2d
1286,5532|127130,1,1934-04-03T19:48:15+00:00,1934-04-03T19:48:25+00:00,10.0,FINITE_GEOMETRY_ADMISSIBLE_WITNESS,GEOMETRY_ADMISSIBLE,2,61cea099918577bc5678d4bc43c3e26a5eef854ed439d4c9e6f04b83faa7bfec
1288,5533|127130,1,1934-04-03T19:49:15+00:00,1934-04-03T19:49:25+00:00,10.0,FINITE_GEOMETRY_ADMISSIBLE_WITNESS,GEOMETRY_ADMISSIBLE,1,c4abf68bd87f87e370ee67ed12f9a7655b339664bd5be2d8391b683b5ed408a4
1290,5534|127130,1,1934-04-03T19:50:15+00:00,1934-04-03T19:50:25+00:00,10.0,FINITE_GEOMETRY_ADMISSIBLE_WITNESS,GEOMETRY_ADMISSIBLE,1,5738759c3fa792554201fc60345ef7a294b34c25b1645d222bb6ee46262a780c
1292,5535|127130,1,1934-04-03T19:51:15+00:00,1934-04-03T19:51:25+00:00,10.0,FINITE_GEOMETRY_ADMISSIBLE_WITNESS,GEOMETRY_ADMISSIBLE,3,f252c0bf8d2efdb7038eb05e01b7c21cf274f35324e07904b6a2e0a6d3ea422d
1294,5536|127130,1,1934-04-03T19:52:15+00:00,1934-04-03T19:52:25+00:00,10.0,FINITE_GEOMETRY_ADMISSIBLE_WITNESS,GEOMETRY_ADMISSIBLE,1,8503b988c7f9c23b87d8d4a9866ce05afa556edb34349fb619eefdcb84874298
1296,5537|127130,1,1934-04-03T19:53:14+00:00,1934-04-03T19:53:24+00:00,10.0,FINITE_GEOMETRY_ADMISSIBLE_WITNESS,GEOMETRY_ADMISSIBLE,1,63ac27a2444295a31a4d40599d5301befd5809bfa59d13a19a4a09a4362bf323
1298,5538|127130,1,1934-04-03T19:54:14+00:00,1934-04-03T19:54:24+00:00,10.0,FINITE_GEOMETRY_ADMISSIBLE_WITNESS,GEOMETRY_ADMISSIBLE,1,c256b084ac48e92377a86a7aa22cf85377a8d8ae7d5a201967dfdda035ebdfa3
1300,5539|127130,1,1934-04-03T19:55:14+00:00,1934-04-03T19:55:24+00:00,10.0,FINITE_GEOMETRY_ADMISSIBLE_WITNESS,GEOMETRY_ADMISSIBLE,2,d2e43c700dceb303318b9c4939204aa03ef33bdd50a3e4c48f8a59e7d8c2dffd
1302,5540|127130,1,1934-04-03T19:56:14+00:00,1934-04-03T19:56:24+00:00,10.0,FINITE_GEOMETRY_ADMISSIBLE_WITNESS,GEOMETRY_ADMISSIBLE,1,b14f3a873c25d6b83a307695070b64b8b0f1295afbd1da8d17e023f15723c7cb
1304,5541|127130,1,1934-04-03T19:57:14+00:00,1934-04-03T19:57:24+00:00,10.0,FINITE_GEOMETRY_ADMISSIBLE_WITNESS,GEOMETRY_ADMISSIBLE,1,f984961f265222a5df40a9560c93a60cec8987906a86776f24c4124c6ad708f7
1562,5704|127161,1,1934-04-05T22:50:00+00:00,1934-04-05T23:18:58+00:00,1738.0,FINITE_GEOMETRY_ADMISSIBLE_WITNESS,GEOMETRY_ADMISSIBLE,1,8fd51cbcd9176cc94b3cf5e5eb7dc313272e48fccb38af54a0468cf11760b658
1563,5704|127172,1,1934-04-05T22:50:00+00:00,1934-04-05T23:18:58+00:00,1738.0,FINITE_GEOMETRY_ADMISSIBLE_WITNESS,GEOMETRY_ADMISSIBLE,1,c19e6e3e25e83fa46d99d09fc2fc512b82e3872a7172e02ed3933a688d293863
1565,5728|127192,1,1934-04-07T21:50:09+00:00,1934-04-07T21:54:00+00:00,231.0,FINITE_GEOMETRY_ADMISSIBLE_WITNESS,GEOMETRY_ADMISSIBLE,1,e4e4b73c600f62ef0255e145235b6a784f7968054d29c18f0c8ed5ef67bf14c7
1566,5728|127193,1,1934-04-07T21:55:00+00:00,1934-04-07T22:25:00+00:00,1800.0,FINITE_GEOMETRY_ADMISSIBLE_WITNESS,GEOMETRY_ADMISSIBLE,1,236feda3a7fed285c2ce23d852f3b63c42b5646680a7896f067a6dea64ca9fae
1567,5728|127194,1,1934-04-07T22:26:00+00:00,1934-04-07T22:56:00+00:00,1800.0,FINITE_GEOMETRY_ADMISSIBLE_WITNESS,GEOMETRY_ADMISSIBLE,1,362415e0789d57403210cc4dbe0296e95e5f2a4a5a59e7e2b4908a7f44c14884
1568,5728|127195,1,1934-04-07T22:57:00+00:00,1934-04-07T23:27:00+00:00,1800.0,FINITE_GEOMETRY_ADMISSIBLE_WITNESS,GEOMETRY_ADMISSIBLE,1,15907a88f6aa850a1c424fbfcb339330db2347a744d437f4e6c3983fbad9adda
1569,5728|127196,1,1934-04-07T23:28:00+00:00,1934-04-07T23:49:50+00:00,1310.0,FINITE_GEOMETRY_ADMISSIBLE_WITNESS,GEOMETRY_ADMISSIBLE,1,8e3d7d6d727b9a0237e2af4c9632f22cd9aa9de04728d28da36d38a24f8cae0e
1571,5728|127207,1,1934-04-07T21:55:00+00:00,1934-04-07T22:25:00+00:00,1800.0,FINITE_GEOMETRY_ADMISSIBLE_WITNESS,GEOMETRY_ADMISSIBLE,2,24993cd20da0a3431a2340aadbcdf8338951e39ff7d822f53c87b714b6d1099a
1572,5728|127209,1,1934-04-07T22:57:00+00:00,1934-04-07T23:27:00+00:00,1800.0,FINITE_GEOMETRY_ADMISSIBLE_WITNESS,GEOMETRY_ADMISSIBLE,1,e2fa4bd147d4bb22968db161017c4af51fb53d96e0ef92d72e413a6de11aa863
1573,5728|127210,1,1934-04-07T23:28:00+00:00,1934-04-07T23:49:50+00:00,1310.0,FINITE_GEOMETRY_ADMISSIBLE_WITNESS,GEOMETRY_ADMISSIBLE,1,3958781600484adef28ab84b6c9591639542fec6b06bbc52db6ad0cc2e227f3d
1578,5733|127267,1,1934-05-04T21:48:43+00:00,1934-05-04T22:17:00+00:00,1697.0,FINITE_GEOMETRY_ADMISSIBLE_WITNESS,GEOMETRY_ADMISSIBLE,1,ee12a650f9e904c102cfdf09fe745d0b760b7b6c1017819e6133fbb8062abf19
1579,5733|127268,1,1934-05-04T22:18:00+00:00,1934-05-04T22:18:38+00:00,38.0,FINITE_GEOMETRY_ADMISSIBLE_WITNESS,GEOMETRY_ADMISSIBLE,2,562cfe31cdc180074bec61adb3ee4f05742a7bb3745a0daded401a05c802ac01
1580,5747|127276,1,1934-05-10T21:48:03+00:00,1934-05-10T21:53:00+00:00,297.0,FINITE_GEOMETRY_ADMISSIBLE_WITNESS,GEOMETRY_ADMISSIBLE,1,0aa70843f726ffddadf89d47bd4072913112247b0f7bd26890270b565e9b3088
1581,5747|127277,1,1934-05-10T21:54:00+00:00,1934-05-10T22:17:59+00:00,1439.0,FINITE_GEOMETRY_ADMISSIBLE_WITNESS,GEOMETRY_ADMISSIBLE,1,ad0e512713519d2327b70b922e6b1e8ee373fd170cbe10be77a47dff66329e9f
1582,5747|127282,1,1934-05-10T21:48:03+00:00,1934-05-10T21:53:00+00:00,297.0,FINITE_GEOMETRY_ADMISSIBLE_WITNESS,GEOMETRY_ADMISSIBLE,1,d24daf1fdfe6e4c25779868fbef38f80d1492436ccc0e58debd4dacbadbb7c6c
1583,5747|127283,1,1934-05-10T21:54:00+00:00,1934-05-10T22:17:59+00:00,1439.0,FINITE_GEOMETRY_ADMISSIBLE_WITNESS,GEOMETRY_ADMISSIBLE,2,36e1f0c81af75fe002cc649caffab3dcc7633dd67d668feaf830b5eba829cab2
1586,5769|127358,1,1934-06-12T22:54:16+00:00,1934-06-12T23:03:00+00:00,524.0,FINITE_GEOMETRY_ADMISSIBLE_WITNESS,GEOMETRY_ADMISSIBLE,1,84344de37ad4746dcbcbc0f77b8c5e8cca1596f247d768bbf5cd359c1273cda9
1587,5769|127359,1,1934-06-12T23:04:00+00:00,1934-06-12T23:24:00+00:00,1200.0,FINITE_GEOMETRY_ADMISSIBLE_WITNESS,GEOMETRY_ADMISSIBLE,1,3069bd1fb1da7341a36b37c334d9b50b8a2b0c7228e1b4a81c6b6e6c7defc500
1588,5769|127370,1,1934-06-12T23:46:00+00:00,1934-06-12T23:54:07+00:00,487.0,FINITE_GEOMETRY_ADMISSIBLE_WITNESS,GEOMETRY_ADMISSIBLE,1,3d2d47fbd14715d95f302e468c545fcb365656d773302978b795544ea79089c8
1589,5770|127375,1,1934-06-13T22:49:21+00:00,1934-06-13T23:11:00+00:00,1299.0,FINITE_GEOMETRY_ADMISSIBLE_WITNESS,GEOMETRY_ADMISSIBLE,2,d624569baf8b17d668e33ab50d2c943bf4a0a81b3a71e1f5bb45524a3489dbb4
1590,5770|127376,1,1934-06-13T23:12:00+00:00,1934-06-13T23:42:00+00:00,1800.0,FINITE_GEOMETRY_ADMISSIBLE_WITNESS,GEOMETRY_ADMISSIBLE,1,bbcebc4b8ded49034a2f799557286d1133433d714ee120ae184dc0f74686a236
1591,5770|127377,1,1934-06-13T23:43:00+00:00,1934-06-13T23:49:11+00:00,371.0,FINITE_GEOMETRY_ADMISSIBLE_WITNESS,GEOMETRY_ADMISSIBLE,2,bfc19016ee0663e4d015ded0d02ae72e77897f14c42173928b5eb9f8518f39e0
1592,5770|127381,1,1934-06-13T22:49:21+00:00,1934-06-13T23:11:00+00:00,1299.0,FINITE_GEOMETRY_ADMISSIBLE_WITNESS,GEOMETRY_ADMISSIBLE,1,878de463718e38d3d2de85fa056ad06d719838c838bbe63ce71675bd4085b3ba
1593,5770|127382,1,1934-06-13T23:12:00+00:00,1934-06-13T23:42:00+00:00,1800.0,FINITE_GEOMETRY_ADMISSIBLE_WITNESS,GEOMETRY_ADMISSIBLE,1,a8db2fce70d9107f996580393b5b9acd03603de5e4e6a4b243559b89ce5842eb
1594,5770|127383,1,1934-06-13T23:43:00+00:00,1934-06-13T23:49:11+00:00,371.0,FINITE_GEOMETRY_ADMISSIBLE_WITNESS,GEOMETRY_ADMISSIBLE,1,64b499c0c1673b4318fa21537be6bb579d31cbcf655a21cd6345aadedc6bf0df
1595,5853|127530,1,1934-09-05T01:19:00+00:00,1934-09-05T01:23:31+00:00,271.0,FINITE_GEOMETRY_ADMISSIBLE_WITNESS,GEOMETRY_ADMISSIBLE,1,62a7d0ccd5df7be353d102aa44b98980d9cf3f6c7b37c18ad7373872d5d65bcc
1618,5886|127530,1,1934-09-05T01:19:00+00:00,1934-09-05T01:40:08+00:00,1268.0,FINITE_GEOMETRY_ADMISSIBLE_WITNESS,GEOMETRY_ADMISSIBLE,1,7c30162b09af23aeda425ab7338d1f1f004bffe0592bffc9cbf0145168bcd632
1620,5962|127555,1,1934-09-12T21:09:00+00:00,1934-09-12T21:26:18+00:00,1038.0,FINITE_GEOMETRY_ADMISSIBLE_WITNESS,GEOMETRY_ADMISSIBLE,1,15a837605f873009cedbb2639ce4ee5c90cf26356f0d6c526dc062400c9c7bd3
1621,5963|127555,1,1934-09-12T21:09:00+00:00,1934-09-12T21:26:18+00:00,1038.0,FINITE_GEOMETRY_ADMISSIBLE_WITNESS,GEOMETRY_ADMISSIBLE,1,ae7620b836a53682877105a5197d8d35bbccbcae3008f4b0953e03d42e7d7409
1622,6207|127615,1,1934-11-03T19:31:35+00:00,1934-11-03T19:32:05+00:00,30.0,FINITE_GEOMETRY_ADMISSIBLE_WITNESS,GEOMETRY_ADMISSIBLE,1,00386e5ab3f4be27a65497be6b20fb713de4d5887bde6c6f81ca7d658cc52bb1
1623,6207|127624,1,1934-11-03T19:31:35+00:00,1934-11-03T19:32:05+00:00,30.0,FINITE_GEOMETRY_ADMISSIBLE_WITNESS,GEOMETRY_ADMISSIBLE,3,03858adb561eab2c0a670702ea376207ff22bcc64069a60f52e32bb697d4974f
1624,6208|127615,1,1934-11-03T19:35:34+00:00,1934-11-03T19:36:10+00:00,36.0,FINITE_GEOMETRY_ADMISSIBLE_WITNESS,GEOMETRY_ADMISSIBLE,2,a40ef2bac7cc59d21597a2560a88f7e6b4cc19f5402ea0a07ad47e60f8730b5a
1625,6208|127624,1,1934-11-03T19:35:34+00:00,1934-11-03T19:36:10+00:00,36.0,FINITE_GEOMETRY_ADMISSIBLE_WITNESS,GEOMETRY_ADMISSIBLE,1,bf1b2b2da04aa2bcba8600eb4230b9bc4ea0d01efd70611e480eb24e3d96f68b
1626,6209|127615,1,1934-11-03T19:39:34+00:00,1934-11-03T19:40:04+00:00,30.0,FINITE_GEOMETRY_ADMISSIBLE_WITNESS,GEOMETRY_ADMISSIBLE,2,694085642f103db084a18730221ad19c1f8b734ae78534c8ba255c31d87ff038
1627,6209|127624,1,1934-11-03T19:39:34+00:00,1934-11-03T19:40:04+00:00,30.0,FINITE_GEOMETRY_ADMISSIBLE_WITNESS,GEOMETRY_ADMISSIBLE,1,3499c8c49dd07f913a376551ccb47483924eeabab33f0cc07b16c0830e3fd4a1
1628,6210|127615,1,1934-11-03T19:44:33+00:00,1934-11-03T19:45:03+00:00,30.0,FINITE_GEOMETRY_ADMISSIBLE_WITNESS,GEOMETRY_ADMISSIBLE,1,7fddb4cc1bf6de2a32c1aa4d1ed1907331ebe18c57d2b7182a0bd98feeb58515
1629,6210|127624,1,1934-11-03T19:44:33+00:00,1934-11-03T19:45:03+00:00,30.0,FINITE_GEOMETRY_ADMISSIBLE_WITNESS,GEOMETRY_ADMISSIBLE,1,ad0667d870f4184cafd985194a1be9a53fb8bc2bbb0ce10ba58ebad2cbbbc473
1630,6211|127615,1,1934-11-03T19:49:32+00:00,1934-11-03T19:50:02+00:00,30.0,FINITE_GEOMETRY_ADMISSIBLE_WITNESS,GEOMETRY_ADMISSIBLE,1,761680684e15347c274063cd72fad7201eabccb3f544504ea7d1755bfdebf872
1631,6211|127624,1,1934-11-03T19:49:32+00:00,1934-11-03T19:50:02+00:00,30.0,FINITE_GEOMETRY_ADMISSIBLE_WITNESS,GEOMETRY_ADMISSIBLE,1,3c5c9431ba7edb9e1a6ce7e3f3ff1343a24f381179c2e9a01d981b37fd593d9c
1643,6333|127698,1,1935-02-07T20:10:00+00:00,1935-02-07T20:17:58+00:00,478.0,FINITE_GEOMETRY_ADMISSIBLE_WITNESS,GEOMETRY_ADMISSIBLE,1,32ef4931f23c53c95379ef5c8f850af17c95565741429c9af2bc769e42918635
1647,6349|127733,1,1935-02-10T00:42:22+00:00,1935-02-10T00:47:00+00:00,278.0,FINITE_GEOMETRY_ADMISSIBLE_WITNESS,GEOMETRY_ADMISSIBLE,1,7851fc37e684694f97bad49053c99d1a193b9ac4ace058dfca892d58dda30bfb
1648,6349|127735,1,1935-02-10T00:42:22+00:00,1935-02-10T00:47:00+00:00,278.0,FINITE_GEOMETRY_ADMISSIBLE_WITNESS,GEOMETRY_ADMISSIBLE,1,e7ddb1850bd0f161e423542bd39a5229f0b63bca5be9d7ff1184a5b0bc22b204
1651,6405|127772,1,1935-03-12T01:15:00+00:00,1935-03-12T01:36:56+00:00,1316.0,FINITE_GEOMETRY_ADMISSIBLE_WITNESS,GEOMETRY_ADMISSIBLE,1,fbad85d4c26f0d2af0a69965ea59434dc7c30942a52eb3886be6a912b7501831
1652,6405|127782,1,1935-03-12T01:15:00+00:00,1935-03-12T01:36:56+00:00,1316.0,FINITE_GEOMETRY_ADMISSIBLE_WITNESS,GEOMETRY_ADMISSIBLE,1,276e55571135b07754384488e8d047c633e9208449bddffe3d830ffe260fb55e
1653,6420|127869,1,1935-05-03T21:40:38+00:00,1935-05-03T22:04:00+00:00,1402.0,FINITE_GEOMETRY_ADMISSIBLE_WITNESS,GEOMETRY_ADMISSIBLE,1,dac2e5f8a79278b40aa2c8de58af0478e5ab38522986699aef22b8edd582cd40
1654,6420|127870,1,1935-05-03T22:05:00+00:00,1935-05-03T22:35:00+00:00,1800.0,FINITE_GEOMETRY_ADMISSIBLE_WITNESS,GEOMETRY_ADMISSIBLE,1,39a689d2e37c7f57ee10afb22d30968a8e7d89221cafd4e2863481e61dff8d99
1655,6420|127871,1,1935-05-03T22:36:00+00:00,1935-05-03T23:04:00+00:00,1680.0,FINITE_GEOMETRY_ADMISSIBLE_WITNESS,GEOMETRY_ADMISSIBLE,1,0a0e7a91dd19882833896627d7fcf976797b72e8cae5c9f2f2d51631972dac9f
1656,6420|127873,1,1935-05-03T23:38:00+00:00,1935-05-03T23:40:18+00:00,138.0,FINITE_GEOMETRY_ADMISSIBLE_WITNESS,GEOMETRY_ADMISSIBLE,2,3603631dd73c5b96d2b3fb4925f293fb50ae37b708a7c3a9bfabdc96353051cb
1657,6420|127880,1,1935-05-03T21:41:00+00:00,1935-05-03T22:04:00+00:00,1380.0,FINITE_GEOMETRY_ADMISSIBLE_WITNESS,GEOMETRY_ADMISSIBLE,2,91a30a542db5be9b2c9f455ae5fc2befae358c2ac80bb26f72cfe9965698402e
1658,6420|127881,1,1935-05-03T22:05:00+00:00,1935-05-03T22:35:00+00:00,1800.0,FINITE_GEOMETRY_ADMISSIBLE_WITNESS,GEOMETRY_ADMISSIBLE,1,66a1965a9ab93bff4d9ee2e827100c54706bf4a556b5e95381731028ab0ff155
1659,6420|127882,1,1935-05-03T22:36:00+00:00,1935-05-03T23:04:00+00:00,1680.0,FINITE_GEOMETRY_ADMISSIBLE_WITNESS,GEOMETRY_ADMISSIBLE,1,2ee71e7859c9ba43b6dacd7de0533615f926b8b64e6289144235b2330bee6e60
1660,6420|127883,1,1935-05-03T23:05:00+00:00,1935-05-03T23:37:00+00:00,1920.0,FINITE_GEOMETRY_ADMISSIBLE_WITNESS,GEOMETRY_ADMISSIBLE,1,f0ac5eda8540bbebd65a6cff34116dd7a7edc52ff8bf05751cf0407da7e6b92a
1661,6420|127884,1,1935-05-03T23:38:00+00:00,1935-05-03T23:40:18+00:00,138.0,FINITE_GEOMETRY_ADMISSIBLE_WITNESS,GEOMETRY_ADMISSIBLE,1,e5fb49a59053b3e5f2f2d9ce32cdc06b239ba55ad4df7eee5076e010eb61befc
1662,6420|127900,1,1935-05-03T21:40:38+00:00,1935-05-03T21:41:00+00:00,22.0,FINITE_GEOMETRY_ADMISSIBLE_WITNESS,GEOMETRY_ADMISSIBLE,2,febcf52f7d19e0d7e4165ffcc21cfcd325d21326e9792d7379d442d0e64b8a18
1663,6422|127873,1,1935-05-04T00:03:44+00:00,1935-05-04T00:08:00+00:00,256.0,FINITE_GEOMETRY_ADMISSIBLE_WITNESS,GEOMETRY_ADMISSIBLE,1,d8b478f6cecc4aacf62ec7fa57e48462127e996e74b7f09c957f482af60f7a84
1664,6422|127874,1,1935-05-04T00:09:00+00:00,1935-05-04T00:39:00+00:00,1800.0,FINITE_GEOMETRY_ADMISSIBLE_WITNESS,GEOMETRY_ADMISSIBLE,2,e0d4878bc3c1b2c9db4e032dc1bfce06edf00a947b60d1eda10a02bbd59d58de
1665,6422|127875,1,1935-05-04T00:40:00+00:00,1935-05-04T00:43:38+00:00,218.0,FINITE_GEOMETRY_ADMISSIBLE_WITNESS,GEOMETRY_ADMISSIBLE,1,79bfac5dbc537ea595cd6b06ace2a629895f6ad00407eb399a517b332c495168
1666,6422|127884,1,1935-05-04T00:03:44+00:00,1935-05-04T00:08:00+00:00,256.0,FINITE_GEOMETRY_ADMISSIBLE_WITNESS,GEOMETRY_ADMISSIBLE,1,5142f76d7aac0258567c4d70acc64587208cfce48d6fca04e640fbedfb349a03
1667,6422|127885,1,1935-05-04T00:09:00+00:00,1935-05-04T00:39:00+00:00,1800.0,FINITE_GEOMETRY_ADMISSIBLE_WITNESS,GEOMETRY_ADMISSIBLE,1,fb59782a7815ba9ac99286fd1283d837f3f9f802c0e698927b8a561d7fca5ab7
1668,6422|127886,1,1935-05-04T00:40:00+00:00,1935-05-04T00:43:38+00:00,218.0,FINITE_GEOMETRY_ADMISSIBLE_WITNESS,GEOMETRY_ADMISSIBLE,1,2a597f8b54d495a338cc6a1b210b44ffde7285a2a81506447d7e399a4b1f02f6
1669,6423|127889,1,1935-05-04T21:16:15+00:00,1935-05-04T21:24:00+00:00,465.0,FINITE_GEOMETRY_ADMISSIBLE_WITNESS,GEOMETRY_ADMISSIBLE,1,cd08892b5eb3fa92b2419a6c8f51d1aa99ea07b548711cde9ef1043ecd8b4d1f
1670,6423|127890,1,1935-05-04T21:25:00+00:00,1935-05-04T21:55:00+00:00,1800.0,FINITE_GEOMETRY_ADMISSIBLE_WITNESS,GEOMETRY_ADMISSIBLE,1,c84698a3e2ba1a339ef2b8424a0ecf05ff2d4c5ff89030c53244811e0610040d
1671,6423|127891,1,1935-05-04T21:56:00+00:00,1935-05-04T21:56:09+00:00,9.0,FINITE_GEOMETRY_ADMISSIBLE_WITNESS,GEOMETRY_ADMISSIBLE,1,b32c7df8f9811abd45a8add2c54f6beac7b4e2a3d7951ff1871442eab7148fa3
1672,6423|127895,1,1935-05-04T21:25:00+00:00,1935-05-04T21:55:00+00:00,1800.0,FINITE_GEOMETRY_ADMISSIBLE_WITNESS,GEOMETRY_ADMISSIBLE,1,4bd2f40354820c80c6797b5dd113e0ebfc32f04a742cd5917650531ccfc0bca4
1673,6423|127896,1,1935-05-04T21:56:00+00:00,1935-05-04T21:56:09+00:00,9.0,FINITE_GEOMETRY_ADMISSIBLE_WITNESS,GEOMETRY_ADMISSIBLE,1,fb1e98a580f36e6a058cb4a805fcdccde1a12df90e4bf526c8a1eb3d3b20655f
1674,6424|127891,1,1935-05-04T22:00:38+00:00,1935-05-04T22:26:00+00:00,1522.0,FINITE_GEOMETRY_ADMISSIBLE_WITNESS,GEOMETRY_ADMISSIBLE,1,4331cff0b5e68341a2fda136b6ba770842e5f14b3b32cb59d34c75fb7aa9cd6d
1675,6424|127892,1,1935-05-04T22:27:00+00:00,1935-05-04T22:40:32+00:00,812.0,FINITE_GEOMETRY_ADMISSIBLE_WITNESS,GEOMETRY_ADMISSIBLE,1,114d4f8551180af0054c3402c564627f6579f833e9189e83deddc17962fe17da
1676,6424|127896,1,1935-05-04T22:00:38+00:00,1935-05-04T22:26:00+00:00,1522.0,FINITE_GEOMETRY_ADMISSIBLE_WITNESS,GEOMETRY_ADMISSIBLE,1,d5a1f073cd179f701c99d90c9cd1d349aa8a79447e467818be641c2b1e5a4cfc
1677,6424|127897,1,1935-05-04T22:27:00+00:00,1935-05-04T22:40:32+00:00,812.0,FINITE_GEOMETRY_ADMISSIBLE_WITNESS,GEOMETRY_ADMISSIBLE,1,7bb466f08074997ac6d057c1630864f42112d314eb9facfcbd8ac20e41b92ab9
1678,6425|127892,1,1935-05-04T22:46:31+00:00,1935-05-04T22:57:00+00:00,629.0,FINITE_GEOMETRY_ADMISSIBLE_WITNESS,GEOMETRY_ADMISSIBLE,1,f3ead9dd608ac7191546d9834d4f8016d63dd48461cda40833a062a62da77523
1679,6425|127897,1,1935-05-04T22:46:31+00:00,1935-05-04T22:57:00+00:00,629.0,FINITE_GEOMETRY_ADMISSIBLE_WITNESS,GEOMETRY_ADMISSIBLE,2,f8a4497e87b7f471f7109a4e32bfadfb1c753d5f6264259de060ef3c35246944
1690,6555|128191,1,1935-09-23T20:07:05+00:00,1935-09-23T20:07:35+00:00,30.0,FINITE_GEOMETRY_ADMISSIBLE_WITNESS,GEOMETRY_ADMISSIBLE,1,25da3fe1015779b5bc6e5b2e8c110b3f88220f44bba2f96c1a2e717b76a332bd
1691,6556|128191,1,1935-09-23T20:09:05+00:00,1935-09-23T20:09:35+00:00,30.0,FINITE_GEOMETRY_ADMISSIBLE_WITNESS,GEOMETRY_ADMISSIBLE,2,aadef2f6a6ac5ecb61ed1b6b243662bdc568500d7e7f0b83e2e3b383373c6b1b
1692,6557|128191,1,1935-09-23T20:11:05+00:00,1935-09-23T20:11:35+00:00,30.0,FINITE_GEOMETRY_ADMISSIBLE_WITNESS,GEOMETRY_ADMISSIBLE,1,1d89f848f3ffa2ed1ef47312170442ac0328c0670cb294b001e5a66305485209
1693,6558|128191,1,1935-09-23T20:13:05+00:00,1935-09-23T20:13:34+00:00,29.0,FINITE_GEOMETRY_ADMISSIBLE_WITNESS,GEOMETRY_ADMISSIBLE,2,4ad67858732e5bf78e0cc6ad5b4f3b1d1b2125e5a953ef78eb457007aca3dcf0
1694,6559|128191,1,1935-09-23T20:15:04+00:00,1935-09-23T20:15:34+00:00,30.0,FINITE_GEOMETRY_ADMISSIBLE_WITNESS,GEOMETRY_ADMISSIBLE,1,74ba31dd78ab024b4520ad26a094404b954551bd186a34fb218cce7d0de385a1
1695,6560|128191,1,1935-09-23T20:17:04+00:00,1935-09-23T20:17:34+00:00,30.0,FINITE_GEOMETRY_ADMISSIBLE_WITNESS,GEOMETRY_ADMISSIBLE,1,e16035f4f3c0dd6ded6b9d4f9ac5ad9cdc960edd2b3758dd1f06cc613ab5644e
1696,6561|128191,1,1935-09-23T20:19:04+00:00,1935-09-23T20:19:33+00:00,29.0,FINITE_GEOMETRY_ADMISSIBLE_WITNESS,GEOMETRY_ADMISSIBLE,1,e80d52525810b91a0a5b5d79359430e17f906f1b0a63d15699db22d98fee26c9
1697,6562|128191,1,1935-09-23T20:21:03+00:00,1935-09-23T20:21:33+00:00,30.0,FINITE_GEOMETRY_ADMISSIBLE_WITNESS,GEOMETRY_ADMISSIBLE,2,d8e044fbb8a203d328657ffa381534b8476e6880221b574921dcb75536dfb88a
1698,6563|128191,1,1935-09-23T20:23:03+00:00,1935-09-23T20:23:33+00:00,30.0,FINITE_GEOMETRY_ADMISSIBLE_WITNESS,GEOMETRY_ADMISSIBLE,2,11d0a87b55f72be9556b27516e87748dc53b9324a211fecff2855b2357c423da
1699,6564|128191,1,1935-09-23T20:25:03+00:00,1935-09-23T20:25:33+00:00,30.0,FINITE_GEOMETRY_ADMISSIBLE_WITNESS,GEOMETRY_ADMISSIBLE,1,86a6e3cce22b52d3fd3a6f05c3154aff92d80e26eae14431d24ac78a084ed2be
1700,6565|128191,1,1935-09-23T20:27:02+00:00,1935-09-23T20:27:32+00:00,30.0,FINITE_GEOMETRY_ADMISSIBLE_WITNESS,GEOMETRY_ADMISSIBLE,1,376ae20ce100b57e581f94386c7b1ca7edd7489a516246104e1a0e0c49ca5007
1701,6566|128191,1,1935-09-23T20:29:02+00:00,1935-09-23T20:29:32+00:00,30.0,FINITE_GEOMETRY_ADMISSIBLE_WITNESS,GEOMETRY_ADMISSIBLE,2,2a64bfb2338421c038829e24c8b58ae803b11c71929e5921d09914ca757cebd1
1702,6567|128191,1,1935-09-23T20:31:02+00:00,1935-09-23T20:31:32+00:00,30.0,FINITE_GEOMETRY_ADMISSIBLE_WITNESS,GEOMETRY_ADMISSIBLE,2,9cb04db7c57480ce04ec9bea5402f97d36f9a4d091d8d5f4020a2f7fa70aeda8
1703,6568|128191,1,1935-09-23T20:34:01+00:00,1935-09-23T20:34:31+00:00,30.0,FINITE_GEOMETRY_ADMISSIBLE_WITNESS,GEOMETRY_ADMISSIBLE,2,073477a300451660cd2d3e82a9964cf855519b89c3f12b5e1a5b5e9a749e68dd
1704,6608|128197,1,1935-09-23T22:00:00+00:00,1935-09-23T22:00:17+00:00,17.0,FINITE_GEOMETRY_ADMISSIBLE_WITNESS,GEOMETRY_ADMISSIBLE,2,34fc4ecbcd99cc0ca5e5b8a933da248b5affe9d69d78ca1d4d118e592938484e
1705,6609|128197,1,1935-09-23T22:01:47+00:00,1935-09-23T22:02:17+00:00,30.0,FINITE_GEOMETRY_ADMISSIBLE_WITNESS,GEOMETRY_ADMISSIBLE,2,43c9c03544524c2080daa851652fb2211703a5441f6d2479508bb4158e0b565f
1706,6610|128197,1,1935-09-23T22:03:47+00:00,1935-09-23T22:04:17+00:00,30.0,FINITE_GEOMETRY_ADMISSIBLE_WITNESS,GEOMETRY_ADMISSIBLE,2,a5a531b7f239349e63b2bbcbf0fd3c7f8364eef88d9fa055b113f690b5573727
1707,6611|128197,1,1935-09-23T22:05:46+00:00,1935-09-23T22:06:16+00:00,30.0,FINITE_GEOMETRY_ADMISSIBLE_WITNESS,GEOMETRY_ADMISSIBLE,2,5de00caf3399c72d9f05b87f9a9c4e54aa141d2a7565c8af0c3b8efaf7e9cbdf
1708,6612|128197,1,1935-09-23T22:07:46+00:00,1935-09-23T22:08:16+00:00,30.0,FINITE_GEOMETRY_ADMISSIBLE_WITNESS,GEOMETRY_ADMISSIBLE,1,369813f47e4c1d4ae2800a480a07d0b44a272ddab89af14dfd1559fcdb1dcc29
1709,6613|128197,1,1935-09-23T22:09:46+00:00,1935-09-23T22:10:16+00:00,30.0,FINITE_GEOMETRY_ADMISSIBLE_WITNESS,GEOMETRY_ADMISSIBLE,2,5a23902d8054efcbc0638df155540247b08dba4420102055433950f467d19be8
1710,6614|128197,1,1935-09-23T22:11:45+00:00,1935-09-23T22:12:15+00:00,30.0,FINITE_GEOMETRY_ADMISSIBLE_WITNESS,GEOMETRY_ADMISSIBLE,1,ff1e96c7b49084e76e49982276d58f6781a3ec3df53e8996a786ed2f6f80cc27
1711,6615|128197,1,1935-09-23T22:13:45+00:00,1935-09-23T22:14:15+00:00,30.0,FINITE_GEOMETRY_ADMISSIBLE_WITNESS,GEOMETRY_ADMISSIBLE,1,bae07d85fbfe0c9fdd3d9f485d92fc3091facf75bff447f327a4fdec254fad86
1712,6616|128197,1,1935-09-23T22:16:45+00:00,1935-09-23T22:17:14+00:00,29.0,FINITE_GEOMETRY_ADMISSIBLE_WITNESS,GEOMETRY_ADMISSIBLE,1,cd885ccfef74308d1fd4a6664f253b6bdc544ca768fd195ffeb22adbbcd96f7e
1713,6617|128197,1,1935-09-23T22:18:44+00:00,1935-09-23T22:19:14+00:00,30.0,FINITE_GEOMETRY_ADMISSIBLE_WITNESS,GEOMETRY_ADMISSIBLE,1,9a6358f300781fdc6e8348e7ed4267834d87c6189457c706adda3c7b8086745a
1738,6670|128214,1,1935-09-28T22:08:00+00:00,1935-09-28T22:30:00+00:00,1320.0,FINITE_GEOMETRY_ADMISSIBLE_WITNESS,GEOMETRY_ADMISSIBLE,1,16d04a473ff93dd1f32b40de1ac72a4e3e330a2d8951419490217fb7a0a263ed
1739,6671|128217,1,1935-09-28T23:43:00+00:00,1935-09-29T00:06:54+00:00,1434.0,FINITE_GEOMETRY_ADMISSIBLE_WITNESS,GEOMETRY_ADMISSIBLE,3,9bf5dc8349d336d28fa863c81a6f30644556ea177051e2e96e1d3faa60110f7e
1741,6764|128244,1,1935-10-18T19:57:03+00:00,1935-10-18T20:02:00+00:00,297.0,FINITE_GEOMETRY_ADMISSIBLE_WITNESS,GEOMETRY_ADMISSIBLE,2,6efd660c092568432a646fb99d43a2ea75d63f9bbac5b6352ddd0069553680e7
1744,6793|128301,1,1935-11-14T17:39:00+00:00,1935-11-14T18:09:00+00:00,1800.0,FINITE_GEOMETRY_ADMISSIBLE_WITNESS,GEOMETRY_ADMISSIBLE,1,e5d9cfc9ee0d5fd75ccd284d2bd2d230a9bbb7d9ebf2276f6953159d830d903c
1748,6880|128364,1,1936-01-15T21:29:25+00:00,1936-01-15T21:55:00+00:00,1535.0,FINITE_GEOMETRY_ADMISSIBLE_WITNESS,GEOMETRY_ADMISSIBLE,1,1c1c5b8b23ec1e4bcedf504e83e735b38ac9d271c41d55727d6ad04651dd4b7d
1749,6880|128373,1,1936-01-15T21:57:00+00:00,1936-01-15T22:27:00+00:00,1800.0,FINITE_GEOMETRY_ADMISSIBLE_WITNESS,GEOMETRY_ADMISSIBLE,1,501a4ba8c26b1000b57693eb38d81c7bd2758192f8a096fbef49cb435c33a836
1750,6885|128504,1,1936-03-19T00:26:00+00:00,1936-03-19T00:56:00+00:00,1800.0,FINITE_GEOMETRY_ADMISSIBLE_WITNESS,GEOMETRY_ADMISSIBLE,1,63c0dda23fe47d3b40870368bf7fcaa2d0d7e484d05b3a683106311ede85df82
1751,6885|128505,1,1936-03-19T00:58:00+00:00,1936-03-19T01:20:54+00:00,1374.0,FINITE_GEOMETRY_ADMISSIBLE_WITNESS,GEOMETRY_ADMISSIBLE,1,5100e6b8b524393308093b6f41bd3aacd61d203bf72336c704b6b06169222426
1752,6885|128516,1,1936-03-19T00:26:00+00:00,1936-03-19T00:56:00+00:00,1800.0,FINITE_GEOMETRY_ADMISSIBLE_WITNESS,GEOMETRY_ADMISSIBLE,1,769d2feaefa09c56fc6688588777bc49a0d41559d65e126efc632d5f0e0def1a
1757,6888|128520,1,1936-03-19T19:34:00+00:00,1936-03-19T20:04:00+00:00,1800.0,FINITE_GEOMETRY_ADMISSIBLE_WITNESS,GEOMETRY_ADMISSIBLE,2,600f3793999bdd0d121dbedfcff082566fd2454ba108f68217a8eed2ee54bf1d
1758,6888|128521,1,1936-03-19T20:10:00+00:00,1936-03-19T20:40:00+00:00,1800.0,FINITE_GEOMETRY_ADMISSIBLE_WITNESS,GEOMETRY_ADMISSIBLE,1,fe5bf8a74d72ee7c6590c8819c00d94e6cea876be2465fca6ae3dc637a857525
1760,6888|128533,1,1936-03-19T20:10:00+00:00,1936-03-19T20:40:00+00:00,1800.0,FINITE_GEOMETRY_ADMISSIBLE_WITNESS,GEOMETRY_ADMISSIBLE,1,6e0a711e68bbff58e1640cdb945c2a547d07a172657db3dffc383f49f9d00c54
1761,6889|128532,1,1936-03-20T02:59:11+00:00,1936-03-20T03:01:10+00:00,119.0,FINITE_GEOMETRY_ADMISSIBLE_WITNESS,GEOMETRY_ADMISSIBLE,1,d6adbc20ee0d27471983605588d27ba7a95b7290b63b8447a37747ef847116de
1761,6889|128532,2,1936-03-20T03:04:10+00:00,1936-03-20T03:27:00+00:00,1370.0,FINITE_GEOMETRY_ADMISSIBLE_WITNESS,GEOMETRY_ADMISSIBLE,1,f1f6f5832264e0547bf6aff194b3049180bd1a19dfd015453f446c55f5ab8e6c
1768,6896|128539,1,1936-03-20T19:56:24+00:00,1936-03-20T20:00:23+00:00,239.0,FINITE_GEOMETRY_ADMISSIBLE_WITNESS,GEOMETRY_ADMISSIBLE,1,b569062cdc1ddc262a259bd21d96b454bf1d22e7f4922b649170c1ecd046546c
1769,6897|128540,1,1936-03-20T20:03:00+00:00,1936-03-20T20:05:22+00:00,142.0,FINITE_GEOMETRY_ADMISSIBLE_WITNESS,GEOMETRY_ADMISSIBLE,1,f7534c50f6e38ec34be02f2d5f2631b8589a21327a42214a8548b234fb17528d
1770,6898|128540,1,1936-03-20T20:06:22+00:00,1936-03-20T20:10:22+00:00,240.0,FINITE_GEOMETRY_ADMISSIBLE_WITNESS,GEOMETRY_ADMISSIBLE,1,3d7974954afc915c0274afcaa7b9c9428b69581a1f1ff353b7fba2df289eeac5
1771,6899|128540,1,1936-03-20T20:11:21+00:00,1936-03-20T20:15:21+00:00,240.0,FINITE_GEOMETRY_ADMISSIBLE_WITNESS,GEOMETRY_ADMISSIBLE,1,4135b7409e4cc0168550ec3191af60e2de3b9fe6a3fdbaec1b9f5233dff613af
1772,6900|128540,1,1936-03-20T20:16:21+00:00,1936-03-20T20:20:20+00:00,239.0,FINITE_GEOMETRY_ADMISSIBLE_WITNESS,GEOMETRY_ADMISSIBLE,2,48e2fd72669bc295d7d491b9959ca738750dd8b0fb2dc8f7b7ce5b3f5af65508
1773,6901|128540,1,1936-03-20T20:21:20+00:00,1936-03-20T20:25:19+00:00,239.0,FINITE_GEOMETRY_ADMISSIBLE_WITNESS,GEOMETRY_ADMISSIBLE,1,0f83eb1d2e69ab7190c5db5f2f1dc3bfce7a6b4c0f07c4011ab2f373e96e8261
1774,6902|128540,1,1936-03-20T20:31:18+00:00,1936-03-20T20:35:18+00:00,240.0,FINITE_GEOMETRY_ADMISSIBLE_WITNESS,GEOMETRY_ADMISSIBLE,1,4cfbe27c0ece6a6f134e91f6eac96c291172fa812e666a7f5e2494701da8c158
1775,6903|128540,1,1936-03-20T20:36:17+00:00,1936-03-20T20:39:00+00:00,163.0,FINITE_GEOMETRY_ADMISSIBLE_WITNESS,GEOMETRY_ADMISSIBLE,1,7742ad48eebd830c8576fc0030fbd7d472d9f37756224c6d15464f5cd75cbb28
1776,6904|128541,1,1936-03-20T20:42:00+00:00,1936-03-20T20:45:16+00:00,196.0,FINITE_GEOMETRY_ADMISSIBLE_WITNESS,GEOMETRY_ADMISSIBLE,1,41003ebec786fbbdd0161a007d153a2e007e3dcc203e1145b244bb6e4697d356
1777,6905|128541,1,1936-03-20T20:46:16+00:00,1936-03-20T20:50:15+00:00,239.0,FINITE_GEOMETRY_ADMISSIBLE_WITNESS,GEOMETRY_ADMISSIBLE,1,3797e66aecb427c3f256d6d9a36074da3ac011d1b7bcc8a36ed2e2f6908c836c
1778,6906|128541,1,1936-03-20T20:51:15+00:00,1936-03-20T20:55:14+00:00,239.0,FINITE_GEOMETRY_ADMISSIBLE_WITNESS,GEOMETRY_ADMISSIBLE,1,ccfa90671dcc6874bf7ef63fad28098b2747b40a095e24dfd39beb8cd66571c5
1779,6907|128541,1,1936-03-20T20:56:14+00:00,1936-03-20T21:00:14+00:00,240.0,FINITE_GEOMETRY_ADMISSIBLE_WITNESS,GEOMETRY_ADMISSIBLE,1,f977fe3c5e4f1bf1212af83df671866c871c6019b9878568effde6e2bbe2ec59
1780,6908|128541,1,1936-03-20T21:01:13+00:00,1936-03-20T21:05:13+00:00,240.0,FINITE_GEOMETRY_ADMISSIBLE_WITNESS,GEOMETRY_ADMISSIBLE,1,742a2c96448337e715bdc2cd99825285e1e4e91824949a10d7b8a5fe25fc10e9
1781,6909|128541,1,1936-03-20T21:06:13+00:00,1936-03-20T21:10:12+00:00,239.0,FINITE_GEOMETRY_ADMISSIBLE_WITNESS,GEOMETRY_ADMISSIBLE,1,d16b29748951e1923df281aff3e545173b76570193f6fb855dc4a017769cdd7a
1782,6910|128541,1,1936-03-20T21:11:12+00:00,1936-03-20T21:15:11+00:00,239.0,FINITE_GEOMETRY_ADMISSIBLE_WITNESS,GEOMETRY_ADMISSIBLE,1,1c277c293e861f6b50b65a908e8c3e1c17474a8727bd04fd2ea9492fe676fd65
1783,6911|128541,1,1936-03-20T21:16:11+00:00,1936-03-20T21:20:10+00:00,239.0,FINITE_GEOMETRY_ADMISSIBLE_WITNESS,GEOMETRY_ADMISSIBLE,1,3759f91c8bffa132ec123c58cbdc46956d5fcde4abc2fe0a6819d81df818123c
1784,6912|128542,1,1936-03-20T21:26:09+00:00,1936-03-20T21:30:09+00:00,240.0,FINITE_GEOMETRY_ADMISSIBLE_WITNESS,GEOMETRY_ADMISSIBLE,3,2eacbc62093c26f0056098dc6624717644f57e71c3c771ae402ddaf05e0d4e77
1785,6912|128552,1,1936-03-20T21:26:09+00:00,1936-03-20T21:30:09+00:00,240.0,FINITE_GEOMETRY_ADMISSIBLE_WITNESS,GEOMETRY_ADMISSIBLE,2,5d406449518a537614e87a89cca12f4741f979543c6c7dffe9b53fc3ca4c764c
1786,6913|128542,1,1936-03-20T21:31:09+00:00,1936-03-20T21:35:08+00:00,239.0,FINITE_GEOMETRY_ADMISSIBLE_WITNESS,GEOMETRY_ADMISSIBLE,2,202172e9c1617778c6146ff5535dd29ea2179a9cf6bced53807f989e1f2e707e
1787,6913|128552,1,1936-03-20T21:31:09+00:00,1936-03-20T21:35:08+00:00,239.0,FINITE_GEOMETRY_ADMISSIBLE_WITNESS,GEOMETRY_ADMISSIBLE,1,4ab4b3538546b4dddaec773a4f7a28894838f90fe8169092b540a1f53811402f
1788,6914|128542,1,1936-03-20T21:36:08+00:00,1936-03-20T21:40:07+00:00,239.0,FINITE_GEOMETRY_ADMISSIBLE_WITNESS,GEOMETRY_ADMISSIBLE,2,4167c219077ca5b3273c3e28a4a9e893f742288f54659fc0f246d1c00ffaaa37
1789,6914|128552,1,1936-03-20T21:36:08+00:00,1936-03-20T21:40:07+00:00,239.0,FINITE_GEOMETRY_ADMISSIBLE_WITNESS,GEOMETRY_ADMISSIBLE,1,b52be611baf9ed19a9ba7a80c58e3ed3ab583e79ee1793355dde13129efd48e9
1790,6915|128542,1,1936-03-20T21:41:07+00:00,1936-03-20T21:45:06+00:00,239.0,FINITE_GEOMETRY_ADMISSIBLE_WITNESS,GEOMETRY_ADMISSIBLE,1,b7073bba3ffcde4faca6641bcc98f4dc73b0d052b9334137bf7b90a36c6d5d14
1791,6915|128552,1,1936-03-20T21:41:07+00:00,1936-03-20T21:45:06+00:00,239.0,FINITE_GEOMETRY_ADMISSIBLE_WITNESS,GEOMETRY_ADMISSIBLE,1,2441cacb74c3ad3855957cbd2e436e54f8935ebfb2b65a271e3ab9a6ca6198c3
1792,6916|128542,1,1936-03-20T21:46:06+00:00,1936-03-20T21:50:05+00:00,239.0,FINITE_GEOMETRY_ADMISSIBLE_WITNESS,GEOMETRY_ADMISSIBLE,2,b0805cddc0f93de3b53b084fa4e47a3c55d991b91ff0d12c6a191fd09418d096
1793,6916|128552,1,1936-03-20T21:46:06+00:00,1936-03-20T21:50:05+00:00,239.0,FINITE_GEOMETRY_ADMISSIBLE_WITNESS,GEOMETRY_ADMISSIBLE,1,67a3421c991891abaf7f661c4c875dc6aff8a76411af641763e0611fa76df1f2
1794,6917|128542,1,1936-03-20T21:51:05+00:00,1936-03-20T21:55:00+00:00,235.0,FINITE_GEOMETRY_ADMISSIBLE_WITNESS,GEOMETRY_ADMISSIBLE,1,441fa06c782a871caf5101494c58f11e5bedb82081952ee5eb5724faccc4d29b
1795,6917|128552,1,1936-03-20T21:51:05+00:00,1936-03-20T21:55:00+00:00,235.0,FINITE_GEOMETRY_ADMISSIBLE_WITNESS,GEOMETRY_ADMISSIBLE,1,bd62dfce0ca2424c855940e59c5267249da41d633a0835beff152ebcb9ccffd4
1796,6918|128543,1,1936-03-20T21:57:00+00:00,1936-03-20T22:00:04+00:00,184.0,FINITE_GEOMETRY_ADMISSIBLE_WITNESS,GEOMETRY_ADMISSIBLE,2,76f8a82c3d361873ccdebd0bf1d792c3e99fffad90d2dfeb30a5eb817e49100e
1797,6918|128553,1,1936-03-20T21:57:00+00:00,1936-03-20T22:00:04+00:00,184.0,FINITE_GEOMETRY_ADMISSIBLE_WITNESS,GEOMETRY_ADMISSIBLE,1,4b579aecf0d613bbaf792cab6a7722a6e6b9f4d1328f9205520066790cf4ad6b
1798,6919|128543,1,1936-03-20T22:01:04+00:00,1936-03-20T22:05:03+00:00,239.0,FINITE_GEOMETRY_ADMISSIBLE_WITNESS,GEOMETRY_ADMISSIBLE,1,25ac02de9d1e490e732c7604d522d7f4c9bbbe35e0a1229f6a2acaee154e0f0f
1799,6919|128553,1,1936-03-20T22:01:04+00:00,1936-03-20T22:05:03+00:00,239.0,FINITE_GEOMETRY_ADMISSIBLE_WITNESS,GEOMETRY_ADMISSIBLE,1,58a5e358520b65a7431d69d69332f098f54ba4ad94b288099b8ac9f029481c19
1800,6920|128543,1,1936-03-20T22:06:03+00:00,1936-03-20T22:10:02+00:00,239.0,FINITE_GEOMETRY_ADMISSIBLE_WITNESS,GEOMETRY_ADMISSIBLE,1,de2fe6f87fd3fbdc2350b419a02714b8abea4096c06df153836ac1a439fb0650
1801,6920|128553,1,1936-03-20T22:06:03+00:00,1936-03-20T22:10:02+00:00,239.0,FINITE_GEOMETRY_ADMISSIBLE_WITNESS,GEOMETRY_ADMISSIBLE,1,cb367d76eb05cbeca72fc5c2931feff70b3cf18ecb5046377440bd76a2756415
1802,6921|128543,1,1936-03-20T22:11:02+00:00,1936-03-20T22:15:01+00:00,239.0,FINITE_GEOMETRY_ADMISSIBLE_WITNESS,GEOMETRY_ADMISSIBLE,1,725d0e6874dac945646d842ebcdb2022a17ab55d1398902eb40fbbc2a0b5d9a0
1803,6921|128553,1,1936-03-20T22:11:02+00:00,1936-03-20T22:15:01+00:00,239.0,FINITE_GEOMETRY_ADMISSIBLE_WITNESS,GEOMETRY_ADMISSIBLE,1,483f7f6b2140b7612d2cce7f72f995a52dd1e82205c03210bf958bc9e61f6ac4
1804,6922|128543,1,1936-03-20T22:21:00+00:00,1936-03-20T22:25:00+00:00,240.0,FINITE_GEOMETRY_ADMISSIBLE_WITNESS,GEOMETRY_ADMISSIBLE,1,b850b97e819d940c85146dc4aab4df0805a914c9b322f9f8a1823e73af712388
1805,6922|128553,1,1936-03-20T22:21:00+00:00,1936-03-20T22:25:00+00:00,240.0,FINITE_GEOMETRY_ADMISSIBLE_WITNESS,GEOMETRY_ADMISSIBLE,1,c6a9906ab26dbe870991853548b9da70d7bc2aaa20f2b687826c095662e33cc5
1806,6923|128543,1,1936-03-20T22:26:00+00:00,1936-03-20T22:29:59+00:00,239.0,FINITE_GEOMETRY_ADMISSIBLE_WITNESS,GEOMETRY_ADMISSIBLE,2,eda995c02aaf22cbeacfba3ef14756abf4e6c4b46d7d430122f259380dad43db
1807,6923|128553,1,1936-03-20T22:26:00+00:00,1936-03-20T22:29:59+00:00,239.0,FINITE_GEOMETRY_ADMISSIBLE_WITNESS,GEOMETRY_ADMISSIBLE,1,0e9c05035e95f647c4bd2dfa4a96ff41fca2c9b02c72f695f638b811e27a2092
1808,6924|128543,1,1936-03-20T22:30:59+00:00,1936-03-20T22:34:58+00:00,239.0,FINITE_GEOMETRY_ADMISSIBLE_WITNESS,GEOMETRY_ADMISSIBLE,2,cf35164581a661a98a4eb2e338aeb5c3156146e8d414f48148d1953d159f61db
1809,6924|128553,1,1936-03-20T22:30:59+00:00,1936-03-20T22:34:58+00:00,239.0,FINITE_GEOMETRY_ADMISSIBLE_WITNESS,GEOMETRY_ADMISSIBLE,2,6d5adfc367162786baf2326e19a60a32585381643430a0607a64f4d9019e612e
1810,6925|128543,1,1936-03-20T22:35:58+00:00,1936-03-20T22:39:57+00:00,239.0,FINITE_GEOMETRY_ADMISSIBLE_WITNESS,GEOMETRY_ADMISSIBLE,1,a78855b3e7b1835c76733b28c1266231dbca9cf919c553a366ea42dd43b5fb88
1811,6925|128553,1,1936-03-20T22:35:58+00:00,1936-03-20T22:39:57+00:00,239.0,FINITE_GEOMETRY_ADMISSIBLE_WITNESS,GEOMETRY_ADMISSIBLE,1,c4cb185301401f03ef48966a3bdccdd5f92a8ff09c01e25e9b863e5ecbc9dd27
1812,6926|128543,1,1936-03-20T22:40:57+00:00,1936-03-20T22:44:57+00:00,240.0,FINITE_GEOMETRY_ADMISSIBLE_WITNESS,GEOMETRY_ADMISSIBLE,1,049801940acf9b27d9a7c9f6806b632bb123b02d86488e8238901c1b8717e00b
1813,6926|128553,1,1936-03-20T22:40:57+00:00,1936-03-20T22:44:57+00:00,240.0,FINITE_GEOMETRY_ADMISSIBLE_WITNESS,GEOMETRY_ADMISSIBLE,1,75db0e13ce9077d15d86404256aae6a7437dac25b368fa8a3b9b845c988f6acb
1814,6927|128544,1,1936-03-20T22:47:00+00:00,1936-03-20T22:49:56+00:00,176.0,FINITE_GEOMETRY_ADMISSIBLE_WITNESS,GEOMETRY_ADMISSIBLE,1,3f3d99d4c15ce9ba87b4202a8257ac5307f2531f66e1b62dd32374f292518389
1815,6927|128554,1,1936-03-20T22:47:00+00:00,1936-03-20T22:49:56+00:00,176.0,FINITE_GEOMETRY_ADMISSIBLE_WITNESS,GEOMETRY_ADMISSIBLE,1,2b0b123bd8aa9c40f00d37b831b21c831b3f82efbd8d72d0ac47d7c992646c9d
1816,6928|128544,1,1936-03-20T22:50:56+00:00,1936-03-20T22:54:55+00:00,239.0,FINITE_GEOMETRY_ADMISSIBLE_WITNESS,GEOMETRY_ADMISSIBLE,1,ca7b2434887f49be54a85d0c3de3b3523bcff835dd81a98b2437f00b5793877b
1817,6928|128554,1,1936-03-20T22:50:56+00:00,1936-03-20T22:54:55+00:00,239.0,FINITE_GEOMETRY_ADMISSIBLE_WITNESS,GEOMETRY_ADMISSIBLE,1,f0375f07719d9e5ea435d5ffc6d984aa8e9755cda73d89e095ae5b0b21ec838d
1818,6929|128544,1,1936-03-20T22:55:55+00:00,1936-03-20T22:59:54+00:00,239.0,FINITE_GEOMETRY_ADMISSIBLE_WITNESS,GEOMETRY_ADMISSIBLE,1,3fbc8acf18e12083f75faaaed429a0340f3bf379855bf072554df96f1aee50dd
1819,6929|128554,1,1936-03-20T22:55:55+00:00,1936-03-20T22:59:54+00:00,239.0,FINITE_GEOMETRY_ADMISSIBLE_WITNESS,GEOMETRY_ADMISSIBLE,1,3670af0c1036a697be9419014e08d9f071e47e2dc0f9f05b28f1e7046df3ef7e
1820,6930|128544,1,1936-03-20T23:00:54+00:00,1936-03-20T23:04:53+00:00,239.0,FINITE_GEOMETRY_ADMISSIBLE_WITNESS,GEOMETRY_ADMISSIBLE,1,aa8b422cf0215af482243abfaed0006d5778dcfc6973b0e790e9f80868ab8833
1821,6930|128554,1,1936-03-20T23:00:54+00:00,1936-03-20T23:04:53+00:00,239.0,FINITE_GEOMETRY_ADMISSIBLE_WITNESS,GEOMETRY_ADMISSIBLE,1,c5a7a4257a12e94fac4f75e7399227c53fcf19774bb74199dbbbf210edcabffe
1822,6931|128544,1,1936-03-20T23:05:53+00:00,1936-03-20T23:14:52+00:00,539.0,FINITE_GEOMETRY_ADMISSIBLE_WITNESS,GEOMETRY_ADMISSIBLE,1,cee49f78f9cf6a65f3a3840df46e32359bcd075e87b5f59984c20eb87f163347
1823,6931|128554,1,1936-03-20T23:05:53+00:00,1936-03-20T23:14:52+00:00,539.0,FINITE_GEOMETRY_ADMISSIBLE_WITNESS,GEOMETRY_ADMISSIBLE,1,7e90e989d2164c19bc291a49a7c2c8ab5766a1998ac813a3b7c79047adbc943f
1825,6932|128555,1,1936-03-21T00:30:09+00:00,1936-03-21T00:55:00+00:00,1491.0,FINITE_GEOMETRY_ADMISSIBLE_WITNESS,GEOMETRY_ADMISSIBLE,1,525e65dd4f93dc7e1791e7a692b7a73c31148db49684ad608d6cf2f6b5cd142b
1826,6932|128556,1,1936-03-21T00:57:00+00:00,1936-03-21T01:27:00+00:00,1800.0,FINITE_GEOMETRY_ADMISSIBLE_WITNESS,GEOMETRY_ADMISSIBLE,1,2cac47c366fa0c71372246be10e0c48a4ced1a730c958900879737cc6194075c
1827,6933|128549,1,1936-03-21T01:58:39+00:00,1936-03-21T02:00:00+00:00,81.0,FINITE_GEOMETRY_ADMISSIBLE_WITNESS,GEOMETRY_ADMISSIBLE,1,60c88356ca7b48a8f13593ca06a225de6bedd44d953aa6817fcd0a047f8e700c
1829,6947|128604,1,1936-04-14T22:32:25+00:00,1936-04-14T22:36:00+00:00,215.0,FINITE_GEOMETRY_ADMISSIBLE_WITNESS,GEOMETRY_ADMISSIBLE,1,03f09f5bfb90931ac6d560ce92fa1e7cdb52d50c779ce5ef1f20c6a099746994
1830,6952|128607,1,1936-04-21T21:10:02+00:00,1936-04-21T21:15:01+00:00,299.0,FINITE_GEOMETRY_ADMISSIBLE_WITNESS,GEOMETRY_ADMISSIBLE,1,c18f2441feedeb8d37ddbbc9576fb27c80a7f0c82a6bea2cae2f1d1a9570e4c2
1831,6953|128607,1,1936-04-21T21:25:00+00:00,1936-04-21T21:29:59+00:00,299.0,FINITE_GEOMETRY_ADMISSIBLE_WITNESS,GEOMETRY_ADMISSIBLE,1,b8fbdb2443176820232f0b2dbe49910eb13813a416a4d1707cfaf3765bcb1552
1832,6954|128607,1,1936-04-21T21:39:57+00:00,1936-04-21T21:44:00+00:00,243.0,FINITE_GEOMETRY_ADMISSIBLE_WITNESS,GEOMETRY_ADMISSIBLE,1,5ba197709a814e9ea67af13f92a032e2d40f5e35739d6540130adedfa82bc89c
1833,6971|128633,1,1936-05-17T22:38:00+00:00,1936-05-17T23:08:00+00:00,1800.0,FINITE_GEOMETRY_ADMISSIBLE_WITNESS,GEOMETRY_ADMISSIBLE,1,b31b8c49cc51afd01c5d1ad1224f35cd676534587ded99659d6227010c33a325
1834,6971|128638,1,1936-05-17T22:38:00+00:00,1936-05-17T23:08:00+00:00,1800.0,FINITE_GEOMETRY_ADMISSIBLE_WITNESS,GEOMETRY_ADMISSIBLE,1,c4f91d46ef334663b6aac4244aad22f00ec11e3a21d6c6e9a57b00311d70795b
1839,6985|128705,1,1936-06-16T22:35:01+00:00,1936-06-16T22:45:00+00:00,599.0,FINITE_GEOMETRY_ADMISSIBLE_WITNESS,GEOMETRY_ADMISSIBLE,1,a35ba63ce6513e4e33c519b5355e739f5e042cc56e3e558af830097074333135
1840,6986|128707,1,1936-06-16T23:17:00+00:00,1936-06-16T23:43:50+00:00,1610.0,FINITE_GEOMETRY_ADMISSIBLE_WITNESS,GEOMETRY_ADMISSIBLE,1,a37cbdb72e43f34759ed9414ebc5e671ccf8d73f175aed5dfad8ca5f3e838605
1841,6988|128711,1,1936-06-17T22:10:09+00:00,1936-06-17T22:15:00+00:00,291.0,FINITE_GEOMETRY_ADMISSIBLE_WITNESS,GEOMETRY_ADMISSIBLE,1,516440fa23f621278e61fa317a29036bab869357dab12d17f2dfb225b1cbbbae
1843,6991|128715,1,1936-06-17T23:53:00+00:00,1936-06-17T23:56:51+00:00,231.0,FINITE_GEOMETRY_ADMISSIBLE_WITNESS,GEOMETRY_ADMISSIBLE,1,1640e9cd429418f99725cb22a3cb4f933f02c8b64f2badac046d2ce139ad8722
1844,6991|128718,1,1936-06-17T23:53:00+00:00,1936-06-17T23:56:51+00:00,231.0,FINITE_GEOMETRY_ADMISSIBLE_WITNESS,GEOMETRY_ADMISSIBLE,1,06b43e0753f6d9333c5fb7adaf6849c495a8d7c1a6c98c65654a792ea646b6f8
1853,6997|128725,1,1936-06-18T23:20:00+00:00,1936-06-18T23:43:57+00:00,1437.0,FINITE_GEOMETRY_ADMISSIBLE_WITNESS,GEOMETRY_ADMISSIBLE,1,4932726249e9faf646bd7e81623310c451f6969a4b3dfead5427092ade923ae6
1854,7014|128733,1,1936-06-19T23:35:42+00:00,1936-06-19T23:55:38+00:00,1196.0,FINITE_GEOMETRY_ADMISSIBLE_WITNESS,GEOMETRY_ADMISSIBLE,1,7b29efcee91a5d8a5ff9df025b778ba14eb13914e8abbf5c60f51ed90f1e20d3
1857,7025|128741,1,1936-07-12T22:23:03+00:00,1936-07-12T22:43:00+00:00,1197.0,FINITE_GEOMETRY_ADMISSIBLE_WITNESS,GEOMETRY_ADMISSIBLE,1,cae12aed3d981b8df3b04f4a6def9dcc24bf056ff3e9d1b25497308d449670cc
1860,7028|128759,1,1936-07-17T23:44:37+00:00,1936-07-18T00:06:00+00:00,1283.0,FINITE_GEOMETRY_ADMISSIBLE_WITNESS,GEOMETRY_ADMISSIBLE,1,2ff0558a055c929472ba4b0ea1ef65cf7dba0a5f9b637ae06742a4c3f1dfa5f7
1864,7088|128903,1,1936-09-13T19:45:35+00:00,1936-09-13T19:46:00+00:00,25.0,FINITE_GEOMETRY_ADMISSIBLE_WITNESS,GEOMETRY_ADMISSIBLE,1,c42a71e40a088b5df79173ba9c3f4a1be5afef281deb677a37de2e0d80de5b74
1865,7088|128904,1,1936-09-13T19:47:00+00:00,1936-09-13T19:50:34+00:00,214.0,FINITE_GEOMETRY_ADMISSIBLE_WITNESS,GEOMETRY_ADMISSIBLE,2,93c760f0e2cc2e5eda5cd6d6e530f1a19ab52b137ccb9320cb1406d167f851a1
1866,7089|128904,1,1936-09-13T20:02:03+00:00,1936-09-13T20:17:00+00:00,897.0,FINITE_GEOMETRY_ADMISSIBLE_WITNESS,GEOMETRY_ADMISSIBLE,1,62fbb99399865ff00581b5fb2b24c320adbede14591b471eb8f227ae85b030b9
1867,7089|128905,1,1936-09-13T20:18:00+00:00,1936-09-13T20:31:58+00:00,838.0,FINITE_GEOMETRY_ADMISSIBLE_WITNESS,GEOMETRY_ADMISSIBLE,2,ec0d9c789d2db81ca9cde0cdb7a5b26a3deed1f2abc5fdbb9931e48b7e20cbaa
1868,7098|128917,1,1936-09-16T20:01:43+00:00,1936-09-16T20:06:42+00:00,299.0,FINITE_GEOMETRY_ADMISSIBLE_WITNESS,GEOMETRY_ADMISSIBLE,1,10722a6d5fefcbab447da2bef79d2de008df962e35e890c55403e15a02fd449c
1869,7101|128921,1,1936-09-16T22:16:00+00:00,1936-09-16T22:18:16+00:00,136.0,FINITE_GEOMETRY_ADMISSIBLE_WITNESS,GEOMETRY_ADMISSIBLE,1,2e75a2d1891d4354205925bd515a05fe480f580b22a63ca97ea04c59f6447575
1870,7102|128921,1,1936-09-16T22:18:21+00:00,1936-09-16T22:21:15+00:00,174.0,FINITE_GEOMETRY_ADMISSIBLE_WITNESS,GEOMETRY_ADMISSIBLE,1,4ec368e48c76516c021dd506fd723c898370ae5bdea225116e9085c1f739d5b9
1871,7103|128921,1,1936-09-16T22:21:20+00:00,1936-09-16T22:24:15+00:00,175.0,FINITE_GEOMETRY_ADMISSIBLE_WITNESS,GEOMETRY_ADMISSIBLE,2,138f54869b8152dc66d83ddd3816a19e235be72cb1af125ef7cb24ffab6fc775
1872,7104|128921,1,1936-09-16T22:24:20+00:00,1936-09-16T22:26:20+00:00,120.0,FINITE_GEOMETRY_ADMISSIBLE_WITNESS,GEOMETRY_ADMISSIBLE,1,fd1a9564ab559eea70d55feb7d5431b1d37c289466933431392f97ae77ec7acb
1873,7105|128921,1,1936-09-16T22:28:14+00:00,1936-09-16T22:29:19+00:00,65.0,FINITE_GEOMETRY_ADMISSIBLE_WITNESS,GEOMETRY_ADMISSIBLE,1,6752b0ee5b72d06c505ccd6cbbe01580ec9ad802b31781f9f03d77443aaf0e94
1874,7106|128921,1,1936-09-16T22:31:14+00:00,1936-09-16T22:32:19+00:00,65.0,FINITE_GEOMETRY_ADMISSIBLE_WITNESS,GEOMETRY_ADMISSIBLE,1,85704a7c81d3ad126cd5ce65ae09b6c0afa70fd26b907e5e26385a7f71a744d4
1875,7107|128921,1,1936-09-16T22:34:13+00:00,1936-09-16T22:35:18+00:00,65.0,FINITE_GEOMETRY_ADMISSIBLE_WITNESS,GEOMETRY_ADMISSIBLE,2,3064a00378484b96de1b396618d9b4167c5fc0bc898cac1c38030319950f4655
1876,7108|128921,1,1936-09-16T22:36:18+00:00,1936-09-16T22:39:13+00:00,175.0,FINITE_GEOMETRY_ADMISSIBLE_WITNESS,GEOMETRY_ADMISSIBLE,2,4bd4b4213577dae5663d55e5163bfa3e4a571ea9da888f239fdbb2802fda8a54
1877,7109|128921,1,1936-09-16T22:39:17+00:00,1936-09-16T22:42:12+00:00,175.0,FINITE_GEOMETRY_ADMISSIBLE_WITNESS,GEOMETRY_ADMISSIBLE,2,c75d748406fed2f5bdb72bee583fb9f57a143da0ee5113f41bf0421056975a6c
1878,7110|128921,1,1936-09-16T22:42:17+00:00,1936-09-16T22:45:12+00:00,175.0,FINITE_GEOMETRY_ADMISSIBLE_WITNESS,GEOMETRY_ADMISSIBLE,1,564a92de43d8bc4a833888e10a10119a45d9a30951c50cbb04bc597955089735
1879,7111|128921,1,1936-09-16T22:45:17+00:00,1936-09-16T22:48:11+00:00,174.0,FINITE_GEOMETRY_ADMISSIBLE_WITNESS,GEOMETRY_ADMISSIBLE,1,c487860167c58d966d9d7bdf90c1e49f99b7aa5cd07696ffdbb57eecd0449972
1880,7112|128921,1,1936-09-16T22:48:16+00:00,1936-09-16T22:51:11+00:00,175.0,FINITE_GEOMETRY_ADMISSIBLE_WITNESS,GEOMETRY_ADMISSIBLE,1,60f7f2ab9373c0a7ab49675b44d80d1a99140bf3f8946865c5e94459288eaf09
1881,7113|128921,1,1936-09-16T22:51:16+00:00,1936-09-16T22:52:00+00:00,44.0,FINITE_GEOMETRY_ADMISSIBLE_WITNESS,GEOMETRY_ADMISSIBLE,1,139c7a65069acfc67a999e19086ad642d779d038a1e61ebf83a9da634b26b139
1882,7113|128922,1,1936-09-16T22:54:00+00:00,1936-09-16T22:54:10+00:00,10.0,FINITE_GEOMETRY_ADMISSIBLE_WITNESS,GEOMETRY_ADMISSIBLE,1,b77292c2da57af5fa68865389f70274acb290024ec99ab13b170be183e676486
1883,7114|128922,1,1936-09-16T22:54:15+00:00,1936-09-16T22:57:10+00:00,175.0,FINITE_GEOMETRY_ADMISSIBLE_WITNESS,GEOMETRY_ADMISSIBLE,1,1c2bac90f662cca9e57c86beb3b872b2804d77a79f9a8522db096f1c9d5bdc29
1884,7115|128922,1,1936-09-16T22:57:15+00:00,1936-09-16T23:00:09+00:00,174.0,FINITE_GEOMETRY_ADMISSIBLE_WITNESS,GEOMETRY_ADMISSIBLE,1,35a93460f2038bfb654b476db612a7f19bc0e194fed0025e85ece772fb6b6213
1885,7116|128922,1,1936-09-16T23:00:14+00:00,1936-09-16T23:03:09+00:00,175.0,FINITE_GEOMETRY_ADMISSIBLE_WITNESS,GEOMETRY_ADMISSIBLE,1,132c816b4e00aab77cd6a660906257f71142a34a4edb4544c2f46689d40fa6b6
1886,7117|128922,1,1936-09-16T23:03:14+00:00,1936-09-16T23:06:08+00:00,174.0,FINITE_GEOMETRY_ADMISSIBLE_WITNESS,GEOMETRY_ADMISSIBLE,1,b28e8c0bf44a401e80194ea5d86b8a3f79fcef59d58f67fd50b034b3c5b380ad
1887,7118|128922,1,1936-09-16T23:06:13+00:00,1936-09-16T23:09:08+00:00,175.0,FINITE_GEOMETRY_ADMISSIBLE_WITNESS,GEOMETRY_ADMISSIBLE,1,576fd8f23e5a2c0f4a8e12152487a4b095ff2f8cb1b20169daad8690eccf67f1
1888,7119|128922,1,1936-09-16T23:09:13+00:00,1936-09-16T23:12:07+00:00,174.0,FINITE_GEOMETRY_ADMISSIBLE_WITNESS,GEOMETRY_ADMISSIBLE,1,41ed890af4071f7ddc9b06c4c6978ad4f29994f4a02868caff1a68f59ac3ccf0
1889,7120|128922,1,1936-09-16T23:12:12+00:00,1936-09-16T23:15:07+00:00,175.0,FINITE_GEOMETRY_ADMISSIBLE_WITNESS,GEOMETRY_ADMISSIBLE,1,3c6796b6866db807c377e972166b069964511b56c17afc3e265a68e240b584ae
1890,7121|128922,1,1936-09-16T23:15:12+00:00,1936-09-16T23:18:06+00:00,174.0,FINITE_GEOMETRY_ADMISSIBLE_WITNESS,GEOMETRY_ADMISSIBLE,2,20e5afc24e7dd5239a4755c41bb32cd70532062f001203d01fd1b7073141b4e0
1891,7122|128922,1,1936-09-16T23:18:11+00:00,1936-09-16T23:21:06+00:00,175.0,FINITE_GEOMETRY_ADMISSIBLE_WITNESS,GEOMETRY_ADMISSIBLE,1,446c408c7652c68da0c7e61151e7badc443ce2d178deb046774f4985b538a292
1892,7123|128922,1,1936-09-16T23:21:11+00:00,1936-09-16T23:24:00+00:00,169.0,FINITE_GEOMETRY_ADMISSIBLE_WITNESS,GEOMETRY_ADMISSIBLE,1,75f4327a6937347b76de1763b5591d23f20b6616cf6986268f013276c767e868
1897,7131|128925,1,1936-09-17T00:28:00+00:00,1936-09-17T00:58:00+00:00,1800.0,FINITE_GEOMETRY_ADMISSIBLE_WITNESS,GEOMETRY_ADMISSIBLE,1,4d8fafb388897da87b2c7ba733e84bb36d3e1aa03f6e2be41f5ccf2ab7d21cc9
1899,7131|128930,1,1936-09-17T00:28:00+00:00,1936-09-17T00:58:00+00:00,1800.0,FINITE_GEOMETRY_ADMISSIBLE_WITNESS,GEOMETRY_ADMISSIBLE,2,2d932650d79be3aaf3aded531fc8009be3400ceca2d381faa455bebb74bb4218
1901,7173|128938,1,1936-09-23T22:18:00+00:00,1936-09-23T22:55:39+00:00,2259.0,FINITE_GEOMETRY_ADMISSIBLE_WITNESS,GEOMETRY_ADMISSIBLE,1,7d3454a1cf8050ea96600b69b606c0da3aba5d893de7aff9b634a6d56c137b83
1902,7240|128960,1,1937-03-10T21:42:00+00:00,1937-03-10T21:44:29+00:00,149.0,FINITE_GEOMETRY_ADMISSIBLE_WITNESS,GEOMETRY_ADMISSIBLE,1,0bf202e2af367a816f5d1400ded96b81b0c4515337da08a65ad4bff89337ee51
1903,7241|128960,1,1937-03-10T21:46:29+00:00,1937-03-10T21:49:28+00:00,179.0,FINITE_GEOMETRY_ADMISSIBLE_WITNESS,GEOMETRY_ADMISSIBLE,1,2247157bfde21a37e9d30731a30308f12cdda5b221f433d29a5c42131349bf18
1904,7242|128960,1,1937-03-10T21:51:28+00:00,1937-03-10T21:54:28+00:00,180.0,FINITE_GEOMETRY_ADMISSIBLE_WITNESS,GEOMETRY_ADMISSIBLE,1,994483156cd7d6acbdc351abfdba4c44289711a32d814bc6aa4ad725ec616923
1905,7243|128960,1,1937-03-10T21:56:27+00:00,1937-03-10T21:59:27+00:00,180.0,FINITE_GEOMETRY_ADMISSIBLE_WITNESS,GEOMETRY_ADMISSIBLE,2,6706e117abb9712f607d2ac07d2eb239fc5b7c3e729d3d75107019c9bb84c7c6
1906,7244|128960,1,1937-03-10T22:01:26+00:00,1937-03-10T22:04:26+00:00,180.0,FINITE_GEOMETRY_ADMISSIBLE_WITNESS,GEOMETRY_ADMISSIBLE,1,2225f540d492f607184430b9b665d4d1a4ae0332c6159e638aa8c153126bc9f0
1907,7245|128960,1,1937-03-10T22:06:26+00:00,1937-03-10T22:09:25+00:00,179.0,FINITE_GEOMETRY_ADMISSIBLE_WITNESS,GEOMETRY_ADMISSIBLE,1,deeae6a0e610f68bb290a77ce9b4217e9421a933fe6beff839c9f90fd1489473
1908,7246|128960,1,1937-03-10T22:11:25+00:00,1937-03-10T22:12:00+00:00,35.0,FINITE_GEOMETRY_ADMISSIBLE_WITNESS,GEOMETRY_ADMISSIBLE,1,b4d74d77cc22d6054f7d8ca062d4997cd3c192281b9579db5727009135016c51
1909,7253|128962,1,1937-03-10T22:56:18+00:00,1937-03-10T22:59:17+00:00,179.0,FINITE_GEOMETRY_ADMISSIBLE_WITNESS,GEOMETRY_ADMISSIBLE,1,616c389a5a4fc0e521a8bbba496e7f70bdf100712f63a47189ecb162b730f620
1910,7254|128962,1,1937-03-10T23:01:17+00:00,1937-03-10T23:04:16+00:00,179.0,FINITE_GEOMETRY_ADMISSIBLE_WITNESS,GEOMETRY_ADMISSIBLE,1,530ab79c78477657713532033da9e6172eedc3ab2549959969ad57e5844f099e
1911,7255|128962,1,1937-03-10T23:06:16+00:00,1937-03-10T23:09:15+00:00,179.0,FINITE_GEOMETRY_ADMISSIBLE_WITNESS,GEOMETRY_ADMISSIBLE,1,353b4e478d140b916fae7af7325268c9a7cbf3eaa252a0a0b503ed67cfe5e938
1912,7256|128962,1,1937-03-10T23:11:15+00:00,1937-03-10T23:14:15+00:00,180.0,FINITE_GEOMETRY_ADMISSIBLE_WITNESS,GEOMETRY_ADMISSIBLE,1,06014963d89bf0fcc44a38d05b4db0810e516f40f611aa9d19d65b3681c09a99
1913,7257|128962,1,1937-03-10T23:16:14+00:00,1937-03-10T23:17:00+00:00,46.0,FINITE_GEOMETRY_ADMISSIBLE_WITNESS,GEOMETRY_ADMISSIBLE,1,6b798a0032afbb8cc9f477d31c8a59795f174f33ef3a970be2c58fb3b37318e9
1914,7257|128963,1,1937-03-10T23:18:00+00:00,1937-03-10T23:19:14+00:00,74.0,FINITE_GEOMETRY_ADMISSIBLE_WITNESS,GEOMETRY_ADMISSIBLE,1,473018a666246ceec7505e8860c5b34b12b0d65ffe0cd43a941df7fb36e9f90b
1915,7258|128963,1,1937-03-10T23:21:13+00:00,1937-03-10T23:24:13+00:00,180.0,FINITE_GEOMETRY_ADMISSIBLE_WITNESS,GEOMETRY_ADMISSIBLE,1,232b628b377493ef3ce48e2736ed547b88ea1436e4cf7b12cdfa9fdc8a738930
1916,7259|128963,1,1937-03-10T23:31:12+00:00,1937-03-10T23:34:11+00:00,179.0,FINITE_GEOMETRY_ADMISSIBLE_WITNESS,GEOMETRY_ADMISSIBLE,1,5358ff6935fdb46174d6720cdd9815e081444f15c4c82dada498edbddc93c918
1917,7260|128963,1,1937-03-10T23:36:11+00:00,1937-03-10T23:39:10+00:00,179.0,FINITE_GEOMETRY_ADMISSIBLE_WITNESS,GEOMETRY_ADMISSIBLE,2,43ef0a98f26e6752965e6fcb1d64bfeaed921ecba26d953942076fcd66c9c34b
1918,7261|128963,1,1937-03-10T23:41:10+00:00,1937-03-10T23:44:10+00:00,180.0,FINITE_GEOMETRY_ADMISSIBLE_WITNESS,GEOMETRY_ADMISSIBLE,2,a47d9ee33d1010bad4fdc40ca970de89b381d482e242c4e54a7531ffab4f6023
1920,7263|128964,1,1937-03-10T23:51:09+00:00,1937-03-10T23:54:08+00:00,179.0,FINITE_GEOMETRY_ADMISSIBLE_WITNESS,GEOMETRY_ADMISSIBLE,1,b83909879cdd497199b1e4a09a1730d19235d95dd5b8dc51b0ec9beeb42ef447
1921,7264|128964,1,1937-03-10T23:56:08+00:00,1937-03-10T23:59:07+00:00,179.0,FINITE_GEOMETRY_ADMISSIBLE_WITNESS,GEOMETRY_ADMISSIBLE,1,dad64d6383f147b1d657e8b2e02eadc6e738849c943d1e3d961bfdc8fdad2aaf
1922,7265|128964,1,1937-03-11T00:01:07+00:00,1937-03-11T00:04:06+00:00,179.0,FINITE_GEOMETRY_ADMISSIBLE_WITNESS,GEOMETRY_ADMISSIBLE,1,8a27e3df2b35ff6ecf26e37254569db3963b302d9b05c22c8ede4c5cd85f95cf
1923,7266|128964,1,1937-03-11T00:06:06+00:00,1937-03-11T00:09:06+00:00,180.0,FINITE_GEOMETRY_ADMISSIBLE_WITNESS,GEOMETRY_ADMISSIBLE,2,87cb6be1a2461cc4b61f2c3b7656d0a58b273ae3db971b44a1aa5386427e6f2d
1924,7267|128964,1,1937-03-11T00:11:05+00:00,1937-03-11T00:14:05+00:00,180.0,FINITE_GEOMETRY_ADMISSIBLE_WITNESS,GEOMETRY_ADMISSIBLE,1,a2e6d50653ec54ac2ebf0ca11a02bb40f18dce81186f60e45f7b962c2edf926f
1925,7268|128964,1,1937-03-11T00:16:04+00:00,1937-03-11T00:19:04+00:00,180.0,FINITE_GEOMETRY_ADMISSIBLE_WITNESS,GEOMETRY_ADMISSIBLE,1,90cf42e2cc6ec987ca01e20bdf8041e0e5a27a695f80bd4bb87bb023f8a0b0a1
1940,7282|128967,1,1937-03-11T01:25:53+00:00,1937-03-11T01:38:51+00:00,778.0,FINITE_GEOMETRY_ADMISSIBLE_WITNESS,GEOMETRY_ADMISSIBLE,1,eafb343c936a9e182b6f89f9c1a5fe0a9d03d073a60ab861ad9b4bf64ea0947c
1941,7283|128967,1,1937-03-11T01:40:50+00:00,1937-03-11T01:43:50+00:00,180.0,FINITE_GEOMETRY_ADMISSIBLE_WITNESS,GEOMETRY_ADMISSIBLE,1,02e2a4f1bb874d947b2005d10d3200cc6c3dcda023601cf1c113619a47988d7e
1942,7284|128967,1,1937-03-11T01:45:49+00:00,1937-03-11T01:48:49+00:00,180.0,FINITE_GEOMETRY_ADMISSIBLE_WITNESS,GEOMETRY_ADMISSIBLE,1,7e240e22b6bdfdb1a595203d22031374df59e07fb9f5d061402161ca21286f3c
1943,7285|128967,1,1937-03-11T01:50:49+00:00,1937-03-11T01:53:48+00:00,179.0,FINITE_GEOMETRY_ADMISSIBLE_WITNESS,GEOMETRY_ADMISSIBLE,1,479f183cac259d7d88bf82e707d03672ba85de37dba51addde1864e7c18ab179
1944,7286|128968,1,1937-03-11T01:56:00+00:00,1937-03-11T01:58:47+00:00,167.0,FINITE_GEOMETRY_ADMISSIBLE_WITNESS,GEOMETRY_ADMISSIBLE,1,8011a3868de866b691d9b57ec687a5ebbf4d427db48f8e2bce673f34db716841
1945,7287|128968,1,1937-03-11T02:00:47+00:00,1937-03-11T02:03:46+00:00,179.0,FINITE_GEOMETRY_ADMISSIBLE_WITNESS,GEOMETRY_ADMISSIBLE,1,5aaff98df9ddd84804628ead1015c1eeb11a5820573f7f2b814faf8fad90ae2c
1946,7288|128968,1,1937-03-11T02:05:46+00:00,1937-03-11T02:08:46+00:00,180.0,FINITE_GEOMETRY_ADMISSIBLE_WITNESS,GEOMETRY_ADMISSIBLE,1,619aee10a288d889ea85dddeb00ba63ab491e783cbfd63ab8cafced6d0a88ab7
1947,7289|128968,1,1937-03-11T02:10:45+00:00,1937-03-11T02:13:45+00:00,180.0,FINITE_GEOMETRY_ADMISSIBLE_WITNESS,GEOMETRY_ADMISSIBLE,1,73d4ff9a42a874b8b774bae059a1a50e7487b59aea988280e8be88e70e461c3e
1948,7290|128968,1,1937-03-11T02:15:44+00:00,1937-03-11T02:18:44+00:00,180.0,FINITE_GEOMETRY_ADMISSIBLE_WITNESS,GEOMETRY_ADMISSIBLE,1,db9d0a7c4e35fc8606e84b05c0bfbac835ee71e1b0be594ca237c357a66f8c8f
1949,7291|128968,1,1937-03-11T02:20:44+00:00,1937-03-11T02:23:43+00:00,179.0,FINITE_GEOMETRY_ADMISSIBLE_WITNESS,GEOMETRY_ADMISSIBLE,1,64e284ff8ffc632e3e8d298a29fa27c723cd887a00336bc8d2f0d7ce70c46da4
1952,7319|128987,1,1937-03-16T21:52:49+00:00,1937-03-16T21:55:48+00:00,179.0,FINITE_GEOMETRY_ADMISSIBLE_WITNESS,GEOMETRY_ADMISSIBLE,2,79b4b1a8b4cab195dc8c80ba2514a0122ee2d9fc5d0cc2dd7262edd2f2681671
1953,7320|128987,1,1937-03-16T21:57:48+00:00,1937-03-16T22:00:47+00:00,179.0,FINITE_GEOMETRY_ADMISSIBLE_WITNESS,GEOMETRY_ADMISSIBLE,1,34f5c4b99efd7265a5d1d0fc96d3afaa055de6b6634eae6581c591d7a46d02f6
1954,7321|128987,1,1937-03-16T22:02:47+00:00,1937-03-16T22:05:46+00:00,179.0,FINITE_GEOMETRY_ADMISSIBLE_WITNESS,GEOMETRY_ADMISSIBLE,2,489b52a09348b66efe7ebd9f9188cd9a862f60fbf9bc699a526053ea7626cafd
1955,7322|128987,1,1937-03-16T22:07:46+00:00,1937-03-16T22:10:46+00:00,180.0,FINITE_GEOMETRY_ADMISSIBLE_WITNESS,GEOMETRY_ADMISSIBLE,1,0f4e43a04341e9ad50615f35eb51e70828229d2353110d06a3d42f9ec8ca6a9c
1956,7323|128987,1,1937-03-16T22:12:45+00:00,1937-03-16T22:15:45+00:00,180.0,FINITE_GEOMETRY_ADMISSIBLE_WITNESS,GEOMETRY_ADMISSIBLE,1,8df45d7ad7dfb65bea4a4a2a9f8743afe38610bcc9de31b360e4f744df148e0b
1957,7324|128987,1,1937-03-16T22:17:44+00:00,1937-03-16T22:20:44+00:00,180.0,FINITE_GEOMETRY_ADMISSIBLE_WITNESS,GEOMETRY_ADMISSIBLE,1,83cadedaabb1dc59c3b2adf8f0f0924dd35cbec4dfb08f273faa990771795af2
1971,7355|129039,1,1937-04-11T22:41:00+00:00,1937-04-11T22:43:10+00:00,130.0,FINITE_GEOMETRY_ADMISSIBLE_WITNESS,GEOMETRY_ADMISSIBLE,2,503fd86575e0e8133785dfc36b0af8f568ac519589d8df71bf33bfe016a08938
1972,7356|129039,1,1937-04-11T22:45:10+00:00,1937-04-11T22:48:09+00:00,179.0,FINITE_GEOMETRY_ADMISSIBLE_WITNESS,GEOMETRY_ADMISSIBLE,1,7296b93a55da676b709b2947f6cc5aaa96e9a6f92f031939ae40cb889e41303e
1973,7357|129039,1,1937-04-11T22:50:09+00:00,1937-04-11T22:53:08+00:00,179.0,FINITE_GEOMETRY_ADMISSIBLE_WITNESS,GEOMETRY_ADMISSIBLE,1,dfa28d39962c325c28c77d200d27f4b5a88fbb281527eeebb454ca8b4e18b7e0
1974,7358|129039,1,1937-04-11T22:55:08+00:00,1937-04-11T22:58:07+00:00,179.0,FINITE_GEOMETRY_ADMISSIBLE_WITNESS,GEOMETRY_ADMISSIBLE,1,c137cd2526044ad378048df0fda9ab1f9ffe99720fefcce97b43f66d8481ed50
1975,7359|129039,1,1937-04-11T23:00:07+00:00,1937-04-11T23:03:07+00:00,180.0,FINITE_GEOMETRY_ADMISSIBLE_WITNESS,GEOMETRY_ADMISSIBLE,1,9743f79ae43c4730034e27ecdc8246819f8cc97338064221ba632629fe73f8d6
1976,7360|129039,1,1937-04-11T23:05:06+00:00,1937-04-11T23:08:06+00:00,180.0,FINITE_GEOMETRY_ADMISSIBLE_WITNESS,GEOMETRY_ADMISSIBLE,1,0dd98e6c85cdc2807be89b5e30d1cc3f668b1c3e1f2d675798d1afb73a2a8b06
1977,7361|129039,1,1937-04-11T23:10:06+00:00,1937-04-11T23:11:00+00:00,54.0,FINITE_GEOMETRY_ADMISSIBLE_WITNESS,GEOMETRY_ADMISSIBLE,2,aff38cffeac4ed5688c538cef329623ab56fc4947a2bac2f796ad8954d7e891c
1978,7361|129040,1,1937-04-11T23:12:00+00:00,1937-04-11T23:13:05+00:00,65.0,FINITE_GEOMETRY_ADMISSIBLE_WITNESS,GEOMETRY_ADMISSIBLE,1,a7d763974aa0aaf2303b9a55a8347dfb1609e113ce5502d861cb811943262cea
1979,7362|129040,1,1937-04-11T23:15:05+00:00,1937-04-11T23:18:04+00:00,179.0,FINITE_GEOMETRY_ADMISSIBLE_WITNESS,GEOMETRY_ADMISSIBLE,1,005ad5bb5bd6b6fc3545f5022cec5b3089a3b05246536ce3161c21493527b4e8
1980,7363|129040,1,1937-04-11T23:20:04+00:00,1937-04-11T23:23:03+00:00,179.0,FINITE_GEOMETRY_ADMISSIBLE_WITNESS,GEOMETRY_ADMISSIBLE,1,c09aae0b08038bc60a3bf76278530ce1ab62613625af902596450d8c3d1d5f06
1981,7364|129040,1,1937-04-11T23:25:03+00:00,1937-04-11T23:28:03+00:00,180.0,FINITE_GEOMETRY_ADMISSIBLE_WITNESS,GEOMETRY_ADMISSIBLE,1,597c23511756dedbe4c0a7ef5ca793a23b596f32b79ac8095676f906c7543847
1982,7365|129040,1,1937-04-11T23:30:02+00:00,1937-04-11T23:33:02+00:00,180.0,FINITE_GEOMETRY_ADMISSIBLE_WITNESS,GEOMETRY_ADMISSIBLE,2,395f606a42a7d76b07e573a3f1b80f2c99020a3d3ffac8edcdc9e3a784939d71
1983,7366|129040,1,1937-04-11T23:35:01+00:00,1937-04-11T23:38:01+00:00,180.0,FINITE_GEOMETRY_ADMISSIBLE_WITNESS,GEOMETRY_ADMISSIBLE,1,b5648c457183524774ae20c5e974d0440b9d5d7028a002dde19c71a9ce2c6bcf
1984,7367|129040,1,1937-04-11T23:40:01+00:00,1937-04-11T23:43:00+00:00,179.0,FINITE_GEOMETRY_ADMISSIBLE_WITNESS,GEOMETRY_ADMISSIBLE,1,737e07f19da1a21bf2bae6dd3de11821c23d25037569ad69d5676e9df26ad01f
1985,7368|129040,1,1937-04-11T23:45:00+00:00,1937-04-11T23:47:59+00:00,179.0,FINITE_GEOMETRY_ADMISSIBLE_WITNESS,GEOMETRY_ADMISSIBLE,1,ee5016b9710aac22df373625c3f18c09c7fc3c501002f38cf05632a66e0f8f41
1986,7369|129040,1,1937-04-11T23:59:57+00:00,1937-04-12T00:02:00+00:00,123.0,FINITE_GEOMETRY_ADMISSIBLE_WITNESS,GEOMETRY_ADMISSIBLE,1,b93e5ba6a34160fc7db537822f4d0059457be6ec67d53483a97d16fbc0109260
1993,7376|129042,1,1937-04-12T00:39:51+00:00,1937-04-12T00:44:50+00:00,299.0,FINITE_GEOMETRY_ADMISSIBLE_WITNESS,GEOMETRY_ADMISSIBLE,1,4baec20d3374e980ec7a85ebc94880c6a7444effa755e8e9164ed19de0d97ee0
1996,7379|129045,1,1937-04-12T02:32:17+00:00,1937-04-12T02:45:00+00:00,763.0,FINITE_GEOMETRY_ADMISSIBLE_WITNESS,GEOMETRY_ADMISSIBLE,1,c29a54312b08a2874471d3dd8d2d8e4b834ef7f28e7acfdb143f8310716331f6
1997,7393|129067,1,1937-04-30T23:40:06+00:00,1937-04-30T23:46:00+00:00,354.0,FINITE_GEOMETRY_ADMISSIBLE_WITNESS,GEOMETRY_ADMISSIBLE,1,acb4e435fe419efa93704fd0e9b25c7f5650d4701cf1d08a4fc8effe6030a8b1
2001,7401|129084,1,1937-05-01T22:48:18+00:00,1937-05-01T23:08:00+00:00,1182.0,FINITE_GEOMETRY_ADMISSIBLE_WITNESS,GEOMETRY_ADMISSIBLE,1,cb218510dcdbdbfd03b9c1308f85728f0f4a9eeeaaee56c1ce0725a7fc067b5e
2005,7409|129090,1,1937-05-02T22:22:56+00:00,1937-05-02T22:29:54+00:00,418.0,FINITE_GEOMETRY_ADMISSIBLE_WITNESS,GEOMETRY_ADMISSIBLE,1,224ec8aaa34ecff4946b3c0433d679d3413dee3b93ae16ab59425b919c6e3900
2008,7411|129092,1,1937-05-02T23:17:17+00:00,1937-05-02T23:22:16+00:00,299.0,FINITE_GEOMETRY_ADMISSIBLE_WITNESS,GEOMETRY_ADMISSIBLE,1,0795be4a5d29d198fd44a603c1f20c3d7748b34602a38539d9db22d3d4c80525
2019,7445|129140,1,1937-06-07T00:16:00+00:00,1937-06-07T00:17:07+00:00,67.0,FINITE_GEOMETRY_ADMISSIBLE_WITNESS,GEOMETRY_ADMISSIBLE,1,879467b6f440c1a99c40409c19a95c4b474363e435b944395e5801d5c0235287
2020,7446|129140,1,1937-06-07T00:23:06+00:00,1937-06-07T00:27:06+00:00,240.0,FINITE_GEOMETRY_ADMISSIBLE_WITNESS,GEOMETRY_ADMISSIBLE,1,6e730041bbb40e2749958768f71565a0671fd84f3c1d71c1de7f5edc8d34f438
2021,7447|129140,1,1937-06-07T00:32:05+00:00,1937-06-07T00:36:04+00:00,239.0,FINITE_GEOMETRY_ADMISSIBLE_WITNESS,GEOMETRY_ADMISSIBLE,1,470e468d5f69da1439d6a25d287997cedef1f746a8921f8ae786f3f3e03910a1
2023,7449|129159,1,1937-06-09T22:57:31+00:00,1937-06-09T23:03:00+00:00,329.0,FINITE_GEOMETRY_ADMISSIBLE_WITNESS,GEOMETRY_ADMISSIBLE,1,b06f927df3b11d684c78db82756d74c0800b768fbf2f2a6561d9e8a18c57258c
2024,7450|129159,1,1937-06-09T23:12:28+00:00,1937-06-09T23:17:28+00:00,300.0,FINITE_GEOMETRY_ADMISSIBLE_WITNESS,GEOMETRY_ADMISSIBLE,1,394a2d879089d3679a2c779e06279d92d3aee6d51e2050793d0905e58333b887
2029,7457|129169,1,1937-06-10T23:23:30+00:00,1937-06-10T23:28:29+00:00,299.0,FINITE_GEOMETRY_ADMISSIBLE_WITNESS,GEOMETRY_ADMISSIBLE,1,60771fb8185bcfdec53b45dadfb647fc22d7e701a0ea306382410deccf04aeb4
2030,7458|129169,1,1937-06-10T23:43:47+00:00,1937-06-10T23:48:46+00:00,299.0,FINITE_GEOMETRY_ADMISSIBLE_WITNESS,GEOMETRY_ADMISSIBLE,1,2cacee5fe9b42a4198355dc554a2b59680cb255391f0c616fd23a4bf9815b10a
2031,7459|129175,1,1937-06-10T23:54:00+00:00,1937-06-10T23:58:24+00:00,264.0,FINITE_GEOMETRY_ADMISSIBLE_WITNESS,GEOMETRY_ADMISSIBLE,1,b25365d1b97e6504ab778fdb13325236422a22811d806ffb43c24885381c0844
2032,7460|129175,1,1937-06-11T00:08:23+00:00,1937-06-11T00:13:22+00:00,299.0,FINITE_GEOMETRY_ADMISSIBLE_WITNESS,GEOMETRY_ADMISSIBLE,1,a5600e22e9ca2eb477ac16769e2a3c38dbc561b6882707e34d9cddc50f692afb
2036,7511|129345,1,1937-09-05T00:25:16+00:00,1937-09-05T00:48:00+00:00,1364.0,FINITE_GEOMETRY_ADMISSIBLE_WITNESS,GEOMETRY_ADMISSIBLE,2,95968638bbff248fb0753db3102e2adb976567313c90bccf456a49fc53f5f70d
2037,7513|129350,1,1937-09-05T21:31:48+00:00,1937-09-05T21:51:00+00:00,1152.0,FINITE_GEOMETRY_ADMISSIBLE_WITNESS,GEOMETRY_ADMISSIBLE,1,475f85c5d7014b0403e70eec4a5162c5c63a18b17719810af04056311a169b84
2038,7515|129352,1,1937-09-05T22:41:37+00:00,1937-09-05T22:44:31+00:00,174.0,FINITE_GEOMETRY_ADMISSIBLE_WITNESS,GEOMETRY_ADMISSIBLE,1,515d26b1e5f4fcffecbed2239e25166c4241e75d14b0117dc63d955d92b9bb30
2039,7516|129352,1,1937-09-05T22:44:36+00:00,1937-09-05T22:47:31+00:00,175.0,FINITE_GEOMETRY_ADMISSIBLE_WITNESS,GEOMETRY_ADMISSIBLE,1,5e0da8e623c174bd60e01977cb5c282595a89d92f629ef24398b4ace98e00e16
2040,7517|129352,1,1937-09-05T22:47:36+00:00,1937-09-05T22:50:30+00:00,174.0,FINITE_GEOMETRY_ADMISSIBLE_WITNESS,GEOMETRY_ADMISSIBLE,1,924ff601e6e16c3d5d4215ea1d7c2f421702e53dce880f5077e4d9a655491303
2041,7518|129352,1,1937-09-05T22:50:35+00:00,1937-09-05T22:53:00+00:00,145.0,FINITE_GEOMETRY_ADMISSIBLE_WITNESS,GEOMETRY_ADMISSIBLE,2,b750194ff835c35f46e3ce0e78ebd6a5e498747e494904d4d85566b89def309e
2042,7519|129353,1,1937-09-05T22:54:00+00:00,1937-09-05T22:56:29+00:00,149.0,FINITE_GEOMETRY_ADMISSIBLE_WITNESS,GEOMETRY_ADMISSIBLE,1,42fa5b0b4e18e93846adc380d6bcad5ff21cf126df6a1778433ef983603a4ee1
2043,7520|129353,1,1937-09-05T22:56:34+00:00,1937-09-05T22:59:29+00:00,175.0,FINITE_GEOMETRY_ADMISSIBLE_WITNESS,GEOMETRY_ADMISSIBLE,2,78013a4950251c934e4354de5ff8de16b1ea5ef8cffd76a8026a3ef7a8077525
2044,7521|129353,1,1937-09-05T22:59:34+00:00,1937-09-05T23:02:28+00:00,174.0,FINITE_GEOMETRY_ADMISSIBLE_WITNESS,GEOMETRY_ADMISSIBLE,1,be6aa347de84e090c4f20fc4a5a7d640473954c71f7396ae9010f16948657796
2045,7522|129353,1,1937-09-05T23:02:33+00:00,1937-09-05T23:05:28+00:00,175.0,FINITE_GEOMETRY_ADMISSIBLE_WITNESS,GEOMETRY_ADMISSIBLE,1,3fde2ca11a50bf7ab70c51bccc08e9eeb41ded5a8485e6b4ebd6709439d3f444
2046,7523|129353,1,1937-09-05T23:05:33+00:00,1937-09-05T23:08:27+00:00,174.0,FINITE_GEOMETRY_ADMISSIBLE_WITNESS,GEOMETRY_ADMISSIBLE,2,d48ff9854a8e6921dbb2caaa071febc079a814663804b85905a283471b95baeb
2047,7524|129353,1,1937-09-05T23:08:32+00:00,1937-09-05T23:11:27+00:00,175.0,FINITE_GEOMETRY_ADMISSIBLE_WITNESS,GEOMETRY_ADMISSIBLE,1,e3b3b0a34f1acfe256be9adceb06ee810e9f51e3d79c7ce33451eaf7a0829d8b
2048,7525|129353,1,1937-09-05T23:11:32+00:00,1937-09-05T23:14:26+00:00,174.0,FINITE_GEOMETRY_ADMISSIBLE_WITNESS,GEOMETRY_ADMISSIBLE,1,ecb33c057e93ebb5635501258d1623ac581be1e0cc50e50261081cbddabea818
2049,7526|129353,1,1937-09-05T23:14:31+00:00,1937-09-05T23:17:26+00:00,175.0,FINITE_GEOMETRY_ADMISSIBLE_WITNESS,GEOMETRY_ADMISSIBLE,2,bcf5b031da09549f0fc9cd0e8221a05ef3f378e4c7762c649ad2584824ddc43d
2050,7527|129353,1,1937-09-05T23:17:31+00:00,1937-09-05T23:20:25+00:00,174.0,FINITE_GEOMETRY_ADMISSIBLE_WITNESS,GEOMETRY_ADMISSIBLE,1,9768fa4c2ec2e20260bb91cd499825355cc2b0e69d7b4445567ebda55ed18628
2051,7528|129353,1,1937-09-05T23:20:30+00:00,1937-09-05T23:23:25+00:00,175.0,FINITE_GEOMETRY_ADMISSIBLE_WITNESS,GEOMETRY_ADMISSIBLE,1,6030feb902778a23a309b5057ff36a37932380f85e1ebcf139a7ea6ba49e4493
2052,7529|129353,1,1937-09-05T23:23:30+00:00,1937-09-05T23:24:00+00:00,30.0,FINITE_GEOMETRY_ADMISSIBLE_WITNESS,GEOMETRY_ADMISSIBLE,1,cae831344c2fb1fa355ca8788fb115fafab43706ba36f1051f75b1d61900ab94
2062,7549|129357,1,1937-09-06T01:22:10+00:00,1937-09-06T01:32:08+00:00,598.0,FINITE_GEOMETRY_ADMISSIBLE_WITNESS,GEOMETRY_ADMISSIBLE,1,c76dbb315e628c1ffab1216a094e2dcfc2059aa34b37c453e14834e2be9703b3
2063,7550|129357,1,1937-09-06T01:35:08+00:00,1937-09-06T01:37:07+00:00,119.0,FINITE_GEOMETRY_ADMISSIBLE_WITNESS,GEOMETRY_ADMISSIBLE,1,eb145b5fd5d3822d1b2368ced8aa4a5788e35dc4829e3ab98a5d189cbc9059b1
2065,7554|129362,1,1937-09-06T21:11:00+00:00,1937-09-06T21:15:59+00:00,299.0,FINITE_GEOMETRY_ADMISSIBLE_WITNESS,GEOMETRY_ADMISSIBLE,1,6b139d99ba24cd18c7f72a89f2a0302dc9ad3a798e00174c8af003e6a45f5dc3
2070,7567|129378,1,1937-09-26T18:44:00+00:00,1937-09-26T19:10:23+00:00,1583.0,FINITE_GEOMETRY_ADMISSIBLE_WITNESS,GEOMETRY_ADMISSIBLE,1,859ddf5d4dccb94c7fe0e80117e3112f66c4e846f8db61f3597190bc87614a0d
2072,7573|129383,1,1937-09-27T19:13:26+00:00,1937-09-27T19:14:00+00:00,34.0,FINITE_GEOMETRY_ADMISSIBLE_WITNESS,GEOMETRY_ADMISSIBLE,1,5732e43326629e52552370de86383863aac995c4bee8b6e6c8bfc7edbaf1bb8e
2073,7574|129384,1,1937-09-27T19:45:00+00:00,1937-09-27T19:58:19+00:00,799.0,FINITE_GEOMETRY_ADMISSIBLE_WITNESS,GEOMETRY_ADMISSIBLE,1,c1a110a397f6fe842246d6fc5841ae04a0fdc3fb8c818a1713a253e6728c83ad
2074,7575|129384,1,1937-09-27T20:13:16+00:00,1937-09-27T20:15:00+00:00,104.0,FINITE_GEOMETRY_ADMISSIBLE_WITNESS,GEOMETRY_ADMISSIBLE,1,a14b3af96e6d5ea7d26a27e23f09c13600515ca5c402eae9f919c7e4d52e205e
2078,7640|129411,1,1937-10-27T18:37:00+00:00,1937-10-27T18:40:00+00:00,180.0,FINITE_GEOMETRY_ADMISSIBLE_WITNESS,GEOMETRY_ADMISSIBLE,1,ed7e162f008dcd2a47f5b06a2e8d0fc53b1a6c109d184f7a95b14ea026396058
2079,7640|129412,1,1937-10-27T18:41:00+00:00,1937-10-27T19:06:55+00:00,1555.0,FINITE_GEOMETRY_ADMISSIBLE_WITNESS,GEOMETRY_ADMISSIBLE,1,d3cc5396cd553cbfec2b85c0598a4a182c720cf81fb2a50e44fe5fdad6071b8e
2082,7643|129421,1,1937-10-27T23:34:27+00:00,1937-10-27T23:40:00+00:00,333.0,FINITE_GEOMETRY_ADMISSIBLE_WITNESS,GEOMETRY_ADMISSIBLE,3,ad2cba8cd05f22ef30c83ad0ff8a0cefac464e30a3daac134d99f12b5f3eb0ea
2083,7646|129424,1,1937-10-28T18:47:00+00:00,1937-10-28T19:07:14+00:00,1214.0,FINITE_GEOMETRY_ADMISSIBLE_WITNESS,GEOMETRY_ADMISSIBLE,1,0116083c94f3d277d2610c5a810f590c6a1b340dfb2cf07a0ec747626f644db2
2085,7647|129429,1,1937-10-28T21:25:00+00:00,1937-10-28T21:55:00+00:00,1800.0,FINITE_GEOMETRY_ADMISSIBLE_WITNESS,GEOMETRY_ADMISSIBLE,1,0665f89d2b4dff22ea61e932c755f32d870be0879cf6e60df3dcff44e8abe536
2086,7647|129430,1,1937-10-28T21:56:00+00:00,1937-10-28T21:57:46+00:00,106.0,FINITE_GEOMETRY_ADMISSIBLE_WITNESS,GEOMETRY_ADMISSIBLE,1,49ab5e5e93a6ba72dbf57de96fb5d3daeef7d322c790f85eee99461862d6b72d
2087,7647|129438,1,1937-10-28T21:25:00+00:00,1937-10-28T21:55:00+00:00,1800.0,FINITE_GEOMETRY_ADMISSIBLE_WITNESS,GEOMETRY_ADMISSIBLE,1,04097df6de1f113b8aa5c347bf82b701756504779c54258750261d4dd5646daa
2088,7647|129439,1,1937-10-28T21:56:00+00:00,1937-10-28T21:57:46+00:00,106.0,FINITE_GEOMETRY_ADMISSIBLE_WITNESS,GEOMETRY_ADMISSIBLE,1,58313305399223a76aa140bb11deef7060257c2cfba33407a2571c3033991a7a
2089,7667|129466,1,1937-11-21T17:00:00+00:00,1937-11-21T17:27:52+00:00,1672.0,FINITE_GEOMETRY_ADMISSIBLE_WITNESS,GEOMETRY_ADMISSIBLE,1,24b2024c20061f96b4070f59d7808666b74c076fe41eadf36fe90415df188070
2095,7740|129541,1,1938-02-17T18:19:00+00:00,1938-02-17T18:22:47+00:00,227.0,FINITE_GEOMETRY_ADMISSIBLE_WITNESS,GEOMETRY_ADMISSIBLE,1,f9a3f5f3c571653ffed2b4779f5eb875348dc2047d3cafa2a88c617925876677
2096,7743|129537,1,1938-02-17T18:54:41+00:00,1938-02-17T18:59:41+00:00,300.0,FINITE_GEOMETRY_ADMISSIBLE_WITNESS,GEOMETRY_ADMISSIBLE,1,4f7c34aed6dade00fbcfe61116f4ed6462a9ca11b4fc1e1c45c4197088eb767c
2097,7745|129537,1,1938-02-17T19:02:40+00:00,1938-02-17T19:03:10+00:00,30.0,FINITE_GEOMETRY_ADMISSIBLE_WITNESS,GEOMETRY_ADMISSIBLE,1,b128960e99272ff83680484c980efa1036753cc20764ec8a00829635659a6968
2098,7746|129537,1,1938-02-17T19:11:39+00:00,1938-02-17T19:15:38+00:00,239.0,FINITE_GEOMETRY_ADMISSIBLE_WITNESS,GEOMETRY_ADMISSIBLE,1,c8a96ed8765c30e6787b16d144b88756458fc02d04c67b002f7de52d2985ee3e
2099,7747|129538,1,1938-02-17T19:21:00+00:00,1938-02-17T19:24:52+00:00,232.0,FINITE_GEOMETRY_ADMISSIBLE_WITNESS,GEOMETRY_ADMISSIBLE,1,e6238e16d74b18d81a10c764c8a0fbd8fddfeac8e047248077bc66acfda355eb
2100,7748|129538,1,1938-02-17T19:29:36+00:00,1938-02-17T19:33:35+00:00,239.0,FINITE_GEOMETRY_ADMISSIBLE_WITNESS,GEOMETRY_ADMISSIBLE,1,c7e186506817d87804acb0c0a73916270317944e9163500a86e08c8359e97708
2101,7749|129538,1,1938-02-17T19:38:34+00:00,1938-02-17T19:42:34+00:00,240.0,FINITE_GEOMETRY_ADMISSIBLE_WITNESS,GEOMETRY_ADMISSIBLE,1,1aa4e0fb2b8b32c5489ee1c16420024f1c7d984c95cbd54835e95d0d7c0309de
2102,7750|129538,1,1938-02-17T19:46:33+00:00,1938-02-17T19:50:33+00:00,240.0,FINITE_GEOMETRY_ADMISSIBLE_WITNESS,GEOMETRY_ADMISSIBLE,1,210d0dccdd229f90091264a8cc7e742198f856e66cab1f6abfbcc0e1ac793ed2
2103,7751|129539,1,1938-02-17T19:57:46+00:00,1938-02-17T20:01:46+00:00,240.0,FINITE_GEOMETRY_ADMISSIBLE_WITNESS,GEOMETRY_ADMISSIBLE,2,fbef7bdfa649dea39582ca20c40cfae85adde4a6d1aeed0f596875db50ead16e
2104,7752|129539,1,1938-02-17T20:08:30+00:00,1938-02-17T20:12:29+00:00,239.0,FINITE_GEOMETRY_ADMISSIBLE_WITNESS,GEOMETRY_ADMISSIBLE,2,4d2ed788309048421e6536dc775fd41f426f5077dba0690052f4582beae062ea
2105,7753|129539,1,1938-02-17T20:15:59+00:00,1938-02-17T20:19:58+00:00,239.0,FINITE_GEOMETRY_ADMISSIBLE_WITNESS,GEOMETRY_ADMISSIBLE,1,395d27692ba7ee92f19e72e4917ae7a98fd9bbb07fe7f6fb022f763de6370d80
2106,7754|129540,1,1938-02-17T20:23:57+00:00,1938-02-17T20:27:57+00:00,240.0,FINITE_GEOMETRY_ADMISSIBLE_WITNESS,GEOMETRY_ADMISSIBLE,1,605aa90eb1c7863c8ca85ba660218880a478b500dd5d8d4b71a785bc0b1c12e6
2107,7826|129545,1,1938-02-19T19:15:00+00:00,1938-02-19T19:45:00+00:00,1800.0,FINITE_GEOMETRY_ADMISSIBLE_WITNESS,GEOMETRY_ADMISSIBLE,2,8fc5710fac6cea412e819e7a7a28291d95ce3704c3ce3026e5cb112527394cb2
2109,7826|129552,1,1938-02-19T18:12:00+00:00,1938-02-19T18:40:00+00:00,1680.0,FINITE_GEOMETRY_ADMISSIBLE_WITNESS,GEOMETRY_ADMISSIBLE,2,9651ab61b37033cf500f9ea28691f8ebbb4f1f2094852c734e75b56503565e72
2110,7826|129553,1,1938-02-19T19:46:00+00:00,1938-02-19T20:16:00+00:00,1800.0,FINITE_GEOMETRY_ADMISSIBLE_WITNESS,GEOMETRY_ADMISSIBLE,1,8a0e28537d29cb65f851af089698c379700e23c977ee663839941d243253c3b5
2111,7829|129595,1,1938-02-23T20:09:50+00:00,1938-02-23T20:13:00+00:00,190.0,FINITE_GEOMETRY_ADMISSIBLE_WITNESS,GEOMETRY_ADMISSIBLE,1,4ee081a688d7057c15127bda5cc24bf1a68d51c4f94ae4fe6852e32f6a0e9109
2113,7829|129597,1,1938-02-23T20:45:00+00:00,1938-02-23T21:09:41+00:00,1481.0,FINITE_GEOMETRY_ADMISSIBLE_WITNESS,GEOMETRY_ADMISSIBLE,2,95cac0c978af00214abca5b9abb7e274032ce63ff7659b4abbe1046aee7106a1
2114,7830|129624,1,1938-02-24T21:31:00+00:00,1938-02-24T21:35:55+00:00,295.0,FINITE_GEOMETRY_ADMISSIBLE_WITNESS,GEOMETRY_ADMISSIBLE,1,0270c0428bff1cdbd662ad69158d6c0fa0879d476c0c2d67fe5458ef527ba8a3
2115,7830|129639,1,1938-02-24T20:45:00+00:00,1938-02-24T21:30:00+00:00,2700.0,FINITE_GEOMETRY_ADMISSIBLE_WITNESS,GEOMETRY_ADMISSIBLE,1,dd65adbc240dbb02c753e937842c519debfe0c7507972dc2de0b891dc176507c
2116,7832|129628,1,1938-02-24T23:35:00+00:00,1938-02-25T00:05:00+00:00,1800.0,FINITE_GEOMETRY_ADMISSIBLE_WITNESS,GEOMETRY_ADMISSIBLE,1,5eafef3aad6aa23660ce183fe72aec1eebbe1f405356c875826634bd5af4352e
2117,7832|129641,1,1938-02-24T23:35:00+00:00,1938-02-25T00:05:00+00:00,1800.0,FINITE_GEOMETRY_ADMISSIBLE_WITNESS,GEOMETRY_ADMISSIBLE,1,81541dc1abc4bdf5e3005017e456e012398654374fff3cfdd8475be4159b596b
2122,7838|129636,1,1938-02-25T03:43:00+00:00,1938-02-25T03:47:58+00:00,298.0,FINITE_GEOMETRY_ADMISSIBLE_WITNESS,GEOMETRY_ADMISSIBLE,2,3d1d17e8517b3501439bdd88d1ba63201ad03052038f94c974b8234a98eec72e
2123,7839|129636,1,1938-02-25T03:55:37+00:00,1938-02-25T04:00:36+00:00,299.0,FINITE_GEOMETRY_ADMISSIBLE_WITNESS,GEOMETRY_ADMISSIBLE,1,eadf99794de981c8d693d6c98baffecc175af7d555d2b504d970be84dd8bd5b0
2124,7840|129636,1,1938-02-25T04:09:34+00:00,1938-02-25T04:13:00+00:00,206.0,FINITE_GEOMETRY_ADMISSIBLE_WITNESS,GEOMETRY_ADMISSIBLE,1,aa4f9d795d28adaa709df502551312a134eca3e1ff8eef7713a09b25707ab4fa
2125,7842|129647,1,1938-02-25T19:45:00+00:00,1938-02-25T20:15:00+00:00,1800.0,FINITE_GEOMETRY_ADMISSIBLE_WITNESS,GEOMETRY_ADMISSIBLE,1,3612844296f697598a7e853dee4c0ba1b5f38c67f2867d4678c7fa3c87db3773
2126,7842|129648,1,1938-02-25T20:16:00+00:00,1938-02-25T20:46:00+00:00,1800.0,FINITE_GEOMETRY_ADMISSIBLE_WITNESS,GEOMETRY_ADMISSIBLE,1,6a5ecddabb2357874d5c35eda44d61e6513cda26932edd4d8a6413436031a9cc
2127,7842|129663,1,1938-02-25T20:16:00+00:00,1938-02-25T20:46:00+00:00,1800.0,FINITE_GEOMETRY_ADMISSIBLE_WITNESS,GEOMETRY_ADMISSIBLE,1,e815a509720ec331fc2875a5b11344094058cedae9df22db603a8ac4f5785073
2128,7850|129656,1,1938-02-26T00:34:00+00:00,1938-02-26T01:04:00+00:00,1800.0,FINITE_GEOMETRY_ADMISSIBLE_WITNESS,GEOMETRY_ADMISSIBLE,1,fe5e433e48057daa75002dd86de96aa275f16418d421feb7a66724fe8d218163
2129,7856|129734,1,1938-03-19T20:21:00+00:00,1938-03-19T20:34:39+00:00,819.0,FINITE_GEOMETRY_ADMISSIBLE_WITNESS,GEOMETRY_ADMISSIBLE,2,eb230ebd9049727f8c2424de5bdf520bfcfc86049dd25b50efc28e6fc04aed1e
2131,7862|129741,1,1938-03-20T21:01:00+00:00,1938-03-20T21:30:00+00:00,1740.0,FINITE_GEOMETRY_ADMISSIBLE_WITNESS,GEOMETRY_ADMISSIBLE,1,dac2dff999f741c5782afe4a74305768efa87174d0fa41a99d394ff80eb1b170
2132,7862|129742,1,1938-03-20T21:31:00+00:00,1938-03-20T22:00:00+00:00,1740.0,FINITE_GEOMETRY_ADMISSIBLE_WITNESS,GEOMETRY_ADMISSIBLE,1,1e32048e9e34f01971b1592725dea6acb046c19772deb5ee47c6cbd664ec159c
2136,7862|129747,1,1938-03-20T22:01:00+00:00,1938-03-20T22:18:55+00:00,1075.0,FINITE_GEOMETRY_ADMISSIBLE_WITNESS,GEOMETRY_ADMISSIBLE,1,c8b5def0e33971b3bd8a160ca7780115fcdbacaa7d6dea8a977e84e49ee465a9
2138,7870|129749,1,1938-03-21T20:45:14+00:00,1938-03-21T20:51:00+00:00,346.0,FINITE_GEOMETRY_ADMISSIBLE_WITNESS,GEOMETRY_ADMISSIBLE,2,b25096a976e83fcfd3e1b0dd4fe4c9df9c599398fb03a4fc7bc817e039d8fb67
2139,7870|129750,1,1938-03-21T20:52:00+00:00,1938-03-21T21:22:00+00:00,1800.0,FINITE_GEOMETRY_ADMISSIBLE_WITNESS,GEOMETRY_ADMISSIBLE,1,ede236a46993160a692e19d0a00453b117f6044ccd6bb53134af3a8949b3a6fd
2140,7870|129751,1,1938-03-21T21:23:00+00:00,1938-03-21T21:53:00+00:00,1800.0,FINITE_GEOMETRY_ADMISSIBLE_WITNESS,GEOMETRY_ADMISSIBLE,1,b53417e92b81b766bcebf6d61c1519b04cd21c8c4450c9092a1e14aad70d9a54
2142,7870|129754,1,1938-03-21T22:56:00+00:00,1938-03-21T22:59:52+00:00,232.0,FINITE_GEOMETRY_ADMISSIBLE_WITNESS,GEOMETRY_ADMISSIBLE,1,b0d03bd4e811417b759428cf79e48866604595ffc4bddbebb9f0aff5c835fb6e
2144,7872|129759,1,1938-03-22T19:30:00+00:00,1938-03-22T20:00:00+00:00,1800.0,FINITE_GEOMETRY_ADMISSIBLE_WITNESS,GEOMETRY_ADMISSIBLE,1,2586a5a46898e25333d442c80b06659dd80207c150f849b604f0b9c3db74a052
2145,7891|129816,1,1938-04-04T22:33:45+00:00,1938-04-04T22:40:00+00:00,375.0,FINITE_GEOMETRY_ADMISSIBLE_WITNESS,GEOMETRY_ADMISSIBLE,1,d6f8a579ee88b7ce71663756d74221d3d5ff81050fbd995982a3465524b22078
2173,8112|130098,1,1938-09-01T21:51:00+00:00,1938-09-01T22:21:00+00:00,1800.0,FINITE_GEOMETRY_ADMISSIBLE_WITNESS,GEOMETRY_ADMISSIBLE,2,2d604ab91ab7f7f1ae5a52833a2edbc79375363f70a7d90f97979e8b72481965
2178,8114|130104,1,1938-09-02T00:57:00+00:00,1938-09-02T01:27:00+00:00,1800.0,FINITE_GEOMETRY_ADMISSIBLE_WITNESS,GEOMETRY_ADMISSIBLE,1,079c1aa8cda98db9cd2e750b34948fedcffe559ad88afe5ac336eef1bfa5cddc
2182,8121|130142,1,1938-09-18T21:27:31+00:00,1938-09-18T21:31:00+00:00,209.0,FINITE_GEOMETRY_ADMISSIBLE_WITNESS,GEOMETRY_ADMISSIBLE,1,5355f41e427d0b0b6b0947a23989de3ca907a83760d5ff96caf454c513b08f44
2183,8122|130153,1,1938-09-19T23:04:00+00:00,1938-09-19T23:34:00+00:00,1800.0,FINITE_GEOMETRY_ADMISSIBLE_WITNESS,GEOMETRY_ADMISSIBLE,1,c7a56bf54ec14e3f1797dab00b53cd5cdc71dde880ca2edb4cb5e86d99162f1b
2184,8122|130154,1,1938-09-19T23:35:00+00:00,1938-09-19T23:38:13+00:00,193.0,FINITE_GEOMETRY_ADMISSIBLE_WITNESS,GEOMETRY_ADMISSIBLE,3,911fe07e3c568ecbe576648890bc767f6a84d0c8ab3ebcc878449c769c43a17c
2187,8126|130184,1,1938-09-23T21:07:00+00:00,1938-09-23T21:37:00+00:00,1800.0,FINITE_GEOMETRY_ADMISSIBLE_WITNESS,GEOMETRY_ADMISSIBLE,1,78cc1763641ab10937b807c74ca565463159674466a85762f17e9b583303d3ef
2188,8127|130191,1,1938-09-24T22:21:57+00:00,1938-09-24T22:25:00+00:00,183.0,FINITE_GEOMETRY_ADMISSIBLE_WITNESS,GEOMETRY_ADMISSIBLE,2,e3ff01208956798a9413b8c14b55d858d66a919503bae1f572e5d6a49a6700e7
2189,8127|130193,1,1938-09-24T23:06:00+00:00,1938-09-24T23:21:48+00:00,948.0,FINITE_GEOMETRY_ADMISSIBLE_WITNESS,GEOMETRY_ADMISSIBLE,2,4de549a76109bc5538d4c2cd9735017e0088c23ab40c76e7f9ea607d20e711fe
2190,8127|130204,1,1938-09-24T22:35:00+00:00,1938-09-24T23:05:00+00:00,1800.0,FINITE_GEOMETRY_ADMISSIBLE_WITNESS,GEOMETRY_ADMISSIBLE,1,c5da08f829a5ff42e7336de50007330e1e2b15999b02e409fff9ee5d4da53297
2191,8132|130185,1,1938-09-24T19:15:13+00:00,1938-09-24T19:21:00+00:00,347.0,FINITE_GEOMETRY_ADMISSIBLE_WITNESS,GEOMETRY_ADMISSIBLE,2,10bff895d16941d11cd76db2e15bd78569934559d3b3f9e9acfe4475675c7f40
2192,8132|130186,1,1938-09-24T19:22:00+00:00,1938-09-24T19:52:00+00:00,1800.0,FINITE_GEOMETRY_ADMISSIBLE_WITNESS,GEOMETRY_ADMISSIBLE,1,1b4e069a2d82c31777b98d6aae4c9a72896937ff6a61f9d6940a0c14d2529a67
2193,8132|130187,1,1938-09-24T19:53:00+00:00,1938-09-24T20:19:02+00:00,1562.0,FINITE_GEOMETRY_ADMISSIBLE_WITNESS,GEOMETRY_ADMISSIBLE,1,d466da57dadcf5469c7afd9773cf1fdc1e3d4c1371eb1f2395a8d23bb8479c71
2195,8133|130189,1,1938-09-24T20:55:00+00:00,1938-09-24T21:09:54+00:00,894.0,FINITE_GEOMETRY_ADMISSIBLE_WITNESS,GEOMETRY_ADMISSIBLE,1,37e479dfa9dd234ac82e0647c2f17b4663660fdb2beff3a352290b6b206440c8
2197,8136|130233,1,1938-09-26T21:17:00+00:00,1938-09-26T21:47:00+00:00,1800.0,FINITE_GEOMETRY_ADMISSIBLE_WITNESS,GEOMETRY_ADMISSIBLE,1,2ba61c2df72bc3442d35d09d18c0abc5f28f93622ea05d08dccb06689edd359b
2204,8139|130236,1,1938-09-26T23:10:41+00:00,1938-09-26T23:20:00+00:00,559.0,FINITE_GEOMETRY_ADMISSIBLE_WITNESS,GEOMETRY_ADMISSIBLE,1,14753c339401ec5d967befd0d8d36553d659456318017d1c01463f542c29a62c
2205,8139|130237,1,1938-09-26T23:21:00+00:00,1938-09-26T23:51:00+00:00,1800.0,FINITE_GEOMETRY_ADMISSIBLE_WITNESS,GEOMETRY_ADMISSIBLE,3,d7e3e99635cbddbcbba575e9b171d6e87fbdafac7bd66214b31f5bd1d7f483d6
2206,8139|130238,1,1938-09-26T23:52:00+00:00,1938-09-27T00:10:32+00:00,1112.0,FINITE_GEOMETRY_ADMISSIBLE_WITNESS,GEOMETRY_ADMISSIBLE,1,cce44deb54542007bca70fb9e1f0698db8f204f9f4336e58a8418a6bc94be9c6
2207,8142|130241,1,1938-09-27T01:25:00+00:00,1938-09-27T01:55:00+00:00,1800.0,FINITE_GEOMETRY_ADMISSIBLE_WITNESS,GEOMETRY_ADMISSIBLE,1,5934b3c59aed226889d60b86b691a551357f2c5fe3a3ec921e70f07a699968bb
2209,8142|130243,1,1938-09-27T02:27:00+00:00,1938-09-27T02:57:00+00:00,1800.0,FINITE_GEOMETRY_ADMISSIBLE_WITNESS,GEOMETRY_ADMISSIBLE,1,d1391f7a7984ac32f5f6fea44b42cf4e4e7a0afd6986e558aaece33ad3d9f598
2211,8144|130260,1,1938-09-28T19:52:00+00:00,1938-09-28T20:22:00+00:00,1800.0,FINITE_GEOMETRY_ADMISSIBLE_WITNESS,GEOMETRY_ADMISSIBLE,2,3b8c481eb981e96bc76d73f5e942976c496748de2d65c285c07f45354a517ac3
2214,8146|130261,1,1938-09-28T20:24:15+00:00,1938-09-28T20:49:11+00:00,1496.0,FINITE_GEOMETRY_ADMISSIBLE_WITNESS,GEOMETRY_ADMISSIBLE,1,48d9c9a1e474d598e21a69b783b034bac7bc2b3d2963c4609768a7ba13a27d15
2215,8150|130320,1,1938-10-15T18:45:30+00:00,1938-10-15T19:01:00+00:00,930.0,FINITE_GEOMETRY_ADMISSIBLE_WITNESS,GEOMETRY_ADMISSIBLE,1,03d489b61828010a7060485eb8106a8c027690d2b94bf134c900b9d72af9a455
2216,8150|130321,1,1938-10-15T19:02:00+00:00,1938-10-15T19:15:25+00:00,805.0,FINITE_GEOMETRY_ADMISSIBLE_WITNESS,GEOMETRY_ADMISSIBLE,1,9d4ef7df0968001bf2331896895a9f464d9cd0216973b85fdf57813795b7d294
2217,8151|130325,1,1938-10-17T18:29:39+00:00,1938-10-17T18:35:00+00:00,321.0,FINITE_GEOMETRY_ADMISSIBLE_WITNESS,GEOMETRY_ADMISSIBLE,1,7799fb537d964f7ba0d8505c39acf262471c993bb886d30509b3f3fb4fad92aa
2227,8156|130344,1,1938-10-21T17:54:00+00:00,1938-10-21T18:11:56+00:00,1076.0,FINITE_GEOMETRY_ADMISSIBLE_WITNESS,GEOMETRY_ADMISSIBLE,1,d937c49367c281cb5bfcee8f526500334705ac898460aaa59d92c7ab5e793171
2232,8163|130370,1,1938-10-22T23:08:11+00:00,1938-10-22T23:27:00+00:00,1129.0,FINITE_GEOMETRY_ADMISSIBLE_WITNESS,GEOMETRY_ADMISSIBLE,1,694bbf0a85fb15ae32caddbce4760262eb934cfd3d6082cfe5231f65eb0a9605
2233,8163|130371,1,1938-10-22T23:28:00+00:00,1938-10-22T23:58:00+00:00,1800.0,FINITE_GEOMETRY_ADMISSIBLE_WITNESS,GEOMETRY_ADMISSIBLE,1,891eaf677052df16526725e4819db5b8b7b85563b528fb7492bf021219606e82
2235,8163|130386,1,1938-10-22T23:28:00+00:00,1938-10-22T23:58:00+00:00,1800.0,FINITE_GEOMETRY_ADMISSIBLE_WITNESS,GEOMETRY_ADMISSIBLE,2,5883625114c27a10f0427c82ef416340481d41180aad0d442515b7e10514924a
2239,8166|130390,1,1938-10-23T18:15:02+00:00,1938-10-23T18:41:00+00:00,1558.0,FINITE_GEOMETRY_ADMISSIBLE_WITNESS,GEOMETRY_ADMISSIBLE,1,c85e70bcc964e164bc0cb99ac6d8d3ccd3fb75f927add83ce98eb9010c175531
2244,8169|130400,1,1938-10-23T23:54:07+00:00,1938-10-24T00:22:00+00:00,1673.0,FINITE_GEOMETRY_ADMISSIBLE_WITNESS,GEOMETRY_ADMISSIBLE,1,090f0812f0a2f3d7d85387c4d42d4ddc28781a75fc01b33d43013cde54d90549
2247,8173|130432,1,1938-11-13T17:44:19+00:00,1938-11-13T18:08:00+00:00,1421.0,FINITE_GEOMETRY_ADMISSIBLE_WITNESS,GEOMETRY_ADMISSIBLE,2,4de4ff3f785ef3480b623c5cc86c2acc5b5d3481cf2fc3232868a85fc3489cc8
2251,8189|130493,1,1938-12-16T21:53:00+00:00,1938-12-16T22:23:00+00:00,1800.0,FINITE_GEOMETRY_ADMISSIBLE_WITNESS,GEOMETRY_ADMISSIBLE,1,3b6d187173f9f2becbdeff36fd3ec26143584fdc05ffe4ef5759a5451045e2c1
2252,8189|130494,1,1938-12-16T22:24:00+00:00,1938-12-16T22:48:24+00:00,1464.0,FINITE_GEOMETRY_ADMISSIBLE_WITNESS,GEOMETRY_ADMISSIBLE,1,16a1aeb78a1fc1268c705fe0b4fc3c43def2d8b839042f3910edaae3197ab083
2253,8191|130496,1,1938-12-16T23:26:00+00:00,1938-12-16T23:56:00+00:00,1800.0,FINITE_GEOMETRY_ADMISSIBLE_WITNESS,GEOMETRY_ADMISSIBLE,1,fd28e6bd9db657597445c5b530882d1045f53ff9373d24e068fc19658ef8d387
2254,8191|130507,1,1938-12-16T23:22:19+00:00,1938-12-16T23:25:00+00:00,161.0,FINITE_GEOMETRY_ADMISSIBLE_WITNESS,GEOMETRY_ADMISSIBLE,2,43e85f9a0eff0837c7d7abcf6271a408142936db6db5ed27aa876d70968ea647
2255,8191|130508,1,1938-12-16T23:26:00+00:00,1938-12-16T23:56:00+00:00,1800.0,FINITE_GEOMETRY_ADMISSIBLE_WITNESS,GEOMETRY_ADMISSIBLE,2,b5277e0193446df437f4d33b34058c9619fe61805855d6eb114a437b5b46e1f9
2257,8193|130509,1,1938-12-17T01:12:00+00:00,1938-12-17T01:29:00+00:00,1020.0,FINITE_GEOMETRY_ADMISSIBLE_WITNESS,GEOMETRY_ADMISSIBLE,2,cc09d577eed1b3cd7a2bd21ffc0dc305a8ad9d8b44bceecfaa95dd416253afb0
2261,8238|130530,1,1939-02-07T18:39:07+00:00,1939-02-07T18:49:05+00:00,598.0,FINITE_GEOMETRY_ADMISSIBLE_WITNESS,GEOMETRY_ADMISSIBLE,1,c019c6584d1ff3c4b63fbdf5a564e53f2a96d2b615cdb5d92c45931672b2de14
2262,8240|130531,1,1939-02-07T19:11:02+00:00,1939-02-07T19:21:00+00:00,598.0,FINITE_GEOMETRY_ADMISSIBLE_WITNESS,GEOMETRY_ADMISSIBLE,2,81fc42f6c7f0ab5459984fe637f7e5def664e565ff2229766ce7fc699cdfb3a7
2265,8277|130575,1,1939-03-11T21:26:00+00:00,1939-03-11T21:56:00+00:00,1800.0,FINITE_GEOMETRY_ADMISSIBLE_WITNESS,GEOMETRY_ADMISSIBLE,1,522358a453be7bc14b51e215d12ec48e9328be30934555cfbaa85af90db48129
2266,8277|130576,1,1939-03-11T21:57:00+00:00,1939-03-11T22:04:24+00:00,444.0,FINITE_GEOMETRY_ADMISSIBLE_WITNESS,GEOMETRY_ADMISSIBLE,1,dcd1aefc9fb9f7fcd11ad91e7f3ffdbaf8ee49ad2d47ce99adb2257f04cc0be3
2268,8286|130578,1,1939-03-15T19:20:00+00:00,1939-03-15T19:23:24+00:00,204.0,FINITE_GEOMETRY_ADMISSIBLE_WITNESS,GEOMETRY_ADMISSIBLE,1,f2046dee326fc5b5732344ec5c091fe19b94d09a0cb083729dcdeb5df7142dcb
2269,8287|130580,1,1939-03-15T20:45:51+00:00,1939-03-15T21:11:00+00:00,1509.0,FINITE_GEOMETRY_ADMISSIBLE_WITNESS,GEOMETRY_ADMISSIBLE,1,ed872d3e45dcf69a57ded3c5d48f7c8807c9192a2a98b703b9d244bd58de2679
2270,8287|130581,1,1939-03-15T21:12:00+00:00,1939-03-15T21:40:00+00:00,1680.0,FINITE_GEOMETRY_ADMISSIBLE_WITNESS,GEOMETRY_ADMISSIBLE,1,3f118f20d6dcc47e08c1baee3f7d8f6afe3877ef230b631dfe8150aefd645fee
2271,8287|130582,1,1939-03-15T21:41:00+00:00,1939-03-15T21:45:41+00:00,281.0,FINITE_GEOMETRY_ADMISSIBLE_WITNESS,GEOMETRY_ADMISSIBLE,1,f9dc8fcf271e736ccfe7fdee98a7beb58c3f0b201c9944d420d464333983be37
2272,8293|130598,1,1939-03-17T21:25:00+00:00,1939-03-17T21:28:50+00:00,230.0,FINITE_GEOMETRY_ADMISSIBLE_WITNESS,GEOMETRY_ADMISSIBLE,2,80c7d0091da9ca80b61018cc514d5a92698a73dfb7585b5a0380c8b68bfc1a5e
2273,8295|130598,1,1939-03-17T21:29:30+00:00,1939-03-17T21:49:00+00:00,1170.0,FINITE_GEOMETRY_ADMISSIBLE_WITNESS,GEOMETRY_ADMISSIBLE,2,d11ddde9871fce990d97bb9c4f892e19b9873b7cc5149dad85844e066b37c42f
2275,8301|130603,1,1939-03-18T20:51:00+00:00,1939-03-18T21:09:57+00:00,1137.0,FINITE_GEOMETRY_ADMISSIBLE_WITNESS,GEOMETRY_ADMISSIBLE,1,a13051ce7a5a46140320cd156ca1c4e382df91283cf9f4ad9b08b5b6fb483edc
2277,8304|130604,1,1939-03-18T21:47:51+00:00,1939-03-18T21:48:21+00:00,30.0,FINITE_GEOMETRY_ADMISSIBLE_WITNESS,GEOMETRY_ADMISSIBLE,1,7a1a42998154a7769ba770cda15e9c85be0d499f51864b1aa3b7e1f1d13caba9
2278,8305|130604,1,1939-03-18T21:49:51+00:00,1939-03-18T21:50:20+00:00,29.0,FINITE_GEOMETRY_ADMISSIBLE_WITNESS,GEOMETRY_ADMISSIBLE,2,1bf188f12e009db0d0db8801dcdda555ee2e0230f8664d0ffb2586b7868850a6
2279,8306|130604,1,1939-03-18T21:50:50+00:00,1939-03-18T21:51:20+00:00,30.0,FINITE_GEOMETRY_ADMISSIBLE_WITNESS,GEOMETRY_ADMISSIBLE,1,7c354cd76b1d5e97c32d8d5fda839d343d122c9570ce5bedc4d07c64d227ea84
2280,8307|130604,1,1939-03-18T21:51:50+00:00,1939-03-18T21:52:00+00:00,10.0,FINITE_GEOMETRY_ADMISSIBLE_WITNESS,GEOMETRY_ADMISSIBLE,1,e7cf065d15e299dd63d95fd5936ad771540764099c6b544981fea7285b0747e0
2281,8308|130606,1,1939-03-18T22:45:11+00:00,1939-03-18T22:54:00+00:00,529.0,FINITE_GEOMETRY_ADMISSIBLE_WITNESS,GEOMETRY_ADMISSIBLE,1,5cad822ce2c03d064675dbd5fee4a094cc9e40c2b960f9d8cbc902d8d3dc867b
2285,8336|130623,1,1939-04-09T20:53:15+00:00,1939-04-09T21:13:12+00:00,1197.0,FINITE_GEOMETRY_ADMISSIBLE_WITNESS,GEOMETRY_ADMISSIBLE,3,87f2c0968da2037c154c8212611773bf9562deb2327a45ca8432f3e9189c7c32
2286,8337|130625,1,1939-04-09T21:55:05+00:00,1939-04-09T22:19:00+00:00,1435.0,FINITE_GEOMETRY_ADMISSIBLE_WITNESS,GEOMETRY_ADMISSIBLE,1,cef459cbd2a890b0620ac61258ca540eaf3954ddcbba2bdf9f8922194a553788
2287,8337|130626,1,1939-04-09T22:20:00+00:00,1939-04-09T22:50:00+00:00,1800.0,FINITE_GEOMETRY_ADMISSIBLE_WITNESS,GEOMETRY_ADMISSIBLE,2,e21b02e3becd34707023185be9863f541e8507792579770f6d3752a705272db9
2289,8343|130629,1,1939-04-10T20:53:19+00:00,1939-04-10T21:09:00+00:00,941.0,FINITE_GEOMETRY_ADMISSIBLE_WITNESS,GEOMETRY_ADMISSIBLE,2,2dd5d9f6d00a0b4fefe4a0ada0df0aeb27185aae53f20a4af365d6efa84467f5
2290,8343|130630,1,1939-04-10T21:10:00+00:00,1939-04-10T21:23:14+00:00,794.0,FINITE_GEOMETRY_ADMISSIBLE_WITNESS,GEOMETRY_ADMISSIBLE,1,56472ebeeb4c527cc09da25e255d7018f47dedd4120e16d70afa17a063899ee5
2291,8344|130632,1,1939-04-10T22:33:03+00:00,1939-04-10T22:42:00+00:00,537.0,FINITE_GEOMETRY_ADMISSIBLE_WITNESS,GEOMETRY_ADMISSIBLE,2,7c95229a53e9fe07b159c422f183c6c4dcee244fd4b8930f8985ad72ebb33648
2292,8344|130633,1,1939-04-10T22:43:00+00:00,1939-04-10T23:13:00+00:00,1800.0,FINITE_GEOMETRY_ADMISSIBLE_WITNESS,GEOMETRY_ADMISSIBLE,1,e98b012673b805903e741270f255e926ebbdbf64e94c74089e7eb8ad2db26e28
2293,8344|130634,1,1939-04-10T23:14:00+00:00,1939-04-10T23:32:53+00:00,1133.0,FINITE_GEOMETRY_ADMISSIBLE_WITNESS,GEOMETRY_ADMISSIBLE,1,355d34f330ed658c5093f62b8efa39d9976d873995312d0d8829b95368cb2d48
2294,8347|130636,1,1939-04-11T20:03:30+00:00,1939-04-11T20:10:00+00:00,390.0,FINITE_GEOMETRY_ADMISSIBLE_WITNESS,GEOMETRY_ADMISSIBLE,1,2a03e3dbb7025da66206d49986816d20a120a05cc8ea30bc5aed88fa3fb9ff7c
2299,8350|130644,1,1939-04-11T23:48:00+00:00,1939-04-11T23:50:53+00:00,173.0,FINITE_GEOMETRY_ADMISSIBLE_WITNESS,GEOMETRY_ADMISSIBLE,2,263f2079cad4be54fa6a95ec89e5ebcd56032db10168922ee62780ea1c53ee5b
2300,8350|130651,1,1939-04-11T23:48:00+00:00,1939-04-11T23:50:53+00:00,173.0,FINITE_GEOMETRY_ADMISSIBLE_WITNESS,GEOMETRY_ADMISSIBLE,2,07bcee093ec75dcd98b6b0e6ab22f23a2aa3edfd11287b9797479a50c863d483
2301,8351|130644,1,1939-04-11T23:51:53+00:00,1939-04-11T23:55:53+00:00,240.0,FINITE_GEOMETRY_ADMISSIBLE_WITNESS,GEOMETRY_ADMISSIBLE,1,7083b8c0b55139d9067d92d9e8ac8d8ddaa4125979c8145f7adc460829d7b9f1
2302,8351|130651,1,1939-04-11T23:51:53+00:00,1939-04-11T23:55:53+00:00,240.0,FINITE_GEOMETRY_ADMISSIBLE_WITNESS,GEOMETRY_ADMISSIBLE,1,dd5bf1b35a84d64489ac181891954cb63391d90611f191dcb0a9b49a08ba6c13
2303,8352|130644,1,1939-04-11T23:56:52+00:00,1939-04-12T00:00:52+00:00,240.0,FINITE_GEOMETRY_ADMISSIBLE_WITNESS,GEOMETRY_ADMISSIBLE,1,11be40655510a32f1f201654591454254fe11bf19e49cd540ed8a08c86ac77d7
2304,8352|130651,1,1939-04-11T23:56:52+00:00,1939-04-12T00:00:52+00:00,240.0,FINITE_GEOMETRY_ADMISSIBLE_WITNESS,GEOMETRY_ADMISSIBLE,2,d7d88204fc86e6d75de4b79acc96c989dd5b4aadff7615ff9c12773c6f4f04d3
2305,8353|130644,1,1939-04-12T00:01:52+00:00,1939-04-12T00:05:51+00:00,239.0,FINITE_GEOMETRY_ADMISSIBLE_WITNESS,GEOMETRY_ADMISSIBLE,2,56707b34c8c9f16b4752196acf0b089292bc3e236b9c7d274352c826ee40bcb3
2306,8353|130651,1,1939-04-12T00:01:52+00:00,1939-04-12T00:05:51+00:00,239.0,FINITE_GEOMETRY_ADMISSIBLE_WITNESS,GEOMETRY_ADMISSIBLE,1,99a4ad841902c5b742d0eb6e990d1929b4565516e7e464c4f83e514012cf0e38
2307,8354|130644,1,1939-04-12T00:06:51+00:00,1939-04-12T00:10:50+00:00,239.0,FINITE_GEOMETRY_ADMISSIBLE_WITNESS,GEOMETRY_ADMISSIBLE,1,2e8330334eaf85310869465a6d258cb9ec8d96457ab99a05a15ce794599d9db6
2308,8354|130651,1,1939-04-12T00:06:51+00:00,1939-04-12T00:10:50+00:00,239.0,FINITE_GEOMETRY_ADMISSIBLE_WITNESS,GEOMETRY_ADMISSIBLE,1,918296362aec5d8fd83eba0b2d783b95482eda5d269a35caf44635b554c38cd0
2309,8355|130644,1,1939-04-12T00:11:50+00:00,1939-04-12T00:15:49+00:00,239.0,FINITE_GEOMETRY_ADMISSIBLE_WITNESS,GEOMETRY_ADMISSIBLE,2,4668ca0fabbbd9c892741034926c1d42eaca36d35fe6c747150e6e0a189ce651
2310,8355|130651,1,1939-04-12T00:11:50+00:00,1939-04-12T00:15:49+00:00,239.0,FINITE_GEOMETRY_ADMISSIBLE_WITNESS,GEOMETRY_ADMISSIBLE,2,233d8dcf75f3a2858e5b9b739266a66be989b579c6bf6d2fa2fb002d42df07b7
2316,8442|130721,1,1939-05-23T22:37:30+00:00,1939-05-23T22:45:00+00:00,450.0,FINITE_GEOMETRY_ADMISSIBLE_WITNESS,GEOMETRY_ADMISSIBLE,1,06d4c951a612ad72c2d6ca228978554fcd82757d33de9500935eb99710e0d401
2317,8442|130722,1,1939-05-23T22:46:00+00:00,1939-05-23T23:16:00+00:00,1800.0,FINITE_GEOMETRY_ADMISSIBLE_WITNESS,GEOMETRY_ADMISSIBLE,1,68a0c66059bb7e87e401ff09ce4105be5eceabcec980a8163a934b7a23ea7440
2319,8443|130723,1,1939-05-23T23:43:49+00:00,1939-05-23T23:47:00+00:00,191.0,FINITE_GEOMETRY_ADMISSIBLE_WITNESS,GEOMETRY_ADMISSIBLE,1,008cc91958c312074e274b52457b2ea6c108531f08e874bd586ecd6b345b9577
2320,8443|130724,1,1939-05-23T23:48:00+00:00,1939-05-24T00:08:45+00:00,1245.0,FINITE_GEOMETRY_ADMISSIBLE_WITNESS,GEOMETRY_ADMISSIBLE,1,021e02b86541189c5159ddf5f92910af0e519583739e81988893c3b1e1a7b1b3
2323,8456|130778,1,1939-08-19T21:11:00+00:00,1939-08-19T21:41:00+00:00,1800.0,FINITE_GEOMETRY_ADMISSIBLE_WITNESS,GEOMETRY_ADMISSIBLE,1,5e15b34238d3d807564c05885d74c40c09d86c2e9541bdcbb5823530c5eeda33
2324,8456|130780,1,1939-08-19T22:21:00+00:00,1939-08-19T22:51:00+00:00,1800.0,FINITE_GEOMETRY_ADMISSIBLE_WITNESS,GEOMETRY_ADMISSIBLE,2,15c23403f0aa17d1455920338e0c204df658b726b541a6ea040d72c896cb17e2
2328,8463|130860,1,1939-09-08T21:04:00+00:00,1939-09-08T21:25:54+00:00,1314.0,FINITE_GEOMETRY_ADMISSIBLE_WITNESS,GEOMETRY_ADMISSIBLE,1,2811abc00ded3edd05cca6c481c3e3f8d6ceb751f3034c4efc11a1131e24a8cc
2329,8464|130860,1,1939-09-08T21:33:52+00:00,1939-09-08T21:34:00+00:00,8.0,FINITE_GEOMETRY_ADMISSIBLE_WITNESS,GEOMETRY_ADMISSIBLE,1,ed99ec5dfe209cf1e51bc6bdb02e7048180e6a3fe146cbeffd01b064f110fb5b
2330,8465|130862,1,1939-09-08T22:10:00+00:00,1939-09-08T22:33:43+00:00,1423.0,FINITE_GEOMETRY_ADMISSIBLE_WITNESS,GEOMETRY_ADMISSIBLE,1,22065285aabe9a4ee70df60c4ddb2dddd1abffb641f319bb8f08b749fb92aa5f
2337,10172|131052,1,1948-08-31T22:02:00+00:00,1948-08-31T22:17:04+00:00,904.0,FINITE_GEOMETRY_ADMISSIBLE_WITNESS,GEOMETRY_ADMISSIBLE,1,ca0b281771aa7be6e9e35998625b67645cb0ee2a67c6c7e5d560a3cfdb5b95df
2337,10172|131052,2,1948-08-31T22:27:02+00:00,1948-08-31T23:16:54+00:00,2992.0,FINITE_GEOMETRY_ADMISSIBLE_WITNESS,GEOMETRY_ADMISSIBLE,1,39e2d58a9fc4ebb948cf5346a7c102eade46946927305e57edd8248bd231f538
2341,10665|131192,1,1949-10-22T17:50:43+00:00,1949-10-22T17:51:43+00:00,60.0,FINITE_GEOMETRY_ADMISSIBLE_WITNESS,GEOMETRY_ADMISSIBLE,1,9a791153f5f043f5bb10efa7861d1cd9f9fe393ca15a69b62a1c5511d039e47d
2343,10666|131192,1,1949-10-22T17:55:42+00:00,1949-10-22T17:56:12+00:00,30.0,FINITE_GEOMETRY_ADMISSIBLE_WITNESS,GEOMETRY_ADMISSIBLE,2,3302f233a78f152109084ae6d07c64e6991c4aecf17b618c81010886a67006be
2345,10667|131192,1,1949-10-22T18:00:41+00:00,1949-10-22T18:01:11+00:00,30.0,FINITE_GEOMETRY_ADMISSIBLE_WITNESS,GEOMETRY_ADMISSIBLE,1,d68cb11160e651c4950c77aca549e256a891f7c6c2aa80cfb1c8a4b0a71f089c
2347,10668|131192,1,1949-10-22T18:05:41+00:00,1949-10-22T18:06:10+00:00,29.0,FINITE_GEOMETRY_ADMISSIBLE_WITNESS,GEOMETRY_ADMISSIBLE,1,9f291ca748412b9391756f7069d78914b73789151bb460e24f2ad4b687e8aa0b
2349,10669|131192,1,1949-10-22T18:10:40+00:00,1949-10-22T18:11:10+00:00,30.0,FINITE_GEOMETRY_ADMISSIBLE_WITNESS,GEOMETRY_ADMISSIBLE,2,3954f3dfcfb93c84f76dcb34e16787de905ede6f1f36a19086af3a115d34296c
2351,10670|131192,1,1949-10-22T18:15:39+00:00,1949-10-22T18:16:09+00:00,30.0,FINITE_GEOMETRY_ADMISSIBLE_WITNESS,GEOMETRY_ADMISSIBLE,1,917421b6234dc2d3435ee8c4244f2f867d70aa2b8298a54c0573e915e3c31dde
2353,10671|131192,1,1949-10-22T18:20:38+00:00,1949-10-22T18:21:08+00:00,30.0,FINITE_GEOMETRY_ADMISSIBLE_WITNESS,GEOMETRY_ADMISSIBLE,2,1874527223e7ae794e9113273186edbad2688a6f6e70055def86db1cd8fa44e0
2355,10672|131192,1,1949-10-22T18:25:37+00:00,1949-10-22T18:26:07+00:00,30.0,FINITE_GEOMETRY_ADMISSIBLE_WITNESS,GEOMETRY_ADMISSIBLE,1,55e9d02516a67adcbd54b96396d6484fa054de565e2a9a86c5ae80a373ae0056
2357,10673|131192,1,1949-10-22T18:30:37+00:00,1949-10-22T18:31:07+00:00,30.0,FINITE_GEOMETRY_ADMISSIBLE_WITNESS,GEOMETRY_ADMISSIBLE,1,cbfb38900a89812b42750a9e4ec2784942f6cf2b3293b55a5534ee933c5fbc86
2359,10674|131192,1,1949-10-22T18:35:36+00:00,1949-10-22T18:36:06+00:00,30.0,FINITE_GEOMETRY_ADMISSIBLE_WITNESS,GEOMETRY_ADMISSIBLE,1,f50bf93fb73506b563c8648f55a02e986289d3d7145d61ed9f2d48649372691d
2361,10675|131192,1,1949-10-22T18:40:35+00:00,1949-10-22T18:41:05+00:00,30.0,FINITE_GEOMETRY_ADMISSIBLE_WITNESS,GEOMETRY_ADMISSIBLE,1,838ae93541e94183c46e5bf95424c80da22ce61c021cac1f758cf29eea1ee61e
2363,10676|131192,1,1949-10-22T18:45:34+00:00,1949-10-22T18:46:04+00:00,30.0,FINITE_GEOMETRY_ADMISSIBLE_WITNESS,GEOMETRY_ADMISSIBLE,1,f38f1961388b96d8d566a87b8001184ed4cdfe9dfae20d5e61b2a099ae607665
2396,11147|131342,1,1950-08-10T21:18:56+00:00,1950-08-10T21:58:49+00:00,2393.0,FINITE_GEOMETRY_ADMISSIBLE_WITNESS,GEOMETRY_ADMISSIBLE,1,74e6d54e8ed59d386432135ca4f31a4f9807256778b382f8841598a7282178e1
2397,11149|131343,1,1950-08-10T22:08:47+00:00,1950-08-10T22:36:00+00:00,1633.0,FINITE_GEOMETRY_ADMISSIBLE_WITNESS,GEOMETRY_ADMISSIBLE,1,0c80c2dd964d6622facb1dc8b77f76f0a7ce0b3e08ce5615303e963f9ef48022
2398,11262|131381,1,1950-09-13T19:30:10+00:00,1950-09-13T19:44:08+00:00,838.0,FINITE_GEOMETRY_ADMISSIBLE_WITNESS,GEOMETRY_ADMISSIBLE,1,9533ac8bc83d713e78d8bc24b9911282f1fab6cde833fc9754572fa3046e67c0
2398,11262|131381,2,1950-09-13T19:47:07+00:00,1950-09-13T20:13:03+00:00,1556.0,FINITE_GEOMETRY_ADMISSIBLE_WITNESS,GEOMETRY_ADMISSIBLE,1,4ba9d52edd34b40cc0f37590bee91f7b56ac27a332d60556216fabff23b61cf4
2399,11263|131382,1,1950-09-13T20:43:58+00:00,1950-09-13T21:20:00+00:00,2162.0,FINITE_GEOMETRY_ADMISSIBLE_WITNESS,GEOMETRY_ADMISSIBLE,2,9824527a37c3f352609caa7beb0400489822a7575a5bde1bee43712ca62cd0a1
2401,11331|131404,1,1950-10-03T19:06:23+00:00,1950-10-03T19:06:53+00:00,30.0,FINITE_GEOMETRY_ADMISSIBLE_WITNESS,GEOMETRY_ADMISSIBLE,3,58b211a36d3cbf4897ee266d6832a133c42f4c9e357fc720a04c672d9f78364a
2402,11332|131404,1,1950-10-03T19:11:22+00:00,1950-10-03T19:11:52+00:00,30.0,FINITE_GEOMETRY_ADMISSIBLE_WITNESS,GEOMETRY_ADMISSIBLE,1,b3d608527d85ddea8d7ef24ce7d737674dcd7d1e4bd5d3f9cfdcfe334f0f5cc9
2416,11351|131426,1,1950-10-06T19:14:32+00:00,1950-10-06T19:15:02+00:00,30.0,FINITE_GEOMETRY_ADMISSIBLE_WITNESS,GEOMETRY_ADMISSIBLE,1,b1acbd2a393e2564693842eec957625721dfd47b86262fe47c42eeb99e74beeb
2417,11352|131426,1,1950-10-06T19:19:31+00:00,1950-10-06T19:20:01+00:00,30.0,FINITE_GEOMETRY_ADMISSIBLE_WITNESS,GEOMETRY_ADMISSIBLE,1,6d1109046539fd4586472b80958ccd93f1ce588400de1875eed7f7481fba6962
2418,11353|131426,1,1950-10-06T19:24:30+00:00,1950-10-06T19:25:00+00:00,30.0,FINITE_GEOMETRY_ADMISSIBLE_WITNESS,GEOMETRY_ADMISSIBLE,1,3c34a571e8c7b5bceffc14dfa354216d434224efe059b1ca864495045c32e165
2419,11354|131426,1,1950-10-06T19:29:29+00:00,1950-10-06T19:29:59+00:00,30.0,FINITE_GEOMETRY_ADMISSIBLE_WITNESS,GEOMETRY_ADMISSIBLE,1,ec4415a261df079f80d79c8cfb51efd9d94c19cb283e888638a6625af813376c
2476,11461|131432,1,1950-10-13T23:42:13+00:00,1950-10-13T23:50:11+00:00,478.0,FINITE_GEOMETRY_ADMISSIBLE_WITNESS,GEOMETRY_ADMISSIBLE,1,4075431beeade03eaab852922b71cfa4f8a2beaeb82695094d9bf4290c58335f
2478,11462|131432,1,1950-10-14T00:00:10+00:00,1950-10-14T00:08:08+00:00,478.0,FINITE_GEOMETRY_ADMISSIBLE_WITNESS,GEOMETRY_ADMISSIBLE,1,d53ee6984646a7c56caac891937b313cabbf1cf4cc3a39918287c2b9dd114b17
2482,11817|131515,1,1951-02-27T19:18:00+00:00,1951-02-27T19:41:44+00:00,1424.0,FINITE_GEOMETRY_ADMISSIBLE_WITNESS,GEOMETRY_ADMISSIBLE,1,982797e5a069cb6a636e366d3fbf0c9742ef2201ca9971c79ff0e85a730a4266
2483,11818|131515,1,1951-02-27T19:56:41+00:00,1951-02-27T20:15:00+00:00,1099.0,FINITE_GEOMETRY_ADMISSIBLE_WITNESS,GEOMETRY_ADMISSIBLE,1,e0c26f0368386ba7a5695e2a839745f503d738fb68f5be8eaaef6745132b4d5a
2488,11839|131533,1,1951-03-07T18:47:20+00:00,1951-03-07T19:15:00+00:00,1660.0,FINITE_GEOMETRY_ADMISSIBLE_WITNESS,GEOMETRY_ADMISSIBLE,1,314df90480350f52219240532ec88d965fb8bf9c0ca9dc1a9143bb84031cc347
2524,12295|131648,1,1951-08-06T22:37:26+00:00,1951-08-06T22:38:56+00:00,90.0,FINITE_GEOMETRY_ADMISSIBLE_WITNESS,GEOMETRY_ADMISSIBLE,1,8bb6edeb6f8ee6b123c61422ef2c2a412a27fc08951ad2e360ec7fa5736eb49b
2525,12296|131648,1,1951-08-06T22:40:26+00:00,1951-08-06T22:41:26+00:00,60.0,FINITE_GEOMETRY_ADMISSIBLE_WITNESS,GEOMETRY_ADMISSIBLE,1,ee55e358ef24cc01b879e9ec71e7d3b04572be7427b79b1c5e52ee3c259ca7d1
2526,12373|131658,1,1951-08-29T21:44:54+00:00,1951-08-29T21:45:24+00:00,30.0,FINITE_GEOMETRY_ADMISSIBLE_WITNESS,GEOMETRY_ADMISSIBLE,1,d099f24d0ed0c67c82d8cd0b2fdf1ccce7c2c57508c38157c65b211a507a482b
2527,12374|131658,1,1951-08-29T21:49:53+00:00,1951-08-29T21:50:23+00:00,30.0,FINITE_GEOMETRY_ADMISSIBLE_WITNESS,GEOMETRY_ADMISSIBLE,1,e43b67b1d1db4197ca6a67452f04f3207b26aaa55ce0abf555bef403fffab82b
2528,12375|131658,1,1951-08-29T21:54:52+00:00,1951-08-29T21:55:22+00:00,30.0,FINITE_GEOMETRY_ADMISSIBLE_WITNESS,GEOMETRY_ADMISSIBLE,1,f16cd0888db7a4f8448ec00d5c492d6ded22a1138c918efbce9ebedbbf95cfaa
2529,12376|131658,1,1951-08-29T21:59:52+00:00,1951-08-29T22:00:22+00:00,30.0,FINITE_GEOMETRY_ADMISSIBLE_WITNESS,GEOMETRY_ADMISSIBLE,1,d05499b3b1078e90cd955c00abbf8d6fca8e34be98d07ceb8d7ff1469ae4aef9
2530,12377|131658,1,1951-08-29T22:04:51+00:00,1951-08-29T22:05:00+00:00,9.0,FINITE_GEOMETRY_ADMISSIBLE_WITNESS,GEOMETRY_ADMISSIBLE,1,2f026c79e04a41195a9201bf3ef47f7c88f653689c2ec8a9eade3b416b5d06d7
2531,12378|131659,1,1951-08-29T22:09:50+00:00,1951-08-29T22:10:20+00:00,30.0,FINITE_GEOMETRY_ADMISSIBLE_WITNESS,GEOMETRY_ADMISSIBLE,1,ba1c8e41bf052500c43fc6eed194fadffd52b63e0cb12b32d2fb819a2b97d489
2532,12379|131659,1,1951-08-29T22:14:49+00:00,1951-08-29T22:15:19+00:00,30.0,FINITE_GEOMETRY_ADMISSIBLE_WITNESS,GEOMETRY_ADMISSIBLE,1,2172bbaa57d870b6520d568316b81040ff6098d76d45c6811ca26fd1a9637a5b
2550,12404|131662,1,1951-09-01T20:33:16+00:00,1951-09-01T20:33:46+00:00,30.0,FINITE_GEOMETRY_ADMISSIBLE_WITNESS,GEOMETRY_ADMISSIBLE,1,bc6564f0bd4c23b89ee35b5b5ecbe84d9eec1776d31b98469cda0ca0caaba18f
2551,12405|131662,1,1951-09-01T20:38:15+00:00,1951-09-01T20:38:45+00:00,30.0,FINITE_GEOMETRY_ADMISSIBLE_WITNESS,GEOMETRY_ADMISSIBLE,1,631f5690b9804c793da3a0106f371314437cfa6eb4555c8a37d33926ec97e2e6
2552,12406|131662,1,1951-09-01T20:43:14+00:00,1951-09-01T20:43:44+00:00,30.0,FINITE_GEOMETRY_ADMISSIBLE_WITNESS,GEOMETRY_ADMISSIBLE,1,b6b7abefef569bf2b6253887d8584885fef5c7a1618f43240dd71af5afe2b33c
2553,12407|131662,1,1951-09-01T20:48:14+00:00,1951-09-01T20:48:43+00:00,29.0,FINITE_GEOMETRY_ADMISSIBLE_WITNESS,GEOMETRY_ADMISSIBLE,1,0841c62e2cf31b56a2927e31e4be8e90be826e3d51fbce9ad6e681737532aa6b
2554,12408|131662,1,1951-09-01T20:53:13+00:00,1951-09-01T20:53:43+00:00,30.0,FINITE_GEOMETRY_ADMISSIBLE_WITNESS,GEOMETRY_ADMISSIBLE,2,b3fe2ce494301747efa800734164afbdc62017c491807f5111848ff46c3a70aa
2555,12562|139010,1,1951-09-19T19:17:30+00:00,1951-09-19T19:18:00+00:00,30.0,FINITE_GEOMETRY_ADMISSIBLE_WITNESS,GEOMETRY_ADMISSIBLE,2,faf743be7b4f315ad14a656804f928b268dae4fdb399929f2d2af7328fbe78f4
2556,12563|139010,1,1951-09-19T19:22:29+00:00,1951-09-19T19:22:59+00:00,30.0,FINITE_GEOMETRY_ADMISSIBLE_WITNESS,GEOMETRY_ADMISSIBLE,1,c92def7e79ea1d5870fbde6433a869245e16ad6b52cf00650cd7f6410155ff7e
2557,12564|139011,1,1951-09-19T19:38:00+00:00,1951-09-19T19:38:17+00:00,17.0,FINITE_GEOMETRY_ADMISSIBLE_WITNESS,GEOMETRY_ADMISSIBLE,1,d1a5ce49c5d55bfc548fdf46dfdc528b6f2a0b2c9e4deebc169b66d014bb992a
2558,12565|139011,1,1951-09-19T19:42:26+00:00,1951-09-19T19:43:06+00:00,40.0,FINITE_GEOMETRY_ADMISSIBLE_WITNESS,GEOMETRY_ADMISSIBLE,1,357576a2e2d4cbfe9c4b3c6396f0320546789469f2fd9954fcdf8f326d492341
2559,12566|139011,1,1951-09-19T19:47:25+00:00,1951-09-19T19:47:55+00:00,30.0,FINITE_GEOMETRY_ADMISSIBLE_WITNESS,GEOMETRY_ADMISSIBLE,1,5bf284e0c56485cd102d595df8e43943b8b393e30e695eb0fc5489e22911ce50
2560,12568|139012,1,1951-09-19T20:02:23+00:00,1951-09-19T20:03:03+00:00,40.0,FINITE_GEOMETRY_ADMISSIBLE_WITNESS,GEOMETRY_ADMISSIBLE,1,4043d6bd05cc2192741a6eecf6e5b6fa8844fa88504c9ac7851aac8d6b392e54
2561,12569|139012,1,1951-09-19T20:07:22+00:00,1951-09-19T20:07:52+00:00,30.0,FINITE_GEOMETRY_ADMISSIBLE_WITNESS,GEOMETRY_ADMISSIBLE,1,e599065ad9201af8a457b58f08ef981aaaf2e4efbfabbd8b3ef0af3c149e7484
2562,12570|139012,1,1951-09-19T20:12:21+00:00,1951-09-19T20:12:51+00:00,30.0,FINITE_GEOMETRY_ADMISSIBLE_WITNESS,GEOMETRY_ADMISSIBLE,1,ab4ae21d302f2cdbdbe742d6238ff7f47684797921a49fc6a72d2d95283877fb
2563,12622|131762,1,1951-09-22T19:05:42+00:00,1951-09-22T19:06:12+00:00,30.0,FINITE_GEOMETRY_ADMISSIBLE_WITNESS,GEOMETRY_ADMISSIBLE,1,fac59aaf0fc90ed7c1e3dfde45f52571363ffa07e654137f911fef3c9838e8f9
2564,12623|131762,1,1951-09-22T19:10:41+00:00,1951-09-22T19:11:41+00:00,60.0,FINITE_GEOMETRY_ADMISSIBLE_WITNESS,GEOMETRY_ADMISSIBLE,2,a834babbec5ff021e57b6a3cd06c37645859944d1f1ebfb06e78eb27c66f24b2
2565,12624|131762,1,1951-09-22T19:15:41+00:00,1951-09-22T19:16:41+00:00,60.0,FINITE_GEOMETRY_ADMISSIBLE_WITNESS,GEOMETRY_ADMISSIBLE,1,466ec5383f399cc4d9cd24820e0363db13ae30ce9efb778b0fbf2fb8ba8f0f25
2566,12625|131762,1,1951-09-22T19:20:40+00:00,1951-09-22T19:21:40+00:00,60.0,FINITE_GEOMETRY_ADMISSIBLE_WITNESS,GEOMETRY_ADMISSIBLE,2,a518f4502757e7e416ae17e018566e89fd0e23068362df7b71714a18812ba039
2567,12626|131762,1,1951-09-22T19:25:39+00:00,1951-09-22T19:26:39+00:00,60.0,FINITE_GEOMETRY_ADMISSIBLE_WITNESS,GEOMETRY_ADMISSIBLE,1,242e9e90fcbaa120294517bbca2d4e6ea6ae67a985d0675519ab44e4aa010fd1
2568,12627|131762,1,1951-09-22T19:30:38+00:00,1951-09-22T19:31:38+00:00,60.0,FINITE_GEOMETRY_ADMISSIBLE_WITNESS,GEOMETRY_ADMISSIBLE,1,227b95ef57d3a691254523cb4179d65a5176a85260da647610ac75a666d24cde
2569,12628|131762,1,1951-09-22T19:35:38+00:00,1951-09-22T19:36:37+00:00,59.0,FINITE_GEOMETRY_ADMISSIBLE_WITNESS,GEOMETRY_ADMISSIBLE,1,204f22e8b0fd2b7671004b615c4368c4c53af0cc3e2006076d1e654d3c0e96f0
2570,12629|131762,1,1951-09-22T19:40:37+00:00,1951-09-22T19:41:37+00:00,60.0,FINITE_GEOMETRY_ADMISSIBLE_WITNESS,GEOMETRY_ADMISSIBLE,1,9cc2c470d46a967e1d1ca32fa6fb2f39d33681e4ed3366de3afc6b8890066543
2575,12757|131792,1,1951-10-02T19:32:12+00:00,1951-10-02T19:35:00+00:00,168.0,FINITE_GEOMETRY_ADMISSIBLE_WITNESS,GEOMETRY_ADMISSIBLE,1,2e4b9bfc55c765b7d4d04b3d1764307550a3c97f13a78f65c3f4535ee7cc1a7c
2576,12757|131797,1,1951-10-02T19:39:00+00:00,1951-10-02T20:12:06+00:00,1986.0,FINITE_GEOMETRY_ADMISSIBLE_WITNESS,GEOMETRY_ADMISSIBLE,1,a11b53884d4ca861f5b28eaa03d1e19eaa4ad6f39a9edddfd1435f57a11c6cd9
2577,12758|131797,1,1951-10-02T20:17:05+00:00,1951-10-02T20:35:00+00:00,1075.0,FINITE_GEOMETRY_ADMISSIBLE_WITNESS,GEOMETRY_ADMISSIBLE,1,9e1154fb5f455afc2ba675a4ee4e80d185dc0283f7a7d60619fbdb4752c3d46c
2636,12852|131824,1,1951-10-04T18:42:27+00:00,1951-10-04T18:49:26+00:00,419.0,FINITE_GEOMETRY_ADMISSIBLE_WITNESS,GEOMETRY_ADMISSIBLE,1,aa9d17167d9f5390882799eaf9bc154081a55f51d698258121efc8a204259a8e
2637,12853|131824,1,1951-10-04T18:53:26+00:00,1951-10-04T19:00:24+00:00,418.0,FINITE_GEOMETRY_ADMISSIBLE_WITNESS,GEOMETRY_ADMISSIBLE,2,56429e887f6dcfb830b7b97ee6f1775fd348b3743c72c5866c0beb1b5f8018db
2639,12855|131824,1,1951-10-04T19:25:20+00:00,1951-10-04T19:32:19+00:00,419.0,FINITE_GEOMETRY_ADMISSIBLE_WITNESS,GEOMETRY_ADMISSIBLE,1,c8a2e0851017a6c6818c314a4ab200a0e12551504551b0d6f2b9d7e232aa94ec
2647,12866|131832,1,1951-10-05T18:24:34+00:00,1951-10-05T18:25:04+00:00,30.0,FINITE_GEOMETRY_ADMISSIBLE_WITNESS,GEOMETRY_ADMISSIBLE,2,01077194d0abab2f7d714ae02ba2a97897af5ad9be200edfcd5d6bfc352803b4
2648,12867|131832,1,1951-10-05T18:27:33+00:00,1951-10-05T18:28:03+00:00,30.0,FINITE_GEOMETRY_ADMISSIBLE_WITNESS,GEOMETRY_ADMISSIBLE,1,bb5be8b0b9c9f0a052b5479f2bbc20227508f55e7037ce6672647606a03efc13
2649,12868|131832,1,1951-10-05T18:30:33+00:00,1951-10-05T18:31:03+00:00,30.0,FINITE_GEOMETRY_ADMISSIBLE_WITNESS,GEOMETRY_ADMISSIBLE,1,e17d152acc654ebac881e96626403c80fb5b30d1270fb3fb1f5853b21f6a1820
2650,12869|131832,1,1951-10-05T18:33:32+00:00,1951-10-05T18:34:02+00:00,30.0,FINITE_GEOMETRY_ADMISSIBLE_WITNESS,GEOMETRY_ADMISSIBLE,1,0fc940c4af708126d88b59b6a83f4f523eaa9023798d1d76a6070ffa5ca55069
2651,12870|131832,1,1951-10-05T18:36:32+00:00,1951-10-05T18:37:02+00:00,30.0,FINITE_GEOMETRY_ADMISSIBLE_WITNESS,GEOMETRY_ADMISSIBLE,3,1b953c6692840a7f4953a23ecd79de1548fd6703f727d423097451aa93f61717
2652,12871|131832,1,1951-10-05T18:39:31+00:00,1951-10-05T18:40:01+00:00,30.0,FINITE_GEOMETRY_ADMISSIBLE_WITNESS,GEOMETRY_ADMISSIBLE,2,e0c736744ce4cf7377eb4edbb1a90b658e447d8dee161cd2d564dc0133774b34
2653,12872|131832,1,1951-10-05T18:42:31+00:00,1951-10-05T18:43:01+00:00,30.0,FINITE_GEOMETRY_ADMISSIBLE_WITNESS,GEOMETRY_ADMISSIBLE,2,6007e646a3f2dcbae0900194914127e34784b9afeec99a09ac2e6992e5af6479
2654,12873|131832,1,1951-10-05T18:45:30+00:00,1951-10-05T18:46:00+00:00,30.0,FINITE_GEOMETRY_ADMISSIBLE_WITNESS,GEOMETRY_ADMISSIBLE,1,2ad58974e41203417ced30c587f4835a82e7923689b4cb94e0bd9c6882aee1ff
2655,12874|131832,1,1951-10-05T18:48:30+00:00,1951-10-05T18:49:00+00:00,30.0,FINITE_GEOMETRY_ADMISSIBLE_WITNESS,GEOMETRY_ADMISSIBLE,1,ae6d247097781e8ff8edd31be4fbb8cc19b58fb75fc1eebededb570bde15c086
2656,12875|131832,1,1951-10-05T18:51:29+00:00,1951-10-05T18:51:59+00:00,30.0,FINITE_GEOMETRY_ADMISSIBLE_WITNESS,GEOMETRY_ADMISSIBLE,1,adb4e2e243b68c4dec0c2904525d00c7ceb70f3ac9ed1c6addb65a5db6f071af
2657,12876|131832,1,1951-10-05T18:54:29+00:00,1951-10-05T18:54:59+00:00,30.0,FINITE_GEOMETRY_ADMISSIBLE_WITNESS,GEOMETRY_ADMISSIBLE,1,73e39ea0e9819adc4db1b37d893089000ce67468abe23d6ccdcdc08dce9abb73
2658,12877|131832,1,1951-10-05T18:57:28+00:00,1951-10-05T18:57:58+00:00,30.0,FINITE_GEOMETRY_ADMISSIBLE_WITNESS,GEOMETRY_ADMISSIBLE,2,a40cec2ed67bb7b5f91ae64ca928f7fd148525a11266792331f3417170d2fe18
2659,12878|131832,1,1951-10-05T19:00:28+00:00,1951-10-05T19:00:58+00:00,30.0,FINITE_GEOMETRY_ADMISSIBLE_WITNESS,GEOMETRY_ADMISSIBLE,2,7dfa2d779888d772925908a5ad2fec8463303c104a38b396f8460ad58dbcae47
2660,12879|131832,1,1951-10-05T19:03:27+00:00,1951-10-05T19:03:57+00:00,30.0,FINITE_GEOMETRY_ADMISSIBLE_WITNESS,GEOMETRY_ADMISSIBLE,1,fd457e421fac16051d5b240041031c3a1baabe1b70e92cadda0ef59c5b0e4130
2661,12880|131832,1,1951-10-05T19:06:27+00:00,1951-10-05T19:06:57+00:00,30.0,FINITE_GEOMETRY_ADMISSIBLE_WITNESS,GEOMETRY_ADMISSIBLE,1,2f3d7d0ac001f971395b66ae7449f3609b5126ac4c7b67347d8f775b9dd34782
2662,12881|131832,1,1951-10-05T19:09:26+00:00,1951-10-05T19:09:56+00:00,30.0,FINITE_GEOMETRY_ADMISSIBLE_WITNESS,GEOMETRY_ADMISSIBLE,1,33c7acbe774a5c6249a39e464979772de859621bc91700dcfd0f93379461ed1f
2663,12882|131832,1,1951-10-05T19:12:26+00:00,1951-10-05T19:12:56+00:00,30.0,FINITE_GEOMETRY_ADMISSIBLE_WITNESS,GEOMETRY_ADMISSIBLE,1,da9d17d28c1f3521101068e7e4e421b6edae99dd9f5f71aa828985e0bf4cbb81
2664,12883|131832,1,1951-10-05T19:15:25+00:00,1951-10-05T19:15:55+00:00,30.0,FINITE_GEOMETRY_ADMISSIBLE_WITNESS,GEOMETRY_ADMISSIBLE,2,040d75bbae9310b731cfb666acb43768e1a0a1a312b4f929117399cb15535de0
2665,12884|131832,1,1951-10-05T19:18:25+00:00,1951-10-05T19:18:55+00:00,30.0,FINITE_GEOMETRY_ADMISSIBLE_WITNESS,GEOMETRY_ADMISSIBLE,2,bceaad04e7c880eaf0ab9fecf09456e99c3964db88f392db9c511bf7d7e95200
2790,13536|131899,1,1952-03-14T20:26:29+00:00,1952-03-14T20:35:00+00:00,511.0,FINITE_GEOMETRY_ADMISSIBLE_WITNESS,GEOMETRY_ADMISSIBLE,1,db23f2f45b26b67011f035aa55d0a6121ed0a8ad333a7a9a1b1e0ccf23857d8f
2796,13539|131902,1,1952-03-15T19:03:45+00:00,1952-03-15T19:30:00+00:00,1575.0,FINITE_GEOMETRY_ADMISSIBLE_WITNESS,GEOMETRY_ADMISSIBLE,1,1749c449cd9bb85248f7d9d0036c2a85435c604ef52c6332c5f051d977cbcfaf
2797,13539|131903,1,1952-03-15T19:03:45+00:00,1952-03-15T19:30:00+00:00,1575.0,FINITE_GEOMETRY_ADMISSIBLE_WITNESS,GEOMETRY_ADMISSIBLE,1,686d29b74a1beb667cb24d75d1c2e1abffbb420c281c7789f85b65ac60cf533b
2799,13540|131906,1,1952-03-15T19:52:38+00:00,1952-03-15T20:22:33+00:00,1795.0,FINITE_GEOMETRY_ADMISSIBLE_WITNESS,GEOMETRY_ADMISSIBLE,1,481597158e7df4fcc33e48e1763f634c86ea42085d6832577a8aa9be97a9cfc9
2801,13541|131906,1,1952-03-15T20:36:01+00:00,1952-03-15T20:38:00+00:00,119.0,FINITE_GEOMETRY_ADMISSIBLE_WITNESS,GEOMETRY_ADMISSIBLE,2,fc3e6af28a2969848559a26778d9f83fc553f5997c1d9b0cc05bf277c8d429c8
2810,13567|131943,1,1952-04-18T23:09:03+00:00,1952-04-18T23:38:58+00:00,1795.0,FINITE_GEOMETRY_ADMISSIBLE_WITNESS,GEOMETRY_ADMISSIBLE,2,cad6fb7837ae9129cd8c4c01965c8e0b1fa0fa6b745a6d767f1eae68ae79a15f
2819,13569|131949,1,1952-04-19T01:16:00+00:00,1952-04-19T01:40:08+00:00,1448.0,FINITE_GEOMETRY_ADMISSIBLE_WITNESS,GEOMETRY_ADMISSIBLE,1,b25933b95a9dc81c885c8dc8490986f3e8df1d458c28990fefe83813355aa536
2821,13578|131960,1,1952-04-30T00:00:00+00:00,1952-04-30T00:26:28+00:00,1588.0,FINITE_GEOMETRY_ADMISSIBLE_WITNESS,GEOMETRY_ADMISSIBLE,1,4e0baa4946d2a105d9b54c861a6dfad1eea789d9327c585a92729aba94ae5065
2830,13593|131981,1,1952-05-20T00:19:38+00:00,1952-05-20T00:59:32+00:00,2394.0,FINITE_GEOMETRY_ADMISSIBLE_WITNESS,GEOMETRY_ADMISSIBLE,1,985d86ab791c67973a3acd94bc6c529566ff1e85e89b00668de6b12288174744
2832,13606|132023,1,1952-07-21T22:14:00+00:00,1952-07-21T22:22:34+00:00,514.0,FINITE_GEOMETRY_ADMISSIBLE_WITNESS,GEOMETRY_ADMISSIBLE,1,b16b1d4f1ca0e58f4eeac5330cd336d5c3303edb24ba519fd930f1cb3bb3c825
2833,13606|132025,1,1952-07-21T22:14:00+00:00,1952-07-21T22:22:34+00:00,514.0,FINITE_GEOMETRY_ADMISSIBLE_WITNESS,GEOMETRY_ADMISSIBLE,1,90e6cb35b7ce16a4583e17c0a1090f24974d2ceb170221780ff30fd6500ad482
2837,13608|132025,1,1952-07-21T22:45:31+00:00,1952-07-21T22:53:29+00:00,478.0,FINITE_GEOMETRY_ADMISSIBLE_WITNESS,GEOMETRY_ADMISSIBLE,1,bd67412abca9b7f8f12243976d8eda44aa5fff89dfc6976c0c45b7c9cb51c161
2839,13609|132025,1,1952-07-21T22:59:28+00:00,1952-07-21T23:07:27+00:00,479.0,FINITE_GEOMETRY_ADMISSIBLE_WITNESS,GEOMETRY_ADMISSIBLE,1,4d6bbae5df2602c0878041f0d5b0b9b55afbd81470f211fbddc550a283d64866
2842,13611|132028,1,1952-07-21T23:27:24+00:00,1952-07-21T23:35:22+00:00,478.0,FINITE_GEOMETRY_ADMISSIBLE_WITNESS,GEOMETRY_ADMISSIBLE,2,09ea7a2d61868740a7903a207bd2672f34d252ed687de7ba5d480244d04b5b22
2845,13612|132028,1,1952-07-21T23:40:22+00:00,1952-07-21T23:48:20+00:00,478.0,FINITE_GEOMETRY_ADMISSIBLE_WITNESS,GEOMETRY_ADMISSIBLE,1,0339e12c283180cb241300c9073f5517774b90548b5aaa3ee357b2bc0eb0416a
2848,13613|132028,1,1952-07-21T23:58:19+00:00,1952-07-22T00:24:00+00:00,1541.0,FINITE_GEOMETRY_ADMISSIBLE_WITNESS,GEOMETRY_ADMISSIBLE,1,4cce865e0cebd576e13ca66f4e158c05aeac40a950a062b962a068177f2358cc
2849,13623|132058,1,1952-08-14T21:15:00+00:00,1952-08-14T21:31:05+00:00,965.0,FINITE_GEOMETRY_ADMISSIBLE_WITNESS,GEOMETRY_ADMISSIBLE,2,3efb6349ddde1a9359bd19d450cab28ccbe408e3b97acaf4f1128c30dac43f39
2850,13623|132059,1,1952-08-14T21:15:00+00:00,1952-08-14T21:31:05+00:00,965.0,FINITE_GEOMETRY_ADMISSIBLE_WITNESS,GEOMETRY_ADMISSIBLE,1,b8efdeef6441e72cca4ba2ee917eb1893c48a4980bd0ed0bd9f4c72bca931d2e
2851,13623|132060,1,1952-08-14T21:15:00+00:00,1952-08-14T21:31:05+00:00,965.0,FINITE_GEOMETRY_ADMISSIBLE_WITNESS,GEOMETRY_ADMISSIBLE,1,6f8b82189673dbd27ffdf85cedb590241b6a2418106956777c5477e2ea544f62
2852,13623|139206,1,1952-08-14T20:51:12+00:00,1952-08-14T20:58:00+00:00,408.0,FINITE_GEOMETRY_ADMISSIBLE_WITNESS,GEOMETRY_ADMISSIBLE,2,2034db0d112fd68092c24148632ba23515b10ee661eba5e66fd1a65947732fea
2853,13623|139207,1,1952-08-14T21:06:00+00:00,1952-08-14T21:31:05+00:00,1505.0,FINITE_GEOMETRY_ADMISSIBLE_WITNESS,GEOMETRY_ADMISSIBLE,2,d6e0e3029a3852dbb078b5920d207013114bd03c14f8c233e09b753d45ab0e3a
2854,13624|132058,1,1952-08-14T21:50:02+00:00,1952-08-14T22:12:00+00:00,1318.0,FINITE_GEOMETRY_ADMISSIBLE_WITNESS,GEOMETRY_ADMISSIBLE,1,d0335ebf2e3a004ee5487cc585202cfacc9b22955214d21128c095db2f1eb542
2855,13624|132059,1,1952-08-14T21:50:02+00:00,1952-08-14T22:12:00+00:00,1318.0,FINITE_GEOMETRY_ADMISSIBLE_WITNESS,GEOMETRY_ADMISSIBLE,1,4bf0c1def098413af6929dc9b70aae955111146398550793c0d7945f26e9b793
2856,13624|132060,1,1952-08-14T21:50:02+00:00,1952-08-14T22:12:00+00:00,1318.0,FINITE_GEOMETRY_ADMISSIBLE_WITNESS,GEOMETRY_ADMISSIBLE,1,52b46cbc8d3ffe8f32edf055b5cfab336be878f0279fd5ed9f759a251aeb8e49
2857,13624|139207,1,1952-08-14T21:50:02+00:00,1952-08-14T22:29:56+00:00,2394.0,FINITE_GEOMETRY_ADMISSIBLE_WITNESS,GEOMETRY_ADMISSIBLE,1,894d87c5c73c5eb8b40ddb67ab1e142a31927296d13febb78357668cecea6205
2889,13765|132228,1,1953-03-15T20:44:00+00:00,1953-03-15T21:01:24+00:00,1044.0,FINITE_GEOMETRY_ADMISSIBLE_WITNESS,GEOMETRY_ADMISSIBLE,1,712d8749a5c651871fa46ef4981c50854257619edc3aae66a92e3caa42aa2b05
2889,13765|132228,2,1953-03-15T21:06:23+00:00,1953-03-15T21:26:20+00:00,1197.0,FINITE_GEOMETRY_ADMISSIBLE_WITNESS,GEOMETRY_ADMISSIBLE,1,13bd51174815d1cfe3661a6be3a13a910994adccf6096a5a7c907d651bede032
2889,13765|132228,3,1953-03-15T21:30:19+00:00,1953-03-15T21:45:00+00:00,881.0,FINITE_GEOMETRY_ADMISSIBLE_WITNESS,GEOMETRY_ADMISSIBLE,1,554bc3a2d88e3357899cf26b3c5be8d1b058f4495ec891f1ad9438f4f98ab6af
2896,13765|132235,1,1953-03-15T23:02:00+00:00,1953-03-15T23:02:04+00:00,4.0,FINITE_GEOMETRY_ADMISSIBLE_WITNESS,GEOMETRY_ADMISSIBLE,1,8a96c9384d1cb505cd63d36635df6faaa62d5218cd252914b96b4514197baaf5
2896,13765|132235,2,1953-03-15T23:16:02+00:00,1953-03-15T23:35:59+00:00,1197.0,FINITE_GEOMETRY_ADMISSIBLE_WITNESS,GEOMETRY_ADMISSIBLE,2,3f4cedd4d3c29664eff3ac121261a800ee899930fdb133d41990d5e04870830f
2897,13778|132245,1,1953-03-16T19:21:00+00:00,1953-03-16T19:22:43+00:00,103.0,FINITE_GEOMETRY_ADMISSIBLE_WITNESS,GEOMETRY_ADMISSIBLE,1,2d935cf6104bebcfa4ce15ef7c2f260268470dd54a628237947207bd41b99cf4
2898,13779|132245,1,1953-03-16T19:27:42+00:00,1953-03-16T19:32:42+00:00,300.0,FINITE_GEOMETRY_ADMISSIBLE_WITNESS,GEOMETRY_ADMISSIBLE,1,0702dd3624cd61cc49332be6505d2026cf8f238b0aac7cae4b531908c66a960d
2899,13780|132245,1,1953-03-16T19:37:41+00:00,1953-03-16T19:42:40+00:00,299.0,FINITE_GEOMETRY_ADMISSIBLE_WITNESS,GEOMETRY_ADMISSIBLE,1,55822ba69ff1da7c06f78ff014994a3f555cd4bf8853ac2ef69627c7a9828cb0
2937,13875|139429,1,1953-08-11T20:35:01+00:00,1953-08-11T21:03:00+00:00,1679.0,FINITE_GEOMETRY_ADMISSIBLE_WITNESS,GEOMETRY_ADMISSIBLE,1,f391d3b1221bbc60b6b00be922f6d4a909360b87eb91c0cafdd4774b5a05e04b
2938,13875|139430,1,1953-08-11T21:07:00+00:00,1953-08-11T21:14:55+00:00,475.0,FINITE_GEOMETRY_ADMISSIBLE_WITNESS,GEOMETRY_ADMISSIBLE,1,39f308a17bb1858e0d4bef861c69f6e4fe4acb7f8b2bfec5670ce53026e4b077
2940,13876|132444,1,1953-08-11T21:22:00+00:00,1953-08-11T22:01:47+00:00,2387.0,FINITE_GEOMETRY_ADMISSIBLE_WITNESS,GEOMETRY_ADMISSIBLE,1,fb47a63f74c1e67c8ffa7d0a6b6e2fba67bbf838dc10902c4a09acb23a850925
2941,13876|139430,1,1953-08-11T21:21:54+00:00,1953-08-11T21:52:00+00:00,1806.0,FINITE_GEOMETRY_ADMISSIBLE_WITNESS,GEOMETRY_ADMISSIBLE,1,32d98e2cf409af7263d3663c1e5c3e40293a3de0d76b5f94c7038e9f8efac18d
2942,13876|139431,1,1953-08-11T21:54:00+00:00,1953-08-11T22:01:47+00:00,467.0,FINITE_GEOMETRY_ADMISSIBLE_WITNESS,GEOMETRY_ADMISSIBLE,1,66da8a9aa833bf6bd280984b012815624dca02095aaca7536d60e7cf94f28f33
2944,13877|132444,1,1953-08-11T22:07:46+00:00,1953-08-11T22:19:00+00:00,674.0,FINITE_GEOMETRY_ADMISSIBLE_WITNESS,GEOMETRY_ADMISSIBLE,1,19409d3b8e760cdf7054a926441dc78fb4aeb42b8a99371907ece91b5f6de49e
2945,13877|132445,1,1953-08-11T22:32:00+00:00,1953-08-11T22:47:40+00:00,940.0,FINITE_GEOMETRY_ADMISSIBLE_WITNESS,GEOMETRY_ADMISSIBLE,4,20529701afd10317350a14b1d0d3e2a4ed4ba2ff7d4be251e602a198caa5dbc3
2946,13877|139431,1,1953-08-11T22:07:46+00:00,1953-08-11T22:39:00+00:00,1874.0,FINITE_GEOMETRY_ADMISSIBLE_WITNESS,GEOMETRY_ADMISSIBLE,1,19af359db770b858f12d382d4e466a143da4546907c697324bb8eab39bc1f4a8
2947,13877|139432,1,1953-08-11T22:44:00+00:00,1953-08-11T22:47:40+00:00,220.0,FINITE_GEOMETRY_ADMISSIBLE_WITNESS,GEOMETRY_ADMISSIBLE,1,531fb30d186fc7e24eaf3c693df6733950fbb6d2de38de962bb1b4af4d36c1c6
2948,13878|132445,1,1953-08-11T22:53:39+00:00,1953-08-11T23:30:00+00:00,2181.0,FINITE_GEOMETRY_ADMISSIBLE_WITNESS,GEOMETRY_ADMISSIBLE,3,1db3fdadea3098f493641eaf5164f442a126546d9d71d1eb99c670e723733f6f
2949,13878|139432,1,1953-08-11T22:53:39+00:00,1953-08-11T23:29:00+00:00,2121.0,FINITE_GEOMETRY_ADMISSIBLE_WITNESS,GEOMETRY_ADMISSIBLE,1,e9a9e610419db118b07b6e4a063f0f23cfa56f50d430d88c598c15b9541bd96c
2950,13878|139433,1,1953-08-11T23:32:00+00:00,1953-08-11T23:33:32+00:00,92.0,FINITE_GEOMETRY_ADMISSIBLE_WITNESS,GEOMETRY_ADMISSIBLE,1,b363be25b353fd50df9d0f0d7723d9d181aed458fc3f4062f3b52de254ccfb0a
2953,13879|139433,1,1953-08-11T23:43:31+00:00,1953-08-12T00:17:00+00:00,2009.0,FINITE_GEOMETRY_ADMISSIBLE_WITNESS,GEOMETRY_ADMISSIBLE,1,b4f24405545cb95209ff27b2f7e267ef47a2ff102d4c13ee70ec3790bf0fc901
2955,13880|132452,1,1953-08-12T21:08:00+00:00,1953-08-12T21:45:53+00:00,2273.0,FINITE_GEOMETRY_ADMISSIBLE_WITNESS,GEOMETRY_ADMISSIBLE,1,85a122e2e83f5fd73913a344105a598b273e34bbbc3e9353acfa18aa4d9fa009
2956,13880|139439,1,1953-08-12T21:12:00+00:00,1953-08-12T21:45:53+00:00,2033.0,FINITE_GEOMETRY_ADMISSIBLE_WITNESS,GEOMETRY_ADMISSIBLE,2,d95ce88df6027ce250861213c76223e93fafd3987f6a962d81eff912864a3af3
2958,13881|132455,1,1953-08-12T23:22:00+00:00,1953-08-12T23:34:36+00:00,756.0,FINITE_GEOMETRY_ADMISSIBLE_WITNESS,GEOMETRY_ADMISSIBLE,1,26ae9fbaa1f33104580f991314de26392838ffbcdd42f6684c5540acf9aea7a0
2959,13882|132455,1,1953-08-12T23:38:35+00:00,1953-08-13T00:18:28+00:00,2393.0,FINITE_GEOMETRY_ADMISSIBLE_WITNESS,GEOMETRY_ADMISSIBLE,2,899e436339121ad6b1392476da64b81f790d20c9b5c719e6b5a45470cab3834f
2963,13883|132460,1,1953-08-13T21:11:00+00:00,1953-08-13T21:21:01+00:00,601.0,FINITE_GEOMETRY_ADMISSIBLE_WITNESS,GEOMETRY_ADMISSIBLE,1,edc0396d4e695a3bfbb5e75bf1ca06e0c2e58e1ce114af5b72c447fafafd9bd3
2964,13883|139444,1,1953-08-13T20:41:07+00:00,1953-08-13T20:48:00+00:00,413.0,FINITE_GEOMETRY_ADMISSIBLE_WITNESS,GEOMETRY_ADMISSIBLE,1,f760569c2f015c3c2495d2f6eb26fddecd7c1254853231a382fa15cc21ca7154
2965,13883|139445,1,1953-08-13T20:52:00+00:00,1953-08-13T21:12:00+00:00,1200.0,FINITE_GEOMETRY_ADMISSIBLE_WITNESS,GEOMETRY_ADMISSIBLE,1,54c0b54f94340e94e0ed7ee172a8e1ede5b966041116b9bb5da65aad943e8cc0
2966,13883|139446,1,1953-08-13T21:18:00+00:00,1953-08-13T21:21:01+00:00,181.0,FINITE_GEOMETRY_ADMISSIBLE_WITNESS,GEOMETRY_ADMISSIBLE,1,3e28118b53930094837185d6e890a182ca99b57e07d93d4ab7ab645760b2250f
2968,13884|132460,1,1953-08-13T21:30:59+00:00,1953-08-13T22:10:53+00:00,2394.0,FINITE_GEOMETRY_ADMISSIBLE_WITNESS,GEOMETRY_ADMISSIBLE,1,e06e76d4c8ab26790cacd1dab23b220367fa3ae869e37bba5363adbaadff45b6
2969,13884|139446,1,1953-08-13T21:30:59+00:00,1953-08-13T22:03:00+00:00,1921.0,FINITE_GEOMETRY_ADMISSIBLE_WITNESS,GEOMETRY_ADMISSIBLE,1,4ce4f6e5c069b6e66ece9061947c5b7e6a519cf781e46f401171db451d105e51
2970,13884|139447,1,1953-08-13T22:05:00+00:00,1953-08-13T22:10:53+00:00,353.0,FINITE_GEOMETRY_ADMISSIBLE_WITNESS,GEOMETRY_ADMISSIBLE,1,7c2d69eef20511954f3f278ebf7cdbeea1e693b66d629625be0d9cc29186d940
2971,13885|132461,1,1953-08-13T22:20:51+00:00,1953-08-13T22:50:46+00:00,1795.0,FINITE_GEOMETRY_ADMISSIBLE_WITNESS,GEOMETRY_ADMISSIBLE,1,4947fa14021acebd25517aeec8526b61677bb1ea77be5d265a0a266a9f428da3
2972,13885|132462,1,1953-08-13T22:20:51+00:00,1953-08-13T22:50:46+00:00,1795.0,FINITE_GEOMETRY_ADMISSIBLE_WITNESS,GEOMETRY_ADMISSIBLE,1,d5061ce03caf50f964ef3265ea7ef64d4df75477fbf0caa6781a10229de61066
2973,13885|139447,1,1953-08-13T22:20:51+00:00,1953-08-13T22:50:00+00:00,1749.0,FINITE_GEOMETRY_ADMISSIBLE_WITNESS,GEOMETRY_ADMISSIBLE,2,11ba737c8add76e3c19aa5258fb9e8f55aa97b74eebdfc45b34dabbd2d03671d
2974,13889|139453,1,1953-08-14T20:47:10+00:00,1953-08-14T21:20:00+00:00,1970.0,FINITE_GEOMETRY_ADMISSIBLE_WITNESS,GEOMETRY_ADMISSIBLE,1,6d8ae001f6e4c77c448a7cb91c5bd6ea3785f7b8921e7fcf4c7b6e5f89b15767
2977,13892|139467,1,1953-09-01T19:40:22+00:00,1953-09-01T19:58:00+00:00,1058.0,FINITE_GEOMETRY_ADMISSIBLE_WITNESS,GEOMETRY_ADMISSIBLE,2,83d5c557fed1b797edc20de827d31b05b2bfc382ea8b0bdd6608edae3f23a0de
2978,13892|139468,1,1953-09-01T20:04:00+00:00,1953-09-01T20:20:16+00:00,976.0,FINITE_GEOMETRY_ADMISSIBLE_WITNESS,GEOMETRY_ADMISSIBLE,1,dff7e274ab0cf5b41e3d675bfdd0b1f25f8b145b57c2de8f39e06809de50ed44
2980,13893|139468,1,1953-09-01T20:29:15+00:00,1953-09-01T20:34:00+00:00,285.0,FINITE_GEOMETRY_ADMISSIBLE_WITNESS,GEOMETRY_ADMISSIBLE,1,78f6ec78a98c0cb4ad3af34e94ac1df0700d98883be928d8791d0ed4aa25ace7
2981,13893|139469,1,1953-09-01T20:37:00+00:00,1953-09-01T20:54:11+00:00,1031.0,FINITE_GEOMETRY_ADMISSIBLE_WITNESS,GEOMETRY_ADMISSIBLE,1,aaa0a1b3b80bccdaaac7fd40685dced29ef4037c0976c17950266b06e7dcfb6b
2983,13894|139469,1,1953-09-01T21:04:09+00:00,1953-09-01T21:07:00+00:00,171.0,FINITE_GEOMETRY_ADMISSIBLE_WITNESS,GEOMETRY_ADMISSIBLE,1,7efcce241ac3fa91635fa53aca9017b1fffc7dded158441e131a885c80fc3ee1
2984,13894|139470,1,1953-09-01T21:11:02+00:00,1953-09-01T21:29:05+00:00,1083.0,FINITE_GEOMETRY_ADMISSIBLE_WITNESS,GEOMETRY_ADMISSIBLE,2,e882f3932adb5cc0a5caf1a0960101d5c77891ab128f02e9feb6490283268200
2986,13895|139470,1,1953-09-01T21:37:04+00:00,1953-09-01T21:41:02+00:00,238.0,FINITE_GEOMETRY_ADMISSIBLE_WITNESS,GEOMETRY_ADMISSIBLE,1,e732ccf181704149380b786c3f0c4597268e0da7ca404424f8b5c2f5c52f9b99
2989,13896|139471,1,1953-09-01T22:09:58+00:00,1953-09-01T22:30:15+00:00,1217.0,FINITE_GEOMETRY_ADMISSIBLE_WITNESS,GEOMETRY_ADMISSIBLE,1,d48893ae9cd28c0303ec5ae5726545e1faed5d800c630993ec0293de4124d919
2996,13907|132496,1,1953-09-06T19:52:38+00:00,1953-09-06T20:32:31+00:00,2393.0,FINITE_GEOMETRY_ADMISSIBLE_WITNESS,GEOMETRY_ADMISSIBLE,1,42e83a08fe3953539ba447919ebb4945fbe77c77526f7459e94e85e0470ac4b9
3021,13922|132506,1,1953-09-07T19:44:42+00:00,1953-09-07T20:18:00+00:00,1998.0,FINITE_GEOMETRY_ADMISSIBLE_WITNESS,GEOMETRY_ADMISSIBLE,1,57d17da6f4a863c3d4c1832ae37a6296e247f7ddc1978d471eb6bf41edb620da
3023,13922|139491,1,1953-09-07T19:45:00+00:00,1953-09-07T20:24:36+00:00,2376.0,FINITE_GEOMETRY_ADMISSIBLE_WITNESS,GEOMETRY_ADMISSIBLE,1,59e79e194889456b7de6d90f52745c5ffef5d2728efb12c73f0d6e476ec60a64
3037,13934|139492,1,1953-09-08T19:31:18+00:00,1953-09-08T19:34:00+00:00,162.0,FINITE_GEOMETRY_ADMISSIBLE_WITNESS,GEOMETRY_ADMISSIBLE,2,44df2a0fe896dd9fc9074bb798454973a609ffa21e434f3d4b4936880c3476ac
3038,13934|139493,1,1953-09-08T19:39:00+00:00,1953-09-08T20:09:00+00:00,1800.0,FINITE_GEOMETRY_ADMISSIBLE_WITNESS,GEOMETRY_ADMISSIBLE,1,9df7b3aa18ab3fd9930cc71626d73119e8371ac8fcf8f9be88513305a09a48b0
3039,13934|139494,1,1953-09-08T20:11:00+00:00,1953-09-08T20:11:12+00:00,12.0,FINITE_GEOMETRY_ADMISSIBLE_WITNESS,GEOMETRY_ADMISSIBLE,1,a9b56994321c0f2c7c1d8e34486163d9ee9d526d28914adb2caea23b8a0be025
3041,13935|139494,1,1953-09-08T20:24:39+00:00,1953-09-08T20:39:37+00:00,898.0,FINITE_GEOMETRY_ADMISSIBLE_WITNESS,GEOMETRY_ADMISSIBLE,3,08a1526abe82e4d48d521c572ba8725345eb751db07d6fa20245d0d58c60eef9
3044,13936|139495,1,1953-09-08T20:45:00+00:00,1953-09-08T20:57:34+00:00,754.0,FINITE_GEOMETRY_ADMISSIBLE_WITNESS,GEOMETRY_ADMISSIBLE,1,dc5bcf33acd0dc0372baba772d137a34c03b17717a9a4f709b391231084062bd
3047,13937|139495,1,1953-09-08T21:08:32+00:00,1953-09-08T21:15:00+00:00,388.0,FINITE_GEOMETRY_ADMISSIBLE_WITNESS,GEOMETRY_ADMISSIBLE,1,923f2bcfd0d48e15d946a5f768fcafa2a4063d39dbfa9796d4c7c916d84581ee
3061,13946|139504,1,1953-09-13T19:01:00+00:00,1953-09-13T19:31:00+00:00,1800.0,FINITE_GEOMETRY_ADMISSIBLE_WITNESS,GEOMETRY_ADMISSIBLE,2,b4addbb0137ebbf943cae7c527c93a3164ff9cf52feb80f6be6686ed371f1fd5
3062,13946|139505,1,1953-09-13T19:34:00+00:00,1953-09-13T19:40:04+00:00,364.0,FINITE_GEOMETRY_ADMISSIBLE_WITNESS,GEOMETRY_ADMISSIBLE,2,9ac3c93ccfea6fac97ae587987de62b2b852b73ff33f3d68958ad9a0edc534ab
3063,13947|139505,1,1953-09-13T19:49:02+00:00,1953-09-13T20:01:00+00:00,718.0,FINITE_GEOMETRY_ADMISSIBLE_WITNESS,GEOMETRY_ADMISSIBLE,2,936565b5ed97ed9852a3d90949a0c5be2c68830a0e801ece008b848406f0b505
3064,13948|139506,1,1953-09-13T20:06:00+00:00,1953-09-13T20:15:58+00:00,598.0,FINITE_GEOMETRY_ADMISSIBLE_WITNESS,GEOMETRY_ADMISSIBLE,1,5685e89d7d876f33329922626b89d930f853aa1df3e43313bd4f755764559f8d
3065,13949|139506,1,1953-09-13T20:18:58+00:00,1953-09-13T20:30:56+00:00,718.0,FINITE_GEOMETRY_ADMISSIBLE_WITNESS,GEOMETRY_ADMISSIBLE,2,3034351bc4a1ab293fcf13dbca10450ad91bedeaa8906615bd182d9eead173ed
3066,13950|139506,1,1953-09-13T20:33:55+00:00,1953-09-13T20:36:00+00:00,125.0,FINITE_GEOMETRY_ADMISSIBLE_WITNESS,GEOMETRY_ADMISSIBLE,1,00b1190ab71e75e805234376acc44a578a7f68cc360dd038b6e66c799742c877
3067,13950|139507,1,1953-09-13T20:39:00+00:00,1953-09-13T20:45:53+00:00,413.0,FINITE_GEOMETRY_ADMISSIBLE_WITNESS,GEOMETRY_ADMISSIBLE,1,c1ca78c67c0d07b1f24dc45e86c101210fab2bf309422bf98cf6c190efb5cd0b
3068,13951|139507,1,1953-09-13T20:51:52+00:00,1953-09-13T21:03:50+00:00,718.0,FINITE_GEOMETRY_ADMISSIBLE_WITNESS,GEOMETRY_ADMISSIBLE,1,0d6a3342ab7ad63b9653e60a30339bf25de02184f59732683bb24a5e43829ae1
3069,13952|139507,1,1953-09-13T21:06:50+00:00,1953-09-13T21:09:00+00:00,130.0,FINITE_GEOMETRY_ADMISSIBLE_WITNESS,GEOMETRY_ADMISSIBLE,1,64f57f1bc453baffc0790bcf821d5e2893e8f3efa6dbd5a1f53e200d0a5b19c0
3070,13952|139508,1,1953-09-13T21:18:00+00:00,1953-09-13T21:18:48+00:00,48.0,FINITE_GEOMETRY_ADMISSIBLE_WITNESS,GEOMETRY_ADMISSIBLE,2,79a560c786466fd2362b0881a1cc0eebc72c942cd9482d1567e56e59cdd62d79
3071,13953|139508,1,1953-09-13T21:21:47+00:00,1953-09-13T21:33:46+00:00,719.0,FINITE_GEOMETRY_ADMISSIBLE_WITNESS,GEOMETRY_ADMISSIBLE,1,cdeadaf38b0fdbc28b8af7f4420c8dc9b0c374ea202b76961b1187d3da43869e
3072,13954|139508,1,1953-09-13T21:36:45+00:00,1953-09-13T21:46:00+00:00,555.0,FINITE_GEOMETRY_ADMISSIBLE_WITNESS,GEOMETRY_ADMISSIBLE,1,a23b5061506299e6788b2872124253a9a3071420addf6f00a644154cfd8076de
3081,13963|132536,1,1953-09-14T19:20:10+00:00,1953-09-14T20:00:04+00:00,2394.0,FINITE_GEOMETRY_ADMISSIBLE_WITNESS,GEOMETRY_ADMISSIBLE,1,b37b1155b64559ec1d4767927d879b72c3ef60b981710d84a11ae542f3356e79
3089,13968|132550,1,1953-09-15T20:22:00+00:00,1953-09-15T20:24:04+00:00,124.0,FINITE_GEOMETRY_ADMISSIBLE_WITNESS,GEOMETRY_ADMISSIBLE,1,3d59620b2ac6e652a6ce4c9a8aec99f5851ce55c4b3a1a5a670a626f36d36975
3091,13969|132550,1,1953-09-15T20:27:03+00:00,1953-09-15T20:34:02+00:00,419.0,FINITE_GEOMETRY_ADMISSIBLE_WITNESS,GEOMETRY_ADMISSIBLE,1,a8e3dd33410c2b4b70f6ced2a9d36ad26b16d4e172012bb96654d5631d69d5f9
3093,13970|132550,1,1953-09-15T20:37:02+00:00,1953-09-15T20:44:00+00:00,418.0,FINITE_GEOMETRY_ADMISSIBLE_WITNESS,GEOMETRY_ADMISSIBLE,1,2fb054d4742e8381d46e9bba7325a9b486d186abc64cab4aa39c55ee806a40f8
3095,13971|132550,1,1953-09-15T20:47:00+00:00,1953-09-15T20:53:59+00:00,419.0,FINITE_GEOMETRY_ADMISSIBLE_WITNESS,GEOMETRY_ADMISSIBLE,1,5d8fd3761b20fabc81247703a4fbed89bca19968b800c15b7b66a3d3e0c1461f
3097,13972|132550,1,1953-09-15T20:56:58+00:00,1953-09-15T21:03:57+00:00,419.0,FINITE_GEOMETRY_ADMISSIBLE_WITNESS,GEOMETRY_ADMISSIBLE,1,f7d9ea383e6c9ce2cc40d537946af4ed062928de5eb713b0b12e72fc87b63399
3099,13973|132550,1,1953-09-15T21:06:57+00:00,1953-09-15T21:13:56+00:00,419.0,FINITE_GEOMETRY_ADMISSIBLE_WITNESS,GEOMETRY_ADMISSIBLE,1,250b522234bfec0fa6e1165dc37cda457e93cff384f218d5c3559ac3b62a30a2
3101,13974|132550,1,1953-09-15T21:16:55+00:00,1953-09-15T21:20:00+00:00,185.0,FINITE_GEOMETRY_ADMISSIBLE_WITNESS,GEOMETRY_ADMISSIBLE,1,fb82b1287ab2294809f507112d213bc22a042ade2b59270b45976c30bd9af4cd
3103,13975|132552,1,1953-09-15T21:27:53+00:00,1953-09-15T21:33:52+00:00,359.0,FINITE_GEOMETRY_ADMISSIBLE_WITNESS,GEOMETRY_ADMISSIBLE,1,3e92656ac14d0100a24a466ef0ca57b7730f4289c385dfba83453410f060313b
3105,13976|132552,1,1953-09-15T21:36:52+00:00,1953-09-15T21:43:51+00:00,419.0,FINITE_GEOMETRY_ADMISSIBLE_WITNESS,GEOMETRY_ADMISSIBLE,1,0613ef6fcabe2ecb5cd7b63fda07b1a0af639f28607d5e617a453f9fb4d13ead
3107,13977|132552,1,1953-09-15T21:46:50+00:00,1953-09-15T21:53:49+00:00,419.0,FINITE_GEOMETRY_ADMISSIBLE_WITNESS,GEOMETRY_ADMISSIBLE,1,5b1394b1d7842a99e96598b56fa344fb311d4b67965a099a67d9e5603affd5db
3109,13978|132552,1,1953-09-15T21:56:49+00:00,1953-09-15T22:03:48+00:00,419.0,FINITE_GEOMETRY_ADMISSIBLE_WITNESS,GEOMETRY_ADMISSIBLE,1,73b297117de2e9b9141cc098019abc27aa57e90129d0605f59ebb14248fa9d06
3111,13979|132552,1,1953-09-15T22:06:47+00:00,1953-09-15T22:13:46+00:00,419.0,FINITE_GEOMETRY_ADMISSIBLE_WITNESS,GEOMETRY_ADMISSIBLE,1,fdd6a30dd8e61721e9ea07efa3748cd3c72dfd718cf0e149551517c0c0b94961
3113,13980|132552,1,1953-09-15T22:20:15+00:00,1953-09-15T22:27:00+00:00,405.0,FINITE_GEOMETRY_ADMISSIBLE_WITNESS,GEOMETRY_ADMISSIBLE,1,a1caed707c161460505bd5fd3e90ae7ef59c4f2a92801330746ce1df384338a4
3118,13983|132560,1,1953-09-16T21:55:22+00:00,1953-09-16T22:33:00+00:00,2258.0,FINITE_GEOMETRY_ADMISSIBLE_WITNESS,GEOMETRY_ADMISSIBLE,1,d72b942661285185dc2cd02adfc4cd3bb9e2f201c24f7452ed27673d7cda9c54
3120,14066|132590,1,1953-10-27T18:17:19+00:00,1953-10-27T18:20:00+00:00,161.0,FINITE_GEOMETRY_ADMISSIBLE_WITNESS,GEOMETRY_ADMISSIBLE,2,ff37f9fdde6d332f9c4515f60726547dfcfc83cbdcaa343e2cf77776c50cf2cd
3134,14092|132627,1,1953-11-25T17:02:40+00:00,1953-11-25T17:32:36+00:00,1796.0,FINITE_GEOMETRY_ADMISSIBLE_WITNESS,GEOMETRY_ADMISSIBLE,1,7771e788241e45244b2034e4ec8436baeeed1e249c7d4dd62a4dfac3fd1a0abc
3141,14120|132654,1,1953-12-02T20:46:29+00:00,1953-12-02T20:51:28+00:00,299.0,FINITE_GEOMETRY_ADMISSIBLE_WITNESS,GEOMETRY_ADMISSIBLE,1,423fd03bd98c2af0af6e7b024d6502bf659792d3f6129bab8cba65bc1b96200e
3144,14122|132658,1,1953-12-02T22:50:00+00:00,1953-12-02T23:13:05+00:00,1385.0,FINITE_GEOMETRY_ADMISSIBLE_WITNESS,GEOMETRY_ADMISSIBLE,1,3699dd3e1ed8bb6ce15c95816f825a569958f1ce07c507f8b7834843fa2662e6
3148,14154|132725,1,1954-01-26T19:00:00+00:00,1954-01-26T19:06:54+00:00,414.0,FINITE_GEOMETRY_ADMISSIBLE_WITNESS,GEOMETRY_ADMISSIBLE,1,43ab7050fc9457fefbb0e383aac9128b8fda909e38d0f888f10d70ffe7064bae
3149,14155|132725,1,1954-01-26T19:27:51+00:00,1954-01-26T19:57:00+00:00,1749.0,FINITE_GEOMETRY_ADMISSIBLE_WITNESS,GEOMETRY_ADMISSIBLE,2,30876eaf03b941926bff43a1ebfb60e4395d9f5ec54185b19f44336096e445df
3150,14165|132726,1,1954-01-27T18:53:00+00:00,1954-01-27T19:19:56+00:00,1616.0,FINITE_GEOMETRY_ADMISSIBLE_WITNESS,GEOMETRY_ADMISSIBLE,1,9c859f092e1bf09597e8c4b77eb072223f7dc10207110d7b82e983851c7e53dc
3156,14179|132730,1,1954-01-29T20:00:00+00:00,1954-01-29T20:21:23+00:00,1283.0,FINITE_GEOMETRY_ADMISSIBLE_WITNESS,GEOMETRY_ADMISSIBLE,2,2193f7bdfb2b471dff46519a34495b12645d1d8dcbf7744aa87ef22ccdd040da
3184,15084|133384,1,1959-01-28T20:11:00+00:00,1959-01-28T20:24:39+00:00,819.0,FINITE_GEOMETRY_ADMISSIBLE_WITNESS,GEOMETRY_ADMISSIBLE,2,ff87913eefbc200bdef7a5c0e2a5ed164f787c5c3133fd65c8ce88d4c28fe393
3186,15084|133387,1,1959-01-28T20:11:00+00:00,1959-01-28T20:24:39+00:00,819.0,FINITE_GEOMETRY_ADMISSIBLE_WITNESS,GEOMETRY_ADMISSIBLE,2,8e09c4f716e53edd35eac62b645b0faebd67246088ce7d991696d9703b2c6309
3187,15085|133384,1,1959-01-28T20:31:37+00:00,1959-01-28T21:11:00+00:00,2363.0,FINITE_GEOMETRY_ADMISSIBLE_WITNESS,GEOMETRY_ADMISSIBLE,1,4af65ebb12ca5c87e34bbcb497674c80c16b88df27e26c61dd7d30fd44743648
3188,15085|133385,1,1959-01-28T20:31:37+00:00,1959-01-28T21:11:00+00:00,2363.0,FINITE_GEOMETRY_ADMISSIBLE_WITNESS,GEOMETRY_ADMISSIBLE,1,aa8413bd7feaa558a2b5a9922722157506f8f3de620172964c27e78ccf8fdeaf
3189,15085|133387,1,1959-01-28T20:31:37+00:00,1959-01-28T21:11:00+00:00,2363.0,FINITE_GEOMETRY_ADMISSIBLE_WITNESS,GEOMETRY_ADMISSIBLE,1,c8cc120c8fab5be2e25833bb1499405298a7b3f5edbe226c8138ebd66ff77050
3192,15086|133624,1,1959-02-08T18:36:34+00:00,1959-02-08T18:42:33+00:00,359.0,FINITE_GEOMETRY_ADMISSIBLE_WITNESS,GEOMETRY_ADMISSIBLE,1,f3822b3fec1bde0225ec7306ec5afb0e5be0dc47974cb60ab0549357ddd89a61
3193,15087|133622,1,1959-02-08T18:43:33+00:00,1959-02-08T18:46:32+00:00,179.0,FINITE_GEOMETRY_ADMISSIBLE_WITNESS,GEOMETRY_ADMISSIBLE,1,6dea7b3948a56718e616c1e8d1bdb1e80d5da945f6ce66027a7bc0bd078395c5
3195,15087|133624,1,1959-02-08T18:43:33+00:00,1959-02-08T18:46:32+00:00,179.0,FINITE_GEOMETRY_ADMISSIBLE_WITNESS,GEOMETRY_ADMISSIBLE,1,dea2f02aa7607522514984a0ae8f93cd59d29a8855265fd4fa10c6dde08ea93f
3196,15088|133626,1,1959-02-08T18:56:31+00:00,1959-02-08T19:02:30+00:00,359.0,FINITE_GEOMETRY_ADMISSIBLE_WITNESS,GEOMETRY_ADMISSIBLE,1,fbc984d4b4465722538434e18b8ff9c3896032be1ee8feb67bc1c4d896d3c308
3197,15088|133627,1,1959-02-08T18:56:31+00:00,1959-02-08T19:02:30+00:00,359.0,FINITE_GEOMETRY_ADMISSIBLE_WITNESS,GEOMETRY_ADMISSIBLE,1,d68b4b47cdf53cf4a1f8a7a6f34ad4b6ca9b7932a01641c0e2b5d6f0f8b32a51
3198,15088|133628,1,1959-02-08T18:56:31+00:00,1959-02-08T19:02:30+00:00,359.0,FINITE_GEOMETRY_ADMISSIBLE_WITNESS,GEOMETRY_ADMISSIBLE,2,024d943eb76efa75898ccbd1665b49c6dcfa3cc78be10b3e77f2ceefcb82bf88
3199,15089|133626,1,1959-02-08T19:03:00+00:00,1959-02-08T19:05:59+00:00,179.0,FINITE_GEOMETRY_ADMISSIBLE_WITNESS,GEOMETRY_ADMISSIBLE,1,ce826fd17091f5c2243dc9f1c6ba4265cee5baec75c7d9ec2da4ac6fbb9a2259
3200,15089|133627,1,1959-02-08T19:03:00+00:00,1959-02-08T19:05:59+00:00,179.0,FINITE_GEOMETRY_ADMISSIBLE_WITNESS,GEOMETRY_ADMISSIBLE,2,ef054394064175713d96c59dc46de50eb857cbf5cb8a44e1213b171106c7a828
3201,15089|133628,1,1959-02-08T19:03:00+00:00,1959-02-08T19:05:59+00:00,179.0,FINITE_GEOMETRY_ADMISSIBLE_WITNESS,GEOMETRY_ADMISSIBLE,1,a7d7bcd54535aaeca20826e2d9204b2f041d19c14b8275c81e2f86e3b6cbaf3a
3202,15090|133630,1,1959-02-08T20:33:15+00:00,1959-02-08T20:58:00+00:00,1485.0,FINITE_GEOMETRY_ADMISSIBLE_WITNESS,GEOMETRY_ADMISSIBLE,1,0edfccb104d7cec06ac33faed9d8740d978821efb8a3172e2b9e374f0e9f2328
3203,15090|133631,1,1959-02-08T20:33:15+00:00,1959-02-08T20:58:00+00:00,1485.0,FINITE_GEOMETRY_ADMISSIBLE_WITNESS,GEOMETRY_ADMISSIBLE,1,021225aabd9cfdb5a7b065c25d7e49c4e0dfeb241c823dfbb40bb6573711dfa3
3204,15090|133632,1,1959-02-08T20:33:15+00:00,1959-02-08T20:58:00+00:00,1485.0,FINITE_GEOMETRY_ADMISSIBLE_WITNESS,GEOMETRY_ADMISSIBLE,2,04a1798aee1dd1dc29b72cacc204d24da93a6a13132c908f78fb811c5e0e9bbf
3205,15090|133633,1,1959-02-08T20:33:15+00:00,1959-02-08T20:58:00+00:00,1485.0,FINITE_GEOMETRY_ADMISSIBLE_WITNESS,GEOMETRY_ADMISSIBLE,2,3b160eea66f3b9411cfc622385b1cb7b97bbcff5abf283b29b0d37f0c7aa92ac
3209,15094|133824,1,1959-02-28T19:23:35+00:00,1959-02-28T19:53:30+00:00,1795.0,FINITE_GEOMETRY_ADMISSIBLE_WITNESS,GEOMETRY_ADMISSIBLE,1,f459304453d098f9ccf82180b0db0205d17fea0d5539b7ddbc8012bd30688ed9
3210,15094|133825,1,1959-02-28T19:23:35+00:00,1959-02-28T19:53:30+00:00,1795.0,FINITE_GEOMETRY_ADMISSIBLE_WITNESS,GEOMETRY_ADMISSIBLE,1,27fa2eb26d5ed1eeaad9d16c370db58044b16055be77685d4deb1a17f069e046
3211,15094|133826,1,1959-02-28T19:23:35+00:00,1959-02-28T19:53:30+00:00,1795.0,FINITE_GEOMETRY_ADMISSIBLE_WITNESS,GEOMETRY_ADMISSIBLE,2,fbc9eea92481418828f56dde5027c647a186a3a107f282c0eb8ccc890053beb6
3212,15094|133827,1,1959-02-28T19:23:35+00:00,1959-02-28T19:53:30+00:00,1795.0,FINITE_GEOMETRY_ADMISSIBLE_WITNESS,GEOMETRY_ADMISSIBLE,1,d08f3ead781288342940534b407f7000c9207933fe04226baa6184ca5f79f3c8
3218,15106|133846,1,1959-03-02T20:00:36+00:00,1959-03-02T20:30:00+00:00,1764.0,FINITE_GEOMETRY_ADMISSIBLE_WITNESS,GEOMETRY_ADMISSIBLE,1,bb448dd0bba22df81841979e2272bad261879a38ad9b1cefbdac3e1a78f72777
3222,15107|133850,1,1959-03-02T20:56:27+00:00,1959-03-02T21:26:22+00:00,1795.0,FINITE_GEOMETRY_ADMISSIBLE_WITNESS,GEOMETRY_ADMISSIBLE,1,dcbcbdd3285437939fcf6decd2fd64047ccab9fbf0b8ecf6bde9ac877390f0af
3225,15123|133876,1,1959-03-09T19:07:09+00:00,1959-03-09T19:37:04+00:00,1795.0,FINITE_GEOMETRY_ADMISSIBLE_WITNESS,GEOMETRY_ADMISSIBLE,1,0f3e51af2bdaec827718c732965f7b8a7d7c85b3d94e9a6f4edd272df713eede
3226,15123|133878,1,1959-03-09T19:07:09+00:00,1959-03-09T19:37:04+00:00,1795.0,FINITE_GEOMETRY_ADMISSIBLE_WITNESS,GEOMETRY_ADMISSIBLE,1,430859cf990c7a2a76bd92f0dee99554615ef34cfea0ada70273bb3495d4eeb4
3229,15124|133901,1,1959-03-10T01:24:07+00:00,1959-03-10T01:54:02+00:00,1795.0,FINITE_GEOMETRY_ADMISSIBLE_WITNESS,GEOMETRY_ADMISSIBLE,1,248fa9b7a0023639fcf9090b76eb5aed5def1313a8c5a6a886875012f00fb998
3230,15124|133902,1,1959-03-10T01:24:07+00:00,1959-03-10T01:54:02+00:00,1795.0,FINITE_GEOMETRY_ADMISSIBLE_WITNESS,GEOMETRY_ADMISSIBLE,1,aacbcc6760fe3831032104804c758c222726d84bd62247618dbc6dc104c4a0ec
3234,15125|133902,1,1959-03-10T02:09:00+00:00,1959-03-10T02:21:00+00:00,720.0,FINITE_GEOMETRY_ADMISSIBLE_WITNESS,GEOMETRY_ADMISSIBLE,1,0d522e13bbcc00a5a467f62fee7cd2898623fea7dbd51c5fecd8e71b7308aa72
3282,15139|133965,1,1959-03-31T22:00:00+00:00,1959-03-31T22:09:55+00:00,595.0,FINITE_GEOMETRY_ADMISSIBLE_WITNESS,GEOMETRY_ADMISSIBLE,1,c04598ebb123d97a9f3b5a1ed75130d42d9f50dad8dbecdb59aa548d68a2f84d
3285,15140|133964,1,1959-03-31T22:12:55+00:00,1959-03-31T22:32:51+00:00,1196.0,FINITE_GEOMETRY_ADMISSIBLE_WITNESS,GEOMETRY_ADMISSIBLE,1,0182aac65ee600ff4abedceb9752e3d4aaa1a897aadfc640913cb76fa67d3d54
3286,15140|133965,1,1959-03-31T22:12:55+00:00,1959-03-31T22:32:51+00:00,1196.0,FINITE_GEOMETRY_ADMISSIBLE_WITNESS,GEOMETRY_ADMISSIBLE,1,1a0d47a7bbbdd2a0cc76eeeed1212f9988c692635aa7109684f6813ca73a1308
3287,15141|133962,1,1959-03-31T22:44:49+00:00,1959-03-31T23:00:00+00:00,911.0,FINITE_GEOMETRY_ADMISSIBLE_WITNESS,GEOMETRY_ADMISSIBLE,2,1142578f0288f55e43012d0bbccd8b8250ca299dfa4ce8757b63ae0de94e0f91
3289,15141|133964,1,1959-03-31T22:44:49+00:00,1959-03-31T23:00:00+00:00,911.0,FINITE_GEOMETRY_ADMISSIBLE_WITNESS,GEOMETRY_ADMISSIBLE,1,60a66e3fce5eb9500163babb406a8ab98f26c2e6a01acbe09a2290653a531f01
3290,15141|133965,1,1959-03-31T22:44:49+00:00,1959-03-31T23:00:00+00:00,911.0,FINITE_GEOMETRY_ADMISSIBLE_WITNESS,GEOMETRY_ADMISSIBLE,1,dc5e83bab71db9638269985c1d00c6a97d2d883f9acab0206e4d6581bf23e83b
3291,15142|133966,1,1959-03-31T23:32:42+00:00,1959-03-31T23:52:38+00:00,1196.0,FINITE_GEOMETRY_ADMISSIBLE_WITNESS,GEOMETRY_ADMISSIBLE,1,7ed8b3dcdb3e37fcd83784abcf24682a9d6fed4e0a415322b1027ffa016577c8
3292,15142|133967,1,1959-03-31T23:32:42+00:00,1959-03-31T23:52:38+00:00,1196.0,FINITE_GEOMETRY_ADMISSIBLE_WITNESS,GEOMETRY_ADMISSIBLE,2,5525233360519d2d486a0661b30ecb9f6b2f124a22d168f2bcb1c8b784df33dd
3293,15142|133969,1,1959-03-31T23:32:42+00:00,1959-03-31T23:52:38+00:00,1196.0,FINITE_GEOMETRY_ADMISSIBLE_WITNESS,GEOMETRY_ADMISSIBLE,1,326fb3e986f4ecac9574f8dcbcca32ac83dbf8f40196d7cb1793f276b7a21bc6
3294,15142|133970,1,1959-03-31T23:32:42+00:00,1959-03-31T23:52:38+00:00,1196.0,FINITE_GEOMETRY_ADMISSIBLE_WITNESS,GEOMETRY_ADMISSIBLE,1,887586d872ff96b7d36f931b0dbdd3187b437c2f4df5699682fa1e667bdf6099
3321,15149|134020,1,1959-04-02T22:21:00+00:00,1959-04-02T22:31:58+00:00,658.0,FINITE_GEOMETRY_ADMISSIBLE_WITNESS,GEOMETRY_ADMISSIBLE,1,01db102eb4f85023ec8382bb9361e3e160b916ff92c94dcb3f5a241738ad1a26
3322,15149|134021,1,1959-04-02T22:21:00+00:00,1959-04-02T22:31:58+00:00,658.0,FINITE_GEOMETRY_ADMISSIBLE_WITNESS,GEOMETRY_ADMISSIBLE,1,24f3f583ce62422eae55b4b09ba2c89ccef712640b9030fe21044b1cf4ad0dce
3323,15150|134018,1,1959-04-02T22:32:58+00:00,1959-04-02T22:52:55+00:00,1197.0,FINITE_GEOMETRY_ADMISSIBLE_WITNESS,GEOMETRY_ADMISSIBLE,1,3f02d997bfcd86e5d7f3df6f2e09ae0810672e88117281292f885ebf91f632da
3325,15150|134020,1,1959-04-02T22:32:58+00:00,1959-04-02T22:52:55+00:00,1197.0,FINITE_GEOMETRY_ADMISSIBLE_WITNESS,GEOMETRY_ADMISSIBLE,1,6bc914f3d0bde553643509e781865a98ad6e7b2c1908a6466e71d86a13e024fa
3326,15150|134021,1,1959-04-02T22:32:58+00:00,1959-04-02T22:52:55+00:00,1197.0,FINITE_GEOMETRY_ADMISSIBLE_WITNESS,GEOMETRY_ADMISSIBLE,1,c1deb89885d9a52e62c5f5cb3989029170dac1420a705aa8a58aec86d67f1739
3327,15151|134018,1,1959-04-02T22:57:54+00:00,1959-04-02T23:17:51+00:00,1197.0,FINITE_GEOMETRY_ADMISSIBLE_WITNESS,GEOMETRY_ADMISSIBLE,1,0258b8485db5cb841fb0b5d094a6c0f346525be591a22c0385c6a3342ae160bb
3328,15151|134019,1,1959-04-02T22:57:54+00:00,1959-04-02T23:17:51+00:00,1197.0,FINITE_GEOMETRY_ADMISSIBLE_WITNESS,GEOMETRY_ADMISSIBLE,1,e45ac02a76dfc6f6d1334e68172b5e91cb49281f6845d04b8972b2fcbe7813a0
3329,15151|134020,1,1959-04-02T22:57:54+00:00,1959-04-02T23:17:51+00:00,1197.0,FINITE_GEOMETRY_ADMISSIBLE_WITNESS,GEOMETRY_ADMISSIBLE,2,23b8b3c58eaecfdfc8b05b64b56e114b440a1cd03a33f488d2c0625afaba2e96
3330,15151|134021,1,1959-04-02T22:57:54+00:00,1959-04-02T23:17:51+00:00,1197.0,FINITE_GEOMETRY_ADMISSIBLE_WITNESS,GEOMETRY_ADMISSIBLE,1,15ff170d47965ff48df01ac515812a93dc7a8bfb3c2ad2542138d3577595e110
3331,15152|133998,1,1959-04-02T23:35:00+00:00,1959-04-02T23:43:47+00:00,527.0,FINITE_GEOMETRY_ADMISSIBLE_WITNESS,GEOMETRY_ADMISSIBLE,1,012b9257e0dbfd81a3b0ad0b42899b1685cc7bb16da47c079f047aa416f0af7e
3333,15152|134000,1,1959-04-02T23:35:00+00:00,1959-04-02T23:43:47+00:00,527.0,FINITE_GEOMETRY_ADMISSIBLE_WITNESS,GEOMETRY_ADMISSIBLE,2,6ed8a662b3a32b84a0930f75c23a3dfdcf846fd88ecad0d704e9a5c0e3f0554c
3334,15152|134001,1,1959-04-02T23:35:00+00:00,1959-04-02T23:43:47+00:00,527.0,FINITE_GEOMETRY_ADMISSIBLE_WITNESS,GEOMETRY_ADMISSIBLE,2,28283488a1e8b375cc44ce4eb66eeb8f52f7427cd64e8921f5b7df2b617976e0
3335,15152|134022,1,1959-04-02T23:26:00+00:00,1959-04-02T23:43:47+00:00,1067.0,FINITE_GEOMETRY_ADMISSIBLE_WITNESS,GEOMETRY_ADMISSIBLE,1,dbda6d396c4d2c2aa760ec7130a87e21980953714f87eed26da4e09932c459f9
3336,15152|134023,1,1959-04-02T23:26:00+00:00,1959-04-02T23:43:47+00:00,1067.0,FINITE_GEOMETRY_ADMISSIBLE_WITNESS,GEOMETRY_ADMISSIBLE,2,c5c41c449fe8a6975f3c2cf6b25976dc6d49bb4afe0113a7546a7a3502fb2119
3337,15152|134024,1,1959-04-02T23:26:00+00:00,1959-04-02T23:43:47+00:00,1067.0,FINITE_GEOMETRY_ADMISSIBLE_WITNESS,GEOMETRY_ADMISSIBLE,3,8a9ed13a476cd6f80d4cfee136c190e56b2dc303b7564023edd8cf11ee965406
3338,15152|134025,1,1959-04-02T23:26:00+00:00,1959-04-02T23:43:47+00:00,1067.0,FINITE_GEOMETRY_ADMISSIBLE_WITNESS,GEOMETRY_ADMISSIBLE,2,054de3b369a51a67d9c2cbdb150d1267f607fbdfad535e08d5ed7300c012451b
3339,15153|133998,1,1959-04-02T23:45:46+00:00,1959-04-03T00:05:43+00:00,1197.0,FINITE_GEOMETRY_ADMISSIBLE_WITNESS,GEOMETRY_ADMISSIBLE,1,3fd82687267ec4990b769b2ebbf3e44e90fd158a55db31cf2fd19250ce55246f
3341,15153|134000,1,1959-04-02T23:45:46+00:00,1959-04-03T00:05:43+00:00,1197.0,FINITE_GEOMETRY_ADMISSIBLE_WITNESS,GEOMETRY_ADMISSIBLE,1,d45efd74a60f52c295d4474f0a27782c69add7faeef6e02aa3090bc1ff68e9ed
3342,15153|134001,1,1959-04-02T23:45:46+00:00,1959-04-03T00:05:43+00:00,1197.0,FINITE_GEOMETRY_ADMISSIBLE_WITNESS,GEOMETRY_ADMISSIBLE,1,892bcd0b1303fdc1af6da17c695b57a621fe566c701b7714f999c4756c6678f3
3343,15153|134022,1,1959-04-02T23:45:46+00:00,1959-04-03T00:05:43+00:00,1197.0,FINITE_GEOMETRY_ADMISSIBLE_WITNESS,GEOMETRY_ADMISSIBLE,1,77e7307143252230873e0c5fa635506c583be38a05b86e2dab49e454c4695207
3344,15153|134023,1,1959-04-02T23:45:46+00:00,1959-04-03T00:05:43+00:00,1197.0,FINITE_GEOMETRY_ADMISSIBLE_WITNESS,GEOMETRY_ADMISSIBLE,1,4e7cbc8caa3ebca506d7739f5d74f48c9046104b2db836430a9711366bc35803
3345,15153|134024,1,1959-04-02T23:45:46+00:00,1959-04-03T00:05:43+00:00,1197.0,FINITE_GEOMETRY_ADMISSIBLE_WITNESS,GEOMETRY_ADMISSIBLE,1,c8338dfa300644ef22d5eeee000421fa0c0af0dce9cb7cb886b6310e94f7714c
3346,15153|134025,1,1959-04-02T23:45:46+00:00,1959-04-03T00:05:43+00:00,1197.0,FINITE_GEOMETRY_ADMISSIBLE_WITNESS,GEOMETRY_ADMISSIBLE,1,7e01ec2a76a2976c0a7684415e2aee1c460d20df4840dea35ec2e6e7e288aa0c
3350,15154|134001,1,1959-04-03T00:06:43+00:00,1959-04-03T00:26:40+00:00,1197.0,FINITE_GEOMETRY_ADMISSIBLE_WITNESS,GEOMETRY_ADMISSIBLE,1,2b4f141085a4a51c36da87fe6aaa9caffa61cc6b7d1fdbf60f1a6054160527c9
3353,15154|134024,1,1959-04-03T00:06:43+00:00,1959-04-03T00:26:00+00:00,1157.0,FINITE_GEOMETRY_ADMISSIBLE_WITNESS,GEOMETRY_ADMISSIBLE,2,22149bbb70ed2dd5f5468acc6a60ad808f1c4ee68ee9c76124f65691a711dc56
3354,15154|134025,1,1959-04-03T00:06:43+00:00,1959-04-03T00:26:00+00:00,1157.0,FINITE_GEOMETRY_ADMISSIBLE_WITNESS,GEOMETRY_ADMISSIBLE,3,294e7b090bb36c6522d01fd1262401be95c8e0199d534535ad7e2577f7500862
3358,15155|134001,1,1959-04-03T00:32:39+00:00,1959-04-03T00:35:00+00:00,141.0,FINITE_GEOMETRY_ADMISSIBLE_WITNESS,GEOMETRY_ADMISSIBLE,1,88bfa1f5cab825840b7d641a701badb26b9973a989b9f03a492319aee3bf6297
3362,15155|134029,1,1959-04-03T00:32:39+00:00,1959-04-03T00:52:35+00:00,1196.0,FINITE_GEOMETRY_ADMISSIBLE_WITNESS,GEOMETRY_ADMISSIBLE,1,f97a65795701c8cbd5e673dd8b95040f76e10cdc80bc81de6fc1432f20f48374
3366,15156|134029,1,1959-04-03T00:55:35+00:00,1959-04-03T01:15:31+00:00,1196.0,FINITE_GEOMETRY_ADMISSIBLE_WITNESS,GEOMETRY_ADMISSIBLE,1,27c9d21e3efa2c52945d52a9070dee7663b1b47b6c5acb2d0f35c7f19962a85f
3370,15157|134029,1,1959-04-03T01:17:31+00:00,1959-04-03T01:32:00+00:00,869.0,FINITE_GEOMETRY_ADMISSIBLE_WITNESS,GEOMETRY_ADMISSIBLE,1,1e9bffbe211a655f566befba65ad8fcc374ba8d991e1ea8cf4b5439175e91d8f
3371,15161|134107,1,1959-04-13T22:35:36+00:00,1959-04-13T22:55:32+00:00,1196.0,FINITE_GEOMETRY_ADMISSIBLE_WITNESS,GEOMETRY_ADMISSIBLE,2,1c58c6edca5e073497199f765f713ec5badc3fffc77d8b506235faacae57dc16
3372,15161|134108,1,1959-04-13T22:35:36+00:00,1959-04-13T22:55:32+00:00,1196.0,FINITE_GEOMETRY_ADMISSIBLE_WITNESS,GEOMETRY_ADMISSIBLE,1,12d0444403b64eca822b62b73e8430bc575fbf6983158f713442a5da96a10a59
3373,15161|134109,1,1959-04-13T22:35:36+00:00,1959-04-13T22:55:32+00:00,1196.0,FINITE_GEOMETRY_ADMISSIBLE_WITNESS,GEOMETRY_ADMISSIBLE,1,b3af6494e2624e42fa97bbe0a79ba9cd0e946f5594b2fac99159648cb3bc4215
3374,15161|134110,1,1959-04-13T22:35:36+00:00,1959-04-13T22:55:32+00:00,1196.0,FINITE_GEOMETRY_ADMISSIBLE_WITNESS,GEOMETRY_ADMISSIBLE,1,807aa738be2cdaf1d7e6d8ab29bee2b2abb4ebe4cf046581d9c9c11f6a12b36b
3375,15162|134107,1,1959-04-13T22:57:32+00:00,1959-04-13T23:17:29+00:00,1197.0,FINITE_GEOMETRY_ADMISSIBLE_WITNESS,GEOMETRY_ADMISSIBLE,1,6e0ce2c1376ce48aa1cd2c9f74b4b6bdd5035ae51eec95f34af0e1800fe4ee2a
3376,15162|134108,1,1959-04-13T22:57:32+00:00,1959-04-13T23:17:29+00:00,1197.0,FINITE_GEOMETRY_ADMISSIBLE_WITNESS,GEOMETRY_ADMISSIBLE,2,616e406c69b0d4f44660df072a7761362415d0245b5716062ae4010950301fe7
3377,15162|134109,1,1959-04-13T22:57:32+00:00,1959-04-13T23:17:29+00:00,1197.0,FINITE_GEOMETRY_ADMISSIBLE_WITNESS,GEOMETRY_ADMISSIBLE,1,fcd2460bd4cacd6e64368ae24a683cfd5a5d07ad3011412c4b0648c7258cfb6c
3378,15162|134110,1,1959-04-13T22:57:32+00:00,1959-04-13T23:17:29+00:00,1197.0,FINITE_GEOMETRY_ADMISSIBLE_WITNESS,GEOMETRY_ADMISSIBLE,1,385786e399082183074d1b7a3479705d80feb7662e933759dfa3bf69da55ae2a
3381,15163|134113,1,1959-04-13T23:26:00+00:00,1959-04-13T23:45:24+00:00,1164.0,FINITE_GEOMETRY_ADMISSIBLE_WITNESS,GEOMETRY_ADMISSIBLE,1,1f1e669f36c7cfd9c67b5d47ab0b684920bc6c13b6bdbdd0176fea300ce47b91
3382,15163|134114,1,1959-04-13T23:26:00+00:00,1959-04-13T23:45:24+00:00,1164.0,FINITE_GEOMETRY_ADMISSIBLE_WITNESS,GEOMETRY_ADMISSIBLE,1,b6060adc9e9ac70356d38b3ae88c458d8369e3de78c332ce0d145dccd69434d0
3386,15164|134114,1,1959-04-13T23:47:24+00:00,1959-04-14T00:07:21+00:00,1197.0,FINITE_GEOMETRY_ADMISSIBLE_WITNESS,GEOMETRY_ADMISSIBLE,1,38cc1c697fc2062a3cae2739b53b6599caf8d055557062ab85314d899e995589
3390,15165|134114,1,1959-04-14T00:09:20+00:00,1959-04-14T00:26:00+00:00,1000.0,FINITE_GEOMETRY_ADMISSIBLE_WITNESS,GEOMETRY_ADMISSIBLE,1,4ee994c773585832ee74af75ecad212c175a59086c52a585d7c7bb82bb8c5697
3395,15181|134334,1,1959-08-07T21:57:22+00:00,1959-08-07T22:27:17+00:00,1795.0,FINITE_GEOMETRY_ADMISSIBLE_WITNESS,GEOMETRY_ADMISSIBLE,1,46b567dc4ed5158df9649eeb2eb971b49197388a371b1a8623494b8fda208685
3396,15181|134335,1,1959-08-07T21:57:22+00:00,1959-08-07T22:27:17+00:00,1795.0,FINITE_GEOMETRY_ADMISSIBLE_WITNESS,GEOMETRY_ADMISSIBLE,1,663f3d53bfa56f552f88593d974d15547e30bab481cd7ed9e33687d763886670
3397,15181|134337,1,1959-08-07T21:57:22+00:00,1959-08-07T22:27:17+00:00,1795.0,FINITE_GEOMETRY_ADMISSIBLE_WITNESS,GEOMETRY_ADMISSIBLE,1,b95a96e4130b009577ceb827445e99ff18818d44be15e6c69d803445502d8960
3398,15182|134334,1,1959-08-07T22:33:16+00:00,1959-08-07T22:35:00+00:00,104.0,FINITE_GEOMETRY_ADMISSIBLE_WITNESS,GEOMETRY_ADMISSIBLE,1,539015848ef19768e49d08d7886e824a13a59b303e405edce0b14ac26850c8d2
3399,15182|134335,1,1959-08-07T22:33:16+00:00,1959-08-07T22:35:00+00:00,104.0,FINITE_GEOMETRY_ADMISSIBLE_WITNESS,GEOMETRY_ADMISSIBLE,1,c812dda8538cb2a3145a4c3efa7f48d02e89008eac43147b407341b4fd75dbc5
3400,15182|134337,1,1959-08-07T22:33:16+00:00,1959-08-07T22:35:00+00:00,104.0,FINITE_GEOMETRY_ADMISSIBLE_WITNESS,GEOMETRY_ADMISSIBLE,1,b49c2cd5540ce9097da5ee51eea79ef980ee0a9fae0c7f600e0b29fde256a835
3410,15189|134426,1,1959-08-29T19:59:56+00:00,1959-08-29T20:15:54+00:00,958.0,FINITE_GEOMETRY_ADMISSIBLE_WITNESS,GEOMETRY_ADMISSIBLE,1,c41a0e069ca7225ff2df622408b5274b42b785c5b80294e3c194174ecf1d9e47
3410,15189|134426,2,1959-08-29T20:35:50+00:00,1959-08-29T20:39:50+00:00,240.0,FINITE_GEOMETRY_ADMISSIBLE_WITNESS,GEOMETRY_ADMISSIBLE,1,32bca7ee2ea2be9f4f667cbce2ab0815a731b17a5b389521576cbd6536076060
3411,15189|134427,1,1959-08-29T19:59:56+00:00,1959-08-29T20:15:54+00:00,958.0,FINITE_GEOMETRY_ADMISSIBLE_WITNESS,GEOMETRY_ADMISSIBLE,1,e72e6e7844480bc51623d09fa5b725015713dd4295536bc50b06b8e18c33371c
3411,15189|134427,2,1959-08-29T20:35:50+00:00,1959-08-29T20:39:50+00:00,240.0,FINITE_GEOMETRY_ADMISSIBLE_WITNESS,GEOMETRY_ADMISSIBLE,1,1334e9f4a8a464cb8289b5f035c36b77e61728310960d496633bee29745a4b50
3412,15189|134429,1,1959-08-29T19:59:56+00:00,1959-08-29T20:15:54+00:00,958.0,FINITE_GEOMETRY_ADMISSIBLE_WITNESS,GEOMETRY_ADMISSIBLE,1,b16f9d29284da26a8b2db2905d70db80a18cbb5ec4c0e42c7b39e658d8818b83
3412,15189|134429,2,1959-08-29T20:35:50+00:00,1959-08-29T20:39:50+00:00,240.0,FINITE_GEOMETRY_ADMISSIBLE_WITNESS,GEOMETRY_ADMISSIBLE,1,5e383de2fd21718b4368a1d556ea21c4200270b5799032973f646c2da251395f
3413,15190|134426,1,1959-08-29T20:41:49+00:00,1959-08-29T20:42:00+00:00,11.0,FINITE_GEOMETRY_ADMISSIBLE_WITNESS,GEOMETRY_ADMISSIBLE,2,7c12657007de9e27bae4e3efc54592c35e53f2aff102bbb72a9daf1775936da3
3414,15190|134427,1,1959-08-29T20:41:49+00:00,1959-08-29T20:42:00+00:00,11.0,FINITE_GEOMETRY_ADMISSIBLE_WITNESS,GEOMETRY_ADMISSIBLE,1,5bb2c49a43df914e7f84465cd92f8de66f090e19a7a5ce9bacb681a383680fca
3415,15190|134429,1,1959-08-29T20:41:49+00:00,1959-08-29T20:42:00+00:00,11.0,FINITE_GEOMETRY_ADMISSIBLE_WITNESS,GEOMETRY_ADMISSIBLE,1,f694422d96715db029e3b43cc52fb365bef9b83a4131408485949a69ad7ecf1a
3443,15198|134454,1,1959-08-31T19:54:04+00:00,1959-08-31T20:01:03+00:00,419.0,FINITE_GEOMETRY_ADMISSIBLE_WITNESS,GEOMETRY_ADMISSIBLE,2,6be9aef9b4762652321a6ec461e0b1c0a32a413dc1b57e1e8c27376e3f3b31e9
3443,15198|134454,2,1959-08-31T20:14:31+00:00,1959-08-31T20:19:30+00:00,299.0,FINITE_GEOMETRY_ADMISSIBLE_WITNESS,GEOMETRY_ADMISSIBLE,1,31f79ded876a34dd1e9d20b3982cc00940b02d002b27adb28499608c3f242b9f
3443,15198|134454,3,1959-08-31T20:23:59+00:00,1959-08-31T20:38:00+00:00,841.0,FINITE_GEOMETRY_ADMISSIBLE_WITNESS,GEOMETRY_ADMISSIBLE,3,4765a2f98f1ce0a3660134d4d00c73a9b7097f06b40785dfec6f47472262be70
3444,15198|134455,1,1959-08-31T19:54:04+00:00,1959-08-31T20:01:03+00:00,419.0,FINITE_GEOMETRY_ADMISSIBLE_WITNESS,GEOMETRY_ADMISSIBLE,1,fe7e8e88688598f69ed8efbb21499b04ad018f0180b478dccba28455cde5344b
3444,15198|134455,2,1959-08-31T20:14:31+00:00,1959-08-31T20:19:30+00:00,299.0,FINITE_GEOMETRY_ADMISSIBLE_WITNESS,GEOMETRY_ADMISSIBLE,1,9f8c7f42b90b9eedc3f4d41e192527c7c9f4a788780cbe2eebaa486533b108c8
3444,15198|134455,3,1959-08-31T20:23:59+00:00,1959-08-31T20:38:00+00:00,841.0,FINITE_GEOMETRY_ADMISSIBLE_WITNESS,GEOMETRY_ADMISSIBLE,1,78fb2c07f589cc077e4e4a31c9b60d9161325dfeb6f093028f8cd7bdf18e5b65
3445,15198|134457,1,1959-08-31T19:54:04+00:00,1959-08-31T20:01:03+00:00,419.0,FINITE_GEOMETRY_ADMISSIBLE_WITNESS,GEOMETRY_ADMISSIBLE,2,3e311746ee540ef5aa2056956ee8aad80fc3024fbb33e0b84e3c7c0c26df4300
3445,15198|134457,2,1959-08-31T20:14:31+00:00,1959-08-31T20:19:30+00:00,299.0,FINITE_GEOMETRY_ADMISSIBLE_WITNESS,GEOMETRY_ADMISSIBLE,1,7916135c45479f2a7bf2816773e8c75a7d52480cf2691462087f37d8ea46250c
3445,15198|134457,3,1959-08-31T20:23:59+00:00,1959-08-31T20:38:00+00:00,841.0,FINITE_GEOMETRY_ADMISSIBLE_WITNESS,GEOMETRY_ADMISSIBLE,2,411b01126b0b9467041af7080fbc2c2c194a81017247abd47b18dcae7f7a4887
3496,15212|134507,1,1959-09-02T20:26:00+00:00,1959-09-02T21:02:00+00:00,2160.0,FINITE_GEOMETRY_ADMISSIBLE_WITNESS,GEOMETRY_ADMISSIBLE,3,82df9cff8a30148f7729ac6bd1fc958a3f6623139a3b60ea409062edf6607bcd
3497,15212|134508,1,1959-09-02T20:26:00+00:00,1959-09-02T21:02:00+00:00,2160.0,FINITE_GEOMETRY_ADMISSIBLE_WITNESS,GEOMETRY_ADMISSIBLE,1,ba9ca1926b6072f4cd3617d7f4e24052485f9e37f4f877cc42b44b97a365853f
3498,15212|134509,1,1959-09-02T20:26:00+00:00,1959-09-02T21:02:00+00:00,2160.0,FINITE_GEOMETRY_ADMISSIBLE_WITNESS,GEOMETRY_ADMISSIBLE,1,ec3a15ade3294f20c6bfcbbb393c92ffe252f38cdece67f0d62980f1d9046845
3499,15212|134510,1,1959-09-02T20:26:00+00:00,1959-09-02T21:02:00+00:00,2160.0,FINITE_GEOMETRY_ADMISSIBLE_WITNESS,GEOMETRY_ADMISSIBLE,1,7f21efd7630017f06092154604d2859f8f2b3befe8412d37a7579971707bb5bf
3500,15213|134507,1,1959-09-02T21:12:58+00:00,1959-09-02T21:26:00+00:00,782.0,FINITE_GEOMETRY_ADMISSIBLE_WITNESS,GEOMETRY_ADMISSIBLE,1,01e898c3b17c2e2be6cf01940029b14929de0549b2550fc78f19fd50ab79b4fd
3501,15213|134508,1,1959-09-02T21:12:58+00:00,1959-09-02T21:26:00+00:00,782.0,FINITE_GEOMETRY_ADMISSIBLE_WITNESS,GEOMETRY_ADMISSIBLE,1,f215329dbec9160eb6728aaca469457a2605e58d00fce1a9e2cc661a6a9fb1a1
3502,15213|134509,1,1959-09-02T21:12:58+00:00,1959-09-02T21:26:00+00:00,782.0,FINITE_GEOMETRY_ADMISSIBLE_WITNESS,GEOMETRY_ADMISSIBLE,1,b6061c37982f15106e7a2e417046674e026effaddc8f335f1123b0a611babbba
3503,15213|134510,1,1959-09-02T21:12:58+00:00,1959-09-02T21:26:00+00:00,782.0,FINITE_GEOMETRY_ADMISSIBLE_WITNESS,GEOMETRY_ADMISSIBLE,1,6a589b638765ba9fe9a5c08f9a33bdc9a6e9cc729b283559013b4634695eaf80
3556,15225|134553,1,1959-09-04T19:26:22+00:00,1959-09-04T20:06:16+00:00,2394.0,FINITE_GEOMETRY_ADMISSIBLE_WITNESS,GEOMETRY_ADMISSIBLE,1,2db6a71ab032e963aed5994e2997d0375610577afcfd294cb7cfebafb67788d6
3557,15225|134554,1,1959-09-04T19:26:22+00:00,1959-09-04T20:06:16+00:00,2394.0,FINITE_GEOMETRY_ADMISSIBLE_WITNESS,GEOMETRY_ADMISSIBLE,1,ab1464a2f984543ac0edac6933af238e7e27d18642cc2766e25dd485407834cf
3558,15225|134555,1,1959-09-04T19:26:22+00:00,1959-09-04T20:06:16+00:00,2394.0,FINITE_GEOMETRY_ADMISSIBLE_WITNESS,GEOMETRY_ADMISSIBLE,1,7ba4a6bfdf581368c08f444743f1a3aba259614c68d2db0b11a96fc17ab821dc
3559,15226|134553,1,1959-09-04T20:16:14+00:00,1959-09-04T20:26:00+00:00,586.0,FINITE_GEOMETRY_ADMISSIBLE_WITNESS,GEOMETRY_ADMISSIBLE,1,7ad2ebd208b18ed389bf702fe1d128211212dc8c4e6be640430215e0953e7f12
3560,15226|134554,1,1959-09-04T20:16:14+00:00,1959-09-04T20:26:00+00:00,586.0,FINITE_GEOMETRY_ADMISSIBLE_WITNESS,GEOMETRY_ADMISSIBLE,1,4ceb6c158a7cbad2ec4db45c4c61f4ba5be4d96be14dd622b22133c00de5cd05
3561,15226|134555,1,1959-09-04T20:16:14+00:00,1959-09-04T20:26:00+00:00,586.0,FINITE_GEOMETRY_ADMISSIBLE_WITNESS,GEOMETRY_ADMISSIBLE,1,0b5043e0c5ce3344d2d36d73cc30f206fd319deabecf1d7242d0ba77e763420c
3604,15236|134609,1,1959-09-06T19:39:27+00:00,1959-09-06T20:09:22+00:00,1795.0,FINITE_GEOMETRY_ADMISSIBLE_WITNESS,GEOMETRY_ADMISSIBLE,1,09d0e915eb5e1652695f1fa8be5217c5a1d7da83fcba80f8290bb1800cce00e2
3605,15236|134610,1,1959-09-06T19:39:27+00:00,1959-09-06T20:09:22+00:00,1795.0,FINITE_GEOMETRY_ADMISSIBLE_WITNESS,GEOMETRY_ADMISSIBLE,1,e07200e1c1fba593ee6a73f8d8410674551711adef36263f22179097594dfb63
3606,15236|134611,1,1959-09-06T19:39:27+00:00,1959-09-06T20:09:22+00:00,1795.0,FINITE_GEOMETRY_ADMISSIBLE_WITNESS,GEOMETRY_ADMISSIBLE,1,9d7be5db947f154f1aceca8e5bd7c84b9c3d9e18b9f794dd38ac777a7790e17c
3607,15236|134612,1,1959-09-06T19:39:27+00:00,1959-09-06T20:09:22+00:00,1795.0,FINITE_GEOMETRY_ADMISSIBLE_WITNESS,GEOMETRY_ADMISSIBLE,1,bd55d31bbcf3e343ccb890feb8ccbd409b232c3bd0d8a8ac7a1c029874aaf656
3608,15237|134609,1,1959-09-06T20:10:22+00:00,1959-09-06T20:30:00+00:00,1178.0,FINITE_GEOMETRY_ADMISSIBLE_WITNESS,GEOMETRY_ADMISSIBLE,1,73ecfc75ecbe26fdf47356d742f8d55012a3a75299e8b1374bf050434a5ab5e8
3609,15237|134610,1,1959-09-06T20:10:22+00:00,1959-09-06T20:30:00+00:00,1178.0,FINITE_GEOMETRY_ADMISSIBLE_WITNESS,GEOMETRY_ADMISSIBLE,2,98d696415cd7fa16d65ee622b58701f0e0aa26e9cb53f925d4e00e046d9cd709
3610,15237|134611,1,1959-09-06T20:10:22+00:00,1959-09-06T20:30:00+00:00,1178.0,FINITE_GEOMETRY_ADMISSIBLE_WITNESS,GEOMETRY_ADMISSIBLE,1,79434d46e27bac7981dfd2c1bd5e279d5372089a3c632035ebcd0737d629c54d
3611,15237|134612,1,1959-09-06T20:10:22+00:00,1959-09-06T20:30:00+00:00,1178.0,FINITE_GEOMETRY_ADMISSIBLE_WITNESS,GEOMETRY_ADMISSIBLE,1,b8bbd15be203989b0fc23d3e9c4b4eacad18f25abc70d92de12210fbf67cb864
3651,15245|134637,1,1959-09-07T19:42:00+00:00,1959-09-07T19:57:28+00:00,928.0,FINITE_GEOMETRY_ADMISSIBLE_WITNESS,GEOMETRY_ADMISSIBLE,1,a24a6770a319bc02be943dbc65f99fad23ad869fac18e7c2f9ee634ae039296a
3652,15245|134638,1,1959-09-07T19:42:00+00:00,1959-09-07T19:57:28+00:00,928.0,FINITE_GEOMETRY_ADMISSIBLE_WITNESS,GEOMETRY_ADMISSIBLE,2,fb7b617df35b936d31e88393008027f896ff466ec06d33345917f4e902724fe0
3653,15245|134639,1,1959-09-07T19:42:00+00:00,1959-09-07T19:57:28+00:00,928.0,FINITE_GEOMETRY_ADMISSIBLE_WITNESS,GEOMETRY_ADMISSIBLE,1,e0eeb099c6500674ef0b7f6ab69601aea1783f23e5933b91e7652e1a29d87195
3654,15245|134640,1,1959-09-07T19:42:00+00:00,1959-09-07T19:57:28+00:00,928.0,FINITE_GEOMETRY_ADMISSIBLE_WITNESS,GEOMETRY_ADMISSIBLE,1,9496a1423ff81b0e8f767793d94c042f2c66e2ec7f2960d233a080263ca9a00c
3655,15246|134637,1,1959-09-07T20:08:26+00:00,1959-09-07T20:38:21+00:00,1795.0,FINITE_GEOMETRY_ADMISSIBLE_WITNESS,GEOMETRY_ADMISSIBLE,1,abeff87a9e7c0248d2dac598ce889226bd12506dcb6e83248ecce0f4106730de
3656,15246|134638,1,1959-09-07T20:08:26+00:00,1959-09-07T20:38:21+00:00,1795.0,FINITE_GEOMETRY_ADMISSIBLE_WITNESS,GEOMETRY_ADMISSIBLE,1,6cf44eabfd9b09e29068e825c7507746136f5572ab43c45ac986a2a1866f25fa
3657,15246|134639,1,1959-09-07T20:08:26+00:00,1959-09-07T20:38:21+00:00,1795.0,FINITE_GEOMETRY_ADMISSIBLE_WITNESS,GEOMETRY_ADMISSIBLE,2,8b9e3ac3efc7ef21a52efc3f9d3f56593a82b81d4dc3d65a63425c9c8a0aaa2b
3658,15246|134640,1,1959-09-07T20:08:26+00:00,1959-09-07T20:38:21+00:00,1795.0,FINITE_GEOMETRY_ADMISSIBLE_WITNESS,GEOMETRY_ADMISSIBLE,2,f03ab65504908448aef2aff60c32ecc57cef4ed0cf0ea8fdfdc2fda371bea31f
3676,15251|134672,1,1959-09-08T21:28:16+00:00,1959-09-08T21:40:00+00:00,704.0,FINITE_GEOMETRY_ADMISSIBLE_WITNESS,GEOMETRY_ADMISSIBLE,2,19f0c283198b07530fd0cd81b8e37d4b1306004c66f8dda02f974d3e6383b493
3692,15253|134728,1,1959-09-10T20:51:29+00:00,1959-09-10T21:30:00+00:00,2311.0,FINITE_GEOMETRY_ADMISSIBLE_WITNESS,GEOMETRY_ADMISSIBLE,1,d9ad9fdf71fabb184b8613763153a6c6a562f9e0d7c8a213400437ce715ba0fe
3788,15274|135120,1,1959-10-06T22:40:11+00:00,1959-10-06T23:00:08+00:00,1197.0,FINITE_GEOMETRY_ADMISSIBLE_WITNESS,GEOMETRY_ADMISSIBLE,2,1dc20318ed2fe31a4c9b60c51ec0fc6d4dfe418af29c307f2027bc18fda8c612
3789,15274|135121,1,1959-10-06T22:40:11+00:00,1959-10-06T23:00:08+00:00,1197.0,FINITE_GEOMETRY_ADMISSIBLE_WITNESS,GEOMETRY_ADMISSIBLE,1,92b6e2bbf278437108bb9c06d9ed219882fab3056ad1bec2a505cdd9ec11e22d
3790,15274|135122,1,1959-10-06T22:40:11+00:00,1959-10-06T23:00:08+00:00,1197.0,FINITE_GEOMETRY_ADMISSIBLE_WITNESS,GEOMETRY_ADMISSIBLE,2,9bbd61ac3f3e7e5599ebf9aeef59538bb6bddc46be6d0ffcee6d5c7b34874dd5
3791,15274|135123,1,1959-10-06T22:40:11+00:00,1959-10-06T23:00:08+00:00,1197.0,FINITE_GEOMETRY_ADMISSIBLE_WITNESS,GEOMETRY_ADMISSIBLE,1,135fb1271952e9cdbc360608e2b8efed5295296188e4d7f3ea12bb7e2b0552be
3816,15280|135156,1,1959-10-07T23:04:41+00:00,1959-10-07T23:24:37+00:00,1196.0,FINITE_GEOMETRY_ADMISSIBLE_WITNESS,GEOMETRY_ADMISSIBLE,2,ab633d2b46e7e52c4ebf0fd6eeb434033bc631ceeb37c2c64a8613cee753da09
3817,15280|135157,1,1959-10-07T23:04:41+00:00,1959-10-07T23:24:37+00:00,1196.0,FINITE_GEOMETRY_ADMISSIBLE_WITNESS,GEOMETRY_ADMISSIBLE,1,7a66ee2c82fb8cd70bdabe0a704b2afe129878da2476d299e68b592488847d41
3818,15280|135158,1,1959-10-07T23:04:41+00:00,1959-10-07T23:24:37+00:00,1196.0,FINITE_GEOMETRY_ADMISSIBLE_WITNESS,GEOMETRY_ADMISSIBLE,3,6b597a54a1d20d5a38d2c50f5901896a43717a93348a55504fc732f8db09779e
3819,15280|135159,1,1959-10-07T23:04:41+00:00,1959-10-07T23:24:37+00:00,1196.0,FINITE_GEOMETRY_ADMISSIBLE_WITNESS,GEOMETRY_ADMISSIBLE,1,d2935899d0ab33ad99ab95247380f935c4e08286280274694fcae281140e58d1
3829,15284|135224,1,1959-10-09T22:06:57+00:00,1959-10-09T22:26:54+00:00,1197.0,FINITE_GEOMETRY_ADMISSIBLE_WITNESS,GEOMETRY_ADMISSIBLE,2,5805f0d78ea8091aa0a716f9f223e3335850b596094f4af9ea5e6c6ba2a1cd7d
3830,15284|135225,1,1959-10-09T22:06:57+00:00,1959-10-09T22:26:54+00:00,1197.0,FINITE_GEOMETRY_ADMISSIBLE_WITNESS,GEOMETRY_ADMISSIBLE,1,6763aec3552086e3122683a2c0eef893c3000dbec8896f56f6ba35ed02b99511
3831,15284|135226,1,1959-10-09T22:06:57+00:00,1959-10-09T22:26:54+00:00,1197.0,FINITE_GEOMETRY_ADMISSIBLE_WITNESS,GEOMETRY_ADMISSIBLE,1,4e1c4326bf052eb84cdf9a48780fc45a49c7fac6be8808d990bfaf4420ab4407
3841,15300|135467,1,1960-02-17T18:38:32+00:00,1960-02-17T18:44:31+00:00,359.0,FINITE_GEOMETRY_ADMISSIBLE_WITNESS,GEOMETRY_ADMISSIBLE,1,f23647b41f21d0002cc96de80d709a9e2644d1162a8229201e9a321ad9c348d8
3842,15300|135468,1,1960-02-17T18:38:32+00:00,1960-02-17T18:44:31+00:00,359.0,FINITE_GEOMETRY_ADMISSIBLE_WITNESS,GEOMETRY_ADMISSIBLE,2,ea8d86965421ec1c5ae74edb81063531dffcfb4c83fed587a5a3dc327b10a25d
3843,15300|135469,1,1960-02-17T18:38:32+00:00,1960-02-17T18:44:31+00:00,359.0,FINITE_GEOMETRY_ADMISSIBLE_WITNESS,GEOMETRY_ADMISSIBLE,1,7d3a161e23aa4be1483a237269efcbcfa443e17cf883ff8c63583c7f5cc9f14e
3844,15300|135470,1,1960-02-17T18:38:32+00:00,1960-02-17T18:44:31+00:00,359.0,FINITE_GEOMETRY_ADMISSIBLE_WITNESS,GEOMETRY_ADMISSIBLE,1,9eb86aca5d54a781e40fe5b6231d08a2fffd411369e784dd1b824d13c002fceb
3845,15301|135467,1,1960-02-17T18:45:01+00:00,1960-02-17T18:48:00+00:00,179.0,FINITE_GEOMETRY_ADMISSIBLE_WITNESS,GEOMETRY_ADMISSIBLE,1,f335b025b87df77f012d34160fdffe661dddef60581adf0740290161a118b9a0
3846,15301|135468,1,1960-02-17T18:45:01+00:00,1960-02-17T18:48:00+00:00,179.0,FINITE_GEOMETRY_ADMISSIBLE_WITNESS,GEOMETRY_ADMISSIBLE,1,e073b6a0e6c4413834114e37b55500ce9132e013af0b090395fb03f314ee6f31
3847,15301|135469,1,1960-02-17T18:45:01+00:00,1960-02-17T18:48:00+00:00,179.0,FINITE_GEOMETRY_ADMISSIBLE_WITNESS,GEOMETRY_ADMISSIBLE,2,2d36b2af59f39a189cabb925856b8d81b9f16757e7b775119e0907388e982c58
3848,15301|135470,1,1960-02-17T18:45:01+00:00,1960-02-17T18:48:00+00:00,179.0,FINITE_GEOMETRY_ADMISSIBLE_WITNESS,GEOMETRY_ADMISSIBLE,1,148810f2286e45f82082268c9965b09b082b1b86024d1a2823fcdbba8119d04f
3849,15302|135467,1,1960-02-17T18:54:59+00:00,1960-02-17T18:57:59+00:00,180.0,FINITE_GEOMETRY_ADMISSIBLE_WITNESS,GEOMETRY_ADMISSIBLE,1,f7b0efaa97989c0f1a4fb72060eb0e66265521d3c9ed6b6831165e5acf3af65d
3850,15302|135468,1,1960-02-17T18:54:59+00:00,1960-02-17T18:57:59+00:00,180.0,FINITE_GEOMETRY_ADMISSIBLE_WITNESS,GEOMETRY_ADMISSIBLE,1,d1e8dd59a140aeddbdb0f3c1927a4b8dbc8a7209968691756ce48123fcfd5c7a
3851,15302|135469,1,1960-02-17T18:54:59+00:00,1960-02-17T18:57:59+00:00,180.0,FINITE_GEOMETRY_ADMISSIBLE_WITNESS,GEOMETRY_ADMISSIBLE,1,ec79b874d6969d5a8e07f5dfa56b10522f9bd2f87ea95711b4653debc39ab0b3
3852,15302|135470,1,1960-02-17T18:54:59+00:00,1960-02-17T18:57:59+00:00,180.0,FINITE_GEOMETRY_ADMISSIBLE_WITNESS,GEOMETRY_ADMISSIBLE,1,c54ad8affad8512173252930b7311085efe15cd05635b4a9aabcc023e7a835fe
3853,15303|135467,1,1960-02-17T19:13:56+00:00,1960-02-17T19:19:55+00:00,359.0,FINITE_GEOMETRY_ADMISSIBLE_WITNESS,GEOMETRY_ADMISSIBLE,1,518dd487e7e4f695b7e877e87c9a282746c95f782c385099df5ea0a601a5f867
3854,15303|135468,1,1960-02-17T19:13:56+00:00,1960-02-17T19:19:55+00:00,359.0,FINITE_GEOMETRY_ADMISSIBLE_WITNESS,GEOMETRY_ADMISSIBLE,1,2926e3cf3eb561a665357ec8da2259bab3c46695d30ea55aad17b8dd38977dbf
3855,15303|135469,1,1960-02-17T19:13:56+00:00,1960-02-17T19:19:55+00:00,359.0,FINITE_GEOMETRY_ADMISSIBLE_WITNESS,GEOMETRY_ADMISSIBLE,1,792669bdd8cb4872d2e93681354dcb6e54531ff06ecceb3ebfb952a6552febb8
3856,15303|135470,1,1960-02-17T19:13:56+00:00,1960-02-17T19:19:55+00:00,359.0,FINITE_GEOMETRY_ADMISSIBLE_WITNESS,GEOMETRY_ADMISSIBLE,1,615e62b2a416067cbbdce1c21f5211f542b8c52b8b7ada493df7c8611e08ae42
3885,15325|135722,1,1960-04-01T22:25:00+00:00,1960-04-01T22:35:55+00:00,655.0,FINITE_GEOMETRY_ADMISSIBLE_WITNESS,GEOMETRY_ADMISSIBLE,1,de6bab1dc1738b58a4c6d013c91faa5433c097ed296f54a0aa1c88f9a53d028b
3887,15326|135719,1,1960-04-01T22:47:53+00:00,1960-04-01T23:17:48+00:00,1795.0,FINITE_GEOMETRY_ADMISSIBLE_WITNESS,GEOMETRY_ADMISSIBLE,1,0c8fd265a7396224ee1b549c7b962b586fb7a210f8f8a42bb778e082b0aae895
3889,15326|135722,1,1960-04-01T22:47:53+00:00,1960-04-01T23:17:48+00:00,1795.0,FINITE_GEOMETRY_ADMISSIBLE_WITNESS,GEOMETRY_ADMISSIBLE,1,985db23d2563153a064936f5fa98b773c4000510954287e68b4c81c655769099
3890,15327|135718,1,1960-04-01T23:19:48+00:00,1960-04-01T23:25:00+00:00,312.0,FINITE_GEOMETRY_ADMISSIBLE_WITNESS,GEOMETRY_ADMISSIBLE,1,bde02c9d638ea2cf2c2ee9ca6e398a3982221f1dae01a1af94aeb665333c417e
3891,15327|135719,1,1960-04-01T23:19:48+00:00,1960-04-01T23:25:00+00:00,312.0,FINITE_GEOMETRY_ADMISSIBLE_WITNESS,GEOMETRY_ADMISSIBLE,1,6b8b0053cd7fa1886bce498c13f58a6d90706c75f873e46de6baf73bddd249ca
3893,15327|135722,1,1960-04-01T23:19:48+00:00,1960-04-01T23:25:00+00:00,312.0,FINITE_GEOMETRY_ADMISSIBLE_WITNESS,GEOMETRY_ADMISSIBLE,1,4c6aae6d1cf5d5aca3b845bb8d18ee7c9699e787bed52a53f6e50888ce55cca5
3894,15327|135723,1,1960-04-01T23:32:00+00:00,1960-04-01T23:49:43+00:00,1063.0,FINITE_GEOMETRY_ADMISSIBLE_WITNESS,GEOMETRY_ADMISSIBLE,1,d40c7764f2f3e6261a2dd21b14e6b6340370bbe406173b4e2c49328c562b5c3c
3895,15327|135724,1,1960-04-01T23:32:00+00:00,1960-04-01T23:49:43+00:00,1063.0,FINITE_GEOMETRY_ADMISSIBLE_WITNESS,GEOMETRY_ADMISSIBLE,1,18eb46a5e77d9a09ffbae8686e19427304b0fb9df634a7702dc1d63de9ac7009
3896,15327|135725,1,1960-04-01T23:32:00+00:00,1960-04-01T23:49:43+00:00,1063.0,FINITE_GEOMETRY_ADMISSIBLE_WITNESS,GEOMETRY_ADMISSIBLE,1,f1904ad5570b57ab43840b9264feddd3a6450e5ea8148d5f57cb316b89449cd4
3897,15327|135726,1,1960-04-01T23:32:00+00:00,1960-04-01T23:49:43+00:00,1063.0,FINITE_GEOMETRY_ADMISSIBLE_WITNESS,GEOMETRY_ADMISSIBLE,1,c4f97e557dce02a8b49935e5a8c52ddf211c41937cd454d26219239b7507441b
3898,15327|135727,1,1960-04-01T23:32:00+00:00,1960-04-01T23:49:43+00:00,1063.0,FINITE_GEOMETRY_ADMISSIBLE_WITNESS,GEOMETRY_ADMISSIBLE,1,c959bc747c9ee973250ffb32db186b8fbb456628af84606b2d2c12b8ed942729
3899,15328|135723,1,1960-04-01T23:55:42+00:00,1960-04-02T00:25:37+00:00,1795.0,FINITE_GEOMETRY_ADMISSIBLE_WITNESS,GEOMETRY_ADMISSIBLE,1,ee222d09189a2adb2bc27e06a87a60feb8228db74006809f0811b4972e072d99
3900,15328|135724,1,1960-04-01T23:55:42+00:00,1960-04-02T00:25:37+00:00,1795.0,FINITE_GEOMETRY_ADMISSIBLE_WITNESS,GEOMETRY_ADMISSIBLE,1,c1b4c566ff5bbf8650e6861297170ffce340519cb6a5b94dcab91bdba364864c
3901,15328|135725,1,1960-04-01T23:55:42+00:00,1960-04-02T00:25:37+00:00,1795.0,FINITE_GEOMETRY_ADMISSIBLE_WITNESS,GEOMETRY_ADMISSIBLE,2,55c4ec008546293d3f53be319c5996357316e051b059536100aed59dbacc8dae
3902,15328|135726,1,1960-04-01T23:55:42+00:00,1960-04-02T00:25:37+00:00,1795.0,FINITE_GEOMETRY_ADMISSIBLE_WITNESS,GEOMETRY_ADMISSIBLE,2,be41d05dbcbf0473cc981e5dd3111a6170b753e3fca8d7726ad20ea7c02ae459
3903,15328|135727,1,1960-04-01T23:55:42+00:00,1960-04-02T00:25:37+00:00,1795.0,FINITE_GEOMETRY_ADMISSIBLE_WITNESS,GEOMETRY_ADMISSIBLE,1,9f1079edf0599199df37b816f309e43b2e37338b8761439ab95cb05f6f23124f
3905,15329|135724,1,1960-04-02T00:27:37+00:00,1960-04-02T00:32:00+00:00,263.0,FINITE_GEOMETRY_ADMISSIBLE_WITNESS,GEOMETRY_ADMISSIBLE,1,a9c7b7e6f0b31c0b3653c25cecc25a86cde43da696bb7c8e2f762e2439c9b1e6
3906,15329|135725,1,1960-04-02T00:27:37+00:00,1960-04-02T00:32:00+00:00,263.0,FINITE_GEOMETRY_ADMISSIBLE_WITNESS,GEOMETRY_ADMISSIBLE,3,71ee6a7da464d2903f8496649eb43c55c113e38394902d380e3397007761ae3e
3907,15329|135726,1,1960-04-02T00:27:37+00:00,1960-04-02T00:32:00+00:00,263.0,FINITE_GEOMETRY_ADMISSIBLE_WITNESS,GEOMETRY_ADMISSIBLE,1,58359a545eadacc9ed852d9c94df0bd70c8c9f1f1159ca3f69cd62d0f21d40bd
3908,15329|135727,1,1960-04-02T00:27:37+00:00,1960-04-02T00:32:00+00:00,263.0,FINITE_GEOMETRY_ADMISSIBLE_WITNESS,GEOMETRY_ADMISSIBLE,1,cde8028495bb523f66a842a7a386a50aa4f9e90b6cce0b3a3ad92ef10a4fe970
3912,15360|136034,1,1960-08-13T21:41:45+00:00,1960-08-13T22:11:41+00:00,1796.0,FINITE_GEOMETRY_ADMISSIBLE_WITNESS,GEOMETRY_ADMISSIBLE,1,0238fa46049b8dbe06ccfa8005dbdf798d032b0a3790b99bb20d62f275da3e5c
3913,15360|136035,1,1960-08-13T21:41:45+00:00,1960-08-13T22:11:41+00:00,1796.0,FINITE_GEOMETRY_ADMISSIBLE_WITNESS,GEOMETRY_ADMISSIBLE,2,e689f799c05e37e506e46e9b8f514b9b8759df85e4c11b578d73da7a0cc2d361
3914,15360|136036,1,1960-08-13T21:41:45+00:00,1960-08-13T22:11:41+00:00,1796.0,FINITE_GEOMETRY_ADMISSIBLE_WITNESS,GEOMETRY_ADMISSIBLE,1,1af7f733576b42a5745bca264b12c546f5214ce098147f9bbec3b455a3fc2832
3915,15361|136034,1,1960-08-13T22:13:40+00:00,1960-08-13T22:39:00+00:00,1520.0,FINITE_GEOMETRY_ADMISSIBLE_WITNESS,GEOMETRY_ADMISSIBLE,1,b80cdaed22f5b85cba8d918b55877e518f8c1a712c99cc7bcfe26954c69968dd
3916,15361|136035,1,1960-08-13T22:13:40+00:00,1960-08-13T22:39:00+00:00,1520.0,FINITE_GEOMETRY_ADMISSIBLE_WITNESS,GEOMETRY_ADMISSIBLE,2,0ffd941184fce06a60554446c4925638d8c9f2288772f4cd4beef0418189a0dd
3917,15361|136036,1,1960-08-13T22:13:40+00:00,1960-08-13T22:39:00+00:00,1520.0,FINITE_GEOMETRY_ADMISSIBLE_WITNESS,GEOMETRY_ADMISSIBLE,1,819be4008875012496b9277232c4cb0ea13020054ee23d869a5ff4882daa3120
3918,15362|136097,1,1960-08-27T21:32:35+00:00,1960-08-27T21:51:00+00:00,1105.0,FINITE_GEOMETRY_ADMISSIBLE_WITNESS,GEOMETRY_ADMISSIBLE,1,54c291666aa2fc1c0213c4fb2da2e5a39bf1c20fc75b36e1a5f0cb9b90444bd5
3919,15362|136098,1,1960-08-27T21:32:35+00:00,1960-08-27T21:51:00+00:00,1105.0,FINITE_GEOMETRY_ADMISSIBLE_WITNESS,GEOMETRY_ADMISSIBLE,1,42f8523a208441252dde283f209aa2f4a9b2691fb7c3d7445c988e8bb65502b1
3920,15362|136099,1,1960-08-27T21:32:35+00:00,1960-08-27T21:51:00+00:00,1105.0,FINITE_GEOMETRY_ADMISSIBLE_WITNESS,GEOMETRY_ADMISSIBLE,1,22fd6df27cad2e7302f920376e299a7272fa5e395ac75c24dc55a074c5f185e2
3931,15373|136213,1,1960-09-26T19:20:40+00:00,1960-09-26T19:51:00+00:00,1820.0,FINITE_GEOMETRY_ADMISSIBLE_WITNESS,GEOMETRY_ADMISSIBLE,2,5d6dedd54115b6369fc5e6d9d1e01b302986469f46058eaed23d1f38c60acb54
3932,15373|136214,1,1960-09-26T19:20:40+00:00,1960-09-26T19:51:00+00:00,1820.0,FINITE_GEOMETRY_ADMISSIBLE_WITNESS,GEOMETRY_ADMISSIBLE,1,4a6862f96a11681135947740ea41ee18cdd18c4433b98aeaf2a32c66bdd18784
3933,15373|136215,1,1960-09-26T19:20:40+00:00,1960-09-26T19:51:00+00:00,1820.0,FINITE_GEOMETRY_ADMISSIBLE_WITNESS,GEOMETRY_ADMISSIBLE,1,28541044d0867f3c36a38bc670a3d42657f7e936add72993ecd24b67fcb9d13c
3934,15373|136216,1,1960-09-26T19:20:40+00:00,1960-09-26T19:51:00+00:00,1820.0,FINITE_GEOMETRY_ADMISSIBLE_WITNESS,GEOMETRY_ADMISSIBLE,1,c93f79d2b4270c8734348c75e5432f602805cd10012b2e99ade27d90176367fd
3983,15445|137954,1,1962-08-08T22:47:12+00:00,1962-08-08T23:17:07+00:00,1795.0,FINITE_GEOMETRY_ADMISSIBLE_WITNESS,GEOMETRY_ADMISSIBLE,2,464969d4e2754b069a9359bf6e19ce36f7b3ebc592c4d04292149e950b2476bb
3991,15446|137954,1,1962-08-08T23:19:07+00:00,1962-08-08T23:40:00+00:00,1253.0,FINITE_GEOMETRY_ADMISSIBLE_WITNESS,GEOMETRY_ADMISSIBLE,2,6b22e623fe6e964aa0d4efe06a171ff38ef5caa073bcfa0b27b1a1eee0abf58c
4003,15447|138029,1,1962-08-27T20:47:00+00:00,1962-08-27T20:48:37+00:00,97.0,FINITE_GEOMETRY_ADMISSIBLE_WITNESS,GEOMETRY_ADMISSIBLE,1,d4619eee063288c5f6e73423b1124575068aa7c6dd8fd092eeb5a42608d2553f
4004,15447|138030,1,1962-08-27T20:47:00+00:00,1962-08-27T20:48:37+00:00,97.0,FINITE_GEOMETRY_ADMISSIBLE_WITNESS,GEOMETRY_ADMISSIBLE,1,18efcbaf457a8f2af3308cea0dbec7ab3d6f495df4c5bbb2929e3d3de118ba77
4005,15447|138031,1,1962-08-27T20:47:00+00:00,1962-08-27T20:48:37+00:00,97.0,FINITE_GEOMETRY_ADMISSIBLE_WITNESS,GEOMETRY_ADMISSIBLE,1,816cf3e426e37a16d69aefe9c8cccaaa3f700ef22530ffeeefd2a107b5c5ab4f
4007,15447|138034,1,1962-08-27T20:47:00+00:00,1962-08-27T20:48:37+00:00,97.0,FINITE_GEOMETRY_ADMISSIBLE_WITNESS,GEOMETRY_ADMISSIBLE,1,0e26e24ccf629acb187d9b6cd6d429b1fa0465761c9e241d4351b3b5980fbfcc
4008,15447|138035,1,1962-08-27T20:47:00+00:00,1962-08-27T20:48:37+00:00,97.0,FINITE_GEOMETRY_ADMISSIBLE_WITNESS,GEOMETRY_ADMISSIBLE,1,f6ce6ed7f22b492a6d569c45898a396f43b03009234c9f4032c167f585657673
4009,15454|138092,1,1962-09-01T19:55:03+00:00,1962-09-01T20:24:58+00:00,1795.0,FINITE_GEOMETRY_ADMISSIBLE_WITNESS,GEOMETRY_ADMISSIBLE,3,98074ba3b987445580b90062e8d09d572208697fe1cea25078e9aa2fec2f40d6
4010,15454|138093,1,1962-09-01T19:55:03+00:00,1962-09-01T20:24:58+00:00,1795.0,FINITE_GEOMETRY_ADMISSIBLE_WITNESS,GEOMETRY_ADMISSIBLE,3,31c400429bb3dc1421e2ff1a7622e90aafda62c9f58aca8092abec78999b99e1
4011,15454|138094,1,1962-09-01T19:55:03+00:00,1962-09-01T20:24:58+00:00,1795.0,FINITE_GEOMETRY_ADMISSIBLE_WITNESS,GEOMETRY_ADMISSIBLE,1,3f63ba98deebf4434ca1661503cbda82f65cb314f7acb35fda32014a22257a28
4013,15454|138097,1,1962-09-01T19:55:03+00:00,1962-09-01T20:24:58+00:00,1795.0,FINITE_GEOMETRY_ADMISSIBLE_WITNESS,GEOMETRY_ADMISSIBLE,1,b6dc29bcdc23fd9c95cb87ae40dec7012452748b0e2f09035b281c4830263b8d
4014,15454|138098,1,1962-09-01T19:55:03+00:00,1962-09-01T20:24:58+00:00,1795.0,FINITE_GEOMETRY_ADMISSIBLE_WITNESS,GEOMETRY_ADMISSIBLE,2,2a98359e61e564f433da7d54b24075b2bfcf5e375d8f246f157b061d19dede7a
4015,15454|138099,1,1962-09-01T19:55:03+00:00,1962-09-01T20:24:58+00:00,1795.0,FINITE_GEOMETRY_ADMISSIBLE_WITNESS,GEOMETRY_ADMISSIBLE,1,1b5a173382274bcbbdd32611d78bfac42191168c7701bcbee25e69468b1e4305
4016,15455|138092,1,1962-09-01T20:36:56+00:00,1962-09-01T20:39:00+00:00,124.0,FINITE_GEOMETRY_ADMISSIBLE_WITNESS,GEOMETRY_ADMISSIBLE,2,5220c23e01b4765dc6ca6ba250c79832f23b3bb424d35637c9ed96f5ffd0bfea
4018,15455|138094,1,1962-09-01T20:36:56+00:00,1962-09-01T20:39:00+00:00,124.0,FINITE_GEOMETRY_ADMISSIBLE_WITNESS,GEOMETRY_ADMISSIBLE,2,70c5c9a52d403f77acaf440dc7b0ca9e3d82bdaf01da9500c910a7d2de9a6342
4020,15455|138097,1,1962-09-01T20:36:56+00:00,1962-09-01T20:39:00+00:00,124.0,FINITE_GEOMETRY_ADMISSIBLE_WITNESS,GEOMETRY_ADMISSIBLE,1,e5d3c446a2cc3b0eae42c012724433ae52225302dbbbaacd6396f1873e280767
4021,15455|138098,1,1962-09-01T20:36:56+00:00,1962-09-01T20:39:00+00:00,124.0,FINITE_GEOMETRY_ADMISSIBLE_WITNESS,GEOMETRY_ADMISSIBLE,2,ab36e0ffe956920e3867566c9bedc7e13e66a5c17dfefdcab8ed71d18f4f4a9d
4022,15455|138099,1,1962-09-01T20:36:56+00:00,1962-09-01T20:39:00+00:00,124.0,FINITE_GEOMETRY_ADMISSIBLE_WITNESS,GEOMETRY_ADMISSIBLE,2,d1f9b846fb28d69327e96121f5fcab2ca8f62cc9f95edaafa898abc37bcb53fc
4023,15455|138100,1,1962-09-01T20:49:00+00:00,1962-09-01T21:06:51+00:00,1071.0,FINITE_GEOMETRY_ADMISSIBLE_WITNESS,GEOMETRY_ADMISSIBLE,1,65dc99746f21a741f92b788dcd4e433527c089040c9ca9bac66533ca0a89333c
4025,15455|138102,1,1962-09-01T20:49:00+00:00,1962-09-01T21:06:51+00:00,1071.0,FINITE_GEOMETRY_ADMISSIBLE_WITNESS,GEOMETRY_ADMISSIBLE,1,a32406cfbd30aa7472bf989db3de4114787061ca362c9bf247ad2e45695e1dfb
4026,15455|138103,1,1962-09-01T20:49:00+00:00,1962-09-01T21:06:51+00:00,1071.0,FINITE_GEOMETRY_ADMISSIBLE_WITNESS,GEOMETRY_ADMISSIBLE,1,1126982ae7c0e13badd4e4b8ddaadd467ab5959b76a29cc66c223425048a6984
4028,15455|138105,1,1962-09-01T20:49:00+00:00,1962-09-01T21:06:51+00:00,1071.0,FINITE_GEOMETRY_ADMISSIBLE_WITNESS,GEOMETRY_ADMISSIBLE,1,d0e584e55d3edc4362ee0f9988be3f3cae83d8b6f0064ebd7855d10dfe264c19
4029,15455|138106,1,1962-09-01T20:49:00+00:00,1962-09-01T21:06:51+00:00,1071.0,FINITE_GEOMETRY_ADMISSIBLE_WITNESS,GEOMETRY_ADMISSIBLE,1,593b38d527cd78ab0c5984aadb98f9f835761be1b97bb0b8a99a76af1bcd91e7
4030,15455|138107,1,1962-09-01T20:49:00+00:00,1962-09-01T21:06:51+00:00,1071.0,FINITE_GEOMETRY_ADMISSIBLE_WITNESS,GEOMETRY_ADMISSIBLE,1,10c014da6a95a253369c61f33249234010b82bae9aaf925f9f0a8cab4312c506
4034,15456|138111,1,1962-09-01T22:48:35+00:00,1962-09-01T22:58:00+00:00,565.0,FINITE_GEOMETRY_ADMISSIBLE_WITNESS,GEOMETRY_ADMISSIBLE,1,97fdc7d53c514db9a3a69ee5f79c98f4f5582d47aded38e3211e3f82362a6913
4109,16703|138613,1,1963-09-09T21:25:00+00:00,1963-09-09T22:19:00+00:00,3240.0,FINITE_GEOMETRY_ADMISSIBLE_WITNESS,GEOMETRY_ADMISSIBLE,1,59a2d461bcc446495b25ca685b2409270c0c79ee9ee19bc83ba312222ace9b8f
4137,16739|138618,1,1963-09-10T21:28:00+00:00,1963-09-10T22:12:00+00:00,2640.0,FINITE_GEOMETRY_ADMISSIBLE_WITNESS,GEOMETRY_ADMISSIBLE,1,9c383558ba795bc0c1cd41018e873f4c028851d8d4806d881c97c095991f8d59
4259,17267|138748,1,1963-10-15T20:43:00+00:00,1963-10-15T21:23:00+00:00,2400.0,FINITE_GEOMETRY_ADMISSIBLE_WITNESS,GEOMETRY_ADMISSIBLE,1,c959d29a6a3b9a2bc55d86c195ddcfdacdff9e40aa607685150d58d83fd7bbe7
4298,17273|138748,1,1963-10-15T21:28:00+00:00,1963-10-15T21:43:00+00:00,900.0,FINITE_GEOMETRY_ADMISSIBLE_WITNESS,GEOMETRY_ADMISSIBLE,1,117f25b2a56c4998d94033741696d338367920215c56068f874e83012703f017
4303,17273|138753,1,1963-10-15T21:57:00+00:00,1963-10-15T22:28:00+00:00,1860.0,FINITE_GEOMETRY_ADMISSIBLE_WITNESS,GEOMETRY_ADMISSIBLE,1,233377db01dd4acc4d34c1631e3877761d66f0bd1b141adb35c18756e9186e9a
4361,17279|138758,1,1963-10-15T23:10:00+00:00,1963-10-15T23:34:00+00:00,1440.0,FINITE_GEOMETRY_ADMISSIBLE_WITNESS,GEOMETRY_ADMISSIBLE,1,5ccd9b9ed99b83f997838b418aedf52ce2e8454ba343418206e3f67b05d7d263
4401,17285|138758,1,1963-10-15T23:41:00+00:00,1963-10-16T00:10:00+00:00,1740.0,FINITE_GEOMETRY_ADMISSIBLE_WITNESS,GEOMETRY_ADMISSIBLE,1,28d9ce00b2f94b5970fae6f1e46a163f01a480b93854191f0f33d22737f56875
4415,17945|138835,1,1963-12-22T22:00:00+00:00,1963-12-22T22:23:00+00:00,1380.0,FINITE_GEOMETRY_ADMISSIBLE_WITNESS,GEOMETRY_ADMISSIBLE,1,3fa7bf571aedda1e1955d319df150e4808d7a1f554abfe758a7f4f6b632562db
4433,17957|138839,1,1963-12-22T23:29:00+00:00,1963-12-23T00:19:00+00:00,3000.0,FINITE_GEOMETRY_ADMISSIBLE_WITNESS,GEOMETRY_ADMISSIBLE,1,9d3bcc7a99f610cf6b65169c0274a58dd0d27ccec2f7884c5cafc9eab4cf10b5
4439,17975|138841,1,1963-12-23T20:05:00+00:00,1963-12-23T20:17:00+00:00,720.0,FINITE_GEOMETRY_ADMISSIBLE_WITNESS,GEOMETRY_ADMISSIBLE,1,ef495f7182c05f64af83e428a9400f67fc8a27e133cca35e2455aca7aff9da0d
4448,17981|138843,1,1963-12-23T20:32:00+00:00,1963-12-23T20:47:00+00:00,900.0,FINITE_GEOMETRY_ADMISSIBLE_WITNESS,GEOMETRY_ADMISSIBLE,1,62ba1afbec70e1fe19e3a9c21311ab7f1e8f6a8c6613059668020726a1e486e4
4449,17981|138845,1,1963-12-23T20:57:00+00:00,1963-12-23T21:12:00+00:00,900.0,FINITE_GEOMETRY_ADMISSIBLE_WITNESS,GEOMETRY_ADMISSIBLE,1,3a263f8ccff93cf767c4715ccf1f4d9634470f229a25f0bd0ad3104c28988101
4473,18065|138849,1,1964-01-11T20:37:00+00:00,1964-01-11T20:39:00+00:00,120.0,FINITE_GEOMETRY_ADMISSIBLE_WITNESS,GEOMETRY_ADMISSIBLE,1,8fb255ed056f691f3da22229132417bd9abaedeab3aff06cb1f51dc97515b9fe
4475,18065|138851,1,1964-01-11T20:44:00+00:00,1964-01-11T20:50:00+00:00,360.0,FINITE_GEOMETRY_ADMISSIBLE_WITNESS,GEOMETRY_ADMISSIBLE,1,1f7f9085023e3383df43314bcf1ae2f9f8caf5880b1e9760adadec7aecc277c3
4477,18065|138853,1,1964-01-11T20:55:00+00:00,1964-01-11T21:15:00+00:00,1200.0,FINITE_GEOMETRY_ADMISSIBLE_WITNESS,GEOMETRY_ADMISSIBLE,1,b059a60cac0662eeaacf87f9b043c4d76d143ae95d2da14702fa56b68c577cf5
4602,18257|138891,1,1964-02-13T22:29:00+00:00,1964-02-13T23:13:00+00:00,2640.0,FINITE_GEOMETRY_ADMISSIBLE_WITNESS,GEOMETRY_ADMISSIBLE,1,c7d131cb1f2e1b95568b3022af3793aa230735d22330593d017e5e6fb6dc98ae
4626,18263|138893,1,1964-02-13T23:34:00+00:00,1964-02-14T00:18:00+00:00,2640.0,FINITE_GEOMETRY_ADMISSIBLE_WITNESS,GEOMETRY_ADMISSIBLE,1,3e408c1a4cce97718680cb02e25194671b15d230ce2ad5c5a6e3154d6c9f8bf9
4734,18461|92138,1,1964-03-10T19:57:17+00:00,1964-03-10T20:46:00+00:00,2923.0,FINITE_GEOMETRY_ADMISSIBLE_WITNESS,GEOMETRY_ADMISSIBLE,1,44e3516a57efec3d53ba913879c7565226559e56e8fc56b9ae82ce015a0883d0
4916,18827|92143,1,1964-04-07T23:04:04+00:00,1964-04-07T23:33:00+00:00,1736.0,FINITE_GEOMETRY_ADMISSIBLE_WITNESS,GEOMETRY_ADMISSIBLE,1,ccceb3af0016777beb6434cb3ab9bad311fd420a82fb260554747d08b2f88f7c
4934,19415|92150,1,1964-05-05T22:32:35+00:00,1964-05-05T22:48:00+00:00,925.0,FINITE_GEOMETRY_ADMISSIBLE_WITNESS,GEOMETRY_ADMISSIBLE,1,b394f1f5f69841769da03e54142ae78ea41ec1572a9bc91ee3dec97b648bccc5
4948,19421|92152,1,1964-05-05T22:52:22+00:00,1964-05-05T23:27:16+00:00,2094.0,FINITE_GEOMETRY_ADMISSIBLE_WITNESS,GEOMETRY_ADMISSIBLE,1,9247e81e7c4d1f963e6ba7c4fb7ac529776c330a07d2efd8451994a5d1938cb7
5636,32731|48938,1,1974-04-11T08:59:14+00:00,1974-04-11T09:00:00+00:00,46.0,FINITE_GEOMETRY_UNRESOLVED,RETAINED_UNRESOLVED,0,0a72d20c7b52ea0e9add0de639fe7b59d9d62f57ae99f1504ed577f138f1abea
5640,32733|48938,1,1974-04-11T08:59:14+00:00,1974-04-11T09:00:00+00:00,46.0,FINITE_GEOMETRY_UNRESOLVED,RETAINED_UNRESOLVED,0,5a577f8ac1dc2644ae785bd024de18f9d936bbf631d017ca3790ced456fe2f27
5684,34307|138748,1,1963-10-15T21:01:00+00:00,1963-10-15T21:31:00+00:00,1800.0,FINITE_GEOMETRY_ADMISSIBLE_WITNESS,GEOMETRY_ADMISSIBLE,2,bcfd2abb6dde6b01bcac5fa26bae5dee7184eef7dc3dc92f59bc6932adc47ddc
5688,34308|138748,1,1963-10-15T21:33:00+00:00,1963-10-15T21:43:00+00:00,600.0,FINITE_GEOMETRY_ADMISSIBLE_WITNESS,GEOMETRY_ADMISSIBLE,1,8ad98626e0945e5dc9e04523e0b24f28d28ce9799d844baafc7f523958e326fc
5693,34308|138753,1,1963-10-15T21:57:00+00:00,1963-10-15T22:03:00+00:00,360.0,FINITE_GEOMETRY_ADMISSIBLE_WITNESS,GEOMETRY_ADMISSIBLE,2,d1a7da201753a8a13c8029e56c11456b72f3fbe8cf897280e5499dda9056bfa7
5698,34309|138753,1,1963-10-15T22:06:00+00:00,1963-10-15T22:36:00+00:00,1800.0,FINITE_GEOMETRY_ADMISSIBLE_WITNESS,GEOMETRY_ADMISSIBLE,1,5a47b010450d2df7f3a26c2a7522a4d41eca11efe8b0ebfd89f1791f40b8bd1c
5703,34310|138753,1,1963-10-15T22:39:00+00:00,1963-10-15T22:57:00+00:00,1080.0,FINITE_GEOMETRY_ADMISSIBLE_WITNESS,GEOMETRY_ADMISSIBLE,1,52f1ef2ebbfa3f31ee955bbc46721b519fc4ffa5dd829fbf21e45329fa6c2be4
5708,34311|138758,1,1963-10-15T23:11:00+00:00,1963-10-15T23:41:00+00:00,1800.0,FINITE_GEOMETRY_ADMISSIBLE_WITNESS,GEOMETRY_ADMISSIBLE,1,e9a40f44593496a7babd3becde3e836913e9b7049ea9c7a35bcf1a73eeec1766
5713,34312|138758,1,1963-10-15T23:44:00+00:00,1963-10-16T00:10:00+00:00,1560.0,FINITE_GEOMETRY_ADMISSIBLE_WITNESS,GEOMETRY_ADMISSIBLE,1,65c15c33ba5ae6c8c765caa45a24728384cf1b177e75e6fc8f75499894ddd9bd
5719,34506|138841,1,1963-12-23T20:06:00+00:00,1963-12-23T20:20:00+00:00,840.0,FINITE_GEOMETRY_ADMISSIBLE_WITNESS,GEOMETRY_ADMISSIBLE,1,f103d071b402aff323765496efad21dff665f4d9e77112e461761b887dee0d2a
5720,34506|138843,1,1963-12-23T20:32:00+00:00,1963-12-23T20:36:00+00:00,240.0,FINITE_GEOMETRY_ADMISSIBLE_WITNESS,GEOMETRY_ADMISSIBLE,1,6d31eb0321c4a2413eb9e27b3566add7d34e9f3f4b8bc7852eecf2e2842020db
5721,34507|138843,1,1963-12-23T20:38:00+00:00,1963-12-23T20:47:00+00:00,540.0,FINITE_GEOMETRY_ADMISSIBLE_WITNESS,GEOMETRY_ADMISSIBLE,1,0d0279d8d674b4336781a4b106d2f0204a5b6b389bee9c0bcc791bcff2e39678
5954,35960|44802,1,1965-02-22T18:56:09+00:00,1965-02-22T18:59:00+00:00,171.0,FINITE_GEOMETRY_ADMISSIBLE_WITNESS,GEOMETRY_ADMISSIBLE,1,d38387ec9a2e43363ffd2a3f6b5b9fd2b84a521ffe453f2d9920f64048ad2fbe
5966,35998|44806,1,1965-02-25T18:32:24+00:00,1965-02-25T18:38:23+00:00,359.0,FINITE_GEOMETRY_ADMISSIBLE_WITNESS,GEOMETRY_ADMISSIBLE,1,3f4ca09970b4a97d0a0226a69a02a781c920272d388491fd84243ac043780e25
5967,35998|44807,1,1965-02-25T18:46:21+00:00,1965-02-25T18:52:20+00:00,359.0,FINITE_GEOMETRY_ADMISSIBLE_WITNESS,GEOMETRY_ADMISSIBLE,3,79d969ace2e8a3bdcae563bce098ac143e4d084dc453139cf0e267bb14e9e9d7
6017,41143|132994,1,1958-07-10T23:46:30+00:00,1958-07-10T23:56:28+00:00,598.0,FINITE_GEOMETRY_ADMISSIBLE_WITNESS,GEOMETRY_ADMISSIBLE,1,55c3969b6ee678c1cc3fd7290783c28b7952c3eef8e8b6e98b4ce01f22459d85
6019,41144|132994,1,1958-07-11T00:07:27+00:00,1958-07-11T00:17:25+00:00,598.0,FINITE_GEOMETRY_ADMISSIBLE_WITNESS,GEOMETRY_ADMISSIBLE,1,3321fa4e90f3bb25e88f684ab656f2ceaa7c5fd65dd07d68868ea226fadd0b8f
6029,41168|133032,1,1958-07-20T00:26:54+00:00,1958-07-20T00:29:54+00:00,180.0,FINITE_GEOMETRY_ADMISSIBLE_WITNESS,GEOMETRY_ADMISSIBLE,3,e0266c393b465cfc10e8f6331c01e2b3ac4d3f1aca474978697b0543a3ced2e9
6030,41168|133033,1,1958-07-20T00:26:54+00:00,1958-07-20T00:29:54+00:00,180.0,FINITE_GEOMETRY_ADMISSIBLE_WITNESS,GEOMETRY_ADMISSIBLE,1,575b449fe7d6021643950e8796a5f131e94b1a10f8ad29188a588be7de8157f2
6031,41734|133622,1,1959-02-08T18:05:39+00:00,1959-02-08T18:08:38+00:00,179.0,FINITE_GEOMETRY_ADMISSIBLE_WITNESS,GEOMETRY_ADMISSIBLE,1,58460997b3c1ac3b3434bbf50f07aec197923bbc657fa6856b2d500f9738914e
6032,41734|133623,1,1959-02-08T18:05:39+00:00,1959-02-08T18:08:38+00:00,179.0,FINITE_GEOMETRY_ADMISSIBLE_WITNESS,GEOMETRY_ADMISSIBLE,1,bb54e20515450bf4d0ac94d26a185cf382c3027beed35c3e62819c5a1c87f45f
6033,41734|133624,1,1959-02-08T18:05:39+00:00,1959-02-08T18:08:38+00:00,179.0,FINITE_GEOMETRY_ADMISSIBLE_WITNESS,GEOMETRY_ADMISSIBLE,1,3e964fcebf455a7422d7acd034653a823793f7bd9c15f68ac01f1dcef1adeb19
6034,41737|133626,1,1959-02-08T19:12:58+00:00,1959-02-08T19:16:57+00:00,239.0,FINITE_GEOMETRY_ADMISSIBLE_WITNESS,GEOMETRY_ADMISSIBLE,1,5000fdc8b1fbfc6a3b135118672d2f42fb9a7d64897ec2a43987fa16bceb9776
6035,41737|133627,1,1959-02-08T19:12:58+00:00,1959-02-08T19:16:57+00:00,239.0,FINITE_GEOMETRY_ADMISSIBLE_WITNESS,GEOMETRY_ADMISSIBLE,1,687a0affa087e8097de33148883bc1d05edab3d61733df46e2283ce3b93576ef
6036,41737|133628,1,1959-02-08T19:12:58+00:00,1959-02-08T19:16:57+00:00,239.0,FINITE_GEOMETRY_ADMISSIBLE_WITNESS,GEOMETRY_ADMISSIBLE,1,a974d98bd14dcea1efe5725b61f276a65140aa9dd417e4218ba9096620a908bc
6037,41738|133630,1,1959-02-08T19:58:00+00:00,1959-02-08T20:00:40+00:00,160.0,FINITE_GEOMETRY_ADMISSIBLE_WITNESS,GEOMETRY_ADMISSIBLE,1,488397941343163aeb460ee4e26214a5f8024d5213a9210ea0df4bb0b626bc53
6038,41738|133631,1,1959-02-08T19:58:00+00:00,1959-02-08T20:00:40+00:00,160.0,FINITE_GEOMETRY_ADMISSIBLE_WITNESS,GEOMETRY_ADMISSIBLE,1,12a3d27ca1edc6c95e7a19a79e569f6874f81ea4ed4ac732fd0d9def370c9599
6039,41738|133632,1,1959-02-08T19:58:00+00:00,1959-02-08T20:00:40+00:00,160.0,FINITE_GEOMETRY_ADMISSIBLE_WITNESS,GEOMETRY_ADMISSIBLE,1,4dbe51d9029a8c86a1fb2ea46da33c07dd24b03c0f90624fe418b2f532880c43
6041,41739|133630,1,1959-02-08T20:52:42+00:00,1959-02-08T20:56:41+00:00,239.0,FINITE_GEOMETRY_ADMISSIBLE_WITNESS,GEOMETRY_ADMISSIBLE,2,a48b0eb9b38926c5a174fc1d3d683e986b25d4d8df6d396e27be0c7c68009c04
6042,41739|133631,1,1959-02-08T20:52:42+00:00,1959-02-08T20:56:41+00:00,239.0,FINITE_GEOMETRY_ADMISSIBLE_WITNESS,GEOMETRY_ADMISSIBLE,2,e238d4b1241b89692a730184a1363dba23f36d4c2a6ef50098dbd7923f80e529
6043,41739|133632,1,1959-02-08T20:52:42+00:00,1959-02-08T20:56:41+00:00,239.0,FINITE_GEOMETRY_ADMISSIBLE_WITNESS,GEOMETRY_ADMISSIBLE,1,0671efd5913a26dc90324ffe1629dc46617a32569c08e69035541d3eb3f87d1b
6045,41740|133634,1,1959-02-08T21:06:55+00:00,1959-02-08T21:10:54+00:00,239.0,FINITE_GEOMETRY_ADMISSIBLE_WITNESS,GEOMETRY_ADMISSIBLE,2,efd656bf045d93a15da20497670d0108e7187414a5cad80ba5224d7ae131cd0e
6046,41740|133635,1,1959-02-08T21:06:55+00:00,1959-02-08T21:10:54+00:00,239.0,FINITE_GEOMETRY_ADMISSIBLE_WITNESS,GEOMETRY_ADMISSIBLE,1,172c26bf05065c880cf151f2457f3ea67df9e5f454d1a8347d3b81ad321c97c0
6047,41740|133636,1,1959-02-08T21:06:55+00:00,1959-02-08T21:10:54+00:00,239.0,FINITE_GEOMETRY_ADMISSIBLE_WITNESS,GEOMETRY_ADMISSIBLE,1,d35943db90a6098ddc2c0c942e86abbd3c8a181f5b92744095c8419360532a79
6048,41741|133638,1,1959-02-08T22:25:42+00:00,1959-02-08T22:28:41+00:00,179.0,FINITE_GEOMETRY_ADMISSIBLE_WITNESS,GEOMETRY_ADMISSIBLE,1,c50f7bd1d6a11d951a38a90197319d71709b635854c0f0716a03b938256d3ece
6049,41741|133639,1,1959-02-08T22:25:42+00:00,1959-02-08T22:28:41+00:00,179.0,FINITE_GEOMETRY_ADMISSIBLE_WITNESS,GEOMETRY_ADMISSIBLE,1,71362ff4c9b3673b5affc5248b1ed44c1db6bd02b81a51feaab5007aed466418
6050,41741|133640,1,1959-02-08T22:25:42+00:00,1959-02-08T22:28:41+00:00,179.0,FINITE_GEOMETRY_ADMISSIBLE_WITNESS,GEOMETRY_ADMISSIBLE,1,5f55a666f565ce4865f942eaf6b71514c65fe44332f99e7211d2ecef656d67db
6052,41742|133638,1,1959-02-08T22:38:55+00:00,1959-02-08T22:41:54+00:00,179.0,FINITE_GEOMETRY_ADMISSIBLE_WITNESS,GEOMETRY_ADMISSIBLE,1,b1bf119a5edbdd30f29cca6922006525c2a896e81d9d5fd61c8b4f543121fe55
6053,41742|133639,1,1959-02-08T22:38:55+00:00,1959-02-08T22:41:54+00:00,179.0,FINITE_GEOMETRY_ADMISSIBLE_WITNESS,GEOMETRY_ADMISSIBLE,1,b2a604d6a02d96cce7f6e28596cd414cdc76d1b71f85cb3ec9bbfdc4d17aaa09
6054,41742|133640,1,1959-02-08T22:38:55+00:00,1959-02-08T22:41:54+00:00,179.0,FINITE_GEOMETRY_ADMISSIBLE_WITNESS,GEOMETRY_ADMISSIBLE,1,246985011531be93ad58921f3c5d413ee0f0dd2b8ee008466204520f0118fb43
6056,41743|133638,1,1959-02-08T23:13:54+00:00,1959-02-08T23:14:00+00:00,6.0,FINITE_GEOMETRY_ADMISSIBLE_WITNESS,GEOMETRY_ADMISSIBLE,2,ef946837f0761e546a96930843322e8bc0cfb605b4492658967f86be582ad76a
6057,41743|133639,1,1959-02-08T23:13:54+00:00,1959-02-08T23:14:00+00:00,6.0,FINITE_GEOMETRY_ADMISSIBLE_WITNESS,GEOMETRY_ADMISSIBLE,1,4fa700b70e4bb04be679fdfd2454fc6f34b4ae464e8f58f62b2945d851a92500
6058,41743|133640,1,1959-02-08T23:13:54+00:00,1959-02-08T23:14:00+00:00,6.0,FINITE_GEOMETRY_ADMISSIBLE_WITNESS,GEOMETRY_ADMISSIBLE,2,51342fdd67e35eef6983ed69e826f1e997c2404803c0f078ac09b8b5f2408682
6060,41744|133642,1,1959-02-08T23:28:02+00:00,1959-02-08T23:31:01+00:00,179.0,FINITE_GEOMETRY_ADMISSIBLE_WITNESS,GEOMETRY_ADMISSIBLE,1,b5227ce6af5dda4c76cb066f285520ca00070325d6d13547b3786bea05c3ccfc
6061,41744|133643,1,1959-02-08T23:28:02+00:00,1959-02-08T23:31:01+00:00,179.0,FINITE_GEOMETRY_ADMISSIBLE_WITNESS,GEOMETRY_ADMISSIBLE,2,8216db7162eb9c93f8cfc2058943be605231485f3b4b9e78135fb764b4586541
6062,41744|133644,1,1959-02-08T23:28:02+00:00,1959-02-08T23:31:01+00:00,179.0,FINITE_GEOMETRY_ADMISSIBLE_WITNESS,GEOMETRY_ADMISSIBLE,1,dcb596a5948558e9a5741c1ec702e25c512a53b2b573d08466b224432f545af9
6064,41753|133682,1,1959-02-11T23:44:54+00:00,1959-02-11T23:47:54+00:00,180.0,FINITE_GEOMETRY_ADMISSIBLE_WITNESS,GEOMETRY_ADMISSIBLE,1,8902dea3baeaa32d3a87fa062c79cf5025578315b25bcdb8de8748cd7ae92023
6065,41753|133683,1,1959-02-11T23:44:54+00:00,1959-02-11T23:47:54+00:00,180.0,FINITE_GEOMETRY_ADMISSIBLE_WITNESS,GEOMETRY_ADMISSIBLE,1,00365205e8ea86b9f47ff8b24286bd8d947f65e94b277f1de440031958bae803
6066,41753|133684,1,1959-02-11T23:44:54+00:00,1959-02-11T23:47:54+00:00,180.0,FINITE_GEOMETRY_ADMISSIBLE_WITNESS,GEOMETRY_ADMISSIBLE,1,01e01ed6620e53192e4ed796176c012625a2e34c12e61051cf8d1c038c59751b
6067,41753|133685,1,1959-02-11T23:44:54+00:00,1959-02-11T23:47:54+00:00,180.0,FINITE_GEOMETRY_ADMISSIBLE_WITNESS,GEOMETRY_ADMISSIBLE,1,144e3d5df89308212b235f90a4f953ccf5e199181ffb87af8a0f117ac3301287
6068,41754|133682,1,1959-02-11T23:57:52+00:00,1959-02-12T00:00:52+00:00,180.0,FINITE_GEOMETRY_ADMISSIBLE_WITNESS,GEOMETRY_ADMISSIBLE,2,1a911fa288bdc070ae98bf31a93f444f10c8f8ae8b45922ef42d5ff4f1453acd
6069,41754|133683,1,1959-02-11T23:57:52+00:00,1959-02-12T00:00:52+00:00,180.0,FINITE_GEOMETRY_ADMISSIBLE_WITNESS,GEOMETRY_ADMISSIBLE,1,48a01182898cfc5448c11de374c6767c880756d4edeedb75ca8d22acc49640db
6070,41754|133684,1,1959-02-11T23:57:52+00:00,1959-02-12T00:00:52+00:00,180.0,FINITE_GEOMETRY_ADMISSIBLE_WITNESS,GEOMETRY_ADMISSIBLE,1,8469f37ec830a6a9be9ce2c9804e0a7e5bdcc3d3c86572d4cf0d65cccf066c76
6071,41754|133685,1,1959-02-11T23:57:52+00:00,1959-02-12T00:00:52+00:00,180.0,FINITE_GEOMETRY_ADMISSIBLE_WITNESS,GEOMETRY_ADMISSIBLE,3,9d483e9940e7a8839ef25d459e7c506c3e3f106c60190503c97cef137a26097c
6072,41755|133690,1,1959-02-12T01:59:22+00:00,1959-02-12T02:02:21+00:00,179.0,FINITE_GEOMETRY_ADMISSIBLE_WITNESS,GEOMETRY_ADMISSIBLE,1,672cb943dc83cfb294f1f3451ad32dedca32fdf51ec0aaab80a06c03638c1b1f
6073,41755|133691,1,1959-02-12T01:59:22+00:00,1959-02-12T02:02:21+00:00,179.0,FINITE_GEOMETRY_ADMISSIBLE_WITNESS,GEOMETRY_ADMISSIBLE,1,da102b8c486c4c1162e482dd88b1d27690c4f6ca2451cb4579c6114a319cacb8
6074,41755|133693,1,1959-02-12T01:59:22+00:00,1959-02-12T02:02:21+00:00,179.0,FINITE_GEOMETRY_ADMISSIBLE_WITNESS,GEOMETRY_ADMISSIBLE,1,c3904017251af3bd57d818061fb16c0a66dc391a0e6bbeb9e2cc654cdce9d02c
6075,41756|133690,1,1959-02-12T02:13:00+00:00,1959-02-12T02:15:59+00:00,179.0,FINITE_GEOMETRY_ADMISSIBLE_WITNESS,GEOMETRY_ADMISSIBLE,1,c1aace6954999c33ac6356020eb26ab670606e040569d5c048ece5339058de14
6076,41756|133691,1,1959-02-12T02:13:00+00:00,1959-02-12T02:15:59+00:00,179.0,FINITE_GEOMETRY_ADMISSIBLE_WITNESS,GEOMETRY_ADMISSIBLE,1,c8030a5ec2cd0146bdb90667d10f879ca713b5f2e64db3e82e2bf4a189095921
6077,41756|133693,1,1959-02-12T02:13:00+00:00,1959-02-12T02:15:59+00:00,179.0,FINITE_GEOMETRY_ADMISSIBLE_WITNESS,GEOMETRY_ADMISSIBLE,1,e730609ea2deda99c81777c40aeb7b2defb82da21451695db635c3d0f6fa25a0
6080,41774|133720,1,1959-02-12T23:12:03+00:00,1959-02-12T23:13:00+00:00,57.0,FINITE_GEOMETRY_ADMISSIBLE_WITNESS,GEOMETRY_ADMISSIBLE,1,60e3b7056b715c3185edf80e4bcef14695dcf64df26b2d0c2533e0f6b6ae4d2a
6081,41774|133721,1,1959-02-12T23:12:03+00:00,1959-02-12T23:13:00+00:00,57.0,FINITE_GEOMETRY_ADMISSIBLE_WITNESS,GEOMETRY_ADMISSIBLE,1,ee0260df05fb14154fb077539f8a99f36596476ad638b4bc3d2e315855e3a406
6085,41774|133725,1,1959-02-12T23:19:00+00:00,1959-02-12T23:41:58+00:00,1378.0,FINITE_GEOMETRY_ADMISSIBLE_WITNESS,GEOMETRY_ADMISSIBLE,1,145277edaba4c59e3fd666af70848af53c55674a05c4c982edefca797fa94555
6089,41775|133725,1,1959-02-12T23:55:56+00:00,1959-02-13T00:10:53+00:00,897.0,FINITE_GEOMETRY_ADMISSIBLE_WITNESS,GEOMETRY_ADMISSIBLE,1,6e5ffa480d13f247ed8af3f795a41983539fcd34eb6fb1c385257eb0a78efc07
6092,41776|133728,1,1959-02-13T00:58:45+00:00,1959-02-13T01:08:44+00:00,599.0,FINITE_GEOMETRY_ADMISSIBLE_WITNESS,GEOMETRY_ADMISSIBLE,1,11ce33b669e91726b79e618fa35bb7786837941d6ca3a243a35494b680f13e61
6093,41776|133729,1,1959-02-13T00:58:45+00:00,1959-02-13T01:08:44+00:00,599.0,FINITE_GEOMETRY_ADMISSIBLE_WITNESS,GEOMETRY_ADMISSIBLE,1,86246e596e433459e3bcd5661b51b9d067af189c0b190d9f49dc957f63ff6226
6109,41974|133885,1,1959-03-09T21:47:43+00:00,1959-03-09T21:50:42+00:00,179.0,FINITE_GEOMETRY_ADMISSIBLE_WITNESS,GEOMETRY_ADMISSIBLE,1,382022b3c60fcf857f02dd6d06831ba1c0550c2a99e1d4e193eb368a8b2329d1
6111,41975|133887,1,1959-03-09T22:04:40+00:00,1959-03-09T22:07:40+00:00,180.0,FINITE_GEOMETRY_ADMISSIBLE_WITNESS,GEOMETRY_ADMISSIBLE,1,ac92e67dde81e183ee484f641b9f7f4b6ba5593a493db7f8f9c645560694b017
6113,41975|133889,1,1959-03-09T22:04:40+00:00,1959-03-09T22:07:40+00:00,180.0,FINITE_GEOMETRY_ADMISSIBLE_WITNESS,GEOMETRY_ADMISSIBLE,1,6e8cc43ac941613623009e963754e54867b80e2e97d801e8525f686bc03324e0
6114,41975|133890,1,1959-03-09T22:04:40+00:00,1959-03-09T22:07:40+00:00,180.0,FINITE_GEOMETRY_ADMISSIBLE_WITNESS,GEOMETRY_ADMISSIBLE,1,25632a02bfa17db62157c5065be8d510c67d7611509c2cad04e2a64839d842bc
6115,41976|133887,1,1959-03-09T22:45:33+00:00,1959-03-09T22:48:33+00:00,180.0,FINITE_GEOMETRY_ADMISSIBLE_WITNESS,GEOMETRY_ADMISSIBLE,1,abfd7a69889286c589d4d738a6a36022a7e7a16bffdf7e36fe5a0878f6f6ecd6
6117,41976|133889,1,1959-03-09T22:45:33+00:00,1959-03-09T22:48:33+00:00,180.0,FINITE_GEOMETRY_ADMISSIBLE_WITNESS,GEOMETRY_ADMISSIBLE,2,0742ee42e277a9b1fb4b3b20d69aa8ba6a28c6c57036aeb10ab51f5f4b12108c
6118,41976|133890,1,1959-03-09T22:45:33+00:00,1959-03-09T22:48:33+00:00,180.0,FINITE_GEOMETRY_ADMISSIBLE_WITNESS,GEOMETRY_ADMISSIBLE,2,fa9349ea22ac6e75fe57e47b1bb2cfffabf1ce8b859174c364100497c3d3e761
6119,41978|133891,1,1959-03-09T23:17:58+00:00,1959-03-09T23:20:58+00:00,180.0,FINITE_GEOMETRY_ADMISSIBLE_WITNESS,GEOMETRY_ADMISSIBLE,1,c1e527070c404f81f1a14bd9878f4e966dc9e6ef5f8b6bf2a9931a07fa509cb7
6121,41978|133893,1,1959-03-09T23:17:58+00:00,1959-03-09T23:20:58+00:00,180.0,FINITE_GEOMETRY_ADMISSIBLE_WITNESS,GEOMETRY_ADMISSIBLE,1,b03816918e04ad06b7af4ff2e262559ab25e21f4958454d7756fbc3bd9a25988
6122,41979|133891,1,1959-03-09T23:31:26+00:00,1959-03-09T23:34:25+00:00,179.0,FINITE_GEOMETRY_ADMISSIBLE_WITNESS,GEOMETRY_ADMISSIBLE,1,a6cefe9be78f0014bb2c26e7b5e9e73d3532b53f62faa481d4a8a94d59bdb043
6124,41979|133893,1,1959-03-09T23:31:26+00:00,1959-03-09T23:34:25+00:00,179.0,FINITE_GEOMETRY_ADMISSIBLE_WITNESS,GEOMETRY_ADMISSIBLE,1,710c5bf20049cb3e198e077a26bd549df4f0b60e0924bf17b1e76ed0bc5702a9
6128,41996|133910,1,1959-03-28T19:40:00+00:00,1959-03-28T19:59:36+00:00,1176.0,FINITE_GEOMETRY_ADMISSIBLE_WITNESS,GEOMETRY_ADMISSIBLE,1,60e54ee3e3f0c05ac5ce1535f407bdf393a31e83c4a3a420d0d7121c687ed264
6129,41996|133911,1,1959-03-28T19:40:00+00:00,1959-03-28T19:59:36+00:00,1176.0,FINITE_GEOMETRY_ADMISSIBLE_WITNESS,GEOMETRY_ADMISSIBLE,1,066e1ef1ddd156ebafe1c0caa4c4cec73df278baaf3d0343b318e595bfed31cc
6130,41996|133912,1,1959-03-28T19:40:00+00:00,1959-03-28T19:59:36+00:00,1176.0,FINITE_GEOMETRY_ADMISSIBLE_WITNESS,GEOMETRY_ADMISSIBLE,2,fcf5ff6f921e2967ae18d7d04329624399ff960fe4b2ebc081952edbd1a11549
6131,41996|133913,1,1959-03-28T19:40:00+00:00,1959-03-28T19:59:36+00:00,1176.0,FINITE_GEOMETRY_ADMISSIBLE_WITNESS,GEOMETRY_ADMISSIBLE,2,7f14776d9fdca3b819577b9b56565564ee7eff411c9b0c4d3cd45a2bd8bd0d87
6134,41997|133912,1,1959-03-28T20:22:02+00:00,1959-03-28T20:27:01+00:00,299.0,FINITE_GEOMETRY_ADMISSIBLE_WITNESS,GEOMETRY_ADMISSIBLE,1,111dd38a664494b0b4aea2a96f09e25fcf4143d37f49e6ff67bc95ae6c6602df
6135,41997|133913,1,1959-03-28T20:22:02+00:00,1959-03-28T20:27:01+00:00,299.0,FINITE_GEOMETRY_ADMISSIBLE_WITNESS,GEOMETRY_ADMISSIBLE,1,607156e34b0acb88ad87df46abf65113143c272e74f002ee2fd901eb2f4e4d31
6138,41998|133912,1,1959-03-28T20:34:00+00:00,1959-03-28T20:40:00+00:00,360.0,FINITE_GEOMETRY_ADMISSIBLE_WITNESS,GEOMETRY_ADMISSIBLE,1,10f069c3f2aea7eb7f09d7e14b45ce01a6ffe837b7b1e65f005a3b994eb4e603
6139,41998|133913,1,1959-03-28T20:34:00+00:00,1959-03-28T20:40:00+00:00,360.0,FINITE_GEOMETRY_ADMISSIBLE_WITNESS,GEOMETRY_ADMISSIBLE,1,255a64342f961acb0a977d432c2a5fe438052e2a140de3d747409b34672b622f
6143,42000|134013,1,1959-04-02T20:10:00+00:00,1959-04-02T20:12:21+00:00,141.0,FINITE_GEOMETRY_ADMISSIBLE_WITNESS,GEOMETRY_ADMISSIBLE,1,b891cfae64b6f1cae0eb44b11847cd0e2b5ae4b18fe5cbbdaa090a4b224f8a17
6147,42001|134013,1,1959-04-02T20:19:20+00:00,1959-04-02T20:24:19+00:00,299.0,FINITE_GEOMETRY_ADMISSIBLE_WITNESS,GEOMETRY_ADMISSIBLE,1,45d10b195f21a2831a64d000cea237758d3da61fee900abd2edb94affa1d05bc
6151,42002|134013,1,1959-04-02T20:35:47+00:00,1959-04-02T20:50:45+00:00,898.0,FINITE_GEOMETRY_ADMISSIBLE_WITNESS,GEOMETRY_ADMISSIBLE,1,c6a2eaa639d61234d0773c6114647eb2c57844747be86be692e4c77180a3831e
6154,42089|134146,1,1959-05-12T22:23:48+00:00,1959-05-12T22:27:47+00:00,239.0,FINITE_GEOMETRY_ADMISSIBLE_WITNESS,GEOMETRY_ADMISSIBLE,2,6ff48bdbe745001304de7f628f441320325b786bbe9a6d86eae96931dd6fbaaa
6173,42257|134466,1,1959-08-31T22:59:34+00:00,1959-08-31T23:09:32+00:00,598.0,FINITE_GEOMETRY_ADMISSIBLE_WITNESS,GEOMETRY_ADMISSIBLE,1,6a3cc6d833a8c4c06c3568ce665f30eaa148598f8eb818b2a2f8a6dacfa2bb93
6174,42257|134467,1,1959-08-31T22:59:34+00:00,1959-08-31T23:09:32+00:00,598.0,FINITE_GEOMETRY_ADMISSIBLE_WITNESS,GEOMETRY_ADMISSIBLE,1,cc58f19c994ef0a5fbf98b6cf5ca4f7af807354a182b277f0e52089ca6bb1a00
6175,42257|134468,1,1959-08-31T22:59:34+00:00,1959-08-31T23:09:32+00:00,598.0,FINITE_GEOMETRY_ADMISSIBLE_WITNESS,GEOMETRY_ADMISSIBLE,1,861351ffbf7b138ce49afc71909bef7a0a4d6a2b5d5c04b4b245e0d1b99c99b7
6176,42258|134466,1,1959-08-31T23:43:27+00:00,1959-08-31T23:48:26+00:00,299.0,FINITE_GEOMETRY_ADMISSIBLE_WITNESS,GEOMETRY_ADMISSIBLE,1,6914a77ae3faa3ad99f7489579e098f0601de011e70aefc730a3aece83e6946c
6177,42258|134467,1,1959-08-31T23:43:27+00:00,1959-08-31T23:48:26+00:00,299.0,FINITE_GEOMETRY_ADMISSIBLE_WITNESS,GEOMETRY_ADMISSIBLE,1,5a8e48d3bd01df66cc8d80cc019b4b9f9f07d3771c201ed38c00d8823bfe6a58
6178,42258|134468,1,1959-08-31T23:43:27+00:00,1959-08-31T23:48:26+00:00,299.0,FINITE_GEOMETRY_ADMISSIBLE_WITNESS,GEOMETRY_ADMISSIBLE,1,cf840fac67928865b07d641e5de0885149b9ed6f84ee95318a2fbba79348e04b
6182,42259|134473,1,1959-09-01T00:17:21+00:00,1959-09-01T00:22:20+00:00,299.0,FINITE_GEOMETRY_ADMISSIBLE_WITNESS,GEOMETRY_ADMISSIBLE,1,ee9caf44db837786eff71c8d1f208a0499a90faaec33db83e070a9d4cac9099d
6193,42264|134492,1,1959-09-01T22:25:43+00:00,1959-09-01T22:28:43+00:00,180.0,FINITE_GEOMETRY_ADMISSIBLE_WITNESS,GEOMETRY_ADMISSIBLE,1,71d590bd47358bc93adb081f226c381e66f9e510e315785e45c05f945e559b30
6194,42265|134490,1,1959-09-01T22:37:26+00:00,1959-09-01T22:40:26+00:00,180.0,FINITE_GEOMETRY_ADMISSIBLE_WITNESS,GEOMETRY_ADMISSIBLE,1,2df3316ca9996ffe55deeea1c1e82b4086a74ffe88920727f8cbe728fc74bfd1
6195,42265|134491,1,1959-09-01T22:37:26+00:00,1959-09-01T22:40:26+00:00,180.0,FINITE_GEOMETRY_ADMISSIBLE_WITNESS,GEOMETRY_ADMISSIBLE,1,cb032bf209193342739ed3aa959c40dafc2648a84d5616a4c0188380553be740
6196,42265|134492,1,1959-09-01T22:37:26+00:00,1959-09-01T22:40:26+00:00,180.0,FINITE_GEOMETRY_ADMISSIBLE_WITNESS,GEOMETRY_ADMISSIBLE,2,6dd95018574393c41fd8f9b4e03c16dddd1186bd937f09abb87351d0978140ba
6197,42372|134613,1,1959-09-06T21:32:39+00:00,1959-09-06T21:35:00+00:00,141.0,FINITE_GEOMETRY_ADMISSIBLE_WITNESS,GEOMETRY_ADMISSIBLE,1,f6f67bca34ed678fa9b55f2bb7b6c924299631da1acdd1a2be0aaf0de035f624
6198,42372|134614,1,1959-09-06T21:32:39+00:00,1959-09-06T21:35:00+00:00,141.0,FINITE_GEOMETRY_ADMISSIBLE_WITNESS,GEOMETRY_ADMISSIBLE,3,032a27c638ae80162fe53edafe5255d502470f9cf52661ca2718cba2d9c1428a
6199,42372|134615,1,1959-09-06T21:32:39+00:00,1959-09-06T21:35:00+00:00,141.0,FINITE_GEOMETRY_ADMISSIBLE_WITNESS,GEOMETRY_ADMISSIBLE,1,0bbeb7aaff060657d474763e48726f94159df80a1925486bbdbada214b4ccb42
6200,42373|134617,1,1959-09-06T21:44:07+00:00,1959-09-06T21:47:06+00:00,179.0,FINITE_GEOMETRY_ADMISSIBLE_WITNESS,GEOMETRY_ADMISSIBLE,1,94989347fa82bf532f988b30c2bf4fb56fa7fabb8554817e5d18030129b86257
6201,42373|134618,1,1959-09-06T21:44:07+00:00,1959-09-06T21:47:06+00:00,179.0,FINITE_GEOMETRY_ADMISSIBLE_WITNESS,GEOMETRY_ADMISSIBLE,2,95d1aeaf470904f395800241f5e93142ef05d9b095d1943310ab16b9b002a08b
6202,42373|134619,1,1959-09-06T21:44:07+00:00,1959-09-06T21:47:06+00:00,179.0,FINITE_GEOMETRY_ADMISSIBLE_WITNESS,GEOMETRY_ADMISSIBLE,3,4b39555f3c2221bdcb5235c1e2d6138b3fca34021e2258e75b9dfcb5e8ed8226
6203,42373|134620,1,1959-09-06T21:44:07+00:00,1959-09-06T21:47:06+00:00,179.0,FINITE_GEOMETRY_ADMISSIBLE_WITNESS,GEOMETRY_ADMISSIBLE,1,f554cfa49c11796d8df331f854545df834747fbf616c56cc9afdfd346271e788
6204,42374|134617,1,1959-09-06T22:15:02+00:00,1959-09-06T22:18:01+00:00,179.0,FINITE_GEOMETRY_ADMISSIBLE_WITNESS,GEOMETRY_ADMISSIBLE,1,ba0bbd6a631ebdaeec264d4ec78979d842e691abb3258c8f389c5728813e23b7
6205,42374|134618,1,1959-09-06T22:15:02+00:00,1959-09-06T22:18:01+00:00,179.0,FINITE_GEOMETRY_ADMISSIBLE_WITNESS,GEOMETRY_ADMISSIBLE,1,21f52e3392db141727150f75d7db30c5d3278c00a68ebe62f5a6440662800777
6206,42374|134619,1,1959-09-06T22:15:02+00:00,1959-09-06T22:18:01+00:00,179.0,FINITE_GEOMETRY_ADMISSIBLE_WITNESS,GEOMETRY_ADMISSIBLE,1,399c365ea03b0a2550c718023a954b63a91e74ef031025f6381a65e76d995b72
6207,42374|134620,1,1959-09-06T22:15:02+00:00,1959-09-06T22:18:01+00:00,179.0,FINITE_GEOMETRY_ADMISSIBLE_WITNESS,GEOMETRY_ADMISSIBLE,1,004eb337bdf4db363462036eae17912bca8cff04e6d179670cdde82df1e8c5fd
6218,42380|134631,1,1959-09-07T01:46:27+00:00,1959-09-07T01:49:26+00:00,179.0,FINITE_GEOMETRY_ADMISSIBLE_WITNESS,GEOMETRY_ADMISSIBLE,1,c2fa99323ae6012a790748cabb0a797fc2ad249c65e0251604e2063e5d00e586
6219,42380|134632,1,1959-09-07T01:46:27+00:00,1959-09-07T01:49:26+00:00,179.0,FINITE_GEOMETRY_ADMISSIBLE_WITNESS,GEOMETRY_ADMISSIBLE,1,013c7dbf1d278bd6bbde0f7c96bbaeb24cacdaaa57dc7f370de40d9015833ba9
6223,42381|134636,1,1959-09-07T02:07:23+00:00,1959-09-07T02:10:23+00:00,180.0,FINITE_GEOMETRY_ADMISSIBLE_WITNESS,GEOMETRY_ADMISSIBLE,1,daf190a2414167bb8431ec05527273e8ea3b85aae1f3a7c472898e139d8a75fb
6226,42382|134635,1,1959-09-07T02:18:52+00:00,1959-09-07T02:21:51+00:00,179.0,FINITE_GEOMETRY_ADMISSIBLE_WITNESS,GEOMETRY_ADMISSIBLE,1,1e2d74bedda6a630089f7ffc8e0e2a33453bc2a0aa53bcc8225f11e59ee6f30e
6227,42382|134636,1,1959-09-07T02:18:52+00:00,1959-09-07T02:21:51+00:00,179.0,FINITE_GEOMETRY_ADMISSIBLE_WITNESS,GEOMETRY_ADMISSIBLE,1,03524271346206f3f540cddea80a48ecff95957460d9566f7b4179d4c6bc035a
6230,42383|134635,1,1959-09-07T02:32:34+00:00,1959-09-07T02:35:34+00:00,180.0,FINITE_GEOMETRY_ADMISSIBLE_WITNESS,GEOMETRY_ADMISSIBLE,1,480d08c5c763fea65b56c471e076a2dfff98dd295bc0b0f3c52450c76f638766
6231,42383|134636,1,1959-09-07T02:32:34+00:00,1959-09-07T02:35:34+00:00,180.0,FINITE_GEOMETRY_ADMISSIBLE_WITNESS,GEOMETRY_ADMISSIBLE,1,415c43b6e2ac8a9dcc5a8a45a54491ad831dcd775b8749422c6a1792034b2f1f
6232,42384|134633,1,1959-09-07T02:44:47+00:00,1959-09-07T02:47:47+00:00,180.0,FINITE_GEOMETRY_ADMISSIBLE_WITNESS,GEOMETRY_ADMISSIBLE,1,282c465db310d4c51a4777980388b105fe1dbf7136105c0c14ba7d17a74b6e41
6233,42384|134634,1,1959-09-07T02:44:47+00:00,1959-09-07T02:47:47+00:00,180.0,FINITE_GEOMETRY_ADMISSIBLE_WITNESS,GEOMETRY_ADMISSIBLE,1,0f25c6bd4e986c6077e5d7509d099cd27a98af569036da41e1d6d7a802dc4c42
6234,42384|134635,1,1959-09-07T02:44:47+00:00,1959-09-07T02:47:47+00:00,180.0,FINITE_GEOMETRY_ADMISSIBLE_WITNESS,GEOMETRY_ADMISSIBLE,1,ccab7b31bfe38def80053d7d1ede12b2a3d98ccb35c1fa13f29ad3c693c8c912
6235,42384|134636,1,1959-09-07T02:44:47+00:00,1959-09-07T02:47:47+00:00,180.0,FINITE_GEOMETRY_ADMISSIBLE_WITNESS,GEOMETRY_ADMISSIBLE,1,9975749cf3812e8c7279f73c70576be4d13528a5d0fa2433307e88345af70d0d
6236,42385|134641,1,1959-09-07T20:47:00+00:00,1959-09-07T21:42:11+00:00,3311.0,FINITE_GEOMETRY_ADMISSIBLE_WITNESS,GEOMETRY_ADMISSIBLE,1,2b0c8d5ef5c2340282a389e18ed77ef42902e76d73f0bfd55d4150d641892341
6237,42385|134642,1,1959-09-07T20:47:00+00:00,1959-09-07T21:42:11+00:00,3311.0,FINITE_GEOMETRY_ADMISSIBLE_WITNESS,GEOMETRY_ADMISSIBLE,1,40465b47884de4ecb35e36f4b3fe3ddf7ab0e8452e158b5b7545917faee321d2
6238,42401|134669,1,1959-09-08T20:53:22+00:00,1959-09-08T21:40:00+00:00,2798.0,FINITE_GEOMETRY_ADMISSIBLE_WITNESS,GEOMETRY_ADMISSIBLE,2,581b3a55bb7d331d85c11229fb78c6133b3d1cb49aaab07f441072604185619f
6239,42401|134670,1,1959-09-08T20:53:22+00:00,1959-09-08T21:40:00+00:00,2798.0,FINITE_GEOMETRY_ADMISSIBLE_WITNESS,GEOMETRY_ADMISSIBLE,2,17bb481be215fbce98fde4d182c2d3150d734c40a2d9ec86314ae75acc940d0c
6243,42401|134675,1,1959-09-08T21:45:00+00:00,1959-09-08T21:53:12+00:00,492.0,FINITE_GEOMETRY_ADMISSIBLE_WITNESS,GEOMETRY_ADMISSIBLE,1,056f04aa9d8e1e49ec0ac8d65c3e6a71dbf1c114abcbda6c0e3181d4606d9427
6245,42402|134673,1,1959-09-08T22:40:05+00:00,1959-09-08T22:44:04+00:00,239.0,FINITE_GEOMETRY_ADMISSIBLE_WITNESS,GEOMETRY_ADMISSIBLE,1,3fcee5c9a219c118c81764564df1308cb19c3fcccc34d60e5c2ace46f8462232
6246,42402|134674,1,1959-09-08T22:40:05+00:00,1959-09-08T22:44:04+00:00,239.0,FINITE_GEOMETRY_ADMISSIBLE_WITNESS,GEOMETRY_ADMISSIBLE,2,093e919184f43f53a635dabc4bad497b31494076cbba3a5fd3c8eb08c9df0936
6247,42402|134675,1,1959-09-08T22:40:05+00:00,1959-09-08T22:44:04+00:00,239.0,FINITE_GEOMETRY_ADMISSIBLE_WITNESS,GEOMETRY_ADMISSIBLE,1,77bc9c8751a4a7c5c0db7a19c1ec77df61762a4ec4a4f42e89dd4f714d434faa
6248,42402|134676,1,1959-09-08T22:40:05+00:00,1959-09-08T22:44:04+00:00,239.0,FINITE_GEOMETRY_ADMISSIBLE_WITNESS,GEOMETRY_ADMISSIBLE,2,044af78cbefa35bc47770296922dcb3d490fcb82dc3107837ab2b2ae40ef364f
6249,42403|134677,1,1959-09-08T22:51:33+00:00,1959-09-08T22:54:32+00:00,179.0,FINITE_GEOMETRY_ADMISSIBLE_WITNESS,GEOMETRY_ADMISSIBLE,1,c3e45b9249121c572ffabf7fcddfda0e7a793de4e3b7aba717a48c29f9147bc1
6250,42403|134678,1,1959-09-08T22:51:33+00:00,1959-09-08T22:54:32+00:00,179.0,FINITE_GEOMETRY_ADMISSIBLE_WITNESS,GEOMETRY_ADMISSIBLE,1,45a7c24fddeae9e710bf2c6677c105c59ded6da94107aaf625433e6ed0680507
6251,42403|134679,1,1959-09-08T22:51:33+00:00,1959-09-08T22:54:32+00:00,179.0,FINITE_GEOMETRY_ADMISSIBLE_WITNESS,GEOMETRY_ADMISSIBLE,1,035c8d498eab91db7341097879eb1fd29338fb97dbcb4868dfde774978af56b4
6252,42403|134680,1,1959-09-08T22:51:33+00:00,1959-09-08T22:54:32+00:00,179.0,FINITE_GEOMETRY_ADMISSIBLE_WITNESS,GEOMETRY_ADMISSIBLE,1,01424867e0d374a4ea33f5f6ae073ab1ac914e4fa9844aa87fd1deaa8476ee0b
6253,42404|134677,1,1959-09-08T23:14:59+00:00,1959-09-08T23:18:58+00:00,239.0,FINITE_GEOMETRY_ADMISSIBLE_WITNESS,GEOMETRY_ADMISSIBLE,1,7f1e090c6434e6dccd7a933a7ecea256b2bf87e12c91ad6d892082af7ecd3149
6254,42404|134678,1,1959-09-08T23:14:59+00:00,1959-09-08T23:18:58+00:00,239.0,FINITE_GEOMETRY_ADMISSIBLE_WITNESS,GEOMETRY_ADMISSIBLE,1,3eb941fb865ca8e7f6b243156a2317245397475c0c9ea3f9cefcb23995acf58c
6255,42404|134679,1,1959-09-08T23:14:59+00:00,1959-09-08T23:18:58+00:00,239.0,FINITE_GEOMETRY_ADMISSIBLE_WITNESS,GEOMETRY_ADMISSIBLE,1,08740b740619aecca79c65251583b6aef3c625dd3f72c97a43f5a015260a3f52
6256,42404|134680,1,1959-09-08T23:14:59+00:00,1959-09-08T23:18:58+00:00,239.0,FINITE_GEOMETRY_ADMISSIBLE_WITNESS,GEOMETRY_ADMISSIBLE,1,e37f233780a4a22d40ede2fc0df243be9c73865c0577f117d696a13d5d1e33a9
6257,42405|134677,1,1959-09-08T23:30:56+00:00,1959-09-08T23:34:56+00:00,240.0,FINITE_GEOMETRY_ADMISSIBLE_WITNESS,GEOMETRY_ADMISSIBLE,2,778b6fe0b3d42a380297f95fa0f5a9f5a339ee46138ea9ebe7f7a84b0b7df506
6258,42405|134678,1,1959-09-08T23:30:56+00:00,1959-09-08T23:34:56+00:00,240.0,FINITE_GEOMETRY_ADMISSIBLE_WITNESS,GEOMETRY_ADMISSIBLE,1,3e13596f3e357c61ef8ddebf9cf96056608e62def9c46794ff32870c7d826843
6259,42405|134679,1,1959-09-08T23:30:56+00:00,1959-09-08T23:34:56+00:00,240.0,FINITE_GEOMETRY_ADMISSIBLE_WITNESS,GEOMETRY_ADMISSIBLE,1,4cdd9fb2fd3dfc2b6a903dbe47af39c38524bcfc517e9f0fc1e48745d8eef0f0
6260,42405|134680,1,1959-09-08T23:30:56+00:00,1959-09-08T23:34:56+00:00,240.0,FINITE_GEOMETRY_ADMISSIBLE_WITNESS,GEOMETRY_ADMISSIBLE,1,16af74bfc4ae65f183c0212485f444cad17c460e2b1bf225109a8e765a55d672
6271,42409|134687,1,1959-09-09T01:51:33+00:00,1959-09-09T01:54:33+00:00,180.0,FINITE_GEOMETRY_ADMISSIBLE_WITNESS,GEOMETRY_ADMISSIBLE,1,7ca9632fd26ed7c33feda302fc29e68c6dcf6d29976682eb19eb684be8e966a9
6273,42410|134689,1,1959-09-09T02:09:00+00:00,1959-09-09T02:12:00+00:00,180.0,FINITE_GEOMETRY_ADMISSIBLE_WITNESS,GEOMETRY_ADMISSIBLE,2,a61a82deb409f6e83ecfcdb5f776c5ad9140534ef1a378b314f0b881b422017a
6274,42410|134690,1,1959-09-09T02:09:00+00:00,1959-09-09T02:12:00+00:00,180.0,FINITE_GEOMETRY_ADMISSIBLE_WITNESS,GEOMETRY_ADMISSIBLE,4,f23d76f321e34cb92b1d56dc0efbf40369a052317a965531ce3fd1d80f848c1a
6275,42410|134691,1,1959-09-09T02:09:00+00:00,1959-09-09T02:12:00+00:00,180.0,FINITE_GEOMETRY_ADMISSIBLE_WITNESS,GEOMETRY_ADMISSIBLE,2,dd3e632479859af02927ced30f4afe8e811dea70f509a4bc53bc2bc1f3963b08
6276,42410|134692,1,1959-09-09T02:09:00+00:00,1959-09-09T02:12:00+00:00,180.0,FINITE_GEOMETRY_ADMISSIBLE_WITNESS,GEOMETRY_ADMISSIBLE,1,6630d344a980564d40a4c47d52fd16972dec01cc2afcfe7bbc82fdd939289b0a
6277,42411|134689,1,1959-09-09T02:21:28+00:00,1959-09-09T02:24:28+00:00,180.0,FINITE_GEOMETRY_ADMISSIBLE_WITNESS,GEOMETRY_ADMISSIBLE,3,803ff3b57bfac698498286591a3a4e3b47d5c02e4db37c4d88bd2fb6664394d6
6278,42411|134690,1,1959-09-09T02:21:28+00:00,1959-09-09T02:24:28+00:00,180.0,FINITE_GEOMETRY_ADMISSIBLE_WITNESS,GEOMETRY_ADMISSIBLE,1,56b8ec545ae7382378f50c5a1fc1f9310cbf4ca45c4a33aca86cb4333764ca3c
6279,42411|134691,1,1959-09-09T02:21:28+00:00,1959-09-09T02:24:28+00:00,180.0,FINITE_GEOMETRY_ADMISSIBLE_WITNESS,GEOMETRY_ADMISSIBLE,1,d8926cc72a8e88afd3c6aafa4ac4be3811e463a313d3e2b6965aa5b39383a854
6280,42411|134692,1,1959-09-09T02:21:28+00:00,1959-09-09T02:24:28+00:00,180.0,FINITE_GEOMETRY_ADMISSIBLE_WITNESS,GEOMETRY_ADMISSIBLE,1,dd6852f926d8c7bdc04959a199d7d8fd7de34a0a7f209bee8dc2750e6d89f9a6
6289,42471|134825,1,1959-09-27T20:44:29+00:00,1959-09-27T20:47:00+00:00,151.0,FINITE_GEOMETRY_ADMISSIBLE_WITNESS,GEOMETRY_ADMISSIBLE,2,02b142ac899412d0914e21726efc501ac67a461328e715093539bdb8d405bced
6290,42471|134826,1,1959-09-27T20:44:29+00:00,1959-09-27T20:47:00+00:00,151.0,FINITE_GEOMETRY_ADMISSIBLE_WITNESS,GEOMETRY_ADMISSIBLE,1,b498031890ddf45e7eb60d85828d84bd398649436e62ee8f7c351543f4ea6da0
6291,42471|134827,1,1959-09-27T20:44:29+00:00,1959-09-27T20:47:00+00:00,151.0,FINITE_GEOMETRY_ADMISSIBLE_WITNESS,GEOMETRY_ADMISSIBLE,1,11121c9f6c49c8a4f3a465cbe709fb9298c54500dda023c4ad12287f564129a3
6293,42472|134829,1,1959-09-27T20:55:57+00:00,1959-09-27T20:58:57+00:00,180.0,FINITE_GEOMETRY_ADMISSIBLE_WITNESS,GEOMETRY_ADMISSIBLE,2,90be94c0e6cce262b2a8ec6ce4770999544cd2bf49571c4a825faead6d879510
6294,42472|134830,1,1959-09-27T20:55:57+00:00,1959-09-27T20:58:57+00:00,180.0,FINITE_GEOMETRY_ADMISSIBLE_WITNESS,GEOMETRY_ADMISSIBLE,1,965aa61d7cb83ec2be0a5934502afa58178a6e291875f680619e8b05a8865fa6
6295,42472|134831,1,1959-09-27T20:55:57+00:00,1959-09-27T20:58:57+00:00,180.0,FINITE_GEOMETRY_ADMISSIBLE_WITNESS,GEOMETRY_ADMISSIBLE,1,bb73012df81d1e56bcb0f9cd0a8b3ae7a34722856f15dda6cf69764efcc391d8
6296,42473|134829,1,1959-09-27T21:16:54+00:00,1959-09-27T21:19:53+00:00,179.0,FINITE_GEOMETRY_ADMISSIBLE_WITNESS,GEOMETRY_ADMISSIBLE,1,3917ad55f27b51d86983887ba8ed5a57a5fff7e54bf355edcc5e36e3682d5e46
6297,42473|134830,1,1959-09-27T21:16:54+00:00,1959-09-27T21:19:53+00:00,179.0,FINITE_GEOMETRY_ADMISSIBLE_WITNESS,GEOMETRY_ADMISSIBLE,1,a4ae8ebf6490028b6e7f66ba280a28c734104681d4042b1b6d823abfd4725f6b
6298,42473|134831,1,1959-09-27T21:16:54+00:00,1959-09-27T21:19:53+00:00,179.0,FINITE_GEOMETRY_ADMISSIBLE_WITNESS,GEOMETRY_ADMISSIBLE,1,b25ae71b0c2b432ad4cc8718d556dacf58c0298fbb04846516c0d2b3d59f4a4e
6299,42477|134837,1,1959-09-27T23:04:06+00:00,1959-09-27T23:07:06+00:00,180.0,FINITE_GEOMETRY_ADMISSIBLE_WITNESS,GEOMETRY_ADMISSIBLE,1,aaeff00b55f63d46a4accfffcfa4aaf3e48aa68512a0e0935e9f44530d286081
6301,42477|134839,1,1959-09-27T23:04:06+00:00,1959-09-27T23:07:06+00:00,180.0,FINITE_GEOMETRY_ADMISSIBLE_WITNESS,GEOMETRY_ADMISSIBLE,1,113fdf663512bc5d9f255d8e9677baf3c6f5403adc65d4d919f02353b5fef90b
6302,42478|134837,1,1959-09-27T23:32:32+00:00,1959-09-27T23:35:31+00:00,179.0,FINITE_GEOMETRY_ADMISSIBLE_WITNESS,GEOMETRY_ADMISSIBLE,1,07dd2ef78b13034a85ce9a6833709f605f943a0f1e34ca0b86f67d0db1081c9e
6303,42478|134838,1,1959-09-27T23:32:32+00:00,1959-09-27T23:35:31+00:00,179.0,FINITE_GEOMETRY_ADMISSIBLE_WITNESS,GEOMETRY_ADMISSIBLE,1,d2b05197c8497b945ca9ca0a2445a78beb0ca60c453d2003675fe236f21f600b
6304,42478|134839,1,1959-09-27T23:32:32+00:00,1959-09-27T23:35:31+00:00,179.0,FINITE_GEOMETRY_ADMISSIBLE_WITNESS,GEOMETRY_ADMISSIBLE,1,1da6ccb64ddf56bfa8c242a989d5a9fbbbe8d90c8710693d02ea21b8f12c915c
6307,42479|134844,1,1959-09-28T00:10:55+00:00,1959-09-28T00:13:55+00:00,180.0,FINITE_GEOMETRY_ADMISSIBLE_WITNESS,GEOMETRY_ADMISSIBLE,1,bf71921d4fa401619e8f6d71968752425910c31b7a73a12070a223ad0506e0c2
6310,42480|134844,1,1959-09-28T00:22:08+00:00,1959-09-28T00:25:08+00:00,180.0,FINITE_GEOMETRY_ADMISSIBLE_WITNESS,GEOMETRY_ADMISSIBLE,1,ebd980a409f5492ae0649b0ffc2f1dea91b1ece040d744afab825d8c7a26a7b8
6316,42522|134975,1,1959-10-02T00:23:07+00:00,1959-10-02T00:26:07+00:00,180.0,FINITE_GEOMETRY_ADMISSIBLE_WITNESS,GEOMETRY_ADMISSIBLE,3,122bcdbbbabbef9ffcbf309849161bf142a3e56956172da23be989a5eb52b42a
6320,42523|134975,1,1959-10-02T00:36:05+00:00,1959-10-02T00:39:04+00:00,179.0,FINITE_GEOMETRY_ADMISSIBLE_WITNESS,GEOMETRY_ADMISSIBLE,2,40123cd002d597823d853e3bb277428202ef01ca93a3ba2d6adcef93d06fcfa7
6332,42527|134979,1,1959-10-02T01:35:25+00:00,1959-10-02T01:38:24+00:00,179.0,FINITE_GEOMETRY_ADMISSIBLE_WITNESS,GEOMETRY_ADMISSIBLE,1,4a9d3669feb7e60d80192bb302b40486b23924db2ae18023cb6d712a90cc6af6
6334,42528|134977,1,1959-10-02T01:47:23+00:00,1959-10-02T01:50:22+00:00,179.0,FINITE_GEOMETRY_ADMISSIBLE_WITNESS,GEOMETRY_ADMISSIBLE,1,c952c82f880f9fbddd5a2019f3bcf2290e30524f590bd7cf8cb3bf745b0dfce7
6335,42528|134978,1,1959-10-02T01:47:23+00:00,1959-10-02T01:50:22+00:00,179.0,FINITE_GEOMETRY_ADMISSIBLE_WITNESS,GEOMETRY_ADMISSIBLE,1,7af3da1cdde31b0b6bba807897c182dbd4a4dcefdb8659d6ca38bc02de1dd256
6336,42528|134979,1,1959-10-02T01:47:23+00:00,1959-10-02T01:50:22+00:00,179.0,FINITE_GEOMETRY_ADMISSIBLE_WITNESS,GEOMETRY_ADMISSIBLE,1,b4703e61bf7db0fa6bb2ab7cdcd1d559bdea2b778752ce791ee3c5502b762aeb
6359,42541|135056,1,1959-10-04T21:40:44+00:00,1959-10-04T21:43:43+00:00,179.0,FINITE_GEOMETRY_ADMISSIBLE_WITNESS,GEOMETRY_ADMISSIBLE,1,d9341894fa0037b2d2f0bbab85b145a31dbaf361185778446c584450b285b7d8
6360,42541|135057,1,1959-10-04T21:40:44+00:00,1959-10-04T21:43:43+00:00,179.0,FINITE_GEOMETRY_ADMISSIBLE_WITNESS,GEOMETRY_ADMISSIBLE,1,6c189ab88bef358de3cf4f0bff57bf149ce1261c7b9ee4aa6d56b5fba977bd70
6361,42541|135058,1,1959-10-04T21:40:44+00:00,1959-10-04T21:43:43+00:00,179.0,FINITE_GEOMETRY_ADMISSIBLE_WITNESS,GEOMETRY_ADMISSIBLE,1,e067b11a9ce8d61298b123e9979371e6df90f0e2f02d0132f0345c78a421a8fd
6362,42542|135056,1,1959-10-04T21:51:12+00:00,1959-10-04T21:54:12+00:00,180.0,FINITE_GEOMETRY_ADMISSIBLE_WITNESS,GEOMETRY_ADMISSIBLE,1,a4f5f662685d9fafaf760eff07ca0716d91be8aee77ed327e7fafbc0b3d4d997
6363,42542|135057,1,1959-10-04T21:51:12+00:00,1959-10-04T21:54:12+00:00,180.0,FINITE_GEOMETRY_ADMISSIBLE_WITNESS,GEOMETRY_ADMISSIBLE,1,0bcf5704b9c94b13de2ec4cbe35292d980727f4d0b3a456506a4abac7fc39095
6364,42542|135058,1,1959-10-04T21:51:12+00:00,1959-10-04T21:54:12+00:00,180.0,FINITE_GEOMETRY_ADMISSIBLE_WITNESS,GEOMETRY_ADMISSIBLE,1,f468d2f46f802ca4b1f67901c987b5a85cfafe6d326da78414c4f6228627fbb1
6365,42543|135060,1,1959-10-04T22:08:39+00:00,1959-10-04T22:11:39+00:00,180.0,FINITE_GEOMETRY_ADMISSIBLE_WITNESS,GEOMETRY_ADMISSIBLE,2,138ff2516b8786d50f5964929e961ab3a2c214b1c2b0c24d1b24b90d00f08938
6366,42543|135061,1,1959-10-04T22:08:39+00:00,1959-10-04T22:11:39+00:00,180.0,FINITE_GEOMETRY_ADMISSIBLE_WITNESS,GEOMETRY_ADMISSIBLE,1,d7aedadf6d3501965e8f21edb8b84001e58f871298cd4b76c965fc88b18392c1
6367,42543|135062,1,1959-10-04T22:08:39+00:00,1959-10-04T22:11:39+00:00,180.0,FINITE_GEOMETRY_ADMISSIBLE_WITNESS,GEOMETRY_ADMISSIBLE,1,4ece07c97521389363e805a9a6f4bbfbf0c9932294e87ef65c806a91a668402e
6368,42544|135060,1,1959-10-04T22:19:38+00:00,1959-10-04T22:22:37+00:00,179.0,FINITE_GEOMETRY_ADMISSIBLE_WITNESS,GEOMETRY_ADMISSIBLE,1,5c2bea5ddcf1c619b3ec46f5ce1a69f8fbe9fc4b9c791ea262fb9eda4c93c2c3
6369,42544|135061,1,1959-10-04T22:19:38+00:00,1959-10-04T22:22:37+00:00,179.0,FINITE_GEOMETRY_ADMISSIBLE_WITNESS,GEOMETRY_ADMISSIBLE,2,1326d361e7838c2397ed71e66bd7e4d99cdd9b078aa711b347558427596d574c
6370,42544|135062,1,1959-10-04T22:19:38+00:00,1959-10-04T22:22:37+00:00,179.0,FINITE_GEOMETRY_ADMISSIBLE_WITNESS,GEOMETRY_ADMISSIBLE,1,21e6faabc495f3d3ef88b6fb6eaf6d127c7d6cf5d076b79cb65a6cb99df2b41f
6489,42669|135312,1,1959-11-20T18:03:01+00:00,1959-11-20T18:06:00+00:00,179.0,FINITE_GEOMETRY_ADMISSIBLE_WITNESS,GEOMETRY_ADMISSIBLE,1,051abea90e9aeb91e9561f367750c6fbdac1c9ee052844129335fa94b813c099
6496,42704|135504,1,1960-02-21T19:11:10+00:00,1960-02-21T19:11:30+00:00,20.0,FINITE_GEOMETRY_ADMISSIBLE_WITNESS,GEOMETRY_ADMISSIBLE,1,850d2220655d493da5662b8d03d4c34bdb7599043488409b88f250e4a8d02b07
6497,42704|135505,1,1960-02-21T19:11:10+00:00,1960-02-21T19:11:30+00:00,20.0,FINITE_GEOMETRY_ADMISSIBLE_WITNESS,GEOMETRY_ADMISSIBLE,1,e786f9d885dc1a7e91f09351153ce0b2e75248683bb2b1874eb4ffb10fd45e07
6498,42704|135506,1,1960-02-21T19:11:10+00:00,1960-02-21T19:11:30+00:00,20.0,FINITE_GEOMETRY_ADMISSIBLE_WITNESS,GEOMETRY_ADMISSIBLE,1,90d47abee5dae36f4754ce7859051d2ead97f458c72b7dfa2e989d8749add70d
6520,42737|135623,1,1960-03-23T23:58:11+00:00,1960-03-24T00:16:00+00:00,1069.0,FINITE_GEOMETRY_ADMISSIBLE_WITNESS,GEOMETRY_ADMISSIBLE,1,3fdba85fcb513ac02d19f890d725b74e24d6a6d66f2afcc47df3cc22a230a1d4
6521,42737|135624,1,1960-03-23T23:58:11+00:00,1960-03-24T00:16:00+00:00,1069.0,FINITE_GEOMETRY_ADMISSIBLE_WITNESS,GEOMETRY_ADMISSIBLE,1,4ef2c8af07d479c7a7d60484f4a4314d0489b8b2904f613f413b186a62ae05e2
6522,42737|135625,1,1960-03-23T23:58:11+00:00,1960-03-24T00:16:00+00:00,1069.0,FINITE_GEOMETRY_ADMISSIBLE_WITNESS,GEOMETRY_ADMISSIBLE,1,8385ddf683d822a342293357d44aacfe202aa19a94b4ed0d7382bd3898d0a2e0
6523,42737|135626,1,1960-03-23T23:58:11+00:00,1960-03-24T00:16:00+00:00,1069.0,FINITE_GEOMETRY_ADMISSIBLE_WITNESS,GEOMETRY_ADMISSIBLE,1,77f89229cbc47aaabd718d0ea7abc6739340eea20d177a12229e01c8d19d87c0
6525,42738|135628,1,1960-03-24T00:27:06+00:00,1960-03-24T00:34:05+00:00,419.0,FINITE_GEOMETRY_ADMISSIBLE_WITNESS,GEOMETRY_ADMISSIBLE,1,d24b5d950c5f7ba7193b79a6e6146d8d60df7c1f7159f33f67ca95a57c417019
6528,42738|135631,1,1960-03-24T00:27:06+00:00,1960-03-24T00:34:05+00:00,419.0,FINITE_GEOMETRY_ADMISSIBLE_WITNESS,GEOMETRY_ADMISSIBLE,2,c43e25b03292f457e036431d6dd930f530acecfa031c779d993cc18316217cc7
6532,42739|135631,1,1960-03-24T00:34:34+00:00,1960-03-24T00:36:34+00:00,120.0,FINITE_GEOMETRY_ADMISSIBLE_WITNESS,GEOMETRY_ADMISSIBLE,2,024d61514581a3207ac5ea9b2a523438cd9771ce6964acdc52f30f79aa10808b
6536,42740|135631,1,1960-03-24T00:44:33+00:00,1960-03-24T00:59:30+00:00,897.0,FINITE_GEOMETRY_ADMISSIBLE_WITNESS,GEOMETRY_ADMISSIBLE,2,37d322fdaae50881751d52f8418295ec353ee2efcfa4ab243ea3511b91f63aba
6552,42744|135648,1,1960-03-24T20:19:49+00:00,1960-03-24T20:25:49+00:00,360.0,FINITE_GEOMETRY_ADMISSIBLE_WITNESS,GEOMETRY_ADMISSIBLE,1,f0503cca761fd17f6a89ccbd0542612b5870648d92c87d294332ed8c74e33880
6553,42744|135649,1,1960-03-24T20:19:49+00:00,1960-03-24T20:25:49+00:00,360.0,FINITE_GEOMETRY_ADMISSIBLE_WITNESS,GEOMETRY_ADMISSIBLE,1,5ead944f60321dc5f72a531ae63c16cfd6c548c22ba5c22d7884c250c5c9dbbd
6556,42745|135648,1,1960-03-24T20:56:44+00:00,1960-03-24T21:01:00+00:00,256.0,FINITE_GEOMETRY_ADMISSIBLE_WITNESS,GEOMETRY_ADMISSIBLE,1,bfa633b1d738b5decaa5a6ffdd6263c8761e50a7f464da76b86034cccd2730fa
6557,42745|135649,1,1960-03-24T20:56:44+00:00,1960-03-24T21:01:00+00:00,256.0,FINITE_GEOMETRY_ADMISSIBLE_WITNESS,GEOMETRY_ADMISSIBLE,1,dd249859f05488b08048e325b367de8dfba1b335a17e4090e6b3237b4782d63b
6560,42746|135653,1,1960-03-24T21:39:37+00:00,1960-03-24T21:49:35+00:00,598.0,FINITE_GEOMETRY_ADMISSIBLE_WITNESS,GEOMETRY_ADMISSIBLE,1,7bc17907752d5fc8aebba55c452f5c6552130939d90cb025956daaaf3e68742c
6561,42746|135654,1,1960-03-24T21:39:37+00:00,1960-03-24T21:49:35+00:00,598.0,FINITE_GEOMETRY_ADMISSIBLE_WITNESS,GEOMETRY_ADMISSIBLE,1,bf5022a8cb680e9972747e788b1172cae251316048c7e8fa6f87859226494219
6570,42761|135718,1,1960-04-01T23:03:50+00:00,1960-04-01T23:07:50+00:00,240.0,FINITE_GEOMETRY_ADMISSIBLE_WITNESS,GEOMETRY_ADMISSIBLE,1,52a74084063c9363f886e5108cd3ae6857827b7efd1544229fb100fb2c5dab87
6571,42761|135719,1,1960-04-01T23:03:50+00:00,1960-04-01T23:07:50+00:00,240.0,FINITE_GEOMETRY_ADMISSIBLE_WITNESS,GEOMETRY_ADMISSIBLE,2,260cf49daf56809e7cc653c2ad0ce7024ca7e17fe941a5f2d474ebe962aff541
6572,42761|135720,1,1960-04-01T23:03:50+00:00,1960-04-01T23:07:50+00:00,240.0,FINITE_GEOMETRY_ADMISSIBLE_WITNESS,GEOMETRY_ADMISSIBLE,2,c889ad34a70220122604cad65370e40dd8b6fd426fe57f95d9e1501074758150
6574,42762|135718,1,1960-04-01T23:16:48+00:00,1960-04-01T23:20:48+00:00,240.0,FINITE_GEOMETRY_ADMISSIBLE_WITNESS,GEOMETRY_ADMISSIBLE,1,ba2bcb369db95d28db7fda3eaaea6c10868abf0bdf2f5377e4641a7f90f7915a
6575,42762|135719,1,1960-04-01T23:16:48+00:00,1960-04-01T23:20:48+00:00,240.0,FINITE_GEOMETRY_ADMISSIBLE_WITNESS,GEOMETRY_ADMISSIBLE,2,9874ba6ba79708e403f10407f7bf69f22adddcb7f23aac5bb1bfc89aa7f5a0fb
6576,42762|135720,1,1960-04-01T23:16:48+00:00,1960-04-01T23:20:48+00:00,240.0,FINITE_GEOMETRY_ADMISSIBLE_WITNESS,GEOMETRY_ADMISSIBLE,1,fc4437c0e9835d4ee9d765fd7d5b93cf7e01321dca6142dbf0ced28ce81d6169
6578,42763|135723,1,1960-04-01T23:54:42+00:00,1960-04-01T23:58:41+00:00,239.0,FINITE_GEOMETRY_ADMISSIBLE_WITNESS,GEOMETRY_ADMISSIBLE,2,79ae4ebc05069705cfa3df6584c137fa43cbcad3143cf1ba0ec816e370834178
6579,42763|135724,1,1960-04-01T23:54:42+00:00,1960-04-01T23:58:41+00:00,239.0,FINITE_GEOMETRY_ADMISSIBLE_WITNESS,GEOMETRY_ADMISSIBLE,1,decef3cdac99d2eac15e97388792b98f6276eaea3f817f6e2f10c23dac4f5dbb
6580,42763|135725,1,1960-04-01T23:54:42+00:00,1960-04-01T23:58:41+00:00,239.0,FINITE_GEOMETRY_ADMISSIBLE_WITNESS,GEOMETRY_ADMISSIBLE,1,15b5a42654f9e513b128f95ec08629ff0429117c4e18e26565ff39d1f35203e7
6581,42763|135726,1,1960-04-01T23:54:42+00:00,1960-04-01T23:58:41+00:00,239.0,FINITE_GEOMETRY_ADMISSIBLE_WITNESS,GEOMETRY_ADMISSIBLE,1,deae8acd31000aa6d7e4dc1ad84079c565636046909dc59d97098e4823843cf3
6583,42764|135723,1,1960-04-02T00:07:40+00:00,1960-04-02T00:11:39+00:00,239.0,FINITE_GEOMETRY_ADMISSIBLE_WITNESS,GEOMETRY_ADMISSIBLE,1,d15c6f7b04fbb2077e67d9e87d021276c2af5429f4cfc2cc21fb7df6a66512a3
6584,42764|135724,1,1960-04-02T00:07:40+00:00,1960-04-02T00:11:39+00:00,239.0,FINITE_GEOMETRY_ADMISSIBLE_WITNESS,GEOMETRY_ADMISSIBLE,3,1424492f96810708b81bcfc7289c6de1b9c75ff93127cba8cc8e1477c2964793
6585,42764|135725,1,1960-04-02T00:07:40+00:00,1960-04-02T00:11:39+00:00,239.0,FINITE_GEOMETRY_ADMISSIBLE_WITNESS,GEOMETRY_ADMISSIBLE,1,5a96a7650c434efd19ec8972d634392122e307ce89987c9d1375507d8a3622bc
6588,42765|135723,1,1960-04-02T00:28:36+00:00,1960-04-02T00:32:00+00:00,204.0,FINITE_GEOMETRY_ADMISSIBLE_WITNESS,GEOMETRY_ADMISSIBLE,1,94df8e2e9c390d9277ee8bff974871fbcc538dd1b518966f8b7ae01148181af9
6589,42765|135724,1,1960-04-02T00:28:36+00:00,1960-04-02T00:32:00+00:00,204.0,FINITE_GEOMETRY_ADMISSIBLE_WITNESS,GEOMETRY_ADMISSIBLE,1,ea3254989c42747db437faf59fe3036793689308ae138fc9b9c0068961665686
6590,42765|135725,1,1960-04-02T00:28:36+00:00,1960-04-02T00:32:00+00:00,204.0,FINITE_GEOMETRY_ADMISSIBLE_WITNESS,GEOMETRY_ADMISSIBLE,1,185ed9044eea0b7dc754ec39b5d60e057e4c38fc1967ae1516eeb4658f814f70
6593,42766|135728,1,1960-04-02T00:43:34+00:00,1960-04-02T00:47:33+00:00,239.0,FINITE_GEOMETRY_ADMISSIBLE_WITNESS,GEOMETRY_ADMISSIBLE,1,9afe5cb5b54fa8f3686ed89bda75a3952d529850bf0f681daae5372b8edeb873
6594,42766|135729,1,1960-04-02T00:43:34+00:00,1960-04-02T00:47:33+00:00,239.0,FINITE_GEOMETRY_ADMISSIBLE_WITNESS,GEOMETRY_ADMISSIBLE,2,0d26825426d7366e78b55e1673b38cc6f17e1fc7ee5ca6b7bab10cfedb3e5f75
6595,42766|135730,1,1960-04-02T00:43:34+00:00,1960-04-02T00:47:33+00:00,239.0,FINITE_GEOMETRY_ADMISSIBLE_WITNESS,GEOMETRY_ADMISSIBLE,1,e92ba286e4b01bb3d1bc50010c9526554441d465c219e99f6ca22c0ff588b206
6601,42919|136176,1,1960-09-13T20:09:47+00:00,1960-09-13T20:11:47+00:00,120.0,FINITE_GEOMETRY_ADMISSIBLE_WITNESS,GEOMETRY_ADMISSIBLE,2,e2323b003b66bc0b6855bc6c0e9b76f6f504893ed021f34a07e301cd73e9614d
6602,42919|136177,1,1960-09-13T20:09:47+00:00,1960-09-13T20:11:47+00:00,120.0,FINITE_GEOMETRY_ADMISSIBLE_WITNESS,GEOMETRY_ADMISSIBLE,1,37e5869df395e848ce03168b284cf3811792896997f8789ba615c236977eddc6
6604,42920|136176,1,1960-09-13T20:27:44+00:00,1960-09-13T20:47:41+00:00,1197.0,FINITE_GEOMETRY_ADMISSIBLE_WITNESS,GEOMETRY_ADMISSIBLE,1,247e7655fb7c6f9d512a399770e04c4de1c8494135f8f22f2959389eb4472f89
6605,42920|136177,1,1960-09-13T20:27:44+00:00,1960-09-13T20:47:41+00:00,1197.0,FINITE_GEOMETRY_ADMISSIBLE_WITNESS,GEOMETRY_ADMISSIBLE,1,422fe7b6269fc9a74396fdb695c42b059bac9881c57fd066d0b4b112ca14b845
6607,42921|136176,1,1960-09-13T20:56:39+00:00,1960-09-13T21:00:39+00:00,240.0,FINITE_GEOMETRY_ADMISSIBLE_WITNESS,GEOMETRY_ADMISSIBLE,1,8071bf9ed841b791d4db9a5e82405bf4067d91f4f3f64605126a78e6d48bd501
6608,42921|136177,1,1960-09-13T20:56:39+00:00,1960-09-13T21:00:39+00:00,240.0,FINITE_GEOMETRY_ADMISSIBLE_WITNESS,GEOMETRY_ADMISSIBLE,1,09b200fddb960c13fd77ddd2ab53b2343faedb327a2c152027abb6bd254753f2
6620,43040|136399,1,1960-11-17T00:29:15+00:00,1960-11-17T00:41:00+00:00,705.0,FINITE_GEOMETRY_ADMISSIBLE_WITNESS,GEOMETRY_ADMISSIBLE,1,d3c96e0c06e669ba77b854e2a83a8a52e52a16332b68c73c05dccff57fae0682
6621,43040|136400,1,1960-11-17T00:29:15+00:00,1960-11-17T00:41:00+00:00,705.0,FINITE_GEOMETRY_ADMISSIBLE_WITNESS,GEOMETRY_ADMISSIBLE,1,758ce192ef3ea69802bdd313d9595e3f0c9801ab412eb7a67846e41223977c9f
6622,43040|136401,1,1960-11-17T00:29:15+00:00,1960-11-17T00:41:00+00:00,705.0,FINITE_GEOMETRY_ADMISSIBLE_WITNESS,GEOMETRY_ADMISSIBLE,1,8a4b7306a8f58fde57ce0297e49b1975a04ca2d259d1196b695ddb9b5630fd6e
6623,43040|136402,1,1960-11-17T00:29:15+00:00,1960-11-17T00:41:00+00:00,705.0,FINITE_GEOMETRY_ADMISSIBLE_WITNESS,GEOMETRY_ADMISSIBLE,1,0ae0f07d98fee4d5f9126943dff8402377f908f769e4981538cb9750f6f40368
6625,43084|136590,1,1961-01-17T19:15:10+00:00,1961-01-17T19:28:00+00:00,770.0,FINITE_GEOMETRY_ADMISSIBLE_WITNESS,GEOMETRY_ADMISSIBLE,2,2588de4518708cdcde7a33c222fa66adc44ae9a7e6dda8bc0a483d78d2554b4b
6630,43084|136595,1,1961-01-17T19:34:00+00:00,1961-01-17T19:55:03+00:00,1263.0,FINITE_GEOMETRY_ADMISSIBLE_WITNESS,GEOMETRY_ADMISSIBLE,1,ee56e95292d91244888c908f722bdb18b94467957848cad9f6e83c85b9c208a8
6641,43087|136635,1,1961-01-18T17:48:57+00:00,1961-01-18T18:15:00+00:00,1563.0,FINITE_GEOMETRY_ADMISSIBLE_WITNESS,GEOMETRY_ADMISSIBLE,1,f13f2a0de24a24fe601b50e5cf0c4b09672bc564b936db3ef3fa0a2e7b780175
6646,43087|136640,1,1961-01-18T18:20:00+00:00,1961-01-18T18:28:51+00:00,531.0,FINITE_GEOMETRY_ADMISSIBLE_WITNESS,GEOMETRY_ADMISSIBLE,1,01552bf9af5200b01d2a4858856ccb04834ede92a6626a37696930aaef8e167b
6651,43088|136640,1,1961-01-18T18:40:19+00:00,1961-01-18T19:20:00+00:00,2381.0,FINITE_GEOMETRY_ADMISSIBLE_WITNESS,GEOMETRY_ADMISSIBLE,1,ee86fe68d8b97fa3fc867252bc1958333752fce4614e2f06e7e45275f1563f99
6656,43088|136645,1,1961-01-18T19:28:00+00:00,1961-01-18T19:40:09+00:00,729.0,FINITE_GEOMETRY_ADMISSIBLE_WITNESS,GEOMETRY_ADMISSIBLE,1,addf7e067e6f3c6a00a326b26a6d7beaccfd029abeded769e007c9a160396ac7
6663,43089|136658,1,1961-01-18T21:41:00+00:00,1961-01-18T22:37:41+00:00,3401.0,FINITE_GEOMETRY_ADMISSIBLE_WITNESS,GEOMETRY_ADMISSIBLE,1,e2b9c75cd7aed00c60012be84f7fe3683102fb539dab3225484985fdc21d6d8c
6669,43091|136695,1,1961-01-19T19:52:11+00:00,1961-01-19T20:22:06+00:00,1795.0,FINITE_GEOMETRY_ADMISSIBLE_WITNESS,GEOMETRY_ADMISSIBLE,1,95fa8299674cd63a75fb442e6958fe70712acf25b0f56dbcc25af3156fa24c24
6673,43092|136695,1,1961-01-19T20:39:03+00:00,1961-01-19T20:48:00+00:00,537.0,FINITE_GEOMETRY_ADMISSIBLE_WITNESS,GEOMETRY_ADMISSIBLE,2,d01018907d2a277ce7ab66a510dfa91d31639fd91c971300b7c5356e620f63cb
6674,43092|136696,1,1961-01-19T20:39:03+00:00,1961-01-19T20:48:00+00:00,537.0,FINITE_GEOMETRY_ADMISSIBLE_WITNESS,GEOMETRY_ADMISSIBLE,1,31add162e75ae43012f3f64f0e28bbe5bc5d5f18e11cb20e9924907b07b40d80
6675,43092|136697,1,1961-01-19T20:39:03+00:00,1961-01-19T20:48:00+00:00,537.0,FINITE_GEOMETRY_ADMISSIBLE_WITNESS,GEOMETRY_ADMISSIBLE,1,6d0adab7717891eb572fd2aa8015b3b9e2598a6cb5bc344ec61afbb1733fe47e
6676,43092|136698,1,1961-01-19T20:39:03+00:00,1961-01-19T20:48:00+00:00,537.0,FINITE_GEOMETRY_ADMISSIBLE_WITNESS,GEOMETRY_ADMISSIBLE,1,58ac164f6ecd8b5beaedba336cd3af2345ee917ce4a234025d980765945fdc22
6677,43092|136700,1,1961-01-19T20:54:00+00:00,1961-01-19T21:08:59+00:00,899.0,FINITE_GEOMETRY_ADMISSIBLE_WITNESS,GEOMETRY_ADMISSIBLE,1,a5aec79f27345120e2e83061d758ca196a75b06681d753b5c7b445a48de2d53e
6679,43092|136702,1,1961-01-19T20:54:00+00:00,1961-01-19T21:08:59+00:00,899.0,FINITE_GEOMETRY_ADMISSIBLE_WITNESS,GEOMETRY_ADMISSIBLE,1,dc4968143e901386809dea31cf61ca21c60f5280c40b39e44e5cded25d996570
6680,43092|136703,1,1961-01-19T20:54:00+00:00,1961-01-19T21:08:59+00:00,899.0,FINITE_GEOMETRY_ADMISSIBLE_WITNESS,GEOMETRY_ADMISSIBLE,1,a5d0de81e14f71deb9a9c77c35f5d114584d138be08702eeb4f0b0fa5efb69f1
6682,43456|137271,1,1961-10-04T23:48:37+00:00,1961-10-04T23:58:35+00:00,598.0,FINITE_GEOMETRY_ADMISSIBLE_WITNESS,GEOMETRY_ADMISSIBLE,3,ef1aed316a749c7cc4347d5047afc389b04bf716cfb0f4c7f9ca8dc8564e65d3
6683,43456|137272,1,1961-10-04T23:48:37+00:00,1961-10-04T23:58:35+00:00,598.0,FINITE_GEOMETRY_ADMISSIBLE_WITNESS,GEOMETRY_ADMISSIBLE,1,a10743e0dabd78222c73b5d157dea97ac0761989d7a72d1f314d94b39a39a42d
6684,43456|137273,1,1961-10-04T23:48:37+00:00,1961-10-04T23:58:35+00:00,598.0,FINITE_GEOMETRY_ADMISSIBLE_WITNESS,GEOMETRY_ADMISSIBLE,1,348b192f3e1ede7c324f8d3e31f3d9cffe8ddb8fd558be0d0b48efdebf5f02e4
6686,43456|137276,1,1961-10-04T23:48:37+00:00,1961-10-04T23:58:35+00:00,598.0,FINITE_GEOMETRY_ADMISSIBLE_WITNESS,GEOMETRY_ADMISSIBLE,1,be2a9322d47c213047459585b6099e1bd13d90e4e414e12ee3bc0c9c587b43a5
6720,43473|137394,1,1961-10-09T19:34:20+00:00,1961-10-09T19:39:19+00:00,299.0,FINITE_GEOMETRY_ADMISSIBLE_WITNESS,GEOMETRY_ADMISSIBLE,1,6de2fe792b96ac0ae47cef2871f1720a93cb7f14673dc689a8bcd9d80af9b132
6783,43635|138103,1,1962-09-01T21:15:05+00:00,1962-09-01T21:35:02+00:00,1197.0,FINITE_GEOMETRY_ADMISSIBLE_WITNESS,GEOMETRY_ADMISSIBLE,1,70bd7a99c9f434c3dcd83deb89012a551623650f6cfe00cfb95337d21add1d4c
6785,43635|138105,1,1962-09-01T21:15:05+00:00,1962-09-01T21:35:02+00:00,1197.0,FINITE_GEOMETRY_ADMISSIBLE_WITNESS,GEOMETRY_ADMISSIBLE,1,4de82a7ecd2f79cf974ae17add433f4628d3d6556c4adae36fc954b3f04832f2
6786,43635|138106,1,1962-09-01T21:15:05+00:00,1962-09-01T21:35:02+00:00,1197.0,FINITE_GEOMETRY_ADMISSIBLE_WITNESS,GEOMETRY_ADMISSIBLE,1,fc33bfe200d6b787c804f3c54fc11ead778e49f48d879abfbc90b8c90f708964
6787,43635|138107,1,1962-09-01T21:15:05+00:00,1962-09-01T21:35:02+00:00,1197.0,FINITE_GEOMETRY_ADMISSIBLE_WITNESS,GEOMETRY_ADMISSIBLE,1,383c4c74dd3afe990500fd4bf8a96420284a12b2d80faff802394cb3504a9bd0
6791,43636|138111,1,1962-09-01T21:58:00+00:00,1962-09-01T22:03:42+00:00,342.0,FINITE_GEOMETRY_ADMISSIBLE_WITNESS,GEOMETRY_ADMISSIBLE,1,556b39746f54f8d2afe8008fae8b9991092d3a782f9682830549aec24aa3b95b
6799,43637|138111,1,1962-09-01T22:10:46+00:00,1962-09-01T22:12:45+00:00,119.0,FINITE_GEOMETRY_ADMISSIBLE_WITNESS,GEOMETRY_ADMISSIBLE,1,1975415078463d8155e98fc03a16262ffe96fdf7ede6bf0bd26b9955cdafdd2a
6804,43638|138108,1,1962-09-01T22:44:35+00:00,1962-09-01T22:58:00+00:00,805.0,FINITE_GEOMETRY_ADMISSIBLE_WITNESS,GEOMETRY_ADMISSIBLE,1,1f74f0b906e9c1d79a5f80ac48c566745d69439abc55b303dec2ebf4e5a89670
6805,43638|138109,1,1962-09-01T22:44:35+00:00,1962-09-01T22:58:00+00:00,805.0,FINITE_GEOMETRY_ADMISSIBLE_WITNESS,GEOMETRY_ADMISSIBLE,1,c69cc230a4dc1f5a4f309d49b99bfb98e1d15377004030b00b2a738fdf754b35
6806,43638|138110,1,1962-09-01T22:44:35+00:00,1962-09-01T22:58:00+00:00,805.0,FINITE_GEOMETRY_ADMISSIBLE_WITNESS,GEOMETRY_ADMISSIBLE,1,85dbb8ab236f8439539362d914c15857578d7aef0d436ca41f214ce70493831c
6809,43638|138113,1,1962-09-01T22:44:35+00:00,1962-09-01T22:58:00+00:00,805.0,FINITE_GEOMETRY_ADMISSIBLE_WITNESS,GEOMETRY_ADMISSIBLE,2,941c8d911ca8001abdd5e31dd6f244a8f5f9a8db794ba6bcbd1f857b07fd5a06
6812,43638|138116,1,1962-09-01T23:08:00+00:00,1962-09-01T23:44:25+00:00,2185.0,FINITE_GEOMETRY_ADMISSIBLE_WITNESS,GEOMETRY_ADMISSIBLE,1,3ea068bdef23d81a1f32a265e7fcfc5db0fd9b9fd696efdedf1dec0ea91ac2d4
6814,43638|138118,1,1962-09-01T23:08:00+00:00,1962-09-01T23:44:25+00:00,2185.0,FINITE_GEOMETRY_ADMISSIBLE_WITNESS,GEOMETRY_ADMISSIBLE,1,ac1b0b878d2c10bff61845ce8f70d6218442a428dce2c7d1545495415f2babf9
6816,43638|138121,1,1962-09-01T23:08:00+00:00,1962-09-01T23:44:25+00:00,2185.0,FINITE_GEOMETRY_ADMISSIBLE_WITNESS,GEOMETRY_ADMISSIBLE,1,6283e7d6cb72732ec6a7888efcd36f25460430d94abc15e89cd645713d3b6fda
6817,43638|138122,1,1962-09-01T23:08:00+00:00,1962-09-01T23:44:25+00:00,2185.0,FINITE_GEOMETRY_ADMISSIBLE_WITNESS,GEOMETRY_ADMISSIBLE,1,e35b44de08d341653044672a01c903cf40ca43bc283829569c2bc9d03a087355
6819,43639|138156,1,1962-09-03T00:00:26+00:00,1962-09-03T00:59:00+00:00,3514.0,FINITE_GEOMETRY_ADMISSIBLE_WITNESS,GEOMETRY_ADMISSIBLE,1,78de214ecba463c07fe5b749d127a1f2da08d3122f586255d0ec0d90511ba0ab
6821,43639|138158,1,1962-09-03T00:00:26+00:00,1962-09-03T00:59:00+00:00,3514.0,FINITE_GEOMETRY_ADMISSIBLE_WITNESS,GEOMETRY_ADMISSIBLE,1,b468fc6bd3a01b7e1944a3bb5657a92074f4c37d13a769bc4052f039649116f6
6823,43639|138161,1,1962-09-03T00:00:26+00:00,1962-09-03T00:59:00+00:00,3514.0,FINITE_GEOMETRY_ADMISSIBLE_WITNESS,GEOMETRY_ADMISSIBLE,1,3873362d0a593e6be30641776b1f32b4f65e048d966664da0897a08acbba630b
6829,43642|138175,1,1962-09-03T20:57:00+00:00,1962-09-03T21:02:59+00:00,359.0,FINITE_GEOMETRY_ADMISSIBLE_WITNESS,GEOMETRY_ADMISSIBLE,1,583df9a05ffae0988be28442cc282719fe2d02840888233d38ae0bc8c2d1a294
6833,43642|138179,1,1962-09-03T20:57:00+00:00,1962-09-03T21:02:59+00:00,359.0,FINITE_GEOMETRY_ADMISSIBLE_WITNESS,GEOMETRY_ADMISSIBLE,3,c45e1dfdadf7e8240e1743deb52cb3e9163493db59d826fdf0120e37d46db73a
6834,43663|138236,1,1962-10-01T18:25:00+00:00,1962-10-01T19:18:52+00:00,3232.0,FINITE_GEOMETRY_ADMISSIBLE_WITNESS,GEOMETRY_ADMISSIBLE,2,d9552e36cb85a8cbff71d11b3691185d023b86074089a1766bc092955a7091c7
6836,43663|138238,1,1962-10-01T18:25:00+00:00,1962-10-01T19:18:52+00:00,3232.0,FINITE_GEOMETRY_ADMISSIBLE_WITNESS,GEOMETRY_ADMISSIBLE,1,f63b79d098c246d8d8c63fadb242261389535febb1cd2333a8d7497a7902093f
6837,43663|138239,1,1962-10-01T18:25:00+00:00,1962-10-01T19:18:52+00:00,3232.0,FINITE_GEOMETRY_ADMISSIBLE_WITNESS,GEOMETRY_ADMISSIBLE,1,39493500086db4baee2f987174d2de2115fd3768b889bc5754791ef19eb25135
6839,43663|138241,1,1962-10-01T18:25:00+00:00,1962-10-01T19:18:52+00:00,3232.0,FINITE_GEOMETRY_ADMISSIBLE_WITNESS,GEOMETRY_ADMISSIBLE,1,84a656e7150198be04d1769f4f0bf73b7ef86efad94e6d827748c345dfbe2aff
6840,43663|138242,1,1962-10-01T18:25:00+00:00,1962-10-01T19:18:52+00:00,3232.0,FINITE_GEOMETRY_ADMISSIBLE_WITNESS,GEOMETRY_ADMISSIBLE,1,de13d1be0381f4914b4ad5157f59d655dccd949a0fdaecff7c3cf0c684dca95d
6841,43663|138243,1,1962-10-01T18:25:00+00:00,1962-10-01T19:18:52+00:00,3232.0,FINITE_GEOMETRY_ADMISSIBLE_WITNESS,GEOMETRY_ADMISSIBLE,1,937ed9fdc729bb471ed71a084b1490d953fe47247a29b0b9a52942c4504b4c5e
6842,43665|138244,1,1962-10-01T20:49:37+00:00,1962-10-01T21:31:00+00:00,2483.0,FINITE_GEOMETRY_ADMISSIBLE_WITNESS,GEOMETRY_ADMISSIBLE,1,ea9d42b4ec3fb09c3f72916060da38bd3e43435bd6f0448c50881653ce328f6b
6843,43665|138245,1,1962-10-01T20:49:37+00:00,1962-10-01T21:31:00+00:00,2483.0,FINITE_GEOMETRY_ADMISSIBLE_WITNESS,GEOMETRY_ADMISSIBLE,1,d88f72da793250c1af3d2021463db024d91db4129eb9abd80ad5713af47799cc
6844,43665|138246,1,1962-10-01T20:49:37+00:00,1962-10-01T21:31:00+00:00,2483.0,FINITE_GEOMETRY_ADMISSIBLE_WITNESS,GEOMETRY_ADMISSIBLE,1,561581723abddaecf91d418ccefb347a94faa5ec4bb98a1cef6e761564426805
6850,43665|138252,1,1962-10-01T21:42:00+00:00,1962-10-01T21:49:28+00:00,448.0,FINITE_GEOMETRY_ADMISSIBLE_WITNESS,GEOMETRY_ADMISSIBLE,1,f76508246eb34a7c2eecfe394cda74d50f4bb52eff8e0186a339fbe61483695f
6852,43665|138254,1,1962-10-01T21:42:00+00:00,1962-10-01T21:49:28+00:00,448.0,FINITE_GEOMETRY_ADMISSIBLE_WITNESS,GEOMETRY_ADMISSIBLE,1,6e684a504f99bc855e81b8c9eb5eac3450d3ffa2cb8caf500192f40c97dd88e4
6855,43665|138257,1,1962-10-01T21:42:00+00:00,1962-10-01T21:49:28+00:00,448.0,FINITE_GEOMETRY_ADMISSIBLE_WITNESS,GEOMETRY_ADMISSIBLE,1,b1afff251137ea269bff5e4c80e1cc81cf0757ca2c1e39388841faa20378b5bd
6858,43745|138396,1,1962-10-23T18:53:12+00:00,1962-10-23T19:01:10+00:00,478.0,FINITE_GEOMETRY_ADMISSIBLE_WITNESS,GEOMETRY_ADMISSIBLE,1,ff066e36464517e00096f6078a7710643653b5adb9520d05a190d1ff596d4d4a
6859,43745|138397,1,1962-10-23T18:53:12+00:00,1962-10-23T19:01:10+00:00,478.0,FINITE_GEOMETRY_ADMISSIBLE_WITNESS,GEOMETRY_ADMISSIBLE,2,8f8c52e31d081d55e846ae908a80560d99bd838cf44e601ce19cc9ca4faaa8e2
6860,43745|138398,1,1962-10-23T18:53:12+00:00,1962-10-23T19:01:10+00:00,478.0,FINITE_GEOMETRY_ADMISSIBLE_WITNESS,GEOMETRY_ADMISSIBLE,1,143e2b2515fce6bae5f48b6471d700614d416c0eee73ff410be13dda66ff66a0
6863,43745|138401,1,1962-10-23T18:53:12+00:00,1962-10-23T19:01:10+00:00,478.0,FINITE_GEOMETRY_ADMISSIBLE_WITNESS,GEOMETRY_ADMISSIBLE,1,21df7cea8f85c2d1bd1fc1449c2bd9ed9a5882897aaf03837ab3479fe73ffd7f
6874,43818|138444,1,1962-12-01T19:06:24+00:00,1962-12-01T19:57:00+00:00,3036.0,FINITE_GEOMETRY_ADMISSIBLE_WITNESS,GEOMETRY_ADMISSIBLE,1,524eca74a9d11cd1d63302534108287b45c7a1bf068a188e1862bee0ab5de4a6
6876,43818|138446,1,1962-12-01T19:06:24+00:00,1962-12-01T19:57:00+00:00,3036.0,FINITE_GEOMETRY_ADMISSIBLE_WITNESS,GEOMETRY_ADMISSIBLE,1,7c41f4cabe28c510b66af0157fa7215d751e0a14398dc4f8c3ebee531ddc6f57
6877,43818|138449,1,1962-12-01T19:06:24+00:00,1962-12-01T19:57:00+00:00,3036.0,FINITE_GEOMETRY_ADMISSIBLE_WITNESS,GEOMETRY_ADMISSIBLE,2,798203c90e8e4ed5d7e15307153cb3c1385f8a602f628fddf72556f5bb510c0e
6880,43819|138492,1,1962-12-02T17:47:00+00:00,1962-12-02T17:56:38+00:00,578.0,FINITE_GEOMETRY_ADMISSIBLE_WITNESS,GEOMETRY_ADMISSIBLE,1,4f7176472f21919330ddb29cf40133b803d20dd100d41265cd557e679344fb9a
6882,43819|138494,1,1962-12-02T17:47:00+00:00,1962-12-02T17:56:38+00:00,578.0,FINITE_GEOMETRY_ADMISSIBLE_WITNESS,GEOMETRY_ADMISSIBLE,1,b2e1f268b4aacaf474c360a5893266587c27d881a6b6c88244cb211fdae9a00a
6884,43819|138497,1,1962-12-02T17:47:00+00:00,1962-12-02T17:56:38+00:00,578.0,FINITE_GEOMETRY_ADMISSIBLE_WITNESS,GEOMETRY_ADMISSIBLE,1,38581c53345601575a2728d5837ec4d8467a369147108f3c5bdc1ee792c6f984
6890,44040|138667,1,1963-09-14T19:52:00+00:00,1963-09-14T19:58:44+00:00,404.0,FINITE_GEOMETRY_ADMISSIBLE_WITNESS,GEOMETRY_ADMISSIBLE,1,5643c93847569f7793f51e0940feef71af66189e9e9e80e739cf3cff2f4fa3f5
6890,44040|138667,2,1963-09-14T20:05:43+00:00,1963-09-14T20:11:42+00:00,359.0,FINITE_GEOMETRY_ADMISSIBLE_WITNESS,GEOMETRY_ADMISSIBLE,2,69d6dc4d03e043fea73d702c7860b412761e2e7a2ff190ad74df3ff343f717cb
6895,44041|138667,1,1963-09-14T20:19:41+00:00,1963-09-14T20:52:00+00:00,1939.0,FINITE_GEOMETRY_ADMISSIBLE_WITNESS,GEOMETRY_ADMISSIBLE,1,091465a08d8b3c2d36e3fa7d18182643e134a4fd580488fe5d9d802fe7c1983a
6902,44042|138669,1,1963-09-14T22:03:24+00:00,1963-09-14T22:12:00+00:00,516.0,FINITE_GEOMETRY_ADMISSIBLE_WITNESS,GEOMETRY_ADMISSIBLE,2,b58bbc348ed62c5a08c441336060a067e98a6576ea916a677f4e27de6d45141e
6903,44042|138670,1,1963-09-14T22:03:24+00:00,1963-09-14T22:12:00+00:00,516.0,FINITE_GEOMETRY_ADMISSIBLE_WITNESS,GEOMETRY_ADMISSIBLE,1,d8aaa644b552761e7c376a30d63423a3448c064236b4dd9aae68f8184313260a
6904,44042|138671,1,1963-09-14T22:03:24+00:00,1963-09-14T22:12:00+00:00,516.0,FINITE_GEOMETRY_ADMISSIBLE_WITNESS,GEOMETRY_ADMISSIBLE,2,1f4c7e706930ac9c7262b89f69476152d2c2da3dcbc130e93504b0690a62fbf2
6907,44042|138674,1,1963-09-14T22:37:00+00:00,1963-09-14T22:41:18+00:00,258.0,FINITE_GEOMETRY_ADMISSIBLE_WITNESS,GEOMETRY_ADMISSIBLE,1,b9796b75ee06a96015c5cdb45d9ed75d51d0f861baff549ed69da579b565d5d9
6907,44042|138674,2,1963-09-14T22:50:16+00:00,1963-09-14T23:26:10+00:00,2154.0,FINITE_GEOMETRY_ADMISSIBLE_WITNESS,GEOMETRY_ADMISSIBLE,1,feaf89a592c50ba214389afc81ee73224d9fa8205d5842685372494e4e9a6ecf
6909,44042|138676,1,1963-09-14T22:37:00+00:00,1963-09-14T22:41:18+00:00,258.0,FINITE_GEOMETRY_ADMISSIBLE_WITNESS,GEOMETRY_ADMISSIBLE,1,b7aa1533c745cae092f749b823b8d4a1a4c3c530cdde9060ccc983fd15a7708e
6909,44042|138676,2,1963-09-14T22:50:16+00:00,1963-09-14T23:26:10+00:00,2154.0,FINITE_GEOMETRY_ADMISSIBLE_WITNESS,GEOMETRY_ADMISSIBLE,1,0678a8a09568262a5052671f287e22bf162735e9dd6a5f6ff9f1d2c9b7d6e0e4
6914,44044|138682,1,1963-09-15T20:32:42+00:00,1963-09-15T21:23:00+00:00,3018.0,FINITE_GEOMETRY_ADMISSIBLE_WITNESS,GEOMETRY_ADMISSIBLE,1,f7eb91dcb38420f89c02a8e0186c1df443aa2b7871ce53279d02232765aff699
6934,44051|138699,1,1963-09-16T21:53:32+00:00,1963-09-16T22:25:00+00:00,1888.0,FINITE_GEOMETRY_ADMISSIBLE_WITNESS,GEOMETRY_ADMISSIBLE,1,9b0d3dacac6016aa22fbca85adf4cfb39b750a6611fe2efe2e2af8b2eaf36f83
6935,44051|138700,1,1963-09-16T21:53:32+00:00,1963-09-16T22:25:00+00:00,1888.0,FINITE_GEOMETRY_ADMISSIBLE_WITNESS,GEOMETRY_ADMISSIBLE,2,30bdea9f2ffaae4eae0b5fc61a72e50ddd5aa664b0e52ccca12c803cb1302f59
6936,44051|138701,1,1963-09-16T21:53:32+00:00,1963-09-16T22:25:00+00:00,1888.0,FINITE_GEOMETRY_ADMISSIBLE_WITNESS,GEOMETRY_ADMISSIBLE,1,accf8b3f530c32c48837cebbf7493734a9860b1f7b1787fd3486e76cf993f411
6952,44070|138774,1,1963-10-19T23:04:15+00:00,1963-10-19T23:09:00+00:00,285.0,FINITE_GEOMETRY_ADMISSIBLE_WITNESS,GEOMETRY_ADMISSIBLE,1,d5cee3edd51fbb9c770ac5591381464fbd921660d767d5e6f0716a17e6793e18
6953,44070|138775,1,1963-10-19T23:04:15+00:00,1963-10-19T23:09:00+00:00,285.0,FINITE_GEOMETRY_ADMISSIBLE_WITNESS,GEOMETRY_ADMISSIBLE,2,d551da6252bc8863168fd61b4c4564f3d4c630febe9a5e71b8a9b2abbb7821a6
6954,44070|138776,1,1963-10-19T23:04:15+00:00,1963-10-19T23:09:00+00:00,285.0,FINITE_GEOMETRY_ADMISSIBLE_WITNESS,GEOMETRY_ADMISSIBLE,1,8d7e8998f5b7ce43f343bb08398a05a50a557522f0c9ecc024bf0058b0cf14e4
6957,44070|138779,1,1963-10-19T23:25:00+00:00,1963-10-19T23:25:11+00:00,11.0,FINITE_GEOMETRY_ADMISSIBLE_WITNESS,GEOMETRY_ADMISSIBLE,1,3e709a642000920804c8d41ce41a7c55c87c791ab4273a3cdd36e3816354ddb1
6958,44070|138780,1,1963-10-19T23:25:00+00:00,1963-10-19T23:25:11+00:00,11.0,FINITE_GEOMETRY_ADMISSIBLE_WITNESS,GEOMETRY_ADMISSIBLE,2,fb55b8428aae5519ec4590058a3c68e681ab2de4b6607f34136b4979d97da917
6959,44070|138781,1,1963-10-19T23:25:00+00:00,1963-10-19T23:25:11+00:00,11.0,FINITE_GEOMETRY_ADMISSIBLE_WITNESS,GEOMETRY_ADMISSIBLE,1,cd6cb757c310790e841c27451a659fc33a04849a6c318a3f97314c78a15dc587
6961,44071|138779,1,1963-10-19T23:37:09+00:00,1963-10-19T23:57:06+00:00,1197.0,FINITE_GEOMETRY_ADMISSIBLE_WITNESS,GEOMETRY_ADMISSIBLE,1,9edf7f7e00b58acab6f16299ace12963f6a4cecb22ab71c829d22e4f6ee17244
6962,44071|138780,1,1963-10-19T23:37:09+00:00,1963-10-19T23:57:06+00:00,1197.0,FINITE_GEOMETRY_ADMISSIBLE_WITNESS,GEOMETRY_ADMISSIBLE,1,7be63ab98f4c5839567a72dea051c12a18b6cb2a15af2b1f0504392b19ef0626
6963,44071|138781,1,1963-10-19T23:37:09+00:00,1963-10-19T23:57:06+00:00,1197.0,FINITE_GEOMETRY_ADMISSIBLE_WITNESS,GEOMETRY_ADMISSIBLE,1,fe476e659ba842149796cf87c60c00ecba014f1e5dfcd38eab9fc1b21c768776
6965,44072|138784,1,1963-10-20T00:41:00+00:00,1963-10-20T01:22:52+00:00,2512.0,FINITE_GEOMETRY_ADMISSIBLE_WITNESS,GEOMETRY_ADMISSIBLE,1,19a44622b331d911ade89bbc54812aa3b001daf9828bee1c5e1f3a865fa5cf7b
6965,44072|138784,2,1963-10-20T01:23:52+00:00,1963-10-20T01:28:51+00:00,299.0,FINITE_GEOMETRY_ADMISSIBLE_WITNESS,GEOMETRY_ADMISSIBLE,1,8c632ffa5ac8591a1a656c3a7c39302db98129a3a0034f48a0a7e142f58b849f
6966,44072|138785,1,1963-10-20T00:41:00+00:00,1963-10-20T01:22:52+00:00,2512.0,FINITE_GEOMETRY_ADMISSIBLE_WITNESS,GEOMETRY_ADMISSIBLE,1,f206a1b9ab9b6306e7ce26f9e0b44a8029b7c08d48f83ef6e11a582e56582f3b
6966,44072|138785,2,1963-10-20T01:23:52+00:00,1963-10-20T01:28:51+00:00,299.0,FINITE_GEOMETRY_ADMISSIBLE_WITNESS,GEOMETRY_ADMISSIBLE,1,bd5879f245ac032af58811b2f0f1b557b82cbe8f1a3087521e4787458bfd1d3e
6980,46733|138987,1,1968-07-30T22:10:00+00:00,1968-07-30T22:40:00+00:00,1800.0,FINITE_GEOMETRY_ADMISSIBLE_WITNESS,GEOMETRY_ADMISSIBLE,1,ddf84cf70209f50ed63f86a0820568d7ac20915454d9e103001f244aa5184a40
6981,46733|138988,1,1968-07-30T22:10:00+00:00,1968-07-30T22:40:00+00:00,1800.0,FINITE_GEOMETRY_ADMISSIBLE_WITNESS,GEOMETRY_ADMISSIBLE,1,4ab4e4b10c7fec9247c28ee5be83f1b9130111cbe12c796aaad6c7a47701b91d
6999,59694|122350,1,1931-03-16T19:06:25+00:00,1931-03-16T19:26:21+00:00,1196.0,FINITE_GEOMETRY_ADMISSIBLE_WITNESS,GEOMETRY_ADMISSIBLE,3,c8eb76ae21d944d5090b551f3e0f2a82ee244c8bf7062d96527270738dd52eb4
7000,59720|122370,1,1931-03-17T19:08:28+00:00,1931-03-17T19:10:00+00:00,92.0,FINITE_GEOMETRY_ADMISSIBLE_WITNESS,GEOMETRY_ADMISSIBLE,1,35408a91512c1684f757d269c8109ce97b737fe65722c757dfa14cfb0b3a39f7
7001,59720|122371,1,1931-03-17T19:11:00+00:00,1931-03-17T19:38:23+00:00,1643.0,FINITE_GEOMETRY_ADMISSIBLE_WITNESS,GEOMETRY_ADMISSIBLE,2,e313e55fbcb9aa315dd70ad2dbc178021687fc445e4ff6644beda5c74f0042ad
7003,59740|122415,1,1931-03-18T19:34:00+00:00,1931-03-18T19:49:25+00:00,925.0,FINITE_GEOMETRY_ADMISSIBLE_WITNESS,GEOMETRY_ADMISSIBLE,1,bad6737a6380848906c7b520994de9345d81e49fb88201a9b4574de5a362ab5b
7004,59799|122471,1,1931-03-21T19:20:40+00:00,1931-03-21T19:40:36+00:00,1196.0,FINITE_GEOMETRY_ADMISSIBLE_WITNESS,GEOMETRY_ADMISSIBLE,1,640ccc37c85bdae9477454ece2c3174c2f96f3303c61e06c0227b6849a8e816f
7009,60032|125083,1,1932-12-19T18:23:00+00:00,1932-12-19T18:32:28+00:00,568.0,FINITE_GEOMETRY_ADMISSIBLE_WITNESS,GEOMETRY_ADMISSIBLE,1,c931ef9eadbb299bd341085a6e7f5444e9fb954eeb6847431486b7493cee70f0
7010,60033|125084,1,1932-12-19T19:04:23+00:00,1932-12-19T19:20:00+00:00,937.0,FINITE_GEOMETRY_ADMISSIBLE_WITNESS,GEOMETRY_ADMISSIBLE,1,f652e001a655fffbc0127b389c568e6de1248feaa70eb79319a294f81b573793
7011,60033|125120,1,1932-12-19T19:04:23+00:00,1932-12-19T19:20:00+00:00,937.0,FINITE_GEOMETRY_ADMISSIBLE_WITNESS,GEOMETRY_ADMISSIBLE,3,ac7514a673f2fd94bbc0d1110e4604a80480642d4dbeca96d26df452f8593bb7
7012,60033|125121,1,1932-12-19T19:22:00+00:00,1932-12-19T19:24:20+00:00,140.0,FINITE_GEOMETRY_ADMISSIBLE_WITNESS,GEOMETRY_ADMISSIBLE,1,0ad9f156241e06a79a0358bfdc4a96769f327b35d7cad7558e2bf065f9ee0018
7016,60117|125335,1,1933-02-28T22:21:00+00:00,1933-02-28T22:37:54+00:00,1014.0,FINITE_GEOMETRY_ADMISSIBLE_WITNESS,GEOMETRY_ADMISSIBLE,2,42b74657614404136bba6e440684d5e96749242a89eb1e300d836c9845b83827
7017,60117|125411,1,1933-02-28T22:21:00+00:00,1933-02-28T22:37:54+00:00,1014.0,FINITE_GEOMETRY_ADMISSIBLE_WITNESS,GEOMETRY_ADMISSIBLE,1,e02b781a3be8b97a8ca05d265c753f1fa655b546a092d35eba4483d469b24351
7018,60128|125451,1,1933-03-21T20:33:00+00:00,1933-03-21T20:52:23+00:00,1163.0,FINITE_GEOMETRY_ADMISSIBLE_WITNESS,GEOMETRY_ADMISSIBLE,1,28c729046f883d196e086eb53e10f309719e9a2f60d16aa34907231d33d09ced
7019,60138|125482,1,1933-03-24T20:53:33+00:00,1933-03-24T21:18:29+00:00,1496.0,FINITE_GEOMETRY_ADMISSIBLE_WITNESS,GEOMETRY_ADMISSIBLE,1,6e5fdf8578a682aa1f7b8396f1617856d07386aacd6fed6ba53f7d7774245dce
7020,60138|125553,1,1933-03-24T20:53:33+00:00,1933-03-24T21:18:29+00:00,1496.0,FINITE_GEOMETRY_ADMISSIBLE_WITNESS,GEOMETRY_ADMISSIBLE,2,68bc48796ff233daa03a77fd5a9e549c3db5b7222a382b79717fbf26fa2d42ad
7022,60151|125500,1,1933-03-25T21:43:00+00:00,1933-03-25T22:06:25+00:00,1405.0,FINITE_GEOMETRY_ADMISSIBLE_WITNESS,GEOMETRY_ADMISSIBLE,2,c07a460fcf1606f57fd6ec3e65d37d337200e88c88c82a60f295286ae245e5cb
7023,60151|125568,1,1933-03-25T21:41:29+00:00,1933-03-25T22:06:25+00:00,1496.0,FINITE_GEOMETRY_ADMISSIBLE_WITNESS,GEOMETRY_ADMISSIBLE,1,5a86583aeee9a9153359528cc42b5fe254f06540d81faa39f2fc3114d41a192f
7034,60198|125753,1,1933-04-26T01:35:00+00:00,1933-04-26T01:37:37+00:00,157.0,FINITE_GEOMETRY_ADMISSIBLE_WITNESS,GEOMETRY_ADMISSIBLE,1,336396c5ef59dd2d4e23d3fc3128a1fceb87b72812840382b1b18df9a0151309
7035,60199|125753,1,1933-04-26T01:41:36+00:00,1933-04-26T01:56:34+00:00,898.0,FINITE_GEOMETRY_ADMISSIBLE_WITNESS,GEOMETRY_ADMISSIBLE,1,9e3ba2ebe6f57fa3d7a48c12f5afc427816313189481b910bac41884a5da8e81
7049,79120|130334,1,1938-10-20T19:26:00+00:00,1938-10-20T19:56:00+00:00,1800.0,FINITE_GEOMETRY_ADMISSIBLE_WITNESS,GEOMETRY_ADMISSIBLE,1,edb9495b5cc2b92fa4bd68dfc4461020f6874fd2de533ae7969dc3dfbe34f8d2
7050,79120|130335,1,1938-10-20T20:55:00+00:00,1938-10-20T21:25:00+00:00,1800.0,FINITE_GEOMETRY_ADMISSIBLE_WITNESS,GEOMETRY_ADMISSIBLE,2,a301240557b52e39057a820b25c4780229985a30dd837ed3ff19c8ae72a7257f
7053,79120|130342,1,1938-10-20T19:26:00+00:00,1938-10-20T19:56:00+00:00,1800.0,FINITE_GEOMETRY_ADMISSIBLE_WITNESS,GEOMETRY_ADMISSIBLE,1,b34454ab8d9e831d80c9428458a3d3250a39c472784940dafe36b0b080bf6ef6
7059,79128|130350,1,1938-10-21T21:00:00+00:00,1938-10-21T21:30:00+00:00,1800.0,FINITE_GEOMETRY_ADMISSIBLE_WITNESS,GEOMETRY_ADMISSIBLE,1,f26d2e1c39778429fac9ae80b9e3f9e9c95fe19b2dffa36ce508620987d0567f
7060,79128|130352,1,1938-10-21T22:02:00+00:00,1938-10-21T22:32:00+00:00,1800.0,FINITE_GEOMETRY_ADMISSIBLE_WITNESS,GEOMETRY_ADMISSIBLE,1,723c3b7276456ef7aee698cd7a65d35500665876f19b710065e1a0282675714b
7070,79134|130353,1,1938-10-21T22:33:00+00:00,1938-10-21T23:03:00+00:00,1800.0,FINITE_GEOMETRY_ADMISSIBLE_WITNESS,GEOMETRY_ADMISSIBLE,1,982007f6d4245594b1570e0bcf98e0a14255f3c48d92ca7bf20389c8e378fb4e
7078,79140|130352,1,1938-10-21T22:02:00+00:00,1938-10-21T22:32:00+00:00,1800.0,FINITE_GEOMETRY_ADMISSIBLE_WITNESS,GEOMETRY_ADMISSIBLE,1,b6a3f10313bed98869af14c9cf5e8fbf1894071d1f8918e68ffe7bbeee0f19ed
7079,79140|130353,1,1938-10-21T22:33:00+00:00,1938-10-21T23:03:00+00:00,1800.0,FINITE_GEOMETRY_ADMISSIBLE_WITNESS,GEOMETRY_ADMISSIBLE,1,041030386d0b19ddbacfb9ac2e343a10a02c6ab8131ef4f30d4bd53eb1aecda1
7084,85513|120749,1,1929-01-11T21:57:04+00:00,1929-01-11T22:17:01+00:00,1197.0,FINITE_GEOMETRY_ADMISSIBLE_WITNESS,GEOMETRY_ADMISSIBLE,1,3b10215e78c9df0a50910c2dad3e85c8864fdee74c6814bfa9de95c7d473fa59
7085,85514|120749,1,1929-01-11T22:18:01+00:00,1929-01-11T22:24:00+00:00,359.0,FINITE_GEOMETRY_ADMISSIBLE_WITNESS,GEOMETRY_ADMISSIBLE,1,f48cb9fd5331f06d1845ef58621988087b0421110ac096e57d2fdef90f9d3035
7116,85804|121046,1,1929-05-30T22:27:58+00:00,1929-05-30T22:32:27+00:00,269.0,FINITE_GEOMETRY_ADMISSIBLE_WITNESS,GEOMETRY_ADMISSIBLE,1,5b9173196726b6e17995e555ae0c98c8903a823b80b4a23a819e00a65aa71f02
7117,85805|121046,1,1929-05-30T22:38:56+00:00,1929-05-30T22:57:00+00:00,1084.0,FINITE_GEOMETRY_ADMISSIBLE_WITNESS,GEOMETRY_ADMISSIBLE,1,66898dfb6f1974d3df82203a062ed479915147e6a0bc6d4e3af01771d715c085
7118,85811|121052,1,1929-06-01T22:24:05+00:00,1929-06-01T22:34:00+00:00,595.0,FINITE_GEOMETRY_ADMISSIBLE_WITNESS,GEOMETRY_ADMISSIBLE,1,0f0771dbd9f79a2dcdfa420b97adb1632e56558060ff8b1d94238658bc78fd09
7119,85811|121053,1,1929-06-01T22:35:00+00:00,1929-06-01T22:47:02+00:00,722.0,FINITE_GEOMETRY_ADMISSIBLE_WITNESS,GEOMETRY_ADMISSIBLE,1,65e27852e958fe34239bba7d9ad03e65835bb903e0564d377f1a08330a5f1e7f
7121,85813|121053,1,1929-06-01T23:02:59+00:00,1929-06-01T23:05:00+00:00,121.0,FINITE_GEOMETRY_ADMISSIBLE_WITNESS,GEOMETRY_ADMISSIBLE,2,2ab416887958c58e3f731b96a1c79be0497fa924539fa3ee626a6a4833fc5f5b
7122,85849|121147,1,1929-07-11T21:49:29+00:00,1929-07-11T21:57:00+00:00,451.0,FINITE_GEOMETRY_ADMISSIBLE_WITNESS,GEOMETRY_ADMISSIBLE,1,9f670e1dd9a10ccac21569a6d894874cb4181f8b14cd9da26806b0da1311ea3e
7137,85909|121186,1,1929-08-31T19:36:46+00:00,1929-08-31T19:56:42+00:00,1196.0,FINITE_GEOMETRY_ADMISSIBLE_WITNESS,GEOMETRY_ADMISSIBLE,1,8eb9e6399f5bf094deb55882cf35f74a770c2bd8cb3b6fea48eebc79b63e7b3b
7138,85910|121186,1,1929-08-31T19:57:42+00:00,1929-08-31T19:58:00+00:00,18.0,FINITE_GEOMETRY_ADMISSIBLE_WITNESS,GEOMETRY_ADMISSIBLE,2,828006dc7066bc5b770d59b0bf39812deb88de6ac496bacaacf8f76ed49bbde5
7145,85912|121188,1,1929-08-31T20:30:00+00:00,1929-08-31T20:33:37+00:00,217.0,FINITE_GEOMETRY_ADMISSIBLE_WITNESS,GEOMETRY_ADMISSIBLE,1,5d0be8bed59d7275fa56e162dbef4d7c16068b167ce5d7e5e17903298b1bdd83
7207,86003|121573,1,1929-11-04T17:41:00+00:00,1929-11-04T17:46:17+00:00,317.0,FINITE_GEOMETRY_ADMISSIBLE_WITNESS,GEOMETRY_ADMISSIBLE,1,c6a36c7d46741a2306a20d1dea1a630e24e0da8788b769035214813a532ed136
7209,86004|121573,1,1929-11-04T17:46:47+00:00,1929-11-04T17:51:16+00:00,269.0,FINITE_GEOMETRY_ADMISSIBLE_WITNESS,GEOMETRY_ADMISSIBLE,1,05a954d9a1e36cc4231c22bf09af8284b7944c32113c0edf2c85f9f8942b0c93
7211,86005|121573,1,1929-11-04T17:58:45+00:00,1929-11-04T18:11:00+00:00,735.0,FINITE_GEOMETRY_ADMISSIBLE_WITNESS,GEOMETRY_ADMISSIBLE,1,1e559ad4d426213875317f3de5523ab704cb767fbcb424015916a7d1e860941b
7324,86311|121749,1,1930-03-29T21:00:36+00:00,1930-03-29T21:10:34+00:00,598.0,FINITE_GEOMETRY_ADMISSIBLE_WITNESS,GEOMETRY_ADMISSIBLE,1,d038e912355c13a70d56cc46ac28ab33cbebfd358cbbdbaa92c981d774f84825
7325,86312|121749,1,1930-03-29T21:11:04+00:00,1930-03-29T21:14:03+00:00,179.0,FINITE_GEOMETRY_ADMISSIBLE_WITNESS,GEOMETRY_ADMISSIBLE,1,44a85367e54143ba84040c2090c83814d271061c5a41a439316ca01b8edf2623
7326,86313|121749,1,1930-03-29T21:17:33+00:00,1930-03-29T21:20:00+00:00,147.0,FINITE_GEOMETRY_ADMISSIBLE_WITNESS,GEOMETRY_ADMISSIBLE,2,74946702201f8475c67bcc1a45569eef71951d0fa10a0886cc8e06643dfc87c6
7345,86387|121866,1,1930-06-18T21:33:09+00:00,1930-06-18T21:45:37+00:00,748.0,FINITE_GEOMETRY_ADMISSIBLE_WITNESS,GEOMETRY_ADMISSIBLE,1,068bc3f37d366dce4b8c700df9858f8fee7877f43d8f66b9dc2a99d359add393
7346,86388|121866,1,1930-06-18T21:46:07+00:00,1930-06-18T21:49:37+00:00,210.0,FINITE_GEOMETRY_ADMISSIBLE_WITNESS,GEOMETRY_ADMISSIBLE,1,114852707bdcecd9c6fa0316f0d9da6be677ecd29d9da66fa93b76643b898196
7347,86389|121880,1,1930-06-18T21:57:00+00:00,1930-06-18T22:06:04+00:00,544.0,FINITE_GEOMETRY_ADMISSIBLE_WITNESS,GEOMETRY_ADMISSIBLE,1,11fd73d7c8c1a5bf83007d7101274928b45dc370d36fcef9c55224a6a9e74ae7
7348,86390|121880,1,1930-06-18T22:06:34+00:00,1930-06-18T22:10:03+00:00,209.0,FINITE_GEOMETRY_ADMISSIBLE_WITNESS,GEOMETRY_ADMISSIBLE,1,da2c98e9d57e9383dd7473daf0d7e96a1d7c03cef8b8cdd0bdebac7b7843e8a5
7349,86391|121880,1,1930-06-18T22:16:02+00:00,1930-06-18T22:27:00+00:00,658.0,FINITE_GEOMETRY_ADMISSIBLE_WITNESS,GEOMETRY_ADMISSIBLE,1,ec63462fc39cd8666dd9a7367a44d2e208a0c76ab3fa505955d3b32154efcd41
7351,86433|122034,1,1930-11-14T19:59:58+00:00,1930-11-14T20:11:56+00:00,718.0,FINITE_GEOMETRY_ADMISSIBLE_WITNESS,GEOMETRY_ADMISSIBLE,3,2fac5d574e7ce081cf6eadd2e942e688fa41b5de19fd7a4f58ccf5f4f545a819
7353,86434|122034,1,1930-11-14T20:12:55+00:00,1930-11-14T20:16:25+00:00,210.0,FINITE_GEOMETRY_ADMISSIBLE_WITNESS,GEOMETRY_ADMISSIBLE,1,9c5ca3568b2f36829e9fc66cb024327f4a85677416d82e81014343f0a9892c6c
7355,86435|122034,1,1930-11-14T20:23:54+00:00,1930-11-14T20:25:00+00:00,66.0,FINITE_GEOMETRY_ADMISSIBLE_WITNESS,GEOMETRY_ADMISSIBLE,1,2154c25cbd921fafe856d131fea48ec42717cd9fd6b52ea45760fc3b19fb1c55
7356,86435|122035,1,1930-11-14T20:29:00+00:00,1930-11-14T20:39:51+00:00,651.0,FINITE_GEOMETRY_ADMISSIBLE_WITNESS,GEOMETRY_ADMISSIBLE,1,892beec06374c1b286e435553f3cddb72557957764c967c502bae8ee42215391
7358,86436|122035,1,1930-11-14T20:40:51+00:00,1930-11-14T20:45:20+00:00,269.0,FINITE_GEOMETRY_ADMISSIBLE_WITNESS,GEOMETRY_ADMISSIBLE,1,17f12c6dc3a3f595ccd3582b70538d881c4087be4f0479cab3eee98bdd65f94a
7360,86483|122293,1,1931-03-14T04:11:26+00:00,1931-03-14T04:16:00+00:00,274.0,FINITE_GEOMETRY_ADMISSIBLE_WITNESS,GEOMETRY_ADMISSIBLE,1,94980c66dc012c7eb700b1205bc585a69097b796a24a0cd8e2abc4d8a3a14c6e
7367,86495|122376,1,1931-03-17T23:46:00+00:00,1931-03-17T23:55:53+00:00,593.0,FINITE_GEOMETRY_ADMISSIBLE_WITNESS,GEOMETRY_ADMISSIBLE,1,3f07822076466b9d75fc309a38aedbe4c3b779a38c4357bdb8f12ae7a277088e
7373,86557|123115,1,1931-10-07T22:50:16+00:00,1931-10-07T23:02:14+00:00,718.0,FINITE_GEOMETRY_ADMISSIBLE_WITNESS,GEOMETRY_ADMISSIBLE,1,d87ac220d25290e752586d6238c72f9b0eb351afa781acc1f494d312d692cb1d
7374,86558|123115,1,1931-10-07T23:02:44+00:00,1931-10-07T23:06:14+00:00,210.0,FINITE_GEOMETRY_ADMISSIBLE_WITNESS,GEOMETRY_ADMISSIBLE,2,8fd78721bbf98d6c1f82e1e72e8ade7a71849f38287d47673ae00a70390edb12
7377,86601|123792,1,1932-03-26T21:24:19+00:00,1932-03-26T21:36:00+00:00,701.0,FINITE_GEOMETRY_ADMISSIBLE_WITNESS,GEOMETRY_ADMISSIBLE,2,7562b5fac193ee7edaa903cbd8568ed7fee2c5ff1007c7faee4f20e43df66310
7378,86601|123798,1,1932-03-26T21:24:19+00:00,1932-03-26T21:36:00+00:00,701.0,FINITE_GEOMETRY_ADMISSIBLE_WITNESS,GEOMETRY_ADMISSIBLE,2,4b06c719543fd548f2e6150b50e98354b33cc50e2f9df26e4ece59e751ff3344
7380,86605|124091,1,1932-05-05T23:57:18+00:00,1932-05-06T00:10:28+00:00,790.0,FINITE_GEOMETRY_ADMISSIBLE_WITNESS,GEOMETRY_ADMISSIBLE,1,4f8d4448a5332857417d4fe5ba82aa1910a346dd1bde677ea987703821bb9347
7382,86606|124091,1,1932-05-06T00:11:10+00:00,1932-05-06T00:14:39+00:00,209.0,FINITE_GEOMETRY_ADMISSIBLE_WITNESS,GEOMETRY_ADMISSIBLE,1,435b01f10f849c35a5297b99878435186b9ace0969d12f785eae00f3735d1706
7383,87052|121161,1,1929-08-06T20:49:26+00:00,1929-08-06T20:59:25+00:00,599.0,FINITE_GEOMETRY_ADMISSIBLE_WITNESS,GEOMETRY_ADMISSIBLE,1,2081592b070923296b890b9ea793b1c54c3816f319a152451bd6aac6bcc9ff21
7384,87053|121161,1,1929-08-06T20:59:55+00:00,1929-08-06T21:02:54+00:00,179.0,FINITE_GEOMETRY_ADMISSIBLE_WITNESS,GEOMETRY_ADMISSIBLE,1,88899073c712ef16c174455fc83ff14bd846d5f8fbe834c2e2b826c8e20cbc25
7385,87056|121163,1,1929-08-06T22:08:13+00:00,1929-08-06T22:18:00+00:00,587.0,FINITE_GEOMETRY_ADMISSIBLE_WITNESS,GEOMETRY_ADMISSIBLE,1,538584ec0981be734d406ecc99549b909984895cc15fc7982068a69d18a480b3
7386,87057|121164,1,1929-08-06T22:19:00+00:00,1929-08-06T22:21:41+00:00,161.0,FINITE_GEOMETRY_ADMISSIBLE_WITNESS,GEOMETRY_ADMISSIBLE,2,275261f85625c325d95aa29f41c1c29960e26fed1bc96d5e82b2a885680537cf
7387,87058|121164,1,1929-08-06T22:28:10+00:00,1929-08-06T22:38:09+00:00,599.0,FINITE_GEOMETRY_ADMISSIBLE_WITNESS,GEOMETRY_ADMISSIBLE,1,4bccd25b34a1eb3feea5689b4d1dda7ff4f7060887149684398f1c82bcbfa37e
7388,87059|121164,1,1929-08-06T22:38:39+00:00,1929-08-06T22:41:38+00:00,179.0,FINITE_GEOMETRY_ADMISSIBLE_WITNESS,GEOMETRY_ADMISSIBLE,1,ba414bf579e69f16ca3563cf392d65e2f39f575a5ca97241857a4c4278f46070
7389,87060|121164,1,1929-08-06T22:48:07+00:00,1929-08-06T22:49:00+00:00,53.0,FINITE_GEOMETRY_ADMISSIBLE_WITNESS,GEOMETRY_ADMISSIBLE,1,6d8457ab1c2528eb8f67dcd4ff80d7aabef9f03f7771f61fe9626de8de5ee78e
7390,87084|121169,1,1929-08-10T20:36:42+00:00,1929-08-10T20:46:40+00:00,598.0,FINITE_GEOMETRY_ADMISSIBLE_WITNESS,GEOMETRY_ADMISSIBLE,1,00fbfd76d107cc8b8267ebb46986587a2ba02316fd3cb6efdcc7b5e5283d9562
7391,87085|121169,1,1929-08-10T20:47:10+00:00,1929-08-10T20:50:10+00:00,180.0,FINITE_GEOMETRY_ADMISSIBLE_WITNESS,GEOMETRY_ADMISSIBLE,1,55a90ac6d224682aa04fd9ddb2370627f8ac935df9edf8986018c7eb815b8227
7392,87086|121169,1,1929-08-10T20:56:39+00:00,1929-08-10T20:58:00+00:00,81.0,FINITE_GEOMETRY_ADMISSIBLE_WITNESS,GEOMETRY_ADMISSIBLE,1,8dc75e467bef1f373e2ccb8b3fa54d7363a6ab1742a9bbcb5eec3e7ef1f434ac
7395,87088|121170,1,1929-08-10T21:15:36+00:00,1929-08-10T21:25:34+00:00,598.0,FINITE_GEOMETRY_ADMISSIBLE_WITNESS,GEOMETRY_ADMISSIBLE,2,d4305c6e2af8e6df41f262a7addb1d1900d770154d5676a5937a02565611235a
7405,87210|121180,1,1929-08-26T20:36:00+00:00,1929-08-26T20:43:36+00:00,456.0,FINITE_GEOMETRY_ADMISSIBLE_WITNESS,GEOMETRY_ADMISSIBLE,1,10f9fc760ec3b0695b1ea7aba20bd6e748196a07b50d95425485ec5a62a37876
7406,87211|121180,1,1929-08-26T20:44:06+00:00,1929-08-26T20:47:05+00:00,179.0,FINITE_GEOMETRY_ADMISSIBLE_WITNESS,GEOMETRY_ADMISSIBLE,1,5935f72c7686b4be1968cdf2fc4c8461162d9b4eaf37cff29d484c37aac0d760
7407,87212|121180,1,1929-08-26T20:54:34+00:00,1929-08-26T21:02:00+00:00,446.0,FINITE_GEOMETRY_ADMISSIBLE_WITNESS,GEOMETRY_ADMISSIBLE,1,08e4a768021d466115f26853fedbdfb57a969641af0c7a992e8276a79cd4e2bf
7430,87423|121492,1,1929-09-07T20:30:19+00:00,1929-09-07T20:40:18+00:00,599.0,FINITE_GEOMETRY_ADMISSIBLE_WITNESS,GEOMETRY_ADMISSIBLE,1,cd6df8de20cd78019a70d3fe93a4c4e8e9738a9bafdba618516c641aadeae7ae
7431,87424|121492,1,1929-09-07T20:40:36+00:00,1929-09-07T20:43:35+00:00,179.0,FINITE_GEOMETRY_ADMISSIBLE_WITNESS,GEOMETRY_ADMISSIBLE,1,a080713aa23d4dcc33f7ef2dca2862c09eecc47361e2cf83ac0f35bff932e95a
7440,88533|121682,1,1930-02-19T20:20:00+00:00,1930-02-19T20:21:19+00:00,79.0,FINITE_GEOMETRY_ADMISSIBLE_WITNESS,GEOMETRY_ADMISSIBLE,1,773f4d54b31bcabaa1573786ff2baaf6d458abb98d40e733b2d36939dfcd5e7b
7441,88534|121682,1,1930-02-19T20:30:48+00:00,1930-02-19T20:40:46+00:00,598.0,FINITE_GEOMETRY_ADMISSIBLE_WITNESS,GEOMETRY_ADMISSIBLE,1,8a80f2d2b3f6625101f9f9df43435c5a55cb99bad056302c281708babe07115e
7442,88535|121682,1,1930-02-19T20:41:16+00:00,1930-02-19T20:44:16+00:00,180.0,FINITE_GEOMETRY_ADMISSIBLE_WITNESS,GEOMETRY_ADMISSIBLE,1,046307c041fd997dbf086990ebedcb13ae2dad1f141dd82b9934908e1311f907
7480,89187|121788,1,1930-04-22T22:45:00+00:00,1930-04-22T22:51:29+00:00,389.0,FINITE_GEOMETRY_ADMISSIBLE_WITNESS,GEOMETRY_ADMISSIBLE,1,b00c15f545b449184b49ba52560c0030456c7cfdfe798c7be172dedae7812ced
7481,89188|121788,1,1930-04-22T22:55:58+00:00,1930-04-22T23:05:56+00:00,598.0,FINITE_GEOMETRY_ADMISSIBLE_WITNESS,GEOMETRY_ADMISSIBLE,2,ac825332924a46ef736a82c6a7b0f7a5bee90fd7f297f7d837d80b886d9c5313
7482,89189|121788,1,1930-04-22T23:06:26+00:00,1930-04-22T23:09:26+00:00,180.0,FINITE_GEOMETRY_ADMISSIBLE_WITNESS,GEOMETRY_ADMISSIBLE,1,1e966202f4c30e85b777299c57df853305633d0d859b108444378cc1d8baa155
7483,89190|121788,1,1930-04-22T23:14:55+00:00,1930-04-22T23:15:00+00:00,5.0,FINITE_GEOMETRY_ADMISSIBLE_WITNESS,GEOMETRY_ADMISSIBLE,2,5ef3d78819428f6fa4ecfb4fab9c991e0e7387dc232ae1d29024175a3f03afd4
7501,89576|121870,1,1930-06-18T23:51:35+00:00,1930-06-18T23:54:35+00:00,180.0,FINITE_GEOMETRY_ADMISSIBLE_WITNESS,GEOMETRY_ADMISSIBLE,1,a96473448c854c64b399702b993bc80eeeba0180be593a9bdabc634b3852068d
7502,89577|121870,1,1930-06-18T23:55:05+00:00,1930-06-19T00:05:03+00:00,598.0,FINITE_GEOMETRY_ADMISSIBLE_WITNESS,GEOMETRY_ADMISSIBLE,1,43f8251940566e57307069d094e6dce593f3ad192224e6039e2994cefd2a1f44
7503,89578|121870,1,1930-06-19T00:09:32+00:00,1930-06-19T00:12:32+00:00,180.0,FINITE_GEOMETRY_ADMISSIBLE_WITNESS,GEOMETRY_ADMISSIBLE,1,d78a8c8c8119d4917e6fe9df35f0edbee843ae5d87f4ae31205dc0fe4e6ad835
7504,89579|121870,1,1930-06-19T00:13:02+00:00,1930-06-19T00:14:00+00:00,58.0,FINITE_GEOMETRY_ADMISSIBLE_WITNESS,GEOMETRY_ADMISSIBLE,1,52fd9617eec55bfef35bd17f16d0b31b283c742207e8ad736e87c4ff274af0ca
7505,89897|129238,1,1937-08-04T22:19:50+00:00,1937-08-04T22:44:00+00:00,1450.0,FINITE_GEOMETRY_ADMISSIBLE_WITNESS,GEOMETRY_ADMISSIBLE,1,ee10bbd2909077d3a6abc721b95e428dbc8c9a4336abb25f75f05e79632a974e
7506,89897|129239,1,1937-08-04T22:45:00+00:00,1937-08-04T22:49:45+00:00,285.0,FINITE_GEOMETRY_ADMISSIBLE_WITNESS,GEOMETRY_ADMISSIBLE,2,d6d46d9045a8357b7dcb72179e925ea12d62aaeb41eff30d5d962f2e5ca0dd17
7508,89908|129466,1,1937-11-21T17:23:53+00:00,1937-11-21T17:30:00+00:00,367.0,FINITE_GEOMETRY_ADMISSIBLE_WITNESS,GEOMETRY_ADMISSIBLE,1,6f01105b80046ba0adcb851ded15dca31361fd138551d8956a5050e1a7a94553
7517,90526|132774,1,1957-05-25T00:16:51+00:00,1957-05-25T00:19:00+00:00,129.0,FINITE_GEOMETRY_ADMISSIBLE_WITNESS,GEOMETRY_ADMISSIBLE,1,97baf3490323fdb4157f2c3f5b226064f948e127f6c8be41edba84bd336d0472
7519,90566|132801,1,1957-06-01T21:32:10+00:00,1957-06-01T21:57:06+00:00,1496.0,FINITE_GEOMETRY_ADMISSIBLE_WITNESS,GEOMETRY_ADMISSIBLE,2,0b1551d16252da5edfed3a1fc3e75afd01ac23a44fc9786c774da7d6ef17b0af
7520,90567|132799,1,1957-06-01T22:01:35+00:00,1957-06-01T22:10:00+00:00,505.0,FINITE_GEOMETRY_ADMISSIBLE_WITNESS,GEOMETRY_ADMISSIBLE,1,2cb478c2a4e4156b6f0ee8f1b0ac800ca0a1afb2bb4e9da8e28688d7c11cdfe0
7521,90567|132800,1,1957-06-01T22:15:00+00:00,1957-06-01T22:26:41+00:00,701.0,FINITE_GEOMETRY_ADMISSIBLE_WITNESS,GEOMETRY_ADMISSIBLE,1,2a3e40cb8b8657467a9ad21d48f584c5cbce57efd189362dde50d5208b0834a5
7522,90567|132801,1,1957-06-01T22:01:35+00:00,1957-06-01T22:26:41+00:00,1506.0,FINITE_GEOMETRY_ADMISSIBLE_WITNESS,GEOMETRY_ADMISSIBLE,1,5c874fac140df3013b6dc0e11e68218cb627649907a7c7364c6c22172ad44abd
7532,90586|132808,1,1957-06-14T23:10:39+00:00,1957-06-14T23:35:35+00:00,1496.0,FINITE_GEOMETRY_ADMISSIBLE_WITNESS,GEOMETRY_ADMISSIBLE,1,48046bb78937c78438557577708629e316ef76c023b1b2cc7ea65c95d6ff6c5f
7534,90588|132810,1,1957-06-15T21:50:00+00:00,1957-06-15T22:13:02+00:00,1382.0,FINITE_GEOMETRY_ADMISSIBLE_WITNESS,GEOMETRY_ADMISSIBLE,1,498f881d87bb382fab1b508d6fd17f779ef5009be17c45a62893b10e17269a0f
7535,90589|132810,1,1957-06-15T22:18:11+00:00,1957-06-15T22:20:00+00:00,109.0,FINITE_GEOMETRY_ADMISSIBLE_WITNESS,GEOMETRY_ADMISSIBLE,1,14f5fe29be4a8771e4cd19947f542d4d9f2026085d63e8168a86e1d1194cf7d5
7540,90592|132814,1,1957-06-16T00:00:04+00:00,1957-06-16T00:25:00+00:00,1496.0,FINITE_GEOMETRY_ADMISSIBLE_WITNESS,GEOMETRY_ADMISSIBLE,1,dce287d679a17cfaafc4019181994aec667ccb43140a155b94744e407f7a45df
7542,90593|132816,1,1957-06-16T21:54:18+00:00,1957-06-16T22:13:00+00:00,1122.0,FINITE_GEOMETRY_ADMISSIBLE_WITNESS,GEOMETRY_ADMISSIBLE,1,80602b10a56558ea8a782869449557794701e6d75dc5f9da2a0b03e62a2a84a2
7547,90597|132821,1,1957-06-17T00:25:00+00:00,1957-06-17T00:25:14+00:00,14.0,FINITE_GEOMETRY_ADMISSIBLE_WITNESS,GEOMETRY_ADMISSIBLE,1,3a96a2fe5116d9c00bb7e4e3209f32735a8d130d8e8bb4bb954615c0b737e93f
7564,90632|132853,1,1957-07-05T22:20:00+00:00,1957-07-05T22:27:23+00:00,443.0,FINITE_GEOMETRY_ADMISSIBLE_WITNESS,GEOMETRY_ADMISSIBLE,2,682afa129f2b1c286c2f8190750a2e9efb0e5147591ea865914144553c186d11
7565,90633|132853,1,1957-07-05T22:30:43+00:00,1957-07-05T22:50:00+00:00,1157.0,FINITE_GEOMETRY_ADMISSIBLE_WITNESS,GEOMETRY_ADMISSIBLE,1,a2486cd22de2a60fef5dce0ef486520573b3627a2f4c300264506c106818f53b
7566,90633|132854,1,1957-07-05T22:55:00+00:00,1957-07-05T22:55:39+00:00,39.0,FINITE_GEOMETRY_ADMISSIBLE_WITNESS,GEOMETRY_ADMISSIBLE,1,f5afeaa157c0db065b3dbae708b8207a1b65ebeb7c9eb9e7182b1b0a5e8c80e4
7567,90634|132854,1,1957-07-05T23:00:33+00:00,1957-07-05T23:25:29+00:00,1496.0,FINITE_GEOMETRY_ADMISSIBLE_WITNESS,GEOMETRY_ADMISSIBLE,1,b87a1a02f8c6747c8ed12ac6473135dbee524c8ec47ffde8f6d1dfc52172848e
7568,90634|132855,1,1957-07-05T23:15:00+00:00,1957-07-05T23:25:29+00:00,629.0,FINITE_GEOMETRY_ADMISSIBLE_WITNESS,GEOMETRY_ADMISSIBLE,1,9ed4b84a1acefaf97da2d6b4c06fdedfc21bc156c000b45855ea0865795fe285
7569,90635|132854,1,1957-07-05T23:30:48+00:00,1957-07-05T23:55:44+00:00,1496.0,FINITE_GEOMETRY_ADMISSIBLE_WITNESS,GEOMETRY_ADMISSIBLE,1,8ec06472c6589f9ffe8315c087894f9048841c1451dfe0fabe04368c044818f7
7570,90635|132855,1,1957-07-05T23:30:48+00:00,1957-07-05T23:35:00+00:00,252.0,FINITE_GEOMETRY_ADMISSIBLE_WITNESS,GEOMETRY_ADMISSIBLE,1,f89a7e858b2ddb9304b8525e33b5bec852b5e81bda1d12ff89ce557dcf52b745
7571,90635|132856,1,1957-07-05T23:38:00+00:00,1957-07-05T23:55:44+00:00,1064.0,FINITE_GEOMETRY_ADMISSIBLE_WITNESS,GEOMETRY_ADMISSIBLE,1,ff836822b20e437ca883fc130c944b78250e6593ae4eba2ef0522b27460e4afd
7586,90890|132893,1,1957-11-01T22:14:00+00:00,1957-11-01T22:17:25+00:00,205.0,FINITE_GEOMETRY_ADMISSIBLE_WITNESS,GEOMETRY_ADMISSIBLE,1,b8b88208fb823852a5ed0025b65eeceb302b2a228d52fa80dd918f4e27486e28
7590,90893|132894,1,1957-11-01T23:33:27+00:00,1957-11-01T23:49:00+00:00,933.0,FINITE_GEOMETRY_ADMISSIBLE_WITNESS,GEOMETRY_ADMISSIBLE,1,035bdc0d787ea1ff30057177b3f9d06c8f1bd0ed9df6914df5d630fa521a5e4c
7591,91256|132956,1,1958-06-14T22:27:43+00:00,1958-06-14T22:30:00+00:00,137.0,FINITE_GEOMETRY_ADMISSIBLE_WITNESS,GEOMETRY_ADMISSIBLE,1,37999e8355834961dadc9083692f3d5423bdcc968394ec80f1e7d658e9f9e8c7
7592,91256|132957,1,1958-06-14T22:27:43+00:00,1958-06-14T22:30:00+00:00,137.0,FINITE_GEOMETRY_ADMISSIBLE_WITNESS,GEOMETRY_ADMISSIBLE,1,43efb6131448eac4711a27d4e5b180a8e952be4ac5c1300e79b716101c51b925
7593,91256|132958,1,1958-06-14T22:27:43+00:00,1958-06-14T22:30:00+00:00,137.0,FINITE_GEOMETRY_ADMISSIBLE_WITNESS,GEOMETRY_ADMISSIBLE,1,263874f2f55b979043c73131e3283f7cad59d13c4ab4c9747cadaf1ef2ebdca1
7594,91257|132959,1,1958-06-14T22:56:54+00:00,1958-06-14T23:21:49+00:00,1495.0,FINITE_GEOMETRY_ADMISSIBLE_WITNESS,GEOMETRY_ADMISSIBLE,2,36ac451f7bdcdc3e4b0f7498bfd578af50fe75f0e045c64c3e1ab3d978214ee3
7595,91257|132960,1,1958-06-14T22:56:54+00:00,1958-06-14T23:21:49+00:00,1495.0,FINITE_GEOMETRY_ADMISSIBLE_WITNESS,GEOMETRY_ADMISSIBLE,1,7dfae8d2b8a92306db2803e9e4f5c9c823ce84df84f68750117c5ea44995e17c
7596,91257|132961,1,1958-06-14T22:56:54+00:00,1958-06-14T23:21:49+00:00,1495.0,FINITE_GEOMETRY_ADMISSIBLE_WITNESS,GEOMETRY_ADMISSIBLE,2,2c05cf230f76dfa7515b3a030704ae86bb662a4ec35040f9e8ec2410af0bedbc
7597,91258|132959,1,1958-06-14T23:26:19+00:00,1958-06-14T23:55:00+00:00,1721.0,FINITE_GEOMETRY_ADMISSIBLE_WITNESS,GEOMETRY_ADMISSIBLE,2,2a12c7227e9f1c07e9431878992eef22ad429c8f751496d5b555a7f37c208379
7598,91258|132960,1,1958-06-14T23:26:19+00:00,1958-06-14T23:55:00+00:00,1721.0,FINITE_GEOMETRY_ADMISSIBLE_WITNESS,GEOMETRY_ADMISSIBLE,1,eaa4a59e1251daa71a4a646553716ad7fcba28b9fb7f63b4d8ab73b5945962f7
7599,91258|132961,1,1958-06-14T23:26:19+00:00,1958-06-14T23:55:00+00:00,1721.0,FINITE_GEOMETRY_ADMISSIBLE_WITNESS,GEOMETRY_ADMISSIBLE,2,ea483ce8ba6d7c43a57720c85ab7cc600331908a46b895ce5fd528250651f9e1
7600,91259|132962,1,1958-06-15T00:06:00+00:00,1958-06-15T00:28:53+00:00,1373.0,FINITE_GEOMETRY_ADMISSIBLE_WITNESS,GEOMETRY_ADMISSIBLE,1,7eb63d325fdf9b528e1eeaac8ca671350bcaaf5f74151ea5f8c5c6e3a9ad9f63
7601,91259|132963,1,1958-06-15T00:06:00+00:00,1958-06-15T00:28:53+00:00,1373.0,FINITE_GEOMETRY_ADMISSIBLE_WITNESS,GEOMETRY_ADMISSIBLE,2,72853f9dfe9bc1652e15247b45a0ae5c53f3093198054b43c21462b9fac68249
7603,91296|133099,1,1958-09-04T00:19:34+00:00,1958-09-04T00:29:32+00:00,598.0,FINITE_GEOMETRY_ADMISSIBLE_WITNESS,GEOMETRY_ADMISSIBLE,2,7e38cc097fd3986bd435b4c4d3bcb00539682a70154e64d4518d16da76c8bdba
7604,91296|133100,1,1958-09-04T00:19:34+00:00,1958-09-04T00:29:32+00:00,598.0,FINITE_GEOMETRY_ADMISSIBLE_WITNESS,GEOMETRY_ADMISSIBLE,2,e7036681291a8f948a40208263de295f4b20ba9331a4efac1350b4d0c845e2ca
7605,91296|133101,1,1958-09-04T00:19:34+00:00,1958-09-04T00:29:32+00:00,598.0,FINITE_GEOMETRY_ADMISSIBLE_WITNESS,GEOMETRY_ADMISSIBLE,1,3d7ccd48fa73ec90b7a8eb348f2db8ee6ae303eb35d3a011df38827564d3eb3a
7606,91303|133094,1,1958-09-03T21:35:51+00:00,1958-09-03T21:45:49+00:00,598.0,FINITE_GEOMETRY_ADMISSIBLE_WITNESS,GEOMETRY_ADMISSIBLE,1,f2e107f9e5e61155fb7d4f3d8c4987447dde7e436a4fab13af06336050a7fb5f
7607,91303|133095,1,1958-09-03T21:35:51+00:00,1958-09-03T21:45:49+00:00,598.0,FINITE_GEOMETRY_ADMISSIBLE_WITNESS,GEOMETRY_ADMISSIBLE,1,46280461184a4f85d40bb13492df9884b17d0876c9eb4568e97ea1fe060ad6fb
7608,91304|133094,1,1958-09-03T21:51:13+00:00,1958-09-03T22:01:12+00:00,599.0,FINITE_GEOMETRY_ADMISSIBLE_WITNESS,GEOMETRY_ADMISSIBLE,1,22438adb00604ebc93a1235113f4b7cc8f4852a0d2a9d671d8e7ada2ea53614d
7609,91304|133095,1,1958-09-03T21:51:13+00:00,1958-09-03T22:01:12+00:00,599.0,FINITE_GEOMETRY_ADMISSIBLE_WITNESS,GEOMETRY_ADMISSIBLE,2,0f1f9ec3810d2619dfc5752e17febd0b5629a2966ef5b22176a977ae7860b051
7610,91305|133097,1,1958-09-03T23:06:26+00:00,1958-09-03T23:16:24+00:00,598.0,FINITE_GEOMETRY_ADMISSIBLE_WITNESS,GEOMETRY_ADMISSIBLE,1,61de7e50027a9f9da2d05de98585e2d1b8721fa21d8fae2d86655f4e0d8e0ef5
7611,91305|133098,1,1958-09-03T23:06:26+00:00,1958-09-03T23:16:24+00:00,598.0,FINITE_GEOMETRY_ADMISSIBLE_WITNESS,GEOMETRY_ADMISSIBLE,2,a8957ea2a3fa182dac7cbf23449c8354ed63769c4d2ecf2f9ec11992f1c73d9d
7612,91306|133099,1,1958-09-03T23:35:00+00:00,1958-09-03T23:43:20+00:00,500.0,FINITE_GEOMETRY_ADMISSIBLE_WITNESS,GEOMETRY_ADMISSIBLE,2,3dd0bcb1ee16a2a6f4df56298a449b3849d7c9ab2a71e3d460e0a953483f405f
7613,91306|133100,1,1958-09-03T23:35:00+00:00,1958-09-03T23:43:20+00:00,500.0,FINITE_GEOMETRY_ADMISSIBLE_WITNESS,GEOMETRY_ADMISSIBLE,1,45b119b4202d02ce765560aa04c076348fd5bf30b15bdcbb7c0782e2525c3944
7614,91306|133101,1,1958-09-03T23:35:00+00:00,1958-09-03T23:43:20+00:00,500.0,FINITE_GEOMETRY_ADMISSIBLE_WITNESS,GEOMETRY_ADMISSIBLE,2,20d4fffca096a932876515d57017f1d4ecc17f90a7c32b26e9d5b51a6754983c
7615,91307|133099,1,1958-09-03T23:46:59+00:00,1958-09-03T23:56:58+00:00,599.0,FINITE_GEOMETRY_ADMISSIBLE_WITNESS,GEOMETRY_ADMISSIBLE,1,707370ec019b80e4bc7044ffe71c9b7d6a9a141d213f040ca3de70c13c7f85cf
7616,91307|133100,1,1958-09-03T23:46:59+00:00,1958-09-03T23:56:58+00:00,599.0,FINITE_GEOMETRY_ADMISSIBLE_WITNESS,GEOMETRY_ADMISSIBLE,1,2aaca4042deafe8a302ef2c80f5f9ad4b36b6f722580b4e985332d2fb4075143
7617,91307|133101,1,1958-09-03T23:46:59+00:00,1958-09-03T23:56:58+00:00,599.0,FINITE_GEOMETRY_ADMISSIBLE_WITNESS,GEOMETRY_ADMISSIBLE,1,d5c308d8e6e576e77d8d9c3c876bf91ecfeebf634b3c254e32caba067d428420
7618,91308|133099,1,1958-09-04T00:04:06+00:00,1958-09-04T00:14:05+00:00,599.0,FINITE_GEOMETRY_ADMISSIBLE_WITNESS,GEOMETRY_ADMISSIBLE,1,9759c529b60fa9c61604d62ac750fa4f39e40718ea491c5bdbedc443a60b5aa4
7619,91308|133100,1,1958-09-04T00:04:06+00:00,1958-09-04T00:14:05+00:00,599.0,FINITE_GEOMETRY_ADMISSIBLE_WITNESS,GEOMETRY_ADMISSIBLE,1,981303e62bd91fc0c15940b1405545fe2e20081aace693662a11aad1681e8217
7620,91308|133101,1,1958-09-04T00:04:06+00:00,1958-09-04T00:14:05+00:00,599.0,FINITE_GEOMETRY_ADMISSIBLE_WITNESS,GEOMETRY_ADMISSIBLE,1,719b8ad39edd85540a8227f6cafe336649944d5c19ed6000fc6539dcf42eb16b
7621,91309|133117,1,1958-09-05T00:22:57+00:00,1958-09-05T00:32:55+00:00,598.0,FINITE_GEOMETRY_ADMISSIBLE_WITNESS,GEOMETRY_ADMISSIBLE,1,08023b85b8e8a5546f16acbfbf85e6dd2681c4794af295c2bde80f5db8606572
7622,91309|133118,1,1958-09-05T00:22:57+00:00,1958-09-05T00:32:55+00:00,598.0,FINITE_GEOMETRY_ADMISSIBLE_WITNESS,GEOMETRY_ADMISSIBLE,1,64a62b253c30152b185af69c3e4c53b70ae10f8e827c50101fc90addffd301df
7623,91309|133119,1,1958-09-05T00:22:57+00:00,1958-09-05T00:32:55+00:00,598.0,FINITE_GEOMETRY_ADMISSIBLE_WITNESS,GEOMETRY_ADMISSIBLE,2,6a22f804a44955f09e8fa11c52b41cbd8ecf7e86d97fb9f126d8f9b495105410
7624,91310|133103,1,1958-09-04T00:44:00+00:00,1958-09-04T00:53:58+00:00,598.0,FINITE_GEOMETRY_ADMISSIBLE_WITNESS,GEOMETRY_ADMISSIBLE,1,edcd3806cf49b9f5696fb985e8717b73ebc32c37c2043df635786c5c44e4a9b5
7625,91310|133104,1,1958-09-04T00:44:00+00:00,1958-09-04T00:53:58+00:00,598.0,FINITE_GEOMETRY_ADMISSIBLE_WITNESS,GEOMETRY_ADMISSIBLE,1,92ac41d491294311b0c09107b5eba776e7e2924799e629e5ef967fca58be1c51
7626,91311|133103,1,1958-09-04T01:01:32+00:00,1958-09-04T01:11:30+00:00,598.0,FINITE_GEOMETRY_ADMISSIBLE_WITNESS,GEOMETRY_ADMISSIBLE,1,eba68a46ab143126b318ac0c7194a9ec6fd1137c6206caed918847d2a6e07681
7627,91311|133104,1,1958-09-04T01:01:32+00:00,1958-09-04T01:11:30+00:00,598.0,FINITE_GEOMETRY_ADMISSIBLE_WITNESS,GEOMETRY_ADMISSIBLE,1,1721ae13b3db3e213a76a80eb745f3fafca427b7151af56799b928ff8381781f
7628,91312|133103,1,1958-09-04T01:18:49+00:00,1958-09-04T01:28:47+00:00,598.0,FINITE_GEOMETRY_ADMISSIBLE_WITNESS,GEOMETRY_ADMISSIBLE,3,b739b61f1654b9fc0c2d470e502a59dc733d828356d6430a8dba0048f4effeea
7629,91312|133104,1,1958-09-04T01:18:49+00:00,1958-09-04T01:28:47+00:00,598.0,FINITE_GEOMETRY_ADMISSIBLE_WITNESS,GEOMETRY_ADMISSIBLE,1,3ca4475db0087f67ee040783202c2d5df7d5d1c112c0404f9c059cc9d1fe2f7a
7630,91314|133112,1,1958-09-04T21:41:28+00:00,1958-09-04T21:51:27+00:00,599.0,FINITE_GEOMETRY_ADMISSIBLE_WITNESS,GEOMETRY_ADMISSIBLE,2,12151255bc72926680905adc3b05803276369a0f1bb07362ff0b63d098deeae2
7632,91315|133112,1,1958-09-04T21:59:05+00:00,1958-09-04T22:09:04+00:00,599.0,FINITE_GEOMETRY_ADMISSIBLE_WITNESS,GEOMETRY_ADMISSIBLE,1,29b4c45e8f8aed79336eb1bdd40188df722ce806b9beb76a713620f4fbd43109
7633,91315|133113,1,1958-09-04T21:59:05+00:00,1958-09-04T22:09:04+00:00,599.0,FINITE_GEOMETRY_ADMISSIBLE_WITNESS,GEOMETRY_ADMISSIBLE,1,aff38f0ea0c16936a15c1e19fd1b74753510a2d3193f9d49dda51c6db6772a12
7634,91316|133112,1,1958-09-04T22:16:08+00:00,1958-09-04T22:25:00+00:00,532.0,FINITE_GEOMETRY_ADMISSIBLE_WITNESS,GEOMETRY_ADMISSIBLE,1,6332addbc9d0609078bc9874a74a197d1975aff49d1ac63652716a93215d0cc0
7635,91316|133113,1,1958-09-04T22:16:08+00:00,1958-09-04T22:25:00+00:00,532.0,FINITE_GEOMETRY_ADMISSIBLE_WITNESS,GEOMETRY_ADMISSIBLE,2,0ce58a75e018cc6786167727ffa80ce7af6618c019356d020904fdb55625664d
7636,91317|133114,1,1958-09-04T22:36:44+00:00,1958-09-04T22:46:43+00:00,599.0,FINITE_GEOMETRY_ADMISSIBLE_WITNESS,GEOMETRY_ADMISSIBLE,2,43a84b320755be735a6184bd08d30a363d31744b78d273153a3f1edeb7b1baed
7637,91317|133115,1,1958-09-04T22:36:44+00:00,1958-09-04T22:46:43+00:00,599.0,FINITE_GEOMETRY_ADMISSIBLE_WITNESS,GEOMETRY_ADMISSIBLE,1,f37f36e8d38cc5b6ff82e63b501996f481c6927f2cd2ac606b66e8afb0181e60
7639,91318|133114,1,1958-09-04T22:53:51+00:00,1958-09-04T23:03:50+00:00,599.0,FINITE_GEOMETRY_ADMISSIBLE_WITNESS,GEOMETRY_ADMISSIBLE,3,097b33f7e25a9b159cd08e7a9e2f286d12ee16c378e4654861a714df2702c0e7
7640,91318|133115,1,1958-09-04T22:53:51+00:00,1958-09-04T23:03:50+00:00,599.0,FINITE_GEOMETRY_ADMISSIBLE_WITNESS,GEOMETRY_ADMISSIBLE,1,0ad229f7cc99ee9a3f84c6fcbccb9df803bb8ad7bdcd9c751fd5fef2f72976bc
7641,91318|133116,1,1958-09-04T22:53:51+00:00,1958-09-04T23:03:50+00:00,599.0,FINITE_GEOMETRY_ADMISSIBLE_WITNESS,GEOMETRY_ADMISSIBLE,1,99376912b57880a21f86243fe1bed0ad9f52595182a8ea179aa8cebf8a05054a
7642,91319|133114,1,1958-09-04T23:12:53+00:00,1958-09-04T23:22:52+00:00,599.0,FINITE_GEOMETRY_ADMISSIBLE_WITNESS,GEOMETRY_ADMISSIBLE,1,37c378eab8c16c6ee04787f70e03b7ce60990517686861050c3b70fe57d40d13
7643,91319|133115,1,1958-09-04T23:12:53+00:00,1958-09-04T23:22:52+00:00,599.0,FINITE_GEOMETRY_ADMISSIBLE_WITNESS,GEOMETRY_ADMISSIBLE,2,f77af61db161c30f2bd8f5fd1c13166e6ca823af3626c5bd241deac45aa6ad5a
7644,91319|133116,1,1958-09-04T23:12:53+00:00,1958-09-04T23:22:52+00:00,599.0,FINITE_GEOMETRY_ADMISSIBLE_WITNESS,GEOMETRY_ADMISSIBLE,1,428aa8a36c2713a33b24771d32a1203582a11e7b61e3ff4c53c9f4621205a799
7645,91320|133117,1,1958-09-04T23:35:00+00:00,1958-09-04T23:39:59+00:00,299.0,FINITE_GEOMETRY_ADMISSIBLE_WITNESS,GEOMETRY_ADMISSIBLE,1,11794a2fa374c9cf3b94ea845ec6ef79c2dabf09c7713e3403c7496f2db17fac
7646,91320|133118,1,1958-09-04T23:35:00+00:00,1958-09-04T23:39:59+00:00,299.0,FINITE_GEOMETRY_ADMISSIBLE_WITNESS,GEOMETRY_ADMISSIBLE,1,4f7c0a8209566b93138d8145cf239aeb52a3fdc9a45ef7dc41afa31a72450cd4
7647,91320|133119,1,1958-09-04T23:35:00+00:00,1958-09-04T23:39:59+00:00,299.0,FINITE_GEOMETRY_ADMISSIBLE_WITNESS,GEOMETRY_ADMISSIBLE,1,0468a5f12666eb7f04a1dc7ab1f6f5b5b2e0aeec8bbbef98cfcb86aa787d8d0e
7648,91321|133117,1,1958-09-04T23:49:02+00:00,1958-09-04T23:59:01+00:00,599.0,FINITE_GEOMETRY_ADMISSIBLE_WITNESS,GEOMETRY_ADMISSIBLE,1,da75753acde0300d2b38ca51814e550d224b32f9d4417dd7b271f7ef4794a7a9
7649,91321|133118,1,1958-09-04T23:49:02+00:00,1958-09-04T23:59:01+00:00,599.0,FINITE_GEOMETRY_ADMISSIBLE_WITNESS,GEOMETRY_ADMISSIBLE,1,b999c5c86c9558d0c565e81ccd6066af994004af723d7eacaf9b7f08319e57b7
7650,91321|133119,1,1958-09-04T23:49:02+00:00,1958-09-04T23:59:01+00:00,599.0,FINITE_GEOMETRY_ADMISSIBLE_WITNESS,GEOMETRY_ADMISSIBLE,1,1fc98927b69e1fb92b1b3c36cdf37a8a911459d335427f6bfb13d14c188b8afc
7651,91322|133117,1,1958-09-05T00:07:09+00:00,1958-09-05T00:17:08+00:00,599.0,FINITE_GEOMETRY_ADMISSIBLE_WITNESS,GEOMETRY_ADMISSIBLE,1,b83779cfef860891747a5ab9a0c3115a88b37dec21e9c614d6256b044737ab3f
7652,91322|133118,1,1958-09-05T00:07:09+00:00,1958-09-05T00:17:08+00:00,599.0,FINITE_GEOMETRY_ADMISSIBLE_WITNESS,GEOMETRY_ADMISSIBLE,2,0ad40a81fc0f4bfc5c27365aa468d6e643b16669ad9545653040e5b733a5d1a7
7653,91322|133119,1,1958-09-05T00:07:09+00:00,1958-09-05T00:17:08+00:00,599.0,FINITE_GEOMETRY_ADMISSIBLE_WITNESS,GEOMETRY_ADMISSIBLE,2,e8175a131dac078796389e6cce6a76f0b2a659b3678c888e72bdecf2c4fb2d15
7654,91323|133117,1,1958-09-05T00:32:10+00:00,1958-09-05T00:35:00+00:00,170.0,FINITE_GEOMETRY_ADMISSIBLE_WITNESS,GEOMETRY_ADMISSIBLE,1,f5e740f670e94c88a99c4c92857f16f623a2c5e7da97a62b7ca4e743f305f022
7655,91323|133118,1,1958-09-05T00:32:10+00:00,1958-09-05T00:35:00+00:00,170.0,FINITE_GEOMETRY_ADMISSIBLE_WITNESS,GEOMETRY_ADMISSIBLE,1,1914c9758e8738e39bc4578eb00928e7203e9284cc606ac5fa4a63338ca758d4
7656,91323|133119,1,1958-09-05T00:32:10+00:00,1958-09-05T00:35:00+00:00,170.0,FINITE_GEOMETRY_ADMISSIBLE_WITNESS,GEOMETRY_ADMISSIBLE,3,1b49353e1a39181ccf705f7af3b7b0e38ba584eaa7d3cc875c465c1b35d5c018
7657,91323|133120,1,1958-09-05T00:40:00+00:00,1958-09-05T00:42:09+00:00,129.0,FINITE_GEOMETRY_ADMISSIBLE_WITNESS,GEOMETRY_ADMISSIBLE,1,8c5792d75ac451454db3ead06591b1010834a8ae4574c05abca9aac14dbf4e5d
7658,91323|133121,1,1958-09-05T00:40:00+00:00,1958-09-05T00:42:09+00:00,129.0,FINITE_GEOMETRY_ADMISSIBLE_WITNESS,GEOMETRY_ADMISSIBLE,3,fe9eb73187b0fb588864ff2cc2048c9250ce5c670b174a924a98e24c6010bf86
7660,91324|133120,1,1958-09-05T00:48:52+00:00,1958-09-05T00:58:51+00:00,599.0,FINITE_GEOMETRY_ADMISSIBLE_WITNESS,GEOMETRY_ADMISSIBLE,1,0b634d4dfd7b04caf02224be6fbdc9c7a0f89015f9d496ffcb2f6cec4cc70352
7661,91324|133121,1,1958-09-05T00:48:52+00:00,1958-09-05T00:58:51+00:00,599.0,FINITE_GEOMETRY_ADMISSIBLE_WITNESS,GEOMETRY_ADMISSIBLE,1,0ec4b6122550b527d7433eaf23e6257baf9b8cf013bae9517f5018e899c1bacb
7662,91324|133122,1,1958-09-05T00:48:52+00:00,1958-09-05T00:58:51+00:00,599.0,FINITE_GEOMETRY_ADMISSIBLE_WITNESS,GEOMETRY_ADMISSIBLE,1,fd6c01ecc600ae88b98329d8cdf35991547dfcd0c789ef634c66388b9cac6491
7663,91325|133120,1,1958-09-05T01:05:45+00:00,1958-09-05T01:15:43+00:00,598.0,FINITE_GEOMETRY_ADMISSIBLE_WITNESS,GEOMETRY_ADMISSIBLE,1,423db3d0ab496e617e1c1c97b81edf3c3d85485aff74a2c27b7324658bd32313
7664,91325|133121,1,1958-09-05T01:05:45+00:00,1958-09-05T01:15:43+00:00,598.0,FINITE_GEOMETRY_ADMISSIBLE_WITNESS,GEOMETRY_ADMISSIBLE,2,9a767dff0668ea3ac8741b9239126a30b39e6f837ad64ca15babcf7ccb301b5e
7665,91325|133122,1,1958-09-05T01:05:45+00:00,1958-09-05T01:15:43+00:00,598.0,FINITE_GEOMETRY_ADMISSIBLE_WITNESS,GEOMETRY_ADMISSIBLE,1,125f4b8cdcb07620aad1509e60b1236adc1725aad2d2e4270efbebf6702105d9
7666,91326|133123,1,1958-09-05T01:45:00+00:00,1958-09-05T01:52:57+00:00,477.0,FINITE_GEOMETRY_ADMISSIBLE_WITNESS,GEOMETRY_ADMISSIBLE,1,23af9f32b767d4bfcb89f21b9c04ca1b2a77da8c66ee7610e9cc40fdcdb255c7
7667,91326|133124,1,1958-09-05T01:45:00+00:00,1958-09-05T01:52:57+00:00,477.0,FINITE_GEOMETRY_ADMISSIBLE_WITNESS,GEOMETRY_ADMISSIBLE,1,dd4dc57b24703ae9949268af6ad136add39052c220690abf7afd782d97dc1019
7668,91326|133125,1,1958-09-05T01:45:00+00:00,1958-09-05T01:52:57+00:00,477.0,FINITE_GEOMETRY_ADMISSIBLE_WITNESS,GEOMETRY_ADMISSIBLE,1,4916eea25df9d6e18675f12f0f52126bf533eac0089d837c95e1c01b85bf28af
7669,91327|133123,1,1958-09-05T02:01:35+00:00,1958-09-05T02:11:34+00:00,599.0,FINITE_GEOMETRY_ADMISSIBLE_WITNESS,GEOMETRY_ADMISSIBLE,1,daab8dd12c39d97bfc92fd80f032f75b5ebd87ed5a4cab4b7b6955968791164f
7670,91327|133124,1,1958-09-05T02:01:35+00:00,1958-09-05T02:11:34+00:00,599.0,FINITE_GEOMETRY_ADMISSIBLE_WITNESS,GEOMETRY_ADMISSIBLE,1,7bf5378859b351dd6a2096b1c9fea113635185a089fd4e595d7b4956c030c2ae
7671,91327|133125,1,1958-09-05T02:01:35+00:00,1958-09-05T02:11:34+00:00,599.0,FINITE_GEOMETRY_ADMISSIBLE_WITNESS,GEOMETRY_ADMISSIBLE,1,1b1941c5bec35db139819a6ed9493bf34b40612f8bce93977e259ac222a6e4d7
7672,91328|133123,1,1958-09-05T02:18:47+00:00,1958-09-05T02:28:46+00:00,599.0,FINITE_GEOMETRY_ADMISSIBLE_WITNESS,GEOMETRY_ADMISSIBLE,1,77e6216be26f1260ec84e4a9c8c5732af67bf0b7fb96119ea469f0967763f1c7
7673,91328|133124,1,1958-09-05T02:18:47+00:00,1958-09-05T02:28:46+00:00,599.0,FINITE_GEOMETRY_ADMISSIBLE_WITNESS,GEOMETRY_ADMISSIBLE,1,7ffce23dbf43808908b17b325f710b8d7756c191957f5a5cedc3276c7b0e0769
7674,91328|133125,1,1958-09-05T02:18:47+00:00,1958-09-05T02:28:46+00:00,599.0,FINITE_GEOMETRY_ADMISSIBLE_WITNESS,GEOMETRY_ADMISSIBLE,1,8ce76430f3827974469ff16872c8d6986d10980fa8617948eb3519f7b9390471
7675,91329|133135,1,1958-09-05T23:09:47+00:00,1958-09-05T23:19:46+00:00,599.0,FINITE_GEOMETRY_ADMISSIBLE_WITNESS,GEOMETRY_ADMISSIBLE,3,ff302c2da9fa00009908477ccb0039fd5698a3f3414b8a905436690699f82edc
7676,91329|133136,1,1958-09-05T23:09:47+00:00,1958-09-05T23:19:46+00:00,599.0,FINITE_GEOMETRY_ADMISSIBLE_WITNESS,GEOMETRY_ADMISSIBLE,2,7d657995a82490230e8df3161675dd6f1b167b821531ca2bb7005fa48782d563
7677,91329|133137,1,1958-09-05T23:09:47+00:00,1958-09-05T23:19:46+00:00,599.0,FINITE_GEOMETRY_ADMISSIBLE_WITNESS,GEOMETRY_ADMISSIBLE,1,7bface9dfea999c2033c3dc79f57dd690b5d4316bbd294e256c774a38c016df7
7678,91330|133135,1,1958-09-05T23:27:49+00:00,1958-09-05T23:30:00+00:00,131.0,FINITE_GEOMETRY_ADMISSIBLE_WITNESS,GEOMETRY_ADMISSIBLE,1,3d9fb9b2b665eecf4036ac3c6aa3207dff3fba53e7531e51b50d93adc99267c9
7679,91330|133136,1,1958-09-05T23:27:49+00:00,1958-09-05T23:30:00+00:00,131.0,FINITE_GEOMETRY_ADMISSIBLE_WITNESS,GEOMETRY_ADMISSIBLE,1,02d4012734625ba6c525ca68c9a7f440a860c032aad92a4285dd0656f66d4e0d
7680,91330|133137,1,1958-09-05T23:27:49+00:00,1958-09-05T23:30:00+00:00,131.0,FINITE_GEOMETRY_ADMISSIBLE_WITNESS,GEOMETRY_ADMISSIBLE,1,8770b0f1e5bbe94b69c56e26cf1ff02cc8b83a623c20ca6c4e3ca4bf9875a050
7683,91331|133139,1,1958-09-05T23:44:51+00:00,1958-09-05T23:54:50+00:00,599.0,FINITE_GEOMETRY_ADMISSIBLE_WITNESS,GEOMETRY_ADMISSIBLE,2,79c3dfe4b4cacb905e21a430c642123b9bb1007184b993b5c424c2fd3665913f
7684,91331|133140,1,1958-09-05T23:44:51+00:00,1958-09-05T23:54:50+00:00,599.0,FINITE_GEOMETRY_ADMISSIBLE_WITNESS,GEOMETRY_ADMISSIBLE,1,889fd5995227bd4851bc643078ea601729721a5028c84fda713d9bcbe850950d
7685,91332|133139,1,1958-09-06T00:01:54+00:00,1958-09-06T00:11:52+00:00,598.0,FINITE_GEOMETRY_ADMISSIBLE_WITNESS,GEOMETRY_ADMISSIBLE,1,47afbaa9ccfdd3ef7e6d8183eeea6214f3acebca8ad258afcf6313f1ace68a27
7686,91332|133140,1,1958-09-06T00:01:54+00:00,1958-09-06T00:11:52+00:00,598.0,FINITE_GEOMETRY_ADMISSIBLE_WITNESS,GEOMETRY_ADMISSIBLE,1,cf6c0c9cc68597966a7234385eed78102fb662cf9e7cc3cfed6c1f9d9a97166e
7687,91333|133139,1,1958-09-06T00:22:10+00:00,1958-09-06T00:32:09+00:00,599.0,FINITE_GEOMETRY_ADMISSIBLE_WITNESS,GEOMETRY_ADMISSIBLE,2,c4119c874b3f631cbebc244da3735d3c2ca32057c993193689eeaaa0f122dce8
7688,91333|133140,1,1958-09-06T00:22:10+00:00,1958-09-06T00:32:09+00:00,599.0,FINITE_GEOMETRY_ADMISSIBLE_WITNESS,GEOMETRY_ADMISSIBLE,1,07193af609e96a715e22652340bff5c6140a5da4580077379a511e52dc53600f
7689,91334|133142,1,1958-09-06T00:40:52+00:00,1958-09-06T00:50:51+00:00,599.0,FINITE_GEOMETRY_ADMISSIBLE_WITNESS,GEOMETRY_ADMISSIBLE,2,c70e49c01a56ea72565e39926fa14677ee627f86d2ec345ecd2186619c53267f
7690,91334|133143,1,1958-09-06T00:40:52+00:00,1958-09-06T00:50:51+00:00,599.0,FINITE_GEOMETRY_ADMISSIBLE_WITNESS,GEOMETRY_ADMISSIBLE,1,03b7c18a880ae0f757f9ce55925598f6c9c21bc68afc57d0968453af5745523f
7691,91335|133142,1,1958-09-06T00:59:59+00:00,1958-09-06T01:09:57+00:00,598.0,FINITE_GEOMETRY_ADMISSIBLE_WITNESS,GEOMETRY_ADMISSIBLE,1,0da31ca5b35028a919ca5eebc7e968756ab748f523df7e645193193986edc7a7
7692,91335|133143,1,1958-09-06T00:59:59+00:00,1958-09-06T01:09:57+00:00,598.0,FINITE_GEOMETRY_ADMISSIBLE_WITNESS,GEOMETRY_ADMISSIBLE,3,442d29ddc019fc2adb4dbc555e87dc46bf5ff723f9bcf1874cd473fcb8adfdbe
7693,91336|133142,1,1958-09-06T01:16:31+00:00,1958-09-06T01:26:30+00:00,599.0,FINITE_GEOMETRY_ADMISSIBLE_WITNESS,GEOMETRY_ADMISSIBLE,1,5288716a9b40b56549f0c9e93bec3a0bf72b9ccd84e2368d8e9fe0c0f8b8599b
7694,91336|133143,1,1958-09-06T01:16:31+00:00,1958-09-06T01:26:30+00:00,599.0,FINITE_GEOMETRY_ADMISSIBLE_WITNESS,GEOMETRY_ADMISSIBLE,2,e4d90e804b88b3ce441513b0e1b56c5763830acd95dad5f59f78cfbb4e8720ff
7695,91337|133142,1,1958-09-06T01:37:43+00:00,1958-09-06T01:40:00+00:00,137.0,FINITE_GEOMETRY_ADMISSIBLE_WITNESS,GEOMETRY_ADMISSIBLE,2,ca9df320ee9913431f5397633cd65f90f9b0469f0cf5d0005150dc521e4849d6
7696,91337|133143,1,1958-09-06T01:37:43+00:00,1958-09-06T01:40:00+00:00,137.0,FINITE_GEOMETRY_ADMISSIBLE_WITNESS,GEOMETRY_ADMISSIBLE,1,da3b4f406546eeb8c78acc0ae476097ea0fc60400b420b93c2b07adfe4e4b241
7697,91337|133144,1,1958-09-06T01:45:00+00:00,1958-09-06T01:47:41+00:00,161.0,FINITE_GEOMETRY_ADMISSIBLE_WITNESS,GEOMETRY_ADMISSIBLE,1,c457e79018b76dcade7780c0d7b04104db7e59a42ce9cc117e611b194413442c
7698,91337|133145,1,1958-09-06T01:45:00+00:00,1958-09-06T01:47:41+00:00,161.0,FINITE_GEOMETRY_ADMISSIBLE_WITNESS,GEOMETRY_ADMISSIBLE,1,e4a0e5fd788bd407ee0dedcee6c5955b198144e3a80bc428ea5f24fbfd93f845
7699,91337|133146,1,1958-09-06T01:45:00+00:00,1958-09-06T01:47:41+00:00,161.0,FINITE_GEOMETRY_ADMISSIBLE_WITNESS,GEOMETRY_ADMISSIBLE,1,241a4941fcf211ca0cfa6db452f221b31d09de4f7465057bd41add2f02882dfe
7700,91338|133144,1,1958-09-06T01:54:50+00:00,1958-09-06T02:04:48+00:00,598.0,FINITE_GEOMETRY_ADMISSIBLE_WITNESS,GEOMETRY_ADMISSIBLE,2,b4c870da4fe60262328beb0fcc30aa0588909f58e84e235942c5e0a444259d01
7701,91338|133145,1,1958-09-06T01:54:50+00:00,1958-09-06T02:04:48+00:00,598.0,FINITE_GEOMETRY_ADMISSIBLE_WITNESS,GEOMETRY_ADMISSIBLE,1,3fa2023a55c5280a7e2f4a73140f113869ffc7fd6207374dc39d1847faf163a2
7702,91338|133146,1,1958-09-06T01:54:50+00:00,1958-09-06T02:04:48+00:00,598.0,FINITE_GEOMETRY_ADMISSIBLE_WITNESS,GEOMETRY_ADMISSIBLE,1,2505789abcf8719ae145e02cc5074c36f7a6bbf6b0e57e6d7a9c04bcfa4c7616
7703,91339|133144,1,1958-09-06T02:11:17+00:00,1958-09-06T02:21:15+00:00,598.0,FINITE_GEOMETRY_ADMISSIBLE_WITNESS,GEOMETRY_ADMISSIBLE,1,62989188475bc93d83e1ff41ac9a55066f4637c7d57379f7a6683b1cec279074
7704,91339|133145,1,1958-09-06T02:11:17+00:00,1958-09-06T02:21:15+00:00,598.0,FINITE_GEOMETRY_ADMISSIBLE_WITNESS,GEOMETRY_ADMISSIBLE,1,f1f056532f99e64c85d1b2f5d4d07e2caba5602b567d48674a6302c915713aaa
7705,91339|133146,1,1958-09-06T02:11:17+00:00,1958-09-06T02:21:15+00:00,598.0,FINITE_GEOMETRY_ADMISSIBLE_WITNESS,GEOMETRY_ADMISSIBLE,3,e940de6980dbf045ecbf12e627e13ef2497751636456f352cb7b63594e3e1392
7706,91340|133144,1,1958-09-06T02:29:49+00:00,1958-09-06T02:39:47+00:00,598.0,FINITE_GEOMETRY_ADMISSIBLE_WITNESS,GEOMETRY_ADMISSIBLE,2,d447989a3982db5677152d6c7970ec7fda1b77cc1b1713e8244c80371c107ba1
7707,91340|133145,1,1958-09-06T02:29:49+00:00,1958-09-06T02:39:47+00:00,598.0,FINITE_GEOMETRY_ADMISSIBLE_WITNESS,GEOMETRY_ADMISSIBLE,1,43b87cc32cca48aee78e8d8bb57cadd7de6acba270d5957eb5498b479269aaa9
7708,91340|133146,1,1958-09-06T02:29:49+00:00,1958-09-06T02:39:47+00:00,598.0,FINITE_GEOMETRY_ADMISSIBLE_WITNESS,GEOMETRY_ADMISSIBLE,1,3201db25b1b4e7a5077cf0850d0dfa917302f4d948723519fe5e40a455fc04f7
7709,91341|133156,1,1958-09-06T22:27:03+00:00,1958-09-06T22:42:00+00:00,897.0,FINITE_GEOMETRY_ADMISSIBLE_WITNESS,GEOMETRY_ADMISSIBLE,1,a81e0c1c19b5af21e342e9e1fa14815998e2a2030ad5fd24b60ec68947c7cbbb
7712,91342|133156,1,1958-09-06T22:45:55+00:00,1958-09-06T22:57:53+00:00,718.0,FINITE_GEOMETRY_ADMISSIBLE_WITNESS,GEOMETRY_ADMISSIBLE,1,6782781b653d102fc38376896e17d85acefa60d01d0f4ba7ca10661f9421c061
7713,91342|133157,1,1958-09-06T22:45:55+00:00,1958-09-06T22:57:53+00:00,718.0,FINITE_GEOMETRY_ADMISSIBLE_WITNESS,GEOMETRY_ADMISSIBLE,1,c15e3a81924623190aa25e9417aea569a5810a9a33ac405fb08e04b3239ed352
7715,91343|133156,1,1958-09-06T23:08:36+00:00,1958-09-06T23:23:33+00:00,897.0,FINITE_GEOMETRY_ADMISSIBLE_WITNESS,GEOMETRY_ADMISSIBLE,1,ae6bd7321ed5b9b1d0d846c65817f1f8ae85cfa3eff78840babe97735beaf566
7716,91343|133157,1,1958-09-06T23:08:36+00:00,1958-09-06T23:23:33+00:00,897.0,FINITE_GEOMETRY_ADMISSIBLE_WITNESS,GEOMETRY_ADMISSIBLE,2,15cc1c050e7b7e17dd679f5490e8177e5e6381385d8797bbbea2af3f5e7a11b3
7717,91343|133158,1,1958-09-06T23:08:36+00:00,1958-09-06T23:23:33+00:00,897.0,FINITE_GEOMETRY_ADMISSIBLE_WITNESS,GEOMETRY_ADMISSIBLE,1,cc2b53c30cc734eeeb8f33ba5a93e5a25222eb81eef6a1006b4fc4c39d0f097b
7718,91344|133159,1,1958-09-06T23:31:12+00:00,1958-09-06T23:41:16+00:00,604.0,FINITE_GEOMETRY_ADMISSIBLE_WITNESS,GEOMETRY_ADMISSIBLE,2,619f8f66e620e4657734fdfb07eb2c2f08fc9437bebccf4f2938932230f57b49
7719,91344|133160,1,1958-09-06T23:31:12+00:00,1958-09-06T23:41:16+00:00,604.0,FINITE_GEOMETRY_ADMISSIBLE_WITNESS,GEOMETRY_ADMISSIBLE,3,5ee89098c0443068332bb9992bb051a31dca0e552dd2288c06820def687b7c66
7720,91345|133190,1,1958-09-12T20:55:28+00:00,1958-09-12T21:05:00+00:00,572.0,FINITE_GEOMETRY_ADMISSIBLE_WITNESS,GEOMETRY_ADMISSIBLE,2,11e4f73790d78536a05d5fd3ab9f654b776ea765307cbf193000ffe33c36da47
7721,91345|133191,1,1958-09-12T20:55:28+00:00,1958-09-12T21:05:00+00:00,572.0,FINITE_GEOMETRY_ADMISSIBLE_WITNESS,GEOMETRY_ADMISSIBLE,1,ee34d7c0d863b16f012cff7e14fe873dd890f2435fce0dff9831ef0a005549a3
7722,91345|133192,1,1958-09-12T20:55:28+00:00,1958-09-12T21:05:00+00:00,572.0,FINITE_GEOMETRY_ADMISSIBLE_WITNESS,GEOMETRY_ADMISSIBLE,1,bed610d95f3cdb114f321b837e6daab4cd1b57f5810c4d63511bf044768acca1
7725,91346|133194,1,1958-09-12T21:20:49+00:00,1958-09-12T21:35:47+00:00,898.0,FINITE_GEOMETRY_ADMISSIBLE_WITNESS,GEOMETRY_ADMISSIBLE,2,db5cd2ad752d01ac6336b27b21faa41a1ccde6d231a7ca7634a72748e73e2cb1
7726,91346|133195,1,1958-09-12T21:20:49+00:00,1958-09-12T21:35:47+00:00,898.0,FINITE_GEOMETRY_ADMISSIBLE_WITNESS,GEOMETRY_ADMISSIBLE,1,164dc2e3e406ee5d5a238bc8d7cc452a399f398f65b816ee79ca0c0af964d53e
7727,91347|133194,1,1958-09-12T21:39:46+00:00,1958-09-12T21:54:59+00:00,913.0,FINITE_GEOMETRY_ADMISSIBLE_WITNESS,GEOMETRY_ADMISSIBLE,1,51a32db85d182ca0944479e71b4418b739395fab1ded5a7bcfdfbbce856773dc
7728,91347|133195,1,1958-09-12T21:39:46+00:00,1958-09-12T21:54:59+00:00,913.0,FINITE_GEOMETRY_ADMISSIBLE_WITNESS,GEOMETRY_ADMISSIBLE,1,98fe45619ee30bf62a10d20df11ab69b066af2b84b55463ee66fde19cd8346bc
7729,91348|133194,1,1958-09-12T21:59:58+00:00,1958-09-12T22:10:00+00:00,602.0,FINITE_GEOMETRY_ADMISSIBLE_WITNESS,GEOMETRY_ADMISSIBLE,2,01fb1f8dc9c9b828b21c4bf0d5f69bc6c750d6d3fac49f0c96e5349e7d371a34
7730,91348|133195,1,1958-09-12T21:59:58+00:00,1958-09-12T22:10:00+00:00,602.0,FINITE_GEOMETRY_ADMISSIBLE_WITNESS,GEOMETRY_ADMISSIBLE,1,95eab0defc62133b748d8ea078d87a6c4429ffdd04fefb8ce6c795dee6b88b2e
7731,91349|133197,1,1958-09-12T22:24:49+00:00,1958-09-12T22:39:46+00:00,897.0,FINITE_GEOMETRY_ADMISSIBLE_WITNESS,GEOMETRY_ADMISSIBLE,1,a1040fd8d155058c8d6f0e407968511e711ad07e31bcb198f013ca6d94784ce5
7732,91349|133198,1,1958-09-12T22:24:49+00:00,1958-09-12T22:39:46+00:00,897.0,FINITE_GEOMETRY_ADMISSIBLE_WITNESS,GEOMETRY_ADMISSIBLE,1,0fd04ef6c4615ac4ea310026d389358fc9b836206be30aa66fec939f52c5de07
7733,91350|133197,1,1958-09-12T22:49:00+00:00,1958-09-12T23:03:57+00:00,897.0,FINITE_GEOMETRY_ADMISSIBLE_WITNESS,GEOMETRY_ADMISSIBLE,1,1a2fbb7c3d66de553718367cc966e3c7b688df093ad61a7238f18f5a5a476d51
7734,91350|133198,1,1958-09-12T22:49:00+00:00,1958-09-12T23:03:57+00:00,897.0,FINITE_GEOMETRY_ADMISSIBLE_WITNESS,GEOMETRY_ADMISSIBLE,1,0e72e09a7f686ddd5c80cabf81e9c0aa8054a5867981c368d090f4afac2446d7
7735,91351|133197,1,1958-09-12T23:13:36+00:00,1958-09-12T23:15:00+00:00,84.0,FINITE_GEOMETRY_ADMISSIBLE_WITNESS,GEOMETRY_ADMISSIBLE,2,4613241d799e0db59b0056e1d94b7015600cded65738e187287beb9cfdec5e60
7736,91351|133198,1,1958-09-12T23:13:36+00:00,1958-09-12T23:15:00+00:00,84.0,FINITE_GEOMETRY_ADMISSIBLE_WITNESS,GEOMETRY_ADMISSIBLE,1,27186ce16b78e7229c97d74caa1a4e99a02a762d06f71f0202916a97e5a1a7d2
7737,91351|133200,1,1958-09-12T23:20:00+00:00,1958-09-12T23:28:33+00:00,513.0,FINITE_GEOMETRY_ADMISSIBLE_WITNESS,GEOMETRY_ADMISSIBLE,2,4b2c1675d8a71a939b8c4fc40e6b99c3d6d65ea6334ed5c0aea4381fdcd83f09
7738,91351|133201,1,1958-09-12T23:20:00+00:00,1958-09-12T23:28:33+00:00,513.0,FINITE_GEOMETRY_ADMISSIBLE_WITNESS,GEOMETRY_ADMISSIBLE,2,ba4ea8183b4ec05b165fb3c40a9e9b8d20b841272b1117dd3661b991528f9306
7739,91352|133200,1,1958-09-12T23:37:27+00:00,1958-09-12T23:52:24+00:00,897.0,FINITE_GEOMETRY_ADMISSIBLE_WITNESS,GEOMETRY_ADMISSIBLE,2,bb1fe32367b7bbd0d7f853aa4a53e9e73c02c121e1288fb9c22e76ab3e05528e
7740,91352|133201,1,1958-09-12T23:37:27+00:00,1958-09-12T23:52:24+00:00,897.0,FINITE_GEOMETRY_ADMISSIBLE_WITNESS,GEOMETRY_ADMISSIBLE,1,c792266a85541f8d7a80f133d6e7d89ea08f3226ad051c84f67801bfa291d7ed
7741,91353|133200,1,1958-09-13T00:10:36+00:00,1958-09-13T00:20:00+00:00,564.0,FINITE_GEOMETRY_ADMISSIBLE_WITNESS,GEOMETRY_ADMISSIBLE,2,6dab734f08c6b1b0dbfa3fb2695cc0ced0d2613d6abeb37f6a4938b4ddd8178e
7742,91353|133201,1,1958-09-13T00:10:36+00:00,1958-09-13T00:20:00+00:00,564.0,FINITE_GEOMETRY_ADMISSIBLE_WITNESS,GEOMETRY_ADMISSIBLE,1,afa63f7a07cf8e439c33b0135b67c52985d46b95f1f2a732ca39cbece0615bef
7743,91354|133202,1,1958-09-13T00:32:28+00:00,1958-09-13T00:44:26+00:00,718.0,FINITE_GEOMETRY_ADMISSIBLE_WITNESS,GEOMETRY_ADMISSIBLE,3,499199a04d24c8c5abc389e492d44117155343d5e12b5bc0c0bcfb142b6fcfea
7744,91354|133203,1,1958-09-13T00:32:28+00:00,1958-09-13T00:44:26+00:00,718.0,FINITE_GEOMETRY_ADMISSIBLE_WITNESS,GEOMETRY_ADMISSIBLE,1,55b6bcb06af785f98eeb8814df988695126800f968add252acfc16c3bf891fd1
7745,91354|133204,1,1958-09-13T00:32:28+00:00,1958-09-13T00:44:26+00:00,718.0,FINITE_GEOMETRY_ADMISSIBLE_WITNESS,GEOMETRY_ADMISSIBLE,1,99e7ff9ebd09edaba52615a0127d4fc49d9a4a3b1a4568c0d7290834a5ed7a11
7746,91355|133202,1,1958-09-13T00:59:53+00:00,1958-09-13T01:09:51+00:00,598.0,FINITE_GEOMETRY_ADMISSIBLE_WITNESS,GEOMETRY_ADMISSIBLE,1,82ca1b9a803b07bfc21396f5675801b55bf8d1b37905e8e58e670e6fd99fc720
7747,91355|133203,1,1958-09-13T00:59:53+00:00,1958-09-13T01:09:51+00:00,598.0,FINITE_GEOMETRY_ADMISSIBLE_WITNESS,GEOMETRY_ADMISSIBLE,2,554d51dc0ca8bceacbdd1d38129172bea9feebe454321cddaff4381121cf529c
7748,91355|133204,1,1958-09-13T00:59:53+00:00,1958-09-13T01:09:51+00:00,598.0,FINITE_GEOMETRY_ADMISSIBLE_WITNESS,GEOMETRY_ADMISSIBLE,3,a12b884b21d58dc4f4d9d0f6d5ceb374cdda5a48fc1cd2f71a3a5093864497b3
7749,91356|133202,1,1958-09-13T01:18:35+00:00,1958-09-13T01:25:00+00:00,385.0,FINITE_GEOMETRY_ADMISSIBLE_WITNESS,GEOMETRY_ADMISSIBLE,1,b9cbe5409186ef0e799a09286f8e01e1bd6d4104a6a0d14d674fbebacd27c1d1
7750,91356|133203,1,1958-09-13T01:18:35+00:00,1958-09-13T01:25:00+00:00,385.0,FINITE_GEOMETRY_ADMISSIBLE_WITNESS,GEOMETRY_ADMISSIBLE,1,a28c2e9fbdbc76b616517d9766a69f62a4d39f9b6d2985b0de92112b2a55b2d2
7751,91356|133204,1,1958-09-13T01:18:35+00:00,1958-09-13T01:25:00+00:00,385.0,FINITE_GEOMETRY_ADMISSIBLE_WITNESS,GEOMETRY_ADMISSIBLE,1,8501378bb7a6a9f3176c338f88c64f4b37d5a6f1c6ebf264998b96264d9026a7
7752,91357|133205,1,1958-09-13T01:44:06+00:00,1958-09-13T01:56:04+00:00,718.0,FINITE_GEOMETRY_ADMISSIBLE_WITNESS,GEOMETRY_ADMISSIBLE,1,e782c5f1a97603d45e527fb4569ab37f90b6f9dce9a681bde46203b69612ef87
7753,91357|133206,1,1958-09-13T01:44:06+00:00,1958-09-13T01:56:04+00:00,718.0,FINITE_GEOMETRY_ADMISSIBLE_WITNESS,GEOMETRY_ADMISSIBLE,1,4a9c4d735c490bb0028ddeea4f2851532a7dd32866218aa56e2501e6a3b8543b
7754,91357|133207,1,1958-09-13T01:44:06+00:00,1958-09-13T01:56:04+00:00,718.0,FINITE_GEOMETRY_ADMISSIBLE_WITNESS,GEOMETRY_ADMISSIBLE,1,600a5c01bb05f06732cceeba92de705fd1f806780f015a5abb68bc8b3129425d
7755,91358|133214,1,1958-09-14T20:53:20+00:00,1958-09-14T21:08:18+00:00,898.0,FINITE_GEOMETRY_ADMISSIBLE_WITNESS,GEOMETRY_ADMISSIBLE,1,6f4a571a05e83e93a447f948dcc2ad9db8e67226e986c830d83b4f4e4875d9ea
7756,91358|133215,1,1958-09-14T20:53:20+00:00,1958-09-14T21:08:18+00:00,898.0,FINITE_GEOMETRY_ADMISSIBLE_WITNESS,GEOMETRY_ADMISSIBLE,1,3766988553fd1c1c6ecc6fe3d0f2d52b7d5e2edacadde5922b5304789656ef7a
7757,91358|133216,1,1958-09-14T20:53:20+00:00,1958-09-14T21:08:18+00:00,898.0,FINITE_GEOMETRY_ADMISSIBLE_WITNESS,GEOMETRY_ADMISSIBLE,2,371d9bee24d54d041e38385cfd6fa08a82f0281b94faa30b602fc7e0784121ae
7758,91359|133217,1,1958-09-14T21:51:41+00:00,1958-09-14T22:03:39+00:00,718.0,FINITE_GEOMETRY_ADMISSIBLE_WITNESS,GEOMETRY_ADMISSIBLE,1,fdb1502bf5816b31075184461659ce35dd3fe208f6d9e9155a17edfde6bfaae2
7759,91359|133218,1,1958-09-14T21:51:41+00:00,1958-09-14T22:03:39+00:00,718.0,FINITE_GEOMETRY_ADMISSIBLE_WITNESS,GEOMETRY_ADMISSIBLE,1,519df00b2ab58291f5d8330d82702ca7e38f5f8dbc05a497c998e48bcdedf029
7760,91360|133217,1,1958-09-14T22:12:03+00:00,1958-09-14T22:22:00+00:00,597.0,FINITE_GEOMETRY_ADMISSIBLE_WITNESS,GEOMETRY_ADMISSIBLE,1,970e1d31f3c359858f4ecb44051d5275b92f730e45334cb24b6afd062351dbec
7761,91360|133218,1,1958-09-14T22:12:03+00:00,1958-09-14T22:22:00+00:00,597.0,FINITE_GEOMETRY_ADMISSIBLE_WITNESS,GEOMETRY_ADMISSIBLE,2,deb8f927b61528775a11443cb3d30187e1b9142242e7cc3d06775130a3631c18
7762,91361|133220,1,1958-09-14T22:44:17+00:00,1958-09-14T22:54:16+00:00,599.0,FINITE_GEOMETRY_ADMISSIBLE_WITNESS,GEOMETRY_ADMISSIBLE,1,41a6f42b6cd409770dc1d94758078a8720f7014b79ef801fffe67f6f043d91ea
7763,91361|133221,1,1958-09-14T22:44:17+00:00,1958-09-14T22:54:16+00:00,599.0,FINITE_GEOMETRY_ADMISSIBLE_WITNESS,GEOMETRY_ADMISSIBLE,1,b984cd2a406cee772f2e662c990c6608ec4dc691a3958b022a43e947bec8444f
7764,91363|133224,1,1958-09-15T23:34:53+00:00,1958-09-15T23:44:51+00:00,598.0,FINITE_GEOMETRY_ADMISSIBLE_WITNESS,GEOMETRY_ADMISSIBLE,1,aded0c269cf41ef5ac818bc0d00a1634139e4191595dcb53e219fb48e8e1f94c
7766,91397|133275,1,1958-12-01T21:19:30+00:00,1958-12-01T21:23:00+00:00,210.0,FINITE_GEOMETRY_ADMISSIBLE_WITNESS,GEOMETRY_ADMISSIBLE,1,8e65ee818c8c036cbd437c6919604cab92542907a789c53e2027bdac9a83397b
7767,91397|133276,1,1958-12-01T21:19:30+00:00,1958-12-01T21:23:00+00:00,210.0,FINITE_GEOMETRY_ADMISSIBLE_WITNESS,GEOMETRY_ADMISSIBLE,1,7d46e7fc80e4b8604e1930f3cd8463f86126b701d055e5a296a0b8ad76780c52
7768,91397|133277,1,1958-12-01T21:19:30+00:00,1958-12-01T21:23:00+00:00,210.0,FINITE_GEOMETRY_ADMISSIBLE_WITNESS,GEOMETRY_ADMISSIBLE,3,d5c51cd25a3ae040f8adeda2182e1a7fe9c56fc4bacc063fbc9968a7ad648548
7769,91397|133278,1,1958-12-01T21:19:30+00:00,1958-12-01T21:23:00+00:00,210.0,FINITE_GEOMETRY_ADMISSIBLE_WITNESS,GEOMETRY_ADMISSIBLE,1,e559d707581cfe5a063f4cff377ab2b33568a27a756d1a003821b70219983618
7770,91398|133279,1,1958-12-01T21:34:28+00:00,1958-12-01T21:40:27+00:00,359.0,FINITE_GEOMETRY_ADMISSIBLE_WITNESS,GEOMETRY_ADMISSIBLE,2,2211e2bdd8d0564fdd28c1447970f3e4b76d29bf6aa34d648c86e0c05d46d421
7771,91398|133280,1,1958-12-01T21:34:28+00:00,1958-12-01T21:40:27+00:00,359.0,FINITE_GEOMETRY_ADMISSIBLE_WITNESS,GEOMETRY_ADMISSIBLE,1,f0682a4a650fb8df19f17563b6ba64794e0b7c400498eeaf29e10e637cdcb5a6
7772,91398|133281,1,1958-12-01T21:34:28+00:00,1958-12-01T21:40:27+00:00,359.0,FINITE_GEOMETRY_ADMISSIBLE_WITNESS,GEOMETRY_ADMISSIBLE,2,1e21f55e8e289a68646347bc524328113c9bf18a58e675979326504c7ce2390b
7773,91399|133279,1,1958-12-01T21:49:55+00:00,1958-12-01T21:55:54+00:00,359.0,FINITE_GEOMETRY_ADMISSIBLE_WITNESS,GEOMETRY_ADMISSIBLE,1,e731e4e50e21f86940380e66eae47723362a88791cf2bbbf2017ed7dad9c31e1
7774,91399|133280,1,1958-12-01T21:49:55+00:00,1958-12-01T21:55:54+00:00,359.0,FINITE_GEOMETRY_ADMISSIBLE_WITNESS,GEOMETRY_ADMISSIBLE,1,9126ab106ff01edb87bd059ef0826e563efb2696bf88378d7e0824b150d5bfd1
7775,91399|133281,1,1958-12-01T21:49:55+00:00,1958-12-01T21:55:54+00:00,359.0,FINITE_GEOMETRY_ADMISSIBLE_WITNESS,GEOMETRY_ADMISSIBLE,2,600bed5f6192d34c07da7d21d37c289af206a9e7ebf75a578c99420eefdf18de
7776,91400|133279,1,1958-12-01T22:07:07+00:00,1958-12-01T22:13:06+00:00,359.0,FINITE_GEOMETRY_ADMISSIBLE_WITNESS,GEOMETRY_ADMISSIBLE,1,7f81308fb844301295fdf2704e21f7a502e848a1e3aa640cb986552adda7587a
7777,91400|133280,1,1958-12-01T22:07:07+00:00,1958-12-01T22:13:06+00:00,359.0,FINITE_GEOMETRY_ADMISSIBLE_WITNESS,GEOMETRY_ADMISSIBLE,1,b956f095b3a45cca8bec8c403517270698e440692f0098cac9e4c4daef3c1dfe
7778,91400|133281,1,1958-12-01T22:07:07+00:00,1958-12-01T22:13:06+00:00,359.0,FINITE_GEOMETRY_ADMISSIBLE_WITNESS,GEOMETRY_ADMISSIBLE,2,3c9e2ff34b6add39e45815bdc6cbed1857a4daa08519572eaf1ac68c78859ad1
7779,91456|133376,1,1959-01-28T18:03:26+00:00,1959-01-28T18:09:25+00:00,359.0,FINITE_GEOMETRY_ADMISSIBLE_WITNESS,GEOMETRY_ADMISSIBLE,1,6e123ecd3479932b3d0fe1d8a539e378e8b9bf7a2525701b9af34d86754b504a
7781,91456|133378,1,1959-01-28T18:03:26+00:00,1959-01-28T18:09:25+00:00,359.0,FINITE_GEOMETRY_ADMISSIBLE_WITNESS,GEOMETRY_ADMISSIBLE,3,f652ef97e415976a306db29ba07b2f0475d396d62692ec293c5b1a6d3be25e6d
7782,91456|133379,1,1959-01-28T18:03:26+00:00,1959-01-28T18:09:25+00:00,359.0,FINITE_GEOMETRY_ADMISSIBLE_WITNESS,GEOMETRY_ADMISSIBLE,2,40578b34ff859a7ac4b084437fcd1c97c1e11838b78a400556ba6c11506f5d8f
7783,91457|133376,1,1959-01-28T18:24:38+00:00,1959-01-28T18:30:37+00:00,359.0,FINITE_GEOMETRY_ADMISSIBLE_WITNESS,GEOMETRY_ADMISSIBLE,1,cf3ac718413afba0e480594c396a6c17694d13e26c9bf03b66233e24da5249a0
7784,91457|133377,1,1959-01-28T18:24:38+00:00,1959-01-28T18:30:37+00:00,359.0,FINITE_GEOMETRY_ADMISSIBLE_WITNESS,GEOMETRY_ADMISSIBLE,1,3ce05ebf2324bc84395f992d5a22f121db7605f10a899e93ccd8b8c4159f0e84
7785,91457|133378,1,1959-01-28T18:24:38+00:00,1959-01-28T18:30:37+00:00,359.0,FINITE_GEOMETRY_ADMISSIBLE_WITNESS,GEOMETRY_ADMISSIBLE,1,c62adce1bd191c5d61c04e42789bccd5ad9597f6c16514c4d12bbfa289aa4378
7786,91457|133379,1,1959-01-28T18:24:38+00:00,1959-01-28T18:30:37+00:00,359.0,FINITE_GEOMETRY_ADMISSIBLE_WITNESS,GEOMETRY_ADMISSIBLE,1,0d960bf6b711586df95c82c8f542dc24d560a5ee24fa447a8c92f7c20f633f8e
7787,91458|133376,1,1959-01-28T18:44:30+00:00,1959-01-28T18:50:29+00:00,359.0,FINITE_GEOMETRY_ADMISSIBLE_WITNESS,GEOMETRY_ADMISSIBLE,2,8262348400a2d9c030a350be63e20c69987d813b83ab9fc544d241b602c349ef
7788,91458|133377,1,1959-01-28T18:44:30+00:00,1959-01-28T18:50:29+00:00,359.0,FINITE_GEOMETRY_ADMISSIBLE_WITNESS,GEOMETRY_ADMISSIBLE,2,4b95f655c40c0a04d77a48dc1dc774c251424efa1c1673c857571e74ac2a7daf
7789,91458|133378,1,1959-01-28T18:44:30+00:00,1959-01-28T18:50:29+00:00,359.0,FINITE_GEOMETRY_ADMISSIBLE_WITNESS,GEOMETRY_ADMISSIBLE,2,53f4306c9f799081dba6a19a5d191866077843ebf31fa8bf446a62829ee4ba95
7790,91458|133379,1,1959-01-28T18:44:30+00:00,1959-01-28T18:50:29+00:00,359.0,FINITE_GEOMETRY_ADMISSIBLE_WITNESS,GEOMETRY_ADMISSIBLE,2,870d6aa7982301be1b9e8c58d75a40ad86d9b3b7879f6bb1ebd5b5ed894fdbbf
7791,91459|133380,1,1959-01-28T19:06:00+00:00,1959-01-28T19:06:51+00:00,51.0,FINITE_GEOMETRY_ADMISSIBLE_WITNESS,GEOMETRY_ADMISSIBLE,2,0b9231f47e437031b06666ed079d38a9cdece8ed5f23b3243bd8074608680b4c
7792,91459|133381,1,1959-01-28T19:06:00+00:00,1959-01-28T19:06:51+00:00,51.0,FINITE_GEOMETRY_ADMISSIBLE_WITNESS,GEOMETRY_ADMISSIBLE,2,f6434bba68d2e4d3c07b99c33d063f7a7a7cc73275683c9138d95704bd701727
7793,91459|133382,1,1959-01-28T19:06:00+00:00,1959-01-28T19:06:51+00:00,51.0,FINITE_GEOMETRY_ADMISSIBLE_WITNESS,GEOMETRY_ADMISSIBLE,2,1a38206714c29ebeed5feaddc8271e2f07ffb6f66fdc2badd62f8bd0d5effec0
7794,91459|133383,1,1959-01-28T19:06:00+00:00,1959-01-28T19:06:51+00:00,51.0,FINITE_GEOMETRY_ADMISSIBLE_WITNESS,GEOMETRY_ADMISSIBLE,1,83c92599a51db91f81cc20db08c7aea8faa75960fbaede829246fe1ae1b8dd66
7795,91460|133380,1,1959-01-28T19:16:29+00:00,1959-01-28T19:22:29+00:00,360.0,FINITE_GEOMETRY_ADMISSIBLE_WITNESS,GEOMETRY_ADMISSIBLE,1,49ca62f3616d64e49f72b140b4415a0a5625dfe04355228f9268549332ff2b0b
7797,91460|133382,1,1959-01-28T19:16:29+00:00,1959-01-28T19:22:29+00:00,360.0,FINITE_GEOMETRY_ADMISSIBLE_WITNESS,GEOMETRY_ADMISSIBLE,1,8c651f7599b8dad5260bc3a2774752254a0fa336bf443aed7bd6064aa0862fc0
7798,91460|133383,1,1959-01-28T19:16:29+00:00,1959-01-28T19:22:29+00:00,360.0,FINITE_GEOMETRY_ADMISSIBLE_WITNESS,GEOMETRY_ADMISSIBLE,1,7d59aae8e37b3c9df59a4c9b1570ea4408c17614f60b0218d54a34df2fe54003
7799,91461|133380,1,1959-01-28T19:33:12+00:00,1959-01-28T19:39:11+00:00,359.0,FINITE_GEOMETRY_ADMISSIBLE_WITNESS,GEOMETRY_ADMISSIBLE,1,83a89a8cf7242a80eb71ea8544f29fd3e8a59f6befce1df3c1d1ca5361e4804a
7800,91461|133381,1,1959-01-28T19:33:12+00:00,1959-01-28T19:39:11+00:00,359.0,FINITE_GEOMETRY_ADMISSIBLE_WITNESS,GEOMETRY_ADMISSIBLE,1,a30869413216003ffc77384aec3dc76f75e212fa352b4306eed73cbc4b6b5a11
7801,91461|133382,1,1959-01-28T19:33:12+00:00,1959-01-28T19:39:11+00:00,359.0,FINITE_GEOMETRY_ADMISSIBLE_WITNESS,GEOMETRY_ADMISSIBLE,1,1c7c5c11ec823f957d4f766ac8e14592b1d147f6493718b5555ea71d2058247c
7802,91461|133383,1,1959-01-28T19:33:12+00:00,1959-01-28T19:39:11+00:00,359.0,FINITE_GEOMETRY_ADMISSIBLE_WITNESS,GEOMETRY_ADMISSIBLE,1,a11dcc21875198b72be59ee0bab3d02a7c59fd61846015af1a004c75ad5c2cea
7803,91462|133380,1,1959-01-28T19:47:45+00:00,1959-01-28T19:53:44+00:00,359.0,FINITE_GEOMETRY_ADMISSIBLE_WITNESS,GEOMETRY_ADMISSIBLE,2,f1c08ff9cf7c3dc056a2d60bebe56194e793fe6bb46b712bc1afa196c6a9ac3e
7804,91462|133381,1,1959-01-28T19:47:45+00:00,1959-01-28T19:53:44+00:00,359.0,FINITE_GEOMETRY_ADMISSIBLE_WITNESS,GEOMETRY_ADMISSIBLE,1,5a0966d6c3647f1f06ace2f87ad8db2b9df9a5ac885f7edab9f1330a59b80334
7805,91462|133382,1,1959-01-28T19:47:45+00:00,1959-01-28T19:53:44+00:00,359.0,FINITE_GEOMETRY_ADMISSIBLE_WITNESS,GEOMETRY_ADMISSIBLE,1,581e326e12f18a83348b368f0b52d5191e728d2f3141b822ba3a4c22b837e843
7806,91462|133383,1,1959-01-28T19:47:45+00:00,1959-01-28T19:53:44+00:00,359.0,FINITE_GEOMETRY_ADMISSIBLE_WITNESS,GEOMETRY_ADMISSIBLE,2,12966983c9df2d883f3392573a81c7e13c13b3ae48e34d7300c2c4a2e65aef1d
7807,91463|133380,1,1959-01-28T20:01:37+00:00,1959-01-28T20:06:00+00:00,263.0,FINITE_GEOMETRY_ADMISSIBLE_WITNESS,GEOMETRY_ADMISSIBLE,2,fb71c462c02bb5ca48923a0f1fbaf09f678a2ef376de43214006fbb466dbc589
7808,91463|133381,1,1959-01-28T20:01:37+00:00,1959-01-28T20:06:00+00:00,263.0,FINITE_GEOMETRY_ADMISSIBLE_WITNESS,GEOMETRY_ADMISSIBLE,1,30dd30e5eeb437abfdc534729f86b9377db66205be57848e719e0cabb13657b8
7809,91463|133382,1,1959-01-28T20:01:37+00:00,1959-01-28T20:06:00+00:00,263.0,FINITE_GEOMETRY_ADMISSIBLE_WITNESS,GEOMETRY_ADMISSIBLE,1,304f0bb47d9b6251d11147e69fe26e9c2f8a5f3edbf969402fb887e453c3dc0b
7810,91463|133383,1,1959-01-28T20:01:37+00:00,1959-01-28T20:06:00+00:00,263.0,FINITE_GEOMETRY_ADMISSIBLE_WITNESS,GEOMETRY_ADMISSIBLE,1,c9460bf4aa463924d4ed0b288ed3c617bf619b5ab54a826017abd5459580a635
7811,91464|133384,1,1959-01-28T20:18:20+00:00,1959-01-28T20:24:19+00:00,359.0,FINITE_GEOMETRY_ADMISSIBLE_WITNESS,GEOMETRY_ADMISSIBLE,1,f982abdd259b6c73e223fb13b31d39a48e04d3d1564ff8c30133a2b3285b8ce2
7812,91464|133385,1,1959-01-28T20:18:20+00:00,1959-01-28T20:24:19+00:00,359.0,FINITE_GEOMETRY_ADMISSIBLE_WITNESS,GEOMETRY_ADMISSIBLE,1,0c42fab42acc00800e749d4801db1df63621e435d1aee2f90ae81ed5ea98f1b3
7813,91464|133387,1,1959-01-28T20:18:20+00:00,1959-01-28T20:24:19+00:00,359.0,FINITE_GEOMETRY_ADMISSIBLE_WITNESS,GEOMETRY_ADMISSIBLE,1,150da7d9a38746154efac6b1af023cbc5dc0b13ee8fb7f28fcb4a427c8ae35a2
7814,91465|133384,1,1959-01-28T20:35:07+00:00,1959-01-28T20:41:06+00:00,359.0,FINITE_GEOMETRY_ADMISSIBLE_WITNESS,GEOMETRY_ADMISSIBLE,1,92bf636f5a11c19858f94a6207e5c7e534ef2ff348be203f4ed055959e5c9571
7815,91465|133385,1,1959-01-28T20:35:07+00:00,1959-01-28T20:41:06+00:00,359.0,FINITE_GEOMETRY_ADMISSIBLE_WITNESS,GEOMETRY_ADMISSIBLE,1,a67ad0847cc717715964cc757d0db0061323379c6409e8fdc0d66d6e26bcc02b
7816,91465|133387,1,1959-01-28T20:35:07+00:00,1959-01-28T20:41:06+00:00,359.0,FINITE_GEOMETRY_ADMISSIBLE_WITNESS,GEOMETRY_ADMISSIBLE,2,a7ecc59ba7518ec55354f0c391ec87f3b61e75e0eaf637a27615bc502cd8d2ae
7817,91466|133384,1,1959-01-28T20:47:10+00:00,1959-01-28T20:53:09+00:00,359.0,FINITE_GEOMETRY_ADMISSIBLE_WITNESS,GEOMETRY_ADMISSIBLE,1,b2e0712aa26de9ea64762196eda49c3c99ba476291b91a9302de51d90cf0b311
7818,91466|133385,1,1959-01-28T20:47:10+00:00,1959-01-28T20:53:09+00:00,359.0,FINITE_GEOMETRY_ADMISSIBLE_WITNESS,GEOMETRY_ADMISSIBLE,1,2a3a6a5f44e8af317139c50be2e0dbe9e6ead68b6929da333a47891e70e88de0
7819,91466|133387,1,1959-01-28T20:47:10+00:00,1959-01-28T20:53:09+00:00,359.0,FINITE_GEOMETRY_ADMISSIBLE_WITNESS,GEOMETRY_ADMISSIBLE,1,f1ecc879bc75e145a6fa0d8f9a141d950b753791a8770cb8015108a7b2bf71c1
7820,91467|133384,1,1959-01-28T21:03:22+00:00,1959-01-28T21:09:21+00:00,359.0,FINITE_GEOMETRY_ADMISSIBLE_WITNESS,GEOMETRY_ADMISSIBLE,1,cb6301706c7cc08a0463f3325fe72ed481f28a2edda6fe87f5714026440cea86
7821,91467|133385,1,1959-01-28T21:03:22+00:00,1959-01-28T21:09:21+00:00,359.0,FINITE_GEOMETRY_ADMISSIBLE_WITNESS,GEOMETRY_ADMISSIBLE,1,8ab592cbe9a639ae34199202bcee73c9c2ca404b14486c2302bdfddb55e1c3c8
7822,91467|133387,1,1959-01-28T21:03:22+00:00,1959-01-28T21:09:21+00:00,359.0,FINITE_GEOMETRY_ADMISSIBLE_WITNESS,GEOMETRY_ADMISSIBLE,2,3f001403cea65afd6db00a5b46b9f17c3738053dcd27f14a2b5043cb889d1cb4
7823,91468|133388,1,1959-01-28T21:20:50+00:00,1959-01-28T21:28:48+00:00,478.0,FINITE_GEOMETRY_ADMISSIBLE_WITNESS,GEOMETRY_ADMISSIBLE,2,92af00090ddf94d3128c43377b4cd00603e396385472806db3d43e1737286cd2
7824,91468|133389,1,1959-01-28T21:20:50+00:00,1959-01-28T21:28:48+00:00,478.0,FINITE_GEOMETRY_ADMISSIBLE_WITNESS,GEOMETRY_ADMISSIBLE,2,fd51840e0c60b5dfa8f2c692a070a80614d72a1196d486dfdf88f858348efcaa
7825,91468|133390,1,1959-01-28T21:20:50+00:00,1959-01-28T21:28:48+00:00,478.0,FINITE_GEOMETRY_ADMISSIBLE_WITNESS,GEOMETRY_ADMISSIBLE,1,b1751d96b0cdb8d66b9037fab0d66abe2014cda1c8ef6d1396defb10c49af659
7826,91469|133388,1,1959-01-28T21:33:03+00:00,1959-01-28T21:41:01+00:00,478.0,FINITE_GEOMETRY_ADMISSIBLE_WITNESS,GEOMETRY_ADMISSIBLE,1,dd5e6175c98991a12a79b24f3774145704a73fe33d8b521b1e5f4c1ed016c394
7827,91469|133389,1,1959-01-28T21:33:03+00:00,1959-01-28T21:41:01+00:00,478.0,FINITE_GEOMETRY_ADMISSIBLE_WITNESS,GEOMETRY_ADMISSIBLE,1,a81579f2aa8907b54fd0c9fafc4caeb58adb00b8b9b593cab704977ea7267782
7828,91469|133390,1,1959-01-28T21:33:03+00:00,1959-01-28T21:41:01+00:00,478.0,FINITE_GEOMETRY_ADMISSIBLE_WITNESS,GEOMETRY_ADMISSIBLE,1,ff6412575bf1766934879445bffd900d4e337c86f07d0587ac079550447f53fa
7829,91470|133388,1,1959-01-28T21:47:55+00:00,1959-01-28T21:55:54+00:00,479.0,FINITE_GEOMETRY_ADMISSIBLE_WITNESS,GEOMETRY_ADMISSIBLE,1,06fadaef127280e33fe64c309d8f91ecaf2ece6cac836324b22435ed7170db9d
7830,91470|133389,1,1959-01-28T21:47:55+00:00,1959-01-28T21:55:54+00:00,479.0,FINITE_GEOMETRY_ADMISSIBLE_WITNESS,GEOMETRY_ADMISSIBLE,1,233d00e72c0c70afbf8aac5050a38c46a5b02d2f0528974c9ebfe1789a051466
7831,91470|133390,1,1959-01-28T21:47:55+00:00,1959-01-28T21:55:54+00:00,479.0,FINITE_GEOMETRY_ADMISSIBLE_WITNESS,GEOMETRY_ADMISSIBLE,1,53529480bf44ff155bb2b3fa444b5a958ec6ec812a3cf8379a373afee8959373
7832,91471|133388,1,1959-01-28T22:01:03+00:00,1959-01-28T22:09:02+00:00,479.0,FINITE_GEOMETRY_ADMISSIBLE_WITNESS,GEOMETRY_ADMISSIBLE,1,e460ba4e7cdae6dc4d6b4f9c0918419dceb7129403ccdc4bb12f09de47b01a15
7833,91471|133389,1,1959-01-28T22:01:03+00:00,1959-01-28T22:09:02+00:00,479.0,FINITE_GEOMETRY_ADMISSIBLE_WITNESS,GEOMETRY_ADMISSIBLE,1,90a875692f3ce3afba0132c61d4023237110a32592863bad5e0e57c11266393e
7834,91471|133390,1,1959-01-28T22:01:03+00:00,1959-01-28T22:09:02+00:00,479.0,FINITE_GEOMETRY_ADMISSIBLE_WITNESS,GEOMETRY_ADMISSIBLE,1,5210ae72e6e1b7837a8daf09c24d81b6af743efb4d14e096a944dd48b28401be
7835,91476|133392,1,1959-01-29T17:36:29+00:00,1959-01-29T17:42:28+00:00,359.0,FINITE_GEOMETRY_ADMISSIBLE_WITNESS,GEOMETRY_ADMISSIBLE,1,6c3977ae83c36f8bddc0be7c5003caf9ca9efb4eb8d673e5f4abe5656aade909
7836,91476|133393,1,1959-01-29T17:36:29+00:00,1959-01-29T17:42:28+00:00,359.0,FINITE_GEOMETRY_ADMISSIBLE_WITNESS,GEOMETRY_ADMISSIBLE,1,e7a39d719cb6ff40b6af083a70121bd2c3a2ffbf5119f71e53ccc8f0340c8d82
7837,91476|133394,1,1959-01-29T17:36:29+00:00,1959-01-29T17:42:28+00:00,359.0,FINITE_GEOMETRY_ADMISSIBLE_WITNESS,GEOMETRY_ADMISSIBLE,2,1535a4eea26ad6e4c7b0568452c143325075462598eb9164c8485a2645e245ea
7838,91476|133395,1,1959-01-29T17:36:29+00:00,1959-01-29T17:42:28+00:00,359.0,FINITE_GEOMETRY_ADMISSIBLE_WITNESS,GEOMETRY_ADMISSIBLE,2,aaed29897c4a059e34fe435b7c33104e377f64244ec996ac4dd27a87be684d43
7839,91477|133392,1,1959-01-29T17:53:51+00:00,1959-01-29T17:59:50+00:00,359.0,FINITE_GEOMETRY_ADMISSIBLE_WITNESS,GEOMETRY_ADMISSIBLE,2,b50c31e1fea080d483359ee19cbbc760b170a84e301e431408c7ea7b096b1e6f
7840,91477|133393,1,1959-01-29T17:53:51+00:00,1959-01-29T17:59:50+00:00,359.0,FINITE_GEOMETRY_ADMISSIBLE_WITNESS,GEOMETRY_ADMISSIBLE,2,cad2bab11b16eceac27d812f10b32236a0c7449c5c854db6495d1cf9a3a0630e
7841,91477|133394,1,1959-01-29T17:53:51+00:00,1959-01-29T17:59:50+00:00,359.0,FINITE_GEOMETRY_ADMISSIBLE_WITNESS,GEOMETRY_ADMISSIBLE,1,572567d2284bab01f20c9f4e56f16eede16fd8eedb4b9711b92d027c5cd91c80
7842,91477|133395,1,1959-01-29T17:53:51+00:00,1959-01-29T17:59:50+00:00,359.0,FINITE_GEOMETRY_ADMISSIBLE_WITNESS,GEOMETRY_ADMISSIBLE,1,1ce41ce9bc3a72fa235fdd86d29e2804d08c27cf851541caaba356cac74e47c2
7843,91478|133392,1,1959-01-29T18:06:04+00:00,1959-01-29T18:12:03+00:00,359.0,FINITE_GEOMETRY_ADMISSIBLE_WITNESS,GEOMETRY_ADMISSIBLE,2,c8863989b841082f6244855165c14899c1aa92fc9b25257fb371b9bfa96efed0
7844,91478|133393,1,1959-01-29T18:06:04+00:00,1959-01-29T18:12:03+00:00,359.0,FINITE_GEOMETRY_ADMISSIBLE_WITNESS,GEOMETRY_ADMISSIBLE,2,00d9fae016c45af0031826324377435c4fb4288c53938f40fbf7746817602a62
7845,91478|133394,1,1959-01-29T18:06:04+00:00,1959-01-29T18:12:03+00:00,359.0,FINITE_GEOMETRY_ADMISSIBLE_WITNESS,GEOMETRY_ADMISSIBLE,1,5bf463dab43adf6bac39ca6102141d23a1932d6fca3275567dad243a2ee2e495
7846,91478|133395,1,1959-01-29T18:06:04+00:00,1959-01-29T18:12:03+00:00,359.0,FINITE_GEOMETRY_ADMISSIBLE_WITNESS,GEOMETRY_ADMISSIBLE,1,280c02a4d16c068c918ab51a108c003f8faae0bbfaecdf1dca628a69121ebdeb
7847,91479|133392,1,1959-01-29T18:22:51+00:00,1959-01-29T18:26:00+00:00,189.0,FINITE_GEOMETRY_ADMISSIBLE_WITNESS,GEOMETRY_ADMISSIBLE,1,1b4b2e9a1c459633991e73e1f80d7cf2bef1c54680913f0a20282b2da17eece9
7848,91479|133393,1,1959-01-29T18:22:51+00:00,1959-01-29T18:26:00+00:00,189.0,FINITE_GEOMETRY_ADMISSIBLE_WITNESS,GEOMETRY_ADMISSIBLE,3,8501bad2a97b8734bef6c1edfdd38df1f9d416ebc34b1c4b752861e129fb26b3
7849,91479|133394,1,1959-01-29T18:22:51+00:00,1959-01-29T18:26:00+00:00,189.0,FINITE_GEOMETRY_ADMISSIBLE_WITNESS,GEOMETRY_ADMISSIBLE,1,912a2158bf124934699c429cce2c021ef1dcfbb2a60ebf8c6e8fea8ffc7b3b4f
7850,91479|133395,1,1959-01-29T18:22:51+00:00,1959-01-29T18:26:00+00:00,189.0,FINITE_GEOMETRY_ADMISSIBLE_WITNESS,GEOMETRY_ADMISSIBLE,1,a781fd428582634d1b0e5162765b59469670fed3a31646bf32f2f606e3ff9f7e
7851,91480|133396,1,1959-01-29T18:37:44+00:00,1959-01-29T18:43:43+00:00,359.0,FINITE_GEOMETRY_ADMISSIBLE_WITNESS,GEOMETRY_ADMISSIBLE,1,3b39ccbabae9580a776f715004995f776ebaf8ad6c0813308c2db67b8b9b9234
7853,91480|133398,1,1959-01-29T18:37:44+00:00,1959-01-29T18:43:43+00:00,359.0,FINITE_GEOMETRY_ADMISSIBLE_WITNESS,GEOMETRY_ADMISSIBLE,3,eda7df68e61624b395181e2cc056d132eebeb16f4d44ef13945404f4b2e7c9f4
7854,91480|133399,1,1959-01-29T18:37:44+00:00,1959-01-29T18:43:43+00:00,359.0,FINITE_GEOMETRY_ADMISSIBLE_WITNESS,GEOMETRY_ADMISSIBLE,1,1f4e935c83b2d30e53f0e6ea87d02135992dd45eceede324659eba2f3247c4bc
7855,91481|133396,1,1959-01-29T18:54:16+00:00,1959-01-29T19:00:16+00:00,360.0,FINITE_GEOMETRY_ADMISSIBLE_WITNESS,GEOMETRY_ADMISSIBLE,1,06dd175ed3212ed4948c46f396821bad306216980346afd2bdc6bb0357ac3b83
7857,91481|133398,1,1959-01-29T18:54:16+00:00,1959-01-29T19:00:16+00:00,360.0,FINITE_GEOMETRY_ADMISSIBLE_WITNESS,GEOMETRY_ADMISSIBLE,1,af07f6f86615afd821726ef3571d5395608c277f4f75e4a731369bf8d8238e9a
7858,91481|133399,1,1959-01-29T18:54:16+00:00,1959-01-29T19:00:16+00:00,360.0,FINITE_GEOMETRY_ADMISSIBLE_WITNESS,GEOMETRY_ADMISSIBLE,1,51302999b8df221121bf6e0cb7d456e850a8b48300d8aca8e79f60d81e86aa79
7859,91482|133396,1,1959-01-29T19:06:15+00:00,1959-01-29T19:12:14+00:00,359.0,FINITE_GEOMETRY_ADMISSIBLE_WITNESS,GEOMETRY_ADMISSIBLE,1,2e537fcebeff5a87a8294c42a745c90b0949933cae445c62644b1ed7e9cd0ac2
7860,91482|133397,1,1959-01-29T19:06:15+00:00,1959-01-29T19:12:14+00:00,359.0,FINITE_GEOMETRY_ADMISSIBLE_WITNESS,GEOMETRY_ADMISSIBLE,2,1e77d275d3fad4ad7b82729049a8386c49ca310ffd9565fb437dff6f8450832f
7861,91482|133398,1,1959-01-29T19:06:15+00:00,1959-01-29T19:12:14+00:00,359.0,FINITE_GEOMETRY_ADMISSIBLE_WITNESS,GEOMETRY_ADMISSIBLE,1,4003c9920f0ba6d197b2c0fc0156570bc09dceb3d32ec796e738dd9d14377afc
7862,91482|133399,1,1959-01-29T19:06:15+00:00,1959-01-29T19:12:14+00:00,359.0,FINITE_GEOMETRY_ADMISSIBLE_WITNESS,GEOMETRY_ADMISSIBLE,2,5c4f600c92c11bc2dcd367b1df8717b5395c0c0c2497c9ffe3c011bc51a2f8c0
7863,91483|133396,1,1959-01-29T19:18:28+00:00,1959-01-29T19:24:27+00:00,359.0,FINITE_GEOMETRY_ADMISSIBLE_WITNESS,GEOMETRY_ADMISSIBLE,1,2d214c63429dde77a4a72bd2db955627cffdf62e9803389e1e64f06557bbbe43
7864,91483|133397,1,1959-01-29T19:18:28+00:00,1959-01-29T19:24:27+00:00,359.0,FINITE_GEOMETRY_ADMISSIBLE_WITNESS,GEOMETRY_ADMISSIBLE,1,b41dfda7f45bef09fc337d83728ad797ccc90891e77d9644a4ce313c5f5a1090
7865,91483|133398,1,1959-01-29T19:18:28+00:00,1959-01-29T19:24:27+00:00,359.0,FINITE_GEOMETRY_ADMISSIBLE_WITNESS,GEOMETRY_ADMISSIBLE,1,ed005048d7f1d83b313596974cce1a77a10a220f99199d72db18fc5f49d701b6
7866,91483|133399,1,1959-01-29T19:18:28+00:00,1959-01-29T19:24:27+00:00,359.0,FINITE_GEOMETRY_ADMISSIBLE_WITNESS,GEOMETRY_ADMISSIBLE,1,18a5a13fdb640f95ff1f4b8aff0692c7983a0898fa982d5cd3796038ffd49be2
7867,91484|133400,1,1959-01-29T20:39:00+00:00,1959-01-29T20:42:00+00:00,180.0,FINITE_GEOMETRY_ADMISSIBLE_WITNESS,GEOMETRY_ADMISSIBLE,1,a3aac83c8e49cb0278042c2552994ee9d2f7383a138d76985493d7a564f328f6
7868,91484|133401,1,1959-01-29T20:39:00+00:00,1959-01-29T20:42:00+00:00,180.0,FINITE_GEOMETRY_ADMISSIBLE_WITNESS,GEOMETRY_ADMISSIBLE,1,711e95aec8d847c9906c85e341c0efcb600aaa66c105702dbd0ce00af2ffd50f
7869,91484|133402,1,1959-01-29T20:39:00+00:00,1959-01-29T20:42:00+00:00,180.0,FINITE_GEOMETRY_ADMISSIBLE_WITNESS,GEOMETRY_ADMISSIBLE,1,4a6ac688d84422fb7c3f6365a17578bf218954a80f2638f0c8aea4ab2f92d929
7870,91484|133403,1,1959-01-29T20:39:00+00:00,1959-01-29T20:42:00+00:00,180.0,FINITE_GEOMETRY_ADMISSIBLE_WITNESS,GEOMETRY_ADMISSIBLE,1,3168ee7ae8d133fdd4ad07c7bf2bdd1ea432fdb1ed8715fead3536b30a4bfd08
7871,91485|133404,1,1959-01-29T20:50:13+00:00,1959-01-29T20:56:12+00:00,359.0,FINITE_GEOMETRY_ADMISSIBLE_WITNESS,GEOMETRY_ADMISSIBLE,2,60f2cf3bd5319491d784446e5abf2101c31bc3f43e2b002f3de49db745197c77
7872,91485|133405,1,1959-01-29T20:50:13+00:00,1959-01-29T20:56:12+00:00,359.0,FINITE_GEOMETRY_ADMISSIBLE_WITNESS,GEOMETRY_ADMISSIBLE,1,82b5f199664cce5dffb79c35f5711edc2370d0943161250bd681fff28ea14ea2
7873,91485|133406,1,1959-01-29T20:50:13+00:00,1959-01-29T20:56:12+00:00,359.0,FINITE_GEOMETRY_ADMISSIBLE_WITNESS,GEOMETRY_ADMISSIBLE,1,f7733974c2ae7b0f109eab4dd927db500c28a09b41a87b72bf4e7dc453031e95
7874,91486|133404,1,1959-01-29T21:09:25+00:00,1959-01-29T21:17:24+00:00,479.0,FINITE_GEOMETRY_ADMISSIBLE_WITNESS,GEOMETRY_ADMISSIBLE,1,3ae7f29c8e4a5f78ec4cc6c75d246c0c4b5f4074052b43809e385cfb111e09c6
7875,91486|133405,1,1959-01-29T21:09:25+00:00,1959-01-29T21:17:24+00:00,479.0,FINITE_GEOMETRY_ADMISSIBLE_WITNESS,GEOMETRY_ADMISSIBLE,1,6b1a9fb161943750a7bb211a303e85a850c0542ebfbc127edea76e593022080b
7876,91486|133406,1,1959-01-29T21:09:25+00:00,1959-01-29T21:17:24+00:00,479.0,FINITE_GEOMETRY_ADMISSIBLE_WITNESS,GEOMETRY_ADMISSIBLE,2,841ab07a5cc12b1ebd2c8dccc7a5e8872006e64f5e9804f592fa8a5f7a046367
7877,91487|133404,1,1959-01-29T21:32:41+00:00,1959-01-29T21:40:40+00:00,479.0,FINITE_GEOMETRY_ADMISSIBLE_WITNESS,GEOMETRY_ADMISSIBLE,1,ef4dbb29705f37c6cb6a94b3073b16705d733f696df9fa3118577558c1e6302c
7878,91487|133405,1,1959-01-29T21:32:41+00:00,1959-01-29T21:40:40+00:00,479.0,FINITE_GEOMETRY_ADMISSIBLE_WITNESS,GEOMETRY_ADMISSIBLE,2,080954cdd00da175fa307fb2d8076d706d0b53b1f9182e4170883d200b07cdee
7879,91487|133406,1,1959-01-29T21:32:41+00:00,1959-01-29T21:40:40+00:00,479.0,FINITE_GEOMETRY_ADMISSIBLE_WITNESS,GEOMETRY_ADMISSIBLE,1,b9fb160bed414bfd93c7a06485daa1d5c6d65242026cf12c08a3a5cc034b472f
7880,91488|133408,1,1959-01-29T21:55:00+00:00,1959-01-29T22:01:11+00:00,371.0,FINITE_GEOMETRY_ADMISSIBLE_WITNESS,GEOMETRY_ADMISSIBLE,1,211ac743b0ed2d6547b80c8f38d2effa5779f1048c56ccfa89eb62a29be1aab7
7882,91488|133410,1,1959-01-29T21:55:00+00:00,1959-01-29T22:01:11+00:00,371.0,FINITE_GEOMETRY_ADMISSIBLE_WITNESS,GEOMETRY_ADMISSIBLE,1,7ceaf64669ebe0c02f9e0be75c409baf70774a1c1a22a9bf24bd6f02e4c7613c
7883,91489|133408,1,1959-01-29T22:07:10+00:00,1959-01-29T22:15:09+00:00,479.0,FINITE_GEOMETRY_ADMISSIBLE_WITNESS,GEOMETRY_ADMISSIBLE,1,617ebf9fa22e960875e8d33b95d265560b3df4ac833401096df5e5251125de63
7884,91489|133409,1,1959-01-29T22:07:10+00:00,1959-01-29T22:15:09+00:00,479.0,FINITE_GEOMETRY_ADMISSIBLE_WITNESS,GEOMETRY_ADMISSIBLE,1,b9929807c56d3fde54a16ca0e50532f67d0b2a99e6683bea198e3cab3b6b74e5
7885,91489|133410,1,1959-01-29T22:07:10+00:00,1959-01-29T22:15:09+00:00,479.0,FINITE_GEOMETRY_ADMISSIBLE_WITNESS,GEOMETRY_ADMISSIBLE,3,b7c33cad4b7c8ccf7d6e51d8b53e75ceb4b525758513dc0ed88b4767379ed5e7
7886,91490|133408,1,1959-01-29T22:31:12+00:00,1959-01-29T22:39:10+00:00,478.0,FINITE_GEOMETRY_ADMISSIBLE_WITNESS,GEOMETRY_ADMISSIBLE,1,f1a53b75f7401d454efb01841c28fa691c8ce435e08a7de53eb5c5d63aca6e11
7888,91490|133410,1,1959-01-29T22:31:12+00:00,1959-01-29T22:39:10+00:00,478.0,FINITE_GEOMETRY_ADMISSIBLE_WITNESS,GEOMETRY_ADMISSIBLE,2,1b8ed07651df93b17068fff2abff7ebc1fe55c407fc4c788e17a73f864da3571
7889,91491|133408,1,1959-01-29T22:43:40+00:00,1959-01-29T22:51:38+00:00,478.0,FINITE_GEOMETRY_ADMISSIBLE_WITNESS,GEOMETRY_ADMISSIBLE,1,ca6609de1a7392a6534fd0c32a6c7582656bd80fa3c0e6709c0a7f597730343e
7890,91491|133409,1,1959-01-29T22:43:40+00:00,1959-01-29T22:51:38+00:00,478.0,FINITE_GEOMETRY_ADMISSIBLE_WITNESS,GEOMETRY_ADMISSIBLE,1,0a05e4fd73b94f8e47136058914c57239b3e61453d9ed999afe12b9cd4076f18
7891,91491|133410,1,1959-01-29T22:43:40+00:00,1959-01-29T22:51:38+00:00,478.0,FINITE_GEOMETRY_ADMISSIBLE_WITNESS,GEOMETRY_ADMISSIBLE,2,556e09719f6b0caab0ff457ef0b3cec2f3758d01d17cd3eb74bc7e5b33cc0399
7892,91492|133412,1,1959-01-29T23:10:30+00:00,1959-01-29T23:18:29+00:00,479.0,FINITE_GEOMETRY_ADMISSIBLE_WITNESS,GEOMETRY_ADMISSIBLE,1,23c20671a0a7911a7ec954e972c9a23b79588db7da5f3d8070a8e3f5180f3f79
7893,91492|133413,1,1959-01-29T23:10:30+00:00,1959-01-29T23:18:29+00:00,479.0,FINITE_GEOMETRY_ADMISSIBLE_WITNESS,GEOMETRY_ADMISSIBLE,1,e030ae713f9f58d9524c43835ae1d516122a71a47471694beaba438f31d58519
7894,91492|133414,1,1959-01-29T23:10:30+00:00,1959-01-29T23:18:29+00:00,479.0,FINITE_GEOMETRY_ADMISSIBLE_WITNESS,GEOMETRY_ADMISSIBLE,2,7b5aecb8354ee05d9b4f0a4bb396818f79e133d90b5dedd5d1cac883369f7c95
7896,91494|133412,1,1959-01-29T23:25:48+00:00,1959-01-29T23:33:46+00:00,478.0,FINITE_GEOMETRY_ADMISSIBLE_WITNESS,GEOMETRY_ADMISSIBLE,1,9358eb96a819e5e2d1aebfb8ed1dbb15adf6fe8f5ef10186530ef8e8985fc650
7897,91494|133413,1,1959-01-29T23:25:48+00:00,1959-01-29T23:33:46+00:00,478.0,FINITE_GEOMETRY_ADMISSIBLE_WITNESS,GEOMETRY_ADMISSIBLE,1,decb72b588154a75c5dbd3c9228cdbfe3d08f304e5288043dc1602aefd865f66
7898,91494|133414,1,1959-01-29T23:25:48+00:00,1959-01-29T23:33:46+00:00,478.0,FINITE_GEOMETRY_ADMISSIBLE_WITNESS,GEOMETRY_ADMISSIBLE,2,f2761b45b6c63d097fa162085520c640242e016662bf876c8c9427a033db0e32
7899,91494|133415,1,1959-01-29T23:25:48+00:00,1959-01-29T23:33:46+00:00,478.0,FINITE_GEOMETRY_ADMISSIBLE_WITNESS,GEOMETRY_ADMISSIBLE,1,4f4b195866d210ff22fb960d9022afddc978633c3120924be086c023d6d7eb5d
7900,91525|133828,1,1959-02-28T21:13:03+00:00,1959-02-28T21:19:02+00:00,359.0,FINITE_GEOMETRY_ADMISSIBLE_WITNESS,GEOMETRY_ADMISSIBLE,2,af5056ef5d860eef3c0a4474d821ca2d3908252d144623a9933e06e26418edce
7901,91525|133829,1,1959-02-28T21:13:03+00:00,1959-02-28T21:19:02+00:00,359.0,FINITE_GEOMETRY_ADMISSIBLE_WITNESS,GEOMETRY_ADMISSIBLE,1,4d899894380b321859b434842af8227c9caa87371ea2de3d1754f0ffb7e91ad8
7902,91525|133830,1,1959-02-28T21:13:03+00:00,1959-02-28T21:19:02+00:00,359.0,FINITE_GEOMETRY_ADMISSIBLE_WITNESS,GEOMETRY_ADMISSIBLE,1,e6446e3be90d30fa8f17e9d7c3f0c2fac748b13eaa7af73bac048231a4785c1d
7903,91526|133832,1,1959-02-28T21:29:45+00:00,1959-02-28T21:35:44+00:00,359.0,FINITE_GEOMETRY_ADMISSIBLE_WITNESS,GEOMETRY_ADMISSIBLE,2,008066a12189366d4c0df5448734c45f1662a59681bc4b25e8fe84c9dfba1e73
7904,91526|133833,1,1959-02-28T21:29:45+00:00,1959-02-28T21:35:44+00:00,359.0,FINITE_GEOMETRY_ADMISSIBLE_WITNESS,GEOMETRY_ADMISSIBLE,1,9f9a414fd47b84b92b494b88effbf747bb3e3de0b83e3c88e96e45b27b8c972e
7905,91526|133835,1,1959-02-28T21:29:45+00:00,1959-02-28T21:35:44+00:00,359.0,FINITE_GEOMETRY_ADMISSIBLE_WITNESS,GEOMETRY_ADMISSIBLE,1,a1bfdee9c38394c9154223d3cd7443334f7fd919f872c3ea966d869e08ccb463
7906,91528|133832,1,1959-02-28T21:58:55+00:00,1959-02-28T22:04:54+00:00,359.0,FINITE_GEOMETRY_ADMISSIBLE_WITNESS,GEOMETRY_ADMISSIBLE,1,d2f01034aad4819ef4aa5dce71a0404dff736a990018edff30984958f99ebec1
7907,91528|133833,1,1959-02-28T21:58:55+00:00,1959-02-28T22:04:54+00:00,359.0,FINITE_GEOMETRY_ADMISSIBLE_WITNESS,GEOMETRY_ADMISSIBLE,1,ae88461ed89c4fa16bdc119f1dd3725caa0b7cbfda257ebcd8e5f6cc8a1d4f54
7908,91528|133835,1,1959-02-28T21:58:55+00:00,1959-02-28T22:04:54+00:00,359.0,FINITE_GEOMETRY_ADMISSIBLE_WITNESS,GEOMETRY_ADMISSIBLE,3,96ac2957373d9698b28021f7d2ac04e50e51e02125bea00a78afb1a055c2083d
7909,91529|133832,1,1959-02-28T22:17:22+00:00,1959-02-28T22:23:21+00:00,359.0,FINITE_GEOMETRY_ADMISSIBLE_WITNESS,GEOMETRY_ADMISSIBLE,1,02152ce523778a0e3907b3678313163565fbdebce0cdef4e0df1698a0a69ab2e
7910,91529|133833,1,1959-02-28T22:17:22+00:00,1959-02-28T22:23:21+00:00,359.0,FINITE_GEOMETRY_ADMISSIBLE_WITNESS,GEOMETRY_ADMISSIBLE,2,1c2988e232300766ad6298671c017c8e63242f65b4e100c41688afa0f44fab44
7911,91529|133835,1,1959-02-28T22:17:22+00:00,1959-02-28T22:23:21+00:00,359.0,FINITE_GEOMETRY_ADMISSIBLE_WITNESS,GEOMETRY_ADMISSIBLE,1,f9259e24896367fce0f6791fd26c4f75d50861ca669a0d9668dda69e29cf179e
7912,91530|133836,1,1959-02-28T22:50:32+00:00,1959-02-28T22:56:31+00:00,359.0,FINITE_GEOMETRY_ADMISSIBLE_WITNESS,GEOMETRY_ADMISSIBLE,1,3a7a0c0272eea4987584f28c4db028a32e21bfa22654ecf9c7ece6b4d2c849ef
7913,91530|133837,1,1959-02-28T22:50:32+00:00,1959-02-28T22:56:31+00:00,359.0,FINITE_GEOMETRY_ADMISSIBLE_WITNESS,GEOMETRY_ADMISSIBLE,1,736fcdaee1f147dc772af2260a346fd40b18a039b42b60a5cc38df038a3ad470
7914,91530|133838,1,1959-02-28T22:50:32+00:00,1959-02-28T22:56:31+00:00,359.0,FINITE_GEOMETRY_ADMISSIBLE_WITNESS,GEOMETRY_ADMISSIBLE,1,c7270cdcb70ad910ad53bde727582dfcb19926818634707f485033383db466a6
7915,91530|133839,1,1959-02-28T22:50:32+00:00,1959-02-28T22:56:31+00:00,359.0,FINITE_GEOMETRY_ADMISSIBLE_WITNESS,GEOMETRY_ADMISSIBLE,1,5377c2a7d54d13f59cfe270e68ee7eef2d5c3f032cfb9011e55c7308c85ab3c9
7916,91531|133845,1,1959-03-02T20:10:05+00:00,1959-03-02T20:18:03+00:00,478.0,FINITE_GEOMETRY_ADMISSIBLE_WITNESS,GEOMETRY_ADMISSIBLE,1,85a6936570230fc25f9be25239c7308ded4189c2a29cdc11135e1dba6639a3c4
7917,91531|133846,1,1959-03-02T20:10:05+00:00,1959-03-02T20:18:03+00:00,478.0,FINITE_GEOMETRY_ADMISSIBLE_WITNESS,GEOMETRY_ADMISSIBLE,1,fd789ca776e6180196d145d6149cd8583df2c81adffe18dbfbda2f83160cbc98
7918,91532|133845,1,1959-03-02T20:29:31+00:00,1959-03-02T20:30:00+00:00,29.0,FINITE_GEOMETRY_ADMISSIBLE_WITNESS,GEOMETRY_ADMISSIBLE,1,5138f071160eb3a199bb4e1f95671ea9115a8a5d4951e4345a5048f4c0392a00
7919,91532|133846,1,1959-03-02T20:29:31+00:00,1959-03-02T20:30:00+00:00,29.0,FINITE_GEOMETRY_ADMISSIBLE_WITNESS,GEOMETRY_ADMISSIBLE,1,78fdfff3f34d05316631fdeebf4139faab75cf04ae761ddd42b75cebe094cc83
7920,91532|133847,1,1959-03-02T20:36:00+00:00,1959-03-02T20:37:30+00:00,90.0,FINITE_GEOMETRY_ADMISSIBLE_WITNESS,GEOMETRY_ADMISSIBLE,1,b4ee2cc735a14d92d2eeccbc28a46f368534e1d98577bc56c121d60445399c36
7921,91532|133848,1,1959-03-02T20:36:00+00:00,1959-03-02T20:37:30+00:00,90.0,FINITE_GEOMETRY_ADMISSIBLE_WITNESS,GEOMETRY_ADMISSIBLE,1,4cb990b91c91ec1f37e4be27f82cb437a50d7ee3382594f56a5b3b6edc86274a
7922,91532|133849,1,1959-03-02T20:36:00+00:00,1959-03-02T20:37:30+00:00,90.0,FINITE_GEOMETRY_ADMISSIBLE_WITNESS,GEOMETRY_ADMISSIBLE,3,fcd4502370bf919f5b525dae7281cacb9f3fe33dc700ca7a4bba0ca0668723a8
7923,91532|133850,1,1959-03-02T20:36:00+00:00,1959-03-02T20:37:30+00:00,90.0,FINITE_GEOMETRY_ADMISSIBLE_WITNESS,GEOMETRY_ADMISSIBLE,1,087b4bd2ccc470cf343109c6959a40ccda1bcb40377e1fc8ed0237c1ba3f6b61
7924,91533|133847,1,1959-03-02T20:47:14+00:00,1959-03-02T20:55:12+00:00,478.0,FINITE_GEOMETRY_ADMISSIBLE_WITNESS,GEOMETRY_ADMISSIBLE,1,6cb6a26c19e9af5d08dc82f9f95f9ad47aed7b1a1145e1279d6f0f2985ce824a
7925,91533|133848,1,1959-03-02T20:47:14+00:00,1959-03-02T20:55:12+00:00,478.0,FINITE_GEOMETRY_ADMISSIBLE_WITNESS,GEOMETRY_ADMISSIBLE,1,13a3ac6d2834439a990af97df803e614bb8720b473927fe4ed886b597b06219d
7926,91533|133849,1,1959-03-02T20:47:14+00:00,1959-03-02T20:55:12+00:00,478.0,FINITE_GEOMETRY_ADMISSIBLE_WITNESS,GEOMETRY_ADMISSIBLE,1,3f6199d22593364ab0160c5e633fbfdd790fa1a00ab46c65ecbc8532795a800c
7927,91533|133850,1,1959-03-02T20:47:14+00:00,1959-03-02T20:55:12+00:00,478.0,FINITE_GEOMETRY_ADMISSIBLE_WITNESS,GEOMETRY_ADMISSIBLE,1,b97179faaef0117350d8cc99362225af350ce9b4fa3c947aa2c0b4ef5d587454
7928,91534|133847,1,1959-03-02T21:19:13+00:00,1959-03-02T21:27:12+00:00,479.0,FINITE_GEOMETRY_ADMISSIBLE_WITNESS,GEOMETRY_ADMISSIBLE,1,122d82e14eeb41b9e7eb60adf5f2938dd79e1f4173178ddaca1b3a28b95bfcec
7929,91534|133848,1,1959-03-02T21:19:13+00:00,1959-03-02T21:27:12+00:00,479.0,FINITE_GEOMETRY_ADMISSIBLE_WITNESS,GEOMETRY_ADMISSIBLE,1,2e64ee5f332e5bdafc3471743bb2f950ae4115eb9e5c38946cb1c3ac4a32d4bc
7930,91534|133849,1,1959-03-02T21:19:13+00:00,1959-03-02T21:27:12+00:00,479.0,FINITE_GEOMETRY_ADMISSIBLE_WITNESS,GEOMETRY_ADMISSIBLE,1,97a6f1ff6f89e3cf865b77cdc226745a25779d787b80a25c23fdf75862ebe742
7931,91534|133850,1,1959-03-02T21:19:13+00:00,1959-03-02T21:27:12+00:00,479.0,FINITE_GEOMETRY_ADMISSIBLE_WITNESS,GEOMETRY_ADMISSIBLE,1,852993c9c666a43a160725196d992c08896aff3c97c175c36768b52e29b309e6
7932,91535|133847,1,1959-03-02T21:31:16+00:00,1959-03-02T21:36:00+00:00,284.0,FINITE_GEOMETRY_ADMISSIBLE_WITNESS,GEOMETRY_ADMISSIBLE,1,fde17e0fc1747b52f0e71770147b368b6cdb809b1d9a3c20f6226750f212fd68
7933,91535|133848,1,1959-03-02T21:31:16+00:00,1959-03-02T21:36:00+00:00,284.0,FINITE_GEOMETRY_ADMISSIBLE_WITNESS,GEOMETRY_ADMISSIBLE,2,a2fc83f9b2d238686e3bf10bc42a9ea4bffac6a084dd1e1992318bec6f927491
7934,91535|133849,1,1959-03-02T21:31:16+00:00,1959-03-02T21:36:00+00:00,284.0,FINITE_GEOMETRY_ADMISSIBLE_WITNESS,GEOMETRY_ADMISSIBLE,1,4cb019c85b29cc4c87ed37b199bc471caaffdd4e210b5afcb448879b3f8de684
7935,91535|133850,1,1959-03-02T21:31:16+00:00,1959-03-02T21:36:00+00:00,284.0,FINITE_GEOMETRY_ADMISSIBLE_WITNESS,GEOMETRY_ADMISSIBLE,1,7bdf39e3ef2716abb663f62eb84333f543087cfe2a6596e7f34e6558cde4504b
7936,91563|133874,1,1959-03-09T19:05:29+00:00,1959-03-09T19:11:28+00:00,359.0,FINITE_GEOMETRY_ADMISSIBLE_WITNESS,GEOMETRY_ADMISSIBLE,1,8667feb7edcaa61a89192362ab10b7625cdd2d0d10e7384cfd5e01aa600edbb3
7937,91563|133875,1,1959-03-09T19:05:29+00:00,1959-03-09T19:11:28+00:00,359.0,FINITE_GEOMETRY_ADMISSIBLE_WITNESS,GEOMETRY_ADMISSIBLE,1,88720b0a3efb9d60c79b97fea37b2908d81beaf7d6c35277c85b8552333c1623
7938,91563|133876,1,1959-03-09T19:05:29+00:00,1959-03-09T19:11:28+00:00,359.0,FINITE_GEOMETRY_ADMISSIBLE_WITNESS,GEOMETRY_ADMISSIBLE,2,df0cae96bf00fca09d2a16b9d1fffa75d3669da7c9e7d062a4c8e51080456444
7939,91563|133878,1,1959-03-09T19:05:29+00:00,1959-03-09T19:11:28+00:00,359.0,FINITE_GEOMETRY_ADMISSIBLE_WITNESS,GEOMETRY_ADMISSIBLE,1,358d7e40b022104dba61a9a57ed1b8807742a66b9a0d5387da79ec60cbc52f76
7940,91564|133874,1,1959-03-09T19:19:32+00:00,1959-03-09T19:25:31+00:00,359.0,FINITE_GEOMETRY_ADMISSIBLE_WITNESS,GEOMETRY_ADMISSIBLE,2,f0b1678c2ba720f1a1d7e9ffbf6a5e9f2a47ecd6e56f293821c6ef5266532e74
7941,91564|133875,1,1959-03-09T19:19:32+00:00,1959-03-09T19:25:31+00:00,359.0,FINITE_GEOMETRY_ADMISSIBLE_WITNESS,GEOMETRY_ADMISSIBLE,2,408ce76cfba55aa18f02e534c4192f7d761a6daf5e351e3943e366f7ce7f1152
7942,91564|133876,1,1959-03-09T19:19:32+00:00,1959-03-09T19:25:31+00:00,359.0,FINITE_GEOMETRY_ADMISSIBLE_WITNESS,GEOMETRY_ADMISSIBLE,1,74fa29c4c845b6dc78e79ca24b64c5da5c38641a6e4fe1b424a47523f24589cb
7943,91564|133878,1,1959-03-09T19:19:32+00:00,1959-03-09T19:25:31+00:00,359.0,FINITE_GEOMETRY_ADMISSIBLE_WITNESS,GEOMETRY_ADMISSIBLE,1,0475a66dfe35366882b365b3405e30539e4f2488900f280db1874b98461aa041
7944,91565|133874,1,1959-03-09T19:35:44+00:00,1959-03-09T19:41:00+00:00,316.0,FINITE_GEOMETRY_ADMISSIBLE_WITNESS,GEOMETRY_ADMISSIBLE,1,9bd169dd964298b79201b56a3a0c29cade714c0bfdfff711a66dbc7faa8f11e8
7945,91565|133875,1,1959-03-09T19:35:44+00:00,1959-03-09T19:41:00+00:00,316.0,FINITE_GEOMETRY_ADMISSIBLE_WITNESS,GEOMETRY_ADMISSIBLE,1,62d3ee5295fd7bac78e5a68b1255337f0e6bdabd4641e8e2455afa097e6193bf
7946,91565|133876,1,1959-03-09T19:35:44+00:00,1959-03-09T19:41:00+00:00,316.0,FINITE_GEOMETRY_ADMISSIBLE_WITNESS,GEOMETRY_ADMISSIBLE,1,de413ff1a181757acf58292c037ccd73e838569e97fb4cc685e1b4e1a9070a9c
7947,91565|133878,1,1959-03-09T19:35:44+00:00,1959-03-09T19:41:00+00:00,316.0,FINITE_GEOMETRY_ADMISSIBLE_WITNESS,GEOMETRY_ADMISSIBLE,1,57cba9f27f698931de6b4134d929565fb23696dd2c4a82c5e951ee7ad788fefc
7948,91566|133879,1,1959-03-09T19:50:42+00:00,1959-03-09T19:56:41+00:00,359.0,FINITE_GEOMETRY_ADMISSIBLE_WITNESS,GEOMETRY_ADMISSIBLE,1,291081d6a131f8dfb452431a1addb935f5bf76064600788abf11fa94d6ffc6ff
7949,91566|133880,1,1959-03-09T19:50:42+00:00,1959-03-09T19:56:41+00:00,359.0,FINITE_GEOMETRY_ADMISSIBLE_WITNESS,GEOMETRY_ADMISSIBLE,1,b34dd9df8e52ae0dec99d5484555e1a0b93cdd58967a7bb5ea6871dbcc6cb123
7950,91566|133881,1,1959-03-09T19:50:42+00:00,1959-03-09T19:56:41+00:00,359.0,FINITE_GEOMETRY_ADMISSIBLE_WITNESS,GEOMETRY_ADMISSIBLE,2,157ffc896ebf41551ba6031758b0b939594e0a234457ab8e1512364706e4cfe7
7951,91567|133879,1,1959-03-09T20:08:09+00:00,1959-03-09T20:14:08+00:00,359.0,FINITE_GEOMETRY_ADMISSIBLE_WITNESS,GEOMETRY_ADMISSIBLE,1,71caa62016419c99d68d3a926948db2f6ecf5c1c85a9688d69a3e2b7ca482e02
7952,91567|133880,1,1959-03-09T20:08:09+00:00,1959-03-09T20:14:08+00:00,359.0,FINITE_GEOMETRY_ADMISSIBLE_WITNESS,GEOMETRY_ADMISSIBLE,1,50efe109e125ff988fad893be6d2f91f8f25f8d69a24b1c8cb91ece1ac20c213
7953,91567|133881,1,1959-03-09T20:08:09+00:00,1959-03-09T20:14:08+00:00,359.0,FINITE_GEOMETRY_ADMISSIBLE_WITNESS,GEOMETRY_ADMISSIBLE,1,447b4a3110856607c8f6a54515b6a9011cd9095cfd33461b0de45488dee4b9c9
7954,91568|133879,1,1959-03-09T20:22:27+00:00,1959-03-09T20:28:26+00:00,359.0,FINITE_GEOMETRY_ADMISSIBLE_WITNESS,GEOMETRY_ADMISSIBLE,1,ff12d9759e06941b00f586f955ab07903cdf16b3976b55fe6b27a7bf9ead9940
7955,91568|133880,1,1959-03-09T20:22:27+00:00,1959-03-09T20:28:26+00:00,359.0,FINITE_GEOMETRY_ADMISSIBLE_WITNESS,GEOMETRY_ADMISSIBLE,1,8946723944f1d29e819588511f3db1bd9d2cfdbbf202f78a6fb881f659afe330
7956,91568|133881,1,1959-03-09T20:22:27+00:00,1959-03-09T20:28:26+00:00,359.0,FINITE_GEOMETRY_ADMISSIBLE_WITNESS,GEOMETRY_ADMISSIBLE,2,6e476ebe045b41ecc91ca79d852facd6a60f31d5bf9533a31cb4b877c5872f84
7957,91569|133879,1,1959-03-09T20:42:23+00:00,1959-03-09T20:46:00+00:00,217.0,FINITE_GEOMETRY_ADMISSIBLE_WITNESS,GEOMETRY_ADMISSIBLE,2,2ce8951962cc2fa6bbf43483eba84a87610b100bf7661c51a6a4f2a90cfe8aa2
7958,91569|133880,1,1959-03-09T20:42:23+00:00,1959-03-09T20:46:00+00:00,217.0,FINITE_GEOMETRY_ADMISSIBLE_WITNESS,GEOMETRY_ADMISSIBLE,2,e1c03eac4d4ffe8f30c7b103bb4bf3afdd90d138a201c7f40957fd47a5c2ace1
7959,91569|133881,1,1959-03-09T20:42:23+00:00,1959-03-09T20:46:00+00:00,217.0,FINITE_GEOMETRY_ADMISSIBLE_WITNESS,GEOMETRY_ADMISSIBLE,1,819f7b0e4c0a4f302a60e6dfafb53cc62c4a9420df32bb9576e5140269919cb5
7960,91570|133883,1,1959-03-09T20:57:21+00:00,1959-03-09T21:03:20+00:00,359.0,FINITE_GEOMETRY_ADMISSIBLE_WITNESS,GEOMETRY_ADMISSIBLE,1,1c3ebcfb59ee221fcc1f832e8666fd76b3e590638c9845091154fe0a76fd26f8
7961,91570|133884,1,1959-03-09T20:57:21+00:00,1959-03-09T21:03:20+00:00,359.0,FINITE_GEOMETRY_ADMISSIBLE_WITNESS,GEOMETRY_ADMISSIBLE,1,9a84f85dc48da45b7af889e2c6eac989f8d86e5eb1b1e1b881ecfc6b75abae00
7962,91570|133885,1,1959-03-09T20:57:21+00:00,1959-03-09T21:03:20+00:00,359.0,FINITE_GEOMETRY_ADMISSIBLE_WITNESS,GEOMETRY_ADMISSIBLE,2,477cf14f4bdaee5142041d3d81016aea510a44f30bc7694b8e7a64ec89f8a19d
7963,91570|133886,1,1959-03-09T20:57:21+00:00,1959-03-09T21:03:20+00:00,359.0,FINITE_GEOMETRY_ADMISSIBLE_WITNESS,GEOMETRY_ADMISSIBLE,2,355a613bb80a7f27639ccbaafe37dc7a3dc2eb8aa9c9febe22366a70069e1cc6
7964,91571|133883,1,1959-03-09T21:12:44+00:00,1959-03-09T21:18:43+00:00,359.0,FINITE_GEOMETRY_ADMISSIBLE_WITNESS,GEOMETRY_ADMISSIBLE,1,bccb59d7321d297a83cfc39e0e0f02d9f557078d2c1379e195eb72167caeb8aa
7965,91571|133884,1,1959-03-09T21:12:44+00:00,1959-03-09T21:18:43+00:00,359.0,FINITE_GEOMETRY_ADMISSIBLE_WITNESS,GEOMETRY_ADMISSIBLE,1,fee73a3382655a0c212c2b8ef30a1a39597bb725a23463b4048d5948a6264a2e
7966,91571|133885,1,1959-03-09T21:12:44+00:00,1959-03-09T21:18:43+00:00,359.0,FINITE_GEOMETRY_ADMISSIBLE_WITNESS,GEOMETRY_ADMISSIBLE,2,b2bede84e3dc6423a896f91632579cde61826e7ac882bf0ccb18eb2a4db85de1
7967,91571|133886,1,1959-03-09T21:12:44+00:00,1959-03-09T21:18:43+00:00,359.0,FINITE_GEOMETRY_ADMISSIBLE_WITNESS,GEOMETRY_ADMISSIBLE,1,38ec501d5d93cb59f87ba96b09452613fbe24ce94e0cdbaffbe138379cbc7244
7968,91572|133887,1,1959-03-09T22:15:03+00:00,1959-03-09T22:21:02+00:00,359.0,FINITE_GEOMETRY_ADMISSIBLE_WITNESS,GEOMETRY_ADMISSIBLE,1,d980c3364ada2d4221f84dd5017ee4b886a58e8a335099220b1d003d0f05c6ef
7969,91572|133888,1,1959-03-09T22:15:03+00:00,1959-03-09T22:21:02+00:00,359.0,FINITE_GEOMETRY_ADMISSIBLE_WITNESS,GEOMETRY_ADMISSIBLE,1,c134aca2cbb5b6ffdcdfbc7c23ea25909e291265a04d054e89f6980efaa4cdf8
7970,91572|133889,1,1959-03-09T22:15:03+00:00,1959-03-09T22:21:02+00:00,359.0,FINITE_GEOMETRY_ADMISSIBLE_WITNESS,GEOMETRY_ADMISSIBLE,1,883dad33968c2462b1cfd3a69d150d914def5283cd97d6c280b4c4b8d65a5abb
7971,91572|133890,1,1959-03-09T22:15:03+00:00,1959-03-09T22:21:02+00:00,359.0,FINITE_GEOMETRY_ADMISSIBLE_WITNESS,GEOMETRY_ADMISSIBLE,1,93107d60803721eca22069bd3f67e330967961c49c12007fc6a19078c6bfb80c
7972,91573|133887,1,1959-03-09T22:26:52+00:00,1959-03-09T22:32:51+00:00,359.0,FINITE_GEOMETRY_ADMISSIBLE_WITNESS,GEOMETRY_ADMISSIBLE,1,8ea91879c1ee8e37dd2349bee51d4a59732883f94455d4312c0c7446dad80c5d
7973,91573|133888,1,1959-03-09T22:26:52+00:00,1959-03-09T22:32:51+00:00,359.0,FINITE_GEOMETRY_ADMISSIBLE_WITNESS,GEOMETRY_ADMISSIBLE,1,cd29b293326087d53a302617bfaf371d35c1e9bc0f7469e75038f80bc9bcd197
7974,91573|133889,1,1959-03-09T22:26:52+00:00,1959-03-09T22:32:51+00:00,359.0,FINITE_GEOMETRY_ADMISSIBLE_WITNESS,GEOMETRY_ADMISSIBLE,1,56e2a7cb858ab94edf6acf05b8d51fb9a927ea06aab0b9c3c827546113170b08
7975,91573|133890,1,1959-03-09T22:26:52+00:00,1959-03-09T22:32:51+00:00,359.0,FINITE_GEOMETRY_ADMISSIBLE_WITNESS,GEOMETRY_ADMISSIBLE,1,0c6637eb6fc2067588d4cb55c8daa727c21f6d3d02be2e719bcad042df9aa3b9
7976,91574|133887,1,1959-03-09T22:44:19+00:00,1959-03-09T22:50:18+00:00,359.0,FINITE_GEOMETRY_ADMISSIBLE_WITNESS,GEOMETRY_ADMISSIBLE,1,3dc194556612247e40af9facc11747d7bebe0c940dd2ed0f9b0247e1ee4b5295
7977,91574|133888,1,1959-03-09T22:44:19+00:00,1959-03-09T22:50:18+00:00,359.0,FINITE_GEOMETRY_ADMISSIBLE_WITNESS,GEOMETRY_ADMISSIBLE,1,aa4e0038494c19de0e00fb81a20c9e78bb317782e2c062cadc1877efcf4623df
7978,91574|133889,1,1959-03-09T22:44:19+00:00,1959-03-09T22:50:18+00:00,359.0,FINITE_GEOMETRY_ADMISSIBLE_WITNESS,GEOMETRY_ADMISSIBLE,1,8d27f25205576580c1655797df2c81cd4b158445bf52be08a4b3e15b823e4f0d
7979,91574|133890,1,1959-03-09T22:44:19+00:00,1959-03-09T22:50:18+00:00,359.0,FINITE_GEOMETRY_ADMISSIBLE_WITNESS,GEOMETRY_ADMISSIBLE,1,9b75f480a4a551a147d15d6301fa6c0c968d16c76f9a450fd6195557e2080a41
7980,91575|133891,1,1959-03-09T23:03:00+00:00,1959-03-09T23:03:50+00:00,50.0,FINITE_GEOMETRY_ADMISSIBLE_WITNESS,GEOMETRY_ADMISSIBLE,1,39a0bcf3703071d8eec5f9ad5e5daab04f6dcb154d03bc88e7ca26208115f76a
7981,91575|133892,1,1959-03-09T23:03:00+00:00,1959-03-09T23:03:50+00:00,50.0,FINITE_GEOMETRY_ADMISSIBLE_WITNESS,GEOMETRY_ADMISSIBLE,1,5581d8be8104757df2a6627928befb076aa42a64d6fbc4e8c723ed81b6ce674f
7982,91575|133893,1,1959-03-09T23:03:00+00:00,1959-03-09T23:03:50+00:00,50.0,FINITE_GEOMETRY_ADMISSIBLE_WITNESS,GEOMETRY_ADMISSIBLE,1,82fc9a35a7bde689ed98dee588a53a240b2f8e74068a25b0ca23848e599a1834
7983,91576|133891,1,1959-03-09T23:12:19+00:00,1959-03-09T23:18:18+00:00,359.0,FINITE_GEOMETRY_ADMISSIBLE_WITNESS,GEOMETRY_ADMISSIBLE,1,ab41642563b04315a9323368cc1aabcee49910ae78029359360266c4820ad72f
7984,91576|133892,1,1959-03-09T23:12:19+00:00,1959-03-09T23:18:18+00:00,359.0,FINITE_GEOMETRY_ADMISSIBLE_WITNESS,GEOMETRY_ADMISSIBLE,1,cdfb3138c57aef24f88913605fcf17a8da84323ea876a90c587c58d3026bab1f
7985,91576|133893,1,1959-03-09T23:12:19+00:00,1959-03-09T23:18:18+00:00,359.0,FINITE_GEOMETRY_ADMISSIBLE_WITNESS,GEOMETRY_ADMISSIBLE,1,5cf55f228de8053cd9550483f88437a2d3deccc7d35b5932d29565ea45f20fb4
7986,91577|133891,1,1959-03-09T23:28:26+00:00,1959-03-09T23:34:25+00:00,359.0,FINITE_GEOMETRY_ADMISSIBLE_WITNESS,GEOMETRY_ADMISSIBLE,4,23fec4d581351bbaa922145cda1dabbf1b781b2c64369c740c42b8117a3655f4
7987,91577|133892,1,1959-03-09T23:28:26+00:00,1959-03-09T23:34:25+00:00,359.0,FINITE_GEOMETRY_ADMISSIBLE_WITNESS,GEOMETRY_ADMISSIBLE,2,f8d977f406a3c2f5ef487e4b89bc945f158c415825ffc9183842d42624671cb4
7988,91577|133893,1,1959-03-09T23:28:26+00:00,1959-03-09T23:34:25+00:00,359.0,FINITE_GEOMETRY_ADMISSIBLE_WITNESS,GEOMETRY_ADMISSIBLE,1,f23efc5a1580662963f77c389d496339a4faf30f5415c2b7f05a812d2b69b5bf
7989,91578|133891,1,1959-03-09T23:44:54+00:00,1959-03-09T23:50:53+00:00,359.0,FINITE_GEOMETRY_ADMISSIBLE_WITNESS,GEOMETRY_ADMISSIBLE,1,34f4c2960f66ebd491f84d45440356ca40684f869900600c97cd6bdafe9f9f73
7990,91578|133892,1,1959-03-09T23:44:54+00:00,1959-03-09T23:50:53+00:00,359.0,FINITE_GEOMETRY_ADMISSIBLE_WITNESS,GEOMETRY_ADMISSIBLE,1,79f301e7476189f96d2f88541c65374c5cfb8adb66e2e6af6c13d7cedcd209c7
7991,91578|133893,1,1959-03-09T23:44:54+00:00,1959-03-09T23:50:53+00:00,359.0,FINITE_GEOMETRY_ADMISSIBLE_WITNESS,GEOMETRY_ADMISSIBLE,1,721f599c39cfd8620d6acea6a6f03884aff76c3426377d37dbb27d8906155238
7992,91579|133891,1,1959-03-09T23:58:31+00:00,1959-03-10T00:03:00+00:00,269.0,FINITE_GEOMETRY_ADMISSIBLE_WITNESS,GEOMETRY_ADMISSIBLE,2,eff2422e273463448231fa342d271986c8c769c7f709c1fa2d55c5ed81a5c5ec
7993,91579|133892,1,1959-03-09T23:58:31+00:00,1959-03-10T00:03:00+00:00,269.0,FINITE_GEOMETRY_ADMISSIBLE_WITNESS,GEOMETRY_ADMISSIBLE,1,91b7e062ae1d109c2cbd739b4d49a09852246402e66777cbf4cf8b627e87f6bf
7994,91579|133893,1,1959-03-09T23:58:31+00:00,1959-03-10T00:03:00+00:00,269.0,FINITE_GEOMETRY_ADMISSIBLE_WITNESS,GEOMETRY_ADMISSIBLE,2,53b0641cdf0c7043f4de755f83823a0adc1486603ea0e943d46020868e089988
7995,91580|133895,1,1959-03-10T00:14:00+00:00,1959-03-10T00:19:58+00:00,358.0,FINITE_GEOMETRY_ADMISSIBLE_WITNESS,GEOMETRY_ADMISSIBLE,1,5e2523e9c4cefa08ddd7a6a26040a35acbb553c9bbcb5edec5614518615b77f3
7996,91580|133896,1,1959-03-10T00:14:00+00:00,1959-03-10T00:19:58+00:00,358.0,FINITE_GEOMETRY_ADMISSIBLE_WITNESS,GEOMETRY_ADMISSIBLE,1,46baeb9af0770929af8ecc95dba15bfd17b4a8e277008c452c671695ed2d9c76
7997,91580|133897,1,1959-03-10T00:14:00+00:00,1959-03-10T00:19:58+00:00,358.0,FINITE_GEOMETRY_ADMISSIBLE_WITNESS,GEOMETRY_ADMISSIBLE,2,e9da270e2a082ede758603c5d63eb8fd0925b70b2face2daaee23d3fb89e5881
7998,91580|133898,1,1959-03-10T00:14:00+00:00,1959-03-10T00:19:58+00:00,358.0,FINITE_GEOMETRY_ADMISSIBLE_WITNESS,GEOMETRY_ADMISSIBLE,1,392c84ae8114ec256911db7c073506acf07da03c6c9850c748d6303a1cb5b1cc
7999,91581|133895,1,1959-03-10T00:33:26+00:00,1959-03-10T00:39:25+00:00,359.0,FINITE_GEOMETRY_ADMISSIBLE_WITNESS,GEOMETRY_ADMISSIBLE,2,f4442f23519a96186e2db3191276bd9c1404f5f1e77228b8962c7e959f62a920
8000,91581|133896,1,1959-03-10T00:33:26+00:00,1959-03-10T00:39:25+00:00,359.0,FINITE_GEOMETRY_ADMISSIBLE_WITNESS,GEOMETRY_ADMISSIBLE,1,a74445505ca7aab2f63f1a9b019f99f35263364b54dba7cc3435e91291412ffc
8001,91581|133897,1,1959-03-10T00:33:26+00:00,1959-03-10T00:39:25+00:00,359.0,FINITE_GEOMETRY_ADMISSIBLE_WITNESS,GEOMETRY_ADMISSIBLE,2,01d2435d4d589d867c2cb533eb8f7d5ab5fa83be5b45fe116465ee894409ff1c
8002,91581|133898,1,1959-03-10T00:33:26+00:00,1959-03-10T00:39:25+00:00,359.0,FINITE_GEOMETRY_ADMISSIBLE_WITNESS,GEOMETRY_ADMISSIBLE,2,c93ca016f1824d9cd344e4fe447f69b5cdfab31ac05cc0d74ad864312a0aafc9
8003,91582|133895,1,1959-03-10T00:48:08+00:00,1959-03-10T00:54:07+00:00,359.0,FINITE_GEOMETRY_ADMISSIBLE_WITNESS,GEOMETRY_ADMISSIBLE,2,0221943d05221ae0af36da4fa319c688bbda97643514be2624c4d4c22003652c
8004,91582|133896,1,1959-03-10T00:48:08+00:00,1959-03-10T00:54:07+00:00,359.0,FINITE_GEOMETRY_ADMISSIBLE_WITNESS,GEOMETRY_ADMISSIBLE,1,65cf46cd7cbb98b79c78fdb574494afde578f0a42c7080b5a2ff30244a36dee6
8005,91582|133897,1,1959-03-10T00:48:08+00:00,1959-03-10T00:54:07+00:00,359.0,FINITE_GEOMETRY_ADMISSIBLE_WITNESS,GEOMETRY_ADMISSIBLE,1,dd328ddd39dcb79b09b000df719a9cc0f1f84ea7f29658d1ca5bc572c5a08d47
8006,91582|133898,1,1959-03-10T00:48:08+00:00,1959-03-10T00:54:07+00:00,359.0,FINITE_GEOMETRY_ADMISSIBLE_WITNESS,GEOMETRY_ADMISSIBLE,2,2f0910d976e11d9a651e47aeadc489a89c60702014bd279d5269619c6584b16f
8007,91598|134010,1,1959-04-02T20:16:10+00:00,1959-04-02T20:25:09+00:00,539.0,FINITE_GEOMETRY_ADMISSIBLE_WITNESS,GEOMETRY_ADMISSIBLE,2,98757db68fc0df6efad946ed3b817b782370c34a40dbfd94d5c5dd93cd5fb10b
8009,91598|134012,1,1959-04-02T20:16:10+00:00,1959-04-02T20:25:09+00:00,539.0,FINITE_GEOMETRY_ADMISSIBLE_WITNESS,GEOMETRY_ADMISSIBLE,3,7beea70fbac549fea1cfbc3c3b0700abb0ff41151b3f15b0ab0f77713b099135
8010,91598|134013,1,1959-04-02T20:16:10+00:00,1959-04-02T20:25:09+00:00,539.0,FINITE_GEOMETRY_ADMISSIBLE_WITNESS,GEOMETRY_ADMISSIBLE,1,28908bdf595d3cd4e7c8bd3bad628403045b202f280b508afb94d61acdd07831
8011,91599|134010,1,1959-04-02T20:32:38+00:00,1959-04-02T20:41:36+00:00,538.0,FINITE_GEOMETRY_ADMISSIBLE_WITNESS,GEOMETRY_ADMISSIBLE,1,06f86723677f2b6814f0e9d271bb218f81f0b94d1f6d9d950efbc94160e548e3
8012,91599|134011,1,1959-04-02T20:32:38+00:00,1959-04-02T20:41:36+00:00,538.0,FINITE_GEOMETRY_ADMISSIBLE_WITNESS,GEOMETRY_ADMISSIBLE,1,91cd00ab56bc9b6fde7d8a7a9cca33deee22efb3006aa64a237e6844fdaa33c4
8013,91599|134012,1,1959-04-02T20:32:38+00:00,1959-04-02T20:41:36+00:00,538.0,FINITE_GEOMETRY_ADMISSIBLE_WITNESS,GEOMETRY_ADMISSIBLE,1,bc444a8be325ed1b1d992572ce4b4c1e5e95cd3b5a6ddf635f9cd7f377d4d8f5
8014,91599|134013,1,1959-04-02T20:32:38+00:00,1959-04-02T20:41:36+00:00,538.0,FINITE_GEOMETRY_ADMISSIBLE_WITNESS,GEOMETRY_ADMISSIBLE,1,fc1e7174635eba6ff75b43c8ce0e9fecf4694733b7916e79fdc7d98f0fa481a4
8015,91600|134010,1,1959-04-02T20:51:40+00:00,1959-04-02T21:00:38+00:00,538.0,FINITE_GEOMETRY_ADMISSIBLE_WITNESS,GEOMETRY_ADMISSIBLE,1,575d569ce0be5e1c7a25532c449b9c89ed7aec9a0ede45d64fbd540e11f6f7b0
8016,91600|134011,1,1959-04-02T20:51:40+00:00,1959-04-02T21:00:38+00:00,538.0,FINITE_GEOMETRY_ADMISSIBLE_WITNESS,GEOMETRY_ADMISSIBLE,2,057a23a7ceb2cb00fd34e13c2c2ec353f233f8fe76286adc2562755d6b9b7015
8017,91600|134012,1,1959-04-02T20:51:40+00:00,1959-04-02T21:00:38+00:00,538.0,FINITE_GEOMETRY_ADMISSIBLE_WITNESS,GEOMETRY_ADMISSIBLE,2,886d51f419d0cc7254ef93d90bc6f43eaddca69abe765411de58653095e63667
8018,91600|134013,1,1959-04-02T20:51:40+00:00,1959-04-02T21:00:38+00:00,538.0,FINITE_GEOMETRY_ADMISSIBLE_WITNESS,GEOMETRY_ADMISSIBLE,1,1c47d769f15ded89d8e008611c1c0a73270f7ffea84c60b232647b793de74842
8019,91601|134010,1,1959-04-02T21:09:12+00:00,1959-04-02T21:10:00+00:00,48.0,FINITE_GEOMETRY_ADMISSIBLE_WITNESS,GEOMETRY_ADMISSIBLE,2,cf910e59d1f103189ad296244a4b72e80381539e9876ea1c6e228a3888aa4201
8020,91601|134011,1,1959-04-02T21:09:12+00:00,1959-04-02T21:10:00+00:00,48.0,FINITE_GEOMETRY_ADMISSIBLE_WITNESS,GEOMETRY_ADMISSIBLE,1,9c2afe015d9a013992219b308cf72b6eee35c81567cb491bc7d895edaa055027
8021,91601|134012,1,1959-04-02T21:09:12+00:00,1959-04-02T21:10:00+00:00,48.0,FINITE_GEOMETRY_ADMISSIBLE_WITNESS,GEOMETRY_ADMISSIBLE,1,89ded42fd48ed8492f75bc278240a8988a32ea688b5ab03408d4304160c9fb01
8022,91601|134013,1,1959-04-02T21:09:12+00:00,1959-04-02T21:10:00+00:00,48.0,FINITE_GEOMETRY_ADMISSIBLE_WITNESS,GEOMETRY_ADMISSIBLE,1,a2c4ffffc939612f9530911d5533e6c00d43d67b9ed6c959c6216e27c85ecf11
8023,91601|134014,1,1959-04-02T21:16:00+00:00,1959-04-02T21:18:10+00:00,130.0,FINITE_GEOMETRY_ADMISSIBLE_WITNESS,GEOMETRY_ADMISSIBLE,2,28116ec43711b0ca7642c097d671db8265302a7e4fb964573ce6e11399d25a12
8024,91601|134015,1,1959-04-02T21:16:00+00:00,1959-04-02T21:18:10+00:00,130.0,FINITE_GEOMETRY_ADMISSIBLE_WITNESS,GEOMETRY_ADMISSIBLE,1,468fcd1a56a2c11ac30f2131b231f88be4e6a2e46f69d60d3d8eccccb9fe1fdd
8025,91601|134017,1,1959-04-02T21:16:00+00:00,1959-04-02T21:18:10+00:00,130.0,FINITE_GEOMETRY_ADMISSIBLE_WITNESS,GEOMETRY_ADMISSIBLE,3,857d4fe324964132da323b51e0a2a4324a7454cb1cf2a3833696f1c3bac93b27
8026,91602|134014,1,1959-04-02T21:27:24+00:00,1959-04-02T21:36:22+00:00,538.0,FINITE_GEOMETRY_ADMISSIBLE_WITNESS,GEOMETRY_ADMISSIBLE,2,fd069c2fa63eba691e71879c5fbb8450601a68b39753d8590da829430d893970
8027,91602|134015,1,1959-04-02T21:27:24+00:00,1959-04-02T21:36:22+00:00,538.0,FINITE_GEOMETRY_ADMISSIBLE_WITNESS,GEOMETRY_ADMISSIBLE,2,1fe68b013e01105cf565a5fa4634f2a0cc1effbd1d103cbcf9040da950ff4b14
8028,91602|134017,1,1959-04-02T21:27:24+00:00,1959-04-02T21:36:22+00:00,538.0,FINITE_GEOMETRY_ADMISSIBLE_WITNESS,GEOMETRY_ADMISSIBLE,3,ee2ebbb74e4133d88a9cbfdf90e24a4daeaa984fc81e015f5d94b0f0a56619c6
8029,91603|134014,1,1959-04-02T21:59:24+00:00,1959-04-02T22:05:23+00:00,359.0,FINITE_GEOMETRY_ADMISSIBLE_WITNESS,GEOMETRY_ADMISSIBLE,1,c7a88a2038c23f36d6a347d6bffc26a7d54635bcc4c7b839ee62bbb7cae9e66a
8030,91603|134015,1,1959-04-02T21:59:24+00:00,1959-04-02T22:05:23+00:00,359.0,FINITE_GEOMETRY_ADMISSIBLE_WITNESS,GEOMETRY_ADMISSIBLE,1,7162ecfa4537b3757bbb7203ac6896c7de38001059cab5ec6adfdfdd8fb8582c
8031,91603|134017,1,1959-04-02T21:59:24+00:00,1959-04-02T22:05:23+00:00,359.0,FINITE_GEOMETRY_ADMISSIBLE_WITNESS,GEOMETRY_ADMISSIBLE,1,a5ace1778fc11c423b737b49fe9b386b93e972b502e2f7efc18de4697a8511f8
8032,91604|134018,1,1959-04-02T22:23:10+00:00,1959-04-02T22:29:09+00:00,359.0,FINITE_GEOMETRY_ADMISSIBLE_WITNESS,GEOMETRY_ADMISSIBLE,1,ead91865d427316d948bea157b2aba853dcc91698e82bd6f009deee6fd3a384f
8033,91604|134019,1,1959-04-02T22:23:10+00:00,1959-04-02T22:29:09+00:00,359.0,FINITE_GEOMETRY_ADMISSIBLE_WITNESS,GEOMETRY_ADMISSIBLE,3,c1167c2108d6bb7050dd1461081415a84548823ee08b5ad713ec1d9320108a76
8034,91604|134020,1,1959-04-02T22:23:10+00:00,1959-04-02T22:29:09+00:00,359.0,FINITE_GEOMETRY_ADMISSIBLE_WITNESS,GEOMETRY_ADMISSIBLE,1,84432f8719bc8fab482dff861d46ecd9a30a2f14b5b916e13555596026f45cb6
8035,91604|134021,1,1959-04-02T22:23:10+00:00,1959-04-02T22:29:09+00:00,359.0,FINITE_GEOMETRY_ADMISSIBLE_WITNESS,GEOMETRY_ADMISSIBLE,1,4924bd6e85619480cac5f9509fa8f8fa2e3aa5e56e6ce13ab1ca991523861359
8036,91605|134018,1,1959-04-02T22:38:57+00:00,1959-04-02T22:44:56+00:00,359.0,FINITE_GEOMETRY_ADMISSIBLE_WITNESS,GEOMETRY_ADMISSIBLE,1,bcf0023962b821541faf4dea6e721469239471fd4ec8a45a9867af37c0b75db6
8037,91605|134019,1,1959-04-02T22:38:57+00:00,1959-04-02T22:44:56+00:00,359.0,FINITE_GEOMETRY_ADMISSIBLE_WITNESS,GEOMETRY_ADMISSIBLE,1,ed1e8c9fe83c5a34b549b9e50ed12e087205d57953daefc4f6c041cb8383305e
8038,91605|134020,1,1959-04-02T22:38:57+00:00,1959-04-02T22:44:56+00:00,359.0,FINITE_GEOMETRY_ADMISSIBLE_WITNESS,GEOMETRY_ADMISSIBLE,1,bacf359e2bc2ed38818bfba9dc0dd58cbd81a56e59f6b944d89d51b36fc214ec
8039,91605|134021,1,1959-04-02T22:38:57+00:00,1959-04-02T22:44:56+00:00,359.0,FINITE_GEOMETRY_ADMISSIBLE_WITNESS,GEOMETRY_ADMISSIBLE,1,774c62e06c585a80d3c96dee5a92997e380db5d647bada6edee7cd7b7a6ea8c9
8040,91606|134018,1,1959-04-02T22:57:34+00:00,1959-04-02T23:03:33+00:00,359.0,FINITE_GEOMETRY_ADMISSIBLE_WITNESS,GEOMETRY_ADMISSIBLE,2,3a6540fdde0b384a4cea237dded9d14daed5e07a12669a739000598a5829e8bb
8041,91606|134019,1,1959-04-02T22:57:34+00:00,1959-04-02T23:03:33+00:00,359.0,FINITE_GEOMETRY_ADMISSIBLE_WITNESS,GEOMETRY_ADMISSIBLE,1,29e6fe0fcddbca38a374223c1b02b8ba679dacc6e21c65ef15f568b537a42825
8042,91606|134020,1,1959-04-02T22:57:34+00:00,1959-04-02T23:03:33+00:00,359.0,FINITE_GEOMETRY_ADMISSIBLE_WITNESS,GEOMETRY_ADMISSIBLE,1,2b5cdde01367e24277b61aba8607251013d8a4ccdd2b37e823f35a67e323215e
8043,91606|134021,1,1959-04-02T22:57:34+00:00,1959-04-02T23:03:33+00:00,359.0,FINITE_GEOMETRY_ADMISSIBLE_WITNESS,GEOMETRY_ADMISSIBLE,1,2bfaa1d263a49de79c3ff7350faac2b473817b859c7d73fd100a1560aa398867
8044,91607|134022,1,1959-04-02T23:26:29+00:00,1959-04-02T23:32:28+00:00,359.0,FINITE_GEOMETRY_ADMISSIBLE_WITNESS,GEOMETRY_ADMISSIBLE,1,97830808cd4ae72fa7f78c7218fa41b66c2f347d6f1899769b58df1f5ba937be
8045,91607|134023,1,1959-04-02T23:26:29+00:00,1959-04-02T23:32:28+00:00,359.0,FINITE_GEOMETRY_ADMISSIBLE_WITNESS,GEOMETRY_ADMISSIBLE,2,8a04b837da01a22a88f96f0214a85e8ff8aae08e222bbaece71de6f272cd2262
8046,91607|134024,1,1959-04-02T23:26:29+00:00,1959-04-02T23:32:28+00:00,359.0,FINITE_GEOMETRY_ADMISSIBLE_WITNESS,GEOMETRY_ADMISSIBLE,1,fd60f056d84f5151078019792f9888597c07badd1b5128e6013c47bb0013cb50
8047,91607|134025,1,1959-04-02T23:26:29+00:00,1959-04-02T23:32:28+00:00,359.0,FINITE_GEOMETRY_ADMISSIBLE_WITNESS,GEOMETRY_ADMISSIBLE,1,2913a333f611fde0bfeb97f50a0f98e8c1beecbd6aafee26db89fb96e1302303
8048,91608|133998,1,1959-04-02T23:41:02+00:00,1959-04-02T23:47:01+00:00,359.0,FINITE_GEOMETRY_ADMISSIBLE_WITNESS,GEOMETRY_ADMISSIBLE,1,c947c46ded0a90c840b27e3d8a7bcb8e915102bcaa2c532b9a0db977a9fc01ca
8049,91608|133999,1,1959-04-02T23:41:02+00:00,1959-04-02T23:47:01+00:00,359.0,FINITE_GEOMETRY_ADMISSIBLE_WITNESS,GEOMETRY_ADMISSIBLE,2,0dc016922e5c036137712d5139231d6d835c7deb59518b8bf6781a3f550b549b
8050,91608|134000,1,1959-04-02T23:41:02+00:00,1959-04-02T23:47:01+00:00,359.0,FINITE_GEOMETRY_ADMISSIBLE_WITNESS,GEOMETRY_ADMISSIBLE,1,a1fe55627013762c2adf59360c01c8298c29f1a92c4a479fbdbf85e1052a4ff5
8051,91608|134001,1,1959-04-02T23:41:02+00:00,1959-04-02T23:47:01+00:00,359.0,FINITE_GEOMETRY_ADMISSIBLE_WITNESS,GEOMETRY_ADMISSIBLE,1,1f60e4dd6b36d8d75a6de92030f7f58a8edf85e6648b4e5e981f3802d2e64464
8052,91608|134022,1,1959-04-02T23:41:02+00:00,1959-04-02T23:47:01+00:00,359.0,FINITE_GEOMETRY_ADMISSIBLE_WITNESS,GEOMETRY_ADMISSIBLE,1,4e86a96658d943264302ecb6932baa33860acf9ea65bbce9333727004b46c43c
8053,91608|134023,1,1959-04-02T23:41:02+00:00,1959-04-02T23:47:01+00:00,359.0,FINITE_GEOMETRY_ADMISSIBLE_WITNESS,GEOMETRY_ADMISSIBLE,1,41fb211dda9592f8b2e210b0de33479f244aec89efb17959b86f10fbef5620d5
8054,91608|134024,1,1959-04-02T23:41:02+00:00,1959-04-02T23:47:01+00:00,359.0,FINITE_GEOMETRY_ADMISSIBLE_WITNESS,GEOMETRY_ADMISSIBLE,1,157f3c198830d9d55ba91629f829e0bae1bf07f1700b467d060ead0d3e0c9e97
8055,91608|134025,1,1959-04-02T23:41:02+00:00,1959-04-02T23:47:01+00:00,359.0,FINITE_GEOMETRY_ADMISSIBLE_WITNESS,GEOMETRY_ADMISSIBLE,1,4af747360ef7d38380f03090ac08c91da114cba954fef10fa9c041cbeaa69ee8
8056,91609|133998,1,1959-04-02T23:53:35+00:00,1959-04-02T23:59:34+00:00,359.0,FINITE_GEOMETRY_ADMISSIBLE_WITNESS,GEOMETRY_ADMISSIBLE,1,9f030db3d72d73cbc907a84cd56ebd88e5efb77204df5d49a739805d5618560a
8057,91609|133999,1,1959-04-02T23:53:35+00:00,1959-04-02T23:59:34+00:00,359.0,FINITE_GEOMETRY_ADMISSIBLE_WITNESS,GEOMETRY_ADMISSIBLE,1,930709ab8eb56c773b93345b63345946cbdd3c321fb6b7f0dcf83131782ef7df
8058,91609|134000,1,1959-04-02T23:53:35+00:00,1959-04-02T23:59:34+00:00,359.0,FINITE_GEOMETRY_ADMISSIBLE_WITNESS,GEOMETRY_ADMISSIBLE,2,f94e041706ffd1bf299d9f6ec9857563001825e981654399cd2ace17b4ec4ab5
8059,91609|134001,1,1959-04-02T23:53:35+00:00,1959-04-02T23:59:34+00:00,359.0,FINITE_GEOMETRY_ADMISSIBLE_WITNESS,GEOMETRY_ADMISSIBLE,2,778520cb92208cad4d46a64ffc617c8d5d0f735d8c0ec79683dea79206ce4a6d
8060,91609|134022,1,1959-04-02T23:53:35+00:00,1959-04-02T23:59:34+00:00,359.0,FINITE_GEOMETRY_ADMISSIBLE_WITNESS,GEOMETRY_ADMISSIBLE,2,ecfce1353d93d74be38e8a6dd43226a0029967575dcff988cb78ae20d5d70fd2
8061,91609|134023,1,1959-04-02T23:53:35+00:00,1959-04-02T23:59:34+00:00,359.0,FINITE_GEOMETRY_ADMISSIBLE_WITNESS,GEOMETRY_ADMISSIBLE,2,8caddf34a5dc5505953e9dc60807ca6815f36aceb749fce6f8cde5b46b7eb1e4
8062,91609|134024,1,1959-04-02T23:53:35+00:00,1959-04-02T23:59:34+00:00,359.0,FINITE_GEOMETRY_ADMISSIBLE_WITNESS,GEOMETRY_ADMISSIBLE,1,cc2a4bd209df87d588581bbd9511dd717d940fd63d7de65372e20ede9a6c2723
8063,91609|134025,1,1959-04-02T23:53:35+00:00,1959-04-02T23:59:34+00:00,359.0,FINITE_GEOMETRY_ADMISSIBLE_WITNESS,GEOMETRY_ADMISSIBLE,1,c3cafef1d4d069679bca6186148d9fd62aef88514528e77d1d597cf6b1717d1d
8064,91649|134194,1,1959-06-05T22:01:14+00:00,1959-06-05T22:07:00+00:00,346.0,FINITE_GEOMETRY_ADMISSIBLE_WITNESS,GEOMETRY_ADMISSIBLE,1,74cf2798f32ea26d70f6a578070bd8343fb869eeafd45c2dc9cbbe94aa19ceaa
8065,91649|134195,1,1959-06-05T22:01:14+00:00,1959-06-05T22:07:00+00:00,346.0,FINITE_GEOMETRY_ADMISSIBLE_WITNESS,GEOMETRY_ADMISSIBLE,1,44babd33fa2fdf40a46cff01bec7316242dd6bc23e34885f7213d4aa704f1f0a
8066,91649|134196,1,1959-06-05T22:01:14+00:00,1959-06-05T22:07:00+00:00,346.0,FINITE_GEOMETRY_ADMISSIBLE_WITNESS,GEOMETRY_ADMISSIBLE,1,56c0383c0894948149329d9d2249531f2371553db5a88ab1d626e8e021967e63
8067,91649|134197,1,1959-06-05T22:01:14+00:00,1959-06-05T22:07:00+00:00,346.0,FINITE_GEOMETRY_ADMISSIBLE_WITNESS,GEOMETRY_ADMISSIBLE,1,5a810e16fa851ebf1696274c9f61915df30eaeba9bb8c2309881c8e03290bba8
8072,91651|134198,1,1959-06-05T22:29:34+00:00,1959-06-05T22:35:33+00:00,359.0,FINITE_GEOMETRY_ADMISSIBLE_WITNESS,GEOMETRY_ADMISSIBLE,3,adea9b245b2ead7d59651b8ce3564021bd15ba026d6fe3299b7c3a46d8cd4217
8073,91651|134199,1,1959-06-05T22:29:34+00:00,1959-06-05T22:35:33+00:00,359.0,FINITE_GEOMETRY_ADMISSIBLE_WITNESS,GEOMETRY_ADMISSIBLE,1,8af86abf37a6794556b173f68a2f2d4d4c74f00d5b608ff79a53d5b2a8c94090
8074,91651|134200,1,1959-06-05T22:29:34+00:00,1959-06-05T22:35:33+00:00,359.0,FINITE_GEOMETRY_ADMISSIBLE_WITNESS,GEOMETRY_ADMISSIBLE,1,f1556f74b56d1d3d6e35ff073796d8d4af48edd13b36ac4a351d53eae036fb29
8075,91651|134201,1,1959-06-05T22:29:34+00:00,1959-06-05T22:35:33+00:00,359.0,FINITE_GEOMETRY_ADMISSIBLE_WITNESS,GEOMETRY_ADMISSIBLE,2,cd7efbe8654e861aba1e487a1618ea61d8ae6c4049318e76befe8a3f86fd7487
8082,91655|134437,1,1959-08-29T22:11:45+00:00,1959-08-29T22:21:43+00:00,598.0,FINITE_GEOMETRY_ADMISSIBLE_WITNESS,GEOMETRY_ADMISSIBLE,1,33c96b9c2268d781358aef482e5107b8596a27905741f5b3700e012e62f80b12
8085,91656|134437,1,1959-08-29T22:32:32+00:00,1959-08-29T22:42:30+00:00,598.0,FINITE_GEOMETRY_ADMISSIBLE_WITNESS,GEOMETRY_ADMISSIBLE,1,07ddfca33e14c72324098292a3f5adcd410aafec84a5feb0cb564feefe50f680
8086,91657|134438,1,1959-08-29T22:58:00+00:00,1959-08-29T23:07:51+00:00,591.0,FINITE_GEOMETRY_ADMISSIBLE_WITNESS,GEOMETRY_ADMISSIBLE,1,887b0171af6fd651f9ead47ec51cb411f77f4cbdce4148f7a7be8027cd3ec308
8088,91657|134440,1,1959-08-29T22:58:00+00:00,1959-08-29T23:07:51+00:00,591.0,FINITE_GEOMETRY_ADMISSIBLE_WITNESS,GEOMETRY_ADMISSIBLE,2,0ff8ff9d8b7aff3a47d2db6c3639841f3d24ee1d405ea054a429857ca6c426c6
8089,91657|134441,1,1959-08-29T22:58:00+00:00,1959-08-29T23:07:51+00:00,591.0,FINITE_GEOMETRY_ADMISSIBLE_WITNESS,GEOMETRY_ADMISSIBLE,1,8ddfa4adf09ef7d680f487646bf9fc4a78bcbadbd9e11a864fc716582db9723f
8090,91658|134462,1,1959-08-31T22:20:50+00:00,1959-08-31T22:30:49+00:00,599.0,FINITE_GEOMETRY_ADMISSIBLE_WITNESS,GEOMETRY_ADMISSIBLE,1,f5ceb8e053e3c675549c9e5bdedef376f78de6b9d533d989943d93630c3a79c7
8091,91658|134463,1,1959-08-31T22:20:50+00:00,1959-08-31T22:30:49+00:00,599.0,FINITE_GEOMETRY_ADMISSIBLE_WITNESS,GEOMETRY_ADMISSIBLE,1,b833e3568b1fc4643a799d295aa93f4905d6605c0b9df2053224f17105fd59d5
8092,91658|134465,1,1959-08-31T22:20:50+00:00,1959-08-31T22:30:49+00:00,599.0,FINITE_GEOMETRY_ADMISSIBLE_WITNESS,GEOMETRY_ADMISSIBLE,3,152872edf36277ce3e3d50cbacb555dd386cbf39e24d8bcf6dd1bcddc181f766
8093,91659|134462,1,1959-08-31T22:40:57+00:00,1959-08-31T22:49:00+00:00,483.0,FINITE_GEOMETRY_ADMISSIBLE_WITNESS,GEOMETRY_ADMISSIBLE,1,695b9d94e12dfda974f5da096b6076325ee825554629f5df9854042d8bacab18
8094,91659|134463,1,1959-08-31T22:40:57+00:00,1959-08-31T22:49:00+00:00,483.0,FINITE_GEOMETRY_ADMISSIBLE_WITNESS,GEOMETRY_ADMISSIBLE,2,aecf06a7cc9bb5014ae25afc59edf921f93dfc4ae48c3b4f4f90dad11095a2a4
8095,91659|134465,1,1959-08-31T22:40:57+00:00,1959-08-31T22:49:00+00:00,483.0,FINITE_GEOMETRY_ADMISSIBLE_WITNESS,GEOMETRY_ADMISSIBLE,2,66ed15f6af79f7fe8772a140a53d888947027e6b9dda483eb6c5891d00896dcd
8096,91660|134466,1,1959-08-31T23:01:19+00:00,1959-08-31T23:11:17+00:00,598.0,FINITE_GEOMETRY_ADMISSIBLE_WITNESS,GEOMETRY_ADMISSIBLE,1,76df626d5c4edcef29d34c285566e6f3409086ee8f0526c0096f2060796ea013
8098,91660|134468,1,1959-08-31T23:01:19+00:00,1959-08-31T23:11:17+00:00,598.0,FINITE_GEOMETRY_ADMISSIBLE_WITNESS,GEOMETRY_ADMISSIBLE,1,f66a78ba26a01cd165eb70ec12103273015a2338e774a59b7de8e7b0527c68bd
8099,91661|134466,1,1959-08-31T23:31:59+00:00,1959-08-31T23:41:57+00:00,598.0,FINITE_GEOMETRY_ADMISSIBLE_WITNESS,GEOMETRY_ADMISSIBLE,1,16fb04aea571cd0f15575c1c96da8e05909c72db42016a199ae081b53ad29d96
8100,91661|134467,1,1959-08-31T23:31:59+00:00,1959-08-31T23:41:57+00:00,598.0,FINITE_GEOMETRY_ADMISSIBLE_WITNESS,GEOMETRY_ADMISSIBLE,2,21e6f345d4f6deef31af0502f4d72616716403198e38b826c5b1ecfdb5957f70
8101,91661|134468,1,1959-08-31T23:31:59+00:00,1959-08-31T23:41:57+00:00,598.0,FINITE_GEOMETRY_ADMISSIBLE_WITNESS,GEOMETRY_ADMISSIBLE,1,10ed7409fb7cb76f080083cd461347d8f253d1199c24b5e752b7a3b5bdcfff15
8102,91662|134466,1,1959-08-31T23:52:20+00:00,1959-08-31T23:55:00+00:00,160.0,FINITE_GEOMETRY_ADMISSIBLE_WITNESS,GEOMETRY_ADMISSIBLE,1,3269ac2866e38fc629f28f0e419a5af9bbbd2eeee6e761a0743d7dc3acfa71e5
8103,91662|134467,1,1959-08-31T23:52:20+00:00,1959-08-31T23:55:00+00:00,160.0,FINITE_GEOMETRY_ADMISSIBLE_WITNESS,GEOMETRY_ADMISSIBLE,1,551a4cb4c286e148b5c6a3a2d54ce7b30ac511d9d8decd2083bbbe0bfcf6d205
8104,91662|134468,1,1959-08-31T23:52:20+00:00,1959-08-31T23:55:00+00:00,160.0,FINITE_GEOMETRY_ADMISSIBLE_WITNESS,GEOMETRY_ADMISSIBLE,1,7d9bbe99dfa9bce36b14eda094ea44d2d0ee01cb937abff9399f4e9209f36ede
8105,91662|134470,1,1959-09-01T00:01:00+00:00,1959-09-01T00:02:19+00:00,79.0,FINITE_GEOMETRY_ADMISSIBLE_WITNESS,GEOMETRY_ADMISSIBLE,1,7906bb3fbd81c2f4838c4e861a069e77925384cbfa9611ffe9b9c30b04a7e461
8107,91662|134472,1,1959-09-01T00:01:00+00:00,1959-09-01T00:02:19+00:00,79.0,FINITE_GEOMETRY_ADMISSIBLE_WITNESS,GEOMETRY_ADMISSIBLE,1,daf8b48a194f7fc4af9bfee7ebe107dccd2a8e799b80a5f04f221740c2a81991
8108,91662|134473,1,1959-09-01T00:01:00+00:00,1959-09-01T00:02:19+00:00,79.0,FINITE_GEOMETRY_ADMISSIBLE_WITNESS,GEOMETRY_ADMISSIBLE,1,8e158918c6798edb90b26f4789c7c1257dd0f271c56b4071eafaf54bb7a0da55
8109,91663|134470,1,1959-09-01T00:12:32+00:00,1959-09-01T00:22:30+00:00,598.0,FINITE_GEOMETRY_ADMISSIBLE_WITNESS,GEOMETRY_ADMISSIBLE,1,ab528973163bafb92dc57a4b24e30d04b6d9401f965a1d4b8b9a99adf66b41eb
8110,91663|134471,1,1959-09-01T00:12:32+00:00,1959-09-01T00:22:30+00:00,598.0,FINITE_GEOMETRY_ADMISSIBLE_WITNESS,GEOMETRY_ADMISSIBLE,1,48dff3c896a5d49330836858ec07b9802cc4519173b4139e30e6f5acec927a0c
8111,91663|134472,1,1959-09-01T00:12:32+00:00,1959-09-01T00:22:30+00:00,598.0,FINITE_GEOMETRY_ADMISSIBLE_WITNESS,GEOMETRY_ADMISSIBLE,2,47a2c52191fdf07a627802e96193edcb5054d63ce1b0df8daa07c2017db962ce
8112,91663|134473,1,1959-09-01T00:12:32+00:00,1959-09-01T00:22:30+00:00,598.0,FINITE_GEOMETRY_ADMISSIBLE_WITNESS,GEOMETRY_ADMISSIBLE,2,136cca1e8e5b5be300337729199aaf2a5b0aab9df1bc959581e256e4a7c6fa47
8113,91664|134523,1,1959-09-03T01:22:17+00:00,1959-09-03T01:32:16+00:00,599.0,FINITE_GEOMETRY_ADMISSIBLE_WITNESS,GEOMETRY_ADMISSIBLE,2,ccee515d7390e9a4405d4eda885a478fe9d2fa83216ddcf33d5b6217a11d32d0
8114,91664|134524,1,1959-09-03T01:22:17+00:00,1959-09-03T01:32:16+00:00,599.0,FINITE_GEOMETRY_ADMISSIBLE_WITNESS,GEOMETRY_ADMISSIBLE,1,ce6a9d6e7dfb9a0878bbe5b267608fd55a8374e1f95447c6f0b84b1b88d9cfdb
8115,91664|134526,1,1959-09-03T01:22:17+00:00,1959-09-03T01:32:16+00:00,599.0,FINITE_GEOMETRY_ADMISSIBLE_WITNESS,GEOMETRY_ADMISSIBLE,1,146f5d2677477e9d7fc61afdee8b5b2e6358250e10435e22a5480a0360235b8e
8120,91668|134937,1,1959-10-01T00:09:16+00:00,1959-10-01T00:19:14+00:00,598.0,FINITE_GEOMETRY_ADMISSIBLE_WITNESS,GEOMETRY_ADMISSIBLE,1,d0ad5e3da48f01895c785325e47eb17c8124556c20a96d39cfad419b3bb76b66
8122,91668|134939,1,1959-10-01T00:09:16+00:00,1959-10-01T00:19:14+00:00,598.0,FINITE_GEOMETRY_ADMISSIBLE_WITNESS,GEOMETRY_ADMISSIBLE,1,8c1763df57c42035709a96216ec434b69a997a5a5e06b9f6d235a31c5e0a7602
8123,91668|134940,1,1959-10-01T00:09:16+00:00,1959-10-01T00:19:14+00:00,598.0,FINITE_GEOMETRY_ADMISSIBLE_WITNESS,GEOMETRY_ADMISSIBLE,1,359bbfb7e602b8a24d0bb0443cefde51db653313ed7265e850159587ae9116f3
8124,91669|134937,1,1959-10-01T00:22:49+00:00,1959-10-01T00:32:47+00:00,598.0,FINITE_GEOMETRY_ADMISSIBLE_WITNESS,GEOMETRY_ADMISSIBLE,1,c40e15fd751aec419d272becfd2a1028ee2af75d908883b45348a0cb9f946638
8125,91669|134938,1,1959-10-01T00:22:49+00:00,1959-10-01T00:32:47+00:00,598.0,FINITE_GEOMETRY_ADMISSIBLE_WITNESS,GEOMETRY_ADMISSIBLE,2,502407fd4e6addf65e159c31d0b3b00f970ca26c1f4df40da421a35b215128e6
8126,91669|134939,1,1959-10-01T00:22:49+00:00,1959-10-01T00:32:47+00:00,598.0,FINITE_GEOMETRY_ADMISSIBLE_WITNESS,GEOMETRY_ADMISSIBLE,1,e26f2ca63724c7b4572d72db70cea2cebacdb029681c0eb26fedd38ec7a21097
8127,91669|134940,1,1959-10-01T00:22:49+00:00,1959-10-01T00:32:47+00:00,598.0,FINITE_GEOMETRY_ADMISSIBLE_WITNESS,GEOMETRY_ADMISSIBLE,1,af49f3171e28d60caceef8b930f96cbb97a2f6ab3f76e139bd5f670e6569887f
8128,91670|134937,1,1959-10-01T00:44:35+00:00,1959-10-01T00:50:00+00:00,325.0,FINITE_GEOMETRY_ADMISSIBLE_WITNESS,GEOMETRY_ADMISSIBLE,1,1756a19dd212dda233f354472a6e21b913dabf4086c7db15963675b38f685665
8129,91670|134938,1,1959-10-01T00:44:35+00:00,1959-10-01T00:50:00+00:00,325.0,FINITE_GEOMETRY_ADMISSIBLE_WITNESS,GEOMETRY_ADMISSIBLE,1,12fa4b0fb278e04a6df20f994d49fecb2ef9394f4ae168466d42cbd6fa151087
8130,91670|134939,1,1959-10-01T00:44:35+00:00,1959-10-01T00:50:00+00:00,325.0,FINITE_GEOMETRY_ADMISSIBLE_WITNESS,GEOMETRY_ADMISSIBLE,1,70a23c11dea69b39610b9db9e961851897d6dc664191900907ebfa09785b0677
8131,91670|134940,1,1959-10-01T00:44:35+00:00,1959-10-01T00:50:00+00:00,325.0,FINITE_GEOMETRY_ADMISSIBLE_WITNESS,GEOMETRY_ADMISSIBLE,1,bd1bfa246ecd6c9acdd07850ae12214d0c8fd46e614684b1848e3541d07afae1
8132,91671|134941,1,1959-10-01T01:46:25+00:00,1959-10-01T01:55:00+00:00,515.0,FINITE_GEOMETRY_ADMISSIBLE_WITNESS,GEOMETRY_ADMISSIBLE,1,77af4ee260a978fd28f8dbf3b675512dc49aed5dbef3bb9773262fa4f8c08f8f
8133,91671|134942,1,1959-10-01T01:46:25+00:00,1959-10-01T01:55:00+00:00,515.0,FINITE_GEOMETRY_ADMISSIBLE_WITNESS,GEOMETRY_ADMISSIBLE,1,0d03bb2fe8444e5228377fba924dd4fd1d450b5d0b8bc8efe05ec456e8f81b81
8134,91671|134943,1,1959-10-01T01:46:25+00:00,1959-10-01T01:55:00+00:00,515.0,FINITE_GEOMETRY_ADMISSIBLE_WITNESS,GEOMETRY_ADMISSIBLE,1,d0dd7a1c7db1a37f6f74499fcacad9af0028c5ed67e28d6694b38aba9615059f
8135,91671|134944,1,1959-10-01T01:46:25+00:00,1959-10-01T01:55:00+00:00,515.0,FINITE_GEOMETRY_ADMISSIBLE_WITNESS,GEOMETRY_ADMISSIBLE,1,48aa8a350ead0dfd327e487299b894e1df408b2cb568efb6f9ae058161d114e0
8136,91672|134945,1,1959-10-01T02:00:00+00:00,1959-10-01T02:09:41+00:00,581.0,FINITE_GEOMETRY_ADMISSIBLE_WITNESS,GEOMETRY_ADMISSIBLE,1,635a9170ec8e199fd49044b4cd5bc17d7fe29d98c262aba02ed61706e2efca53
8137,91672|134946,1,1959-10-01T02:00:00+00:00,1959-10-01T02:09:41+00:00,581.0,FINITE_GEOMETRY_ADMISSIBLE_WITNESS,GEOMETRY_ADMISSIBLE,1,2ec125c6eafc5f819d1fd03f504848b9cfcd9c0116169de92d19793177ee3928
8138,91673|134945,1,1959-10-01T02:22:14+00:00,1959-10-01T02:32:12+00:00,598.0,FINITE_GEOMETRY_ADMISSIBLE_WITNESS,GEOMETRY_ADMISSIBLE,1,38fa2687b8eaa0bf2aa1914f0884db973f16921a1e46a951de4112a78916cca9
8139,91673|134946,1,1959-10-01T02:22:14+00:00,1959-10-01T02:32:12+00:00,598.0,FINITE_GEOMETRY_ADMISSIBLE_WITNESS,GEOMETRY_ADMISSIBLE,1,a3a5ec44462d4d30a5e65842a804906189e9fecf175838ebe8b56a57c0203065
8140,91674|134945,1,1959-10-01T02:35:51+00:00,1959-10-01T02:45:50+00:00,599.0,FINITE_GEOMETRY_ADMISSIBLE_WITNESS,GEOMETRY_ADMISSIBLE,3,373d287ee749a99e83a1200566cae911ca3c95245ea7bc5282f497621d44f033
8141,91674|134946,1,1959-10-01T02:35:51+00:00,1959-10-01T02:45:50+00:00,599.0,FINITE_GEOMETRY_ADMISSIBLE_WITNESS,GEOMETRY_ADMISSIBLE,1,249b94015247ebbd05cf48f86089a57880157db8f4db5fbee215ff61b1659e31
8142,91675|134973,1,1959-10-01T23:54:17+00:00,1959-10-02T00:02:15+00:00,478.0,FINITE_GEOMETRY_ADMISSIBLE_WITNESS,GEOMETRY_ADMISSIBLE,2,566def1ff530930aa2e02d914ead8823c9b04a1bb5f58d20f40347728c80bfc5
8143,91675|134974,1,1959-10-01T23:54:17+00:00,1959-10-02T00:02:15+00:00,478.0,FINITE_GEOMETRY_ADMISSIBLE_WITNESS,GEOMETRY_ADMISSIBLE,1,a0cb749d0c62fc19e72fe152202eb4c2031aa31cbac3a916fd929cc95feb5655
8144,91675|134975,1,1959-10-01T23:54:17+00:00,1959-10-02T00:02:15+00:00,478.0,FINITE_GEOMETRY_ADMISSIBLE_WITNESS,GEOMETRY_ADMISSIBLE,1,f6ef66ece3df21951d9491ab02144cd6c0793275d1b3faa19063d9130492d350
8146,91676|134977,1,1959-10-02T01:17:53+00:00,1959-10-02T01:27:51+00:00,598.0,FINITE_GEOMETRY_ADMISSIBLE_WITNESS,GEOMETRY_ADMISSIBLE,1,14eb0a2e8021196910ba62527bbe148e79045637d0717f9685a6cf37b06bc1ab
8147,91676|134978,1,1959-10-02T01:17:53+00:00,1959-10-02T01:27:51+00:00,598.0,FINITE_GEOMETRY_ADMISSIBLE_WITNESS,GEOMETRY_ADMISSIBLE,1,e112d765a217f731a5edb3dbb1783e224261a5a14c454893115ed777ed920140
8148,91676|134979,1,1959-10-02T01:17:53+00:00,1959-10-02T01:27:51+00:00,598.0,FINITE_GEOMETRY_ADMISSIBLE_WITNESS,GEOMETRY_ADMISSIBLE,2,71b1816ad907bf5e53fcc66a274d86afd6f9c1783734eb78a8e469a9e2dfaed8
8149,91676|134980,1,1959-10-02T01:17:53+00:00,1959-10-02T01:27:51+00:00,598.0,FINITE_GEOMETRY_ADMISSIBLE_WITNESS,GEOMETRY_ADMISSIBLE,1,2cc7e8a4ff71f81ed7809fd6f17437826e9bf0e4843d49cf9c8b203b290860cd
8150,91677|134977,1,1959-10-02T01:45:23+00:00,1959-10-02T01:55:00+00:00,577.0,FINITE_GEOMETRY_ADMISSIBLE_WITNESS,GEOMETRY_ADMISSIBLE,1,9d6c18ec8631005cf6cd42aa0a9d76b7b21e8780be4268cf9b56f16967d69411
8151,91677|134978,1,1959-10-02T01:45:23+00:00,1959-10-02T01:55:00+00:00,577.0,FINITE_GEOMETRY_ADMISSIBLE_WITNESS,GEOMETRY_ADMISSIBLE,2,b90a6c05d7f3b23a91e98f3e823e952f042fc32eb3f1de8c94b981b21353c886
8152,91677|134979,1,1959-10-02T01:45:23+00:00,1959-10-02T01:55:00+00:00,577.0,FINITE_GEOMETRY_ADMISSIBLE_WITNESS,GEOMETRY_ADMISSIBLE,1,b0b7c5058da6877afda95df936a02819852d2f072831045d2507059f590eda16
8153,91677|134980,1,1959-10-02T01:45:23+00:00,1959-10-02T01:55:00+00:00,577.0,FINITE_GEOMETRY_ADMISSIBLE_WITNESS,GEOMETRY_ADMISSIBLE,1,3d241e0b7e6b98e13d35f031cd021078f0ba649d61abe008b04ec546956a8eb0
8154,91678|135060,1,1959-10-04T22:10:09+00:00,1959-10-04T22:17:58+00:00,469.0,FINITE_GEOMETRY_ADMISSIBLE_WITNESS,GEOMETRY_ADMISSIBLE,1,563f2a457b5a476f8df9a81fbf32733b27a8c583388d8f20a744fe11a2189ec6
8155,91678|135061,1,1959-10-04T22:10:09+00:00,1959-10-04T22:17:58+00:00,469.0,FINITE_GEOMETRY_ADMISSIBLE_WITNESS,GEOMETRY_ADMISSIBLE,3,e15dd5a2f67650e74c12341266f4f01fd58b9979cc0c73deb8ee44e9bb965b98
8156,91678|135062,1,1959-10-04T22:10:09+00:00,1959-10-04T22:17:58+00:00,469.0,FINITE_GEOMETRY_ADMISSIBLE_WITNESS,GEOMETRY_ADMISSIBLE,1,b020669a1aab2f32d784701f0d81d4eafe4dd25fce0298249d4a8bca2c722766
8157,91679|135060,1,1959-10-04T22:27:56+00:00,1959-10-04T22:35:55+00:00,479.0,FINITE_GEOMETRY_ADMISSIBLE_WITNESS,GEOMETRY_ADMISSIBLE,1,61e9a409299d25920f7d62a5047389cd10dea048201415fa016d038402e3855e
8158,91679|135061,1,1959-10-04T22:27:56+00:00,1959-10-04T22:35:55+00:00,479.0,FINITE_GEOMETRY_ADMISSIBLE_WITNESS,GEOMETRY_ADMISSIBLE,1,7a0fac628c93c1d50f5d56cf30c75575467ce9a65991e4e871dd19d2f095e42d
8159,91679|135062,1,1959-10-04T22:27:56+00:00,1959-10-04T22:35:55+00:00,479.0,FINITE_GEOMETRY_ADMISSIBLE_WITNESS,GEOMETRY_ADMISSIBLE,1,acd730834945fdf09dcb86330459aae180eb8bcd11f03b9870a13f60c1b0becf
8160,91680|135080,1,1959-10-05T22:23:40+00:00,1959-10-05T22:31:39+00:00,479.0,FINITE_GEOMETRY_ADMISSIBLE_WITNESS,GEOMETRY_ADMISSIBLE,2,7ac148379657ab2dd12f5585c42752358aedc8be9893ff2b292e804d7ef754f3
8161,91680|135081,1,1959-10-05T22:23:40+00:00,1959-10-05T22:31:39+00:00,479.0,FINITE_GEOMETRY_ADMISSIBLE_WITNESS,GEOMETRY_ADMISSIBLE,1,04fabd01109dbe8c476dbd88421d11e1df95c5dcf5b6609a11e8ba88daf4df60
8162,91680|135082,1,1959-10-05T22:23:40+00:00,1959-10-05T22:31:39+00:00,479.0,FINITE_GEOMETRY_ADMISSIBLE_WITNESS,GEOMETRY_ADMISSIBLE,1,f2cfc95d0502d6a554551c54be9a8599d7b091ede82668d656b601f227da2126
8163,91680|135083,1,1959-10-05T22:23:40+00:00,1959-10-05T22:31:39+00:00,479.0,FINITE_GEOMETRY_ADMISSIBLE_WITNESS,GEOMETRY_ADMISSIBLE,2,fee2f1cabfe36543dd778aeaaedc68a7f296e04dcf1301a799b94d9eae842e39
8164,91681|135084,1,1959-10-05T22:40:00+00:00,1959-10-05T22:44:27+00:00,267.0,FINITE_GEOMETRY_ADMISSIBLE_WITNESS,GEOMETRY_ADMISSIBLE,2,5c72306cbc851ef7beaab4ddec1257295dd52e4b48c20f9e2a7b7d99e1781526
8166,91681|135086,1,1959-10-05T22:40:00+00:00,1959-10-05T22:44:27+00:00,267.0,FINITE_GEOMETRY_ADMISSIBLE_WITNESS,GEOMETRY_ADMISSIBLE,1,6fb0f52c3f09e2c175da4402fb21084f15de1f83857a607cb50b3922b900fab1
8167,91681|135087,1,1959-10-05T22:40:00+00:00,1959-10-05T22:44:27+00:00,267.0,FINITE_GEOMETRY_ADMISSIBLE_WITNESS,GEOMETRY_ADMISSIBLE,2,c94b554b98a56e4102a5d3f3be859a31988bd8d6b183f3d2488b6029cd0e3c4f
8168,91682|135084,1,1959-10-05T22:57:05+00:00,1959-10-05T23:05:04+00:00,479.0,FINITE_GEOMETRY_ADMISSIBLE_WITNESS,GEOMETRY_ADMISSIBLE,3,d1df4431946918fd71e497a658523ba03e138e7e536e95c370b77cb73e1f9b98
8169,91682|135085,1,1959-10-05T22:57:05+00:00,1959-10-05T23:05:04+00:00,479.0,FINITE_GEOMETRY_ADMISSIBLE_WITNESS,GEOMETRY_ADMISSIBLE,1,4d4c8d2c79adbd8bf4b916b04ac2f0755e4355a9d17e5ef4ef443610351a27dc
8170,91682|135086,1,1959-10-05T22:57:05+00:00,1959-10-05T23:05:04+00:00,479.0,FINITE_GEOMETRY_ADMISSIBLE_WITNESS,GEOMETRY_ADMISSIBLE,2,804fd65f1973e80e5e3015c0e690cc5135d3a5d14f171d97641c84ecff1c76d7
8171,91682|135087,1,1959-10-05T22:57:05+00:00,1959-10-05T23:05:04+00:00,479.0,FINITE_GEOMETRY_ADMISSIBLE_WITNESS,GEOMETRY_ADMISSIBLE,1,e4007bf63b4fd4ed0faaecabc687600fd42db5e4a65ef502022e0b85053aea98
8172,91683|135084,1,1959-10-05T23:23:31+00:00,1959-10-05T23:31:29+00:00,478.0,FINITE_GEOMETRY_ADMISSIBLE_WITNESS,GEOMETRY_ADMISSIBLE,3,15a1fda5855a53db00565564511c3f25573e95540faefd91ee455e5efa901557
8173,91683|135085,1,1959-10-05T23:23:31+00:00,1959-10-05T23:31:29+00:00,478.0,FINITE_GEOMETRY_ADMISSIBLE_WITNESS,GEOMETRY_ADMISSIBLE,1,65cdbf19c6be93f33334c55f4410ce018372e6034cce41b3c17be4e25eb6f650
8174,91683|135086,1,1959-10-05T23:23:31+00:00,1959-10-05T23:31:29+00:00,478.0,FINITE_GEOMETRY_ADMISSIBLE_WITNESS,GEOMETRY_ADMISSIBLE,2,585afd162da0af9e69cbf37446d12cc305a2ac3050e6758b01b53e39f4e6fd4c
8175,91683|135087,1,1959-10-05T23:23:31+00:00,1959-10-05T23:31:29+00:00,478.0,FINITE_GEOMETRY_ADMISSIBLE_WITNESS,GEOMETRY_ADMISSIBLE,1,c326cf5f4cd608205b39023298768e6616f36564dd451c11bfb2734715ca6afd
8178,91684|135090,1,1959-10-05T23:45:42+00:00,1959-10-05T23:53:41+00:00,479.0,FINITE_GEOMETRY_ADMISSIBLE_WITNESS,GEOMETRY_ADMISSIBLE,2,8c042a8e8248d05adc0c3b398ad1d5589582b6f91bf35edbc871398ccf99f06f
8179,91684|135091,1,1959-10-05T23:45:42+00:00,1959-10-05T23:53:41+00:00,479.0,FINITE_GEOMETRY_ADMISSIBLE_WITNESS,GEOMETRY_ADMISSIBLE,1,d54568473f6acab7d023b35d5c8b3c175218484e65ce0e6e41fff39a49480de2
8180,91685|135088,1,1959-10-05T23:59:15+00:00,1959-10-06T00:07:13+00:00,478.0,FINITE_GEOMETRY_ADMISSIBLE_WITNESS,GEOMETRY_ADMISSIBLE,1,02a103fcdbcf91a7c512ce9bffcf36aa60ced05e11765eb3e0ec530297ed07aa
8181,91685|135089,1,1959-10-05T23:59:15+00:00,1959-10-06T00:07:13+00:00,478.0,FINITE_GEOMETRY_ADMISSIBLE_WITNESS,GEOMETRY_ADMISSIBLE,1,a771e7b80f30ee0bacc9572a2cc5002d4c2b7327ae7267555b665ba97c13c86d
8182,91685|135090,1,1959-10-05T23:59:15+00:00,1959-10-06T00:07:13+00:00,478.0,FINITE_GEOMETRY_ADMISSIBLE_WITNESS,GEOMETRY_ADMISSIBLE,1,6dd4d0ad2598110cbea4fd1561b4a68e1c95c07cad8a5a95e248d30a8772544f
8183,91685|135091,1,1959-10-05T23:59:15+00:00,1959-10-06T00:07:13+00:00,478.0,FINITE_GEOMETRY_ADMISSIBLE_WITNESS,GEOMETRY_ADMISSIBLE,2,6c510aae876acc7dafc87c90120a152cce4127a67fd589a0faa53b6280999298
8184,91686|135088,1,1959-10-06T00:22:16+00:00,1959-10-06T00:30:15+00:00,479.0,FINITE_GEOMETRY_ADMISSIBLE_WITNESS,GEOMETRY_ADMISSIBLE,1,6356639c3c46ec64ce0a053797f4f6ad1354b9f84dcc6634bee7c0578545c936
8185,91686|135089,1,1959-10-06T00:22:16+00:00,1959-10-06T00:30:15+00:00,479.0,FINITE_GEOMETRY_ADMISSIBLE_WITNESS,GEOMETRY_ADMISSIBLE,1,687eb73a8799c49e827931807016844326bbeec97887571c1c1ff9541acd7ed2
8186,91686|135090,1,1959-10-06T00:22:16+00:00,1959-10-06T00:30:15+00:00,479.0,FINITE_GEOMETRY_ADMISSIBLE_WITNESS,GEOMETRY_ADMISSIBLE,1,6d361cd2ca76b1395104422688ad207749a2b50af97e789c2670ebef3fbd4608
8187,91686|135091,1,1959-10-06T00:22:16+00:00,1959-10-06T00:30:15+00:00,479.0,FINITE_GEOMETRY_ADMISSIBLE_WITNESS,GEOMETRY_ADMISSIBLE,1,c557d5e3827b20da0770db05363ee8ffbc19f5631c5ed387d6cc92a26bef6924
8188,91687|135088,1,1959-10-06T00:38:58+00:00,1959-10-06T00:45:00+00:00,362.0,FINITE_GEOMETRY_ADMISSIBLE_WITNESS,GEOMETRY_ADMISSIBLE,1,2311c3e82673f0a60770195f5d77d1be3e43c00730905f318c6bb45d3821ff96
8189,91687|135089,1,1959-10-06T00:38:58+00:00,1959-10-06T00:45:00+00:00,362.0,FINITE_GEOMETRY_ADMISSIBLE_WITNESS,GEOMETRY_ADMISSIBLE,1,382303bc2f4f8056d2f9162191ae73d6083c3370720046177a8b0fa81bf082fd
8190,91687|135090,1,1959-10-06T00:38:58+00:00,1959-10-06T00:45:00+00:00,362.0,FINITE_GEOMETRY_ADMISSIBLE_WITNESS,GEOMETRY_ADMISSIBLE,1,b0d89f0144394e70555df23823ad49132d1f9b0404e9c49cf48dfaa1b993f072
8191,91687|135091,1,1959-10-06T00:38:58+00:00,1959-10-06T00:45:00+00:00,362.0,FINITE_GEOMETRY_ADMISSIBLE_WITNESS,GEOMETRY_ADMISSIBLE,1,f51bea176589a943f1f7b2d68577417ddb0da7c73f3b3dd50b7ff565d06313bb
8192,91688|135140,1,1959-10-07T19:14:18+00:00,1959-10-07T19:20:00+00:00,342.0,FINITE_GEOMETRY_ADMISSIBLE_WITNESS,GEOMETRY_ADMISSIBLE,2,d442ec39aab99616dec22f9800b5855eb7ff42dc42ba3c65dd7f6766882b14ac
8193,91688|135141,1,1959-10-07T19:14:18+00:00,1959-10-07T19:20:00+00:00,342.0,FINITE_GEOMETRY_ADMISSIBLE_WITNESS,GEOMETRY_ADMISSIBLE,1,8aad5b4f49495dc43da133eaa469e95c5093dfcd693843caab01ed87ca66a43b
8194,91688|135144,1,1959-10-07T19:25:00+00:00,1959-10-07T19:26:16+00:00,76.0,FINITE_GEOMETRY_ADMISSIBLE_WITNESS,GEOMETRY_ADMISSIBLE,2,269879bc49a56274f06385a0b944c541c557726f6a4943cb1c2f1f17489ee441
8196,91688|135146,1,1959-10-07T19:25:00+00:00,1959-10-07T19:26:16+00:00,76.0,FINITE_GEOMETRY_ADMISSIBLE_WITNESS,GEOMETRY_ADMISSIBLE,2,5da670393b91671f77f4b0168bd546a3407b8a5650f999201f9da5ad42b2d007
8197,91689|135148,1,1959-10-07T20:36:50+00:00,1959-10-07T20:44:48+00:00,478.0,FINITE_GEOMETRY_ADMISSIBLE_WITNESS,GEOMETRY_ADMISSIBLE,1,311f4d5f554924dfbeda827af2d9e82e1c5e46a0380b930b4ac8f9b4448153bd
8198,91689|135149,1,1959-10-07T20:36:50+00:00,1959-10-07T20:44:48+00:00,478.0,FINITE_GEOMETRY_ADMISSIBLE_WITNESS,GEOMETRY_ADMISSIBLE,1,edd662a1308461929a9e55daa26e0744e5324636a96967d18d7705210c3ae752
8199,91689|135150,1,1959-10-07T20:36:50+00:00,1959-10-07T20:44:48+00:00,478.0,FINITE_GEOMETRY_ADMISSIBLE_WITNESS,GEOMETRY_ADMISSIBLE,1,7f869a153c3910aae4c6e99fdae562fb2b98d40c1b7e3fdb0044279305ae757d
8201,91690|135148,1,1959-10-07T21:03:20+00:00,1959-10-07T21:11:19+00:00,479.0,FINITE_GEOMETRY_ADMISSIBLE_WITNESS,GEOMETRY_ADMISSIBLE,1,e6fb0c168c9f092924e00642b29e41754fdf35e9d29bcba67c8698def5937b0f
8202,91690|135149,1,1959-10-07T21:03:20+00:00,1959-10-07T21:11:19+00:00,479.0,FINITE_GEOMETRY_ADMISSIBLE_WITNESS,GEOMETRY_ADMISSIBLE,1,cf4184da9f5f95f8c7415030700a4fdcb3bd50b3c68344d7c196eef1ed9ca7f5
8203,91690|135150,1,1959-10-07T21:03:20+00:00,1959-10-07T21:11:19+00:00,479.0,FINITE_GEOMETRY_ADMISSIBLE_WITNESS,GEOMETRY_ADMISSIBLE,1,d2b6ed2fd63769fc825b86c6c0acee134da8078819ef902b0b95a4c3693dbc8c
8205,91691|135148,1,1959-10-07T21:23:12+00:00,1959-10-07T21:30:00+00:00,408.0,FINITE_GEOMETRY_ADMISSIBLE_WITNESS,GEOMETRY_ADMISSIBLE,1,31cc55ced0d5a40f743a33aea93d2ef7c87b394b0c8a1105c7857f77c646d73d
8206,91691|135149,1,1959-10-07T21:23:12+00:00,1959-10-07T21:30:00+00:00,408.0,FINITE_GEOMETRY_ADMISSIBLE_WITNESS,GEOMETRY_ADMISSIBLE,1,62900fb682e366425b9e074cd07acbc27c5cb450b627649f0bc28623a3f7f9a9
8207,91691|135150,1,1959-10-07T21:23:12+00:00,1959-10-07T21:30:00+00:00,408.0,FINITE_GEOMETRY_ADMISSIBLE_WITNESS,GEOMETRY_ADMISSIBLE,2,242c4a2a3c6936ef74afdb18e486ff42ae87a62827989837dc8a0fe7353a7207
8212,91713|135573,1,1960-03-22T21:23:47+00:00,1960-03-22T21:38:45+00:00,898.0,FINITE_GEOMETRY_ADMISSIBLE_WITNESS,GEOMETRY_ADMISSIBLE,1,c28c80e25f67649e38f3e329b33008b352e053ab63dbd72d23433ad8e003b565
8213,91713|135574,1,1960-03-22T21:23:47+00:00,1960-03-22T21:38:45+00:00,898.0,FINITE_GEOMETRY_ADMISSIBLE_WITNESS,GEOMETRY_ADMISSIBLE,1,2d43ed5989c2967ebf8f6a6ce68f1cc1ca3ca539d67be235313e3a25c716e77c
8214,91713|135575,1,1960-03-22T21:23:47+00:00,1960-03-22T21:38:45+00:00,898.0,FINITE_GEOMETRY_ADMISSIBLE_WITNESS,GEOMETRY_ADMISSIBLE,1,552851f988e1dbe1471b360ebb21bf816f546232d510a57b908568bd87aaf49d
8215,91713|135576,1,1960-03-22T21:23:47+00:00,1960-03-22T21:38:45+00:00,898.0,FINITE_GEOMETRY_ADMISSIBLE_WITNESS,GEOMETRY_ADMISSIBLE,1,0e39814f3cc86461e521fce6ff454ec37b07b339bcc2b6f51aaeca37ee1cd189
8216,91713|135577,1,1960-03-22T21:23:47+00:00,1960-03-22T21:38:45+00:00,898.0,FINITE_GEOMETRY_ADMISSIBLE_WITNESS,GEOMETRY_ADMISSIBLE,2,bd93a37f75031466eae26a2bb10719911d7891c9520bc47cbe10fc50e0935668
8217,91714|135573,1,1960-03-22T21:43:49+00:00,1960-03-22T21:57:00+00:00,791.0,FINITE_GEOMETRY_ADMISSIBLE_WITNESS,GEOMETRY_ADMISSIBLE,1,de1a46e3b5d5c13227f8af306b61648cca64b5447635adae4c12eec6f7e63b53
8218,91714|135574,1,1960-03-22T21:43:49+00:00,1960-03-22T21:57:00+00:00,791.0,FINITE_GEOMETRY_ADMISSIBLE_WITNESS,GEOMETRY_ADMISSIBLE,1,355de2ef41d1eb03602d56618804f06161fb7ba2cdf65694ba3c4ce0ebec6275
8219,91714|135575,1,1960-03-22T21:43:49+00:00,1960-03-22T21:57:00+00:00,791.0,FINITE_GEOMETRY_ADMISSIBLE_WITNESS,GEOMETRY_ADMISSIBLE,2,e0b7b6297a619efebdf480bfe9ba0b1b76c9612288e4535e625e5bb69b4dae59
8220,91714|135576,1,1960-03-22T21:43:49+00:00,1960-03-22T21:57:00+00:00,791.0,FINITE_GEOMETRY_ADMISSIBLE_WITNESS,GEOMETRY_ADMISSIBLE,3,18061c0c4cae329d3d5684aca4fe9b8df348e30a5a55f5c886b17638f19f1b69
8221,91714|135577,1,1960-03-22T21:43:49+00:00,1960-03-22T21:57:00+00:00,791.0,FINITE_GEOMETRY_ADMISSIBLE_WITNESS,GEOMETRY_ADMISSIBLE,1,d0c9195c7758f837ee5e826b7130deb1071b50e11184d15f7071c6c5f0c0ae44
8222,91715|135578,1,1960-03-22T22:07:15+00:00,1960-03-22T22:22:13+00:00,898.0,FINITE_GEOMETRY_ADMISSIBLE_WITNESS,GEOMETRY_ADMISSIBLE,1,c2308c3693dd5a62f06d63505f7bbde9d1ba456aa6d5cb79340726f7964fb3d3
8223,91715|135579,1,1960-03-22T22:07:15+00:00,1960-03-22T22:22:13+00:00,898.0,FINITE_GEOMETRY_ADMISSIBLE_WITNESS,GEOMETRY_ADMISSIBLE,1,cd196180b3094b414b9c7008d64fd51c8469c77225002f3d57b4bf3800179f15
8224,91715|135580,1,1960-03-22T22:07:15+00:00,1960-03-22T22:22:13+00:00,898.0,FINITE_GEOMETRY_ADMISSIBLE_WITNESS,GEOMETRY_ADMISSIBLE,1,300f0dcc8d5dccdf4d1d6cbebccb83527c49386376f52e2c39816cd83a54fe3a
8225,91715|135581,1,1960-03-22T22:07:15+00:00,1960-03-22T22:22:13+00:00,898.0,FINITE_GEOMETRY_ADMISSIBLE_WITNESS,GEOMETRY_ADMISSIBLE,2,e12cd0038d87495f9f859b2c8c6a25230b0388944bbee389783338cec6db31df
8226,91715|135582,1,1960-03-22T22:07:15+00:00,1960-03-22T22:22:13+00:00,898.0,FINITE_GEOMETRY_ADMISSIBLE_WITNESS,GEOMETRY_ADMISSIBLE,1,24d6aafe8fa249e6f8351177b67540fec9201a2258fa7d687c270d40c40fc64e
8227,91716|135578,1,1960-03-22T22:32:06+00:00,1960-03-22T22:47:04+00:00,898.0,FINITE_GEOMETRY_ADMISSIBLE_WITNESS,GEOMETRY_ADMISSIBLE,3,f1a04f0ab1ce863a824b3c6222dd08f16fa77615721c056951c796f3013ea758
8228,91716|135579,1,1960-03-22T22:32:06+00:00,1960-03-22T22:47:04+00:00,898.0,FINITE_GEOMETRY_ADMISSIBLE_WITNESS,GEOMETRY_ADMISSIBLE,1,0833160ee1ff01f03266f15c24c4a3d43c5c9536845b5861dabbed5ec001ef64
8229,91716|135580,1,1960-03-22T22:32:06+00:00,1960-03-22T22:47:04+00:00,898.0,FINITE_GEOMETRY_ADMISSIBLE_WITNESS,GEOMETRY_ADMISSIBLE,1,c246f6669aabba6342fc45c98bc589639028ffa07adda009e41322cb17c04a9d
8230,91716|135581,1,1960-03-22T22:32:06+00:00,1960-03-22T22:47:04+00:00,898.0,FINITE_GEOMETRY_ADMISSIBLE_WITNESS,GEOMETRY_ADMISSIBLE,2,398d34d9927218f5be1e5cedf73e3267954e660d18bf287c454b7f68f6227706
8231,91716|135582,1,1960-03-22T22:32:06+00:00,1960-03-22T22:47:04+00:00,898.0,FINITE_GEOMETRY_ADMISSIBLE_WITNESS,GEOMETRY_ADMISSIBLE,1,3d607379f10d43bea1189efed9d3226292364671816a6165dfbd032f2850b534
8232,91717|135578,1,1960-03-22T23:00:47+00:00,1960-03-22T23:05:00+00:00,253.0,FINITE_GEOMETRY_ADMISSIBLE_WITNESS,GEOMETRY_ADMISSIBLE,1,3157ade5b9cc077b78863564664e2b3d02c9eca35bdccf7330b47eb0d139ceee
8233,91717|135579,1,1960-03-22T23:00:47+00:00,1960-03-22T23:05:00+00:00,253.0,FINITE_GEOMETRY_ADMISSIBLE_WITNESS,GEOMETRY_ADMISSIBLE,1,4e41f4a1340cf3d22a73742c1fd4d5e0502a59f2f25c90fa3de6990e2bfb57eb
8234,91717|135580,1,1960-03-22T23:00:47+00:00,1960-03-22T23:05:00+00:00,253.0,FINITE_GEOMETRY_ADMISSIBLE_WITNESS,GEOMETRY_ADMISSIBLE,2,cc18547049acddf26b72d4f14ff08b51e1a09d62a44b9fa6e6820ee1ec79cd6e
8235,91717|135581,1,1960-03-22T23:00:47+00:00,1960-03-22T23:05:00+00:00,253.0,FINITE_GEOMETRY_ADMISSIBLE_WITNESS,GEOMETRY_ADMISSIBLE,1,ffeb52b876e05f0c5cb6010446512b38b0aaf4e62dcc24f9594fb11c3fc3432e
8236,91717|135582,1,1960-03-22T23:00:47+00:00,1960-03-22T23:05:00+00:00,253.0,FINITE_GEOMETRY_ADMISSIBLE_WITNESS,GEOMETRY_ADMISSIBLE,1,cf473e2a01ff9e3326377005de25205f4026651fd2ca10897fc6506b59fca9c7
8244,91718|135586,1,1960-03-22T23:24:28+00:00,1960-03-22T23:39:25+00:00,897.0,FINITE_GEOMETRY_ADMISSIBLE_WITNESS,GEOMETRY_ADMISSIBLE,2,c17353c9196ea1e0235c1a1c48a068cb1c39614d7dcf6cbb7f1c2ef28a6bfdae
8248,91719|135591,1,1960-03-23T00:32:06+00:00,1960-03-23T00:47:04+00:00,898.0,FINITE_GEOMETRY_ADMISSIBLE_WITNESS,GEOMETRY_ADMISSIBLE,1,e3d88fa467ea3b79e1827f7692d7cd3c0b83478f19b8c0f4834f48e3a79b30d1
8249,91719|135592,1,1960-03-23T00:32:06+00:00,1960-03-23T00:47:04+00:00,898.0,FINITE_GEOMETRY_ADMISSIBLE_WITNESS,GEOMETRY_ADMISSIBLE,2,e194dc5c5621d4638c0f6383795cf9f8da6cba2abb7a8c6fb2ad332d98186062
8250,91720|135588,1,1960-03-23T00:52:38+00:00,1960-03-23T01:07:36+00:00,898.0,FINITE_GEOMETRY_ADMISSIBLE_WITNESS,GEOMETRY_ADMISSIBLE,1,1d9dacf35f52d300471029c09a1133b7b8c0b4d7c6aa7eab8021a725fb65a96e
8251,91720|135589,1,1960-03-23T00:52:38+00:00,1960-03-23T01:07:36+00:00,898.0,FINITE_GEOMETRY_ADMISSIBLE_WITNESS,GEOMETRY_ADMISSIBLE,2,ed5ccc725afa664736604d0304205477074ea2ad86a628490be7cf28d644e73c
8252,91720|135590,1,1960-03-23T00:52:38+00:00,1960-03-23T01:07:36+00:00,898.0,FINITE_GEOMETRY_ADMISSIBLE_WITNESS,GEOMETRY_ADMISSIBLE,1,ba9c7d5cd97a92893463ca489f5983740ee7397cea45b6eb71c22dcbb3cb0ca9
8253,91720|135591,1,1960-03-23T00:52:38+00:00,1960-03-23T01:07:36+00:00,898.0,FINITE_GEOMETRY_ADMISSIBLE_WITNESS,GEOMETRY_ADMISSIBLE,1,65308c59e7ccba671e7df9d4f17c9a2efb6cf5341d2e763eff96d733eff9ff77
8254,91720|135592,1,1960-03-23T00:52:38+00:00,1960-03-23T01:07:36+00:00,898.0,FINITE_GEOMETRY_ADMISSIBLE_WITNESS,GEOMETRY_ADMISSIBLE,1,ed8f098f2a4d243b1a0f15fd74bd6dc32dd2df55ceb75dcbf817c70a3b171268
8255,91721|135613,1,1960-03-23T21:04:59+00:00,1960-03-23T21:16:57+00:00,718.0,FINITE_GEOMETRY_ADMISSIBLE_WITNESS,GEOMETRY_ADMISSIBLE,1,a13be9bfdeba998f3c7197fe8bff1c6948f43e889cfdd2efc32b5e928ac3ced7
8256,91721|135614,1,1960-03-23T21:04:59+00:00,1960-03-23T21:16:57+00:00,718.0,FINITE_GEOMETRY_ADMISSIBLE_WITNESS,GEOMETRY_ADMISSIBLE,1,30fae481ba92b821f16ced67846d20432f9a36f725bed11a5a792ece050b9300
8257,91721|135615,1,1960-03-23T21:04:59+00:00,1960-03-23T21:16:57+00:00,718.0,FINITE_GEOMETRY_ADMISSIBLE_WITNESS,GEOMETRY_ADMISSIBLE,1,970b0713f89363d77b8ef61ee6c61d9fec2e8e33c65edc1f7ef1d3ccdb21b685
8258,91721|135616,1,1960-03-23T21:04:59+00:00,1960-03-23T21:16:57+00:00,718.0,FINITE_GEOMETRY_ADMISSIBLE_WITNESS,GEOMETRY_ADMISSIBLE,1,a774791402eb7d291e9ac06c715316066207df88d19fe26a9fa9e34a4285d2ab
8260,91722|135613,1,1960-03-23T21:23:16+00:00,1960-03-23T21:35:14+00:00,718.0,FINITE_GEOMETRY_ADMISSIBLE_WITNESS,GEOMETRY_ADMISSIBLE,1,a92763de1394ac27d329c191e9940a4f9aaaf9cec077f5b8ab72a309e7e1cbdc
8261,91722|135614,1,1960-03-23T21:23:16+00:00,1960-03-23T21:35:14+00:00,718.0,FINITE_GEOMETRY_ADMISSIBLE_WITNESS,GEOMETRY_ADMISSIBLE,1,5b5f65aadeaa6cda6b5e0eb46c6f1a4b09165e1ba203503af7582721e454bce3
8262,91722|135615,1,1960-03-23T21:23:16+00:00,1960-03-23T21:35:14+00:00,718.0,FINITE_GEOMETRY_ADMISSIBLE_WITNESS,GEOMETRY_ADMISSIBLE,1,b1146bb8abfe1a556ee14e1eb4e1c845ed7db7ccaa3f4eecf0a6bae75ec4f5b3
8263,91722|135616,1,1960-03-23T21:23:16+00:00,1960-03-23T21:35:14+00:00,718.0,FINITE_GEOMETRY_ADMISSIBLE_WITNESS,GEOMETRY_ADMISSIBLE,1,ecceb38d888136be67b417135ad111bdd09c66e3eedb74705fe1746b66bed52d
8265,91723|135618,1,1960-03-23T22:09:00+00:00,1960-03-23T22:20:51+00:00,711.0,FINITE_GEOMETRY_ADMISSIBLE_WITNESS,GEOMETRY_ADMISSIBLE,1,8dc05bc79a65085ffd5518fff3ecf70ab284fb5ee725c64b5ec25a7bfcfbb9a2
8266,91723|135619,1,1960-03-23T22:09:00+00:00,1960-03-23T22:20:51+00:00,711.0,FINITE_GEOMETRY_ADMISSIBLE_WITNESS,GEOMETRY_ADMISSIBLE,1,2fc71c64e32b393ac6fc34001e1aa18e3ef4ecdbc8ae4e2ffbdc894b6357c28a
8267,91723|135620,1,1960-03-23T22:09:00+00:00,1960-03-23T22:20:51+00:00,711.0,FINITE_GEOMETRY_ADMISSIBLE_WITNESS,GEOMETRY_ADMISSIBLE,1,cc083be2a99fc59d719e25b44d4d949b9afd6be1315d0d78552a1481ce007dc7
8268,91723|135621,1,1960-03-23T22:09:00+00:00,1960-03-23T22:20:51+00:00,711.0,FINITE_GEOMETRY_ADMISSIBLE_WITNESS,GEOMETRY_ADMISSIBLE,1,0ddd8b67a652dc1928786e31c25bd16fe6ac69115f3acbedb6871f1ddc3ca0ed
8269,91724|135618,1,1960-03-23T22:34:59+00:00,1960-03-23T22:46:57+00:00,718.0,FINITE_GEOMETRY_ADMISSIBLE_WITNESS,GEOMETRY_ADMISSIBLE,1,587a1bf43544ab76e18193e91419be3e2cd956eb120a3f8db14dc514e3fda8f7
8270,91724|135619,1,1960-03-23T22:34:59+00:00,1960-03-23T22:46:57+00:00,718.0,FINITE_GEOMETRY_ADMISSIBLE_WITNESS,GEOMETRY_ADMISSIBLE,1,1e5b94b60fa26236ea651e30d888a868bf2dbb9e8a33572906a7bfc96da1d5be
8271,91724|135620,1,1960-03-23T22:34:59+00:00,1960-03-23T22:46:57+00:00,718.0,FINITE_GEOMETRY_ADMISSIBLE_WITNESS,GEOMETRY_ADMISSIBLE,1,ee4f8f3a2d209a4e41f0ac594f9c27295b8d343af8ea8993a979a6458c51defc
8272,91724|135621,1,1960-03-23T22:34:59+00:00,1960-03-23T22:46:57+00:00,718.0,FINITE_GEOMETRY_ADMISSIBLE_WITNESS,GEOMETRY_ADMISSIBLE,1,0f7b2d4600dd567f6dc647e68f6a126ff7ad3fe781202f88a9fee2f6dd675f86
8273,91725|135623,1,1960-03-24T00:05:09+00:00,1960-03-24T00:16:00+00:00,651.0,FINITE_GEOMETRY_ADMISSIBLE_WITNESS,GEOMETRY_ADMISSIBLE,1,9711cef4d34f7deae50fb1d6de0d97e21396b84276f64802073d64015f1b281e
8274,91725|135624,1,1960-03-24T00:05:09+00:00,1960-03-24T00:16:00+00:00,651.0,FINITE_GEOMETRY_ADMISSIBLE_WITNESS,GEOMETRY_ADMISSIBLE,1,901c09fdf1a4e8acfec1cf41c7d44d44bf37132029a1913d9d3f07b95cf974f3
8275,91725|135625,1,1960-03-24T00:05:09+00:00,1960-03-24T00:16:00+00:00,651.0,FINITE_GEOMETRY_ADMISSIBLE_WITNESS,GEOMETRY_ADMISSIBLE,3,1f3b05bf6be3a7ffc08fa860db864d5f656328a90cb425c7fcb48ad308ee6604
8276,91725|135626,1,1960-03-24T00:05:09+00:00,1960-03-24T00:16:00+00:00,651.0,FINITE_GEOMETRY_ADMISSIBLE_WITNESS,GEOMETRY_ADMISSIBLE,1,06f11d10333f672782c29d25c086b2a809c74c5140cec0d15cbdc83ac98a8fb5
8278,91726|135648,1,1960-03-24T20:43:41+00:00,1960-03-24T20:58:38+00:00,897.0,FINITE_GEOMETRY_ADMISSIBLE_WITNESS,GEOMETRY_ADMISSIBLE,1,bacdb26d9c501747a55cd16b087dd1ce6bd600eef6949c3de59d1fba42277fb8
8279,91726|135649,1,1960-03-24T20:43:41+00:00,1960-03-24T20:58:38+00:00,897.0,FINITE_GEOMETRY_ADMISSIBLE_WITNESS,GEOMETRY_ADMISSIBLE,1,0f7a83d2ed00fbef50fdd64c5359a7e98fa9a88c8e43a2a43a482840e7ea7c2b
8280,91726|135650,1,1960-03-24T20:43:41+00:00,1960-03-24T20:58:38+00:00,897.0,FINITE_GEOMETRY_ADMISSIBLE_WITNESS,GEOMETRY_ADMISSIBLE,1,04a3fefbebf8f3a9ea56bf4d0bd1784fb00297e54018c76ea50ad2bccac7f6d7
8281,91726|135651,1,1960-03-24T20:43:41+00:00,1960-03-24T20:58:38+00:00,897.0,FINITE_GEOMETRY_ADMISSIBLE_WITNESS,GEOMETRY_ADMISSIBLE,3,b70192501b854f8f9f7832c9efe4e51e7d53d7e8264cdf1e2ae39520f7c62e7c
8282,91727|135653,1,1960-03-24T21:07:00+00:00,1960-03-24T21:17:35+00:00,635.0,FINITE_GEOMETRY_ADMISSIBLE_WITNESS,GEOMETRY_ADMISSIBLE,2,dba5450873d3c20fcd1eb736b6f431b390cadf74c0f41588f77a288d27c53e40
8283,91727|135654,1,1960-03-24T21:07:00+00:00,1960-03-24T21:17:35+00:00,635.0,FINITE_GEOMETRY_ADMISSIBLE_WITNESS,GEOMETRY_ADMISSIBLE,1,32ef3ac9d8d8d0afe6fd7b0a83ae47d170b06dec82f5eb48b81360aac97040a8
8284,91727|135655,1,1960-03-24T21:07:00+00:00,1960-03-24T21:17:35+00:00,635.0,FINITE_GEOMETRY_ADMISSIBLE_WITNESS,GEOMETRY_ADMISSIBLE,1,82eb05935e91c1029ff1b0b2f77772c838cd50f670d1022c9d2648fd10f7e8ae
8285,91727|135656,1,1960-03-24T21:07:00+00:00,1960-03-24T21:17:35+00:00,635.0,FINITE_GEOMETRY_ADMISSIBLE_WITNESS,GEOMETRY_ADMISSIBLE,2,ddb67dc8be933f053918a880e2f521e38bc08724c9b3c11e1624e0265eb45f3c
8286,91727|135657,1,1960-03-24T21:07:00+00:00,1960-03-24T21:17:35+00:00,635.0,FINITE_GEOMETRY_ADMISSIBLE_WITNESS,GEOMETRY_ADMISSIBLE,2,b2101259ec8e3bbae53da02708323a4648989a1cf95db9cae105e685e17d3a92
8287,91728|135653,1,1960-03-24T21:29:13+00:00,1960-03-24T21:41:11+00:00,718.0,FINITE_GEOMETRY_ADMISSIBLE_WITNESS,GEOMETRY_ADMISSIBLE,2,0c4b201c263cce5a30b40c63e8fd21d6f98a7ecdd9a9516da824e326b3495225
8288,91728|135654,1,1960-03-24T21:29:13+00:00,1960-03-24T21:41:11+00:00,718.0,FINITE_GEOMETRY_ADMISSIBLE_WITNESS,GEOMETRY_ADMISSIBLE,1,72f7ebac8300a0042b1c60e45538ca8a02e8e07bc7e5b8d809b306db040881d9
8289,91728|135655,1,1960-03-24T21:29:13+00:00,1960-03-24T21:41:11+00:00,718.0,FINITE_GEOMETRY_ADMISSIBLE_WITNESS,GEOMETRY_ADMISSIBLE,2,a8f4f04ced789372c06d330a508fafab8db55a9db6897859f11d74bb3d14d245
8290,91728|135656,1,1960-03-24T21:29:13+00:00,1960-03-24T21:41:11+00:00,718.0,FINITE_GEOMETRY_ADMISSIBLE_WITNESS,GEOMETRY_ADMISSIBLE,2,cf36969a684b1921df2b7314afeaf1a294d83de25a4e9f6092e7162150b4d387
8291,91728|135657,1,1960-03-24T21:29:13+00:00,1960-03-24T21:41:11+00:00,718.0,FINITE_GEOMETRY_ADMISSIBLE_WITNESS,GEOMETRY_ADMISSIBLE,1,49b1547c6d67a4bcf90ac2b9fef8e228d156fa2699f00c51f748de1c4c20a3d7
8295,91729|135661,1,1960-03-24T22:16:16+00:00,1960-03-24T22:28:14+00:00,718.0,FINITE_GEOMETRY_ADMISSIBLE_WITNESS,GEOMETRY_ADMISSIBLE,2,d66a0b5438a39713c55dcb98003617f6dd22110cabb8a685ed35e73083902500
8297,91730|135658,1,1960-03-24T22:43:31+00:00,1960-03-24T22:58:29+00:00,898.0,FINITE_GEOMETRY_ADMISSIBLE_WITNESS,GEOMETRY_ADMISSIBLE,1,4570c5371b4d2c5c2211d2697b1bddbe55acfb5125405ccaf4a4635a2e98bd08
8298,91730|135659,1,1960-03-24T22:43:31+00:00,1960-03-24T22:58:29+00:00,898.0,FINITE_GEOMETRY_ADMISSIBLE_WITNESS,GEOMETRY_ADMISSIBLE,1,5fc392197b345049103a2b83c603ad3b10dc536ee661637f2f8059cfce492a5c
8299,91730|135660,1,1960-03-24T22:43:31+00:00,1960-03-24T22:58:29+00:00,898.0,FINITE_GEOMETRY_ADMISSIBLE_WITNESS,GEOMETRY_ADMISSIBLE,1,1bdaceb274528d9ca3ef1eafe14e8f767516ec80eaf39af5e3d5e1c881af9295
8300,91730|135661,1,1960-03-24T22:43:31+00:00,1960-03-24T22:58:29+00:00,898.0,FINITE_GEOMETRY_ADMISSIBLE_WITNESS,GEOMETRY_ADMISSIBLE,1,f6cab9303d4680ae82d70a029aae38ddcf3a8fe7a7d91bd3ef95dc15a7d3d88e
8301,91730|135662,1,1960-03-24T22:43:31+00:00,1960-03-24T22:58:29+00:00,898.0,FINITE_GEOMETRY_ADMISSIBLE_WITNESS,GEOMETRY_ADMISSIBLE,1,89a5bbbb32b2cc26512901f6c18d125cbed6807a87b2ba2be4436a7d1f3bd2ef
8302,91731|135658,1,1960-03-24T23:05:33+00:00,1960-03-24T23:14:00+00:00,507.0,FINITE_GEOMETRY_ADMISSIBLE_WITNESS,GEOMETRY_ADMISSIBLE,1,54e61ed7bd8fb80037fc0b8e8660106ea31155419e9d62d791046e444793be2e
8303,91731|135659,1,1960-03-24T23:05:33+00:00,1960-03-24T23:14:00+00:00,507.0,FINITE_GEOMETRY_ADMISSIBLE_WITNESS,GEOMETRY_ADMISSIBLE,2,c0e0dd48346209da3862081c5e378c08e7e0810e90a1ff71dbab91d88d939ec9
8304,91731|135660,1,1960-03-24T23:05:33+00:00,1960-03-24T23:14:00+00:00,507.0,FINITE_GEOMETRY_ADMISSIBLE_WITNESS,GEOMETRY_ADMISSIBLE,1,8e72b6aa86a46e9236d68b90156e6d8928b602c602196026ec085b7d7e0d8837
8305,91731|135661,1,1960-03-24T23:05:33+00:00,1960-03-24T23:14:00+00:00,507.0,FINITE_GEOMETRY_ADMISSIBLE_WITNESS,GEOMETRY_ADMISSIBLE,1,9ecf8831d761ce5ba12d225b6f2bac0be8238484d068447a74eff65e4272d7dc
8306,91731|135662,1,1960-03-24T23:05:33+00:00,1960-03-24T23:14:00+00:00,507.0,FINITE_GEOMETRY_ADMISSIBLE_WITNESS,GEOMETRY_ADMISSIBLE,2,de04d7d2fdcdcf24a856a2d8098f74debaf239d0445f155af1b261644cac9ac2
8310,91731|135666,1,1960-03-24T23:20:00+00:00,1960-03-24T23:20:30+00:00,30.0,FINITE_GEOMETRY_ADMISSIBLE_WITNESS,GEOMETRY_ADMISSIBLE,1,3cb228726ad7e29648c4d17b4d3afbe4666f646a88526a58af25069fb1d7d549
8311,91732|135663,1,1960-03-24T23:35:23+00:00,1960-03-24T23:50:20+00:00,897.0,FINITE_GEOMETRY_ADMISSIBLE_WITNESS,GEOMETRY_ADMISSIBLE,1,3256a168eb72de2c4e61674ea326963c4f6e04c266485a6dc75b9ce7a47a43e4
8312,91732|135664,1,1960-03-24T23:35:23+00:00,1960-03-24T23:50:20+00:00,897.0,FINITE_GEOMETRY_ADMISSIBLE_WITNESS,GEOMETRY_ADMISSIBLE,1,3743734e20bc25f0015abc6c854eb3ea56fae40c59dc850ba3d3da9dc1893618
8313,91732|135665,1,1960-03-24T23:35:23+00:00,1960-03-24T23:50:20+00:00,897.0,FINITE_GEOMETRY_ADMISSIBLE_WITNESS,GEOMETRY_ADMISSIBLE,2,bb788387743c04a5642cffb204af756e8aaec017ee411f6b27d9e50e1affa89e
8314,91732|135666,1,1960-03-24T23:35:23+00:00,1960-03-24T23:50:20+00:00,897.0,FINITE_GEOMETRY_ADMISSIBLE_WITNESS,GEOMETRY_ADMISSIBLE,3,85982d463dede5b2fbc6cef02eccfb8dfcdb0237b871196bbf1d66076ca305d3
8315,91733|135663,1,1960-03-25T00:00:19+00:00,1960-03-25T00:15:16+00:00,897.0,FINITE_GEOMETRY_ADMISSIBLE_WITNESS,GEOMETRY_ADMISSIBLE,1,3bc9e7129014b5be84e49bba0b75c1372af56c7baae9ef49a9671566f4f38939
8316,91733|135664,1,1960-03-25T00:00:19+00:00,1960-03-25T00:15:16+00:00,897.0,FINITE_GEOMETRY_ADMISSIBLE_WITNESS,GEOMETRY_ADMISSIBLE,1,d7ed7f6fe469c9f415a33574922f68f21fc10f61b856ed6aeb1bd9c9fd6cfbf5
8317,91733|135665,1,1960-03-25T00:00:19+00:00,1960-03-25T00:15:16+00:00,897.0,FINITE_GEOMETRY_ADMISSIBLE_WITNESS,GEOMETRY_ADMISSIBLE,1,c178052f5c44e72581402e7407608ff84852eabba1056008d6c4ef903d8c60f3
8318,91733|135666,1,1960-03-25T00:00:19+00:00,1960-03-25T00:15:16+00:00,897.0,FINITE_GEOMETRY_ADMISSIBLE_WITNESS,GEOMETRY_ADMISSIBLE,1,eef72a4136831557bdbca9360a56134ab9264fad2742b239bbaedd626a9cdc14
8319,91734|136161,1,1960-09-12T21:34:00+00:00,1960-09-12T21:45:58+00:00,718.0,FINITE_GEOMETRY_ADMISSIBLE_WITNESS,GEOMETRY_ADMISSIBLE,1,e3446fbece092f1ff43cfcd9a615b70194b800eedc1a9c745a34e1a62a174106
8320,91734|136162,1,1960-09-12T21:34:00+00:00,1960-09-12T21:45:58+00:00,718.0,FINITE_GEOMETRY_ADMISSIBLE_WITNESS,GEOMETRY_ADMISSIBLE,1,b12d1d81d581d738d338bc8790645c078c8375d5980d7cff8814463dacb0dddb
8323,91740|136393,1,1960-11-16T22:38:38+00:00,1960-11-16T22:58:35+00:00,1197.0,FINITE_GEOMETRY_ADMISSIBLE_WITNESS,GEOMETRY_ADMISSIBLE,2,0d6ebf0fad335b8684deb7978d0d53dd903d91aecc03d1a58674cb57b701cea1
8324,91740|136394,1,1960-11-16T22:38:38+00:00,1960-11-16T22:58:35+00:00,1197.0,FINITE_GEOMETRY_UNRESOLVED,RETAINED_UNRESOLVED,0,07754eea2d64770829c3ac1fc568c5e45f97f8309fdd6980f1bd3e18f7383ab8
8327,91740|136398,1,1960-11-16T22:38:38+00:00,1960-11-16T22:58:35+00:00,1197.0,FINITE_GEOMETRY_ADMISSIBLE_WITNESS,GEOMETRY_ADMISSIBLE,1,fc65103c3753a642de084b71397b5c028ede44605135d8ea1fec543ee7da281e
8328,91741|136393,1,1960-11-16T23:09:58+00:00,1960-11-16T23:24:56+00:00,898.0,FINITE_GEOMETRY_ADMISSIBLE_WITNESS,GEOMETRY_ADMISSIBLE,2,c9c5e3c2ecca32f95789c931ccf2e006c216c94a43ede6f9b553a4c162108525
8329,91741|136394,1,1960-11-16T23:09:58+00:00,1960-11-16T23:24:56+00:00,898.0,FINITE_GEOMETRY_ADMISSIBLE_WITNESS,GEOMETRY_ADMISSIBLE,1,020dea454b190e13d393bc83523fa09ed80889a443a87fac4100f91feff57db4
8331,91741|136396,1,1960-11-16T23:09:58+00:00,1960-11-16T23:24:56+00:00,898.0,FINITE_GEOMETRY_ADMISSIBLE_WITNESS,GEOMETRY_ADMISSIBLE,1,30603d571312a89cb2b01f605aa49b5f9d4a60e3abed3df250e7c3c611ae1f6c
8332,91741|136398,1,1960-11-16T23:09:58+00:00,1960-11-16T23:24:56+00:00,898.0,FINITE_GEOMETRY_ADMISSIBLE_WITNESS,GEOMETRY_ADMISSIBLE,1,51c573776a9653220e9fe862500a5279ea5c6c329bfb7112c52fe258035ea696
8337,91742|136404,1,1960-11-16T23:41:00+00:00,1960-11-16T23:49:32+00:00,512.0,FINITE_GEOMETRY_ADMISSIBLE_WITNESS,GEOMETRY_ADMISSIBLE,1,3802a6effc13db69dd3dca449e0fedb438627fb408a6bb2cc5929902d4319981
8342,91743|136404,1,1960-11-16T23:56:56+00:00,1960-11-17T00:11:53+00:00,897.0,FINITE_GEOMETRY_ADMISSIBLE_WITNESS,GEOMETRY_ADMISSIBLE,1,f7805fa967539d8c1ded21847b6efa931e23c1e6a6b5d81f810275a31150a45a
8343,91760|136585,1,1961-01-17T18:06:51+00:00,1961-01-17T18:22:00+00:00,909.0,FINITE_GEOMETRY_ADMISSIBLE_WITNESS,GEOMETRY_ADMISSIBLE,1,f67aa03f5403d723d81b61606386552e04ce790547ce9fce9223ef558e1cc7d2
8345,91760|136587,1,1961-01-17T18:06:51+00:00,1961-01-17T18:22:00+00:00,909.0,FINITE_GEOMETRY_ADMISSIBLE_WITNESS,GEOMETRY_ADMISSIBLE,1,54046e4cf40655b74d806ba2ac7a5ccbc4b59f5c7ee3ecd4fa93121074f32bd3
8346,91760|136588,1,1961-01-17T18:06:51+00:00,1961-01-17T18:22:00+00:00,909.0,FINITE_GEOMETRY_ADMISSIBLE_WITNESS,GEOMETRY_ADMISSIBLE,1,187378f94ad4c72c0339b00f62827a97596c2760450e6a8d862629382f8974a5
8347,91760|136589,1,1961-01-17T18:06:51+00:00,1961-01-17T18:22:00+00:00,909.0,FINITE_GEOMETRY_ADMISSIBLE_WITNESS,GEOMETRY_ADMISSIBLE,1,5c39ab4d95c5cd3ffa3792346eee3d5aac0f5e959e3c2dd4ca146715dbc673ab
8348,91761|136590,1,1961-01-17T19:03:12+00:00,1961-01-17T19:23:09+00:00,1197.0,FINITE_GEOMETRY_ADMISSIBLE_WITNESS,GEOMETRY_ADMISSIBLE,1,715baf18de2dc84aba1fea9b2f4fa6c90ce0eda910500126bf5ea0bf8d6b01fb
8350,91761|136592,1,1961-01-17T19:03:12+00:00,1961-01-17T19:23:09+00:00,1197.0,FINITE_GEOMETRY_ADMISSIBLE_WITNESS,GEOMETRY_ADMISSIBLE,1,159fcaa0d0fd38803ba575459e0b1c1dec405b417757251f79ceda61cbf82ece
8351,91761|136593,1,1961-01-17T19:03:12+00:00,1961-01-17T19:23:09+00:00,1197.0,FINITE_GEOMETRY_ADMISSIBLE_WITNESS,GEOMETRY_ADMISSIBLE,1,f860661cfb1aacd4456399b1fbfdd78bc8d9f3fba658e0326beb1b0c014446d1
8352,91761|136594,1,1961-01-17T19:03:12+00:00,1961-01-17T19:23:09+00:00,1197.0,FINITE_GEOMETRY_ADMISSIBLE_WITNESS,GEOMETRY_ADMISSIBLE,1,122f712b13c4acd44396df70e5b7d7f0c6b7e798aaf2dbba86ff535e7eef7308
8353,91762|136595,1,1961-01-17T19:34:00+00:00,1961-01-17T19:51:04+00:00,1024.0,FINITE_GEOMETRY_ADMISSIBLE_WITNESS,GEOMETRY_ADMISSIBLE,1,692d6250ebde4367bbe4789569e89e508873c4a47d8d411c65f79fd2f5574fef
8356,91762|136598,1,1961-01-17T19:34:00+00:00,1961-01-17T19:51:04+00:00,1024.0,FINITE_GEOMETRY_ADMISSIBLE_WITNESS,GEOMETRY_ADMISSIBLE,2,7da339db1087ac5afb9564acaa4afed0b60d211ba79110ccfe4f81fe7af9ccdf
8357,91762|136599,1,1961-01-17T19:34:00+00:00,1961-01-17T19:51:04+00:00,1024.0,FINITE_GEOMETRY_ADMISSIBLE_WITNESS,GEOMETRY_ADMISSIBLE,1,80ccbfbac32aeedf955a5e72494031d19f40e805b06ae171fb3e7267533076ed
8358,91763|136595,1,1961-01-17T20:03:12+00:00,1961-01-17T20:23:09+00:00,1197.0,FINITE_GEOMETRY_ADMISSIBLE_WITNESS,GEOMETRY_ADMISSIBLE,2,ad43fe87467f6e296f5251b2eb523d99127376025f32fbfba3c0f26b13f2fe63
8360,91763|136597,1,1961-01-17T20:03:12+00:00,1961-01-17T20:23:09+00:00,1197.0,FINITE_GEOMETRY_ADMISSIBLE_WITNESS,GEOMETRY_ADMISSIBLE,1,0908d1ce109192bb00a950bc49dfcb57097540b38b0c0a404a3e6e6c18f750c6
8361,91763|136598,1,1961-01-17T20:03:12+00:00,1961-01-17T20:23:09+00:00,1197.0,FINITE_GEOMETRY_ADMISSIBLE_WITNESS,GEOMETRY_ADMISSIBLE,1,7412e4fbde977b7f2e91ca21e771d02f6ee4dd548786eebd9abcae762c92d600
8362,91763|136599,1,1961-01-17T20:03:12+00:00,1961-01-17T20:23:09+00:00,1197.0,FINITE_GEOMETRY_ADMISSIBLE_WITNESS,GEOMETRY_ADMISSIBLE,1,d055b7774a23972066e2edaf964bc2b1fce418dd92ad00a1c3034e12d0036779
8363,91764|136595,1,1961-01-17T20:29:48+00:00,1961-01-17T20:34:00+00:00,252.0,FINITE_GEOMETRY_ADMISSIBLE_WITNESS,GEOMETRY_ADMISSIBLE,1,6913585e6e946ef9505f44df26c64fb8787662ea6b815fc6b6b7c2df752a7c87
8365,91764|136597,1,1961-01-17T20:29:48+00:00,1961-01-17T20:34:00+00:00,252.0,FINITE_GEOMETRY_ADMISSIBLE_WITNESS,GEOMETRY_ADMISSIBLE,1,99432ec586c82866f42316084bf2b473f47c2eb97f12f5b2421d714ba2b08db4
8366,91764|136598,1,1961-01-17T20:29:48+00:00,1961-01-17T20:34:00+00:00,252.0,FINITE_GEOMETRY_ADMISSIBLE_WITNESS,GEOMETRY_ADMISSIBLE,1,bf2854c76ccc2dad392cb37e4c0836e08c287407c48046a410a52e8e853d227c
8367,91764|136599,1,1961-01-17T20:29:48+00:00,1961-01-17T20:34:00+00:00,252.0,FINITE_GEOMETRY_ADMISSIBLE_WITNESS,GEOMETRY_ADMISSIBLE,1,e80fa6e7ada98feb7b4c368aea99b96f7ae50bdbd0ec88ac39862044b25963e6
8371,91764|136603,1,1961-01-17T20:40:00+00:00,1961-01-17T20:49:45+00:00,585.0,FINITE_GEOMETRY_ADMISSIBLE_WITNESS,GEOMETRY_ADMISSIBLE,2,f4f2262e3206764c2665898aabc7ec25703e9afe407b27f7183e077a288cfb32
8372,91764|136604,1,1961-01-17T20:40:00+00:00,1961-01-17T20:49:45+00:00,585.0,FINITE_GEOMETRY_ADMISSIBLE_WITNESS,GEOMETRY_ADMISSIBLE,1,253556eccfcb76e756c7b0973c9b3a3b118932dbaa9066cfcec4792b804f3018
8373,91765|136605,1,1961-01-17T21:47:00+00:00,1961-01-17T22:04:28+00:00,1048.0,FINITE_GEOMETRY_ADMISSIBLE_WITNESS,GEOMETRY_ADMISSIBLE,1,06be177ee3bc24ee79397f5f9aa5b803d07d0aaf63b08119d8f82c0e88923f9c
8376,91766|136605,1,1961-01-17T22:10:42+00:00,1961-01-17T22:30:38+00:00,1196.0,FINITE_GEOMETRY_ADMISSIBLE_WITNESS,GEOMETRY_ADMISSIBLE,2,0531d7c72f191635a27de407b98829d79bc6b1d53e7cdec1388e11c7bb891663
8378,91766|136607,1,1961-01-17T22:10:42+00:00,1961-01-17T22:30:38+00:00,1196.0,FINITE_GEOMETRY_ADMISSIBLE_WITNESS,GEOMETRY_ADMISSIBLE,1,44125cd5019f550bc9317d6ccb97686af6a1fcd52e9cc9acc5892d1c461d71af
8379,91767|136645,1,1961-01-18T19:50:38+00:00,1961-01-18T20:10:34+00:00,1196.0,FINITE_GEOMETRY_ADMISSIBLE_WITNESS,GEOMETRY_ADMISSIBLE,1,f7bb254e71402b0f927307a54ac10bcb69251edc7baff41cb3ffefb4e962663a
8381,91767|136647,1,1961-01-18T19:50:38+00:00,1961-01-18T20:10:34+00:00,1196.0,FINITE_GEOMETRY_ADMISSIBLE_WITNESS,GEOMETRY_ADMISSIBLE,1,838e8fc51dfd3f2c43b0c26ea1f8175e4196380f51df65fadb33802f9aa222b7
8383,91768|136645,1,1961-01-18T20:26:12+00:00,1961-01-18T20:28:00+00:00,108.0,FINITE_GEOMETRY_ADMISSIBLE_WITNESS,GEOMETRY_ADMISSIBLE,1,77ae5df95b4d429b314f2a2651441da536e253d988d36faf65632ed4f172fd1c
8384,91768|136646,1,1961-01-18T20:26:12+00:00,1961-01-18T20:28:00+00:00,108.0,FINITE_GEOMETRY_ADMISSIBLE_WITNESS,GEOMETRY_ADMISSIBLE,1,8e2511f2e289f4937c1e682a9c0db8e216da760089d53b189487b50d4a9f1ec3
8385,91768|136647,1,1961-01-18T20:26:12+00:00,1961-01-18T20:28:00+00:00,108.0,FINITE_GEOMETRY_ADMISSIBLE_WITNESS,GEOMETRY_ADMISSIBLE,1,80988a7ef94e1ff7ea0e1ae48d02a99352ae9c205be1efeb4ceffceb8b03a570
8386,91768|136648,1,1961-01-18T20:26:12+00:00,1961-01-18T20:28:00+00:00,108.0,FINITE_GEOMETRY_ADMISSIBLE_WITNESS,GEOMETRY_ADMISSIBLE,1,ff1824a0b994597d677dd21a35713ec5cbc7329b16ad8b1cebabf22f3b97b069
8387,91768|136650,1,1961-01-18T20:35:00+00:00,1961-01-18T20:46:09+00:00,669.0,FINITE_GEOMETRY_ADMISSIBLE_WITNESS,GEOMETRY_ADMISSIBLE,4,721c2741bc13fd3e144e61579e36c204b5a10858275f000049c1408ce47c9b62
8389,91768|136652,1,1961-01-18T20:35:00+00:00,1961-01-18T20:46:09+00:00,669.0,FINITE_GEOMETRY_ADMISSIBLE_WITNESS,GEOMETRY_ADMISSIBLE,1,09e969ace14a823a09a841a66781036b80200de950adebf7b519c5a02218c525
8390,91768|136653,1,1961-01-18T20:35:00+00:00,1961-01-18T20:46:09+00:00,669.0,FINITE_GEOMETRY_ADMISSIBLE_WITNESS,GEOMETRY_ADMISSIBLE,1,055f707ab26cdaa521ed39ba61f10a80acee018d94d75138f3e82f966c1e8d38
8391,91768|136654,1,1961-01-18T20:35:00+00:00,1961-01-18T20:46:09+00:00,669.0,FINITE_GEOMETRY_ADMISSIBLE_WITNESS,GEOMETRY_ADMISSIBLE,1,a2b2abb5dc3d16d11575dd37713d27d5f6996ec4fe260dff8df1c216513c907e
8392,91769|136650,1,1961-01-18T20:51:58+00:00,1961-01-18T21:11:55+00:00,1197.0,FINITE_GEOMETRY_ADMISSIBLE_WITNESS,GEOMETRY_ADMISSIBLE,1,086cdeb79e68ce1f31c3fd02fe025e3442ce9c052cafa5feea8c6ad3341ab92e
8394,91769|136652,1,1961-01-18T20:51:58+00:00,1961-01-18T21:11:55+00:00,1197.0,FINITE_GEOMETRY_ADMISSIBLE_WITNESS,GEOMETRY_ADMISSIBLE,1,6697bf196104ee0f44f2e8afc0347b0d99fcfadd2a951cc8cb6a044f8217f8e8
8395,91769|136653,1,1961-01-18T20:51:58+00:00,1961-01-18T21:11:55+00:00,1197.0,FINITE_GEOMETRY_ADMISSIBLE_WITNESS,GEOMETRY_ADMISSIBLE,3,3f51983a5e504e969f27165ee4083aa6f9bc4950affb48faa5a32c298bd4ef8c
8396,91769|136654,1,1961-01-18T20:51:58+00:00,1961-01-18T21:11:55+00:00,1197.0,FINITE_GEOMETRY_ADMISSIBLE_WITNESS,GEOMETRY_ADMISSIBLE,1,ac1799706535fb670bfc8d0ec353d6f27f15013bce83be767006e630507fbefb
8397,91770|136650,1,1961-01-18T21:23:03+00:00,1961-01-18T21:35:00+00:00,717.0,FINITE_GEOMETRY_ADMISSIBLE_WITNESS,GEOMETRY_ADMISSIBLE,1,4ad488f53d0a62949d8d6bb42909c6338dba1f5dc76faa9a72d05505f0c5ff4d
8399,91770|136652,1,1961-01-18T21:23:03+00:00,1961-01-18T21:35:00+00:00,717.0,FINITE_GEOMETRY_ADMISSIBLE_WITNESS,GEOMETRY_ADMISSIBLE,1,981b15beeda6a4f29fd9d5f5f2251ab4536aa3e7ed1d687a2cec8bcf3cc146fd
8400,91770|136653,1,1961-01-18T21:23:03+00:00,1961-01-18T21:35:00+00:00,717.0,FINITE_GEOMETRY_ADMISSIBLE_WITNESS,GEOMETRY_ADMISSIBLE,1,f80c649713410fd34751d2c3f8d5f71ef84a2abbf9bdfcdb927e5c3ba44d7d69
8401,91770|136654,1,1961-01-18T21:23:03+00:00,1961-01-18T21:35:00+00:00,717.0,FINITE_GEOMETRY_ADMISSIBLE_WITNESS,GEOMETRY_ADMISSIBLE,1,376718fb37758985f67b3703a18e387a459e84ad02104b5b33065555592d0b1e
8405,91770|136658,1,1961-01-18T21:41:00+00:00,1961-01-18T21:43:00+00:00,120.0,FINITE_GEOMETRY_ADMISSIBLE_WITNESS,GEOMETRY_ADMISSIBLE,2,a71a7e0f8f4fcbf64c730e9536a4780cb942b3b24d1eca1d1c917966faa82a76
8406,91771|136655,1,1961-01-18T22:33:36+00:00,1961-01-18T22:41:00+00:00,444.0,FINITE_GEOMETRY_ADMISSIBLE_WITNESS,GEOMETRY_ADMISSIBLE,1,0b8d2ed5d9239c909e4b40c782c42c2fb14f8561571301d2bbf6452f5f4a510f
8408,91771|136657,1,1961-01-18T22:33:36+00:00,1961-01-18T22:41:00+00:00,444.0,FINITE_GEOMETRY_ADMISSIBLE_WITNESS,GEOMETRY_ADMISSIBLE,1,8a877b696afcecab011c206c03d5f736279f87e7044cd4d7cb22d4f2a1261153
8409,91771|136658,1,1961-01-18T22:33:36+00:00,1961-01-18T22:41:00+00:00,444.0,FINITE_GEOMETRY_ADMISSIBLE_WITNESS,GEOMETRY_ADMISSIBLE,1,275e98ef2d1c423b1fd40b36fb3d65954b0b262ea50a54fa9dfd86fbf2129e3a
8410,91771|136660,1,1961-01-18T22:47:00+00:00,1961-01-18T22:53:33+00:00,393.0,FINITE_GEOMETRY_ADMISSIBLE_WITNESS,GEOMETRY_ADMISSIBLE,1,5e24a16fe8db02456bb493e484e1f3105208295b9160510837baeb9a1a2d5a27
8413,91771|136663,1,1961-01-18T22:47:00+00:00,1961-01-18T22:53:33+00:00,393.0,FINITE_GEOMETRY_ADMISSIBLE_WITNESS,GEOMETRY_ADMISSIBLE,1,d752b2096f0f93d3b08cf56bc467796f48fad272153270ab770bffde1936dab2
8414,91772|136660,1,1961-01-18T23:19:04+00:00,1961-01-18T23:39:01+00:00,1197.0,FINITE_GEOMETRY_ADMISSIBLE_WITNESS,GEOMETRY_ADMISSIBLE,1,61bae163f4b79cca63f0a65c13d16dcc21fea5187d0d683f69376090d2b4d06b
8416,91772|136662,1,1961-01-18T23:19:04+00:00,1961-01-18T23:39:01+00:00,1197.0,FINITE_GEOMETRY_ADMISSIBLE_WITNESS,GEOMETRY_ADMISSIBLE,1,31d13a90b0d019df58c65a21b4c9a3455ff1d9998db779f492b2cdb0181ea928
8417,91772|136663,1,1961-01-18T23:19:04+00:00,1961-01-18T23:39:01+00:00,1197.0,FINITE_GEOMETRY_ADMISSIBLE_WITNESS,GEOMETRY_ADMISSIBLE,1,be354561775a62724c66134e2e63a736ff51afc2a06d61134d6304f9b2d28919
8418,91773|136660,1,1961-01-18T23:46:29+00:00,1961-01-18T23:47:00+00:00,31.0,FINITE_GEOMETRY_ADMISSIBLE_WITNESS,GEOMETRY_ADMISSIBLE,1,929ae48b8df12efe6228f13e1b6c31d0cb459a4e214fb1d7ae7ec2f2732640c9
8419,91773|136661,1,1961-01-18T23:46:29+00:00,1961-01-18T23:47:00+00:00,31.0,FINITE_GEOMETRY_ADMISSIBLE_WITNESS,GEOMETRY_ADMISSIBLE,1,cb1660c09a5cab88c8ffab0dd450958876c7ae8f4d0ea881c7a7489388a2bd4a
8420,91773|136662,1,1961-01-18T23:46:29+00:00,1961-01-18T23:47:00+00:00,31.0,FINITE_GEOMETRY_ADMISSIBLE_WITNESS,GEOMETRY_ADMISSIBLE,1,bead810919667f9c44d9167a5b43fb0911bd518fece8a447cd91bcf33ccb1df3
8422,91773|136665,1,1961-01-18T23:53:00+00:00,1961-01-19T00:06:26+00:00,806.0,FINITE_GEOMETRY_ADMISSIBLE_WITNESS,GEOMETRY_ADMISSIBLE,1,d0fac6ccb56085b026efdab112a68f081ba82b89bffca2734894fa32b6c1e547
8424,91773|136667,1,1961-01-18T23:53:00+00:00,1961-01-19T00:06:26+00:00,806.0,FINITE_GEOMETRY_ADMISSIBLE_WITNESS,GEOMETRY_ADMISSIBLE,1,2e255cd2c4dd24f6b43008088967337fbcb07fdbddcc54fdc49c7a5781274266
8430,91799|136818,1,1961-03-08T20:38:00+00:00,1961-03-08T20:45:28+00:00,448.0,FINITE_GEOMETRY_ADMISSIBLE_WITNESS,GEOMETRY_ADMISSIBLE,1,c678be63145b9458c0f51f818cf230c02e3e7ae7aa53b6e417a0e37fd1c88f96
8431,91800|136815,1,1961-03-08T20:59:10+00:00,1961-03-08T21:19:07+00:00,1197.0,FINITE_GEOMETRY_ADMISSIBLE_WITNESS,GEOMETRY_ADMISSIBLE,2,e251ee306f65e5d7ac7f8a5dbf6f9164f74cdd0deeaf2b070a3ab6f4c71418d9
8433,91800|136817,1,1961-03-08T20:59:10+00:00,1961-03-08T21:19:07+00:00,1197.0,FINITE_GEOMETRY_ADMISSIBLE_WITNESS,GEOMETRY_ADMISSIBLE,1,ee6d13d7d3faf938afb22c2781d1b4ac6af766b16fa7e782d9a400bca676b1c8
8434,91800|136818,1,1961-03-08T20:59:10+00:00,1961-03-08T21:19:07+00:00,1197.0,FINITE_GEOMETRY_ADMISSIBLE_WITNESS,GEOMETRY_ADMISSIBLE,2,020abed643fe37f1ece52ae282b731e9d4c9c9d1709cfb733bea63094c4bcc71
8435,91801|136815,1,1961-03-08T21:28:01+00:00,1961-03-08T21:38:00+00:00,599.0,FINITE_GEOMETRY_ADMISSIBLE_WITNESS,GEOMETRY_ADMISSIBLE,2,3712b485c492f4b5e75acca20b1925465bd6ccd2c18317e988706ad0d57f5042
8437,91801|136817,1,1961-03-08T21:28:01+00:00,1961-03-08T21:38:00+00:00,599.0,FINITE_GEOMETRY_ADMISSIBLE_WITNESS,GEOMETRY_ADMISSIBLE,1,4ce09a32d4e6757fb9abb183b5f8fcd8496925bfbf709540788b6f4c27c16867
8438,91801|136818,1,1961-03-08T21:28:01+00:00,1961-03-08T21:38:00+00:00,599.0,FINITE_GEOMETRY_ADMISSIBLE_WITNESS,GEOMETRY_ADMISSIBLE,2,38d3cddc7d7854600f1e53e996aa55d4a194b76c5e534ac1630bd152eeca233b
8442,91801|136824,1,1961-03-08T21:45:00+00:00,1961-03-08T21:47:57+00:00,177.0,FINITE_GEOMETRY_ADMISSIBLE_WITNESS,GEOMETRY_ADMISSIBLE,1,a1d2211d1828752f7d9f50a02664e54bbb47f1941d16eed5fcfcf64223a3ee43
8443,91802|136825,1,1961-03-08T23:03:50+00:00,1961-03-08T23:23:47+00:00,1197.0,FINITE_GEOMETRY_ADMISSIBLE_WITNESS,GEOMETRY_ADMISSIBLE,1,ca713315a790b4f12c62c0ad8f942c5a4ccc05b61437bc16ddce5fb9129bff2c
8445,91802|136827,1,1961-03-08T23:03:50+00:00,1961-03-08T23:23:47+00:00,1197.0,FINITE_GEOMETRY_ADMISSIBLE_WITNESS,GEOMETRY_ADMISSIBLE,1,72f67022229477e2c24f604cd902326307c3ed63a480890af983cae274aec849
8446,91802|136828,1,1961-03-08T23:03:50+00:00,1961-03-08T23:23:47+00:00,1197.0,FINITE_GEOMETRY_ADMISSIBLE_WITNESS,GEOMETRY_ADMISSIBLE,1,89487f1d111af1182fbf6bc9437f4e22a312e2fb0e0f83baf57ba5e7bccb90ee
8450,91803|136854,1,1961-03-09T21:55:00+00:00,1961-03-09T22:10:57+00:00,957.0,FINITE_GEOMETRY_ADMISSIBLE_WITNESS,GEOMETRY_ADMISSIBLE,3,8cf9ac4d6ff0a20c294f807634b23a9a2cae731b24b8273168c41a1744ffe4e8
8451,91804|136850,1,1961-03-09T22:28:59+00:00,1961-03-09T22:48:56+00:00,1197.0,FINITE_GEOMETRY_ADMISSIBLE_WITNESS,GEOMETRY_ADMISSIBLE,1,f1b848fcc1d02b4c1567a23df239bf14cff6b36e1669e1bf11c012a84d8198b5
8453,91804|136852,1,1961-03-09T22:28:59+00:00,1961-03-09T22:48:56+00:00,1197.0,FINITE_GEOMETRY_ADMISSIBLE_WITNESS,GEOMETRY_ADMISSIBLE,1,ac614510d9664decfa8ddb24fad42cb0416ba8734da33a2f2e8affa8accb11c3
8454,91804|136854,1,1961-03-09T22:28:59+00:00,1961-03-09T22:48:56+00:00,1197.0,FINITE_GEOMETRY_ADMISSIBLE_WITNESS,GEOMETRY_ADMISSIBLE,1,59d114fe23ee4a4f0a81b91623c098c2d75111abbae1a17656908310c795cc01
8455,91870|137032,1,1961-06-15T22:12:35+00:00,1961-06-15T22:32:31+00:00,1196.0,FINITE_GEOMETRY_ADMISSIBLE_WITNESS,GEOMETRY_ADMISSIBLE,2,55454ee8580f6307ee23e7cf8d6b248f9aaade73bad76a9910843e077eceb9c2
8457,91870|137034,1,1961-06-15T22:12:35+00:00,1961-06-15T22:32:31+00:00,1196.0,FINITE_GEOMETRY_ADMISSIBLE_WITNESS,GEOMETRY_ADMISSIBLE,1,90d7b81229a750093db38701e29b328cb5a6f03f7aa15a9afcf3a1417a4f1522
8458,91870|137035,1,1961-06-15T22:12:35+00:00,1961-06-15T22:32:31+00:00,1196.0,FINITE_GEOMETRY_ADMISSIBLE_WITNESS,GEOMETRY_ADMISSIBLE,1,47b2813fac5dca67cd374002095b0e2ac376ac0f110eb93a0c6e6662c9ec6930
8459,91871|137032,1,1961-06-15T22:43:25+00:00,1961-06-15T23:03:21+00:00,1196.0,FINITE_GEOMETRY_ADMISSIBLE_WITNESS,GEOMETRY_ADMISSIBLE,2,255965911d6cc47601db9a601b96bc8f733ae668d467c9336b55cf50de68451b
8461,91871|137034,1,1961-06-15T22:43:25+00:00,1961-06-15T23:03:21+00:00,1196.0,FINITE_GEOMETRY_ADMISSIBLE_WITNESS,GEOMETRY_ADMISSIBLE,1,2497f64e7f761e28cee6169656fcd448b9aedea9c53bafc70c8b6fa0b2a1b9b5
8462,91871|137035,1,1961-06-15T22:43:25+00:00,1961-06-15T23:03:21+00:00,1196.0,FINITE_GEOMETRY_ADMISSIBLE_WITNESS,GEOMETRY_ADMISSIBLE,1,3594c35cd102bac66c008301f2acc20e8321496a2a31f0505956974397e6de8f
8463,91872|137037,1,1961-06-15T23:13:00+00:00,1961-06-15T23:26:52+00:00,832.0,FINITE_GEOMETRY_ADMISSIBLE_WITNESS,GEOMETRY_ADMISSIBLE,1,109c3cc32730aac5c01c5e4e149d8b7ec5b710b4cab0afa311dd70bbdf4d9c2a
8465,91872|137039,1,1961-06-15T23:13:00+00:00,1961-06-15T23:26:52+00:00,832.0,FINITE_GEOMETRY_ADMISSIBLE_WITNESS,GEOMETRY_ADMISSIBLE,1,17571b17ad6f0e9b5e3a586db166f11d1f186dd81b66663067cd31051a94bab2
8466,91873|137037,1,1961-06-15T23:33:26+00:00,1961-06-15T23:53:23+00:00,1197.0,FINITE_GEOMETRY_ADMISSIBLE_WITNESS,GEOMETRY_ADMISSIBLE,2,b76640e2c9dfbd74a9d353f643066021b0a30c9fd6aeb092f004afd1b3926ad6
8468,91873|137039,1,1961-06-15T23:33:26+00:00,1961-06-15T23:53:23+00:00,1197.0,FINITE_GEOMETRY_ADMISSIBLE_WITNESS,GEOMETRY_ADMISSIBLE,1,28049e210a3a574a9cc1aefa1469068fc9a588e762936670886ec742ecc66489
8469,91874|137037,1,1961-06-15T23:55:33+00:00,1961-06-16T00:09:55+00:00,862.0,FINITE_GEOMETRY_ADMISSIBLE_WITNESS,GEOMETRY_ADMISSIBLE,1,6d5dd67db37be9857f59f36b400a92d139d56f5c86ba7980d7096f210ec38dda
8471,91874|137039,1,1961-06-15T23:55:33+00:00,1961-06-16T00:09:55+00:00,862.0,FINITE_GEOMETRY_ADMISSIBLE_WITNESS,GEOMETRY_ADMISSIBLE,2,aee33cb0a8522d2ea23b9a8bf5dcc2afc5d66a67b270b9ec4cbfd3f25e29ae0d
8472,91907|137447,1,1961-10-15T19:12:24+00:00,1961-10-15T19:52:00+00:00,2376.0,FINITE_GEOMETRY_ADMISSIBLE_WITNESS,GEOMETRY_ADMISSIBLE,1,abd23d712ba7d540ffbd6d8a50932e7b736111ce6ff5d0334f1bad56d19fed8b
8473,91907|137448,1,1961-10-15T19:12:24+00:00,1961-10-15T19:52:00+00:00,2376.0,FINITE_GEOMETRY_ADMISSIBLE_WITNESS,GEOMETRY_ADMISSIBLE,1,21eeb1136aec71f06ce039f966984e6bb69d4435a71e6912b61ae427bcd8d77b
8474,91907|137449,1,1961-10-15T19:12:24+00:00,1961-10-15T19:52:00+00:00,2376.0,FINITE_GEOMETRY_ADMISSIBLE_WITNESS,GEOMETRY_ADMISSIBLE,1,39dd1836f32457c8654c5e0d899a5fbcee1c4e9825099bcce67a27f5d2696a52
8475,91907|137450,1,1961-10-15T19:12:24+00:00,1961-10-15T19:52:00+00:00,2376.0,FINITE_GEOMETRY_ADMISSIBLE_WITNESS,GEOMETRY_ADMISSIBLE,1,b8de4e4c0fe518b8f5e8acb4212abedef02eb649157fd9b7f221d2248562ab25
8476,91907|137451,1,1961-10-15T19:12:24+00:00,1961-10-15T19:52:00+00:00,2376.0,FINITE_GEOMETRY_ADMISSIBLE_WITNESS,GEOMETRY_ADMISSIBLE,1,4dcbf85b842d979989f27dd48f374ab49981af6a33930d23bb23cc21b916b25d
8477,91907|137452,1,1961-10-15T19:12:24+00:00,1961-10-15T19:52:00+00:00,2376.0,FINITE_GEOMETRY_ADMISSIBLE_WITNESS,GEOMETRY_ADMISSIBLE,1,f8da72c78ab61afbf44104391efeaa7fc980c686348ff29bc39300f8e2d566ce
8478,91907|137453,1,1961-10-15T19:12:24+00:00,1961-10-15T19:52:00+00:00,2376.0,FINITE_GEOMETRY_ADMISSIBLE_WITNESS,GEOMETRY_ADMISSIBLE,2,7c70698daf0db760dbc1c5fed517372b27d5f79c95936744a5cc933c95cca7e4
8479,91907|137454,1,1961-10-15T19:12:24+00:00,1961-10-15T19:52:00+00:00,2376.0,FINITE_GEOMETRY_ADMISSIBLE_WITNESS,GEOMETRY_ADMISSIBLE,1,cc48698c10451674e9e05c0c454fcee71a0a3895bb882e18fe5124b7084a9aeb
8480,91915|137559,1,1961-12-15T23:27:48+00:00,1961-12-15T23:44:00+00:00,972.0,FINITE_GEOMETRY_ADMISSIBLE_WITNESS,GEOMETRY_ADMISSIBLE,1,f2d95f1cfdf4752c53bf896ba5606e88c819b95fcf4e290ba847293e3a9c5cc8
8481,91915|137560,1,1961-12-15T23:27:48+00:00,1961-12-15T23:44:00+00:00,972.0,FINITE_GEOMETRY_ADMISSIBLE_WITNESS,GEOMETRY_ADMISSIBLE,1,977e59a200456dd2fe73830086093791bfd63bf9edea8dbab8d9b86069dcc47e
8482,91915|137561,1,1961-12-15T23:27:48+00:00,1961-12-15T23:44:00+00:00,972.0,FINITE_GEOMETRY_ADMISSIBLE_WITNESS,GEOMETRY_ADMISSIBLE,1,30e05c5545160d05f0e1a4f92a4616c1ecb590bb8e5eb4543fb379bdcd6fcdfb
8484,91915|137564,1,1961-12-15T23:27:48+00:00,1961-12-15T23:44:00+00:00,972.0,FINITE_GEOMETRY_ADMISSIBLE_WITNESS,GEOMETRY_ADMISSIBLE,2,bf40a3f6427a0660c7351140b11522520c3e9813481e404bbf41b773b364d06a
8485,91915|137565,1,1961-12-15T23:27:48+00:00,1961-12-15T23:44:00+00:00,972.0,FINITE_GEOMETRY_ADMISSIBLE_WITNESS,GEOMETRY_ADMISSIBLE,1,592ce9d2a726eed5583646f55d50a6fd89c9f3fa1219b21f9c4a3320b64d78e6
8487,91994|137863,1,1962-06-03T21:42:20+00:00,1962-06-03T22:12:16+00:00,1796.0,FINITE_GEOMETRY_ADMISSIBLE_WITNESS,GEOMETRY_ADMISSIBLE,1,3da91d27780b13ae80b856d2a3e668a5bf402d0bed3108dd58e171e27c2e9133
8488,91994|137864,1,1962-06-03T21:42:20+00:00,1962-06-03T22:12:16+00:00,1796.0,FINITE_GEOMETRY_ADMISSIBLE_WITNESS,GEOMETRY_ADMISSIBLE,1,a79a76368aec3e46ce9d2e269207fa2a8c135fdb0e777d0efc0eb991292490fc
8489,91994|137865,1,1962-06-03T21:42:20+00:00,1962-06-03T22:12:16+00:00,1796.0,FINITE_GEOMETRY_ADMISSIBLE_WITNESS,GEOMETRY_ADMISSIBLE,1,022b36d1dd33f6d6244e76ef22e3dadb2727043e91a94342e23105636a448df0
8490,91994|137866,1,1962-06-03T21:42:20+00:00,1962-06-03T22:12:16+00:00,1796.0,FINITE_GEOMETRY_ADMISSIBLE_WITNESS,GEOMETRY_ADMISSIBLE,1,24062c67fbfa0bb5a1877abd1a7f21abdf200a312011c4662b017f7e6807c6a5
8492,91994|137868,1,1962-06-03T21:42:20+00:00,1962-06-03T22:12:16+00:00,1796.0,FINITE_GEOMETRY_ADMISSIBLE_WITNESS,GEOMETRY_ADMISSIBLE,1,9746e2a4f1b380920fa8831a851098b421aa4d843b701557721c3cf293259ae4
8493,91994|137869,1,1962-06-03T21:42:20+00:00,1962-06-03T22:12:16+00:00,1796.0,FINITE_GEOMETRY_ADMISSIBLE_WITNESS,GEOMETRY_ADMISSIBLE,1,77724872790934a1dbc9dcda14c43bdf042b2b837255a720654a4ceb505554d5
8494,91994|137870,1,1962-06-03T21:42:20+00:00,1962-06-03T22:12:16+00:00,1796.0,FINITE_GEOMETRY_ADMISSIBLE_WITNESS,GEOMETRY_ADMISSIBLE,1,df2dc10ce4133537ff2e8bc7741797fa51fc951a69be45d18925ed39b5045a98
8495,91995|137863,1,1962-06-03T22:17:05+00:00,1962-06-03T22:18:00+00:00,55.0,FINITE_GEOMETRY_ADMISSIBLE_WITNESS,GEOMETRY_ADMISSIBLE,2,949bd89baefd318dfdc33b384aa2401c1b03c4702315cefb3548eb9e64bf2fa6
8496,91995|137864,1,1962-06-03T22:17:05+00:00,1962-06-03T22:18:00+00:00,55.0,FINITE_GEOMETRY_ADMISSIBLE_WITNESS,GEOMETRY_ADMISSIBLE,2,e9ac713a4a3163011bad4511e821066cee7e7eb24f82ccc616c128bbe6f515fe
8497,91995|137865,1,1962-06-03T22:17:05+00:00,1962-06-03T22:18:00+00:00,55.0,FINITE_GEOMETRY_ADMISSIBLE_WITNESS,GEOMETRY_ADMISSIBLE,1,5dd3202344e5948a48690e8bb2db790b5f995ded51a77fe9d5657cd0e4c6b583
8498,91995|137866,1,1962-06-03T22:17:05+00:00,1962-06-03T22:18:00+00:00,55.0,FINITE_GEOMETRY_ADMISSIBLE_WITNESS,GEOMETRY_ADMISSIBLE,1,adf0ecdb3a08038d1d6c1b10b7b2e6c5ae92c74fbb7472b856d4a7872608d1fe
8499,91995|137867,1,1962-06-03T22:17:05+00:00,1962-06-03T22:18:00+00:00,55.0,FINITE_GEOMETRY_ADMISSIBLE_WITNESS,GEOMETRY_ADMISSIBLE,1,871a9ee741238f941915e281a091d880bc0985aedf8b7e067e5ae8da85aa7e7a
8500,91995|137868,1,1962-06-03T22:17:05+00:00,1962-06-03T22:18:00+00:00,55.0,FINITE_GEOMETRY_ADMISSIBLE_WITNESS,GEOMETRY_ADMISSIBLE,1,71b5e209609f918f7bbad6b083e852fedd25379ee5b2598612696c808a054c4a
8501,91995|137869,1,1962-06-03T22:17:05+00:00,1962-06-03T22:18:00+00:00,55.0,FINITE_GEOMETRY_ADMISSIBLE_WITNESS,GEOMETRY_ADMISSIBLE,3,f0073ca38b2e51c3decf46afe8906430a06b60f226a032b701d7b7b4eb7526ca
8502,91995|137870,1,1962-06-03T22:17:05+00:00,1962-06-03T22:18:00+00:00,55.0,FINITE_GEOMETRY_ADMISSIBLE_WITNESS,GEOMETRY_ADMISSIBLE,1,12bb14ae22fde26eddecf589b04a7ba37d373e012fbcf4b2ee434c4cc07ef85c
8503,91999|137879,1,1962-06-04T22:29:00+00:00,1962-06-04T22:53:17+00:00,1457.0,FINITE_GEOMETRY_ADMISSIBLE_WITNESS,GEOMETRY_ADMISSIBLE,1,3f0b0e598dbeb8ea4f43360189b2de3f11a148be71bace2aef943ca7151721a8
8505,91999|137881,1,1962-06-04T22:29:00+00:00,1962-06-04T22:53:17+00:00,1457.0,FINITE_GEOMETRY_ADMISSIBLE_WITNESS,GEOMETRY_ADMISSIBLE,1,f13379f56bba19542799da8670d1d6d3b7f911a05dbd58cbbeab790d63594559
8506,91999|137882,1,1962-06-04T22:29:00+00:00,1962-06-04T22:53:17+00:00,1457.0,FINITE_GEOMETRY_ADMISSIBLE_WITNESS,GEOMETRY_ADMISSIBLE,3,dc2f2cff36e47e280b5df49dbdf52638807f0c7a0be2aadfb9665116ac797b97
8507,91999|137883,1,1962-06-04T22:29:00+00:00,1962-06-04T22:53:17+00:00,1457.0,FINITE_GEOMETRY_ADMISSIBLE_WITNESS,GEOMETRY_ADMISSIBLE,1,d65488d3eee31df6e36c8b0bb8d2ff9720e1060bd6e850700dc4bd8b685ee5b4
8508,91999|137884,1,1962-06-04T22:29:00+00:00,1962-06-04T22:53:17+00:00,1457.0,FINITE_GEOMETRY_ADMISSIBLE_WITNESS,GEOMETRY_ADMISSIBLE,1,5cc401c59a46a968cc8025bf9e5483f611285aabe8ea74ca9cbfd32535ab1def
8509,91999|137885,1,1962-06-04T22:29:00+00:00,1962-06-04T22:53:17+00:00,1457.0,FINITE_GEOMETRY_ADMISSIBLE_WITNESS,GEOMETRY_ADMISSIBLE,1,f9ac79cf2b597ea6a5a69305d688f8890bfac78766e10ffc75aa14de379b7584
8510,91999|137886,1,1962-06-04T22:29:00+00:00,1962-06-04T22:53:17+00:00,1457.0,FINITE_GEOMETRY_ADMISSIBLE_WITNESS,GEOMETRY_ADMISSIBLE,1,2f5008cf8d82f1e7bcbf34e37aebbefeb28ccb510e65fe9cbe1ed1c3d40f42f8
8511,92000|137879,1,1962-06-04T22:57:52+00:00,1962-06-04T23:27:47+00:00,1795.0,FINITE_GEOMETRY_ADMISSIBLE_WITNESS,GEOMETRY_ADMISSIBLE,2,30ecc8ef9d7d1e8424e1b6637a889335e0e56c3a3d0133646fcb79e9be7a1f33
8513,92000|137881,1,1962-06-04T22:57:52+00:00,1962-06-04T23:27:47+00:00,1795.0,FINITE_GEOMETRY_ADMISSIBLE_WITNESS,GEOMETRY_ADMISSIBLE,2,2972263142c4812c78af09eb29fd610fd523b1543066f02efa6a411c2d8d29e4
8514,92000|137882,1,1962-06-04T22:57:52+00:00,1962-06-04T23:27:47+00:00,1795.0,FINITE_GEOMETRY_ADMISSIBLE_WITNESS,GEOMETRY_ADMISSIBLE,1,676091d160d9500a9db8a69292e8d0dad418b937c1cfcb93ef78a4215a89bdf1
8515,92000|137883,1,1962-06-04T22:57:52+00:00,1962-06-04T23:27:47+00:00,1795.0,FINITE_GEOMETRY_ADMISSIBLE_WITNESS,GEOMETRY_ADMISSIBLE,2,884a1ed3d8d462a9de8ec332f305d04ead033f2bbe7cccf921cff2ceff5326c5
8516,92000|137884,1,1962-06-04T22:57:52+00:00,1962-06-04T23:27:47+00:00,1795.0,FINITE_GEOMETRY_ADMISSIBLE_WITNESS,GEOMETRY_ADMISSIBLE,1,81ccbcea7822ee3c166046d7fe43516d1b5bbac8c63ad473d253fc6fd40a7897
8517,92000|137885,1,1962-06-04T22:57:52+00:00,1962-06-04T23:27:47+00:00,1795.0,FINITE_GEOMETRY_ADMISSIBLE_WITNESS,GEOMETRY_ADMISSIBLE,1,a346c314d7f7688d8c8284a77da89f958c12590ed22a214b91f872914438f4f3
8518,92000|137886,1,1962-06-04T22:57:52+00:00,1962-06-04T23:27:47+00:00,1795.0,FINITE_GEOMETRY_ADMISSIBLE_WITNESS,GEOMETRY_ADMISSIBLE,1,080ae00a4be14ec27b19c5e64901e46227f1d113e1b569a5e14767e1ce173e37
8519,92001|137887,1,1962-06-04T23:39:00+00:00,1962-06-05T00:01:31+00:00,1351.0,FINITE_GEOMETRY_ADMISSIBLE_WITNESS,GEOMETRY_ADMISSIBLE,1,4a942cd8e74cf1246be110d0a191e6e75f2042b582a4807cca242b3fa5bac739
8521,92001|137889,1,1962-06-04T23:39:00+00:00,1962-06-05T00:01:31+00:00,1351.0,FINITE_GEOMETRY_ADMISSIBLE_WITNESS,GEOMETRY_ADMISSIBLE,1,6136984a2ca81252f3192a3e41d6d2ab6b23cf1a0a16e07b49c81a0be2a2e80d
8522,92001|137890,1,1962-06-04T23:39:00+00:00,1962-06-05T00:01:31+00:00,1351.0,FINITE_GEOMETRY_ADMISSIBLE_WITNESS,GEOMETRY_ADMISSIBLE,1,bcbe03786c0a68ad2c843f729ad6671707a87be8889c2f8a297840c934c85ea2
8523,92001|137891,1,1962-06-04T23:39:00+00:00,1962-06-05T00:01:31+00:00,1351.0,FINITE_GEOMETRY_ADMISSIBLE_WITNESS,GEOMETRY_ADMISSIBLE,1,845b0addedbb481fd5066468309b68acc5098966c72a84fe8b3a0b52d5f7ada9
8524,92001|137892,1,1962-06-04T23:39:00+00:00,1962-06-05T00:01:31+00:00,1351.0,FINITE_GEOMETRY_ADMISSIBLE_WITNESS,GEOMETRY_ADMISSIBLE,2,a3cabab2776d2f3e1b9a0e1e4534c6285a4a2d590e18c57a8b37e72c19833aa1
8525,92001|137893,1,1962-06-04T23:39:00+00:00,1962-06-05T00:01:31+00:00,1351.0,FINITE_GEOMETRY_ADMISSIBLE_WITNESS,GEOMETRY_ADMISSIBLE,1,0f297de6ee543f4a8a060006f3950e56d5acd70bc0fc69a705b85798e798eab1
8526,92001|137894,1,1962-06-04T23:39:00+00:00,1962-06-05T00:01:31+00:00,1351.0,FINITE_GEOMETRY_ADMISSIBLE_WITNESS,GEOMETRY_ADMISSIBLE,1,5eabb8bc60b69d79ed06a775b63c500d4932110e6988b26f8f244e43e0ef8350
8527,92002|137887,1,1962-06-05T00:05:30+00:00,1962-06-05T00:35:25+00:00,1795.0,FINITE_GEOMETRY_ADMISSIBLE_WITNESS,GEOMETRY_ADMISSIBLE,1,60474685626d3765e9f22ac007c8ffd562f2a76d064a25a7a93286f09d7f9f96
8528,92002|137888,1,1962-06-05T00:05:30+00:00,1962-06-05T00:35:25+00:00,1795.0,FINITE_GEOMETRY_ADMISSIBLE_WITNESS,GEOMETRY_ADMISSIBLE,1,32241456f5aa82d4b91e46f2707eceb9f96171381e4f390cae584e68827f1355
8529,92002|137889,1,1962-06-05T00:05:30+00:00,1962-06-05T00:35:25+00:00,1795.0,FINITE_GEOMETRY_ADMISSIBLE_WITNESS,GEOMETRY_ADMISSIBLE,1,d5c6635a1515ecef44ff5be87bad677a6e50442c8ce7aeeed0160761b2f6be2c
8530,92002|137890,1,1962-06-05T00:05:30+00:00,1962-06-05T00:35:25+00:00,1795.0,FINITE_GEOMETRY_ADMISSIBLE_WITNESS,GEOMETRY_ADMISSIBLE,1,b00cec4e15725061d94b824d05351d61ef3197b1783c863d9d755515238fec56
8531,92002|137891,1,1962-06-05T00:05:30+00:00,1962-06-05T00:35:25+00:00,1795.0,FINITE_GEOMETRY_ADMISSIBLE_WITNESS,GEOMETRY_ADMISSIBLE,1,425765a013379440b24e2ad557c7ea483b3933b56c75966e5aea590fc9121eca
8532,92002|137892,1,1962-06-05T00:05:30+00:00,1962-06-05T00:35:25+00:00,1795.0,FINITE_GEOMETRY_ADMISSIBLE_WITNESS,GEOMETRY_ADMISSIBLE,1,7c00e1365a65784b43dcb5d08d0cc0947b15a23047269801c13cd763fe60e12a
8533,92002|137893,1,1962-06-05T00:05:30+00:00,1962-06-05T00:35:25+00:00,1795.0,FINITE_GEOMETRY_ADMISSIBLE_WITNESS,GEOMETRY_ADMISSIBLE,2,854d5197f3aad01333923752d594febdb4cceaf8bab0f6cc47c21baa3fc0a583
8534,92002|137894,1,1962-06-05T00:05:30+00:00,1962-06-05T00:35:25+00:00,1795.0,FINITE_GEOMETRY_ADMISSIBLE_WITNESS,GEOMETRY_ADMISSIBLE,1,071ec52436a48b3b27169be67deb88ebfe941c70f6e14cd355980566593d1e86
8535,92003|137895,1,1962-06-06T21:59:28+00:00,1962-06-06T22:29:13+00:00,1785.0,FINITE_GEOMETRY_ADMISSIBLE_WITNESS,GEOMETRY_ADMISSIBLE,1,382f513d0c69185c9f91a0b4841b76e68d364723a8ba9b5c38a76a001daf76bd
8537,92003|137897,1,1962-06-06T21:59:28+00:00,1962-06-06T22:29:13+00:00,1785.0,FINITE_GEOMETRY_ADMISSIBLE_WITNESS,GEOMETRY_ADMISSIBLE,1,eec942d11261f7f9cc5dded3ee75a51d3e9a0f56e74fea7ece52a6af715d88a0
8538,92003|137898,1,1962-06-06T21:59:28+00:00,1962-06-06T22:29:13+00:00,1785.0,FINITE_GEOMETRY_ADMISSIBLE_WITNESS,GEOMETRY_ADMISSIBLE,1,43b1c9e0f831a4cfbe3b67be72c7b70ae98c36f6a99baddb9a1d1289eae751aa
8539,92003|137899,1,1962-06-06T21:59:28+00:00,1962-06-06T22:29:13+00:00,1785.0,FINITE_GEOMETRY_ADMISSIBLE_WITNESS,GEOMETRY_ADMISSIBLE,1,1af9c605b6f22e15341ece6789284d6220027a5e72cc78a5c7a15a95d5416cb6
8540,92003|137900,1,1962-06-06T21:59:28+00:00,1962-06-06T22:29:13+00:00,1785.0,FINITE_GEOMETRY_ADMISSIBLE_WITNESS,GEOMETRY_ADMISSIBLE,1,2b16ca182e6efd49597693b5c7d942c5353b614682fbef6455bfcffb0695ab69
8541,92003|137901,1,1962-06-06T21:59:28+00:00,1962-06-06T22:29:13+00:00,1785.0,FINITE_GEOMETRY_ADMISSIBLE_WITNESS,GEOMETRY_ADMISSIBLE,1,20963ecee19ff9f1fdd663baf3b35d631b3f87cdfec0f455913b808097dbea2d
8542,92003|137902,1,1962-06-06T21:59:28+00:00,1962-06-06T22:29:13+00:00,1785.0,FINITE_GEOMETRY_ADMISSIBLE_WITNESS,GEOMETRY_ADMISSIBLE,1,4cb8aa1ba314ea1c5c1a8442668c609b9a25678f9fae8f0bca00ee80eeac7259
8543,92004|137895,1,1962-06-06T22:36:02+00:00,1962-06-06T22:38:00+00:00,118.0,FINITE_GEOMETRY_ADMISSIBLE_WITNESS,GEOMETRY_ADMISSIBLE,1,b16b0353d73ee7fa0823654ed1fa9cb4f7b798e0743eee3dba8d70d3df9b0b62
8544,92004|137896,1,1962-06-06T22:36:02+00:00,1962-06-06T22:38:00+00:00,118.0,FINITE_GEOMETRY_ADMISSIBLE_WITNESS,GEOMETRY_ADMISSIBLE,1,9aa0d12ba7e0b032b6ee6e868f5bf168b3610c2dc8d48f52ce754607956e0915
8545,92004|137897,1,1962-06-06T22:36:02+00:00,1962-06-06T22:38:00+00:00,118.0,FINITE_GEOMETRY_ADMISSIBLE_WITNESS,GEOMETRY_ADMISSIBLE,1,348f4979742363f419252016ba988c54fdb4c750acc5b9966df5070d4a3c309f
8546,92004|137898,1,1962-06-06T22:36:02+00:00,1962-06-06T22:38:00+00:00,118.0,FINITE_GEOMETRY_ADMISSIBLE_WITNESS,GEOMETRY_ADMISSIBLE,1,abcedd9b6fd6ec1911dade0868cffac32ff431d776921553d129f5dfe082fc63
8548,92004|137900,1,1962-06-06T22:36:02+00:00,1962-06-06T22:38:00+00:00,118.0,FINITE_GEOMETRY_ADMISSIBLE_WITNESS,GEOMETRY_ADMISSIBLE,3,eef91bb43eeba337a49d77a0b4783d962df5447a5055e17b4aadfb79adf94671
8549,92004|137901,1,1962-06-06T22:36:02+00:00,1962-06-06T22:38:00+00:00,118.0,FINITE_GEOMETRY_ADMISSIBLE_WITNESS,GEOMETRY_ADMISSIBLE,1,ed97427912bcdfd9459744992631ee210a2d53cd351438f956d2c7634365e07a
8550,92004|137902,1,1962-06-06T22:36:02+00:00,1962-06-06T22:38:00+00:00,118.0,FINITE_GEOMETRY_ADMISSIBLE_WITNESS,GEOMETRY_ADMISSIBLE,1,bc3f2334c7a93d68444ec9835248243cfb86b500a78e0d3d142148418fa25cb4
8551,92004|137903,1,1962-06-06T22:46:00+00:00,1962-06-06T23:05:57+00:00,1197.0,FINITE_GEOMETRY_ADMISSIBLE_WITNESS,GEOMETRY_ADMISSIBLE,1,5749fdf2f2581cfb372c9a16df0531bfd00cf23d3bbbbc5b0dad56956d359740
8553,92004|137905,1,1962-06-06T22:46:00+00:00,1962-06-06T23:05:57+00:00,1197.0,FINITE_GEOMETRY_ADMISSIBLE_WITNESS,GEOMETRY_ADMISSIBLE,1,a71fd9d441326586577fd5b64d10efda29e175969de304e027360c03ee5ee5d0
8554,92004|137906,1,1962-06-06T22:46:00+00:00,1962-06-06T23:05:57+00:00,1197.0,FINITE_GEOMETRY_ADMISSIBLE_WITNESS,GEOMETRY_ADMISSIBLE,2,928c1041a0e7a376a073399ef14703ac1b1346ce51ea7ceb949bd8c66c5d9284
8555,92004|137907,1,1962-06-06T22:46:00+00:00,1962-06-06T23:05:57+00:00,1197.0,FINITE_GEOMETRY_ADMISSIBLE_WITNESS,GEOMETRY_ADMISSIBLE,1,a205b3e61de3ea0d3bd1fdc31eb1abd596b4b3ec370949c997747e16435363b1
8556,92004|137908,1,1962-06-06T22:46:00+00:00,1962-06-06T23:05:57+00:00,1197.0,FINITE_GEOMETRY_ADMISSIBLE_WITNESS,GEOMETRY_ADMISSIBLE,2,deb62988eeac1540a254f0bdda4ea6b6deea37d78227040b6efaa0aa672ad774
8557,92004|137909,1,1962-06-06T22:46:00+00:00,1962-06-06T23:05:57+00:00,1197.0,FINITE_GEOMETRY_ADMISSIBLE_WITNESS,GEOMETRY_ADMISSIBLE,2,abb2aabfc0934374fe20a596424f287a852e40a01d205915f62c77ed0ee029f6
8558,92004|137910,1,1962-06-06T22:46:00+00:00,1962-06-06T23:05:57+00:00,1197.0,FINITE_GEOMETRY_ADMISSIBLE_WITNESS,GEOMETRY_ADMISSIBLE,2,78db9daf529147ed6e045ffd0f36e8910a6b46fc9e38ab80411552ea8b89725e
8559,92005|137903,1,1962-06-06T23:10:26+00:00,1962-06-06T23:40:21+00:00,1795.0,FINITE_GEOMETRY_ADMISSIBLE_WITNESS,GEOMETRY_ADMISSIBLE,1,d7b27d54f88a90920052f944f619e1650824ad7daaa7a290838634d0f03b9afb
8561,92005|137905,1,1962-06-06T23:10:26+00:00,1962-06-06T23:40:21+00:00,1795.0,FINITE_GEOMETRY_ADMISSIBLE_WITNESS,GEOMETRY_ADMISSIBLE,2,b9275b0d87a5a341cdab9437061173747b32fb45b17df8a9675f865d49f32562
8562,92005|137906,1,1962-06-06T23:10:26+00:00,1962-06-06T23:40:21+00:00,1795.0,FINITE_GEOMETRY_ADMISSIBLE_WITNESS,GEOMETRY_ADMISSIBLE,2,306b97deb13f4c9f57aabbb73f12df4f1cf74971c8bdeee9708c159f7a4d837c
8563,92005|137907,1,1962-06-06T23:10:26+00:00,1962-06-06T23:40:21+00:00,1795.0,FINITE_GEOMETRY_ADMISSIBLE_WITNESS,GEOMETRY_ADMISSIBLE,1,05df2db7ea2f350384b2e31fe9774f1398898421f1757b6525c6207181986dd1
8564,92005|137908,1,1962-06-06T23:10:26+00:00,1962-06-06T23:40:21+00:00,1795.0,FINITE_GEOMETRY_ADMISSIBLE_WITNESS,GEOMETRY_ADMISSIBLE,2,c66a1ff7264b9ea2fd9492764d6c9b0c97ff1819c363f4dd2bebf39fc4a59b49
8565,92005|137909,1,1962-06-06T23:10:26+00:00,1962-06-06T23:40:21+00:00,1795.0,FINITE_GEOMETRY_ADMISSIBLE_WITNESS,GEOMETRY_ADMISSIBLE,1,19f7bbc1a306e0680c5fe7aace174ef2829e33c88b3fa211d1d7110eb74e2d0d
8566,92005|137910,1,1962-06-06T23:10:26+00:00,1962-06-06T23:40:21+00:00,1795.0,FINITE_GEOMETRY_ADMISSIBLE_WITNESS,GEOMETRY_ADMISSIBLE,1,35ef809e8e90cac4d51ea1627d06864bf989fa5a96b76f37518ae3367ccbd4a4
8567,92006|137903,1,1962-06-06T23:44:11+00:00,1962-06-06T23:46:00+00:00,109.0,FINITE_GEOMETRY_ADMISSIBLE_WITNESS,GEOMETRY_ADMISSIBLE,1,1db46a96fa656e00046e2c3fedd7b47f057ab33019f7bb4c46ea393b4aa8d2f8
8568,92006|137904,1,1962-06-06T23:44:11+00:00,1962-06-06T23:46:00+00:00,109.0,FINITE_GEOMETRY_ADMISSIBLE_WITNESS,GEOMETRY_ADMISSIBLE,1,0c9ff02628e684b91ee8ad90eed7d712a0267453676b141ed2134bb227c537e3
8569,92006|137905,1,1962-06-06T23:44:11+00:00,1962-06-06T23:46:00+00:00,109.0,FINITE_GEOMETRY_ADMISSIBLE_WITNESS,GEOMETRY_ADMISSIBLE,1,544d7febab80f923f89312509021832400f9e9990f5cc742734ebdedb86d898f
8570,92006|137906,1,1962-06-06T23:44:11+00:00,1962-06-06T23:46:00+00:00,109.0,FINITE_GEOMETRY_ADMISSIBLE_WITNESS,GEOMETRY_ADMISSIBLE,2,5c45bab113a4346c2e6111160af78b99079cc0ebb91e086eea1237cfef25f559
8572,92006|137908,1,1962-06-06T23:44:11+00:00,1962-06-06T23:46:00+00:00,109.0,FINITE_GEOMETRY_ADMISSIBLE_WITNESS,GEOMETRY_ADMISSIBLE,2,81fffab99e80c666b7b5e9979dc2c3ff8ede5233711fd1ccd6aa6847c1bd257c
8573,92006|137909,1,1962-06-06T23:44:11+00:00,1962-06-06T23:46:00+00:00,109.0,FINITE_GEOMETRY_ADMISSIBLE_WITNESS,GEOMETRY_ADMISSIBLE,1,da87f619d197df1b0c3725ac6144866d9106a0475139e4c762b9f01f5cd2ff13
8575,92006|137911,1,1962-06-06T23:55:00+00:00,1962-06-07T00:14:06+00:00,1146.0,FINITE_GEOMETRY_ADMISSIBLE_WITNESS,GEOMETRY_ADMISSIBLE,1,af9ef373b8dd8f2752b80ef5952542094c887996f0485f6e1b9f4eb7d442d991
8577,92006|137913,1,1962-06-06T23:55:00+00:00,1962-06-07T00:14:06+00:00,1146.0,FINITE_GEOMETRY_ADMISSIBLE_WITNESS,GEOMETRY_ADMISSIBLE,1,e8cd6157f40c1cdf01945636aafc0bf64e44d284beb2cfb8bb77d451b264b43f
8578,92006|137914,1,1962-06-06T23:55:00+00:00,1962-06-07T00:14:06+00:00,1146.0,FINITE_GEOMETRY_ADMISSIBLE_WITNESS,GEOMETRY_ADMISSIBLE,1,a8c670a14eb9756a1606b426d7748720e45c9aeb5f3b9060b21c3526c4412750
8579,92006|137915,1,1962-06-06T23:55:00+00:00,1962-06-07T00:14:06+00:00,1146.0,FINITE_GEOMETRY_ADMISSIBLE_WITNESS,GEOMETRY_ADMISSIBLE,1,471a38e1fd46cc884c5122ca84502e62e8c72b5bd10d7e22149e7dddd6235c25
8580,92006|137916,1,1962-06-06T23:55:00+00:00,1962-06-07T00:14:06+00:00,1146.0,FINITE_GEOMETRY_ADMISSIBLE_WITNESS,GEOMETRY_ADMISSIBLE,1,8ac2996c18f769989931f9b666e96a3c8e9e2ddc4945fdb9bc2ea2d95e5b48a7
8581,92006|137917,1,1962-06-06T23:55:00+00:00,1962-06-07T00:14:06+00:00,1146.0,FINITE_GEOMETRY_ADMISSIBLE_WITNESS,GEOMETRY_ADMISSIBLE,2,3745575b5a873eb1f90ba3fd5c4ca4d5e209d846ed69ac7ceef88bc9cec7506e
8582,92006|137918,1,1962-06-06T23:55:00+00:00,1962-06-07T00:14:06+00:00,1146.0,FINITE_GEOMETRY_ADMISSIBLE_WITNESS,GEOMETRY_ADMISSIBLE,2,e8a6f90cc135a24ad632a729f1bebc1909803ba8c4bfc6d1cd10154fdaf9b59b
8583,92012|137919,1,1962-06-08T21:48:27+00:00,1962-06-08T22:18:22+00:00,1795.0,FINITE_GEOMETRY_ADMISSIBLE_WITNESS,GEOMETRY_ADMISSIBLE,1,e8b6bba58c14bdc9ec8305bc226136d4110f814d7f3a3e0bbfd0b5d1fa392302
8584,92012|137920,1,1962-06-08T21:48:27+00:00,1962-06-08T22:18:22+00:00,1795.0,FINITE_GEOMETRY_ADMISSIBLE_WITNESS,GEOMETRY_ADMISSIBLE,3,aab19a460f15c87f7f52873ed0233fd4cecc1ee73648983a9e521e7e08260573
8585,92012|137921,1,1962-06-08T21:48:27+00:00,1962-06-08T22:18:22+00:00,1795.0,FINITE_GEOMETRY_ADMISSIBLE_WITNESS,GEOMETRY_ADMISSIBLE,2,f70a57cc854256c3d4498b52796815182f7205116b4a73115e5c8a4732d261c4
8586,92012|137923,1,1962-06-08T21:48:27+00:00,1962-06-08T22:18:22+00:00,1795.0,FINITE_GEOMETRY_ADMISSIBLE_WITNESS,GEOMETRY_ADMISSIBLE,1,04eef41800a718bcefffe806c6203b037a64b9cf909de1636b25e8cdaa18d08b
8587,92012|137924,1,1962-06-08T21:48:27+00:00,1962-06-08T22:18:22+00:00,1795.0,FINITE_GEOMETRY_ADMISSIBLE_WITNESS,GEOMETRY_ADMISSIBLE,3,1eaa931d3cb487a1194d0c9e3555934366f394529556bb0c8e759120f1105825
8588,92012|137925,1,1962-06-08T21:48:27+00:00,1962-06-08T22:18:22+00:00,1795.0,FINITE_GEOMETRY_ADMISSIBLE_WITNESS,GEOMETRY_ADMISSIBLE,1,21822cf5aa9967d8528dfeb592983cd401b73c010dced8f5babe85aa6d1bc1e3
8589,92012|137926,1,1962-06-08T21:48:27+00:00,1962-06-08T22:18:22+00:00,1795.0,FINITE_GEOMETRY_ADMISSIBLE_WITNESS,GEOMETRY_ADMISSIBLE,1,bd76dbe7ee23a44903f89c9234c3a67e2cb7ae2548b00cf5aed4dcf7465fd017
8590,92013|137919,1,1962-06-08T22:22:11+00:00,1962-06-08T22:32:00+00:00,589.0,FINITE_GEOMETRY_ADMISSIBLE_WITNESS,GEOMETRY_ADMISSIBLE,1,0dbd7c22cfff90df805635ea6d493c79064bec163115e38902222b0503b7a6d2
8591,92013|137920,1,1962-06-08T22:22:11+00:00,1962-06-08T22:32:00+00:00,589.0,FINITE_GEOMETRY_ADMISSIBLE_WITNESS,GEOMETRY_ADMISSIBLE,1,017bc94422a8ba4a92dd2af8cf5852b9149e547d31e5401ad37bce9349e4097b
8592,92013|137921,1,1962-06-08T22:22:11+00:00,1962-06-08T22:32:00+00:00,589.0,FINITE_GEOMETRY_ADMISSIBLE_WITNESS,GEOMETRY_ADMISSIBLE,3,a485c03a271352e725382ac73b8788bc16594b300ce92884b7be1cba5563b268
8594,92013|137924,1,1962-06-08T22:22:11+00:00,1962-06-08T22:32:00+00:00,589.0,FINITE_GEOMETRY_ADMISSIBLE_WITNESS,GEOMETRY_ADMISSIBLE,2,d82d08aee1658f5d4dc71a8a1d24f3b16de1a9eab678de204f899c7cce17c2f4
8595,92013|137925,1,1962-06-08T22:22:11+00:00,1962-06-08T22:32:00+00:00,589.0,FINITE_GEOMETRY_ADMISSIBLE_WITNESS,GEOMETRY_ADMISSIBLE,1,21f9aca7e35dada2b27e0885e8514f0ec87c9727ee319d44379d90da72e581ec
8597,92013|137927,1,1962-06-08T22:43:00+00:00,1962-06-08T23:02:05+00:00,1145.0,FINITE_GEOMETRY_ADMISSIBLE_WITNESS,GEOMETRY_ADMISSIBLE,1,056debd82c4022e8b5861a40a31c339015bac2a8cdd0302fc5b59e5e628f1f19
8599,92013|137929,1,1962-06-08T22:43:00+00:00,1962-06-08T23:02:05+00:00,1145.0,FINITE_GEOMETRY_ADMISSIBLE_WITNESS,GEOMETRY_ADMISSIBLE,1,c69245039ef0a084bd7bc898b196e1f6f24d2132fa82553e9a11c819e68bffe7
8600,92013|137930,1,1962-06-08T22:43:00+00:00,1962-06-08T23:02:05+00:00,1145.0,FINITE_GEOMETRY_ADMISSIBLE_WITNESS,GEOMETRY_ADMISSIBLE,1,6452f3b87d6c32a664e0d525b1d61e966104574e933f6f1c1beda5b2732f7e5d
8601,92013|137931,1,1962-06-08T22:43:00+00:00,1962-06-08T23:02:05+00:00,1145.0,FINITE_GEOMETRY_ADMISSIBLE_WITNESS,GEOMETRY_ADMISSIBLE,1,cfce188875ab85af8d7d5d9eeefa2c268ed0f808c218a3624fe4c6058388603a
8602,92013|137932,1,1962-06-08T22:43:00+00:00,1962-06-08T23:02:05+00:00,1145.0,FINITE_GEOMETRY_ADMISSIBLE_WITNESS,GEOMETRY_ADMISSIBLE,1,efbf312de189447b14c67e82d7b823fa2840049c7a04c28cbb8720d3c760f7a8
8603,92013|137933,1,1962-06-08T22:43:00+00:00,1962-06-08T23:02:05+00:00,1145.0,FINITE_GEOMETRY_ADMISSIBLE_WITNESS,GEOMETRY_ADMISSIBLE,1,b04ef4973a8ebf88659ee1274d6add31aed248668b20d07d8f75dafd55b7f97e
8604,92013|137934,1,1962-06-08T22:43:00+00:00,1962-06-08T23:02:05+00:00,1145.0,FINITE_GEOMETRY_ADMISSIBLE_WITNESS,GEOMETRY_ADMISSIBLE,1,0e34a0efa9094ba6877be59459bc9ea13df445160fed44216efa096011ef0208
8605,92016|138308,1,1962-10-21T20:47:36+00:00,1962-10-21T21:12:00+00:00,1464.0,FINITE_GEOMETRY_ADMISSIBLE_WITNESS,GEOMETRY_ADMISSIBLE,1,8416e93181414a5d91bba42cf7eb28b77adea7219490afb6ce776a2ec3ab74da
8606,92016|138309,1,1962-10-21T20:47:36+00:00,1962-10-21T21:12:00+00:00,1464.0,FINITE_GEOMETRY_ADMISSIBLE_WITNESS,GEOMETRY_ADMISSIBLE,1,510553aa32ebb860883ffb356e40aba1376f6c829537387c2008251243bc15ae
8607,92016|138310,1,1962-10-21T20:47:36+00:00,1962-10-21T21:12:00+00:00,1464.0,FINITE_GEOMETRY_ADMISSIBLE_WITNESS,GEOMETRY_ADMISSIBLE,1,4aeb0b19e73274ed19db3dc52cb999a8d38a4909adc8196391515decb9186fef
8613,92016|138316,1,1962-10-21T21:22:00+00:00,1962-10-21T21:37:28+00:00,928.0,FINITE_GEOMETRY_ADMISSIBLE_WITNESS,GEOMETRY_ADMISSIBLE,3,cc3c42423e7b021a82cf8d9fea2d86e94ee9d870087059c70a464e58529757a7
8615,92016|138318,1,1962-10-21T21:22:00+00:00,1962-10-21T21:37:28+00:00,928.0,FINITE_GEOMETRY_ADMISSIBLE_WITNESS,GEOMETRY_ADMISSIBLE,3,a00790b1b1cd9c97553310b9f7c869de85062765a5d9680934148be7f33fd69f
8616,92016|138319,1,1962-10-21T21:22:00+00:00,1962-10-21T21:37:28+00:00,928.0,FINITE_GEOMETRY_ADMISSIBLE_WITNESS,GEOMETRY_ADMISSIBLE,1,376b43e0929f422e0578e9606f83e89246d3f0ba15bd60e55b80fc37e305e0db
8617,92016|138320,1,1962-10-21T21:22:00+00:00,1962-10-21T21:37:28+00:00,928.0,FINITE_GEOMETRY_ADMISSIBLE_WITNESS,GEOMETRY_ADMISSIBLE,1,6e109c01465d2183c237d579c247a2ab67636e6f093bc0b9f17fc987e5d4d654
8618,92016|138321,1,1962-10-21T21:22:00+00:00,1962-10-21T21:37:28+00:00,928.0,FINITE_GEOMETRY_ADMISSIBLE_WITNESS,GEOMETRY_ADMISSIBLE,1,a8523cbb112c9b5352e434806fbf2cec1fb4ecbf8be0cea2677642c28406252d
8619,92016|138322,1,1962-10-21T21:22:00+00:00,1962-10-21T21:37:28+00:00,928.0,FINITE_GEOMETRY_ADMISSIBLE_WITNESS,GEOMETRY_ADMISSIBLE,1,e5f692a5e17301e25dae58798855e6a9f32bbfc8a6ba9b33030d5b2c9b2b406a
8620,92016|138323,1,1962-10-21T21:22:00+00:00,1962-10-21T21:37:28+00:00,928.0,FINITE_GEOMETRY_ADMISSIBLE_WITNESS,GEOMETRY_ADMISSIBLE,1,31a49652414855707631e613c424dd0fa897a35fd637b985fecb445bc44cfc72
8621,92282|128607,1,1936-04-21T21:33:58+00:00,1936-04-21T21:44:00+00:00,602.0,FINITE_GEOMETRY_ADMISSIBLE_WITNESS,GEOMETRY_ADMISSIBLE,2,a557f5fc03984a425d024dca7c91628ef3a549643183443426abca6be7ab1c65
8627,110681|124002,1,1932-04-27T21:13:00+00:00,1932-04-27T21:43:00+00:00,1800.0,FINITE_GEOMETRY_ADMISSIBLE_WITNESS,GEOMETRY_ADMISSIBLE,1,9b6e457a0ab72af731817eb24b5982ebbf72a061c07ffcc1926e743cafab288b
8628,110681|124004,1,1932-04-27T22:15:00+00:00,1932-04-27T22:34:00+00:00,1140.0,FINITE_GEOMETRY_ADMISSIBLE_WITNESS,GEOMETRY_ADMISSIBLE,1,7d386954fa054edc45595a2f05ecf9e3d0e5f49fe2a512be01d89946c4668e37
8633,110781|125350,1,1933-03-02T00:51:00+00:00,1933-03-02T01:15:00+00:00,1440.0,FINITE_GEOMETRY_ADMISSIBLE_WITNESS,GEOMETRY_ADMISSIBLE,1,33fa49777a34f17937a39d9dd663e76e1c37ead3d90de112240d11e26a853141
8635,110781|125426,1,1933-03-02T00:51:00+00:00,1933-03-02T01:15:00+00:00,1440.0,FINITE_GEOMETRY_ADMISSIBLE_WITNESS,GEOMETRY_ADMISSIBLE,1,9d4b4a91cfb698ebf26a61b170331b03b38cec435402e5f13082a5e1e16f7516
8636,110781|125427,1,1933-03-02T01:16:00+00:00,1933-03-02T01:46:00+00:00,1800.0,FINITE_GEOMETRY_ADMISSIBLE_WITNESS,GEOMETRY_ADMISSIBLE,2,b8e4706fc8f40a0f065f961968489751b1e246a260267ae7ad6a8b6e472c472a
8637,110781|125428,1,1933-03-02T01:47:00+00:00,1933-03-02T01:51:00+00:00,240.0,FINITE_GEOMETRY_ADMISSIBLE_WITNESS,GEOMETRY_ADMISSIBLE,1,ee8ab0b6e742e19993ca05952e0cf7d319c755c6c9860370ca740f2075d605f9
8638,110782|125353,1,1933-03-02T02:24:00+00:00,1933-03-02T02:48:00+00:00,1440.0,FINITE_GEOMETRY_ADMISSIBLE_WITNESS,GEOMETRY_ADMISSIBLE,2,37f450b0949f47b8f0de8c68fed0a5e0b8c7a7fef5ecaaf376962a14d2ad8d0b
8640,110782|125429,1,1933-03-02T02:24:00+00:00,1933-03-02T02:48:00+00:00,1440.0,FINITE_GEOMETRY_ADMISSIBLE_WITNESS,GEOMETRY_ADMISSIBLE,1,5c91b0125deb978f0d7c05fef087c6c0674232c85508089a96fd2b8b690cdd38
8641,110782|125430,1,1933-03-02T02:49:00+00:00,1933-03-02T03:19:00+00:00,1800.0,FINITE_GEOMETRY_ADMISSIBLE_WITNESS,GEOMETRY_ADMISSIBLE,1,57726b880e19a6ea6a3b37a0570f20f5f8fb36ee6a2a5530707b751ba8d79568
8642,110829|125531,1,1933-03-27T20:58:00+00:00,1933-03-27T21:16:00+00:00,1080.0,FINITE_GEOMETRY_ADMISSIBLE_WITNESS,GEOMETRY_ADMISSIBLE,1,920f6d718da5b63100c72430daf608876bf5b2a6210c6d9db5905cffe3e57cb1
8643,110829|125586,1,1933-03-27T20:46:00+00:00,1933-03-27T20:57:00+00:00,660.0,FINITE_GEOMETRY_ADMISSIBLE_WITNESS,GEOMETRY_ADMISSIBLE,1,ae31b8d243eea8534a9529c085458c20eec48bde24151dcef129a6eda25dcaa0
8648,110957|129741,1,1938-03-20T21:18:00+00:00,1938-03-20T21:19:00+00:00,60.0,FINITE_GEOMETRY_ADMISSIBLE_WITNESS,GEOMETRY_ADMISSIBLE,1,748194b09239f4679e9ceb5c0aa97826359c49057e505b8ece143c453fe7b75c
8651,110957|129747,1,1938-03-20T22:24:00+00:00,1938-03-20T22:30:00+00:00,360.0,FINITE_GEOMETRY_ADMISSIBLE_WITNESS,GEOMETRY_ADMISSIBLE,1,5168f47fc2bee453b6e2dc5900f2ab5b28e0a32cb14f8d88d9a072a336a2aea9
8652,110958|129751,1,1938-03-21T21:46:00+00:00,1938-03-21T21:53:00+00:00,420.0,FINITE_GEOMETRY_ADMISSIBLE_WITNESS,GEOMETRY_ADMISSIBLE,1,dde0fac0f121bb30baad260d04fc281b7a828b4dd40137c42113399a00d12eed
8655,111268|130137,1,1938-09-18T22:35:30+00:00,1938-09-18T22:55:30+00:00,1200.0,FINITE_GEOMETRY_ADMISSIBLE_WITNESS,GEOMETRY_ADMISSIBLE,1,9fca778e3a463b83e0eee75717437c3a068cc68653c67af4fa03356929b73288
8658,111273|130202,1,1938-09-24T20:05:02+00:00,1938-09-24T20:23:00+00:00,1078.0,FINITE_GEOMETRY_ADMISSIBLE_WITNESS,GEOMETRY_ADMISSIBLE,1,0e974c37d0f89b581afa2b5d5e57f3022d08824ff62838d2d10998d73df9ed96
8659,111283|130237,1,1938-09-26T23:38:00+00:00,1938-09-26T23:51:00+00:00,780.0,FINITE_GEOMETRY_ADMISSIBLE_WITNESS,GEOMETRY_ADMISSIBLE,3,6e65e562fc619abad517d4a5a4102dbd92e0d845d8e0170439d6ed6536d8af2e
8660,111283|130238,1,1938-09-26T23:52:00+00:00,1938-09-27T00:22:00+00:00,1800.0,FINITE_GEOMETRY_ADMISSIBLE_WITNESS,GEOMETRY_ADMISSIBLE,1,a09c569ed183612c8a8b4c6977c6b4e8801c15cb20862f24e7d9627bffc4c6a9
8670,111468|130631,1,1939-04-10T22:05:00+00:00,1939-04-10T22:11:00+00:00,360.0,FINITE_GEOMETRY_ADMISSIBLE_WITNESS,GEOMETRY_ADMISSIBLE,2,926f75d5aa0c1da761954eb36849303e56df1d2f5aba8efaab46cbe8541ba32f
8671,111468|130632,1,1939-04-10T22:12:00+00:00,1939-04-10T22:35:00+00:00,1380.0,FINITE_GEOMETRY_ADMISSIBLE_WITNESS,GEOMETRY_ADMISSIBLE,2,f0ad11f5a060daa9ebd867bfb774b3be08a2db6ca2c3509af5365cb2ef64b346
8675,115242|132701,1,1954-11-01T21:41:30+00:00,1954-11-01T21:50:29+00:00,539.0,FINITE_GEOMETRY_ADMISSIBLE_WITNESS,GEOMETRY_ADMISSIBLE,1,90e0a50c38c7dc230f414d3cd06766c0bb831f6d52ad148515ab6245b2340541
8676,115243|132701,1,1954-11-01T21:51:29+00:00,1954-11-01T21:54:28+00:00,179.0,FINITE_GEOMETRY_ADMISSIBLE_WITNESS,GEOMETRY_ADMISSIBLE,1,d1641fc3a04dad1143724fa0a44f8495e8866a87bfe7e8522c6a57e1fd4b453e
8677,115244|132701,1,1954-11-01T21:55:28+00:00,1954-11-01T21:56:28+00:00,60.0,FINITE_GEOMETRY_ADMISSIBLE_WITNESS,GEOMETRY_ADMISSIBLE,1,27d1632559e330d10350baa6269ca1bf3ea3b647992edee4099dfc89928f5656
8686,132059|139207,1,1952-08-14T21:15:00+00:00,1952-08-14T22:12:00+00:00,3420.0,FINITE_GEOMETRY_ADMISSIBLE_WITNESS,GEOMETRY_ADMISSIBLE,1,bb5dfbeb765d7f70df0eb62b667d15ec7a34f47ddc1b2643cd1b3cf4085984a8
8687,132060|139207,1,1952-08-14T21:15:00+00:00,1952-08-14T22:12:00+00:00,3420.0,FINITE_GEOMETRY_ADMISSIBLE_WITNESS,GEOMETRY_ADMISSIBLE,1,569306b0ad93bb8bf13f66368e1048842d9d7f293d2e36f3911dcd0e7aac3f5a
8706,132404|139417,1,1953-08-06T22:43:00+00:00,1953-08-06T23:13:00+00:00,1800.0,FINITE_GEOMETRY_ADMISSIBLE_WITNESS,GEOMETRY_ADMISSIBLE,1,ae60bd6c3624737358b56e4272f403b1018539662e02fed096bc1f3959f9f9a8
8707,132404|139418,1,1953-08-06T23:17:00+00:00,1953-08-06T23:45:00+00:00,1680.0,FINITE_GEOMETRY_ADMISSIBLE_WITNESS,GEOMETRY_ADMISSIBLE,1,bfba024d78748824d574867a9d420c543de2b8da7b39267f831e9d9776485eab
8725,132452|139439,1,1953-08-12T21:12:00+00:00,1953-08-12T21:57:00+00:00,2700.0,FINITE_GEOMETRY_ADMISSIBLE_WITNESS,GEOMETRY_ADMISSIBLE,1,96cbbd17cacbfc767cfe86f9796646369059e2616240743084f41db68f8be3b1
8741,132462|139447,1,1953-08-13T22:19:00+00:00,1953-08-13T22:50:00+00:00,1860.0,FINITE_GEOMETRY_ADMISSIBLE_WITNESS,GEOMETRY_ADMISSIBLE,1,712470a0de36b52957709dc7b8527ed45814c0c338abfaf57f95012fcc3941ec
8753,132483|139476,1,1953-09-02T21:26:00+00:00,1953-09-02T22:00:00+00:00,2040.0,FINITE_GEOMETRY_ADMISSIBLE_WITNESS,GEOMETRY_ADMISSIBLE,1,df649d5315f727cfa571b3529efa1b53b201943bb1cb83f43363f2735b86ddf8
8763,132507|139490,1,1953-09-07T19:15:00+00:00,1953-09-07T19:43:00+00:00,1680.0,FINITE_GEOMETRY_ADMISSIBLE_WITNESS,GEOMETRY_ADMISSIBLE,1,4217675a5fa67f0780e9d98b42bc78fb29d720041369b17100815b71c744dd99
8764,132507|139491,1,1953-09-07T19:45:00+00:00,1953-09-07T20:18:00+00:00,1980.0,FINITE_GEOMETRY_ADMISSIBLE_WITNESS,GEOMETRY_ADMISSIBLE,1,bb62eb22c2b8b19ea5c144e3ac7c72421c1eba18eaf029eb6ffadd4eccd18485
8765,132516|139492,1,1953-09-08T19:30:00+00:00,1953-09-08T19:34:00+00:00,240.0,FINITE_GEOMETRY_ADMISSIBLE_WITNESS,GEOMETRY_ADMISSIBLE,1,f00cf8008ff539ad14766c1bf358587ed46b2426b3e5813962977b412b693b0b
8766,132516|139493,1,1953-09-08T19:39:00+00:00,1953-09-08T20:09:00+00:00,1800.0,FINITE_GEOMETRY_ADMISSIBLE_WITNESS,GEOMETRY_ADMISSIBLE,1,a1007080374abb2234d20344da660ba046a171311abc4f9188bc03b2a926c366
8767,132516|139494,1,1953-09-08T20:11:00+00:00,1953-09-08T20:30:00+00:00,1140.0,FINITE_GEOMETRY_ADMISSIBLE_WITNESS,GEOMETRY_ADMISSIBLE,1,00536c5a643c41e9208c92e36f2db66cf54f9246c8bca1f0c0a4fe21c067ac50
8768,132518|139495,1,1953-09-08T20:47:00+00:00,1953-09-08T21:15:00+00:00,1680.0,FINITE_GEOMETRY_ADMISSIBLE_WITNESS,GEOMETRY_ADMISSIBLE,2,81c70a87b5f6a9d2b34530d24942a045fb3be001413ffa2b6c5f31d45a7d4e12
8777,132570|139510,1,1953-10-01T19:42:00+00:00,1953-10-01T19:48:00+00:00,360.0,FINITE_GEOMETRY_ADMISSIBLE_WITNESS,GEOMETRY_ADMISSIBLE,1,da22ffb39e079c97d0be6fb10d5854de65d64c13e3bb654232817727a24441a8
8778,132570|139511,1,1953-10-01T19:52:00+00:00,1953-10-01T19:58:00+00:00,360.0,FINITE_GEOMETRY_ADMISSIBLE_WITNESS,GEOMETRY_ADMISSIBLE,1,aa1fa14a32ef8e22b021992d1e1081a23c0991aa00c81e3309c1f5e94ebfa389
8779,132570|139512,1,1953-10-01T20:01:00+00:00,1953-10-01T20:07:00+00:00,360.0,FINITE_GEOMETRY_ADMISSIBLE_WITNESS,GEOMETRY_ADMISSIBLE,1,0377eabe1eff5b47575345e13d46c31f46f22395c5c7d6bd4d921455ab77053b
8780,132570|139513,1,1953-10-01T20:11:00+00:00,1953-10-01T20:17:00+00:00,360.0,FINITE_GEOMETRY_ADMISSIBLE_WITNESS,GEOMETRY_ADMISSIBLE,1,1b040b2f971133b2f5d022934e11f11d65fa257ca35983c7c3590dc0194139e4
8781,132570|139514,1,1953-10-01T20:21:00+00:00,1953-10-01T20:27:00+00:00,360.0,FINITE_GEOMETRY_ADMISSIBLE_WITNESS,GEOMETRY_ADMISSIBLE,1,f59fe26f1c40db463d5010c40cb1e16b5f5a1f83c637844aa3319685a0b31261
8782,132570|139515,1,1953-10-01T20:30:00+00:00,1953-10-01T20:36:00+00:00,360.0,FINITE_GEOMETRY_ADMISSIBLE_WITNESS,GEOMETRY_ADMISSIBLE,1,7fbe098b7d82bc55d0febfb3272e19c7b7206a6820bfd19a1a5980d3bbac9f9a
8783,132570|139516,1,1953-10-01T20:39:00+00:00,1953-10-01T20:40:00+00:00,60.0,FINITE_GEOMETRY_ADMISSIBLE_WITNESS,GEOMETRY_ADMISSIBLE,2,09c41a413f3a9b60b7f597e6270de5a6bc930b1180bf590934f70375a4184405
8803,132663|139535,1,1953-12-02T01:59:00+00:00,1953-12-02T02:28:00+00:00,1740.0,FINITE_GEOMETRY_ADMISSIBLE_WITNESS,GEOMETRY_ADMISSIBLE,1,184a550f555696483a3c6c3cf5eff2a7950822eaa823521ff59aa791377bf86a
