pair_index,pair_id,plate_a,plate_b,site_a,site_b,parent_pair_status,downstream_pair_class,eligible_fragment_count,admissible_fragment_count,unresolved_fragment_count,witness_count,parent_pair_row_sha256
29,3013|85373,2189,57800,"Hamburg-Bergedorf, Germany","Bonn, Germany",FINITE_GEOMETRY_ADMISSIBLE_WITNESS,GEOMETRY_ADMISSIBLE,1,1,0,1,0d2b05d0b29bdf655aad816d5fdfe605f32d72316711c322f44f5fd7ac482d1b
30,3013|85374,2189,57800,"Hamburg-Bergedorf, Germany","Bonn, Germany",FINITE_GEOMETRY_ADMISSIBLE_WITNESS,GEOMETRY_ADMISSIBLE,1,1,0,1,27df43bdf5b1f1b1cfd85a5615d873cdbc7651795a70f12fd9be69daa60e673d
32,3018|85379,2194,57803,"Hamburg-Bergedorf, Germany","Bonn, Germany",FINITE_GEOMETRY_ADMISSIBLE_WITNESS,GEOMETRY_ADMISSIBLE,1,1,0,2,7c5f24b89373f6e6ddd63c43c0476050169de740ff54654f18c5f01d51140ee8
33,3018|85380,2194,57803,"Hamburg-Bergedorf, Germany","Bonn, Germany",FINITE_GEOMETRY_ADMISSIBLE_WITNESS,GEOMETRY_ADMISSIBLE,1,1,0,1,8e1bed6648961505168ae8f110b30fb787b897d8773ffbdb4a885976e59ac52c
36,3018|85397,2194,57812,"Hamburg-Bergedorf, Germany","Bonn, Germany",FINITE_GEOMETRY_ADMISSIBLE_WITNESS,GEOMETRY_ADMISSIBLE,1,1,0,1,ead501c31ab9eebda0bf9055c64531fed047c62911a57f3b8afc4547aa0b4b3b
37,3018|85398,2194,57812,"Hamburg-Bergedorf, Germany","Bonn, Germany",FINITE_GEOMETRY_ADMISSIBLE_WITNESS,GEOMETRY_ADMISSIBLE,1,1,0,1,0c9bbb647813899729c694e94ce9490f9f6d015c66743319d913fd6429ce4cf9
38,3018|85399,2194,57813,"Hamburg-Bergedorf, Germany","Bonn, Germany",FINITE_GEOMETRY_ADMISSIBLE_WITNESS,GEOMETRY_ADMISSIBLE,1,1,0,1,3c1eaa364528ff47f44c117026466c9b4fbc24855a6d39a320a95e88a7b20217
39,3018|85400,2194,57813,"Hamburg-Bergedorf, Germany","Bonn, Germany",FINITE_GEOMETRY_ADMISSIBLE_WITNESS,GEOMETRY_ADMISSIBLE,1,1,0,1,80541518803c94566eaa0bd03e58be18b43fda09bf45b83255406d3f8612051a
40,3018|85401,2194,57814,"Hamburg-Bergedorf, Germany","Bonn, Germany",FINITE_GEOMETRY_ADMISSIBLE_WITNESS,GEOMETRY_ADMISSIBLE,1,1,0,1,e869b7ddafa45d75513bd55ea3781611bd08834be7445d082d984f220fcfd036
52,3047|120736,2220,78057,"Hamburg-Bergedorf, Germany","Dr. Remeis-Observatory, Bamberg, Germany",FINITE_GEOMETRY_ADMISSIBLE_WITNESS,GEOMETRY_ADMISSIBLE,1,1,0,1,a6ef050a8c5d11e1bf82fb3cdfb034bb388d0a296b1543e87571b48981c87fb2
61,3049|85501,2222,57864,"Hamburg-Bergedorf, Germany","Bonn, Germany",FINITE_GEOMETRY_ADMISSIBLE_WITNESS,GEOMETRY_ADMISSIBLE,1,1,0,1,1939aaddb818508d3f2d135fc69207e34b1dd71b22a071c456286565f8f9448a
62,3049|85502,2222,57864,"Hamburg-Bergedorf, Germany","Bonn, Germany",FINITE_GEOMETRY_ADMISSIBLE_WITNESS,GEOMETRY_ADMISSIBLE,1,1,0,1,519d6aaa3a1003ad12a0f3980d7c4e6a8d05149ff66fb49c7c6dd9223f7f741c
65,3075|85573,2248,57900,"Hamburg-Bergedorf, Germany","Bonn, Germany",FINITE_GEOMETRY_ADMISSIBLE_WITNESS,GEOMETRY_ADMISSIBLE,1,1,0,1,ee57f9c820405930857e95657a5c39c8b318b302d86f15936a5067e7bedd82aa
66,3075|85574,2248,57900,"Hamburg-Bergedorf, Germany","Bonn, Germany",FINITE_GEOMETRY_ADMISSIBLE_WITNESS,GEOMETRY_ADMISSIBLE,1,1,0,1,4ec300600bc15092b2a7fbff0507ef33a31908090fb4c9cf52edef46020b41bc
106,3103|85661,2276,57944,"Hamburg-Bergedorf, Germany","Bonn, Germany",FINITE_GEOMETRY_ADMISSIBLE_WITNESS,GEOMETRY_ADMISSIBLE,1,1,0,2,c63c624275235474b16ec95721304cb6c7248b766a8967203b6bd885e3d111ac
108,3104|85663,2277,57945,"Hamburg-Bergedorf, Germany","Bonn, Germany",FINITE_GEOMETRY_ADMISSIBLE_WITNESS,GEOMETRY_ADMISSIBLE,1,1,0,1,75e0d893ba89d90b73d2a96fdb0047a42db372fb4143a54f6deba3077c233e14
131,3133|120894,2306,78215,"Hamburg-Bergedorf, Germany","Dr. Remeis-Observatory, Bamberg, Germany",FINITE_GEOMETRY_ADMISSIBLE_WITNESS,GEOMETRY_ADMISSIBLE,1,1,0,1,3dc74995b742b03004bbaf5c9d89192c41be72875ccc0a12e172f8452955bbb5
145,3141|120929,2314,78250,"Hamburg-Bergedorf, Germany","Dr. Remeis-Observatory, Bamberg, Germany",FINITE_GEOMETRY_ADMISSIBLE_WITNESS,GEOMETRY_ADMISSIBLE,1,1,0,1,f8db65f1eefaab0aaae268928c725f04873290e882923925cb6de4504dd29ba5
146,3170|120975,2338,78296,"Hamburg-Bergedorf, Germany","Dr. Remeis-Observatory, Bamberg, Germany",FINITE_GEOMETRY_ADMISSIBLE_WITNESS,GEOMETRY_ADMISSIBLE,1,1,0,1,bca037bff44d72f2fc4d49e5311a678bf1fee479b1f0f4b82f0f061651e02492
148,3170|120977,2338,78298,"Hamburg-Bergedorf, Germany","Dr. Remeis-Observatory, Bamberg, Germany",FINITE_GEOMETRY_ADMISSIBLE_WITNESS,GEOMETRY_ADMISSIBLE,1,1,0,1,70a3ad27a44a854be191b73e0c1da4d68ed524753880feb08ab44bcc741eac6b
149,3170|120978,2338,78299,"Hamburg-Bergedorf, Germany","Dr. Remeis-Observatory, Bamberg, Germany",FINITE_GEOMETRY_ADMISSIBLE_WITNESS,GEOMETRY_ADMISSIBLE,1,1,0,1,02edb2b8b5f9e86ddbcafba3085a7bed991f2e55c56878de630632c11e1f2f90
157,3186|121004,2354,78325,"Hamburg-Bergedorf, Germany","Dr. Remeis-Observatory, Bamberg, Germany",FINITE_GEOMETRY_ADMISSIBLE_WITNESS,GEOMETRY_ADMISSIBLE,1,1,0,2,3510e15dbd5d04eeb27716420b76facb5602f9cb014c50f196e3b0e853e80696
173,3202|121066,2370,78387,"Hamburg-Bergedorf, Germany","Dr. Remeis-Observatory, Bamberg, Germany",FINITE_GEOMETRY_ADMISSIBLE_WITNESS,GEOMETRY_ADMISSIBLE,1,1,0,1,1a9f375609a785a51e8042b327962bb97d147af5d9bc5e17cd6e766b717d0e28
175,3204|121067,2372,78388,"Hamburg-Bergedorf, Germany","Dr. Remeis-Observatory, Bamberg, Germany",FINITE_GEOMETRY_ADMISSIBLE_WITNESS,GEOMETRY_ADMISSIBLE,1,1,0,1,9d021d92afe27536de31aaab1efe4073f176f30b27ec7584a862a6c3ec160686
177,3207|85825,2375,58026,"Hamburg-Bergedorf, Germany","Bonn, Germany",FINITE_GEOMETRY_ADMISSIBLE_WITNESS,GEOMETRY_ADMISSIBLE,1,1,0,1,bd699fcf9265bd9901b8a7947f31e1daa89e994396af73df24676933871cee18
203,3243|121167,2411,78486,"Hamburg-Bergedorf, Germany","Dr. Remeis-Observatory, Bamberg, Germany",FINITE_GEOMETRY_ADMISSIBLE_WITNESS,GEOMETRY_ADMISSIBLE,1,1,0,1,563b18161e06527eb57ea0f146756a3f87082529e1408d0c392c6c2e181d8afb
204,3245|121170,2413,78489,"Hamburg-Bergedorf, Germany","Dr. Remeis-Observatory, Bamberg, Germany",FINITE_GEOMETRY_ADMISSIBLE_WITNESS,GEOMETRY_ADMISSIBLE,1,1,0,2,dbc60e6a24518fc44cd99a212debd5971f6050af64108c7f1818eaf09fd5ce69
206,3249|121175,2417,78494,"Hamburg-Bergedorf, Germany","Dr. Remeis-Observatory, Bamberg, Germany",FINITE_GEOMETRY_ADMISSIBLE_WITNESS,GEOMETRY_ADMISSIBLE,1,1,0,1,c7e24758747f358f09fe82c1a76d43700a9b3222637682c00c404198f21aad6a
212,3267|85905,2435,58066,"Hamburg-Bergedorf, Germany","Bonn, Germany",FINITE_GEOMETRY_ADMISSIBLE_WITNESS,GEOMETRY_ADMISSIBLE,1,1,0,2,4aaaea0a03e0974df1b3a8f8b6c0e288336a9fe0c6eb3bb97bb5255bc9243250
213,3267|85906,2435,58066,"Hamburg-Bergedorf, Germany","Bonn, Germany",FINITE_GEOMETRY_ADMISSIBLE_WITNESS,GEOMETRY_ADMISSIBLE,1,1,0,1,b3fa61b67b19cd5fb25a9c95fc1bb9ddd37d28315641d5400aca1b42fca12f87
221,3270|121187,2438,78506,"Hamburg-Bergedorf, Germany","Dr. Remeis-Observatory, Bamberg, Germany",FINITE_GEOMETRY_ADMISSIBLE_WITNESS,GEOMETRY_ADMISSIBLE,1,1,0,1,c0ddba3679b3e07e371e3977d2fbba695873fea479eef62f5d30e31f5b17c750
222,3270|121188,2438,78507,"Hamburg-Bergedorf, Germany","Dr. Remeis-Observatory, Bamberg, Germany",FINITE_GEOMETRY_ADMISSIBLE_WITNESS,GEOMETRY_ADMISSIBLE,1,1,0,1,9d661029533b4a9c58f2c3be3776a04e0755c16e5c082f13b88dc1ae0d505e3a
223,3270|121190,2438,78509,"Hamburg-Bergedorf, Germany","Dr. Remeis-Observatory, Bamberg, Germany",FINITE_GEOMETRY_ADMISSIBLE_WITNESS,GEOMETRY_ADMISSIBLE,1,1,0,1,0db605bd3ef93fb15dae8b61d649ce8bedcb89afdf589e7b38249247681560c3
241,3274|121194,2442,78513,"Hamburg-Bergedorf, Germany","Dr. Remeis-Observatory, Bamberg, Germany",FINITE_GEOMETRY_ADMISSIBLE_WITNESS,GEOMETRY_ADMISSIBLE,1,1,0,2,d193cef15438604bae7f1ffa90f3554a6aef169fb798c9f526298a32774d8846
242,3274|121195,2442,78514,"Hamburg-Bergedorf, Germany","Dr. Remeis-Observatory, Bamberg, Germany",FINITE_GEOMETRY_ADMISSIBLE_WITNESS,GEOMETRY_ADMISSIBLE,1,1,0,1,15d544f9c8cc4d8b52eb3f8396ee598c12107aeed590a2be89b59b3ede97ad37
244,3280|85943,2448,58085,"Hamburg-Bergedorf, Germany","Bonn, Germany",FINITE_GEOMETRY_ADMISSIBLE_WITNESS,GEOMETRY_ADMISSIBLE,1,1,0,1,a4bcaa96149d50d7481d6c9532969940adb513338a2489eb36b7a3250799aa56
245,3280|85944,2448,58085,"Hamburg-Bergedorf, Germany","Bonn, Germany",FINITE_GEOMETRY_ADMISSIBLE_WITNESS,GEOMETRY_ADMISSIBLE,1,1,0,1,99c049dcbf64e12143b68ec203e27a9783dd7114efbf171f887a58d1b0b136ec
251,3291|85975,2459,58101,"Hamburg-Bergedorf, Germany","Bonn, Germany",FINITE_GEOMETRY_ADMISSIBLE_WITNESS,GEOMETRY_ADMISSIBLE,1,1,0,1,f0487f952cc301c1001fb8908f36b6edf30353a38de78927f47142a970b5f243
252,3291|85976,2459,58101,"Hamburg-Bergedorf, Germany","Bonn, Germany",FINITE_GEOMETRY_ADMISSIBLE_WITNESS,GEOMETRY_ADMISSIBLE,1,1,0,1,1cbadfc5c7c50144aa5e9ad037205fd0e07082c04986fdce8b2bb04f549b6f7d
255,3308|85985,2475,58106,"Hamburg-Bergedorf, Germany","Bonn, Germany",FINITE_GEOMETRY_ADMISSIBLE_WITNESS,GEOMETRY_ADMISSIBLE,1,1,0,1,2f52c57952bb820f2d2c2e8359d6b274bb8b8b8d82e67152474db8b01b3b09e6
262,3317|85993,2483,58110,"Hamburg-Bergedorf, Germany","Bonn, Germany",FINITE_GEOMETRY_ADMISSIBLE_WITNESS,GEOMETRY_ADMISSIBLE,1,1,0,1,912f5ffeb226d166d3d4bd217a799968faf8e87912c37acfbc8d37a4bb522ee8
263,3317|85994,2483,58110,"Hamburg-Bergedorf, Germany","Bonn, Germany",FINITE_GEOMETRY_ADMISSIBLE_WITNESS,GEOMETRY_ADMISSIBLE,1,1,0,1,a4eb8d26c9f6af1d6bc582aadbb4e5f941b81e73e56bb147d288dff0585280d0
264,3320|85995,2486,58111,"Hamburg-Bergedorf, Germany","Bonn, Germany",FINITE_GEOMETRY_ADMISSIBLE_WITNESS,GEOMETRY_ADMISSIBLE,1,1,0,1,5a83a8d87f10dd2cba173798501429e3007776e488ec03599ba82b876a3290d5
265,3320|85996,2486,58111,"Hamburg-Bergedorf, Germany","Bonn, Germany",FINITE_GEOMETRY_ADMISSIBLE_WITNESS,GEOMETRY_ADMISSIBLE,1,1,0,1,75bb850f64c179ac9ae93e81addedaece573aeb22e677b34f7dd779827eb30eb
266,3320|85997,2486,58112,"Hamburg-Bergedorf, Germany","Bonn, Germany",FINITE_GEOMETRY_ADMISSIBLE_WITNESS,GEOMETRY_ADMISSIBLE,1,1,0,1,bc67099ae4d30fb2f3c3c7f871b14f092c5e40766b5b1cda1ffe7f1bfafd759a
267,3320|85998,2486,58112,"Hamburg-Bergedorf, Germany","Bonn, Germany",FINITE_GEOMETRY_ADMISSIBLE_WITNESS,GEOMETRY_ADMISSIBLE,1,1,0,1,8792ee92d6004578f71bba3a79cfe6ff750904b73ac4fea50d324cdc0de7b1fd
287,3400|86067,2562,58147,"Hamburg-Bergedorf, Germany","Bonn, Germany",FINITE_GEOMETRY_ADMISSIBLE_WITNESS,GEOMETRY_ADMISSIBLE,1,1,0,2,5574b514636ef339d68aef104ee5726afbafafea33c5183d8ac5858bd5e530fd
288,3400|86068,2562,58147,"Hamburg-Bergedorf, Germany","Bonn, Germany",FINITE_GEOMETRY_ADMISSIBLE_WITNESS,GEOMETRY_ADMISSIBLE,1,1,0,1,66cb8e8f1afae2156283ae05e83293a20d2576bab68094c583319391764e10c8
289,3400|86069,2562,58148,"Hamburg-Bergedorf, Germany","Bonn, Germany",FINITE_GEOMETRY_ADMISSIBLE_WITNESS,GEOMETRY_ADMISSIBLE,1,1,0,1,2fb045c782f0e533963e376ff1a11502d8197793bd50509f47dd7ee0c7a49849
290,3400|86070,2562,58148,"Hamburg-Bergedorf, Germany","Bonn, Germany",FINITE_GEOMETRY_ADMISSIBLE_WITNESS,GEOMETRY_ADMISSIBLE,1,1,0,1,7852a5047b9047432d8f6b1bd373f86eeee6d1c53c11cea9ccd7ebedb5e218a8
291,3400|86071,2562,58149,"Hamburg-Bergedorf, Germany","Bonn, Germany",FINITE_GEOMETRY_ADMISSIBLE_WITNESS,GEOMETRY_ADMISSIBLE,1,1,0,1,ef2c079915f2e55a7cb5ac52c5ae18d5f61317ebc6bc78d4785f9c4f41118654
292,3400|86072,2562,58149,"Hamburg-Bergedorf, Germany","Bonn, Germany",FINITE_GEOMETRY_ADMISSIBLE_WITNESS,GEOMETRY_ADMISSIBLE,1,1,0,1,dc5b4b1e6b6fc1ed3d5debda662d58c4ffc4b87d740b04373fe735dc16543bf9
293,3400|86073,2562,58150,"Hamburg-Bergedorf, Germany","Bonn, Germany",FINITE_GEOMETRY_ADMISSIBLE_WITNESS,GEOMETRY_ADMISSIBLE,1,1,0,1,14260742b9991b40f5c6ccfdb543d93319e64ae7e2377d22f2617e15ee9866ba
294,3400|86074,2562,58150,"Hamburg-Bergedorf, Germany","Bonn, Germany",FINITE_GEOMETRY_ADMISSIBLE_WITNESS,GEOMETRY_ADMISSIBLE,1,1,0,1,9f867430bec04d5c4ec8ee0701b4fdc2f22e5f995edccfe4e138d1b864b9c21d
319,3527|121680,2687,78997,"Hamburg-Bergedorf, Germany","Dr. Remeis-Observatory, Bamberg, Germany",FINITE_GEOMETRY_ADMISSIBLE_WITNESS,GEOMETRY_ADMISSIBLE,1,1,0,1,05bd710202e03b3a59da0c5b1e5d7968e48a4ec796ce946c880a6846b8f07eea
321,3530|121682,2690,78999,"Hamburg-Bergedorf, Germany","Dr. Remeis-Observatory, Bamberg, Germany",FINITE_GEOMETRY_ADMISSIBLE_WITNESS,GEOMETRY_ADMISSIBLE,1,1,0,1,85160b0801184919cb3964f407df4a66977f8e3778ef707b28ea72f457a1fc14
351,3632|121797,2792,79113,"Hamburg-Bergedorf, Germany","Dr. Remeis-Observatory, Bamberg, Germany",FINITE_GEOMETRY_ADMISSIBLE_WITNESS,GEOMETRY_ADMISSIBLE,1,1,0,1,4809388f75e647c0951d84e0e7594e1a0fb72908eda4970e5965715844383c3f
357,3641|121770,2801,79086,"Hamburg-Bergedorf, Germany","Dr. Remeis-Observatory, Bamberg, Germany",FINITE_GEOMETRY_ADMISSIBLE_WITNESS,GEOMETRY_ADMISSIBLE,1,1,0,1,1688f1bb32fb230ec5a90e923994d34fd9d368514fe8870fd749d5210c096d88
360,3650|121790,2810,79106,"Hamburg-Bergedorf, Germany","Dr. Remeis-Observatory, Bamberg, Germany",FINITE_GEOMETRY_ADMISSIBLE_WITNESS,GEOMETRY_ADMISSIBLE,1,1,0,1,1e7bafa54fda6565172bdb047a1253a405248d8f50a3ab1a44c28949b6981635
361,3650|121791,2810,79107,"Hamburg-Bergedorf, Germany","Dr. Remeis-Observatory, Bamberg, Germany",FINITE_GEOMETRY_ADMISSIBLE_WITNESS,GEOMETRY_ADMISSIBLE,1,1,0,2,b3cc9024e13683d53f748c827df68f3aeb2d06524ebb0701d0220ef90a17fe48
380,3706|121863,2866,79179,"Hamburg-Bergedorf, Germany","Dr. Remeis-Observatory, Bamberg, Germany",FINITE_GEOMETRY_ADMISSIBLE_WITNESS,GEOMETRY_ADMISSIBLE,1,1,0,1,ae338a7d667a295974a93699453510c57b6d1426d4927d11a1547de79114b6f2
382,3708|86395,2868,58311,"Hamburg-Bergedorf, Germany","Bonn, Germany",FINITE_GEOMETRY_ADMISSIBLE_WITNESS,GEOMETRY_ADMISSIBLE,1,1,0,1,691e1a2ae3631a2fe530e236812a0aa2019115774a66b6eb095a2347d3a75ec6
383,3708|86396,2868,58311,"Hamburg-Bergedorf, Germany","Bonn, Germany",FINITE_GEOMETRY_ADMISSIBLE_WITNESS,GEOMETRY_ADMISSIBLE,1,1,0,1,bf16e22d00761b356c391254c2ca709e06886c63a80c649dce09c2e6d6f3db4a
393,3736|121932,2896,79239,"Hamburg-Bergedorf, Germany","Dr. Remeis-Observatory, Bamberg, Germany",FINITE_GEOMETRY_ADMISSIBLE_WITNESS,GEOMETRY_ADMISSIBLE,1,1,0,1,97341e1f53bcfc7a517abbe3174e749d4cfcadfe5a74209033c69f39d462cea6
394,3737|121935,2897,79242,"Hamburg-Bergedorf, Germany","Dr. Remeis-Observatory, Bamberg, Germany",FINITE_GEOMETRY_ADMISSIBLE_WITNESS,GEOMETRY_ADMISSIBLE,1,1,0,1,3f2c63f518190e1bbbcfe455e9b4443a9a62c88522fa487a7bf3176db4c08672
396,3743|121940,2901,79247,"Hamburg-Bergedorf, Germany","Dr. Remeis-Observatory, Bamberg, Germany",FINITE_GEOMETRY_ADMISSIBLE_WITNESS,GEOMETRY_ADMISSIBLE,1,1,0,1,a8c05adcf86aaf9ad0592f5928eb211d33cb2b5f7071e43eeac9e0b15f123cd8
399,3751|121952,2909,79259,"Hamburg-Bergedorf, Germany","Dr. Remeis-Observatory, Bamberg, Germany",FINITE_GEOMETRY_ADMISSIBLE_WITNESS,GEOMETRY_ADMISSIBLE,1,1,0,1,a599e21b67537770d4447fffd7fda464b48d6d88c8cea4f9e132b25ec58e2b9d
400,3754|121955,2912,79262,"Hamburg-Bergedorf, Germany","Dr. Remeis-Observatory, Bamberg, Germany",FINITE_GEOMETRY_ADMISSIBLE_WITNESS,GEOMETRY_ADMISSIBLE,1,1,0,1,dc6feb3feb05de9a0a3e74301cba009dcda70fa07b5f59004bde3450e2c18c0d
401,3754|121957,2912,79264,"Hamburg-Bergedorf, Germany","Dr. Remeis-Observatory, Bamberg, Germany",FINITE_GEOMETRY_ADMISSIBLE_WITNESS,GEOMETRY_ADMISSIBLE,1,1,0,1,ce5a559587ae486007819560ce26e7b51522fc0acfbee4a38670449e4f148e71
402,3758|121958,2916,79265,"Hamburg-Bergedorf, Germany","Dr. Remeis-Observatory, Bamberg, Germany",FINITE_GEOMETRY_ADMISSIBLE_WITNESS,GEOMETRY_ADMISSIBLE,1,1,0,1,ec5baa6e25ebb9e9cc97247dd467fbbbfec99513f64e982dfeaea7ae01507d0f
404,3786|121982,2941,79289,"Hamburg-Bergedorf, Germany","Dr. Remeis-Observatory, Bamberg, Germany",FINITE_GEOMETRY_ADMISSIBLE_WITNESS,GEOMETRY_ADMISSIBLE,1,1,0,1,de39ac75df3ee627cb008de4ed5308fde7f72d3f945464ed843efd76cc2ecb1a
406,3787|121984,2942,79291,"Hamburg-Bergedorf, Germany","Dr. Remeis-Observatory, Bamberg, Germany",FINITE_GEOMETRY_ADMISSIBLE_WITNESS,GEOMETRY_ADMISSIBLE,1,1,0,1,eb6bb1d6931f4632e39d66664c150e79229557f909d87042389fdfdab604057b
417,3938|122170,3009,79464,"Hamburg-Bergedorf, Germany","Dr. Remeis-Observatory, Bamberg, Germany",FINITE_GEOMETRY_ADMISSIBLE_WITNESS,GEOMETRY_ADMISSIBLE,1,1,0,1,62785238960cd5ced0093c02e50d0ee13769071e46595d7ef3378c02cd11bb7c
418,3958|122228,3029,79522,"Hamburg-Bergedorf, Germany","Dr. Remeis-Observatory, Bamberg, Germany",FINITE_GEOMETRY_ADMISSIBLE_WITNESS,GEOMETRY_ADMISSIBLE,1,1,0,1,a62c801cd00a8f497491d14abde182d525d541d8eb87025913420bddb0a7ce9e
420,3967|122339,3038,79633,"Hamburg-Bergedorf, Germany","Dr. Remeis-Observatory, Bamberg, Germany",FINITE_GEOMETRY_ADMISSIBLE_WITNESS,GEOMETRY_ADMISSIBLE,1,1,0,1,b5b137124f75c171ed56f9556800eb53fdbbc896c272c30b3314415164826afe
423,3969|122343,3040,79637,"Hamburg-Bergedorf, Germany","Dr. Remeis-Observatory, Bamberg, Germany",FINITE_GEOMETRY_ADMISSIBLE_WITNESS,GEOMETRY_ADMISSIBLE,1,1,0,1,57cec2d99ff9bd0824eccb961822a75078fce17485f403a6a3fc04247dc6a21c
424,3969|122344,3040,79638,"Hamburg-Bergedorf, Germany","Dr. Remeis-Observatory, Bamberg, Germany",FINITE_GEOMETRY_ADMISSIBLE_WITNESS,GEOMETRY_ADMISSIBLE,1,1,0,3,7d222e718bfea8c92ef010016f20fb87512ca02660a9b2233685c9cbc9c532f7
426,3969|122346,3040,79640,"Hamburg-Bergedorf, Germany","Dr. Remeis-Observatory, Bamberg, Germany",FINITE_GEOMETRY_ADMISSIBLE_WITNESS,GEOMETRY_ADMISSIBLE,1,1,0,1,c5a23e2bfc786f8199f413f63ad269b75e6b14c27326950d4476f0d95747ce24
430,3970|122349,3041,79643,"Hamburg-Bergedorf, Germany","Dr. Remeis-Observatory, Bamberg, Germany",FINITE_GEOMETRY_ADMISSIBLE_WITNESS,GEOMETRY_ADMISSIBLE,1,1,0,1,6a05e5c6d267d30b6e673ebde1a9fb0e292083d168295a48fcafd387534d51e7
433,3976|122355,3046,79649,"Hamburg-Bergedorf, Germany","Dr. Remeis-Observatory, Bamberg, Germany",FINITE_GEOMETRY_ADMISSIBLE_WITNESS,GEOMETRY_ADMISSIBLE,1,1,0,1,6fd832a7fcefd8ceb18013a993e21f4d32be121da47abde93eddcf6056c9d24d
434,3976|122356,3046,79650,"Hamburg-Bergedorf, Germany","Dr. Remeis-Observatory, Bamberg, Germany",FINITE_GEOMETRY_ADMISSIBLE_WITNESS,GEOMETRY_ADMISSIBLE,1,1,0,1,a390ef2e86056339778c4fc71dc5b11c259dba75b7c09209d2eb49ea4770435e
447,3983|86495,3053,58360,"Hamburg-Bergedorf, Germany","Bonn, Germany",FINITE_GEOMETRY_ADMISSIBLE_WITNESS,GEOMETRY_ADMISSIBLE,1,1,0,1,24b707b8c860162bacae60975f13cda63d8ce763355beb5089294aedbde9157c
448,3983|86496,3053,58360,"Hamburg-Bergedorf, Germany","Bonn, Germany",FINITE_GEOMETRY_ADMISSIBLE_WITNESS,GEOMETRY_ADMISSIBLE,1,1,0,1,0821c40572a7e1b9bf183c04c1eadbcceb600f31ee489328da01104e376cb177
450,3983|122375,3053,79669,"Hamburg-Bergedorf, Germany","Dr. Remeis-Observatory, Bamberg, Germany",FINITE_GEOMETRY_ADMISSIBLE_WITNESS,GEOMETRY_ADMISSIBLE,1,1,0,1,7749ae742d51f218be15f191bc9f59d0761d4a2f5b306341138ce6f5b826fad7
451,3983|122376,3053,79670,"Hamburg-Bergedorf, Germany","Dr. Remeis-Observatory, Bamberg, Germany",FINITE_GEOMETRY_ADMISSIBLE_WITNESS,GEOMETRY_ADMISSIBLE,1,1,0,1,d775a771ab974d76b4e83d9706d9ead42afbe64e27dd12572b06f887ced342b2
453,3985|122378,3055,79672,"Hamburg-Bergedorf, Germany","Dr. Remeis-Observatory, Bamberg, Germany",FINITE_GEOMETRY_ADMISSIBLE_WITNESS,GEOMETRY_ADMISSIBLE,1,1,0,1,2b95f437ee3e90be56b6a83e728b6c57a01f50fe28f1d5590fb7d09c4e6bcd90
461,3988|122414,3058,79708,"Hamburg-Bergedorf, Germany","Dr. Remeis-Observatory, Bamberg, Germany",FINITE_GEOMETRY_ADMISSIBLE_WITNESS,GEOMETRY_ADMISSIBLE,1,1,0,1,ef1d7ead80535a3f1514d012256b695ae2564784defb44b20111af6dc3f96307
462,3988|122415,3058,79709,"Hamburg-Bergedorf, Germany","Dr. Remeis-Observatory, Bamberg, Germany",FINITE_GEOMETRY_ADMISSIBLE_WITNESS,GEOMETRY_ADMISSIBLE,1,1,0,1,d17f226d7ada7a196f21f5a9f5bfbfd9d0c62a7da4fe43221768c26da993cc15
463,3988|122416,3058,79710,"Hamburg-Bergedorf, Germany","Dr. Remeis-Observatory, Bamberg, Germany",FINITE_GEOMETRY_ADMISSIBLE_WITNESS,GEOMETRY_ADMISSIBLE,1,1,0,2,31e5b553d513d551c5b6d06e3422ef01fd881d9a994ecd753f0abdf9af21fa95
464,3988|122417,3058,79711,"Hamburg-Bergedorf, Germany","Dr. Remeis-Observatory, Bamberg, Germany",FINITE_GEOMETRY_ADMISSIBLE_WITNESS,GEOMETRY_ADMISSIBLE,1,1,0,1,30e3a369306da5b09c00cad84341a0e40e2b8167e1007888e58ab9cd26461082
465,3988|122418,3058,79712,"Hamburg-Bergedorf, Germany","Dr. Remeis-Observatory, Bamberg, Germany",FINITE_GEOMETRY_ADMISSIBLE_WITNESS,GEOMETRY_ADMISSIBLE,1,1,0,2,029e6b52e06b2ea7680edac915229cfacfa64d91e91e38a53520298cf7157dde
466,3988|122419,3058,79713,"Hamburg-Bergedorf, Germany","Dr. Remeis-Observatory, Bamberg, Germany",FINITE_GEOMETRY_ADMISSIBLE_WITNESS,GEOMETRY_ADMISSIBLE,1,1,0,1,268fb52ff73dd0929059d52daf4adcb92fa347fc86aa09682cbee42c20413c08
471,3993|122424,3061,79718,"Hamburg-Bergedorf, Germany","Dr. Remeis-Observatory, Bamberg, Germany",FINITE_GEOMETRY_ADMISSIBLE_WITNESS,GEOMETRY_ADMISSIBLE,1,1,0,2,c2bc21588a1a1bc925e6f070da0e7d129dec3ad04dab92072999c4d2bd6c46a0
472,3993|122425,3061,79719,"Hamburg-Bergedorf, Germany","Dr. Remeis-Observatory, Bamberg, Germany",FINITE_GEOMETRY_ADMISSIBLE_WITNESS,GEOMETRY_ADMISSIBLE,1,1,0,2,27896bf3c498095f27df6396358ea76b074a595af31f3ab1e4a3c3d3c79ba26e
476,3995|122429,3063,79723,"Hamburg-Bergedorf, Germany","Dr. Remeis-Observatory, Bamberg, Germany",FINITE_GEOMETRY_ADMISSIBLE_WITNESS,GEOMETRY_ADMISSIBLE,1,1,0,1,5f956e1defea32248e47eb62eff2fe53c9e9382d35cb4b4f911afda2a1f401c1
477,3995|122430,3063,79724,"Hamburg-Bergedorf, Germany","Dr. Remeis-Observatory, Bamberg, Germany",FINITE_GEOMETRY_ADMISSIBLE_WITNESS,GEOMETRY_ADMISSIBLE,1,1,0,1,88f1c7fc55c12e9891a9a5922d5aad3a4e0fe565233ea4da946a899af88b1b99
480,3995|122433,3063,79727,"Hamburg-Bergedorf, Germany","Dr. Remeis-Observatory, Bamberg, Germany",FINITE_GEOMETRY_ADMISSIBLE_WITNESS,GEOMETRY_ADMISSIBLE,1,1,0,1,2efa55de213b3467d0e5a193c75a2d7f3426989d2b66aa3ac374da564291a7ed
491,4008|122455,3076,79749,"Hamburg-Bergedorf, Germany","Dr. Remeis-Observatory, Bamberg, Germany",FINITE_GEOMETRY_ADMISSIBLE_WITNESS,GEOMETRY_ADMISSIBLE,1,1,0,1,3a007daa8822f903168b9fae02bec8772eb010ae8559abca50681ef97f71e308
492,4008|122456,3076,79750,"Hamburg-Bergedorf, Germany","Dr. Remeis-Observatory, Bamberg, Germany",FINITE_GEOMETRY_ADMISSIBLE_WITNESS,GEOMETRY_ADMISSIBLE,2,2,0,3,da8ecdf73b53ac21c6df6ab7fb22124a6de8a9903a6c753f0ecfcc87ffb317ad
493,4014|122462,3081,79756,"Hamburg-Bergedorf, Germany","Dr. Remeis-Observatory, Bamberg, Germany",FINITE_GEOMETRY_ADMISSIBLE_WITNESS,GEOMETRY_ADMISSIBLE,1,1,0,2,b452d37c426d42e97c2aed7fc8aad41c4c267a0ecfbf5330862decfca7576aee
494,4014|122464,3081,79758,"Hamburg-Bergedorf, Germany","Dr. Remeis-Observatory, Bamberg, Germany",FINITE_GEOMETRY_ADMISSIBLE_WITNESS,GEOMETRY_ADMISSIBLE,1,1,0,1,7d02b2eba7dc74a6fd17f8eb43c9ac713b3d990af501b3126849f1bfafbd5019
495,4014|122465,3081,79759,"Hamburg-Bergedorf, Germany","Dr. Remeis-Observatory, Bamberg, Germany",FINITE_GEOMETRY_ADMISSIBLE_WITNESS,GEOMETRY_ADMISSIBLE,1,1,0,1,06ec6f72f3d79eedff067fc0b18a5404bb6c82acd9742624841a9ffba8a515a7
498,4018|122473,3084,79767,"Hamburg-Bergedorf, Germany","Dr. Remeis-Observatory, Bamberg, Germany",FINITE_GEOMETRY_ADMISSIBLE_WITNESS,GEOMETRY_ADMISSIBLE,1,1,0,2,9223f946be80302d4f7243a1b7b9e0a3212d6ca2563a393fadba2f15e8d4d664
499,4018|122474,3084,79768,"Hamburg-Bergedorf, Germany","Dr. Remeis-Observatory, Bamberg, Germany",FINITE_GEOMETRY_ADMISSIBLE_WITNESS,GEOMETRY_ADMISSIBLE,1,1,0,2,e91e04530a0a5517e2f422f6d6b79c171553caed6c1692c096104eeebb4dfff4
502,4051|122525,3115,79819,"Hamburg-Bergedorf, Germany","Dr. Remeis-Observatory, Bamberg, Germany",FINITE_GEOMETRY_ADMISSIBLE_WITNESS,GEOMETRY_ADMISSIBLE,1,1,0,1,114448dd1a08cf2c5c871524d962246c1a8cbfbe95fbeb587f26e0571f6aa7fe
504,4053|122536,3117,79830,"Hamburg-Bergedorf, Germany","Dr. Remeis-Observatory, Bamberg, Germany",FINITE_GEOMETRY_ADMISSIBLE_WITNESS,GEOMETRY_ADMISSIBLE,1,1,0,2,de1f7c9c0f960efaaeee6a311aa2697df20a49e8d96444f77fdff29cff701e93
506,4053|122541,3117,79835,"Hamburg-Bergedorf, Germany","Dr. Remeis-Observatory, Bamberg, Germany",FINITE_GEOMETRY_ADMISSIBLE_WITNESS,GEOMETRY_ADMISSIBLE,1,1,0,2,9a6af1030c6cb0e101bc5bef8b8069cfc2e40f5a2bc797db5c343ff4ba15623e
510,4057|122555,3121,79849,"Hamburg-Bergedorf, Germany","Dr. Remeis-Observatory, Bamberg, Germany",FINITE_GEOMETRY_ADMISSIBLE_WITNESS,GEOMETRY_ADMISSIBLE,1,1,0,2,27656a454c9ce6cfe51be5d18fe2344a9dc7ddc8f2b550cdab8fff222159fea4
511,4057|122557,3121,79851,"Hamburg-Bergedorf, Germany","Dr. Remeis-Observatory, Bamberg, Germany",FINITE_GEOMETRY_ADMISSIBLE_WITNESS,GEOMETRY_ADMISSIBLE,1,1,0,1,8595bf9dd657c4537ec44d794c12f4f4be336b3965ebee6e04d93242110c6685
512,4057|122558,3121,79852,"Hamburg-Bergedorf, Germany","Dr. Remeis-Observatory, Bamberg, Germany",FINITE_GEOMETRY_ADMISSIBLE_WITNESS,GEOMETRY_ADMISSIBLE,1,1,0,2,3c91ca2dd9168363c684fa370ba000049c9a56e3ea1b72211957d0aaade61f54
513,4057|122559,3121,79853,"Hamburg-Bergedorf, Germany","Dr. Remeis-Observatory, Bamberg, Germany",FINITE_GEOMETRY_ADMISSIBLE_WITNESS,GEOMETRY_ADMISSIBLE,1,1,0,2,908d16314f3fabaf2fcc9cd075960d14724ab94d787a050347a16a73f1734df0
514,4057|122621,3121,79915,"Hamburg-Bergedorf, Germany","Dr. Remeis-Observatory, Bamberg, Germany",FINITE_GEOMETRY_ADMISSIBLE_WITNESS,GEOMETRY_ADMISSIBLE,1,1,0,1,ddb5c8dd369d7f7d0ba1c886e3d30791f69ecf26d81c1fdf650c7baccdc82366
519,4060|122566,3124,79860,"Hamburg-Bergedorf, Germany","Dr. Remeis-Observatory, Bamberg, Germany",FINITE_GEOMETRY_ADMISSIBLE_WITNESS,GEOMETRY_ADMISSIBLE,1,1,0,3,146c602dd6d1bc95ccb755c5598703aad5491daff9f1c3528be6394e354a3e86
520,4060|122567,3124,79861,"Hamburg-Bergedorf, Germany","Dr. Remeis-Observatory, Bamberg, Germany",FINITE_GEOMETRY_ADMISSIBLE_WITNESS,GEOMETRY_ADMISSIBLE,1,1,0,2,25fcdbe689f4ec669e6ba6d24a46c3b10766ba5a67c527597ba1d62074b3ca52
528,4079|122680,3143,79974,"Hamburg-Bergedorf, Germany","Dr. Remeis-Observatory, Bamberg, Germany",FINITE_GEOMETRY_ADMISSIBLE_WITNESS,GEOMETRY_ADMISSIBLE,1,1,0,1,e8ba9f02e49221734e6a681e2e95f5716a44a764b41ba986267887fddb813cd0
534,4090|122792,3154,80086,"Hamburg-Bergedorf, Germany","Dr. Remeis-Observatory, Bamberg, Germany",FINITE_GEOMETRY_ADMISSIBLE_WITNESS,GEOMETRY_ADMISSIBLE,1,1,0,1,7820a44bfc43595063bce536f2d254348c4431fd3fd68108b3f23c43456bb009
536,4096|122826,3160,80120,"Hamburg-Bergedorf, Germany","Dr. Remeis-Observatory, Bamberg, Germany",FINITE_GEOMETRY_ADMISSIBLE_WITNESS,GEOMETRY_ADMISSIBLE,1,1,0,1,46ca486a09ce3e9ad30addfa283f7048c97bd5431fd27dbcc47bfb8cb02698a9
540,4100|122849,3164,80143,"Hamburg-Bergedorf, Germany","Dr. Remeis-Observatory, Bamberg, Germany",FINITE_GEOMETRY_ADMISSIBLE_WITNESS,GEOMETRY_ADMISSIBLE,1,1,0,1,dfe70e1304dfc03c4c81bac57d10a577d46e0d0fe8e23eecb11574d72d0a7ace
551,4134|122966,3196,80260,"Hamburg-Bergedorf, Germany","Dr. Remeis-Observatory, Bamberg, Germany",FINITE_GEOMETRY_ADMISSIBLE_WITNESS,GEOMETRY_ADMISSIBLE,1,1,0,1,826dcb4fce864750f1ef62afcd4999b75da78079187a779072f2531cf03bcf1d
552,4134|122984,3196,80278,"Hamburg-Bergedorf, Germany","Dr. Remeis-Observatory, Bamberg, Germany",FINITE_GEOMETRY_ADMISSIBLE_WITNESS,GEOMETRY_ADMISSIBLE,1,1,0,1,9795fe823d59aa730b262fdf76c4146082d1836f346c19f46d58eb5f83950d65
553,4142|122995,3204,80289,"Hamburg-Bergedorf, Germany","Dr. Remeis-Observatory, Bamberg, Germany",FINITE_GEOMETRY_ADMISSIBLE_WITNESS,GEOMETRY_ADMISSIBLE,1,1,0,1,6603007ef30a1d4f2a17c451cb6469e8667fcec71539e23fa14a9d30b4058826
556,4142|123002,3204,80296,"Hamburg-Bergedorf, Germany","Dr. Remeis-Observatory, Bamberg, Germany",FINITE_GEOMETRY_ADMISSIBLE_WITNESS,GEOMETRY_ADMISSIBLE,1,1,0,1,211e2e72cc198ea01b3610721781e3640b8abcb59f037209fc02b54b95199e94
577,4211|123179,3267,80473,"Hamburg-Bergedorf, Germany","Dr. Remeis-Observatory, Bamberg, Germany",FINITE_GEOMETRY_ADMISSIBLE_WITNESS,GEOMETRY_ADMISSIBLE,1,1,0,1,fd5af081a4a86ef16dcebd7c34a8a4fce258883ada9f502a851cce44bdfd9478
581,4234|123247,3282,80541,"Hamburg-Bergedorf, Germany","Dr. Remeis-Observatory, Bamberg, Germany",FINITE_GEOMETRY_ADMISSIBLE_WITNESS,GEOMETRY_ADMISSIBLE,1,1,0,1,b6d47a465bac84b7f591b2f4dace5b996179ecefaf8639db57c772374579f1e2
585,4237|123264,3285,80558,"Hamburg-Bergedorf, Germany","Dr. Remeis-Observatory, Bamberg, Germany",FINITE_GEOMETRY_ADMISSIBLE_WITNESS,GEOMETRY_ADMISSIBLE,1,1,0,1,cb8020568d5838c848e154dbac945888d73836bb5041d7f8cc47359fff1a60e4
586,4237|123265,3285,80559,"Hamburg-Bergedorf, Germany","Dr. Remeis-Observatory, Bamberg, Germany",FINITE_GEOMETRY_ADMISSIBLE_WITNESS,GEOMETRY_ADMISSIBLE,1,1,0,2,2fa689cb48d764acf6beda5a7666be78334eeb28562005fe222d3e1d4ab8d148
589,4237|123268,3285,80562,"Hamburg-Bergedorf, Germany","Dr. Remeis-Observatory, Bamberg, Germany",FINITE_GEOMETRY_ADMISSIBLE_WITNESS,GEOMETRY_ADMISSIBLE,1,1,0,1,a5ac1f2a9004d51c1955123a96e373320007fbed6d37f3c4c414d468bc9db72c
590,4243|123327,3291,80621,"Hamburg-Bergedorf, Germany","Dr. Remeis-Observatory, Bamberg, Germany",FINITE_GEOMETRY_ADMISSIBLE_WITNESS,GEOMETRY_ADMISSIBLE,1,1,0,2,a36046ff451b438a0624710a0fd8411e58f37deafb0107b35f3aa140f195502a
591,4243|123328,3291,80622,"Hamburg-Bergedorf, Germany","Dr. Remeis-Observatory, Bamberg, Germany",FINITE_GEOMETRY_ADMISSIBLE_WITNESS,GEOMETRY_ADMISSIBLE,1,1,0,1,a655b7716a5e74a7977894ff22f9cb36445358086df95015f8b28dc8c9a5e166
601,4255|123391,3303,80685,"Hamburg-Bergedorf, Germany","Dr. Remeis-Observatory, Bamberg, Germany",FINITE_GEOMETRY_ADMISSIBLE_WITNESS,GEOMETRY_ADMISSIBLE,1,1,0,1,472e81c1bd9f6b44c3e4a0acc279bcbdd046755211b3ff65b2f2924918a0a337
602,4255|123392,3303,80686,"Hamburg-Bergedorf, Germany","Dr. Remeis-Observatory, Bamberg, Germany",FINITE_GEOMETRY_ADMISSIBLE_WITNESS,GEOMETRY_ADMISSIBLE,1,1,0,1,63d0fdded5af6c2a122c6f3161a982de3860ec7c57514cfdc8bcd7c60a4777e3
603,4255|123393,3303,80687,"Hamburg-Bergedorf, Germany","Dr. Remeis-Observatory, Bamberg, Germany",FINITE_GEOMETRY_ADMISSIBLE_WITNESS,GEOMETRY_ADMISSIBLE,1,1,0,1,e90226822d95aebd5d7b649c7a8fc82884d95b2acfb6479d9b6558bf2c29e13b
604,4255|123394,3303,80688,"Hamburg-Bergedorf, Germany","Dr. Remeis-Observatory, Bamberg, Germany",FINITE_GEOMETRY_ADMISSIBLE_WITNESS,GEOMETRY_ADMISSIBLE,1,1,0,2,20ab580a3fb1945d1e8a03cf73b56c91ff5cabe537d54c6aaa977898a71a31c6
605,4255|123395,3303,80689,"Hamburg-Bergedorf, Germany","Dr. Remeis-Observatory, Bamberg, Germany",FINITE_GEOMETRY_ADMISSIBLE_WITNESS,GEOMETRY_ADMISSIBLE,1,1,0,1,f2ad6d3b13a5e326a3189cfbd0942b5ee73e47fe3f537f0b63d3ad612cf16d69
606,4256|123395,3304,80689,"Hamburg-Bergedorf, Germany","Dr. Remeis-Observatory, Bamberg, Germany",FINITE_GEOMETRY_ADMISSIBLE_WITNESS,GEOMETRY_ADMISSIBLE,1,1,0,1,49881cbeefc9a23ddf365a676b079f5a406b7aed1de8bfb99087a0179c0ef4e0
607,4257|123398,3305,80692,"Hamburg-Bergedorf, Germany","Dr. Remeis-Observatory, Bamberg, Germany",FINITE_GEOMETRY_ADMISSIBLE_WITNESS,GEOMETRY_ADMISSIBLE,1,1,0,1,981d0dc6de70d8563f39e3168e78cd1a2e9a99c38fb3b6cf240ea741e4a3007b
608,4257|123402,3305,80696,"Hamburg-Bergedorf, Germany","Dr. Remeis-Observatory, Bamberg, Germany",FINITE_GEOMETRY_ADMISSIBLE_WITNESS,GEOMETRY_ADMISSIBLE,1,1,0,1,62a5d38134683eed0539bcf6e36039782840fce1cdef05fc489ceb93ad9dfa18
609,4257|123403,3305,80697,"Hamburg-Bergedorf, Germany","Dr. Remeis-Observatory, Bamberg, Germany",FINITE_GEOMETRY_ADMISSIBLE_WITNESS,GEOMETRY_ADMISSIBLE,1,1,0,1,893768970697863f4f62ceabc138c572cea5ec748f515a39216c81459b6fbc0c
610,4258|123398,3306,80692,"Hamburg-Bergedorf, Germany","Dr. Remeis-Observatory, Bamberg, Germany",FINITE_GEOMETRY_ADMISSIBLE_WITNESS,GEOMETRY_ADMISSIBLE,1,1,0,1,225c588bd7d679c1f0be3ce4bdc14908194c78112b33626b823476b204d97c56
611,4258|123403,3306,80697,"Hamburg-Bergedorf, Germany","Dr. Remeis-Observatory, Bamberg, Germany",FINITE_GEOMETRY_ADMISSIBLE_WITNESS,GEOMETRY_ADMISSIBLE,1,1,0,1,203fc11e17ba019a9853b70603109b53a21f8808109d5b2efb43ca36eb9474e2
613,4259|123399,3307,80693,"Hamburg-Bergedorf, Germany","Dr. Remeis-Observatory, Bamberg, Germany",FINITE_GEOMETRY_ADMISSIBLE_WITNESS,GEOMETRY_ADMISSIBLE,1,1,0,1,32854b8356f34258c32eb3fecba9cfc239a3f7dcad9c2d3a7dc1375baa2ccb0e
614,4259|123400,3307,80694,"Hamburg-Bergedorf, Germany","Dr. Remeis-Observatory, Bamberg, Germany",FINITE_GEOMETRY_ADMISSIBLE_WITNESS,GEOMETRY_ADMISSIBLE,1,1,0,2,3ce0257415367b17693c1ed84e07d1f0fb5ff6e588d83584c3407592306e8e83
616,4284|123406,3332,80700,"Hamburg-Bergedorf, Germany","Dr. Remeis-Observatory, Bamberg, Germany",FINITE_GEOMETRY_ADMISSIBLE_WITNESS,GEOMETRY_ADMISSIBLE,1,1,0,2,7c34b5e52fbc1da00907b206167f5f999790556dfd7865b4ac946b59d573e6cc
618,4297|123501,3345,80795,"Hamburg-Bergedorf, Germany","Dr. Remeis-Observatory, Bamberg, Germany",FINITE_GEOMETRY_ADMISSIBLE_WITNESS,GEOMETRY_ADMISSIBLE,1,1,0,1,45255d3a4a993045ad72e00030998e7a10b7c2cf06d761419094f05f63a7ed94
619,4297|123502,3345,80796,"Hamburg-Bergedorf, Germany","Dr. Remeis-Observatory, Bamberg, Germany",FINITE_GEOMETRY_ADMISSIBLE_WITNESS,GEOMETRY_ADMISSIBLE,1,1,0,2,7f6aa08ba1142594a6ef27018ac2d715ab78936ea21f413a445b6bd8739969e0
620,4297|123503,3345,80797,"Hamburg-Bergedorf, Germany","Dr. Remeis-Observatory, Bamberg, Germany",FINITE_GEOMETRY_ADMISSIBLE_WITNESS,GEOMETRY_ADMISSIBLE,1,1,0,1,8b5fa88cfca761a7706c0bcac47f3cfda10df4db4897b775dd4a6e83ff83944d
621,4297|123504,3345,80798,"Hamburg-Bergedorf, Germany","Dr. Remeis-Observatory, Bamberg, Germany",FINITE_GEOMETRY_ADMISSIBLE_WITNESS,GEOMETRY_ADMISSIBLE,1,1,0,1,6a8dedf376d3f808e429f1d696b8bf2ca184e7d37404db53f20f3cb8d090d70e
622,4297|123508,3345,80802,"Hamburg-Bergedorf, Germany","Dr. Remeis-Observatory, Bamberg, Germany",FINITE_GEOMETRY_ADMISSIBLE_WITNESS,GEOMETRY_ADMISSIBLE,1,1,0,2,0ac204f0ffed9100273e9696554779030ab27290251a481679c6ee5c70860e74
623,4297|123510,3345,80804,"Hamburg-Bergedorf, Germany","Dr. Remeis-Observatory, Bamberg, Germany",FINITE_GEOMETRY_ADMISSIBLE_WITNESS,GEOMETRY_ADMISSIBLE,1,1,0,1,ac885361f79812c17739805b881d9bc224a5b6aecf5e891485ec8ceef9833bcc
624,4299|123504,3347,80798,"Hamburg-Bergedorf, Germany","Dr. Remeis-Observatory, Bamberg, Germany",FINITE_GEOMETRY_ADMISSIBLE_WITNESS,GEOMETRY_ADMISSIBLE,1,1,0,2,073292cde4db0e58f6cc25e27a574ef87539ea3d21aa1e84e97d83f962e46e12
625,4299|123505,3347,80799,"Hamburg-Bergedorf, Germany","Dr. Remeis-Observatory, Bamberg, Germany",FINITE_GEOMETRY_ADMISSIBLE_WITNESS,GEOMETRY_ADMISSIBLE,1,1,0,1,b522ce9d23f0525f643581899d57c6a38bb8404402cf46b19687f4b9944d343c
626,4299|123506,3347,80800,"Hamburg-Bergedorf, Germany","Dr. Remeis-Observatory, Bamberg, Germany",FINITE_GEOMETRY_ADMISSIBLE_WITNESS,GEOMETRY_ADMISSIBLE,1,1,0,1,812090b89436e9a5e808362a2c605d1522d6774fd3b6f3e84d10159d2fab3be3
627,4299|123510,3347,80804,"Hamburg-Bergedorf, Germany","Dr. Remeis-Observatory, Bamberg, Germany",FINITE_GEOMETRY_ADMISSIBLE_WITNESS,GEOMETRY_ADMISSIBLE,1,1,0,2,c7955c630940945052584de6878bc73cb6b89b4b7c8405de889bb49a2379cde8
632,4308|123513,3356,80807,"Hamburg-Bergedorf, Germany","Dr. Remeis-Observatory, Bamberg, Germany",FINITE_GEOMETRY_ADMISSIBLE_WITNESS,GEOMETRY_ADMISSIBLE,1,1,0,1,b6ad365b19bbe082726c7f585ceb17e4b910c13335058a914fd7b295ccc73958
633,4308|123514,3356,80808,"Hamburg-Bergedorf, Germany","Dr. Remeis-Observatory, Bamberg, Germany",FINITE_GEOMETRY_ADMISSIBLE_WITNESS,GEOMETRY_ADMISSIBLE,1,1,0,1,d103a4f65b9f92c0d6d8644a52bed625ca0d8e740acfc1fd7777ece6463324f0
634,4308|123515,3356,80809,"Hamburg-Bergedorf, Germany","Dr. Remeis-Observatory, Bamberg, Germany",FINITE_GEOMETRY_ADMISSIBLE_WITNESS,GEOMETRY_ADMISSIBLE,1,1,0,1,db6c420ddd925832c0c516e77119a59ce5a4449e887553c7e0415241274fa38e
637,4310|123518,3358,80812,"Hamburg-Bergedorf, Germany","Dr. Remeis-Observatory, Bamberg, Germany",FINITE_GEOMETRY_ADMISSIBLE_WITNESS,GEOMETRY_ADMISSIBLE,1,1,0,1,929949526aea5b71aabd5a576d4cccdc7ca0bde70ef19610679c5c7781e3f68b
638,4310|123519,3358,80813,"Hamburg-Bergedorf, Germany","Dr. Remeis-Observatory, Bamberg, Germany",FINITE_GEOMETRY_ADMISSIBLE_WITNESS,GEOMETRY_ADMISSIBLE,1,1,0,1,277c906a90f2abcf8b4a7c0e246c1861778381251df49c6fc310b2405ad3f74c
642,4310|123534,3358,80828,"Hamburg-Bergedorf, Germany","Dr. Remeis-Observatory, Bamberg, Germany",FINITE_GEOMETRY_ADMISSIBLE_WITNESS,GEOMETRY_ADMISSIBLE,1,1,0,1,372ff882a2c83c6a83340b7b51e49a7c30e5aa56bf1aa9752dd6c8c4ac4cdcaa
643,4310|123535,3358,80829,"Hamburg-Bergedorf, Germany","Dr. Remeis-Observatory, Bamberg, Germany",FINITE_GEOMETRY_ADMISSIBLE_WITNESS,GEOMETRY_ADMISSIBLE,1,1,0,1,6532d3f14fea4550b584cc17f6d2b4ffe00d992843d2b6acd87378ff71350e35
646,4312|123521,3360,80815,"Hamburg-Bergedorf, Germany","Dr. Remeis-Observatory, Bamberg, Germany",FINITE_GEOMETRY_ADMISSIBLE_WITNESS,GEOMETRY_ADMISSIBLE,1,1,0,1,3fe4e903af9ab99b839b6ca4b9f88314e321368aebe3dc014d76325ad877772c
647,4312|123522,3360,80816,"Hamburg-Bergedorf, Germany","Dr. Remeis-Observatory, Bamberg, Germany",FINITE_GEOMETRY_ADMISSIBLE_WITNESS,GEOMETRY_ADMISSIBLE,1,1,0,1,36d9a0408567f4c7c4b9a9527d9f1b9235ebbd9529d8e2285f2b17637f397c0b
649,4312|123539,3360,80833,"Hamburg-Bergedorf, Germany","Dr. Remeis-Observatory, Bamberg, Germany",FINITE_GEOMETRY_ADMISSIBLE_WITNESS,GEOMETRY_ADMISSIBLE,1,1,0,2,403efe40f0931dad951b4c3d2d8131d59aa029a4f3dc0cc90134f45ce9e386e9
650,4312|123540,3360,80834,"Hamburg-Bergedorf, Germany","Dr. Remeis-Observatory, Bamberg, Germany",FINITE_GEOMETRY_ADMISSIBLE_WITNESS,GEOMETRY_ADMISSIBLE,1,1,0,1,c7d88b88cb8173278d64a786f59df94f06d419280e16e1e9be9815cfc2cab580
651,4315|123543,3363,80837,"Hamburg-Bergedorf, Germany","Dr. Remeis-Observatory, Bamberg, Germany",FINITE_GEOMETRY_ADMISSIBLE_WITNESS,GEOMETRY_ADMISSIBLE,1,1,0,1,7828074959f73615d16a125b9313c2bf9ef0438e33af48107aed26b69a389a5e
652,4315|123544,3363,80838,"Hamburg-Bergedorf, Germany","Dr. Remeis-Observatory, Bamberg, Germany",FINITE_GEOMETRY_ADMISSIBLE_WITNESS,GEOMETRY_ADMISSIBLE,1,1,0,1,ebdd2895c89521506bf0f82a8d05732e2f1844855227d6a84c337b31e8f8c062
653,4315|123546,3363,80840,"Hamburg-Bergedorf, Germany","Dr. Remeis-Observatory, Bamberg, Germany",FINITE_GEOMETRY_ADMISSIBLE_WITNESS,GEOMETRY_ADMISSIBLE,1,1,0,1,915acad83cddd79337ebd8147e78346dfbca043f5b6c9ac7152a245bbf0a1b8a
655,4315|123564,3363,80858,"Hamburg-Bergedorf, Germany","Dr. Remeis-Observatory, Bamberg, Germany",FINITE_GEOMETRY_ADMISSIBLE_WITNESS,GEOMETRY_ADMISSIBLE,1,1,0,2,45b629328f00139f4cc08d6946e035da392580bdfd42582089c6a1ba0959282c
656,4315|123565,3363,80859,"Hamburg-Bergedorf, Germany","Dr. Remeis-Observatory, Bamberg, Germany",FINITE_GEOMETRY_ADMISSIBLE_WITNESS,GEOMETRY_ADMISSIBLE,1,1,0,1,74f78fa0b4e2007e3dfbde4a0b4ddd765d86ddc361a8c6d9fcb7e144f36134ab
657,4315|123566,3363,80860,"Hamburg-Bergedorf, Germany","Dr. Remeis-Observatory, Bamberg, Germany",FINITE_GEOMETRY_ADMISSIBLE_WITNESS,GEOMETRY_ADMISSIBLE,1,1,0,2,0751f3a31e4584bd66cbc217edfc62a2c2c1dd74d288e218f6655f244ada5914
658,4316|123547,3364,80841,"Hamburg-Bergedorf, Germany","Dr. Remeis-Observatory, Bamberg, Germany",FINITE_GEOMETRY_ADMISSIBLE_WITNESS,GEOMETRY_ADMISSIBLE,1,1,0,2,d9d787495e4ea2279ba6fff8ed57778e14be6052809efada8fcba6716720e11c
659,4316|123548,3364,80842,"Hamburg-Bergedorf, Germany","Dr. Remeis-Observatory, Bamberg, Germany",FINITE_GEOMETRY_ADMISSIBLE_WITNESS,GEOMETRY_ADMISSIBLE,1,1,0,1,6dba8d25b1485f2165d8da8732a8cfc643ba8f8005256a91a2c0f7fa89ea8722
660,4316|123549,3364,80843,"Hamburg-Bergedorf, Germany","Dr. Remeis-Observatory, Bamberg, Germany",FINITE_GEOMETRY_ADMISSIBLE_WITNESS,GEOMETRY_ADMISSIBLE,1,1,0,3,490989122937f0d9b145bbf8df095ef16cfc090798ab72613ff41fb2af7746bf
661,4316|123568,3364,80862,"Hamburg-Bergedorf, Germany","Dr. Remeis-Observatory, Bamberg, Germany",FINITE_GEOMETRY_ADMISSIBLE_WITNESS,GEOMETRY_ADMISSIBLE,1,1,0,1,34da809927896f4bf1c508028dce3864c2ec749219ba8b1158fd29ff7eae79e8
662,4316|123569,3364,80863,"Hamburg-Bergedorf, Germany","Dr. Remeis-Observatory, Bamberg, Germany",FINITE_GEOMETRY_ADMISSIBLE_WITNESS,GEOMETRY_ADMISSIBLE,1,1,0,1,533449aa43034164500d758e7ba7c257cc4bd6b9f66fe8929da66d76e1b5fe4f
666,4326|123592,3374,80886,"Hamburg-Bergedorf, Germany","Dr. Remeis-Observatory, Bamberg, Germany",FINITE_GEOMETRY_ADMISSIBLE_WITNESS,GEOMETRY_ADMISSIBLE,1,1,0,1,b1b3c557cfde31375c5aece058bc5ab7f5b7b0ff1ea2bf3d75710ae72413a0a3
667,4326|123593,3374,80887,"Hamburg-Bergedorf, Germany","Dr. Remeis-Observatory, Bamberg, Germany",FINITE_GEOMETRY_ADMISSIBLE_WITNESS,GEOMETRY_ADMISSIBLE,1,1,0,1,d2a41a6fc905b15f9d9afcce2bf1df85cd860eb73d400b17b7275e204b1f4077
670,4334|123622,3382,80916,"Hamburg-Bergedorf, Germany","Dr. Remeis-Observatory, Bamberg, Germany",FINITE_GEOMETRY_ADMISSIBLE_WITNESS,GEOMETRY_ADMISSIBLE,1,1,0,1,c59e2ab93cc1dd6a45379f7419188e494c82ac385f719ea3cc5a165285883ab9
671,4334|123625,3382,80919,"Hamburg-Bergedorf, Germany","Dr. Remeis-Observatory, Bamberg, Germany",FINITE_GEOMETRY_ADMISSIBLE_WITNESS,GEOMETRY_ADMISSIBLE,1,1,0,1,d025a97ddbce5347ea8737b44370de8455555d287ccad8a475bb8ca8eb05ff4d
689,4350|123671,3398,80965,"Hamburg-Bergedorf, Germany","Dr. Remeis-Observatory, Bamberg, Germany",FINITE_GEOMETRY_ADMISSIBLE_WITNESS,GEOMETRY_ADMISSIBLE,1,1,0,1,a7239e73e47a6e1181d0a5619b3bd954f540fe106ea70893df2b98a9ac30c2fe
690,4350|123672,3398,80966,"Hamburg-Bergedorf, Germany","Dr. Remeis-Observatory, Bamberg, Germany",FINITE_GEOMETRY_ADMISSIBLE_WITNESS,GEOMETRY_ADMISSIBLE,1,1,0,1,9506376bafbf917942bd6dc6f3a076de731713f0c92594d515b277572e8649a8
691,4352|123650,3400,80944,"Hamburg-Bergedorf, Germany","Dr. Remeis-Observatory, Bamberg, Germany",FINITE_GEOMETRY_ADMISSIBLE_WITNESS,GEOMETRY_ADMISSIBLE,1,1,0,1,923ea419ca65e777388c2e270eeb648864f58abca713b749267746d544b21a45
692,4352|123651,3400,80945,"Hamburg-Bergedorf, Germany","Dr. Remeis-Observatory, Bamberg, Germany",FINITE_GEOMETRY_ADMISSIBLE_WITNESS,GEOMETRY_ADMISSIBLE,1,1,0,1,2195dad1106fb53511dec7105a69fb2187e83947788f93f171b7e024610c9f2d
694,4352|123655,3400,80949,"Hamburg-Bergedorf, Germany","Dr. Remeis-Observatory, Bamberg, Germany",FINITE_GEOMETRY_ADMISSIBLE_WITNESS,GEOMETRY_ADMISSIBLE,1,1,0,1,a11b316d6ce0b7ff823efe504459368e09526a9fa34ee8b939f8552c24520667
696,4352|123678,3400,80972,"Hamburg-Bergedorf, Germany","Dr. Remeis-Observatory, Bamberg, Germany",FINITE_GEOMETRY_ADMISSIBLE_WITNESS,GEOMETRY_ADMISSIBLE,1,1,0,1,7b895a4b261573a8af370d5dcf6046a1f59c84778ed134907c24db1913c6220b
713,4372|123759,3418,81053,"Hamburg-Bergedorf, Germany","Dr. Remeis-Observatory, Bamberg, Germany",FINITE_GEOMETRY_ADMISSIBLE_WITNESS,GEOMETRY_ADMISSIBLE,1,1,0,1,e95295e3dd142a9e0cf9023ebeca7046c820ef732a938a00eb76c1aa941f6c67
731,4423|124002,3469,81296,"Hamburg-Bergedorf, Germany","Dr. Remeis-Observatory, Bamberg, Germany",FINITE_GEOMETRY_ADMISSIBLE_WITNESS,GEOMETRY_ADMISSIBLE,1,1,0,1,5e388b3e29ab46d3ee38f6e5ac1b98eb694d4b968805834b8706a576dcaf7b11
732,4423|124004,3469,81298,"Hamburg-Bergedorf, Germany","Dr. Remeis-Observatory, Bamberg, Germany",FINITE_GEOMETRY_ADMISSIBLE_WITNESS,GEOMETRY_ADMISSIBLE,1,1,0,1,f8aa119d989ba8002a030e181a370a81916a155a3f1f617910fa843ff1ff6a7f
739,4426|123996,3472,81290,"Hamburg-Bergedorf, Germany","Dr. Remeis-Observatory, Bamberg, Germany",FINITE_GEOMETRY_ADMISSIBLE_WITNESS,GEOMETRY_ADMISSIBLE,1,1,0,1,9cd0ef473a3af5edfe5ae086b2a7db92bdae8676d149070b41bbb8844ab984e4
740,4426|124008,3472,81302,"Hamburg-Bergedorf, Germany","Dr. Remeis-Observatory, Bamberg, Germany",FINITE_GEOMETRY_ADMISSIBLE_WITNESS,GEOMETRY_ADMISSIBLE,1,1,0,1,f2db027aa5bf3c844a9bf55e19301a6b2be44d7d21a12e6a340c04316c7b9f7c
742,4426|124088,3472,81382,"Hamburg-Bergedorf, Germany","Dr. Remeis-Observatory, Bamberg, Germany",FINITE_GEOMETRY_ADMISSIBLE_WITNESS,GEOMETRY_ADMISSIBLE,1,1,0,1,4457d488aed27bb06372b243d42d2463fd8a6ad0d3c14f015589d8000e9a62bf
743,4426|124089,3472,81383,"Hamburg-Bergedorf, Germany","Dr. Remeis-Observatory, Bamberg, Germany",FINITE_GEOMETRY_ADMISSIBLE_WITNESS,GEOMETRY_ADMISSIBLE,1,1,0,1,666058a2d37d0b4cff36aa4ea321a401cf8a01b25d1586aead0f00719e74c401
744,4426|124090,3472,81384,"Hamburg-Bergedorf, Germany","Dr. Remeis-Observatory, Bamberg, Germany",FINITE_GEOMETRY_ADMISSIBLE_WITNESS,GEOMETRY_ADMISSIBLE,1,1,0,2,f60952717f52d192793d2e54e2bc678693e4ee77e12b0ddd99ed96b2241e5bdc
746,4426|124092,3472,81386,"Hamburg-Bergedorf, Germany","Dr. Remeis-Observatory, Bamberg, Germany",FINITE_GEOMETRY_ADMISSIBLE_WITNESS,GEOMETRY_ADMISSIBLE,1,1,0,1,80fc2df8de24db3540e98ef909f566f0602b7f730d63e1c2a99f99b02614d9f5
747,4426|124093,3472,81387,"Hamburg-Bergedorf, Germany","Dr. Remeis-Observatory, Bamberg, Germany",FINITE_GEOMETRY_ADMISSIBLE_WITNESS,GEOMETRY_ADMISSIBLE,1,1,0,1,563a3858475f934e53aec789e53d18e6c659922c566681578ac3007e1180d0e0
749,4442|124202,3486,81496,"Hamburg-Bergedorf, Germany","Dr. Remeis-Observatory, Bamberg, Germany",FINITE_GEOMETRY_ADMISSIBLE_WITNESS,GEOMETRY_ADMISSIBLE,1,1,0,1,1cecaad9673bdeb9c4fd19f926d6694fb56d69ae22e6ea747e9c4edcf3b41127
750,4442|124203,3486,81497,"Hamburg-Bergedorf, Germany","Dr. Remeis-Observatory, Bamberg, Germany",FINITE_GEOMETRY_ADMISSIBLE_WITNESS,GEOMETRY_ADMISSIBLE,1,1,0,1,a87d261ce11dc757ed3db30fddb3814ee2e7df8aad604f0289c42c2f36c0edf2
751,4442|124210,3486,81504,"Hamburg-Bergedorf, Germany","Dr. Remeis-Observatory, Bamberg, Germany",FINITE_GEOMETRY_ADMISSIBLE_WITNESS,GEOMETRY_ADMISSIBLE,1,1,0,2,32aaf8843137c3676b0bc1793de3bca2cba3ba6cb03905367c6a5328a0bc9657
752,4443|124203,3487,81497,"Hamburg-Bergedorf, Germany","Dr. Remeis-Observatory, Bamberg, Germany",FINITE_GEOMETRY_ADMISSIBLE_WITNESS,GEOMETRY_ADMISSIBLE,1,1,0,1,72a8e85258a28ef332ad45261a1c2ee49e519f1068145f6dd2dcce5f419ee843
753,4443|124204,3487,81498,"Hamburg-Bergedorf, Germany","Dr. Remeis-Observatory, Bamberg, Germany",FINITE_GEOMETRY_ADMISSIBLE_WITNESS,GEOMETRY_ADMISSIBLE,1,1,0,1,753632ae55fa71de9464a94b31d25f73170e8f0f4c4a24f5128f8db86363e566
755,4444|124204,3488,81498,"Hamburg-Bergedorf, Germany","Dr. Remeis-Observatory, Bamberg, Germany",FINITE_GEOMETRY_ADMISSIBLE_WITNESS,GEOMETRY_ADMISSIBLE,1,1,0,2,2758379c48680ca8f5953763ac56259d30d5db419a896d9be6dd7679fb10e594
766,4459|124306,3503,81600,"Hamburg-Bergedorf, Germany","Dr. Remeis-Observatory, Bamberg, Germany",FINITE_GEOMETRY_ADMISSIBLE_WITNESS,GEOMETRY_ADMISSIBLE,1,1,0,1,ff5b315238294cfe841c16d0ebed735c52e725474ce1b784497ae30116785104
767,4459|124307,3503,81601,"Hamburg-Bergedorf, Germany","Dr. Remeis-Observatory, Bamberg, Germany",FINITE_GEOMETRY_ADMISSIBLE_WITNESS,GEOMETRY_ADMISSIBLE,1,1,0,1,50e0bc8cfc4ee35ec2d2548b7dc9590dc44475a32f0829b4924af6ffad073417
768,4460|124301,3504,81595,"Hamburg-Bergedorf, Germany","Dr. Remeis-Observatory, Bamberg, Germany",FINITE_GEOMETRY_ADMISSIBLE_WITNESS,GEOMETRY_ADMISSIBLE,1,1,0,1,741a0e2f32ace49cab18ead6d77da616d4b75ce7a4cc5fc6dbfbb6b5857bcd8c
769,4460|124307,3504,81601,"Hamburg-Bergedorf, Germany","Dr. Remeis-Observatory, Bamberg, Germany",FINITE_GEOMETRY_ADMISSIBLE_WITNESS,GEOMETRY_ADMISSIBLE,1,1,0,1,cda64950c3f380857235b6711c85a950b3703d5f543a6d715e87345eafc92cca
772,4463|124326,3507,81620,"Hamburg-Bergedorf, Germany","Dr. Remeis-Observatory, Bamberg, Germany",FINITE_GEOMETRY_ADMISSIBLE_WITNESS,GEOMETRY_ADMISSIBLE,1,1,0,1,c32c0f3eb0a7027e9713b00233b196651f04d4636439149d3d42b6616a4afa87
775,4463|124337,3507,81631,"Hamburg-Bergedorf, Germany","Dr. Remeis-Observatory, Bamberg, Germany",FINITE_GEOMETRY_ADMISSIBLE_WITNESS,GEOMETRY_ADMISSIBLE,1,1,0,1,eab029c8da532a884f778ce2fc6e97c59c1fc18bfaa872e9c4a688249d2b14e8
778,4466|124369,3510,81663,"Hamburg-Bergedorf, Germany","Dr. Remeis-Observatory, Bamberg, Germany",FINITE_GEOMETRY_ADMISSIBLE_WITNESS,GEOMETRY_ADMISSIBLE,1,1,0,1,5b3834c1ff6249b9b5afe072c75ef72953e8b27a35006f9cff22a6442d9f3c26
779,4466|124370,3510,81664,"Hamburg-Bergedorf, Germany","Dr. Remeis-Observatory, Bamberg, Germany",FINITE_GEOMETRY_ADMISSIBLE_WITNESS,GEOMETRY_ADMISSIBLE,1,1,0,1,665d1fc41114ae02214369cba2cb7bd93a4f1eea26331946a2bfc49b2b76738e
790,4474|124480,3518,81774,"Hamburg-Bergedorf, Germany","Dr. Remeis-Observatory, Bamberg, Germany",FINITE_GEOMETRY_ADMISSIBLE_WITNESS,GEOMETRY_ADMISSIBLE,1,1,0,2,910de61dc0e0e2bd7ff327966264fde24529a4eb9a8c45b6a390fadfb6da18c7
795,4475|124436,3519,81730,"Hamburg-Bergedorf, Germany","Dr. Remeis-Observatory, Bamberg, Germany",FINITE_GEOMETRY_ADMISSIBLE_WITNESS,GEOMETRY_ADMISSIBLE,1,1,0,1,046b9270c00cf2c6584d7ae50d040e10ff3d4b3236be44e4033118605b1e7fe5
797,4484|124518,3524,81812,"Hamburg-Bergedorf, Germany","Dr. Remeis-Observatory, Bamberg, Germany",FINITE_GEOMETRY_ADMISSIBLE_WITNESS,GEOMETRY_ADMISSIBLE,1,1,0,1,5b07ce888464f89a13fcc337f6f06ee6da95cfa2c357545ed41af60f79cb08cd
798,4484|124540,3524,81834,"Hamburg-Bergedorf, Germany","Dr. Remeis-Observatory, Bamberg, Germany",FINITE_GEOMETRY_ADMISSIBLE_WITNESS,GEOMETRY_ADMISSIBLE,1,1,0,3,efb891e6b1d24b95e6961b0252fdc0e4a467171a6c36f03b669a6d5635486c38
799,4485|124518,3525,81812,"Hamburg-Bergedorf, Germany","Dr. Remeis-Observatory, Bamberg, Germany",FINITE_GEOMETRY_ADMISSIBLE_WITNESS,GEOMETRY_ADMISSIBLE,1,1,0,1,f4a356e2a0e5da85b3cd8ccd9779bcc591d27257c73ae43d6e58ba1a479789b7
800,4485|124519,3525,81813,"Hamburg-Bergedorf, Germany","Dr. Remeis-Observatory, Bamberg, Germany",FINITE_GEOMETRY_ADMISSIBLE_WITNESS,GEOMETRY_ADMISSIBLE,1,1,0,1,5e148d99ad9d930a8fa87262270938614de32d5221a1007229b1917b852578b3
801,4485|124540,3525,81834,"Hamburg-Bergedorf, Germany","Dr. Remeis-Observatory, Bamberg, Germany",FINITE_GEOMETRY_ADMISSIBLE_WITNESS,GEOMETRY_ADMISSIBLE,1,1,0,1,672ae98e04d969198a1ae7d39cc4fe4d12a5e8f38a3100eec7dad5d0e049834c
803,4486|124540,3526,81834,"Hamburg-Bergedorf, Germany","Dr. Remeis-Observatory, Bamberg, Germany",FINITE_GEOMETRY_ADMISSIBLE_WITNESS,GEOMETRY_ADMISSIBLE,1,1,0,1,a763841fb02795db71bd6b15d1825f96a6d21f96dd5b614c674b99385a5b50a1
806,4488|124520,3528,81814,"Hamburg-Bergedorf, Germany","Dr. Remeis-Observatory, Bamberg, Germany",FINITE_GEOMETRY_ADMISSIBLE_WITNESS,GEOMETRY_ADMISSIBLE,1,1,0,1,e367b79d2d10764997e3ecb9f920f8f00cc921e6b9fa8599f75e9184536fcfed
807,4490|124526,3530,81820,"Hamburg-Bergedorf, Germany","Dr. Remeis-Observatory, Bamberg, Germany",FINITE_GEOMETRY_ADMISSIBLE_WITNESS,GEOMETRY_ADMISSIBLE,1,1,0,1,b1ca0c3070edda8536f816e5156296fd31ca86a4a4457f6e9560634e8a9cd971
808,4490|124547,3530,81841,"Hamburg-Bergedorf, Germany","Dr. Remeis-Observatory, Bamberg, Germany",FINITE_GEOMETRY_ADMISSIBLE_WITNESS,GEOMETRY_ADMISSIBLE,1,1,0,1,6402546a8de7600ef165f89d706a319e97b3ed0af9c5fbf7ddea485d8e64668c
828,4502|124563,3542,81857,"Hamburg-Bergedorf, Germany","Dr. Remeis-Observatory, Bamberg, Germany",FINITE_GEOMETRY_ADMISSIBLE_WITNESS,GEOMETRY_ADMISSIBLE,1,1,0,2,d424db0175863461b34f9bbddd51127c476efde18fe15bdf19a964f2236a7f10
830,4502|124575,3542,81869,"Hamburg-Bergedorf, Germany","Dr. Remeis-Observatory, Bamberg, Germany",FINITE_GEOMETRY_ADMISSIBLE_WITNESS,GEOMETRY_ADMISSIBLE,1,1,0,1,f135c765b0d835a54ead17fb04ae1981c7173c9d7bd4ca0046d104d84afa19ac
831,4502|124576,3542,81870,"Hamburg-Bergedorf, Germany","Dr. Remeis-Observatory, Bamberg, Germany",FINITE_GEOMETRY_ADMISSIBLE_WITNESS,GEOMETRY_ADMISSIBLE,1,1,0,4,354ffc00fbf5349d64bbad057515aeb24d67e0f6de4fddb84546f7b6ff51a6cf
835,4504|124599,3544,81893,"Hamburg-Bergedorf, Germany","Dr. Remeis-Observatory, Bamberg, Germany",FINITE_GEOMETRY_ADMISSIBLE_WITNESS,GEOMETRY_ADMISSIBLE,1,1,0,1,86088d94defcce60d1990eb06464c865da11e50fd49dda76292b817de79992b8
836,4504|124600,3544,81894,"Hamburg-Bergedorf, Germany","Dr. Remeis-Observatory, Bamberg, Germany",FINITE_GEOMETRY_ADMISSIBLE_WITNESS,GEOMETRY_ADMISSIBLE,1,1,0,1,6bf64375cda95856b6b085b6049bc4835b6e0bcb49465b0c5e4acc83f4f21258
837,4504|124639,3544,81933,"Hamburg-Bergedorf, Germany","Dr. Remeis-Observatory, Bamberg, Germany",FINITE_GEOMETRY_ADMISSIBLE_WITNESS,GEOMETRY_ADMISSIBLE,1,1,0,1,3ca5e69d679995df908ae266a1673d34662662cc077b2f89ba564f860af91abb
838,4504|124640,3544,81934,"Hamburg-Bergedorf, Germany","Dr. Remeis-Observatory, Bamberg, Germany",FINITE_GEOMETRY_ADMISSIBLE_WITNESS,GEOMETRY_ADMISSIBLE,1,1,0,1,d80d0a6afc4b79a39ff51b56e6e636beb5698b4363e2c258b552921ce7f6960a
839,4506|124604,3546,81898,"Hamburg-Bergedorf, Germany","Dr. Remeis-Observatory, Bamberg, Germany",FINITE_GEOMETRY_ADMISSIBLE_WITNESS,GEOMETRY_ADMISSIBLE,2,2,0,2,0f78b43a2df711faf309bdee828f3197dc07c0650df2217d3072e7f1c1f9f8cf
843,4508|124665,3548,81959,"Hamburg-Bergedorf, Germany","Dr. Remeis-Observatory, Bamberg, Germany",FINITE_GEOMETRY_ADMISSIBLE_WITNESS,GEOMETRY_ADMISSIBLE,1,1,0,1,bcbd559e2e524b5133b39292a47ef068459eed6ece4507f0f76f73cad48d8f01
851,4520|124830,3560,82124,"Hamburg-Bergedorf, Germany","Dr. Remeis-Observatory, Bamberg, Germany",FINITE_GEOMETRY_ADMISSIBLE_WITNESS,GEOMETRY_ADMISSIBLE,1,1,0,2,2e0cb15360fcb17f19a7985d810ef198d72acd2885c81ab86ac785bc029b6d81
852,4520|124839,3560,82133,"Hamburg-Bergedorf, Germany","Dr. Remeis-Observatory, Bamberg, Germany",FINITE_GEOMETRY_ADMISSIBLE_WITNESS,GEOMETRY_ADMISSIBLE,1,1,0,2,376d4e96ff1e546642625b71a2ed3f01a2324fd891bd62ed9966d3cd9e84cdd8
854,4528|124855,3568,82149,"Hamburg-Bergedorf, Germany","Dr. Remeis-Observatory, Bamberg, Germany",FINITE_GEOMETRY_ADMISSIBLE_WITNESS,GEOMETRY_ADMISSIBLE,1,1,0,2,eb5a61b6995aa6c53fdcc54ed11cbf796e4863f67bfab5e26ddadc37ceef6388
855,4528|124856,3568,82150,"Hamburg-Bergedorf, Germany","Dr. Remeis-Observatory, Bamberg, Germany",FINITE_GEOMETRY_ADMISSIBLE_WITNESS,GEOMETRY_ADMISSIBLE,1,1,0,1,baad58619920c70810f3a6e50e72c24a9fc94551299c717c611341d9a83042e9
856,4528|124857,3568,82151,"Hamburg-Bergedorf, Germany","Dr. Remeis-Observatory, Bamberg, Germany",FINITE_GEOMETRY_ADMISSIBLE_WITNESS,GEOMETRY_ADMISSIBLE,1,1,0,2,ced48e267cb8346571de9e2ebb821de5f83c0b194e45987873fb92bb8982000d
857,4528|124877,3568,82171,"Hamburg-Bergedorf, Germany","Dr. Remeis-Observatory, Bamberg, Germany",FINITE_GEOMETRY_ADMISSIBLE_WITNESS,GEOMETRY_ADMISSIBLE,1,1,0,2,c73ab05d50ae85c423b44ced6e1c300aba8c267a079657f2917b4d20d17abc77
858,4528|124878,3568,82172,"Hamburg-Bergedorf, Germany","Dr. Remeis-Observatory, Bamberg, Germany",FINITE_GEOMETRY_ADMISSIBLE_WITNESS,GEOMETRY_ADMISSIBLE,1,1,0,2,1b52d88ee632540c358bddca0e1985fad0e2b98e142e2e62262a7eb38b7011d8
859,4528|124880,3568,82174,"Hamburg-Bergedorf, Germany","Dr. Remeis-Observatory, Bamberg, Germany",FINITE_GEOMETRY_ADMISSIBLE_WITNESS,GEOMETRY_ADMISSIBLE,1,1,0,2,31cc34b23dbc7b89d5cc61969d4d0a078f9c101100de258a109e5b3baf790c1b
862,4533|124905,3573,82199,"Hamburg-Bergedorf, Germany","Dr. Remeis-Observatory, Bamberg, Germany",FINITE_GEOMETRY_ADMISSIBLE_WITNESS,GEOMETRY_ADMISSIBLE,1,1,0,2,f7bde2437f368549670f41a5598ba9c6dbf549eaeb40c78dcdf7725367838956
863,4533|124926,3573,82220,"Hamburg-Bergedorf, Germany","Dr. Remeis-Observatory, Bamberg, Germany",FINITE_GEOMETRY_ADMISSIBLE_WITNESS,GEOMETRY_ADMISSIBLE,1,1,0,1,a67c26cffd517667e93867001ca06d20005ed7b8fac79b56af8fdd5ed4b95462
866,4535|124872,3575,82166,"Hamburg-Bergedorf, Germany","Dr. Remeis-Observatory, Bamberg, Germany",FINITE_GEOMETRY_ADMISSIBLE_WITNESS,GEOMETRY_ADMISSIBLE,1,1,0,1,0f3212a9cf01183cdeec3201eed8452c9db1e89fc6380e3e301e4beafe1a7e49
867,4535|124873,3575,82167,"Hamburg-Bergedorf, Germany","Dr. Remeis-Observatory, Bamberg, Germany",FINITE_GEOMETRY_ADMISSIBLE_WITNESS,GEOMETRY_ADMISSIBLE,1,1,0,1,6bee4fa610e380cc5ec575431412774f10354458d196d2cc1c70b23609dd58f4
868,4535|124895,3575,82189,"Hamburg-Bergedorf, Germany","Dr. Remeis-Observatory, Bamberg, Germany",FINITE_GEOMETRY_ADMISSIBLE_WITNESS,GEOMETRY_ADMISSIBLE,1,1,0,2,7592c369e8988903b9b579ab070d9ccfae7890901f295eedd831431c1929d745
884,4605|125016,3604,82310,"Hamburg-Bergedorf, Germany","Dr. Remeis-Observatory, Bamberg, Germany",FINITE_GEOMETRY_ADMISSIBLE_WITNESS,GEOMETRY_ADMISSIBLE,1,1,0,1,5b83bcfd8824c3cff98b9143185def1fb7d164d2484acb391c7abbc3dffd2662
892,4661|125117,3644,82411,"Hamburg-Bergedorf, Germany","Dr. Remeis-Observatory, Bamberg, Germany",FINITE_GEOMETRY_ADMISSIBLE_WITNESS,GEOMETRY_ADMISSIBLE,1,1,0,1,e636c2353b7adf2319954a0f20e1618174e3677d238f1238ceee2062bf323768
893,4662|125117,3644,82411,"Hamburg-Bergedorf, Germany","Dr. Remeis-Observatory, Bamberg, Germany",FINITE_GEOMETRY_ADMISSIBLE_WITNESS,GEOMETRY_ADMISSIBLE,1,1,0,2,06190f6501b683357976b901f4e1ee23ead13b6bf58ed39637ccfaea10da7dce
894,4753|125163,3713,82457,"Hamburg-Bergedorf, Germany","Dr. Remeis-Observatory, Bamberg, Germany",FINITE_GEOMETRY_ADMISSIBLE_WITNESS,GEOMETRY_ADMISSIBLE,1,1,0,2,83da1d3884b808713da711d9363a2a0b10435d73388924951a774a35cb758542
896,4793|125241,3728,82535,"Hamburg-Bergedorf, Germany","Dr. Remeis-Observatory, Bamberg, Germany",FINITE_GEOMETRY_ADMISSIBLE_WITNESS,GEOMETRY_ADMISSIBLE,1,1,0,1,7f67657bae3ee478147c342b56ecdd3ad46d2a43e4e1fd9e9917ffdd0b180a8a
907,4835|125332,3745,82626,"Hamburg-Bergedorf, Germany","Dr. Remeis-Observatory, Bamberg, Germany",FINITE_GEOMETRY_ADMISSIBLE_WITNESS,GEOMETRY_ADMISSIBLE,1,1,0,1,e573e45cd3b2b57c2608883272f09ef2657ece41f7e5530fb2faf24fc7652e67
908,4835|125333,3745,82627,"Hamburg-Bergedorf, Germany","Dr. Remeis-Observatory, Bamberg, Germany",FINITE_GEOMETRY_ADMISSIBLE_WITNESS,GEOMETRY_ADMISSIBLE,1,1,0,1,a9f44d0acfc5222f730938946a69c4b31c63d7af2ff0d62c8e9b2ae0ecef8afc
909,4835|125334,3745,82628,"Hamburg-Bergedorf, Germany","Dr. Remeis-Observatory, Bamberg, Germany",FINITE_GEOMETRY_ADMISSIBLE_WITNESS,GEOMETRY_ADMISSIBLE,1,1,0,1,57e942e90e339b628f57a67b3bd2635cc949c293daaaff06a3ebcff64d728b61
910,4835|125335,3745,82629,"Hamburg-Bergedorf, Germany","Dr. Remeis-Observatory, Bamberg, Germany",FINITE_GEOMETRY_ADMISSIBLE_WITNESS,GEOMETRY_ADMISSIBLE,1,1,0,2,e04cd6dd46ae58bd3462ef6137c6ef6560110c9643a7ca575e9a7508e915831c
912,4835|125409,3745,82703,"Hamburg-Bergedorf, Germany","Dr. Remeis-Observatory, Bamberg, Germany",FINITE_GEOMETRY_ADMISSIBLE_WITNESS,GEOMETRY_ADMISSIBLE,1,1,0,1,75f42c89a79005545cdd655a2f3150d12fa7b8b647d7d3387386f460b056b87c
913,4835|125410,3745,82704,"Hamburg-Bergedorf, Germany","Dr. Remeis-Observatory, Bamberg, Germany",FINITE_GEOMETRY_ADMISSIBLE_WITNESS,GEOMETRY_ADMISSIBLE,1,1,0,2,35f467574cd42a404f5cb4f5412ce4088a403aade6ea6aefce116471a44452ee
914,4835|125411,3745,82705,"Hamburg-Bergedorf, Germany","Dr. Remeis-Observatory, Bamberg, Germany",FINITE_GEOMETRY_ADMISSIBLE_WITNESS,GEOMETRY_ADMISSIBLE,1,1,0,1,5ffcbe676c5360b113b72220cdb1238f792df9d260ca9b5e730da26b9c1eba2d
917,4848|125347,3753,82641,"Hamburg-Bergedorf, Germany","Dr. Remeis-Observatory, Bamberg, Germany",FINITE_GEOMETRY_ADMISSIBLE_WITNESS,GEOMETRY_ADMISSIBLE,1,1,0,1,3d3c306ee0bfeb317af58c56b2de17894d39d5cc2916c4e9aefcf4c32f626783
918,4848|125349,3753,82643,"Hamburg-Bergedorf, Germany","Dr. Remeis-Observatory, Bamberg, Germany",FINITE_GEOMETRY_ADMISSIBLE_WITNESS,GEOMETRY_ADMISSIBLE,1,1,0,1,84b47280e4c06ca8aa2f4432005e1594baefd40e8ea932407d349126fd55e3e9
919,4848|125350,3753,82644,"Hamburg-Bergedorf, Germany","Dr. Remeis-Observatory, Bamberg, Germany",FINITE_GEOMETRY_ADMISSIBLE_WITNESS,GEOMETRY_ADMISSIBLE,2,2,0,2,e9032d54c684184bc0391adabb0508799950e4e995df01fab95257cb8cc740b7
921,4848|125353,3753,82647,"Hamburg-Bergedorf, Germany","Dr. Remeis-Observatory, Bamberg, Germany",FINITE_GEOMETRY_ADMISSIBLE_WITNESS,GEOMETRY_ADMISSIBLE,1,1,0,1,b943dbf17b8c78241cd4a4110352f442f36a1b91e2bb1aad1f838030f4fd525e
922,4848|125424,3753,82718,"Hamburg-Bergedorf, Germany","Dr. Remeis-Observatory, Bamberg, Germany",FINITE_GEOMETRY_ADMISSIBLE_WITNESS,GEOMETRY_ADMISSIBLE,1,1,0,3,6c0334899c91dfc3995c1726e796e403b90fab97beace8abd203aec22aaa33b1
923,4848|125425,3753,82719,"Hamburg-Bergedorf, Germany","Dr. Remeis-Observatory, Bamberg, Germany",FINITE_GEOMETRY_ADMISSIBLE_WITNESS,GEOMETRY_ADMISSIBLE,1,1,0,2,e55d0fd4df752264750af9d369d6ca3ed3faac7c1bbbb4b7273d7c16c3317595
924,4848|125426,3753,82720,"Hamburg-Bergedorf, Germany","Dr. Remeis-Observatory, Bamberg, Germany",FINITE_GEOMETRY_ADMISSIBLE_WITNESS,GEOMETRY_ADMISSIBLE,2,2,0,2,63b12638331354fc025521f754739257684bec541a8bc357b52e705b660a4cc2
925,4848|125427,3753,82721,"Hamburg-Bergedorf, Germany","Dr. Remeis-Observatory, Bamberg, Germany",FINITE_GEOMETRY_ADMISSIBLE_WITNESS,GEOMETRY_ADMISSIBLE,1,1,0,1,8cac49540294ac037761b02e5a2f911982fc6676368bda64a56e5482ba6fa6b5
926,4848|125428,3753,82722,"Hamburg-Bergedorf, Germany","Dr. Remeis-Observatory, Bamberg, Germany",FINITE_GEOMETRY_ADMISSIBLE_WITNESS,GEOMETRY_ADMISSIBLE,1,1,0,1,d342d873a4e38c9f380cf573b1959c40fdb78af428b232e864ac235a2f718df1
927,4848|125429,3753,82723,"Hamburg-Bergedorf, Germany","Dr. Remeis-Observatory, Bamberg, Germany",FINITE_GEOMETRY_ADMISSIBLE_WITNESS,GEOMETRY_ADMISSIBLE,1,1,0,2,dbca1b88731cef9a22c1760dd7bcab921afb0469f9005ee5f36c4f3ef5ec709c
928,4859|125450,3764,82744,"Hamburg-Bergedorf, Germany","Dr. Remeis-Observatory, Bamberg, Germany",FINITE_GEOMETRY_ADMISSIBLE_WITNESS,GEOMETRY_ADMISSIBLE,1,1,0,2,ceaf3726b0bad46c93f264c34335774618a0eba3cee9b10def9135cf0703e867
929,4859|125451,3764,82745,"Hamburg-Bergedorf, Germany","Dr. Remeis-Observatory, Bamberg, Germany",FINITE_GEOMETRY_ADMISSIBLE_WITNESS,GEOMETRY_ADMISSIBLE,1,1,0,1,e21d359e38d271780ec121238cd105942ecf303f0b2cd78641b521346098e13d
932,4861|125454,3766,82748,"Hamburg-Bergedorf, Germany","Dr. Remeis-Observatory, Bamberg, Germany",FINITE_GEOMETRY_ADMISSIBLE_WITNESS,GEOMETRY_ADMISSIBLE,1,1,0,1,9bd292c45a35ba9d4cd62bdb97d8799eccbcefad15ba9ea36fa720265b3e4481
933,4861|125457,3766,82751,"Hamburg-Bergedorf, Germany","Dr. Remeis-Observatory, Bamberg, Germany",FINITE_GEOMETRY_ADMISSIBLE_WITNESS,GEOMETRY_ADMISSIBLE,1,1,0,1,0a0b3e2b6475741e88f207756a6792dae5d0b453bcc29563da8d3e6ec1f7ecd4
934,4861|125458,3766,82752,"Hamburg-Bergedorf, Germany","Dr. Remeis-Observatory, Bamberg, Germany",FINITE_GEOMETRY_ADMISSIBLE_WITNESS,GEOMETRY_ADMISSIBLE,1,1,0,1,4315ca1d3924ed44ed8a5792983840644b55bf9fac7dc08a21aaf27d50a54832
935,4873|125465,3778,82759,"Hamburg-Bergedorf, Germany","Dr. Remeis-Observatory, Bamberg, Germany",FINITE_GEOMETRY_ADMISSIBLE_WITNESS,GEOMETRY_ADMISSIBLE,1,1,0,1,f400cedaf3d79cf27f4331bba7521f35682b8f3a7ab9b6e26c490707eb09eb9b
936,4873|125474,3778,82768,"Hamburg-Bergedorf, Germany","Dr. Remeis-Observatory, Bamberg, Germany",FINITE_GEOMETRY_ADMISSIBLE_WITNESS,GEOMETRY_ADMISSIBLE,1,1,0,1,3e41dfa3c3c05fce1140e4dc57f0ce33a0ce6db2fb23c907ccc91a2868d17b4b
939,4876|125477,3781,82771,"Hamburg-Bergedorf, Germany","Dr. Remeis-Observatory, Bamberg, Germany",FINITE_GEOMETRY_ADMISSIBLE_WITNESS,GEOMETRY_ADMISSIBLE,1,1,0,1,dbebc886609b65b95e8eb647e75b1b88c8481657dba8d03d50dfd11616d3720f
949,4882|125557,3787,82851,"Hamburg-Bergedorf, Germany","Dr. Remeis-Observatory, Bamberg, Germany",FINITE_GEOMETRY_ADMISSIBLE_WITNESS,GEOMETRY_ADMISSIBLE,1,1,0,1,c276f0e0f8116c30b1e4193b91a14cfeb7168826a89822407f952c7c73a07d36
950,4883|125487,3787,82781,"Hamburg-Bergedorf, Germany","Dr. Remeis-Observatory, Bamberg, Germany",FINITE_GEOMETRY_ADMISSIBLE_WITNESS,GEOMETRY_ADMISSIBLE,1,1,0,1,03b9e84e40b62eb278d7493e1f50b17a37939090159a7121c41e4bf5ec4d7906
951,4884|125487,3787,82781,"Hamburg-Bergedorf, Germany","Dr. Remeis-Observatory, Bamberg, Germany",FINITE_GEOMETRY_ADMISSIBLE_WITNESS,GEOMETRY_ADMISSIBLE,1,1,0,1,0f31159ac2bbbae863749f50b4548bdc5a97457e3eaec937818ade6a4364a71c
952,4885|125488,3787,82782,"Hamburg-Bergedorf, Germany","Dr. Remeis-Observatory, Bamberg, Germany",FINITE_GEOMETRY_ADMISSIBLE_WITNESS,GEOMETRY_ADMISSIBLE,1,1,0,1,925ed5c75ac23f7d708b52292bcb46cb4eac499c3dea10207431e527d7e5abfe
953,4886|125560,3788,82854,"Hamburg-Bergedorf, Germany","Dr. Remeis-Observatory, Bamberg, Germany",FINITE_GEOMETRY_ADMISSIBLE_WITNESS,GEOMETRY_ADMISSIBLE,1,1,0,1,6942972f0cda23b8595ed8aecaa1810c65e84f05921a7976394be656626dc8a0
954,4887|125560,3788,82854,"Hamburg-Bergedorf, Germany","Dr. Remeis-Observatory, Bamberg, Germany",FINITE_GEOMETRY_ADMISSIBLE_WITNESS,GEOMETRY_ADMISSIBLE,1,1,0,1,57aa9cadd00aee45223413fa286fc75daa7c20e984757d7316eb5239c39010a9
955,4888|125560,3788,82854,"Hamburg-Bergedorf, Germany","Dr. Remeis-Observatory, Bamberg, Germany",FINITE_GEOMETRY_ADMISSIBLE_WITNESS,GEOMETRY_ADMISSIBLE,1,1,0,1,d9c0ac7fb222a5c5464e24db21cc77fcd4eb0ae6ea1f406031f1ff44fe6a5035
956,4889|125560,3788,82854,"Hamburg-Bergedorf, Germany","Dr. Remeis-Observatory, Bamberg, Germany",FINITE_GEOMETRY_ADMISSIBLE_WITNESS,GEOMETRY_ADMISSIBLE,1,1,0,1,43fbafbbf300c16f3c866a6065a737ffe91ce34d883b92a9d8d2d8a3fa8f8e78
960,4893|125478,3792,82772,"Hamburg-Bergedorf, Germany","Dr. Remeis-Observatory, Bamberg, Germany",FINITE_GEOMETRY_ADMISSIBLE_WITNESS,GEOMETRY_ADMISSIBLE,1,1,0,1,84d3934b209ff8205790430c06e5544e3a1ab72bd898de5eb823b8656e97b9ea
962,4893|125496,3792,82790,"Hamburg-Bergedorf, Germany","Dr. Remeis-Observatory, Bamberg, Germany",FINITE_GEOMETRY_ADMISSIBLE_WITNESS,GEOMETRY_ADMISSIBLE,1,1,0,2,7346c24dbf1c52fdbc174bd3227b05410cf644f081afc0917e51a3201ca02cd3
964,4893|125566,3792,82860,"Hamburg-Bergedorf, Germany","Dr. Remeis-Observatory, Bamberg, Germany",FINITE_GEOMETRY_ADMISSIBLE_WITNESS,GEOMETRY_ADMISSIBLE,1,1,0,1,9a6d3825c82b6223cc3e0e2ff103e7490172e303703172f05cb280efb4d48f13
965,4893|125568,3792,82862,"Hamburg-Bergedorf, Germany","Dr. Remeis-Observatory, Bamberg, Germany",FINITE_GEOMETRY_ADMISSIBLE_WITNESS,GEOMETRY_ADMISSIBLE,1,1,0,1,1a18371ee1e31e447f29a988eedd9d0bdfa3f3df22ae5083b8ce3e4411d56d7d
967,4896|125502,3795,82796,"Hamburg-Bergedorf, Germany","Dr. Remeis-Observatory, Bamberg, Germany",FINITE_GEOMETRY_ADMISSIBLE_WITNESS,GEOMETRY_ADMISSIBLE,1,1,0,1,988e600ad5ee07bd9df760b3fec8007de5969553f17d2338acfab79a53df9d93
968,4896|125503,3795,82797,"Hamburg-Bergedorf, Germany","Dr. Remeis-Observatory, Bamberg, Germany",FINITE_GEOMETRY_ADMISSIBLE_WITNESS,GEOMETRY_ADMISSIBLE,1,1,0,1,145dbba963807c45bc01d1ae04eda9ff4573f5bb7de8d6c3c696ad852a697f65
970,4896|125506,3795,82800,"Hamburg-Bergedorf, Germany","Dr. Remeis-Observatory, Bamberg, Germany",FINITE_GEOMETRY_ADMISSIBLE_WITNESS,GEOMETRY_ADMISSIBLE,1,1,0,1,705f80e296e38245dc60d08745d98f733906697c783b85f90296c37d380db8c7
972,4896|125569,3795,82863,"Hamburg-Bergedorf, Germany","Dr. Remeis-Observatory, Bamberg, Germany",FINITE_GEOMETRY_ADMISSIBLE_WITNESS,GEOMETRY_ADMISSIBLE,1,1,0,1,6fdc5412f70d815f15f10919739dc9f57977b9b0dc2bdd1713d751a2cb38741e
973,4896|125570,3795,82864,"Hamburg-Bergedorf, Germany","Dr. Remeis-Observatory, Bamberg, Germany",FINITE_GEOMETRY_ADMISSIBLE_WITNESS,GEOMETRY_ADMISSIBLE,1,1,0,1,c8ece2066b9dc308990d52ff89588024ac18038c2919062b4c50481c437f364c
976,4898|125510,3797,82804,"Hamburg-Bergedorf, Germany","Dr. Remeis-Observatory, Bamberg, Germany",FINITE_GEOMETRY_ADMISSIBLE_WITNESS,GEOMETRY_ADMISSIBLE,1,1,0,1,fad186b031c07c016b58b5f14a53627b97a1d280f51e3f8659e288ddfbc18960
977,4898|125511,3797,82805,"Hamburg-Bergedorf, Germany","Dr. Remeis-Observatory, Bamberg, Germany",FINITE_GEOMETRY_ADMISSIBLE_WITNESS,GEOMETRY_ADMISSIBLE,1,1,0,1,21cca542184e8b722d083c85839e7e349dfa5a81ccacbc0ddd0ebc69c1801049
979,4898|125574,3797,82868,"Hamburg-Bergedorf, Germany","Dr. Remeis-Observatory, Bamberg, Germany",FINITE_GEOMETRY_ADMISSIBLE_WITNESS,GEOMETRY_ADMISSIBLE,1,1,0,1,4edfc8d80af5e3749c10b11cc0d8f9e0f24d4c38311bf297b34ea55fe4ac72d5
980,4900|125514,3799,82808,"Hamburg-Bergedorf, Germany","Dr. Remeis-Observatory, Bamberg, Germany",FINITE_GEOMETRY_ADMISSIBLE_WITNESS,GEOMETRY_ADMISSIBLE,1,1,0,1,899bd6a4f52fd6a9bddafb29fd53245a4966042d587ac48e5e3014eee9962fef
981,4900|125517,3799,82811,"Hamburg-Bergedorf, Germany","Dr. Remeis-Observatory, Bamberg, Germany",FINITE_GEOMETRY_ADMISSIBLE_WITNESS,GEOMETRY_ADMISSIBLE,1,1,0,2,c2d6989a6f83df9aa6a468a12cd57a76749e632ebfbb3184841dcef7394c89b9
982,4900|125518,3799,82812,"Hamburg-Bergedorf, Germany","Dr. Remeis-Observatory, Bamberg, Germany",FINITE_GEOMETRY_ADMISSIBLE_WITNESS,GEOMETRY_ADMISSIBLE,1,1,0,1,3ff1d736855f9cdd5a052045f655ab8a36647786075c7d45424ddb84e3323e46
983,4900|125578,3799,82872,"Hamburg-Bergedorf, Germany","Dr. Remeis-Observatory, Bamberg, Germany",FINITE_GEOMETRY_ADMISSIBLE_WITNESS,GEOMETRY_ADMISSIBLE,1,1,0,1,dd58093faaaa6e6c9f6ab59e6c5e562ee1a361f15764f43be1aabf3d007edb1b
984,4900|125579,3799,82873,"Hamburg-Bergedorf, Germany","Dr. Remeis-Observatory, Bamberg, Germany",FINITE_GEOMETRY_ADMISSIBLE_WITNESS,GEOMETRY_ADMISSIBLE,1,1,0,1,f7e90993b800ef99e0228d22eddb924174f1eedb8b4b451f076078b866bff1a7
985,4901|125520,3800,82814,"Hamburg-Bergedorf, Germany","Dr. Remeis-Observatory, Bamberg, Germany",FINITE_GEOMETRY_ADMISSIBLE_WITNESS,GEOMETRY_ADMISSIBLE,1,1,0,1,c7194f5fbd98837f6058c1de83118c715914cc03b12b805386843c990007640e
986,4901|125581,3800,82875,"Hamburg-Bergedorf, Germany","Dr. Remeis-Observatory, Bamberg, Germany",FINITE_GEOMETRY_ADMISSIBLE_WITNESS,GEOMETRY_ADMISSIBLE,1,1,0,1,73c05f015b730afdf8b84f138e9723e18d79eb952d568bf13ce802eb32d19ceb
987,4902|125520,3800,82814,"Hamburg-Bergedorf, Germany","Dr. Remeis-Observatory, Bamberg, Germany",FINITE_GEOMETRY_ADMISSIBLE_WITNESS,GEOMETRY_ADMISSIBLE,1,1,0,1,0610e14c7bbe7f5b58efe8d535f97e6f55d2633572e66a477b3610563a6ce11e
988,4902|125581,3800,82875,"Hamburg-Bergedorf, Germany","Dr. Remeis-Observatory, Bamberg, Germany",FINITE_GEOMETRY_ADMISSIBLE_WITNESS,GEOMETRY_ADMISSIBLE,1,1,0,1,61fe2390eca55b05ecfd7fc17aa2c50bdf9afa28b01c6fbf4af2ce4e70eb38ec
989,4903|125581,3800,82875,"Hamburg-Bergedorf, Germany","Dr. Remeis-Observatory, Bamberg, Germany",FINITE_GEOMETRY_ADMISSIBLE_WITNESS,GEOMETRY_ADMISSIBLE,1,1,0,1,afb686c6e8787fd592277bbfa06a4dbacd4ebda27209e23c351766151154ec97
990,4904|125581,3800,82875,"Hamburg-Bergedorf, Germany","Dr. Remeis-Observatory, Bamberg, Germany",FINITE_GEOMETRY_ADMISSIBLE_WITNESS,GEOMETRY_ADMISSIBLE,1,1,0,1,aee512ac189bac78953d2d8b398d65cddeedf534c349cc100354b812349d6a7b
991,4905|125581,3801,82875,"Hamburg-Bergedorf, Germany","Dr. Remeis-Observatory, Bamberg, Germany",FINITE_GEOMETRY_ADMISSIBLE_WITNESS,GEOMETRY_ADMISSIBLE,1,1,0,1,e8f38c99637fb85bed9ef382a43f6971d58cbceb660ca9564645bddbf9cf30ce
992,4906|125581,3801,82875,"Hamburg-Bergedorf, Germany","Dr. Remeis-Observatory, Bamberg, Germany",FINITE_GEOMETRY_ADMISSIBLE_WITNESS,GEOMETRY_ADMISSIBLE,1,1,0,1,7452c2b74b0f9c01d27c0ee7572a58b9b13659dacf7b4080b1704d16ea4ae790
993,4907|125581,3801,82875,"Hamburg-Bergedorf, Germany","Dr. Remeis-Observatory, Bamberg, Germany",FINITE_GEOMETRY_ADMISSIBLE_WITNESS,GEOMETRY_ADMISSIBLE,1,1,0,1,192976c5ace79f403ab23d0314374152a6b15db7de46e5b2cc99205b614c0b50
994,4908|125522,3801,82816,"Hamburg-Bergedorf, Germany","Dr. Remeis-Observatory, Bamberg, Germany",FINITE_GEOMETRY_ADMISSIBLE_WITNESS,GEOMETRY_ADMISSIBLE,1,1,0,1,0b003e8b04d07ec56b797b49fb2bd3979776040836f6fd2601fd23c821bef845
1001,4912|125528,3805,82822,"Hamburg-Bergedorf, Germany","Dr. Remeis-Observatory, Bamberg, Germany",FINITE_GEOMETRY_ADMISSIBLE_WITNESS,GEOMETRY_ADMISSIBLE,1,1,0,1,8e54fd24654527600b03c846a25f64008a4db93d605e96d468a5384bab8e735d
1002,4912|125585,3805,82879,"Hamburg-Bergedorf, Germany","Dr. Remeis-Observatory, Bamberg, Germany",FINITE_GEOMETRY_ADMISSIBLE_WITNESS,GEOMETRY_ADMISSIBLE,1,1,0,1,533ca663e1ea5531b3a904b62034da0bdd015ba85b4240f29a1c2d742f1545d5
1005,4914|125532,3807,82826,"Hamburg-Bergedorf, Germany","Dr. Remeis-Observatory, Bamberg, Germany",FINITE_GEOMETRY_ADMISSIBLE_WITNESS,GEOMETRY_ADMISSIBLE,1,1,0,2,36170e51a4233f36650f0df54c45538559bb1e9e6c7b6f32d0ebb22e76c49728
1008,4914|125535,3807,82829,"Hamburg-Bergedorf, Germany","Dr. Remeis-Observatory, Bamberg, Germany",FINITE_GEOMETRY_ADMISSIBLE_WITNESS,GEOMETRY_ADMISSIBLE,1,1,0,1,07757e0e9235b25fd094b260640f5ef5243f63b9acfc03993f4080be240f2502
1011,4914|125588,3807,82882,"Hamburg-Bergedorf, Germany","Dr. Remeis-Observatory, Bamberg, Germany",FINITE_GEOMETRY_ADMISSIBLE_WITNESS,GEOMETRY_ADMISSIBLE,1,1,0,1,8947a48b7a6d949e1b918da9c074b6446a71b9429576c298493b1cfb3188e92b
1013,4914|125590,3807,82884,"Hamburg-Bergedorf, Germany","Dr. Remeis-Observatory, Bamberg, Germany",FINITE_GEOMETRY_ADMISSIBLE_WITNESS,GEOMETRY_ADMISSIBLE,1,1,0,1,0df453902ba508a1eb6ae57c08438df80bfcc1515f5b4a262abea6e0bf7dbb06
1022,4925|125613,3815,82907,"Hamburg-Bergedorf, Germany","Dr. Remeis-Observatory, Bamberg, Germany",FINITE_GEOMETRY_ADMISSIBLE_WITNESS,GEOMETRY_ADMISSIBLE,1,1,0,1,405e62d3d67266f51d0b744f3bc32d8ecf23b5626a2d6b880790e33fed59c23f
1023,4925|125614,3815,82908,"Hamburg-Bergedorf, Germany","Dr. Remeis-Observatory, Bamberg, Germany",FINITE_GEOMETRY_ADMISSIBLE_WITNESS,GEOMETRY_ADMISSIBLE,1,1,0,1,bf8709329407199ac31ae948e62d37ae89295feaa41cc33a136d1d64614429af
1026,4925|125620,3815,82914,"Hamburg-Bergedorf, Germany","Dr. Remeis-Observatory, Bamberg, Germany",FINITE_GEOMETRY_ADMISSIBLE_WITNESS,GEOMETRY_ADMISSIBLE,1,1,0,1,1a65022b608ac3d97fbbe4ee8dabb638729dfc8f87ef8a78ecaf5ffb8f6b556d
1028,4927|125623,3817,82917,"Hamburg-Bergedorf, Germany","Dr. Remeis-Observatory, Bamberg, Germany",FINITE_GEOMETRY_ADMISSIBLE_WITNESS,GEOMETRY_ADMISSIBLE,1,1,0,1,c864fc8d390baaf7697a54302375ddd9be747c65733f647b081d88a602c39d2e
1029,4927|125625,3817,82919,"Hamburg-Bergedorf, Germany","Dr. Remeis-Observatory, Bamberg, Germany",FINITE_GEOMETRY_ADMISSIBLE_WITNESS,GEOMETRY_ADMISSIBLE,2,2,0,2,1e21e6fa1312e5498223de0b301c15f52043e3d561926d9ebf67332dfd381bd8
1031,4927|125627,3817,82921,"Hamburg-Bergedorf, Germany","Dr. Remeis-Observatory, Bamberg, Germany",FINITE_GEOMETRY_ADMISSIBLE_WITNESS,GEOMETRY_ADMISSIBLE,1,1,0,1,94f7f0a660024800106ea8727d96a181f062daea4a3e12a33ddabceb4642be15
1032,4927|125629,3817,82923,"Hamburg-Bergedorf, Germany","Dr. Remeis-Observatory, Bamberg, Germany",FINITE_GEOMETRY_ADMISSIBLE_WITNESS,GEOMETRY_ADMISSIBLE,2,2,0,2,b6701e1bb339caae70219f85e775df8eaff0a99b0ca8a5d6cdde9c82dcc95e9d
1034,4937|125684,3827,82978,"Hamburg-Bergedorf, Germany","Dr. Remeis-Observatory, Bamberg, Germany",FINITE_GEOMETRY_ADMISSIBLE_WITNESS,GEOMETRY_ADMISSIBLE,1,1,0,1,6d459c04216e194f0d1529f8f510d2d47d78dd148487cf2370a26364650a46a5
1035,4937|125685,3827,82979,"Hamburg-Bergedorf, Germany","Dr. Remeis-Observatory, Bamberg, Germany",FINITE_GEOMETRY_ADMISSIBLE_WITNESS,GEOMETRY_ADMISSIBLE,1,1,0,1,c849accf88c92e4c3f2855316fa9ae2942f7ae3e430a6e8643ae10c56efb149f
1036,4937|125686,3827,82980,"Hamburg-Bergedorf, Germany","Dr. Remeis-Observatory, Bamberg, Germany",FINITE_GEOMETRY_ADMISSIBLE_WITNESS,GEOMETRY_ADMISSIBLE,1,1,0,1,16d3d920e5f96c2e37fccc83c012e64e3175ae947290d52b901560326c1528c7
1040,4937|125692,3827,82986,"Hamburg-Bergedorf, Germany","Dr. Remeis-Observatory, Bamberg, Germany",FINITE_GEOMETRY_ADMISSIBLE_WITNESS,GEOMETRY_ADMISSIBLE,1,1,0,1,65b258b7329069b38bb269e36d09826a61067eb274b057cd6e530a55ddccab3a
1041,4937|125694,3827,82988,"Hamburg-Bergedorf, Germany","Dr. Remeis-Observatory, Bamberg, Germany",FINITE_GEOMETRY_ADMISSIBLE_WITNESS,GEOMETRY_ADMISSIBLE,1,1,0,1,a37ad8d3b01c3685bde3839961d737d645a215e63bac8ca7df54ffa8f62ba9d5
1042,4937|125695,3827,82989,"Hamburg-Bergedorf, Germany","Dr. Remeis-Observatory, Bamberg, Germany",FINITE_GEOMETRY_ADMISSIBLE_WITNESS,GEOMETRY_ADMISSIBLE,1,1,0,1,d2a5c3f0cd285f12e7300107f1528ede820d847aafb42f83e3ddad1e1c858255
1043,4937|125696,3827,82990,"Hamburg-Bergedorf, Germany","Dr. Remeis-Observatory, Bamberg, Germany",FINITE_GEOMETRY_ADMISSIBLE_WITNESS,GEOMETRY_ADMISSIBLE,1,1,0,1,e36ea7abd7f9c2c76347d0b343c097f1337ef6825ab31925e6f80b9e2ffaea95
1046,4941|125710,3831,83004,"Hamburg-Bergedorf, Germany","Dr. Remeis-Observatory, Bamberg, Germany",FINITE_GEOMETRY_ADMISSIBLE_WITNESS,GEOMETRY_ADMISSIBLE,1,1,0,2,780452dcbaa90d1d870b85c4b82cdb74937a2b8f52a2662fba6b065b0eb6bee9
1047,4941|125741,3831,83035,"Hamburg-Bergedorf, Germany","Dr. Remeis-Observatory, Bamberg, Germany",FINITE_GEOMETRY_ADMISSIBLE_WITNESS,GEOMETRY_ADMISSIBLE,1,1,0,2,b1c57b2c95f0529873c1b67b91d2ce98cec67eef9b2a9e0d07c858fa74b975ac
1048,4943|125711,3833,83005,"Hamburg-Bergedorf, Germany","Dr. Remeis-Observatory, Bamberg, Germany",FINITE_GEOMETRY_ADMISSIBLE_WITNESS,GEOMETRY_ADMISSIBLE,1,1,0,1,3989089d63e3263d529e320c88cf777bf0dd89faf8431ceb57ebd04fe1b6269a
1049,4943|125712,3833,83006,"Hamburg-Bergedorf, Germany","Dr. Remeis-Observatory, Bamberg, Germany",FINITE_GEOMETRY_ADMISSIBLE_WITNESS,GEOMETRY_ADMISSIBLE,1,1,0,3,a1163ac978163b24870942610d29252e0901b9dc728289dd584bdd337ef5e931
1050,4943|125713,3833,83007,"Hamburg-Bergedorf, Germany","Dr. Remeis-Observatory, Bamberg, Germany",FINITE_GEOMETRY_ADMISSIBLE_WITNESS,GEOMETRY_ADMISSIBLE,1,1,0,3,5642f65181cf912730307b4a03dbb0ef01d919651c41360f60533d5a6ea58485
1051,4943|125714,3833,83008,"Hamburg-Bergedorf, Germany","Dr. Remeis-Observatory, Bamberg, Germany",FINITE_GEOMETRY_ADMISSIBLE_WITNESS,GEOMETRY_ADMISSIBLE,1,1,0,1,880d412ad283cdbb47258cbd7256b84744b8ebf2bbf80ef5dbcba721f3485e5e
1055,4943|125742,3833,83036,"Hamburg-Bergedorf, Germany","Dr. Remeis-Observatory, Bamberg, Germany",FINITE_GEOMETRY_ADMISSIBLE_WITNESS,GEOMETRY_ADMISSIBLE,1,1,0,1,c9846a4800062b0c61bbc1e784ff5739e1a465b88bce2b9b11a32c6fb6249dc8
1056,4943|125743,3833,83037,"Hamburg-Bergedorf, Germany","Dr. Remeis-Observatory, Bamberg, Germany",FINITE_GEOMETRY_ADMISSIBLE_WITNESS,GEOMETRY_ADMISSIBLE,1,1,0,2,87d730650a7042cc3bd9250195f149742f9d880951c08a478b9c5dfa11ccd574
1057,4943|125744,3833,83038,"Hamburg-Bergedorf, Germany","Dr. Remeis-Observatory, Bamberg, Germany",FINITE_GEOMETRY_ADMISSIBLE_WITNESS,GEOMETRY_ADMISSIBLE,1,1,0,2,aa8fae71b4cfdb9037d2b8b89646377ff47fc5f2688acefd6ac7eb1900431b69
1058,4943|125745,3833,83039,"Hamburg-Bergedorf, Germany","Dr. Remeis-Observatory, Bamberg, Germany",FINITE_GEOMETRY_ADMISSIBLE_WITNESS,GEOMETRY_ADMISSIBLE,1,1,0,1,cccfafd3b8c63edee87d51ad874d4f833dee8705e51733a4504d39f01150230e
1065,4945|125721,3835,83015,"Hamburg-Bergedorf, Germany","Dr. Remeis-Observatory, Bamberg, Germany",FINITE_GEOMETRY_ADMISSIBLE_WITNESS,GEOMETRY_ADMISSIBLE,1,1,0,2,72a428ad4e656c3db7d576c71baf2fde5bfdd363eea5e78330593157303f209f
1066,4945|125748,3835,83042,"Hamburg-Bergedorf, Germany","Dr. Remeis-Observatory, Bamberg, Germany",FINITE_GEOMETRY_ADMISSIBLE_WITNESS,GEOMETRY_ADMISSIBLE,1,1,0,1,ae11e1c3e89e97c781a0f57f83e633c2e58edcfab4c8f7b056187f0d3c0bc968
1067,4945|125749,3835,83043,"Hamburg-Bergedorf, Germany","Dr. Remeis-Observatory, Bamberg, Germany",FINITE_GEOMETRY_ADMISSIBLE_WITNESS,GEOMETRY_ADMISSIBLE,1,1,0,1,c7f6ec8af887ff9f8e4ab3e3c324cbaf0e068e8c3d5db5ea485b5634e890cb44
1069,4945|125752,3835,83046,"Hamburg-Bergedorf, Germany","Dr. Remeis-Observatory, Bamberg, Germany",FINITE_GEOMETRY_ADMISSIBLE_WITNESS,GEOMETRY_ADMISSIBLE,1,1,0,2,d80b2763b98ab2a49bef554ce97e0b942e7307d61d42e1b1ca0d50f0287a1ff4
1071,4947|125725,3837,83019,"Hamburg-Bergedorf, Germany","Dr. Remeis-Observatory, Bamberg, Germany",FINITE_GEOMETRY_ADMISSIBLE_WITNESS,GEOMETRY_ADMISSIBLE,1,1,0,1,a71026d1fae44bd65335cd179daf1dc9831f9477dd07bd66c5bc5ee1ee48e891
1072,4947|125726,3837,83020,"Hamburg-Bergedorf, Germany","Dr. Remeis-Observatory, Bamberg, Germany",FINITE_GEOMETRY_ADMISSIBLE_WITNESS,GEOMETRY_ADMISSIBLE,1,1,0,1,4b83870cd5e21b22cc27a9599ed78a852493fd66605d664d63d4bd6d99d22f0c
1077,4947|125756,3837,83050,"Hamburg-Bergedorf, Germany","Dr. Remeis-Observatory, Bamberg, Germany",FINITE_GEOMETRY_ADMISSIBLE_WITNESS,GEOMETRY_ADMISSIBLE,1,1,0,1,af22098a68d58ceb55edbe19a2d429d27353a73cfe2de0155207156d6886a463
1078,4947|125757,3837,83051,"Hamburg-Bergedorf, Germany","Dr. Remeis-Observatory, Bamberg, Germany",FINITE_GEOMETRY_ADMISSIBLE_WITNESS,GEOMETRY_ADMISSIBLE,1,1,0,1,29602a28e89f559622003cced56d01a6d83c39072b5f2df943421c4fc580db7b
1084,4955|125781,3842,83075,"Hamburg-Bergedorf, Germany","Dr. Remeis-Observatory, Bamberg, Germany",FINITE_GEOMETRY_ADMISSIBLE_WITNESS,GEOMETRY_ADMISSIBLE,1,1,0,1,02a3b3d5d65fae34528709e70d38bff168ef0d2eabbbd38e3be78a5e1968d195
1085,4955|125782,3842,83076,"Hamburg-Bergedorf, Germany","Dr. Remeis-Observatory, Bamberg, Germany",FINITE_GEOMETRY_ADMISSIBLE_WITNESS,GEOMETRY_ADMISSIBLE,1,1,0,2,42793eb1fa5c5c9d4e9299bafe0f41a145289db625f8affdec7567c97e244d64
1086,4955|125783,3842,83077,"Hamburg-Bergedorf, Germany","Dr. Remeis-Observatory, Bamberg, Germany",FINITE_GEOMETRY_ADMISSIBLE_WITNESS,GEOMETRY_ADMISSIBLE,1,1,0,1,c08766992192a6dea613454b5953cb198e854b28f6eec06cdece50e5856f36d4
1088,4960|125821,3844,83115,"Hamburg-Bergedorf, Germany","Dr. Remeis-Observatory, Bamberg, Germany",FINITE_GEOMETRY_ADMISSIBLE_WITNESS,GEOMETRY_ADMISSIBLE,1,1,0,1,ae8da7defdc08031c32ecf291df9fcce722cb3c8e201e1abf180ef40377dee63
1089,4960|125822,3844,83116,"Hamburg-Bergedorf, Germany","Dr. Remeis-Observatory, Bamberg, Germany",FINITE_GEOMETRY_ADMISSIBLE_WITNESS,GEOMETRY_ADMISSIBLE,1,1,0,1,d24f56d53c46f9f54ad4aa655cefaf3da13f7b065bd1fdaf91ff35d9b13bdcd3
1090,4960|125823,3844,83117,"Hamburg-Bergedorf, Germany","Dr. Remeis-Observatory, Bamberg, Germany",FINITE_GEOMETRY_ADMISSIBLE_WITNESS,GEOMETRY_ADMISSIBLE,1,1,0,1,c8eee17760e7f28b5dc82471a934c9afbfba51b6b8f99f2d9c37f379f72fbcb3
1091,4960|125829,3844,83123,"Hamburg-Bergedorf, Germany","Dr. Remeis-Observatory, Bamberg, Germany",FINITE_GEOMETRY_ADMISSIBLE_WITNESS,GEOMETRY_ADMISSIBLE,1,1,0,1,25dd511b65d23838843a83be55406f37b65c07e80e90aeb1218d8a1afa6d32cb
1092,4960|125830,3844,83124,"Hamburg-Bergedorf, Germany","Dr. Remeis-Observatory, Bamberg, Germany",FINITE_GEOMETRY_ADMISSIBLE_WITNESS,GEOMETRY_ADMISSIBLE,1,1,0,1,2a683f9369b096ddc632205998ecc75dfb88da480a21646fab63e11f8e29ddeb
1095,4963|125845,3847,83139,"Hamburg-Bergedorf, Germany","Dr. Remeis-Observatory, Bamberg, Germany",FINITE_GEOMETRY_ADMISSIBLE_WITNESS,GEOMETRY_ADMISSIBLE,1,1,0,1,50a0e5a30252fc6b9f8a68ac7831dbf5e7d2d1454cc0f8b5ec2a08fbc5f83bd6
1098,4963|125853,3847,83147,"Hamburg-Bergedorf, Germany","Dr. Remeis-Observatory, Bamberg, Germany",FINITE_GEOMETRY_ADMISSIBLE_WITNESS,GEOMETRY_ADMISSIBLE,1,1,0,1,325a531dce41de56e0ec8207decac56ea3355be4e5a94363007eee98e76d2834
1110,4969|125847,3850,83141,"Hamburg-Bergedorf, Germany","Dr. Remeis-Observatory, Bamberg, Germany",FINITE_GEOMETRY_ADMISSIBLE_WITNESS,GEOMETRY_ADMISSIBLE,1,1,0,1,291fc3d393bc40b01abf547d9f3af1b437acaa345c9d22f06dd00861ed310d9a
1111,4969|125848,3850,83142,"Hamburg-Bergedorf, Germany","Dr. Remeis-Observatory, Bamberg, Germany",FINITE_GEOMETRY_ADMISSIBLE_WITNESS,GEOMETRY_ADMISSIBLE,1,1,0,1,53604f3f151fc9028b5cf48094a218d9c93b9030e613e53e3f8b03413deb5d1e
1112,4969|125855,3850,83149,"Hamburg-Bergedorf, Germany","Dr. Remeis-Observatory, Bamberg, Germany",FINITE_GEOMETRY_ADMISSIBLE_WITNESS,GEOMETRY_ADMISSIBLE,1,1,0,1,2aded47127e4f811537099c5bb00e1dcca10aa00fa6903eb39e5daf6af0d428b
1113,4969|125856,3850,83150,"Hamburg-Bergedorf, Germany","Dr. Remeis-Observatory, Bamberg, Germany",FINITE_GEOMETRY_ADMISSIBLE_WITNESS,GEOMETRY_ADMISSIBLE,1,1,0,1,f056353f0930dcfe3e2a0f7510c0587d9b10b3f92b237ec989c191bf633d87c8
1115,4969|125863,3850,83157,"Hamburg-Bergedorf, Germany","Dr. Remeis-Observatory, Bamberg, Germany",FINITE_GEOMETRY_ADMISSIBLE_WITNESS,GEOMETRY_ADMISSIBLE,1,1,0,1,bf0c3707aef4b7e8e39fab1dbb43533316dff6c4f77d282631e78a0f98bcadba
1116,4969|125864,3850,83158,"Hamburg-Bergedorf, Germany","Dr. Remeis-Observatory, Bamberg, Germany",FINITE_GEOMETRY_ADMISSIBLE_WITNESS,GEOMETRY_ADMISSIBLE,1,1,0,1,47373f3bfe3758e9ab87524cc7038676b2873fe0ba50efbe066daba691c95100
1117,4969|125865,3850,83159,"Hamburg-Bergedorf, Germany","Dr. Remeis-Observatory, Bamberg, Germany",FINITE_GEOMETRY_ADMISSIBLE_WITNESS,GEOMETRY_ADMISSIBLE,1,1,0,1,ec09e5bf473ac8964fbc35c1fe385ec22a5121a8f7dbc9bf3596bd0cdccd0e10
1118,4969|125870,3850,83164,"Hamburg-Bergedorf, Germany","Dr. Remeis-Observatory, Bamberg, Germany",FINITE_GEOMETRY_ADMISSIBLE_WITNESS,GEOMETRY_ADMISSIBLE,1,1,0,1,79eaaca3ff5b7d5c32968ae87fa703a5109397eead6065d0e7d234a70aa504c4
1119,4969|125871,3850,83165,"Hamburg-Bergedorf, Germany","Dr. Remeis-Observatory, Bamberg, Germany",FINITE_GEOMETRY_ADMISSIBLE_WITNESS,GEOMETRY_ADMISSIBLE,1,1,0,1,fc8b20f5e84db12f354b2bfd9eae1ef3bc828783096fb3fceb5c217b509fa8bd
1133,5018|125921,3873,83215,"Hamburg-Bergedorf, Germany","Dr. Remeis-Observatory, Bamberg, Germany",FINITE_GEOMETRY_ADMISSIBLE_WITNESS,GEOMETRY_ADMISSIBLE,1,1,0,1,9a3ad6de47af5692bf3e27452edc62d5fdc2142ff5e665311f3e65e9dfee76b4
1134,5018|125922,3873,83216,"Hamburg-Bergedorf, Germany","Dr. Remeis-Observatory, Bamberg, Germany",FINITE_GEOMETRY_ADMISSIBLE_WITNESS,GEOMETRY_ADMISSIBLE,1,1,0,2,2327815b7a08019ff0775cd14af30028571f13e2065f729bc80df402860026ad
1137,5018|125985,3873,83279,"Hamburg-Bergedorf, Germany","Dr. Remeis-Observatory, Bamberg, Germany",FINITE_GEOMETRY_ADMISSIBLE_WITNESS,GEOMETRY_ADMISSIBLE,1,1,0,2,cd14c892f1b86ace0caa1cd45624565f57bcd7adf3fabea2f661ea066a2ae4bd
1141,5028|125993,3876,83287,"Hamburg-Bergedorf, Germany","Dr. Remeis-Observatory, Bamberg, Germany",FINITE_GEOMETRY_ADMISSIBLE_WITNESS,GEOMETRY_ADMISSIBLE,1,1,0,1,390331893a0d161eeb8785a305c07182bf2d43c92092ecbebeacb36de15fffd5
1142,5029|125993,3876,83287,"Hamburg-Bergedorf, Germany","Dr. Remeis-Observatory, Bamberg, Germany",FINITE_GEOMETRY_ADMISSIBLE_WITNESS,GEOMETRY_ADMISSIBLE,1,1,0,2,19e0b839b8905a8d0adec32d1ad8ecf08ef7b3ae2968375592963fba0b40e048
1143,5030|125993,3876,83287,"Hamburg-Bergedorf, Germany","Dr. Remeis-Observatory, Bamberg, Germany",FINITE_GEOMETRY_ADMISSIBLE_WITNESS,GEOMETRY_ADMISSIBLE,1,1,0,2,21c4541cb2d2144155078d70c4e3f686c2b2ce7d3346a6a802fcf0aa38baa3db
1145,5053|126100,3895,83394,"Hamburg-Bergedorf, Germany","Dr. Remeis-Observatory, Bamberg, Germany",FINITE_GEOMETRY_ADMISSIBLE_WITNESS,GEOMETRY_ADMISSIBLE,1,1,0,1,0f28e69fd3a24a8d32afe9a2fe7546fc2e210c4406b687cb438faadeda7ca65b
1146,5054|126090,3896,83384,"Hamburg-Bergedorf, Germany","Dr. Remeis-Observatory, Bamberg, Germany",FINITE_GEOMETRY_ADMISSIBLE_WITNESS,GEOMETRY_ADMISSIBLE,1,1,0,1,a949594194c81a489e3c9c065223af5e74d2422f0af1606a0ab6b4f0775dd7ff
1152,5060|126093,3899,83387,"Hamburg-Bergedorf, Germany","Dr. Remeis-Observatory, Bamberg, Germany",FINITE_GEOMETRY_ADMISSIBLE_WITNESS,GEOMETRY_ADMISSIBLE,1,1,0,1,fd2d8c41c4ed9bff09e3ee422a58c64b50fd68044b34349fc5a4d54b4733f88f
1153,5060|126095,3899,83389,"Hamburg-Bergedorf, Germany","Dr. Remeis-Observatory, Bamberg, Germany",FINITE_GEOMETRY_ADMISSIBLE_WITNESS,GEOMETRY_ADMISSIBLE,1,1,0,1,f4781f17a1279040b7c57e7244a7774ebb4549a23c48ff19f6ad0201ed2712e2
1155,5060|126104,3899,83398,"Hamburg-Bergedorf, Germany","Dr. Remeis-Observatory, Bamberg, Germany",FINITE_GEOMETRY_ADMISSIBLE_WITNESS,GEOMETRY_ADMISSIBLE,1,1,0,1,d66b87b94da633bdfc6e241831b573497d98ab1e127cd1b1ee4769ee262d75ce
1156,5060|126105,3899,83399,"Hamburg-Bergedorf, Germany","Dr. Remeis-Observatory, Bamberg, Germany",FINITE_GEOMETRY_ADMISSIBLE_WITNESS,GEOMETRY_ADMISSIBLE,1,1,0,1,b329d0b469637676445ab651c133d14691034377f979cbd4b4721a8f734dd8a6
1157,5060|126106,3899,83400,"Hamburg-Bergedorf, Germany","Dr. Remeis-Observatory, Bamberg, Germany",FINITE_GEOMETRY_ADMISSIBLE_WITNESS,GEOMETRY_ADMISSIBLE,1,1,0,1,208e2b1a81a788e1a0fb903e1cf67c60bf4e2b476fecd7db49b244ac71e5048d
1158,5060|126107,3899,83401,"Hamburg-Bergedorf, Germany","Dr. Remeis-Observatory, Bamberg, Germany",FINITE_GEOMETRY_ADMISSIBLE_WITNESS,GEOMETRY_ADMISSIBLE,1,1,0,1,ed3da15481e6495980b76932d8227a088a46c407d968d82b9d144a9255ef65b6
1163,5067|126119,3905,83413,"Hamburg-Bergedorf, Germany","Dr. Remeis-Observatory, Bamberg, Germany",FINITE_GEOMETRY_ADMISSIBLE_WITNESS,GEOMETRY_ADMISSIBLE,1,1,0,1,d9350c7b619b3fb424d4b071c84d84a15c5243babe04d9ef8bba94a8ad8daf69
1166,5067|126122,3905,83416,"Hamburg-Bergedorf, Germany","Dr. Remeis-Observatory, Bamberg, Germany",FINITE_GEOMETRY_ADMISSIBLE_WITNESS,GEOMETRY_ADMISSIBLE,1,1,0,2,d1153715cc60a86dc105808808dd1b5d88de1fe70da4a002c2a900a93a4b7d62
1168,5067|126131,3905,83425,"Hamburg-Bergedorf, Germany","Dr. Remeis-Observatory, Bamberg, Germany",FINITE_GEOMETRY_ADMISSIBLE_WITNESS,GEOMETRY_ADMISSIBLE,1,1,0,1,447515846e762762df30132f34350902b7256c9f03c1ddbc201e5e41c3357d82
1169,5067|126132,3905,83426,"Hamburg-Bergedorf, Germany","Dr. Remeis-Observatory, Bamberg, Germany",FINITE_GEOMETRY_ADMISSIBLE_WITNESS,GEOMETRY_ADMISSIBLE,1,1,0,1,835ad37b32892b5a4d6b3aecdbb51fb4b02d54ab5fb079b3385c2c4e2b1a4e40
1170,5067|126133,3905,83427,"Hamburg-Bergedorf, Germany","Dr. Remeis-Observatory, Bamberg, Germany",FINITE_GEOMETRY_ADMISSIBLE_WITNESS,GEOMETRY_ADMISSIBLE,1,1,0,1,91687e079ebe0345b39474c47c4f740e9448c1a5961be861dc7aadf35a892aee
1171,5067|126135,3905,83429,"Hamburg-Bergedorf, Germany","Dr. Remeis-Observatory, Bamberg, Germany",FINITE_GEOMETRY_ADMISSIBLE_WITNESS,GEOMETRY_ADMISSIBLE,1,1,0,1,a6a89232747884d2b0dea828d4a7787a068cce1be24802a0ced895d988617f18
1173,5072|126140,3909,83434,"Hamburg-Bergedorf, Germany","Dr. Remeis-Observatory, Bamberg, Germany",FINITE_GEOMETRY_ADMISSIBLE_WITNESS,GEOMETRY_ADMISSIBLE,1,1,0,1,55739488f045fce028afc6fb1357c9ecf17c4f66a6e51eb3c8d2291f513d4b49
1174,5072|126141,3909,83435,"Hamburg-Bergedorf, Germany","Dr. Remeis-Observatory, Bamberg, Germany",FINITE_GEOMETRY_ADMISSIBLE_WITNESS,GEOMETRY_ADMISSIBLE,1,1,0,2,e2f6d48e8d8a19784acda3f295fa4e06b095ce36d12572c7ea144586539227bb
1175,5072|126151,3909,83445,"Hamburg-Bergedorf, Germany","Dr. Remeis-Observatory, Bamberg, Germany",FINITE_GEOMETRY_ADMISSIBLE_WITNESS,GEOMETRY_ADMISSIBLE,1,1,0,1,5589b3ec9752c9ff9cc092f9f45c1e3a7979655474bc85532eefccc2d1321e3d
1177,5072|126153,3909,83447,"Hamburg-Bergedorf, Germany","Dr. Remeis-Observatory, Bamberg, Germany",FINITE_GEOMETRY_ADMISSIBLE_WITNESS,GEOMETRY_ADMISSIBLE,1,1,0,2,be36ae86a1ceadf77f13f77cd11d3c4eef380321ddc919d98beeb54b168bb9bb
1178,5072|126154,3909,83448,"Hamburg-Bergedorf, Germany","Dr. Remeis-Observatory, Bamberg, Germany",FINITE_GEOMETRY_ADMISSIBLE_WITNESS,GEOMETRY_ADMISSIBLE,1,1,0,2,8e50c01bb77b602253156655949b2acd693d4e54954dc4e080b83e5825dc4f14
1179,5074|126173,3911,83467,"Hamburg-Bergedorf, Germany","Dr. Remeis-Observatory, Bamberg, Germany",FINITE_GEOMETRY_ADMISSIBLE_WITNESS,GEOMETRY_ADMISSIBLE,1,1,0,1,f7f612a8cb92e69d255e0b60d7d14e467642adf643798d1e8be6c33a393b1f57
1181,5075|126174,3912,83468,"Hamburg-Bergedorf, Germany","Dr. Remeis-Observatory, Bamberg, Germany",FINITE_GEOMETRY_ADMISSIBLE_WITNESS,GEOMETRY_ADMISSIBLE,1,1,0,3,fd0128525c9ff11aa03cfb2995a71988bf0c0df8616d80e48444297c2e66ffda
1182,5085|126211,3918,83505,"Hamburg-Bergedorf, Germany","Dr. Remeis-Observatory, Bamberg, Germany",FINITE_GEOMETRY_ADMISSIBLE_WITNESS,GEOMETRY_ADMISSIBLE,1,1,0,2,61d7ccf250547f5ea62055e4761f45d80818301f8645aca8433a0db1ff6a0c1a
1183,5085|126212,3918,83506,"Hamburg-Bergedorf, Germany","Dr. Remeis-Observatory, Bamberg, Germany",FINITE_GEOMETRY_ADMISSIBLE_WITNESS,GEOMETRY_ADMISSIBLE,2,2,0,2,706f4ab5cf9b239ae7f43d56abe829170e8a3c939d0680669c90a7a818d79976
1184,5085|126213,3918,83507,"Hamburg-Bergedorf, Germany","Dr. Remeis-Observatory, Bamberg, Germany",FINITE_GEOMETRY_ADMISSIBLE_WITNESS,GEOMETRY_ADMISSIBLE,1,1,0,1,230d03d727c99ef2cc990d0d394bdfdc2f6e0a6bd2cc94bf6a8e9cb091cdeb68
1188,5085|126235,3918,83529,"Hamburg-Bergedorf, Germany","Dr. Remeis-Observatory, Bamberg, Germany",FINITE_GEOMETRY_ADMISSIBLE_WITNESS,GEOMETRY_ADMISSIBLE,2,2,0,2,0d513842b2504a273cf9d8d78095c1929c215f7810b5ae54526354534042882f
1189,5085|126236,3918,83530,"Hamburg-Bergedorf, Germany","Dr. Remeis-Observatory, Bamberg, Germany",FINITE_GEOMETRY_ADMISSIBLE_WITNESS,GEOMETRY_ADMISSIBLE,1,1,0,1,c08f85aa9d7cc45cedce3852271e9a0f1ffc4a439a1cadd333d97df39067deea
1192,5087|126217,3920,83511,"Hamburg-Bergedorf, Germany","Dr. Remeis-Observatory, Bamberg, Germany",FINITE_GEOMETRY_ADMISSIBLE_WITNESS,GEOMETRY_ADMISSIBLE,1,1,0,1,9241ce5305121d79397109f042e11a9a268285ec95f5e2d69d6dcad0944e86f4
1193,5087|126219,3920,83513,"Hamburg-Bergedorf, Germany","Dr. Remeis-Observatory, Bamberg, Germany",FINITE_GEOMETRY_ADMISSIBLE_WITNESS,GEOMETRY_ADMISSIBLE,1,1,0,1,204e1e5341867d467098dfcc6eb225bc89b0d7287bcbb9b7ae933be477e8f5b9
1195,5087|126243,3920,83537,"Hamburg-Bergedorf, Germany","Dr. Remeis-Observatory, Bamberg, Germany",FINITE_GEOMETRY_ADMISSIBLE_WITNESS,GEOMETRY_ADMISSIBLE,1,1,0,1,108c414dd10896a166f2bd18715838b88cad4ab258e310164f3640fd2fd87545
1196,5089|126223,3922,83517,"Hamburg-Bergedorf, Germany","Dr. Remeis-Observatory, Bamberg, Germany",FINITE_GEOMETRY_ADMISSIBLE_WITNESS,GEOMETRY_ADMISSIBLE,1,1,0,1,aa495638148b7a6f47eb567de9b545f73c08b19b3a2ea7b78edaf7a832034437
1199,5089|126246,3922,83540,"Hamburg-Bergedorf, Germany","Dr. Remeis-Observatory, Bamberg, Germany",FINITE_GEOMETRY_ADMISSIBLE_WITNESS,GEOMETRY_ADMISSIBLE,1,1,0,2,369011c48b7cf852fba58861aa1d4827c6102fd3fccdf2f3970e5213c0ad50cc
1200,5089|126247,3922,83541,"Hamburg-Bergedorf, Germany","Dr. Remeis-Observatory, Bamberg, Germany",FINITE_GEOMETRY_ADMISSIBLE_WITNESS,GEOMETRY_ADMISSIBLE,1,1,0,2,bc6281abd089a6ced9e4dcdc8f324421e6ef3d0daf454e81e3b53a4d60a1d9a1
1209,5165|126291,3952,83585,"Hamburg-Bergedorf, Germany","Dr. Remeis-Observatory, Bamberg, Germany",FINITE_GEOMETRY_ADMISSIBLE_WITNESS,GEOMETRY_ADMISSIBLE,1,1,0,1,b974071fd40fa68813e45b9346b9ddd803b4f08807960ad28d0920897424282e
1221,5223|126438,3978,83732,"Hamburg-Bergedorf, Germany","Dr. Remeis-Observatory, Bamberg, Germany",FINITE_GEOMETRY_ADMISSIBLE_WITNESS,GEOMETRY_ADMISSIBLE,1,1,0,1,22adaf40355aa661dbdad175bfc86a3fe5a0143cc13c245c6fe8a7117f512dd3
1222,5223|126439,3978,83733,"Hamburg-Bergedorf, Germany","Dr. Remeis-Observatory, Bamberg, Germany",FINITE_GEOMETRY_ADMISSIBLE_WITNESS,GEOMETRY_ADMISSIBLE,1,1,0,1,3a54545a449274ae842dfb1452406631b35a9f9b2f6f20cacb8fb376d07f7135
1223,5223|126440,3978,83734,"Hamburg-Bergedorf, Germany","Dr. Remeis-Observatory, Bamberg, Germany",FINITE_GEOMETRY_ADMISSIBLE_WITNESS,GEOMETRY_ADMISSIBLE,1,1,0,1,25a0c07c665726d527ea9ff37d6220e26b9623a2c110d4594119225e6d988510
1226,5223|126453,3978,83747,"Hamburg-Bergedorf, Germany","Dr. Remeis-Observatory, Bamberg, Germany",FINITE_GEOMETRY_ADMISSIBLE_WITNESS,GEOMETRY_ADMISSIBLE,1,1,0,1,ab6624bc9163a2162d72420c65650c91a695c0a7ef91f5c830b3e7c86544f445
1227,5223|126454,3978,83748,"Hamburg-Bergedorf, Germany","Dr. Remeis-Observatory, Bamberg, Germany",FINITE_GEOMETRY_ADMISSIBLE_WITNESS,GEOMETRY_ADMISSIBLE,1,1,0,1,7c18a456dc9e7d33813899309df489dd93ee8e7abbe504af711c6bf685612fa8
1228,5223|126455,3978,83749,"Hamburg-Bergedorf, Germany","Dr. Remeis-Observatory, Bamberg, Germany",FINITE_GEOMETRY_ADMISSIBLE_WITNESS,GEOMETRY_ADMISSIBLE,1,1,0,1,92f49051baf9e6ab3acb647b7e4e6401ac65c927bca1017c7a955ba34c9f6bde
1235,5473|127020,4030,84314,"Hamburg-Bergedorf, Germany","Dr. Remeis-Observatory, Bamberg, Germany",FINITE_GEOMETRY_ADMISSIBLE_WITNESS,GEOMETRY_ADMISSIBLE,1,1,0,1,f57cc752e535420a4219d3227f0abf9be4979519e8e885ac62a961ca1d66da00
1246,5479|127007,4032,84301,"Hamburg-Bergedorf, Germany","Dr. Remeis-Observatory, Bamberg, Germany",FINITE_GEOMETRY_ADMISSIBLE_WITNESS,GEOMETRY_ADMISSIBLE,1,1,0,1,a9604e33c77c3ccca401a410c29f93be7a7ec9d760900d4b33931552e8cfaa1c
1247,5479|127027,4032,84321,"Hamburg-Bergedorf, Germany","Dr. Remeis-Observatory, Bamberg, Germany",FINITE_GEOMETRY_ADMISSIBLE_WITNESS,GEOMETRY_ADMISSIBLE,1,1,0,1,199aa0b793ce86af42dac95ba4be34496fdc22003953b07d8eee53061693cc62
1248,5480|127007,4032,84301,"Hamburg-Bergedorf, Germany","Dr. Remeis-Observatory, Bamberg, Germany",FINITE_GEOMETRY_ADMISSIBLE_WITNESS,GEOMETRY_ADMISSIBLE,1,1,0,1,0e40a1d7beec26afb87fd1067adf56792618aa6374270d2cb3db7c0afe5e5cb8
1250,5480|127027,4032,84321,"Hamburg-Bergedorf, Germany","Dr. Remeis-Observatory, Bamberg, Germany",FINITE_GEOMETRY_ADMISSIBLE_WITNESS,GEOMETRY_ADMISSIBLE,1,1,0,1,35d3c5a78b690eb1a5940968e326f8d526cbce219938c60af4d662662b3edfdf
1251,5480|127028,4032,84322,"Hamburg-Bergedorf, Germany","Dr. Remeis-Observatory, Bamberg, Germany",FINITE_GEOMETRY_ADMISSIBLE_WITNESS,GEOMETRY_ADMISSIBLE,1,1,0,1,09cf6414a689bce0fdf9a2c2cca4096ff3a2f4bbedb806771bf2786a842370fa
1262,5512|127122,4045,84403,"Hamburg-Bergedorf, Germany","Dr. Remeis-Observatory, Bamberg, Germany",FINITE_GEOMETRY_ADMISSIBLE_WITNESS,GEOMETRY_ADMISSIBLE,1,1,0,1,e0cf38066b5ac70980ae1eecac1a5de64435a8861201d4d31f8a7cb11c3f0015
1264,5521|127130,4048,84411,"Hamburg-Bergedorf, Germany","Dr. Remeis-Observatory, Bamberg, Germany",FINITE_GEOMETRY_ADMISSIBLE_WITNESS,GEOMETRY_ADMISSIBLE,1,1,0,2,f62e82b8c19b9704488e037abc24fd3eee95e1c7e989d41ce9bcfa0f7ea8ad6d
1266,5522|127130,4048,84411,"Hamburg-Bergedorf, Germany","Dr. Remeis-Observatory, Bamberg, Germany",FINITE_GEOMETRY_ADMISSIBLE_WITNESS,GEOMETRY_ADMISSIBLE,1,1,0,1,b74b6b8d5fb034c399b321f880aafd579a25433d22af66c73f69599e432a68c4
1268,5523|127130,4048,84411,"Hamburg-Bergedorf, Germany","Dr. Remeis-Observatory, Bamberg, Germany",FINITE_GEOMETRY_ADMISSIBLE_WITNESS,GEOMETRY_ADMISSIBLE,1,1,0,3,21fd7136e43c4ddbaa403e7c2ae7185a7e8c575dc23186457d600e00e36cb582
1270,5524|127130,4048,84411,"Hamburg-Bergedorf, Germany","Dr. Remeis-Observatory, Bamberg, Germany",FINITE_GEOMETRY_ADMISSIBLE_WITNESS,GEOMETRY_ADMISSIBLE,1,1,0,2,5179d06cc6ca24af4196b82373afa6c30b78649cacfb02f1421ed692cb82f543
1272,5525|127130,4048,84411,"Hamburg-Bergedorf, Germany","Dr. Remeis-Observatory, Bamberg, Germany",FINITE_GEOMETRY_ADMISSIBLE_WITNESS,GEOMETRY_ADMISSIBLE,1,1,0,2,6b28e8ab9fe37a1459093de7ef7f9b8d2833ee84012a3380dd64a3c4a2771668
1274,5526|127130,4048,84411,"Hamburg-Bergedorf, Germany","Dr. Remeis-Observatory, Bamberg, Germany",FINITE_GEOMETRY_ADMISSIBLE_WITNESS,GEOMETRY_ADMISSIBLE,1,1,0,2,d9a32cb1c6e89a7f07ebcd72367d3721ca0c01e9809ef5e7fc025009a7d4ce3c
1276,5527|127130,4048,84411,"Hamburg-Bergedorf, Germany","Dr. Remeis-Observatory, Bamberg, Germany",FINITE_GEOMETRY_ADMISSIBLE_WITNESS,GEOMETRY_ADMISSIBLE,1,1,0,1,f6c41aca450841ba35e6e91d8264deba0bdbe66350d90ab741eeccf01d1cd9aa
1278,5528|127130,4048,84411,"Hamburg-Bergedorf, Germany","Dr. Remeis-Observatory, Bamberg, Germany",FINITE_GEOMETRY_ADMISSIBLE_WITNESS,GEOMETRY_ADMISSIBLE,1,1,0,1,eb960fe84583dec275ddb5341c7d2517f925b39ee248001d8666c7dd990ad6bc
1280,5529|127130,4048,84411,"Hamburg-Bergedorf, Germany","Dr. Remeis-Observatory, Bamberg, Germany",FINITE_GEOMETRY_ADMISSIBLE_WITNESS,GEOMETRY_ADMISSIBLE,1,1,0,2,773979cc7b54911a835567e7d522640840f2e1449fda03fbbb1a619a594747ff
1282,5530|127130,4048,84411,"Hamburg-Bergedorf, Germany","Dr. Remeis-Observatory, Bamberg, Germany",FINITE_GEOMETRY_ADMISSIBLE_WITNESS,GEOMETRY_ADMISSIBLE,1,1,0,1,78310993fe4ad73542ba28b6bdffbde78363e7beb34c67ddf9e7484f3abc757f
1284,5531|127130,4048,84411,"Hamburg-Bergedorf, Germany","Dr. Remeis-Observatory, Bamberg, Germany",FINITE_GEOMETRY_ADMISSIBLE_WITNESS,GEOMETRY_ADMISSIBLE,1,1,0,1,24dc29043ea9396c24a4aa3d9050aee99fb7f46e936cd249032915e952185d0d
1286,5532|127130,4048,84411,"Hamburg-Bergedorf, Germany","Dr. Remeis-Observatory, Bamberg, Germany",FINITE_GEOMETRY_ADMISSIBLE_WITNESS,GEOMETRY_ADMISSIBLE,1,1,0,2,02afda7d578661647e28cf143cf0065ccc688b0d1400f982a5e6aa6270da0d5c
1288,5533|127130,4048,84411,"Hamburg-Bergedorf, Germany","Dr. Remeis-Observatory, Bamberg, Germany",FINITE_GEOMETRY_ADMISSIBLE_WITNESS,GEOMETRY_ADMISSIBLE,1,1,0,1,77c934074fdd4d547ebfa07b73c9b7bb387ff72d5160b7765454548b7c127965
1290,5534|127130,4048,84411,"Hamburg-Bergedorf, Germany","Dr. Remeis-Observatory, Bamberg, Germany",FINITE_GEOMETRY_ADMISSIBLE_WITNESS,GEOMETRY_ADMISSIBLE,1,1,0,1,a3173b5be9eb06e1e50da563109a909789048ad716016fccc56a15e59dac0988
1292,5535|127130,4048,84411,"Hamburg-Bergedorf, Germany","Dr. Remeis-Observatory, Bamberg, Germany",FINITE_GEOMETRY_ADMISSIBLE_WITNESS,GEOMETRY_ADMISSIBLE,1,1,0,3,e3b0c546d4d2639634e3249d92eef61df4df907b1a792972b90f007cb88e4541
1294,5536|127130,4048,84411,"Hamburg-Bergedorf, Germany","Dr. Remeis-Observatory, Bamberg, Germany",FINITE_GEOMETRY_ADMISSIBLE_WITNESS,GEOMETRY_ADMISSIBLE,1,1,0,1,5ac14a61b9f9b89ce358144afc7cd05d50e1dd4891af7031bc27b36df0be4c99
1296,5537|127130,4048,84411,"Hamburg-Bergedorf, Germany","Dr. Remeis-Observatory, Bamberg, Germany",FINITE_GEOMETRY_ADMISSIBLE_WITNESS,GEOMETRY_ADMISSIBLE,1,1,0,1,601dcb333ed32a9bbe7fcec7bc1e33d4062241ef3780c82e79169998f9d73476
1298,5538|127130,4048,84411,"Hamburg-Bergedorf, Germany","Dr. Remeis-Observatory, Bamberg, Germany",FINITE_GEOMETRY_ADMISSIBLE_WITNESS,GEOMETRY_ADMISSIBLE,1,1,0,1,4b4bd657417655cc93127a376793648821e7138be00fce755a05c7f5108cd07d
1300,5539|127130,4048,84411,"Hamburg-Bergedorf, Germany","Dr. Remeis-Observatory, Bamberg, Germany",FINITE_GEOMETRY_ADMISSIBLE_WITNESS,GEOMETRY_ADMISSIBLE,1,1,0,2,6de5721273a0598a814960216ff3618de041f44556104a3cb43195ce45cf2213
1302,5540|127130,4048,84411,"Hamburg-Bergedorf, Germany","Dr. Remeis-Observatory, Bamberg, Germany",FINITE_GEOMETRY_ADMISSIBLE_WITNESS,GEOMETRY_ADMISSIBLE,1,1,0,1,84d22b32fce612fdf8ddfdc63f87d6882a9aa06ecdba4671fe487f6d13368992
1304,5541|127130,4048,84411,"Hamburg-Bergedorf, Germany","Dr. Remeis-Observatory, Bamberg, Germany",FINITE_GEOMETRY_ADMISSIBLE_WITNESS,GEOMETRY_ADMISSIBLE,1,1,0,1,ab73beadbf7a81cd240c5e05c72ef7ac1c031e9fc14cb2f3c1e68c9716924ffc
1562,5704|127161,4061,84442,"Hamburg-Bergedorf, Germany","Dr. Remeis-Observatory, Bamberg, Germany",FINITE_GEOMETRY_ADMISSIBLE_WITNESS,GEOMETRY_ADMISSIBLE,1,1,0,1,f78e1b9a99ec49739279dbcd0de19b79a20f7ab642791b2624bbb0958843801e
1563,5704|127172,4061,84453,"Hamburg-Bergedorf, Germany","Dr. Remeis-Observatory, Bamberg, Germany",FINITE_GEOMETRY_ADMISSIBLE_WITNESS,GEOMETRY_ADMISSIBLE,1,1,0,1,295b92d8c6339af9d528ba919dcb560d3d964782972b2a428d58a04fe6f51fb8
1565,5728|127192,4071,84473,"Hamburg-Bergedorf, Germany","Dr. Remeis-Observatory, Bamberg, Germany",FINITE_GEOMETRY_ADMISSIBLE_WITNESS,GEOMETRY_ADMISSIBLE,1,1,0,1,0f749c5058baf1ec67f6b609e69d5f287a629b20a110e2460c224a9b2aac5133
1566,5728|127193,4071,84474,"Hamburg-Bergedorf, Germany","Dr. Remeis-Observatory, Bamberg, Germany",FINITE_GEOMETRY_ADMISSIBLE_WITNESS,GEOMETRY_ADMISSIBLE,1,1,0,1,33d23f9bff56b2f0c97d93b13b38afaa54f548951b9bf4ab45ed44bf8cec4e80
1567,5728|127194,4071,84475,"Hamburg-Bergedorf, Germany","Dr. Remeis-Observatory, Bamberg, Germany",FINITE_GEOMETRY_ADMISSIBLE_WITNESS,GEOMETRY_ADMISSIBLE,1,1,0,1,cbda7d8153bee0ddbc79bb8601d99e786f5212c28daf1412f8435ed380ab7879
1568,5728|127195,4071,84476,"Hamburg-Bergedorf, Germany","Dr. Remeis-Observatory, Bamberg, Germany",FINITE_GEOMETRY_ADMISSIBLE_WITNESS,GEOMETRY_ADMISSIBLE,1,1,0,1,8a5b7babafb136d9d73fda9c925fd5295816179e43c889b30e121a342efd114e
1569,5728|127196,4071,84477,"Hamburg-Bergedorf, Germany","Dr. Remeis-Observatory, Bamberg, Germany",FINITE_GEOMETRY_ADMISSIBLE_WITNESS,GEOMETRY_ADMISSIBLE,1,1,0,1,446cc1a1528abd6156a9088b6b1d2c17b038c58edda264185ae8072d401e5991
1571,5728|127207,4071,84488,"Hamburg-Bergedorf, Germany","Dr. Remeis-Observatory, Bamberg, Germany",FINITE_GEOMETRY_ADMISSIBLE_WITNESS,GEOMETRY_ADMISSIBLE,1,1,0,2,33fa0a45d903400189947730f1ada9eff7fca5d6c1012b354568e5d5f864f207
1572,5728|127209,4071,84490,"Hamburg-Bergedorf, Germany","Dr. Remeis-Observatory, Bamberg, Germany",FINITE_GEOMETRY_ADMISSIBLE_WITNESS,GEOMETRY_ADMISSIBLE,1,1,0,1,6c59b5e6c168a5596809a73496be489c2b4c6e1a455f5ff76b2e26b48afb1aac
1573,5728|127210,4071,84491,"Hamburg-Bergedorf, Germany","Dr. Remeis-Observatory, Bamberg, Germany",FINITE_GEOMETRY_ADMISSIBLE_WITNESS,GEOMETRY_ADMISSIBLE,1,1,0,1,def4c4d569385fda8d0e40bd8749f9312f1c31aa13f86e8e20835cff1cd2a63a
1578,5733|127267,4075,84548,"Hamburg-Bergedorf, Germany","Dr. Remeis-Observatory, Bamberg, Germany",FINITE_GEOMETRY_ADMISSIBLE_WITNESS,GEOMETRY_ADMISSIBLE,1,1,0,1,0e3cf15ea9a5bf0274b894fb2fbfcf3668ad1e47c3f0226cb91e1fe73ae08b47
1579,5733|127268,4075,84549,"Hamburg-Bergedorf, Germany","Dr. Remeis-Observatory, Bamberg, Germany",FINITE_GEOMETRY_ADMISSIBLE_WITNESS,GEOMETRY_ADMISSIBLE,1,1,0,2,c14a070705cde1d4d9b35820da11f65d1d097c9f223fdebef77f16ebfda02164
1580,5747|127276,4080,84557,"Hamburg-Bergedorf, Germany","Dr. Remeis-Observatory, Bamberg, Germany",FINITE_GEOMETRY_ADMISSIBLE_WITNESS,GEOMETRY_ADMISSIBLE,1,1,0,1,a26a792ee405e7f73554b28b85b93b63d8fb97890eab32e6a33f9fa89f095a62
1581,5747|127277,4080,84558,"Hamburg-Bergedorf, Germany","Dr. Remeis-Observatory, Bamberg, Germany",FINITE_GEOMETRY_ADMISSIBLE_WITNESS,GEOMETRY_ADMISSIBLE,1,1,0,1,a5aa1aa14412cd9512c82bd43888dce185c62f6a960a174d9b7a3c4354310016
1582,5747|127282,4080,84563,"Hamburg-Bergedorf, Germany","Dr. Remeis-Observatory, Bamberg, Germany",FINITE_GEOMETRY_ADMISSIBLE_WITNESS,GEOMETRY_ADMISSIBLE,1,1,0,1,de9cbc1770712f00b5dfb75b9bae9dd8c4314d4a9a80b36be18ce54593e16378
1583,5747|127283,4080,84564,"Hamburg-Bergedorf, Germany","Dr. Remeis-Observatory, Bamberg, Germany",FINITE_GEOMETRY_ADMISSIBLE_WITNESS,GEOMETRY_ADMISSIBLE,1,1,0,2,164bee57293bc6d76283caf131b78a6f690bd66fd4fff6bbc86a406634e0638a
1586,5769|127358,4090,84639,"Hamburg-Bergedorf, Germany","Dr. Remeis-Observatory, Bamberg, Germany",FINITE_GEOMETRY_ADMISSIBLE_WITNESS,GEOMETRY_ADMISSIBLE,1,1,0,1,29433936e70dde5ba9d86c7bc0b8e5333f0c0698d8d728e666fe570e60b36ebf
1587,5769|127359,4090,84640,"Hamburg-Bergedorf, Germany","Dr. Remeis-Observatory, Bamberg, Germany",FINITE_GEOMETRY_ADMISSIBLE_WITNESS,GEOMETRY_ADMISSIBLE,1,1,0,1,0359a89af082f882446c3bc7fc622a99c0f799d1eb03669dba09ec22b2f41f17
1588,5769|127370,4090,84651,"Hamburg-Bergedorf, Germany","Dr. Remeis-Observatory, Bamberg, Germany",FINITE_GEOMETRY_ADMISSIBLE_WITNESS,GEOMETRY_ADMISSIBLE,1,1,0,1,c2079410fdb7520afec35a72581e77ec45b48e00606892f2899297ec578555de
1589,5770|127375,4091,84656,"Hamburg-Bergedorf, Germany","Dr. Remeis-Observatory, Bamberg, Germany",FINITE_GEOMETRY_ADMISSIBLE_WITNESS,GEOMETRY_ADMISSIBLE,1,1,0,2,521aa286f040b6c022774b93d7a6b77efe13d0cd662f1d82ffa593ab3bed321e
1590,5770|127376,4091,84657,"Hamburg-Bergedorf, Germany","Dr. Remeis-Observatory, Bamberg, Germany",FINITE_GEOMETRY_ADMISSIBLE_WITNESS,GEOMETRY_ADMISSIBLE,1,1,0,1,81d969802706ceff0503590a86ea690b8351295e75157da66e4b74d1ac6c3bfd
1591,5770|127377,4091,84658,"Hamburg-Bergedorf, Germany","Dr. Remeis-Observatory, Bamberg, Germany",FINITE_GEOMETRY_ADMISSIBLE_WITNESS,GEOMETRY_ADMISSIBLE,1,1,0,2,5a769b60442fdff272a185390d9a17e15db1088200a26304eda3bb9ea14280dd
1592,5770|127381,4091,84662,"Hamburg-Bergedorf, Germany","Dr. Remeis-Observatory, Bamberg, Germany",FINITE_GEOMETRY_ADMISSIBLE_WITNESS,GEOMETRY_ADMISSIBLE,1,1,0,1,f9f0ac520c5e87120845a81e8478107d18792100f5006320a9e75d0e2790cf29
1593,5770|127382,4091,84663,"Hamburg-Bergedorf, Germany","Dr. Remeis-Observatory, Bamberg, Germany",FINITE_GEOMETRY_ADMISSIBLE_WITNESS,GEOMETRY_ADMISSIBLE,1,1,0,1,2692c23024e5a1e12e7884fc7e0f519eeebd56f353ae0e569ee8784dee8832d8
1594,5770|127383,4091,84664,"Hamburg-Bergedorf, Germany","Dr. Remeis-Observatory, Bamberg, Germany",FINITE_GEOMETRY_ADMISSIBLE_WITNESS,GEOMETRY_ADMISSIBLE,1,1,0,1,eb503d23180548e19b0892c602096acdcf3af02c962ee23cc761755254d5d1ea
1595,5853|127530,4111,84811,"Hamburg-Bergedorf, Germany","Dr. Remeis-Observatory, Bamberg, Germany",FINITE_GEOMETRY_ADMISSIBLE_WITNESS,GEOMETRY_ADMISSIBLE,1,1,0,1,3c220565a931c6bd3556b1abe09695d6a2b63b62a083b3b2b5819e4f0c05b6f3
1618,5886|127530,4114,84811,"Hamburg-Bergedorf, Germany","Dr. Remeis-Observatory, Bamberg, Germany",FINITE_GEOMETRY_ADMISSIBLE_WITNESS,GEOMETRY_ADMISSIBLE,1,1,0,1,59d3b8a418817ab3fbcae7bef42b09cc2a0dc3f8e0264c5295211f8120b219fb
1620,5962|127555,4127,84836,"Hamburg-Bergedorf, Germany","Dr. Remeis-Observatory, Bamberg, Germany",FINITE_GEOMETRY_ADMISSIBLE_WITNESS,GEOMETRY_ADMISSIBLE,1,1,0,1,ba11da7582cb858f425faa62b3a50e0b4d5ceb552bbf93b81ff9661f08b047d1
1621,5963|127555,4128,84836,"Hamburg-Bergedorf, Germany","Dr. Remeis-Observatory, Bamberg, Germany",FINITE_GEOMETRY_ADMISSIBLE_WITNESS,GEOMETRY_ADMISSIBLE,1,1,0,1,df2a033263cce0d1c1998977c54ed9816acd2c5584b66e2b5b79b61ee7f42db1
1622,6207|127615,4171,84889,"Hamburg-Bergedorf, Germany","Dr. Remeis-Observatory, Bamberg, Germany",FINITE_GEOMETRY_ADMISSIBLE_WITNESS,GEOMETRY_ADMISSIBLE,1,1,0,1,e40150870dfea2c7fdd36e93fd8c9dadf0bf70e7187c64c1a9c466b01d9ddd2e
1623,6207|127624,4171,84898,"Hamburg-Bergedorf, Germany","Dr. Remeis-Observatory, Bamberg, Germany",FINITE_GEOMETRY_ADMISSIBLE_WITNESS,GEOMETRY_ADMISSIBLE,1,1,0,3,a3a59f05c385754d19ed5c88a159321dcb9b751e19eade435c8d615cf2bd0906
1624,6208|127615,4171,84889,"Hamburg-Bergedorf, Germany","Dr. Remeis-Observatory, Bamberg, Germany",FINITE_GEOMETRY_ADMISSIBLE_WITNESS,GEOMETRY_ADMISSIBLE,1,1,0,2,f0f641d0473161227ec96e8e9171999454e6b0212da507c16408d6d7dde8df41
1625,6208|127624,4171,84898,"Hamburg-Bergedorf, Germany","Dr. Remeis-Observatory, Bamberg, Germany",FINITE_GEOMETRY_ADMISSIBLE_WITNESS,GEOMETRY_ADMISSIBLE,1,1,0,1,17ee255dd3aae589d0149209a02b84f22bd93978a1cdb7ff81c1d230a585fd7d
1626,6209|127615,4171,84889,"Hamburg-Bergedorf, Germany","Dr. Remeis-Observatory, Bamberg, Germany",FINITE_GEOMETRY_ADMISSIBLE_WITNESS,GEOMETRY_ADMISSIBLE,1,1,0,2,a3a8bfc4b4514ad35883163b15c208dabfc6c93653c367c5199c8f49c3bf5d02
1627,6209|127624,4171,84898,"Hamburg-Bergedorf, Germany","Dr. Remeis-Observatory, Bamberg, Germany",FINITE_GEOMETRY_ADMISSIBLE_WITNESS,GEOMETRY_ADMISSIBLE,1,1,0,1,92048c4008480f872b8ad33c44d759aee411426a88385501fe92eafa7a04633a
1628,6210|127615,4171,84889,"Hamburg-Bergedorf, Germany","Dr. Remeis-Observatory, Bamberg, Germany",FINITE_GEOMETRY_ADMISSIBLE_WITNESS,GEOMETRY_ADMISSIBLE,1,1,0,1,8a6f4f637b976b2fe459a71f20bbae0abf530196d34bfb217f71b81025086e5d
1629,6210|127624,4171,84898,"Hamburg-Bergedorf, Germany","Dr. Remeis-Observatory, Bamberg, Germany",FINITE_GEOMETRY_ADMISSIBLE_WITNESS,GEOMETRY_ADMISSIBLE,1,1,0,1,09687ca87b820fb55167d08facd6c4ee9875f86803e41a0c7bc4d388b7e4fad2
1630,6211|127615,4171,84889,"Hamburg-Bergedorf, Germany","Dr. Remeis-Observatory, Bamberg, Germany",FINITE_GEOMETRY_ADMISSIBLE_WITNESS,GEOMETRY_ADMISSIBLE,1,1,0,1,57e32bb18473eabca797505c9f592dbce13302a8a67fff92699efd66212abb65
1631,6211|127624,4171,84898,"Hamburg-Bergedorf, Germany","Dr. Remeis-Observatory, Bamberg, Germany",FINITE_GEOMETRY_ADMISSIBLE_WITNESS,GEOMETRY_ADMISSIBLE,1,1,0,1,e7bc87ec74558475be4d142f38591bfce3005b46ea39edce8aca6e81d82a19a8
1643,6333|127698,4202,84972,"Hamburg-Bergedorf, Germany","Dr. Remeis-Observatory, Bamberg, Germany",FINITE_GEOMETRY_ADMISSIBLE_WITNESS,GEOMETRY_ADMISSIBLE,1,1,0,1,9d522a6c8893b80d6f89641a5ef66997a5daec507bf467d61b2302e33449132e
1647,6349|127733,4212,85007,"Hamburg-Bergedorf, Germany","Dr. Remeis-Observatory, Bamberg, Germany",FINITE_GEOMETRY_ADMISSIBLE_WITNESS,GEOMETRY_ADMISSIBLE,1,1,0,1,8bc449c25bf4ea0202da8d8ab11e307c87ce40ce9f40703c3c5f85dc66cc3bdf
1648,6349|127735,4212,85009,"Hamburg-Bergedorf, Germany","Dr. Remeis-Observatory, Bamberg, Germany",FINITE_GEOMETRY_ADMISSIBLE_WITNESS,GEOMETRY_ADMISSIBLE,1,1,0,1,1015b797cbf823a7d17dd12493ca17559d7969182253fcb199bd14b61fe94de5
1651,6405|127772,4261,85046,"Hamburg-Bergedorf, Germany","Dr. Remeis-Observatory, Bamberg, Germany",FINITE_GEOMETRY_ADMISSIBLE_WITNESS,GEOMETRY_ADMISSIBLE,1,1,0,1,a2c9504cc5765dbdfa82a914dc9c50e6f2c2b66a5be71263c6ad4d070dcbe1c7
1652,6405|127782,4261,85056,"Hamburg-Bergedorf, Germany","Dr. Remeis-Observatory, Bamberg, Germany",FINITE_GEOMETRY_ADMISSIBLE_WITNESS,GEOMETRY_ADMISSIBLE,1,1,0,1,959bfae7e4a14b7aa4def67faf2e0f26baf3e58af91222b42b57adc5edfd0139
1653,6420|127869,4275,85143,"Hamburg-Bergedorf, Germany","Dr. Remeis-Observatory, Bamberg, Germany",FINITE_GEOMETRY_ADMISSIBLE_WITNESS,GEOMETRY_ADMISSIBLE,1,1,0,1,62f7748e17672d79476cc20a5dfa4f1089e3bf59f94d74c446b952d4fc18f010
1654,6420|127870,4275,85144,"Hamburg-Bergedorf, Germany","Dr. Remeis-Observatory, Bamberg, Germany",FINITE_GEOMETRY_ADMISSIBLE_WITNESS,GEOMETRY_ADMISSIBLE,1,1,0,1,226281a977b4a655da544ac863c00dd149c3b28912b54995cde30a07eb57efd4
1655,6420|127871,4275,85145,"Hamburg-Bergedorf, Germany","Dr. Remeis-Observatory, Bamberg, Germany",FINITE_GEOMETRY_ADMISSIBLE_WITNESS,GEOMETRY_ADMISSIBLE,1,1,0,1,6441111be14f5668eecb37f3d3b8028a2fe4e95452a9606d0f53abc6ed268747
1656,6420|127873,4275,85147,"Hamburg-Bergedorf, Germany","Dr. Remeis-Observatory, Bamberg, Germany",FINITE_GEOMETRY_ADMISSIBLE_WITNESS,GEOMETRY_ADMISSIBLE,1,1,0,2,67f68cecdb42eee304cdbb5d80d250f6b1c4339c365ac9fdf5cfddd260e522ef
1657,6420|127880,4275,85154,"Hamburg-Bergedorf, Germany","Dr. Remeis-Observatory, Bamberg, Germany",FINITE_GEOMETRY_ADMISSIBLE_WITNESS,GEOMETRY_ADMISSIBLE,1,1,0,2,657bec5de839d37f608ae37012376c74bbaec637b74033c8611307e342dbe319
1658,6420|127881,4275,85155,"Hamburg-Bergedorf, Germany","Dr. Remeis-Observatory, Bamberg, Germany",FINITE_GEOMETRY_ADMISSIBLE_WITNESS,GEOMETRY_ADMISSIBLE,1,1,0,1,5043a4717cdb1a6eb1421aa0515f405a04f718e9d10d57044434a9eaf51976e4
1659,6420|127882,4275,85156,"Hamburg-Bergedorf, Germany","Dr. Remeis-Observatory, Bamberg, Germany",FINITE_GEOMETRY_ADMISSIBLE_WITNESS,GEOMETRY_ADMISSIBLE,1,1,0,1,9dfa0ef0ab23e8f268bed75158b1f8f24a8ee016468ab4b61b63988e5ab7449f
1660,6420|127883,4275,85157,"Hamburg-Bergedorf, Germany","Dr. Remeis-Observatory, Bamberg, Germany",FINITE_GEOMETRY_ADMISSIBLE_WITNESS,GEOMETRY_ADMISSIBLE,1,1,0,1,76c9665df147fb6bf45eec58a84846ca479f30cfef2a198ffd663ad46cfa2071
1661,6420|127884,4275,85158,"Hamburg-Bergedorf, Germany","Dr. Remeis-Observatory, Bamberg, Germany",FINITE_GEOMETRY_ADMISSIBLE_WITNESS,GEOMETRY_ADMISSIBLE,1,1,0,1,51f64fc458191834e66e8bc07d39988151652495da545c22568a409e798bca48
1662,6420|127900,4275,85174,"Hamburg-Bergedorf, Germany","Dr. Remeis-Observatory, Bamberg, Germany",FINITE_GEOMETRY_ADMISSIBLE_WITNESS,GEOMETRY_ADMISSIBLE,1,1,0,2,fdfc33d43672572b179b3de4a46727eca62a1390ff04dd137e847bf4e8a238c3
1663,6422|127873,4277,85147,"Hamburg-Bergedorf, Germany","Dr. Remeis-Observatory, Bamberg, Germany",FINITE_GEOMETRY_ADMISSIBLE_WITNESS,GEOMETRY_ADMISSIBLE,1,1,0,1,73ac389244cb3cab66f061b2aaa1acde1e4cae3ce4dcb6219e249220275ba430
1664,6422|127874,4277,85148,"Hamburg-Bergedorf, Germany","Dr. Remeis-Observatory, Bamberg, Germany",FINITE_GEOMETRY_ADMISSIBLE_WITNESS,GEOMETRY_ADMISSIBLE,1,1,0,2,1579cae04ffb1873a4f274fb64b639c304f49dbd62b536feaf7b7f9769f01dd4
1665,6422|127875,4277,85149,"Hamburg-Bergedorf, Germany","Dr. Remeis-Observatory, Bamberg, Germany",FINITE_GEOMETRY_ADMISSIBLE_WITNESS,GEOMETRY_ADMISSIBLE,1,1,0,1,31a6b4db5459ab1ed76ef60476d21bfc569c793d362badfe6546151272f525fd
1666,6422|127884,4277,85158,"Hamburg-Bergedorf, Germany","Dr. Remeis-Observatory, Bamberg, Germany",FINITE_GEOMETRY_ADMISSIBLE_WITNESS,GEOMETRY_ADMISSIBLE,1,1,0,1,c2e6d4ecb8e936a48d6f579c20d4424bd8c523af33f9937c996f8814b8ca6907
1667,6422|127885,4277,85159,"Hamburg-Bergedorf, Germany","Dr. Remeis-Observatory, Bamberg, Germany",FINITE_GEOMETRY_ADMISSIBLE_WITNESS,GEOMETRY_ADMISSIBLE,1,1,0,1,f14f10fb853ef26a6c87ee23a902aabb96db2cb6b3be46f462db39370a0ae8d1
1668,6422|127886,4277,85160,"Hamburg-Bergedorf, Germany","Dr. Remeis-Observatory, Bamberg, Germany",FINITE_GEOMETRY_ADMISSIBLE_WITNESS,GEOMETRY_ADMISSIBLE,1,1,0,1,09f09350fdd24f7b5d26ad9b5b63115a2d9b9ab8c65a0efd9f1c447ccfb90afc
1669,6423|127889,4278,85163,"Hamburg-Bergedorf, Germany","Dr. Remeis-Observatory, Bamberg, Germany",FINITE_GEOMETRY_ADMISSIBLE_WITNESS,GEOMETRY_ADMISSIBLE,1,1,0,1,be6d46e6eb9f0ad5510d5050c02c0abf020ff7a01501b2d95a4f21e251428055
1670,6423|127890,4278,85164,"Hamburg-Bergedorf, Germany","Dr. Remeis-Observatory, Bamberg, Germany",FINITE_GEOMETRY_ADMISSIBLE_WITNESS,GEOMETRY_ADMISSIBLE,1,1,0,1,0419a709af78211eed0f0963a89449a2a058d3052533bcdb7aa1589e16dd2902
1671,6423|127891,4278,85165,"Hamburg-Bergedorf, Germany","Dr. Remeis-Observatory, Bamberg, Germany",FINITE_GEOMETRY_ADMISSIBLE_WITNESS,GEOMETRY_ADMISSIBLE,1,1,0,1,57af60972b917b6f434b6037cea32da735427da54f5da2251463f6bdefe95721
1672,6423|127895,4278,85169,"Hamburg-Bergedorf, Germany","Dr. Remeis-Observatory, Bamberg, Germany",FINITE_GEOMETRY_ADMISSIBLE_WITNESS,GEOMETRY_ADMISSIBLE,1,1,0,1,0e92d544bcd3ec797bf2b099c78b1846b18d0887d32f91c427a21165aa82effe
1673,6423|127896,4278,85170,"Hamburg-Bergedorf, Germany","Dr. Remeis-Observatory, Bamberg, Germany",FINITE_GEOMETRY_ADMISSIBLE_WITNESS,GEOMETRY_ADMISSIBLE,1,1,0,1,b5afb97d089e34e33f26570a5b6610c1f4c03e7ecb1daadfcb46e9107bed680a
1674,6424|127891,4279,85165,"Hamburg-Bergedorf, Germany","Dr. Remeis-Observatory, Bamberg, Germany",FINITE_GEOMETRY_ADMISSIBLE_WITNESS,GEOMETRY_ADMISSIBLE,1,1,0,1,2cecb4a103428832df495f51f6b23a559222911775a0dd5aaa58874c683fb9f4
1675,6424|127892,4279,85166,"Hamburg-Bergedorf, Germany","Dr. Remeis-Observatory, Bamberg, Germany",FINITE_GEOMETRY_ADMISSIBLE_WITNESS,GEOMETRY_ADMISSIBLE,1,1,0,1,f7f92ca5f5216eed39a8828c45976e1fa98d1c71b4e00805afffc640a99998f9
1676,6424|127896,4279,85170,"Hamburg-Bergedorf, Germany","Dr. Remeis-Observatory, Bamberg, Germany",FINITE_GEOMETRY_ADMISSIBLE_WITNESS,GEOMETRY_ADMISSIBLE,1,1,0,1,017bde58bb69188388bf15a8913a0c16f513b9ca9d77baa01b6594623b7b0e28
1677,6424|127897,4279,85171,"Hamburg-Bergedorf, Germany","Dr. Remeis-Observatory, Bamberg, Germany",FINITE_GEOMETRY_ADMISSIBLE_WITNESS,GEOMETRY_ADMISSIBLE,1,1,0,1,4f780f5b21caff26ffadee85919a46111af6750bcc947ccaf34567df62abde87
1678,6425|127892,4280,85166,"Hamburg-Bergedorf, Germany","Dr. Remeis-Observatory, Bamberg, Germany",FINITE_GEOMETRY_ADMISSIBLE_WITNESS,GEOMETRY_ADMISSIBLE,1,1,0,1,be18189530babe11f95a6d09eec92c92056c337e824cc5ca4d982712be898d4f
1679,6425|127897,4280,85171,"Hamburg-Bergedorf, Germany","Dr. Remeis-Observatory, Bamberg, Germany",FINITE_GEOMETRY_ADMISSIBLE_WITNESS,GEOMETRY_ADMISSIBLE,1,1,0,2,efda1cb299d2fa47339dbce98d2c7876f816250b7805227046d037beeea47ac2
1690,6555|128191,4336,85465,"Hamburg-Bergedorf, Germany","Dr. Remeis-Observatory, Bamberg, Germany",FINITE_GEOMETRY_ADMISSIBLE_WITNESS,GEOMETRY_ADMISSIBLE,1,1,0,1,ae6d9801c1ef6f6035a02b9ad0bbe7182a95f6aa9fd1cbfd912aa288801bdb27
1691,6556|128191,4336,85465,"Hamburg-Bergedorf, Germany","Dr. Remeis-Observatory, Bamberg, Germany",FINITE_GEOMETRY_ADMISSIBLE_WITNESS,GEOMETRY_ADMISSIBLE,1,1,0,2,df126e7c518bf4699fb236411948a1c2786667162e036587ec5b3b5112e9daa0
1692,6557|128191,4336,85465,"Hamburg-Bergedorf, Germany","Dr. Remeis-Observatory, Bamberg, Germany",FINITE_GEOMETRY_ADMISSIBLE_WITNESS,GEOMETRY_ADMISSIBLE,1,1,0,1,381057c40a2533202ec5552b5f0fe229ccd88bed8ff6a9925446f825912c4dd6
1693,6558|128191,4336,85465,"Hamburg-Bergedorf, Germany","Dr. Remeis-Observatory, Bamberg, Germany",FINITE_GEOMETRY_ADMISSIBLE_WITNESS,GEOMETRY_ADMISSIBLE,1,1,0,2,74624d37177e33db9ff3d9c74460ab88a74d8e1e32b1edff42a71961a402b2da
1694,6559|128191,4336,85465,"Hamburg-Bergedorf, Germany","Dr. Remeis-Observatory, Bamberg, Germany",FINITE_GEOMETRY_ADMISSIBLE_WITNESS,GEOMETRY_ADMISSIBLE,1,1,0,1,27cce37a1173d8b74d877b55ec8297bf3caa00fdc4a3a88368fa4bcab7e6fd2b
1695,6560|128191,4336,85465,"Hamburg-Bergedorf, Germany","Dr. Remeis-Observatory, Bamberg, Germany",FINITE_GEOMETRY_ADMISSIBLE_WITNESS,GEOMETRY_ADMISSIBLE,1,1,0,1,b844c1b69dac6ae4bd3aaf7cc3bd71ab9f30ba14795392103b6c70151fc6f8e2
1696,6561|128191,4336,85465,"Hamburg-Bergedorf, Germany","Dr. Remeis-Observatory, Bamberg, Germany",FINITE_GEOMETRY_ADMISSIBLE_WITNESS,GEOMETRY_ADMISSIBLE,1,1,0,1,d41bcf38680c993fd40996854375499538a8890306d01e4885678c808eda2784
1697,6562|128191,4336,85465,"Hamburg-Bergedorf, Germany","Dr. Remeis-Observatory, Bamberg, Germany",FINITE_GEOMETRY_ADMISSIBLE_WITNESS,GEOMETRY_ADMISSIBLE,1,1,0,2,dcdbaed96d1f53cfeb8e4f80067ab40ea3bed997aba53b2a14b6b08bfe827b4e
1698,6563|128191,4336,85465,"Hamburg-Bergedorf, Germany","Dr. Remeis-Observatory, Bamberg, Germany",FINITE_GEOMETRY_ADMISSIBLE_WITNESS,GEOMETRY_ADMISSIBLE,1,1,0,2,84d454a1306d354b0065ea41f11d8709ef357725cdb29b94a50cc4c0db4bc881
1699,6564|128191,4336,85465,"Hamburg-Bergedorf, Germany","Dr. Remeis-Observatory, Bamberg, Germany",FINITE_GEOMETRY_ADMISSIBLE_WITNESS,GEOMETRY_ADMISSIBLE,1,1,0,1,dd1956934762f4e9b8870c4a6368d339bb954bb6ad9acf07c1b5566c841a1837
1700,6565|128191,4336,85465,"Hamburg-Bergedorf, Germany","Dr. Remeis-Observatory, Bamberg, Germany",FINITE_GEOMETRY_ADMISSIBLE_WITNESS,GEOMETRY_ADMISSIBLE,1,1,0,1,a227f49a51259ddf47b5e209951e1f376c54065bfc42069b90fc7f25b258c048
1701,6566|128191,4336,85465,"Hamburg-Bergedorf, Germany","Dr. Remeis-Observatory, Bamberg, Germany",FINITE_GEOMETRY_ADMISSIBLE_WITNESS,GEOMETRY_ADMISSIBLE,1,1,0,2,6e15a7b8209b2255287025d8a0530f402efd59d35f312cb9434e74167ea6397d
1702,6567|128191,4336,85465,"Hamburg-Bergedorf, Germany","Dr. Remeis-Observatory, Bamberg, Germany",FINITE_GEOMETRY_ADMISSIBLE_WITNESS,GEOMETRY_ADMISSIBLE,1,1,0,2,211c156b335b70adbdee6178d4dc019efab6dd260632821e7d6ff84e13f6042c
1703,6568|128191,4337,85465,"Hamburg-Bergedorf, Germany","Dr. Remeis-Observatory, Bamberg, Germany",FINITE_GEOMETRY_ADMISSIBLE_WITNESS,GEOMETRY_ADMISSIBLE,1,1,0,2,a5e5a081cb0dd49dfc9a638833fb98104065b8c08aca26123238831d795f8a6a
1704,6608|128197,4339,85471,"Hamburg-Bergedorf, Germany","Dr. Remeis-Observatory, Bamberg, Germany",FINITE_GEOMETRY_ADMISSIBLE_WITNESS,GEOMETRY_ADMISSIBLE,1,1,0,2,282d446cfe1aa5878b86e766017501f2fb3c5293f60e008222ee9b73615743d6
1705,6609|128197,4339,85471,"Hamburg-Bergedorf, Germany","Dr. Remeis-Observatory, Bamberg, Germany",FINITE_GEOMETRY_ADMISSIBLE_WITNESS,GEOMETRY_ADMISSIBLE,1,1,0,2,62dd4d7018c1b66ff55411547d52fd6d810314c428d2dc0543c5c4009deddada
1706,6610|128197,4339,85471,"Hamburg-Bergedorf, Germany","Dr. Remeis-Observatory, Bamberg, Germany",FINITE_GEOMETRY_ADMISSIBLE_WITNESS,GEOMETRY_ADMISSIBLE,1,1,0,2,abab9f553eb4aebc22032f21e3b7dc9bdc32c7d7ee1ad1cc19ee0a34e677715c
1707,6611|128197,4339,85471,"Hamburg-Bergedorf, Germany","Dr. Remeis-Observatory, Bamberg, Germany",FINITE_GEOMETRY_ADMISSIBLE_WITNESS,GEOMETRY_ADMISSIBLE,1,1,0,2,9d516a9482bfff4916d3ad0a0829be647a06b25d14b8f27f1710b5438db36f91
1708,6612|128197,4339,85471,"Hamburg-Bergedorf, Germany","Dr. Remeis-Observatory, Bamberg, Germany",FINITE_GEOMETRY_ADMISSIBLE_WITNESS,GEOMETRY_ADMISSIBLE,1,1,0,1,44a292d9e1c3f2f1223d2ff57a4a25b9990fb8ba6fa6f9322a0f211eb4c8a428
1709,6613|128197,4339,85471,"Hamburg-Bergedorf, Germany","Dr. Remeis-Observatory, Bamberg, Germany",FINITE_GEOMETRY_ADMISSIBLE_WITNESS,GEOMETRY_ADMISSIBLE,1,1,0,2,b0aeb96975496fae4ce7de1a73c3f1f2d4d31f274060d30b2ae28809a156c1b2
1710,6614|128197,4339,85471,"Hamburg-Bergedorf, Germany","Dr. Remeis-Observatory, Bamberg, Germany",FINITE_GEOMETRY_ADMISSIBLE_WITNESS,GEOMETRY_ADMISSIBLE,1,1,0,1,c4749714d916a2ac9c5df146f32e6312490b9368ac22263dc842b4a2188af1a5
1711,6615|128197,4339,85471,"Hamburg-Bergedorf, Germany","Dr. Remeis-Observatory, Bamberg, Germany",FINITE_GEOMETRY_ADMISSIBLE_WITNESS,GEOMETRY_ADMISSIBLE,1,1,0,1,37ba4a954bbba02ecfb2eae7e57a015652e389a05f8c6d4665030542e21ec34b
1712,6616|128197,4340,85471,"Hamburg-Bergedorf, Germany","Dr. Remeis-Observatory, Bamberg, Germany",FINITE_GEOMETRY_ADMISSIBLE_WITNESS,GEOMETRY_ADMISSIBLE,1,1,0,1,a4d32442e4a362915a8f27b5cf3145d38c5813ce0b2804d10aa9428b2fd00356
1713,6617|128197,4340,85471,"Hamburg-Bergedorf, Germany","Dr. Remeis-Observatory, Bamberg, Germany",FINITE_GEOMETRY_ADMISSIBLE_WITNESS,GEOMETRY_ADMISSIBLE,1,1,0,1,d22db62e963bfdcf5984ffdd9d76662260b67aaa97cd5af27f31dcadd0936bd2
1738,6670|128214,4351,85488,"Hamburg-Bergedorf, Germany","Dr. Remeis-Observatory, Bamberg, Germany",FINITE_GEOMETRY_ADMISSIBLE_WITNESS,GEOMETRY_ADMISSIBLE,1,1,0,1,49f3de1b19ab514d2e2a895ba0109c086b0f40d8a4e6b2ffa0bc8ae4470cc399
1739,6671|128217,4352,85491,"Hamburg-Bergedorf, Germany","Dr. Remeis-Observatory, Bamberg, Germany",FINITE_GEOMETRY_ADMISSIBLE_WITNESS,GEOMETRY_ADMISSIBLE,1,1,0,3,7eafe7720dafc190f9b56b6242ba5db6d2dda4655885b2d79abbcb432b17ac17
1741,6764|128244,4367,85518,"Hamburg-Bergedorf, Germany","Dr. Remeis-Observatory, Bamberg, Germany",FINITE_GEOMETRY_ADMISSIBLE_WITNESS,GEOMETRY_ADMISSIBLE,1,1,0,2,8f92089d38d181f634df4ccdb52965860cd8b982abf769d33648a02dd7c906f7
1744,6793|128301,4396,85575,"Hamburg-Bergedorf, Germany","Dr. Remeis-Observatory, Bamberg, Germany",FINITE_GEOMETRY_ADMISSIBLE_WITNESS,GEOMETRY_ADMISSIBLE,1,1,0,1,ed865365d8cfa8e5cde7d2d4d8aed24cdf824f6c8fd8891f420a303ef137af01
1748,6880|128364,4413,85638,"Hamburg-Bergedorf, Germany","Dr. Remeis-Observatory, Bamberg, Germany",FINITE_GEOMETRY_ADMISSIBLE_WITNESS,GEOMETRY_ADMISSIBLE,1,1,0,1,cabe57562eb26d3151962c67c9a0dbceaa0c12b3051aace89c0d5c994af2186a
1749,6880|128373,4413,85647,"Hamburg-Bergedorf, Germany","Dr. Remeis-Observatory, Bamberg, Germany",FINITE_GEOMETRY_ADMISSIBLE_WITNESS,GEOMETRY_ADMISSIBLE,1,1,0,1,54c8c2b3160e189c036dbc672644b15a6fa235fc0ae4e1b093dc43e1d1c3b0e1
1750,6885|128504,4418,85777,"Hamburg-Bergedorf, Germany","Dr. Remeis-Observatory, Bamberg, Germany",FINITE_GEOMETRY_ADMISSIBLE_WITNESS,GEOMETRY_ADMISSIBLE,1,1,0,1,33cdd06b118890380a91ed9fbe25be336d3fcceee960b25cf005a5503a8a2b1b
1751,6885|128505,4418,85778,"Hamburg-Bergedorf, Germany","Dr. Remeis-Observatory, Bamberg, Germany",FINITE_GEOMETRY_ADMISSIBLE_WITNESS,GEOMETRY_ADMISSIBLE,1,1,0,1,d3f406af3ed172e64588acf9c87dcf9009ba4db1c5364b8a4f37e10036b70593
1752,6885|128516,4418,85789,"Hamburg-Bergedorf, Germany","Dr. Remeis-Observatory, Bamberg, Germany",FINITE_GEOMETRY_ADMISSIBLE_WITNESS,GEOMETRY_ADMISSIBLE,1,1,0,1,3fca8c8d8f3d5f84a64997d1c680c0bb65a6843e4c6edbbc029f7c3ad74b1891
1757,6888|128520,4421,85793,"Hamburg-Bergedorf, Germany","Dr. Remeis-Observatory, Bamberg, Germany",FINITE_GEOMETRY_ADMISSIBLE_WITNESS,GEOMETRY_ADMISSIBLE,1,1,0,2,bc9264416881043593d4148e5c8db50860cc209868e75abd9599cd8e4e037618
1758,6888|128521,4421,85794,"Hamburg-Bergedorf, Germany","Dr. Remeis-Observatory, Bamberg, Germany",FINITE_GEOMETRY_ADMISSIBLE_WITNESS,GEOMETRY_ADMISSIBLE,1,1,0,1,db686cb4ddf59ede7cbee0d8f41999ec03ed9b8e3b1214c05420fcdc8b32b7e3
1760,6888|128533,4421,85806,"Hamburg-Bergedorf, Germany","Dr. Remeis-Observatory, Bamberg, Germany",FINITE_GEOMETRY_ADMISSIBLE_WITNESS,GEOMETRY_ADMISSIBLE,1,1,0,1,729c4daa7d9f4ea899d115ed3bd65ebc3519ffeb889b6aad954da36fe05b8f5e
1761,6889|128532,4422,85805,"Hamburg-Bergedorf, Germany","Dr. Remeis-Observatory, Bamberg, Germany",FINITE_GEOMETRY_ADMISSIBLE_WITNESS,GEOMETRY_ADMISSIBLE,2,2,0,2,4f324da177b5e0b0e1f814f6c7c2b64c95af9e15b730c6fd6284050f5be11169
1768,6896|128539,4425,85811,"Hamburg-Bergedorf, Germany","Dr. Remeis-Observatory, Bamberg, Germany",FINITE_GEOMETRY_ADMISSIBLE_WITNESS,GEOMETRY_ADMISSIBLE,1,1,0,1,b84d2fca88cd52a894248a9c3377de686a56a207ac0b86110a8fb373d7f13f6f
1769,6897|128540,4425,85812,"Hamburg-Bergedorf, Germany","Dr. Remeis-Observatory, Bamberg, Germany",FINITE_GEOMETRY_ADMISSIBLE_WITNESS,GEOMETRY_ADMISSIBLE,1,1,0,1,bda62f65f28792ee528ce059d801c62164d4e76ae3ba9c6b22fedbb1e5b6bcb0
1770,6898|128540,4425,85812,"Hamburg-Bergedorf, Germany","Dr. Remeis-Observatory, Bamberg, Germany",FINITE_GEOMETRY_ADMISSIBLE_WITNESS,GEOMETRY_ADMISSIBLE,1,1,0,1,5ac6594217ccbe273395176bac02aaffc5f70ca7088ac0b9b0901db870ed2a45
1771,6899|128540,4425,85812,"Hamburg-Bergedorf, Germany","Dr. Remeis-Observatory, Bamberg, Germany",FINITE_GEOMETRY_ADMISSIBLE_WITNESS,GEOMETRY_ADMISSIBLE,1,1,0,1,9560f0ee39a8ee980fedaf36e9c0fe8c43e15c5af12a52baa4d2a57ed8012127
1772,6900|128540,4425,85812,"Hamburg-Bergedorf, Germany","Dr. Remeis-Observatory, Bamberg, Germany",FINITE_GEOMETRY_ADMISSIBLE_WITNESS,GEOMETRY_ADMISSIBLE,1,1,0,2,5577a34dd653f3046d2b350adcc200f5411034df492ed0e15824fbaa895901f0
1773,6901|128540,4425,85812,"Hamburg-Bergedorf, Germany","Dr. Remeis-Observatory, Bamberg, Germany",FINITE_GEOMETRY_ADMISSIBLE_WITNESS,GEOMETRY_ADMISSIBLE,1,1,0,1,0aa4001034ffd13fe88ca584693064079ad9527abbc230f5de0e99bbdf667663
1774,6902|128540,4426,85812,"Hamburg-Bergedorf, Germany","Dr. Remeis-Observatory, Bamberg, Germany",FINITE_GEOMETRY_ADMISSIBLE_WITNESS,GEOMETRY_ADMISSIBLE,1,1,0,1,27caabcddd1945d75f3fffeb0fdadcb1f745008ae6c4d2d1303390e50d3f8494
1775,6903|128540,4426,85812,"Hamburg-Bergedorf, Germany","Dr. Remeis-Observatory, Bamberg, Germany",FINITE_GEOMETRY_ADMISSIBLE_WITNESS,GEOMETRY_ADMISSIBLE,1,1,0,1,2b7d389537100bcd1685a04272610a5429a97f6a544f6c53200120b4739a9042
1776,6904|128541,4426,85813,"Hamburg-Bergedorf, Germany","Dr. Remeis-Observatory, Bamberg, Germany",FINITE_GEOMETRY_ADMISSIBLE_WITNESS,GEOMETRY_ADMISSIBLE,1,1,0,1,ca7fc964c9ab2e88fa1e8991200c9417abaa435b0515c1270c2f3dbae2ee3f02
1777,6905|128541,4426,85813,"Hamburg-Bergedorf, Germany","Dr. Remeis-Observatory, Bamberg, Germany",FINITE_GEOMETRY_ADMISSIBLE_WITNESS,GEOMETRY_ADMISSIBLE,1,1,0,1,8b7899b34c79b6c6b0893966ba62079a3409d044f7322e1e1000a2bc9c64a8cc
1778,6906|128541,4426,85813,"Hamburg-Bergedorf, Germany","Dr. Remeis-Observatory, Bamberg, Germany",FINITE_GEOMETRY_ADMISSIBLE_WITNESS,GEOMETRY_ADMISSIBLE,1,1,0,1,05cbde34fa4f171425124f0ce36922c91b145c4acd004e2c6eabf18e835d3701
1779,6907|128541,4426,85813,"Hamburg-Bergedorf, Germany","Dr. Remeis-Observatory, Bamberg, Germany",FINITE_GEOMETRY_ADMISSIBLE_WITNESS,GEOMETRY_ADMISSIBLE,1,1,0,1,fde3a4e21922d8816fd106f32a7f45b9214d365dbe5b45cf825255b113f7a9ce
1780,6908|128541,4426,85813,"Hamburg-Bergedorf, Germany","Dr. Remeis-Observatory, Bamberg, Germany",FINITE_GEOMETRY_ADMISSIBLE_WITNESS,GEOMETRY_ADMISSIBLE,1,1,0,1,2d9bce1c57514723dd8dd4489de59a235968cc18c297e4cbcd3dfaa9e89c8bad
1781,6909|128541,4426,85813,"Hamburg-Bergedorf, Germany","Dr. Remeis-Observatory, Bamberg, Germany",FINITE_GEOMETRY_ADMISSIBLE_WITNESS,GEOMETRY_ADMISSIBLE,1,1,0,1,dfabd3338dca6f9fdaa94c2e9df7935f4c7992250df58768d5c9fa3e85297b4f
1782,6910|128541,4426,85813,"Hamburg-Bergedorf, Germany","Dr. Remeis-Observatory, Bamberg, Germany",FINITE_GEOMETRY_ADMISSIBLE_WITNESS,GEOMETRY_ADMISSIBLE,1,1,0,1,3d1a5d8508026130503404da00e76c4b4c3ed4136690a62eb1aece9c42ab927b
1783,6911|128541,4426,85813,"Hamburg-Bergedorf, Germany","Dr. Remeis-Observatory, Bamberg, Germany",FINITE_GEOMETRY_ADMISSIBLE_WITNESS,GEOMETRY_ADMISSIBLE,1,1,0,1,5b489f6f0a7fdab8932b8848cceeedf609a8ea87f90cf2a8f23f050079858039
1784,6912|128542,4427,85814,"Hamburg-Bergedorf, Germany","Dr. Remeis-Observatory, Bamberg, Germany",FINITE_GEOMETRY_ADMISSIBLE_WITNESS,GEOMETRY_ADMISSIBLE,1,1,0,3,b8e584e1b987742b295f5cf9b37f07f4dbce7017c89691a4f1687c88b8b3fe47
1785,6912|128552,4427,85824,"Hamburg-Bergedorf, Germany","Dr. Remeis-Observatory, Bamberg, Germany",FINITE_GEOMETRY_ADMISSIBLE_WITNESS,GEOMETRY_ADMISSIBLE,1,1,0,2,f6fd6a1affae54a227aa3b5119f27850a9c0c21390d82a956decb20d260879f7
1786,6913|128542,4427,85814,"Hamburg-Bergedorf, Germany","Dr. Remeis-Observatory, Bamberg, Germany",FINITE_GEOMETRY_ADMISSIBLE_WITNESS,GEOMETRY_ADMISSIBLE,1,1,0,2,93b08e01093e562f5be851ad8291b4abbdb7a9cda54be11f341807e2ba02327e
1787,6913|128552,4427,85824,"Hamburg-Bergedorf, Germany","Dr. Remeis-Observatory, Bamberg, Germany",FINITE_GEOMETRY_ADMISSIBLE_WITNESS,GEOMETRY_ADMISSIBLE,1,1,0,1,c2e512b37d5fb7e8f01b444610f28594b3c515d63579b1061191adf18fbe57b1
1788,6914|128542,4427,85814,"Hamburg-Bergedorf, Germany","Dr. Remeis-Observatory, Bamberg, Germany",FINITE_GEOMETRY_ADMISSIBLE_WITNESS,GEOMETRY_ADMISSIBLE,1,1,0,2,7d40c5774bf59a972e3354c902b33618ded5757179c18743a22c7a164c750fd9
1789,6914|128552,4427,85824,"Hamburg-Bergedorf, Germany","Dr. Remeis-Observatory, Bamberg, Germany",FINITE_GEOMETRY_ADMISSIBLE_WITNESS,GEOMETRY_ADMISSIBLE,1,1,0,1,2f4be40a832c629d477353028b64ba3bea796b2dfcf2d352f3694f63b280a764
1790,6915|128542,4427,85814,"Hamburg-Bergedorf, Germany","Dr. Remeis-Observatory, Bamberg, Germany",FINITE_GEOMETRY_ADMISSIBLE_WITNESS,GEOMETRY_ADMISSIBLE,1,1,0,1,f34e7c3d01f19c5876b1e4ee58269f3da281c469946c05614ce716c718f0112d
1791,6915|128552,4427,85824,"Hamburg-Bergedorf, Germany","Dr. Remeis-Observatory, Bamberg, Germany",FINITE_GEOMETRY_ADMISSIBLE_WITNESS,GEOMETRY_ADMISSIBLE,1,1,0,1,0e4ed5ba30434580f1635aa5c322683bbb8e6f7789ba5d3c08f07f7d551233e5
1792,6916|128542,4427,85814,"Hamburg-Bergedorf, Germany","Dr. Remeis-Observatory, Bamberg, Germany",FINITE_GEOMETRY_ADMISSIBLE_WITNESS,GEOMETRY_ADMISSIBLE,1,1,0,2,f66fff4fce93c6d0221f728915a62107f68b92d34dede63cc7b11f8de66b7009
1793,6916|128552,4427,85824,"Hamburg-Bergedorf, Germany","Dr. Remeis-Observatory, Bamberg, Germany",FINITE_GEOMETRY_ADMISSIBLE_WITNESS,GEOMETRY_ADMISSIBLE,1,1,0,1,25803b1992e4fe6b38882f6fe4151be9b4a05a65c49a61f3e43b7bff8e97fa6f
1794,6917|128542,4427,85814,"Hamburg-Bergedorf, Germany","Dr. Remeis-Observatory, Bamberg, Germany",FINITE_GEOMETRY_ADMISSIBLE_WITNESS,GEOMETRY_ADMISSIBLE,1,1,0,1,b5b40ec5a03b18adcd569146f93c03970a3e85399d26ac173defe4b96f2b9b29
1795,6917|128552,4427,85824,"Hamburg-Bergedorf, Germany","Dr. Remeis-Observatory, Bamberg, Germany",FINITE_GEOMETRY_ADMISSIBLE_WITNESS,GEOMETRY_ADMISSIBLE,1,1,0,1,a3f72289fd8ec3ca05ba3925023686b318dedfc12c27af09dfef328646d1d7ac
1796,6918|128543,4427,85815,"Hamburg-Bergedorf, Germany","Dr. Remeis-Observatory, Bamberg, Germany",FINITE_GEOMETRY_ADMISSIBLE_WITNESS,GEOMETRY_ADMISSIBLE,1,1,0,2,4a9291b89a7621712dcc0116a105c5a1afb59147635b2f52b1f383906a1e8373
1797,6918|128553,4427,85825,"Hamburg-Bergedorf, Germany","Dr. Remeis-Observatory, Bamberg, Germany",FINITE_GEOMETRY_ADMISSIBLE_WITNESS,GEOMETRY_ADMISSIBLE,1,1,0,1,4281374e66148d047480c270ea90baa458d40610d59896c44a55a9d29bc6787b
1798,6919|128543,4427,85815,"Hamburg-Bergedorf, Germany","Dr. Remeis-Observatory, Bamberg, Germany",FINITE_GEOMETRY_ADMISSIBLE_WITNESS,GEOMETRY_ADMISSIBLE,1,1,0,1,cfe461750fc24761db570ceb3717de7044de6d5c875c34d7024a744a8bf584e7
1799,6919|128553,4427,85825,"Hamburg-Bergedorf, Germany","Dr. Remeis-Observatory, Bamberg, Germany",FINITE_GEOMETRY_ADMISSIBLE_WITNESS,GEOMETRY_ADMISSIBLE,1,1,0,1,746911ff481ae0fd01b22b54d34fa82602fb42ef9fd1cc7d9e1f5176e0df4583
1800,6920|128543,4427,85815,"Hamburg-Bergedorf, Germany","Dr. Remeis-Observatory, Bamberg, Germany",FINITE_GEOMETRY_ADMISSIBLE_WITNESS,GEOMETRY_ADMISSIBLE,1,1,0,1,7613fce3123dfaf6f6f4541ce13706fb0f19d183da3f12ddc820d499dfa98edf
1801,6920|128553,4427,85825,"Hamburg-Bergedorf, Germany","Dr. Remeis-Observatory, Bamberg, Germany",FINITE_GEOMETRY_ADMISSIBLE_WITNESS,GEOMETRY_ADMISSIBLE,1,1,0,1,ca28ae3296b4f26734b8a5fb1f047972671e2a8dd59224ddec8cfd6e3984bf4d
1802,6921|128543,4427,85815,"Hamburg-Bergedorf, Germany","Dr. Remeis-Observatory, Bamberg, Germany",FINITE_GEOMETRY_ADMISSIBLE_WITNESS,GEOMETRY_ADMISSIBLE,1,1,0,1,e8ec2a1a3a30b5bff973dcad6e152797e08c83964190e94f666142e6195ce5be
1803,6921|128553,4427,85825,"Hamburg-Bergedorf, Germany","Dr. Remeis-Observatory, Bamberg, Germany",FINITE_GEOMETRY_ADMISSIBLE_WITNESS,GEOMETRY_ADMISSIBLE,1,1,0,1,56e80182b39d8ba968f46a4eecac81cbe56120fbb17038d5d0b56309ad61625d
1804,6922|128543,4428,85815,"Hamburg-Bergedorf, Germany","Dr. Remeis-Observatory, Bamberg, Germany",FINITE_GEOMETRY_ADMISSIBLE_WITNESS,GEOMETRY_ADMISSIBLE,1,1,0,1,c2ed8799e8c10fbdb5ca4e320ceecf90ac3095649e1f217fb51a40cde315df55
1805,6922|128553,4428,85825,"Hamburg-Bergedorf, Germany","Dr. Remeis-Observatory, Bamberg, Germany",FINITE_GEOMETRY_ADMISSIBLE_WITNESS,GEOMETRY_ADMISSIBLE,1,1,0,1,a6c23e98a3ddd28081b191524d6c36f788a7359e62bc5b45e77d834d3d4031a9
1806,6923|128543,4428,85815,"Hamburg-Bergedorf, Germany","Dr. Remeis-Observatory, Bamberg, Germany",FINITE_GEOMETRY_ADMISSIBLE_WITNESS,GEOMETRY_ADMISSIBLE,1,1,0,2,05aca75a06a496f6af276d46dbcb504cda67d109a497604f19db1953640c39ec
1807,6923|128553,4428,85825,"Hamburg-Bergedorf, Germany","Dr. Remeis-Observatory, Bamberg, Germany",FINITE_GEOMETRY_ADMISSIBLE_WITNESS,GEOMETRY_ADMISSIBLE,1,1,0,1,b0f88a21b1655c504bc8e81e31e766985bb7cbbb1321fb6285d4a0a5466b9e3f
1808,6924|128543,4428,85815,"Hamburg-Bergedorf, Germany","Dr. Remeis-Observatory, Bamberg, Germany",FINITE_GEOMETRY_ADMISSIBLE_WITNESS,GEOMETRY_ADMISSIBLE,1,1,0,2,246c64104cc2c2b45cd966432ca13ba8e7e2a454849901c97339b7573c5141dd
1809,6924|128553,4428,85825,"Hamburg-Bergedorf, Germany","Dr. Remeis-Observatory, Bamberg, Germany",FINITE_GEOMETRY_ADMISSIBLE_WITNESS,GEOMETRY_ADMISSIBLE,1,1,0,2,d76e507d4cc87875e442e54a3aeb08d6d88861f6f372d3700b8292ea2ac7b402
1810,6925|128543,4428,85815,"Hamburg-Bergedorf, Germany","Dr. Remeis-Observatory, Bamberg, Germany",FINITE_GEOMETRY_ADMISSIBLE_WITNESS,GEOMETRY_ADMISSIBLE,1,1,0,1,d228a8fce17b0a887ac4edd20bca962fdb59ffbd1c72b9c39de1946a4d12babd
1811,6925|128553,4428,85825,"Hamburg-Bergedorf, Germany","Dr. Remeis-Observatory, Bamberg, Germany",FINITE_GEOMETRY_ADMISSIBLE_WITNESS,GEOMETRY_ADMISSIBLE,1,1,0,1,ebb193076cc6d2eab64f9d308b7d2c8c8e3585b9ed17ff3363611898715e854a
1812,6926|128543,4428,85815,"Hamburg-Bergedorf, Germany","Dr. Remeis-Observatory, Bamberg, Germany",FINITE_GEOMETRY_ADMISSIBLE_WITNESS,GEOMETRY_ADMISSIBLE,1,1,0,1,b4a79e3625e18f105f3780397ec042aa474f37509e3ae5ea860060443b077f77
1813,6926|128553,4428,85825,"Hamburg-Bergedorf, Germany","Dr. Remeis-Observatory, Bamberg, Germany",FINITE_GEOMETRY_ADMISSIBLE_WITNESS,GEOMETRY_ADMISSIBLE,1,1,0,1,15444b81a262bfc7081b42461d37757df1cd035047309a0b4a55e9138383bfdd
1814,6927|128544,4428,85816,"Hamburg-Bergedorf, Germany","Dr. Remeis-Observatory, Bamberg, Germany",FINITE_GEOMETRY_ADMISSIBLE_WITNESS,GEOMETRY_ADMISSIBLE,1,1,0,1,225a1d999c75fcf08dee7a65673a3f9d30fd9fb677b977dda1902234230b3ae4
1815,6927|128554,4428,85826,"Hamburg-Bergedorf, Germany","Dr. Remeis-Observatory, Bamberg, Germany",FINITE_GEOMETRY_ADMISSIBLE_WITNESS,GEOMETRY_ADMISSIBLE,1,1,0,1,30d9938eb91bf2e7edd3b9aba7029c6d6e982cf24cb96e84d37525a3f30f7e8f
1816,6928|128544,4428,85816,"Hamburg-Bergedorf, Germany","Dr. Remeis-Observatory, Bamberg, Germany",FINITE_GEOMETRY_ADMISSIBLE_WITNESS,GEOMETRY_ADMISSIBLE,1,1,0,1,1787fadfe887e674b0bcd63986a04f027271576710790c4807fcbbbc67d9e98b
1817,6928|128554,4428,85826,"Hamburg-Bergedorf, Germany","Dr. Remeis-Observatory, Bamberg, Germany",FINITE_GEOMETRY_ADMISSIBLE_WITNESS,GEOMETRY_ADMISSIBLE,1,1,0,1,5a3210ffe7f1bbd936772873c91bae1c916848a259e41b2a3bdbd3fb8999bf16
1818,6929|128544,4428,85816,"Hamburg-Bergedorf, Germany","Dr. Remeis-Observatory, Bamberg, Germany",FINITE_GEOMETRY_ADMISSIBLE_WITNESS,GEOMETRY_ADMISSIBLE,1,1,0,1,8693ff870f55484e1bf09f917fc5cb74524ec88e94801a813f14a4efc9fa2625
1819,6929|128554,4428,85826,"Hamburg-Bergedorf, Germany","Dr. Remeis-Observatory, Bamberg, Germany",FINITE_GEOMETRY_ADMISSIBLE_WITNESS,GEOMETRY_ADMISSIBLE,1,1,0,1,2d94992d24d1411dc1dca91ffa85a0ed936afeb41a8a74f37e56e0f8394e8a25
1820,6930|128544,4428,85816,"Hamburg-Bergedorf, Germany","Dr. Remeis-Observatory, Bamberg, Germany",FINITE_GEOMETRY_ADMISSIBLE_WITNESS,GEOMETRY_ADMISSIBLE,1,1,0,1,9a551509896cace3192bdd6a5263c14feefeef4a19aa33eca0c6704558550652
1821,6930|128554,4428,85826,"Hamburg-Bergedorf, Germany","Dr. Remeis-Observatory, Bamberg, Germany",FINITE_GEOMETRY_ADMISSIBLE_WITNESS,GEOMETRY_ADMISSIBLE,1,1,0,1,9bdc61c9c3fc6d805cfc6b35ccc109bd68f6c84655a4fde355aedcd89e2174bd
1822,6931|128544,4428,85816,"Hamburg-Bergedorf, Germany","Dr. Remeis-Observatory, Bamberg, Germany",FINITE_GEOMETRY_ADMISSIBLE_WITNESS,GEOMETRY_ADMISSIBLE,1,1,0,1,9335bebdb5c311ace3e98981af8365cfe74f8ad8b0a7caf4d6a7b3befaa2880d
1823,6931|128554,4428,85826,"Hamburg-Bergedorf, Germany","Dr. Remeis-Observatory, Bamberg, Germany",FINITE_GEOMETRY_ADMISSIBLE_WITNESS,GEOMETRY_ADMISSIBLE,1,1,0,1,ae6498243bf33016a0275d2b7927c57d6952ea1102f3e176a4281859f1b847dd
1825,6932|128555,4429,85827,"Hamburg-Bergedorf, Germany","Dr. Remeis-Observatory, Bamberg, Germany",FINITE_GEOMETRY_ADMISSIBLE_WITNESS,GEOMETRY_ADMISSIBLE,1,1,0,1,ffd29166093571276f9ea5ef0e08e23304e095060e86e0250af140591596d065
1826,6932|128556,4429,85828,"Hamburg-Bergedorf, Germany","Dr. Remeis-Observatory, Bamberg, Germany",FINITE_GEOMETRY_ADMISSIBLE_WITNESS,GEOMETRY_ADMISSIBLE,1,1,0,1,67745883528f51b591eb1828cbaebd23b9c1ed1292d0ac9dea878be33b39e3cf
1827,6933|128549,4430,85821,"Hamburg-Bergedorf, Germany","Dr. Remeis-Observatory, Bamberg, Germany",FINITE_GEOMETRY_ADMISSIBLE_WITNESS,GEOMETRY_ADMISSIBLE,1,1,0,1,49d27aaddf7ec91697f988d0a4c9481185aef16a1d64a60aaae2ed756b7a4201
1829,6947|128604,4433,85876,"Hamburg-Bergedorf, Germany","Dr. Remeis-Observatory, Bamberg, Germany",FINITE_GEOMETRY_ADMISSIBLE_WITNESS,GEOMETRY_ADMISSIBLE,1,1,0,1,8700f8f7e64bd0931c3fe0e3bcb2141a516e6e1ee255bf84a3ae05758cd1d32b
1830,6952|128607,4436,85879,"Hamburg-Bergedorf, Germany","Dr. Remeis-Observatory, Bamberg, Germany",FINITE_GEOMETRY_ADMISSIBLE_WITNESS,GEOMETRY_ADMISSIBLE,1,1,0,1,f5592212eb814248ea5c1a34a921541688b519e0bce4b18097688e241c13e196
1831,6953|128607,4436,85879,"Hamburg-Bergedorf, Germany","Dr. Remeis-Observatory, Bamberg, Germany",FINITE_GEOMETRY_ADMISSIBLE_WITNESS,GEOMETRY_ADMISSIBLE,1,1,0,1,35ce8b1531637c115bd4f1e532e9997d58e9c7c11040584d00f203b1a1eb867c
1832,6954|128607,4436,85879,"Hamburg-Bergedorf, Germany","Dr. Remeis-Observatory, Bamberg, Germany",FINITE_GEOMETRY_ADMISSIBLE_WITNESS,GEOMETRY_ADMISSIBLE,1,1,0,1,cd1415b7fefb1b44a68d3b585cfe93b3df86f99f490b8f02cc6553d3391475c6
1833,6971|128633,4445,85905,"Hamburg-Bergedorf, Germany","Dr. Remeis-Observatory, Bamberg, Germany",FINITE_GEOMETRY_ADMISSIBLE_WITNESS,GEOMETRY_ADMISSIBLE,1,1,0,1,45e9290146dfba6399a674a205fe3b57e4a0c867e0047ac9df8b9e6483e3d8e7
1834,6971|128638,4445,85910,"Hamburg-Bergedorf, Germany","Dr. Remeis-Observatory, Bamberg, Germany",FINITE_GEOMETRY_ADMISSIBLE_WITNESS,GEOMETRY_ADMISSIBLE,1,1,0,1,44a12d2a35dfe5fac0b439cd2f988365c032256de969e901e36d3b1b57ce0132
1839,6985|128705,4459,85977,"Hamburg-Bergedorf, Germany","Dr. Remeis-Observatory, Bamberg, Germany",FINITE_GEOMETRY_ADMISSIBLE_WITNESS,GEOMETRY_ADMISSIBLE,1,1,0,1,d31add3159ff6046c9586090805939a0b5171c3366aa5e65385b2cfa92a1e92d
1840,6986|128707,4460,85979,"Hamburg-Bergedorf, Germany","Dr. Remeis-Observatory, Bamberg, Germany",FINITE_GEOMETRY_ADMISSIBLE_WITNESS,GEOMETRY_ADMISSIBLE,1,1,0,1,ca738919542aba7d2e30998ed08ce3c3d7634b581933bd9711bd72d6c27d9b5f
1841,6988|128711,4462,85983,"Hamburg-Bergedorf, Germany","Dr. Remeis-Observatory, Bamberg, Germany",FINITE_GEOMETRY_ADMISSIBLE_WITNESS,GEOMETRY_ADMISSIBLE,1,1,0,1,fa4d92516c48d9133517ed3f1a6287b357d909749870cad8afcccd6a6455c0ea
1843,6991|128715,4465,85987,"Hamburg-Bergedorf, Germany","Dr. Remeis-Observatory, Bamberg, Germany",FINITE_GEOMETRY_ADMISSIBLE_WITNESS,GEOMETRY_ADMISSIBLE,1,1,0,1,c603b5a606f13833454cc0e58cd1f440d19ff2f32ce765716858213479d29fe4
1844,6991|128718,4465,85990,"Hamburg-Bergedorf, Germany","Dr. Remeis-Observatory, Bamberg, Germany",FINITE_GEOMETRY_ADMISSIBLE_WITNESS,GEOMETRY_ADMISSIBLE,1,1,0,1,cb62ae4cbcd6c2d79351298985064eefea7e865be2221341fd507fa66ac06472
1853,6997|128725,4471,85997,"Hamburg-Bergedorf, Germany","Dr. Remeis-Observatory, Bamberg, Germany",FINITE_GEOMETRY_ADMISSIBLE_WITNESS,GEOMETRY_ADMISSIBLE,1,1,0,1,46a28fe5e401bea4d2cb909a584351e5001e3b79bcc14e1b7888e8d8b61405ea
1854,7014|128733,4487,86005,"Hamburg-Bergedorf, Germany","Dr. Remeis-Observatory, Bamberg, Germany",FINITE_GEOMETRY_ADMISSIBLE_WITNESS,GEOMETRY_ADMISSIBLE,1,1,0,1,0cbdeb102b613e94843bb9deff3d5183b3647f837ae4c3528f89e83107991006
1857,7025|128741,4494,86013,"Hamburg-Bergedorf, Germany","Dr. Remeis-Observatory, Bamberg, Germany",FINITE_GEOMETRY_ADMISSIBLE_WITNESS,GEOMETRY_ADMISSIBLE,1,1,0,1,5f6fecb6643d5989b18e4cff6c449dfb00cf0d93cb5b2ecd4bf6300203d21c9a
1860,7028|128759,4497,86031,"Hamburg-Bergedorf, Germany","Dr. Remeis-Observatory, Bamberg, Germany",FINITE_GEOMETRY_ADMISSIBLE_WITNESS,GEOMETRY_ADMISSIBLE,1,1,0,1,f20a9e2b77765d72a1a94491e81fc56b46adc63ec01d23106114c17234aeb2d5
1864,7088|128903,4528,86173,"Hamburg-Bergedorf, Germany","Dr. Remeis-Observatory, Bamberg, Germany",FINITE_GEOMETRY_ADMISSIBLE_WITNESS,GEOMETRY_ADMISSIBLE,1,1,0,1,e7d4dd63e5be32e7dec611ecacf40b7f52e8b8807dc0dd05da8db116ab48daa4
1865,7088|128904,4528,86174,"Hamburg-Bergedorf, Germany","Dr. Remeis-Observatory, Bamberg, Germany",FINITE_GEOMETRY_ADMISSIBLE_WITNESS,GEOMETRY_ADMISSIBLE,1,1,0,2,21088ca705cc45db671b3ecf4c32c0b75ee4812b2fe3a1f0feff5b5f558beb1a
1866,7089|128904,4529,86174,"Hamburg-Bergedorf, Germany","Dr. Remeis-Observatory, Bamberg, Germany",FINITE_GEOMETRY_ADMISSIBLE_WITNESS,GEOMETRY_ADMISSIBLE,1,1,0,1,88395706d24c281e7ec1feb2f945be6e43cb49f22c7c2185ff4da6e4cc7e1713
1867,7089|128905,4529,86175,"Hamburg-Bergedorf, Germany","Dr. Remeis-Observatory, Bamberg, Germany",FINITE_GEOMETRY_ADMISSIBLE_WITNESS,GEOMETRY_ADMISSIBLE,1,1,0,2,373f0977be4c376985c4c584594dff750bd5f256e0803e6f07facac7f7188e0e
1868,7098|128917,4538,86187,"Hamburg-Bergedorf, Germany","Dr. Remeis-Observatory, Bamberg, Germany",FINITE_GEOMETRY_ADMISSIBLE_WITNESS,GEOMETRY_ADMISSIBLE,1,1,0,1,c518afd60c9a77262197e5a90b98ef6e2ae07a9ff3b622ce50829a549a26eeb6
1869,7101|128921,4541,86191,"Hamburg-Bergedorf, Germany","Dr. Remeis-Observatory, Bamberg, Germany",FINITE_GEOMETRY_ADMISSIBLE_WITNESS,GEOMETRY_ADMISSIBLE,1,1,0,1,db7d24ef21dd0ca26e1b934608f83f37a56b379fbf2f8c2a5bf2b027fb2eaba5
1870,7102|128921,4541,86191,"Hamburg-Bergedorf, Germany","Dr. Remeis-Observatory, Bamberg, Germany",FINITE_GEOMETRY_ADMISSIBLE_WITNESS,GEOMETRY_ADMISSIBLE,1,1,0,1,07283634191a1feed2407c6dbbe7059e790c427187fd85054feac27e839d2f9e
1871,7103|128921,4541,86191,"Hamburg-Bergedorf, Germany","Dr. Remeis-Observatory, Bamberg, Germany",FINITE_GEOMETRY_ADMISSIBLE_WITNESS,GEOMETRY_ADMISSIBLE,1,1,0,2,afe9a29e2f8c99ba67a041cfc8683c62ea810ced3cb6a3ccfb4ee42b8f233657
1872,7104|128921,4541,86191,"Hamburg-Bergedorf, Germany","Dr. Remeis-Observatory, Bamberg, Germany",FINITE_GEOMETRY_ADMISSIBLE_WITNESS,GEOMETRY_ADMISSIBLE,1,1,0,1,2f99de24af7f8778270874cd286510ed3c8cc687d9a66cf1f8441b78e115484d
1873,7105|128921,4541,86191,"Hamburg-Bergedorf, Germany","Dr. Remeis-Observatory, Bamberg, Germany",FINITE_GEOMETRY_ADMISSIBLE_WITNESS,GEOMETRY_ADMISSIBLE,1,1,0,1,643222f3ab3e7d0bff0def592ed594f9ed62a03d63d224ba9dfbfddb6a6641f5
1874,7106|128921,4541,86191,"Hamburg-Bergedorf, Germany","Dr. Remeis-Observatory, Bamberg, Germany",FINITE_GEOMETRY_ADMISSIBLE_WITNESS,GEOMETRY_ADMISSIBLE,1,1,0,1,a6a0e2329873d4d31fbec1967f8c0f15353e547c8eec0e5a66f1ff547fd697ba
1875,7107|128921,4541,86191,"Hamburg-Bergedorf, Germany","Dr. Remeis-Observatory, Bamberg, Germany",FINITE_GEOMETRY_ADMISSIBLE_WITNESS,GEOMETRY_ADMISSIBLE,1,1,0,2,5e79fca00b1cc2c3f9e7683fd12594669583918baf93cdd47b6474951703aac8
1876,7108|128921,4541,86191,"Hamburg-Bergedorf, Germany","Dr. Remeis-Observatory, Bamberg, Germany",FINITE_GEOMETRY_ADMISSIBLE_WITNESS,GEOMETRY_ADMISSIBLE,1,1,0,2,1f41107b71f78097ce07e586c9f0139992ab66f0280bc4eb7473a47c23062e32
1877,7109|128921,4541,86191,"Hamburg-Bergedorf, Germany","Dr. Remeis-Observatory, Bamberg, Germany",FINITE_GEOMETRY_ADMISSIBLE_WITNESS,GEOMETRY_ADMISSIBLE,1,1,0,2,f4192918b833d55d3860748184eb46df929cb0df3d4be69a6b249158d1443373
1878,7110|128921,4541,86191,"Hamburg-Bergedorf, Germany","Dr. Remeis-Observatory, Bamberg, Germany",FINITE_GEOMETRY_ADMISSIBLE_WITNESS,GEOMETRY_ADMISSIBLE,1,1,0,1,c8b6b71fea9babd5e5a9468b3982b45ee79cc30471ee9ea85448283ec2f9ea3b
1879,7111|128921,4541,86191,"Hamburg-Bergedorf, Germany","Dr. Remeis-Observatory, Bamberg, Germany",FINITE_GEOMETRY_ADMISSIBLE_WITNESS,GEOMETRY_ADMISSIBLE,1,1,0,1,4adb85cdd4df299ce9fb0706ea31f5e4dfd0e2663f377373d1b44f6f0f906b6b
1880,7112|128921,4541,86191,"Hamburg-Bergedorf, Germany","Dr. Remeis-Observatory, Bamberg, Germany",FINITE_GEOMETRY_ADMISSIBLE_WITNESS,GEOMETRY_ADMISSIBLE,1,1,0,1,0450760b426e3035ff2ce59d326ab48e270fdc3b02554470e3e5e64587395716
1881,7113|128921,4541,86191,"Hamburg-Bergedorf, Germany","Dr. Remeis-Observatory, Bamberg, Germany",FINITE_GEOMETRY_ADMISSIBLE_WITNESS,GEOMETRY_ADMISSIBLE,1,1,0,1,eb7662fa2ffda05f87fae821f6038220f0bfaab7989180437eaf4c3f9b3d0b75
1882,7113|128922,4541,86192,"Hamburg-Bergedorf, Germany","Dr. Remeis-Observatory, Bamberg, Germany",FINITE_GEOMETRY_ADMISSIBLE_WITNESS,GEOMETRY_ADMISSIBLE,1,1,0,1,5ac2fdec12785a5fbe2370c668779ff20cf10496cee45fac0cee19861f1e4292
1883,7114|128922,4541,86192,"Hamburg-Bergedorf, Germany","Dr. Remeis-Observatory, Bamberg, Germany",FINITE_GEOMETRY_ADMISSIBLE_WITNESS,GEOMETRY_ADMISSIBLE,1,1,0,1,fbfb748f0af3861925f5b6d60e53fd1a04f56fa96cbb89bdbdfe2398f7b92e45
1884,7115|128922,4541,86192,"Hamburg-Bergedorf, Germany","Dr. Remeis-Observatory, Bamberg, Germany",FINITE_GEOMETRY_ADMISSIBLE_WITNESS,GEOMETRY_ADMISSIBLE,1,1,0,1,51cd3df670a4ea0b7ff931a0152cf4ff3195d426aff01a854147141024ba9bb4
1885,7116|128922,4541,86192,"Hamburg-Bergedorf, Germany","Dr. Remeis-Observatory, Bamberg, Germany",FINITE_GEOMETRY_ADMISSIBLE_WITNESS,GEOMETRY_ADMISSIBLE,1,1,0,1,cf07414521c5bd158c78e6556f13351b9036a360b707ce5760612d62df958a9a
1886,7117|128922,4541,86192,"Hamburg-Bergedorf, Germany","Dr. Remeis-Observatory, Bamberg, Germany",FINITE_GEOMETRY_ADMISSIBLE_WITNESS,GEOMETRY_ADMISSIBLE,1,1,0,1,caf4614540989d9fce42261bce20333f46d399d768bdc582e37bff5def583f7c
1887,7118|128922,4541,86192,"Hamburg-Bergedorf, Germany","Dr. Remeis-Observatory, Bamberg, Germany",FINITE_GEOMETRY_ADMISSIBLE_WITNESS,GEOMETRY_ADMISSIBLE,1,1,0,1,1eb928e683106b9fbe85f3a154434947efd5f985d4aaf6feaad59062ae9f43ac
1888,7119|128922,4541,86192,"Hamburg-Bergedorf, Germany","Dr. Remeis-Observatory, Bamberg, Germany",FINITE_GEOMETRY_ADMISSIBLE_WITNESS,GEOMETRY_ADMISSIBLE,1,1,0,1,fd4e9e11c0205b81050a72a7065a50cc7e4a4f9b04bb3a94f0da04aa25e08470
1889,7120|128922,4541,86192,"Hamburg-Bergedorf, Germany","Dr. Remeis-Observatory, Bamberg, Germany",FINITE_GEOMETRY_ADMISSIBLE_WITNESS,GEOMETRY_ADMISSIBLE,1,1,0,1,3bd78c6bacd2e53fce5a0371fa12957b54a265d677ef0cf10b0f1a2493e9abec
1890,7121|128922,4541,86192,"Hamburg-Bergedorf, Germany","Dr. Remeis-Observatory, Bamberg, Germany",FINITE_GEOMETRY_ADMISSIBLE_WITNESS,GEOMETRY_ADMISSIBLE,1,1,0,2,575fc7414ba90cc686108268962fc8e763711e1fcfed411b329b832fad730923
1891,7122|128922,4541,86192,"Hamburg-Bergedorf, Germany","Dr. Remeis-Observatory, Bamberg, Germany",FINITE_GEOMETRY_ADMISSIBLE_WITNESS,GEOMETRY_ADMISSIBLE,1,1,0,1,0b935d293d5f820909db7896b0cb9ac40c24d128f6d9c522eacfe29d51adda03
1892,7123|128922,4541,86192,"Hamburg-Bergedorf, Germany","Dr. Remeis-Observatory, Bamberg, Germany",FINITE_GEOMETRY_ADMISSIBLE_WITNESS,GEOMETRY_ADMISSIBLE,1,1,0,1,0f64b0674db30dd120a514e29f9c8642f09ada5b2a3bcd1c13d98ff5849a82b5
1897,7131|128925,4542,86195,"Hamburg-Bergedorf, Germany","Dr. Remeis-Observatory, Bamberg, Germany",FINITE_GEOMETRY_ADMISSIBLE_WITNESS,GEOMETRY_ADMISSIBLE,1,1,0,1,f62392a132d0453ed504ccb9766657fcf9d75edfaaabfc1c04b4ed063b7c73d0
1899,7131|128930,4542,86200,"Hamburg-Bergedorf, Germany","Dr. Remeis-Observatory, Bamberg, Germany",FINITE_GEOMETRY_ADMISSIBLE_WITNESS,GEOMETRY_ADMISSIBLE,1,1,0,2,f380c0ffc0289cf89a2b1676710aba21b470673dfc5d64b1731ab20b18284679
1901,7173|128938,4553,86208,"Hamburg-Bergedorf, Germany","Dr. Remeis-Observatory, Bamberg, Germany",FINITE_GEOMETRY_ADMISSIBLE_WITNESS,GEOMETRY_ADMISSIBLE,1,1,0,1,3942e0e711d90837e9be689b4b0698dd68d10ffe23fec2e24012a7a1043ecf27
1902,7240|128960,4607,86230,"Hamburg-Bergedorf, Germany","Dr. Remeis-Observatory, Bamberg, Germany",FINITE_GEOMETRY_ADMISSIBLE_WITNESS,GEOMETRY_ADMISSIBLE,1,1,0,1,e535157263c58b469dd8416284da0ce2181f1767170a187b5992ab37ebde57ad
1903,7241|128960,4607,86230,"Hamburg-Bergedorf, Germany","Dr. Remeis-Observatory, Bamberg, Germany",FINITE_GEOMETRY_ADMISSIBLE_WITNESS,GEOMETRY_ADMISSIBLE,1,1,0,1,ed84d914752d4f2da24d6133d02f063262c9ef65d09f92cae5f121b617903447
1904,7242|128960,4607,86230,"Hamburg-Bergedorf, Germany","Dr. Remeis-Observatory, Bamberg, Germany",FINITE_GEOMETRY_ADMISSIBLE_WITNESS,GEOMETRY_ADMISSIBLE,1,1,0,1,49697e89d01b08107e4e376a21af0da02e81955d0b739e2c91105605b3361a37
1905,7243|128960,4607,86230,"Hamburg-Bergedorf, Germany","Dr. Remeis-Observatory, Bamberg, Germany",FINITE_GEOMETRY_ADMISSIBLE_WITNESS,GEOMETRY_ADMISSIBLE,1,1,0,2,7111a32239c9432e7c8b571d374e2881135918b161eabafe4ec5dd4f8bbeea61
1906,7244|128960,4607,86230,"Hamburg-Bergedorf, Germany","Dr. Remeis-Observatory, Bamberg, Germany",FINITE_GEOMETRY_ADMISSIBLE_WITNESS,GEOMETRY_ADMISSIBLE,1,1,0,1,65618493c603aded597b916642959b8b660888324f0e9d47f7dc4003f6075bbb
1907,7245|128960,4607,86230,"Hamburg-Bergedorf, Germany","Dr. Remeis-Observatory, Bamberg, Germany",FINITE_GEOMETRY_ADMISSIBLE_WITNESS,GEOMETRY_ADMISSIBLE,1,1,0,1,24ed7e277a0395894958941fcde25195dd7f0ffbaff8c6a49a8f83e2e77364c0
1908,7246|128960,4607,86230,"Hamburg-Bergedorf, Germany","Dr. Remeis-Observatory, Bamberg, Germany",FINITE_GEOMETRY_ADMISSIBLE_WITNESS,GEOMETRY_ADMISSIBLE,1,1,0,1,318bea6086d99da8a15fafc8ef18433995a3b288e2d63ae46414563e2c29ba20
1909,7253|128962,4608,86232,"Hamburg-Bergedorf, Germany","Dr. Remeis-Observatory, Bamberg, Germany",FINITE_GEOMETRY_ADMISSIBLE_WITNESS,GEOMETRY_ADMISSIBLE,1,1,0,1,6c62ea57796ba66307acdd160e17ef3a27a5fb1a64169aa55a21a3bde737ff45
1910,7254|128962,4608,86232,"Hamburg-Bergedorf, Germany","Dr. Remeis-Observatory, Bamberg, Germany",FINITE_GEOMETRY_ADMISSIBLE_WITNESS,GEOMETRY_ADMISSIBLE,1,1,0,1,661efb685f95a7ba43d4d1cdf1453eddc9663709938fd879d2e0f66f1fbb4adf
1911,7255|128962,4608,86232,"Hamburg-Bergedorf, Germany","Dr. Remeis-Observatory, Bamberg, Germany",FINITE_GEOMETRY_ADMISSIBLE_WITNESS,GEOMETRY_ADMISSIBLE,1,1,0,1,ff9d898a4fadfe26c612541545047952c6ce4d9bba8b00ef9a4d676473432e66
1912,7256|128962,4608,86232,"Hamburg-Bergedorf, Germany","Dr. Remeis-Observatory, Bamberg, Germany",FINITE_GEOMETRY_ADMISSIBLE_WITNESS,GEOMETRY_ADMISSIBLE,1,1,0,1,58abb2fbf70fc0e31f24315d252ca630eb5c48d2530d3c6b10410898af59b85d
1913,7257|128962,4608,86232,"Hamburg-Bergedorf, Germany","Dr. Remeis-Observatory, Bamberg, Germany",FINITE_GEOMETRY_ADMISSIBLE_WITNESS,GEOMETRY_ADMISSIBLE,1,1,0,1,8a2abb841c3b556611873757e6dbb52b766b5622d4ca3dad92f4d4ee18b4bf16
1914,7257|128963,4608,86233,"Hamburg-Bergedorf, Germany","Dr. Remeis-Observatory, Bamberg, Germany",FINITE_GEOMETRY_ADMISSIBLE_WITNESS,GEOMETRY_ADMISSIBLE,1,1,0,1,2e46f06c30aaafd5714e29e71a1f69ae8d42c3e838d5caa6791f6cdd80e577e8
1915,7258|128963,4608,86233,"Hamburg-Bergedorf, Germany","Dr. Remeis-Observatory, Bamberg, Germany",FINITE_GEOMETRY_ADMISSIBLE_WITNESS,GEOMETRY_ADMISSIBLE,1,1,0,1,00bf19b58ba9df9ac4b2a31430290380bb20547e5edbbc03c9cb015eab610bb9
1916,7259|128963,4609,86233,"Hamburg-Bergedorf, Germany","Dr. Remeis-Observatory, Bamberg, Germany",FINITE_GEOMETRY_ADMISSIBLE_WITNESS,GEOMETRY_ADMISSIBLE,1,1,0,1,b5a1ada0a5f8911e53a451b0bf434d021828e07386ae984417ddc07f52b1e63e
1917,7260|128963,4609,86233,"Hamburg-Bergedorf, Germany","Dr. Remeis-Observatory, Bamberg, Germany",FINITE_GEOMETRY_ADMISSIBLE_WITNESS,GEOMETRY_ADMISSIBLE,1,1,0,2,b1ef0f9d757a233bdba14898da110fa6c6624d22800499e91fbf9589dc21a7f9
1918,7261|128963,4609,86233,"Hamburg-Bergedorf, Germany","Dr. Remeis-Observatory, Bamberg, Germany",FINITE_GEOMETRY_ADMISSIBLE_WITNESS,GEOMETRY_ADMISSIBLE,1,1,0,2,915e2fd71c9e2324c4daae63703f4ee6207973516f0b6359d600515d88e08e0d
1920,7263|128964,4609,86234,"Hamburg-Bergedorf, Germany","Dr. Remeis-Observatory, Bamberg, Germany",FINITE_GEOMETRY_ADMISSIBLE_WITNESS,GEOMETRY_ADMISSIBLE,1,1,0,1,2939fb6e52445077db3c94d4860065fffb6227df4b08a8949f265515e36681ea
1921,7264|128964,4609,86234,"Hamburg-Bergedorf, Germany","Dr. Remeis-Observatory, Bamberg, Germany",FINITE_GEOMETRY_ADMISSIBLE_WITNESS,GEOMETRY_ADMISSIBLE,1,1,0,1,3ebfeadd2d29fb08e744329960eeed5b1de90f8b6ad688c0c4baa2243398cc5e
1922,7265|128964,4609,86234,"Hamburg-Bergedorf, Germany","Dr. Remeis-Observatory, Bamberg, Germany",FINITE_GEOMETRY_ADMISSIBLE_WITNESS,GEOMETRY_ADMISSIBLE,1,1,0,1,7f284aa924eb909ef8f9a7200ce218660be7ef4932b97157eb615b313f8cfbbe
1923,7266|128964,4609,86234,"Hamburg-Bergedorf, Germany","Dr. Remeis-Observatory, Bamberg, Germany",FINITE_GEOMETRY_ADMISSIBLE_WITNESS,GEOMETRY_ADMISSIBLE,1,1,0,2,6006cc7261d4869119af92bd64b2c11313879566cd493cfc1be5827f6c56367f
1924,7267|128964,4609,86234,"Hamburg-Bergedorf, Germany","Dr. Remeis-Observatory, Bamberg, Germany",FINITE_GEOMETRY_ADMISSIBLE_WITNESS,GEOMETRY_ADMISSIBLE,1,1,0,1,7e576a4ec57aab4122a33b1fdb275b7c8eb931c7bbe6e21382cac83383248b92
1925,7268|128964,4609,86234,"Hamburg-Bergedorf, Germany","Dr. Remeis-Observatory, Bamberg, Germany",FINITE_GEOMETRY_ADMISSIBLE_WITNESS,GEOMETRY_ADMISSIBLE,1,1,0,1,f3d299966f1a4d5641da9cae1f55d216a7db2d2e673a35b8ba4d85566dce1df4
1940,7282|128967,4611,86237,"Hamburg-Bergedorf, Germany","Dr. Remeis-Observatory, Bamberg, Germany",FINITE_GEOMETRY_ADMISSIBLE_WITNESS,GEOMETRY_ADMISSIBLE,1,1,0,1,72422a06e5eca55055ca939a907a6354998f29316ec23c1d435567af2d268495
1941,7283|128967,4611,86237,"Hamburg-Bergedorf, Germany","Dr. Remeis-Observatory, Bamberg, Germany",FINITE_GEOMETRY_ADMISSIBLE_WITNESS,GEOMETRY_ADMISSIBLE,1,1,0,1,eaae2ef74c624a07f800d5f138137f2dabab2d8bca0f7f984d051061dd61c6b8
1942,7284|128967,4611,86237,"Hamburg-Bergedorf, Germany","Dr. Remeis-Observatory, Bamberg, Germany",FINITE_GEOMETRY_ADMISSIBLE_WITNESS,GEOMETRY_ADMISSIBLE,1,1,0,1,3178ad93e1a1b12bb0f0df3a2175e62c0c84908b5d2f54641f889c6b4f235b39
1943,7285|128967,4611,86237,"Hamburg-Bergedorf, Germany","Dr. Remeis-Observatory, Bamberg, Germany",FINITE_GEOMETRY_ADMISSIBLE_WITNESS,GEOMETRY_ADMISSIBLE,1,1,0,1,9ded955a169483f663a990a6bb4a0372d782821c0e7d68e9c5def116b28c8c22
1944,7286|128968,4611,86238,"Hamburg-Bergedorf, Germany","Dr. Remeis-Observatory, Bamberg, Germany",FINITE_GEOMETRY_ADMISSIBLE_WITNESS,GEOMETRY_ADMISSIBLE,1,1,0,1,a6b71fc6745548ff0bff642c4ce9cc743d4e35d54bdc299e76c1d62f05205ac3
1945,7287|128968,4611,86238,"Hamburg-Bergedorf, Germany","Dr. Remeis-Observatory, Bamberg, Germany",FINITE_GEOMETRY_ADMISSIBLE_WITNESS,GEOMETRY_ADMISSIBLE,1,1,0,1,3e306a0de3384791c5cba86017618f987f9de8e1abe8653c511599db5dae2de9
1946,7288|128968,4611,86238,"Hamburg-Bergedorf, Germany","Dr. Remeis-Observatory, Bamberg, Germany",FINITE_GEOMETRY_ADMISSIBLE_WITNESS,GEOMETRY_ADMISSIBLE,1,1,0,1,4ebea2eee582434b87318a62cba1959c05deb547edd2819a141733fc1ee63094
1947,7289|128968,4611,86238,"Hamburg-Bergedorf, Germany","Dr. Remeis-Observatory, Bamberg, Germany",FINITE_GEOMETRY_ADMISSIBLE_WITNESS,GEOMETRY_ADMISSIBLE,1,1,0,1,e575729a6664cccd8b271bae58e042f510382862637b231ce00eaaf6e4de8e25
1948,7290|128968,4611,86238,"Hamburg-Bergedorf, Germany","Dr. Remeis-Observatory, Bamberg, Germany",FINITE_GEOMETRY_ADMISSIBLE_WITNESS,GEOMETRY_ADMISSIBLE,1,1,0,1,2ffcb10b16ed0b29a242cf2b3943e288b88cef2dbfb1d1a9fafbe2970aa31efc
1949,7291|128968,4611,86238,"Hamburg-Bergedorf, Germany","Dr. Remeis-Observatory, Bamberg, Germany",FINITE_GEOMETRY_ADMISSIBLE_WITNESS,GEOMETRY_ADMISSIBLE,1,1,0,1,8d1d0315bcb243c1ee07ef56c9798f946848d292aee94148cb926f48e3d1da54
1952,7319|128987,4616,86257,"Hamburg-Bergedorf, Germany","Dr. Remeis-Observatory, Bamberg, Germany",FINITE_GEOMETRY_ADMISSIBLE_WITNESS,GEOMETRY_ADMISSIBLE,1,1,0,2,80bdbcc870fcba1c8a624a5a88b62e91526df7c16b69e74bf0273244ef26bed8
1953,7320|128987,4616,86257,"Hamburg-Bergedorf, Germany","Dr. Remeis-Observatory, Bamberg, Germany",FINITE_GEOMETRY_ADMISSIBLE_WITNESS,GEOMETRY_ADMISSIBLE,1,1,0,1,50968b74ab7fa0605fa6029349ce66b37eeec63751180a68ee173533a46e330a
1954,7321|128987,4616,86257,"Hamburg-Bergedorf, Germany","Dr. Remeis-Observatory, Bamberg, Germany",FINITE_GEOMETRY_ADMISSIBLE_WITNESS,GEOMETRY_ADMISSIBLE,1,1,0,2,e322dd4b00aa009088d92226d18e1c5c6971b4266d4c4eee6544509e2e24369e
1955,7322|128987,4616,86257,"Hamburg-Bergedorf, Germany","Dr. Remeis-Observatory, Bamberg, Germany",FINITE_GEOMETRY_ADMISSIBLE_WITNESS,GEOMETRY_ADMISSIBLE,1,1,0,1,d7f90f7794126436899c7580549b47a6d0c06a56965036f42b7eedfc24018bb7
1956,7323|128987,4616,86257,"Hamburg-Bergedorf, Germany","Dr. Remeis-Observatory, Bamberg, Germany",FINITE_GEOMETRY_ADMISSIBLE_WITNESS,GEOMETRY_ADMISSIBLE,1,1,0,1,72c2b26d6e639aff81f9a50ecbf2ba690b0f883d2509be8719b0017828b36ab1
1957,7324|128987,4616,86257,"Hamburg-Bergedorf, Germany","Dr. Remeis-Observatory, Bamberg, Germany",FINITE_GEOMETRY_ADMISSIBLE_WITNESS,GEOMETRY_ADMISSIBLE,1,1,0,1,109f49e990ebae13162b43d55bd744d50a9bac29fad2846568dc4de7b2fd739e
1971,7355|129039,4626,86309,"Hamburg-Bergedorf, Germany","Dr. Remeis-Observatory, Bamberg, Germany",FINITE_GEOMETRY_ADMISSIBLE_WITNESS,GEOMETRY_ADMISSIBLE,1,1,0,2,a72deb07a3b135b0930c3706ca6f0ed974fdcc73044cba1572c1bfe98cf800bf
1972,7356|129039,4626,86309,"Hamburg-Bergedorf, Germany","Dr. Remeis-Observatory, Bamberg, Germany",FINITE_GEOMETRY_ADMISSIBLE_WITNESS,GEOMETRY_ADMISSIBLE,1,1,0,1,9392a444dded47bf8ef1bb292f79ad42ab92dcfb2235a7562827f0c5555d1112
1973,7357|129039,4626,86309,"Hamburg-Bergedorf, Germany","Dr. Remeis-Observatory, Bamberg, Germany",FINITE_GEOMETRY_ADMISSIBLE_WITNESS,GEOMETRY_ADMISSIBLE,1,1,0,1,b8b72b54db2dc7273e1d438651cb5e92ce04c87effd0533f7895caeab68a4766
1974,7358|129039,4626,86309,"Hamburg-Bergedorf, Germany","Dr. Remeis-Observatory, Bamberg, Germany",FINITE_GEOMETRY_ADMISSIBLE_WITNESS,GEOMETRY_ADMISSIBLE,1,1,0,1,954134d1fec67ec7661fc349700535992840c7c6ace8a780eea2e8e360e5cd10
1975,7359|129039,4627,86309,"Hamburg-Bergedorf, Germany","Dr. Remeis-Observatory, Bamberg, Germany",FINITE_GEOMETRY_ADMISSIBLE_WITNESS,GEOMETRY_ADMISSIBLE,1,1,0,1,80e17e0aefc728239d48741bf86daef3f1cb5261b5181e33da8a13f80903281b
1976,7360|129039,4627,86309,"Hamburg-Bergedorf, Germany","Dr. Remeis-Observatory, Bamberg, Germany",FINITE_GEOMETRY_ADMISSIBLE_WITNESS,GEOMETRY_ADMISSIBLE,1,1,0,1,16967aa2ba5fdfad3d301b40aeaf44fcc09fc8916c8cdb7ab03616fbd9e0c957
1977,7361|129039,4627,86309,"Hamburg-Bergedorf, Germany","Dr. Remeis-Observatory, Bamberg, Germany",FINITE_GEOMETRY_ADMISSIBLE_WITNESS,GEOMETRY_ADMISSIBLE,1,1,0,2,cccd19df9065c40072cf579a5aab2ea62b29055ace5ba8be6af077f09c2a06a2
1978,7361|129040,4627,86310,"Hamburg-Bergedorf, Germany","Dr. Remeis-Observatory, Bamberg, Germany",FINITE_GEOMETRY_ADMISSIBLE_WITNESS,GEOMETRY_ADMISSIBLE,1,1,0,1,420cbac33f930fd544a4e46d81010549d5d80e7fcda5772b7ad924c36d886ff6
1979,7362|129040,4627,86310,"Hamburg-Bergedorf, Germany","Dr. Remeis-Observatory, Bamberg, Germany",FINITE_GEOMETRY_ADMISSIBLE_WITNESS,GEOMETRY_ADMISSIBLE,1,1,0,1,b8c5528eba6341cabb614939997f40fdba27c3982609c7aa5e90ebc6e639d14b
1980,7363|129040,4627,86310,"Hamburg-Bergedorf, Germany","Dr. Remeis-Observatory, Bamberg, Germany",FINITE_GEOMETRY_ADMISSIBLE_WITNESS,GEOMETRY_ADMISSIBLE,1,1,0,1,ff671e4a4f62328d00f8a4abf3a2098e8ac452741fabba95cda6a70ad90bd5f4
1981,7364|129040,4627,86310,"Hamburg-Bergedorf, Germany","Dr. Remeis-Observatory, Bamberg, Germany",FINITE_GEOMETRY_ADMISSIBLE_WITNESS,GEOMETRY_ADMISSIBLE,1,1,0,1,2e6f147a01df65eaa3146e18f2dd8b3014e94e8157a58284453b0f4285a1dcb1
1982,7365|129040,4627,86310,"Hamburg-Bergedorf, Germany","Dr. Remeis-Observatory, Bamberg, Germany",FINITE_GEOMETRY_ADMISSIBLE_WITNESS,GEOMETRY_ADMISSIBLE,1,1,0,2,052fa6673bebf7fc6f16fa35f4515612a45c5dff8fcbcd53db8935661bedfae5
1983,7366|129040,4627,86310,"Hamburg-Bergedorf, Germany","Dr. Remeis-Observatory, Bamberg, Germany",FINITE_GEOMETRY_ADMISSIBLE_WITNESS,GEOMETRY_ADMISSIBLE,1,1,0,1,a64c61acc3bac06784401f355c84debcab43ec9827a5de99855f421a3120892e
1984,7367|129040,4627,86310,"Hamburg-Bergedorf, Germany","Dr. Remeis-Observatory, Bamberg, Germany",FINITE_GEOMETRY_ADMISSIBLE_WITNESS,GEOMETRY_ADMISSIBLE,1,1,0,1,596ea7db1eaa095b0e6d2d2b2361e053eacab1cda3d39d1752dca67d0fe1aed7
1985,7368|129040,4627,86310,"Hamburg-Bergedorf, Germany","Dr. Remeis-Observatory, Bamberg, Germany",FINITE_GEOMETRY_ADMISSIBLE_WITNESS,GEOMETRY_ADMISSIBLE,1,1,0,1,27a60769c62f0bd206e7542ad84c18664ac9b0a694ace205a43298d5c486b9e9
1986,7369|129040,4628,86310,"Hamburg-Bergedorf, Germany","Dr. Remeis-Observatory, Bamberg, Germany",FINITE_GEOMETRY_ADMISSIBLE_WITNESS,GEOMETRY_ADMISSIBLE,1,1,0,1,597c61cd12043db3d8c7eac0d0079a55fdaef0f84108780b7ca8597cf9197f21
1993,7376|129042,4629,86312,"Hamburg-Bergedorf, Germany","Dr. Remeis-Observatory, Bamberg, Germany",FINITE_GEOMETRY_ADMISSIBLE_WITNESS,GEOMETRY_ADMISSIBLE,1,1,0,1,2ed05bb9b74507e7732e8d982b649844896565d93461328228f188b260cc9b66
1996,7379|129045,4632,86315,"Hamburg-Bergedorf, Germany","Dr. Remeis-Observatory, Bamberg, Germany",FINITE_GEOMETRY_ADMISSIBLE_WITNESS,GEOMETRY_ADMISSIBLE,1,1,0,1,ea77da0cbf8873d2c800af72a0a859bb0138bc9a53db39916d61961b60ed6808
1997,7393|129067,4643,86337,"Hamburg-Bergedorf, Germany","Dr. Remeis-Observatory, Bamberg, Germany",FINITE_GEOMETRY_ADMISSIBLE_WITNESS,GEOMETRY_ADMISSIBLE,1,1,0,1,ffcff6ac20f1498c9c5da42e3d80454005516614dbb22ae2480a50aaa7deec37
2001,7401|129084,4650,86354,"Hamburg-Bergedorf, Germany","Dr. Remeis-Observatory, Bamberg, Germany",FINITE_GEOMETRY_ADMISSIBLE_WITNESS,GEOMETRY_ADMISSIBLE,1,1,0,1,5c426c259fe01c76fb126f5417b784c275046408ec4df16de52d93870b53f422
2005,7409|129090,4657,86360,"Hamburg-Bergedorf, Germany","Dr. Remeis-Observatory, Bamberg, Germany",FINITE_GEOMETRY_ADMISSIBLE_WITNESS,GEOMETRY_ADMISSIBLE,1,1,0,1,292ee9bb2437e6204fc9d189c00a90ea35633a5154934c4341dc3c3b1e48a937
2008,7411|129092,4659,86362,"Hamburg-Bergedorf, Germany","Dr. Remeis-Observatory, Bamberg, Germany",FINITE_GEOMETRY_ADMISSIBLE_WITNESS,GEOMETRY_ADMISSIBLE,1,1,0,1,41fa9b776c2f6b484a152d49c07cea4d302c09e24d002f5fb0de971d02598761
2019,7445|129140,4693,86410,"Hamburg-Bergedorf, Germany","Dr. Remeis-Observatory, Bamberg, Germany",FINITE_GEOMETRY_ADMISSIBLE_WITNESS,GEOMETRY_ADMISSIBLE,1,1,0,1,fea98757a1fb78ff535c4a2d1eddf5011c12325a54145c2c6718668195b65141
2020,7446|129140,4694,86410,"Hamburg-Bergedorf, Germany","Dr. Remeis-Observatory, Bamberg, Germany",FINITE_GEOMETRY_ADMISSIBLE_WITNESS,GEOMETRY_ADMISSIBLE,1,1,0,1,fb869d1ec9f1b785410c5aee28d652e42670d61cc457ec68449898768cfec4d9
2021,7447|129140,4695,86410,"Hamburg-Bergedorf, Germany","Dr. Remeis-Observatory, Bamberg, Germany",FINITE_GEOMETRY_ADMISSIBLE_WITNESS,GEOMETRY_ADMISSIBLE,1,1,0,1,b93e5440784efb9920cdf2dc9c7bc57b5533e97a8372d7bf86b8dbd23cbe2219
2023,7449|129159,4697,86429,"Hamburg-Bergedorf, Germany","Dr. Remeis-Observatory, Bamberg, Germany",FINITE_GEOMETRY_ADMISSIBLE_WITNESS,GEOMETRY_ADMISSIBLE,1,1,0,1,6ba60b1526180af2415995e38ebd873ae9e8975d7f70cc91fef96a8ca2ce83bc
2024,7450|129159,4698,86429,"Hamburg-Bergedorf, Germany","Dr. Remeis-Observatory, Bamberg, Germany",FINITE_GEOMETRY_ADMISSIBLE_WITNESS,GEOMETRY_ADMISSIBLE,1,1,0,1,67466806270a27c1c768cd74243c86406753c3c5c645592b419036879aaaf462
2029,7457|129169,4705,86439,"Hamburg-Bergedorf, Germany","Dr. Remeis-Observatory, Bamberg, Germany",FINITE_GEOMETRY_ADMISSIBLE_WITNESS,GEOMETRY_ADMISSIBLE,1,1,0,1,a93c410a21aa4df5ce014821581cf079316f3e18f6ccddb8d213a47f89aba623
2030,7458|129169,4706,86439,"Hamburg-Bergedorf, Germany","Dr. Remeis-Observatory, Bamberg, Germany",FINITE_GEOMETRY_ADMISSIBLE_WITNESS,GEOMETRY_ADMISSIBLE,1,1,0,1,7044a7f26e6eb807ae9ab8ed93a36d06d86e5fedfd77f3eee5eff138ed3372eb
2031,7459|129175,4707,86445,"Hamburg-Bergedorf, Germany","Dr. Remeis-Observatory, Bamberg, Germany",FINITE_GEOMETRY_ADMISSIBLE_WITNESS,GEOMETRY_ADMISSIBLE,1,1,0,1,91fb0e39ddb04c21589667de215b09aa159821e1e7ddb1938826ea5436f2ef94
2032,7460|129175,4708,86445,"Hamburg-Bergedorf, Germany","Dr. Remeis-Observatory, Bamberg, Germany",FINITE_GEOMETRY_ADMISSIBLE_WITNESS,GEOMETRY_ADMISSIBLE,1,1,0,1,1e256eec6439077080d3369659e0fccb1291899fcf1c0306d173641c664d0d6c
2036,7511|129345,4759,86615,"Hamburg-Bergedorf, Germany","Dr. Remeis-Observatory, Bamberg, Germany",FINITE_GEOMETRY_ADMISSIBLE_WITNESS,GEOMETRY_ADMISSIBLE,1,1,0,2,a854577f0aa8250deb7cef2ed94865b3f16c275ca8f224435824970763ab967f
2037,7513|129350,4761,86620,"Hamburg-Bergedorf, Germany","Dr. Remeis-Observatory, Bamberg, Germany",FINITE_GEOMETRY_ADMISSIBLE_WITNESS,GEOMETRY_ADMISSIBLE,1,1,0,1,2edf024afea07367b48d08c38bb86b5e51cc877a00b0111dee8f3115d3501d40
2038,7515|129352,4763,86622,"Hamburg-Bergedorf, Germany","Dr. Remeis-Observatory, Bamberg, Germany",FINITE_GEOMETRY_ADMISSIBLE_WITNESS,GEOMETRY_ADMISSIBLE,1,1,0,1,eec3b3d6b5ba5763a7d593b5aa0c37f8c515e32e186eac1f6b6ae6f356aa35c6
2039,7516|129352,4763,86622,"Hamburg-Bergedorf, Germany","Dr. Remeis-Observatory, Bamberg, Germany",FINITE_GEOMETRY_ADMISSIBLE_WITNESS,GEOMETRY_ADMISSIBLE,1,1,0,1,0ccf08fb52a1314778672ab5d66fdf6916bdbd3f769b7504e4bb43a4303eec4b
2040,7517|129352,4763,86622,"Hamburg-Bergedorf, Germany","Dr. Remeis-Observatory, Bamberg, Germany",FINITE_GEOMETRY_ADMISSIBLE_WITNESS,GEOMETRY_ADMISSIBLE,1,1,0,1,6b954bae78c72893e5ad1bee97cdff59a06abf5c20fd5689bf5ed0f12e4981f5
2041,7518|129352,4763,86622,"Hamburg-Bergedorf, Germany","Dr. Remeis-Observatory, Bamberg, Germany",FINITE_GEOMETRY_ADMISSIBLE_WITNESS,GEOMETRY_ADMISSIBLE,1,1,0,2,5ac51543f038b2ba9fca366de49ccf95ca1624ad1cbc5439ed623dae934b130c
2042,7519|129353,4763,86623,"Hamburg-Bergedorf, Germany","Dr. Remeis-Observatory, Bamberg, Germany",FINITE_GEOMETRY_ADMISSIBLE_WITNESS,GEOMETRY_ADMISSIBLE,1,1,0,1,e7b879c63938a096f70942bb45f788c3bb75c135fbce4b2809c325404d63df0c
2043,7520|129353,4763,86623,"Hamburg-Bergedorf, Germany","Dr. Remeis-Observatory, Bamberg, Germany",FINITE_GEOMETRY_ADMISSIBLE_WITNESS,GEOMETRY_ADMISSIBLE,1,1,0,2,9752a25ca480eaeaa49dd7c48daafc5ad117cd473c1b1f17e61f16a6cdcf3fe5
2044,7521|129353,4763,86623,"Hamburg-Bergedorf, Germany","Dr. Remeis-Observatory, Bamberg, Germany",FINITE_GEOMETRY_ADMISSIBLE_WITNESS,GEOMETRY_ADMISSIBLE,1,1,0,1,968232d676395a5b36cefdb05bb71415e4ac61025e5c6ca9ab4d3caa66f233c5
2045,7522|129353,4763,86623,"Hamburg-Bergedorf, Germany","Dr. Remeis-Observatory, Bamberg, Germany",FINITE_GEOMETRY_ADMISSIBLE_WITNESS,GEOMETRY_ADMISSIBLE,1,1,0,1,5f8f4aa21615c6adbcedb7e54a497d839f463377d248460419c25ec93d1b7254
2046,7523|129353,4763,86623,"Hamburg-Bergedorf, Germany","Dr. Remeis-Observatory, Bamberg, Germany",FINITE_GEOMETRY_ADMISSIBLE_WITNESS,GEOMETRY_ADMISSIBLE,1,1,0,2,31bec278daf568bf2526ee2850218030b72f3e0a6189e9bcfded63423c4b5092
2047,7524|129353,4763,86623,"Hamburg-Bergedorf, Germany","Dr. Remeis-Observatory, Bamberg, Germany",FINITE_GEOMETRY_ADMISSIBLE_WITNESS,GEOMETRY_ADMISSIBLE,1,1,0,1,521489d27a4014ea099984e893b3781d5b0a9c8ef78c60d9c4a5e15c6bc66986
2048,7525|129353,4763,86623,"Hamburg-Bergedorf, Germany","Dr. Remeis-Observatory, Bamberg, Germany",FINITE_GEOMETRY_ADMISSIBLE_WITNESS,GEOMETRY_ADMISSIBLE,1,1,0,1,57de3b4ea74f794c3afd44bd59a35611685d8e6e0db2e2e0b2017f726a98ffd8
2049,7526|129353,4763,86623,"Hamburg-Bergedorf, Germany","Dr. Remeis-Observatory, Bamberg, Germany",FINITE_GEOMETRY_ADMISSIBLE_WITNESS,GEOMETRY_ADMISSIBLE,1,1,0,2,302712b96dba8e0b7da6ad13e73347a09d52bb1c5d2bdc4f0e1c2d45cfa95475
2050,7527|129353,4763,86623,"Hamburg-Bergedorf, Germany","Dr. Remeis-Observatory, Bamberg, Germany",FINITE_GEOMETRY_ADMISSIBLE_WITNESS,GEOMETRY_ADMISSIBLE,1,1,0,1,d9f995b98c905950d3ec8b54d4958610b4d3e1d66728362215c3597d9293f3fc
2051,7528|129353,4763,86623,"Hamburg-Bergedorf, Germany","Dr. Remeis-Observatory, Bamberg, Germany",FINITE_GEOMETRY_ADMISSIBLE_WITNESS,GEOMETRY_ADMISSIBLE,1,1,0,1,6afa426f70e0a7a3ba5bca1c090b220a5b88d4a47bb4ecd62f9dab492e4b12a7
2052,7529|129353,4763,86623,"Hamburg-Bergedorf, Germany","Dr. Remeis-Observatory, Bamberg, Germany",FINITE_GEOMETRY_ADMISSIBLE_WITNESS,GEOMETRY_ADMISSIBLE,1,1,0,1,419faa7ee70917d1b51847ae0bfd14d8a1d4486f0de6904379d869627950671d
2062,7549|129357,4767,86627,"Hamburg-Bergedorf, Germany","Dr. Remeis-Observatory, Bamberg, Germany",FINITE_GEOMETRY_ADMISSIBLE_WITNESS,GEOMETRY_ADMISSIBLE,1,1,0,1,eafcf6345a466dedafeaec5a273555762f052dcbfa8c2d69d6313111778ca468
2063,7550|129357,4768,86627,"Hamburg-Bergedorf, Germany","Dr. Remeis-Observatory, Bamberg, Germany",FINITE_GEOMETRY_ADMISSIBLE_WITNESS,GEOMETRY_ADMISSIBLE,1,1,0,1,66b7a69e9836507b30fd1a748a6b54cc27ee51e309c803ffbd9e8a687888a3ad
2065,7554|129362,4772,86632,"Hamburg-Bergedorf, Germany","Dr. Remeis-Observatory, Bamberg, Germany",FINITE_GEOMETRY_ADMISSIBLE_WITNESS,GEOMETRY_ADMISSIBLE,1,1,0,1,6e5e26e5068c83c63f100dee35cdd0ffe0c2caec2550c1c1576f4dd1183e3321
2070,7567|129378,4785,86648,"Hamburg-Bergedorf, Germany","Dr. Remeis-Observatory, Bamberg, Germany",FINITE_GEOMETRY_ADMISSIBLE_WITNESS,GEOMETRY_ADMISSIBLE,1,1,0,1,c364d1fb08356e1d6c946277b00912e51da29c26d54b7fab5dba23e750825392
2072,7573|129383,4791,86653,"Hamburg-Bergedorf, Germany","Dr. Remeis-Observatory, Bamberg, Germany",FINITE_GEOMETRY_ADMISSIBLE_WITNESS,GEOMETRY_ADMISSIBLE,1,1,0,1,f5fb1a3305f91aed82114a3ff9f47dcc6533e43e3134bb8b295d82fe328d41da
2073,7574|129384,4792,86654,"Hamburg-Bergedorf, Germany","Dr. Remeis-Observatory, Bamberg, Germany",FINITE_GEOMETRY_ADMISSIBLE_WITNESS,GEOMETRY_ADMISSIBLE,1,1,0,1,543a7ca5e282d03cde968cd6aea8fdfebb18c4610d10cda60cb6f2aac4c5dda1
2074,7575|129384,4793,86654,"Hamburg-Bergedorf, Germany","Dr. Remeis-Observatory, Bamberg, Germany",FINITE_GEOMETRY_ADMISSIBLE_WITNESS,GEOMETRY_ADMISSIBLE,1,1,0,1,dc1f5c2cfdbb8fecaf51981ea122c56e55144f3c2c4e0653215b4a4933672197
2078,7640|129411,4830,86681,"Hamburg-Bergedorf, Germany","Dr. Remeis-Observatory, Bamberg, Germany",FINITE_GEOMETRY_ADMISSIBLE_WITNESS,GEOMETRY_ADMISSIBLE,1,1,0,1,83f0b397e94972c052a813772f17a8e284c295b0650fa4b913fd926782c77198
2079,7640|129412,4830,86682,"Hamburg-Bergedorf, Germany","Dr. Remeis-Observatory, Bamberg, Germany",FINITE_GEOMETRY_ADMISSIBLE_WITNESS,GEOMETRY_ADMISSIBLE,1,1,0,1,e0fabdfade0d82c86adb327871cc49159cfc0bbe1c20ab37e59ff3156932ea6a
2082,7643|129421,4833,86691,"Hamburg-Bergedorf, Germany","Dr. Remeis-Observatory, Bamberg, Germany",FINITE_GEOMETRY_ADMISSIBLE_WITNESS,GEOMETRY_ADMISSIBLE,1,1,0,3,942bfc979c3cc4712064333e9c88b6e361d1fdd0af240e3987476aaa673ac28a
2083,7646|129424,4836,86694,"Hamburg-Bergedorf, Germany","Dr. Remeis-Observatory, Bamberg, Germany",FINITE_GEOMETRY_ADMISSIBLE_WITNESS,GEOMETRY_ADMISSIBLE,1,1,0,1,d6ef3b59232043ea8bf38fcc5556f505a860e51dd78c84428fc7633f6ce767a0
2085,7647|129429,4837,86699,"Hamburg-Bergedorf, Germany","Dr. Remeis-Observatory, Bamberg, Germany",FINITE_GEOMETRY_ADMISSIBLE_WITNESS,GEOMETRY_ADMISSIBLE,1,1,0,1,76dd1d49da6e80e66dd5197f4c348e64c1fa7d65a5b42fd1b6beadeb09effe00
2086,7647|129430,4837,86700,"Hamburg-Bergedorf, Germany","Dr. Remeis-Observatory, Bamberg, Germany",FINITE_GEOMETRY_ADMISSIBLE_WITNESS,GEOMETRY_ADMISSIBLE,1,1,0,1,6ed3128c00b833187f2c7aeb1bfcc8a54e1739a761e407003e725a1c47bb7a00
2087,7647|129438,4837,86708,"Hamburg-Bergedorf, Germany","Dr. Remeis-Observatory, Bamberg, Germany",FINITE_GEOMETRY_ADMISSIBLE_WITNESS,GEOMETRY_ADMISSIBLE,1,1,0,1,e79e0abbd39e460e0888566832109b4759ba114c1753ec712258af93bf205ab5
2088,7647|129439,4837,86709,"Hamburg-Bergedorf, Germany","Dr. Remeis-Observatory, Bamberg, Germany",FINITE_GEOMETRY_ADMISSIBLE_WITNESS,GEOMETRY_ADMISSIBLE,1,1,0,1,375f053f594df32437c0bcce6e9a025fbc173400cf1e680bb02fdab5d6eee295
2089,7667|129466,4857,86736,"Hamburg-Bergedorf, Germany","Dr. Remeis-Observatory, Bamberg, Germany",FINITE_GEOMETRY_ADMISSIBLE_WITNESS,GEOMETRY_ADMISSIBLE,1,1,0,1,0241a0889c0c9d35a977e14dab41aca5c8f2fdc117049637ae8a5e8d7e312573
2095,7740|129541,4920,86811,"Hamburg-Bergedorf, Germany","Dr. Remeis-Observatory, Bamberg, Germany",FINITE_GEOMETRY_ADMISSIBLE_WITNESS,GEOMETRY_ADMISSIBLE,1,1,0,1,5040c394de8f670cbac58d5c00d76ae93cca00522fe06229fa35dee159b628c6
2096,7743|129537,4923,86807,"Hamburg-Bergedorf, Germany","Dr. Remeis-Observatory, Bamberg, Germany",FINITE_GEOMETRY_ADMISSIBLE_WITNESS,GEOMETRY_ADMISSIBLE,1,1,0,1,df912af8aadd000a70ec1fd748c340e85dac54b41e9630c23cb77b6bb9dd1ace
2097,7745|129537,4925,86807,"Hamburg-Bergedorf, Germany","Dr. Remeis-Observatory, Bamberg, Germany",FINITE_GEOMETRY_ADMISSIBLE_WITNESS,GEOMETRY_ADMISSIBLE,1,1,0,1,85f559c7c489983ec3b90e51f52eee21671922cf7541ba81637ac35c95608bd2
2098,7746|129537,4926,86807,"Hamburg-Bergedorf, Germany","Dr. Remeis-Observatory, Bamberg, Germany",FINITE_GEOMETRY_ADMISSIBLE_WITNESS,GEOMETRY_ADMISSIBLE,1,1,0,1,06e63fec5fcdaad086b7511ad38ce78a82f9c1fd833ace30cebd34ae5effc850
2099,7747|129538,4927,86808,"Hamburg-Bergedorf, Germany","Dr. Remeis-Observatory, Bamberg, Germany",FINITE_GEOMETRY_ADMISSIBLE_WITNESS,GEOMETRY_ADMISSIBLE,1,1,0,1,ee67c9825650aa57bb1efbc3ba009f22d18d50b20509d1cd341c18b262870306
2100,7748|129538,4928,86808,"Hamburg-Bergedorf, Germany","Dr. Remeis-Observatory, Bamberg, Germany",FINITE_GEOMETRY_ADMISSIBLE_WITNESS,GEOMETRY_ADMISSIBLE,1,1,0,1,6567535abaf2374452d4e0c34309f56a94564bd243ee9bb8656872f9ed602492
2101,7749|129538,4929,86808,"Hamburg-Bergedorf, Germany","Dr. Remeis-Observatory, Bamberg, Germany",FINITE_GEOMETRY_ADMISSIBLE_WITNESS,GEOMETRY_ADMISSIBLE,1,1,0,1,9561dfcb67d03a8347ee7665a8f681a4f7d09dd3b87a511bc1fbc0afaa2ad924
2102,7750|129538,4930,86808,"Hamburg-Bergedorf, Germany","Dr. Remeis-Observatory, Bamberg, Germany",FINITE_GEOMETRY_ADMISSIBLE_WITNESS,GEOMETRY_ADMISSIBLE,1,1,0,1,497d68a84fa9938727519e5e30526a35b8d70cb65526f213c0c710ea3cf0045a
2103,7751|129539,4931,86809,"Hamburg-Bergedorf, Germany","Dr. Remeis-Observatory, Bamberg, Germany",FINITE_GEOMETRY_ADMISSIBLE_WITNESS,GEOMETRY_ADMISSIBLE,1,1,0,2,a347f78bc5e3db5d89cb2345f999eaafc3a86045335ef2958a3f3e42cd49a8e3
2104,7752|129539,4932,86809,"Hamburg-Bergedorf, Germany","Dr. Remeis-Observatory, Bamberg, Germany",FINITE_GEOMETRY_ADMISSIBLE_WITNESS,GEOMETRY_ADMISSIBLE,1,1,0,2,731313917ce4ea707fce6846e6f61d1b0f03efe22155c67f14ca891399a2beac
2105,7753|129539,4933,86809,"Hamburg-Bergedorf, Germany","Dr. Remeis-Observatory, Bamberg, Germany",FINITE_GEOMETRY_ADMISSIBLE_WITNESS,GEOMETRY_ADMISSIBLE,1,1,0,1,50ca1fb93b84d596b4b461929de9154008129bcedf3bd2bf857b161e2813151f
2106,7754|129540,4934,86810,"Hamburg-Bergedorf, Germany","Dr. Remeis-Observatory, Bamberg, Germany",FINITE_GEOMETRY_ADMISSIBLE_WITNESS,GEOMETRY_ADMISSIBLE,1,1,0,1,a2bd7fd98bff581e2c2f2afb8b1ef5f926e615e7d1f4382943076dd348292182
2107,7826|129545,4942,86815,"Hamburg-Bergedorf, Germany","Dr. Remeis-Observatory, Bamberg, Germany",FINITE_GEOMETRY_ADMISSIBLE_WITNESS,GEOMETRY_ADMISSIBLE,1,1,0,2,52a40d936c33a62a86ffbd94537070b2451e4aacdd2a079e7016b5717baf8705
2109,7826|129552,4942,86822,"Hamburg-Bergedorf, Germany","Dr. Remeis-Observatory, Bamberg, Germany",FINITE_GEOMETRY_ADMISSIBLE_WITNESS,GEOMETRY_ADMISSIBLE,1,1,0,2,a98ff4699ab1a4ca4efbfe9ccdac911d7eb1c324d00f1564700e6d0f87ef5e94
2110,7826|129553,4942,86823,"Hamburg-Bergedorf, Germany","Dr. Remeis-Observatory, Bamberg, Germany",FINITE_GEOMETRY_ADMISSIBLE_WITNESS,GEOMETRY_ADMISSIBLE,1,1,0,1,cc222506b29a288519265d02d0d446bd15b4e0c9cb521eb1159d1d9146575c02
2111,7829|129595,4945,86865,"Hamburg-Bergedorf, Germany","Dr. Remeis-Observatory, Bamberg, Germany",FINITE_GEOMETRY_ADMISSIBLE_WITNESS,GEOMETRY_ADMISSIBLE,1,1,0,1,098a4641469f3a2ba2b10678fd48d30ef0d2bfc5019524481293baf81ad6c577
2113,7829|129597,4945,86867,"Hamburg-Bergedorf, Germany","Dr. Remeis-Observatory, Bamberg, Germany",FINITE_GEOMETRY_ADMISSIBLE_WITNESS,GEOMETRY_ADMISSIBLE,1,1,0,2,d43c50889fcdb01efefef3cc19059e53770021d0f0c3d945bf3c39e66a1bb331
2114,7830|129624,4946,86894,"Hamburg-Bergedorf, Germany","Dr. Remeis-Observatory, Bamberg, Germany",FINITE_GEOMETRY_ADMISSIBLE_WITNESS,GEOMETRY_ADMISSIBLE,1,1,0,1,abcc326b09c074168943d3ec2d5add8a9de40e874434225e613082b41716fc22
2115,7830|129639,4946,86909,"Hamburg-Bergedorf, Germany","Dr. Remeis-Observatory, Bamberg, Germany",FINITE_GEOMETRY_ADMISSIBLE_WITNESS,GEOMETRY_ADMISSIBLE,1,1,0,1,311b355e114cedf2123ca8f1b7795341f5c1d183eb16a6d1cc1104a903e73b9f
2116,7832|129628,4948,86898,"Hamburg-Bergedorf, Germany","Dr. Remeis-Observatory, Bamberg, Germany",FINITE_GEOMETRY_ADMISSIBLE_WITNESS,GEOMETRY_ADMISSIBLE,1,1,0,1,00d817b1cec8249478a3788b01a245587e46cc3fd897f19b8da2879ac6fa24d4
2117,7832|129641,4948,86911,"Hamburg-Bergedorf, Germany","Dr. Remeis-Observatory, Bamberg, Germany",FINITE_GEOMETRY_ADMISSIBLE_WITNESS,GEOMETRY_ADMISSIBLE,1,1,0,1,06e5ce8358889dbfff80cc8410281837aa75f0c98771eb6f3783b4f894395e3d
2122,7838|129636,4954,86906,"Hamburg-Bergedorf, Germany","Dr. Remeis-Observatory, Bamberg, Germany",FINITE_GEOMETRY_ADMISSIBLE_WITNESS,GEOMETRY_ADMISSIBLE,1,1,0,2,27a9da8ab363ef405ab103b8a9c84dd04d24c741bb05ecb1287515ee9201e51f
2123,7839|129636,4955,86906,"Hamburg-Bergedorf, Germany","Dr. Remeis-Observatory, Bamberg, Germany",FINITE_GEOMETRY_ADMISSIBLE_WITNESS,GEOMETRY_ADMISSIBLE,1,1,0,1,dd0f123acb6a370fab5d1681515ecc7cae8e3343809e0223db29d4855c775b7c
2124,7840|129636,4956,86906,"Hamburg-Bergedorf, Germany","Dr. Remeis-Observatory, Bamberg, Germany",FINITE_GEOMETRY_ADMISSIBLE_WITNESS,GEOMETRY_ADMISSIBLE,1,1,0,1,c051b00fc4e788049974443a445b33b5b5f6d994c4093e780c192ca2221f535f
2125,7842|129647,4958,86917,"Hamburg-Bergedorf, Germany","Dr. Remeis-Observatory, Bamberg, Germany",FINITE_GEOMETRY_ADMISSIBLE_WITNESS,GEOMETRY_ADMISSIBLE,1,1,0,1,8045f9e19bc033e9f913a965c9da1f1eca900b16c022aa93207ccc2cccd1abf2
2126,7842|129648,4958,86918,"Hamburg-Bergedorf, Germany","Dr. Remeis-Observatory, Bamberg, Germany",FINITE_GEOMETRY_ADMISSIBLE_WITNESS,GEOMETRY_ADMISSIBLE,1,1,0,1,ecbabe17595578a5285c8add5fe97ad75961e4a0ce108444b453252d3b686027
2127,7842|129663,4958,86933,"Hamburg-Bergedorf, Germany","Dr. Remeis-Observatory, Bamberg, Germany",FINITE_GEOMETRY_ADMISSIBLE_WITNESS,GEOMETRY_ADMISSIBLE,1,1,0,1,e7a6b729b5697d492b659a8610690e647f74da1947af38e932075b6f922305f4
2128,7850|129656,4966,86926,"Hamburg-Bergedorf, Germany","Dr. Remeis-Observatory, Bamberg, Germany",FINITE_GEOMETRY_ADMISSIBLE_WITNESS,GEOMETRY_ADMISSIBLE,1,1,0,1,5944f3395072ca08a7ca39fe8447c60ca63d0af47a72028bf62282e34bafb684
2129,7856|129734,4972,87004,"Hamburg-Bergedorf, Germany","Dr. Remeis-Observatory, Bamberg, Germany",FINITE_GEOMETRY_ADMISSIBLE_WITNESS,GEOMETRY_ADMISSIBLE,1,1,0,2,033e0dec01664fec1e16b12da0a79790845b337ad7a59f6bf15ad7e1aed48a59
2131,7862|129741,4978,87011,"Hamburg-Bergedorf, Germany","Dr. Remeis-Observatory, Bamberg, Germany",FINITE_GEOMETRY_ADMISSIBLE_WITNESS,GEOMETRY_ADMISSIBLE,1,1,0,1,f754c30b5ae32ff94b46d4480391b77732fd88e2489ac9e6c8943b330be5be20
2132,7862|129742,4978,87012,"Hamburg-Bergedorf, Germany","Dr. Remeis-Observatory, Bamberg, Germany",FINITE_GEOMETRY_ADMISSIBLE_WITNESS,GEOMETRY_ADMISSIBLE,1,1,0,1,27e28ec9e1e8387c55d2d49fbe4c9c21802df72f88e539a52556553ce87d5ad6
2136,7862|129747,4978,87017,"Hamburg-Bergedorf, Germany","Dr. Remeis-Observatory, Bamberg, Germany",FINITE_GEOMETRY_ADMISSIBLE_WITNESS,GEOMETRY_ADMISSIBLE,1,1,0,1,b878a5f9b1a588ea0d473951e8a32bfee7bcc1979a9683a0c5ab0eaa75453f34
2138,7870|129749,4986,87019,"Hamburg-Bergedorf, Germany","Dr. Remeis-Observatory, Bamberg, Germany",FINITE_GEOMETRY_ADMISSIBLE_WITNESS,GEOMETRY_ADMISSIBLE,1,1,0,2,e48a1058aff94b2f83906824a653a0e78574521a25dc3e9a5f1acabcf795f036
2139,7870|129750,4986,87020,"Hamburg-Bergedorf, Germany","Dr. Remeis-Observatory, Bamberg, Germany",FINITE_GEOMETRY_ADMISSIBLE_WITNESS,GEOMETRY_ADMISSIBLE,1,1,0,1,8fed79710fa67e055555b18a5657bb8200ef46fd1e0c1e25071a426e727d3da7
2140,7870|129751,4986,87021,"Hamburg-Bergedorf, Germany","Dr. Remeis-Observatory, Bamberg, Germany",FINITE_GEOMETRY_ADMISSIBLE_WITNESS,GEOMETRY_ADMISSIBLE,1,1,0,1,29f15e758eae295bbc3d50642454e0f1c68772bca873f5f971b0493a5ca942b2
2142,7870|129754,4986,87024,"Hamburg-Bergedorf, Germany","Dr. Remeis-Observatory, Bamberg, Germany",FINITE_GEOMETRY_ADMISSIBLE_WITNESS,GEOMETRY_ADMISSIBLE,1,1,0,1,631f09e3c34d08157043804b0dd3114c7b910ba857a20ecbfda81c5711834d8c
2144,7872|129759,4988,87029,"Hamburg-Bergedorf, Germany","Dr. Remeis-Observatory, Bamberg, Germany",FINITE_GEOMETRY_ADMISSIBLE_WITNESS,GEOMETRY_ADMISSIBLE,1,1,0,1,5176d500890ad01e65ca9f9ed97b32d5d9c2b17a01e490c38f28cfd2936509bd
2145,7891|129816,5007,87086,"Hamburg-Bergedorf, Germany","Dr. Remeis-Observatory, Bamberg, Germany",FINITE_GEOMETRY_ADMISSIBLE_WITNESS,GEOMETRY_ADMISSIBLE,1,1,0,1,a0a4c5e5964e932a333a4ff4f954d170cae0d9252d108fd975fcc5ac01d53320
2173,8112|130098,5067,87362,"Hamburg-Bergedorf, Germany","Dr. Remeis-Observatory, Bamberg, Germany",FINITE_GEOMETRY_ADMISSIBLE_WITNESS,GEOMETRY_ADMISSIBLE,1,1,0,2,b73ba47d4e4c4a5f3557fe1289925e1c09c9a0ff6f6338f0e65fa6152fc84fdc
2178,8114|130104,5069,87368,"Hamburg-Bergedorf, Germany","Dr. Remeis-Observatory, Bamberg, Germany",FINITE_GEOMETRY_ADMISSIBLE_WITNESS,GEOMETRY_ADMISSIBLE,1,1,0,1,fae769bd22054f199f1afff8b88057c36f9c1063c19158f67e97cfd31ac69210
2182,8121|130142,5076,87406,"Hamburg-Bergedorf, Germany","Dr. Remeis-Observatory, Bamberg, Germany",FINITE_GEOMETRY_ADMISSIBLE_WITNESS,GEOMETRY_ADMISSIBLE,1,1,0,1,15d1b3dc9bb62d244aab3852fa81c17ca28018e5c7cdc9b7b80ca53c78d4967a
2183,8122|130153,5077,87417,"Hamburg-Bergedorf, Germany","Dr. Remeis-Observatory, Bamberg, Germany",FINITE_GEOMETRY_ADMISSIBLE_WITNESS,GEOMETRY_ADMISSIBLE,1,1,0,1,0473e8bf46bbc146b8e51fd78fd80091f96ffc3d925ee0842e81bc27b3ea3633
2184,8122|130154,5077,87418,"Hamburg-Bergedorf, Germany","Dr. Remeis-Observatory, Bamberg, Germany",FINITE_GEOMETRY_ADMISSIBLE_WITNESS,GEOMETRY_ADMISSIBLE,1,1,0,3,47e9242e5c30e9065de767d2e08ce75c576303b21a2eb9baf93b9d273b516c0d
2187,8126|130184,5081,87448,"Hamburg-Bergedorf, Germany","Dr. Remeis-Observatory, Bamberg, Germany",FINITE_GEOMETRY_ADMISSIBLE_WITNESS,GEOMETRY_ADMISSIBLE,1,1,0,1,c479222fd982efb918575203f03ef209fb10da28cd38cb174b4c45a0fc6c42a1
2188,8127|130191,5082,87455,"Hamburg-Bergedorf, Germany","Dr. Remeis-Observatory, Bamberg, Germany",FINITE_GEOMETRY_ADMISSIBLE_WITNESS,GEOMETRY_ADMISSIBLE,1,1,0,2,7c36f94ec7289f3ab7115d347177813dd5881626f5bc0cdaae175c1398ea28fc
2189,8127|130193,5082,87457,"Hamburg-Bergedorf, Germany","Dr. Remeis-Observatory, Bamberg, Germany",FINITE_GEOMETRY_ADMISSIBLE_WITNESS,GEOMETRY_ADMISSIBLE,1,1,0,2,95187ddcb92e8c1a6662966dfe12abb273fa8bd1839d9aa6350c348860f7693e
2190,8127|130204,5082,87468,"Hamburg-Bergedorf, Germany","Dr. Remeis-Observatory, Bamberg, Germany",FINITE_GEOMETRY_ADMISSIBLE_WITNESS,GEOMETRY_ADMISSIBLE,1,1,0,1,9a8981212e6dd107516435504efafb24b47c92213a8fb67d2c621b01dd9b9ef0
2191,8132|130185,5087,87449,"Hamburg-Bergedorf, Germany","Dr. Remeis-Observatory, Bamberg, Germany",FINITE_GEOMETRY_ADMISSIBLE_WITNESS,GEOMETRY_ADMISSIBLE,1,1,0,2,366e450ae677c3f4ca6e2612b2c2dc859172603519af1fe028036cbdc2bb19ee
2192,8132|130186,5087,87450,"Hamburg-Bergedorf, Germany","Dr. Remeis-Observatory, Bamberg, Germany",FINITE_GEOMETRY_ADMISSIBLE_WITNESS,GEOMETRY_ADMISSIBLE,1,1,0,1,3692f2ac89204b80f0c9ba9fbebb789e6d96f264ad4c392381dcc18b13817967
2193,8132|130187,5087,87451,"Hamburg-Bergedorf, Germany","Dr. Remeis-Observatory, Bamberg, Germany",FINITE_GEOMETRY_ADMISSIBLE_WITNESS,GEOMETRY_ADMISSIBLE,1,1,0,1,3eac429ac15c465f377addc8bb77d15036e2d9c92ed028d5bdf7d9265a1363b2
2195,8133|130189,5088,87453,"Hamburg-Bergedorf, Germany","Dr. Remeis-Observatory, Bamberg, Germany",FINITE_GEOMETRY_ADMISSIBLE_WITNESS,GEOMETRY_ADMISSIBLE,1,1,0,1,2d0a7f5aaadcba3982338311d7db76d4e5696e3b14538e08738876f47e777935
2197,8136|130233,5091,87497,"Hamburg-Bergedorf, Germany","Dr. Remeis-Observatory, Bamberg, Germany",FINITE_GEOMETRY_ADMISSIBLE_WITNESS,GEOMETRY_ADMISSIBLE,1,1,0,1,ca198ba1d86183a027f5dfeb6522ae4ce2cbe9d85d7c5031064fcee72859649e
2204,8139|130236,5094,87500,"Hamburg-Bergedorf, Germany","Dr. Remeis-Observatory, Bamberg, Germany",FINITE_GEOMETRY_ADMISSIBLE_WITNESS,GEOMETRY_ADMISSIBLE,1,1,0,1,09a9b3a94a9ecddcd430ee769026c21da2f76acdacd2b36f905670cfbb6c498c
2205,8139|130237,5094,87501,"Hamburg-Bergedorf, Germany","Dr. Remeis-Observatory, Bamberg, Germany",FINITE_GEOMETRY_ADMISSIBLE_WITNESS,GEOMETRY_ADMISSIBLE,1,1,0,3,293b5dfe51be9e9031889b94b9d67e70185a240430d12632ec8e978cc5ec1688
2206,8139|130238,5094,87502,"Hamburg-Bergedorf, Germany","Dr. Remeis-Observatory, Bamberg, Germany",FINITE_GEOMETRY_ADMISSIBLE_WITNESS,GEOMETRY_ADMISSIBLE,1,1,0,1,9324df3838bffdf5005818c785e702e1cde55aa589b99fae24e22012f951e68d
2207,8142|130241,5097,87505,"Hamburg-Bergedorf, Germany","Dr. Remeis-Observatory, Bamberg, Germany",FINITE_GEOMETRY_ADMISSIBLE_WITNESS,GEOMETRY_ADMISSIBLE,1,1,0,1,a01a5ba4bb6887a9d226f4ee7548e268698211c371ce6e26e19ead0d6ae110c5
2209,8142|130243,5097,87507,"Hamburg-Bergedorf, Germany","Dr. Remeis-Observatory, Bamberg, Germany",FINITE_GEOMETRY_ADMISSIBLE_WITNESS,GEOMETRY_ADMISSIBLE,1,1,0,1,a0e78b480fd66c17719b65718ab3e4b392eddc0d655175f2d0af49e74fdf9c3f
2211,8144|130260,5099,87524,"Hamburg-Bergedorf, Germany","Dr. Remeis-Observatory, Bamberg, Germany",FINITE_GEOMETRY_ADMISSIBLE_WITNESS,GEOMETRY_ADMISSIBLE,1,1,0,2,f1a3fe6be80d4a36fa18d6bb2dfc0d367e166ceefef4689794eb865dd98ca378
2214,8146|130261,5101,87525,"Hamburg-Bergedorf, Germany","Dr. Remeis-Observatory, Bamberg, Germany",FINITE_GEOMETRY_ADMISSIBLE_WITNESS,GEOMETRY_ADMISSIBLE,1,1,0,1,589212e871292986c9f757d678769cb7723833dad9ef739f8080082a5b230e19
2215,8150|130320,5105,87547,"Hamburg-Bergedorf, Germany","Dr. Remeis-Observatory, Bamberg, Germany",FINITE_GEOMETRY_ADMISSIBLE_WITNESS,GEOMETRY_ADMISSIBLE,1,1,0,1,959357220bd1ef4f15aecc6edf3c303590b86f3ac64dae57d6b490f872024ed5
2216,8150|130321,5105,87548,"Hamburg-Bergedorf, Germany","Dr. Remeis-Observatory, Bamberg, Germany",FINITE_GEOMETRY_ADMISSIBLE_WITNESS,GEOMETRY_ADMISSIBLE,1,1,0,1,2b38c1ee3e6a22d734326af9ccbdfa3629bb219578ae4c01b0791525176d96e4
2217,8151|130325,5106,87552,"Hamburg-Bergedorf, Germany","Dr. Remeis-Observatory, Bamberg, Germany",FINITE_GEOMETRY_ADMISSIBLE_WITNESS,GEOMETRY_ADMISSIBLE,1,1,0,1,2b12b5696939eee64bf8d38b59e2c739869deeac1491570eda8d39172c9a0ff7
2227,8156|130344,5111,87571,"Hamburg-Bergedorf, Germany","Dr. Remeis-Observatory, Bamberg, Germany",FINITE_GEOMETRY_ADMISSIBLE_WITNESS,GEOMETRY_ADMISSIBLE,1,1,0,1,84b8f75bb3f0bae35b59dfae2c3a77fefc490b7b77f42139baa9f7a50c528fb7
2232,8163|130370,5118,87597,"Hamburg-Bergedorf, Germany","Dr. Remeis-Observatory, Bamberg, Germany",FINITE_GEOMETRY_ADMISSIBLE_WITNESS,GEOMETRY_ADMISSIBLE,1,1,0,1,9eb38913e8158f11279db1fa8f7dbb900174d0d70d89082a75663c8c18001fb0
2233,8163|130371,5118,87598,"Hamburg-Bergedorf, Germany","Dr. Remeis-Observatory, Bamberg, Germany",FINITE_GEOMETRY_ADMISSIBLE_WITNESS,GEOMETRY_ADMISSIBLE,1,1,0,1,9b7cfd35050add54d149a09ffed8ad702f8a31595af874afa2e80e946eb4c79d
2235,8163|130386,5118,87613,"Hamburg-Bergedorf, Germany","Dr. Remeis-Observatory, Bamberg, Germany",FINITE_GEOMETRY_ADMISSIBLE_WITNESS,GEOMETRY_ADMISSIBLE,1,1,0,2,b07d5a043c83f1eecea3ec383007a2b5da4ed286f363c07df1de73fee17e77f9
2239,8166|130390,5121,87617,"Hamburg-Bergedorf, Germany","Dr. Remeis-Observatory, Bamberg, Germany",FINITE_GEOMETRY_ADMISSIBLE_WITNESS,GEOMETRY_ADMISSIBLE,1,1,0,1,c407ed0243dec77a11eb95a0feb9b8085de4c2b26c1adf8c4069391734ef6cae
2244,8169|130400,5124,87627,"Hamburg-Bergedorf, Germany","Dr. Remeis-Observatory, Bamberg, Germany",FINITE_GEOMETRY_ADMISSIBLE_WITNESS,GEOMETRY_ADMISSIBLE,1,1,0,1,3d6115c98c5e50f9f15ffbeb2da6c3f8125bc626a13d98d85a472b1b1f4273ef
2247,8173|130432,5128,87659,"Hamburg-Bergedorf, Germany","Dr. Remeis-Observatory, Bamberg, Germany",FINITE_GEOMETRY_ADMISSIBLE_WITNESS,GEOMETRY_ADMISSIBLE,1,1,0,2,dc5dbc321635a03f447092cdd3fd14e3606acd4d0144daff09fd7ab1ef7941ea
2251,8189|130493,5144,87710,"Hamburg-Bergedorf, Germany","Dr. Remeis-Observatory, Bamberg, Germany",FINITE_GEOMETRY_ADMISSIBLE_WITNESS,GEOMETRY_ADMISSIBLE,1,1,0,1,e894647d4bb2cdc6f9156dbd9f4e1fedb0b5a449b361c001ac3ec53b56b14478
2252,8189|130494,5144,87711,"Hamburg-Bergedorf, Germany","Dr. Remeis-Observatory, Bamberg, Germany",FINITE_GEOMETRY_ADMISSIBLE_WITNESS,GEOMETRY_ADMISSIBLE,1,1,0,1,1dcaa1d9b3d490ef7b6416c0b94da1b9778593ce17c1e5f81c2c3f1f3d771f78
2253,8191|130496,5146,87713,"Hamburg-Bergedorf, Germany","Dr. Remeis-Observatory, Bamberg, Germany",FINITE_GEOMETRY_ADMISSIBLE_WITNESS,GEOMETRY_ADMISSIBLE,1,1,0,1,491c6106fd3cd4dcc7eeb47b422447e82ed156841def61a93883f51c2b3aeb07
2254,8191|130507,5146,87724,"Hamburg-Bergedorf, Germany","Dr. Remeis-Observatory, Bamberg, Germany",FINITE_GEOMETRY_ADMISSIBLE_WITNESS,GEOMETRY_ADMISSIBLE,1,1,0,2,ae2a4aea2f407b3a148ddc3f57c9300ef9e0c8f3cda9bfd88ca43b8a89c332e0
2255,8191|130508,5146,87725,"Hamburg-Bergedorf, Germany","Dr. Remeis-Observatory, Bamberg, Germany",FINITE_GEOMETRY_ADMISSIBLE_WITNESS,GEOMETRY_ADMISSIBLE,1,1,0,2,d5c66388f910094449186fda62ce22f6d213019b413fe2f6a5b9edbd37b4ac51
2257,8193|130509,5148,87726,"Hamburg-Bergedorf, Germany","Dr. Remeis-Observatory, Bamberg, Germany",FINITE_GEOMETRY_ADMISSIBLE_WITNESS,GEOMETRY_ADMISSIBLE,1,1,0,2,89edbc8c834c12a606bc430631c4e90b16e12f865709c255029d21f21f6d4ca2
2261,8238|130530,5189,87747,"Hamburg-Bergedorf, Germany","Dr. Remeis-Observatory, Bamberg, Germany",FINITE_GEOMETRY_ADMISSIBLE_WITNESS,GEOMETRY_ADMISSIBLE,1,1,0,1,8a2809c825a6af5bb87d40a3a746db7fe6c149dcd97aec03d482f96cef808c57
2262,8240|130531,5191,87748,"Hamburg-Bergedorf, Germany","Dr. Remeis-Observatory, Bamberg, Germany",FINITE_GEOMETRY_ADMISSIBLE_WITNESS,GEOMETRY_ADMISSIBLE,1,1,0,2,6d950e8d5cbbabb934f6de8d7686d89a3e4c9bdf40ac4ee9436a4b82270bca24
2265,8277|130575,5222,87789,"Hamburg-Bergedorf, Germany","Dr. Remeis-Observatory, Bamberg, Germany",FINITE_GEOMETRY_ADMISSIBLE_WITNESS,GEOMETRY_ADMISSIBLE,1,1,0,1,83533c12505a80b9aae23f777a797612d9c0ce70821ee3c5f015bbbf2c160968
2266,8277|130576,5222,87790,"Hamburg-Bergedorf, Germany","Dr. Remeis-Observatory, Bamberg, Germany",FINITE_GEOMETRY_ADMISSIBLE_WITNESS,GEOMETRY_ADMISSIBLE,1,1,0,1,af87ce175135ee3fda08f71b9603c84c0243c1601308f320078585074bc32cb3
2268,8286|130578,5229,87792,"Hamburg-Bergedorf, Germany","Dr. Remeis-Observatory, Bamberg, Germany",FINITE_GEOMETRY_ADMISSIBLE_WITNESS,GEOMETRY_ADMISSIBLE,1,1,0,1,25f775e17fc8d586403d59d13cc2923ea01c6d9a1c8b8a54ab9e66aa02040e54
2269,8287|130580,5230,87794,"Hamburg-Bergedorf, Germany","Dr. Remeis-Observatory, Bamberg, Germany",FINITE_GEOMETRY_ADMISSIBLE_WITNESS,GEOMETRY_ADMISSIBLE,1,1,0,1,24985980806bc24d8aaf17432c5b62e20a5dd098c861097848b5bb5594b0f152
2270,8287|130581,5230,87795,"Hamburg-Bergedorf, Germany","Dr. Remeis-Observatory, Bamberg, Germany",FINITE_GEOMETRY_ADMISSIBLE_WITNESS,GEOMETRY_ADMISSIBLE,1,1,0,1,18764bb8342c31e74da98794005c2aaf3532e3b8b7a7b8a3301bc5133dcf88f5
2271,8287|130582,5230,87796,"Hamburg-Bergedorf, Germany","Dr. Remeis-Observatory, Bamberg, Germany",FINITE_GEOMETRY_ADMISSIBLE_WITNESS,GEOMETRY_ADMISSIBLE,1,1,0,1,8f276e0d61b0697782b7e6fc8fcadc2bb4079c52513340fb0749760e6c71a7cd
2272,8293|130598,5236,87812,"Hamburg-Bergedorf, Germany","Dr. Remeis-Observatory, Bamberg, Germany",FINITE_GEOMETRY_ADMISSIBLE_WITNESS,GEOMETRY_ADMISSIBLE,1,1,0,2,da408c1139aa979f25b94b2a1535cec8cd907d5a12c1a418e66769aeec4aeb2c
2273,8295|130598,5238,87812,"Hamburg-Bergedorf, Germany","Dr. Remeis-Observatory, Bamberg, Germany",FINITE_GEOMETRY_ADMISSIBLE_WITNESS,GEOMETRY_ADMISSIBLE,1,1,0,2,f655dd0b51334aaeeb6eb6f8503b24d748e15a5a50925a3efc068ca8ef9307c8
2275,8301|130603,5244,87817,"Hamburg-Bergedorf, Germany","Dr. Remeis-Observatory, Bamberg, Germany",FINITE_GEOMETRY_ADMISSIBLE_WITNESS,GEOMETRY_ADMISSIBLE,1,1,0,1,fc25f58663eab2bb6ccacfcc2c9dd81fa40946b6250cc255336bac488cdbef11
2277,8304|130604,5247,87818,"Hamburg-Bergedorf, Germany","Dr. Remeis-Observatory, Bamberg, Germany",FINITE_GEOMETRY_ADMISSIBLE_WITNESS,GEOMETRY_ADMISSIBLE,1,1,0,1,5add30b8e86612a437ca46401f8b5d7a6580026fe19a544bfedade49d3080b1b
2278,8305|130604,5247,87818,"Hamburg-Bergedorf, Germany","Dr. Remeis-Observatory, Bamberg, Germany",FINITE_GEOMETRY_ADMISSIBLE_WITNESS,GEOMETRY_ADMISSIBLE,1,1,0,2,f73babcbd58ab76ecd5726ae066b14ccacce7452c8010a9ce9895602f17236a6
2279,8306|130604,5247,87818,"Hamburg-Bergedorf, Germany","Dr. Remeis-Observatory, Bamberg, Germany",FINITE_GEOMETRY_ADMISSIBLE_WITNESS,GEOMETRY_ADMISSIBLE,1,1,0,1,365eb5117294fb64463ebf5a066e0f2d80fd1c1728682d2eae8fa17b72c5d0ac
2280,8307|130604,5247,87818,"Hamburg-Bergedorf, Germany","Dr. Remeis-Observatory, Bamberg, Germany",FINITE_GEOMETRY_ADMISSIBLE_WITNESS,GEOMETRY_ADMISSIBLE,1,1,0,1,e1af13fd7c45a6b5bbb6542907e1ab63d2cdc76483803598ec23b2a24b4cebc9
2281,8308|130606,5248,87820,"Hamburg-Bergedorf, Germany","Dr. Remeis-Observatory, Bamberg, Germany",FINITE_GEOMETRY_ADMISSIBLE_WITNESS,GEOMETRY_ADMISSIBLE,1,1,0,1,d10d2bcd38c7402ee88562c7619d74d12e38a798a2e19b6ca1e8ab74f9830ddc
2285,8336|130623,5265,87837,"Hamburg-Bergedorf, Germany","Dr. Remeis-Observatory, Bamberg, Germany",FINITE_GEOMETRY_ADMISSIBLE_WITNESS,GEOMETRY_ADMISSIBLE,1,1,0,3,6efed85a9b308dd66b9e5ed58d9a7807f677cc762fe9a06971b4f2753a51a638
2286,8337|130625,5266,87839,"Hamburg-Bergedorf, Germany","Dr. Remeis-Observatory, Bamberg, Germany",FINITE_GEOMETRY_ADMISSIBLE_WITNESS,GEOMETRY_ADMISSIBLE,1,1,0,1,807d6de63deb5927833d9197682caa37f0260006d1213596948755c150993484
2287,8337|130626,5266,87840,"Hamburg-Bergedorf, Germany","Dr. Remeis-Observatory, Bamberg, Germany",FINITE_GEOMETRY_ADMISSIBLE_WITNESS,GEOMETRY_ADMISSIBLE,1,1,0,2,b3ab227331d2944a78b7839f21d052c195a42aae69cfddac8a2ea06a26117f19
2289,8343|130629,5272,87843,"Hamburg-Bergedorf, Germany","Dr. Remeis-Observatory, Bamberg, Germany",FINITE_GEOMETRY_ADMISSIBLE_WITNESS,GEOMETRY_ADMISSIBLE,1,1,0,2,d24ddc74c4e9662ca5e88ecd38d6c6b603f976162fb9e99760de89929124d83d
2290,8343|130630,5272,87844,"Hamburg-Bergedorf, Germany","Dr. Remeis-Observatory, Bamberg, Germany",FINITE_GEOMETRY_ADMISSIBLE_WITNESS,GEOMETRY_ADMISSIBLE,1,1,0,1,5ea3a2c3fe2bbaa18f35963dc88cf3cda95b0cc0545a5bdeb87824cab541c9c0
2291,8344|130632,5273,87846,"Hamburg-Bergedorf, Germany","Dr. Remeis-Observatory, Bamberg, Germany",FINITE_GEOMETRY_ADMISSIBLE_WITNESS,GEOMETRY_ADMISSIBLE,1,1,0,2,f615ae0bf843492562b7a2468d60ea78fcf40b5b02368d50e8687ecdc3bce246
2292,8344|130633,5273,87847,"Hamburg-Bergedorf, Germany","Dr. Remeis-Observatory, Bamberg, Germany",FINITE_GEOMETRY_ADMISSIBLE_WITNESS,GEOMETRY_ADMISSIBLE,1,1,0,1,d14c2eb5e9d1e646f0fa002c4d02291c1a1cd12ca5a6657367a381ba5b9eac32
2293,8344|130634,5273,87848,"Hamburg-Bergedorf, Germany","Dr. Remeis-Observatory, Bamberg, Germany",FINITE_GEOMETRY_ADMISSIBLE_WITNESS,GEOMETRY_ADMISSIBLE,1,1,0,1,3fb032a3fec99e67756425592771d34b7f4141bf5d06003d0bf4368ccb926a0f
2294,8347|130636,5276,87850,"Hamburg-Bergedorf, Germany","Dr. Remeis-Observatory, Bamberg, Germany",FINITE_GEOMETRY_ADMISSIBLE_WITNESS,GEOMETRY_ADMISSIBLE,1,1,0,1,33e635351d35743f0dc161ce9a3efba922cf3c7d70840d3bf787d6ffbafff928
2299,8350|130644,5277,87858,"Hamburg-Bergedorf, Germany","Dr. Remeis-Observatory, Bamberg, Germany",FINITE_GEOMETRY_ADMISSIBLE_WITNESS,GEOMETRY_ADMISSIBLE,1,1,0,2,a64c29234b4cd5ac820f39f6a95a477e2754672ed34bd7edab8184deaf99e552
2300,8350|130651,5277,87865,"Hamburg-Bergedorf, Germany","Dr. Remeis-Observatory, Bamberg, Germany",FINITE_GEOMETRY_ADMISSIBLE_WITNESS,GEOMETRY_ADMISSIBLE,1,1,0,2,a7b0ce9cbb0abe028caa093641ceef42800bac1590b7962d7b5bacbe5d0817be
2301,8351|130644,5277,87858,"Hamburg-Bergedorf, Germany","Dr. Remeis-Observatory, Bamberg, Germany",FINITE_GEOMETRY_ADMISSIBLE_WITNESS,GEOMETRY_ADMISSIBLE,1,1,0,1,65ccee74334edfc47412833fb790106d1cc056e41a2a928b57aa0dd701ab3ab5
2302,8351|130651,5277,87865,"Hamburg-Bergedorf, Germany","Dr. Remeis-Observatory, Bamberg, Germany",FINITE_GEOMETRY_ADMISSIBLE_WITNESS,GEOMETRY_ADMISSIBLE,1,1,0,1,29b9c469ae278abf572ce1b0bab47a3b068a39dcad269754a6d3716c45acc2b7
2303,8352|130644,5277,87858,"Hamburg-Bergedorf, Germany","Dr. Remeis-Observatory, Bamberg, Germany",FINITE_GEOMETRY_ADMISSIBLE_WITNESS,GEOMETRY_ADMISSIBLE,1,1,0,1,cc916b9797ea9415980fd83f96ea43bf7193d13f619d3175874689d8573365ce
2304,8352|130651,5277,87865,"Hamburg-Bergedorf, Germany","Dr. Remeis-Observatory, Bamberg, Germany",FINITE_GEOMETRY_ADMISSIBLE_WITNESS,GEOMETRY_ADMISSIBLE,1,1,0,2,b651f9087a24438468da8d253597f6735149271ca55f05cb440dfa1cc0d536d9
2305,8353|130644,5277,87858,"Hamburg-Bergedorf, Germany","Dr. Remeis-Observatory, Bamberg, Germany",FINITE_GEOMETRY_ADMISSIBLE_WITNESS,GEOMETRY_ADMISSIBLE,1,1,0,2,20b537f537f83ffc146b58a3edaebefe3fb94448762a4a1037da96a7dd03ab64
2306,8353|130651,5277,87865,"Hamburg-Bergedorf, Germany","Dr. Remeis-Observatory, Bamberg, Germany",FINITE_GEOMETRY_ADMISSIBLE_WITNESS,GEOMETRY_ADMISSIBLE,1,1,0,1,0fe028ca6d48fff12ab8640b830d00805cdc59d1975ae132ace17281609fb2c3
2307,8354|130644,5277,87858,"Hamburg-Bergedorf, Germany","Dr. Remeis-Observatory, Bamberg, Germany",FINITE_GEOMETRY_ADMISSIBLE_WITNESS,GEOMETRY_ADMISSIBLE,1,1,0,1,36eff19483cb2e05043c51a01981a54b8b3eea6f0ef11cb6146c77f56dc1001b
2308,8354|130651,5277,87865,"Hamburg-Bergedorf, Germany","Dr. Remeis-Observatory, Bamberg, Germany",FINITE_GEOMETRY_ADMISSIBLE_WITNESS,GEOMETRY_ADMISSIBLE,1,1,0,1,92fff4b0633e48c22093092f7b57b62ec8443721bb91b0e3f7d238ad0a23cacf
2309,8355|130644,5277,87858,"Hamburg-Bergedorf, Germany","Dr. Remeis-Observatory, Bamberg, Germany",FINITE_GEOMETRY_ADMISSIBLE_WITNESS,GEOMETRY_ADMISSIBLE,1,1,0,2,d7cece4339ca77ab63ad9f837363dbd80cc504a39c02f37c4f59b91316d6d280
2310,8355|130651,5277,87865,"Hamburg-Bergedorf, Germany","Dr. Remeis-Observatory, Bamberg, Germany",FINITE_GEOMETRY_ADMISSIBLE_WITNESS,GEOMETRY_ADMISSIBLE,1,1,0,2,35ceabdd23de83abba3c9aa5736df002ff683dbee29f7daaae9f45cc03bcc63e
2316,8442|130721,5318,87935,"Hamburg-Bergedorf, Germany","Dr. Remeis-Observatory, Bamberg, Germany",FINITE_GEOMETRY_ADMISSIBLE_WITNESS,GEOMETRY_ADMISSIBLE,1,1,0,1,69bc57fde4c8aac7de245ed755a99b9a200be5747b26e4863137759761e7e2df
2317,8442|130722,5318,87936,"Hamburg-Bergedorf, Germany","Dr. Remeis-Observatory, Bamberg, Germany",FINITE_GEOMETRY_ADMISSIBLE_WITNESS,GEOMETRY_ADMISSIBLE,1,1,0,1,b00e266471f3aad00173c9d498aebf16a916c4ea4f1f69ab28553f1878c3071e
2319,8443|130723,5319,87937,"Hamburg-Bergedorf, Germany","Dr. Remeis-Observatory, Bamberg, Germany",FINITE_GEOMETRY_ADMISSIBLE_WITNESS,GEOMETRY_ADMISSIBLE,1,1,0,1,cfbf0207fb0ebba71d3786f7eed0dbed2da0921416acd3ad84fdb929187bc336
2320,8443|130724,5319,87938,"Hamburg-Bergedorf, Germany","Dr. Remeis-Observatory, Bamberg, Germany",FINITE_GEOMETRY_ADMISSIBLE_WITNESS,GEOMETRY_ADMISSIBLE,1,1,0,1,1387bb6c618f55f8a5eded6fc6242d2677b5e6e8a2e1b8e65d9ea2f8f4a13089
2323,8456|130778,5332,87987,"Hamburg-Bergedorf, Germany","Dr. Remeis-Observatory, Bamberg, Germany",FINITE_GEOMETRY_ADMISSIBLE_WITNESS,GEOMETRY_ADMISSIBLE,1,1,0,1,8105d33921610739ec0b4f97743ab8c7ed33b9c70979063e59429da5b575e5e4
2324,8456|130780,5332,87989,"Hamburg-Bergedorf, Germany","Dr. Remeis-Observatory, Bamberg, Germany",FINITE_GEOMETRY_ADMISSIBLE_WITNESS,GEOMETRY_ADMISSIBLE,1,1,0,2,1654804de0fb88d152d4c914bced3d6dc0b72294d4ad4887e349ec6c6580ee4b
2328,8463|130860,5339,88035,"Hamburg-Bergedorf, Germany","Dr. Remeis-Observatory, Bamberg, Germany",FINITE_GEOMETRY_ADMISSIBLE_WITNESS,GEOMETRY_ADMISSIBLE,1,1,0,1,a7df3c70b9ff773c7ee7a516c7051bae97645b991d866b74b73f3ceae0a4f687
2329,8464|130860,5340,88035,"Hamburg-Bergedorf, Germany","Dr. Remeis-Observatory, Bamberg, Germany",FINITE_GEOMETRY_ADMISSIBLE_WITNESS,GEOMETRY_ADMISSIBLE,1,1,0,1,053c801e286940e9551570571c7510e75af1fb677b26c96dd806a6b2f1917a4d
2330,8465|130862,5341,88037,"Hamburg-Bergedorf, Germany","Dr. Remeis-Observatory, Bamberg, Germany",FINITE_GEOMETRY_ADMISSIBLE_WITNESS,GEOMETRY_ADMISSIBLE,1,1,0,1,1349d4ffff3783e5ed21fffc4ffe495d37c3e19c739747e3d98b6fd01ab8f6de
2337,10172|131052,6371,88189,"Hamburg-Bergedorf, Germany","Dr. Remeis-Observatory, Bamberg, Germany",FINITE_GEOMETRY_ADMISSIBLE_WITNESS,GEOMETRY_ADMISSIBLE,2,2,0,2,e78c33f8f7d318dd7db54e94cfe201a621d978c56eeb440f086394205390150f
2341,10665|131192,6603,88289,"Hamburg-Bergedorf, Germany","Dr. Remeis-Observatory, Bamberg, Germany",FINITE_GEOMETRY_ADMISSIBLE_WITNESS,GEOMETRY_ADMISSIBLE,1,1,0,1,c84fddd96c3439eb48c2022ffad362b3c1b7407f7579958b522a7c2c6d83937c
2343,10666|131192,6603,88289,"Hamburg-Bergedorf, Germany","Dr. Remeis-Observatory, Bamberg, Germany",FINITE_GEOMETRY_ADMISSIBLE_WITNESS,GEOMETRY_ADMISSIBLE,1,1,0,2,fdee27744b169cd9521c8717520ccc49184e36761838506c555bfa3adb664390
2345,10667|131192,6603,88289,"Hamburg-Bergedorf, Germany","Dr. Remeis-Observatory, Bamberg, Germany",FINITE_GEOMETRY_ADMISSIBLE_WITNESS,GEOMETRY_ADMISSIBLE,1,1,0,1,b63c7c0c60a26fed3f1c77e1a2a6cbd70308bb21320ee183e3b53818116dbd6b
2347,10668|131192,6603,88289,"Hamburg-Bergedorf, Germany","Dr. Remeis-Observatory, Bamberg, Germany",FINITE_GEOMETRY_ADMISSIBLE_WITNESS,GEOMETRY_ADMISSIBLE,1,1,0,1,23a67bef7601d19d53f6ff193954af61d7b2e6475b91df92a8d3169dff841203
2349,10669|131192,6603,88289,"Hamburg-Bergedorf, Germany","Dr. Remeis-Observatory, Bamberg, Germany",FINITE_GEOMETRY_ADMISSIBLE_WITNESS,GEOMETRY_ADMISSIBLE,1,1,0,2,ddae983192f1fc73f0e24e4cef7e0ce2444da66d74089cc43eb279981b2fd403
2351,10670|131192,6603,88289,"Hamburg-Bergedorf, Germany","Dr. Remeis-Observatory, Bamberg, Germany",FINITE_GEOMETRY_ADMISSIBLE_WITNESS,GEOMETRY_ADMISSIBLE,1,1,0,1,698be0d5647bbb0ee4393fa00dccc7ed169aeb99fa54d553a2ede698ac5cd52c
2353,10671|131192,6603,88289,"Hamburg-Bergedorf, Germany","Dr. Remeis-Observatory, Bamberg, Germany",FINITE_GEOMETRY_ADMISSIBLE_WITNESS,GEOMETRY_ADMISSIBLE,1,1,0,2,3058f2a0f70e4cb64ce8fbf6f60dbd6bdfd197ce2224cc1e9e784f25bf8cfd11
2355,10672|131192,6604,88289,"Hamburg-Bergedorf, Germany","Dr. Remeis-Observatory, Bamberg, Germany",FINITE_GEOMETRY_ADMISSIBLE_WITNESS,GEOMETRY_ADMISSIBLE,1,1,0,1,dc47367cbfc1bcb54d80e4bbccb7c06f113b954d9c186a003db432ef5923cad4
2357,10673|131192,6604,88289,"Hamburg-Bergedorf, Germany","Dr. Remeis-Observatory, Bamberg, Germany",FINITE_GEOMETRY_ADMISSIBLE_WITNESS,GEOMETRY_ADMISSIBLE,1,1,0,1,4c7eeb9d547faf43302da30da80672bdc8b34f574a7567628870ce8c76b7f9ea
2359,10674|131192,6604,88289,"Hamburg-Bergedorf, Germany","Dr. Remeis-Observatory, Bamberg, Germany",FINITE_GEOMETRY_ADMISSIBLE_WITNESS,GEOMETRY_ADMISSIBLE,1,1,0,1,7501d9c495c6cbd6338652a65b14454e78c656ef7eca2a0bc987a9f998b8fbfb
2361,10675|131192,6604,88289,"Hamburg-Bergedorf, Germany","Dr. Remeis-Observatory, Bamberg, Germany",FINITE_GEOMETRY_ADMISSIBLE_WITNESS,GEOMETRY_ADMISSIBLE,1,1,0,1,f94105449cc194566883b2c4668b11ac308ee691a32d4a0f78d10a07c22c1d88
2363,10676|131192,6604,88289,"Hamburg-Bergedorf, Germany","Dr. Remeis-Observatory, Bamberg, Germany",FINITE_GEOMETRY_ADMISSIBLE_WITNESS,GEOMETRY_ADMISSIBLE,1,1,0,1,62baa8328ed8f9415f3819f567c6565ec0c8abbcf4adf63f49c7037affda3a7d
2396,11147|131342,6724,88424,"Hamburg-Bergedorf, Germany","Dr. Remeis-Observatory, Bamberg, Germany",FINITE_GEOMETRY_ADMISSIBLE_WITNESS,GEOMETRY_ADMISSIBLE,1,1,0,1,835e40d85e822600fb243351a11d38810f38531234788a43642a2d729eb759a0
2397,11149|131343,6726,88425,"Hamburg-Bergedorf, Germany","Dr. Remeis-Observatory, Bamberg, Germany",FINITE_GEOMETRY_ADMISSIBLE_WITNESS,GEOMETRY_ADMISSIBLE,1,1,0,1,db0818d91007bf930710884dfe96f59a348815a4681f3687807877f3275bf8c3
2398,11262|131381,6755,88463,"Hamburg-Bergedorf, Germany","Dr. Remeis-Observatory, Bamberg, Germany",FINITE_GEOMETRY_ADMISSIBLE_WITNESS,GEOMETRY_ADMISSIBLE,2,2,0,2,d135a28d8fd6e96747624eec16b838516a10774508d16952ccfc10db8216f7c6
2399,11263|131382,6756,88464,"Hamburg-Bergedorf, Germany","Dr. Remeis-Observatory, Bamberg, Germany",FINITE_GEOMETRY_ADMISSIBLE_WITNESS,GEOMETRY_ADMISSIBLE,1,1,0,2,f82a98e6e6e8cf8504f0b7cf4a4ae69035e06be901d85f7ad85d8b3df317e310
2401,11331|131404,6783,88483,"Hamburg-Bergedorf, Germany","Dr. Remeis-Observatory, Bamberg, Germany",FINITE_GEOMETRY_ADMISSIBLE_WITNESS,GEOMETRY_ADMISSIBLE,1,1,0,3,45704518074ed6a2a8d05045e8afc7a3da24c7efc6240bfda784783d663ca7b0
2402,11332|131404,6783,88483,"Hamburg-Bergedorf, Germany","Dr. Remeis-Observatory, Bamberg, Germany",FINITE_GEOMETRY_ADMISSIBLE_WITNESS,GEOMETRY_ADMISSIBLE,1,1,0,1,d4127fc9b7b8f085d43d97fc9ee43697fe27fff35c8f0e7f118eab0c6fc2d3ca
2416,11351|131426,6786,88504,"Hamburg-Bergedorf, Germany","Dr. Remeis-Observatory, Bamberg, Germany",FINITE_GEOMETRY_ADMISSIBLE_WITNESS,GEOMETRY_ADMISSIBLE,1,1,0,1,aa0a233f08af1fadf3819143c2b35e89ac60d16fe01f3b4e6d35964202087951
2417,11352|131426,6786,88504,"Hamburg-Bergedorf, Germany","Dr. Remeis-Observatory, Bamberg, Germany",FINITE_GEOMETRY_ADMISSIBLE_WITNESS,GEOMETRY_ADMISSIBLE,1,1,0,1,9c370ef85c2c73e5580f59ee5903dc537c3492d3f19fc9486e48bbccc48d002b
2418,11353|131426,6786,88504,"Hamburg-Bergedorf, Germany","Dr. Remeis-Observatory, Bamberg, Germany",FINITE_GEOMETRY_ADMISSIBLE_WITNESS,GEOMETRY_ADMISSIBLE,1,1,0,1,50b55806d56c585429c24bbfdec48a0aa8e33d5abb5fd1392333676a4aada884
2419,11354|131426,6786,88504,"Hamburg-Bergedorf, Germany","Dr. Remeis-Observatory, Bamberg, Germany",FINITE_GEOMETRY_ADMISSIBLE_WITNESS,GEOMETRY_ADMISSIBLE,1,1,0,1,d2f3515c9924999f043c00e81a6adc90f309d4a1cb36368aa0cbcd4b58c10d46
2476,11461|131432,6806,88509,"Hamburg-Bergedorf, Germany","Dr. Remeis-Observatory, Bamberg, Germany",FINITE_GEOMETRY_ADMISSIBLE_WITNESS,GEOMETRY_ADMISSIBLE,1,1,0,1,d160b45e3ed2ed601d51416f478048e973bc3289ccf686a4acde56d0ec2c148f
2478,11462|131432,6807,88509,"Hamburg-Bergedorf, Germany","Dr. Remeis-Observatory, Bamberg, Germany",FINITE_GEOMETRY_ADMISSIBLE_WITNESS,GEOMETRY_ADMISSIBLE,1,1,0,1,968789a926bb1f95b720d0ee618a58b96cc5976d67c55609f73c06921ccd06ac
2482,11817|131515,6896,88583,"Hamburg-Bergedorf, Germany","Dr. Remeis-Observatory, Bamberg, Germany",FINITE_GEOMETRY_ADMISSIBLE_WITNESS,GEOMETRY_ADMISSIBLE,1,1,0,1,c636bbe8904296a4ae3e0c91a957e8b23d4643f7c59e47dbb6f3b63bcd9406dc
2483,11818|131515,6897,88583,"Hamburg-Bergedorf, Germany","Dr. Remeis-Observatory, Bamberg, Germany",FINITE_GEOMETRY_ADMISSIBLE_WITNESS,GEOMETRY_ADMISSIBLE,1,1,0,1,60dff83230a1a32ca19319e05b0b0854e254f4ea96ab31feed3e583340c54b6a
2488,11839|131533,6912,88601,"Hamburg-Bergedorf, Germany","Dr. Remeis-Observatory, Bamberg, Germany",FINITE_GEOMETRY_ADMISSIBLE_WITNESS,GEOMETRY_ADMISSIBLE,1,1,0,1,8072d67c943010a7c7a3c10c137f151a996afdda26172773ecf0dfa85f59565a
2524,12295|131648,6996,88692,"Hamburg-Bergedorf, Germany","Dr. Remeis-Observatory, Bamberg, Germany",FINITE_GEOMETRY_ADMISSIBLE_WITNESS,GEOMETRY_ADMISSIBLE,1,1,0,1,5dba3b0ef685f63b2a32ad4edf82ae4e3b518cbf6baccae3ffbcc44b335f958f
2525,12296|131648,6996,88692,"Hamburg-Bergedorf, Germany","Dr. Remeis-Observatory, Bamberg, Germany",FINITE_GEOMETRY_ADMISSIBLE_WITNESS,GEOMETRY_ADMISSIBLE,1,1,0,1,dd6abcc4791b06e37a71aff29d0a000d5b6f4f92a17179747aa9b20d094fe728
2526,12373|131658,7010,88702,"Hamburg-Bergedorf, Germany","Dr. Remeis-Observatory, Bamberg, Germany",FINITE_GEOMETRY_ADMISSIBLE_WITNESS,GEOMETRY_ADMISSIBLE,1,1,0,1,165737a06624c7fb87bae3c22815629f0ab20c682775a60bd75cb7927686bbb4
2527,12374|131658,7010,88702,"Hamburg-Bergedorf, Germany","Dr. Remeis-Observatory, Bamberg, Germany",FINITE_GEOMETRY_ADMISSIBLE_WITNESS,GEOMETRY_ADMISSIBLE,1,1,0,1,fb2624b2e22b70e44e3364ccc96435e5924f16697a7dcfab971d6025b78a3da7
2528,12375|131658,7010,88702,"Hamburg-Bergedorf, Germany","Dr. Remeis-Observatory, Bamberg, Germany",FINITE_GEOMETRY_ADMISSIBLE_WITNESS,GEOMETRY_ADMISSIBLE,1,1,0,1,22efe5743ca79be7294a063c86accb7a54898744c7674c71110401edd28eaf44
2529,12376|131658,7010,88702,"Hamburg-Bergedorf, Germany","Dr. Remeis-Observatory, Bamberg, Germany",FINITE_GEOMETRY_ADMISSIBLE_WITNESS,GEOMETRY_ADMISSIBLE,1,1,0,1,9c65bdf1862e36ffa18b4ddc0dcc464b7cb87bb23bc489c4b98d688c192c43f5
2530,12377|131658,7010,88702,"Hamburg-Bergedorf, Germany","Dr. Remeis-Observatory, Bamberg, Germany",FINITE_GEOMETRY_ADMISSIBLE_WITNESS,GEOMETRY_ADMISSIBLE,1,1,0,1,83cb141c211ef51c5f2e511194f049d226e8db6ad68dae38a99d59eb51e11d3e
2531,12378|131659,7010,88703,"Hamburg-Bergedorf, Germany","Dr. Remeis-Observatory, Bamberg, Germany",FINITE_GEOMETRY_ADMISSIBLE_WITNESS,GEOMETRY_ADMISSIBLE,1,1,0,1,c5b6eafc34503982a09fb94710fb38070f20a99631c3e542b028fc3c8dea9cf8
2532,12379|131659,7011,88703,"Hamburg-Bergedorf, Germany","Dr. Remeis-Observatory, Bamberg, Germany",FINITE_GEOMETRY_ADMISSIBLE_WITNESS,GEOMETRY_ADMISSIBLE,1,1,0,1,78e53b83d4fdf1ea15b92e4b11c74c0879a12fead8524baf029e84ab64c95e1a
2550,12404|131662,7016,88706,"Hamburg-Bergedorf, Germany","Dr. Remeis-Observatory, Bamberg, Germany",FINITE_GEOMETRY_ADMISSIBLE_WITNESS,GEOMETRY_ADMISSIBLE,1,1,0,1,9303f888f196b019e97a308c8a8825e6fd3111a0452f2b3d3239886785dbfcbb
2551,12405|131662,7016,88706,"Hamburg-Bergedorf, Germany","Dr. Remeis-Observatory, Bamberg, Germany",FINITE_GEOMETRY_ADMISSIBLE_WITNESS,GEOMETRY_ADMISSIBLE,1,1,0,1,0b323fb1ef3d658c5cecb95bd45ae7a88c8abd39bea7feb7b5bf8bc9a55a78c6
2552,12406|131662,7016,88706,"Hamburg-Bergedorf, Germany","Dr. Remeis-Observatory, Bamberg, Germany",FINITE_GEOMETRY_ADMISSIBLE_WITNESS,GEOMETRY_ADMISSIBLE,1,1,0,1,954d9fcfae1ae10b2b95deae4d8cc149ee152136e3fee5723ced52196b33d66c
2553,12407|131662,7016,88706,"Hamburg-Bergedorf, Germany","Dr. Remeis-Observatory, Bamberg, Germany",FINITE_GEOMETRY_ADMISSIBLE_WITNESS,GEOMETRY_ADMISSIBLE,1,1,0,1,5a491f2742bebf3ee8d66d649506bea947a9d4d57693cc0b6d71b62c5a006119
2554,12408|131662,7016,88706,"Hamburg-Bergedorf, Germany","Dr. Remeis-Observatory, Bamberg, Germany",FINITE_GEOMETRY_ADMISSIBLE_WITNESS,GEOMETRY_ADMISSIBLE,1,1,0,2,0e389128a1f7c9551e0183290ec87625da4e49b6117c1331fc70664e4808d1c9
2555,12562|139010,7050,95880,"Hamburg-Bergedorf, Germany","Castel Gandolfo, Italy",FINITE_GEOMETRY_ADMISSIBLE_WITNESS,GEOMETRY_ADMISSIBLE,1,1,0,2,46e99726d90c1a8b86505f0bcf7975be349633c6b4502bda0677f87379386ba9
2556,12563|139010,7050,95880,"Hamburg-Bergedorf, Germany","Castel Gandolfo, Italy",FINITE_GEOMETRY_ADMISSIBLE_WITNESS,GEOMETRY_ADMISSIBLE,1,1,0,1,4d85e987ea5739fdbcc1b26161d219d698c3eb337065a4f99d287dec39afc072
2557,12564|139011,7051,95881,"Hamburg-Bergedorf, Germany","Castel Gandolfo, Italy",FINITE_GEOMETRY_ADMISSIBLE_WITNESS,GEOMETRY_ADMISSIBLE,1,1,0,1,e2bbe89588418ffdbb71961c57bf7d2629092c2010e8cc40c167f2dd60b69684
2558,12565|139011,7051,95881,"Hamburg-Bergedorf, Germany","Castel Gandolfo, Italy",FINITE_GEOMETRY_ADMISSIBLE_WITNESS,GEOMETRY_ADMISSIBLE,1,1,0,1,4413b4302eb429793bd9dddf6dcd10e0ec4d73041f51bbbf877cd99fd6fe04ab
2559,12566|139011,7051,95881,"Hamburg-Bergedorf, Germany","Castel Gandolfo, Italy",FINITE_GEOMETRY_ADMISSIBLE_WITNESS,GEOMETRY_ADMISSIBLE,1,1,0,1,9818dcbf2f55f85d9d081694570193b3776af073047b23d8cac6dda55f171425
2560,12568|139012,7051,95882,"Hamburg-Bergedorf, Germany","Castel Gandolfo, Italy",FINITE_GEOMETRY_ADMISSIBLE_WITNESS,GEOMETRY_ADMISSIBLE,1,1,0,1,07ba65298bec74855d3874ef2051bdc39d1794a7ccd35869f1f4367f61371da8
2561,12569|139012,7051,95882,"Hamburg-Bergedorf, Germany","Castel Gandolfo, Italy",FINITE_GEOMETRY_ADMISSIBLE_WITNESS,GEOMETRY_ADMISSIBLE,1,1,0,1,f8810269c1f35972524f5c76a2f6a1234341c0abc6a33748b5542724791bccfc
2562,12570|139012,7052,95882,"Hamburg-Bergedorf, Germany","Castel Gandolfo, Italy",FINITE_GEOMETRY_ADMISSIBLE_WITNESS,GEOMETRY_ADMISSIBLE,1,1,0,1,4b6a13645b19bea5c70a9918efda2322cf34c806851f225468516e2dabb38023
2563,12622|131762,7061,88723,"Hamburg-Bergedorf, Germany","Dr. Remeis-Observatory, Bamberg, Germany",FINITE_GEOMETRY_ADMISSIBLE_WITNESS,GEOMETRY_ADMISSIBLE,1,1,0,1,330d2e3a83a24a46a6522fc156f522069204d877954677f51873ad3930e67d13
2564,12623|131762,7061,88723,"Hamburg-Bergedorf, Germany","Dr. Remeis-Observatory, Bamberg, Germany",FINITE_GEOMETRY_ADMISSIBLE_WITNESS,GEOMETRY_ADMISSIBLE,1,1,0,2,9f36d1aeb96b54a5cfc222d6eaeeef4caca55deb94d0067d504951c8f2f0c387
2565,12624|131762,7061,88723,"Hamburg-Bergedorf, Germany","Dr. Remeis-Observatory, Bamberg, Germany",FINITE_GEOMETRY_ADMISSIBLE_WITNESS,GEOMETRY_ADMISSIBLE,1,1,0,1,f2538dcf003f55a4bc941194841ddcf942da8eb94a7be624e2aa985ea92ae259
2566,12625|131762,7061,88723,"Hamburg-Bergedorf, Germany","Dr. Remeis-Observatory, Bamberg, Germany",FINITE_GEOMETRY_ADMISSIBLE_WITNESS,GEOMETRY_ADMISSIBLE,1,1,0,2,0490d95e6f7900881c24e74b2dc3e5b5763c00879b73639bdbc464ecfd74bba5
2567,12626|131762,7061,88723,"Hamburg-Bergedorf, Germany","Dr. Remeis-Observatory, Bamberg, Germany",FINITE_GEOMETRY_ADMISSIBLE_WITNESS,GEOMETRY_ADMISSIBLE,1,1,0,1,6cee780cfa8dd358393a805d4a5ef90580a926a011da8885c17766e122835c4b
2568,12627|131762,7061,88723,"Hamburg-Bergedorf, Germany","Dr. Remeis-Observatory, Bamberg, Germany",FINITE_GEOMETRY_ADMISSIBLE_WITNESS,GEOMETRY_ADMISSIBLE,1,1,0,1,fb8ee00329b82618ce94eb0aa3187a65fdb663bd17d428d0612d89b7bead7e57
2569,12628|131762,7062,88723,"Hamburg-Bergedorf, Germany","Dr. Remeis-Observatory, Bamberg, Germany",FINITE_GEOMETRY_ADMISSIBLE_WITNESS,GEOMETRY_ADMISSIBLE,1,1,0,1,ceb06c734e215de7b3320b24cd4ecf0a8c2e9bbb0a0a2bc7179503e24eed654a
2570,12629|131762,7062,88723,"Hamburg-Bergedorf, Germany","Dr. Remeis-Observatory, Bamberg, Germany",FINITE_GEOMETRY_ADMISSIBLE_WITNESS,GEOMETRY_ADMISSIBLE,1,1,0,1,8f2645236f3a039020fcbb9aec15137e490dfbdd7afa31f45fcc270085a5ecee
2575,12757|131792,7085,88736,"Hamburg-Bergedorf, Germany","Dr. Remeis-Observatory, Bamberg, Germany",FINITE_GEOMETRY_ADMISSIBLE_WITNESS,GEOMETRY_ADMISSIBLE,1,1,0,1,8a386377bd53439423d25424d7cd2270509d0542ca9a1238692e4cb1de9e7bb3
2576,12757|131797,7085,88738,"Hamburg-Bergedorf, Germany","Dr. Remeis-Observatory, Bamberg, Germany",FINITE_GEOMETRY_ADMISSIBLE_WITNESS,GEOMETRY_ADMISSIBLE,1,1,0,1,c5416d39b1ab17b91e4500814ca4d5dda013029891f3efa11848834dc4154194
2577,12758|131797,7086,88738,"Hamburg-Bergedorf, Germany","Dr. Remeis-Observatory, Bamberg, Germany",FINITE_GEOMETRY_ADMISSIBLE_WITNESS,GEOMETRY_ADMISSIBLE,1,1,0,1,f80a1c130feb01e05987c2ea218eea7b0fed2f0e07aec7454bbf58bbf92a7906
2636,12852|131824,7107,88754,"Hamburg-Bergedorf, Germany","Dr. Remeis-Observatory, Bamberg, Germany",FINITE_GEOMETRY_ADMISSIBLE_WITNESS,GEOMETRY_ADMISSIBLE,1,1,0,1,379b4605b5ad156fe9916ced538c26e89acb213a35b416120056c9c64e5cc218
2637,12853|131824,7108,88754,"Hamburg-Bergedorf, Germany","Dr. Remeis-Observatory, Bamberg, Germany",FINITE_GEOMETRY_ADMISSIBLE_WITNESS,GEOMETRY_ADMISSIBLE,1,1,0,2,8f0867e0acf61e14e0b6f26549d39d802413a830b3049ecca5f2c6722515b6a2
2639,12855|131824,7110,88754,"Hamburg-Bergedorf, Germany","Dr. Remeis-Observatory, Bamberg, Germany",FINITE_GEOMETRY_ADMISSIBLE_WITNESS,GEOMETRY_ADMISSIBLE,1,1,0,1,f6bbd08a2384715bf48618e745e7a4cc570b1bbebbc3e7e65411a1bc2aa6f6fe
2647,12866|131832,7118,88762,"Hamburg-Bergedorf, Germany","Dr. Remeis-Observatory, Bamberg, Germany",FINITE_GEOMETRY_ADMISSIBLE_WITNESS,GEOMETRY_ADMISSIBLE,1,1,0,2,cee0e862b610c226031a97a16e048722a6a0fff517e81a19d6c59d8c72675e6c
2648,12867|131832,7118,88762,"Hamburg-Bergedorf, Germany","Dr. Remeis-Observatory, Bamberg, Germany",FINITE_GEOMETRY_ADMISSIBLE_WITNESS,GEOMETRY_ADMISSIBLE,1,1,0,1,e84e211b6b0a69c6430b292f979a0c8abec1ebf007ffba07a538ea5e4c40b1e9
2649,12868|131832,7118,88762,"Hamburg-Bergedorf, Germany","Dr. Remeis-Observatory, Bamberg, Germany",FINITE_GEOMETRY_ADMISSIBLE_WITNESS,GEOMETRY_ADMISSIBLE,1,1,0,1,fe466ec0532ec01e554ef38a4a8d637afe24ac3ed354aaed9d8ea254ede85250
2650,12869|131832,7119,88762,"Hamburg-Bergedorf, Germany","Dr. Remeis-Observatory, Bamberg, Germany",FINITE_GEOMETRY_ADMISSIBLE_WITNESS,GEOMETRY_ADMISSIBLE,1,1,0,1,6dfb1fdeff2004cd0d4888d8b1e89284aeff6ab96b3228f3a598ea6e55c286c3
2651,12870|131832,7119,88762,"Hamburg-Bergedorf, Germany","Dr. Remeis-Observatory, Bamberg, Germany",FINITE_GEOMETRY_ADMISSIBLE_WITNESS,GEOMETRY_ADMISSIBLE,1,1,0,3,349efa16d4b01685ddb8c52254282a537d7dcf085cd96e42a0ea9d022a2b89d3
2652,12871|131832,7119,88762,"Hamburg-Bergedorf, Germany","Dr. Remeis-Observatory, Bamberg, Germany",FINITE_GEOMETRY_ADMISSIBLE_WITNESS,GEOMETRY_ADMISSIBLE,1,1,0,2,703b91b99c21e98fafdd6b8f5f8f6d1d03bc5394d8bc4d53fe0264e255d04bef
2653,12872|131832,7119,88762,"Hamburg-Bergedorf, Germany","Dr. Remeis-Observatory, Bamberg, Germany",FINITE_GEOMETRY_ADMISSIBLE_WITNESS,GEOMETRY_ADMISSIBLE,1,1,0,2,80605b3210d702cf55c65f3c952154148ccbe6efcdfe1fb597533d0965c7f891
2654,12873|131832,7119,88762,"Hamburg-Bergedorf, Germany","Dr. Remeis-Observatory, Bamberg, Germany",FINITE_GEOMETRY_ADMISSIBLE_WITNESS,GEOMETRY_ADMISSIBLE,1,1,0,1,13e8d4ae45f90d7759600b1e7a77ed9541e867cd40b3bdc022f00d5da22b4959
2655,12874|131832,7119,88762,"Hamburg-Bergedorf, Germany","Dr. Remeis-Observatory, Bamberg, Germany",FINITE_GEOMETRY_ADMISSIBLE_WITNESS,GEOMETRY_ADMISSIBLE,1,1,0,1,3f9af07ea2e9ad2c052bd81fc1817d825e34feffa517f4820ac7cd078a2ca54c
2656,12875|131832,7120,88762,"Hamburg-Bergedorf, Germany","Dr. Remeis-Observatory, Bamberg, Germany",FINITE_GEOMETRY_ADMISSIBLE_WITNESS,GEOMETRY_ADMISSIBLE,1,1,0,1,ed91d3705cc0a2dc674f53a6fa5cbfec39a191528db776cdd8cdbf42766e96be
2657,12876|131832,7120,88762,"Hamburg-Bergedorf, Germany","Dr. Remeis-Observatory, Bamberg, Germany",FINITE_GEOMETRY_ADMISSIBLE_WITNESS,GEOMETRY_ADMISSIBLE,1,1,0,1,15ae4edd3fc03f761311fd60f528ad30fec92ad074864e4ab2ddc05ffe1ca2ea
2658,12877|131832,7120,88762,"Hamburg-Bergedorf, Germany","Dr. Remeis-Observatory, Bamberg, Germany",FINITE_GEOMETRY_ADMISSIBLE_WITNESS,GEOMETRY_ADMISSIBLE,1,1,0,2,dea3a62254c36dadad7ad68fbfe5bb5243028c280b84ed482f86bcbc73109c9f
2659,12878|131832,7120,88762,"Hamburg-Bergedorf, Germany","Dr. Remeis-Observatory, Bamberg, Germany",FINITE_GEOMETRY_ADMISSIBLE_WITNESS,GEOMETRY_ADMISSIBLE,1,1,0,2,66bfcb20d4263047f464a9e7fb6b1d1fe5c8ac8423e645de09ebe18c07aeaefc
2660,12879|131832,7120,88762,"Hamburg-Bergedorf, Germany","Dr. Remeis-Observatory, Bamberg, Germany",FINITE_GEOMETRY_ADMISSIBLE_WITNESS,GEOMETRY_ADMISSIBLE,1,1,0,1,f52144ce99412fd867f33da14040cbf8c7e35633d0a85e84902ebb56994aba2c
2661,12880|131832,7120,88762,"Hamburg-Bergedorf, Germany","Dr. Remeis-Observatory, Bamberg, Germany",FINITE_GEOMETRY_ADMISSIBLE_WITNESS,GEOMETRY_ADMISSIBLE,1,1,0,1,8ca93a0baa5c9cd43ca421d1ea39fce2c0660ca2eec462ac89bbc290a28deaf0
2662,12881|131832,7121,88762,"Hamburg-Bergedorf, Germany","Dr. Remeis-Observatory, Bamberg, Germany",FINITE_GEOMETRY_ADMISSIBLE_WITNESS,GEOMETRY_ADMISSIBLE,1,1,0,1,b4c1bcf9b15a99e3ab315633006a771c93ad23fd2a57413b5f36a1c0974a1d59
2663,12882|131832,7121,88762,"Hamburg-Bergedorf, Germany","Dr. Remeis-Observatory, Bamberg, Germany",FINITE_GEOMETRY_ADMISSIBLE_WITNESS,GEOMETRY_ADMISSIBLE,1,1,0,1,3d413e00d0accfb43497c19574a2d2bb186ba3f1b6d9a0653abaeb527550ef0c
2664,12883|131832,7121,88762,"Hamburg-Bergedorf, Germany","Dr. Remeis-Observatory, Bamberg, Germany",FINITE_GEOMETRY_ADMISSIBLE_WITNESS,GEOMETRY_ADMISSIBLE,1,1,0,2,506cbbe7ede7703d842b56143ae633962896772cee499b54e4b03659c8dce6f8
2665,12884|131832,7121,88762,"Hamburg-Bergedorf, Germany","Dr. Remeis-Observatory, Bamberg, Germany",FINITE_GEOMETRY_ADMISSIBLE_WITNESS,GEOMETRY_ADMISSIBLE,1,1,0,2,913cf9da0edf0828b90fd9d7140757859d3cf3e98171303e94ffa37ce3c84887
2790,13536|131899,7273,88826,"Hamburg-Bergedorf, Germany","Dr. Remeis-Observatory, Bamberg, Germany",FINITE_GEOMETRY_ADMISSIBLE_WITNESS,GEOMETRY_ADMISSIBLE,1,1,0,1,deaf105a568ef7a95bb57919138725aa977a0d513430cbb926c912da0b6a6b91
2796,13539|131902,7276,88829,"Hamburg-Bergedorf, Germany","Dr. Remeis-Observatory, Bamberg, Germany",FINITE_GEOMETRY_ADMISSIBLE_WITNESS,GEOMETRY_ADMISSIBLE,1,1,0,1,904f51f2aa22b3c772668cffc02c8123f5c20568d0c8af6173f372c29f706f92
2797,13539|131903,7276,88830,"Hamburg-Bergedorf, Germany","Dr. Remeis-Observatory, Bamberg, Germany",FINITE_GEOMETRY_ADMISSIBLE_WITNESS,GEOMETRY_ADMISSIBLE,1,1,0,1,bf2497e3e904eff7275f52e7b566c08ae21471ee5903c17af027200f1bb04883
2799,13540|131906,7277,88833,"Hamburg-Bergedorf, Germany","Dr. Remeis-Observatory, Bamberg, Germany",FINITE_GEOMETRY_ADMISSIBLE_WITNESS,GEOMETRY_ADMISSIBLE,1,1,0,1,6ed127e916200e88da4834ccf75a5e4b6b9fa71c100287e63983fcde03799a5b
2801,13541|131906,7278,88833,"Hamburg-Bergedorf, Germany","Dr. Remeis-Observatory, Bamberg, Germany",FINITE_GEOMETRY_ADMISSIBLE_WITNESS,GEOMETRY_ADMISSIBLE,1,1,0,2,78cf5b4ee42c7eb7046169f95612d869b13f73b903105c7d545f4a570d3f4821
2810,13567|131943,7304,88870,"Hamburg-Bergedorf, Germany","Dr. Remeis-Observatory, Bamberg, Germany",FINITE_GEOMETRY_ADMISSIBLE_WITNESS,GEOMETRY_ADMISSIBLE,1,1,0,2,87961011056471813ba67c0903371eee6aec614c2cecba92ddd2cc652df82e6b
2819,13569|131949,7306,88876,"Hamburg-Bergedorf, Germany","Dr. Remeis-Observatory, Bamberg, Germany",FINITE_GEOMETRY_ADMISSIBLE_WITNESS,GEOMETRY_ADMISSIBLE,1,1,0,1,9764b26bbc8e346d9ec56daf764038f04b669842d497f1f77e909c2ff6d5447b
2821,13578|131960,7315,88887,"Hamburg-Bergedorf, Germany","Dr. Remeis-Observatory, Bamberg, Germany",FINITE_GEOMETRY_ADMISSIBLE_WITNESS,GEOMETRY_ADMISSIBLE,1,1,0,1,10e5068832884a83fe6af86acfc5e6862d3996726a73ab4475ec1b9f5895ea5b
2830,13593|131981,7330,88908,"Hamburg-Bergedorf, Germany","Dr. Remeis-Observatory, Bamberg, Germany",FINITE_GEOMETRY_ADMISSIBLE_WITNESS,GEOMETRY_ADMISSIBLE,1,1,0,1,ad6a04c19fc38655cb00589661c6b53370637eb24a6e3d0abef75ac340fdea86
2832,13606|132023,7343,88950,"Hamburg-Bergedorf, Germany","Dr. Remeis-Observatory, Bamberg, Germany",FINITE_GEOMETRY_ADMISSIBLE_WITNESS,GEOMETRY_ADMISSIBLE,1,1,0,1,3530af872b23e8074b3054b0f809da01a5a272132489c67774ca8cfde567ae4f
2833,13606|132025,7343,88952,"Hamburg-Bergedorf, Germany","Dr. Remeis-Observatory, Bamberg, Germany",FINITE_GEOMETRY_ADMISSIBLE_WITNESS,GEOMETRY_ADMISSIBLE,1,1,0,1,718036bc48c52fbc3c830f2de3e50dfc1e17135cc57a22e183f1bbff04a74ec0
2837,13608|132025,7345,88952,"Hamburg-Bergedorf, Germany","Dr. Remeis-Observatory, Bamberg, Germany",FINITE_GEOMETRY_ADMISSIBLE_WITNESS,GEOMETRY_ADMISSIBLE,1,1,0,1,75c4ade7bf1b3bb4f66c1caecc42679dbaebd957b16dfc685d4c47c0a94a5baa
2839,13609|132025,7346,88952,"Hamburg-Bergedorf, Germany","Dr. Remeis-Observatory, Bamberg, Germany",FINITE_GEOMETRY_ADMISSIBLE_WITNESS,GEOMETRY_ADMISSIBLE,1,1,0,1,65ebe8376435cd94371b0950b5e9d0c49a4001f592db319f69b3e7c8058e5f66
2842,13611|132028,7348,88955,"Hamburg-Bergedorf, Germany","Dr. Remeis-Observatory, Bamberg, Germany",FINITE_GEOMETRY_ADMISSIBLE_WITNESS,GEOMETRY_ADMISSIBLE,1,1,0,2,177d3ee0d286e93168d29ae8b7077c20508e751fa547d2f58af76fccd5c70955
2845,13612|132028,7349,88955,"Hamburg-Bergedorf, Germany","Dr. Remeis-Observatory, Bamberg, Germany",FINITE_GEOMETRY_ADMISSIBLE_WITNESS,GEOMETRY_ADMISSIBLE,1,1,0,1,36ff262704d73eedfeef9d7f8a36a335e1014c15e33306d082ad01d11f6edd65
2848,13613|132028,7350,88955,"Hamburg-Bergedorf, Germany","Dr. Remeis-Observatory, Bamberg, Germany",FINITE_GEOMETRY_ADMISSIBLE_WITNESS,GEOMETRY_ADMISSIBLE,1,1,0,1,78957191a2cd3fc8ff5434bc0d260016556e0c5fc609d14c3fd696ec26aed33b
2849,13623|132058,7360,88985,"Hamburg-Bergedorf, Germany","Dr. Remeis-Observatory, Bamberg, Germany",FINITE_GEOMETRY_ADMISSIBLE_WITNESS,GEOMETRY_ADMISSIBLE,1,1,0,2,1bd9bf1ebf364932746c7c5c1aa9bc1b0f13f6bc6655dc78bb9b29f3c439828d
2850,13623|132059,7360,88986,"Hamburg-Bergedorf, Germany","Dr. Remeis-Observatory, Bamberg, Germany",FINITE_GEOMETRY_ADMISSIBLE_WITNESS,GEOMETRY_ADMISSIBLE,1,1,0,1,71f6b4d81644578cf3cde702f0699b37a32e1676fdd5800816734a8522793ca1
2851,13623|132060,7360,88987,"Hamburg-Bergedorf, Germany","Dr. Remeis-Observatory, Bamberg, Germany",FINITE_GEOMETRY_ADMISSIBLE_WITNESS,GEOMETRY_ADMISSIBLE,1,1,0,1,7c9cf92a7e55c698916f57fec517b10c3b0f0ab8f96f8a6552891067847933f8
2852,13623|139206,7360,96076,"Hamburg-Bergedorf, Germany","Castel Gandolfo, Italy",FINITE_GEOMETRY_ADMISSIBLE_WITNESS,GEOMETRY_ADMISSIBLE,1,1,0,2,74ed4988cd0fe37e2753b1cd7b5412b929a3d2419b320272fe152579ff6d216f
2853,13623|139207,7360,96077,"Hamburg-Bergedorf, Germany","Castel Gandolfo, Italy",FINITE_GEOMETRY_ADMISSIBLE_WITNESS,GEOMETRY_ADMISSIBLE,1,1,0,2,1289727a73dc02f9f59bc8952a5c62eb7fd1bd8d16ddf48afb91896a4836195b
2854,13624|132058,7361,88985,"Hamburg-Bergedorf, Germany","Dr. Remeis-Observatory, Bamberg, Germany",FINITE_GEOMETRY_ADMISSIBLE_WITNESS,GEOMETRY_ADMISSIBLE,1,1,0,1,866edc7703eada0b4589f3c507fc8c5df266199602fba10d973b1995f8144ef8
2855,13624|132059,7361,88986,"Hamburg-Bergedorf, Germany","Dr. Remeis-Observatory, Bamberg, Germany",FINITE_GEOMETRY_ADMISSIBLE_WITNESS,GEOMETRY_ADMISSIBLE,1,1,0,1,b8afd4bbcafb3b047175666391b93f8af540b68d54f30e60f8901e509f2889ad
2856,13624|132060,7361,88987,"Hamburg-Bergedorf, Germany","Dr. Remeis-Observatory, Bamberg, Germany",FINITE_GEOMETRY_ADMISSIBLE_WITNESS,GEOMETRY_ADMISSIBLE,1,1,0,1,d4322f3463588f09cdda81b3b8b525c0b4dd021143130068b41e2b917f33c055
2857,13624|139207,7361,96077,"Hamburg-Bergedorf, Germany","Castel Gandolfo, Italy",FINITE_GEOMETRY_ADMISSIBLE_WITNESS,GEOMETRY_ADMISSIBLE,1,1,0,1,85677d679958df1ad3661f5433bc46ba8623bd23aba2097c3676440b0a65c319
2889,13765|132228,7486,89155,"Hamburg-Bergedorf, Germany","Dr. Remeis-Observatory, Bamberg, Germany",FINITE_GEOMETRY_ADMISSIBLE_WITNESS,GEOMETRY_ADMISSIBLE,3,3,0,3,624129e0bba2b8fa6fb920e5028be5a3061355359b5c93a342cf6bceedd71cfa
2896,13765|132235,7486,89162,"Hamburg-Bergedorf, Germany","Dr. Remeis-Observatory, Bamberg, Germany",FINITE_GEOMETRY_ADMISSIBLE_WITNESS,GEOMETRY_ADMISSIBLE,2,2,0,3,273c07b6e7ec3ba272c17f5e4ef4192f0813dab73ff025d704198e4a774bec88
2897,13778|132245,7488,89172,"Hamburg-Bergedorf, Germany","Dr. Remeis-Observatory, Bamberg, Germany",FINITE_GEOMETRY_ADMISSIBLE_WITNESS,GEOMETRY_ADMISSIBLE,1,1,0,1,74b5670febde9df0b448dd6a1dacd5437aa6b13774f3a8c9439d6034c76ce7ab
2898,13779|132245,7488,89172,"Hamburg-Bergedorf, Germany","Dr. Remeis-Observatory, Bamberg, Germany",FINITE_GEOMETRY_ADMISSIBLE_WITNESS,GEOMETRY_ADMISSIBLE,1,1,0,1,f30d345f3d8e668073b1181b3028cf3df86acf95ae9ab6a76c847e043c081e86
2899,13780|132245,7488,89172,"Hamburg-Bergedorf, Germany","Dr. Remeis-Observatory, Bamberg, Germany",FINITE_GEOMETRY_ADMISSIBLE_WITNESS,GEOMETRY_ADMISSIBLE,1,1,0,1,7e0f001b569b272d629b969b48a217bf14f4e836cf3f2e13552e168f109b241c
2937,13875|139429,7535,96299,"Hamburg-Bergedorf, Germany","Castel Gandolfo, Italy",FINITE_GEOMETRY_ADMISSIBLE_WITNESS,GEOMETRY_ADMISSIBLE,1,1,0,1,db6f9cbd751194c7b601dbf3df67d8e0a0560c39abb50e5efa98196463d99077
2938,13875|139430,7535,96300,"Hamburg-Bergedorf, Germany","Castel Gandolfo, Italy",FINITE_GEOMETRY_ADMISSIBLE_WITNESS,GEOMETRY_ADMISSIBLE,1,1,0,1,49279b0d401fa6018e8663c4d9bc989f581ce0e04d1bc82f451f62125f6ff589
2940,13876|132444,7536,89370,"Hamburg-Bergedorf, Germany","Dr. Remeis-Observatory, Bamberg, Germany",FINITE_GEOMETRY_ADMISSIBLE_WITNESS,GEOMETRY_ADMISSIBLE,1,1,0,1,09c2d91b7bf912549f6453fbf843aa1e8f5fe68dc9fc04b637392ccdfadc4254
2941,13876|139430,7536,96300,"Hamburg-Bergedorf, Germany","Castel Gandolfo, Italy",FINITE_GEOMETRY_ADMISSIBLE_WITNESS,GEOMETRY_ADMISSIBLE,1,1,0,1,eff0190be9f47d8edd5fa51fd1edbaf0416833cd80282d1386083b74aad1bccb
2942,13876|139431,7536,96301,"Hamburg-Bergedorf, Germany","Castel Gandolfo, Italy",FINITE_GEOMETRY_ADMISSIBLE_WITNESS,GEOMETRY_ADMISSIBLE,1,1,0,1,915b0c76266072dee89a3e9805fb3bf01c5537d7a7bad49c7480fbd2044f1f1a
2944,13877|132444,7537,89370,"Hamburg-Bergedorf, Germany","Dr. Remeis-Observatory, Bamberg, Germany",FINITE_GEOMETRY_ADMISSIBLE_WITNESS,GEOMETRY_ADMISSIBLE,1,1,0,1,009acebeb19b3f0b3bde563e73eaa71e1a1b4cdf31ba1ca3ea87a88bf902fdf3
2945,13877|132445,7537,89371,"Hamburg-Bergedorf, Germany","Dr. Remeis-Observatory, Bamberg, Germany",FINITE_GEOMETRY_ADMISSIBLE_WITNESS,GEOMETRY_ADMISSIBLE,1,1,0,4,3767394833e363f74d29deaa4c7e9f620030577f6baf95064a34b23456c649b0
2946,13877|139431,7537,96301,"Hamburg-Bergedorf, Germany","Castel Gandolfo, Italy",FINITE_GEOMETRY_ADMISSIBLE_WITNESS,GEOMETRY_ADMISSIBLE,1,1,0,1,42fe7ac37d7825a24792843b5578140c4b254e5c00790eb44be1302b4617b1fb
2947,13877|139432,7537,96302,"Hamburg-Bergedorf, Germany","Castel Gandolfo, Italy",FINITE_GEOMETRY_ADMISSIBLE_WITNESS,GEOMETRY_ADMISSIBLE,1,1,0,1,0b5d6fc347a5af44cacf29535a560c9c22e7330068b3d5d2873b34355f8e5cb3
2948,13878|132445,7538,89371,"Hamburg-Bergedorf, Germany","Dr. Remeis-Observatory, Bamberg, Germany",FINITE_GEOMETRY_ADMISSIBLE_WITNESS,GEOMETRY_ADMISSIBLE,1,1,0,3,0d546bd3b1cf05af77b241a245d16beb03fb1f69cc2c6d09c224c74df13b9159
2949,13878|139432,7538,96302,"Hamburg-Bergedorf, Germany","Castel Gandolfo, Italy",FINITE_GEOMETRY_ADMISSIBLE_WITNESS,GEOMETRY_ADMISSIBLE,1,1,0,1,14e4f3aa2ff901572f5641ab1c98067db51d1d9fe99c83c0fdc4d040bf993e75
2950,13878|139433,7538,96303,"Hamburg-Bergedorf, Germany","Castel Gandolfo, Italy",FINITE_GEOMETRY_ADMISSIBLE_WITNESS,GEOMETRY_ADMISSIBLE,1,1,0,1,48a19284ea0980ee212c79e1d2b3fae4601a604814d5aa93e63badd4fa248a89
2953,13879|139433,7539,96303,"Hamburg-Bergedorf, Germany","Castel Gandolfo, Italy",FINITE_GEOMETRY_ADMISSIBLE_WITNESS,GEOMETRY_ADMISSIBLE,1,1,0,1,6a13af8391d95b47b64a3bd4f50b0d543ca7272e7ed8b401e2f5baee3e78e843
2955,13880|132452,7540,89378,"Hamburg-Bergedorf, Germany","Dr. Remeis-Observatory, Bamberg, Germany",FINITE_GEOMETRY_ADMISSIBLE_WITNESS,GEOMETRY_ADMISSIBLE,1,1,0,1,aedd2488952052afcdfae0d1670325b7948fa7c75dca62ca9fd21c3737c6456c
2956,13880|139439,7540,96309,"Hamburg-Bergedorf, Germany","Castel Gandolfo, Italy",FINITE_GEOMETRY_ADMISSIBLE_WITNESS,GEOMETRY_ADMISSIBLE,1,1,0,2,9021a8292704eb75428ef0ed42e761bc44c348510031d42ec4a199cb248e6a18
2958,13881|132455,7541,89381,"Hamburg-Bergedorf, Germany","Dr. Remeis-Observatory, Bamberg, Germany",FINITE_GEOMETRY_ADMISSIBLE_WITNESS,GEOMETRY_ADMISSIBLE,1,1,0,1,bc1b2d0ddd5d29a25cf503fe8a63283b50b34f4542c67fd67da2ceaf833dbccf
2959,13882|132455,7542,89381,"Hamburg-Bergedorf, Germany","Dr. Remeis-Observatory, Bamberg, Germany",FINITE_GEOMETRY_ADMISSIBLE_WITNESS,GEOMETRY_ADMISSIBLE,1,1,0,2,d4dc40d6ac2bd49061ae767d78d3edadbd55ec9b530bc31f224a71d821dd30a9
2963,13883|132460,7543,89386,"Hamburg-Bergedorf, Germany","Dr. Remeis-Observatory, Bamberg, Germany",FINITE_GEOMETRY_ADMISSIBLE_WITNESS,GEOMETRY_ADMISSIBLE,1,1,0,1,b04265bea06ef85c4f0f58f05857ae5e195e0789ed1fdaa6ac6acf5c6aa95e01
2964,13883|139444,7543,96314,"Hamburg-Bergedorf, Germany","Castel Gandolfo, Italy",FINITE_GEOMETRY_ADMISSIBLE_WITNESS,GEOMETRY_ADMISSIBLE,1,1,0,1,7af0332fb06461845c989192702947a11b03506499c78e5471f8903937e19832
2965,13883|139445,7543,96315,"Hamburg-Bergedorf, Germany","Castel Gandolfo, Italy",FINITE_GEOMETRY_ADMISSIBLE_WITNESS,GEOMETRY_ADMISSIBLE,1,1,0,1,3cff114a481ced7638b0ec0d292d9a53d543fe939833ccfd9b73f222a67ca7c8
2966,13883|139446,7543,96316,"Hamburg-Bergedorf, Germany","Castel Gandolfo, Italy",FINITE_GEOMETRY_ADMISSIBLE_WITNESS,GEOMETRY_ADMISSIBLE,1,1,0,1,748c75f2e4b75a85481f7ab2cd2a39ef227836fd1f811e70e0687e8ea4564eba
2968,13884|132460,7544,89386,"Hamburg-Bergedorf, Germany","Dr. Remeis-Observatory, Bamberg, Germany",FINITE_GEOMETRY_ADMISSIBLE_WITNESS,GEOMETRY_ADMISSIBLE,1,1,0,1,17bb7cfe31ac5ffa074e953842f0000d6ad484820595baec327b27c7c44f0e4e
2969,13884|139446,7544,96316,"Hamburg-Bergedorf, Germany","Castel Gandolfo, Italy",FINITE_GEOMETRY_ADMISSIBLE_WITNESS,GEOMETRY_ADMISSIBLE,1,1,0,1,7d6dd4a905120ef6667e20b9c84635aa466ccaaaf8ba9eab3559fda48889f4fc
2970,13884|139447,7544,96317,"Hamburg-Bergedorf, Germany","Castel Gandolfo, Italy",FINITE_GEOMETRY_ADMISSIBLE_WITNESS,GEOMETRY_ADMISSIBLE,1,1,0,1,a946451c5ce125e5c775fa72ef2ac9031903032be0b2d44b02fa376e4af73f53
2971,13885|132461,7545,89387,"Hamburg-Bergedorf, Germany","Dr. Remeis-Observatory, Bamberg, Germany",FINITE_GEOMETRY_ADMISSIBLE_WITNESS,GEOMETRY_ADMISSIBLE,1,1,0,1,369512890d10e2566c68baa6d15ee3a06b9cd345298d56a1c59aeedb40f600c6
2972,13885|132462,7545,89388,"Hamburg-Bergedorf, Germany","Dr. Remeis-Observatory, Bamberg, Germany",FINITE_GEOMETRY_ADMISSIBLE_WITNESS,GEOMETRY_ADMISSIBLE,1,1,0,1,3434c4d838a1fdc76506ea61e78c320cc335ce1a8d52a68dc6f12016545f6e41
2973,13885|139447,7545,96317,"Hamburg-Bergedorf, Germany","Castel Gandolfo, Italy",FINITE_GEOMETRY_ADMISSIBLE_WITNESS,GEOMETRY_ADMISSIBLE,1,1,0,2,a7b258504a83925a93879a78615f0b116e1990755097df8e07a92b0c8c06584d
2974,13889|139453,7547,96323,"Hamburg-Bergedorf, Germany","Castel Gandolfo, Italy",FINITE_GEOMETRY_ADMISSIBLE_WITNESS,GEOMETRY_ADMISSIBLE,1,1,0,1,a41126f5bd32b14d183bee34ec93ae97b5eb6e96e2e8fc25281817bf635f3c14
2977,13892|139467,7550,96337,"Hamburg-Bergedorf, Germany","Castel Gandolfo, Italy",FINITE_GEOMETRY_ADMISSIBLE_WITNESS,GEOMETRY_ADMISSIBLE,1,1,0,2,1edc5bb5e71f9987660a1eaf44fa97e0a1f24fbbaeb63c0ed92a57b482621a4b
2978,13892|139468,7550,96338,"Hamburg-Bergedorf, Germany","Castel Gandolfo, Italy",FINITE_GEOMETRY_ADMISSIBLE_WITNESS,GEOMETRY_ADMISSIBLE,1,1,0,1,add8a8a8273fa02167c4e5979cd573cc9af51f74655c110c3a26c057e01cf639
2980,13893|139468,7551,96338,"Hamburg-Bergedorf, Germany","Castel Gandolfo, Italy",FINITE_GEOMETRY_ADMISSIBLE_WITNESS,GEOMETRY_ADMISSIBLE,1,1,0,1,fdf3a6d0c2cee88f064e49d3cc829e2b48c912be28e2ecd3f0c8eb99d0af64b1
2981,13893|139469,7551,96339,"Hamburg-Bergedorf, Germany","Castel Gandolfo, Italy",FINITE_GEOMETRY_ADMISSIBLE_WITNESS,GEOMETRY_ADMISSIBLE,1,1,0,1,e448d2ba628fe214f27352aabbb4fe4de452c9b2b6bb9325d2c35be9a35fac1a
2983,13894|139469,7552,96339,"Hamburg-Bergedorf, Germany","Castel Gandolfo, Italy",FINITE_GEOMETRY_ADMISSIBLE_WITNESS,GEOMETRY_ADMISSIBLE,1,1,0,1,42688d55ba2075e41e1afa2bf972cf82f83cc627c6493b39d66d2e588b7baf47
2984,13894|139470,7552,96340,"Hamburg-Bergedorf, Germany","Castel Gandolfo, Italy",FINITE_GEOMETRY_ADMISSIBLE_WITNESS,GEOMETRY_ADMISSIBLE,1,1,0,2,f9a9c865f4e06a1c647e2dd0dcbd1e02b3f956b6ffc019a1e6a005e8d7a80148
2986,13895|139470,7553,96340,"Hamburg-Bergedorf, Germany","Castel Gandolfo, Italy",FINITE_GEOMETRY_ADMISSIBLE_WITNESS,GEOMETRY_ADMISSIBLE,1,1,0,1,5c2c1267969ca9437b6a7687c539f861a5a91005a231baccd3293bbc40b8b064
2989,13896|139471,7554,96341,"Hamburg-Bergedorf, Germany","Castel Gandolfo, Italy",FINITE_GEOMETRY_ADMISSIBLE_WITNESS,GEOMETRY_ADMISSIBLE,1,1,0,1,f3ea8adebe2ac30e2289dba05581017ccf5e53509261fd9c5fc4e9e272ea103b
2996,13907|132496,7565,89422,"Hamburg-Bergedorf, Germany","Dr. Remeis-Observatory, Bamberg, Germany",FINITE_GEOMETRY_ADMISSIBLE_WITNESS,GEOMETRY_ADMISSIBLE,1,1,0,1,9ebc78369507ecf488d7139e584a852561b73bcabd676a1daa4c5f512149fe83
3021,13922|132506,7576,89432,"Hamburg-Bergedorf, Germany","Dr. Remeis-Observatory, Bamberg, Germany",FINITE_GEOMETRY_ADMISSIBLE_WITNESS,GEOMETRY_ADMISSIBLE,1,1,0,1,2b65c0948e2223595ee9de1ec794c5b72bda18d996975cc046c2c5481bef22bc
3023,13922|139491,7576,96361,"Hamburg-Bergedorf, Germany","Castel Gandolfo, Italy",FINITE_GEOMETRY_ADMISSIBLE_WITNESS,GEOMETRY_ADMISSIBLE,1,1,0,1,ec84cb2d34234f87ccd1553fca35f9ffcf69fd7db9fcab89619e59da29196ea6
3037,13934|139492,7585,96362,"Hamburg-Bergedorf, Germany","Castel Gandolfo, Italy",FINITE_GEOMETRY_ADMISSIBLE_WITNESS,GEOMETRY_ADMISSIBLE,1,1,0,2,3fb1add1fa73b60841366cac5730d0f3bb56476217712a86d09aaca8921f6ad0
3038,13934|139493,7585,96363,"Hamburg-Bergedorf, Germany","Castel Gandolfo, Italy",FINITE_GEOMETRY_ADMISSIBLE_WITNESS,GEOMETRY_ADMISSIBLE,1,1,0,1,2793593e88953da3167dd8b72c26feaec6045e06f146c2fc7edc83942dc868dd
3039,13934|139494,7585,96364,"Hamburg-Bergedorf, Germany","Castel Gandolfo, Italy",FINITE_GEOMETRY_ADMISSIBLE_WITNESS,GEOMETRY_ADMISSIBLE,1,1,0,1,5eca1f3fd7d2664b239578eb28959d34f3614eb23d6f553d314cacb9a4084ee2
3041,13935|139494,7586,96364,"Hamburg-Bergedorf, Germany","Castel Gandolfo, Italy",FINITE_GEOMETRY_ADMISSIBLE_WITNESS,GEOMETRY_ADMISSIBLE,1,1,0,3,b091578da51071f67534e89ab883dc33799d7c61bc9f4b965bbdb6f93d564d3b
3044,13936|139495,7586,96365,"Hamburg-Bergedorf, Germany","Castel Gandolfo, Italy",FINITE_GEOMETRY_ADMISSIBLE_WITNESS,GEOMETRY_ADMISSIBLE,1,1,0,1,491a0588a248b3f21756788c77f08142efd2e778707a40db8ca419a9e25caf1f
3047,13937|139495,7587,96365,"Hamburg-Bergedorf, Germany","Castel Gandolfo, Italy",FINITE_GEOMETRY_ADMISSIBLE_WITNESS,GEOMETRY_ADMISSIBLE,1,1,0,1,1913380e97657c570d3a0b47baef17af7f79c66dead0d989427904fffc741846
3061,13946|139504,7595,96374,"Hamburg-Bergedorf, Germany","Castel Gandolfo, Italy",FINITE_GEOMETRY_ADMISSIBLE_WITNESS,GEOMETRY_ADMISSIBLE,1,1,0,2,4ff205d3b7b2556b12111ce33515154dbdcd6b219b6f58a77fe838d8f6f7ea49
3062,13946|139505,7595,96375,"Hamburg-Bergedorf, Germany","Castel Gandolfo, Italy",FINITE_GEOMETRY_ADMISSIBLE_WITNESS,GEOMETRY_ADMISSIBLE,1,1,0,2,77ccd05d3e4bbd796042bfc0288b51f3c9c490b149d3da72f78a1a278678925b
3063,13947|139505,7596,96375,"Hamburg-Bergedorf, Germany","Castel Gandolfo, Italy",FINITE_GEOMETRY_ADMISSIBLE_WITNESS,GEOMETRY_ADMISSIBLE,1,1,0,2,88fd556e87e2661026ec2f1e73897eaed4c681717cb5817c0b71c69de4e3740f
3064,13948|139506,7596,96376,"Hamburg-Bergedorf, Germany","Castel Gandolfo, Italy",FINITE_GEOMETRY_ADMISSIBLE_WITNESS,GEOMETRY_ADMISSIBLE,1,1,0,1,a8115146cf825c60969f08758e39b081d9b53cb58045a2e67f518ef323802ae1
3065,13949|139506,7597,96376,"Hamburg-Bergedorf, Germany","Castel Gandolfo, Italy",FINITE_GEOMETRY_ADMISSIBLE_WITNESS,GEOMETRY_ADMISSIBLE,1,1,0,2,bca1ae8f62ecd12c8a307ebfba8680ce39a841804d9a8b71b7d979527fd48111
3066,13950|139506,7597,96376,"Hamburg-Bergedorf, Germany","Castel Gandolfo, Italy",FINITE_GEOMETRY_ADMISSIBLE_WITNESS,GEOMETRY_ADMISSIBLE,1,1,0,1,2129a5421dec1be59d30eb2db603bd96c96b623a864bf236c992fb2410cbd250
3067,13950|139507,7597,96377,"Hamburg-Bergedorf, Germany","Castel Gandolfo, Italy",FINITE_GEOMETRY_ADMISSIBLE_WITNESS,GEOMETRY_ADMISSIBLE,1,1,0,1,18dc0326706cf3c2bd67953b4e9768792042049408f5d353cadc6ff379e86cfa
3068,13951|139507,7598,96377,"Hamburg-Bergedorf, Germany","Castel Gandolfo, Italy",FINITE_GEOMETRY_ADMISSIBLE_WITNESS,GEOMETRY_ADMISSIBLE,1,1,0,1,a23c74d053ec42fc499c0a5f4694465171105f07c8c596fb6e8db505b8726fea
3069,13952|139507,7598,96377,"Hamburg-Bergedorf, Germany","Castel Gandolfo, Italy",FINITE_GEOMETRY_ADMISSIBLE_WITNESS,GEOMETRY_ADMISSIBLE,1,1,0,1,bcb771c0ff88ef75bef244d772399ee503da4885b433b34001e8741b661616b7
3070,13952|139508,7598,96378,"Hamburg-Bergedorf, Germany","Castel Gandolfo, Italy",FINITE_GEOMETRY_ADMISSIBLE_WITNESS,GEOMETRY_ADMISSIBLE,1,1,0,2,555419e5efc756b2dba0e8431a58debe300f64bc99d9257c545530aff6184c86
3071,13953|139508,7599,96378,"Hamburg-Bergedorf, Germany","Castel Gandolfo, Italy",FINITE_GEOMETRY_ADMISSIBLE_WITNESS,GEOMETRY_ADMISSIBLE,1,1,0,1,79df20e27c0e7a25fad31caffe1445cb3ede59ff1676fc2335d8e91a6228e364
3072,13954|139508,7599,96378,"Hamburg-Bergedorf, Germany","Castel Gandolfo, Italy",FINITE_GEOMETRY_ADMISSIBLE_WITNESS,GEOMETRY_ADMISSIBLE,1,1,0,1,9a53cb048a65eccf73f33684e869e6e2d26ae2c9ef4499a0bfce820be1a01adf
3081,13963|132536,7606,89462,"Hamburg-Bergedorf, Germany","Dr. Remeis-Observatory, Bamberg, Germany",FINITE_GEOMETRY_ADMISSIBLE_WITNESS,GEOMETRY_ADMISSIBLE,1,1,0,1,543f666a9746487281ffab698170da3de7edc1a38d46bc2062c6c5dcf7934a4a
3089,13968|132550,7611,89476,"Hamburg-Bergedorf, Germany","Dr. Remeis-Observatory, Bamberg, Germany",FINITE_GEOMETRY_ADMISSIBLE_WITNESS,GEOMETRY_ADMISSIBLE,1,1,0,1,8a3c8575a5e9e94af067a6f5074563d4f9337a0d22712245755d4b8eb32391d1
3091,13969|132550,7611,89476,"Hamburg-Bergedorf, Germany","Dr. Remeis-Observatory, Bamberg, Germany",FINITE_GEOMETRY_ADMISSIBLE_WITNESS,GEOMETRY_ADMISSIBLE,1,1,0,1,8fb533a861c926192c84b3c4631e07fd855600926ecf952ae821d3f8e23a9c26
3093,13970|132550,7612,89476,"Hamburg-Bergedorf, Germany","Dr. Remeis-Observatory, Bamberg, Germany",FINITE_GEOMETRY_ADMISSIBLE_WITNESS,GEOMETRY_ADMISSIBLE,1,1,0,1,f6f6697ba0413a99447f2c4afa43dbc7198476cb7da0c1b758f59ef8769f8117
3095,13971|132550,7612,89476,"Hamburg-Bergedorf, Germany","Dr. Remeis-Observatory, Bamberg, Germany",FINITE_GEOMETRY_ADMISSIBLE_WITNESS,GEOMETRY_ADMISSIBLE,1,1,0,1,37e1192eaff5dc2a359edbdb5318281a8dd9bbe876a1b1cf91ebf9690666d046
3097,13972|132550,7613,89476,"Hamburg-Bergedorf, Germany","Dr. Remeis-Observatory, Bamberg, Germany",FINITE_GEOMETRY_ADMISSIBLE_WITNESS,GEOMETRY_ADMISSIBLE,1,1,0,1,f0f4c40e09b8ccf0529357983f20888d97398c17943f66c9819e7df6dd406c1c
3099,13973|132550,7613,89476,"Hamburg-Bergedorf, Germany","Dr. Remeis-Observatory, Bamberg, Germany",FINITE_GEOMETRY_ADMISSIBLE_WITNESS,GEOMETRY_ADMISSIBLE,1,1,0,1,61494afde8c988b1890631b5aa5abd6deebe495e70022a98157f05bd7e32907d
3101,13974|132550,7614,89476,"Hamburg-Bergedorf, Germany","Dr. Remeis-Observatory, Bamberg, Germany",FINITE_GEOMETRY_ADMISSIBLE_WITNESS,GEOMETRY_ADMISSIBLE,1,1,0,1,31002212a5ffe6a0760041f193fa9fd3b5bd283874da66b82f991223db5b9681
3103,13975|132552,7614,89478,"Hamburg-Bergedorf, Germany","Dr. Remeis-Observatory, Bamberg, Germany",FINITE_GEOMETRY_ADMISSIBLE_WITNESS,GEOMETRY_ADMISSIBLE,1,1,0,1,e512bf6db62086be9db99692f9ad6a6d5190ad11c4a3d9269326dfc7cbd7d725
3105,13976|132552,7615,89478,"Hamburg-Bergedorf, Germany","Dr. Remeis-Observatory, Bamberg, Germany",FINITE_GEOMETRY_ADMISSIBLE_WITNESS,GEOMETRY_ADMISSIBLE,1,1,0,1,04f283c151274bebdeb8e42bc994bc8bf2d20a74fc67b4302de8d0e1bbe89965
3107,13977|132552,7615,89478,"Hamburg-Bergedorf, Germany","Dr. Remeis-Observatory, Bamberg, Germany",FINITE_GEOMETRY_ADMISSIBLE_WITNESS,GEOMETRY_ADMISSIBLE,1,1,0,1,1d5378feced1a0ca4238544ff3f9dc39e7bcc60da2824ab2ba0a6321a4009768
3109,13978|132552,7616,89478,"Hamburg-Bergedorf, Germany","Dr. Remeis-Observatory, Bamberg, Germany",FINITE_GEOMETRY_ADMISSIBLE_WITNESS,GEOMETRY_ADMISSIBLE,1,1,0,1,dc520ea157ca7500a345e65837e96526cf60429e716d26e55627a1baa33baa3a
3111,13979|132552,7616,89478,"Hamburg-Bergedorf, Germany","Dr. Remeis-Observatory, Bamberg, Germany",FINITE_GEOMETRY_ADMISSIBLE_WITNESS,GEOMETRY_ADMISSIBLE,1,1,0,1,8474a8931ce12ee11c17ae29dd2a8c583e914041be11b9b42d13b589140dfa22
3113,13980|132552,7617,89478,"Hamburg-Bergedorf, Germany","Dr. Remeis-Observatory, Bamberg, Germany",FINITE_GEOMETRY_ADMISSIBLE_WITNESS,GEOMETRY_ADMISSIBLE,1,1,0,1,f48da571152df4a02876143f8332c430d506a7aa9473565f68103a4a983a326f
3118,13983|132560,7620,89486,"Hamburg-Bergedorf, Germany","Dr. Remeis-Observatory, Bamberg, Germany",FINITE_GEOMETRY_ADMISSIBLE_WITNESS,GEOMETRY_ADMISSIBLE,1,1,0,1,b79e4e64d6fe17a766e9bfed3a4d0d9627a10646f5ff20c0a13c31443035e127
3120,14066|132590,7657,89516,"Hamburg-Bergedorf, Germany","Dr. Remeis-Observatory, Bamberg, Germany",FINITE_GEOMETRY_ADMISSIBLE_WITNESS,GEOMETRY_ADMISSIBLE,1,1,0,2,7f85bc2ab0e6f1672e11e299e1d5cb7376dca5898c6317a146eade5bbd9ee8d9
3134,14092|132627,7673,89553,"Hamburg-Bergedorf, Germany","Dr. Remeis-Observatory, Bamberg, Germany",FINITE_GEOMETRY_ADMISSIBLE_WITNESS,GEOMETRY_ADMISSIBLE,1,1,0,1,354fe4c133ff0b558fd2def2bf189c1f9ffa68f2bee980af5ff25448cf966d46
3141,14120|132654,7685,89580,"Hamburg-Bergedorf, Germany","Dr. Remeis-Observatory, Bamberg, Germany",FINITE_GEOMETRY_ADMISSIBLE_WITNESS,GEOMETRY_ADMISSIBLE,1,1,0,1,c418384927b3af2c326a9b72d09424eda89a5fa3072e40a71019bb7e973dac73
3144,14122|132658,7687,89584,"Hamburg-Bergedorf, Germany","Dr. Remeis-Observatory, Bamberg, Germany",FINITE_GEOMETRY_ADMISSIBLE_WITNESS,GEOMETRY_ADMISSIBLE,1,1,0,1,1b91625b1c1c609d42ff55f14ddc8880f812b995bb8d28893bbb0fc149275058
3148,14154|132725,7710,89651,"Hamburg-Bergedorf, Germany","Dr. Remeis-Observatory, Bamberg, Germany",FINITE_GEOMETRY_ADMISSIBLE_WITNESS,GEOMETRY_ADMISSIBLE,1,1,0,1,b2d90846988642dc00ae2b4a839383b8caddf4f2b1b5e164e55d322cd00cde4f
3149,14155|132725,7711,89651,"Hamburg-Bergedorf, Germany","Dr. Remeis-Observatory, Bamberg, Germany",FINITE_GEOMETRY_ADMISSIBLE_WITNESS,GEOMETRY_ADMISSIBLE,1,1,0,2,dd7208555125b0d1b628715656ec28121df8bd49ee8d8662c0d3ea45cd00af52
3150,14165|132726,7719,89652,"Hamburg-Bergedorf, Germany","Dr. Remeis-Observatory, Bamberg, Germany",FINITE_GEOMETRY_ADMISSIBLE_WITNESS,GEOMETRY_ADMISSIBLE,1,1,0,1,22999b2a0e1da20e21763ccaab0d6fbb7c250870e844b62991ea41e0e67ab79b
3156,14179|132730,7731,89656,"Hamburg-Bergedorf, Germany","Dr. Remeis-Observatory, Bamberg, Germany",FINITE_GEOMETRY_ADMISSIBLE_WITNESS,GEOMETRY_ADMISSIBLE,1,1,0,2,92f9e47ef1d5bb1aa6b981ee3086f3a68a1824e2f629cd3f212f94252dbfa0ce
3184,15084|133384,8363,90254,"Hamburg-Bergedorf, Germany","Dr. Remeis-Observatory, Bamberg, Germany",FINITE_GEOMETRY_ADMISSIBLE_WITNESS,GEOMETRY_ADMISSIBLE,1,1,0,2,844b0a7f1f4fad56185a076268c559f298c8915ec4332985eafbb298c9fa80e9
3186,15084|133387,8363,90257,"Hamburg-Bergedorf, Germany","Dr. Remeis-Observatory, Bamberg, Germany",FINITE_GEOMETRY_ADMISSIBLE_WITNESS,GEOMETRY_ADMISSIBLE,1,1,0,2,8a4b557f8fe141c9f5b6a334ace482adf1aaf00296cbeba4f55fe5878f43235b
3187,15085|133384,8364,90254,"Hamburg-Bergedorf, Germany","Dr. Remeis-Observatory, Bamberg, Germany",FINITE_GEOMETRY_ADMISSIBLE_WITNESS,GEOMETRY_ADMISSIBLE,1,1,0,1,f05d8dc6b27d6d104fdae1436f100407a4191caf64ca873b293203e0999c6e2d
3188,15085|133385,8364,90255,"Hamburg-Bergedorf, Germany","Dr. Remeis-Observatory, Bamberg, Germany",FINITE_GEOMETRY_ADMISSIBLE_WITNESS,GEOMETRY_ADMISSIBLE,1,1,0,1,b012a68f68f578bdfc62a9096834c25d64f168e66f218d83c3078b1902ca5abc
3189,15085|133387,8364,90257,"Hamburg-Bergedorf, Germany","Dr. Remeis-Observatory, Bamberg, Germany",FINITE_GEOMETRY_ADMISSIBLE_WITNESS,GEOMETRY_ADMISSIBLE,1,1,0,1,e86c7981230c8d149d91ca8742c82294bc5498b6822936b74c4f4535aad262e4
3192,15086|133624,8365,90494,"Hamburg-Bergedorf, Germany","Dr. Remeis-Observatory, Bamberg, Germany",FINITE_GEOMETRY_ADMISSIBLE_WITNESS,GEOMETRY_ADMISSIBLE,1,1,0,1,76ae2c5a7387a07b07e003caa8047b87566e44610a40e87a0582bbee8ec7085c
3193,15087|133622,8365,90492,"Hamburg-Bergedorf, Germany","Dr. Remeis-Observatory, Bamberg, Germany",FINITE_GEOMETRY_ADMISSIBLE_WITNESS,GEOMETRY_ADMISSIBLE,1,1,0,1,6c9431e2cb91f79e98f671f543c30d60ba61ca05c5859b7bbb2e9d95be3da59c
3195,15087|133624,8365,90494,"Hamburg-Bergedorf, Germany","Dr. Remeis-Observatory, Bamberg, Germany",FINITE_GEOMETRY_ADMISSIBLE_WITNESS,GEOMETRY_ADMISSIBLE,1,1,0,1,ec85fb92617a3ce2d67aa6ca6c8d63d4512ca402926f7bc52cc5f817aef0d71a
3196,15088|133626,8366,90496,"Hamburg-Bergedorf, Germany","Dr. Remeis-Observatory, Bamberg, Germany",FINITE_GEOMETRY_ADMISSIBLE_WITNESS,GEOMETRY_ADMISSIBLE,1,1,0,1,0227e458a2ae4299ad5756554edf7b297ce8c1055052036266d1c81ab5356938
3197,15088|133627,8366,90497,"Hamburg-Bergedorf, Germany","Dr. Remeis-Observatory, Bamberg, Germany",FINITE_GEOMETRY_ADMISSIBLE_WITNESS,GEOMETRY_ADMISSIBLE,1,1,0,1,3ff217f12af788cdd25f7e9f9e26c81d03f737a05baa6040ee9ac0e6c4b2e7f1
3198,15088|133628,8366,90498,"Hamburg-Bergedorf, Germany","Dr. Remeis-Observatory, Bamberg, Germany",FINITE_GEOMETRY_ADMISSIBLE_WITNESS,GEOMETRY_ADMISSIBLE,1,1,0,2,059c85fce38f320d0850253022a09236c5c965460e9c8c3da733b8031810bd1a
3199,15089|133626,8366,90496,"Hamburg-Bergedorf, Germany","Dr. Remeis-Observatory, Bamberg, Germany",FINITE_GEOMETRY_ADMISSIBLE_WITNESS,GEOMETRY_ADMISSIBLE,1,1,0,1,b80f42b12dd3a8d843bad54033a73a69292053e045bc57903bf2c6cff516518f
3200,15089|133627,8366,90497,"Hamburg-Bergedorf, Germany","Dr. Remeis-Observatory, Bamberg, Germany",FINITE_GEOMETRY_ADMISSIBLE_WITNESS,GEOMETRY_ADMISSIBLE,1,1,0,2,56efd9acdd09fa5865f3ecfc0c69ccfb3eb72b758d68334064cb0a379cf0cd61
3201,15089|133628,8366,90498,"Hamburg-Bergedorf, Germany","Dr. Remeis-Observatory, Bamberg, Germany",FINITE_GEOMETRY_ADMISSIBLE_WITNESS,GEOMETRY_ADMISSIBLE,1,1,0,1,ce8395436120c6718b3d0de67419911a1e719945ca4d08af18203b9c3f811207
3202,15090|133630,8367,90500,"Hamburg-Bergedorf, Germany","Dr. Remeis-Observatory, Bamberg, Germany",FINITE_GEOMETRY_ADMISSIBLE_WITNESS,GEOMETRY_ADMISSIBLE,1,1,0,1,d9ac87e711485b7806a6dc5ffe11f79d34f9fc1159a370334586bd462e35bf44
3203,15090|133631,8367,90501,"Hamburg-Bergedorf, Germany","Dr. Remeis-Observatory, Bamberg, Germany",FINITE_GEOMETRY_ADMISSIBLE_WITNESS,GEOMETRY_ADMISSIBLE,1,1,0,1,0f4ab38850e2c5031e4edcfb208a437f069167230b7d27bc5abbf4038f173e75
3204,15090|133632,8367,90502,"Hamburg-Bergedorf, Germany","Dr. Remeis-Observatory, Bamberg, Germany",FINITE_GEOMETRY_ADMISSIBLE_WITNESS,GEOMETRY_ADMISSIBLE,1,1,0,2,fe2f6f19debdd19a2c38bc368fca36681637e93ae7671a154f896f28891563fa
3205,15090|133633,8367,90503,"Hamburg-Bergedorf, Germany","Dr. Remeis-Observatory, Bamberg, Germany",FINITE_GEOMETRY_ADMISSIBLE_WITNESS,GEOMETRY_ADMISSIBLE,1,1,0,2,db419fa2a8f63af1a0a4da7455b93d055dfc8547a1d4d4e94f18f21c84168db5
3209,15094|133824,8370,90694,"Hamburg-Bergedorf, Germany","Dr. Remeis-Observatory, Bamberg, Germany",FINITE_GEOMETRY_ADMISSIBLE_WITNESS,GEOMETRY_ADMISSIBLE,1,1,0,1,cfc9c9584ee77ed4f012dc644171b6eddb97b8835539609b1130fd823c78874c
3210,15094|133825,8370,90695,"Hamburg-Bergedorf, Germany","Dr. Remeis-Observatory, Bamberg, Germany",FINITE_GEOMETRY_ADMISSIBLE_WITNESS,GEOMETRY_ADMISSIBLE,1,1,0,1,9c1adc14dcaed8eca033f2dddf0f227c627aa694bee7fc9c87ffbe21e6423f22
3211,15094|133826,8370,90696,"Hamburg-Bergedorf, Germany","Dr. Remeis-Observatory, Bamberg, Germany",FINITE_GEOMETRY_ADMISSIBLE_WITNESS,GEOMETRY_ADMISSIBLE,1,1,0,2,acb135de52f1a82c34430bcf05233d09f9236b0915a168c65dcfb30837bbcd89
3212,15094|133827,8370,90697,"Hamburg-Bergedorf, Germany","Dr. Remeis-Observatory, Bamberg, Germany",FINITE_GEOMETRY_ADMISSIBLE_WITNESS,GEOMETRY_ADMISSIBLE,1,1,0,1,f06465e220bf825acc9b93632f145b06b63529cc1a97ad4507862081d1b2e9d4
3218,15106|133846,56052,90716,"Hamburg-Bergedorf, Germany","Dr. Remeis-Observatory, Bamberg, Germany",FINITE_GEOMETRY_ADMISSIBLE_WITNESS,GEOMETRY_ADMISSIBLE,1,1,0,1,cefa38eff4b162cd9e85454f705e57cfc8fbd43a49429d7c61d11f04f8b59db1
3222,15107|133850,56053,90720,"Hamburg-Bergedorf, Germany","Dr. Remeis-Observatory, Bamberg, Germany",FINITE_GEOMETRY_ADMISSIBLE_WITNESS,GEOMETRY_ADMISSIBLE,1,1,0,1,faf20b424c5a20c7fe209813070ce88a8297e8f30bc0fb53492d55589721793d
3225,15123|133876,8388,90746,"Hamburg-Bergedorf, Germany","Dr. Remeis-Observatory, Bamberg, Germany",FINITE_GEOMETRY_ADMISSIBLE_WITNESS,GEOMETRY_ADMISSIBLE,1,1,0,1,ef46ae795385bee3a99f539e8f6600c8979e8110298904ce6c1f7b944d2ff40e
3226,15123|133878,8388,90748,"Hamburg-Bergedorf, Germany","Dr. Remeis-Observatory, Bamberg, Germany",FINITE_GEOMETRY_ADMISSIBLE_WITNESS,GEOMETRY_ADMISSIBLE,1,1,0,1,5222089724f52a05ca26e1f67c258499330f6a667b863567f449d9a474546cdd
3229,15124|133901,8389,90771,"Hamburg-Bergedorf, Germany","Dr. Remeis-Observatory, Bamberg, Germany",FINITE_GEOMETRY_ADMISSIBLE_WITNESS,GEOMETRY_ADMISSIBLE,1,1,0,1,eaf8c0ba39314e2e812f93a91ea11c3c3a96549c4b23cd3a9964d584a8f282bf
3230,15124|133902,8389,90772,"Hamburg-Bergedorf, Germany","Dr. Remeis-Observatory, Bamberg, Germany",FINITE_GEOMETRY_ADMISSIBLE_WITNESS,GEOMETRY_ADMISSIBLE,1,1,0,1,1814dcf3f05f7dfde8400e062ca8cd6bd7c1f3e136c8d81c8b5ee0d02589d870
3234,15125|133902,8390,90772,"Hamburg-Bergedorf, Germany","Dr. Remeis-Observatory, Bamberg, Germany",FINITE_GEOMETRY_ADMISSIBLE_WITNESS,GEOMETRY_ADMISSIBLE,1,1,0,1,d964943d4d92019e2986aa07110c0c21b966f7b0b856b46a608a18b63809e6a8
3282,15139|133965,8402,90835,"Hamburg-Bergedorf, Germany","Dr. Remeis-Observatory, Bamberg, Germany",FINITE_GEOMETRY_ADMISSIBLE_WITNESS,GEOMETRY_ADMISSIBLE,1,1,0,1,27a6adb142bdf8d7719bd324e1f9d4c2a7a03ce8f2e5691766eaefec82c67ddd
3285,15140|133964,8403,90834,"Hamburg-Bergedorf, Germany","Dr. Remeis-Observatory, Bamberg, Germany",FINITE_GEOMETRY_ADMISSIBLE_WITNESS,GEOMETRY_ADMISSIBLE,1,1,0,1,f686f4248f13bfb9f00ab40ce97d4c961ac40e91310a956614ba1ffd86dc82fd
3286,15140|133965,8403,90835,"Hamburg-Bergedorf, Germany","Dr. Remeis-Observatory, Bamberg, Germany",FINITE_GEOMETRY_ADMISSIBLE_WITNESS,GEOMETRY_ADMISSIBLE,1,1,0,1,288eee2c5cdb2e6807ba0f9aecf335959241a9eef5ce1aee8faa45e4983f2a1c
3287,15141|133962,8404,90832,"Hamburg-Bergedorf, Germany","Dr. Remeis-Observatory, Bamberg, Germany",FINITE_GEOMETRY_ADMISSIBLE_WITNESS,GEOMETRY_ADMISSIBLE,1,1,0,2,fc6afa80bfc1fc33cd8575b04fe701bf9e75be69379aec5a8deffb3528b7e4b1
3289,15141|133964,8404,90834,"Hamburg-Bergedorf, Germany","Dr. Remeis-Observatory, Bamberg, Germany",FINITE_GEOMETRY_ADMISSIBLE_WITNESS,GEOMETRY_ADMISSIBLE,1,1,0,1,451bab4eaa67ffccbfb2e9442338a80a502df37af3bd9406fec03b0cd3dc8921
3290,15141|133965,8404,90835,"Hamburg-Bergedorf, Germany","Dr. Remeis-Observatory, Bamberg, Germany",FINITE_GEOMETRY_ADMISSIBLE_WITNESS,GEOMETRY_ADMISSIBLE,1,1,0,1,dc6e9dcdc683e599672010f741b15138796b4f49c0e5a433655200d8bb0785e6
3291,15142|133966,8405,90836,"Hamburg-Bergedorf, Germany","Dr. Remeis-Observatory, Bamberg, Germany",FINITE_GEOMETRY_ADMISSIBLE_WITNESS,GEOMETRY_ADMISSIBLE,1,1,0,1,cb3fed7eef2a71306ca510d7f67193d0054447740a00b98480099aa2e3b06099
3292,15142|133967,8405,90837,"Hamburg-Bergedorf, Germany","Dr. Remeis-Observatory, Bamberg, Germany",FINITE_GEOMETRY_ADMISSIBLE_WITNESS,GEOMETRY_ADMISSIBLE,1,1,0,2,3d50f0a88869848fd023744754fb03db605607c071eda9f8ff7b9a5549a45539
3293,15142|133969,8405,90839,"Hamburg-Bergedorf, Germany","Dr. Remeis-Observatory, Bamberg, Germany",FINITE_GEOMETRY_ADMISSIBLE_WITNESS,GEOMETRY_ADMISSIBLE,1,1,0,1,8a4d0fa0f8d8015c86ad1183b9336bed222fa3bf8bf1a5e62ddcb3a6d58d9283
3294,15142|133970,8405,90840,"Hamburg-Bergedorf, Germany","Dr. Remeis-Observatory, Bamberg, Germany",FINITE_GEOMETRY_ADMISSIBLE_WITNESS,GEOMETRY_ADMISSIBLE,1,1,0,1,b538346a457ee0ffcff188bb864b5e699fae84bd125dcf86e4a485080ecfcf7a
3321,15149|134020,8412,90890,"Hamburg-Bergedorf, Germany","Dr. Remeis-Observatory, Bamberg, Germany",FINITE_GEOMETRY_ADMISSIBLE_WITNESS,GEOMETRY_ADMISSIBLE,1,1,0,1,0a59b73d650cad33201493a13fad7b44e245b8d96032ce9248e7bd5a7a468c22
3322,15149|134021,8412,90891,"Hamburg-Bergedorf, Germany","Dr. Remeis-Observatory, Bamberg, Germany",FINITE_GEOMETRY_ADMISSIBLE_WITNESS,GEOMETRY_ADMISSIBLE,1,1,0,1,a53c94c4b89b92b1884d57da02d9e8ffe75834a40798ba32ede118289474efdc
3323,15150|134018,8413,90888,"Hamburg-Bergedorf, Germany","Dr. Remeis-Observatory, Bamberg, Germany",FINITE_GEOMETRY_ADMISSIBLE_WITNESS,GEOMETRY_ADMISSIBLE,1,1,0,1,b5d5aa5873fa8a5c8bf79b60140c1cf24437c0b69c162e00cee28359b7394330
3325,15150|134020,8413,90890,"Hamburg-Bergedorf, Germany","Dr. Remeis-Observatory, Bamberg, Germany",FINITE_GEOMETRY_ADMISSIBLE_WITNESS,GEOMETRY_ADMISSIBLE,1,1,0,1,0353853f1984774775d16ca0eb6135f7414add57002fd2257105427af8ac9dec
3326,15150|134021,8413,90891,"Hamburg-Bergedorf, Germany","Dr. Remeis-Observatory, Bamberg, Germany",FINITE_GEOMETRY_ADMISSIBLE_WITNESS,GEOMETRY_ADMISSIBLE,1,1,0,1,a9416832f7b28f20bc8bf250014917aac3fed2287594903bd9fc577e80d1dfd1
3327,15151|134018,8414,90888,"Hamburg-Bergedorf, Germany","Dr. Remeis-Observatory, Bamberg, Germany",FINITE_GEOMETRY_ADMISSIBLE_WITNESS,GEOMETRY_ADMISSIBLE,1,1,0,1,8789b77d7522e12909a2368b3a9a6e749a480cecf2ae9e42dfc05023868db4e9
3328,15151|134019,8414,90889,"Hamburg-Bergedorf, Germany","Dr. Remeis-Observatory, Bamberg, Germany",FINITE_GEOMETRY_ADMISSIBLE_WITNESS,GEOMETRY_ADMISSIBLE,1,1,0,1,00a7b9b58ff2ed668f0f634059eb10df2076a1dfafa38a41b4482c2c5855c2c5
3329,15151|134020,8414,90890,"Hamburg-Bergedorf, Germany","Dr. Remeis-Observatory, Bamberg, Germany",FINITE_GEOMETRY_ADMISSIBLE_WITNESS,GEOMETRY_ADMISSIBLE,1,1,0,2,17f1245bfbf66ee4207c2bccba60864d526606a03d52dab2316a04285e146258
3330,15151|134021,8414,90891,"Hamburg-Bergedorf, Germany","Dr. Remeis-Observatory, Bamberg, Germany",FINITE_GEOMETRY_ADMISSIBLE_WITNESS,GEOMETRY_ADMISSIBLE,1,1,0,1,e81a0097c3aae3a22b18ed409bafe2319f91d431d79051dee62ba090c842ee2a
3331,15152|133998,8415,90868,"Hamburg-Bergedorf, Germany","Dr. Remeis-Observatory, Bamberg, Germany",FINITE_GEOMETRY_ADMISSIBLE_WITNESS,GEOMETRY_ADMISSIBLE,1,1,0,1,37a40c1c2f85a662f49f5d11a80d9cd656d57955690c58fd6e37a711820223ca
3333,15152|134000,8415,90870,"Hamburg-Bergedorf, Germany","Dr. Remeis-Observatory, Bamberg, Germany",FINITE_GEOMETRY_ADMISSIBLE_WITNESS,GEOMETRY_ADMISSIBLE,1,1,0,2,ad0566218e72f4164176a45d069dd5b13e8a21922743fcd211a3ad18f7be3303
3334,15152|134001,8415,90871,"Hamburg-Bergedorf, Germany","Dr. Remeis-Observatory, Bamberg, Germany",FINITE_GEOMETRY_ADMISSIBLE_WITNESS,GEOMETRY_ADMISSIBLE,1,1,0,2,23169f39ac94491c5e3bcbccd4997d97d287d1844233b24c01934554ee280bd9
3335,15152|134022,8415,90892,"Hamburg-Bergedorf, Germany","Dr. Remeis-Observatory, Bamberg, Germany",FINITE_GEOMETRY_ADMISSIBLE_WITNESS,GEOMETRY_ADMISSIBLE,1,1,0,1,961487b1c933e8747751aa9a4e10e0133a6b464ff008a71a565d4a6105b41b58
3336,15152|134023,8415,90893,"Hamburg-Bergedorf, Germany","Dr. Remeis-Observatory, Bamberg, Germany",FINITE_GEOMETRY_ADMISSIBLE_WITNESS,GEOMETRY_ADMISSIBLE,1,1,0,2,c4b2bcf107b0cdae7274353c96d410c1a0f08f444c3a3e03a6c65616af4b27fb
3337,15152|134024,8415,90894,"Hamburg-Bergedorf, Germany","Dr. Remeis-Observatory, Bamberg, Germany",FINITE_GEOMETRY_ADMISSIBLE_WITNESS,GEOMETRY_ADMISSIBLE,1,1,0,3,77c2e5215b15415369ebe24418b070c3334e5a0d1cd52415dbb862a5fb8ac60c
3338,15152|134025,8415,90895,"Hamburg-Bergedorf, Germany","Dr. Remeis-Observatory, Bamberg, Germany",FINITE_GEOMETRY_ADMISSIBLE_WITNESS,GEOMETRY_ADMISSIBLE,1,1,0,2,fb243f7833ac24f5c18415a7947309c6e282df039999056bb6d504e049835bd3
3339,15153|133998,8416,90868,"Hamburg-Bergedorf, Germany","Dr. Remeis-Observatory, Bamberg, Germany",FINITE_GEOMETRY_ADMISSIBLE_WITNESS,GEOMETRY_ADMISSIBLE,1,1,0,1,34ae2d628562b09f23d0ee4b679e368063630db143cb11ca3ece1241bdee331c
3341,15153|134000,8416,90870,"Hamburg-Bergedorf, Germany","Dr. Remeis-Observatory, Bamberg, Germany",FINITE_GEOMETRY_ADMISSIBLE_WITNESS,GEOMETRY_ADMISSIBLE,1,1,0,1,2397e27197f9630102d64eb0e86714b80804bc6875cb1c7f9fea313a05858e23
3342,15153|134001,8416,90871,"Hamburg-Bergedorf, Germany","Dr. Remeis-Observatory, Bamberg, Germany",FINITE_GEOMETRY_ADMISSIBLE_WITNESS,GEOMETRY_ADMISSIBLE,1,1,0,1,1a5855e410913d504c0c4dc400e3bbf0928cd0684b1249ba95ca3987e2c1db7a
3343,15153|134022,8416,90892,"Hamburg-Bergedorf, Germany","Dr. Remeis-Observatory, Bamberg, Germany",FINITE_GEOMETRY_ADMISSIBLE_WITNESS,GEOMETRY_ADMISSIBLE,1,1,0,1,8666b481a792d6d3a902e7e66ea5adcae5a9f15fcd12316ded151f2a25f3b9b6
3344,15153|134023,8416,90893,"Hamburg-Bergedorf, Germany","Dr. Remeis-Observatory, Bamberg, Germany",FINITE_GEOMETRY_ADMISSIBLE_WITNESS,GEOMETRY_ADMISSIBLE,1,1,0,1,82aa56099208b76a1e1e4c91682047b990fb66d7fe1fe70cb88231047bd007b2
3345,15153|134024,8416,90894,"Hamburg-Bergedorf, Germany","Dr. Remeis-Observatory, Bamberg, Germany",FINITE_GEOMETRY_ADMISSIBLE_WITNESS,GEOMETRY_ADMISSIBLE,1,1,0,1,d4e856f525445e4740572790b828be1600777a370a56f9866fb47f84c9fd2bff
3346,15153|134025,8416,90895,"Hamburg-Bergedorf, Germany","Dr. Remeis-Observatory, Bamberg, Germany",FINITE_GEOMETRY_ADMISSIBLE_WITNESS,GEOMETRY_ADMISSIBLE,1,1,0,1,35893edec53bc94d0cf5075d85807bc6e04f93598684180e7953d2df25fa8b92
3350,15154|134001,8417,90871,"Hamburg-Bergedorf, Germany","Dr. Remeis-Observatory, Bamberg, Germany",FINITE_GEOMETRY_ADMISSIBLE_WITNESS,GEOMETRY_ADMISSIBLE,1,1,0,1,bd9aa78fd778dec3712bef281d6a910956547fbe38c83fed68345748dddc66a7
3353,15154|134024,8417,90894,"Hamburg-Bergedorf, Germany","Dr. Remeis-Observatory, Bamberg, Germany",FINITE_GEOMETRY_ADMISSIBLE_WITNESS,GEOMETRY_ADMISSIBLE,1,1,0,2,f07025cc944b16bfeb1e26282ee9aea650242a161106454215c1415df5420f5e
3354,15154|134025,8417,90895,"Hamburg-Bergedorf, Germany","Dr. Remeis-Observatory, Bamberg, Germany",FINITE_GEOMETRY_ADMISSIBLE_WITNESS,GEOMETRY_ADMISSIBLE,1,1,0,3,52c97db4b559bb909cad1db0763cfd1365d3686e6df5b0b1d8ed3f80b895b682
3358,15155|134001,8418,90871,"Hamburg-Bergedorf, Germany","Dr. Remeis-Observatory, Bamberg, Germany",FINITE_GEOMETRY_ADMISSIBLE_WITNESS,GEOMETRY_ADMISSIBLE,1,1,0,1,4c4b8aac68cd3818be8cc76b849a3cf04ac5c3d732a6d63d2257b6e87a915082
3362,15155|134029,8418,90899,"Hamburg-Bergedorf, Germany","Dr. Remeis-Observatory, Bamberg, Germany",FINITE_GEOMETRY_ADMISSIBLE_WITNESS,GEOMETRY_ADMISSIBLE,1,1,0,1,acc88ad494383c3e4fc7e116fa3c57dc5ae8a8ebdac3e42ad4b2f9fe7a5d9557
3366,15156|134029,8419,90899,"Hamburg-Bergedorf, Germany","Dr. Remeis-Observatory, Bamberg, Germany",FINITE_GEOMETRY_ADMISSIBLE_WITNESS,GEOMETRY_ADMISSIBLE,1,1,0,1,27156b7d55b7f657fe34eb6f0620e55ccd0bef176796b0d158a24c2838dc9466
3370,15157|134029,8420,90899,"Hamburg-Bergedorf, Germany","Dr. Remeis-Observatory, Bamberg, Germany",FINITE_GEOMETRY_ADMISSIBLE_WITNESS,GEOMETRY_ADMISSIBLE,1,1,0,1,f812eda33fa43af1cd47fa8aa554af487972570dd97662f1afb795a7a17bf424
3371,15161|134107,8424,90977,"Hamburg-Bergedorf, Germany","Dr. Remeis-Observatory, Bamberg, Germany",FINITE_GEOMETRY_ADMISSIBLE_WITNESS,GEOMETRY_ADMISSIBLE,1,1,0,2,6a0369f2bff9b9536e65fe2b7928dea72c769a0a2c8392e5b40091675fca3327
3372,15161|134108,8424,90978,"Hamburg-Bergedorf, Germany","Dr. Remeis-Observatory, Bamberg, Germany",FINITE_GEOMETRY_ADMISSIBLE_WITNESS,GEOMETRY_ADMISSIBLE,1,1,0,1,bbedbeff372f599f239c67546d3d240fc09d00d5465375ce4c02769164a3a7ae
3373,15161|134109,8424,90979,"Hamburg-Bergedorf, Germany","Dr. Remeis-Observatory, Bamberg, Germany",FINITE_GEOMETRY_ADMISSIBLE_WITNESS,GEOMETRY_ADMISSIBLE,1,1,0,1,eed4d31c4a5b48793ad515d6997b00946fd64e48a771499c16c357f1a8265173
3374,15161|134110,8424,90980,"Hamburg-Bergedorf, Germany","Dr. Remeis-Observatory, Bamberg, Germany",FINITE_GEOMETRY_ADMISSIBLE_WITNESS,GEOMETRY_ADMISSIBLE,1,1,0,1,a877d49a8effa97b170d518ea7a81e3d26d478adecc660de7282e7f9a3a2b1d9
3375,15162|134107,8425,90977,"Hamburg-Bergedorf, Germany","Dr. Remeis-Observatory, Bamberg, Germany",FINITE_GEOMETRY_ADMISSIBLE_WITNESS,GEOMETRY_ADMISSIBLE,1,1,0,1,38ceeda9a8ace846e82335cbfd84e27158f6c535a57b4311374690f77d3b5263
3376,15162|134108,8425,90978,"Hamburg-Bergedorf, Germany","Dr. Remeis-Observatory, Bamberg, Germany",FINITE_GEOMETRY_ADMISSIBLE_WITNESS,GEOMETRY_ADMISSIBLE,1,1,0,2,3ec452c7ea9fccba1ff8020c3f7b2e9eb1a3123a5fce708c798a70cd35ac6f2f
3377,15162|134109,8425,90979,"Hamburg-Bergedorf, Germany","Dr. Remeis-Observatory, Bamberg, Germany",FINITE_GEOMETRY_ADMISSIBLE_WITNESS,GEOMETRY_ADMISSIBLE,1,1,0,1,50724c61e5bfbfdfed3a0fc800d3074cf10d9d35ee5296d965ea4beefea8283a
3378,15162|134110,8425,90980,"Hamburg-Bergedorf, Germany","Dr. Remeis-Observatory, Bamberg, Germany",FINITE_GEOMETRY_ADMISSIBLE_WITNESS,GEOMETRY_ADMISSIBLE,1,1,0,1,d5f93eabeee2848267b537b8467af4d20701c4dc5b836fb8c436c71dcd771c96
3381,15163|134113,8426,90983,"Hamburg-Bergedorf, Germany","Dr. Remeis-Observatory, Bamberg, Germany",FINITE_GEOMETRY_ADMISSIBLE_WITNESS,GEOMETRY_ADMISSIBLE,1,1,0,1,4400cc7501e38fb06d3005ee42ea73612078ac54ec80ebb61fdea3a710277d94
3382,15163|134114,8426,90984,"Hamburg-Bergedorf, Germany","Dr. Remeis-Observatory, Bamberg, Germany",FINITE_GEOMETRY_ADMISSIBLE_WITNESS,GEOMETRY_ADMISSIBLE,1,1,0,1,52f36656e475735ca44eda64b2e73a2377131ec7cd28484024ac5718670de754
3386,15164|134114,8427,90984,"Hamburg-Bergedorf, Germany","Dr. Remeis-Observatory, Bamberg, Germany",FINITE_GEOMETRY_ADMISSIBLE_WITNESS,GEOMETRY_ADMISSIBLE,1,1,0,1,5285b52cb5fb14c4ee3fa6415a766e45af98228e8dec22f7be3d269b57547006
3390,15165|134114,8428,90984,"Hamburg-Bergedorf, Germany","Dr. Remeis-Observatory, Bamberg, Germany",FINITE_GEOMETRY_ADMISSIBLE_WITNESS,GEOMETRY_ADMISSIBLE,1,1,0,1,9501a1efa7eab315025ee60d050eaa17bdd09c37968ba5aaf612e3d10845e554
3395,15181|134334,8444,91204,"Hamburg-Bergedorf, Germany","Dr. Remeis-Observatory, Bamberg, Germany",FINITE_GEOMETRY_ADMISSIBLE_WITNESS,GEOMETRY_ADMISSIBLE,1,1,0,1,a561cca32bb069e0a859e851046d4e454ef94fb3acc627177ba0620ca325f00b
3396,15181|134335,8444,91205,"Hamburg-Bergedorf, Germany","Dr. Remeis-Observatory, Bamberg, Germany",FINITE_GEOMETRY_ADMISSIBLE_WITNESS,GEOMETRY_ADMISSIBLE,1,1,0,1,a8408fa4b2a616bbc201da4d0d00fee33c317f5899bcb1b0a1386f458e17a63f
3397,15181|134337,8444,91207,"Hamburg-Bergedorf, Germany","Dr. Remeis-Observatory, Bamberg, Germany",FINITE_GEOMETRY_ADMISSIBLE_WITNESS,GEOMETRY_ADMISSIBLE,1,1,0,1,5d8f93d1a4d622a3d85fe141e89d1c2955da139f863933b3c3a45e89fb66fd6c
3398,15182|134334,8445,91204,"Hamburg-Bergedorf, Germany","Dr. Remeis-Observatory, Bamberg, Germany",FINITE_GEOMETRY_ADMISSIBLE_WITNESS,GEOMETRY_ADMISSIBLE,1,1,0,1,464c6a4797f77509ae67425823852467b834fbd7b5b7dcabe9cc931c40a22ea2
3399,15182|134335,8445,91205,"Hamburg-Bergedorf, Germany","Dr. Remeis-Observatory, Bamberg, Germany",FINITE_GEOMETRY_ADMISSIBLE_WITNESS,GEOMETRY_ADMISSIBLE,1,1,0,1,2d1fc5be9c3908e6f965e6d1fe4d1220976c0d8fd543158613635c39c89270f2
3400,15182|134337,8445,91207,"Hamburg-Bergedorf, Germany","Dr. Remeis-Observatory, Bamberg, Germany",FINITE_GEOMETRY_ADMISSIBLE_WITNESS,GEOMETRY_ADMISSIBLE,1,1,0,1,f0d51c59ba80d2ce1bca850c141532aaacef741a3388f3f5d1bc0986012b8e02
3410,15189|134426,8452,91296,"Hamburg-Bergedorf, Germany","Dr. Remeis-Observatory, Bamberg, Germany",FINITE_GEOMETRY_ADMISSIBLE_WITNESS,GEOMETRY_ADMISSIBLE,2,2,0,2,6e8fa6bd7e0472267d0e62db325f60f37b424d6fe58eb2406ed42a1c89e04fe1
3411,15189|134427,8452,91297,"Hamburg-Bergedorf, Germany","Dr. Remeis-Observatory, Bamberg, Germany",FINITE_GEOMETRY_ADMISSIBLE_WITNESS,GEOMETRY_ADMISSIBLE,2,2,0,2,e6a9981c9e6e3f3ddf7fc6bdfc63cb754685b371003d151da52ce5f54e59af83
3412,15189|134429,8452,91299,"Hamburg-Bergedorf, Germany","Dr. Remeis-Observatory, Bamberg, Germany",FINITE_GEOMETRY_ADMISSIBLE_WITNESS,GEOMETRY_ADMISSIBLE,2,2,0,2,4fdaeb2d44a3c2be0d340e9fcae086d2aca64ac46eed3c039734c7e4964dd9da
3413,15190|134426,8453,91296,"Hamburg-Bergedorf, Germany","Dr. Remeis-Observatory, Bamberg, Germany",FINITE_GEOMETRY_ADMISSIBLE_WITNESS,GEOMETRY_ADMISSIBLE,1,1,0,2,45dfb913ff6f5d4c59f380163768f77091f503e1ea5a662f9de0387b732693a4
3414,15190|134427,8453,91297,"Hamburg-Bergedorf, Germany","Dr. Remeis-Observatory, Bamberg, Germany",FINITE_GEOMETRY_ADMISSIBLE_WITNESS,GEOMETRY_ADMISSIBLE,1,1,0,1,e591e456289f94b0546b6d7d358e75dc69cee413323a67acf384b22a60a4aa17
3415,15190|134429,8453,91299,"Hamburg-Bergedorf, Germany","Dr. Remeis-Observatory, Bamberg, Germany",FINITE_GEOMETRY_ADMISSIBLE_WITNESS,GEOMETRY_ADMISSIBLE,1,1,0,1,0d561cdb4cab978620592e6dae7ba0331afdfa287459560d7655c36a1578050a
3443,15198|134454,8461,91324,"Hamburg-Bergedorf, Germany","Dr. Remeis-Observatory, Bamberg, Germany",FINITE_GEOMETRY_ADMISSIBLE_WITNESS,GEOMETRY_ADMISSIBLE,3,3,0,6,5baf12a42e8be4ff1cd637f7c8671ebba5ad7945720aad10c956e198905eae46
3444,15198|134455,8461,91325,"Hamburg-Bergedorf, Germany","Dr. Remeis-Observatory, Bamberg, Germany",FINITE_GEOMETRY_ADMISSIBLE_WITNESS,GEOMETRY_ADMISSIBLE,3,3,0,3,fe5159a9d0334227410d5debcc1412bfd5d2439352dfeb8e7f436d93c12d2041
3445,15198|134457,8461,91327,"Hamburg-Bergedorf, Germany","Dr. Remeis-Observatory, Bamberg, Germany",FINITE_GEOMETRY_ADMISSIBLE_WITNESS,GEOMETRY_ADMISSIBLE,3,3,0,5,0220656e556fe143f8f2b36277a3e4abe5f8ffe8c4afe2132bce654ddada7953
3496,15212|134507,8475,91377,"Hamburg-Bergedorf, Germany","Dr. Remeis-Observatory, Bamberg, Germany",FINITE_GEOMETRY_ADMISSIBLE_WITNESS,GEOMETRY_ADMISSIBLE,1,1,0,3,f891a754a105bb87f459c0c3d67cfad1c4e7f665a449e2a2f0c8503c0e05b60a
3497,15212|134508,8475,91378,"Hamburg-Bergedorf, Germany","Dr. Remeis-Observatory, Bamberg, Germany",FINITE_GEOMETRY_ADMISSIBLE_WITNESS,GEOMETRY_ADMISSIBLE,1,1,0,1,3a4f26e884497241ddce18b8aa99a30fc62b044162fd288aec1e7a2ef443139a
3498,15212|134509,8475,91379,"Hamburg-Bergedorf, Germany","Dr. Remeis-Observatory, Bamberg, Germany",FINITE_GEOMETRY_ADMISSIBLE_WITNESS,GEOMETRY_ADMISSIBLE,1,1,0,1,2dfd6c3092c766ce6affa1c2d973c4598fb45db26c3e67a9895b82dcaaa54c05
3499,15212|134510,8475,91380,"Hamburg-Bergedorf, Germany","Dr. Remeis-Observatory, Bamberg, Germany",FINITE_GEOMETRY_ADMISSIBLE_WITNESS,GEOMETRY_ADMISSIBLE,1,1,0,1,025da42e1cb06de59a92db6fe7c651fc1cfc2622dc8b56403a9676307de7ef16
3500,15213|134507,8476,91377,"Hamburg-Bergedorf, Germany","Dr. Remeis-Observatory, Bamberg, Germany",FINITE_GEOMETRY_ADMISSIBLE_WITNESS,GEOMETRY_ADMISSIBLE,1,1,0,1,48f9cd1519bbf0cc09c2c3e83d6069fcd0817d03005af409501a9216e4c10a0e
3501,15213|134508,8476,91378,"Hamburg-Bergedorf, Germany","Dr. Remeis-Observatory, Bamberg, Germany",FINITE_GEOMETRY_ADMISSIBLE_WITNESS,GEOMETRY_ADMISSIBLE,1,1,0,1,e653d0b2cdc6a320f26823e8533123d74f000315ab97efca3f53257e7ced44a6
3502,15213|134509,8476,91379,"Hamburg-Bergedorf, Germany","Dr. Remeis-Observatory, Bamberg, Germany",FINITE_GEOMETRY_ADMISSIBLE_WITNESS,GEOMETRY_ADMISSIBLE,1,1,0,1,4820504a6f19c6317cf2517acdb50e5cf4661c42e0d56249b52f0fd5084f46ce
3503,15213|134510,8476,91380,"Hamburg-Bergedorf, Germany","Dr. Remeis-Observatory, Bamberg, Germany",FINITE_GEOMETRY_ADMISSIBLE_WITNESS,GEOMETRY_ADMISSIBLE,1,1,0,1,e2783ed39bf9264bb4e626f2a3143c6f31617e9861aa162d051756c48c73bddf
3556,15225|134553,8488,91423,"Hamburg-Bergedorf, Germany","Dr. Remeis-Observatory, Bamberg, Germany",FINITE_GEOMETRY_ADMISSIBLE_WITNESS,GEOMETRY_ADMISSIBLE,1,1,0,1,d6e979e6318b8ac7f4de2e8afaeb5cfe0141ac6dcddca140134fe0e9a7cfaf9c
3557,15225|134554,8488,91424,"Hamburg-Bergedorf, Germany","Dr. Remeis-Observatory, Bamberg, Germany",FINITE_GEOMETRY_ADMISSIBLE_WITNESS,GEOMETRY_ADMISSIBLE,1,1,0,1,396655b8aa36629e4d1f9657ffdeef2be0c4b368fd20e181d94891927591fa6a
3558,15225|134555,8488,91425,"Hamburg-Bergedorf, Germany","Dr. Remeis-Observatory, Bamberg, Germany",FINITE_GEOMETRY_ADMISSIBLE_WITNESS,GEOMETRY_ADMISSIBLE,1,1,0,1,59e7657a9c95d8a8eab935118c251966a2cacd12d2d004f3d878ced08923663e
3559,15226|134553,8489,91423,"Hamburg-Bergedorf, Germany","Dr. Remeis-Observatory, Bamberg, Germany",FINITE_GEOMETRY_ADMISSIBLE_WITNESS,GEOMETRY_ADMISSIBLE,1,1,0,1,5eb7b30753c7e894944074aa3993de8e83d61c61e1e31ceaa2aeb16fd9690633
3560,15226|134554,8489,91424,"Hamburg-Bergedorf, Germany","Dr. Remeis-Observatory, Bamberg, Germany",FINITE_GEOMETRY_ADMISSIBLE_WITNESS,GEOMETRY_ADMISSIBLE,1,1,0,1,d09017f476cc3a8aa34d88f7e7d86e101c194ed393c1e38f8a921114930b9b2b
3561,15226|134555,8489,91425,"Hamburg-Bergedorf, Germany","Dr. Remeis-Observatory, Bamberg, Germany",FINITE_GEOMETRY_ADMISSIBLE_WITNESS,GEOMETRY_ADMISSIBLE,1,1,0,1,a14f55de679915968521584c8a3b7026a1ce245648d5d1365bf129a03a84e94b
3604,15236|134609,8499,91479,"Hamburg-Bergedorf, Germany","Dr. Remeis-Observatory, Bamberg, Germany",FINITE_GEOMETRY_ADMISSIBLE_WITNESS,GEOMETRY_ADMISSIBLE,1,1,0,1,047967d8afd4b1f68adb465780a81eeffd72f898fc6a5f350fecd0d4c6d9d2e2
3605,15236|134610,8499,91480,"Hamburg-Bergedorf, Germany","Dr. Remeis-Observatory, Bamberg, Germany",FINITE_GEOMETRY_ADMISSIBLE_WITNESS,GEOMETRY_ADMISSIBLE,1,1,0,1,b1e4f972a1efaa30b105f2d511fcbfd10a1dad5baa6802eb1dcb6c04ca048696
3606,15236|134611,8499,91481,"Hamburg-Bergedorf, Germany","Dr. Remeis-Observatory, Bamberg, Germany",FINITE_GEOMETRY_ADMISSIBLE_WITNESS,GEOMETRY_ADMISSIBLE,1,1,0,1,addf8eb576823366dfd3366015d0e83c9232644cbacc64c5393db0fdb7672bbd
3607,15236|134612,8499,91482,"Hamburg-Bergedorf, Germany","Dr. Remeis-Observatory, Bamberg, Germany",FINITE_GEOMETRY_ADMISSIBLE_WITNESS,GEOMETRY_ADMISSIBLE,1,1,0,1,1f3c3489d1441458ec0d67ec3c10139cd65d9052001e6ccbe337f964f2bc2109
3608,15237|134609,8500,91479,"Hamburg-Bergedorf, Germany","Dr. Remeis-Observatory, Bamberg, Germany",FINITE_GEOMETRY_ADMISSIBLE_WITNESS,GEOMETRY_ADMISSIBLE,1,1,0,1,b84dbf23a6ba6d56d8566c967ef05c81fbedddc218ea92afb928339ed94bedc3
3609,15237|134610,8500,91480,"Hamburg-Bergedorf, Germany","Dr. Remeis-Observatory, Bamberg, Germany",FINITE_GEOMETRY_ADMISSIBLE_WITNESS,GEOMETRY_ADMISSIBLE,1,1,0,2,5e819fb6e0cc0e835a3473397da539126cb23c6cb487c96718ae2a8b229429cf
3610,15237|134611,8500,91481,"Hamburg-Bergedorf, Germany","Dr. Remeis-Observatory, Bamberg, Germany",FINITE_GEOMETRY_ADMISSIBLE_WITNESS,GEOMETRY_ADMISSIBLE,1,1,0,1,ae5296e89d5929f76da5a5eb2495dd69f792b1aa93ec6301ebcd710bbe37c7df
3611,15237|134612,8500,91482,"Hamburg-Bergedorf, Germany","Dr. Remeis-Observatory, Bamberg, Germany",FINITE_GEOMETRY_ADMISSIBLE_WITNESS,GEOMETRY_ADMISSIBLE,1,1,0,1,083c372072991dc6a02d91e363bbf3a46368835cf9a172f3c8517f6cd0adc021
3651,15245|134637,8508,91507,"Hamburg-Bergedorf, Germany","Dr. Remeis-Observatory, Bamberg, Germany",FINITE_GEOMETRY_ADMISSIBLE_WITNESS,GEOMETRY_ADMISSIBLE,1,1,0,1,4530cb0effbab82446f30c0ed5ca5f526a34740302c50504b0a5c827375facb7
3652,15245|134638,8508,91508,"Hamburg-Bergedorf, Germany","Dr. Remeis-Observatory, Bamberg, Germany",FINITE_GEOMETRY_ADMISSIBLE_WITNESS,GEOMETRY_ADMISSIBLE,1,1,0,2,ad5cfe5a631ca66688195b37beee61bfef31e61fb758478e2455daccd7afab53
3653,15245|134639,8508,91509,"Hamburg-Bergedorf, Germany","Dr. Remeis-Observatory, Bamberg, Germany",FINITE_GEOMETRY_ADMISSIBLE_WITNESS,GEOMETRY_ADMISSIBLE,1,1,0,1,be328927e7d8e3bef2f7b284dd1cd9824cab714ef91153bca018e943146cf74c
3654,15245|134640,8508,91510,"Hamburg-Bergedorf, Germany","Dr. Remeis-Observatory, Bamberg, Germany",FINITE_GEOMETRY_ADMISSIBLE_WITNESS,GEOMETRY_ADMISSIBLE,1,1,0,1,4e217a29f4581f420544be00e8d74fe12b1d4c70f80ab8da6c4a4149ede10dd7
3655,15246|134637,8509,91507,"Hamburg-Bergedorf, Germany","Dr. Remeis-Observatory, Bamberg, Germany",FINITE_GEOMETRY_ADMISSIBLE_WITNESS,GEOMETRY_ADMISSIBLE,1,1,0,1,ab8b2ce2899544acbee86ab026aa6438b44da62ee026cc7fc75de18e5b3d085f
3656,15246|134638,8509,91508,"Hamburg-Bergedorf, Germany","Dr. Remeis-Observatory, Bamberg, Germany",FINITE_GEOMETRY_ADMISSIBLE_WITNESS,GEOMETRY_ADMISSIBLE,1,1,0,1,a3f90d82ce02ae6df3491212add33d33b224c6ad5b2ed69f9dddd08171b4ffcf
3657,15246|134639,8509,91509,"Hamburg-Bergedorf, Germany","Dr. Remeis-Observatory, Bamberg, Germany",FINITE_GEOMETRY_ADMISSIBLE_WITNESS,GEOMETRY_ADMISSIBLE,1,1,0,2,1cc7ca390a47dbff6332092a7d51c4839663a50e1f5b99a23ce3feda975c9636
3658,15246|134640,8509,91510,"Hamburg-Bergedorf, Germany","Dr. Remeis-Observatory, Bamberg, Germany",FINITE_GEOMETRY_ADMISSIBLE_WITNESS,GEOMETRY_ADMISSIBLE,1,1,0,2,2d1fcb32ba878081b55cb31372830a9e0538a85565e96e20d13596af6d212afd
3676,15251|134672,8514,91542,"Hamburg-Bergedorf, Germany","Dr. Remeis-Observatory, Bamberg, Germany",FINITE_GEOMETRY_ADMISSIBLE_WITNESS,GEOMETRY_ADMISSIBLE,1,1,0,2,bfec778568dba42878986381122788f516f2510be40caf2561b5b39263509114
3692,15253|134728,8516,91598,"Hamburg-Bergedorf, Germany","Dr. Remeis-Observatory, Bamberg, Germany",FINITE_GEOMETRY_ADMISSIBLE_WITNESS,GEOMETRY_ADMISSIBLE,1,1,0,1,4d65f0ed4f9a6371f97798b2a3bd0202a8dddb767f88dda84347b6e68fb3a23c
3788,15274|135120,8537,91990,"Hamburg-Bergedorf, Germany","Dr. Remeis-Observatory, Bamberg, Germany",FINITE_GEOMETRY_ADMISSIBLE_WITNESS,GEOMETRY_ADMISSIBLE,1,1,0,2,95bf07bb0e7c988cac79f63f4cc01a3d94147e7683f3e2fcfe25b1d2f8010ee2
3789,15274|135121,8537,91991,"Hamburg-Bergedorf, Germany","Dr. Remeis-Observatory, Bamberg, Germany",FINITE_GEOMETRY_ADMISSIBLE_WITNESS,GEOMETRY_ADMISSIBLE,1,1,0,1,80a7a4af8881ddf9a08b7b86338820c6c14f3f09c03f8350ff282be0e2e90e39
3790,15274|135122,8537,91992,"Hamburg-Bergedorf, Germany","Dr. Remeis-Observatory, Bamberg, Germany",FINITE_GEOMETRY_ADMISSIBLE_WITNESS,GEOMETRY_ADMISSIBLE,1,1,0,2,0343d1ed3f9690f47de1c49d8cf1dd8be1742ff981fc780cd459f8b96d48d9ff
3791,15274|135123,8537,91993,"Hamburg-Bergedorf, Germany","Dr. Remeis-Observatory, Bamberg, Germany",FINITE_GEOMETRY_ADMISSIBLE_WITNESS,GEOMETRY_ADMISSIBLE,1,1,0,1,8982be623126f85200f17dafb431fc498c8d707fcb57fbbe74c47c5d342443b7
3816,15280|135156,8543,92026,"Hamburg-Bergedorf, Germany","Dr. Remeis-Observatory, Bamberg, Germany",FINITE_GEOMETRY_ADMISSIBLE_WITNESS,GEOMETRY_ADMISSIBLE,1,1,0,2,405d278e4d7dc6ba5f91d0914a0e19537a446de260b255a63193ae7486797039
3817,15280|135157,8543,92027,"Hamburg-Bergedorf, Germany","Dr. Remeis-Observatory, Bamberg, Germany",FINITE_GEOMETRY_ADMISSIBLE_WITNESS,GEOMETRY_ADMISSIBLE,1,1,0,1,f9b4058278e504871dca1089895142a6114f29e9b25abde1039d877ab866eb7c
3818,15280|135158,8543,92028,"Hamburg-Bergedorf, Germany","Dr. Remeis-Observatory, Bamberg, Germany",FINITE_GEOMETRY_ADMISSIBLE_WITNESS,GEOMETRY_ADMISSIBLE,1,1,0,3,b3c19328c882b9d5db5f81c02d163ae9325e6b49fb4724d2218188fee8b3e96d
3819,15280|135159,8543,92029,"Hamburg-Bergedorf, Germany","Dr. Remeis-Observatory, Bamberg, Germany",FINITE_GEOMETRY_ADMISSIBLE_WITNESS,GEOMETRY_ADMISSIBLE,1,1,0,1,07c8f46e99f8c48cc7d88b78d0441b3eb3960e07b4fdcd1fde8645f1b7c8d860
3829,15284|135224,8547,92094,"Hamburg-Bergedorf, Germany","Dr. Remeis-Observatory, Bamberg, Germany",FINITE_GEOMETRY_ADMISSIBLE_WITNESS,GEOMETRY_ADMISSIBLE,1,1,0,2,aa18f223149f21547cb6ef5cab9f31f62fb7e5ead14ee191ea619e9554ebd904
3830,15284|135225,8547,92095,"Hamburg-Bergedorf, Germany","Dr. Remeis-Observatory, Bamberg, Germany",FINITE_GEOMETRY_ADMISSIBLE_WITNESS,GEOMETRY_ADMISSIBLE,1,1,0,1,3502092f66de83ec37425e82168a16b8aab070b517394e45ef028fec1896291a
3831,15284|135226,8547,92096,"Hamburg-Bergedorf, Germany","Dr. Remeis-Observatory, Bamberg, Germany",FINITE_GEOMETRY_ADMISSIBLE_WITNESS,GEOMETRY_ADMISSIBLE,1,1,0,1,760ca461d63a48f33251047fe9f2b31172e5d7561611db3f713d0bd5576acca3
3841,15300|135467,8560,92337,"Hamburg-Bergedorf, Germany","Dr. Remeis-Observatory, Bamberg, Germany",FINITE_GEOMETRY_ADMISSIBLE_WITNESS,GEOMETRY_ADMISSIBLE,1,1,0,1,d6874799eea455a37c597856d3cd24469a68b6dc79c6e5c7ef35dee693b3c595
3842,15300|135468,8560,92338,"Hamburg-Bergedorf, Germany","Dr. Remeis-Observatory, Bamberg, Germany",FINITE_GEOMETRY_ADMISSIBLE_WITNESS,GEOMETRY_ADMISSIBLE,1,1,0,2,9923638395b8a789bed4be6d8ce3d7131482e7f19f3e7ea705d2eaa40ff588dc
3843,15300|135469,8560,92339,"Hamburg-Bergedorf, Germany","Dr. Remeis-Observatory, Bamberg, Germany",FINITE_GEOMETRY_ADMISSIBLE_WITNESS,GEOMETRY_ADMISSIBLE,1,1,0,1,8cf850c7a4a92903238028542c2238b3bbc4b9f8e5d230c5ddff47ee751f293f
3844,15300|135470,8560,92340,"Hamburg-Bergedorf, Germany","Dr. Remeis-Observatory, Bamberg, Germany",FINITE_GEOMETRY_ADMISSIBLE_WITNESS,GEOMETRY_ADMISSIBLE,1,1,0,1,87471ccb40716cd404b1fc916d3bc015174977eafdafbd0f9da26ee1f5fe27f8
3845,15301|135467,8560,92337,"Hamburg-Bergedorf, Germany","Dr. Remeis-Observatory, Bamberg, Germany",FINITE_GEOMETRY_ADMISSIBLE_WITNESS,GEOMETRY_ADMISSIBLE,1,1,0,1,7d93bf067d3c14f1b3c173a28322f16147879e28a88f9c1ed00613931a7a198b
3846,15301|135468,8560,92338,"Hamburg-Bergedorf, Germany","Dr. Remeis-Observatory, Bamberg, Germany",FINITE_GEOMETRY_ADMISSIBLE_WITNESS,GEOMETRY_ADMISSIBLE,1,1,0,1,fedf3e56185b56c298a15b381eba06f4a41744571117992c623db23cc51311ed
3847,15301|135469,8560,92339,"Hamburg-Bergedorf, Germany","Dr. Remeis-Observatory, Bamberg, Germany",FINITE_GEOMETRY_ADMISSIBLE_WITNESS,GEOMETRY_ADMISSIBLE,1,1,0,2,70a801b90d100ea724a9e09518b750d9dd5c6c8665939917974ae4be25121501
3848,15301|135470,8560,92340,"Hamburg-Bergedorf, Germany","Dr. Remeis-Observatory, Bamberg, Germany",FINITE_GEOMETRY_ADMISSIBLE_WITNESS,GEOMETRY_ADMISSIBLE,1,1,0,1,6840626a5333c06757943d6083839dcf77076fd746d803f65aeb74fce35bf9e3
3849,15302|135467,8561,92337,"Hamburg-Bergedorf, Germany","Dr. Remeis-Observatory, Bamberg, Germany",FINITE_GEOMETRY_ADMISSIBLE_WITNESS,GEOMETRY_ADMISSIBLE,1,1,0,1,48d4354dc29a6e9bb8a56ace5caf4b5c9a065e10958f5e613270953b92143cb2
3850,15302|135468,8561,92338,"Hamburg-Bergedorf, Germany","Dr. Remeis-Observatory, Bamberg, Germany",FINITE_GEOMETRY_ADMISSIBLE_WITNESS,GEOMETRY_ADMISSIBLE,1,1,0,1,6fb4db8afaabdac614cac652bd954023eb135e89657d1ede9caa4c29ded3e528
3851,15302|135469,8561,92339,"Hamburg-Bergedorf, Germany","Dr. Remeis-Observatory, Bamberg, Germany",FINITE_GEOMETRY_ADMISSIBLE_WITNESS,GEOMETRY_ADMISSIBLE,1,1,0,1,f16ec97bf315fcd1800b7d381d47ac05df2c7159e3c9fa371ec93c1edc0aefea
3852,15302|135470,8561,92340,"Hamburg-Bergedorf, Germany","Dr. Remeis-Observatory, Bamberg, Germany",FINITE_GEOMETRY_ADMISSIBLE_WITNESS,GEOMETRY_ADMISSIBLE,1,1,0,1,982dd898b545683d320aadb63b407cca0353fe804cd2f1ae5a19d9d60a1591b5
3853,15303|135467,8561,92337,"Hamburg-Bergedorf, Germany","Dr. Remeis-Observatory, Bamberg, Germany",FINITE_GEOMETRY_ADMISSIBLE_WITNESS,GEOMETRY_ADMISSIBLE,1,1,0,1,45a1774bb4998008817d0d9c8c8def263d1f9b1ec076f258f4af39a14fc1f1e9
3854,15303|135468,8561,92338,"Hamburg-Bergedorf, Germany","Dr. Remeis-Observatory, Bamberg, Germany",FINITE_GEOMETRY_ADMISSIBLE_WITNESS,GEOMETRY_ADMISSIBLE,1,1,0,1,33069a6bc7f4eeb5b8b65eb9dcc86a537b6e90dfa955ca12fb87151c54bc3e21
3855,15303|135469,8561,92339,"Hamburg-Bergedorf, Germany","Dr. Remeis-Observatory, Bamberg, Germany",FINITE_GEOMETRY_ADMISSIBLE_WITNESS,GEOMETRY_ADMISSIBLE,1,1,0,1,9577bab80ce3329d6a7ded66c3d1a72717a52c2eff3bc30a36f823c4eeedffeb
3856,15303|135470,8561,92340,"Hamburg-Bergedorf, Germany","Dr. Remeis-Observatory, Bamberg, Germany",FINITE_GEOMETRY_ADMISSIBLE_WITNESS,GEOMETRY_ADMISSIBLE,1,1,0,1,abe6c2e01f24a927d96aac85522ac3eccc31e4c8ee65718a5ade90ff637713f2
3885,15325|135722,8580,92592,"Hamburg-Bergedorf, Germany","Dr. Remeis-Observatory, Bamberg, Germany",FINITE_GEOMETRY_ADMISSIBLE_WITNESS,GEOMETRY_ADMISSIBLE,1,1,0,1,7e9a811c81ecdae840c2fc41325e87d246473e44fd757c3da46bbdb69dc452f6
3887,15326|135719,8581,92589,"Hamburg-Bergedorf, Germany","Dr. Remeis-Observatory, Bamberg, Germany",FINITE_GEOMETRY_ADMISSIBLE_WITNESS,GEOMETRY_ADMISSIBLE,1,1,0,1,98d6b1471e6e37c110137396b6dcece5effd45dbbd00d16a9a66fad7ad020bd2
3889,15326|135722,8581,92592,"Hamburg-Bergedorf, Germany","Dr. Remeis-Observatory, Bamberg, Germany",FINITE_GEOMETRY_ADMISSIBLE_WITNESS,GEOMETRY_ADMISSIBLE,1,1,0,1,54e8b72d17825c398035c6cfb96422e72c4fc24ec35ed58cc61e00653bf8326c
3890,15327|135718,8582,92588,"Hamburg-Bergedorf, Germany","Dr. Remeis-Observatory, Bamberg, Germany",FINITE_GEOMETRY_ADMISSIBLE_WITNESS,GEOMETRY_ADMISSIBLE,1,1,0,1,f4ba38747209cdcafcfed2709010f5a920d678cacf234d9bd1387233dcee1066
3891,15327|135719,8582,92589,"Hamburg-Bergedorf, Germany","Dr. Remeis-Observatory, Bamberg, Germany",FINITE_GEOMETRY_ADMISSIBLE_WITNESS,GEOMETRY_ADMISSIBLE,1,1,0,1,698d098f127b6658c5e9bda2df4c1c452487cf921c36e5cdc91b13efdea1dff4
3893,15327|135722,8582,92592,"Hamburg-Bergedorf, Germany","Dr. Remeis-Observatory, Bamberg, Germany",FINITE_GEOMETRY_ADMISSIBLE_WITNESS,GEOMETRY_ADMISSIBLE,1,1,0,1,36e9d625edfb66c115707126d0591196b22201a6711a43b15080ec1c0f37de48
3894,15327|135723,8582,92593,"Hamburg-Bergedorf, Germany","Dr. Remeis-Observatory, Bamberg, Germany",FINITE_GEOMETRY_ADMISSIBLE_WITNESS,GEOMETRY_ADMISSIBLE,1,1,0,1,866ad1534d6ca544ac3915131be591393a35fc49e35905ce6b3e87178cf9f39a
3895,15327|135724,8582,92594,"Hamburg-Bergedorf, Germany","Dr. Remeis-Observatory, Bamberg, Germany",FINITE_GEOMETRY_ADMISSIBLE_WITNESS,GEOMETRY_ADMISSIBLE,1,1,0,1,3c23382deba6d2039d667d784019eb4ac321104ab82715a6ca6e4e356d448ed3
3896,15327|135725,8582,92595,"Hamburg-Bergedorf, Germany","Dr. Remeis-Observatory, Bamberg, Germany",FINITE_GEOMETRY_ADMISSIBLE_WITNESS,GEOMETRY_ADMISSIBLE,1,1,0,1,8d7d11f8d06dfe578d3939f3d51e93865e96779c1927baec3d42c4cfc75f43de
3897,15327|135726,8582,92596,"Hamburg-Bergedorf, Germany","Dr. Remeis-Observatory, Bamberg, Germany",FINITE_GEOMETRY_ADMISSIBLE_WITNESS,GEOMETRY_ADMISSIBLE,1,1,0,1,1400e504beaae7e9c7508cf6edf7144d2a7549df2a22d091f92440579bc01511
3898,15327|135727,8582,92597,"Hamburg-Bergedorf, Germany","Dr. Remeis-Observatory, Bamberg, Germany",FINITE_GEOMETRY_ADMISSIBLE_WITNESS,GEOMETRY_ADMISSIBLE,1,1,0,1,9ca1f0bc078c0295492b8df1fe1aa6d504150bafd48289772a5d0fb1e7023b63
3899,15328|135723,8583,92593,"Hamburg-Bergedorf, Germany","Dr. Remeis-Observatory, Bamberg, Germany",FINITE_GEOMETRY_ADMISSIBLE_WITNESS,GEOMETRY_ADMISSIBLE,1,1,0,1,f75de78bcd3dab393a4457000baa8f2e2d60d1609ba3a082979570b5e91dbd07
3900,15328|135724,8583,92594,"Hamburg-Bergedorf, Germany","Dr. Remeis-Observatory, Bamberg, Germany",FINITE_GEOMETRY_ADMISSIBLE_WITNESS,GEOMETRY_ADMISSIBLE,1,1,0,1,57ae3a3a076b78762c8d975621d3054538c1d22fe8edccacb1966f1fbe6e7541
3901,15328|135725,8583,92595,"Hamburg-Bergedorf, Germany","Dr. Remeis-Observatory, Bamberg, Germany",FINITE_GEOMETRY_ADMISSIBLE_WITNESS,GEOMETRY_ADMISSIBLE,1,1,0,2,7909b3cf1d402351d558055078da9e30f05b101486c8ed62e981c8bb142ddc59
3902,15328|135726,8583,92596,"Hamburg-Bergedorf, Germany","Dr. Remeis-Observatory, Bamberg, Germany",FINITE_GEOMETRY_ADMISSIBLE_WITNESS,GEOMETRY_ADMISSIBLE,1,1,0,2,6e38e25ad35527591339fcc9d98ecf1f0c6cba30975a0ec28b280d5e5130c0cb
3903,15328|135727,8583,92597,"Hamburg-Bergedorf, Germany","Dr. Remeis-Observatory, Bamberg, Germany",FINITE_GEOMETRY_ADMISSIBLE_WITNESS,GEOMETRY_ADMISSIBLE,1,1,0,1,74b76372163ee61f6f094dc818ee1d65702663f44b08e3b24293785412d5f9af
3905,15329|135724,8584,92594,"Hamburg-Bergedorf, Germany","Dr. Remeis-Observatory, Bamberg, Germany",FINITE_GEOMETRY_ADMISSIBLE_WITNESS,GEOMETRY_ADMISSIBLE,1,1,0,1,19b9c1bf67ec3c1331ce7324de851b7eb4e82de4bc7993d8539cca8b6699f40e
3906,15329|135725,8584,92595,"Hamburg-Bergedorf, Germany","Dr. Remeis-Observatory, Bamberg, Germany",FINITE_GEOMETRY_ADMISSIBLE_WITNESS,GEOMETRY_ADMISSIBLE,1,1,0,3,51d147024bf9e3af9f95f3c46ae617863164b444fde8aced1389c1307c9322fe
3907,15329|135726,8584,92596,"Hamburg-Bergedorf, Germany","Dr. Remeis-Observatory, Bamberg, Germany",FINITE_GEOMETRY_ADMISSIBLE_WITNESS,GEOMETRY_ADMISSIBLE,1,1,0,1,430ff5c1af627f912ffe4c72d9a70412c191c722642d1bc4a270f699c91bab19
3908,15329|135727,8584,92597,"Hamburg-Bergedorf, Germany","Dr. Remeis-Observatory, Bamberg, Germany",FINITE_GEOMETRY_ADMISSIBLE_WITNESS,GEOMETRY_ADMISSIBLE,1,1,0,1,5beb2a2c13a6025a44832561a377f35917fe64711594007feeed25a495fc0896
3912,15360|136034,8615,92904,"Hamburg-Bergedorf, Germany","Dr. Remeis-Observatory, Bamberg, Germany",FINITE_GEOMETRY_ADMISSIBLE_WITNESS,GEOMETRY_ADMISSIBLE,1,1,0,1,7afd963d3c125eb9ad8265944a5e43e47c2fbe371137fdf4bb88604ba966a2ec
3913,15360|136035,8615,92905,"Hamburg-Bergedorf, Germany","Dr. Remeis-Observatory, Bamberg, Germany",FINITE_GEOMETRY_ADMISSIBLE_WITNESS,GEOMETRY_ADMISSIBLE,1,1,0,2,80c58eee0564482a5c47235b3bd34e950f9d495eddfb45c93800be4d8227ee55
3914,15360|136036,8615,92906,"Hamburg-Bergedorf, Germany","Dr. Remeis-Observatory, Bamberg, Germany",FINITE_GEOMETRY_ADMISSIBLE_WITNESS,GEOMETRY_ADMISSIBLE,1,1,0,1,2eec733acaa4d6be02783483d3b2b40a23893019a293cf669fe3892ff795cfe7
3915,15361|136034,8616,92904,"Hamburg-Bergedorf, Germany","Dr. Remeis-Observatory, Bamberg, Germany",FINITE_GEOMETRY_ADMISSIBLE_WITNESS,GEOMETRY_ADMISSIBLE,1,1,0,1,9b495414c6c99feb6cec7285b2802d42fea2befaea5c37c0230eda93df565783
3916,15361|136035,8616,92905,"Hamburg-Bergedorf, Germany","Dr. Remeis-Observatory, Bamberg, Germany",FINITE_GEOMETRY_ADMISSIBLE_WITNESS,GEOMETRY_ADMISSIBLE,1,1,0,2,9e199cf2574360de478c18570d7e012c07ed71bf204bbc24d46e4fefbd8a77c7
3917,15361|136036,8616,92906,"Hamburg-Bergedorf, Germany","Dr. Remeis-Observatory, Bamberg, Germany",FINITE_GEOMETRY_ADMISSIBLE_WITNESS,GEOMETRY_ADMISSIBLE,1,1,0,1,d4331c57594087d01e160d32f8ffe3c51c20a3d1b8e58308859ee727558ab17f
3918,15362|136097,8617,92967,"Hamburg-Bergedorf, Germany","Dr. Remeis-Observatory, Bamberg, Germany",FINITE_GEOMETRY_ADMISSIBLE_WITNESS,GEOMETRY_ADMISSIBLE,1,1,0,1,3b0e05cc087201f94f6a633394fd5161bc28f73e5890c7e5e358f24591877570
3919,15362|136098,8617,92968,"Hamburg-Bergedorf, Germany","Dr. Remeis-Observatory, Bamberg, Germany",FINITE_GEOMETRY_ADMISSIBLE_WITNESS,GEOMETRY_ADMISSIBLE,1,1,0,1,b8f354756ddd19aebfd1892ff50d9ee7fb6d223c0f88b341c1a2a31697f1aa87
3920,15362|136099,8617,92969,"Hamburg-Bergedorf, Germany","Dr. Remeis-Observatory, Bamberg, Germany",FINITE_GEOMETRY_ADMISSIBLE_WITNESS,GEOMETRY_ADMISSIBLE,1,1,0,1,76a3eab09df76b0dbebc2f20fe911933399e8be3c38406a77f733eb7b6bf6454
3931,15373|136213,8628,93083,"Hamburg-Bergedorf, Germany","Dr. Remeis-Observatory, Bamberg, Germany",FINITE_GEOMETRY_ADMISSIBLE_WITNESS,GEOMETRY_ADMISSIBLE,1,1,0,2,5a22c50189162061a8d9a306b58c24671352e89ab8f014eed4bf037059631fdc
3932,15373|136214,8628,93084,"Hamburg-Bergedorf, Germany","Dr. Remeis-Observatory, Bamberg, Germany",FINITE_GEOMETRY_ADMISSIBLE_WITNESS,GEOMETRY_ADMISSIBLE,1,1,0,1,fadd11c6574182ff930993c7902c1e75ee61f1d952c5b14eae37c6268f62901b
3933,15373|136215,8628,93085,"Hamburg-Bergedorf, Germany","Dr. Remeis-Observatory, Bamberg, Germany",FINITE_GEOMETRY_ADMISSIBLE_WITNESS,GEOMETRY_ADMISSIBLE,1,1,0,1,3ccc70be8553224b3a5250a69e8016d41030eaa8872dbb3b6197c597329dd3b5
3934,15373|136216,8628,93086,"Hamburg-Bergedorf, Germany","Dr. Remeis-Observatory, Bamberg, Germany",FINITE_GEOMETRY_ADMISSIBLE_WITNESS,GEOMETRY_ADMISSIBLE,1,1,0,1,6a585def1ea351a9072e70289f685f8c69bf309cb7d1bedb2b714221aaa13622
3983,15445|137954,8700,94824,"Hamburg-Bergedorf, Germany","Dr. Remeis-Observatory, Bamberg, Germany",FINITE_GEOMETRY_ADMISSIBLE_WITNESS,GEOMETRY_ADMISSIBLE,1,1,0,2,b1757c69337c25aebfad2a19909ec1a91c25f330b88c6149fb0e8ccb29b06dd1
3991,15446|137954,8701,94824,"Hamburg-Bergedorf, Germany","Dr. Remeis-Observatory, Bamberg, Germany",FINITE_GEOMETRY_ADMISSIBLE_WITNESS,GEOMETRY_ADMISSIBLE,1,1,0,2,0d226e4f66f197d145fc239e1882e7e0a854fc1ba0cd98ebdad7d626448c5c2d
4003,15447|138029,8702,94899,"Hamburg-Bergedorf, Germany","Dr. Remeis-Observatory, Bamberg, Germany",FINITE_GEOMETRY_ADMISSIBLE_WITNESS,GEOMETRY_ADMISSIBLE,1,1,0,1,cc1b6bebadf5afb9ce98971d2f0c4c885c48bdeb8c54f45438a783038ff482a0
4004,15447|138030,8702,94900,"Hamburg-Bergedorf, Germany","Dr. Remeis-Observatory, Bamberg, Germany",FINITE_GEOMETRY_ADMISSIBLE_WITNESS,GEOMETRY_ADMISSIBLE,1,1,0,1,707da25bc4fab387e42ad77e4dc8cdc7ee8f36b83dab8315243ac4b8513edc21
4005,15447|138031,8702,94901,"Hamburg-Bergedorf, Germany","Dr. Remeis-Observatory, Bamberg, Germany",FINITE_GEOMETRY_ADMISSIBLE_WITNESS,GEOMETRY_ADMISSIBLE,1,1,0,1,6a26ecd0f27c7830341830e5980751de136a8ba9becc667c50bc605c74e22d22
4007,15447|138034,8702,94904,"Hamburg-Bergedorf, Germany","Dr. Remeis-Observatory, Bamberg, Germany",FINITE_GEOMETRY_ADMISSIBLE_WITNESS,GEOMETRY_ADMISSIBLE,1,1,0,1,55d9627958909033982083f503064dcff41f19d308c12ff71a348a8c7246d747
4008,15447|138035,8702,94905,"Hamburg-Bergedorf, Germany","Dr. Remeis-Observatory, Bamberg, Germany",FINITE_GEOMETRY_ADMISSIBLE_WITNESS,GEOMETRY_ADMISSIBLE,1,1,0,1,676ef17a50c5478c92aae92956635b4864a665a5fbfe5279d4c4b4b7448530a2
4009,15454|138092,8709,94962,"Hamburg-Bergedorf, Germany","Dr. Remeis-Observatory, Bamberg, Germany",FINITE_GEOMETRY_ADMISSIBLE_WITNESS,GEOMETRY_ADMISSIBLE,1,1,0,3,8caba6ef18c980677f4ccf702ede5300e0efcc28d76954e6f35c46fd7e811259
4010,15454|138093,8709,94963,"Hamburg-Bergedorf, Germany","Dr. Remeis-Observatory, Bamberg, Germany",FINITE_GEOMETRY_ADMISSIBLE_WITNESS,GEOMETRY_ADMISSIBLE,1,1,0,3,c9addf6f516a37b93d08d8a7904636578abbb87e2834f6c4a656b4decc372016
4011,15454|138094,8709,94964,"Hamburg-Bergedorf, Germany","Dr. Remeis-Observatory, Bamberg, Germany",FINITE_GEOMETRY_ADMISSIBLE_WITNESS,GEOMETRY_ADMISSIBLE,1,1,0,1,0200a38aa915e2400574beb608e07eed497926d97bb01345d0e15c5fc9219a89
4013,15454|138097,8709,94967,"Hamburg-Bergedorf, Germany","Dr. Remeis-Observatory, Bamberg, Germany",FINITE_GEOMETRY_ADMISSIBLE_WITNESS,GEOMETRY_ADMISSIBLE,1,1,0,1,1f0907a2ea5541fea8e1e8626a2e279ac6162cb51ab14ba0c36c140bc0256e00
4014,15454|138098,8709,94968,"Hamburg-Bergedorf, Germany","Dr. Remeis-Observatory, Bamberg, Germany",FINITE_GEOMETRY_ADMISSIBLE_WITNESS,GEOMETRY_ADMISSIBLE,1,1,0,2,cf09e66f34dbd264bd9ec270f04c7b6353065c4c90476ca6cae258ba04d2d92e
4015,15454|138099,8709,94969,"Hamburg-Bergedorf, Germany","Dr. Remeis-Observatory, Bamberg, Germany",FINITE_GEOMETRY_ADMISSIBLE_WITNESS,GEOMETRY_ADMISSIBLE,1,1,0,1,64450d467306e9762d2d48b5b5c2a21b0042a6d8dbd74a6143c883aa8b05e64c
4016,15455|138092,8710,94962,"Hamburg-Bergedorf, Germany","Dr. Remeis-Observatory, Bamberg, Germany",FINITE_GEOMETRY_ADMISSIBLE_WITNESS,GEOMETRY_ADMISSIBLE,1,1,0,2,dcacc89a14b1e75a68a65c2b0d65bf646e6a1ce47a834d0e1c03eefd70ca1d37
4018,15455|138094,8710,94964,"Hamburg-Bergedorf, Germany","Dr. Remeis-Observatory, Bamberg, Germany",FINITE_GEOMETRY_ADMISSIBLE_WITNESS,GEOMETRY_ADMISSIBLE,1,1,0,2,a0eaf665a25de2a6c956d578d647e7badd4d484f510da74d83ad36fe1c084d13
4020,15455|138097,8710,94967,"Hamburg-Bergedorf, Germany","Dr. Remeis-Observatory, Bamberg, Germany",FINITE_GEOMETRY_ADMISSIBLE_WITNESS,GEOMETRY_ADMISSIBLE,1,1,0,1,a5e956e22b41144aca6abfd9535152e8ef9d6f15d202decf7f2cadb830f3d8be
4021,15455|138098,8710,94968,"Hamburg-Bergedorf, Germany","Dr. Remeis-Observatory, Bamberg, Germany",FINITE_GEOMETRY_ADMISSIBLE_WITNESS,GEOMETRY_ADMISSIBLE,1,1,0,2,8cd0257f87adcce70f045485a0ce7d0123e7f29388ef4c4589b2a16a3e4f8eb8
4022,15455|138099,8710,94969,"Hamburg-Bergedorf, Germany","Dr. Remeis-Observatory, Bamberg, Germany",FINITE_GEOMETRY_ADMISSIBLE_WITNESS,GEOMETRY_ADMISSIBLE,1,1,0,2,f2a1ff3d24a49b3347f504cef6226f2c80a472660d03f50df73fec53d399cfa9
4023,15455|138100,8710,94970,"Hamburg-Bergedorf, Germany","Dr. Remeis-Observatory, Bamberg, Germany",FINITE_GEOMETRY_ADMISSIBLE_WITNESS,GEOMETRY_ADMISSIBLE,1,1,0,1,ebec80c4aa401e9586a6cbc813807109d132b6d35d32591d2f1fa3976ba31e4d
4025,15455|138102,8710,94972,"Hamburg-Bergedorf, Germany","Dr. Remeis-Observatory, Bamberg, Germany",FINITE_GEOMETRY_ADMISSIBLE_WITNESS,GEOMETRY_ADMISSIBLE,1,1,0,1,9b1ab9a6959a6f701adce3f1c8987670e464e0b38a57952fb6aa38004bc3eb2e
4026,15455|138103,8710,94973,"Hamburg-Bergedorf, Germany","Dr. Remeis-Observatory, Bamberg, Germany",FINITE_GEOMETRY_ADMISSIBLE_WITNESS,GEOMETRY_ADMISSIBLE,1,1,0,1,93024fd5b485a97e196a47512e94bf02f88326fdf3db248cf7691c6686c33a6f
4028,15455|138105,8710,94975,"Hamburg-Bergedorf, Germany","Dr. Remeis-Observatory, Bamberg, Germany",FINITE_GEOMETRY_ADMISSIBLE_WITNESS,GEOMETRY_ADMISSIBLE,1,1,0,1,6e5c4d5e54e4f2c431a85bd495ee99ee6292cb3754bdb0472b07d2e9754b10df
4029,15455|138106,8710,94976,"Hamburg-Bergedorf, Germany","Dr. Remeis-Observatory, Bamberg, Germany",FINITE_GEOMETRY_ADMISSIBLE_WITNESS,GEOMETRY_ADMISSIBLE,1,1,0,1,972087aa60e8bef014f0a53eae64415497be38de0e17758fce3eb67a16de705f
4030,15455|138107,8710,94977,"Hamburg-Bergedorf, Germany","Dr. Remeis-Observatory, Bamberg, Germany",FINITE_GEOMETRY_ADMISSIBLE_WITNESS,GEOMETRY_ADMISSIBLE,1,1,0,1,11cc1358f953c1e8cfb129100a0ac0c4c40e4e0876c09a3ed1df14ba9ad8a54d
4034,15456|138111,8711,94981,"Hamburg-Bergedorf, Germany","Dr. Remeis-Observatory, Bamberg, Germany",FINITE_GEOMETRY_ADMISSIBLE_WITNESS,GEOMETRY_ADMISSIBLE,1,1,0,1,578e61c0990fa8fa216a5f1b633339e29df49743de2fa8e9c2bdc6f6cf60a303
4109,16703|138613,28813,95483,"Boyden Observatory, Bloemfontein, South Africa","Dr. Remeis-Observatory, Bamberg, Germany",FINITE_GEOMETRY_ADMISSIBLE_WITNESS,GEOMETRY_ADMISSIBLE,1,1,0,1,9f8edeb1968f2329efd55b574f44f93736ac83dea987f5c441b0a7347a6f8a1f
4137,16739|138618,28849,95488,"Boyden Observatory, Bloemfontein, South Africa","Dr. Remeis-Observatory, Bamberg, Germany",FINITE_GEOMETRY_ADMISSIBLE_WITNESS,GEOMETRY_ADMISSIBLE,1,1,0,1,90db0b4c3d8fc64840355e31ba17a99267cafb9f22538b808daae3505049d110
4259,17267|138748,29377,95618,"Boyden Observatory, Bloemfontein, South Africa","Dr. Remeis-Observatory, Bamberg, Germany",FINITE_GEOMETRY_ADMISSIBLE_WITNESS,GEOMETRY_ADMISSIBLE,1,1,0,1,bee3862beb248004bcd60ce3f446beb155c44cc611f931a16d6e4c251704c85c
4298,17273|138748,29383,95618,"Boyden Observatory, Bloemfontein, South Africa","Dr. Remeis-Observatory, Bamberg, Germany",FINITE_GEOMETRY_ADMISSIBLE_WITNESS,GEOMETRY_ADMISSIBLE,1,1,0,1,63b0b674a133a86dd5948dacb46ec2b65c8ce4a91425d293852d12670f2f07ef
4303,17273|138753,29383,95623,"Boyden Observatory, Bloemfontein, South Africa","Dr. Remeis-Observatory, Bamberg, Germany",FINITE_GEOMETRY_ADMISSIBLE_WITNESS,GEOMETRY_ADMISSIBLE,1,1,0,1,8cf9be4fbd4ca0999b37992810e416e1eb05b67ae21957a608efb73798829c08
4361,17279|138758,29389,95628,"Boyden Observatory, Bloemfontein, South Africa","Dr. Remeis-Observatory, Bamberg, Germany",FINITE_GEOMETRY_ADMISSIBLE_WITNESS,GEOMETRY_ADMISSIBLE,1,1,0,1,f3793c4e1a3b29574d9a3ac8c8837e84931c2eb5bd3e4114feab167158958ab3
4401,17285|138758,29395,95628,"Boyden Observatory, Bloemfontein, South Africa","Dr. Remeis-Observatory, Bamberg, Germany",FINITE_GEOMETRY_ADMISSIBLE_WITNESS,GEOMETRY_ADMISSIBLE,1,1,0,1,00d6d984a974bb6d40cdd51f7f4ba96e175da0facc8047e6e6c9e2bd2348b0e9
4415,17945|138835,30055,95705,"Boyden Observatory, Bloemfontein, South Africa","Dr. Remeis-Observatory, Bamberg, Germany",FINITE_GEOMETRY_ADMISSIBLE_WITNESS,GEOMETRY_ADMISSIBLE,1,1,0,1,7bd268245df8708bd82e170f80510314ecfde24340cfc4a190072a2999ace1d5
4433,17957|138839,30067,95709,"Boyden Observatory, Bloemfontein, South Africa","Dr. Remeis-Observatory, Bamberg, Germany",FINITE_GEOMETRY_ADMISSIBLE_WITNESS,GEOMETRY_ADMISSIBLE,1,1,0,1,8e6acc2acc6186eac2ed2589db06388e9350a768c27f7d68b1f1a8c0ef3277d7
4439,17975|138841,30085,95711,"Boyden Observatory, Bloemfontein, South Africa","Dr. Remeis-Observatory, Bamberg, Germany",FINITE_GEOMETRY_ADMISSIBLE_WITNESS,GEOMETRY_ADMISSIBLE,1,1,0,1,285ddcc6f565fa7a61e518b8ae516f81e5265bd50bf5528d21cdc1c4505107f0
4448,17981|138843,30091,95713,"Boyden Observatory, Bloemfontein, South Africa","Dr. Remeis-Observatory, Bamberg, Germany",FINITE_GEOMETRY_ADMISSIBLE_WITNESS,GEOMETRY_ADMISSIBLE,1,1,0,1,7bc3e3f6881ed694230d6e7a9b12f4faeb6cb9e177cba175a8dae13e03005767
4449,17981|138845,30091,95715,"Boyden Observatory, Bloemfontein, South Africa","Dr. Remeis-Observatory, Bamberg, Germany",FINITE_GEOMETRY_ADMISSIBLE_WITNESS,GEOMETRY_ADMISSIBLE,1,1,0,1,5653371234db3bf87a2d1a539940a0e0799289248522df5f53c2f9031c2f3dcb
4473,18065|138849,30175,95719,"Boyden Observatory, Bloemfontein, South Africa","Dr. Remeis-Observatory, Bamberg, Germany",FINITE_GEOMETRY_ADMISSIBLE_WITNESS,GEOMETRY_ADMISSIBLE,1,1,0,1,2f33f17c15c2076af9038cfa047b3ae16a115514b6a1613c53108541bc2531f9
4475,18065|138851,30175,95721,"Boyden Observatory, Bloemfontein, South Africa","Dr. Remeis-Observatory, Bamberg, Germany",FINITE_GEOMETRY_ADMISSIBLE_WITNESS,GEOMETRY_ADMISSIBLE,1,1,0,1,d2ca65182fef6c4c23561c94b0359a83ca8192b23f3d27c16e964c9286cd6e40
4477,18065|138853,30175,95723,"Boyden Observatory, Bloemfontein, South Africa","Dr. Remeis-Observatory, Bamberg, Germany",FINITE_GEOMETRY_ADMISSIBLE_WITNESS,GEOMETRY_ADMISSIBLE,1,1,0,1,9660d6ebdbd0070bab03fe5fba54439f16bace6e81948e22b3449dd0b6bd99b6
4602,18257|138891,30367,95761,"Boyden Observatory, Bloemfontein, South Africa","Dr. Remeis-Observatory, Bamberg, Germany",FINITE_GEOMETRY_ADMISSIBLE_WITNESS,GEOMETRY_ADMISSIBLE,1,1,0,1,96e75a181ce2f12c77e1d4baad9b14c1c30688757b26c361986a3bfae4db779e
4626,18263|138893,30373,95763,"Boyden Observatory, Bloemfontein, South Africa","Dr. Remeis-Observatory, Bamberg, Germany",FINITE_GEOMETRY_ADMISSIBLE_WITNESS,GEOMETRY_ADMISSIBLE,1,1,0,1,6b61623a5ab07ee78bf38e828d11394f9553313ed092986094ce624f9892f941
4734,18461|92138,30571,61935,"Boyden Observatory, Bloemfontein, South Africa","Hamburg-Bergedorf, Germany",FINITE_GEOMETRY_ADMISSIBLE_WITNESS,GEOMETRY_ADMISSIBLE,1,1,0,1,4f2c1cd942c6a5ee26031031fb8b23e8369997c027ad1c50799e657b8f202bfe
4916,18827|92143,30937,61940,"Boyden Observatory, Bloemfontein, South Africa","Hamburg-Bergedorf, Germany",FINITE_GEOMETRY_ADMISSIBLE_WITNESS,GEOMETRY_ADMISSIBLE,1,1,0,1,d1a2fee9cbeb850088b4733171425bc572826523a5be16388d7eee950f14deca
4934,19415|92150,31525,61947,"Boyden Observatory, Bloemfontein, South Africa","Hamburg-Bergedorf, Germany",FINITE_GEOMETRY_ADMISSIBLE_WITNESS,GEOMETRY_ADMISSIBLE,1,1,0,1,3cfefb5792c331b541de2260f3c9a9b60788137f152344f24b71894943e0acf7
4948,19421|92152,31531,61949,"Boyden Observatory, Bloemfontein, South Africa","Hamburg-Bergedorf, Germany",FINITE_GEOMETRY_ADMISSIBLE_WITNESS,GEOMETRY_ADMISSIBLE,1,1,0,1,86e36a1dd11cc70c6aed7c5735ab5691bb44185dfa013b7477e4cccf75634f8b
5636,32731|48938,44702,13607,"Mount John Observatory, Lake Tekapo, New Zealand","Hamburg-Bergedorf, Germany",FINITE_GEOMETRY_UNRESOLVED,RETAINED_UNRESOLVED,1,0,1,0,f3dc32a6400195c7b4a26cc180308431578230b27e332a7b2622d42f8778a2af
5640,32733|48938,44704,13607,"Mount John Observatory, Lake Tekapo, New Zealand","Hamburg-Bergedorf, Germany",FINITE_GEOMETRY_UNRESOLVED,RETAINED_UNRESOLVED,1,0,1,0,f998473ed74c8e014fe6f37472f792ca18e3f3a2d7d7d2ad49cd7326b7f5d2b6
5684,34307|138748,52053,95618,"Boyden Observatory, Bloemfontein, South Africa","Dr. Remeis-Observatory, Bamberg, Germany",FINITE_GEOMETRY_ADMISSIBLE_WITNESS,GEOMETRY_ADMISSIBLE,1,1,0,2,195c3fc3642062f2ba02c99bff11dc22cafc6df7924016c5611c47f2ccbaca22
5688,34308|138748,52054,95618,"Boyden Observatory, Bloemfontein, South Africa","Dr. Remeis-Observatory, Bamberg, Germany",FINITE_GEOMETRY_ADMISSIBLE_WITNESS,GEOMETRY_ADMISSIBLE,1,1,0,1,22280d0c626371b602f0972b4e8e922d2dcbac24404c22f43184cbd4df0e0f49
5693,34308|138753,52054,95623,"Boyden Observatory, Bloemfontein, South Africa","Dr. Remeis-Observatory, Bamberg, Germany",FINITE_GEOMETRY_ADMISSIBLE_WITNESS,GEOMETRY_ADMISSIBLE,1,1,0,2,f2bfdc417d047c9e02558ebb94333217b2f7f4cbdd82f2c539d077b5f7c21dcd
5698,34309|138753,52055,95623,"Boyden Observatory, Bloemfontein, South Africa","Dr. Remeis-Observatory, Bamberg, Germany",FINITE_GEOMETRY_ADMISSIBLE_WITNESS,GEOMETRY_ADMISSIBLE,1,1,0,1,9ebaf8b2b5d8f684eb209a88544fe8a197ceb83b7406946f96479bb15722aae9
5703,34310|138753,52056,95623,"Boyden Observatory, Bloemfontein, South Africa","Dr. Remeis-Observatory, Bamberg, Germany",FINITE_GEOMETRY_ADMISSIBLE_WITNESS,GEOMETRY_ADMISSIBLE,1,1,0,1,0c3643dcc2700c735ac834c7f900bce78c155f8581dc7934570258948969c277
5708,34311|138758,52057,95628,"Boyden Observatory, Bloemfontein, South Africa","Dr. Remeis-Observatory, Bamberg, Germany",FINITE_GEOMETRY_ADMISSIBLE_WITNESS,GEOMETRY_ADMISSIBLE,1,1,0,1,d81526d89628d37eb9bb14d86b21642ef876e27da61afee77ebd95ec8d3c4bc7
5713,34312|138758,52058,95628,"Boyden Observatory, Bloemfontein, South Africa","Dr. Remeis-Observatory, Bamberg, Germany",FINITE_GEOMETRY_ADMISSIBLE_WITNESS,GEOMETRY_ADMISSIBLE,1,1,0,1,dc55cee2b738eefc5febf7044dd05ad1c74b1a37f273d4f10651b828031d6744
5719,34506|138841,52252,95711,"Boyden Observatory, Bloemfontein, South Africa","Dr. Remeis-Observatory, Bamberg, Germany",FINITE_GEOMETRY_ADMISSIBLE_WITNESS,GEOMETRY_ADMISSIBLE,1,1,0,1,b7fda3659a2a7da2f28ed534512d0b8a6adad772989e6f264144be4b6a54695c
5720,34506|138843,52252,95713,"Boyden Observatory, Bloemfontein, South Africa","Dr. Remeis-Observatory, Bamberg, Germany",FINITE_GEOMETRY_ADMISSIBLE_WITNESS,GEOMETRY_ADMISSIBLE,1,1,0,1,172f0d7b7f25cd1f2dd184a7abe30775c4dfeaf5566323da173c17965ffa7d60
5721,34507|138843,52253,95713,"Boyden Observatory, Bloemfontein, South Africa","Dr. Remeis-Observatory, Bamberg, Germany",FINITE_GEOMETRY_ADMISSIBLE_WITNESS,GEOMETRY_ADMISSIBLE,1,1,0,1,e5b8f0e1ca19672a7da7134f738e3066b2edd8ddf95095fc40b6dcbe2078c428
5954,35960|44802,53706,11738,"Boyden Observatory, Bloemfontein, South Africa","Hamburg-Bergedorf, Germany",FINITE_GEOMETRY_ADMISSIBLE_WITNESS,GEOMETRY_ADMISSIBLE,1,1,0,1,115fc88ab7f8cec772b0b464940cf6d064db5befe678e204e0875fe2ded9dc9e
5966,35998|44806,53744,11742,"Boyden Observatory, Bloemfontein, South Africa","Hamburg-Bergedorf, Germany",FINITE_GEOMETRY_ADMISSIBLE_WITNESS,GEOMETRY_ADMISSIBLE,1,1,0,1,e7f9b3cb37d117283cbb0a229e5e8bffebc7e5ef50e05608b194a08c08834e28
5967,35998|44807,53744,11743,"Boyden Observatory, Bloemfontein, South Africa","Hamburg-Bergedorf, Germany",FINITE_GEOMETRY_ADMISSIBLE_WITNESS,GEOMETRY_ADMISSIBLE,1,1,0,3,79e12f23cd1014cf3ab5817e9e8c1b330aa5662eb4b679967d23fa9abfd71300
6017,41143|132994,9817,89864,"Hamburg-Bergedorf, Germany","Dr. Remeis-Observatory, Bamberg, Germany",FINITE_GEOMETRY_ADMISSIBLE_WITNESS,GEOMETRY_ADMISSIBLE,1,1,0,1,d5a732a4df2d467e89fef684c3ad3c3552cada35230ac1e5118d5873dbe5d8f6
6019,41144|132994,9818,89864,"Hamburg-Bergedorf, Germany","Dr. Remeis-Observatory, Bamberg, Germany",FINITE_GEOMETRY_ADMISSIBLE_WITNESS,GEOMETRY_ADMISSIBLE,1,1,0,1,a8f71a96fbaa0bd2eda7c5a37f184ba9c95ec6595da5dcc10aed35a15d40eca2
6029,41168|133032,9841,89902,"Hamburg-Bergedorf, Germany","Dr. Remeis-Observatory, Bamberg, Germany",FINITE_GEOMETRY_ADMISSIBLE_WITNESS,GEOMETRY_ADMISSIBLE,1,1,0,3,2ef1885c8ce9e47337314485e8d55fc09acc11922889b7da21b50c3b77239f4e
6030,41168|133033,9841,89903,"Hamburg-Bergedorf, Germany","Dr. Remeis-Observatory, Bamberg, Germany",FINITE_GEOMETRY_ADMISSIBLE_WITNESS,GEOMETRY_ADMISSIBLE,1,1,0,1,19914ba36f5cf2321c447ab40a935ffda6f704a0079be67a3ae03124bbae7267
6031,41734|133622,10083,90492,"Hamburg-Bergedorf, Germany","Dr. Remeis-Observatory, Bamberg, Germany",FINITE_GEOMETRY_ADMISSIBLE_WITNESS,GEOMETRY_ADMISSIBLE,1,1,0,1,24cbed10cd64b56cfb7b9113eb00a86dd980c406bd9098dd73b30e4f84a8f8cc
6032,41734|133623,10083,90493,"Hamburg-Bergedorf, Germany","Dr. Remeis-Observatory, Bamberg, Germany",FINITE_GEOMETRY_ADMISSIBLE_WITNESS,GEOMETRY_ADMISSIBLE,1,1,0,1,6f787e0f8fc079a8e081d06af8398fda3294adba2a3820bfb00ca73fcb26d799
6033,41734|133624,10083,90494,"Hamburg-Bergedorf, Germany","Dr. Remeis-Observatory, Bamberg, Germany",FINITE_GEOMETRY_ADMISSIBLE_WITNESS,GEOMETRY_ADMISSIBLE,1,1,0,1,dcfcb1cd1bdc28f87c2f07847578bff4215526477fe4db775211c93f82a29c86
6034,41737|133626,10086,90496,"Hamburg-Bergedorf, Germany","Dr. Remeis-Observatory, Bamberg, Germany",FINITE_GEOMETRY_ADMISSIBLE_WITNESS,GEOMETRY_ADMISSIBLE,1,1,0,1,7989b0c36cd471d82526cc718f75b159b28b02f2761d10a6bba0cbc64de42644
6035,41737|133627,10086,90497,"Hamburg-Bergedorf, Germany","Dr. Remeis-Observatory, Bamberg, Germany",FINITE_GEOMETRY_ADMISSIBLE_WITNESS,GEOMETRY_ADMISSIBLE,1,1,0,1,cee854845e9dd5afa92b09e40545775579e49a88ffdaad97d0275b31669e2326
6036,41737|133628,10086,90498,"Hamburg-Bergedorf, Germany","Dr. Remeis-Observatory, Bamberg, Germany",FINITE_GEOMETRY_ADMISSIBLE_WITNESS,GEOMETRY_ADMISSIBLE,1,1,0,1,a97f1ee840f432c2ed04e7f6c14030b8ddd76fe7dcb42d4169cb935806f9c52b
6037,41738|133630,10087,90500,"Hamburg-Bergedorf, Germany","Dr. Remeis-Observatory, Bamberg, Germany",FINITE_GEOMETRY_ADMISSIBLE_WITNESS,GEOMETRY_ADMISSIBLE,1,1,0,1,7c242e6e415895a4809cea4046f128de2cfc76e569bd8358e3662429a513bf40
6038,41738|133631,10087,90501,"Hamburg-Bergedorf, Germany","Dr. Remeis-Observatory, Bamberg, Germany",FINITE_GEOMETRY_ADMISSIBLE_WITNESS,GEOMETRY_ADMISSIBLE,1,1,0,1,91495a3c4380a8f8ba572478a356485dc4162103adeb24516197c859c522b90a
6039,41738|133632,10087,90502,"Hamburg-Bergedorf, Germany","Dr. Remeis-Observatory, Bamberg, Germany",FINITE_GEOMETRY_ADMISSIBLE_WITNESS,GEOMETRY_ADMISSIBLE,1,1,0,1,945addb43b932bd00e913beee81ad152dc0c285f158b69ae721fe487eb73ba3e
6041,41739|133630,10088,90500,"Hamburg-Bergedorf, Germany","Dr. Remeis-Observatory, Bamberg, Germany",FINITE_GEOMETRY_ADMISSIBLE_WITNESS,GEOMETRY_ADMISSIBLE,1,1,0,2,96089a70be282afbc565a090cb840c1b98fd84955415c52798efb02e8eed5b84
6042,41739|133631,10088,90501,"Hamburg-Bergedorf, Germany","Dr. Remeis-Observatory, Bamberg, Germany",FINITE_GEOMETRY_ADMISSIBLE_WITNESS,GEOMETRY_ADMISSIBLE,1,1,0,2,cc1493cba6ddbc9a085defc124fde05c3b245db411b2340a66c7e6f4069963c1
6043,41739|133632,10088,90502,"Hamburg-Bergedorf, Germany","Dr. Remeis-Observatory, Bamberg, Germany",FINITE_GEOMETRY_ADMISSIBLE_WITNESS,GEOMETRY_ADMISSIBLE,1,1,0,1,f340df0c4ae8a71229b572998924fcdf4b4ee8ed8f760e2746b59d682b45542e
6045,41740|133634,10089,90504,"Hamburg-Bergedorf, Germany","Dr. Remeis-Observatory, Bamberg, Germany",FINITE_GEOMETRY_ADMISSIBLE_WITNESS,GEOMETRY_ADMISSIBLE,1,1,0,2,d52f0b8809e61090f2a3e293f8274aca8eab9c204c1710740951d6fd7647aae4
6046,41740|133635,10089,90505,"Hamburg-Bergedorf, Germany","Dr. Remeis-Observatory, Bamberg, Germany",FINITE_GEOMETRY_ADMISSIBLE_WITNESS,GEOMETRY_ADMISSIBLE,1,1,0,1,bf5d7b085505f907826bb6dc31aaf6a5bfde38c2c1c85739d1b19af666e4cadb
6047,41740|133636,10089,90506,"Hamburg-Bergedorf, Germany","Dr. Remeis-Observatory, Bamberg, Germany",FINITE_GEOMETRY_ADMISSIBLE_WITNESS,GEOMETRY_ADMISSIBLE,1,1,0,1,d32e5e1cdb64693c9a760aa1d8973cda4b9607a08bd6e3f678584d867a8eb1c7
6048,41741|133638,10090,90508,"Hamburg-Bergedorf, Germany","Dr. Remeis-Observatory, Bamberg, Germany",FINITE_GEOMETRY_ADMISSIBLE_WITNESS,GEOMETRY_ADMISSIBLE,1,1,0,1,42e87f3bfc2a85e861689a03320bb77e3f261b51c02623e97a951e494c7a4f48
6049,41741|133639,10090,90509,"Hamburg-Bergedorf, Germany","Dr. Remeis-Observatory, Bamberg, Germany",FINITE_GEOMETRY_ADMISSIBLE_WITNESS,GEOMETRY_ADMISSIBLE,1,1,0,1,8cd2b01b66a62f90a47ca84e6c364b648fe94624a6e22ab7963db4d21d73fe9d
6050,41741|133640,10090,90510,"Hamburg-Bergedorf, Germany","Dr. Remeis-Observatory, Bamberg, Germany",FINITE_GEOMETRY_ADMISSIBLE_WITNESS,GEOMETRY_ADMISSIBLE,1,1,0,1,526bea992ccb042f2cbe8a1eb3f4331bdb32a35437b3fafe135c94ce6d0f4ad5
6052,41742|133638,10091,90508,"Hamburg-Bergedorf, Germany","Dr. Remeis-Observatory, Bamberg, Germany",FINITE_GEOMETRY_ADMISSIBLE_WITNESS,GEOMETRY_ADMISSIBLE,1,1,0,1,65c5e705857b70f570819881cd6f268e27505509f293091bd4f2b4f2f7485907
6053,41742|133639,10091,90509,"Hamburg-Bergedorf, Germany","Dr. Remeis-Observatory, Bamberg, Germany",FINITE_GEOMETRY_ADMISSIBLE_WITNESS,GEOMETRY_ADMISSIBLE,1,1,0,1,485aa3e1970ee822bc443891e39ce61315e74516f22e5ce00aaa568c77607e11
6054,41742|133640,10091,90510,"Hamburg-Bergedorf, Germany","Dr. Remeis-Observatory, Bamberg, Germany",FINITE_GEOMETRY_ADMISSIBLE_WITNESS,GEOMETRY_ADMISSIBLE,1,1,0,1,cd0c21009ac9f9b817f347bb687fef7bd8344fe4f8bddbc6a93c6e689c8146e2
6056,41743|133638,10092,90508,"Hamburg-Bergedorf, Germany","Dr. Remeis-Observatory, Bamberg, Germany",FINITE_GEOMETRY_ADMISSIBLE_WITNESS,GEOMETRY_ADMISSIBLE,1,1,0,2,8ce8536fbbbcd2707c3ebd8aef62131ca239a4b6f6f705e36fb922eab333fc1b
6057,41743|133639,10092,90509,"Hamburg-Bergedorf, Germany","Dr. Remeis-Observatory, Bamberg, Germany",FINITE_GEOMETRY_ADMISSIBLE_WITNESS,GEOMETRY_ADMISSIBLE,1,1,0,1,50355d4a89720f42b818220492b81a3856e7093cc53edebcd68eb77e53c60739
6058,41743|133640,10092,90510,"Hamburg-Bergedorf, Germany","Dr. Remeis-Observatory, Bamberg, Germany",FINITE_GEOMETRY_ADMISSIBLE_WITNESS,GEOMETRY_ADMISSIBLE,1,1,0,2,19327d586c2fd73da7f818edd9b0bbe14f3e89abd35df73c59fc480e16ad8c8c
6060,41744|133642,10093,90512,"Hamburg-Bergedorf, Germany","Dr. Remeis-Observatory, Bamberg, Germany",FINITE_GEOMETRY_ADMISSIBLE_WITNESS,GEOMETRY_ADMISSIBLE,1,1,0,1,f92f89138b9425bc6bf18b1222a911f27105defe946dd646d7df8a77d32d0e2e
6061,41744|133643,10093,90513,"Hamburg-Bergedorf, Germany","Dr. Remeis-Observatory, Bamberg, Germany",FINITE_GEOMETRY_ADMISSIBLE_WITNESS,GEOMETRY_ADMISSIBLE,1,1,0,2,d1e764f3bb9975398442325b16ea277c328b07a57e67abd4e4079a6172c678a0
6062,41744|133644,10093,90514,"Hamburg-Bergedorf, Germany","Dr. Remeis-Observatory, Bamberg, Germany",FINITE_GEOMETRY_ADMISSIBLE_WITNESS,GEOMETRY_ADMISSIBLE,1,1,0,1,22e4d0de794377976f369b51ef5580d7020f2e1fa8440e90b6a775ba9cdfc073
6064,41753|133682,10102,90552,"Hamburg-Bergedorf, Germany","Dr. Remeis-Observatory, Bamberg, Germany",FINITE_GEOMETRY_ADMISSIBLE_WITNESS,GEOMETRY_ADMISSIBLE,1,1,0,1,e337689407bcc9b9dc2cbdce1f8e5c749b328942e1c0dac20f6a948bc4a3988c
6065,41753|133683,10102,90553,"Hamburg-Bergedorf, Germany","Dr. Remeis-Observatory, Bamberg, Germany",FINITE_GEOMETRY_ADMISSIBLE_WITNESS,GEOMETRY_ADMISSIBLE,1,1,0,1,f9cc49335897b340652a59452338a8cbf8e6732f49b5d9bc789246db6ba27096
6066,41753|133684,10102,90554,"Hamburg-Bergedorf, Germany","Dr. Remeis-Observatory, Bamberg, Germany",FINITE_GEOMETRY_ADMISSIBLE_WITNESS,GEOMETRY_ADMISSIBLE,1,1,0,1,3e0ff4af8c0900ad1aeeb76c323084a00a03b8945fb5949927d9279119132c9e
6067,41753|133685,10102,90555,"Hamburg-Bergedorf, Germany","Dr. Remeis-Observatory, Bamberg, Germany",FINITE_GEOMETRY_ADMISSIBLE_WITNESS,GEOMETRY_ADMISSIBLE,1,1,0,1,f3b92f5f067a2ed85179761140ec27351de0808eb004aa889e541241550731fa
6068,41754|133682,10103,90552,"Hamburg-Bergedorf, Germany","Dr. Remeis-Observatory, Bamberg, Germany",FINITE_GEOMETRY_ADMISSIBLE_WITNESS,GEOMETRY_ADMISSIBLE,1,1,0,2,b96600c55153e7ffefc257703eada09257d1762ce63aa8a9c8cb1823e43dc47d
6069,41754|133683,10103,90553,"Hamburg-Bergedorf, Germany","Dr. Remeis-Observatory, Bamberg, Germany",FINITE_GEOMETRY_ADMISSIBLE_WITNESS,GEOMETRY_ADMISSIBLE,1,1,0,1,643e4572f619f9329221f2753daa3e1420ed7958f37f17b4c4c8bb9ae88202be
6070,41754|133684,10103,90554,"Hamburg-Bergedorf, Germany","Dr. Remeis-Observatory, Bamberg, Germany",FINITE_GEOMETRY_ADMISSIBLE_WITNESS,GEOMETRY_ADMISSIBLE,1,1,0,1,c888a4b1bc18bcd923569756bbcd201b166f66b9f5d844a9c13a2cdf4b0e51aa
6071,41754|133685,10103,90555,"Hamburg-Bergedorf, Germany","Dr. Remeis-Observatory, Bamberg, Germany",FINITE_GEOMETRY_ADMISSIBLE_WITNESS,GEOMETRY_ADMISSIBLE,1,1,0,3,20c796066bdfe0c6950006bb026631a7b21b856bcf00e0df30c0f4f81f8e5ed8
6072,41755|133690,10104,90560,"Hamburg-Bergedorf, Germany","Dr. Remeis-Observatory, Bamberg, Germany",FINITE_GEOMETRY_ADMISSIBLE_WITNESS,GEOMETRY_ADMISSIBLE,1,1,0,1,c4b17610108bcc43d689d265d2483abcfc77a34bafeb45261589a071b107812d
6073,41755|133691,10104,90561,"Hamburg-Bergedorf, Germany","Dr. Remeis-Observatory, Bamberg, Germany",FINITE_GEOMETRY_ADMISSIBLE_WITNESS,GEOMETRY_ADMISSIBLE,1,1,0,1,689880aafa5ca8191d6ec4c36b50e18ae1e6e095a53977d0e2cb3627a58f5bce
6074,41755|133693,10104,90563,"Hamburg-Bergedorf, Germany","Dr. Remeis-Observatory, Bamberg, Germany",FINITE_GEOMETRY_ADMISSIBLE_WITNESS,GEOMETRY_ADMISSIBLE,1,1,0,1,89cfff930eac52007edb85783e6fa7b3ab15b8b5dbfc5db1f46f5bd4e382f500
6075,41756|133690,10105,90560,"Hamburg-Bergedorf, Germany","Dr. Remeis-Observatory, Bamberg, Germany",FINITE_GEOMETRY_ADMISSIBLE_WITNESS,GEOMETRY_ADMISSIBLE,1,1,0,1,e25f0aa1e6ac4ea9766a4f633bb0dab3dd1561c39485ebe82323bf559648d81b
6076,41756|133691,10105,90561,"Hamburg-Bergedorf, Germany","Dr. Remeis-Observatory, Bamberg, Germany",FINITE_GEOMETRY_ADMISSIBLE_WITNESS,GEOMETRY_ADMISSIBLE,1,1,0,1,ee176b822627f2a3a764824fc7eecff0ca8312795fea1d93418e2aba0f1c09d1
6077,41756|133693,10105,90563,"Hamburg-Bergedorf, Germany","Dr. Remeis-Observatory, Bamberg, Germany",FINITE_GEOMETRY_ADMISSIBLE_WITNESS,GEOMETRY_ADMISSIBLE,1,1,0,1,7058ae6935863ec672a9653010829d995d7a4126c00e615b7a0a7ee9d52d68a4
6080,41774|133720,10111,90590,"Hamburg-Bergedorf, Germany","Dr. Remeis-Observatory, Bamberg, Germany",FINITE_GEOMETRY_ADMISSIBLE_WITNESS,GEOMETRY_ADMISSIBLE,1,1,0,1,2f27d70af6c0736bd86775d5b0e165e6e67ca7ba6036caaf1891228c5de8fc67
6081,41774|133721,10111,90591,"Hamburg-Bergedorf, Germany","Dr. Remeis-Observatory, Bamberg, Germany",FINITE_GEOMETRY_ADMISSIBLE_WITNESS,GEOMETRY_ADMISSIBLE,1,1,0,1,41b4f30b436ac3f183262fbe3caad4e47856c515b7147507022de948f5fa8eb3
6085,41774|133725,10111,90595,"Hamburg-Bergedorf, Germany","Dr. Remeis-Observatory, Bamberg, Germany",FINITE_GEOMETRY_ADMISSIBLE_WITNESS,GEOMETRY_ADMISSIBLE,1,1,0,1,84b7e08b059edc013bbbeb32eb40ce0d139ffc4b806b762bd1dda3d19197bf91
6089,41775|133725,10112,90595,"Hamburg-Bergedorf, Germany","Dr. Remeis-Observatory, Bamberg, Germany",FINITE_GEOMETRY_ADMISSIBLE_WITNESS,GEOMETRY_ADMISSIBLE,1,1,0,1,7bb506b38a7f5d826a37668b270bb414be2303e9586ec7f9a51540d70539e8e4
6092,41776|133728,10113,90598,"Hamburg-Bergedorf, Germany","Dr. Remeis-Observatory, Bamberg, Germany",FINITE_GEOMETRY_ADMISSIBLE_WITNESS,GEOMETRY_ADMISSIBLE,1,1,0,1,f438d63bf2b3acafb3788a63571899055b81ff22cbb4ac1c71371109d5985ab8
6093,41776|133729,10113,90599,"Hamburg-Bergedorf, Germany","Dr. Remeis-Observatory, Bamberg, Germany",FINITE_GEOMETRY_ADMISSIBLE_WITNESS,GEOMETRY_ADMISSIBLE,1,1,0,1,927096625ad39b326d96c7b3f8df7d50b136e50edbd82c15cf7cb987e5ba19e6
6109,41974|133885,10174,90755,"Hamburg-Bergedorf, Germany","Dr. Remeis-Observatory, Bamberg, Germany",FINITE_GEOMETRY_ADMISSIBLE_WITNESS,GEOMETRY_ADMISSIBLE,1,1,0,1,679f6efa68e0b0ebef71f97c02cf4ea42462803393997909d39e753023b4f391
6111,41975|133887,10175,90757,"Hamburg-Bergedorf, Germany","Dr. Remeis-Observatory, Bamberg, Germany",FINITE_GEOMETRY_ADMISSIBLE_WITNESS,GEOMETRY_ADMISSIBLE,1,1,0,1,07259f454361e712d68a5e645d3f35749e144cce65797a624d53fdf6fc3fe97a
6113,41975|133889,10175,90759,"Hamburg-Bergedorf, Germany","Dr. Remeis-Observatory, Bamberg, Germany",FINITE_GEOMETRY_ADMISSIBLE_WITNESS,GEOMETRY_ADMISSIBLE,1,1,0,1,2edbd0c637bb11a267158b40728eceb8a67308bd536c12cb9ad1f80cb548b2bd
6114,41975|133890,10175,90760,"Hamburg-Bergedorf, Germany","Dr. Remeis-Observatory, Bamberg, Germany",FINITE_GEOMETRY_ADMISSIBLE_WITNESS,GEOMETRY_ADMISSIBLE,1,1,0,1,42ee08b740b5bdcd49054a3fcb7c1624fcf7cdbfbf3424d2473e598a6cbbf4c2
6115,41976|133887,10176,90757,"Hamburg-Bergedorf, Germany","Dr. Remeis-Observatory, Bamberg, Germany",FINITE_GEOMETRY_ADMISSIBLE_WITNESS,GEOMETRY_ADMISSIBLE,1,1,0,1,8d774510375a7c70e2ee3ef0b9f0c1b82784ad300cca5c75d8bc3af71511e769
6117,41976|133889,10176,90759,"Hamburg-Bergedorf, Germany","Dr. Remeis-Observatory, Bamberg, Germany",FINITE_GEOMETRY_ADMISSIBLE_WITNESS,GEOMETRY_ADMISSIBLE,1,1,0,2,223c6b8640b9b1f8bd921c8b605121190da86e53b582712f55f39ee58ec8c8bf
6118,41976|133890,10176,90760,"Hamburg-Bergedorf, Germany","Dr. Remeis-Observatory, Bamberg, Germany",FINITE_GEOMETRY_ADMISSIBLE_WITNESS,GEOMETRY_ADMISSIBLE,1,1,0,2,ea84e935f61e94fe2e111c1cc7b75609a75f45e0516db4b7f3fd7153aa6c7af9
6119,41978|133891,10178,90761,"Hamburg-Bergedorf, Germany","Dr. Remeis-Observatory, Bamberg, Germany",FINITE_GEOMETRY_ADMISSIBLE_WITNESS,GEOMETRY_ADMISSIBLE,1,1,0,1,5d5a6cff0bbada6b880a1faf1cd520d558b46b7939ecd8445635ce657b4ee6f2
6121,41978|133893,10178,90763,"Hamburg-Bergedorf, Germany","Dr. Remeis-Observatory, Bamberg, Germany",FINITE_GEOMETRY_ADMISSIBLE_WITNESS,GEOMETRY_ADMISSIBLE,1,1,0,1,e19a6c6a238776bad12e5aa5ef53456781c6fc08f71124b8666577949d1c7818
6122,41979|133891,10179,90761,"Hamburg-Bergedorf, Germany","Dr. Remeis-Observatory, Bamberg, Germany",FINITE_GEOMETRY_ADMISSIBLE_WITNESS,GEOMETRY_ADMISSIBLE,1,1,0,1,f0f9380b4519a5d9b42fdec6122c18a00bb26756a4b895f2aa9a42b1104b0d47
6124,41979|133893,10179,90763,"Hamburg-Bergedorf, Germany","Dr. Remeis-Observatory, Bamberg, Germany",FINITE_GEOMETRY_ADMISSIBLE_WITNESS,GEOMETRY_ADMISSIBLE,1,1,0,1,14e1d36cf100031c3f76f39152e924b70b96dbe8fd4990e021848214ae81c1f3
6128,41996|133910,10189,90780,"Hamburg-Bergedorf, Germany","Dr. Remeis-Observatory, Bamberg, Germany",FINITE_GEOMETRY_ADMISSIBLE_WITNESS,GEOMETRY_ADMISSIBLE,1,1,0,1,a075a87506befc71be3909548a2849393234ecdf0cbfc7cc5d9fc7604c6cd965
6129,41996|133911,10189,90781,"Hamburg-Bergedorf, Germany","Dr. Remeis-Observatory, Bamberg, Germany",FINITE_GEOMETRY_ADMISSIBLE_WITNESS,GEOMETRY_ADMISSIBLE,1,1,0,1,422792d9da3a28f6fc9533f6c43c60c0df34595bf4cab2c67beaf1819c2ee096
6130,41996|133912,10189,90782,"Hamburg-Bergedorf, Germany","Dr. Remeis-Observatory, Bamberg, Germany",FINITE_GEOMETRY_ADMISSIBLE_WITNESS,GEOMETRY_ADMISSIBLE,1,1,0,2,459d66ddfbe2a8553a29fa7c4cb9d46c869f67b3afbb821f8a93c206bf67869e
6131,41996|133913,10189,90783,"Hamburg-Bergedorf, Germany","Dr. Remeis-Observatory, Bamberg, Germany",FINITE_GEOMETRY_ADMISSIBLE_WITNESS,GEOMETRY_ADMISSIBLE,1,1,0,2,1b295e4b98b0071034e5ae7c50dbf8b2c54aca9cb31008a41cc393d97703dbec
6134,41997|133912,10190,90782,"Hamburg-Bergedorf, Germany","Dr. Remeis-Observatory, Bamberg, Germany",FINITE_GEOMETRY_ADMISSIBLE_WITNESS,GEOMETRY_ADMISSIBLE,1,1,0,1,3e9ad9e224596e1c594c57f26669edd67e4abb2ec2c4ba5d573eb370db90a4cf
6135,41997|133913,10190,90783,"Hamburg-Bergedorf, Germany","Dr. Remeis-Observatory, Bamberg, Germany",FINITE_GEOMETRY_ADMISSIBLE_WITNESS,GEOMETRY_ADMISSIBLE,1,1,0,1,cd904763045d31bb0136bd57f377130084836f0eacb684d74471d6731ad73931
6138,41998|133912,10191,90782,"Hamburg-Bergedorf, Germany","Dr. Remeis-Observatory, Bamberg, Germany",FINITE_GEOMETRY_ADMISSIBLE_WITNESS,GEOMETRY_ADMISSIBLE,1,1,0,1,467feaa29a735632d6b33793dd9c356e307fd2c87a009e7436fd6d7363e87b82
6139,41998|133913,10191,90783,"Hamburg-Bergedorf, Germany","Dr. Remeis-Observatory, Bamberg, Germany",FINITE_GEOMETRY_ADMISSIBLE_WITNESS,GEOMETRY_ADMISSIBLE,1,1,0,1,97ffbed9ea8e083a678dda72b0eeecd76849c1f6279de338eddc4615775c4812
6143,42000|134013,10193,90883,"Hamburg-Bergedorf, Germany","Dr. Remeis-Observatory, Bamberg, Germany",FINITE_GEOMETRY_ADMISSIBLE_WITNESS,GEOMETRY_ADMISSIBLE,1,1,0,1,b19fd50c12ea56cb6e417684b6a55fee46a291aa398d7a60236fcb88c04dc83a
6147,42001|134013,10194,90883,"Hamburg-Bergedorf, Germany","Dr. Remeis-Observatory, Bamberg, Germany",FINITE_GEOMETRY_ADMISSIBLE_WITNESS,GEOMETRY_ADMISSIBLE,1,1,0,1,0fb3027062e842e56b8a4ee2a274c10873560befa64e7a1ef8f6321abc7a8d3a
6151,42002|134013,10195,90883,"Hamburg-Bergedorf, Germany","Dr. Remeis-Observatory, Bamberg, Germany",FINITE_GEOMETRY_ADMISSIBLE_WITNESS,GEOMETRY_ADMISSIBLE,1,1,0,1,3986595737553550c7febc70e69a9b0a6c695ccf464623210594fc4e540d69eb
6154,42089|134146,10262,91016,"Hamburg-Bergedorf, Germany","Dr. Remeis-Observatory, Bamberg, Germany",FINITE_GEOMETRY_ADMISSIBLE_WITNESS,GEOMETRY_ADMISSIBLE,1,1,0,2,f6d851c0a233020baa67c25a36075d550e5736e7bd9839855d3b4bd7e1bb5426
6173,42257|134466,10316,91336,"Hamburg-Bergedorf, Germany","Dr. Remeis-Observatory, Bamberg, Germany",FINITE_GEOMETRY_ADMISSIBLE_WITNESS,GEOMETRY_ADMISSIBLE,1,1,0,1,0b3a1ccecb2b8ce21c88bbd2f89bb6da95d85a9c93df49f6e67f8300de723622
6174,42257|134467,10316,91337,"Hamburg-Bergedorf, Germany","Dr. Remeis-Observatory, Bamberg, Germany",FINITE_GEOMETRY_ADMISSIBLE_WITNESS,GEOMETRY_ADMISSIBLE,1,1,0,1,73044a3a4d65882ac42bd3b4e5447839824de8aaf2e5b1b2d4b7b00db7eeb675
6175,42257|134468,10316,91338,"Hamburg-Bergedorf, Germany","Dr. Remeis-Observatory, Bamberg, Germany",FINITE_GEOMETRY_ADMISSIBLE_WITNESS,GEOMETRY_ADMISSIBLE,1,1,0,1,9bbc814451bda9ed786f329e0a528855a74d3e5020af1180ecfc2c077e54df53
6176,42258|134466,10316,91336,"Hamburg-Bergedorf, Germany","Dr. Remeis-Observatory, Bamberg, Germany",FINITE_GEOMETRY_ADMISSIBLE_WITNESS,GEOMETRY_ADMISSIBLE,1,1,0,1,3fb03d537ffc633787c42b070258cd312ba2267491f5c1ab0360b205c1a6e7e8
6177,42258|134467,10316,91337,"Hamburg-Bergedorf, Germany","Dr. Remeis-Observatory, Bamberg, Germany",FINITE_GEOMETRY_ADMISSIBLE_WITNESS,GEOMETRY_ADMISSIBLE,1,1,0,1,afe72cfedf0a71ba5d2a960f48566f328fdc6be8a20dafce1f8102341e3e87b3
6178,42258|134468,10316,91338,"Hamburg-Bergedorf, Germany","Dr. Remeis-Observatory, Bamberg, Germany",FINITE_GEOMETRY_ADMISSIBLE_WITNESS,GEOMETRY_ADMISSIBLE,1,1,0,1,db6a870f3bbaf23ec3fa4b149b4b4d759b9b1e2038b4af2c976f1d2ddff3859e
6182,42259|134473,10316,91343,"Hamburg-Bergedorf, Germany","Dr. Remeis-Observatory, Bamberg, Germany",FINITE_GEOMETRY_ADMISSIBLE_WITNESS,GEOMETRY_ADMISSIBLE,1,1,0,1,060bb5df0b8a42539a4994bb4e839e26ad3c563a5525f79eb3edbaa579aeac8f
6193,42264|134492,10320,91362,"Hamburg-Bergedorf, Germany","Dr. Remeis-Observatory, Bamberg, Germany",FINITE_GEOMETRY_ADMISSIBLE_WITNESS,GEOMETRY_ADMISSIBLE,1,1,0,1,c47a6f7d4ffe3af39f1b292ba85894525b3cbdce3f65d9453ae5c82e5727335b
6194,42265|134490,10321,91360,"Hamburg-Bergedorf, Germany","Dr. Remeis-Observatory, Bamberg, Germany",FINITE_GEOMETRY_ADMISSIBLE_WITNESS,GEOMETRY_ADMISSIBLE,1,1,0,1,024d68cc4d839e373e40aef306941e32868199b20dd9767639f1602c5d4e8879
6195,42265|134491,10321,91361,"Hamburg-Bergedorf, Germany","Dr. Remeis-Observatory, Bamberg, Germany",FINITE_GEOMETRY_ADMISSIBLE_WITNESS,GEOMETRY_ADMISSIBLE,1,1,0,1,7f41a0c979941310f3f1af79ec67c937eb0b29ada02a4390c15fa4558919b9e6
6196,42265|134492,10321,91362,"Hamburg-Bergedorf, Germany","Dr. Remeis-Observatory, Bamberg, Germany",FINITE_GEOMETRY_ADMISSIBLE_WITNESS,GEOMETRY_ADMISSIBLE,1,1,0,2,f0357d5fc4aacb83f1fbba0ec61c93a16a8f3afec801a54d3ce554ce62f6980e
6197,42372|134613,10369,91483,"Hamburg-Bergedorf, Germany","Dr. Remeis-Observatory, Bamberg, Germany",FINITE_GEOMETRY_ADMISSIBLE_WITNESS,GEOMETRY_ADMISSIBLE,1,1,0,1,8f73d40fdde34194ae1b2d30d0e148e7171ef24f36aa3e12b0edbc370187281c
6198,42372|134614,10369,91484,"Hamburg-Bergedorf, Germany","Dr. Remeis-Observatory, Bamberg, Germany",FINITE_GEOMETRY_ADMISSIBLE_WITNESS,GEOMETRY_ADMISSIBLE,1,1,0,3,2cb03652ba3a1f17ab9315495bd1033be8d41c3c3c5fa8988bd24ef5f328e050
6199,42372|134615,10369,91485,"Hamburg-Bergedorf, Germany","Dr. Remeis-Observatory, Bamberg, Germany",FINITE_GEOMETRY_ADMISSIBLE_WITNESS,GEOMETRY_ADMISSIBLE,1,1,0,1,4db562e0df9a823bdece8c6432ebdfb9055a413339ed0dfe7a3085e7cad66d69
6200,42373|134617,10370,91487,"Hamburg-Bergedorf, Germany","Dr. Remeis-Observatory, Bamberg, Germany",FINITE_GEOMETRY_ADMISSIBLE_WITNESS,GEOMETRY_ADMISSIBLE,1,1,0,1,76cc9f265bf6f359acde223ce2002e74abc4da4587c63ceec892336db65a8755
6201,42373|134618,10370,91488,"Hamburg-Bergedorf, Germany","Dr. Remeis-Observatory, Bamberg, Germany",FINITE_GEOMETRY_ADMISSIBLE_WITNESS,GEOMETRY_ADMISSIBLE,1,1,0,2,7b89eb9863167888ec95bd2af594234c04a9de72c7f5bb834a52696eafe36703
6202,42373|134619,10370,91489,"Hamburg-Bergedorf, Germany","Dr. Remeis-Observatory, Bamberg, Germany",FINITE_GEOMETRY_ADMISSIBLE_WITNESS,GEOMETRY_ADMISSIBLE,1,1,0,3,0aafaada65ce6cfce4b3c395dcd14b53f43b70a3e12379f80edc630fc9a3cabb
6203,42373|134620,10370,91490,"Hamburg-Bergedorf, Germany","Dr. Remeis-Observatory, Bamberg, Germany",FINITE_GEOMETRY_ADMISSIBLE_WITNESS,GEOMETRY_ADMISSIBLE,1,1,0,1,6443d1384eef2adbd47e9bba574b6fd0b6db8f22104fd80c3c4ec414183a60cc
6204,42374|134617,10371,91487,"Hamburg-Bergedorf, Germany","Dr. Remeis-Observatory, Bamberg, Germany",FINITE_GEOMETRY_ADMISSIBLE_WITNESS,GEOMETRY_ADMISSIBLE,1,1,0,1,a507f117b0d87572199d7262c37be2b0b0a5aefbd30bb8c9547fd77df29bcdef
6205,42374|134618,10371,91488,"Hamburg-Bergedorf, Germany","Dr. Remeis-Observatory, Bamberg, Germany",FINITE_GEOMETRY_ADMISSIBLE_WITNESS,GEOMETRY_ADMISSIBLE,1,1,0,1,c7ca42dcc6aee7613571f285185ded4e1128a8f39a503d0bfbf18af4b945d5e7
6206,42374|134619,10371,91489,"Hamburg-Bergedorf, Germany","Dr. Remeis-Observatory, Bamberg, Germany",FINITE_GEOMETRY_ADMISSIBLE_WITNESS,GEOMETRY_ADMISSIBLE,1,1,0,1,0dc8b16fc8f3179a13c8a9a77291e866b1bd3e014ea6e654dd16a08693fd02ed
6207,42374|134620,10371,91490,"Hamburg-Bergedorf, Germany","Dr. Remeis-Observatory, Bamberg, Germany",FINITE_GEOMETRY_ADMISSIBLE_WITNESS,GEOMETRY_ADMISSIBLE,1,1,0,1,f9d65fddba2673c74215e4ff32f1e20e00c3aa7aa997567d96c9d14156ab676d
6218,42380|134631,10374,91501,"Hamburg-Bergedorf, Germany","Dr. Remeis-Observatory, Bamberg, Germany",FINITE_GEOMETRY_ADMISSIBLE_WITNESS,GEOMETRY_ADMISSIBLE,1,1,0,1,df25f45da16c79d31ed4bc064477669d432b6cfd9034bd8bcdd70e21c87019a4
6219,42380|134632,10374,91502,"Hamburg-Bergedorf, Germany","Dr. Remeis-Observatory, Bamberg, Germany",FINITE_GEOMETRY_ADMISSIBLE_WITNESS,GEOMETRY_ADMISSIBLE,1,1,0,1,5a8309a0000ba27febd5d6af502ab9bb79b1d3e1f12897d319e1e526363c86e7
6223,42381|134636,10375,91506,"Hamburg-Bergedorf, Germany","Dr. Remeis-Observatory, Bamberg, Germany",FINITE_GEOMETRY_ADMISSIBLE_WITNESS,GEOMETRY_ADMISSIBLE,1,1,0,1,d6b7c659e0f9ea02b0cae3f13c271a93cdabedf15f4f1c90ba5a389ba1ddb1fd
6226,42382|134635,10376,91505,"Hamburg-Bergedorf, Germany","Dr. Remeis-Observatory, Bamberg, Germany",FINITE_GEOMETRY_ADMISSIBLE_WITNESS,GEOMETRY_ADMISSIBLE,1,1,0,1,d62cb0dab50ad713fcf749df43e74310254138d06f9406ed03a98a388716a1f8
6227,42382|134636,10376,91506,"Hamburg-Bergedorf, Germany","Dr. Remeis-Observatory, Bamberg, Germany",FINITE_GEOMETRY_ADMISSIBLE_WITNESS,GEOMETRY_ADMISSIBLE,1,1,0,1,a8d85d11cc4ec8b7981fa7b4222c7960844a6037a8cdd95ca40763abc626c2f4
6230,42383|134635,10377,91505,"Hamburg-Bergedorf, Germany","Dr. Remeis-Observatory, Bamberg, Germany",FINITE_GEOMETRY_ADMISSIBLE_WITNESS,GEOMETRY_ADMISSIBLE,1,1,0,1,338c9d09c886b6a89361dd59b35c2c5b1a34f4d3a6b8a3d2ef1b93852e432d6f
6231,42383|134636,10377,91506,"Hamburg-Bergedorf, Germany","Dr. Remeis-Observatory, Bamberg, Germany",FINITE_GEOMETRY_ADMISSIBLE_WITNESS,GEOMETRY_ADMISSIBLE,1,1,0,1,d1f52e52f08b013e8eb8ae684d04f8cdc6ebb3fb8f7769541911c69cb6395b65
6232,42384|134633,10378,91503,"Hamburg-Bergedorf, Germany","Dr. Remeis-Observatory, Bamberg, Germany",FINITE_GEOMETRY_ADMISSIBLE_WITNESS,GEOMETRY_ADMISSIBLE,1,1,0,1,4adbcf088f1fcaaa2e1e7b46cc6b9c7b658ff406d0008a430874342ad3b15fd8
6233,42384|134634,10378,91504,"Hamburg-Bergedorf, Germany","Dr. Remeis-Observatory, Bamberg, Germany",FINITE_GEOMETRY_ADMISSIBLE_WITNESS,GEOMETRY_ADMISSIBLE,1,1,0,1,f82c1e5b44f5f8892e517443189309278ae006212ba91625fa70b3441d971be2
6234,42384|134635,10378,91505,"Hamburg-Bergedorf, Germany","Dr. Remeis-Observatory, Bamberg, Germany",FINITE_GEOMETRY_ADMISSIBLE_WITNESS,GEOMETRY_ADMISSIBLE,1,1,0,1,848e6cab8b3054573c4f6c15d8b6ff5a6db05ae722529d31d524cf80e076886a
6235,42384|134636,10378,91506,"Hamburg-Bergedorf, Germany","Dr. Remeis-Observatory, Bamberg, Germany",FINITE_GEOMETRY_ADMISSIBLE_WITNESS,GEOMETRY_ADMISSIBLE,1,1,0,1,e72d463e2984fde82fd687216999e929212318087adeb6bbaf22f28d008d9a59
6236,42385|134641,10379,91511,"Hamburg-Bergedorf, Germany","Dr. Remeis-Observatory, Bamberg, Germany",FINITE_GEOMETRY_ADMISSIBLE_WITNESS,GEOMETRY_ADMISSIBLE,1,1,0,1,31f41ef6d1a3adfd81209240e155b26bc007c123a4b899b0a11b2bb14a7b321f
6237,42385|134642,10379,91512,"Hamburg-Bergedorf, Germany","Dr. Remeis-Observatory, Bamberg, Germany",FINITE_GEOMETRY_ADMISSIBLE_WITNESS,GEOMETRY_ADMISSIBLE,1,1,0,1,e1fe5a53fa7056a427d0ee1e0c4ecb4c85797e42a6d188c3cb430f382230672d
6238,42401|134669,10383,91539,"Hamburg-Bergedorf, Germany","Dr. Remeis-Observatory, Bamberg, Germany",FINITE_GEOMETRY_ADMISSIBLE_WITNESS,GEOMETRY_ADMISSIBLE,1,1,0,2,f608a70d2c4ab4411b4c95d9bc6bcd4bef4a02cae33e230db882c549391e9923
6239,42401|134670,10383,91540,"Hamburg-Bergedorf, Germany","Dr. Remeis-Observatory, Bamberg, Germany",FINITE_GEOMETRY_ADMISSIBLE_WITNESS,GEOMETRY_ADMISSIBLE,1,1,0,2,f9168a20b7fa3eadcef8ad42610c791b07eb86b559520800584ed13ccfeeb24c
6243,42401|134675,10383,91545,"Hamburg-Bergedorf, Germany","Dr. Remeis-Observatory, Bamberg, Germany",FINITE_GEOMETRY_ADMISSIBLE_WITNESS,GEOMETRY_ADMISSIBLE,1,1,0,1,3dc76800291ebb9949f6b9c17d505a5ccb8274006c097d38ff9f895bad1db483
6245,42402|134673,10384,91543,"Hamburg-Bergedorf, Germany","Dr. Remeis-Observatory, Bamberg, Germany",FINITE_GEOMETRY_ADMISSIBLE_WITNESS,GEOMETRY_ADMISSIBLE,1,1,0,1,125d0c0dfebaab1e1adabff454af2d06eb59ea6547a218374895a2622db3eb6a
6246,42402|134674,10384,91544,"Hamburg-Bergedorf, Germany","Dr. Remeis-Observatory, Bamberg, Germany",FINITE_GEOMETRY_ADMISSIBLE_WITNESS,GEOMETRY_ADMISSIBLE,1,1,0,2,69b2330e27f97de9da313e8a8a258a37fda0add679b31d1d061c0a45b80bfeaf
6247,42402|134675,10384,91545,"Hamburg-Bergedorf, Germany","Dr. Remeis-Observatory, Bamberg, Germany",FINITE_GEOMETRY_ADMISSIBLE_WITNESS,GEOMETRY_ADMISSIBLE,1,1,0,1,6b9e91d7aca031a5fb0180673dae1aa75d01534cde23604e84e76e7323eb798b
6248,42402|134676,10384,91546,"Hamburg-Bergedorf, Germany","Dr. Remeis-Observatory, Bamberg, Germany",FINITE_GEOMETRY_ADMISSIBLE_WITNESS,GEOMETRY_ADMISSIBLE,1,1,0,2,c1b882b24f0143b45e258b6c0485161ef058dc258333c02692af180b357ffddc
6249,42403|134677,10385,91547,"Hamburg-Bergedorf, Germany","Dr. Remeis-Observatory, Bamberg, Germany",FINITE_GEOMETRY_ADMISSIBLE_WITNESS,GEOMETRY_ADMISSIBLE,1,1,0,1,328fa42044b80b4edbcd257e199b812614bc89b628f2ba68f4fd82035135343b
6250,42403|134678,10385,91548,"Hamburg-Bergedorf, Germany","Dr. Remeis-Observatory, Bamberg, Germany",FINITE_GEOMETRY_ADMISSIBLE_WITNESS,GEOMETRY_ADMISSIBLE,1,1,0,1,a9672f49130cf958be4fed5b05e78f11a7cc693228ea85f9bd2e401b46cd89c5
6251,42403|134679,10385,91549,"Hamburg-Bergedorf, Germany","Dr. Remeis-Observatory, Bamberg, Germany",FINITE_GEOMETRY_ADMISSIBLE_WITNESS,GEOMETRY_ADMISSIBLE,1,1,0,1,9a69321dcd128890bd37a0bc74ccfccd7e46c95d5b3f228291c64eb43f42a6e1
6252,42403|134680,10385,91550,"Hamburg-Bergedorf, Germany","Dr. Remeis-Observatory, Bamberg, Germany",FINITE_GEOMETRY_ADMISSIBLE_WITNESS,GEOMETRY_ADMISSIBLE,1,1,0,1,2156381c1d298623d8378042044b9e76cb010cf2157cc01648993f00c82dc769
6253,42404|134677,10386,91547,"Hamburg-Bergedorf, Germany","Dr. Remeis-Observatory, Bamberg, Germany",FINITE_GEOMETRY_ADMISSIBLE_WITNESS,GEOMETRY_ADMISSIBLE,1,1,0,1,3f66869da5ecde605060809e5c1831b0cff426c885d36ac8c4f81a9f79ba42cd
6254,42404|134678,10386,91548,"Hamburg-Bergedorf, Germany","Dr. Remeis-Observatory, Bamberg, Germany",FINITE_GEOMETRY_ADMISSIBLE_WITNESS,GEOMETRY_ADMISSIBLE,1,1,0,1,b4bf9f2c545fb08e659309a0309f762fc7933b1378b41dfc8d31e75011d570da
6255,42404|134679,10386,91549,"Hamburg-Bergedorf, Germany","Dr. Remeis-Observatory, Bamberg, Germany",FINITE_GEOMETRY_ADMISSIBLE_WITNESS,GEOMETRY_ADMISSIBLE,1,1,0,1,44a72b07af848b8f8d9e89c94300fb696f218edaae527bb0b83a6be28296c87b
6256,42404|134680,10386,91550,"Hamburg-Bergedorf, Germany","Dr. Remeis-Observatory, Bamberg, Germany",FINITE_GEOMETRY_ADMISSIBLE_WITNESS,GEOMETRY_ADMISSIBLE,1,1,0,1,b7e0e2b98783419bb9260942d26c4b1e62294680187cd409b9d71d33ac5ccf95
6257,42405|134677,10387,91547,"Hamburg-Bergedorf, Germany","Dr. Remeis-Observatory, Bamberg, Germany",FINITE_GEOMETRY_ADMISSIBLE_WITNESS,GEOMETRY_ADMISSIBLE,1,1,0,2,78c3089f1ff11f25d612c28836bf69c2b8f34f63ed527127d6e6e67ea1cc3c5b
6258,42405|134678,10387,91548,"Hamburg-Bergedorf, Germany","Dr. Remeis-Observatory, Bamberg, Germany",FINITE_GEOMETRY_ADMISSIBLE_WITNESS,GEOMETRY_ADMISSIBLE,1,1,0,1,1970198d54e5903e432760c95af9db133686b0070baf6ae1392346064ba4990b
6259,42405|134679,10387,91549,"Hamburg-Bergedorf, Germany","Dr. Remeis-Observatory, Bamberg, Germany",FINITE_GEOMETRY_ADMISSIBLE_WITNESS,GEOMETRY_ADMISSIBLE,1,1,0,1,5fd33734f552f964139ba748cd437b182a5a9e5176dabe3c33fd21674244c4d4
6260,42405|134680,10387,91550,"Hamburg-Bergedorf, Germany","Dr. Remeis-Observatory, Bamberg, Germany",FINITE_GEOMETRY_ADMISSIBLE_WITNESS,GEOMETRY_ADMISSIBLE,1,1,0,1,0604c86e1771cdd5957f0ada2752bac0b0e2a1daa5d977bc90ec8d5348ad992b
6271,42409|134687,10391,91557,"Hamburg-Bergedorf, Germany","Dr. Remeis-Observatory, Bamberg, Germany",FINITE_GEOMETRY_ADMISSIBLE_WITNESS,GEOMETRY_ADMISSIBLE,1,1,0,1,68e22c879676e619bfaf9bfda9c87a5e52f60198a6023e6bbc17fcc1dd960a51
6273,42410|134689,10392,91559,"Hamburg-Bergedorf, Germany","Dr. Remeis-Observatory, Bamberg, Germany",FINITE_GEOMETRY_ADMISSIBLE_WITNESS,GEOMETRY_ADMISSIBLE,1,1,0,2,f9d09ebb064cc0d3bda12b3e5aa5752eaff9f99290eaaa127a377659fac1f05b
6274,42410|134690,10392,91560,"Hamburg-Bergedorf, Germany","Dr. Remeis-Observatory, Bamberg, Germany",FINITE_GEOMETRY_ADMISSIBLE_WITNESS,GEOMETRY_ADMISSIBLE,1,1,0,4,97e2ad1bd5bc3097e1a23aeb4d37df5727a9a6ce4f46887e3bf2781cefee311e
6275,42410|134691,10392,91561,"Hamburg-Bergedorf, Germany","Dr. Remeis-Observatory, Bamberg, Germany",FINITE_GEOMETRY_ADMISSIBLE_WITNESS,GEOMETRY_ADMISSIBLE,1,1,0,2,49fe135508b6ea6fe039e7cb9bd3837a2c27a9c97aaa3c8f032235274ba0c8fb
6276,42410|134692,10392,91562,"Hamburg-Bergedorf, Germany","Dr. Remeis-Observatory, Bamberg, Germany",FINITE_GEOMETRY_ADMISSIBLE_WITNESS,GEOMETRY_ADMISSIBLE,1,1,0,1,9cb173ca36a10c28751a5f8c7de8a4410c458061362bcd8239e9fd3800d04cdc
6277,42411|134689,10393,91559,"Hamburg-Bergedorf, Germany","Dr. Remeis-Observatory, Bamberg, Germany",FINITE_GEOMETRY_ADMISSIBLE_WITNESS,GEOMETRY_ADMISSIBLE,1,1,0,3,461939da847eb0a06a687abb5cbe8d07f744ac3b565b9678383c62fcae6feeaa
6278,42411|134690,10393,91560,"Hamburg-Bergedorf, Germany","Dr. Remeis-Observatory, Bamberg, Germany",FINITE_GEOMETRY_ADMISSIBLE_WITNESS,GEOMETRY_ADMISSIBLE,1,1,0,1,fb0d09ec95ace074832f3f16186e7300cd096b055090fc024f921bda8d214389
6279,42411|134691,10393,91561,"Hamburg-Bergedorf, Germany","Dr. Remeis-Observatory, Bamberg, Germany",FINITE_GEOMETRY_ADMISSIBLE_WITNESS,GEOMETRY_ADMISSIBLE,1,1,0,1,d293477b4840281e8c98659adfca3651ae97de5991ce37e6579736301c1d5720
6280,42411|134692,10393,91562,"Hamburg-Bergedorf, Germany","Dr. Remeis-Observatory, Bamberg, Germany",FINITE_GEOMETRY_ADMISSIBLE_WITNESS,GEOMETRY_ADMISSIBLE,1,1,0,1,4ef21231723e9c2875f3e1f84951fe7fa599f5aad8f8eb8fc4614ff8fe140674
6289,42471|134825,10412,91695,"Hamburg-Bergedorf, Germany","Dr. Remeis-Observatory, Bamberg, Germany",FINITE_GEOMETRY_ADMISSIBLE_WITNESS,GEOMETRY_ADMISSIBLE,1,1,0,2,08e622d8f863c993070f5ec8698248d293ad08efcb0d868e8731595100d6aa42
6290,42471|134826,10412,91696,"Hamburg-Bergedorf, Germany","Dr. Remeis-Observatory, Bamberg, Germany",FINITE_GEOMETRY_ADMISSIBLE_WITNESS,GEOMETRY_ADMISSIBLE,1,1,0,1,afbd9da4294df300bfc2db13c717a665c88d967ff74b96fff4f82ec3b0e7a635
6291,42471|134827,10412,91697,"Hamburg-Bergedorf, Germany","Dr. Remeis-Observatory, Bamberg, Germany",FINITE_GEOMETRY_ADMISSIBLE_WITNESS,GEOMETRY_ADMISSIBLE,1,1,0,1,ad834cb9f107ac717d7f4db415febcbdd88f93a9fd0991a74692c0a7ffae8de8
6293,42472|134829,10413,91699,"Hamburg-Bergedorf, Germany","Dr. Remeis-Observatory, Bamberg, Germany",FINITE_GEOMETRY_ADMISSIBLE_WITNESS,GEOMETRY_ADMISSIBLE,1,1,0,2,4346e4649a354ceb2e222673d68e8b931b75c93468078610e400ec11e1eef1e5
6294,42472|134830,10413,91700,"Hamburg-Bergedorf, Germany","Dr. Remeis-Observatory, Bamberg, Germany",FINITE_GEOMETRY_ADMISSIBLE_WITNESS,GEOMETRY_ADMISSIBLE,1,1,0,1,fb59d7e6caa6adaaa0bf4748f518a8e1ec212b55121d6ce9d5cac06ddfcce754
6295,42472|134831,10413,91701,"Hamburg-Bergedorf, Germany","Dr. Remeis-Observatory, Bamberg, Germany",FINITE_GEOMETRY_ADMISSIBLE_WITNESS,GEOMETRY_ADMISSIBLE,1,1,0,1,bb8a994fc45ad9b8bc7b02d79725a113181a063f1408c5cd6e171e86d7946903
6296,42473|134829,10414,91699,"Hamburg-Bergedorf, Germany","Dr. Remeis-Observatory, Bamberg, Germany",FINITE_GEOMETRY_ADMISSIBLE_WITNESS,GEOMETRY_ADMISSIBLE,1,1,0,1,edb0211e7c4858f93409d5fc49342e8ef723120dc1c2d87e24234d8665a0e4ab
6297,42473|134830,10414,91700,"Hamburg-Bergedorf, Germany","Dr. Remeis-Observatory, Bamberg, Germany",FINITE_GEOMETRY_ADMISSIBLE_WITNESS,GEOMETRY_ADMISSIBLE,1,1,0,1,8b6767ee6b41f0a18900d6057f20f72f48a5665b36f8ee92023994cc64e9bba6
6298,42473|134831,10414,91701,"Hamburg-Bergedorf, Germany","Dr. Remeis-Observatory, Bamberg, Germany",FINITE_GEOMETRY_ADMISSIBLE_WITNESS,GEOMETRY_ADMISSIBLE,1,1,0,1,0be6a9aa8d7492065f6e8e7ea31f26763811b1caf5e4611839f1f5bfda7e7d1a
6299,42477|134837,10416,91707,"Hamburg-Bergedorf, Germany","Dr. Remeis-Observatory, Bamberg, Germany",FINITE_GEOMETRY_ADMISSIBLE_WITNESS,GEOMETRY_ADMISSIBLE,1,1,0,1,ce3086ebdde149177dec495a138fc7a7748c4a724c7e5c74db99f4ccacb338ea
6301,42477|134839,10416,91709,"Hamburg-Bergedorf, Germany","Dr. Remeis-Observatory, Bamberg, Germany",FINITE_GEOMETRY_ADMISSIBLE_WITNESS,GEOMETRY_ADMISSIBLE,1,1,0,1,23a5a95896a4e2fb33bcbeeaa040872a51c806a66a1caf991734a59d16827a46
6302,42478|134837,10417,91707,"Hamburg-Bergedorf, Germany","Dr. Remeis-Observatory, Bamberg, Germany",FINITE_GEOMETRY_ADMISSIBLE_WITNESS,GEOMETRY_ADMISSIBLE,1,1,0,1,017ccf31144ff98ce20966c291adffd6b354c7a053738d5c4c7c842f290922fd
6303,42478|134838,10417,91708,"Hamburg-Bergedorf, Germany","Dr. Remeis-Observatory, Bamberg, Germany",FINITE_GEOMETRY_ADMISSIBLE_WITNESS,GEOMETRY_ADMISSIBLE,1,1,0,1,eb840f812483b930bd7863ea178d1a6af5bb32d8b9b4d6f8e30c163e92eeda38
6304,42478|134839,10417,91709,"Hamburg-Bergedorf, Germany","Dr. Remeis-Observatory, Bamberg, Germany",FINITE_GEOMETRY_ADMISSIBLE_WITNESS,GEOMETRY_ADMISSIBLE,1,1,0,1,95fa9fba37dde79dda6446478329a0b1999bd08e8de293ed55ff790fa1db7c1f
6307,42479|134844,10418,91714,"Hamburg-Bergedorf, Germany","Dr. Remeis-Observatory, Bamberg, Germany",FINITE_GEOMETRY_ADMISSIBLE_WITNESS,GEOMETRY_ADMISSIBLE,1,1,0,1,6b496966c43b12b4d6a1a1144c9206a21bc3f4f6140c1ae5b4ab948fdb0ce0ce
6310,42480|134844,10419,91714,"Hamburg-Bergedorf, Germany","Dr. Remeis-Observatory, Bamberg, Germany",FINITE_GEOMETRY_ADMISSIBLE_WITNESS,GEOMETRY_ADMISSIBLE,1,1,0,1,d7ad025f51ae3f690899ab8743bce1d33ec9e508a38e3db9a683e6299fa9bf35
6316,42522|134975,10438,91845,"Hamburg-Bergedorf, Germany","Dr. Remeis-Observatory, Bamberg, Germany",FINITE_GEOMETRY_ADMISSIBLE_WITNESS,GEOMETRY_ADMISSIBLE,1,1,0,3,cfbf8ff5c5417da8dac870ba12d41f92df4430caf0283382156e603116e66f45
6320,42523|134975,10439,91845,"Hamburg-Bergedorf, Germany","Dr. Remeis-Observatory, Bamberg, Germany",FINITE_GEOMETRY_ADMISSIBLE_WITNESS,GEOMETRY_ADMISSIBLE,1,1,0,2,36607198f9c32cf5a850b2f27acbbac86ac390804a52814d479feef19ed183f8
6332,42527|134979,10443,91849,"Hamburg-Bergedorf, Germany","Dr. Remeis-Observatory, Bamberg, Germany",FINITE_GEOMETRY_ADMISSIBLE_WITNESS,GEOMETRY_ADMISSIBLE,1,1,0,1,f01a732ba807daf893adf9ac98664664228ae2efc52da2875abe0a42a3cec0b7
6334,42528|134977,10444,91847,"Hamburg-Bergedorf, Germany","Dr. Remeis-Observatory, Bamberg, Germany",FINITE_GEOMETRY_ADMISSIBLE_WITNESS,GEOMETRY_ADMISSIBLE,1,1,0,1,2a59e1bfd72298615e980eb0a16f269a7f9a8ab66a4ab1c3662b750ef5600d82
6335,42528|134978,10444,91848,"Hamburg-Bergedorf, Germany","Dr. Remeis-Observatory, Bamberg, Germany",FINITE_GEOMETRY_ADMISSIBLE_WITNESS,GEOMETRY_ADMISSIBLE,1,1,0,1,07e9a16b55b2150338156b6742f485add699823b2eb71a05017603b133ad2820
6336,42528|134979,10444,91849,"Hamburg-Bergedorf, Germany","Dr. Remeis-Observatory, Bamberg, Germany",FINITE_GEOMETRY_ADMISSIBLE_WITNESS,GEOMETRY_ADMISSIBLE,1,1,0,1,52d06c2155e9ba9e5303aab5565faceccc53048660817faddcd44f8d4c224c0a
6359,42541|135056,10449,91926,"Hamburg-Bergedorf, Germany","Dr. Remeis-Observatory, Bamberg, Germany",FINITE_GEOMETRY_ADMISSIBLE_WITNESS,GEOMETRY_ADMISSIBLE,1,1,0,1,8c49c84cdadcf504f595657e86ad98e0873c0b1a97f44a027442fb1fa3941bdd
6360,42541|135057,10449,91927,"Hamburg-Bergedorf, Germany","Dr. Remeis-Observatory, Bamberg, Germany",FINITE_GEOMETRY_ADMISSIBLE_WITNESS,GEOMETRY_ADMISSIBLE,1,1,0,1,2b54ba062551ab22da7981ab99ab68d171ef41d01983831f42d7682c6fb000e5
6361,42541|135058,10449,91928,"Hamburg-Bergedorf, Germany","Dr. Remeis-Observatory, Bamberg, Germany",FINITE_GEOMETRY_ADMISSIBLE_WITNESS,GEOMETRY_ADMISSIBLE,1,1,0,1,ca762df4b15b24c08e7b30bbdd69ba797c7b9f348d1b69faf83cb77b3e9dcf38
6362,42542|135056,10450,91926,"Hamburg-Bergedorf, Germany","Dr. Remeis-Observatory, Bamberg, Germany",FINITE_GEOMETRY_ADMISSIBLE_WITNESS,GEOMETRY_ADMISSIBLE,1,1,0,1,6154884499522c1530aac45ae45803c60f376216ebb8cb9364a905a0e0140ec4
6363,42542|135057,10450,91927,"Hamburg-Bergedorf, Germany","Dr. Remeis-Observatory, Bamberg, Germany",FINITE_GEOMETRY_ADMISSIBLE_WITNESS,GEOMETRY_ADMISSIBLE,1,1,0,1,8763aaea38ebe4fd773db5da6fbcc14749075bf1e0d55af80f8226369214ae90
6364,42542|135058,10450,91928,"Hamburg-Bergedorf, Germany","Dr. Remeis-Observatory, Bamberg, Germany",FINITE_GEOMETRY_ADMISSIBLE_WITNESS,GEOMETRY_ADMISSIBLE,1,1,0,1,7b30293bc46c4c8b166cb2771ab0f3d083ddde289dfb48f921abcb53471790ad
6365,42543|135060,10451,91930,"Hamburg-Bergedorf, Germany","Dr. Remeis-Observatory, Bamberg, Germany",FINITE_GEOMETRY_ADMISSIBLE_WITNESS,GEOMETRY_ADMISSIBLE,1,1,0,2,8fc545cc154c37047d1c559455eaeaa281cf08778d2e14c7e9b22e5036c0db77
6366,42543|135061,10451,91931,"Hamburg-Bergedorf, Germany","Dr. Remeis-Observatory, Bamberg, Germany",FINITE_GEOMETRY_ADMISSIBLE_WITNESS,GEOMETRY_ADMISSIBLE,1,1,0,1,e7a88d529fb3543b96e0ea3f7bc9be5d78a1e4e49b435c07855b877d26425e15
6367,42543|135062,10451,91932,"Hamburg-Bergedorf, Germany","Dr. Remeis-Observatory, Bamberg, Germany",FINITE_GEOMETRY_ADMISSIBLE_WITNESS,GEOMETRY_ADMISSIBLE,1,1,0,1,1a848b32d0ad9e2d7f2015ab1de4f4bc21758894dd8b4b4bb9a23ae4af2a1bf2
6368,42544|135060,10452,91930,"Hamburg-Bergedorf, Germany","Dr. Remeis-Observatory, Bamberg, Germany",FINITE_GEOMETRY_ADMISSIBLE_WITNESS,GEOMETRY_ADMISSIBLE,1,1,0,1,8b03e9063304a6be996ed1bf3f6ff015fed1a3aec9c03b4d9e52ec9a610f09c0
6369,42544|135061,10452,91931,"Hamburg-Bergedorf, Germany","Dr. Remeis-Observatory, Bamberg, Germany",FINITE_GEOMETRY_ADMISSIBLE_WITNESS,GEOMETRY_ADMISSIBLE,1,1,0,2,93a9ea507109f0d3c3af06613d67f28bd442afe59ce0b41f0e702300ab6f49d4
6370,42544|135062,10452,91932,"Hamburg-Bergedorf, Germany","Dr. Remeis-Observatory, Bamberg, Germany",FINITE_GEOMETRY_ADMISSIBLE_WITNESS,GEOMETRY_ADMISSIBLE,1,1,0,1,e47f396a5e3e4b1a274b9917c60b36a4359791b5218f170c9edc5747d4fdca00
6489,42669|135312,10487,92182,"Hamburg-Bergedorf, Germany","Dr. Remeis-Observatory, Bamberg, Germany",FINITE_GEOMETRY_ADMISSIBLE_WITNESS,GEOMETRY_ADMISSIBLE,1,1,0,1,536e06a48a659d3dd27ebd980740bdafb55432a61d7e21986bbf1a841dc3480e
6496,42704|135504,10521,92374,"Hamburg-Bergedorf, Germany","Dr. Remeis-Observatory, Bamberg, Germany",FINITE_GEOMETRY_ADMISSIBLE_WITNESS,GEOMETRY_ADMISSIBLE,1,1,0,1,d407cea2a772cc5dc641cc434efe4c77fdb7214443aaa2f7477d2d80d5d17c93
6497,42704|135505,10521,92375,"Hamburg-Bergedorf, Germany","Dr. Remeis-Observatory, Bamberg, Germany",FINITE_GEOMETRY_ADMISSIBLE_WITNESS,GEOMETRY_ADMISSIBLE,1,1,0,1,a135148f4d65f6ceb8192aa229c1a11a892ab92bc512de75b7e536308bf52f5c
6498,42704|135506,10521,92376,"Hamburg-Bergedorf, Germany","Dr. Remeis-Observatory, Bamberg, Germany",FINITE_GEOMETRY_ADMISSIBLE_WITNESS,GEOMETRY_ADMISSIBLE,1,1,0,1,42b0881ca124fc54716739d1e554628bb9140c1c01d7bed643f88b0b70c863e1
6520,42737|135623,10547,92493,"Hamburg-Bergedorf, Germany","Dr. Remeis-Observatory, Bamberg, Germany",FINITE_GEOMETRY_ADMISSIBLE_WITNESS,GEOMETRY_ADMISSIBLE,1,1,0,1,bf50a8ff44c8592394de813564108872dfe5f9504a3c6576da9e73d6b5785a9a
6521,42737|135624,10547,92494,"Hamburg-Bergedorf, Germany","Dr. Remeis-Observatory, Bamberg, Germany",FINITE_GEOMETRY_ADMISSIBLE_WITNESS,GEOMETRY_ADMISSIBLE,1,1,0,1,453041906f0597ffbe88775885f7abf44aeee4666920b010bf6ad481b13a1a0e
6522,42737|135625,10547,92495,"Hamburg-Bergedorf, Germany","Dr. Remeis-Observatory, Bamberg, Germany",FINITE_GEOMETRY_ADMISSIBLE_WITNESS,GEOMETRY_ADMISSIBLE,1,1,0,1,d5fce904dec957fdb05827df6281e60e36bf4d84b8ecf3302374836d29108405
6523,42737|135626,10547,92496,"Hamburg-Bergedorf, Germany","Dr. Remeis-Observatory, Bamberg, Germany",FINITE_GEOMETRY_ADMISSIBLE_WITNESS,GEOMETRY_ADMISSIBLE,1,1,0,1,c7759aa8658058b1cf3ce30dc88da4c38e208d442db1aeb973e4131daf95e498
6525,42738|135628,10547,92498,"Hamburg-Bergedorf, Germany","Dr. Remeis-Observatory, Bamberg, Germany",FINITE_GEOMETRY_ADMISSIBLE_WITNESS,GEOMETRY_ADMISSIBLE,1,1,0,1,fe950a19df3115a696a7f4aca56c1f788e5aacfc6627d656d2d1585fda35f2b4
6528,42738|135631,10547,92501,"Hamburg-Bergedorf, Germany","Dr. Remeis-Observatory, Bamberg, Germany",FINITE_GEOMETRY_ADMISSIBLE_WITNESS,GEOMETRY_ADMISSIBLE,1,1,0,2,ba96b7b9d9c4a2cb46123ba21bc65ac4d357f0a2e8dd2d27fc3955ae765f5ced
6532,42739|135631,10547,92501,"Hamburg-Bergedorf, Germany","Dr. Remeis-Observatory, Bamberg, Germany",FINITE_GEOMETRY_ADMISSIBLE_WITNESS,GEOMETRY_ADMISSIBLE,1,1,0,2,e7ac646ecb6355e6595f1b81cd19246a7ee85eca7cbf09f95511ae27b28a7d2d
6536,42740|135631,10548,92501,"Hamburg-Bergedorf, Germany","Dr. Remeis-Observatory, Bamberg, Germany",FINITE_GEOMETRY_ADMISSIBLE_WITNESS,GEOMETRY_ADMISSIBLE,1,1,0,2,b6338aebeedddcc6209b1e52a5a14098fe07da1ccd2f51ce73fbf709828abeee
6552,42744|135648,10550,92518,"Hamburg-Bergedorf, Germany","Dr. Remeis-Observatory, Bamberg, Germany",FINITE_GEOMETRY_ADMISSIBLE_WITNESS,GEOMETRY_ADMISSIBLE,1,1,0,1,b698ae17ec4d51ec2f1ffad3937ca0ee46dd9983da85a4133adf40eeafa0e6e1
6553,42744|135649,10550,92519,"Hamburg-Bergedorf, Germany","Dr. Remeis-Observatory, Bamberg, Germany",FINITE_GEOMETRY_ADMISSIBLE_WITNESS,GEOMETRY_ADMISSIBLE,1,1,0,1,89354dacdc6089b62da32d48fcfccc00a9541d88ddaec14ae572f1e83969b51d
6556,42745|135648,10551,92518,"Hamburg-Bergedorf, Germany","Dr. Remeis-Observatory, Bamberg, Germany",FINITE_GEOMETRY_ADMISSIBLE_WITNESS,GEOMETRY_ADMISSIBLE,1,1,0,1,483b370f41e964172e5385ce8ea96669e477020a051b20518dc5ff64bc797610
6557,42745|135649,10551,92519,"Hamburg-Bergedorf, Germany","Dr. Remeis-Observatory, Bamberg, Germany",FINITE_GEOMETRY_ADMISSIBLE_WITNESS,GEOMETRY_ADMISSIBLE,1,1,0,1,51d74d87e2ac1a34a36df6d6488d6dcc53e2244d64b8faf3de2270294a3fc0d1
6560,42746|135653,10552,92523,"Hamburg-Bergedorf, Germany","Dr. Remeis-Observatory, Bamberg, Germany",FINITE_GEOMETRY_ADMISSIBLE_WITNESS,GEOMETRY_ADMISSIBLE,1,1,0,1,9953b44f5f149978aa3796941e7e761e6318687af9596b9352c23303b6c14dd7
6561,42746|135654,10552,92524,"Hamburg-Bergedorf, Germany","Dr. Remeis-Observatory, Bamberg, Germany",FINITE_GEOMETRY_ADMISSIBLE_WITNESS,GEOMETRY_ADMISSIBLE,1,1,0,1,d261af39e9016983874fe3230eac43d00860ad0277f76f185ca64008d85e82ce
6570,42761|135718,10567,92588,"Hamburg-Bergedorf, Germany","Dr. Remeis-Observatory, Bamberg, Germany",FINITE_GEOMETRY_ADMISSIBLE_WITNESS,GEOMETRY_ADMISSIBLE,1,1,0,1,24a610f09574b2d351430c284ad22ce5989b79f1e48cf0146c68cb3e26629f9f
6571,42761|135719,10567,92589,"Hamburg-Bergedorf, Germany","Dr. Remeis-Observatory, Bamberg, Germany",FINITE_GEOMETRY_ADMISSIBLE_WITNESS,GEOMETRY_ADMISSIBLE,1,1,0,2,012e25e11ee22dece0f782b6fcf5442d4fb9efab928080eea39115990398c264
6572,42761|135720,10567,92590,"Hamburg-Bergedorf, Germany","Dr. Remeis-Observatory, Bamberg, Germany",FINITE_GEOMETRY_ADMISSIBLE_WITNESS,GEOMETRY_ADMISSIBLE,1,1,0,2,71f196970e6b64a5b52344241562542b026ee8f31eab165029bc4e5eb63f35ec
6574,42762|135718,10568,92588,"Hamburg-Bergedorf, Germany","Dr. Remeis-Observatory, Bamberg, Germany",FINITE_GEOMETRY_ADMISSIBLE_WITNESS,GEOMETRY_ADMISSIBLE,1,1,0,1,273556ea40d2bfa4c1ff95c4c8a306246c9fcb3f4ff267a55bc5529fd6102ccc
6575,42762|135719,10568,92589,"Hamburg-Bergedorf, Germany","Dr. Remeis-Observatory, Bamberg, Germany",FINITE_GEOMETRY_ADMISSIBLE_WITNESS,GEOMETRY_ADMISSIBLE,1,1,0,2,16ac6a69372fe34950523c757d0c876d21d5d995699a5e1a301545cd7060e1b7
6576,42762|135720,10568,92590,"Hamburg-Bergedorf, Germany","Dr. Remeis-Observatory, Bamberg, Germany",FINITE_GEOMETRY_ADMISSIBLE_WITNESS,GEOMETRY_ADMISSIBLE,1,1,0,1,ec707f7aeee44ee4ce4fd1f7510b4f2b10ff31c35725bda229adec640fde82e6
6578,42763|135723,10569,92593,"Hamburg-Bergedorf, Germany","Dr. Remeis-Observatory, Bamberg, Germany",FINITE_GEOMETRY_ADMISSIBLE_WITNESS,GEOMETRY_ADMISSIBLE,1,1,0,2,65806f8fdaa5110aee29f4407c4702b03e2d8d4676fb84694d274caefcb0685f
6579,42763|135724,10569,92594,"Hamburg-Bergedorf, Germany","Dr. Remeis-Observatory, Bamberg, Germany",FINITE_GEOMETRY_ADMISSIBLE_WITNESS,GEOMETRY_ADMISSIBLE,1,1,0,1,7d3139ace0b920734061106829a735af51dbede02271e7519c05996eae7f3531
6580,42763|135725,10569,92595,"Hamburg-Bergedorf, Germany","Dr. Remeis-Observatory, Bamberg, Germany",FINITE_GEOMETRY_ADMISSIBLE_WITNESS,GEOMETRY_ADMISSIBLE,1,1,0,1,6d1f1e35b2451bde9a55e90bd8882067e0ad02a017bd54a2c9ce1384a989bf07
6581,42763|135726,10569,92596,"Hamburg-Bergedorf, Germany","Dr. Remeis-Observatory, Bamberg, Germany",FINITE_GEOMETRY_ADMISSIBLE_WITNESS,GEOMETRY_ADMISSIBLE,1,1,0,1,822bd653e91b2ce287e0da0c670462cd65e243cbfb381e633c92aa98337da82c
6583,42764|135723,10570,92593,"Hamburg-Bergedorf, Germany","Dr. Remeis-Observatory, Bamberg, Germany",FINITE_GEOMETRY_ADMISSIBLE_WITNESS,GEOMETRY_ADMISSIBLE,1,1,0,1,e026ac0133e875cc3dc6cff46a5d921b38e3553123599b8e77e657760e6ffb2b
6584,42764|135724,10570,92594,"Hamburg-Bergedorf, Germany","Dr. Remeis-Observatory, Bamberg, Germany",FINITE_GEOMETRY_ADMISSIBLE_WITNESS,GEOMETRY_ADMISSIBLE,1,1,0,3,41d1529ff463f624d548435ca1c3aefa76cd259719cbe8f1cc9f005c7166b4e6
6585,42764|135725,10570,92595,"Hamburg-Bergedorf, Germany","Dr. Remeis-Observatory, Bamberg, Germany",FINITE_GEOMETRY_ADMISSIBLE_WITNESS,GEOMETRY_ADMISSIBLE,1,1,0,1,395b3d2317d1483c7e880fbb62a6082cbb4d1cf83e36865419ddbe943147c62f
6588,42765|135723,10571,92593,"Hamburg-Bergedorf, Germany","Dr. Remeis-Observatory, Bamberg, Germany",FINITE_GEOMETRY_ADMISSIBLE_WITNESS,GEOMETRY_ADMISSIBLE,1,1,0,1,74db14e8080c81582d207ab45010a7e90fdd9106467dbc9a1452854bca8cb16a
6589,42765|135724,10571,92594,"Hamburg-Bergedorf, Germany","Dr. Remeis-Observatory, Bamberg, Germany",FINITE_GEOMETRY_ADMISSIBLE_WITNESS,GEOMETRY_ADMISSIBLE,1,1,0,1,e296fcfc45c58d4ea89b65e6a5ee01ead82ae35219e953928d4f056a74665b29
6590,42765|135725,10571,92595,"Hamburg-Bergedorf, Germany","Dr. Remeis-Observatory, Bamberg, Germany",FINITE_GEOMETRY_ADMISSIBLE_WITNESS,GEOMETRY_ADMISSIBLE,1,1,0,1,3699fa97064f311f0ba0c5d15d38768f3b31c78cbb0235b178db0c524bd86cec
6593,42766|135728,10572,92598,"Hamburg-Bergedorf, Germany","Dr. Remeis-Observatory, Bamberg, Germany",FINITE_GEOMETRY_ADMISSIBLE_WITNESS,GEOMETRY_ADMISSIBLE,1,1,0,1,962b6093a146e75bac82e3b9194ca7d53e2a69ea66ee0fe07013a8d007ceaaca
6594,42766|135729,10572,92599,"Hamburg-Bergedorf, Germany","Dr. Remeis-Observatory, Bamberg, Germany",FINITE_GEOMETRY_ADMISSIBLE_WITNESS,GEOMETRY_ADMISSIBLE,1,1,0,2,092b9ec74551d88811dc101ee455ff946c0683dd9319387668287ea07fc7a026
6595,42766|135730,10572,92600,"Hamburg-Bergedorf, Germany","Dr. Remeis-Observatory, Bamberg, Germany",FINITE_GEOMETRY_ADMISSIBLE_WITNESS,GEOMETRY_ADMISSIBLE,1,1,0,1,2368e190aefbba47f626ed7a8224a1c4e35360e6ac90bf674037f9b6a82ef69b
6601,42919|136176,10652,93046,"Hamburg-Bergedorf, Germany","Dr. Remeis-Observatory, Bamberg, Germany",FINITE_GEOMETRY_ADMISSIBLE_WITNESS,GEOMETRY_ADMISSIBLE,1,1,0,2,fa37a98aa6e98a92b737b763694d8cbcab1727fa56e099defd8f02e9228cfed7
6602,42919|136177,10652,93047,"Hamburg-Bergedorf, Germany","Dr. Remeis-Observatory, Bamberg, Germany",FINITE_GEOMETRY_ADMISSIBLE_WITNESS,GEOMETRY_ADMISSIBLE,1,1,0,1,81278c9065787d267d9871eec132eae7806906faaf8787ecff9443fc8beeede2
6604,42920|136176,10653,93046,"Hamburg-Bergedorf, Germany","Dr. Remeis-Observatory, Bamberg, Germany",FINITE_GEOMETRY_ADMISSIBLE_WITNESS,GEOMETRY_ADMISSIBLE,1,1,0,1,1eff02eaad74080c88c1f6f26127515020465cc38b81a10b594c98c44c78b7d2
6605,42920|136177,10653,93047,"Hamburg-Bergedorf, Germany","Dr. Remeis-Observatory, Bamberg, Germany",FINITE_GEOMETRY_ADMISSIBLE_WITNESS,GEOMETRY_ADMISSIBLE,1,1,0,1,20b69f3768d6bdd69fdccb7912849d159c2268472ad7424a8c1466db8d97383d
6607,42921|136176,10654,93046,"Hamburg-Bergedorf, Germany","Dr. Remeis-Observatory, Bamberg, Germany",FINITE_GEOMETRY_ADMISSIBLE_WITNESS,GEOMETRY_ADMISSIBLE,1,1,0,1,d9bddc95802cb1d002f7ab97322e80591ba97c6f4b54b6a86d33cef38ee344a9
6608,42921|136177,10654,93047,"Hamburg-Bergedorf, Germany","Dr. Remeis-Observatory, Bamberg, Germany",FINITE_GEOMETRY_ADMISSIBLE_WITNESS,GEOMETRY_ADMISSIBLE,1,1,0,1,8135be5f238e294df65cb31d5ad752517a11351afc49b1539160be3709931d5f
6620,43040|136399,10691,93269,"Hamburg-Bergedorf, Germany","Dr. Remeis-Observatory, Bamberg, Germany",FINITE_GEOMETRY_ADMISSIBLE_WITNESS,GEOMETRY_ADMISSIBLE,1,1,0,1,718b4fe1970a80735cfb7def7fe53b5bd230eae289a08d17dc71fbf5467d3444
6621,43040|136400,10691,93270,"Hamburg-Bergedorf, Germany","Dr. Remeis-Observatory, Bamberg, Germany",FINITE_GEOMETRY_ADMISSIBLE_WITNESS,GEOMETRY_ADMISSIBLE,1,1,0,1,bab84b47070fe4f6c5aa5bccbc1651b7a9c298f3cf086eb4fc1f37f082049f54
6622,43040|136401,10691,93271,"Hamburg-Bergedorf, Germany","Dr. Remeis-Observatory, Bamberg, Germany",FINITE_GEOMETRY_ADMISSIBLE_WITNESS,GEOMETRY_ADMISSIBLE,1,1,0,1,ff886b44b8bc827580898804f4c41eb3848afbc4bbe83349ea1ef1b5c036124d
6623,43040|136402,10691,93272,"Hamburg-Bergedorf, Germany","Dr. Remeis-Observatory, Bamberg, Germany",FINITE_GEOMETRY_ADMISSIBLE_WITNESS,GEOMETRY_ADMISSIBLE,1,1,0,1,ad8a2efcf27858de71d4f6a954a6a6e75758505fd49781ee3f77b6f997d2c2fd
6625,43084|136590,10717,93460,"Hamburg-Bergedorf, Germany","Dr. Remeis-Observatory, Bamberg, Germany",FINITE_GEOMETRY_ADMISSIBLE_WITNESS,GEOMETRY_ADMISSIBLE,1,1,0,2,cb81f331cf3aee723241ef7762fb1d1aa6d3084707783d2a4ed54f7dd6294a57
6630,43084|136595,10717,93465,"Hamburg-Bergedorf, Germany","Dr. Remeis-Observatory, Bamberg, Germany",FINITE_GEOMETRY_ADMISSIBLE_WITNESS,GEOMETRY_ADMISSIBLE,1,1,0,1,f119e109a0530eb9dc05397226c332c80d91e1745d8d021886b7a24aa6531205
6641,43087|136635,10720,93505,"Hamburg-Bergedorf, Germany","Dr. Remeis-Observatory, Bamberg, Germany",FINITE_GEOMETRY_ADMISSIBLE_WITNESS,GEOMETRY_ADMISSIBLE,1,1,0,1,f76bf6676a21c9a91da3d51590e02ec1b0ad0b1b51cc651c81b8903e215c8cdc
6646,43087|136640,10720,93510,"Hamburg-Bergedorf, Germany","Dr. Remeis-Observatory, Bamberg, Germany",FINITE_GEOMETRY_ADMISSIBLE_WITNESS,GEOMETRY_ADMISSIBLE,1,1,0,1,6021078ea2d8b01d2ce7baf5f99d7c42bd86a90a474c51299e33701e689c4dc8
6651,43088|136640,10721,93510,"Hamburg-Bergedorf, Germany","Dr. Remeis-Observatory, Bamberg, Germany",FINITE_GEOMETRY_ADMISSIBLE_WITNESS,GEOMETRY_ADMISSIBLE,1,1,0,1,931e34b8720f6530eb8e0755050b42f656b0834d42efffe1a41deb643ad9e02c
6656,43088|136645,10721,93515,"Hamburg-Bergedorf, Germany","Dr. Remeis-Observatory, Bamberg, Germany",FINITE_GEOMETRY_ADMISSIBLE_WITNESS,GEOMETRY_ADMISSIBLE,1,1,0,1,660b679e1d88e2a421c783874960846693b97e27b62fd2c492914ebe2f764206
6663,43089|136658,10722,93528,"Hamburg-Bergedorf, Germany","Dr. Remeis-Observatory, Bamberg, Germany",FINITE_GEOMETRY_ADMISSIBLE_WITNESS,GEOMETRY_ADMISSIBLE,1,1,0,1,440c42ba4fa6a0d80d4a6b7065daef90a61ae1ea9c67d1360d2184bfa12094ee
6669,43091|136695,10724,93565,"Hamburg-Bergedorf, Germany","Dr. Remeis-Observatory, Bamberg, Germany",FINITE_GEOMETRY_ADMISSIBLE_WITNESS,GEOMETRY_ADMISSIBLE,1,1,0,1,9097c2ff68312f511216a7537b59515993b60fe5e66e64752aec8b0528e1a2d1
6673,43092|136695,10725,93565,"Hamburg-Bergedorf, Germany","Dr. Remeis-Observatory, Bamberg, Germany",FINITE_GEOMETRY_ADMISSIBLE_WITNESS,GEOMETRY_ADMISSIBLE,1,1,0,2,db37460112f147e7b1572e99489cd0e322d869cb4f22a1c153758967523a85a0
6674,43092|136696,10725,93566,"Hamburg-Bergedorf, Germany","Dr. Remeis-Observatory, Bamberg, Germany",FINITE_GEOMETRY_ADMISSIBLE_WITNESS,GEOMETRY_ADMISSIBLE,1,1,0,1,0df7d7582029297f459d9058aff76d9ef86de02f2350b55f5895a0e658db45a0
6675,43092|136697,10725,93567,"Hamburg-Bergedorf, Germany","Dr. Remeis-Observatory, Bamberg, Germany",FINITE_GEOMETRY_ADMISSIBLE_WITNESS,GEOMETRY_ADMISSIBLE,1,1,0,1,4b8a1072e808dd9f80bc250acfe2ac8f4da75960e829f938f0b81cf45e46d918
6676,43092|136698,10725,93568,"Hamburg-Bergedorf, Germany","Dr. Remeis-Observatory, Bamberg, Germany",FINITE_GEOMETRY_ADMISSIBLE_WITNESS,GEOMETRY_ADMISSIBLE,1,1,0,1,7e4396f8fe497fb0565ac5826e73994dbbda187441f7a278a322ed9651d7855f
6677,43092|136700,10725,93570,"Hamburg-Bergedorf, Germany","Dr. Remeis-Observatory, Bamberg, Germany",FINITE_GEOMETRY_ADMISSIBLE_WITNESS,GEOMETRY_ADMISSIBLE,1,1,0,1,ad057bbfca59ee5ffac9b36140fd9d1272e0dbb1e479a9aea2e3b37b3cd97b35
6679,43092|136702,10725,93572,"Hamburg-Bergedorf, Germany","Dr. Remeis-Observatory, Bamberg, Germany",FINITE_GEOMETRY_ADMISSIBLE_WITNESS,GEOMETRY_ADMISSIBLE,1,1,0,1,f3865c709bc3134fd0d1ffff8146b06898d6cf1d4ae347ed5fc7e38bf6a6895b
6680,43092|136703,10725,93573,"Hamburg-Bergedorf, Germany","Dr. Remeis-Observatory, Bamberg, Germany",FINITE_GEOMETRY_ADMISSIBLE_WITNESS,GEOMETRY_ADMISSIBLE,1,1,0,1,7530ec4ae18f489a634b65cff8d0e84272aedc63d76a4a66c50c2f729d09b75b
6682,43456|137271,10890,94141,"Hamburg-Bergedorf, Germany","Dr. Remeis-Observatory, Bamberg, Germany",FINITE_GEOMETRY_ADMISSIBLE_WITNESS,GEOMETRY_ADMISSIBLE,1,1,0,3,dfcc3ee6bef2c194c733a711fa2240a5408b4265132f455f7468ad5cbe8dd57e
6683,43456|137272,10890,94142,"Hamburg-Bergedorf, Germany","Dr. Remeis-Observatory, Bamberg, Germany",FINITE_GEOMETRY_ADMISSIBLE_WITNESS,GEOMETRY_ADMISSIBLE,1,1,0,1,12e0113a4f1ae746b5af8dc08b3b2f09f082d8b3f8c926f495fdd15bbe5af243
6684,43456|137273,10890,94143,"Hamburg-Bergedorf, Germany","Dr. Remeis-Observatory, Bamberg, Germany",FINITE_GEOMETRY_ADMISSIBLE_WITNESS,GEOMETRY_ADMISSIBLE,1,1,0,1,1c258c6790841bcbae273b1d3dc1fc63a6d4175c8dfc1d900258fe13b28da4aa
6686,43456|137276,10890,94146,"Hamburg-Bergedorf, Germany","Dr. Remeis-Observatory, Bamberg, Germany",FINITE_GEOMETRY_ADMISSIBLE_WITNESS,GEOMETRY_ADMISSIBLE,1,1,0,1,7d5f66257100c72a976a5e91357adb10555cef88713acc1c95683a3b8c7dc9d2
6720,43473|137394,10907,94264,"Hamburg-Bergedorf, Germany","Dr. Remeis-Observatory, Bamberg, Germany",FINITE_GEOMETRY_ADMISSIBLE_WITNESS,GEOMETRY_ADMISSIBLE,1,1,0,1,b54a1cd7a0b8fcaea5b577a75c90deb79909306b37ca6bb8b23e41d1bde87dfe
6783,43635|138103,11014,94973,"Hamburg-Bergedorf, Germany","Dr. Remeis-Observatory, Bamberg, Germany",FINITE_GEOMETRY_ADMISSIBLE_WITNESS,GEOMETRY_ADMISSIBLE,1,1,0,1,602cedf30656ac5a7adeddb238cf0230c08e50bac5d9842393d58a7f437bc9fa
6785,43635|138105,11014,94975,"Hamburg-Bergedorf, Germany","Dr. Remeis-Observatory, Bamberg, Germany",FINITE_GEOMETRY_ADMISSIBLE_WITNESS,GEOMETRY_ADMISSIBLE,1,1,0,1,7cb43e99207e63dc9c3b8cc468e936f87513c2bb87c85df55165ff6bef0ba523
6786,43635|138106,11014,94976,"Hamburg-Bergedorf, Germany","Dr. Remeis-Observatory, Bamberg, Germany",FINITE_GEOMETRY_ADMISSIBLE_WITNESS,GEOMETRY_ADMISSIBLE,1,1,0,1,4f561883551b8c10779ce0db89be5ce4b7e2beca3be4cd1e859c0191b0ef8385
6787,43635|138107,11014,94977,"Hamburg-Bergedorf, Germany","Dr. Remeis-Observatory, Bamberg, Germany",FINITE_GEOMETRY_ADMISSIBLE_WITNESS,GEOMETRY_ADMISSIBLE,1,1,0,1,79149394349a26038af75c07fc018dd6df84b5556b09c6cd7fe61572217e5bc4
6791,43636|138111,11015,94981,"Hamburg-Bergedorf, Germany","Dr. Remeis-Observatory, Bamberg, Germany",FINITE_GEOMETRY_ADMISSIBLE_WITNESS,GEOMETRY_ADMISSIBLE,1,1,0,1,60f24c237775e5bcfc7bced88e72c97742b34b0303b2cee2794f9b8f581dd61d
6799,43637|138111,11016,94981,"Hamburg-Bergedorf, Germany","Dr. Remeis-Observatory, Bamberg, Germany",FINITE_GEOMETRY_ADMISSIBLE_WITNESS,GEOMETRY_ADMISSIBLE,1,1,0,1,2b584695a504e5a19aece403a7e6dee00faab52b773638b244afac21cb942342
6804,43638|138108,11017,94978,"Hamburg-Bergedorf, Germany","Dr. Remeis-Observatory, Bamberg, Germany",FINITE_GEOMETRY_ADMISSIBLE_WITNESS,GEOMETRY_ADMISSIBLE,1,1,0,1,3a66a7102605d81a0f503a728c33d83e043ea48e927507c3ca4c7a5cc70b2c98
6805,43638|138109,11017,94979,"Hamburg-Bergedorf, Germany","Dr. Remeis-Observatory, Bamberg, Germany",FINITE_GEOMETRY_ADMISSIBLE_WITNESS,GEOMETRY_ADMISSIBLE,1,1,0,1,f51c03d7254c5efff5a3c1c4d75ad679acd2b3e7d24a17360cda5634b28a0ad6
6806,43638|138110,11017,94980,"Hamburg-Bergedorf, Germany","Dr. Remeis-Observatory, Bamberg, Germany",FINITE_GEOMETRY_ADMISSIBLE_WITNESS,GEOMETRY_ADMISSIBLE,1,1,0,1,377f057e39a655daf3b0251c55ccc0228016bafa022fecd55d84d3b3521feb83
6809,43638|138113,11017,94983,"Hamburg-Bergedorf, Germany","Dr. Remeis-Observatory, Bamberg, Germany",FINITE_GEOMETRY_ADMISSIBLE_WITNESS,GEOMETRY_ADMISSIBLE,1,1,0,2,f733403d079f3cc32974f0fb36f8c3e91d51b49ca4c477cdd627128e52b16da7
6812,43638|138116,11017,94986,"Hamburg-Bergedorf, Germany","Dr. Remeis-Observatory, Bamberg, Germany",FINITE_GEOMETRY_ADMISSIBLE_WITNESS,GEOMETRY_ADMISSIBLE,1,1,0,1,c9a1a9ec629a48fa3f5def96d287497e1b95b2ea3f4d133a1ec0fc6dcffd8550
6814,43638|138118,11017,94988,"Hamburg-Bergedorf, Germany","Dr. Remeis-Observatory, Bamberg, Germany",FINITE_GEOMETRY_ADMISSIBLE_WITNESS,GEOMETRY_ADMISSIBLE,1,1,0,1,b06859c83de94ad1df71d8a082c58356b339dec1c3810a98e39cf1f3ce8cb847
6816,43638|138121,11017,94991,"Hamburg-Bergedorf, Germany","Dr. Remeis-Observatory, Bamberg, Germany",FINITE_GEOMETRY_ADMISSIBLE_WITNESS,GEOMETRY_ADMISSIBLE,1,1,0,1,5e61a820c6a70785dbadc0feb782dd13449ab8a11ed2d5f65c5a91d4fe824fce
6817,43638|138122,11017,94992,"Hamburg-Bergedorf, Germany","Dr. Remeis-Observatory, Bamberg, Germany",FINITE_GEOMETRY_ADMISSIBLE_WITNESS,GEOMETRY_ADMISSIBLE,1,1,0,1,1ff913ed5aabc15aa8d0d2bd81722c6048b19b8406f50aed1bf499a653ff7a02
6819,43639|138156,11018,95026,"Hamburg-Bergedorf, Germany","Dr. Remeis-Observatory, Bamberg, Germany",FINITE_GEOMETRY_ADMISSIBLE_WITNESS,GEOMETRY_ADMISSIBLE,1,1,0,1,3d7481c8e89737bf4373a432ea419e944069345b3eac90a3627e5b89c3690c58
6821,43639|138158,11018,95028,"Hamburg-Bergedorf, Germany","Dr. Remeis-Observatory, Bamberg, Germany",FINITE_GEOMETRY_ADMISSIBLE_WITNESS,GEOMETRY_ADMISSIBLE,1,1,0,1,4818935aa68938248e665b2429166c93e901a37b8b4ebf319e764d2037df2657
6823,43639|138161,11018,95031,"Hamburg-Bergedorf, Germany","Dr. Remeis-Observatory, Bamberg, Germany",FINITE_GEOMETRY_ADMISSIBLE_WITNESS,GEOMETRY_ADMISSIBLE,1,1,0,1,79c0c6ed352aafeaa18bbfb4d7e4caf8a35d9d5d125df9826988752c56d66bb0
6829,43642|138175,11021,95045,"Hamburg-Bergedorf, Germany","Dr. Remeis-Observatory, Bamberg, Germany",FINITE_GEOMETRY_ADMISSIBLE_WITNESS,GEOMETRY_ADMISSIBLE,1,1,0,1,046dc1198670d5ed64e15ee8601be568e4d162201dc488c1713769f43f7bfb25
6833,43642|138179,11021,95049,"Hamburg-Bergedorf, Germany","Dr. Remeis-Observatory, Bamberg, Germany",FINITE_GEOMETRY_ADMISSIBLE_WITNESS,GEOMETRY_ADMISSIBLE,1,1,0,3,58f1172a023b695cef6bb4928236c934a5957acea9c2b42453bec83c3553c64e
6834,43663|138236,11042,95106,"Hamburg-Bergedorf, Germany","Dr. Remeis-Observatory, Bamberg, Germany",FINITE_GEOMETRY_ADMISSIBLE_WITNESS,GEOMETRY_ADMISSIBLE,1,1,0,2,dfe285955e11a70a59fc1aeec58ab2d160113df83fb5f1bec924ff471db2a4a6
6836,43663|138238,11042,95108,"Hamburg-Bergedorf, Germany","Dr. Remeis-Observatory, Bamberg, Germany",FINITE_GEOMETRY_ADMISSIBLE_WITNESS,GEOMETRY_ADMISSIBLE,1,1,0,1,3ec744e6d484030b05cf8d8bca02015acd16331f3d90fe9bec301ba8144d600d
6837,43663|138239,11042,95109,"Hamburg-Bergedorf, Germany","Dr. Remeis-Observatory, Bamberg, Germany",FINITE_GEOMETRY_ADMISSIBLE_WITNESS,GEOMETRY_ADMISSIBLE,1,1,0,1,9bbea3f0037cbc0ed0bf86bc18125ad7310464b7e30621ef97210563aabe70ff
6839,43663|138241,11042,95111,"Hamburg-Bergedorf, Germany","Dr. Remeis-Observatory, Bamberg, Germany",FINITE_GEOMETRY_ADMISSIBLE_WITNESS,GEOMETRY_ADMISSIBLE,1,1,0,1,7f15dd32342f2ba556c0c6b2849dec1de267d07bffe9c1767b6cecf5b0ceef7c
6840,43663|138242,11042,95112,"Hamburg-Bergedorf, Germany","Dr. Remeis-Observatory, Bamberg, Germany",FINITE_GEOMETRY_ADMISSIBLE_WITNESS,GEOMETRY_ADMISSIBLE,1,1,0,1,3a18fd64f73d686ad7ddd03309e16dcc5b45a0ccd5d395ae6001d970f4ffa496
6841,43663|138243,11042,95113,"Hamburg-Bergedorf, Germany","Dr. Remeis-Observatory, Bamberg, Germany",FINITE_GEOMETRY_ADMISSIBLE_WITNESS,GEOMETRY_ADMISSIBLE,1,1,0,1,c21f9e01bf49ac5ac29e33769cfde0ce9860fa65bc69e9ff9458a8c1ba29644a
6842,43665|138244,11044,95114,"Hamburg-Bergedorf, Germany","Dr. Remeis-Observatory, Bamberg, Germany",FINITE_GEOMETRY_ADMISSIBLE_WITNESS,GEOMETRY_ADMISSIBLE,1,1,0,1,2674b1b7337e76ca91acf57b53d62691dbd1e29ac84de3cd75a1fef65f3e83b6
6843,43665|138245,11044,95115,"Hamburg-Bergedorf, Germany","Dr. Remeis-Observatory, Bamberg, Germany",FINITE_GEOMETRY_ADMISSIBLE_WITNESS,GEOMETRY_ADMISSIBLE,1,1,0,1,ba8f34207181f122c99bb0323b58aae96c1dd8e3ffc014c7559d4f42e6740448
6844,43665|138246,11044,95116,"Hamburg-Bergedorf, Germany","Dr. Remeis-Observatory, Bamberg, Germany",FINITE_GEOMETRY_ADMISSIBLE_WITNESS,GEOMETRY_ADMISSIBLE,1,1,0,1,1d647b9ff1008da3b465f8c5d230fd93bae87249613964e07927cff600e9c81a
6850,43665|138252,11044,95122,"Hamburg-Bergedorf, Germany","Dr. Remeis-Observatory, Bamberg, Germany",FINITE_GEOMETRY_ADMISSIBLE_WITNESS,GEOMETRY_ADMISSIBLE,1,1,0,1,f6e2faf253c5785c2ea12dd8329f1a450d376e1aa3cb3c078ebcf37829d2a796
6852,43665|138254,11044,95124,"Hamburg-Bergedorf, Germany","Dr. Remeis-Observatory, Bamberg, Germany",FINITE_GEOMETRY_ADMISSIBLE_WITNESS,GEOMETRY_ADMISSIBLE,1,1,0,1,fb0753cdc6079945f11d45be55954a9460a13f62985d02db4f590dfd412cd4bb
6855,43665|138257,11044,95127,"Hamburg-Bergedorf, Germany","Dr. Remeis-Observatory, Bamberg, Germany",FINITE_GEOMETRY_ADMISSIBLE_WITNESS,GEOMETRY_ADMISSIBLE,1,1,0,1,139a5e25b08ce5fff954dbe9cf30a08d92f3d589f596c81a4c579dd7d54a685c
6858,43745|138396,11071,95266,"Hamburg-Bergedorf, Germany","Dr. Remeis-Observatory, Bamberg, Germany",FINITE_GEOMETRY_ADMISSIBLE_WITNESS,GEOMETRY_ADMISSIBLE,1,1,0,1,96d3817a37ddb155465f93c8d0f1170157080cca99e9ab74a9c2d6f6109a41da
6859,43745|138397,11071,95267,"Hamburg-Bergedorf, Germany","Dr. Remeis-Observatory, Bamberg, Germany",FINITE_GEOMETRY_ADMISSIBLE_WITNESS,GEOMETRY_ADMISSIBLE,1,1,0,2,740825da39b32c384c11d6b87cad1728bffad970b6e95352223b6eaf2d6eec01
6860,43745|138398,11071,95268,"Hamburg-Bergedorf, Germany","Dr. Remeis-Observatory, Bamberg, Germany",FINITE_GEOMETRY_ADMISSIBLE_WITNESS,GEOMETRY_ADMISSIBLE,1,1,0,1,f77b91f0748cf3b11b89e4373bcab47fd6985eb1160bfdb05d7bc3ddb5bda499
6863,43745|138401,11071,95271,"Hamburg-Bergedorf, Germany","Dr. Remeis-Observatory, Bamberg, Germany",FINITE_GEOMETRY_ADMISSIBLE_WITNESS,GEOMETRY_ADMISSIBLE,1,1,0,1,7799931ead6290227724de825686b70284837c24c3e22fe391059b3d44d0293d
6874,43818|138444,11139,95314,"Hamburg-Bergedorf, Germany","Dr. Remeis-Observatory, Bamberg, Germany",FINITE_GEOMETRY_ADMISSIBLE_WITNESS,GEOMETRY_ADMISSIBLE,1,1,0,1,3e183ba59f4bc0e4279bc2da1ad84e2fc99dd891d3c796f1416b3894f2f23ce7
6876,43818|138446,11139,95316,"Hamburg-Bergedorf, Germany","Dr. Remeis-Observatory, Bamberg, Germany",FINITE_GEOMETRY_ADMISSIBLE_WITNESS,GEOMETRY_ADMISSIBLE,1,1,0,1,bb90f029b6df5e68a8c27be6a2b82e07c0fba3d6cc5bef8fc97237926627d335
6877,43818|138449,11139,95319,"Hamburg-Bergedorf, Germany","Dr. Remeis-Observatory, Bamberg, Germany",FINITE_GEOMETRY_ADMISSIBLE_WITNESS,GEOMETRY_ADMISSIBLE,1,1,0,2,044e54d1a6a63435f01724198eeaba58c77acf7e8d57a4a2e2e0555a5ddc2826
6880,43819|138492,11140,95362,"Hamburg-Bergedorf, Germany","Dr. Remeis-Observatory, Bamberg, Germany",FINITE_GEOMETRY_ADMISSIBLE_WITNESS,GEOMETRY_ADMISSIBLE,1,1,0,1,fd1aafc1f907f54eb0e8c11de82348cafa6752a6366d37ee426015bbc16a2824
6882,43819|138494,11140,95364,"Hamburg-Bergedorf, Germany","Dr. Remeis-Observatory, Bamberg, Germany",FINITE_GEOMETRY_ADMISSIBLE_WITNESS,GEOMETRY_ADMISSIBLE,1,1,0,1,768861dec2849b91d12466058c6232af6c05f37249e668040c06fc459f5d0591
6884,43819|138497,11140,95367,"Hamburg-Bergedorf, Germany","Dr. Remeis-Observatory, Bamberg, Germany",FINITE_GEOMETRY_ADMISSIBLE_WITNESS,GEOMETRY_ADMISSIBLE,1,1,0,1,6170a1d322eb2c011c970b698b3a40fa858fa69b741189662167543e16424f86
6890,44040|138667,11251,95537,"Hamburg-Bergedorf, Germany","Dr. Remeis-Observatory, Bamberg, Germany",FINITE_GEOMETRY_ADMISSIBLE_WITNESS,GEOMETRY_ADMISSIBLE,2,2,0,3,79bfecb04bf3dbe2bbce6e1a387ff5437479dd2a0d01508d76265813553a24f4
6895,44041|138667,11252,95537,"Hamburg-Bergedorf, Germany","Dr. Remeis-Observatory, Bamberg, Germany",FINITE_GEOMETRY_ADMISSIBLE_WITNESS,GEOMETRY_ADMISSIBLE,1,1,0,1,c7947a732b9a05347d982c51e467d2dcf948ac037ea5b46f7a9c15ddae5ce5c0
6902,44042|138669,11253,95539,"Hamburg-Bergedorf, Germany","Dr. Remeis-Observatory, Bamberg, Germany",FINITE_GEOMETRY_ADMISSIBLE_WITNESS,GEOMETRY_ADMISSIBLE,1,1,0,2,9f2fa63ebfb1dfd471bc5e5d3281a90047f41cffada70ca5caec2a40d399c5d0
6903,44042|138670,11253,95540,"Hamburg-Bergedorf, Germany","Dr. Remeis-Observatory, Bamberg, Germany",FINITE_GEOMETRY_ADMISSIBLE_WITNESS,GEOMETRY_ADMISSIBLE,1,1,0,1,95afc7f109612d4bfced759c5637a144bb3ca7039001f80e67ae7a7fe11c17b0
6904,44042|138671,11253,95541,"Hamburg-Bergedorf, Germany","Dr. Remeis-Observatory, Bamberg, Germany",FINITE_GEOMETRY_ADMISSIBLE_WITNESS,GEOMETRY_ADMISSIBLE,1,1,0,2,3cdff40bf018da2d4c92ecc4f74f22d915bdfca03c44e5425caaebb2bc3d0034
6907,44042|138674,11253,95544,"Hamburg-Bergedorf, Germany","Dr. Remeis-Observatory, Bamberg, Germany",FINITE_GEOMETRY_ADMISSIBLE_WITNESS,GEOMETRY_ADMISSIBLE,2,2,0,2,04bf7fc19e59c8796f1b4d270904d5c76a40bd8f168827a34e43accd4a8ad574
6909,44042|138676,11253,95546,"Hamburg-Bergedorf, Germany","Dr. Remeis-Observatory, Bamberg, Germany",FINITE_GEOMETRY_ADMISSIBLE_WITNESS,GEOMETRY_ADMISSIBLE,2,2,0,2,bd660bda64013889440a98461305b0453ed7b7b10e257da9605c9d93261e3a1f
6914,44044|138682,11255,95552,"Hamburg-Bergedorf, Germany","Dr. Remeis-Observatory, Bamberg, Germany",FINITE_GEOMETRY_ADMISSIBLE_WITNESS,GEOMETRY_ADMISSIBLE,1,1,0,1,94245883bdaa51767af39e3591a3d549e60ce5eaee1e2a54235de24a488b359f
6934,44051|138699,11262,95569,"Hamburg-Bergedorf, Germany","Dr. Remeis-Observatory, Bamberg, Germany",FINITE_GEOMETRY_ADMISSIBLE_WITNESS,GEOMETRY_ADMISSIBLE,1,1,0,1,fb8d0fa71ac3d083af4af590879ecac6dd1e2ea10d20c59b3bbe7efe8c0efaa6
6935,44051|138700,11262,95570,"Hamburg-Bergedorf, Germany","Dr. Remeis-Observatory, Bamberg, Germany",FINITE_GEOMETRY_ADMISSIBLE_WITNESS,GEOMETRY_ADMISSIBLE,1,1,0,2,7f87b661cc0b664b64a51ed3237ef19059f1c50f3c03da8db4ffdd46e10e5453
6936,44051|138701,11262,95571,"Hamburg-Bergedorf, Germany","Dr. Remeis-Observatory, Bamberg, Germany",FINITE_GEOMETRY_ADMISSIBLE_WITNESS,GEOMETRY_ADMISSIBLE,1,1,0,1,b5fa1c7c137fa32becea9da1d75ec9bf8f4c85024ecb9108311e080341da6bd5
6952,44070|138774,11281,95644,"Hamburg-Bergedorf, Germany","Dr. Remeis-Observatory, Bamberg, Germany",FINITE_GEOMETRY_ADMISSIBLE_WITNESS,GEOMETRY_ADMISSIBLE,1,1,0,1,d57de70fd7d6a030d8621d48d2d6a7a3bcabe171804830adae95e5bb2bba6953
6953,44070|138775,11281,95645,"Hamburg-Bergedorf, Germany","Dr. Remeis-Observatory, Bamberg, Germany",FINITE_GEOMETRY_ADMISSIBLE_WITNESS,GEOMETRY_ADMISSIBLE,1,1,0,2,0c429516e8ad697128714361748eaa5ed3c7adc7aa4e2054c7e26590eb1f8556
6954,44070|138776,11281,95646,"Hamburg-Bergedorf, Germany","Dr. Remeis-Observatory, Bamberg, Germany",FINITE_GEOMETRY_ADMISSIBLE_WITNESS,GEOMETRY_ADMISSIBLE,1,1,0,1,b90fbf3548d9bdb8cd69644da81cb505fbd165bacf312e53750cf0ee137fb14d
6957,44070|138779,11281,95649,"Hamburg-Bergedorf, Germany","Dr. Remeis-Observatory, Bamberg, Germany",FINITE_GEOMETRY_ADMISSIBLE_WITNESS,GEOMETRY_ADMISSIBLE,1,1,0,1,67f1ac6ed1604cd090bd397e406e6f3d0b0f01c54a53965b2eaec34ee15dddde
6958,44070|138780,11281,95650,"Hamburg-Bergedorf, Germany","Dr. Remeis-Observatory, Bamberg, Germany",FINITE_GEOMETRY_ADMISSIBLE_WITNESS,GEOMETRY_ADMISSIBLE,1,1,0,2,b66f42da64ac57412ceb53c6f0319eb268d354d252c30021986b06ff21796ac6
6959,44070|138781,11281,95651,"Hamburg-Bergedorf, Germany","Dr. Remeis-Observatory, Bamberg, Germany",FINITE_GEOMETRY_ADMISSIBLE_WITNESS,GEOMETRY_ADMISSIBLE,1,1,0,1,50fc12f669f65e19ffb3132d4a0bdbf296423f862ac36b9530e065c61a2392fc
6961,44071|138779,11282,95649,"Hamburg-Bergedorf, Germany","Dr. Remeis-Observatory, Bamberg, Germany",FINITE_GEOMETRY_ADMISSIBLE_WITNESS,GEOMETRY_ADMISSIBLE,1,1,0,1,0e497e28f3699f3898b2f672a7a78aeaabccd3a39a8c564d77b717e9cca80d3d
6962,44071|138780,11282,95650,"Hamburg-Bergedorf, Germany","Dr. Remeis-Observatory, Bamberg, Germany",FINITE_GEOMETRY_ADMISSIBLE_WITNESS,GEOMETRY_ADMISSIBLE,1,1,0,1,d8959343bd5964dba5fe48a2d0487f75584b992d5898c8552e6eacf42cd6cbd8
6963,44071|138781,11282,95651,"Hamburg-Bergedorf, Germany","Dr. Remeis-Observatory, Bamberg, Germany",FINITE_GEOMETRY_ADMISSIBLE_WITNESS,GEOMETRY_ADMISSIBLE,1,1,0,1,3c789a504264807576c28a1e42f743a6f1f0c92daa5d402d554e66805d0a343e
6965,44072|138784,11283,95654,"Hamburg-Bergedorf, Germany","Dr. Remeis-Observatory, Bamberg, Germany",FINITE_GEOMETRY_ADMISSIBLE_WITNESS,GEOMETRY_ADMISSIBLE,2,2,0,2,39790ff147516bee427a468a9f2d605237c399305865f92ade1ae45ae86a6bd3
6966,44072|138785,11283,95655,"Hamburg-Bergedorf, Germany","Dr. Remeis-Observatory, Bamberg, Germany",FINITE_GEOMETRY_ADMISSIBLE_WITNESS,GEOMETRY_ADMISSIBLE,2,2,0,2,54fb2f8b3c0ea6fb2159edb13f6b54573774920636dcca3aac5885e8d2d23637
6980,46733|138987,12229,95857,"Hamburg-Bergedorf, Germany","Dr. Remeis-Observatory, Bamberg, Germany",FINITE_GEOMETRY_ADMISSIBLE_WITNESS,GEOMETRY_ADMISSIBLE,1,1,0,1,395a44b2286b80a513820716b21af5cf3ffcdedf20e2797f2d29b9c3c767e12c
6981,46733|138988,12229,95858,"Hamburg-Bergedorf, Germany","Dr. Remeis-Observatory, Bamberg, Germany",FINITE_GEOMETRY_ADMISSIBLE_WITNESS,GEOMETRY_ADMISSIBLE,1,1,0,1,3e75275b4b33129a719943b55b1fdf8c36e3018c4388ced54c619028175bef50
6999,59694|122350,18095,79644,"Hamburg-Bergedorf, Germany","Dr. Remeis-Observatory, Bamberg, Germany",FINITE_GEOMETRY_ADMISSIBLE_WITNESS,GEOMETRY_ADMISSIBLE,1,1,0,3,3cb5c03f117a16b50826c658053b33e42b41c705153989a3a16421d207e4f4b7
7000,59720|122370,18114,79664,"Hamburg-Bergedorf, Germany","Dr. Remeis-Observatory, Bamberg, Germany",FINITE_GEOMETRY_ADMISSIBLE_WITNESS,GEOMETRY_ADMISSIBLE,1,1,0,1,a3a37b3ace0f6a9b9e429f39eeae60c7081b280a7f439ed8c87a52f5e68e1e5b
7001,59720|122371,18114,79665,"Hamburg-Bergedorf, Germany","Dr. Remeis-Observatory, Bamberg, Germany",FINITE_GEOMETRY_ADMISSIBLE_WITNESS,GEOMETRY_ADMISSIBLE,1,1,0,2,8d36e55a8a17efa4978e32cf093aa2f93e898409b0cf1738762de51e42309b46
7003,59740|122415,18133,79709,"Hamburg-Bergedorf, Germany","Dr. Remeis-Observatory, Bamberg, Germany",FINITE_GEOMETRY_ADMISSIBLE_WITNESS,GEOMETRY_ADMISSIBLE,1,1,0,1,06256a8c35497ab5c8abada75edb1e31e4685f54a80727fa3680f5fc164a71e0
7004,59799|122471,18170,79765,"Hamburg-Bergedorf, Germany","Dr. Remeis-Observatory, Bamberg, Germany",FINITE_GEOMETRY_ADMISSIBLE_WITNESS,GEOMETRY_ADMISSIBLE,1,1,0,1,8c707b91d5568cbbebd4bb04dfe3d87b296c7e4019d59de16adc682eb0b15c05
7009,60032|125083,18386,82377,"Hamburg-Bergedorf, Germany","Dr. Remeis-Observatory, Bamberg, Germany",FINITE_GEOMETRY_ADMISSIBLE_WITNESS,GEOMETRY_ADMISSIBLE,1,1,0,1,0b0258a19c6a2b8678f69617a354a854266b65c67c7b1983ba11cf6005dafac5
7010,60033|125084,18387,82378,"Hamburg-Bergedorf, Germany","Dr. Remeis-Observatory, Bamberg, Germany",FINITE_GEOMETRY_ADMISSIBLE_WITNESS,GEOMETRY_ADMISSIBLE,1,1,0,1,36df44251cf8ace1f8c6b56adaa6240f4e809f7241da5420ce0edc62b33cf478
7011,60033|125120,18387,82414,"Hamburg-Bergedorf, Germany","Dr. Remeis-Observatory, Bamberg, Germany",FINITE_GEOMETRY_ADMISSIBLE_WITNESS,GEOMETRY_ADMISSIBLE,1,1,0,3,4577bc0e4602b0d9f9c5921ccbf4e914f8ce4e8d8fa186d6c17fea16f21e4875
7012,60033|125121,18387,82415,"Hamburg-Bergedorf, Germany","Dr. Remeis-Observatory, Bamberg, Germany",FINITE_GEOMETRY_ADMISSIBLE_WITNESS,GEOMETRY_ADMISSIBLE,1,1,0,1,66d3a65c901e87caccb8393f1f1e13945175d58d16708104653730b42a025949
7016,60117|125335,18471,82629,"Hamburg-Bergedorf, Germany","Dr. Remeis-Observatory, Bamberg, Germany",FINITE_GEOMETRY_ADMISSIBLE_WITNESS,GEOMETRY_ADMISSIBLE,1,1,0,2,123497eb0acb99009192695857b7f3e01e100e30d4c5c17f8c5cb7c1368226d0
7017,60117|125411,18471,82705,"Hamburg-Bergedorf, Germany","Dr. Remeis-Observatory, Bamberg, Germany",FINITE_GEOMETRY_ADMISSIBLE_WITNESS,GEOMETRY_ADMISSIBLE,1,1,0,1,51b5218745a31b78a510f9dc327667ae560ff02fe321f223f11dac41bcb3318b
7018,60128|125451,18482,82745,"Hamburg-Bergedorf, Germany","Dr. Remeis-Observatory, Bamberg, Germany",FINITE_GEOMETRY_ADMISSIBLE_WITNESS,GEOMETRY_ADMISSIBLE,1,1,0,1,36a65bc3f5fa42d952f8cc1b8818281a0b1d5f471b30770e992eb3dab954ee4f
7019,60138|125482,18492,82776,"Hamburg-Bergedorf, Germany","Dr. Remeis-Observatory, Bamberg, Germany",FINITE_GEOMETRY_ADMISSIBLE_WITNESS,GEOMETRY_ADMISSIBLE,1,1,0,1,301cc80d3647d754fe41c608a6ca9ccf687bccc36f99981ce08c00d868a8e068
7020,60138|125553,18492,82847,"Hamburg-Bergedorf, Germany","Dr. Remeis-Observatory, Bamberg, Germany",FINITE_GEOMETRY_ADMISSIBLE_WITNESS,GEOMETRY_ADMISSIBLE,1,1,0,2,ac76daf00a29ac4ded9cd2799165bc300e84b8454acce373884b3e310202391b
7022,60151|125500,18505,82794,"Hamburg-Bergedorf, Germany","Dr. Remeis-Observatory, Bamberg, Germany",FINITE_GEOMETRY_ADMISSIBLE_WITNESS,GEOMETRY_ADMISSIBLE,1,1,0,2,b1cef8d272bf94baa7a91eaeb9336e9aed0a1eac7bf73981300db694511bd451
7023,60151|125568,18505,82862,"Hamburg-Bergedorf, Germany","Dr. Remeis-Observatory, Bamberg, Germany",FINITE_GEOMETRY_ADMISSIBLE_WITNESS,GEOMETRY_ADMISSIBLE,1,1,0,1,3c7980ab32ed63e34d5f8c6ad3c5d38e685382d09ce66c13eb568cf862d5fa71
7034,60198|125753,18552,83047,"Hamburg-Bergedorf, Germany","Dr. Remeis-Observatory, Bamberg, Germany",FINITE_GEOMETRY_ADMISSIBLE_WITNESS,GEOMETRY_ADMISSIBLE,1,1,0,1,c69faf2d16999e4293823d7dd301ffd0c8d239d5de6ec4436dea22b4afa712b0
7035,60199|125753,18553,83047,"Hamburg-Bergedorf, Germany","Dr. Remeis-Observatory, Bamberg, Germany",FINITE_GEOMETRY_ADMISSIBLE_WITNESS,GEOMETRY_ADMISSIBLE,1,1,0,1,2b091ee6f05dc3d26cfbb012d8f626a6245e011a13c76dc3dfde6abc21058db6
7049,79120|130334,24611,87561,Potsdam-Telegrafenberg,"Dr. Remeis-Observatory, Bamberg, Germany",FINITE_GEOMETRY_ADMISSIBLE_WITNESS,GEOMETRY_ADMISSIBLE,1,1,0,1,486220ff7c91a998edf44ace12d653d8c0c422e073df1fb92df4ae392842e0c1
7050,79120|130335,24611,87562,Potsdam-Telegrafenberg,"Dr. Remeis-Observatory, Bamberg, Germany",FINITE_GEOMETRY_ADMISSIBLE_WITNESS,GEOMETRY_ADMISSIBLE,1,1,0,2,6ea5622a7cf0bebb2d654cd18da05ad27d593d1483511e26ff38dbb075025d17
7053,79120|130342,24611,87569,Potsdam-Telegrafenberg,"Dr. Remeis-Observatory, Bamberg, Germany",FINITE_GEOMETRY_ADMISSIBLE_WITNESS,GEOMETRY_ADMISSIBLE,1,1,0,1,28778b7958659c74b94c7c93325c721fa8273f8cfa0a4a105adb5106b8e94195
7059,79128|130350,24612,87577,Potsdam-Telegrafenberg,"Dr. Remeis-Observatory, Bamberg, Germany",FINITE_GEOMETRY_ADMISSIBLE_WITNESS,GEOMETRY_ADMISSIBLE,1,1,0,1,52667bf24d53b03ba670e7ad27202fca34074858f22f71c7d951e39e63132c34
7060,79128|130352,24612,87579,Potsdam-Telegrafenberg,"Dr. Remeis-Observatory, Bamberg, Germany",FINITE_GEOMETRY_ADMISSIBLE_WITNESS,GEOMETRY_ADMISSIBLE,1,1,0,1,f6ce34e354bbfafbe0719b3ce1e02ca0ee0160cedb88d376f9ec82e6e657d0b8
7070,79134|130353,24613,87580,Potsdam-Telegrafenberg,"Dr. Remeis-Observatory, Bamberg, Germany",FINITE_GEOMETRY_ADMISSIBLE_WITNESS,GEOMETRY_ADMISSIBLE,1,1,0,1,725437fa7c366c47d996d8d92d3e4d5d0e26b27b2f2d8e93f3e66cf585392c45
7078,79140|130352,24614,87579,Potsdam-Telegrafenberg,"Dr. Remeis-Observatory, Bamberg, Germany",FINITE_GEOMETRY_ADMISSIBLE_WITNESS,GEOMETRY_ADMISSIBLE,1,1,0,1,2ebf0ffa3f8ad3d9d96515da9a35bdeec66d67afdfe390eb9b4e088ac052b4ea
7079,79140|130353,24614,87580,Potsdam-Telegrafenberg,"Dr. Remeis-Observatory, Bamberg, Germany",FINITE_GEOMETRY_ADMISSIBLE_WITNESS,GEOMETRY_ADMISSIBLE,1,1,0,1,c242c23813f24de25f4caa5aefd4419667b5c4ed2aad8b30d57609e367650e99
7084,85513|120749,57870,78070,"Bonn, Germany","Dr. Remeis-Observatory, Bamberg, Germany",FINITE_GEOMETRY_ADMISSIBLE_WITNESS,GEOMETRY_ADMISSIBLE,1,1,0,1,6437d8bc2dcf3a7c7ec3a5977d6c875ae55b95effebd5f579e24ad0412788321
7085,85514|120749,57870,78070,"Bonn, Germany","Dr. Remeis-Observatory, Bamberg, Germany",FINITE_GEOMETRY_ADMISSIBLE_WITNESS,GEOMETRY_ADMISSIBLE,1,1,0,1,865ab5417d8438a5701173336ade20caab88f2d9157514dee91c2521ff656750
7116,85804|121046,58015,78367,"Bonn, Germany","Dr. Remeis-Observatory, Bamberg, Germany",FINITE_GEOMETRY_ADMISSIBLE_WITNESS,GEOMETRY_ADMISSIBLE,1,1,0,1,90f3c99d37cd45e43b8cc677ce504d0bc84de1881463e08f6ce9f2f56f2c02b8
7117,85805|121046,58016,78367,"Bonn, Germany","Dr. Remeis-Observatory, Bamberg, Germany",FINITE_GEOMETRY_ADMISSIBLE_WITNESS,GEOMETRY_ADMISSIBLE,1,1,0,1,58b5bb2a05722cdc1c286d587bd4e3ec7c6b66b5816b8fa30f908212da690189
7118,85811|121052,58019,78373,"Bonn, Germany","Dr. Remeis-Observatory, Bamberg, Germany",FINITE_GEOMETRY_ADMISSIBLE_WITNESS,GEOMETRY_ADMISSIBLE,1,1,0,1,843ccef6265dba93168ef69fe7b2f08554aa606e62cfcdcbe0cc77298551c9de
7119,85811|121053,58019,78374,"Bonn, Germany","Dr. Remeis-Observatory, Bamberg, Germany",FINITE_GEOMETRY_ADMISSIBLE_WITNESS,GEOMETRY_ADMISSIBLE,1,1,0,1,669c9cdca9a36e7beb489e92f28dacd20738a2e7663fa16ad5cc639720ca6617
7121,85813|121053,58020,78374,"Bonn, Germany","Dr. Remeis-Observatory, Bamberg, Germany",FINITE_GEOMETRY_ADMISSIBLE_WITNESS,GEOMETRY_ADMISSIBLE,1,1,0,2,ad3bcbae0b554a8feacc474e016617efd71fc5f519e4dd46e85114bccec2cce1
7122,85849|121147,58038,78466,"Bonn, Germany","Dr. Remeis-Observatory, Bamberg, Germany",FINITE_GEOMETRY_ADMISSIBLE_WITNESS,GEOMETRY_ADMISSIBLE,1,1,0,1,becc8f483b7613a05316e962980aa54394510a25ed4a592658ad9045a4280a7b
7137,85909|121186,58068,78505,"Bonn, Germany","Dr. Remeis-Observatory, Bamberg, Germany",FINITE_GEOMETRY_ADMISSIBLE_WITNESS,GEOMETRY_ADMISSIBLE,1,1,0,1,c330ddd7111dd7746e256f9044bd60fa95de4a2a1bf5fa6ae56f7cb5781171d5
7138,85910|121186,58068,78505,"Bonn, Germany","Dr. Remeis-Observatory, Bamberg, Germany",FINITE_GEOMETRY_ADMISSIBLE_WITNESS,GEOMETRY_ADMISSIBLE,1,1,0,2,21b81addf097363f1a16ce53584b43c7e819f4bc7e252303d7b1712204c67f5e
7145,85912|121188,58069,78507,"Bonn, Germany","Dr. Remeis-Observatory, Bamberg, Germany",FINITE_GEOMETRY_ADMISSIBLE_WITNESS,GEOMETRY_ADMISSIBLE,1,1,0,1,cb67fe1c2455cdb7ff73de8d5a80a57a53bda7edb13f2d5aafd688763f10943a
7207,86003|121573,58115,78890,"Bonn, Germany","Dr. Remeis-Observatory, Bamberg, Germany",FINITE_GEOMETRY_ADMISSIBLE_WITNESS,GEOMETRY_ADMISSIBLE,1,1,0,1,ff9a651cfa24336397d9aba3dd625ea48e44e85cb555479eff9b8ac90df66265
7209,86004|121573,58115,78890,"Bonn, Germany","Dr. Remeis-Observatory, Bamberg, Germany",FINITE_GEOMETRY_ADMISSIBLE_WITNESS,GEOMETRY_ADMISSIBLE,1,1,0,1,76641598037a0087bdf3512d674a21cad8f2959c0c3654c4ad74aab5302b2391
7211,86005|121573,58116,78890,"Bonn, Germany","Dr. Remeis-Observatory, Bamberg, Germany",FINITE_GEOMETRY_ADMISSIBLE_WITNESS,GEOMETRY_ADMISSIBLE,1,1,0,1,c10e4966676f35ff2e5849c72645146b7fcf0bfb91118438dba5da41f729354b
7324,86311|121749,58269,79065,"Bonn, Germany","Dr. Remeis-Observatory, Bamberg, Germany",FINITE_GEOMETRY_ADMISSIBLE_WITNESS,GEOMETRY_ADMISSIBLE,1,1,0,1,3b739e66381c0b8e3819748b6bfd302233cd174ab0f55a8ae7ebc3db01aac746
7325,86312|121749,58269,79065,"Bonn, Germany","Dr. Remeis-Observatory, Bamberg, Germany",FINITE_GEOMETRY_ADMISSIBLE_WITNESS,GEOMETRY_ADMISSIBLE,1,1,0,1,be4156e628bba5cc54912852f05e7ede0b8986971acdf313bd853f1483a32c1d
7326,86313|121749,58270,79065,"Bonn, Germany","Dr. Remeis-Observatory, Bamberg, Germany",FINITE_GEOMETRY_ADMISSIBLE_WITNESS,GEOMETRY_ADMISSIBLE,1,1,0,2,6d3adf426044b8a850e004d464e50f01e7c6480c766c45015695a50dfdf16ac3
7345,86387|121866,58307,79182,"Bonn, Germany","Dr. Remeis-Observatory, Bamberg, Germany",FINITE_GEOMETRY_ADMISSIBLE_WITNESS,GEOMETRY_ADMISSIBLE,1,1,0,1,f3e512d4f57fb189beafe7ee4c3bca8cf51749aa2f76e15f2d9c7e5764f1ecd6
7346,86388|121866,58307,79182,"Bonn, Germany","Dr. Remeis-Observatory, Bamberg, Germany",FINITE_GEOMETRY_ADMISSIBLE_WITNESS,GEOMETRY_ADMISSIBLE,1,1,0,1,6b6829afb7e286528034f3041cfe1d1faa946ab1e7b09bbcb0116d6516515266
7347,86389|121880,58308,79196,"Bonn, Germany","Dr. Remeis-Observatory, Bamberg, Germany",FINITE_GEOMETRY_ADMISSIBLE_WITNESS,GEOMETRY_ADMISSIBLE,1,1,0,1,7349b038aa5c87ca954d449ace6b69d470455feffd29f107f648e64832162b70
7348,86390|121880,58308,79196,"Bonn, Germany","Dr. Remeis-Observatory, Bamberg, Germany",FINITE_GEOMETRY_ADMISSIBLE_WITNESS,GEOMETRY_ADMISSIBLE,1,1,0,1,2920c006e4c71c5405e883ea4de4c88f502581958cfc3046fa89cb1766d77f81
7349,86391|121880,58309,79196,"Bonn, Germany","Dr. Remeis-Observatory, Bamberg, Germany",FINITE_GEOMETRY_ADMISSIBLE_WITNESS,GEOMETRY_ADMISSIBLE,1,1,0,1,6803de3528bf573cbcda02ffb63e547c194b5fcf89bb7fdb3bca1f429c54192d
7351,86433|122034,58330,79328,"Bonn, Germany","Dr. Remeis-Observatory, Bamberg, Germany",FINITE_GEOMETRY_ADMISSIBLE_WITNESS,GEOMETRY_ADMISSIBLE,1,1,0,3,7e5b7444adaf63de7089c8978c1e6360af89ea69ab32b9bec75d38d3d8a36db3
7353,86434|122034,58330,79328,"Bonn, Germany","Dr. Remeis-Observatory, Bamberg, Germany",FINITE_GEOMETRY_ADMISSIBLE_WITNESS,GEOMETRY_ADMISSIBLE,1,1,0,1,71526f8db5af679344675f408240936f09590704ed5dce73d5a2d62b00d10f54
7355,86435|122034,58331,79328,"Bonn, Germany","Dr. Remeis-Observatory, Bamberg, Germany",FINITE_GEOMETRY_ADMISSIBLE_WITNESS,GEOMETRY_ADMISSIBLE,1,1,0,1,98f6cdece091a683a1e814d20ccdb237db18500519a123d97c8a78d2864f9023
7356,86435|122035,58331,79329,"Bonn, Germany","Dr. Remeis-Observatory, Bamberg, Germany",FINITE_GEOMETRY_ADMISSIBLE_WITNESS,GEOMETRY_ADMISSIBLE,1,1,0,1,01a7a76a52a34769422f3af5cd7560ee6f3f382ffa62e33f41f413795f8129fe
7358,86436|122035,58331,79329,"Bonn, Germany","Dr. Remeis-Observatory, Bamberg, Germany",FINITE_GEOMETRY_ADMISSIBLE_WITNESS,GEOMETRY_ADMISSIBLE,1,1,0,1,0e9afc600b9f9fe9b811f625debf626397675297b20515eeca7d0fada8aec7b1
7360,86483|122293,58355,79587,"Bonn, Germany","Dr. Remeis-Observatory, Bamberg, Germany",FINITE_GEOMETRY_ADMISSIBLE_WITNESS,GEOMETRY_ADMISSIBLE,1,1,0,1,32e360f5cf7056a6fc87b1b1073dd6bcd3d326263bfc8259009e81c7706d3356
7367,86495|122376,58360,79670,"Bonn, Germany","Dr. Remeis-Observatory, Bamberg, Germany",FINITE_GEOMETRY_ADMISSIBLE_WITNESS,GEOMETRY_ADMISSIBLE,1,1,0,1,6f145856fe7cf3c2d9576483f38f5b752721209dd7d66bd55b4a889295533952
7373,86557|123115,58392,80409,"Bonn, Germany","Dr. Remeis-Observatory, Bamberg, Germany",FINITE_GEOMETRY_ADMISSIBLE_WITNESS,GEOMETRY_ADMISSIBLE,1,1,0,1,49b154d42531511d552b4e6129f90d9513f92d394bd4742c4f42126559e6a525
7374,86558|123115,58392,80409,"Bonn, Germany","Dr. Remeis-Observatory, Bamberg, Germany",FINITE_GEOMETRY_ADMISSIBLE_WITNESS,GEOMETRY_ADMISSIBLE,1,1,0,2,89165debdc65947a2e4cb6f35f9d18a74442d404db2558683c6ffc652c8bc3be
7377,86601|123792,57709,81086,"Bonn, Germany","Dr. Remeis-Observatory, Bamberg, Germany",FINITE_GEOMETRY_ADMISSIBLE_WITNESS,GEOMETRY_ADMISSIBLE,1,1,0,2,2a3a0e9c9c6897febe8f8fa0f86b0205126ebb447c55c5d02131259da601a192
7378,86601|123798,57709,81092,"Bonn, Germany","Dr. Remeis-Observatory, Bamberg, Germany",FINITE_GEOMETRY_ADMISSIBLE_WITNESS,GEOMETRY_ADMISSIBLE,1,1,0,2,94de489e2a136446da5ce26a5b82b520985841ce6f738d54aa4a05a8b189e26c
7380,86605|124091,58415,81385,"Bonn, Germany","Dr. Remeis-Observatory, Bamberg, Germany",FINITE_GEOMETRY_ADMISSIBLE_WITNESS,GEOMETRY_ADMISSIBLE,1,1,0,1,fd460c2abd0a4618ee88b05886834246b08e8e5f9689c598006a53409c664c0f
7382,86606|124091,58415,81385,"Bonn, Germany","Dr. Remeis-Observatory, Bamberg, Germany",FINITE_GEOMETRY_ADMISSIBLE_WITNESS,GEOMETRY_ADMISSIBLE,1,1,0,1,ea42d26ba90a6a3139fa9c37935ee41cf12841c7a81d7e2235080992d62aa026
7383,87052|121161,58512,78480,"Hamburg-Bergedorf, Germany","Dr. Remeis-Observatory, Bamberg, Germany",FINITE_GEOMETRY_ADMISSIBLE_WITNESS,GEOMETRY_ADMISSIBLE,1,1,0,1,6d73d6e46b5e8a11e33a929bf442538c96b15de69710e79d48fe947433ac61bd
7384,87053|121161,58512,78480,"Hamburg-Bergedorf, Germany","Dr. Remeis-Observatory, Bamberg, Germany",FINITE_GEOMETRY_ADMISSIBLE_WITNESS,GEOMETRY_ADMISSIBLE,1,1,0,1,f2ad5978fcaaa7d7d7bc69c8020cb5ba4afecab375fcb7173abdc101b798e88e
7385,87056|121163,58514,78482,"Hamburg-Bergedorf, Germany","Dr. Remeis-Observatory, Bamberg, Germany",FINITE_GEOMETRY_ADMISSIBLE_WITNESS,GEOMETRY_ADMISSIBLE,1,1,0,1,95af0d76f5b97f558e127e643eb18e0f3c7a58a2ba66214333a46113aeba46c6
7386,87057|121164,58514,78483,"Hamburg-Bergedorf, Germany","Dr. Remeis-Observatory, Bamberg, Germany",FINITE_GEOMETRY_ADMISSIBLE_WITNESS,GEOMETRY_ADMISSIBLE,1,1,0,2,40d6fb29c42ae2b85e4ded47485895d74d41574438587f020c51cb79621cf311
7387,87058|121164,58515,78483,"Hamburg-Bergedorf, Germany","Dr. Remeis-Observatory, Bamberg, Germany",FINITE_GEOMETRY_ADMISSIBLE_WITNESS,GEOMETRY_ADMISSIBLE,1,1,0,1,087fd748199669a418d098e7718117cdd1eef96a4ae7af5cc752bb8927997150
7388,87059|121164,58515,78483,"Hamburg-Bergedorf, Germany","Dr. Remeis-Observatory, Bamberg, Germany",FINITE_GEOMETRY_ADMISSIBLE_WITNESS,GEOMETRY_ADMISSIBLE,1,1,0,1,48e1a41ffef54fdb160fba7f55801ed196b9f5feec4473640fd75a13bb0c6ae9
7389,87060|121164,58516,78483,"Hamburg-Bergedorf, Germany","Dr. Remeis-Observatory, Bamberg, Germany",FINITE_GEOMETRY_ADMISSIBLE_WITNESS,GEOMETRY_ADMISSIBLE,1,1,0,1,a6132e064ec8e814e8bb7927da694ef2335e602d9a00913d974bd85547a0df9f
7390,87084|121169,58528,78488,"Hamburg-Bergedorf, Germany","Dr. Remeis-Observatory, Bamberg, Germany",FINITE_GEOMETRY_ADMISSIBLE_WITNESS,GEOMETRY_ADMISSIBLE,1,1,0,1,99c5c712bc0b58aa37db8812351024da05a6e3b2e53c82afdb412deba0f88247
7391,87085|121169,58528,78488,"Hamburg-Bergedorf, Germany","Dr. Remeis-Observatory, Bamberg, Germany",FINITE_GEOMETRY_ADMISSIBLE_WITNESS,GEOMETRY_ADMISSIBLE,1,1,0,1,6dfb2b6b569c95f0343ad4fdc0629d890a2c96674dadf0c5c6eea3e4de527e08
7392,87086|121169,58529,78488,"Hamburg-Bergedorf, Germany","Dr. Remeis-Observatory, Bamberg, Germany",FINITE_GEOMETRY_ADMISSIBLE_WITNESS,GEOMETRY_ADMISSIBLE,1,1,0,1,fc52189be485f09006a702181ba4e3d1eaeaac54c638068c73e0eb71da14fabf
7395,87088|121170,58530,78489,"Hamburg-Bergedorf, Germany","Dr. Remeis-Observatory, Bamberg, Germany",FINITE_GEOMETRY_ADMISSIBLE_WITNESS,GEOMETRY_ADMISSIBLE,1,1,0,2,d9e58c20ad4b17d6dd0c2632867373dd19d717f530fcbae0d40a6e64f9a324df
7405,87210|121180,58591,78499,"Hamburg-Bergedorf, Germany","Dr. Remeis-Observatory, Bamberg, Germany",FINITE_GEOMETRY_ADMISSIBLE_WITNESS,GEOMETRY_ADMISSIBLE,1,1,0,1,28a10c78096bea759b2084e617bf52a81a55db84bbcb08ef5b46a180bee5692b
7406,87211|121180,58591,78499,"Hamburg-Bergedorf, Germany","Dr. Remeis-Observatory, Bamberg, Germany",FINITE_GEOMETRY_ADMISSIBLE_WITNESS,GEOMETRY_ADMISSIBLE,1,1,0,1,9c96fff6deac6c3252830a0438b6cb9b73839caa7dc36e19515b272377c4cd30
7407,87212|121180,58592,78499,"Hamburg-Bergedorf, Germany","Dr. Remeis-Observatory, Bamberg, Germany",FINITE_GEOMETRY_ADMISSIBLE_WITNESS,GEOMETRY_ADMISSIBLE,1,1,0,1,3dd681b90a50868b165eea34457c4568bf3b54a9ad925a9d48620485d8f93972
7430,87423|121492,58697,78809,"Hamburg-Bergedorf, Germany","Dr. Remeis-Observatory, Bamberg, Germany",FINITE_GEOMETRY_ADMISSIBLE_WITNESS,GEOMETRY_ADMISSIBLE,1,1,0,1,952cdcf92861bbb6d703b51a502c29855723d31177d3baa8a4f9b2c49585bc46
7431,87424|121492,58697,78809,"Hamburg-Bergedorf, Germany","Dr. Remeis-Observatory, Bamberg, Germany",FINITE_GEOMETRY_ADMISSIBLE_WITNESS,GEOMETRY_ADMISSIBLE,1,1,0,1,2c9999e9fbb8a598072e7a5de40cfb11de9c51a04f27ede2e16b9d50096d3e7f
7440,88533|121682,59236,78999,"Hamburg-Bergedorf, Germany","Dr. Remeis-Observatory, Bamberg, Germany",FINITE_GEOMETRY_ADMISSIBLE_WITNESS,GEOMETRY_ADMISSIBLE,1,1,0,1,4495b6eb4a86aee9390ea073ba06c8348d888429a1cd4a9588b3786d90a1a3ec
7441,88534|121682,59237,78999,"Hamburg-Bergedorf, Germany","Dr. Remeis-Observatory, Bamberg, Germany",FINITE_GEOMETRY_ADMISSIBLE_WITNESS,GEOMETRY_ADMISSIBLE,1,1,0,1,d4689149b3f672757a064ae76f5c6ce7dcfa54dd2d795bdca5ffb9a16b983405
7442,88535|121682,59237,78999,"Hamburg-Bergedorf, Germany","Dr. Remeis-Observatory, Bamberg, Germany",FINITE_GEOMETRY_ADMISSIBLE_WITNESS,GEOMETRY_ADMISSIBLE,1,1,0,1,8972d539f4faa53d3b996a7450da817557d1d78dc2091dba88094e7cf062d4da
7480,89187|121788,59548,79104,"Hamburg-Bergedorf, Germany","Dr. Remeis-Observatory, Bamberg, Germany",FINITE_GEOMETRY_ADMISSIBLE_WITNESS,GEOMETRY_ADMISSIBLE,1,1,0,1,bda75f1f0b7fffafb932e248f88cf23605aae260dc0c5d864a782b5aa5ffddf2
7481,89188|121788,59549,79104,"Hamburg-Bergedorf, Germany","Dr. Remeis-Observatory, Bamberg, Germany",FINITE_GEOMETRY_ADMISSIBLE_WITNESS,GEOMETRY_ADMISSIBLE,1,1,0,2,80521d9a3ff14ef6ae2e94b79f9019e6c32e52d052dc22bd415f39232819e773
7482,89189|121788,59549,79104,"Hamburg-Bergedorf, Germany","Dr. Remeis-Observatory, Bamberg, Germany",FINITE_GEOMETRY_ADMISSIBLE_WITNESS,GEOMETRY_ADMISSIBLE,1,1,0,1,539757f8887c5f74e9da10fb9a33375439aeff396b874fdcaa4b657d50a17927
7483,89190|121788,59550,79104,"Hamburg-Bergedorf, Germany","Dr. Remeis-Observatory, Bamberg, Germany",FINITE_GEOMETRY_ADMISSIBLE_WITNESS,GEOMETRY_ADMISSIBLE,1,1,0,2,c1ab1dcea57a971d41e06ebb63df791bb96ca2d71ad196e0e8cff62939c40285
7501,89576|121870,59743,79186,"Hamburg-Bergedorf, Germany","Dr. Remeis-Observatory, Bamberg, Germany",FINITE_GEOMETRY_ADMISSIBLE_WITNESS,GEOMETRY_ADMISSIBLE,1,1,0,1,24df152c3f0f7c9efc2d57e63dedae17f9a1c7212b89e10ff026713381fb66d5
7502,89577|121870,59743,79186,"Hamburg-Bergedorf, Germany","Dr. Remeis-Observatory, Bamberg, Germany",FINITE_GEOMETRY_ADMISSIBLE_WITNESS,GEOMETRY_ADMISSIBLE,1,1,0,1,0f1598ed33b88206d6c5ba3ee1e5b4ae4371591ff4ebd147c4711f89de312a4d
7503,89578|121870,59744,79186,"Hamburg-Bergedorf, Germany","Dr. Remeis-Observatory, Bamberg, Germany",FINITE_GEOMETRY_ADMISSIBLE_WITNESS,GEOMETRY_ADMISSIBLE,1,1,0,1,77ec332fbaa5942713541c88acf0e3fef31c7399a29a674f5329dc2423403c3c
7504,89579|121870,59744,79186,"Hamburg-Bergedorf, Germany","Dr. Remeis-Observatory, Bamberg, Germany",FINITE_GEOMETRY_ADMISSIBLE_WITNESS,GEOMETRY_ADMISSIBLE,1,1,0,1,738ec8bd3c2d5241609551fb3c9232eab8546ef66243f55982605c3f6a1c91a5
7505,89897|129238,59864,86508,"Hamburg-Bergedorf, Germany","Dr. Remeis-Observatory, Bamberg, Germany",FINITE_GEOMETRY_ADMISSIBLE_WITNESS,GEOMETRY_ADMISSIBLE,1,1,0,1,1457bde16662d0b8b369c3043d870d90d00c0be6a20883d6800af32e25dd2942
7506,89897|129239,59864,86509,"Hamburg-Bergedorf, Germany","Dr. Remeis-Observatory, Bamberg, Germany",FINITE_GEOMETRY_ADMISSIBLE_WITNESS,GEOMETRY_ADMISSIBLE,1,1,0,2,1cad2b1f451baa7e648d8286493db903139b4cccc39f85fdc7fac1c8a4b7f90e
7508,89908|129466,59875,86736,"Hamburg-Bergedorf, Germany","Dr. Remeis-Observatory, Bamberg, Germany",FINITE_GEOMETRY_ADMISSIBLE_WITNESS,GEOMETRY_ADMISSIBLE,1,1,0,1,02bd36e6494bb0b7bb1b6d89ddf147d20367f532d9e095fbb52eeac122e65bc0
7517,90526|132774,60353,89687,"Hamburg-Bergedorf, Germany","Dr. Remeis-Observatory, Bamberg, Germany",FINITE_GEOMETRY_ADMISSIBLE_WITNESS,GEOMETRY_ADMISSIBLE,1,1,0,1,16bbc5ea2d3700c57d494fda54b59a6b70dcfb17555a826d7dbe70bd6f1bdee2
7519,90566|132801,60377,89702,"Hamburg-Bergedorf, Germany","Dr. Remeis-Observatory, Bamberg, Germany",FINITE_GEOMETRY_ADMISSIBLE_WITNESS,GEOMETRY_ADMISSIBLE,1,1,0,2,0eaf63121df16a00c56166cb216359712e8a488d8fe109ec9d2ba4ea762f18b8
7520,90567|132799,60378,89700,"Hamburg-Bergedorf, Germany","Dr. Remeis-Observatory, Bamberg, Germany",FINITE_GEOMETRY_ADMISSIBLE_WITNESS,GEOMETRY_ADMISSIBLE,1,1,0,1,ce208fa9f609d898870e1bc2dcfcce866484ecbb7d32f6c8c712b736f8f23116
7521,90567|132800,60378,89701,"Hamburg-Bergedorf, Germany","Dr. Remeis-Observatory, Bamberg, Germany",FINITE_GEOMETRY_ADMISSIBLE_WITNESS,GEOMETRY_ADMISSIBLE,1,1,0,1,3ffca589489f547ca317a6bdbe19e0df1f0889bd73b9f3b0b1d031ded8ff0f47
7522,90567|132801,60378,89702,"Hamburg-Bergedorf, Germany","Dr. Remeis-Observatory, Bamberg, Germany",FINITE_GEOMETRY_ADMISSIBLE_WITNESS,GEOMETRY_ADMISSIBLE,1,1,0,1,5be2a57dde0d3e7782807dc5312bc79d07a110581200a929d95223c50c85f2a4
7532,90586|132808,60397,89704,"Hamburg-Bergedorf, Germany","Dr. Remeis-Observatory, Bamberg, Germany",FINITE_GEOMETRY_ADMISSIBLE_WITNESS,GEOMETRY_ADMISSIBLE,1,1,0,1,656574c7ef51433677b68dc89c9f208d25009ced5e404a1444ca63426d90260d
7534,90588|132810,60399,89706,"Hamburg-Bergedorf, Germany","Dr. Remeis-Observatory, Bamberg, Germany",FINITE_GEOMETRY_ADMISSIBLE_WITNESS,GEOMETRY_ADMISSIBLE,1,1,0,1,1c81b62614037ba39c1238ed27383229f1eaf29f11bf63a9a8a28e04703c2a07
7535,90589|132810,60400,89706,"Hamburg-Bergedorf, Germany","Dr. Remeis-Observatory, Bamberg, Germany",FINITE_GEOMETRY_ADMISSIBLE_WITNESS,GEOMETRY_ADMISSIBLE,1,1,0,1,0cb3b7091e28ee8b51be5be598cd369cabd8413e0a5850a4eb597f78ea4ba280
7540,90592|132814,60403,89709,"Hamburg-Bergedorf, Germany","Dr. Remeis-Observatory, Bamberg, Germany",FINITE_GEOMETRY_ADMISSIBLE_WITNESS,GEOMETRY_ADMISSIBLE,1,1,0,1,629fbf2feb0c6a48e4e4d9994161e92ec8c326fc2d18271b00c6bfc0d6f78c64
7542,90593|132816,60404,89711,"Hamburg-Bergedorf, Germany","Dr. Remeis-Observatory, Bamberg, Germany",FINITE_GEOMETRY_ADMISSIBLE_WITNESS,GEOMETRY_ADMISSIBLE,1,1,0,1,8bbc82fbdde772f73c26f37456e05fbae425ef71276a171d6a7694b91e92d719
7547,90597|132821,60408,89714,"Hamburg-Bergedorf, Germany","Dr. Remeis-Observatory, Bamberg, Germany",FINITE_GEOMETRY_ADMISSIBLE_WITNESS,GEOMETRY_ADMISSIBLE,1,1,0,1,0e80ed3b09fa6bd49d2505bde76c38430ada1851ffa86746583d9c156516c277
7564,90632|132853,60443,89735,"Hamburg-Bergedorf, Germany","Dr. Remeis-Observatory, Bamberg, Germany",FINITE_GEOMETRY_ADMISSIBLE_WITNESS,GEOMETRY_ADMISSIBLE,1,1,0,2,641a96ec85b8f106f6409e68f699bb999c3cc9b463481caea7be0533c141bebc
7565,90633|132853,60444,89735,"Hamburg-Bergedorf, Germany","Dr. Remeis-Observatory, Bamberg, Germany",FINITE_GEOMETRY_ADMISSIBLE_WITNESS,GEOMETRY_ADMISSIBLE,1,1,0,1,77e7cdd2fa44cfc51808daf79e974101261580ad6c3568f4acaf65e175a07e8f
7566,90633|132854,60444,89736,"Hamburg-Bergedorf, Germany","Dr. Remeis-Observatory, Bamberg, Germany",FINITE_GEOMETRY_ADMISSIBLE_WITNESS,GEOMETRY_ADMISSIBLE,1,1,0,1,2342bec08e2caae326153edf5457b49501ac46e40487c57994df8bdd170b05cc
7567,90634|132854,60445,89736,"Hamburg-Bergedorf, Germany","Dr. Remeis-Observatory, Bamberg, Germany",FINITE_GEOMETRY_ADMISSIBLE_WITNESS,GEOMETRY_ADMISSIBLE,1,1,0,1,5c5eb34b8ddd8c92dc7d5aab699b48bad1007deed8ba8af0b0171b0607d6a52b
7568,90634|132855,60445,89736,"Hamburg-Bergedorf, Germany","Dr. Remeis-Observatory, Bamberg, Germany",FINITE_GEOMETRY_ADMISSIBLE_WITNESS,GEOMETRY_ADMISSIBLE,1,1,0,1,31e35cb7bd5b41f7504868f7ac99658e0e8b8a3b5101c84ccf6198e2db88fae3
7569,90635|132854,60446,89736,"Hamburg-Bergedorf, Germany","Dr. Remeis-Observatory, Bamberg, Germany",FINITE_GEOMETRY_ADMISSIBLE_WITNESS,GEOMETRY_ADMISSIBLE,1,1,0,1,6ed7bfa4548cf27569dffd7bab3cf68f0ad27048b0e43ca7e304afb0d938d124
7570,90635|132855,60446,89736,"Hamburg-Bergedorf, Germany","Dr. Remeis-Observatory, Bamberg, Germany",FINITE_GEOMETRY_ADMISSIBLE_WITNESS,GEOMETRY_ADMISSIBLE,1,1,0,1,61ab1339d3d9cb9ec17ba1000a8b4882c487c4e72d989bd9cb63741be22720a4
7571,90635|132856,60446,89736,"Hamburg-Bergedorf, Germany","Dr. Remeis-Observatory, Bamberg, Germany",FINITE_GEOMETRY_ADMISSIBLE_WITNESS,GEOMETRY_ADMISSIBLE,1,1,0,1,1a6e0648a4d8b684e33c8bd31876d13866c5ede412357a55f345e0a8e55a3da6
7586,90890|132893,60701,89767,"Hamburg-Bergedorf, Germany","Dr. Remeis-Observatory, Bamberg, Germany",FINITE_GEOMETRY_ADMISSIBLE_WITNESS,GEOMETRY_ADMISSIBLE,1,1,0,1,d362830cabe7edccf608731593053301b0596eeec6e86fb3f07e96054dc8a405
7590,90893|132894,60704,89768,"Hamburg-Bergedorf, Germany","Dr. Remeis-Observatory, Bamberg, Germany",FINITE_GEOMETRY_ADMISSIBLE_WITNESS,GEOMETRY_ADMISSIBLE,1,1,0,1,ed55906479bc90639cca6c01ac573f4d6f37ed0c8ff6127e3904cb80a8481150
7591,91256|132956,61067,89826,"Hamburg-Bergedorf, Germany","Dr. Remeis-Observatory, Bamberg, Germany",FINITE_GEOMETRY_ADMISSIBLE_WITNESS,GEOMETRY_ADMISSIBLE,1,1,0,1,790b712b58c3b8b47fc67d41703483d959fcb2d1eede4e20660afaa727f6c6e8
7592,91256|132957,61067,89827,"Hamburg-Bergedorf, Germany","Dr. Remeis-Observatory, Bamberg, Germany",FINITE_GEOMETRY_ADMISSIBLE_WITNESS,GEOMETRY_ADMISSIBLE,1,1,0,1,a0b8b086ea1196a360b3e1a842c8359b6742c73eab096398b5986df355cfff84
7593,91256|132958,61067,89828,"Hamburg-Bergedorf, Germany","Dr. Remeis-Observatory, Bamberg, Germany",FINITE_GEOMETRY_ADMISSIBLE_WITNESS,GEOMETRY_ADMISSIBLE,1,1,0,1,0ee157733e32f9660914463499f648b6dcfa030cd1347f58da750eb7b86eea19
7594,91257|132959,61068,89829,"Hamburg-Bergedorf, Germany","Dr. Remeis-Observatory, Bamberg, Germany",FINITE_GEOMETRY_ADMISSIBLE_WITNESS,GEOMETRY_ADMISSIBLE,1,1,0,2,024a9e2cd370c71382d4ee5d535ea46c0e13816dc36997d13148dd83ab57df88
7595,91257|132960,61068,89830,"Hamburg-Bergedorf, Germany","Dr. Remeis-Observatory, Bamberg, Germany",FINITE_GEOMETRY_ADMISSIBLE_WITNESS,GEOMETRY_ADMISSIBLE,1,1,0,1,10b38a5229330a5da3d5837bf551b5708d0a975a4c10a2ea788fe2e9d6032814
7596,91257|132961,61068,89831,"Hamburg-Bergedorf, Germany","Dr. Remeis-Observatory, Bamberg, Germany",FINITE_GEOMETRY_ADMISSIBLE_WITNESS,GEOMETRY_ADMISSIBLE,1,1,0,2,9fd4004afe1c37f05ed4da8efb04d2a9760323093b31f0e1375d9e8aff28e0d3
7597,91258|132959,61069,89829,"Hamburg-Bergedorf, Germany","Dr. Remeis-Observatory, Bamberg, Germany",FINITE_GEOMETRY_ADMISSIBLE_WITNESS,GEOMETRY_ADMISSIBLE,1,1,0,2,ae51a561ba1e2edda5a48d91b0f4192d70d23cffc602ce58396505072d4ec56f
7598,91258|132960,61069,89830,"Hamburg-Bergedorf, Germany","Dr. Remeis-Observatory, Bamberg, Germany",FINITE_GEOMETRY_ADMISSIBLE_WITNESS,GEOMETRY_ADMISSIBLE,1,1,0,1,21d078fb13191f9b7054c2caeaffcb8dcd38bb50ef65c941f3a9ddf0023fd5e3
7599,91258|132961,61069,89831,"Hamburg-Bergedorf, Germany","Dr. Remeis-Observatory, Bamberg, Germany",FINITE_GEOMETRY_ADMISSIBLE_WITNESS,GEOMETRY_ADMISSIBLE,1,1,0,2,58f3cc83a4469e435d98ec8cba26cb813227ce183a4ed56e6c14ecb6a7ccf92e
7600,91259|132962,61070,89832,"Hamburg-Bergedorf, Germany","Dr. Remeis-Observatory, Bamberg, Germany",FINITE_GEOMETRY_ADMISSIBLE_WITNESS,GEOMETRY_ADMISSIBLE,1,1,0,1,a4b782327d2c68f773e1f040904a53ecfc0a6baefcade5f7d18bd836445755f2
7601,91259|132963,61070,89833,"Hamburg-Bergedorf, Germany","Dr. Remeis-Observatory, Bamberg, Germany",FINITE_GEOMETRY_ADMISSIBLE_WITNESS,GEOMETRY_ADMISSIBLE,1,1,0,2,720c6a764ab55f853a362b8c56689a7a7cde7aeef62598b732761379a2c3c250
7603,91296|133099,61107,89969,"Hamburg-Bergedorf, Germany","Dr. Remeis-Observatory, Bamberg, Germany",FINITE_GEOMETRY_ADMISSIBLE_WITNESS,GEOMETRY_ADMISSIBLE,1,1,0,2,b7a1de725e03bf73135e7443ab3b722ee22d3c091c3f37e0b5bddb837bd36836
7604,91296|133100,61107,89970,"Hamburg-Bergedorf, Germany","Dr. Remeis-Observatory, Bamberg, Germany",FINITE_GEOMETRY_ADMISSIBLE_WITNESS,GEOMETRY_ADMISSIBLE,1,1,0,2,83d5b605c4eb2fd02b216f987a76124db132bf10783f1cfb64b82da5d12840ce
7605,91296|133101,61107,89971,"Hamburg-Bergedorf, Germany","Dr. Remeis-Observatory, Bamberg, Germany",FINITE_GEOMETRY_ADMISSIBLE_WITNESS,GEOMETRY_ADMISSIBLE,1,1,0,1,52a2de654150e1f63dfc4edc5acec2107fb70ca59ae363d2866627b7dca36a20
7606,91303|133094,61114,89964,"Hamburg-Bergedorf, Germany","Dr. Remeis-Observatory, Bamberg, Germany",FINITE_GEOMETRY_ADMISSIBLE_WITNESS,GEOMETRY_ADMISSIBLE,1,1,0,1,95cf726d177a6d0ab6f080aadc0552db60dc9bbb22e2807e5e0b9db32b8eaa17
7607,91303|133095,61114,89965,"Hamburg-Bergedorf, Germany","Dr. Remeis-Observatory, Bamberg, Germany",FINITE_GEOMETRY_ADMISSIBLE_WITNESS,GEOMETRY_ADMISSIBLE,1,1,0,1,a6c458751b14375c3c8c2ab0c1ee3da189847fad3b1c23e0753194eb03f17a69
7608,91304|133094,61115,89964,"Hamburg-Bergedorf, Germany","Dr. Remeis-Observatory, Bamberg, Germany",FINITE_GEOMETRY_ADMISSIBLE_WITNESS,GEOMETRY_ADMISSIBLE,1,1,0,1,b5c31e0cb25be448880e6f76fb4f493e26deeb848e158e43b26a43b6f01f040c
7609,91304|133095,61115,89965,"Hamburg-Bergedorf, Germany","Dr. Remeis-Observatory, Bamberg, Germany",FINITE_GEOMETRY_ADMISSIBLE_WITNESS,GEOMETRY_ADMISSIBLE,1,1,0,2,136a9adbae6acd14b7f51b1c07cd42b903c8ff51fb2e83e1ee517e2b9339bcd2
7610,91305|133097,61116,89967,"Hamburg-Bergedorf, Germany","Dr. Remeis-Observatory, Bamberg, Germany",FINITE_GEOMETRY_ADMISSIBLE_WITNESS,GEOMETRY_ADMISSIBLE,1,1,0,1,45d5e73ba5c2f4a2f11d35bba106e2f030ce9d58781f646c997135019430b5bf
7611,91305|133098,61116,89968,"Hamburg-Bergedorf, Germany","Dr. Remeis-Observatory, Bamberg, Germany",FINITE_GEOMETRY_ADMISSIBLE_WITNESS,GEOMETRY_ADMISSIBLE,1,1,0,2,d8539ce9b81d6845cca74d977daeafd81c6a456e5c089507fefd994ada3aefa2
7612,91306|133099,61117,89969,"Hamburg-Bergedorf, Germany","Dr. Remeis-Observatory, Bamberg, Germany",FINITE_GEOMETRY_ADMISSIBLE_WITNESS,GEOMETRY_ADMISSIBLE,1,1,0,2,aa7d45b4fa14a8278d5406e2e1048f4f0f044c806114df962e9f4ca0becddbc4
7613,91306|133100,61117,89970,"Hamburg-Bergedorf, Germany","Dr. Remeis-Observatory, Bamberg, Germany",FINITE_GEOMETRY_ADMISSIBLE_WITNESS,GEOMETRY_ADMISSIBLE,1,1,0,1,b6457642260cbf560bcbf8815e61a6bc4911622acad5d5cc65963f2940b62117
7614,91306|133101,61117,89971,"Hamburg-Bergedorf, Germany","Dr. Remeis-Observatory, Bamberg, Germany",FINITE_GEOMETRY_ADMISSIBLE_WITNESS,GEOMETRY_ADMISSIBLE,1,1,0,2,9ae8386dafd4e77143f8b8e2c60d2fff9c304b50582533d591b40a5fdf8c66bf
7615,91307|133099,61118,89969,"Hamburg-Bergedorf, Germany","Dr. Remeis-Observatory, Bamberg, Germany",FINITE_GEOMETRY_ADMISSIBLE_WITNESS,GEOMETRY_ADMISSIBLE,1,1,0,1,de4a68f92bcb1871f5708fb2a918b128f28836fcc517b64b2bdeddd47ee788a5
7616,91307|133100,61118,89970,"Hamburg-Bergedorf, Germany","Dr. Remeis-Observatory, Bamberg, Germany",FINITE_GEOMETRY_ADMISSIBLE_WITNESS,GEOMETRY_ADMISSIBLE,1,1,0,1,c68a9a0c8d3b63941bea78c64d06384dee69bf212c63e191827100c832ba858d
7617,91307|133101,61118,89971,"Hamburg-Bergedorf, Germany","Dr. Remeis-Observatory, Bamberg, Germany",FINITE_GEOMETRY_ADMISSIBLE_WITNESS,GEOMETRY_ADMISSIBLE,1,1,0,1,a61da0058c89daaad7c3a7a8bd3bcbca375ddb7fbabed26d8505813235a11490
7618,91308|133099,61119,89969,"Hamburg-Bergedorf, Germany","Dr. Remeis-Observatory, Bamberg, Germany",FINITE_GEOMETRY_ADMISSIBLE_WITNESS,GEOMETRY_ADMISSIBLE,1,1,0,1,c4d0acec4be017886b666ad5d16d7cf69b58764e09d8ba5f0a964943db73faaf
7619,91308|133100,61119,89970,"Hamburg-Bergedorf, Germany","Dr. Remeis-Observatory, Bamberg, Germany",FINITE_GEOMETRY_ADMISSIBLE_WITNESS,GEOMETRY_ADMISSIBLE,1,1,0,1,f3e81d667522dec669aa8777a282d58b406a7bef38f6610891a098a1f75dfeef
7620,91308|133101,61119,89971,"Hamburg-Bergedorf, Germany","Dr. Remeis-Observatory, Bamberg, Germany",FINITE_GEOMETRY_ADMISSIBLE_WITNESS,GEOMETRY_ADMISSIBLE,1,1,0,1,482f13fa8af5d28792ebd43b971e2018bec30cc692cceff40c4f7588e62290fe
7621,91309|133117,61120,89987,"Hamburg-Bergedorf, Germany","Dr. Remeis-Observatory, Bamberg, Germany",FINITE_GEOMETRY_ADMISSIBLE_WITNESS,GEOMETRY_ADMISSIBLE,1,1,0,1,016364d47e06bf9b806698b9766d621a1cf018816bc2763e74b9453e1b16c9f0
7622,91309|133118,61120,89988,"Hamburg-Bergedorf, Germany","Dr. Remeis-Observatory, Bamberg, Germany",FINITE_GEOMETRY_ADMISSIBLE_WITNESS,GEOMETRY_ADMISSIBLE,1,1,0,1,1245edc89e0de241fdd9b95bb661b6ac63a57461658bea08f8e37b2472459e90
7623,91309|133119,61120,89989,"Hamburg-Bergedorf, Germany","Dr. Remeis-Observatory, Bamberg, Germany",FINITE_GEOMETRY_ADMISSIBLE_WITNESS,GEOMETRY_ADMISSIBLE,1,1,0,2,48c779ae0142cd2bd00efe9307fb0b3ec2514cb68d34c7ec178ba3b4a8209822
7624,91310|133103,61121,89973,"Hamburg-Bergedorf, Germany","Dr. Remeis-Observatory, Bamberg, Germany",FINITE_GEOMETRY_ADMISSIBLE_WITNESS,GEOMETRY_ADMISSIBLE,1,1,0,1,3bca0128d10202847f38aff74592714e4dfb870b2c75b84a2b23fcda68109929
7625,91310|133104,61121,89974,"Hamburg-Bergedorf, Germany","Dr. Remeis-Observatory, Bamberg, Germany",FINITE_GEOMETRY_ADMISSIBLE_WITNESS,GEOMETRY_ADMISSIBLE,1,1,0,1,e34fd4af733f30f50377f17a78448fef1c15a010e10205250ecdfb6bce663029
7626,91311|133103,61122,89973,"Hamburg-Bergedorf, Germany","Dr. Remeis-Observatory, Bamberg, Germany",FINITE_GEOMETRY_ADMISSIBLE_WITNESS,GEOMETRY_ADMISSIBLE,1,1,0,1,e345f49a8891b93bd2ded558d6e6304a48c2ffd1bdbc45d3808cd1f89d79c9ed
7627,91311|133104,61122,89974,"Hamburg-Bergedorf, Germany","Dr. Remeis-Observatory, Bamberg, Germany",FINITE_GEOMETRY_ADMISSIBLE_WITNESS,GEOMETRY_ADMISSIBLE,1,1,0,1,b0228fe7715e796590cc43864e246c9807383e7954da061dd5dcb749655ec178
7628,91312|133103,61123,89973,"Hamburg-Bergedorf, Germany","Dr. Remeis-Observatory, Bamberg, Germany",FINITE_GEOMETRY_ADMISSIBLE_WITNESS,GEOMETRY_ADMISSIBLE,1,1,0,3,0d56f70826a66e8889d1837525edb655b3e6a04da8496de8cbcd25f004de509f
7629,91312|133104,61123,89974,"Hamburg-Bergedorf, Germany","Dr. Remeis-Observatory, Bamberg, Germany",FINITE_GEOMETRY_ADMISSIBLE_WITNESS,GEOMETRY_ADMISSIBLE,1,1,0,1,3bf93cb2cbe79a8dde7eee0148417cb54ae1b20e43f5e1b216a2d6e0ff5ade7a
7630,91314|133112,61125,89982,"Hamburg-Bergedorf, Germany","Dr. Remeis-Observatory, Bamberg, Germany",FINITE_GEOMETRY_ADMISSIBLE_WITNESS,GEOMETRY_ADMISSIBLE,1,1,0,2,fd1de774dacadb31329064b434be3044e14aef84c2db907b28716fe30de2a7a8
7632,91315|133112,61126,89982,"Hamburg-Bergedorf, Germany","Dr. Remeis-Observatory, Bamberg, Germany",FINITE_GEOMETRY_ADMISSIBLE_WITNESS,GEOMETRY_ADMISSIBLE,1,1,0,1,e49f20017cdd0dcc3489a45f012689a640a80c96cbd5eb4099988fc66f437025
7633,91315|133113,61126,89983,"Hamburg-Bergedorf, Germany","Dr. Remeis-Observatory, Bamberg, Germany",FINITE_GEOMETRY_ADMISSIBLE_WITNESS,GEOMETRY_ADMISSIBLE,1,1,0,1,f9ec76731226a417b6e016333679487f10ef67d2727797bc72e61810735f29f7
7634,91316|133112,61127,89982,"Hamburg-Bergedorf, Germany","Dr. Remeis-Observatory, Bamberg, Germany",FINITE_GEOMETRY_ADMISSIBLE_WITNESS,GEOMETRY_ADMISSIBLE,1,1,0,1,91232b2ecc6f256c845f7ae21c96891534e177f5733110574354297f7023cea5
7635,91316|133113,61127,89983,"Hamburg-Bergedorf, Germany","Dr. Remeis-Observatory, Bamberg, Germany",FINITE_GEOMETRY_ADMISSIBLE_WITNESS,GEOMETRY_ADMISSIBLE,1,1,0,2,726ea368a7a2f4602cbab877a80ee550698637add33cd8ddf5f18f1cbf246191
7636,91317|133114,61128,89984,"Hamburg-Bergedorf, Germany","Dr. Remeis-Observatory, Bamberg, Germany",FINITE_GEOMETRY_ADMISSIBLE_WITNESS,GEOMETRY_ADMISSIBLE,1,1,0,2,6fa6923c6213b8336e7a5412f8909a4f538d96c06ba526d9260d0b18989bdc25
7637,91317|133115,61128,89985,"Hamburg-Bergedorf, Germany","Dr. Remeis-Observatory, Bamberg, Germany",FINITE_GEOMETRY_ADMISSIBLE_WITNESS,GEOMETRY_ADMISSIBLE,1,1,0,1,65c4e6670d854cc76f5c5b0d35df7334ff31ae78256192afc5eb37ee641d2609
7639,91318|133114,61129,89984,"Hamburg-Bergedorf, Germany","Dr. Remeis-Observatory, Bamberg, Germany",FINITE_GEOMETRY_ADMISSIBLE_WITNESS,GEOMETRY_ADMISSIBLE,1,1,0,3,5e63e4ab8db0b32c0dba6b04060c7ddeb712cc908d1875b79c17d42cd7115be2
7640,91318|133115,61129,89985,"Hamburg-Bergedorf, Germany","Dr. Remeis-Observatory, Bamberg, Germany",FINITE_GEOMETRY_ADMISSIBLE_WITNESS,GEOMETRY_ADMISSIBLE,1,1,0,1,54220de20abd562eeb51427ef3475cc08efe6af20a69b42024b7cfe4f6d39890
7641,91318|133116,61129,89986,"Hamburg-Bergedorf, Germany","Dr. Remeis-Observatory, Bamberg, Germany",FINITE_GEOMETRY_ADMISSIBLE_WITNESS,GEOMETRY_ADMISSIBLE,1,1,0,1,d3f4cfb34754228b963e920029760767094d20dd407c5993684fbcd9f7ed87ab
7642,91319|133114,61130,89984,"Hamburg-Bergedorf, Germany","Dr. Remeis-Observatory, Bamberg, Germany",FINITE_GEOMETRY_ADMISSIBLE_WITNESS,GEOMETRY_ADMISSIBLE,1,1,0,1,deb38e3b8ccc89369bdee0649af877a82e25f9230352fa5fe7d8e0452a28a32c
7643,91319|133115,61130,89985,"Hamburg-Bergedorf, Germany","Dr. Remeis-Observatory, Bamberg, Germany",FINITE_GEOMETRY_ADMISSIBLE_WITNESS,GEOMETRY_ADMISSIBLE,1,1,0,2,796a271c30ca2c4967c5a030f4eaaae6959e3a2e3226ab6b00e36adf7d7443e2
7644,91319|133116,61130,89986,"Hamburg-Bergedorf, Germany","Dr. Remeis-Observatory, Bamberg, Germany",FINITE_GEOMETRY_ADMISSIBLE_WITNESS,GEOMETRY_ADMISSIBLE,1,1,0,1,664eac6327f7830b947a1d62c07257da9e406394d3e7a196699c289a345c1358
7645,91320|133117,61131,89987,"Hamburg-Bergedorf, Germany","Dr. Remeis-Observatory, Bamberg, Germany",FINITE_GEOMETRY_ADMISSIBLE_WITNESS,GEOMETRY_ADMISSIBLE,1,1,0,1,6676f39fcce166b41361653d5f624aef5b26a4f3971ee9e094a83976e6ce4e4d
7646,91320|133118,61131,89988,"Hamburg-Bergedorf, Germany","Dr. Remeis-Observatory, Bamberg, Germany",FINITE_GEOMETRY_ADMISSIBLE_WITNESS,GEOMETRY_ADMISSIBLE,1,1,0,1,a7eca7b8d6e4d7b30879f3fd56fffb4d249bf86500d9d6f2f4c7de0afcf9c49d
7647,91320|133119,61131,89989,"Hamburg-Bergedorf, Germany","Dr. Remeis-Observatory, Bamberg, Germany",FINITE_GEOMETRY_ADMISSIBLE_WITNESS,GEOMETRY_ADMISSIBLE,1,1,0,1,8348b7d72049058faf0e69bcacf1b294660600a944a96a9db277fb3f6207ba26
7648,91321|133117,61132,89987,"Hamburg-Bergedorf, Germany","Dr. Remeis-Observatory, Bamberg, Germany",FINITE_GEOMETRY_ADMISSIBLE_WITNESS,GEOMETRY_ADMISSIBLE,1,1,0,1,d5a5e0a667fc7997ab1812cb03a16bd71a6579f975f51db2a37c2c40d51cf0be
7649,91321|133118,61132,89988,"Hamburg-Bergedorf, Germany","Dr. Remeis-Observatory, Bamberg, Germany",FINITE_GEOMETRY_ADMISSIBLE_WITNESS,GEOMETRY_ADMISSIBLE,1,1,0,1,f2401d2385bf0e38c0959d9cca212f7bcb00d51fb381c648dc4e84b4d62fb04d
7650,91321|133119,61132,89989,"Hamburg-Bergedorf, Germany","Dr. Remeis-Observatory, Bamberg, Germany",FINITE_GEOMETRY_ADMISSIBLE_WITNESS,GEOMETRY_ADMISSIBLE,1,1,0,1,a327bcf27ddedcc92a42dc13357ee4f4a59ecec43d8606b60cb92b445a068642
7651,91322|133117,61133,89987,"Hamburg-Bergedorf, Germany","Dr. Remeis-Observatory, Bamberg, Germany",FINITE_GEOMETRY_ADMISSIBLE_WITNESS,GEOMETRY_ADMISSIBLE,1,1,0,1,3ab5749ceca958abf05578d5024a6032310207bc374e17fc31b91ffdec30d7ca
7652,91322|133118,61133,89988,"Hamburg-Bergedorf, Germany","Dr. Remeis-Observatory, Bamberg, Germany",FINITE_GEOMETRY_ADMISSIBLE_WITNESS,GEOMETRY_ADMISSIBLE,1,1,0,2,61df25016c49442565cd7974fca484204cf79987652e3fa5ce4c1d07f87f6a7c
7653,91322|133119,61133,89989,"Hamburg-Bergedorf, Germany","Dr. Remeis-Observatory, Bamberg, Germany",FINITE_GEOMETRY_ADMISSIBLE_WITNESS,GEOMETRY_ADMISSIBLE,1,1,0,2,8707af3e321c2f4013bfc79b3b43d430beeb0117504c8ed5b98dd2faff4916f9
7654,91323|133117,61134,89987,"Hamburg-Bergedorf, Germany","Dr. Remeis-Observatory, Bamberg, Germany",FINITE_GEOMETRY_ADMISSIBLE_WITNESS,GEOMETRY_ADMISSIBLE,1,1,0,1,0225ff9ccc1894d093fe1c0755febfa960ce32340c831fc87ec8fcacb5f7437e
7655,91323|133118,61134,89988,"Hamburg-Bergedorf, Germany","Dr. Remeis-Observatory, Bamberg, Germany",FINITE_GEOMETRY_ADMISSIBLE_WITNESS,GEOMETRY_ADMISSIBLE,1,1,0,1,31184c920b2367b375cc25d296a5bd453ae08598299a56f11d3d3d4be213ab5e
7656,91323|133119,61134,89989,"Hamburg-Bergedorf, Germany","Dr. Remeis-Observatory, Bamberg, Germany",FINITE_GEOMETRY_ADMISSIBLE_WITNESS,GEOMETRY_ADMISSIBLE,1,1,0,3,899b09a492081ee88be4f10cb3a96e7edda4a25605d37a55208fd1cdcdf89203
7657,91323|133120,61134,89990,"Hamburg-Bergedorf, Germany","Dr. Remeis-Observatory, Bamberg, Germany",FINITE_GEOMETRY_ADMISSIBLE_WITNESS,GEOMETRY_ADMISSIBLE,1,1,0,1,bcdaad842226a583d943492663115bce99d7dfa8482fa66c5f2f0984b613bfeb
7658,91323|133121,61134,89991,"Hamburg-Bergedorf, Germany","Dr. Remeis-Observatory, Bamberg, Germany",FINITE_GEOMETRY_ADMISSIBLE_WITNESS,GEOMETRY_ADMISSIBLE,1,1,0,3,ce1ce39c5f332fa811b39c91a4871f4f1f6a7eae573e02089ac9d077d4fb21cb
7660,91324|133120,61135,89990,"Hamburg-Bergedorf, Germany","Dr. Remeis-Observatory, Bamberg, Germany",FINITE_GEOMETRY_ADMISSIBLE_WITNESS,GEOMETRY_ADMISSIBLE,1,1,0,1,93aeab8353550f5a0b959bd621ba0ae9ab1953e4d1e2d2e0928e97994ae1ab92
7661,91324|133121,61135,89991,"Hamburg-Bergedorf, Germany","Dr. Remeis-Observatory, Bamberg, Germany",FINITE_GEOMETRY_ADMISSIBLE_WITNESS,GEOMETRY_ADMISSIBLE,1,1,0,1,4877e07994e879c6ac77a246e0f564d455b038163de0e2b0489c58329526fdf0
7662,91324|133122,61135,89992,"Hamburg-Bergedorf, Germany","Dr. Remeis-Observatory, Bamberg, Germany",FINITE_GEOMETRY_ADMISSIBLE_WITNESS,GEOMETRY_ADMISSIBLE,1,1,0,1,d32d589e4a72449475cec66937bed13a45ae667d2ed4fc78aab2ec2b6f84bf36
7663,91325|133120,61136,89990,"Hamburg-Bergedorf, Germany","Dr. Remeis-Observatory, Bamberg, Germany",FINITE_GEOMETRY_ADMISSIBLE_WITNESS,GEOMETRY_ADMISSIBLE,1,1,0,1,1add2851802fe9eb79f76f9dcae3599559e41cbc271efe9de31ed2e8d3576bbb
7664,91325|133121,61136,89991,"Hamburg-Bergedorf, Germany","Dr. Remeis-Observatory, Bamberg, Germany",FINITE_GEOMETRY_ADMISSIBLE_WITNESS,GEOMETRY_ADMISSIBLE,1,1,0,2,e1abb36061ae92002f904e1e6a773ba52a24c8fef83ef8718f2cbd262f23108e
7665,91325|133122,61136,89992,"Hamburg-Bergedorf, Germany","Dr. Remeis-Observatory, Bamberg, Germany",FINITE_GEOMETRY_ADMISSIBLE_WITNESS,GEOMETRY_ADMISSIBLE,1,1,0,1,b7f91fbbce79e1b8bcbf163d5c6420683322e1526d35fe448f8428b8c6090613
7666,91326|133123,61137,89993,"Hamburg-Bergedorf, Germany","Dr. Remeis-Observatory, Bamberg, Germany",FINITE_GEOMETRY_ADMISSIBLE_WITNESS,GEOMETRY_ADMISSIBLE,1,1,0,1,95c4b404ca223a6ff17d0d5534a450960a2caa6c022239c09155c4f87a4d815e
7667,91326|133124,61137,89994,"Hamburg-Bergedorf, Germany","Dr. Remeis-Observatory, Bamberg, Germany",FINITE_GEOMETRY_ADMISSIBLE_WITNESS,GEOMETRY_ADMISSIBLE,1,1,0,1,72b3a32854da1d7aabc0f17b148a304bb276d4cd1fd373fc96cad6cf038fd57d
7668,91326|133125,61137,89995,"Hamburg-Bergedorf, Germany","Dr. Remeis-Observatory, Bamberg, Germany",FINITE_GEOMETRY_ADMISSIBLE_WITNESS,GEOMETRY_ADMISSIBLE,1,1,0,1,5cc4a49ba5caf663f3b7e5405daea51db24b7220b13e0cd1e678467190c8d9de
7669,91327|133123,61138,89993,"Hamburg-Bergedorf, Germany","Dr. Remeis-Observatory, Bamberg, Germany",FINITE_GEOMETRY_ADMISSIBLE_WITNESS,GEOMETRY_ADMISSIBLE,1,1,0,1,1b20bcd9bf99665cd0f691d38733ddc7a4f3ee317732888c5d24d5457c4844fd
7670,91327|133124,61138,89994,"Hamburg-Bergedorf, Germany","Dr. Remeis-Observatory, Bamberg, Germany",FINITE_GEOMETRY_ADMISSIBLE_WITNESS,GEOMETRY_ADMISSIBLE,1,1,0,1,b13ef79182dc91cf8bac7739d5462d0b758593b1e56403c02a9630a2de36b915
7671,91327|133125,61138,89995,"Hamburg-Bergedorf, Germany","Dr. Remeis-Observatory, Bamberg, Germany",FINITE_GEOMETRY_ADMISSIBLE_WITNESS,GEOMETRY_ADMISSIBLE,1,1,0,1,537586b0db5fabf846f897ffe17fa0bc188164ec6047f425cbc28bbd62cda06c
7672,91328|133123,61139,89993,"Hamburg-Bergedorf, Germany","Dr. Remeis-Observatory, Bamberg, Germany",FINITE_GEOMETRY_ADMISSIBLE_WITNESS,GEOMETRY_ADMISSIBLE,1,1,0,1,a08e03448c8289de0917a05aeab4bfe6ce91c6a797e83e5f8f9c2e3eca8338c1
7673,91328|133124,61139,89994,"Hamburg-Bergedorf, Germany","Dr. Remeis-Observatory, Bamberg, Germany",FINITE_GEOMETRY_ADMISSIBLE_WITNESS,GEOMETRY_ADMISSIBLE,1,1,0,1,0babe95e39dca8ff363ebd5ec6f3f29a68aee34dfc189b0bd3a2af84790335b5
7674,91328|133125,61139,89995,"Hamburg-Bergedorf, Germany","Dr. Remeis-Observatory, Bamberg, Germany",FINITE_GEOMETRY_ADMISSIBLE_WITNESS,GEOMETRY_ADMISSIBLE,1,1,0,1,9fc0214526da81feeb351db4c475203b9d723166d4aa5359d2186dabea6d12cb
7675,91329|133135,61140,90005,"Hamburg-Bergedorf, Germany","Dr. Remeis-Observatory, Bamberg, Germany",FINITE_GEOMETRY_ADMISSIBLE_WITNESS,GEOMETRY_ADMISSIBLE,1,1,0,3,e7a23485a3a4705462922785cdde445fa20b67fe03e3183b22e52e71ecda633f
7676,91329|133136,61140,90006,"Hamburg-Bergedorf, Germany","Dr. Remeis-Observatory, Bamberg, Germany",FINITE_GEOMETRY_ADMISSIBLE_WITNESS,GEOMETRY_ADMISSIBLE,1,1,0,2,a4b84424e118bd5f2587ed980425a0d7735b32db1a03b7ff18587707bd5630bd
7677,91329|133137,61140,90007,"Hamburg-Bergedorf, Germany","Dr. Remeis-Observatory, Bamberg, Germany",FINITE_GEOMETRY_ADMISSIBLE_WITNESS,GEOMETRY_ADMISSIBLE,1,1,0,1,7ba4f249e577cf6c48e75310f6ce80a461e1d4841a613187afa3d3c746ec2e09
7678,91330|133135,61141,90005,"Hamburg-Bergedorf, Germany","Dr. Remeis-Observatory, Bamberg, Germany",FINITE_GEOMETRY_ADMISSIBLE_WITNESS,GEOMETRY_ADMISSIBLE,1,1,0,1,2d2399e559c58710c6a37c880a0e24af785f690dc85484413d879d21ee9f0555
7679,91330|133136,61141,90006,"Hamburg-Bergedorf, Germany","Dr. Remeis-Observatory, Bamberg, Germany",FINITE_GEOMETRY_ADMISSIBLE_WITNESS,GEOMETRY_ADMISSIBLE,1,1,0,1,e998863cd5fff6230541d8a04798712b4182910be1b3c6ebb50806aadd59b0cc
7680,91330|133137,61141,90007,"Hamburg-Bergedorf, Germany","Dr. Remeis-Observatory, Bamberg, Germany",FINITE_GEOMETRY_ADMISSIBLE_WITNESS,GEOMETRY_ADMISSIBLE,1,1,0,1,90fda46560233c34d9ccbbf5ec9fdeb3af3f8e0d08e934096ebbb2704a7d44a2
7683,91331|133139,61142,90009,"Hamburg-Bergedorf, Germany","Dr. Remeis-Observatory, Bamberg, Germany",FINITE_GEOMETRY_ADMISSIBLE_WITNESS,GEOMETRY_ADMISSIBLE,1,1,0,2,c520a66e0a5cb46aec0c3f571ff3e5ab317cc59ce2756d485d22303f1b3b5396
7684,91331|133140,61142,90010,"Hamburg-Bergedorf, Germany","Dr. Remeis-Observatory, Bamberg, Germany",FINITE_GEOMETRY_ADMISSIBLE_WITNESS,GEOMETRY_ADMISSIBLE,1,1,0,1,4c43617466d42045587685f533a6be4a0cd0533308b818ce48508b5f090b9fc4
7685,91332|133139,61143,90009,"Hamburg-Bergedorf, Germany","Dr. Remeis-Observatory, Bamberg, Germany",FINITE_GEOMETRY_ADMISSIBLE_WITNESS,GEOMETRY_ADMISSIBLE,1,1,0,1,627de6043fe5684466302ed381191ac276e366babc79ddedb6389ecebff1dba7
7686,91332|133140,61143,90010,"Hamburg-Bergedorf, Germany","Dr. Remeis-Observatory, Bamberg, Germany",FINITE_GEOMETRY_ADMISSIBLE_WITNESS,GEOMETRY_ADMISSIBLE,1,1,0,1,15c7dd400102e9f5b44c6af6d750f195192b05ac77f33be8e528541472e0f6b3
7687,91333|133139,61144,90009,"Hamburg-Bergedorf, Germany","Dr. Remeis-Observatory, Bamberg, Germany",FINITE_GEOMETRY_ADMISSIBLE_WITNESS,GEOMETRY_ADMISSIBLE,1,1,0,2,8699353be79c2f9a773fc57f722d447ecba90d387e67dc44fb35c3069727f7d3
7688,91333|133140,61144,90010,"Hamburg-Bergedorf, Germany","Dr. Remeis-Observatory, Bamberg, Germany",FINITE_GEOMETRY_ADMISSIBLE_WITNESS,GEOMETRY_ADMISSIBLE,1,1,0,1,1d7497b529126307b6c73667c56c6309bf4d4f3e249d564abdc2a3f6edc01d72
7689,91334|133142,61145,90012,"Hamburg-Bergedorf, Germany","Dr. Remeis-Observatory, Bamberg, Germany",FINITE_GEOMETRY_ADMISSIBLE_WITNESS,GEOMETRY_ADMISSIBLE,1,1,0,2,5523b0d9b7665f4db9c458030da73eec9daca420b83c07de54b8f7802234f34e
7690,91334|133143,61145,90013,"Hamburg-Bergedorf, Germany","Dr. Remeis-Observatory, Bamberg, Germany",FINITE_GEOMETRY_ADMISSIBLE_WITNESS,GEOMETRY_ADMISSIBLE,1,1,0,1,900f4f439909e520a83271b2954d57f67a5d9396812da67d5b631d46cd7099be
7691,91335|133142,61146,90012,"Hamburg-Bergedorf, Germany","Dr. Remeis-Observatory, Bamberg, Germany",FINITE_GEOMETRY_ADMISSIBLE_WITNESS,GEOMETRY_ADMISSIBLE,1,1,0,1,45ec989dee25e08508f272d71b246195a9ab81472c9556a2f44f3947a5c7853f
7692,91335|133143,61146,90013,"Hamburg-Bergedorf, Germany","Dr. Remeis-Observatory, Bamberg, Germany",FINITE_GEOMETRY_ADMISSIBLE_WITNESS,GEOMETRY_ADMISSIBLE,1,1,0,3,f6c7e56249915ef8f251c3be6aeb0c2b3c09e0519e6429d2aac30d878a69a693
7693,91336|133142,61147,90012,"Hamburg-Bergedorf, Germany","Dr. Remeis-Observatory, Bamberg, Germany",FINITE_GEOMETRY_ADMISSIBLE_WITNESS,GEOMETRY_ADMISSIBLE,1,1,0,1,ae3672ece81dbfa7e66ee484748bc9e62ea553376b58c6c605232e4cf57b5f53
7694,91336|133143,61147,90013,"Hamburg-Bergedorf, Germany","Dr. Remeis-Observatory, Bamberg, Germany",FINITE_GEOMETRY_ADMISSIBLE_WITNESS,GEOMETRY_ADMISSIBLE,1,1,0,2,59138d6749ed25025bf69e1d09c0ab7ec3e955bfa7a9dfd13103ea1d2be3d3d2
7695,91337|133142,61148,90012,"Hamburg-Bergedorf, Germany","Dr. Remeis-Observatory, Bamberg, Germany",FINITE_GEOMETRY_ADMISSIBLE_WITNESS,GEOMETRY_ADMISSIBLE,1,1,0,2,94b3fbb3d4dbb6795f06740d924a1c7f78a619eb4016ddf70dcdf11034c307c4
7696,91337|133143,61148,90013,"Hamburg-Bergedorf, Germany","Dr. Remeis-Observatory, Bamberg, Germany",FINITE_GEOMETRY_ADMISSIBLE_WITNESS,GEOMETRY_ADMISSIBLE,1,1,0,1,e63ab6ff0e8dc884f33cfd0edb2e83ea8b4b300a3bde807243346eb2242d7ae6
7697,91337|133144,61148,90014,"Hamburg-Bergedorf, Germany","Dr. Remeis-Observatory, Bamberg, Germany",FINITE_GEOMETRY_ADMISSIBLE_WITNESS,GEOMETRY_ADMISSIBLE,1,1,0,1,9298f7573f13672e2b983e77b6c9bc111634fe970c038cf243b6fc4f5645a777
7698,91337|133145,61148,90015,"Hamburg-Bergedorf, Germany","Dr. Remeis-Observatory, Bamberg, Germany",FINITE_GEOMETRY_ADMISSIBLE_WITNESS,GEOMETRY_ADMISSIBLE,1,1,0,1,af3e8f3245fa857dc56b7d7fd3cf80e3884c0bed4d98949d86a8c759509a2eab
7699,91337|133146,61148,90016,"Hamburg-Bergedorf, Germany","Dr. Remeis-Observatory, Bamberg, Germany",FINITE_GEOMETRY_ADMISSIBLE_WITNESS,GEOMETRY_ADMISSIBLE,1,1,0,1,0f28d17f67df61bb7a9eab0a2ce2921c836d5adcc8f031e7a2193bcb8b94a60e
7700,91338|133144,61149,90014,"Hamburg-Bergedorf, Germany","Dr. Remeis-Observatory, Bamberg, Germany",FINITE_GEOMETRY_ADMISSIBLE_WITNESS,GEOMETRY_ADMISSIBLE,1,1,0,2,5b6e384b84a65afb95a6a13a492fec03a59241d206dcf89599bc22fdbfbf1217
7701,91338|133145,61149,90015,"Hamburg-Bergedorf, Germany","Dr. Remeis-Observatory, Bamberg, Germany",FINITE_GEOMETRY_ADMISSIBLE_WITNESS,GEOMETRY_ADMISSIBLE,1,1,0,1,a6a76a2bc59dafb608c6f84f78ec4c0390d7c553ff5b8a5c9d64a535f7e9c6ba
7702,91338|133146,61149,90016,"Hamburg-Bergedorf, Germany","Dr. Remeis-Observatory, Bamberg, Germany",FINITE_GEOMETRY_ADMISSIBLE_WITNESS,GEOMETRY_ADMISSIBLE,1,1,0,1,6194b175f9d3c39bf76fc072269e716e7e99246c936b5e878d161f2a90cf2dc1
7703,91339|133144,61150,90014,"Hamburg-Bergedorf, Germany","Dr. Remeis-Observatory, Bamberg, Germany",FINITE_GEOMETRY_ADMISSIBLE_WITNESS,GEOMETRY_ADMISSIBLE,1,1,0,1,13eda909c67d73a6b31ba7973439233e02d4c071526369c15cbc8d9160b3fea8
7704,91339|133145,61150,90015,"Hamburg-Bergedorf, Germany","Dr. Remeis-Observatory, Bamberg, Germany",FINITE_GEOMETRY_ADMISSIBLE_WITNESS,GEOMETRY_ADMISSIBLE,1,1,0,1,2ccd82cdefec22dd04031996d2f421498fbe56cf73c779aea58c24c43b5457eb
7705,91339|133146,61150,90016,"Hamburg-Bergedorf, Germany","Dr. Remeis-Observatory, Bamberg, Germany",FINITE_GEOMETRY_ADMISSIBLE_WITNESS,GEOMETRY_ADMISSIBLE,1,1,0,3,48e81b4d6bc96a9d390201ec79856452389a64abe4fb27992a1bd90f36ad95a8
7706,91340|133144,61151,90014,"Hamburg-Bergedorf, Germany","Dr. Remeis-Observatory, Bamberg, Germany",FINITE_GEOMETRY_ADMISSIBLE_WITNESS,GEOMETRY_ADMISSIBLE,1,1,0,2,fb18521e939ff1c9d982583fb23dc4d67ff2cb8a3612709ea8866e794f3518d3
7707,91340|133145,61151,90015,"Hamburg-Bergedorf, Germany","Dr. Remeis-Observatory, Bamberg, Germany",FINITE_GEOMETRY_ADMISSIBLE_WITNESS,GEOMETRY_ADMISSIBLE,1,1,0,1,52ca730b566aa0dbf5e28df9d5a15365e2e1e6270ea2cbdaf722604be412ec86
7708,91340|133146,61151,90016,"Hamburg-Bergedorf, Germany","Dr. Remeis-Observatory, Bamberg, Germany",FINITE_GEOMETRY_ADMISSIBLE_WITNESS,GEOMETRY_ADMISSIBLE,1,1,0,1,4450451f31a7a5615f444ee0e7aa04b186cc04c371fb8b73543552980b897551
7709,91341|133156,61152,90026,"Hamburg-Bergedorf, Germany","Dr. Remeis-Observatory, Bamberg, Germany",FINITE_GEOMETRY_ADMISSIBLE_WITNESS,GEOMETRY_ADMISSIBLE,1,1,0,1,79e42a81c1df38517ee94df31140690c0e7af65fdd2f7ea748fadcc6502c4292
7712,91342|133156,61153,90026,"Hamburg-Bergedorf, Germany","Dr. Remeis-Observatory, Bamberg, Germany",FINITE_GEOMETRY_ADMISSIBLE_WITNESS,GEOMETRY_ADMISSIBLE,1,1,0,1,76b18621b7bf9f7acf423245aa6cf022f4963bb4029f7fbd28d77a775fb12a49
7713,91342|133157,61153,90027,"Hamburg-Bergedorf, Germany","Dr. Remeis-Observatory, Bamberg, Germany",FINITE_GEOMETRY_ADMISSIBLE_WITNESS,GEOMETRY_ADMISSIBLE,1,1,0,1,eca26ae65b383a9cf56398cdf9e14f4aeff8c0b96ead7fa5e4359a93392decc9
7715,91343|133156,61154,90026,"Hamburg-Bergedorf, Germany","Dr. Remeis-Observatory, Bamberg, Germany",FINITE_GEOMETRY_ADMISSIBLE_WITNESS,GEOMETRY_ADMISSIBLE,1,1,0,1,cdd9c691c30084d95ecc4c3c6b3f7104566a20a01a798483f578095c89db0873
7716,91343|133157,61154,90027,"Hamburg-Bergedorf, Germany","Dr. Remeis-Observatory, Bamberg, Germany",FINITE_GEOMETRY_ADMISSIBLE_WITNESS,GEOMETRY_ADMISSIBLE,1,1,0,2,18a16e15f4bb0342da393aed11afc1cfe72f792a3a4354186323d87c6c65682b
7717,91343|133158,61154,90028,"Hamburg-Bergedorf, Germany","Dr. Remeis-Observatory, Bamberg, Germany",FINITE_GEOMETRY_ADMISSIBLE_WITNESS,GEOMETRY_ADMISSIBLE,1,1,0,1,a6894bc90830b9d955e8605ba822d889c532245eeba3bc810f6083cdbce46758
7718,91344|133159,61155,90029,"Hamburg-Bergedorf, Germany","Dr. Remeis-Observatory, Bamberg, Germany",FINITE_GEOMETRY_ADMISSIBLE_WITNESS,GEOMETRY_ADMISSIBLE,1,1,0,2,fb2747188eb033ab955025a1fcaacc500209fb2197a10d5b2f9a997a1b450524
7719,91344|133160,61155,90030,"Hamburg-Bergedorf, Germany","Dr. Remeis-Observatory, Bamberg, Germany",FINITE_GEOMETRY_ADMISSIBLE_WITNESS,GEOMETRY_ADMISSIBLE,1,1,0,3,d6c49cbd47c72f277e9240523fbc443cd06bc2acfc03d6e84bca0abae676581c
7720,91345|133190,61156,90060,"Hamburg-Bergedorf, Germany","Dr. Remeis-Observatory, Bamberg, Germany",FINITE_GEOMETRY_ADMISSIBLE_WITNESS,GEOMETRY_ADMISSIBLE,1,1,0,2,a3c7cf362395f1653f5252dec9c0cbc4069e5a70787e2c1c6fddded5820d9c97
7721,91345|133191,61156,90061,"Hamburg-Bergedorf, Germany","Dr. Remeis-Observatory, Bamberg, Germany",FINITE_GEOMETRY_ADMISSIBLE_WITNESS,GEOMETRY_ADMISSIBLE,1,1,0,1,1344117503d1ff9b569319ac32ba51295010104ffa6bc92f267df18100ffc509
7722,91345|133192,61156,90062,"Hamburg-Bergedorf, Germany","Dr. Remeis-Observatory, Bamberg, Germany",FINITE_GEOMETRY_ADMISSIBLE_WITNESS,GEOMETRY_ADMISSIBLE,1,1,0,1,5ebe9494501368acf3dab19e9055d0c6de7960bf737b9c83b5eaeaa4ec0f4f21
7725,91346|133194,61157,90064,"Hamburg-Bergedorf, Germany","Dr. Remeis-Observatory, Bamberg, Germany",FINITE_GEOMETRY_ADMISSIBLE_WITNESS,GEOMETRY_ADMISSIBLE,1,1,0,2,8514b006900f8af246f4eab12b332212bca47ecb8806e2c84f58075c2ca5dcc0
7726,91346|133195,61157,90065,"Hamburg-Bergedorf, Germany","Dr. Remeis-Observatory, Bamberg, Germany",FINITE_GEOMETRY_ADMISSIBLE_WITNESS,GEOMETRY_ADMISSIBLE,1,1,0,1,fd0af1bec7ea4b1733862f08484175bbf027c59606e2480cf5d48bcf69353513
7727,91347|133194,61158,90064,"Hamburg-Bergedorf, Germany","Dr. Remeis-Observatory, Bamberg, Germany",FINITE_GEOMETRY_ADMISSIBLE_WITNESS,GEOMETRY_ADMISSIBLE,1,1,0,1,97eec4b5494f92c71167e35a324deb8ad8c2028230a2eaf5ba372df491f5a3ae
7728,91347|133195,61158,90065,"Hamburg-Bergedorf, Germany","Dr. Remeis-Observatory, Bamberg, Germany",FINITE_GEOMETRY_ADMISSIBLE_WITNESS,GEOMETRY_ADMISSIBLE,1,1,0,1,370dac093370e7f24b8de3642839167c5afd476ca9eb00f5d748d1f36022ec75
7729,91348|133194,61159,90064,"Hamburg-Bergedorf, Germany","Dr. Remeis-Observatory, Bamberg, Germany",FINITE_GEOMETRY_ADMISSIBLE_WITNESS,GEOMETRY_ADMISSIBLE,1,1,0,2,0f767d5a30f5b7577c2c18728feb91d64c4939ac24ff887fcb887433b1d2434e
7730,91348|133195,61159,90065,"Hamburg-Bergedorf, Germany","Dr. Remeis-Observatory, Bamberg, Germany",FINITE_GEOMETRY_ADMISSIBLE_WITNESS,GEOMETRY_ADMISSIBLE,1,1,0,1,fe4d89598c064649bdae71efc2f57bb13c519870341ec5e9332bd89b34ba1143
7731,91349|133197,61160,90067,"Hamburg-Bergedorf, Germany","Dr. Remeis-Observatory, Bamberg, Germany",FINITE_GEOMETRY_ADMISSIBLE_WITNESS,GEOMETRY_ADMISSIBLE,1,1,0,1,ede94beec81ea27d480605e1e18371033a106892faddaff4f752cc431aae046d
7732,91349|133198,61160,90068,"Hamburg-Bergedorf, Germany","Dr. Remeis-Observatory, Bamberg, Germany",FINITE_GEOMETRY_ADMISSIBLE_WITNESS,GEOMETRY_ADMISSIBLE,1,1,0,1,776007f1908cd05e6be8acc9ec815150509a92e50cd04842c2e1c5f8ff86b680
7733,91350|133197,61161,90067,"Hamburg-Bergedorf, Germany","Dr. Remeis-Observatory, Bamberg, Germany",FINITE_GEOMETRY_ADMISSIBLE_WITNESS,GEOMETRY_ADMISSIBLE,1,1,0,1,3f26ac1b72f0e7f7927a8f0ae0f23327389a243cd8ddb8ff8b40a6f51af19955
7734,91350|133198,61161,90068,"Hamburg-Bergedorf, Germany","Dr. Remeis-Observatory, Bamberg, Germany",FINITE_GEOMETRY_ADMISSIBLE_WITNESS,GEOMETRY_ADMISSIBLE,1,1,0,1,4ff54ee3f9ae8480ddd205de54920b3b275b3fa9d13197e7c55df5e33a38d99e
7735,91351|133197,61162,90067,"Hamburg-Bergedorf, Germany","Dr. Remeis-Observatory, Bamberg, Germany",FINITE_GEOMETRY_ADMISSIBLE_WITNESS,GEOMETRY_ADMISSIBLE,1,1,0,2,a81468b03c13770514181756460b9833f9f14ad94df1fe29832ba564aedd2874
7736,91351|133198,61162,90068,"Hamburg-Bergedorf, Germany","Dr. Remeis-Observatory, Bamberg, Germany",FINITE_GEOMETRY_ADMISSIBLE_WITNESS,GEOMETRY_ADMISSIBLE,1,1,0,1,183f0609c576cadd1baed99310667fb8e4415783efa8278031671c634416fd35
7737,91351|133200,61162,90070,"Hamburg-Bergedorf, Germany","Dr. Remeis-Observatory, Bamberg, Germany",FINITE_GEOMETRY_ADMISSIBLE_WITNESS,GEOMETRY_ADMISSIBLE,1,1,0,2,a61c65dad7b35602803c9fed9d193debf2cce4aa9c38bc3f53153fc4b3be28d5
7738,91351|133201,61162,90071,"Hamburg-Bergedorf, Germany","Dr. Remeis-Observatory, Bamberg, Germany",FINITE_GEOMETRY_ADMISSIBLE_WITNESS,GEOMETRY_ADMISSIBLE,1,1,0,2,0902652fe7f4d0867ce4b14353ec4e180fab692dbffb178665ee4248a9c4cb6f
7739,91352|133200,61163,90070,"Hamburg-Bergedorf, Germany","Dr. Remeis-Observatory, Bamberg, Germany",FINITE_GEOMETRY_ADMISSIBLE_WITNESS,GEOMETRY_ADMISSIBLE,1,1,0,2,cb0eee2731de20a2ba558f23032b57fd971061b5fe2b90703e175278cedc4b7f
7740,91352|133201,61163,90071,"Hamburg-Bergedorf, Germany","Dr. Remeis-Observatory, Bamberg, Germany",FINITE_GEOMETRY_ADMISSIBLE_WITNESS,GEOMETRY_ADMISSIBLE,1,1,0,1,93f0919d3cc9020388fa457fb1e9df7bfcefec7c620602b3d148a5abea400141
7741,91353|133200,61164,90070,"Hamburg-Bergedorf, Germany","Dr. Remeis-Observatory, Bamberg, Germany",FINITE_GEOMETRY_ADMISSIBLE_WITNESS,GEOMETRY_ADMISSIBLE,1,1,0,2,60fe39f9bb5f564ded08674c85417073b050fc605bba04d2ce606311f6c1de8f
7742,91353|133201,61164,90071,"Hamburg-Bergedorf, Germany","Dr. Remeis-Observatory, Bamberg, Germany",FINITE_GEOMETRY_ADMISSIBLE_WITNESS,GEOMETRY_ADMISSIBLE,1,1,0,1,21120ac5bd28fe99e5083afa63b2ec4d34e880f9552c2322a815314b94db8371
7743,91354|133202,61165,90072,"Hamburg-Bergedorf, Germany","Dr. Remeis-Observatory, Bamberg, Germany",FINITE_GEOMETRY_ADMISSIBLE_WITNESS,GEOMETRY_ADMISSIBLE,1,1,0,3,fa0834ad4e15d8c914c853434029c42eab90c6cc21b2677ef34d63fb7faa9f8c
7744,91354|133203,61165,90073,"Hamburg-Bergedorf, Germany","Dr. Remeis-Observatory, Bamberg, Germany",FINITE_GEOMETRY_ADMISSIBLE_WITNESS,GEOMETRY_ADMISSIBLE,1,1,0,1,7c3e7241b1273e4a12d3b653c9ff339f786aa7789d0ae2df31097d0ec261e2a7
7745,91354|133204,61165,90074,"Hamburg-Bergedorf, Germany","Dr. Remeis-Observatory, Bamberg, Germany",FINITE_GEOMETRY_ADMISSIBLE_WITNESS,GEOMETRY_ADMISSIBLE,1,1,0,1,d512bbc507d432187519a83aa05a144911296d865b6d5a2ce08155129643f45d
7746,91355|133202,61166,90072,"Hamburg-Bergedorf, Germany","Dr. Remeis-Observatory, Bamberg, Germany",FINITE_GEOMETRY_ADMISSIBLE_WITNESS,GEOMETRY_ADMISSIBLE,1,1,0,1,7d04ab713b6fc13722fe1d355027984948e27a11cdc4de28eac452a159c1c7bc
7747,91355|133203,61166,90073,"Hamburg-Bergedorf, Germany","Dr. Remeis-Observatory, Bamberg, Germany",FINITE_GEOMETRY_ADMISSIBLE_WITNESS,GEOMETRY_ADMISSIBLE,1,1,0,2,5f0175ae86383950e37fe14bea079d0d1717eff48b6a55621310fbc9b831b99d
7748,91355|133204,61166,90074,"Hamburg-Bergedorf, Germany","Dr. Remeis-Observatory, Bamberg, Germany",FINITE_GEOMETRY_ADMISSIBLE_WITNESS,GEOMETRY_ADMISSIBLE,1,1,0,3,35ac350f7c1ee301be81140194f7b78cfbf0b0fd8cac9919492e50ef83d9f53e
7749,91356|133202,61167,90072,"Hamburg-Bergedorf, Germany","Dr. Remeis-Observatory, Bamberg, Germany",FINITE_GEOMETRY_ADMISSIBLE_WITNESS,GEOMETRY_ADMISSIBLE,1,1,0,1,b44769cd1a21333758c1c7db75477b5f57629359ca4b6b2a50a0a266f2c7a378
7750,91356|133203,61167,90073,"Hamburg-Bergedorf, Germany","Dr. Remeis-Observatory, Bamberg, Germany",FINITE_GEOMETRY_ADMISSIBLE_WITNESS,GEOMETRY_ADMISSIBLE,1,1,0,1,1c552473de8be302bd5e0b5fbe6a22802619f244180dbed7b7acc466ce4b4266
7751,91356|133204,61167,90074,"Hamburg-Bergedorf, Germany","Dr. Remeis-Observatory, Bamberg, Germany",FINITE_GEOMETRY_ADMISSIBLE_WITNESS,GEOMETRY_ADMISSIBLE,1,1,0,1,42630ddde0da00a6fb8f947a7a96492f9ad856a2c3880947fe3111b31463bf0a
7752,91357|133205,61168,90075,"Hamburg-Bergedorf, Germany","Dr. Remeis-Observatory, Bamberg, Germany",FINITE_GEOMETRY_ADMISSIBLE_WITNESS,GEOMETRY_ADMISSIBLE,1,1,0,1,dfe51703522554ce1c311bb816fd27842c423d90c81d7d88f694478119cee4e8
7753,91357|133206,61168,90076,"Hamburg-Bergedorf, Germany","Dr. Remeis-Observatory, Bamberg, Germany",FINITE_GEOMETRY_ADMISSIBLE_WITNESS,GEOMETRY_ADMISSIBLE,1,1,0,1,d23feceec5cb5cde498d32e6fbdc244cb4aac2630730b1427492a41e9ba01192
7754,91357|133207,61168,90077,"Hamburg-Bergedorf, Germany","Dr. Remeis-Observatory, Bamberg, Germany",FINITE_GEOMETRY_ADMISSIBLE_WITNESS,GEOMETRY_ADMISSIBLE,1,1,0,1,5624067c2dcfbdebfbeae9d199347c75706a26e0ca00107bb201bd7b0bf4c98b
7755,91358|133214,61169,90084,"Hamburg-Bergedorf, Germany","Dr. Remeis-Observatory, Bamberg, Germany",FINITE_GEOMETRY_ADMISSIBLE_WITNESS,GEOMETRY_ADMISSIBLE,1,1,0,1,68e032a6cdcd78ac86d1171319218fe189e3fb7a680072bd4cf161f910ff5d5c
7756,91358|133215,61169,90085,"Hamburg-Bergedorf, Germany","Dr. Remeis-Observatory, Bamberg, Germany",FINITE_GEOMETRY_ADMISSIBLE_WITNESS,GEOMETRY_ADMISSIBLE,1,1,0,1,f06179b5f7872bcdef9b9a28252d14b060362b53b8cd1f4ac709c90faffd7301
7757,91358|133216,61169,90086,"Hamburg-Bergedorf, Germany","Dr. Remeis-Observatory, Bamberg, Germany",FINITE_GEOMETRY_ADMISSIBLE_WITNESS,GEOMETRY_ADMISSIBLE,1,1,0,2,8b397babdb348b98bf98c356a493ea49020868705dc86958d321ad5ada863cc8
7758,91359|133217,61170,90087,"Hamburg-Bergedorf, Germany","Dr. Remeis-Observatory, Bamberg, Germany",FINITE_GEOMETRY_ADMISSIBLE_WITNESS,GEOMETRY_ADMISSIBLE,1,1,0,1,24061367877878346ccbd5156c52d456076dc328c9177c0d16370f0a7ccd126c
7759,91359|133218,61170,90088,"Hamburg-Bergedorf, Germany","Dr. Remeis-Observatory, Bamberg, Germany",FINITE_GEOMETRY_ADMISSIBLE_WITNESS,GEOMETRY_ADMISSIBLE,1,1,0,1,4a6172d188d569672146c231c15d3e38c03a0ea898067676b6fa7499cfd8e205
7760,91360|133217,61171,90087,"Hamburg-Bergedorf, Germany","Dr. Remeis-Observatory, Bamberg, Germany",FINITE_GEOMETRY_ADMISSIBLE_WITNESS,GEOMETRY_ADMISSIBLE,1,1,0,1,124814a35c11b407ca78ad4cc878732061a4416ec68caf4cd318111a3b532938
7761,91360|133218,61171,90088,"Hamburg-Bergedorf, Germany","Dr. Remeis-Observatory, Bamberg, Germany",FINITE_GEOMETRY_ADMISSIBLE_WITNESS,GEOMETRY_ADMISSIBLE,1,1,0,2,2f656b2ea2322de9178a3932c43f05ce1f752a5d2b2f46486200c8b9846ff058
7762,91361|133220,61172,90090,"Hamburg-Bergedorf, Germany","Dr. Remeis-Observatory, Bamberg, Germany",FINITE_GEOMETRY_ADMISSIBLE_WITNESS,GEOMETRY_ADMISSIBLE,1,1,0,1,4b3c03e1d5a64d636d6c675fd32bd674ad03d7b130bcc016384c18abe6eae9c7
7763,91361|133221,61172,90091,"Hamburg-Bergedorf, Germany","Dr. Remeis-Observatory, Bamberg, Germany",FINITE_GEOMETRY_ADMISSIBLE_WITNESS,GEOMETRY_ADMISSIBLE,1,1,0,1,7e4179c8904a037d80a6e88500cbbcc0ec32e7f422cdb4e6b2fe1007d5ed3f48
7764,91363|133224,61174,90094,"Hamburg-Bergedorf, Germany","Dr. Remeis-Observatory, Bamberg, Germany",FINITE_GEOMETRY_ADMISSIBLE_WITNESS,GEOMETRY_ADMISSIBLE,1,1,0,1,7f7cfa3f278655779938ebd5ebbd3b3b15648c45160714209ee3b8c672b194ae
7766,91397|133275,61208,90145,"Hamburg-Bergedorf, Germany","Dr. Remeis-Observatory, Bamberg, Germany",FINITE_GEOMETRY_ADMISSIBLE_WITNESS,GEOMETRY_ADMISSIBLE,1,1,0,1,91137132c65dab6f3e9ec2e0821f8aa77499ff755ab2bfec758ee441ba21f314
7767,91397|133276,61208,90146,"Hamburg-Bergedorf, Germany","Dr. Remeis-Observatory, Bamberg, Germany",FINITE_GEOMETRY_ADMISSIBLE_WITNESS,GEOMETRY_ADMISSIBLE,1,1,0,1,d2594d034a54210fbc5a5b643ae13e9e0c2cdafcb0d533a86efa72696ac3df71
7768,91397|133277,61208,90147,"Hamburg-Bergedorf, Germany","Dr. Remeis-Observatory, Bamberg, Germany",FINITE_GEOMETRY_ADMISSIBLE_WITNESS,GEOMETRY_ADMISSIBLE,1,1,0,3,9f1bffccb6d1ae677e46401e9fb2b57a0556c7b5d77578936d578ecba0290835
7769,91397|133278,61208,90148,"Hamburg-Bergedorf, Germany","Dr. Remeis-Observatory, Bamberg, Germany",FINITE_GEOMETRY_ADMISSIBLE_WITNESS,GEOMETRY_ADMISSIBLE,1,1,0,1,6aae20a47bb690dbac0d9c41fe4e7d05870bf725c414f417043320ce85e0de1a
7770,91398|133279,61209,90149,"Hamburg-Bergedorf, Germany","Dr. Remeis-Observatory, Bamberg, Germany",FINITE_GEOMETRY_ADMISSIBLE_WITNESS,GEOMETRY_ADMISSIBLE,1,1,0,2,cee198a84b4778f97d9a6ed6072c8cab59ec841c50b0d8fc01c5af453ae81d15
7771,91398|133280,61209,90150,"Hamburg-Bergedorf, Germany","Dr. Remeis-Observatory, Bamberg, Germany",FINITE_GEOMETRY_ADMISSIBLE_WITNESS,GEOMETRY_ADMISSIBLE,1,1,0,1,7563ad686730b8615c73f97e4f78bc3a057b48658d5a22c2b4c2d77666c2962d
7772,91398|133281,61209,90151,"Hamburg-Bergedorf, Germany","Dr. Remeis-Observatory, Bamberg, Germany",FINITE_GEOMETRY_ADMISSIBLE_WITNESS,GEOMETRY_ADMISSIBLE,1,1,0,2,9a74bc2e3b276024f01c12899273284b7057df72494ef780b7730a0d91530f54
7773,91399|133279,61210,90149,"Hamburg-Bergedorf, Germany","Dr. Remeis-Observatory, Bamberg, Germany",FINITE_GEOMETRY_ADMISSIBLE_WITNESS,GEOMETRY_ADMISSIBLE,1,1,0,1,1234ae5e65d2a9aa81dac3231e81419c775c1d73269354f3cdf09302e160f3ef
7774,91399|133280,61210,90150,"Hamburg-Bergedorf, Germany","Dr. Remeis-Observatory, Bamberg, Germany",FINITE_GEOMETRY_ADMISSIBLE_WITNESS,GEOMETRY_ADMISSIBLE,1,1,0,1,73749e0aa7811c86b48fed2c77f518f0a47679f50e8d74eecafa97e0a070420c
7775,91399|133281,61210,90151,"Hamburg-Bergedorf, Germany","Dr. Remeis-Observatory, Bamberg, Germany",FINITE_GEOMETRY_ADMISSIBLE_WITNESS,GEOMETRY_ADMISSIBLE,1,1,0,2,4a0d739ee082a16494d37305031968f4a2e4548cd30628ef20c3a2a42f54697c
7776,91400|133279,61211,90149,"Hamburg-Bergedorf, Germany","Dr. Remeis-Observatory, Bamberg, Germany",FINITE_GEOMETRY_ADMISSIBLE_WITNESS,GEOMETRY_ADMISSIBLE,1,1,0,1,7af2c245289ebe1e977d8e1d4557701bf42d66712dd24b44b17c62d323dce167
7777,91400|133280,61211,90150,"Hamburg-Bergedorf, Germany","Dr. Remeis-Observatory, Bamberg, Germany",FINITE_GEOMETRY_ADMISSIBLE_WITNESS,GEOMETRY_ADMISSIBLE,1,1,0,1,45c900083b2ed6cf704c5a8fd2f77e05e8e934813ab4789bfebd79c11415a3d2
7778,91400|133281,61211,90151,"Hamburg-Bergedorf, Germany","Dr. Remeis-Observatory, Bamberg, Germany",FINITE_GEOMETRY_ADMISSIBLE_WITNESS,GEOMETRY_ADMISSIBLE,1,1,0,2,a6727d14803e15d533e96194088fec1f648588dd645574f5d21a147e167dc0c4
7779,91456|133376,61267,90246,"Hamburg-Bergedorf, Germany","Dr. Remeis-Observatory, Bamberg, Germany",FINITE_GEOMETRY_ADMISSIBLE_WITNESS,GEOMETRY_ADMISSIBLE,1,1,0,1,ca2dc9652078473870f657d9899dcd3b9eb9a97b9d85aee1b5e6c987119cf1e4
7781,91456|133378,61267,90248,"Hamburg-Bergedorf, Germany","Dr. Remeis-Observatory, Bamberg, Germany",FINITE_GEOMETRY_ADMISSIBLE_WITNESS,GEOMETRY_ADMISSIBLE,1,1,0,3,136a3cd6394ed29a1dfc2933902507ddbe9f53fa344031147e3efb7c131db7c0
7782,91456|133379,61267,90249,"Hamburg-Bergedorf, Germany","Dr. Remeis-Observatory, Bamberg, Germany",FINITE_GEOMETRY_ADMISSIBLE_WITNESS,GEOMETRY_ADMISSIBLE,1,1,0,2,7508306e211ae446bd25b011664be5cfba5e4ef681e0bb958b6e163df773f0bc
7783,91457|133376,61268,90246,"Hamburg-Bergedorf, Germany","Dr. Remeis-Observatory, Bamberg, Germany",FINITE_GEOMETRY_ADMISSIBLE_WITNESS,GEOMETRY_ADMISSIBLE,1,1,0,1,20430a999b76bd13a656dc51ea1debab85e848908571c1ae6fbb444923770f31
7784,91457|133377,61268,90247,"Hamburg-Bergedorf, Germany","Dr. Remeis-Observatory, Bamberg, Germany",FINITE_GEOMETRY_ADMISSIBLE_WITNESS,GEOMETRY_ADMISSIBLE,1,1,0,1,672d595e756e3668e1dddbced2dc8fc6d3c209e930a6afb8780cb1e5588e8c74
7785,91457|133378,61268,90248,"Hamburg-Bergedorf, Germany","Dr. Remeis-Observatory, Bamberg, Germany",FINITE_GEOMETRY_ADMISSIBLE_WITNESS,GEOMETRY_ADMISSIBLE,1,1,0,1,f177be7c6cba82a27477a1a5c5a280b944b6dca405262334520356501845dcf4
7786,91457|133379,61268,90249,"Hamburg-Bergedorf, Germany","Dr. Remeis-Observatory, Bamberg, Germany",FINITE_GEOMETRY_ADMISSIBLE_WITNESS,GEOMETRY_ADMISSIBLE,1,1,0,1,f7438d95c95aa419358d033deb005ae9b147e5469976a512d09c3de0b5c90d8d
7787,91458|133376,61269,90246,"Hamburg-Bergedorf, Germany","Dr. Remeis-Observatory, Bamberg, Germany",FINITE_GEOMETRY_ADMISSIBLE_WITNESS,GEOMETRY_ADMISSIBLE,1,1,0,2,3f552562b3122c232f9c924e2d48967d58b2c500ed600665954f33e026556564
7788,91458|133377,61269,90247,"Hamburg-Bergedorf, Germany","Dr. Remeis-Observatory, Bamberg, Germany",FINITE_GEOMETRY_ADMISSIBLE_WITNESS,GEOMETRY_ADMISSIBLE,1,1,0,2,1adb2b9ea929decf3d3364837610b1e65e13632a43bb928c41118a62213bdfac
7789,91458|133378,61269,90248,"Hamburg-Bergedorf, Germany","Dr. Remeis-Observatory, Bamberg, Germany",FINITE_GEOMETRY_ADMISSIBLE_WITNESS,GEOMETRY_ADMISSIBLE,1,1,0,2,4efedafd450f6634a45ae3e8647a994ad193a8423c14e46d2f418f5341732199
7790,91458|133379,61269,90249,"Hamburg-Bergedorf, Germany","Dr. Remeis-Observatory, Bamberg, Germany",FINITE_GEOMETRY_ADMISSIBLE_WITNESS,GEOMETRY_ADMISSIBLE,1,1,0,2,2b6487233acec9e9ee76459b7c6b1bb8c434980a173e00f8f3f95db083bdd8b2
7791,91459|133380,61270,90250,"Hamburg-Bergedorf, Germany","Dr. Remeis-Observatory, Bamberg, Germany",FINITE_GEOMETRY_ADMISSIBLE_WITNESS,GEOMETRY_ADMISSIBLE,1,1,0,2,d3537c4d91ea06f84609abeff35ae4c4e12968623afa22f23fd5af69eb93c89e
7792,91459|133381,61270,90251,"Hamburg-Bergedorf, Germany","Dr. Remeis-Observatory, Bamberg, Germany",FINITE_GEOMETRY_ADMISSIBLE_WITNESS,GEOMETRY_ADMISSIBLE,1,1,0,2,274a6fdf0c976e517f9546b24efcefa46d473f0c81be7d084470afbbf644f02a
7793,91459|133382,61270,90252,"Hamburg-Bergedorf, Germany","Dr. Remeis-Observatory, Bamberg, Germany",FINITE_GEOMETRY_ADMISSIBLE_WITNESS,GEOMETRY_ADMISSIBLE,1,1,0,2,ae44b6f9787abe82e1e82476a7fea99fd762df19e88d73aae39d2f88cc70cefd
7794,91459|133383,61270,90253,"Hamburg-Bergedorf, Germany","Dr. Remeis-Observatory, Bamberg, Germany",FINITE_GEOMETRY_ADMISSIBLE_WITNESS,GEOMETRY_ADMISSIBLE,1,1,0,1,a3d22a0981f252763fe6759280aa467411cc4229b8e5c07f5ec5fe1891458a02
7795,91460|133380,61271,90250,"Hamburg-Bergedorf, Germany","Dr. Remeis-Observatory, Bamberg, Germany",FINITE_GEOMETRY_ADMISSIBLE_WITNESS,GEOMETRY_ADMISSIBLE,1,1,0,1,c0263a1cdbd442ced6c9f17bf85c32738a36e21cc0e6bfd5971ade2f92d0f9f0
7797,91460|133382,61271,90252,"Hamburg-Bergedorf, Germany","Dr. Remeis-Observatory, Bamberg, Germany",FINITE_GEOMETRY_ADMISSIBLE_WITNESS,GEOMETRY_ADMISSIBLE,1,1,0,1,dde3c51fc650a7537866494c621b19914f5f66cc230d55dec9a462332e1490f0
7798,91460|133383,61271,90253,"Hamburg-Bergedorf, Germany","Dr. Remeis-Observatory, Bamberg, Germany",FINITE_GEOMETRY_ADMISSIBLE_WITNESS,GEOMETRY_ADMISSIBLE,1,1,0,1,ff3ca3440a868167bbc6e233fa4fc76b2aaa12b2b23d848d9283bc7f4fd1a19a
7799,91461|133380,61272,90250,"Hamburg-Bergedorf, Germany","Dr. Remeis-Observatory, Bamberg, Germany",FINITE_GEOMETRY_ADMISSIBLE_WITNESS,GEOMETRY_ADMISSIBLE,1,1,0,1,2e84301b2ed6b5db2d960c66a4fce38cbef51c0933333784c8239dd0f2dc3999
7800,91461|133381,61272,90251,"Hamburg-Bergedorf, Germany","Dr. Remeis-Observatory, Bamberg, Germany",FINITE_GEOMETRY_ADMISSIBLE_WITNESS,GEOMETRY_ADMISSIBLE,1,1,0,1,fa37566bf48054c8b268e8cbb4143f3409c1fd48151010f9cdbc59aed1cb0642
7801,91461|133382,61272,90252,"Hamburg-Bergedorf, Germany","Dr. Remeis-Observatory, Bamberg, Germany",FINITE_GEOMETRY_ADMISSIBLE_WITNESS,GEOMETRY_ADMISSIBLE,1,1,0,1,77d971f0820e3a93f28344cb95946c52df48349aac220e290433929de69fdcab
7802,91461|133383,61272,90253,"Hamburg-Bergedorf, Germany","Dr. Remeis-Observatory, Bamberg, Germany",FINITE_GEOMETRY_ADMISSIBLE_WITNESS,GEOMETRY_ADMISSIBLE,1,1,0,1,01649a67958740a97f4321c18d925d7f77755567f8ec7bc61b9a050a00a5466f
7803,91462|133380,61273,90250,"Hamburg-Bergedorf, Germany","Dr. Remeis-Observatory, Bamberg, Germany",FINITE_GEOMETRY_ADMISSIBLE_WITNESS,GEOMETRY_ADMISSIBLE,1,1,0,2,6e07ba845b172cc4e08b71bf4a510b04e179a8c9cebc62b416a352a4222ec9cb
7804,91462|133381,61273,90251,"Hamburg-Bergedorf, Germany","Dr. Remeis-Observatory, Bamberg, Germany",FINITE_GEOMETRY_ADMISSIBLE_WITNESS,GEOMETRY_ADMISSIBLE,1,1,0,1,fec29995f0f20dc5dbfae4be963148046563dfa3e3f61ddad7450b4dd88b5e06
7805,91462|133382,61273,90252,"Hamburg-Bergedorf, Germany","Dr. Remeis-Observatory, Bamberg, Germany",FINITE_GEOMETRY_ADMISSIBLE_WITNESS,GEOMETRY_ADMISSIBLE,1,1,0,1,3680b88e258be372b7ab5185c2364aa0c6b9882e6382874827ec6488ae23af47
7806,91462|133383,61273,90253,"Hamburg-Bergedorf, Germany","Dr. Remeis-Observatory, Bamberg, Germany",FINITE_GEOMETRY_ADMISSIBLE_WITNESS,GEOMETRY_ADMISSIBLE,1,1,0,2,955516d6e6c1b789e84b9ba76dc59507f112a5de5f1b77d849c438f2a0a30bbb
7807,91463|133380,61274,90250,"Hamburg-Bergedorf, Germany","Dr. Remeis-Observatory, Bamberg, Germany",FINITE_GEOMETRY_ADMISSIBLE_WITNESS,GEOMETRY_ADMISSIBLE,1,1,0,2,d302d9df08dec87c229718e1be3799c828c84e9865662425123ed6a7a34a1c39
7808,91463|133381,61274,90251,"Hamburg-Bergedorf, Germany","Dr. Remeis-Observatory, Bamberg, Germany",FINITE_GEOMETRY_ADMISSIBLE_WITNESS,GEOMETRY_ADMISSIBLE,1,1,0,1,f948680c2a4caca92962fa823fcaff7062e4443520ea4cc8fd6eb844f548bf91
7809,91463|133382,61274,90252,"Hamburg-Bergedorf, Germany","Dr. Remeis-Observatory, Bamberg, Germany",FINITE_GEOMETRY_ADMISSIBLE_WITNESS,GEOMETRY_ADMISSIBLE,1,1,0,1,b80973cf5b50ad5ca14b28a4bd5492961e08a83d7cb462af718f7b38b83de72f
7810,91463|133383,61274,90253,"Hamburg-Bergedorf, Germany","Dr. Remeis-Observatory, Bamberg, Germany",FINITE_GEOMETRY_ADMISSIBLE_WITNESS,GEOMETRY_ADMISSIBLE,1,1,0,1,dc086978c8631582799d404453bb28fe1b1f6135b46de5c275ba555cb4d7636b
7811,91464|133384,61275,90254,"Hamburg-Bergedorf, Germany","Dr. Remeis-Observatory, Bamberg, Germany",FINITE_GEOMETRY_ADMISSIBLE_WITNESS,GEOMETRY_ADMISSIBLE,1,1,0,1,6261df97e3c02590cf768693cfab806089a958344f23c3718c38292c9ce31a00
7812,91464|133385,61275,90255,"Hamburg-Bergedorf, Germany","Dr. Remeis-Observatory, Bamberg, Germany",FINITE_GEOMETRY_ADMISSIBLE_WITNESS,GEOMETRY_ADMISSIBLE,1,1,0,1,1244400bd8e403b2567ab4efb74ce994b26c25875524439ad23bb0a0bbe114ac
7813,91464|133387,61275,90257,"Hamburg-Bergedorf, Germany","Dr. Remeis-Observatory, Bamberg, Germany",FINITE_GEOMETRY_ADMISSIBLE_WITNESS,GEOMETRY_ADMISSIBLE,1,1,0,1,c631b02abe50139d08586083637031f95712b0f81346c47666ec8d9e07b23a26
7814,91465|133384,61276,90254,"Hamburg-Bergedorf, Germany","Dr. Remeis-Observatory, Bamberg, Germany",FINITE_GEOMETRY_ADMISSIBLE_WITNESS,GEOMETRY_ADMISSIBLE,1,1,0,1,56b3579ba79a760997c991a92c7c41e9919badd1111570ebb6023d3d24cf3f4b
7815,91465|133385,61276,90255,"Hamburg-Bergedorf, Germany","Dr. Remeis-Observatory, Bamberg, Germany",FINITE_GEOMETRY_ADMISSIBLE_WITNESS,GEOMETRY_ADMISSIBLE,1,1,0,1,dd47e97a3f8a1ee5fb2fac7e66c8dc25d0e29ab3dcee1d3c1da66c8b96bf81c5
7816,91465|133387,61276,90257,"Hamburg-Bergedorf, Germany","Dr. Remeis-Observatory, Bamberg, Germany",FINITE_GEOMETRY_ADMISSIBLE_WITNESS,GEOMETRY_ADMISSIBLE,1,1,0,2,e1c1625fa0545fa0303aeeec9918d839da06328ddcb41d1f2d9730c7f16bb9ea
7817,91466|133384,61277,90254,"Hamburg-Bergedorf, Germany","Dr. Remeis-Observatory, Bamberg, Germany",FINITE_GEOMETRY_ADMISSIBLE_WITNESS,GEOMETRY_ADMISSIBLE,1,1,0,1,e865869226308e1e1e3169efeed5d614c22a9f77618733d3c5439fafafc7c9f1
7818,91466|133385,61277,90255,"Hamburg-Bergedorf, Germany","Dr. Remeis-Observatory, Bamberg, Germany",FINITE_GEOMETRY_ADMISSIBLE_WITNESS,GEOMETRY_ADMISSIBLE,1,1,0,1,ccf25a0497d107fe07cc87f7083ba873acc46b3c722446334b970e09a27056a1
7819,91466|133387,61277,90257,"Hamburg-Bergedorf, Germany","Dr. Remeis-Observatory, Bamberg, Germany",FINITE_GEOMETRY_ADMISSIBLE_WITNESS,GEOMETRY_ADMISSIBLE,1,1,0,1,d66799b7b62c45b9106fdb81e49135132d8a61933699b0f48c90f1c5559d55d7
7820,91467|133384,61278,90254,"Hamburg-Bergedorf, Germany","Dr. Remeis-Observatory, Bamberg, Germany",FINITE_GEOMETRY_ADMISSIBLE_WITNESS,GEOMETRY_ADMISSIBLE,1,1,0,1,e3c6ab526f45bfaa4db971020894bdbca8da2401450a33fa480ea466df25e881
7821,91467|133385,61278,90255,"Hamburg-Bergedorf, Germany","Dr. Remeis-Observatory, Bamberg, Germany",FINITE_GEOMETRY_ADMISSIBLE_WITNESS,GEOMETRY_ADMISSIBLE,1,1,0,1,f423a925bee2ca7f0e3ebf8fb024af7b756b7a9a224eb14968b789ecf1cd7de1
7822,91467|133387,61278,90257,"Hamburg-Bergedorf, Germany","Dr. Remeis-Observatory, Bamberg, Germany",FINITE_GEOMETRY_ADMISSIBLE_WITNESS,GEOMETRY_ADMISSIBLE,1,1,0,2,74446ebfb299c6505e1983ed21a3f1d7fbfbde220ddd341126a7a757a3d9f24d
7823,91468|133388,61279,90258,"Hamburg-Bergedorf, Germany","Dr. Remeis-Observatory, Bamberg, Germany",FINITE_GEOMETRY_ADMISSIBLE_WITNESS,GEOMETRY_ADMISSIBLE,1,1,0,2,6921059f845d4bdd9b93851d63aefa001393b9d122c8bfd471d1b21266ca5f4e
7824,91468|133389,61279,90259,"Hamburg-Bergedorf, Germany","Dr. Remeis-Observatory, Bamberg, Germany",FINITE_GEOMETRY_ADMISSIBLE_WITNESS,GEOMETRY_ADMISSIBLE,1,1,0,2,e8cad95116e53922ca755bd9bf6f4fa8dc7262de77c46eabe9169ff92a27c286
7825,91468|133390,61279,90260,"Hamburg-Bergedorf, Germany","Dr. Remeis-Observatory, Bamberg, Germany",FINITE_GEOMETRY_ADMISSIBLE_WITNESS,GEOMETRY_ADMISSIBLE,1,1,0,1,bf3441cd39ca2b7161a8d99a60370f4b91fa4de760783d0bc1b7479f0dd76fad
7826,91469|133388,61280,90258,"Hamburg-Bergedorf, Germany","Dr. Remeis-Observatory, Bamberg, Germany",FINITE_GEOMETRY_ADMISSIBLE_WITNESS,GEOMETRY_ADMISSIBLE,1,1,0,1,eb27415cb456522fb07ca829ec2398ec9838289341f601ebf9cdc1433cf9aa25
7827,91469|133389,61280,90259,"Hamburg-Bergedorf, Germany","Dr. Remeis-Observatory, Bamberg, Germany",FINITE_GEOMETRY_ADMISSIBLE_WITNESS,GEOMETRY_ADMISSIBLE,1,1,0,1,61ca0c6aef70808ec2d19ec18986e20fa74be7ae602b50f38bd2f9bce61b9fee
7828,91469|133390,61280,90260,"Hamburg-Bergedorf, Germany","Dr. Remeis-Observatory, Bamberg, Germany",FINITE_GEOMETRY_ADMISSIBLE_WITNESS,GEOMETRY_ADMISSIBLE,1,1,0,1,3ef5ab7913ab95b85761330035b1e790dcfaf1040335e1fd53cc4e934dbee541
7829,91470|133388,61281,90258,"Hamburg-Bergedorf, Germany","Dr. Remeis-Observatory, Bamberg, Germany",FINITE_GEOMETRY_ADMISSIBLE_WITNESS,GEOMETRY_ADMISSIBLE,1,1,0,1,7faa419d01a68f1b4fb8713f038493e5b550fa6cefde7999f1d158b64ebf22b0
7830,91470|133389,61281,90259,"Hamburg-Bergedorf, Germany","Dr. Remeis-Observatory, Bamberg, Germany",FINITE_GEOMETRY_ADMISSIBLE_WITNESS,GEOMETRY_ADMISSIBLE,1,1,0,1,9391fe1b6ef8d95dfaf2d12da1f4ec35b9236b9573c1766d98ded90f4adcd7be
7831,91470|133390,61281,90260,"Hamburg-Bergedorf, Germany","Dr. Remeis-Observatory, Bamberg, Germany",FINITE_GEOMETRY_ADMISSIBLE_WITNESS,GEOMETRY_ADMISSIBLE,1,1,0,1,208cbb8c38569f1344ce4fc265c5929ea887546e6b8d00bb19afca5d4eb4b137
7832,91471|133388,61282,90258,"Hamburg-Bergedorf, Germany","Dr. Remeis-Observatory, Bamberg, Germany",FINITE_GEOMETRY_ADMISSIBLE_WITNESS,GEOMETRY_ADMISSIBLE,1,1,0,1,3ead11a3dc6e80e63082890a6f2ce4604934a52cb65cbbed441dbcdfb80df31f
7833,91471|133389,61282,90259,"Hamburg-Bergedorf, Germany","Dr. Remeis-Observatory, Bamberg, Germany",FINITE_GEOMETRY_ADMISSIBLE_WITNESS,GEOMETRY_ADMISSIBLE,1,1,0,1,f584b16290d5b92091e9e0bfb42d05b5c65aad8b024f2f6de6a42e3ca369b794
7834,91471|133390,61282,90260,"Hamburg-Bergedorf, Germany","Dr. Remeis-Observatory, Bamberg, Germany",FINITE_GEOMETRY_ADMISSIBLE_WITNESS,GEOMETRY_ADMISSIBLE,1,1,0,1,4b433d8f9c48ba8f923bf45beb8ddc40e01898e53efba5f8a77d911aea537214
7835,91476|133392,61287,90262,"Hamburg-Bergedorf, Germany","Dr. Remeis-Observatory, Bamberg, Germany",FINITE_GEOMETRY_ADMISSIBLE_WITNESS,GEOMETRY_ADMISSIBLE,1,1,0,1,08d0bdaaaa9970ff3a4de2446fa45991f1e6f63781acff29a47baa2844679fd7
7836,91476|133393,61287,90263,"Hamburg-Bergedorf, Germany","Dr. Remeis-Observatory, Bamberg, Germany",FINITE_GEOMETRY_ADMISSIBLE_WITNESS,GEOMETRY_ADMISSIBLE,1,1,0,1,2d587e70f4ece7b1ee34b15261deca5cf1da340c050790777bad1feef2d42e7f
7837,91476|133394,61287,90264,"Hamburg-Bergedorf, Germany","Dr. Remeis-Observatory, Bamberg, Germany",FINITE_GEOMETRY_ADMISSIBLE_WITNESS,GEOMETRY_ADMISSIBLE,1,1,0,2,91863592844646e4c2ce3db9f1921b36ff0bc9e2e0be78368209fd04a0ebca06
7838,91476|133395,61287,90265,"Hamburg-Bergedorf, Germany","Dr. Remeis-Observatory, Bamberg, Germany",FINITE_GEOMETRY_ADMISSIBLE_WITNESS,GEOMETRY_ADMISSIBLE,1,1,0,2,e32f834ccf7c717c7a64249061ab1a624d2df42afd5f8d1c416ec7935f1b7df0
7839,91477|133392,61288,90262,"Hamburg-Bergedorf, Germany","Dr. Remeis-Observatory, Bamberg, Germany",FINITE_GEOMETRY_ADMISSIBLE_WITNESS,GEOMETRY_ADMISSIBLE,1,1,0,2,ac3c65dfd7f3c05ae5cc0c5cbea4e3ce5cd10dd8a56c84bf534fca97f188dbc0
7840,91477|133393,61288,90263,"Hamburg-Bergedorf, Germany","Dr. Remeis-Observatory, Bamberg, Germany",FINITE_GEOMETRY_ADMISSIBLE_WITNESS,GEOMETRY_ADMISSIBLE,1,1,0,2,ccb5d4b9ae94c8aee0ef59e50e7b73a901a5e356b1163fe4826b5ab063d57b09
7841,91477|133394,61288,90264,"Hamburg-Bergedorf, Germany","Dr. Remeis-Observatory, Bamberg, Germany",FINITE_GEOMETRY_ADMISSIBLE_WITNESS,GEOMETRY_ADMISSIBLE,1,1,0,1,5fb4326c76f2c7ca184dd50f3011e680b2c6e45640ff540b2495e9d97f121eda
7842,91477|133395,61288,90265,"Hamburg-Bergedorf, Germany","Dr. Remeis-Observatory, Bamberg, Germany",FINITE_GEOMETRY_ADMISSIBLE_WITNESS,GEOMETRY_ADMISSIBLE,1,1,0,1,ebe7fe64c492714eb525a41ca03b6484c7aece61d0326ea95a00d7638aaf15a1
7843,91478|133392,61289,90262,"Hamburg-Bergedorf, Germany","Dr. Remeis-Observatory, Bamberg, Germany",FINITE_GEOMETRY_ADMISSIBLE_WITNESS,GEOMETRY_ADMISSIBLE,1,1,0,2,25c2d78c8c6c61e787fa3fb38e9ae9cbd8c4f4d6c5f0959fa53fe08d6bf577a3
7844,91478|133393,61289,90263,"Hamburg-Bergedorf, Germany","Dr. Remeis-Observatory, Bamberg, Germany",FINITE_GEOMETRY_ADMISSIBLE_WITNESS,GEOMETRY_ADMISSIBLE,1,1,0,2,5e2d904b711d917d22bd3a1edb4d49bb45cae087bb5f93c310c2b8fa2f2db393
7845,91478|133394,61289,90264,"Hamburg-Bergedorf, Germany","Dr. Remeis-Observatory, Bamberg, Germany",FINITE_GEOMETRY_ADMISSIBLE_WITNESS,GEOMETRY_ADMISSIBLE,1,1,0,1,7c595a9a3d2c462c92bbbff620e2b443407a4ae57d3be596d3c34c18e8dbf351
7846,91478|133395,61289,90265,"Hamburg-Bergedorf, Germany","Dr. Remeis-Observatory, Bamberg, Germany",FINITE_GEOMETRY_ADMISSIBLE_WITNESS,GEOMETRY_ADMISSIBLE,1,1,0,1,99016dab315329b01cb866f1168596f88a628f76c4d817530c4d946fe1367444
7847,91479|133392,61290,90262,"Hamburg-Bergedorf, Germany","Dr. Remeis-Observatory, Bamberg, Germany",FINITE_GEOMETRY_ADMISSIBLE_WITNESS,GEOMETRY_ADMISSIBLE,1,1,0,1,32ab59b7d3dbe587fd48c02114685c8a3286a5bc656f8bd34f01a7bf68c7e713
7848,91479|133393,61290,90263,"Hamburg-Bergedorf, Germany","Dr. Remeis-Observatory, Bamberg, Germany",FINITE_GEOMETRY_ADMISSIBLE_WITNESS,GEOMETRY_ADMISSIBLE,1,1,0,3,095ee154b67dc5e97cc42b93c74ceb4c24e0bfe2e11c8173e9c4d45288f18b2e
7849,91479|133394,61290,90264,"Hamburg-Bergedorf, Germany","Dr. Remeis-Observatory, Bamberg, Germany",FINITE_GEOMETRY_ADMISSIBLE_WITNESS,GEOMETRY_ADMISSIBLE,1,1,0,1,348455d76bb81e6854934ecfa6f9cf7493bcf73f71b3e18b704efccd287dc760
7850,91479|133395,61290,90265,"Hamburg-Bergedorf, Germany","Dr. Remeis-Observatory, Bamberg, Germany",FINITE_GEOMETRY_ADMISSIBLE_WITNESS,GEOMETRY_ADMISSIBLE,1,1,0,1,0579cd68fbc349e5d5b555be50cacf64a186791ee64d25216eff03c3271ba6ab
7851,91480|133396,61291,90266,"Hamburg-Bergedorf, Germany","Dr. Remeis-Observatory, Bamberg, Germany",FINITE_GEOMETRY_ADMISSIBLE_WITNESS,GEOMETRY_ADMISSIBLE,1,1,0,1,55065bcc5fd62148a73ab86035b0913f467153d3794ac15664072ee9359d38c9
7853,91480|133398,61291,90268,"Hamburg-Bergedorf, Germany","Dr. Remeis-Observatory, Bamberg, Germany",FINITE_GEOMETRY_ADMISSIBLE_WITNESS,GEOMETRY_ADMISSIBLE,1,1,0,3,b2b6ab5dae77ab9af89e551507642bfccd5e4989a05a00a7ba0c9decac5308c0
7854,91480|133399,61291,90269,"Hamburg-Bergedorf, Germany","Dr. Remeis-Observatory, Bamberg, Germany",FINITE_GEOMETRY_ADMISSIBLE_WITNESS,GEOMETRY_ADMISSIBLE,1,1,0,1,1e2b45f4f94591f2076847f1d23a31db2abe010935ffacd5b751677bb993c00f
7855,91481|133396,61292,90266,"Hamburg-Bergedorf, Germany","Dr. Remeis-Observatory, Bamberg, Germany",FINITE_GEOMETRY_ADMISSIBLE_WITNESS,GEOMETRY_ADMISSIBLE,1,1,0,1,f6646b32f0a6ac1b985ee1eb7b322d6bb94ffde8019c41f0532e64ef4f9a1fee
7857,91481|133398,61292,90268,"Hamburg-Bergedorf, Germany","Dr. Remeis-Observatory, Bamberg, Germany",FINITE_GEOMETRY_ADMISSIBLE_WITNESS,GEOMETRY_ADMISSIBLE,1,1,0,1,7ebeb05b1c77f6e06e25217bc4ec069e66dec3e4032a9339483b06fe6133999f
7858,91481|133399,61292,90269,"Hamburg-Bergedorf, Germany","Dr. Remeis-Observatory, Bamberg, Germany",FINITE_GEOMETRY_ADMISSIBLE_WITNESS,GEOMETRY_ADMISSIBLE,1,1,0,1,6b403448641ce91865d45087ca62392a8abb5dc8083799b4bb405b0dfaff1006
7859,91482|133396,61293,90266,"Hamburg-Bergedorf, Germany","Dr. Remeis-Observatory, Bamberg, Germany",FINITE_GEOMETRY_ADMISSIBLE_WITNESS,GEOMETRY_ADMISSIBLE,1,1,0,1,9674060ac142d7f1fa5458c4f09a84450a2dab9a9fe46de98295f1fb0daf87e1
7860,91482|133397,61293,90267,"Hamburg-Bergedorf, Germany","Dr. Remeis-Observatory, Bamberg, Germany",FINITE_GEOMETRY_ADMISSIBLE_WITNESS,GEOMETRY_ADMISSIBLE,1,1,0,2,4138f342ac15dc2fdb049cb55c80d2def2165a74314bb2452d2042e7cbbf2ae2
7861,91482|133398,61293,90268,"Hamburg-Bergedorf, Germany","Dr. Remeis-Observatory, Bamberg, Germany",FINITE_GEOMETRY_ADMISSIBLE_WITNESS,GEOMETRY_ADMISSIBLE,1,1,0,1,46129cc95e76dbf154455ceb3fa917ac601a615d9baa96d44dc48d4791ebd48a
7862,91482|133399,61293,90269,"Hamburg-Bergedorf, Germany","Dr. Remeis-Observatory, Bamberg, Germany",FINITE_GEOMETRY_ADMISSIBLE_WITNESS,GEOMETRY_ADMISSIBLE,1,1,0,2,06b743d8627c574f42be5d5f828fbeb9f2084f10db9f0dc43f4fc3a89807fd15
7863,91483|133396,61294,90266,"Hamburg-Bergedorf, Germany","Dr. Remeis-Observatory, Bamberg, Germany",FINITE_GEOMETRY_ADMISSIBLE_WITNESS,GEOMETRY_ADMISSIBLE,1,1,0,1,b753f2385b8c66e66a03db9cde0b13716e13d9924bf47988c0b7bd0475e1b54e
7864,91483|133397,61294,90267,"Hamburg-Bergedorf, Germany","Dr. Remeis-Observatory, Bamberg, Germany",FINITE_GEOMETRY_ADMISSIBLE_WITNESS,GEOMETRY_ADMISSIBLE,1,1,0,1,2b31df3ff073f74e505b5ef7f33fbd8eb9c31ed6daecde85254e4a4798531ad7
7865,91483|133398,61294,90268,"Hamburg-Bergedorf, Germany","Dr. Remeis-Observatory, Bamberg, Germany",FINITE_GEOMETRY_ADMISSIBLE_WITNESS,GEOMETRY_ADMISSIBLE,1,1,0,1,823d3ded9c637f603500a90440c5d18e13125ee123cc99ac618f713696f25e56
7866,91483|133399,61294,90269,"Hamburg-Bergedorf, Germany","Dr. Remeis-Observatory, Bamberg, Germany",FINITE_GEOMETRY_ADMISSIBLE_WITNESS,GEOMETRY_ADMISSIBLE,1,1,0,1,173a4f5b6580301e0e64057b5d8133fc5fb5a611726b83e913b2ee28d5ec3ef7
7867,91484|133400,61295,90270,"Hamburg-Bergedorf, Germany","Dr. Remeis-Observatory, Bamberg, Germany",FINITE_GEOMETRY_ADMISSIBLE_WITNESS,GEOMETRY_ADMISSIBLE,1,1,0,1,b9afed12a890689ccfa2ca6c818d3a3240396eab6fe2e1d8326552bc563a3b3f
7868,91484|133401,61295,90271,"Hamburg-Bergedorf, Germany","Dr. Remeis-Observatory, Bamberg, Germany",FINITE_GEOMETRY_ADMISSIBLE_WITNESS,GEOMETRY_ADMISSIBLE,1,1,0,1,cc4e8f318c5957d214c65e0277726f615821a437bfced3823bb7221d16020d38
7869,91484|133402,61295,90272,"Hamburg-Bergedorf, Germany","Dr. Remeis-Observatory, Bamberg, Germany",FINITE_GEOMETRY_ADMISSIBLE_WITNESS,GEOMETRY_ADMISSIBLE,1,1,0,1,c66e7fc56f562d8c760af833d1d4df7e3fd457819374d97b1a131e04a77f0621
7870,91484|133403,61295,90273,"Hamburg-Bergedorf, Germany","Dr. Remeis-Observatory, Bamberg, Germany",FINITE_GEOMETRY_ADMISSIBLE_WITNESS,GEOMETRY_ADMISSIBLE,1,1,0,1,70951b3fb1d8420a4658cb49497ffb58c2dbbd5d0cc998fc582f4711961aa036
7871,91485|133404,61296,90274,"Hamburg-Bergedorf, Germany","Dr. Remeis-Observatory, Bamberg, Germany",FINITE_GEOMETRY_ADMISSIBLE_WITNESS,GEOMETRY_ADMISSIBLE,1,1,0,2,b704fa37626cc942430a01a08f5b15b1a6324011b89eaf00f26965e0ecc2b291
7872,91485|133405,61296,90275,"Hamburg-Bergedorf, Germany","Dr. Remeis-Observatory, Bamberg, Germany",FINITE_GEOMETRY_ADMISSIBLE_WITNESS,GEOMETRY_ADMISSIBLE,1,1,0,1,64d86f957dc737fd23e0ccfbcb3bf52ee07305fe42b5c0dc20480f99c18bfc32
7873,91485|133406,61296,90276,"Hamburg-Bergedorf, Germany","Dr. Remeis-Observatory, Bamberg, Germany",FINITE_GEOMETRY_ADMISSIBLE_WITNESS,GEOMETRY_ADMISSIBLE,1,1,0,1,e8060663cfb94c72cb872248073a7fede567c8292a896c65891809e95dc28d78
7874,91486|133404,61297,90274,"Hamburg-Bergedorf, Germany","Dr. Remeis-Observatory, Bamberg, Germany",FINITE_GEOMETRY_ADMISSIBLE_WITNESS,GEOMETRY_ADMISSIBLE,1,1,0,1,4eaae43a1940d871324dc62b7f386f147416c96663767c492773656f45e7bd16
7875,91486|133405,61297,90275,"Hamburg-Bergedorf, Germany","Dr. Remeis-Observatory, Bamberg, Germany",FINITE_GEOMETRY_ADMISSIBLE_WITNESS,GEOMETRY_ADMISSIBLE,1,1,0,1,0998f327ff2df4339d0a07c02f94d7c8f4abf0e2c20fe34a74f2257528a0dae7
7876,91486|133406,61297,90276,"Hamburg-Bergedorf, Germany","Dr. Remeis-Observatory, Bamberg, Germany",FINITE_GEOMETRY_ADMISSIBLE_WITNESS,GEOMETRY_ADMISSIBLE,1,1,0,2,fcc300549ed4e18b2cbcd9cb19f09380fd0278173463a8c2089f0827649c4137
7877,91487|133404,61298,90274,"Hamburg-Bergedorf, Germany","Dr. Remeis-Observatory, Bamberg, Germany",FINITE_GEOMETRY_ADMISSIBLE_WITNESS,GEOMETRY_ADMISSIBLE,1,1,0,1,ded486e7bb9a9a7996832d293bbcb1d8c619775175488ad16087b9a635e93b4f
7878,91487|133405,61298,90275,"Hamburg-Bergedorf, Germany","Dr. Remeis-Observatory, Bamberg, Germany",FINITE_GEOMETRY_ADMISSIBLE_WITNESS,GEOMETRY_ADMISSIBLE,1,1,0,2,ef503ee79c9231da97014381b55453e49bc132fb1e409d98913da465779dd9bc
7879,91487|133406,61298,90276,"Hamburg-Bergedorf, Germany","Dr. Remeis-Observatory, Bamberg, Germany",FINITE_GEOMETRY_ADMISSIBLE_WITNESS,GEOMETRY_ADMISSIBLE,1,1,0,1,9b8435f65cc2aec0d83a10bdf3c89c3258828bdb6f1e69a93aa88685e1c338c3
7880,91488|133408,61299,90278,"Hamburg-Bergedorf, Germany","Dr. Remeis-Observatory, Bamberg, Germany",FINITE_GEOMETRY_ADMISSIBLE_WITNESS,GEOMETRY_ADMISSIBLE,1,1,0,1,22681e08fa5de79eff81651e0f89fe61d7d15cfba485849d7fd5826071c35e71
7882,91488|133410,61299,90280,"Hamburg-Bergedorf, Germany","Dr. Remeis-Observatory, Bamberg, Germany",FINITE_GEOMETRY_ADMISSIBLE_WITNESS,GEOMETRY_ADMISSIBLE,1,1,0,1,5f98a00dec495ae5a73c9f21286ef569d12f4ca499ccbf1c209fe93e28d79747
7883,91489|133408,61300,90278,"Hamburg-Bergedorf, Germany","Dr. Remeis-Observatory, Bamberg, Germany",FINITE_GEOMETRY_ADMISSIBLE_WITNESS,GEOMETRY_ADMISSIBLE,1,1,0,1,7cb141a45c80a86ca1f0e3fbf28bb46f1fdd85c66076b172d3994286c967c0a0
7884,91489|133409,61300,90279,"Hamburg-Bergedorf, Germany","Dr. Remeis-Observatory, Bamberg, Germany",FINITE_GEOMETRY_ADMISSIBLE_WITNESS,GEOMETRY_ADMISSIBLE,1,1,0,1,7c496463579f92552879eef4796c1a3ac2ad0bc2eda47c689f731bb54978c08e
7885,91489|133410,61300,90280,"Hamburg-Bergedorf, Germany","Dr. Remeis-Observatory, Bamberg, Germany",FINITE_GEOMETRY_ADMISSIBLE_WITNESS,GEOMETRY_ADMISSIBLE,1,1,0,3,de4ee52b20d60dee2db7d98dca9bdc4158ae50c77cd7f7d75e84be4aa89343b5
7886,91490|133408,61301,90278,"Hamburg-Bergedorf, Germany","Dr. Remeis-Observatory, Bamberg, Germany",FINITE_GEOMETRY_ADMISSIBLE_WITNESS,GEOMETRY_ADMISSIBLE,1,1,0,1,1267a94af9505c988fe18ba10090f6a20e745b7c5a4183111244b51c2870ecfb
7888,91490|133410,61301,90280,"Hamburg-Bergedorf, Germany","Dr. Remeis-Observatory, Bamberg, Germany",FINITE_GEOMETRY_ADMISSIBLE_WITNESS,GEOMETRY_ADMISSIBLE,1,1,0,2,a72cdc4b2068085b55518415b0aaadcd7d641356415bc83bd1017dc8bff5e646
7889,91491|133408,61302,90278,"Hamburg-Bergedorf, Germany","Dr. Remeis-Observatory, Bamberg, Germany",FINITE_GEOMETRY_ADMISSIBLE_WITNESS,GEOMETRY_ADMISSIBLE,1,1,0,1,1ae716e98592d505a478c88a6c6a748dc7761f4396ec9eefe56431f26009df49
7890,91491|133409,61302,90279,"Hamburg-Bergedorf, Germany","Dr. Remeis-Observatory, Bamberg, Germany",FINITE_GEOMETRY_ADMISSIBLE_WITNESS,GEOMETRY_ADMISSIBLE,1,1,0,1,3e068ba5a2b37b8dccd7e23ba172f0501a6524ea8b75ed94e1dd7f9f1ac67302
7891,91491|133410,61302,90280,"Hamburg-Bergedorf, Germany","Dr. Remeis-Observatory, Bamberg, Germany",FINITE_GEOMETRY_ADMISSIBLE_WITNESS,GEOMETRY_ADMISSIBLE,1,1,0,2,b1a4f246323d680fed77d7917cb325fc54f74fc072dc8ae51321eafb4bdc8ab3
7892,91492|133412,61303,90282,"Hamburg-Bergedorf, Germany","Dr. Remeis-Observatory, Bamberg, Germany",FINITE_GEOMETRY_ADMISSIBLE_WITNESS,GEOMETRY_ADMISSIBLE,1,1,0,1,e0a2254c00cceb886551b9a1ccf7f517ea629262cc1fe0c9ab3084803bf56633
7893,91492|133413,61303,90283,"Hamburg-Bergedorf, Germany","Dr. Remeis-Observatory, Bamberg, Germany",FINITE_GEOMETRY_ADMISSIBLE_WITNESS,GEOMETRY_ADMISSIBLE,1,1,0,1,ebf1eab55d60e55026c0c7106e78a204e30645ebe852d3f54b69fb712d6ec54c
7894,91492|133414,61303,90284,"Hamburg-Bergedorf, Germany","Dr. Remeis-Observatory, Bamberg, Germany",FINITE_GEOMETRY_ADMISSIBLE_WITNESS,GEOMETRY_ADMISSIBLE,1,1,0,2,7e6f9540c5fe41255066f3ad99c2cf92668e9a595300a2b0684a0f1c2dd912a7
7896,91494|133412,61305,90282,"Hamburg-Bergedorf, Germany","Dr. Remeis-Observatory, Bamberg, Germany",FINITE_GEOMETRY_ADMISSIBLE_WITNESS,GEOMETRY_ADMISSIBLE,1,1,0,1,e142e4f186ca992bbd161afe520c17bcdc739f21f61005b6ebb46e1633045f66
7897,91494|133413,61305,90283,"Hamburg-Bergedorf, Germany","Dr. Remeis-Observatory, Bamberg, Germany",FINITE_GEOMETRY_ADMISSIBLE_WITNESS,GEOMETRY_ADMISSIBLE,1,1,0,1,be7b4bb08760c35daa1ac0b3d5fa4fe38eda733f5bea24384476829ce84bc509
7898,91494|133414,61305,90284,"Hamburg-Bergedorf, Germany","Dr. Remeis-Observatory, Bamberg, Germany",FINITE_GEOMETRY_ADMISSIBLE_WITNESS,GEOMETRY_ADMISSIBLE,1,1,0,2,5db70fc9d9870475df7151ded24b9dfde65594eecd3401c2f096376b01f25dcd
7899,91494|133415,61305,90285,"Hamburg-Bergedorf, Germany","Dr. Remeis-Observatory, Bamberg, Germany",FINITE_GEOMETRY_ADMISSIBLE_WITNESS,GEOMETRY_ADMISSIBLE,1,1,0,1,831a6125fb32e699088bdc033b334727a867f32128813c3654181cdde4e2e1bc
7900,91525|133828,61336,90698,"Hamburg-Bergedorf, Germany","Dr. Remeis-Observatory, Bamberg, Germany",FINITE_GEOMETRY_ADMISSIBLE_WITNESS,GEOMETRY_ADMISSIBLE,1,1,0,2,93f3717992105b64d6e63a027bb7282252101c7e7a8c6112a79a999d6c355933
7901,91525|133829,61336,90699,"Hamburg-Bergedorf, Germany","Dr. Remeis-Observatory, Bamberg, Germany",FINITE_GEOMETRY_ADMISSIBLE_WITNESS,GEOMETRY_ADMISSIBLE,1,1,0,1,6a0c0ed29962d90485e717c192bc04454d498c7033dcda11590c81085a6e5a51
7902,91525|133830,61336,90700,"Hamburg-Bergedorf, Germany","Dr. Remeis-Observatory, Bamberg, Germany",FINITE_GEOMETRY_ADMISSIBLE_WITNESS,GEOMETRY_ADMISSIBLE,1,1,0,1,121dd93c2a1798fa5968baf38ee6fc98bea66328a820898c10e60e00609d3339
7903,91526|133832,61337,90702,"Hamburg-Bergedorf, Germany","Dr. Remeis-Observatory, Bamberg, Germany",FINITE_GEOMETRY_ADMISSIBLE_WITNESS,GEOMETRY_ADMISSIBLE,1,1,0,2,106badc4e0c422805fa2bcb20f1c7acaccef6d712b1d56a4bdbe41f810f3e5d7
7904,91526|133833,61337,90703,"Hamburg-Bergedorf, Germany","Dr. Remeis-Observatory, Bamberg, Germany",FINITE_GEOMETRY_ADMISSIBLE_WITNESS,GEOMETRY_ADMISSIBLE,1,1,0,1,c19a8c026aae63d4014e24a9709d393045ca5e25beb908df827ad7377696d185
7905,91526|133835,61337,90705,"Hamburg-Bergedorf, Germany","Dr. Remeis-Observatory, Bamberg, Germany",FINITE_GEOMETRY_ADMISSIBLE_WITNESS,GEOMETRY_ADMISSIBLE,1,1,0,1,386d8d0aa0c210d5c20d65d03302302850a00ca6b64d1249de01c970328ae54a
7906,91528|133832,61339,90702,"Hamburg-Bergedorf, Germany","Dr. Remeis-Observatory, Bamberg, Germany",FINITE_GEOMETRY_ADMISSIBLE_WITNESS,GEOMETRY_ADMISSIBLE,1,1,0,1,5d9bf10315ae85e0e5eefc742056134859ffe86eaa8503a7fc5a20676ef7d66f
7907,91528|133833,61339,90703,"Hamburg-Bergedorf, Germany","Dr. Remeis-Observatory, Bamberg, Germany",FINITE_GEOMETRY_ADMISSIBLE_WITNESS,GEOMETRY_ADMISSIBLE,1,1,0,1,389d50b9fcf4fe1450ce0f049c48b8eebe7f244bd254ab08ef10d7ab5e618c19
7908,91528|133835,61339,90705,"Hamburg-Bergedorf, Germany","Dr. Remeis-Observatory, Bamberg, Germany",FINITE_GEOMETRY_ADMISSIBLE_WITNESS,GEOMETRY_ADMISSIBLE,1,1,0,3,8ce3e96ad3b1be2f56ec2c11b6d8f0b1310f5e6702d3ba357618e339acb8b74e
7909,91529|133832,61340,90702,"Hamburg-Bergedorf, Germany","Dr. Remeis-Observatory, Bamberg, Germany",FINITE_GEOMETRY_ADMISSIBLE_WITNESS,GEOMETRY_ADMISSIBLE,1,1,0,1,d266de0fe0b146fff605d0bee5b3a1ad2d969bd0654ac91ce83b32eebe1e6b1f
7910,91529|133833,61340,90703,"Hamburg-Bergedorf, Germany","Dr. Remeis-Observatory, Bamberg, Germany",FINITE_GEOMETRY_ADMISSIBLE_WITNESS,GEOMETRY_ADMISSIBLE,1,1,0,2,2231f5e260b48bd74167e43a77a447286c1f8dcb168eca9add5926b3b39599b9
7911,91529|133835,61340,90705,"Hamburg-Bergedorf, Germany","Dr. Remeis-Observatory, Bamberg, Germany",FINITE_GEOMETRY_ADMISSIBLE_WITNESS,GEOMETRY_ADMISSIBLE,1,1,0,1,3e167dc222c1c40829d79cf722c9d7d6af3c6cb953b8972aa79d394af2570de2
7912,91530|133836,61341,90706,"Hamburg-Bergedorf, Germany","Dr. Remeis-Observatory, Bamberg, Germany",FINITE_GEOMETRY_ADMISSIBLE_WITNESS,GEOMETRY_ADMISSIBLE,1,1,0,1,ee8a2d2223bfc28ad13d7767e18ac7212cfa8eac94d7c7454e6e8ae0fed2a75e
7913,91530|133837,61341,90707,"Hamburg-Bergedorf, Germany","Dr. Remeis-Observatory, Bamberg, Germany",FINITE_GEOMETRY_ADMISSIBLE_WITNESS,GEOMETRY_ADMISSIBLE,1,1,0,1,77ecc8810ce7816ac63fb91af897098d2885917950f2f5e223cf66aad6478dd0
7914,91530|133838,61341,90708,"Hamburg-Bergedorf, Germany","Dr. Remeis-Observatory, Bamberg, Germany",FINITE_GEOMETRY_ADMISSIBLE_WITNESS,GEOMETRY_ADMISSIBLE,1,1,0,1,58c0b07c8c9c457b96c6250178dad9c83c2c3bd17d93376088bd69d3d24dc9f2
7915,91530|133839,61341,90709,"Hamburg-Bergedorf, Germany","Dr. Remeis-Observatory, Bamberg, Germany",FINITE_GEOMETRY_ADMISSIBLE_WITNESS,GEOMETRY_ADMISSIBLE,1,1,0,1,023276280f9b61479072679c77340c711471fd0b6b6a4db0b88dd36cfb69d5c4
7916,91531|133845,61342,90715,"Hamburg-Bergedorf, Germany","Dr. Remeis-Observatory, Bamberg, Germany",FINITE_GEOMETRY_ADMISSIBLE_WITNESS,GEOMETRY_ADMISSIBLE,1,1,0,1,f132458f6661c121b64724bd22781f10ed46b4950fbb3eea17352f9d12d5f651
7917,91531|133846,61342,90716,"Hamburg-Bergedorf, Germany","Dr. Remeis-Observatory, Bamberg, Germany",FINITE_GEOMETRY_ADMISSIBLE_WITNESS,GEOMETRY_ADMISSIBLE,1,1,0,1,d18f57ccf232dd657e7a6b37c906c820d9a04475386bc4426a30448af235dce2
7918,91532|133845,61343,90715,"Hamburg-Bergedorf, Germany","Dr. Remeis-Observatory, Bamberg, Germany",FINITE_GEOMETRY_ADMISSIBLE_WITNESS,GEOMETRY_ADMISSIBLE,1,1,0,1,2a09da3b82ca041700cf5b1f9871fe9618138b6ccb2f94a55911043d2ace1ec4
7919,91532|133846,61343,90716,"Hamburg-Bergedorf, Germany","Dr. Remeis-Observatory, Bamberg, Germany",FINITE_GEOMETRY_ADMISSIBLE_WITNESS,GEOMETRY_ADMISSIBLE,1,1,0,1,55714628380005f618f721cd7e0aa04087104abfacf052e1d42c474762334cfd
7920,91532|133847,61343,90717,"Hamburg-Bergedorf, Germany","Dr. Remeis-Observatory, Bamberg, Germany",FINITE_GEOMETRY_ADMISSIBLE_WITNESS,GEOMETRY_ADMISSIBLE,1,1,0,1,14bdd1429e2935a7f5138d2952ee180ec5b779458b759ce83940297ffcfb7aa0
7921,91532|133848,61343,90718,"Hamburg-Bergedorf, Germany","Dr. Remeis-Observatory, Bamberg, Germany",FINITE_GEOMETRY_ADMISSIBLE_WITNESS,GEOMETRY_ADMISSIBLE,1,1,0,1,e831020dcb5459c7b7ea76c0befbbf8cb2b2a9267ba056280a9469d79e673652
7922,91532|133849,61343,90719,"Hamburg-Bergedorf, Germany","Dr. Remeis-Observatory, Bamberg, Germany",FINITE_GEOMETRY_ADMISSIBLE_WITNESS,GEOMETRY_ADMISSIBLE,1,1,0,3,bb52120ecf8306fec25053858699e409179ad6dcf36b2346fc7234a001a60b59
7923,91532|133850,61343,90720,"Hamburg-Bergedorf, Germany","Dr. Remeis-Observatory, Bamberg, Germany",FINITE_GEOMETRY_ADMISSIBLE_WITNESS,GEOMETRY_ADMISSIBLE,1,1,0,1,bda3dc0deab6dd484105aece6238dfc416d51b465de49ab874f9d113e9dd75b7
7924,91533|133847,61344,90717,"Hamburg-Bergedorf, Germany","Dr. Remeis-Observatory, Bamberg, Germany",FINITE_GEOMETRY_ADMISSIBLE_WITNESS,GEOMETRY_ADMISSIBLE,1,1,0,1,abee2dbaf397e14781e46a7eba41d878d0d3816d86a8224e76cc90b1c9b4c912
7925,91533|133848,61344,90718,"Hamburg-Bergedorf, Germany","Dr. Remeis-Observatory, Bamberg, Germany",FINITE_GEOMETRY_ADMISSIBLE_WITNESS,GEOMETRY_ADMISSIBLE,1,1,0,1,39db3ed2df31dd25fb4d96d91d336d36e94fcdedaa888c3d42016747b7851f2f
7926,91533|133849,61344,90719,"Hamburg-Bergedorf, Germany","Dr. Remeis-Observatory, Bamberg, Germany",FINITE_GEOMETRY_ADMISSIBLE_WITNESS,GEOMETRY_ADMISSIBLE,1,1,0,1,023a0a9e001882f2939d28df8258c5f97b6dcfbd5020aa20ee116f3d02569693
7927,91533|133850,61344,90720,"Hamburg-Bergedorf, Germany","Dr. Remeis-Observatory, Bamberg, Germany",FINITE_GEOMETRY_ADMISSIBLE_WITNESS,GEOMETRY_ADMISSIBLE,1,1,0,1,323008fe4edf27b58266ff325777674b71fd281ab0394c47b31f025c251d700b
7928,91534|133847,61345,90717,"Hamburg-Bergedorf, Germany","Dr. Remeis-Observatory, Bamberg, Germany",FINITE_GEOMETRY_ADMISSIBLE_WITNESS,GEOMETRY_ADMISSIBLE,1,1,0,1,75112e06d57fce047367157e8202323f534878e180f715431223f4933a84cc42
7929,91534|133848,61345,90718,"Hamburg-Bergedorf, Germany","Dr. Remeis-Observatory, Bamberg, Germany",FINITE_GEOMETRY_ADMISSIBLE_WITNESS,GEOMETRY_ADMISSIBLE,1,1,0,1,ab2b67704acd659d5862b78b3879231a143897365780903f9a400b80184d5d78
7930,91534|133849,61345,90719,"Hamburg-Bergedorf, Germany","Dr. Remeis-Observatory, Bamberg, Germany",FINITE_GEOMETRY_ADMISSIBLE_WITNESS,GEOMETRY_ADMISSIBLE,1,1,0,1,96a1448877d23f2a9ac101543212dc3a30791695cf32f8b84ceb19615d285ae4
7931,91534|133850,61345,90720,"Hamburg-Bergedorf, Germany","Dr. Remeis-Observatory, Bamberg, Germany",FINITE_GEOMETRY_ADMISSIBLE_WITNESS,GEOMETRY_ADMISSIBLE,1,1,0,1,1b50f5a7a8aaa3aa1bdd14e1d022fb195df2a0865b2b30ef0bef658ef90fa0d3
7932,91535|133847,61346,90717,"Hamburg-Bergedorf, Germany","Dr. Remeis-Observatory, Bamberg, Germany",FINITE_GEOMETRY_ADMISSIBLE_WITNESS,GEOMETRY_ADMISSIBLE,1,1,0,1,a582c2aeac0c6ade9c83a7f16f2800cc3eef93cd2439b023cc7fc31adff4a802
7933,91535|133848,61346,90718,"Hamburg-Bergedorf, Germany","Dr. Remeis-Observatory, Bamberg, Germany",FINITE_GEOMETRY_ADMISSIBLE_WITNESS,GEOMETRY_ADMISSIBLE,1,1,0,2,6c365832f1d3bad14923b07f5479dbf3b8db49cb50f796560fcf4304ea7226d7
7934,91535|133849,61346,90719,"Hamburg-Bergedorf, Germany","Dr. Remeis-Observatory, Bamberg, Germany",FINITE_GEOMETRY_ADMISSIBLE_WITNESS,GEOMETRY_ADMISSIBLE,1,1,0,1,5eb2cf4d5c2922d909212171d043867956565580e4972fe61c048f20df312ecd
7935,91535|133850,61346,90720,"Hamburg-Bergedorf, Germany","Dr. Remeis-Observatory, Bamberg, Germany",FINITE_GEOMETRY_ADMISSIBLE_WITNESS,GEOMETRY_ADMISSIBLE,1,1,0,1,302be77ded8be42c526b5bb812bb979ec9f2a998a1809fbe6cbcb518dd78900e
7936,91563|133874,61374,90744,"Hamburg-Bergedorf, Germany","Dr. Remeis-Observatory, Bamberg, Germany",FINITE_GEOMETRY_ADMISSIBLE_WITNESS,GEOMETRY_ADMISSIBLE,1,1,0,1,4ae8c4583c52330fe017cc2568f624910a5748b7bb686046147dd8942a990105
7937,91563|133875,61374,90745,"Hamburg-Bergedorf, Germany","Dr. Remeis-Observatory, Bamberg, Germany",FINITE_GEOMETRY_ADMISSIBLE_WITNESS,GEOMETRY_ADMISSIBLE,1,1,0,1,87a652e4278a2c947dc55a1b453edca1cb82b2bebed82ca996691f5aba229369
7938,91563|133876,61374,90746,"Hamburg-Bergedorf, Germany","Dr. Remeis-Observatory, Bamberg, Germany",FINITE_GEOMETRY_ADMISSIBLE_WITNESS,GEOMETRY_ADMISSIBLE,1,1,0,2,b09455bd6ba363ae0d30fa8d52a04cea61b9e4592340bd9c4e5c71ff8329fad0
7939,91563|133878,61374,90748,"Hamburg-Bergedorf, Germany","Dr. Remeis-Observatory, Bamberg, Germany",FINITE_GEOMETRY_ADMISSIBLE_WITNESS,GEOMETRY_ADMISSIBLE,1,1,0,1,a36a3ddf44446ec20c3025bcdd702cf5f6b0d0b0c7992f1c5fde58ed779dc5ce
7940,91564|133874,61375,90744,"Hamburg-Bergedorf, Germany","Dr. Remeis-Observatory, Bamberg, Germany",FINITE_GEOMETRY_ADMISSIBLE_WITNESS,GEOMETRY_ADMISSIBLE,1,1,0,2,8c244f48fb77e11e632ee17dc34419911252b39beffc5f330c99e152255b7ad9
7941,91564|133875,61375,90745,"Hamburg-Bergedorf, Germany","Dr. Remeis-Observatory, Bamberg, Germany",FINITE_GEOMETRY_ADMISSIBLE_WITNESS,GEOMETRY_ADMISSIBLE,1,1,0,2,71646f434fdc5bb68783a3ca66c20b9ba5d80a31d235408011c8ddb005ea1f57
7942,91564|133876,61375,90746,"Hamburg-Bergedorf, Germany","Dr. Remeis-Observatory, Bamberg, Germany",FINITE_GEOMETRY_ADMISSIBLE_WITNESS,GEOMETRY_ADMISSIBLE,1,1,0,1,07d6e4df7363b63cbb4219b6a59c46093e4ad90c942f2d4ed137d70c306293d9
7943,91564|133878,61375,90748,"Hamburg-Bergedorf, Germany","Dr. Remeis-Observatory, Bamberg, Germany",FINITE_GEOMETRY_ADMISSIBLE_WITNESS,GEOMETRY_ADMISSIBLE,1,1,0,1,49ee75939c717a373aac7a4183b51279b53aa3bc09ddb95092be68c6ebcef585
7944,91565|133874,61376,90744,"Hamburg-Bergedorf, Germany","Dr. Remeis-Observatory, Bamberg, Germany",FINITE_GEOMETRY_ADMISSIBLE_WITNESS,GEOMETRY_ADMISSIBLE,1,1,0,1,81bbe1e058629c64d5d995f895e7a84896d7a4301ed5b27ccb3d13083117df82
7945,91565|133875,61376,90745,"Hamburg-Bergedorf, Germany","Dr. Remeis-Observatory, Bamberg, Germany",FINITE_GEOMETRY_ADMISSIBLE_WITNESS,GEOMETRY_ADMISSIBLE,1,1,0,1,8a69fcebe5d7d6dbd37a79ae86239fcab6b48d304921797f0479b044ed9cba0b
7946,91565|133876,61376,90746,"Hamburg-Bergedorf, Germany","Dr. Remeis-Observatory, Bamberg, Germany",FINITE_GEOMETRY_ADMISSIBLE_WITNESS,GEOMETRY_ADMISSIBLE,1,1,0,1,4757a3736bf9dee9ac00cc074551812e38f503bca32bc4fdb7cd3211ee3c9041
7947,91565|133878,61376,90748,"Hamburg-Bergedorf, Germany","Dr. Remeis-Observatory, Bamberg, Germany",FINITE_GEOMETRY_ADMISSIBLE_WITNESS,GEOMETRY_ADMISSIBLE,1,1,0,1,a2de360c4230226772651b749c815c08ef32fa76b3e0a781b2aceb491bd93c49
7948,91566|133879,61377,90749,"Hamburg-Bergedorf, Germany","Dr. Remeis-Observatory, Bamberg, Germany",FINITE_GEOMETRY_ADMISSIBLE_WITNESS,GEOMETRY_ADMISSIBLE,1,1,0,1,7831f2b7ef8f76f17aeace199160b47749718f74601d43101883101271951b7e
7949,91566|133880,61377,90750,"Hamburg-Bergedorf, Germany","Dr. Remeis-Observatory, Bamberg, Germany",FINITE_GEOMETRY_ADMISSIBLE_WITNESS,GEOMETRY_ADMISSIBLE,1,1,0,1,dd6638dbb1405eec87acfaca55321c2edd9fe58f3417c2f5018cc286c2ad60a3
7950,91566|133881,61377,90751,"Hamburg-Bergedorf, Germany","Dr. Remeis-Observatory, Bamberg, Germany",FINITE_GEOMETRY_ADMISSIBLE_WITNESS,GEOMETRY_ADMISSIBLE,1,1,0,2,f365d11962b4d644df2c170d9d98b7e93820983d12c81d5db91c36c858751735
7951,91567|133879,61378,90749,"Hamburg-Bergedorf, Germany","Dr. Remeis-Observatory, Bamberg, Germany",FINITE_GEOMETRY_ADMISSIBLE_WITNESS,GEOMETRY_ADMISSIBLE,1,1,0,1,3d20b4ba45eb1c28aa1dd9c497fa3e37c95c0e5ad3c33ffe79bb85e9a90a54a1
7952,91567|133880,61378,90750,"Hamburg-Bergedorf, Germany","Dr. Remeis-Observatory, Bamberg, Germany",FINITE_GEOMETRY_ADMISSIBLE_WITNESS,GEOMETRY_ADMISSIBLE,1,1,0,1,86d41b5a20b8740c3ad9a685c38ce0ab711555d5a17a007704ed73e9b7ac012c
7953,91567|133881,61378,90751,"Hamburg-Bergedorf, Germany","Dr. Remeis-Observatory, Bamberg, Germany",FINITE_GEOMETRY_ADMISSIBLE_WITNESS,GEOMETRY_ADMISSIBLE,1,1,0,1,0d4ae5c803e5a77d78f1eaa6f35a7219e5366a370f27ba8ccf764f477810c4a1
7954,91568|133879,61379,90749,"Hamburg-Bergedorf, Germany","Dr. Remeis-Observatory, Bamberg, Germany",FINITE_GEOMETRY_ADMISSIBLE_WITNESS,GEOMETRY_ADMISSIBLE,1,1,0,1,eb4f4fc0ad13a3e5de5137414fee724b1f14acc55bbdead26b76041c7a563067
7955,91568|133880,61379,90750,"Hamburg-Bergedorf, Germany","Dr. Remeis-Observatory, Bamberg, Germany",FINITE_GEOMETRY_ADMISSIBLE_WITNESS,GEOMETRY_ADMISSIBLE,1,1,0,1,60d70a3b09e98dda392988bbc35dd5b4f38157f0b9751008981e43b020295f26
7956,91568|133881,61379,90751,"Hamburg-Bergedorf, Germany","Dr. Remeis-Observatory, Bamberg, Germany",FINITE_GEOMETRY_ADMISSIBLE_WITNESS,GEOMETRY_ADMISSIBLE,1,1,0,2,ca3b3f3ddd4c7db25da58cc17f4a4e15fa3256d62ee1e88c0e5c1cd2286dddd6
7957,91569|133879,61380,90749,"Hamburg-Bergedorf, Germany","Dr. Remeis-Observatory, Bamberg, Germany",FINITE_GEOMETRY_ADMISSIBLE_WITNESS,GEOMETRY_ADMISSIBLE,1,1,0,2,62363f22deec995be406d07ad59387a24f4eff64200e8b5451320bc1dcc966af
7958,91569|133880,61380,90750,"Hamburg-Bergedorf, Germany","Dr. Remeis-Observatory, Bamberg, Germany",FINITE_GEOMETRY_ADMISSIBLE_WITNESS,GEOMETRY_ADMISSIBLE,1,1,0,2,e096ae2abddea4007bc73a0063620ef9d5254332429965adf48c8c01873074b7
7959,91569|133881,61380,90751,"Hamburg-Bergedorf, Germany","Dr. Remeis-Observatory, Bamberg, Germany",FINITE_GEOMETRY_ADMISSIBLE_WITNESS,GEOMETRY_ADMISSIBLE,1,1,0,1,8dab275ce707fa3152cdecd4fb531d08d72f741c0ea1386d02f5a103b490107e
7960,91570|133883,61381,90753,"Hamburg-Bergedorf, Germany","Dr. Remeis-Observatory, Bamberg, Germany",FINITE_GEOMETRY_ADMISSIBLE_WITNESS,GEOMETRY_ADMISSIBLE,1,1,0,1,eb2aefe020dd3706caf895f2be4d20d106ece7fd63e8b5245a7589f802761003
7961,91570|133884,61381,90754,"Hamburg-Bergedorf, Germany","Dr. Remeis-Observatory, Bamberg, Germany",FINITE_GEOMETRY_ADMISSIBLE_WITNESS,GEOMETRY_ADMISSIBLE,1,1,0,1,b2f896f71ed77b417249f4f94159b0561d78033f2fbbda1316f94bf045903d03
7962,91570|133885,61381,90755,"Hamburg-Bergedorf, Germany","Dr. Remeis-Observatory, Bamberg, Germany",FINITE_GEOMETRY_ADMISSIBLE_WITNESS,GEOMETRY_ADMISSIBLE,1,1,0,2,838eb94a941b94b7ec02e7676103c61235b79b4c14ee14d8b1367f7ef9ea54ae
7963,91570|133886,61381,90756,"Hamburg-Bergedorf, Germany","Dr. Remeis-Observatory, Bamberg, Germany",FINITE_GEOMETRY_ADMISSIBLE_WITNESS,GEOMETRY_ADMISSIBLE,1,1,0,2,b579675867f26df3f6622a5ffcfb47fd5b5cd10771cf2098a0a823fee302acab
7964,91571|133883,61382,90753,"Hamburg-Bergedorf, Germany","Dr. Remeis-Observatory, Bamberg, Germany",FINITE_GEOMETRY_ADMISSIBLE_WITNESS,GEOMETRY_ADMISSIBLE,1,1,0,1,16208ca2076b9e351a35bff652577d7dd37e7508e4622773663fb91e764d6c68
7965,91571|133884,61382,90754,"Hamburg-Bergedorf, Germany","Dr. Remeis-Observatory, Bamberg, Germany",FINITE_GEOMETRY_ADMISSIBLE_WITNESS,GEOMETRY_ADMISSIBLE,1,1,0,1,50ebd351f2819c56a47c93347a85201665da98d952a46c414e1b0b354091b998
7966,91571|133885,61382,90755,"Hamburg-Bergedorf, Germany","Dr. Remeis-Observatory, Bamberg, Germany",FINITE_GEOMETRY_ADMISSIBLE_WITNESS,GEOMETRY_ADMISSIBLE,1,1,0,2,4ab24bc2c08b3b4df09d73b62010005ee7631af674f34b06c7613d57ceaac21e
7967,91571|133886,61382,90756,"Hamburg-Bergedorf, Germany","Dr. Remeis-Observatory, Bamberg, Germany",FINITE_GEOMETRY_ADMISSIBLE_WITNESS,GEOMETRY_ADMISSIBLE,1,1,0,1,0c0b0c7c346fd58ceca7d3094f38fcf713ae1ecfde0c74b2a38bb16cf2704de7
7968,91572|133887,61383,90757,"Hamburg-Bergedorf, Germany","Dr. Remeis-Observatory, Bamberg, Germany",FINITE_GEOMETRY_ADMISSIBLE_WITNESS,GEOMETRY_ADMISSIBLE,1,1,0,1,2805a886acab8644c663c4ac96d969fde8e493391ed6e6a8aee308ea9c9a8c4f
7969,91572|133888,61383,90758,"Hamburg-Bergedorf, Germany","Dr. Remeis-Observatory, Bamberg, Germany",FINITE_GEOMETRY_ADMISSIBLE_WITNESS,GEOMETRY_ADMISSIBLE,1,1,0,1,4709764db0f5e32e75ecfe44f0721648a9c7d02c4bf5fd69703ce0c2a5f932ae
7970,91572|133889,61383,90759,"Hamburg-Bergedorf, Germany","Dr. Remeis-Observatory, Bamberg, Germany",FINITE_GEOMETRY_ADMISSIBLE_WITNESS,GEOMETRY_ADMISSIBLE,1,1,0,1,44b2e1ac8dd6dc4a90922687d19b7b7870a6a1659a68c7da5356468d63c20d4a
7971,91572|133890,61383,90760,"Hamburg-Bergedorf, Germany","Dr. Remeis-Observatory, Bamberg, Germany",FINITE_GEOMETRY_ADMISSIBLE_WITNESS,GEOMETRY_ADMISSIBLE,1,1,0,1,0877450a7cc41e6adfc24e45850961aaf835a87ffa831b24fa9e1509d4ba3cd5
7972,91573|133887,61384,90757,"Hamburg-Bergedorf, Germany","Dr. Remeis-Observatory, Bamberg, Germany",FINITE_GEOMETRY_ADMISSIBLE_WITNESS,GEOMETRY_ADMISSIBLE,1,1,0,1,429d73b3440544e86ffbcca92d934fda3d9a5f700701423f99271fbf42b48ef5
7973,91573|133888,61384,90758,"Hamburg-Bergedorf, Germany","Dr. Remeis-Observatory, Bamberg, Germany",FINITE_GEOMETRY_ADMISSIBLE_WITNESS,GEOMETRY_ADMISSIBLE,1,1,0,1,4805cd5e18a9803b94749ad6ab460ba059c86a1351375e80d08e3a0ed3308e34
7974,91573|133889,61384,90759,"Hamburg-Bergedorf, Germany","Dr. Remeis-Observatory, Bamberg, Germany",FINITE_GEOMETRY_ADMISSIBLE_WITNESS,GEOMETRY_ADMISSIBLE,1,1,0,1,c2485835382960bb93dd52a5fb87f1e07e382108c6c3cdb4aeccdccd82f40a66
7975,91573|133890,61384,90760,"Hamburg-Bergedorf, Germany","Dr. Remeis-Observatory, Bamberg, Germany",FINITE_GEOMETRY_ADMISSIBLE_WITNESS,GEOMETRY_ADMISSIBLE,1,1,0,1,332488bc09c7589e36f5c8ecee35de477d03e3c6fd86a09d577ed552c8d10fef
7976,91574|133887,61385,90757,"Hamburg-Bergedorf, Germany","Dr. Remeis-Observatory, Bamberg, Germany",FINITE_GEOMETRY_ADMISSIBLE_WITNESS,GEOMETRY_ADMISSIBLE,1,1,0,1,60acb04fca28ac85ef8efd989ee9088a8143019c25c4e6d116a4a6049ad5c90a
7977,91574|133888,61385,90758,"Hamburg-Bergedorf, Germany","Dr. Remeis-Observatory, Bamberg, Germany",FINITE_GEOMETRY_ADMISSIBLE_WITNESS,GEOMETRY_ADMISSIBLE,1,1,0,1,11d3f1c75a0b98f2d114fbaa683da06972fcd90ecd984bbbdc35597ac0d8a248
7978,91574|133889,61385,90759,"Hamburg-Bergedorf, Germany","Dr. Remeis-Observatory, Bamberg, Germany",FINITE_GEOMETRY_ADMISSIBLE_WITNESS,GEOMETRY_ADMISSIBLE,1,1,0,1,51a744ce57f70c6b47b33c511cdca1cf924a9d7bae9baeb63e7004ae527286e2
7979,91574|133890,61385,90760,"Hamburg-Bergedorf, Germany","Dr. Remeis-Observatory, Bamberg, Germany",FINITE_GEOMETRY_ADMISSIBLE_WITNESS,GEOMETRY_ADMISSIBLE,1,1,0,1,fe81733d0127dbf1e524ad8006b6db613ee58c3e7a5f9401d2f78c3e1025465b
7980,91575|133891,61386,90761,"Hamburg-Bergedorf, Germany","Dr. Remeis-Observatory, Bamberg, Germany",FINITE_GEOMETRY_ADMISSIBLE_WITNESS,GEOMETRY_ADMISSIBLE,1,1,0,1,371a5cd014170eca34ee93286807be155344bccda229dd3a764eda74b0c05b83
7981,91575|133892,61386,90762,"Hamburg-Bergedorf, Germany","Dr. Remeis-Observatory, Bamberg, Germany",FINITE_GEOMETRY_ADMISSIBLE_WITNESS,GEOMETRY_ADMISSIBLE,1,1,0,1,a59230dc827ea6f8b21b16fdd54f1dcedd85f728eb741cea7d155f64e73ee640
7982,91575|133893,61386,90763,"Hamburg-Bergedorf, Germany","Dr. Remeis-Observatory, Bamberg, Germany",FINITE_GEOMETRY_ADMISSIBLE_WITNESS,GEOMETRY_ADMISSIBLE,1,1,0,1,cc937ac057b2eede9ba1088faf2fd6205b22e4be95b2e368b660d56f916bf7fc
7983,91576|133891,61387,90761,"Hamburg-Bergedorf, Germany","Dr. Remeis-Observatory, Bamberg, Germany",FINITE_GEOMETRY_ADMISSIBLE_WITNESS,GEOMETRY_ADMISSIBLE,1,1,0,1,99968f7b4d9b7a33ed256e9230026e8f4ea6bdde470fd975125b67411d27ad4b
7984,91576|133892,61387,90762,"Hamburg-Bergedorf, Germany","Dr. Remeis-Observatory, Bamberg, Germany",FINITE_GEOMETRY_ADMISSIBLE_WITNESS,GEOMETRY_ADMISSIBLE,1,1,0,1,03d6a563a682854d2a91ad9441bb1a7894ff374cc58564799400d56887fc1e3f
7985,91576|133893,61387,90763,"Hamburg-Bergedorf, Germany","Dr. Remeis-Observatory, Bamberg, Germany",FINITE_GEOMETRY_ADMISSIBLE_WITNESS,GEOMETRY_ADMISSIBLE,1,1,0,1,638c6e41064da57dd0d6468834d0a2839ce6da5d345da579ba91ff64aa5a9118
7986,91577|133891,61388,90761,"Hamburg-Bergedorf, Germany","Dr. Remeis-Observatory, Bamberg, Germany",FINITE_GEOMETRY_ADMISSIBLE_WITNESS,GEOMETRY_ADMISSIBLE,1,1,0,4,0c34b5e12865d07de0177819806bc162702580dee75afb3343fc9ebcc37f477d
7987,91577|133892,61388,90762,"Hamburg-Bergedorf, Germany","Dr. Remeis-Observatory, Bamberg, Germany",FINITE_GEOMETRY_ADMISSIBLE_WITNESS,GEOMETRY_ADMISSIBLE,1,1,0,2,7bea93ef1ea84ed30781974bb5e0993d8873805edc5c2aa6474731ed6ff57c5e
7988,91577|133893,61388,90763,"Hamburg-Bergedorf, Germany","Dr. Remeis-Observatory, Bamberg, Germany",FINITE_GEOMETRY_ADMISSIBLE_WITNESS,GEOMETRY_ADMISSIBLE,1,1,0,1,e35cbf36691cd7b9914c2dc5eba5ddc3fec17518b193dff05e8f759519b69591
7989,91578|133891,61389,90761,"Hamburg-Bergedorf, Germany","Dr. Remeis-Observatory, Bamberg, Germany",FINITE_GEOMETRY_ADMISSIBLE_WITNESS,GEOMETRY_ADMISSIBLE,1,1,0,1,7fa0b8efceba1d65146968cd5801dd9e5a662dbfdb88fe9c4a0202abf98408cb
7990,91578|133892,61389,90762,"Hamburg-Bergedorf, Germany","Dr. Remeis-Observatory, Bamberg, Germany",FINITE_GEOMETRY_ADMISSIBLE_WITNESS,GEOMETRY_ADMISSIBLE,1,1,0,1,45a8667a13a126f5113ae0074c32bfc57c907684c7ee0f748e772d12d16ccfab
7991,91578|133893,61389,90763,"Hamburg-Bergedorf, Germany","Dr. Remeis-Observatory, Bamberg, Germany",FINITE_GEOMETRY_ADMISSIBLE_WITNESS,GEOMETRY_ADMISSIBLE,1,1,0,1,649fc4e8476dd1328882e02c518ec77d24c37d344a4e6b075a5d05af45bb5a47
7992,91579|133891,61390,90761,"Hamburg-Bergedorf, Germany","Dr. Remeis-Observatory, Bamberg, Germany",FINITE_GEOMETRY_ADMISSIBLE_WITNESS,GEOMETRY_ADMISSIBLE,1,1,0,2,0e2e7cf51148da97480187cc45a6076066826544aad3bdf58f50b242ec32ad51
7993,91579|133892,61390,90762,"Hamburg-Bergedorf, Germany","Dr. Remeis-Observatory, Bamberg, Germany",FINITE_GEOMETRY_ADMISSIBLE_WITNESS,GEOMETRY_ADMISSIBLE,1,1,0,1,1d5f4b2af30b3af88b43156184b41cd70e06b0b21977c397e05e114729ee6c32
7994,91579|133893,61390,90763,"Hamburg-Bergedorf, Germany","Dr. Remeis-Observatory, Bamberg, Germany",FINITE_GEOMETRY_ADMISSIBLE_WITNESS,GEOMETRY_ADMISSIBLE,1,1,0,2,03c79339b4424691bdc46ee45c461980aa00de41ed426638fd47fc63df9f1c6b
7995,91580|133895,61391,90765,"Hamburg-Bergedorf, Germany","Dr. Remeis-Observatory, Bamberg, Germany",FINITE_GEOMETRY_ADMISSIBLE_WITNESS,GEOMETRY_ADMISSIBLE,1,1,0,1,854a117fafcb14ae906eee3024a18fa254e9030f741f2f3cec72faec62c5d1af
7996,91580|133896,61391,90766,"Hamburg-Bergedorf, Germany","Dr. Remeis-Observatory, Bamberg, Germany",FINITE_GEOMETRY_ADMISSIBLE_WITNESS,GEOMETRY_ADMISSIBLE,1,1,0,1,8b4da0725db092f6898e3bf3f9aae9705f5098b29de4b9983c04b34f42917c20
7997,91580|133897,61391,90767,"Hamburg-Bergedorf, Germany","Dr. Remeis-Observatory, Bamberg, Germany",FINITE_GEOMETRY_ADMISSIBLE_WITNESS,GEOMETRY_ADMISSIBLE,1,1,0,2,48b4cf931eda00720b508c723b359c3aed0314165916ceb983f1f995b970548e
7998,91580|133898,61391,90768,"Hamburg-Bergedorf, Germany","Dr. Remeis-Observatory, Bamberg, Germany",FINITE_GEOMETRY_ADMISSIBLE_WITNESS,GEOMETRY_ADMISSIBLE,1,1,0,1,11bb683ad21c1cfe81e39ef251bc5fefc695807b266321d8ef8213846c11e653
7999,91581|133895,61392,90765,"Hamburg-Bergedorf, Germany","Dr. Remeis-Observatory, Bamberg, Germany",FINITE_GEOMETRY_ADMISSIBLE_WITNESS,GEOMETRY_ADMISSIBLE,1,1,0,2,607113d8805a17f027f0161448f3829f878235a56c8ae865c536ee55005653f4
8000,91581|133896,61392,90766,"Hamburg-Bergedorf, Germany","Dr. Remeis-Observatory, Bamberg, Germany",FINITE_GEOMETRY_ADMISSIBLE_WITNESS,GEOMETRY_ADMISSIBLE,1,1,0,1,38af031c4c5950e9c71c4aa7d698df0a66b219df4c0c89074cb4a1690faddac6
8001,91581|133897,61392,90767,"Hamburg-Bergedorf, Germany","Dr. Remeis-Observatory, Bamberg, Germany",FINITE_GEOMETRY_ADMISSIBLE_WITNESS,GEOMETRY_ADMISSIBLE,1,1,0,2,55c5ce6c18fe2665e9e63e5b9dec77a3031217f5fc7028a9ff03ff0aba2fa723
8002,91581|133898,61392,90768,"Hamburg-Bergedorf, Germany","Dr. Remeis-Observatory, Bamberg, Germany",FINITE_GEOMETRY_ADMISSIBLE_WITNESS,GEOMETRY_ADMISSIBLE,1,1,0,2,bb5472cb259ae39f12630a6aeb052e34f7f607e27316fc852f237f8a7a9ef0ed
8003,91582|133895,61393,90765,"Hamburg-Bergedorf, Germany","Dr. Remeis-Observatory, Bamberg, Germany",FINITE_GEOMETRY_ADMISSIBLE_WITNESS,GEOMETRY_ADMISSIBLE,1,1,0,2,5fb7e9defd4b267311bc2b499d92e1768ad0627a178c00116327bdd8fac73453
8004,91582|133896,61393,90766,"Hamburg-Bergedorf, Germany","Dr. Remeis-Observatory, Bamberg, Germany",FINITE_GEOMETRY_ADMISSIBLE_WITNESS,GEOMETRY_ADMISSIBLE,1,1,0,1,ca9d7539611208038c379e12118a3135b35e0049761de9e11f57ca98264ef774
8005,91582|133897,61393,90767,"Hamburg-Bergedorf, Germany","Dr. Remeis-Observatory, Bamberg, Germany",FINITE_GEOMETRY_ADMISSIBLE_WITNESS,GEOMETRY_ADMISSIBLE,1,1,0,1,2ca87263619128796d06af97810246d0e556e769d0e1d61b9f6f077746862e23
8006,91582|133898,61393,90768,"Hamburg-Bergedorf, Germany","Dr. Remeis-Observatory, Bamberg, Germany",FINITE_GEOMETRY_ADMISSIBLE_WITNESS,GEOMETRY_ADMISSIBLE,1,1,0,2,c76d671399276b883f176f91c959ef53b63768bd0504ade7eec0cf4d63dadd49
8007,91598|134010,61409,90880,"Hamburg-Bergedorf, Germany","Dr. Remeis-Observatory, Bamberg, Germany",FINITE_GEOMETRY_ADMISSIBLE_WITNESS,GEOMETRY_ADMISSIBLE,1,1,0,2,c969d1fae316af5c858643e102e83a22451f082036c0af240c6ec3953898b054
8009,91598|134012,61409,90882,"Hamburg-Bergedorf, Germany","Dr. Remeis-Observatory, Bamberg, Germany",FINITE_GEOMETRY_ADMISSIBLE_WITNESS,GEOMETRY_ADMISSIBLE,1,1,0,3,9b112f49e4afa6b1ee4773753f2d7e430c5a31b9c111373a7bedafc5fcd74f1f
8010,91598|134013,61409,90883,"Hamburg-Bergedorf, Germany","Dr. Remeis-Observatory, Bamberg, Germany",FINITE_GEOMETRY_ADMISSIBLE_WITNESS,GEOMETRY_ADMISSIBLE,1,1,0,1,116757b8bacd5e0d799ee1cbf19de7802394472da486b47d65d8b7d73899c1e5
8011,91599|134010,61410,90880,"Hamburg-Bergedorf, Germany","Dr. Remeis-Observatory, Bamberg, Germany",FINITE_GEOMETRY_ADMISSIBLE_WITNESS,GEOMETRY_ADMISSIBLE,1,1,0,1,d0acaa57dd6d84e45d9a6640cbb0a3cd1e5f68ac1b194e1e73ca19de00fb59ee
8012,91599|134011,61410,90881,"Hamburg-Bergedorf, Germany","Dr. Remeis-Observatory, Bamberg, Germany",FINITE_GEOMETRY_ADMISSIBLE_WITNESS,GEOMETRY_ADMISSIBLE,1,1,0,1,fff4a23c207195f27285db9d955b3823d035700f207ee8331a9949d844031d48
8013,91599|134012,61410,90882,"Hamburg-Bergedorf, Germany","Dr. Remeis-Observatory, Bamberg, Germany",FINITE_GEOMETRY_ADMISSIBLE_WITNESS,GEOMETRY_ADMISSIBLE,1,1,0,1,02c75cadbcb3ef0519e4b2ec7fb78e3594ee2936d9e2f926285e7e4b2e09395e
8014,91599|134013,61410,90883,"Hamburg-Bergedorf, Germany","Dr. Remeis-Observatory, Bamberg, Germany",FINITE_GEOMETRY_ADMISSIBLE_WITNESS,GEOMETRY_ADMISSIBLE,1,1,0,1,8ff5b13a6717023638a322c2cb5e1e1d6774282655e44761e5bbca78a330ecae
8015,91600|134010,61411,90880,"Hamburg-Bergedorf, Germany","Dr. Remeis-Observatory, Bamberg, Germany",FINITE_GEOMETRY_ADMISSIBLE_WITNESS,GEOMETRY_ADMISSIBLE,1,1,0,1,d243dc5157af8059dedd34ff0114bacfcf37873fc810f4877f981afc87318af4
8016,91600|134011,61411,90881,"Hamburg-Bergedorf, Germany","Dr. Remeis-Observatory, Bamberg, Germany",FINITE_GEOMETRY_ADMISSIBLE_WITNESS,GEOMETRY_ADMISSIBLE,1,1,0,2,5bb4d63732feef9acaf4e568d58c9346a37f50d63f9e55f68043a152d57274d7
8017,91600|134012,61411,90882,"Hamburg-Bergedorf, Germany","Dr. Remeis-Observatory, Bamberg, Germany",FINITE_GEOMETRY_ADMISSIBLE_WITNESS,GEOMETRY_ADMISSIBLE,1,1,0,2,6325b5d9b8faa19626d5bafc0f7319ba781e3d70bc0e5d9d34146e0efd05082c
8018,91600|134013,61411,90883,"Hamburg-Bergedorf, Germany","Dr. Remeis-Observatory, Bamberg, Germany",FINITE_GEOMETRY_ADMISSIBLE_WITNESS,GEOMETRY_ADMISSIBLE,1,1,0,1,1142bdff6a05442676dcfc913a5b2219c281ecad3a8c97d04c9ef49e75f44a90
8019,91601|134010,61412,90880,"Hamburg-Bergedorf, Germany","Dr. Remeis-Observatory, Bamberg, Germany",FINITE_GEOMETRY_ADMISSIBLE_WITNESS,GEOMETRY_ADMISSIBLE,1,1,0,2,702c9193a10debeef2943937e33f03a1ec76fed76145f9080073c9d5f3c2d184
8020,91601|134011,61412,90881,"Hamburg-Bergedorf, Germany","Dr. Remeis-Observatory, Bamberg, Germany",FINITE_GEOMETRY_ADMISSIBLE_WITNESS,GEOMETRY_ADMISSIBLE,1,1,0,1,ad142dab607d9eff8b232a717d084b6eb9042bccc7a9ce124c25f2105c677d71
8021,91601|134012,61412,90882,"Hamburg-Bergedorf, Germany","Dr. Remeis-Observatory, Bamberg, Germany",FINITE_GEOMETRY_ADMISSIBLE_WITNESS,GEOMETRY_ADMISSIBLE,1,1,0,1,3dc5c525ec500c843a925774d6cbbbf8dbee3980cc4de5559af00a5db5b69380
8022,91601|134013,61412,90883,"Hamburg-Bergedorf, Germany","Dr. Remeis-Observatory, Bamberg, Germany",FINITE_GEOMETRY_ADMISSIBLE_WITNESS,GEOMETRY_ADMISSIBLE,1,1,0,1,e4e8d1363f75813eb593cf15d5e854416e4ec3054dc9051a63a942ae7fa0fbfb
8023,91601|134014,61412,90884,"Hamburg-Bergedorf, Germany","Dr. Remeis-Observatory, Bamberg, Germany",FINITE_GEOMETRY_ADMISSIBLE_WITNESS,GEOMETRY_ADMISSIBLE,1,1,0,2,3239bd815c5e2340dd67b7e6591d0544510635932829a9772424d3c416682fce
8024,91601|134015,61412,90885,"Hamburg-Bergedorf, Germany","Dr. Remeis-Observatory, Bamberg, Germany",FINITE_GEOMETRY_ADMISSIBLE_WITNESS,GEOMETRY_ADMISSIBLE,1,1,0,1,536a1bfd92fb3bb115b3310b6def291a5ee924010b337b897d759ae9ee213e1c
8025,91601|134017,61412,90887,"Hamburg-Bergedorf, Germany","Dr. Remeis-Observatory, Bamberg, Germany",FINITE_GEOMETRY_ADMISSIBLE_WITNESS,GEOMETRY_ADMISSIBLE,1,1,0,3,45e250c97aab03872a319e53307d994aa3f57d00d41b3c094223897553305933
8026,91602|134014,61413,90884,"Hamburg-Bergedorf, Germany","Dr. Remeis-Observatory, Bamberg, Germany",FINITE_GEOMETRY_ADMISSIBLE_WITNESS,GEOMETRY_ADMISSIBLE,1,1,0,2,4c4f64668083ec876096d22a750c32c50ce988ed676aa62c8ca3536ef5526244
8027,91602|134015,61413,90885,"Hamburg-Bergedorf, Germany","Dr. Remeis-Observatory, Bamberg, Germany",FINITE_GEOMETRY_ADMISSIBLE_WITNESS,GEOMETRY_ADMISSIBLE,1,1,0,2,4ba4cfcc48e1d796ac7c88b26d41a2a85c60f129d878ad6a89c92396ef0c786a
8028,91602|134017,61413,90887,"Hamburg-Bergedorf, Germany","Dr. Remeis-Observatory, Bamberg, Germany",FINITE_GEOMETRY_ADMISSIBLE_WITNESS,GEOMETRY_ADMISSIBLE,1,1,0,3,53c6cf6e8225cfd71bc66b620f8b69bb6c92d9cb8596ea59cdc955775f1fd179
8029,91603|134014,61414,90884,"Hamburg-Bergedorf, Germany","Dr. Remeis-Observatory, Bamberg, Germany",FINITE_GEOMETRY_ADMISSIBLE_WITNESS,GEOMETRY_ADMISSIBLE,1,1,0,1,3604e81a01df14372ed5db03df7c0f7e58396be07acba82ee3b7d368dcf8cd5b
8030,91603|134015,61414,90885,"Hamburg-Bergedorf, Germany","Dr. Remeis-Observatory, Bamberg, Germany",FINITE_GEOMETRY_ADMISSIBLE_WITNESS,GEOMETRY_ADMISSIBLE,1,1,0,1,658332dc335c83a9b4ca3f222bf6dd097b5f0c6a9f9c67b367f7ef4239980996
8031,91603|134017,61414,90887,"Hamburg-Bergedorf, Germany","Dr. Remeis-Observatory, Bamberg, Germany",FINITE_GEOMETRY_ADMISSIBLE_WITNESS,GEOMETRY_ADMISSIBLE,1,1,0,1,cf87560c01eb21d0a2b4b4c987e93de63c4153777c9c838dba286a4c3a53c7d1
8032,91604|134018,61415,90888,"Hamburg-Bergedorf, Germany","Dr. Remeis-Observatory, Bamberg, Germany",FINITE_GEOMETRY_ADMISSIBLE_WITNESS,GEOMETRY_ADMISSIBLE,1,1,0,1,214ee527c7c091bea2dd8f9a478d521753f458bcf9f8e92fd9048d62455f2f44
8033,91604|134019,61415,90889,"Hamburg-Bergedorf, Germany","Dr. Remeis-Observatory, Bamberg, Germany",FINITE_GEOMETRY_ADMISSIBLE_WITNESS,GEOMETRY_ADMISSIBLE,1,1,0,3,c1804f3b5183bf0066b608ff6e2c351ccac7fc5fc9bbb1187df1d49426c09076
8034,91604|134020,61415,90890,"Hamburg-Bergedorf, Germany","Dr. Remeis-Observatory, Bamberg, Germany",FINITE_GEOMETRY_ADMISSIBLE_WITNESS,GEOMETRY_ADMISSIBLE,1,1,0,1,6ef023adc1a36e162228b6ee845ebca7c8a1a6529520daf9e6a02e37914226fb
8035,91604|134021,61415,90891,"Hamburg-Bergedorf, Germany","Dr. Remeis-Observatory, Bamberg, Germany",FINITE_GEOMETRY_ADMISSIBLE_WITNESS,GEOMETRY_ADMISSIBLE,1,1,0,1,7de45de43f19529c6c15e41edd9844e2cfbced54415ea401206f8051e9993802
8036,91605|134018,61416,90888,"Hamburg-Bergedorf, Germany","Dr. Remeis-Observatory, Bamberg, Germany",FINITE_GEOMETRY_ADMISSIBLE_WITNESS,GEOMETRY_ADMISSIBLE,1,1,0,1,5167621d78b21ac9911ec0e54dd2860e1daf9089c89d1d184836045e0a979f92
8037,91605|134019,61416,90889,"Hamburg-Bergedorf, Germany","Dr. Remeis-Observatory, Bamberg, Germany",FINITE_GEOMETRY_ADMISSIBLE_WITNESS,GEOMETRY_ADMISSIBLE,1,1,0,1,89d15551ddb1d483fdf24c0ed6f621c63751c15f564c5941b22d0a09e6fd0fc9
8038,91605|134020,61416,90890,"Hamburg-Bergedorf, Germany","Dr. Remeis-Observatory, Bamberg, Germany",FINITE_GEOMETRY_ADMISSIBLE_WITNESS,GEOMETRY_ADMISSIBLE,1,1,0,1,9721391e34f95579bb2768b16dc9f5e3bc6fc187029c5426ad9f3aec91700e1a
8039,91605|134021,61416,90891,"Hamburg-Bergedorf, Germany","Dr. Remeis-Observatory, Bamberg, Germany",FINITE_GEOMETRY_ADMISSIBLE_WITNESS,GEOMETRY_ADMISSIBLE,1,1,0,1,2a08036a3dd6ebcbeb04550dadb4d910a09b0693e4dbb0949a95b56f2bd65607
8040,91606|134018,61417,90888,"Hamburg-Bergedorf, Germany","Dr. Remeis-Observatory, Bamberg, Germany",FINITE_GEOMETRY_ADMISSIBLE_WITNESS,GEOMETRY_ADMISSIBLE,1,1,0,2,a3dab505eb339f6a8e7050f85fc57d3911ef2015dac5cb22ce0c10e123283aac
8041,91606|134019,61417,90889,"Hamburg-Bergedorf, Germany","Dr. Remeis-Observatory, Bamberg, Germany",FINITE_GEOMETRY_ADMISSIBLE_WITNESS,GEOMETRY_ADMISSIBLE,1,1,0,1,55ce87d63dbb6261f2d23258b04f7754d80eb04c605a09f02c36cc5c40c2df63
8042,91606|134020,61417,90890,"Hamburg-Bergedorf, Germany","Dr. Remeis-Observatory, Bamberg, Germany",FINITE_GEOMETRY_ADMISSIBLE_WITNESS,GEOMETRY_ADMISSIBLE,1,1,0,1,c9d5cfc97e9c94cbd32299cede0cf94ff5b6a1bc2e66f9cc137684aad6a6a5a4
8043,91606|134021,61417,90891,"Hamburg-Bergedorf, Germany","Dr. Remeis-Observatory, Bamberg, Germany",FINITE_GEOMETRY_ADMISSIBLE_WITNESS,GEOMETRY_ADMISSIBLE,1,1,0,1,feb492129f252dffdd779b5d2b2482e1261f22404ce0345d8ce9bed1c3498a63
8044,91607|134022,61418,90892,"Hamburg-Bergedorf, Germany","Dr. Remeis-Observatory, Bamberg, Germany",FINITE_GEOMETRY_ADMISSIBLE_WITNESS,GEOMETRY_ADMISSIBLE,1,1,0,1,a493bdcda1a609e333d049ef6b7e1a469184ca8455a2a8e479630206bdfcb1ab
8045,91607|134023,61418,90893,"Hamburg-Bergedorf, Germany","Dr. Remeis-Observatory, Bamberg, Germany",FINITE_GEOMETRY_ADMISSIBLE_WITNESS,GEOMETRY_ADMISSIBLE,1,1,0,2,31dc01d111b28f2d214c6b8c8f86543bd2dbf932fd76b4f99c820b9c47d5700c
8046,91607|134024,61418,90894,"Hamburg-Bergedorf, Germany","Dr. Remeis-Observatory, Bamberg, Germany",FINITE_GEOMETRY_ADMISSIBLE_WITNESS,GEOMETRY_ADMISSIBLE,1,1,0,1,d109fd7caae984d3a1cd0030b8fa42b090b22a985e1addc27521559e90b70171
8047,91607|134025,61418,90895,"Hamburg-Bergedorf, Germany","Dr. Remeis-Observatory, Bamberg, Germany",FINITE_GEOMETRY_ADMISSIBLE_WITNESS,GEOMETRY_ADMISSIBLE,1,1,0,1,19a1e95220d279394de14801db50ad9c5300ed392e2f18c5dc475912a6e38b63
8048,91608|133998,61419,90868,"Hamburg-Bergedorf, Germany","Dr. Remeis-Observatory, Bamberg, Germany",FINITE_GEOMETRY_ADMISSIBLE_WITNESS,GEOMETRY_ADMISSIBLE,1,1,0,1,d534f0a33b5fe2e79044f27ca02f975d239186e3318c6cb11092be5b02797e46
8049,91608|133999,61419,90869,"Hamburg-Bergedorf, Germany","Dr. Remeis-Observatory, Bamberg, Germany",FINITE_GEOMETRY_ADMISSIBLE_WITNESS,GEOMETRY_ADMISSIBLE,1,1,0,2,a136fd09d4c8d902794592db6cc6a48d8d971ad284d081bffcb433b765a37f4e
8050,91608|134000,61419,90870,"Hamburg-Bergedorf, Germany","Dr. Remeis-Observatory, Bamberg, Germany",FINITE_GEOMETRY_ADMISSIBLE_WITNESS,GEOMETRY_ADMISSIBLE,1,1,0,1,4d57b4fafac19d7dc905d58942db2d61e70a0402e67c4c1b9124f12b216a5bcc
8051,91608|134001,61419,90871,"Hamburg-Bergedorf, Germany","Dr. Remeis-Observatory, Bamberg, Germany",FINITE_GEOMETRY_ADMISSIBLE_WITNESS,GEOMETRY_ADMISSIBLE,1,1,0,1,5846ca4cbee3c05baf0533cf251bb2bd0001a72ff3472cc9a98e7a53478539a3
8052,91608|134022,61419,90892,"Hamburg-Bergedorf, Germany","Dr. Remeis-Observatory, Bamberg, Germany",FINITE_GEOMETRY_ADMISSIBLE_WITNESS,GEOMETRY_ADMISSIBLE,1,1,0,1,804b3b72113b15b3b027ae8b9b47d55027a85bf38d0cebd549a3416e230ee080
8053,91608|134023,61419,90893,"Hamburg-Bergedorf, Germany","Dr. Remeis-Observatory, Bamberg, Germany",FINITE_GEOMETRY_ADMISSIBLE_WITNESS,GEOMETRY_ADMISSIBLE,1,1,0,1,898c634d563bbcd091629e506323d832369c81780db21fae2b1ceb6dbf877734
8054,91608|134024,61419,90894,"Hamburg-Bergedorf, Germany","Dr. Remeis-Observatory, Bamberg, Germany",FINITE_GEOMETRY_ADMISSIBLE_WITNESS,GEOMETRY_ADMISSIBLE,1,1,0,1,55101ff44313b77f729369d1d188c1e4e225a3332c2a623b098b182061f185d6
8055,91608|134025,61419,90895,"Hamburg-Bergedorf, Germany","Dr. Remeis-Observatory, Bamberg, Germany",FINITE_GEOMETRY_ADMISSIBLE_WITNESS,GEOMETRY_ADMISSIBLE,1,1,0,1,89e4b7762e2810a313ba2d160c98ac000366539f7d92d80b4a29dde808dfd1ab
8056,91609|133998,61420,90868,"Hamburg-Bergedorf, Germany","Dr. Remeis-Observatory, Bamberg, Germany",FINITE_GEOMETRY_ADMISSIBLE_WITNESS,GEOMETRY_ADMISSIBLE,1,1,0,1,d3a3761df6bd3d157f734b36cc426d069c39faa2c781e861bcc05d9f139759a1
8057,91609|133999,61420,90869,"Hamburg-Bergedorf, Germany","Dr. Remeis-Observatory, Bamberg, Germany",FINITE_GEOMETRY_ADMISSIBLE_WITNESS,GEOMETRY_ADMISSIBLE,1,1,0,1,145827474c4c35bd7896ab13532b7a18dc4eef3d00747fb79d35b72e2e70f3ac
8058,91609|134000,61420,90870,"Hamburg-Bergedorf, Germany","Dr. Remeis-Observatory, Bamberg, Germany",FINITE_GEOMETRY_ADMISSIBLE_WITNESS,GEOMETRY_ADMISSIBLE,1,1,0,2,d82e4cfb69c6592669002a9399a1f707f8f09d36dbb02be13161513b663a3ad5
8059,91609|134001,61420,90871,"Hamburg-Bergedorf, Germany","Dr. Remeis-Observatory, Bamberg, Germany",FINITE_GEOMETRY_ADMISSIBLE_WITNESS,GEOMETRY_ADMISSIBLE,1,1,0,2,6148c865495fb08d22e0972a48383d1b009bbd2d86096f7db599a66fb1dd1e96
8060,91609|134022,61420,90892,"Hamburg-Bergedorf, Germany","Dr. Remeis-Observatory, Bamberg, Germany",FINITE_GEOMETRY_ADMISSIBLE_WITNESS,GEOMETRY_ADMISSIBLE,1,1,0,2,4d69d50762686bb7e14382c216bdbba60ba244f3a39d8be3e4a78dcee4dbb21e
8061,91609|134023,61420,90893,"Hamburg-Bergedorf, Germany","Dr. Remeis-Observatory, Bamberg, Germany",FINITE_GEOMETRY_ADMISSIBLE_WITNESS,GEOMETRY_ADMISSIBLE,1,1,0,2,b4b17e0333195a9af061c547d272c7cc7fe7087958cbf7d7824f10fdd9ac6437
8062,91609|134024,61420,90894,"Hamburg-Bergedorf, Germany","Dr. Remeis-Observatory, Bamberg, Germany",FINITE_GEOMETRY_ADMISSIBLE_WITNESS,GEOMETRY_ADMISSIBLE,1,1,0,1,25f2dba4b8bf921db677115e97f17ffaa8e931fb53b8313ab03826627738a8d6
8063,91609|134025,61420,90895,"Hamburg-Bergedorf, Germany","Dr. Remeis-Observatory, Bamberg, Germany",FINITE_GEOMETRY_ADMISSIBLE_WITNESS,GEOMETRY_ADMISSIBLE,1,1,0,1,935461e47fc5088fd9fdd8e73394fadf45c6b0a0d85652e5bf32d24ec539281c
8064,91649|134194,61460,91064,"Hamburg-Bergedorf, Germany","Dr. Remeis-Observatory, Bamberg, Germany",FINITE_GEOMETRY_ADMISSIBLE_WITNESS,GEOMETRY_ADMISSIBLE,1,1,0,1,0c7fcea04d3580b6d5d65ca4d968cba4630c065a5f6daeea3c552dfba5fe43e6
8065,91649|134195,61460,91065,"Hamburg-Bergedorf, Germany","Dr. Remeis-Observatory, Bamberg, Germany",FINITE_GEOMETRY_ADMISSIBLE_WITNESS,GEOMETRY_ADMISSIBLE,1,1,0,1,0d31df778a5ef361f4bb8f5be4797754025937979d6111febd5326e4a68d3d27
8066,91649|134196,61460,91066,"Hamburg-Bergedorf, Germany","Dr. Remeis-Observatory, Bamberg, Germany",FINITE_GEOMETRY_ADMISSIBLE_WITNESS,GEOMETRY_ADMISSIBLE,1,1,0,1,e44f9abc8ac0f24e9cc49707d9d5968dd870a2e47b2d2740d599cf8cf070f4ee
8067,91649|134197,61460,91067,"Hamburg-Bergedorf, Germany","Dr. Remeis-Observatory, Bamberg, Germany",FINITE_GEOMETRY_ADMISSIBLE_WITNESS,GEOMETRY_ADMISSIBLE,1,1,0,1,6910a60bdcd11193fd630d1390c94266e9348ebcf219eca488d24dd5a61bc523
8072,91651|134198,61462,91068,"Hamburg-Bergedorf, Germany","Dr. Remeis-Observatory, Bamberg, Germany",FINITE_GEOMETRY_ADMISSIBLE_WITNESS,GEOMETRY_ADMISSIBLE,1,1,0,3,be7a5e3709111fbd4f8dfdaea1b8f14660b256d7ca4a926fa40688b7ef014776
8073,91651|134199,61462,91069,"Hamburg-Bergedorf, Germany","Dr. Remeis-Observatory, Bamberg, Germany",FINITE_GEOMETRY_ADMISSIBLE_WITNESS,GEOMETRY_ADMISSIBLE,1,1,0,1,b24e7efabe77b345fd31571262dca20fafdd537522157fba2cc09d3d859f1b7e
8074,91651|134200,61462,91070,"Hamburg-Bergedorf, Germany","Dr. Remeis-Observatory, Bamberg, Germany",FINITE_GEOMETRY_ADMISSIBLE_WITNESS,GEOMETRY_ADMISSIBLE,1,1,0,1,7687567dcfaeb23d8831817fc254b7da63a8e18b60c30f1c2118d4d78867466f
8075,91651|134201,61462,91071,"Hamburg-Bergedorf, Germany","Dr. Remeis-Observatory, Bamberg, Germany",FINITE_GEOMETRY_ADMISSIBLE_WITNESS,GEOMETRY_ADMISSIBLE,1,1,0,2,60b41ca5d8b3fcc4f4c9e089f2e11e9ef850a73a3b8d6d8f56c0fa9ce78d5210
8082,91655|134437,61466,91307,"Hamburg-Bergedorf, Germany","Dr. Remeis-Observatory, Bamberg, Germany",FINITE_GEOMETRY_ADMISSIBLE_WITNESS,GEOMETRY_ADMISSIBLE,1,1,0,1,8a44dacec91b43a1e6b84466c430ca79f9cee6533d57d7ea4a74754e87b632d9
8085,91656|134437,61467,91307,"Hamburg-Bergedorf, Germany","Dr. Remeis-Observatory, Bamberg, Germany",FINITE_GEOMETRY_ADMISSIBLE_WITNESS,GEOMETRY_ADMISSIBLE,1,1,0,1,20a9edb73c6b51c8734623fbd34b55080621526c35dee5e0bc6e0ef602b51561
8086,91657|134438,61468,91308,"Hamburg-Bergedorf, Germany","Dr. Remeis-Observatory, Bamberg, Germany",FINITE_GEOMETRY_ADMISSIBLE_WITNESS,GEOMETRY_ADMISSIBLE,1,1,0,1,bc61fe26604883afaa3111da1fd87965e54e9ce4e26086d495cceb2b4f655795
8088,91657|134440,61468,91310,"Hamburg-Bergedorf, Germany","Dr. Remeis-Observatory, Bamberg, Germany",FINITE_GEOMETRY_ADMISSIBLE_WITNESS,GEOMETRY_ADMISSIBLE,1,1,0,2,daa2783167ef127452d749a2c242efbde6fe36bce92e181e284b00d260a36ae2
8089,91657|134441,61468,91311,"Hamburg-Bergedorf, Germany","Dr. Remeis-Observatory, Bamberg, Germany",FINITE_GEOMETRY_ADMISSIBLE_WITNESS,GEOMETRY_ADMISSIBLE,1,1,0,1,9753c5ce95e4665fe052cf2d1ac3d446e5c6fa7228438f1e48b162db015a3c5d
8090,91658|134462,61469,91332,"Hamburg-Bergedorf, Germany","Dr. Remeis-Observatory, Bamberg, Germany",FINITE_GEOMETRY_ADMISSIBLE_WITNESS,GEOMETRY_ADMISSIBLE,1,1,0,1,c94ee3e14ea48c646335f2751ad9beed317771703dd6413c30854ade9a987e12
8091,91658|134463,61469,91333,"Hamburg-Bergedorf, Germany","Dr. Remeis-Observatory, Bamberg, Germany",FINITE_GEOMETRY_ADMISSIBLE_WITNESS,GEOMETRY_ADMISSIBLE,1,1,0,1,261b224cef81103801f79b13c743b5d7551dca9ad576fa752cd1845693c95880
8092,91658|134465,61469,91335,"Hamburg-Bergedorf, Germany","Dr. Remeis-Observatory, Bamberg, Germany",FINITE_GEOMETRY_ADMISSIBLE_WITNESS,GEOMETRY_ADMISSIBLE,1,1,0,3,c69b7824f22e1b8eae051f854d8696d08e31c027f21d68ce84c8bca2111bd727
8093,91659|134462,61470,91332,"Hamburg-Bergedorf, Germany","Dr. Remeis-Observatory, Bamberg, Germany",FINITE_GEOMETRY_ADMISSIBLE_WITNESS,GEOMETRY_ADMISSIBLE,1,1,0,1,1866cd4bf8d81168744870571f097512d9aecbfa844bac488870c4ee8ea1520b
8094,91659|134463,61470,91333,"Hamburg-Bergedorf, Germany","Dr. Remeis-Observatory, Bamberg, Germany",FINITE_GEOMETRY_ADMISSIBLE_WITNESS,GEOMETRY_ADMISSIBLE,1,1,0,2,bb913bd2cd2983a60646422bfc6d0180ef4020c80a9ae2e49e1c44ee85f8d90f
8095,91659|134465,61470,91335,"Hamburg-Bergedorf, Germany","Dr. Remeis-Observatory, Bamberg, Germany",FINITE_GEOMETRY_ADMISSIBLE_WITNESS,GEOMETRY_ADMISSIBLE,1,1,0,2,4c38169f4c073b613d993477807d5e4e1ff445414823291614d0783d57e7eb8d
8096,91660|134466,61471,91336,"Hamburg-Bergedorf, Germany","Dr. Remeis-Observatory, Bamberg, Germany",FINITE_GEOMETRY_ADMISSIBLE_WITNESS,GEOMETRY_ADMISSIBLE,1,1,0,1,69752e08c504a43691f84a66fc2cb99f9e4c32d9515b4797358e5be9eef992ad
8098,91660|134468,61471,91338,"Hamburg-Bergedorf, Germany","Dr. Remeis-Observatory, Bamberg, Germany",FINITE_GEOMETRY_ADMISSIBLE_WITNESS,GEOMETRY_ADMISSIBLE,1,1,0,1,2ec5671502d42e655f7a8c7e5c56a8d9fe41801ca7ff4e6f5724078291fd6902
8099,91661|134466,61472,91336,"Hamburg-Bergedorf, Germany","Dr. Remeis-Observatory, Bamberg, Germany",FINITE_GEOMETRY_ADMISSIBLE_WITNESS,GEOMETRY_ADMISSIBLE,1,1,0,1,028e4622ff391676e9db9f2ab2e94cd3be0045c2d921cd9fcf5a3c006af29e67
8100,91661|134467,61472,91337,"Hamburg-Bergedorf, Germany","Dr. Remeis-Observatory, Bamberg, Germany",FINITE_GEOMETRY_ADMISSIBLE_WITNESS,GEOMETRY_ADMISSIBLE,1,1,0,2,248a684a92d493bb24046409a7d09780a336f0f48dc7ff765c693e6b4a5f96e8
8101,91661|134468,61472,91338,"Hamburg-Bergedorf, Germany","Dr. Remeis-Observatory, Bamberg, Germany",FINITE_GEOMETRY_ADMISSIBLE_WITNESS,GEOMETRY_ADMISSIBLE,1,1,0,1,c644c09cdc063765b2f5714ff1fdd4ed27b2de17d83b345387ee66a30d1ad438
8102,91662|134466,61473,91336,"Hamburg-Bergedorf, Germany","Dr. Remeis-Observatory, Bamberg, Germany",FINITE_GEOMETRY_ADMISSIBLE_WITNESS,GEOMETRY_ADMISSIBLE,1,1,0,1,13b73bf0ebc884d45da22001aed8bcf95db1816bbd7a9205b686505c7b5ab7b7
8103,91662|134467,61473,91337,"Hamburg-Bergedorf, Germany","Dr. Remeis-Observatory, Bamberg, Germany",FINITE_GEOMETRY_ADMISSIBLE_WITNESS,GEOMETRY_ADMISSIBLE,1,1,0,1,e185078406725aa57e55fbb4fc161a3db345e731e35c3e49739a43f9352f05a5
8104,91662|134468,61473,91338,"Hamburg-Bergedorf, Germany","Dr. Remeis-Observatory, Bamberg, Germany",FINITE_GEOMETRY_ADMISSIBLE_WITNESS,GEOMETRY_ADMISSIBLE,1,1,0,1,79d0ea2a413a9400e22f8a05bf7051a18e0348724c5cce0269a1347a633fa335
8105,91662|134470,61473,91340,"Hamburg-Bergedorf, Germany","Dr. Remeis-Observatory, Bamberg, Germany",FINITE_GEOMETRY_ADMISSIBLE_WITNESS,GEOMETRY_ADMISSIBLE,1,1,0,1,b3d36017008cd7e311bdb32fc27d3ada747852355be8f782fc8cb8bb2c9bddba
8107,91662|134472,61473,91342,"Hamburg-Bergedorf, Germany","Dr. Remeis-Observatory, Bamberg, Germany",FINITE_GEOMETRY_ADMISSIBLE_WITNESS,GEOMETRY_ADMISSIBLE,1,1,0,1,57ab801b6a252346290492dcbfe50ffbea0265ea599d6e351c95ad8d77604825
8108,91662|134473,61473,91343,"Hamburg-Bergedorf, Germany","Dr. Remeis-Observatory, Bamberg, Germany",FINITE_GEOMETRY_ADMISSIBLE_WITNESS,GEOMETRY_ADMISSIBLE,1,1,0,1,6e0c5749bb2c8da4a01800c77ffc6f88506a9f2914ceb6126238853f1bcfe776
8109,91663|134470,61474,91340,"Hamburg-Bergedorf, Germany","Dr. Remeis-Observatory, Bamberg, Germany",FINITE_GEOMETRY_ADMISSIBLE_WITNESS,GEOMETRY_ADMISSIBLE,1,1,0,1,76779d05349fca6e170d1ebaed2d60250a22401b90a496cb3de0de9432e07848
8110,91663|134471,61474,91341,"Hamburg-Bergedorf, Germany","Dr. Remeis-Observatory, Bamberg, Germany",FINITE_GEOMETRY_ADMISSIBLE_WITNESS,GEOMETRY_ADMISSIBLE,1,1,0,1,06b3470cccaf46ea974512b9f1345684c9ecebd940fa090d4dc14baf37af78ab
8111,91663|134472,61474,91342,"Hamburg-Bergedorf, Germany","Dr. Remeis-Observatory, Bamberg, Germany",FINITE_GEOMETRY_ADMISSIBLE_WITNESS,GEOMETRY_ADMISSIBLE,1,1,0,2,5765ba901c3f95cc7d345d16b642eb11f411a5a9726011711227929d5d1d971d
8112,91663|134473,61474,91343,"Hamburg-Bergedorf, Germany","Dr. Remeis-Observatory, Bamberg, Germany",FINITE_GEOMETRY_ADMISSIBLE_WITNESS,GEOMETRY_ADMISSIBLE,1,1,0,2,19aee4ab64074a5ad332542e7d7c7a5ddf0e6596d00b03d39685e246a5ed7fe8
8113,91664|134523,61475,91393,"Hamburg-Bergedorf, Germany","Dr. Remeis-Observatory, Bamberg, Germany",FINITE_GEOMETRY_ADMISSIBLE_WITNESS,GEOMETRY_ADMISSIBLE,1,1,0,2,b5ce300c7d508564ffe4ac78c1a2925648038dc6c64544d5de47e91b04a9dcfc
8114,91664|134524,61475,91394,"Hamburg-Bergedorf, Germany","Dr. Remeis-Observatory, Bamberg, Germany",FINITE_GEOMETRY_ADMISSIBLE_WITNESS,GEOMETRY_ADMISSIBLE,1,1,0,1,72fac0917473175bf2648bcf97e34062474c9c451e613f480771401cc64c37d3
8115,91664|134526,61475,91396,"Hamburg-Bergedorf, Germany","Dr. Remeis-Observatory, Bamberg, Germany",FINITE_GEOMETRY_ADMISSIBLE_WITNESS,GEOMETRY_ADMISSIBLE,1,1,0,1,9b9ea0e5a37e4012db92a756e962cb2bd2394015e7fa00ccbeff3e79ae72eb38
8120,91668|134937,61479,91807,"Hamburg-Bergedorf, Germany","Dr. Remeis-Observatory, Bamberg, Germany",FINITE_GEOMETRY_ADMISSIBLE_WITNESS,GEOMETRY_ADMISSIBLE,1,1,0,1,695663fb00afed43b8a9261fd86056fb69be3485ad3d7c23379e091cccdc846f
8122,91668|134939,61479,91809,"Hamburg-Bergedorf, Germany","Dr. Remeis-Observatory, Bamberg, Germany",FINITE_GEOMETRY_ADMISSIBLE_WITNESS,GEOMETRY_ADMISSIBLE,1,1,0,1,36bf607b7e350e102991c6746795b8555620a96516f93bef809eae240a5f9412
8123,91668|134940,61479,91810,"Hamburg-Bergedorf, Germany","Dr. Remeis-Observatory, Bamberg, Germany",FINITE_GEOMETRY_ADMISSIBLE_WITNESS,GEOMETRY_ADMISSIBLE,1,1,0,1,39abef8f314bd22f83628837147098c260923ecac187d5bab459551a91b98212
8124,91669|134937,61480,91807,"Hamburg-Bergedorf, Germany","Dr. Remeis-Observatory, Bamberg, Germany",FINITE_GEOMETRY_ADMISSIBLE_WITNESS,GEOMETRY_ADMISSIBLE,1,1,0,1,d5a80bf867c2d0743d81798bdb391ee1abaeab0db9ac2e9889e8ec3dc62e136c
8125,91669|134938,61480,91808,"Hamburg-Bergedorf, Germany","Dr. Remeis-Observatory, Bamberg, Germany",FINITE_GEOMETRY_ADMISSIBLE_WITNESS,GEOMETRY_ADMISSIBLE,1,1,0,2,be472f5a046d688f204ab57eb1db0103859148a62f269349704ea910698c2ed0
8126,91669|134939,61480,91809,"Hamburg-Bergedorf, Germany","Dr. Remeis-Observatory, Bamberg, Germany",FINITE_GEOMETRY_ADMISSIBLE_WITNESS,GEOMETRY_ADMISSIBLE,1,1,0,1,a3b16e86dc48c9ab4bdf27456bd99a045cecc2fa9ab2be0600b9c13f3300c7d4
8127,91669|134940,61480,91810,"Hamburg-Bergedorf, Germany","Dr. Remeis-Observatory, Bamberg, Germany",FINITE_GEOMETRY_ADMISSIBLE_WITNESS,GEOMETRY_ADMISSIBLE,1,1,0,1,ab187f90359fe5cc9fad3c603988c409dfca80e7e39106089dd42e709f154281
8128,91670|134937,61481,91807,"Hamburg-Bergedorf, Germany","Dr. Remeis-Observatory, Bamberg, Germany",FINITE_GEOMETRY_ADMISSIBLE_WITNESS,GEOMETRY_ADMISSIBLE,1,1,0,1,113a11e0deb7d8d9505d41f78764475eb3badb6a512dde63143efe29c9f7e044
8129,91670|134938,61481,91808,"Hamburg-Bergedorf, Germany","Dr. Remeis-Observatory, Bamberg, Germany",FINITE_GEOMETRY_ADMISSIBLE_WITNESS,GEOMETRY_ADMISSIBLE,1,1,0,1,3f0c7fcc9f28bd1ee761cd3c8763c687f44ce629af744110d2864c5e157f84bd
8130,91670|134939,61481,91809,"Hamburg-Bergedorf, Germany","Dr. Remeis-Observatory, Bamberg, Germany",FINITE_GEOMETRY_ADMISSIBLE_WITNESS,GEOMETRY_ADMISSIBLE,1,1,0,1,289486385189af44b920f499c1914484a57996018cbdc41d45dbca56e7791371
8131,91670|134940,61481,91810,"Hamburg-Bergedorf, Germany","Dr. Remeis-Observatory, Bamberg, Germany",FINITE_GEOMETRY_ADMISSIBLE_WITNESS,GEOMETRY_ADMISSIBLE,1,1,0,1,f044649ab07928f1a83514a85b1076255bcd6ee5bff2e7266f047be9df96314b
8132,91671|134941,61482,91811,"Hamburg-Bergedorf, Germany","Dr. Remeis-Observatory, Bamberg, Germany",FINITE_GEOMETRY_ADMISSIBLE_WITNESS,GEOMETRY_ADMISSIBLE,1,1,0,1,c2de3487c0c1e96fb980a1a4dd7d08774465ea7546b453ca91ad180d38700a0b
8133,91671|134942,61482,91812,"Hamburg-Bergedorf, Germany","Dr. Remeis-Observatory, Bamberg, Germany",FINITE_GEOMETRY_ADMISSIBLE_WITNESS,GEOMETRY_ADMISSIBLE,1,1,0,1,34b37eb46f474a2e4dac9434b00dd58cb680536d88e29a92b22e61c0e17b7350
8134,91671|134943,61482,91813,"Hamburg-Bergedorf, Germany","Dr. Remeis-Observatory, Bamberg, Germany",FINITE_GEOMETRY_ADMISSIBLE_WITNESS,GEOMETRY_ADMISSIBLE,1,1,0,1,9adc35ec9e021232cf249ee95438a5947fac2786ae25c644d36b58eb617a5bbe
8135,91671|134944,61482,91814,"Hamburg-Bergedorf, Germany","Dr. Remeis-Observatory, Bamberg, Germany",FINITE_GEOMETRY_ADMISSIBLE_WITNESS,GEOMETRY_ADMISSIBLE,1,1,0,1,432b48bf73eea9501fba5989476eaa4cebe7640bfb1cf0d2692415e58a621458
8136,91672|134945,61483,91815,"Hamburg-Bergedorf, Germany","Dr. Remeis-Observatory, Bamberg, Germany",FINITE_GEOMETRY_ADMISSIBLE_WITNESS,GEOMETRY_ADMISSIBLE,1,1,0,1,f2a86831c503ad7a2eca2d9456f8c06d4c4e5ff1e05e60c782538f9822ee8e51
8137,91672|134946,61483,91816,"Hamburg-Bergedorf, Germany","Dr. Remeis-Observatory, Bamberg, Germany",FINITE_GEOMETRY_ADMISSIBLE_WITNESS,GEOMETRY_ADMISSIBLE,1,1,0,1,3f84c475a1181335ab837e1b09a2706459fa4b4cb4338dd6b1b1d29a8e5ca4ea
8138,91673|134945,61484,91815,"Hamburg-Bergedorf, Germany","Dr. Remeis-Observatory, Bamberg, Germany",FINITE_GEOMETRY_ADMISSIBLE_WITNESS,GEOMETRY_ADMISSIBLE,1,1,0,1,87ee7528772f78cad0563b5b96c57b4781d50b0b804234ddb28c538ef8740fb6
8139,91673|134946,61484,91816,"Hamburg-Bergedorf, Germany","Dr. Remeis-Observatory, Bamberg, Germany",FINITE_GEOMETRY_ADMISSIBLE_WITNESS,GEOMETRY_ADMISSIBLE,1,1,0,1,738f19d86cf7a4c4d07c4f92e8a4b24df513424283b17613eef3708518e76856
8140,91674|134945,61485,91815,"Hamburg-Bergedorf, Germany","Dr. Remeis-Observatory, Bamberg, Germany",FINITE_GEOMETRY_ADMISSIBLE_WITNESS,GEOMETRY_ADMISSIBLE,1,1,0,3,2d4e4a5cc7a99ba5ea34ed46d448d99393bfd10915882777df7367c271af0266
8141,91674|134946,61485,91816,"Hamburg-Bergedorf, Germany","Dr. Remeis-Observatory, Bamberg, Germany",FINITE_GEOMETRY_ADMISSIBLE_WITNESS,GEOMETRY_ADMISSIBLE,1,1,0,1,eeb3d076c2878328a08ac3b036d959a30592c8e4f66c128a590ad5ec5a6f93b1
8142,91675|134973,61486,91843,"Hamburg-Bergedorf, Germany","Dr. Remeis-Observatory, Bamberg, Germany",FINITE_GEOMETRY_ADMISSIBLE_WITNESS,GEOMETRY_ADMISSIBLE,1,1,0,2,5c367734d052a2dd13f87245286f2d296f19131777dd90636ce3770ecbe14c4f
8143,91675|134974,61486,91844,"Hamburg-Bergedorf, Germany","Dr. Remeis-Observatory, Bamberg, Germany",FINITE_GEOMETRY_ADMISSIBLE_WITNESS,GEOMETRY_ADMISSIBLE,1,1,0,1,6b36d5398dcb8ecf4c11c8a3542095958919bcec9b202564b47abd6949fe07a5
8144,91675|134975,61486,91845,"Hamburg-Bergedorf, Germany","Dr. Remeis-Observatory, Bamberg, Germany",FINITE_GEOMETRY_ADMISSIBLE_WITNESS,GEOMETRY_ADMISSIBLE,1,1,0,1,b727e344fee8cfdb630d42b3c0c14b4c3243387e4a578e849ab95eadb608a907
8146,91676|134977,61487,91847,"Hamburg-Bergedorf, Germany","Dr. Remeis-Observatory, Bamberg, Germany",FINITE_GEOMETRY_ADMISSIBLE_WITNESS,GEOMETRY_ADMISSIBLE,1,1,0,1,814d4b7568a511b55ae0d1d485cb0324eb0bcc5c3519a677b943f4663503fb65
8147,91676|134978,61487,91848,"Hamburg-Bergedorf, Germany","Dr. Remeis-Observatory, Bamberg, Germany",FINITE_GEOMETRY_ADMISSIBLE_WITNESS,GEOMETRY_ADMISSIBLE,1,1,0,1,7d74c775a18c29df1ee8b86e6df6708ff420ebd4355b07bf46e6e596be2cf190
8148,91676|134979,61487,91849,"Hamburg-Bergedorf, Germany","Dr. Remeis-Observatory, Bamberg, Germany",FINITE_GEOMETRY_ADMISSIBLE_WITNESS,GEOMETRY_ADMISSIBLE,1,1,0,2,02aa0e5f37116300f2a87f93c8592bb360e2d17e85d5a87aae860c80e84db393
8149,91676|134980,61487,91850,"Hamburg-Bergedorf, Germany","Dr. Remeis-Observatory, Bamberg, Germany",FINITE_GEOMETRY_ADMISSIBLE_WITNESS,GEOMETRY_ADMISSIBLE,1,1,0,1,701dba4780b6ad3b3b88e4f55f411b541184f6a8631e5b439cca1a5f095cb718
8150,91677|134977,61488,91847,"Hamburg-Bergedorf, Germany","Dr. Remeis-Observatory, Bamberg, Germany",FINITE_GEOMETRY_ADMISSIBLE_WITNESS,GEOMETRY_ADMISSIBLE,1,1,0,1,b1c81c4602f5448be6593b5eabe9cea835693f9bba13ec984eb4ef5b39c76706
8151,91677|134978,61488,91848,"Hamburg-Bergedorf, Germany","Dr. Remeis-Observatory, Bamberg, Germany",FINITE_GEOMETRY_ADMISSIBLE_WITNESS,GEOMETRY_ADMISSIBLE,1,1,0,2,b41492e886901763f741db2a5aacbb5d46a16faa409ff4c62fb24ac2c313a636
8152,91677|134979,61488,91849,"Hamburg-Bergedorf, Germany","Dr. Remeis-Observatory, Bamberg, Germany",FINITE_GEOMETRY_ADMISSIBLE_WITNESS,GEOMETRY_ADMISSIBLE,1,1,0,1,41b04e50eeea984588c0091e7c5ab4ef5da252f96677cec20170a3b53919620a
8153,91677|134980,61488,91850,"Hamburg-Bergedorf, Germany","Dr. Remeis-Observatory, Bamberg, Germany",FINITE_GEOMETRY_ADMISSIBLE_WITNESS,GEOMETRY_ADMISSIBLE,1,1,0,1,25dc1846a13069b95e9353bf472a154e16a9efcf3ed33dc07a2c0346ede3289b
8154,91678|135060,61489,91930,"Hamburg-Bergedorf, Germany","Dr. Remeis-Observatory, Bamberg, Germany",FINITE_GEOMETRY_ADMISSIBLE_WITNESS,GEOMETRY_ADMISSIBLE,1,1,0,1,b3a7f2cc5f5e360ed420369beeacf0aafaaff9450a96db10e87d8470166f0b84
8155,91678|135061,61489,91931,"Hamburg-Bergedorf, Germany","Dr. Remeis-Observatory, Bamberg, Germany",FINITE_GEOMETRY_ADMISSIBLE_WITNESS,GEOMETRY_ADMISSIBLE,1,1,0,3,b62d8e8f6abe7b183e1b80b6fe981c1339199297cb9fc47ff844e00342cb1ed4
8156,91678|135062,61489,91932,"Hamburg-Bergedorf, Germany","Dr. Remeis-Observatory, Bamberg, Germany",FINITE_GEOMETRY_ADMISSIBLE_WITNESS,GEOMETRY_ADMISSIBLE,1,1,0,1,a8589c4d50338d17cfaf0331ce4cd9a76654eb2fdabd5636bad8e259fd582abb
8157,91679|135060,61490,91930,"Hamburg-Bergedorf, Germany","Dr. Remeis-Observatory, Bamberg, Germany",FINITE_GEOMETRY_ADMISSIBLE_WITNESS,GEOMETRY_ADMISSIBLE,1,1,0,1,0ac503162d49ce8f73b4915a86ce6fd53ba1d52878b69d923aab436b9c732052
8158,91679|135061,61490,91931,"Hamburg-Bergedorf, Germany","Dr. Remeis-Observatory, Bamberg, Germany",FINITE_GEOMETRY_ADMISSIBLE_WITNESS,GEOMETRY_ADMISSIBLE,1,1,0,1,df36f5360dd3adfca0620eae32d2500f76deeb5bad0cef33e6d0c594dba81c21
8159,91679|135062,61490,91932,"Hamburg-Bergedorf, Germany","Dr. Remeis-Observatory, Bamberg, Germany",FINITE_GEOMETRY_ADMISSIBLE_WITNESS,GEOMETRY_ADMISSIBLE,1,1,0,1,d686bdbab3ce9d8e71371834ba7e2ea001fe4c2a19ed804bc7aac83d51a61c9c
8160,91680|135080,61491,91950,"Hamburg-Bergedorf, Germany","Dr. Remeis-Observatory, Bamberg, Germany",FINITE_GEOMETRY_ADMISSIBLE_WITNESS,GEOMETRY_ADMISSIBLE,1,1,0,2,a75076aecf1a9fe44c570218d263d135cd60eaa1c767d1d45f0f462630d2f4e1
8161,91680|135081,61491,91951,"Hamburg-Bergedorf, Germany","Dr. Remeis-Observatory, Bamberg, Germany",FINITE_GEOMETRY_ADMISSIBLE_WITNESS,GEOMETRY_ADMISSIBLE,1,1,0,1,85ee77ed70dccc2759d881d2b69da19a5df3713a87a3365240f0e1d0da107ce2
8162,91680|135082,61491,91952,"Hamburg-Bergedorf, Germany","Dr. Remeis-Observatory, Bamberg, Germany",FINITE_GEOMETRY_ADMISSIBLE_WITNESS,GEOMETRY_ADMISSIBLE,1,1,0,1,b689000c1b014b0db7f7ebc87293228923d7db303fcde8203d560a9a581903cf
8163,91680|135083,61491,91953,"Hamburg-Bergedorf, Germany","Dr. Remeis-Observatory, Bamberg, Germany",FINITE_GEOMETRY_ADMISSIBLE_WITNESS,GEOMETRY_ADMISSIBLE,1,1,0,2,8c92894fe03b143a0886cae8e8949928203960254790ad3e3cfbf4106a286637
8164,91681|135084,61492,91954,"Hamburg-Bergedorf, Germany","Dr. Remeis-Observatory, Bamberg, Germany",FINITE_GEOMETRY_ADMISSIBLE_WITNESS,GEOMETRY_ADMISSIBLE,1,1,0,2,366f5381aa78e62765690f2dbe67045bc36cfd7a314a6e2ca4fdbdc15765684e
8166,91681|135086,61492,91956,"Hamburg-Bergedorf, Germany","Dr. Remeis-Observatory, Bamberg, Germany",FINITE_GEOMETRY_ADMISSIBLE_WITNESS,GEOMETRY_ADMISSIBLE,1,1,0,1,eeb14352a1ba1e31e159cceb7f3e32428ae727944424ccc8f5b1e4cda1f24c72
8167,91681|135087,61492,91957,"Hamburg-Bergedorf, Germany","Dr. Remeis-Observatory, Bamberg, Germany",FINITE_GEOMETRY_ADMISSIBLE_WITNESS,GEOMETRY_ADMISSIBLE,1,1,0,2,283a08ae354a48e899095063d678d590edf4d319820a4fc05b1236f8df1f6719
8168,91682|135084,61493,91954,"Hamburg-Bergedorf, Germany","Dr. Remeis-Observatory, Bamberg, Germany",FINITE_GEOMETRY_ADMISSIBLE_WITNESS,GEOMETRY_ADMISSIBLE,1,1,0,3,f67997e963f28625c7c5c275171c179228e151c006c7a6a342bbcd219a78c09e
8169,91682|135085,61493,91955,"Hamburg-Bergedorf, Germany","Dr. Remeis-Observatory, Bamberg, Germany",FINITE_GEOMETRY_ADMISSIBLE_WITNESS,GEOMETRY_ADMISSIBLE,1,1,0,1,88681fe6c78b9fe37d58db122f27f56b77d61895dea486cd5868d4697f201216
8170,91682|135086,61493,91956,"Hamburg-Bergedorf, Germany","Dr. Remeis-Observatory, Bamberg, Germany",FINITE_GEOMETRY_ADMISSIBLE_WITNESS,GEOMETRY_ADMISSIBLE,1,1,0,2,c4fbca4803ead626cbdd3dc95a43f526c3cb2c328c468fe15389b1de6b493267
8171,91682|135087,61493,91957,"Hamburg-Bergedorf, Germany","Dr. Remeis-Observatory, Bamberg, Germany",FINITE_GEOMETRY_ADMISSIBLE_WITNESS,GEOMETRY_ADMISSIBLE,1,1,0,1,259ed05e301d9983a1c94a8c2035146b5a6d7388e803a78142a107362f60dd79
8172,91683|135084,61494,91954,"Hamburg-Bergedorf, Germany","Dr. Remeis-Observatory, Bamberg, Germany",FINITE_GEOMETRY_ADMISSIBLE_WITNESS,GEOMETRY_ADMISSIBLE,1,1,0,3,dc34bd6e07f972759cb7f72216b1b2908a1ddde68050f6f91e849b84908a2617
8173,91683|135085,61494,91955,"Hamburg-Bergedorf, Germany","Dr. Remeis-Observatory, Bamberg, Germany",FINITE_GEOMETRY_ADMISSIBLE_WITNESS,GEOMETRY_ADMISSIBLE,1,1,0,1,02a84f2819751f91da5e1f98d446c6b0751d3502b84db92348996baf8a324bab
8174,91683|135086,61494,91956,"Hamburg-Bergedorf, Germany","Dr. Remeis-Observatory, Bamberg, Germany",FINITE_GEOMETRY_ADMISSIBLE_WITNESS,GEOMETRY_ADMISSIBLE,1,1,0,2,733e0a876306b57f6f2ed6f1ae8846ebf0132e67465a032d9e09578d157097d2
8175,91683|135087,61494,91957,"Hamburg-Bergedorf, Germany","Dr. Remeis-Observatory, Bamberg, Germany",FINITE_GEOMETRY_ADMISSIBLE_WITNESS,GEOMETRY_ADMISSIBLE,1,1,0,1,646c5bb2e81bdac5a880b3f58a2c08e1af46f8d194bad05acb2babf8538e8643
8178,91684|135090,61495,91960,"Hamburg-Bergedorf, Germany","Dr. Remeis-Observatory, Bamberg, Germany",FINITE_GEOMETRY_ADMISSIBLE_WITNESS,GEOMETRY_ADMISSIBLE,1,1,0,2,d23d1379d093800e4785fca67e2f134ca44b57f95cb33d6779dd2789556e69a3
8179,91684|135091,61495,91961,"Hamburg-Bergedorf, Germany","Dr. Remeis-Observatory, Bamberg, Germany",FINITE_GEOMETRY_ADMISSIBLE_WITNESS,GEOMETRY_ADMISSIBLE,1,1,0,1,a98d8397038ca3244a6ae1558ba51a28982f3c038beaba007ed6e67b8854173e
8180,91685|135088,61496,91958,"Hamburg-Bergedorf, Germany","Dr. Remeis-Observatory, Bamberg, Germany",FINITE_GEOMETRY_ADMISSIBLE_WITNESS,GEOMETRY_ADMISSIBLE,1,1,0,1,f3c97287e0e6b0d86070b03899f7635dd4a56fe5e94373c563767a4993850486
8181,91685|135089,61496,91959,"Hamburg-Bergedorf, Germany","Dr. Remeis-Observatory, Bamberg, Germany",FINITE_GEOMETRY_ADMISSIBLE_WITNESS,GEOMETRY_ADMISSIBLE,1,1,0,1,6a17244911e8761ca541301d7b2c796644140820b83bbbeeae45d7c1e4efdaed
8182,91685|135090,61496,91960,"Hamburg-Bergedorf, Germany","Dr. Remeis-Observatory, Bamberg, Germany",FINITE_GEOMETRY_ADMISSIBLE_WITNESS,GEOMETRY_ADMISSIBLE,1,1,0,1,0bae2e320fcc90184705c60a89526c09110c42892f0eb9574e32f6bd478ef482
8183,91685|135091,61496,91961,"Hamburg-Bergedorf, Germany","Dr. Remeis-Observatory, Bamberg, Germany",FINITE_GEOMETRY_ADMISSIBLE_WITNESS,GEOMETRY_ADMISSIBLE,1,1,0,2,d9071acf30c22ea6adebf9d31161df6a3bab1c6e0e358bb3cd68f2743d4995a0
8184,91686|135088,61497,91958,"Hamburg-Bergedorf, Germany","Dr. Remeis-Observatory, Bamberg, Germany",FINITE_GEOMETRY_ADMISSIBLE_WITNESS,GEOMETRY_ADMISSIBLE,1,1,0,1,5282ee3d4788e3158e5f46fd665143f2f20655204df19841fb699c8c1216d889
8185,91686|135089,61497,91959,"Hamburg-Bergedorf, Germany","Dr. Remeis-Observatory, Bamberg, Germany",FINITE_GEOMETRY_ADMISSIBLE_WITNESS,GEOMETRY_ADMISSIBLE,1,1,0,1,cf076e9e036bb53b06cb7e6ea7b2dc5c5a80a53ccc0cb1e252e4813a49808e3e
8186,91686|135090,61497,91960,"Hamburg-Bergedorf, Germany","Dr. Remeis-Observatory, Bamberg, Germany",FINITE_GEOMETRY_ADMISSIBLE_WITNESS,GEOMETRY_ADMISSIBLE,1,1,0,1,e05ac56da7a1a84f104ac20a3db131c9fd466c9966e94881560ec369b81944a3
8187,91686|135091,61497,91961,"Hamburg-Bergedorf, Germany","Dr. Remeis-Observatory, Bamberg, Germany",FINITE_GEOMETRY_ADMISSIBLE_WITNESS,GEOMETRY_ADMISSIBLE,1,1,0,1,dae99a3ad489343ad3771b9e00470e74ff87a2deb582bd907e5554c5583ac0ad
8188,91687|135088,61498,91958,"Hamburg-Bergedorf, Germany","Dr. Remeis-Observatory, Bamberg, Germany",FINITE_GEOMETRY_ADMISSIBLE_WITNESS,GEOMETRY_ADMISSIBLE,1,1,0,1,da252cd1bcc22cd3e8c78f7c7fb94bb8d74d1c3a6b4a86210a86fc942d969230
8189,91687|135089,61498,91959,"Hamburg-Bergedorf, Germany","Dr. Remeis-Observatory, Bamberg, Germany",FINITE_GEOMETRY_ADMISSIBLE_WITNESS,GEOMETRY_ADMISSIBLE,1,1,0,1,c6065224616ef1e08e4f7c982564de200a42782c727be734b475dfd9aa2b6373
8190,91687|135090,61498,91960,"Hamburg-Bergedorf, Germany","Dr. Remeis-Observatory, Bamberg, Germany",FINITE_GEOMETRY_ADMISSIBLE_WITNESS,GEOMETRY_ADMISSIBLE,1,1,0,1,635e1ffb985ed97e9bac14a1d001b6da2b085d429315e8c762e727aa2a2c3f56
8191,91687|135091,61498,91961,"Hamburg-Bergedorf, Germany","Dr. Remeis-Observatory, Bamberg, Germany",FINITE_GEOMETRY_ADMISSIBLE_WITNESS,GEOMETRY_ADMISSIBLE,1,1,0,1,669ee6a7f96b7bc98d18eeb2580fd5c7067ce2f933f440a09d30704d15a9cde9
8192,91688|135140,61499,92010,"Hamburg-Bergedorf, Germany","Dr. Remeis-Observatory, Bamberg, Germany",FINITE_GEOMETRY_ADMISSIBLE_WITNESS,GEOMETRY_ADMISSIBLE,1,1,0,2,895c7a2dbe58ed26d136f2a9695168d9c822a2f1119d4c34b668fb9f92d92694
8193,91688|135141,61499,92011,"Hamburg-Bergedorf, Germany","Dr. Remeis-Observatory, Bamberg, Germany",FINITE_GEOMETRY_ADMISSIBLE_WITNESS,GEOMETRY_ADMISSIBLE,1,1,0,1,b646150503d1284cea418d750650e70b71378fa1e3dd49355339ef9790331a72
8194,91688|135144,61499,92014,"Hamburg-Bergedorf, Germany","Dr. Remeis-Observatory, Bamberg, Germany",FINITE_GEOMETRY_ADMISSIBLE_WITNESS,GEOMETRY_ADMISSIBLE,1,1,0,2,93cff52ed2d17d9c1f61e400f56565a7cdccc10e0c08808d4efac5f716b18a09
8196,91688|135146,61499,92016,"Hamburg-Bergedorf, Germany","Dr. Remeis-Observatory, Bamberg, Germany",FINITE_GEOMETRY_ADMISSIBLE_WITNESS,GEOMETRY_ADMISSIBLE,1,1,0,2,f5f1023f1b52c58c2d081f91c529b2ac94363e106fba3bcbb9827761fcb9652c
8197,91689|135148,61500,92018,"Hamburg-Bergedorf, Germany","Dr. Remeis-Observatory, Bamberg, Germany",FINITE_GEOMETRY_ADMISSIBLE_WITNESS,GEOMETRY_ADMISSIBLE,1,1,0,1,3287bb7fc6e676d34462d73bbf87fe51cbc0aa68a8bef1a69735831617024bcc
8198,91689|135149,61500,92019,"Hamburg-Bergedorf, Germany","Dr. Remeis-Observatory, Bamberg, Germany",FINITE_GEOMETRY_ADMISSIBLE_WITNESS,GEOMETRY_ADMISSIBLE,1,1,0,1,169b815580f05554f47af747c6347a33b815256a2d5f3b515c977adc1957339a
8199,91689|135150,61500,92020,"Hamburg-Bergedorf, Germany","Dr. Remeis-Observatory, Bamberg, Germany",FINITE_GEOMETRY_ADMISSIBLE_WITNESS,GEOMETRY_ADMISSIBLE,1,1,0,1,9f27e45014132aed6e8d95b024c3e61fd65fd57e467730f067c7719282e204e2
8201,91690|135148,61501,92018,"Hamburg-Bergedorf, Germany","Dr. Remeis-Observatory, Bamberg, Germany",FINITE_GEOMETRY_ADMISSIBLE_WITNESS,GEOMETRY_ADMISSIBLE,1,1,0,1,467b55478d8c182e66b64c0c509a22c8984ed4b22aa47cad6e4d13602af9f92f
8202,91690|135149,61501,92019,"Hamburg-Bergedorf, Germany","Dr. Remeis-Observatory, Bamberg, Germany",FINITE_GEOMETRY_ADMISSIBLE_WITNESS,GEOMETRY_ADMISSIBLE,1,1,0,1,e6177b0be4a5cd120c97c6ac337d0ffa8e0df43630e3b74ae5c8fb2f485ba863
8203,91690|135150,61501,92020,"Hamburg-Bergedorf, Germany","Dr. Remeis-Observatory, Bamberg, Germany",FINITE_GEOMETRY_ADMISSIBLE_WITNESS,GEOMETRY_ADMISSIBLE,1,1,0,1,2bb52a5ce545781defe20da78151e5bb85a80761523a4fc1c4d9edc92059c1c5
8205,91691|135148,61502,92018,"Hamburg-Bergedorf, Germany","Dr. Remeis-Observatory, Bamberg, Germany",FINITE_GEOMETRY_ADMISSIBLE_WITNESS,GEOMETRY_ADMISSIBLE,1,1,0,1,5253456244269d6f91a5131329ee517e4bf8bb800a4ddc5985e57540764569ce
8206,91691|135149,61502,92019,"Hamburg-Bergedorf, Germany","Dr. Remeis-Observatory, Bamberg, Germany",FINITE_GEOMETRY_ADMISSIBLE_WITNESS,GEOMETRY_ADMISSIBLE,1,1,0,1,42a6697b6be487976491e83b21ae879ba560e70ff7bbf3568749ddd8f9867959
8207,91691|135150,61502,92020,"Hamburg-Bergedorf, Germany","Dr. Remeis-Observatory, Bamberg, Germany",FINITE_GEOMETRY_ADMISSIBLE_WITNESS,GEOMETRY_ADMISSIBLE,1,1,0,2,270dd29c6715ce34c8bb853713a97d8516d54187badf9e5cbf2aeb27868454a6
8212,91713|135573,61516,92443,"Hamburg-Bergedorf, Germany","Dr. Remeis-Observatory, Bamberg, Germany",FINITE_GEOMETRY_ADMISSIBLE_WITNESS,GEOMETRY_ADMISSIBLE,1,1,0,1,0481e6b0c3a78646f2f17d8c01382843a44f02e2793793c8f11c16cf56942b8f
8213,91713|135574,61516,92444,"Hamburg-Bergedorf, Germany","Dr. Remeis-Observatory, Bamberg, Germany",FINITE_GEOMETRY_ADMISSIBLE_WITNESS,GEOMETRY_ADMISSIBLE,1,1,0,1,bd2e88fdac3515c53fdaf2f4f3f2427525a1ebca185850e9d44213e0ec32347d
8214,91713|135575,61516,92445,"Hamburg-Bergedorf, Germany","Dr. Remeis-Observatory, Bamberg, Germany",FINITE_GEOMETRY_ADMISSIBLE_WITNESS,GEOMETRY_ADMISSIBLE,1,1,0,1,5471b026475dbaecadd16974b81c4fb02fa1923353afb5c784c225262943e221
8215,91713|135576,61516,92446,"Hamburg-Bergedorf, Germany","Dr. Remeis-Observatory, Bamberg, Germany",FINITE_GEOMETRY_ADMISSIBLE_WITNESS,GEOMETRY_ADMISSIBLE,1,1,0,1,df65a29c7bfb95b9025c8a6b0da303580b6a6d16d45b782ef04f41e20edeb422
8216,91713|135577,61516,92447,"Hamburg-Bergedorf, Germany","Dr. Remeis-Observatory, Bamberg, Germany",FINITE_GEOMETRY_ADMISSIBLE_WITNESS,GEOMETRY_ADMISSIBLE,1,1,0,2,9060e1f906935ae95670bf06602136eb5fb2cdbc64401bde361f16867a3c9606
8217,91714|135573,61517,92443,"Hamburg-Bergedorf, Germany","Dr. Remeis-Observatory, Bamberg, Germany",FINITE_GEOMETRY_ADMISSIBLE_WITNESS,GEOMETRY_ADMISSIBLE,1,1,0,1,b467fce950d5ff04e08fee4248d3fffe461e34b4bca67f06deefc7772ee1bfbf
8218,91714|135574,61517,92444,"Hamburg-Bergedorf, Germany","Dr. Remeis-Observatory, Bamberg, Germany",FINITE_GEOMETRY_ADMISSIBLE_WITNESS,GEOMETRY_ADMISSIBLE,1,1,0,1,6655a1e72a6a4c975c4c955b86cbad36d439d1a8eb4637f3cccc627fab9ea297
8219,91714|135575,61517,92445,"Hamburg-Bergedorf, Germany","Dr. Remeis-Observatory, Bamberg, Germany",FINITE_GEOMETRY_ADMISSIBLE_WITNESS,GEOMETRY_ADMISSIBLE,1,1,0,2,3b84e39e458c3ae77ab076f07860be9dfb81f898aba7ebd38ac98447869885ce
8220,91714|135576,61517,92446,"Hamburg-Bergedorf, Germany","Dr. Remeis-Observatory, Bamberg, Germany",FINITE_GEOMETRY_ADMISSIBLE_WITNESS,GEOMETRY_ADMISSIBLE,1,1,0,3,88b65b5cce1fd216b050961992f0158a2c31583d942419077613540407cdd747
8221,91714|135577,61517,92447,"Hamburg-Bergedorf, Germany","Dr. Remeis-Observatory, Bamberg, Germany",FINITE_GEOMETRY_ADMISSIBLE_WITNESS,GEOMETRY_ADMISSIBLE,1,1,0,1,ca156e7017bb3f336c142eafea8f29dd548c0658fd0de161e58439ba7cdaf7dd
8222,91715|135578,61518,92448,"Hamburg-Bergedorf, Germany","Dr. Remeis-Observatory, Bamberg, Germany",FINITE_GEOMETRY_ADMISSIBLE_WITNESS,GEOMETRY_ADMISSIBLE,1,1,0,1,7c5f054d1333b37aeef0194c6090deb601ef9ab78c3f2d0cea6e2688ba098412
8223,91715|135579,61518,92449,"Hamburg-Bergedorf, Germany","Dr. Remeis-Observatory, Bamberg, Germany",FINITE_GEOMETRY_ADMISSIBLE_WITNESS,GEOMETRY_ADMISSIBLE,1,1,0,1,a115c2e6369661323bd5c69d515fb18c64bd4d428274e058594696fcc90b9e3a
8224,91715|135580,61518,92450,"Hamburg-Bergedorf, Germany","Dr. Remeis-Observatory, Bamberg, Germany",FINITE_GEOMETRY_ADMISSIBLE_WITNESS,GEOMETRY_ADMISSIBLE,1,1,0,1,93ddb6e6e247bf74ebb2e0a3e3b953c8cf2f4513dadf15abccd69407dce73bd6
8225,91715|135581,61518,92451,"Hamburg-Bergedorf, Germany","Dr. Remeis-Observatory, Bamberg, Germany",FINITE_GEOMETRY_ADMISSIBLE_WITNESS,GEOMETRY_ADMISSIBLE,1,1,0,2,fab79b65f5ceb16b0e4743a8cd860c022c652d483f78f7b70d8c9198aff6a423
8226,91715|135582,61518,92452,"Hamburg-Bergedorf, Germany","Dr. Remeis-Observatory, Bamberg, Germany",FINITE_GEOMETRY_ADMISSIBLE_WITNESS,GEOMETRY_ADMISSIBLE,1,1,0,1,89eff502073b0f5a84fab57a81e04d9dfaf8a4306498fbf88ebf0087f4f5e97b
8227,91716|135578,61519,92448,"Hamburg-Bergedorf, Germany","Dr. Remeis-Observatory, Bamberg, Germany",FINITE_GEOMETRY_ADMISSIBLE_WITNESS,GEOMETRY_ADMISSIBLE,1,1,0,3,abd113637942d1b98f467647cf89c65dd48cfe7d69b452711346ee8d044295f6
8228,91716|135579,61519,92449,"Hamburg-Bergedorf, Germany","Dr. Remeis-Observatory, Bamberg, Germany",FINITE_GEOMETRY_ADMISSIBLE_WITNESS,GEOMETRY_ADMISSIBLE,1,1,0,1,62c0fc5f7e6a3064a9aa908c2247102ea38c4c1b9b3c32fbc37acc3174502f88
8229,91716|135580,61519,92450,"Hamburg-Bergedorf, Germany","Dr. Remeis-Observatory, Bamberg, Germany",FINITE_GEOMETRY_ADMISSIBLE_WITNESS,GEOMETRY_ADMISSIBLE,1,1,0,1,1816f4703c87bf631cd84a3d098ea799f5c29a2a1e24d00f4958dafe53338a70
8230,91716|135581,61519,92451,"Hamburg-Bergedorf, Germany","Dr. Remeis-Observatory, Bamberg, Germany",FINITE_GEOMETRY_ADMISSIBLE_WITNESS,GEOMETRY_ADMISSIBLE,1,1,0,2,0c6e9ff0652c636fee18bfb4f5d955a0b95f401f1725d62385e1376488db4be5
8231,91716|135582,61519,92452,"Hamburg-Bergedorf, Germany","Dr. Remeis-Observatory, Bamberg, Germany",FINITE_GEOMETRY_ADMISSIBLE_WITNESS,GEOMETRY_ADMISSIBLE,1,1,0,1,88d0f2ef7698e3b0d4410102b746e57c1bedec3f273cf7a4dafb2d54deef2363
8232,91717|135578,61520,92448,"Hamburg-Bergedorf, Germany","Dr. Remeis-Observatory, Bamberg, Germany",FINITE_GEOMETRY_ADMISSIBLE_WITNESS,GEOMETRY_ADMISSIBLE,1,1,0,1,f460ed60c383a005c06731372e4be35f962c2280b211145b0c6a468806961e9a
8233,91717|135579,61520,92449,"Hamburg-Bergedorf, Germany","Dr. Remeis-Observatory, Bamberg, Germany",FINITE_GEOMETRY_ADMISSIBLE_WITNESS,GEOMETRY_ADMISSIBLE,1,1,0,1,bb0496a82db70a0eed980c842b2019ac68c9d2b84b6fea9b6a139bde9d4e7c0b
8234,91717|135580,61520,92450,"Hamburg-Bergedorf, Germany","Dr. Remeis-Observatory, Bamberg, Germany",FINITE_GEOMETRY_ADMISSIBLE_WITNESS,GEOMETRY_ADMISSIBLE,1,1,0,2,53151cd81fd553772b42400243fef2860ea4cc14541de4dfe38effa726fede6a
8235,91717|135581,61520,92451,"Hamburg-Bergedorf, Germany","Dr. Remeis-Observatory, Bamberg, Germany",FINITE_GEOMETRY_ADMISSIBLE_WITNESS,GEOMETRY_ADMISSIBLE,1,1,0,1,851d8dd7f5cfc64c4b3a312f67ce63f653d9da46d5ecc2d0f4acc664e75e79bd
8236,91717|135582,61520,92452,"Hamburg-Bergedorf, Germany","Dr. Remeis-Observatory, Bamberg, Germany",FINITE_GEOMETRY_ADMISSIBLE_WITNESS,GEOMETRY_ADMISSIBLE,1,1,0,1,cd6ef06755300132233645a0d3ee56f0e3358917bcc245ee089e341b4cee94d4
8244,91718|135586,61521,92456,"Hamburg-Bergedorf, Germany","Dr. Remeis-Observatory, Bamberg, Germany",FINITE_GEOMETRY_ADMISSIBLE_WITNESS,GEOMETRY_ADMISSIBLE,1,1,0,2,0c18781c4a754ef5a04e60a3509726ab0928187b60703397e60baef0db5f31fa
8248,91719|135591,61522,92461,"Hamburg-Bergedorf, Germany","Dr. Remeis-Observatory, Bamberg, Germany",FINITE_GEOMETRY_ADMISSIBLE_WITNESS,GEOMETRY_ADMISSIBLE,1,1,0,1,8b04169ca45822cd30096e9691c295ce0ca2e5b56425f6e5ddef30911d743065
8249,91719|135592,61522,92462,"Hamburg-Bergedorf, Germany","Dr. Remeis-Observatory, Bamberg, Germany",FINITE_GEOMETRY_ADMISSIBLE_WITNESS,GEOMETRY_ADMISSIBLE,1,1,0,2,ca63740e5e9b56e00342abe834593f01135ee3063a82f1b2b3c52fce62deb5d3
8250,91720|135588,61523,92458,"Hamburg-Bergedorf, Germany","Dr. Remeis-Observatory, Bamberg, Germany",FINITE_GEOMETRY_ADMISSIBLE_WITNESS,GEOMETRY_ADMISSIBLE,1,1,0,1,c3923af84c99dcb7c1d593f49d1f552ea0e4c5123191922390260926a8eb8660
8251,91720|135589,61523,92459,"Hamburg-Bergedorf, Germany","Dr. Remeis-Observatory, Bamberg, Germany",FINITE_GEOMETRY_ADMISSIBLE_WITNESS,GEOMETRY_ADMISSIBLE,1,1,0,2,55f076cd7b1041051180ed9c5d30662ad6d451de4bea48df015f1cd5625fb043
8252,91720|135590,61523,92460,"Hamburg-Bergedorf, Germany","Dr. Remeis-Observatory, Bamberg, Germany",FINITE_GEOMETRY_ADMISSIBLE_WITNESS,GEOMETRY_ADMISSIBLE,1,1,0,1,3c1c62c6c8522f45ead78ec655f46b2d2be2f6f2ad51fbc545af609ae644b608
8253,91720|135591,61523,92461,"Hamburg-Bergedorf, Germany","Dr. Remeis-Observatory, Bamberg, Germany",FINITE_GEOMETRY_ADMISSIBLE_WITNESS,GEOMETRY_ADMISSIBLE,1,1,0,1,d259dc315a88555a0162b520856fefd14496159307bd5d8f02f3bfe0a5c9b226
8254,91720|135592,61523,92462,"Hamburg-Bergedorf, Germany","Dr. Remeis-Observatory, Bamberg, Germany",FINITE_GEOMETRY_ADMISSIBLE_WITNESS,GEOMETRY_ADMISSIBLE,1,1,0,1,a5d9a2b394ddaa1b97ab387e11c7112ec21829fccbef1ecec8a3030886cda988
8255,91721|135613,61524,92483,"Hamburg-Bergedorf, Germany","Dr. Remeis-Observatory, Bamberg, Germany",FINITE_GEOMETRY_ADMISSIBLE_WITNESS,GEOMETRY_ADMISSIBLE,1,1,0,1,5e88aa5eefb050d794ff3275b97f6c4ef3e9c4a572f34bc473dc9f86b9a11d53
8256,91721|135614,61524,92484,"Hamburg-Bergedorf, Germany","Dr. Remeis-Observatory, Bamberg, Germany",FINITE_GEOMETRY_ADMISSIBLE_WITNESS,GEOMETRY_ADMISSIBLE,1,1,0,1,71432910d358f5f416d2ae87efe26ad265213c8c66f50a7abf062838aee12172
8257,91721|135615,61524,92485,"Hamburg-Bergedorf, Germany","Dr. Remeis-Observatory, Bamberg, Germany",FINITE_GEOMETRY_ADMISSIBLE_WITNESS,GEOMETRY_ADMISSIBLE,1,1,0,1,226fcdcc22327120aa5fb1257ce0ab40b107cc5be56f308a8cbcea96de09350f
8258,91721|135616,61524,92486,"Hamburg-Bergedorf, Germany","Dr. Remeis-Observatory, Bamberg, Germany",FINITE_GEOMETRY_ADMISSIBLE_WITNESS,GEOMETRY_ADMISSIBLE,1,1,0,1,85dc1ddca62453ec94b4c692c06c273e1ffeac2df030bedd4d9d81ff55ae8b8a
8260,91722|135613,61525,92483,"Hamburg-Bergedorf, Germany","Dr. Remeis-Observatory, Bamberg, Germany",FINITE_GEOMETRY_ADMISSIBLE_WITNESS,GEOMETRY_ADMISSIBLE,1,1,0,1,5f0e03c915bc2c3de01e6c0b4e8f4d1ebd997ce53cb802611a11a288bbea70c6
8261,91722|135614,61525,92484,"Hamburg-Bergedorf, Germany","Dr. Remeis-Observatory, Bamberg, Germany",FINITE_GEOMETRY_ADMISSIBLE_WITNESS,GEOMETRY_ADMISSIBLE,1,1,0,1,97ef885dce35a1265437d1bfc15d4e6fe98e9ddac56cc797ceed631f0f1eb245
8262,91722|135615,61525,92485,"Hamburg-Bergedorf, Germany","Dr. Remeis-Observatory, Bamberg, Germany",FINITE_GEOMETRY_ADMISSIBLE_WITNESS,GEOMETRY_ADMISSIBLE,1,1,0,1,fefb06a761a2c2025e6f5b6ab0fe4d08f35192bfaa923b7b8b235e1b8220ca86
8263,91722|135616,61525,92486,"Hamburg-Bergedorf, Germany","Dr. Remeis-Observatory, Bamberg, Germany",FINITE_GEOMETRY_ADMISSIBLE_WITNESS,GEOMETRY_ADMISSIBLE,1,1,0,1,2cf6ae8214e431d2a39e70a812ec34659cbbbea76f71fffcc3392a9eeea7f315
8265,91723|135618,61526,92488,"Hamburg-Bergedorf, Germany","Dr. Remeis-Observatory, Bamberg, Germany",FINITE_GEOMETRY_ADMISSIBLE_WITNESS,GEOMETRY_ADMISSIBLE,1,1,0,1,f2e53ef8ce18166e8655ca138e1b49fe70d79b3c8a46ae3f521882add0ac32cd
8266,91723|135619,61526,92489,"Hamburg-Bergedorf, Germany","Dr. Remeis-Observatory, Bamberg, Germany",FINITE_GEOMETRY_ADMISSIBLE_WITNESS,GEOMETRY_ADMISSIBLE,1,1,0,1,361726e79b1c9896a579a4278d04c5a4ce437995e47805c7159b07033ca73ed0
8267,91723|135620,61526,92490,"Hamburg-Bergedorf, Germany","Dr. Remeis-Observatory, Bamberg, Germany",FINITE_GEOMETRY_ADMISSIBLE_WITNESS,GEOMETRY_ADMISSIBLE,1,1,0,1,9ad94ea3a9a584be2bf42de5b8daf68d89ba8ce1d5d55e41c32ebb789a011cdb
8268,91723|135621,61526,92491,"Hamburg-Bergedorf, Germany","Dr. Remeis-Observatory, Bamberg, Germany",FINITE_GEOMETRY_ADMISSIBLE_WITNESS,GEOMETRY_ADMISSIBLE,1,1,0,1,950091c5ff8df37c0e17233bfc468b8e50ecca0bc5409b2f55c01dca11c41a2a
8269,91724|135618,61527,92488,"Hamburg-Bergedorf, Germany","Dr. Remeis-Observatory, Bamberg, Germany",FINITE_GEOMETRY_ADMISSIBLE_WITNESS,GEOMETRY_ADMISSIBLE,1,1,0,1,13ae0642c1eb4411862e0f0bafae863e3682b6ffea55e47048fe14667af8a95a
8270,91724|135619,61527,92489,"Hamburg-Bergedorf, Germany","Dr. Remeis-Observatory, Bamberg, Germany",FINITE_GEOMETRY_ADMISSIBLE_WITNESS,GEOMETRY_ADMISSIBLE,1,1,0,1,707e258ccb52fa8fb42d0003cf14bf6247806e21366a0db58e8ccd94bbaabdb6
8271,91724|135620,61527,92490,"Hamburg-Bergedorf, Germany","Dr. Remeis-Observatory, Bamberg, Germany",FINITE_GEOMETRY_ADMISSIBLE_WITNESS,GEOMETRY_ADMISSIBLE,1,1,0,1,66545871be8b9918e735482bb299a87437fe64336ee1e202e13695988ca9c98a
8272,91724|135621,61527,92491,"Hamburg-Bergedorf, Germany","Dr. Remeis-Observatory, Bamberg, Germany",FINITE_GEOMETRY_ADMISSIBLE_WITNESS,GEOMETRY_ADMISSIBLE,1,1,0,1,534356e962429aaaa09285512dcc551da7dfa3fbea69060162b0cf82a4f922fc
8273,91725|135623,61528,92493,"Hamburg-Bergedorf, Germany","Dr. Remeis-Observatory, Bamberg, Germany",FINITE_GEOMETRY_ADMISSIBLE_WITNESS,GEOMETRY_ADMISSIBLE,1,1,0,1,23104ce8da64f7e3cb68fa49785b3d1c64d92e99f24332d3d8e9a041867449f0
8274,91725|135624,61528,92494,"Hamburg-Bergedorf, Germany","Dr. Remeis-Observatory, Bamberg, Germany",FINITE_GEOMETRY_ADMISSIBLE_WITNESS,GEOMETRY_ADMISSIBLE,1,1,0,1,972cd1e9692d8922d772ed2309d5f9cc8fdef83fb38681e5ead3465fca1bb20c
8275,91725|135625,61528,92495,"Hamburg-Bergedorf, Germany","Dr. Remeis-Observatory, Bamberg, Germany",FINITE_GEOMETRY_ADMISSIBLE_WITNESS,GEOMETRY_ADMISSIBLE,1,1,0,3,59174217fbd62dbf7b3e47a363230d89caaf06f69777de8b1cf0d72f47e12bfb
8276,91725|135626,61528,92496,"Hamburg-Bergedorf, Germany","Dr. Remeis-Observatory, Bamberg, Germany",FINITE_GEOMETRY_ADMISSIBLE_WITNESS,GEOMETRY_ADMISSIBLE,1,1,0,1,095b5540a867b5b06f6917bd6d8252c91207532b77c9c975155ff7041f590be7
8278,91726|135648,61529,92518,"Hamburg-Bergedorf, Germany","Dr. Remeis-Observatory, Bamberg, Germany",FINITE_GEOMETRY_ADMISSIBLE_WITNESS,GEOMETRY_ADMISSIBLE,1,1,0,1,8bbc03607f12bfcc86baae29e024e6be3f15e6996e2d6c10bd44e76276d81e87
8279,91726|135649,61529,92519,"Hamburg-Bergedorf, Germany","Dr. Remeis-Observatory, Bamberg, Germany",FINITE_GEOMETRY_ADMISSIBLE_WITNESS,GEOMETRY_ADMISSIBLE,1,1,0,1,b32fefed2c519885ececa0e9e38bd612411043e31da876c01ed0ef2b3e8590aa
8280,91726|135650,61529,92520,"Hamburg-Bergedorf, Germany","Dr. Remeis-Observatory, Bamberg, Germany",FINITE_GEOMETRY_ADMISSIBLE_WITNESS,GEOMETRY_ADMISSIBLE,1,1,0,1,cdaae1a99e5f2a5b70739bbd282a952e72a42d4d1dd112225774d82d2255517b
8281,91726|135651,61529,92521,"Hamburg-Bergedorf, Germany","Dr. Remeis-Observatory, Bamberg, Germany",FINITE_GEOMETRY_ADMISSIBLE_WITNESS,GEOMETRY_ADMISSIBLE,1,1,0,3,8e7db596fec921abb78a6b2875bac1cae187327ae0cb1cf5bbd750c32e45e347
8282,91727|135653,61530,92523,"Hamburg-Bergedorf, Germany","Dr. Remeis-Observatory, Bamberg, Germany",FINITE_GEOMETRY_ADMISSIBLE_WITNESS,GEOMETRY_ADMISSIBLE,1,1,0,2,563124aa44039601d1af270fdb14f1eb3760cea38d964a21a89f2cf497c7f643
8283,91727|135654,61530,92524,"Hamburg-Bergedorf, Germany","Dr. Remeis-Observatory, Bamberg, Germany",FINITE_GEOMETRY_ADMISSIBLE_WITNESS,GEOMETRY_ADMISSIBLE,1,1,0,1,a2140f080355fe2a96868d3ff9a4076fb12943a88fc64ca18a375c3cb7a11a5f
8284,91727|135655,61530,92525,"Hamburg-Bergedorf, Germany","Dr. Remeis-Observatory, Bamberg, Germany",FINITE_GEOMETRY_ADMISSIBLE_WITNESS,GEOMETRY_ADMISSIBLE,1,1,0,1,c567d9917e2e0c18c16232326ff486a220ef05d418e6329a1d61d8b69fa8d4e0
8285,91727|135656,61530,92526,"Hamburg-Bergedorf, Germany","Dr. Remeis-Observatory, Bamberg, Germany",FINITE_GEOMETRY_ADMISSIBLE_WITNESS,GEOMETRY_ADMISSIBLE,1,1,0,2,241cf539609f9cff4f3029ccb53ad0f3efc0151637a6ccb62f37b3deef28b153
8286,91727|135657,61530,92527,"Hamburg-Bergedorf, Germany","Dr. Remeis-Observatory, Bamberg, Germany",FINITE_GEOMETRY_ADMISSIBLE_WITNESS,GEOMETRY_ADMISSIBLE,1,1,0,2,34113e59950ef547f0684eafc7e170c96c65eac1edc3fd24df4457302db037f2
8287,91728|135653,61531,92523,"Hamburg-Bergedorf, Germany","Dr. Remeis-Observatory, Bamberg, Germany",FINITE_GEOMETRY_ADMISSIBLE_WITNESS,GEOMETRY_ADMISSIBLE,1,1,0,2,eb2be09623f27533794a4dc6ece56c2c2965d98c0bd21751113d754ce994a43b
8288,91728|135654,61531,92524,"Hamburg-Bergedorf, Germany","Dr. Remeis-Observatory, Bamberg, Germany",FINITE_GEOMETRY_ADMISSIBLE_WITNESS,GEOMETRY_ADMISSIBLE,1,1,0,1,37d17da6eb5386a9edf35333ed1f1d8d549c3e955b10de19438a1f7cd42889e7
8289,91728|135655,61531,92525,"Hamburg-Bergedorf, Germany","Dr. Remeis-Observatory, Bamberg, Germany",FINITE_GEOMETRY_ADMISSIBLE_WITNESS,GEOMETRY_ADMISSIBLE,1,1,0,2,e0f90ff3e54f6d0a60b33c86a6e95af14a361d0f4de47802f522d3f7edffc9bc
8290,91728|135656,61531,92526,"Hamburg-Bergedorf, Germany","Dr. Remeis-Observatory, Bamberg, Germany",FINITE_GEOMETRY_ADMISSIBLE_WITNESS,GEOMETRY_ADMISSIBLE,1,1,0,2,c356d7085c41cbc4e526f2b6303630864b2cbf43dd1254fadd933a25e6362c89
8291,91728|135657,61531,92527,"Hamburg-Bergedorf, Germany","Dr. Remeis-Observatory, Bamberg, Germany",FINITE_GEOMETRY_ADMISSIBLE_WITNESS,GEOMETRY_ADMISSIBLE,1,1,0,1,7bda040e9648e1357541b2b74d5ffb9db1f7261df509650e9651f5a9c7458236
8295,91729|135661,61532,92531,"Hamburg-Bergedorf, Germany","Dr. Remeis-Observatory, Bamberg, Germany",FINITE_GEOMETRY_ADMISSIBLE_WITNESS,GEOMETRY_ADMISSIBLE,1,1,0,2,4414b88ae5709c78a83e5b65e84b95fd2c8194955ae3f92447356a364fd2a75b
8297,91730|135658,61533,92528,"Hamburg-Bergedorf, Germany","Dr. Remeis-Observatory, Bamberg, Germany",FINITE_GEOMETRY_ADMISSIBLE_WITNESS,GEOMETRY_ADMISSIBLE,1,1,0,1,8399fe4a75d3e5f4424e78e33669e64fa1ea8ed0a2d405ab86a645ad9a752112
8298,91730|135659,61533,92529,"Hamburg-Bergedorf, Germany","Dr. Remeis-Observatory, Bamberg, Germany",FINITE_GEOMETRY_ADMISSIBLE_WITNESS,GEOMETRY_ADMISSIBLE,1,1,0,1,f51d8bd1bd1a9059215fbc63136e596685f68a43b3cd89580c2994bfe50bf3b2
8299,91730|135660,61533,92530,"Hamburg-Bergedorf, Germany","Dr. Remeis-Observatory, Bamberg, Germany",FINITE_GEOMETRY_ADMISSIBLE_WITNESS,GEOMETRY_ADMISSIBLE,1,1,0,1,02040cc2c6b4e4e1bab8b1519598be0b36d8f10c3169dffe468576f20a732adb
8300,91730|135661,61533,92531,"Hamburg-Bergedorf, Germany","Dr. Remeis-Observatory, Bamberg, Germany",FINITE_GEOMETRY_ADMISSIBLE_WITNESS,GEOMETRY_ADMISSIBLE,1,1,0,1,5331feccedc825b6ee87374eac4fda598d89b1e3518c84972ac41840b18c1ac8
8301,91730|135662,61533,92532,"Hamburg-Bergedorf, Germany","Dr. Remeis-Observatory, Bamberg, Germany",FINITE_GEOMETRY_ADMISSIBLE_WITNESS,GEOMETRY_ADMISSIBLE,1,1,0,1,6d6b72abbcac51ec54a8cd6a6f2c31f1524609a8e675f2006d8a04e2b602ba4c
8302,91731|135658,61534,92528,"Hamburg-Bergedorf, Germany","Dr. Remeis-Observatory, Bamberg, Germany",FINITE_GEOMETRY_ADMISSIBLE_WITNESS,GEOMETRY_ADMISSIBLE,1,1,0,1,28be5674d6635c98aa97d4f2eb46721936d5a62acf7f2836a126b54dabb79df6
8303,91731|135659,61534,92529,"Hamburg-Bergedorf, Germany","Dr. Remeis-Observatory, Bamberg, Germany",FINITE_GEOMETRY_ADMISSIBLE_WITNESS,GEOMETRY_ADMISSIBLE,1,1,0,2,3e04ef5bdc4c8bae330f1da54464504ba119a76caa2c9d72e80ec73d439b8e33
8304,91731|135660,61534,92530,"Hamburg-Bergedorf, Germany","Dr. Remeis-Observatory, Bamberg, Germany",FINITE_GEOMETRY_ADMISSIBLE_WITNESS,GEOMETRY_ADMISSIBLE,1,1,0,1,e9a152f59a58fb2290fd2ebe59e739830157063b467fa0ca9155ec4dc60e4292
8305,91731|135661,61534,92531,"Hamburg-Bergedorf, Germany","Dr. Remeis-Observatory, Bamberg, Germany",FINITE_GEOMETRY_ADMISSIBLE_WITNESS,GEOMETRY_ADMISSIBLE,1,1,0,1,469aa7b4f621f865e1b596a0f5095ea4ae3d82f3a49dd2c76f5acf26ff37f80a
8306,91731|135662,61534,92532,"Hamburg-Bergedorf, Germany","Dr. Remeis-Observatory, Bamberg, Germany",FINITE_GEOMETRY_ADMISSIBLE_WITNESS,GEOMETRY_ADMISSIBLE,1,1,0,2,12dd2dd3995cd174bc2f624fc8adf924b5bc70dae0a597ddf69c08dcb7e23110
8310,91731|135666,61534,92536,"Hamburg-Bergedorf, Germany","Dr. Remeis-Observatory, Bamberg, Germany",FINITE_GEOMETRY_ADMISSIBLE_WITNESS,GEOMETRY_ADMISSIBLE,1,1,0,1,78204112961303277e6a105e052eacea3dd5edc7596fe6f135e63abb3b2036fa
8311,91732|135663,61535,92533,"Hamburg-Bergedorf, Germany","Dr. Remeis-Observatory, Bamberg, Germany",FINITE_GEOMETRY_ADMISSIBLE_WITNESS,GEOMETRY_ADMISSIBLE,1,1,0,1,c363a4a9fd6bf01f8c3e0ec47866431e9d0b0046a3047e231dd784fd32301fd6
8312,91732|135664,61535,92534,"Hamburg-Bergedorf, Germany","Dr. Remeis-Observatory, Bamberg, Germany",FINITE_GEOMETRY_ADMISSIBLE_WITNESS,GEOMETRY_ADMISSIBLE,1,1,0,1,b6ab9959523caf5a9feaecb5fb2cb225bc9460fafaf1e284c42f2e19232b870b
8313,91732|135665,61535,92535,"Hamburg-Bergedorf, Germany","Dr. Remeis-Observatory, Bamberg, Germany",FINITE_GEOMETRY_ADMISSIBLE_WITNESS,GEOMETRY_ADMISSIBLE,1,1,0,2,a9bf37a96debf7ccc22fc629b269e4f87154ca2e4ffa3f84a161954e4c715a01
8314,91732|135666,61535,92536,"Hamburg-Bergedorf, Germany","Dr. Remeis-Observatory, Bamberg, Germany",FINITE_GEOMETRY_ADMISSIBLE_WITNESS,GEOMETRY_ADMISSIBLE,1,1,0,3,0ccac3a5ad8811232a8514a8e2dce51c49a474374e181aea8e8f46270fcfcc0f
8315,91733|135663,61536,92533,"Hamburg-Bergedorf, Germany","Dr. Remeis-Observatory, Bamberg, Germany",FINITE_GEOMETRY_ADMISSIBLE_WITNESS,GEOMETRY_ADMISSIBLE,1,1,0,1,4dbc085e77d4fd0cef8056a64f10c04759e1538eaa597a2812589a6d48408aa3
8316,91733|135664,61536,92534,"Hamburg-Bergedorf, Germany","Dr. Remeis-Observatory, Bamberg, Germany",FINITE_GEOMETRY_ADMISSIBLE_WITNESS,GEOMETRY_ADMISSIBLE,1,1,0,1,c395526d92b9c02f5f6168dd38d52e4b856ca6ba0f9681d0e56e59cad7754cc8
8317,91733|135665,61536,92535,"Hamburg-Bergedorf, Germany","Dr. Remeis-Observatory, Bamberg, Germany",FINITE_GEOMETRY_ADMISSIBLE_WITNESS,GEOMETRY_ADMISSIBLE,1,1,0,1,7f4195a8485d15d75fe0fa77bbf2436eb4e0a424904d9bd76ec635580bf9f2cd
8318,91733|135666,61536,92536,"Hamburg-Bergedorf, Germany","Dr. Remeis-Observatory, Bamberg, Germany",FINITE_GEOMETRY_ADMISSIBLE_WITNESS,GEOMETRY_ADMISSIBLE,1,1,0,1,d2ad4c6065ab613f3a210e34327c1de515c0204793741521f62a4cf5205472cc
8319,91734|136161,61537,93031,"Hamburg-Bergedorf, Germany","Dr. Remeis-Observatory, Bamberg, Germany",FINITE_GEOMETRY_ADMISSIBLE_WITNESS,GEOMETRY_ADMISSIBLE,1,1,0,1,385a8b4e0e04eb9b3da9fb14b52af8b4e55c67694f967c51b13c3d0ae67fdf43
8320,91734|136162,61537,93032,"Hamburg-Bergedorf, Germany","Dr. Remeis-Observatory, Bamberg, Germany",FINITE_GEOMETRY_ADMISSIBLE_WITNESS,GEOMETRY_ADMISSIBLE,1,1,0,1,d211c6509edf54e567796b8f9303957b158eab100c1acceefa4781c8327a10c7
8323,91740|136393,61543,93263,"Hamburg-Bergedorf, Germany","Dr. Remeis-Observatory, Bamberg, Germany",FINITE_GEOMETRY_ADMISSIBLE_WITNESS,GEOMETRY_ADMISSIBLE,1,1,0,2,fbfdc0c836f0c27323e25c484ff38fb355833f3c672a268415d3afd83c432abd
8324,91740|136394,61543,93264,"Hamburg-Bergedorf, Germany","Dr. Remeis-Observatory, Bamberg, Germany",FINITE_GEOMETRY_UNRESOLVED,RETAINED_UNRESOLVED,1,0,1,0,b2811ac8c12f313439d4035adf728f86cffcba1b9207b18a60aed3ff9c25147f
8327,91740|136398,61543,93268,"Hamburg-Bergedorf, Germany","Dr. Remeis-Observatory, Bamberg, Germany",FINITE_GEOMETRY_ADMISSIBLE_WITNESS,GEOMETRY_ADMISSIBLE,1,1,0,1,fe41e70df75a72354dd66c40a881be86f1dd0c9c7e5470aa785f01256786d462
8328,91741|136393,61544,93263,"Hamburg-Bergedorf, Germany","Dr. Remeis-Observatory, Bamberg, Germany",FINITE_GEOMETRY_ADMISSIBLE_WITNESS,GEOMETRY_ADMISSIBLE,1,1,0,2,c6e5c8aac4d520740e8c0476490d48c0f4a6e5319c311b6425959eb296022493
8329,91741|136394,61544,93264,"Hamburg-Bergedorf, Germany","Dr. Remeis-Observatory, Bamberg, Germany",FINITE_GEOMETRY_ADMISSIBLE_WITNESS,GEOMETRY_ADMISSIBLE,1,1,0,1,9c2425ef076a1cbb1a4bc5dc8ac781ec8e108a4b63910a387513642baae534e7
8331,91741|136396,61544,93266,"Hamburg-Bergedorf, Germany","Dr. Remeis-Observatory, Bamberg, Germany",FINITE_GEOMETRY_ADMISSIBLE_WITNESS,GEOMETRY_ADMISSIBLE,1,1,0,1,b3b8eeff6c87c29a2881a621ed0cc8748b5e6714c8c41a9cde2f55f16a695423
8332,91741|136398,61544,93268,"Hamburg-Bergedorf, Germany","Dr. Remeis-Observatory, Bamberg, Germany",FINITE_GEOMETRY_ADMISSIBLE_WITNESS,GEOMETRY_ADMISSIBLE,1,1,0,1,69eb137be915a931bac0869398833c2f5c9f9fae13fa933cebdbe4242dc58f5f
8337,91742|136404,61545,93274,"Hamburg-Bergedorf, Germany","Dr. Remeis-Observatory, Bamberg, Germany",FINITE_GEOMETRY_ADMISSIBLE_WITNESS,GEOMETRY_ADMISSIBLE,1,1,0,1,dfc4244a3cb3186865e8f263959aed590a6ba289d7e780231328edfd5ba098fa
8342,91743|136404,61546,93274,"Hamburg-Bergedorf, Germany","Dr. Remeis-Observatory, Bamberg, Germany",FINITE_GEOMETRY_ADMISSIBLE_WITNESS,GEOMETRY_ADMISSIBLE,1,1,0,1,039b3e03c3dc54ed13ae089d29e3acf752e1a031b61ec83766d5e9ff37cbeb04
8343,91760|136585,61557,93455,"Hamburg-Bergedorf, Germany","Dr. Remeis-Observatory, Bamberg, Germany",FINITE_GEOMETRY_ADMISSIBLE_WITNESS,GEOMETRY_ADMISSIBLE,1,1,0,1,c06842cc7815800288ad7bb71bf3415d186ba462108c9b6b0419f3d7fb0b0edd
8345,91760|136587,61557,93457,"Hamburg-Bergedorf, Germany","Dr. Remeis-Observatory, Bamberg, Germany",FINITE_GEOMETRY_ADMISSIBLE_WITNESS,GEOMETRY_ADMISSIBLE,1,1,0,1,afb993c92de9a409076489797b9b0513abfc6472da24a7ed2208305d796cc49e
8346,91760|136588,61557,93458,"Hamburg-Bergedorf, Germany","Dr. Remeis-Observatory, Bamberg, Germany",FINITE_GEOMETRY_ADMISSIBLE_WITNESS,GEOMETRY_ADMISSIBLE,1,1,0,1,6a8a5585a8c56bdd4f2a2525b95bb26dc11012ed9db408feebbb287f0fc0afa5
8347,91760|136589,61557,93459,"Hamburg-Bergedorf, Germany","Dr. Remeis-Observatory, Bamberg, Germany",FINITE_GEOMETRY_ADMISSIBLE_WITNESS,GEOMETRY_ADMISSIBLE,1,1,0,1,f9f3e521ccd5bb1c088bb9651a20935cf0b642d29a868d3b4d5265519e36b1d9
8348,91761|136590,61558,93460,"Hamburg-Bergedorf, Germany","Dr. Remeis-Observatory, Bamberg, Germany",FINITE_GEOMETRY_ADMISSIBLE_WITNESS,GEOMETRY_ADMISSIBLE,1,1,0,1,913c4fe4738edf1d92cc094db5f751ac5cc7e9733a4529c89fa9d8a904e6b247
8350,91761|136592,61558,93462,"Hamburg-Bergedorf, Germany","Dr. Remeis-Observatory, Bamberg, Germany",FINITE_GEOMETRY_ADMISSIBLE_WITNESS,GEOMETRY_ADMISSIBLE,1,1,0,1,fc4b0ae18c9b554e915f521e6eb8e3a20bead87c4b2bfed448e669527e6ed6e4
8351,91761|136593,61558,93463,"Hamburg-Bergedorf, Germany","Dr. Remeis-Observatory, Bamberg, Germany",FINITE_GEOMETRY_ADMISSIBLE_WITNESS,GEOMETRY_ADMISSIBLE,1,1,0,1,c07f7882de75c6c0808121ef179ffa109a489ffefb195819ffd0d636eccc8b9e
8352,91761|136594,61558,93464,"Hamburg-Bergedorf, Germany","Dr. Remeis-Observatory, Bamberg, Germany",FINITE_GEOMETRY_ADMISSIBLE_WITNESS,GEOMETRY_ADMISSIBLE,1,1,0,1,4be92e6373f850e3a935e90e498166708874785baa381e6640d3522b354ab2c4
8353,91762|136595,61559,93465,"Hamburg-Bergedorf, Germany","Dr. Remeis-Observatory, Bamberg, Germany",FINITE_GEOMETRY_ADMISSIBLE_WITNESS,GEOMETRY_ADMISSIBLE,1,1,0,1,b76c5e38bbfc82d07639e70b4367e616c7ff6c7fd8cdefc841766f141386bad1
8356,91762|136598,61559,93468,"Hamburg-Bergedorf, Germany","Dr. Remeis-Observatory, Bamberg, Germany",FINITE_GEOMETRY_ADMISSIBLE_WITNESS,GEOMETRY_ADMISSIBLE,1,1,0,2,5fc67ce5ee0cdfe45dbe73c6ce6ffbecfbf8a13392302ecbecb735e11d2e5ee7
8357,91762|136599,61559,93469,"Hamburg-Bergedorf, Germany","Dr. Remeis-Observatory, Bamberg, Germany",FINITE_GEOMETRY_ADMISSIBLE_WITNESS,GEOMETRY_ADMISSIBLE,1,1,0,1,c4ab8641e7a6bb8d684a0315824ca4a966fe04c6cb6117c808620afaf2ec0d66
8358,91763|136595,61560,93465,"Hamburg-Bergedorf, Germany","Dr. Remeis-Observatory, Bamberg, Germany",FINITE_GEOMETRY_ADMISSIBLE_WITNESS,GEOMETRY_ADMISSIBLE,1,1,0,2,26d428f7a0c7bc3b2411cd64787620b0dc54636f33f5188013913e2d3583033a
8360,91763|136597,61560,93467,"Hamburg-Bergedorf, Germany","Dr. Remeis-Observatory, Bamberg, Germany",FINITE_GEOMETRY_ADMISSIBLE_WITNESS,GEOMETRY_ADMISSIBLE,1,1,0,1,3c027a4f0c1947d23707e01db7028faea49cf1b4ed70e3bfe36ade81c3096ebe
8361,91763|136598,61560,93468,"Hamburg-Bergedorf, Germany","Dr. Remeis-Observatory, Bamberg, Germany",FINITE_GEOMETRY_ADMISSIBLE_WITNESS,GEOMETRY_ADMISSIBLE,1,1,0,1,ad049d4493e6735dd365ad9aa262c677ca0e898f6bc1a18da077b7485bb2686c
8362,91763|136599,61560,93469,"Hamburg-Bergedorf, Germany","Dr. Remeis-Observatory, Bamberg, Germany",FINITE_GEOMETRY_ADMISSIBLE_WITNESS,GEOMETRY_ADMISSIBLE,1,1,0,1,8eb62cb4b6d81ecdec177485fc310d03ac2f613d81e8e3fbf9b439b104e5d8e2
8363,91764|136595,61561,93465,"Hamburg-Bergedorf, Germany","Dr. Remeis-Observatory, Bamberg, Germany",FINITE_GEOMETRY_ADMISSIBLE_WITNESS,GEOMETRY_ADMISSIBLE,1,1,0,1,3ad2fd1991ffc7abb30b73804251302fedd2303b3101488b6f4ed0616ed9764f
8365,91764|136597,61561,93467,"Hamburg-Bergedorf, Germany","Dr. Remeis-Observatory, Bamberg, Germany",FINITE_GEOMETRY_ADMISSIBLE_WITNESS,GEOMETRY_ADMISSIBLE,1,1,0,1,48c8a1139d50b276dc7ba35746b4a6502ab1b7d38857948e16de30eeff6f03a4
8366,91764|136598,61561,93468,"Hamburg-Bergedorf, Germany","Dr. Remeis-Observatory, Bamberg, Germany",FINITE_GEOMETRY_ADMISSIBLE_WITNESS,GEOMETRY_ADMISSIBLE,1,1,0,1,5de238a34c2b864732b2384419f7154c564c2fc8d832adffe8c3fbcc47eb693a
8367,91764|136599,61561,93469,"Hamburg-Bergedorf, Germany","Dr. Remeis-Observatory, Bamberg, Germany",FINITE_GEOMETRY_ADMISSIBLE_WITNESS,GEOMETRY_ADMISSIBLE,1,1,0,1,1ed944340d388c57619e2ba3d7b5bec9e196b4d337f6b55dcb8fdf8e81a7b993
8371,91764|136603,61561,93473,"Hamburg-Bergedorf, Germany","Dr. Remeis-Observatory, Bamberg, Germany",FINITE_GEOMETRY_ADMISSIBLE_WITNESS,GEOMETRY_ADMISSIBLE,1,1,0,2,4d28289716c1b4d74105de2c8fc63be8d007a238633716302e94c4e3dedac559
8372,91764|136604,61561,93474,"Hamburg-Bergedorf, Germany","Dr. Remeis-Observatory, Bamberg, Germany",FINITE_GEOMETRY_ADMISSIBLE_WITNESS,GEOMETRY_ADMISSIBLE,1,1,0,1,24ba1ee8cafcf4c8c6da400fad3bb7985b0654d6390faafbb949ea8887276f29
8373,91765|136605,61562,93475,"Hamburg-Bergedorf, Germany","Dr. Remeis-Observatory, Bamberg, Germany",FINITE_GEOMETRY_ADMISSIBLE_WITNESS,GEOMETRY_ADMISSIBLE,1,1,0,1,93c0d4cc708f7c0ae82c40cf8fd861c3e382761e94160025792e587c4704de70
8376,91766|136605,61563,93475,"Hamburg-Bergedorf, Germany","Dr. Remeis-Observatory, Bamberg, Germany",FINITE_GEOMETRY_ADMISSIBLE_WITNESS,GEOMETRY_ADMISSIBLE,1,1,0,2,48317130dd15980d23900e20e206f90e385ccbcadbf7c5a42b2b7571e9721c4e
8378,91766|136607,61563,93477,"Hamburg-Bergedorf, Germany","Dr. Remeis-Observatory, Bamberg, Germany",FINITE_GEOMETRY_ADMISSIBLE_WITNESS,GEOMETRY_ADMISSIBLE,1,1,0,1,72e974cf634b6db2985e9ce0371a004bf2149798058fbe2e693056ca27c095ff
8379,91767|136645,61564,93515,"Hamburg-Bergedorf, Germany","Dr. Remeis-Observatory, Bamberg, Germany",FINITE_GEOMETRY_ADMISSIBLE_WITNESS,GEOMETRY_ADMISSIBLE,1,1,0,1,f2fc65ebd0620a82f59aec3ed1a0bebe31d75c36d1dfd4c7770060977e225a02
8381,91767|136647,61564,93517,"Hamburg-Bergedorf, Germany","Dr. Remeis-Observatory, Bamberg, Germany",FINITE_GEOMETRY_ADMISSIBLE_WITNESS,GEOMETRY_ADMISSIBLE,1,1,0,1,c233cbe6c95222740bfc718fc6ca8955e45190adc10c4f08cf1a1d900d90d8bd
8383,91768|136645,61565,93515,"Hamburg-Bergedorf, Germany","Dr. Remeis-Observatory, Bamberg, Germany",FINITE_GEOMETRY_ADMISSIBLE_WITNESS,GEOMETRY_ADMISSIBLE,1,1,0,1,70cea99afac9cf4661a9d11003e323a1e8eafd9710bfb8626093b3672535f547
8384,91768|136646,61565,93516,"Hamburg-Bergedorf, Germany","Dr. Remeis-Observatory, Bamberg, Germany",FINITE_GEOMETRY_ADMISSIBLE_WITNESS,GEOMETRY_ADMISSIBLE,1,1,0,1,e4575391ed7ce64ceeacb79d6e26274522053678fa6b925322279be244951c57
8385,91768|136647,61565,93517,"Hamburg-Bergedorf, Germany","Dr. Remeis-Observatory, Bamberg, Germany",FINITE_GEOMETRY_ADMISSIBLE_WITNESS,GEOMETRY_ADMISSIBLE,1,1,0,1,9c54f76dac6177f57f3444d46a0f1708fc6557675d8784e3cfdd974506263c00
8386,91768|136648,61565,93518,"Hamburg-Bergedorf, Germany","Dr. Remeis-Observatory, Bamberg, Germany",FINITE_GEOMETRY_ADMISSIBLE_WITNESS,GEOMETRY_ADMISSIBLE,1,1,0,1,0fc763fcb660606001b844a907b1bb9b3fccf2b55333731ddba831472b06a8c4
8387,91768|136650,61565,93520,"Hamburg-Bergedorf, Germany","Dr. Remeis-Observatory, Bamberg, Germany",FINITE_GEOMETRY_ADMISSIBLE_WITNESS,GEOMETRY_ADMISSIBLE,1,1,0,4,4bd31fb674c4cf97b4c98a6a4cae497372f67832a7e94c336a16d87dc40041ce
8389,91768|136652,61565,93522,"Hamburg-Bergedorf, Germany","Dr. Remeis-Observatory, Bamberg, Germany",FINITE_GEOMETRY_ADMISSIBLE_WITNESS,GEOMETRY_ADMISSIBLE,1,1,0,1,b003dd291967ed542e945ace1f9f53f0aaf091810e169c9a726a33f543c88e62
8390,91768|136653,61565,93523,"Hamburg-Bergedorf, Germany","Dr. Remeis-Observatory, Bamberg, Germany",FINITE_GEOMETRY_ADMISSIBLE_WITNESS,GEOMETRY_ADMISSIBLE,1,1,0,1,799016bcf2ce5f813bd1a2ff7412750e6d087a5cbecbdb57a6299f18a014c4ec
8391,91768|136654,61565,93524,"Hamburg-Bergedorf, Germany","Dr. Remeis-Observatory, Bamberg, Germany",FINITE_GEOMETRY_ADMISSIBLE_WITNESS,GEOMETRY_ADMISSIBLE,1,1,0,1,5b8910e43027b6df647dbc1dd60b94fc673de74df3bb601c54d02f18d4777b2c
8392,91769|136650,61566,93520,"Hamburg-Bergedorf, Germany","Dr. Remeis-Observatory, Bamberg, Germany",FINITE_GEOMETRY_ADMISSIBLE_WITNESS,GEOMETRY_ADMISSIBLE,1,1,0,1,bf15724e747286c6821f79a10c021536cc87f73bfcd877c79016c61545d8b7a2
8394,91769|136652,61566,93522,"Hamburg-Bergedorf, Germany","Dr. Remeis-Observatory, Bamberg, Germany",FINITE_GEOMETRY_ADMISSIBLE_WITNESS,GEOMETRY_ADMISSIBLE,1,1,0,1,0c83122e9a00059ca0e2ace4f7ad2f8ce72cab3a413703a18d67ed4a353051d7
8395,91769|136653,61566,93523,"Hamburg-Bergedorf, Germany","Dr. Remeis-Observatory, Bamberg, Germany",FINITE_GEOMETRY_ADMISSIBLE_WITNESS,GEOMETRY_ADMISSIBLE,1,1,0,3,6cca42aa81685586b7fa98c3b38919fd0e6e2ece13cbf403cce8997fa9b9e45e
8396,91769|136654,61566,93524,"Hamburg-Bergedorf, Germany","Dr. Remeis-Observatory, Bamberg, Germany",FINITE_GEOMETRY_ADMISSIBLE_WITNESS,GEOMETRY_ADMISSIBLE,1,1,0,1,2687da7fd1ef53cc9781f575ad3cd698460e93cfb75a014adc15301913aae44c
8397,91770|136650,61567,93520,"Hamburg-Bergedorf, Germany","Dr. Remeis-Observatory, Bamberg, Germany",FINITE_GEOMETRY_ADMISSIBLE_WITNESS,GEOMETRY_ADMISSIBLE,1,1,0,1,1a42bc18999d8fbbc5f3b69634853c3d79664efea111a5c6db7fe2d4caff2335
8399,91770|136652,61567,93522,"Hamburg-Bergedorf, Germany","Dr. Remeis-Observatory, Bamberg, Germany",FINITE_GEOMETRY_ADMISSIBLE_WITNESS,GEOMETRY_ADMISSIBLE,1,1,0,1,2588b9341a9c77e0cb47a74eacb44527472a2b7bc8d3ea8fbf79e306212c6b05
8400,91770|136653,61567,93523,"Hamburg-Bergedorf, Germany","Dr. Remeis-Observatory, Bamberg, Germany",FINITE_GEOMETRY_ADMISSIBLE_WITNESS,GEOMETRY_ADMISSIBLE,1,1,0,1,ad2f3e7bbeb7021cf5bd4a4d8be340d0938b75e8baa59a50ff2bdfe44a0ba923
8401,91770|136654,61567,93524,"Hamburg-Bergedorf, Germany","Dr. Remeis-Observatory, Bamberg, Germany",FINITE_GEOMETRY_ADMISSIBLE_WITNESS,GEOMETRY_ADMISSIBLE,1,1,0,1,9caae9f0b21f4fe123e091372e7b6a2ac7871c78539d8a076e66b56b0d7fd632
8405,91770|136658,61567,93528,"Hamburg-Bergedorf, Germany","Dr. Remeis-Observatory, Bamberg, Germany",FINITE_GEOMETRY_ADMISSIBLE_WITNESS,GEOMETRY_ADMISSIBLE,1,1,0,2,5995165d547e04bcf8c72819c7b207207e5812126eb2ce8f82f9fa470134bd0c
8406,91771|136655,61568,93525,"Hamburg-Bergedorf, Germany","Dr. Remeis-Observatory, Bamberg, Germany",FINITE_GEOMETRY_ADMISSIBLE_WITNESS,GEOMETRY_ADMISSIBLE,1,1,0,1,8085ae8decf5b1bda55be6d30f898510b8e60e108630bfb1a50d2fca53a17dcc
8408,91771|136657,61568,93527,"Hamburg-Bergedorf, Germany","Dr. Remeis-Observatory, Bamberg, Germany",FINITE_GEOMETRY_ADMISSIBLE_WITNESS,GEOMETRY_ADMISSIBLE,1,1,0,1,db54d3ce7167444b22b2c5bb649353069eccba8c3a9202ba4d85e6682239db15
8409,91771|136658,61568,93528,"Hamburg-Bergedorf, Germany","Dr. Remeis-Observatory, Bamberg, Germany",FINITE_GEOMETRY_ADMISSIBLE_WITNESS,GEOMETRY_ADMISSIBLE,1,1,0,1,c891d8b8b66d6a044f7adf5d11c80aa698a5dad98f2e780c38050adddd48cd3c
8410,91771|136660,61568,93530,"Hamburg-Bergedorf, Germany","Dr. Remeis-Observatory, Bamberg, Germany",FINITE_GEOMETRY_ADMISSIBLE_WITNESS,GEOMETRY_ADMISSIBLE,1,1,0,1,dd254b807ec3a7b7a0e562ed876f5d598e77908b3c7cca1ae6be79eed310ee89
8413,91771|136663,61568,93533,"Hamburg-Bergedorf, Germany","Dr. Remeis-Observatory, Bamberg, Germany",FINITE_GEOMETRY_ADMISSIBLE_WITNESS,GEOMETRY_ADMISSIBLE,1,1,0,1,9ec6281536504cfb874521a75aac9075baca14dd5ba7c7253ebed1e4632628f9
8414,91772|136660,61569,93530,"Hamburg-Bergedorf, Germany","Dr. Remeis-Observatory, Bamberg, Germany",FINITE_GEOMETRY_ADMISSIBLE_WITNESS,GEOMETRY_ADMISSIBLE,1,1,0,1,616c2257e7abda5fe3f680ab2c0abe7f9dad7496accfa06ab3ffb02903213b6b
8416,91772|136662,61569,93532,"Hamburg-Bergedorf, Germany","Dr. Remeis-Observatory, Bamberg, Germany",FINITE_GEOMETRY_ADMISSIBLE_WITNESS,GEOMETRY_ADMISSIBLE,1,1,0,1,54f2532cf4b86de25f662aca74f4cb3479180f734b875bf3c049f2567ccd65f3
8417,91772|136663,61569,93533,"Hamburg-Bergedorf, Germany","Dr. Remeis-Observatory, Bamberg, Germany",FINITE_GEOMETRY_ADMISSIBLE_WITNESS,GEOMETRY_ADMISSIBLE,1,1,0,1,c05dbba13457115774220bb5a4f0f9e3e1c6f15ef86179bad99d134536cbc36f
8418,91773|136660,61570,93530,"Hamburg-Bergedorf, Germany","Dr. Remeis-Observatory, Bamberg, Germany",FINITE_GEOMETRY_ADMISSIBLE_WITNESS,GEOMETRY_ADMISSIBLE,1,1,0,1,a66cb7bfd7b7fb1400c93be962656b3a5ead03cde62046d00e2a74984e6e3920
8419,91773|136661,61570,93531,"Hamburg-Bergedorf, Germany","Dr. Remeis-Observatory, Bamberg, Germany",FINITE_GEOMETRY_ADMISSIBLE_WITNESS,GEOMETRY_ADMISSIBLE,1,1,0,1,b8413ac2d218b4f592532b8a0e5e088fa1fcf273f6895e1d5d372221cd8981a4
8420,91773|136662,61570,93532,"Hamburg-Bergedorf, Germany","Dr. Remeis-Observatory, Bamberg, Germany",FINITE_GEOMETRY_ADMISSIBLE_WITNESS,GEOMETRY_ADMISSIBLE,1,1,0,1,424c335b196c93732395898e7795202d0cb87622329862d95ab0d1a8b05033f5
8422,91773|136665,61570,93535,"Hamburg-Bergedorf, Germany","Dr. Remeis-Observatory, Bamberg, Germany",FINITE_GEOMETRY_ADMISSIBLE_WITNESS,GEOMETRY_ADMISSIBLE,1,1,0,1,9becf9e3d4f50257ce03f438e807d89c3602ee28a9f953d10f4af607169a5a35
8424,91773|136667,61570,93537,"Hamburg-Bergedorf, Germany","Dr. Remeis-Observatory, Bamberg, Germany",FINITE_GEOMETRY_ADMISSIBLE_WITNESS,GEOMETRY_ADMISSIBLE,1,1,0,1,98db5e8d9e0cabc3b8772796ef53a15d15a389b5cc8ebc7da57bf0d97bc41037
8430,91799|136818,61596,93688,"Hamburg-Bergedorf, Germany","Dr. Remeis-Observatory, Bamberg, Germany",FINITE_GEOMETRY_ADMISSIBLE_WITNESS,GEOMETRY_ADMISSIBLE,1,1,0,1,a1cf0a13c9602d3d1ec119e6b310939689f8bc3dd21d1b1733265ac0e4805429
8431,91800|136815,61597,93685,"Hamburg-Bergedorf, Germany","Dr. Remeis-Observatory, Bamberg, Germany",FINITE_GEOMETRY_ADMISSIBLE_WITNESS,GEOMETRY_ADMISSIBLE,1,1,0,2,d9e895fc703d852b18f88eab698aed932671ed66b5ebeaeddae803af9898df58
8433,91800|136817,61597,93687,"Hamburg-Bergedorf, Germany","Dr. Remeis-Observatory, Bamberg, Germany",FINITE_GEOMETRY_ADMISSIBLE_WITNESS,GEOMETRY_ADMISSIBLE,1,1,0,1,e76f3071cd66601121a9f1aa89e9d8786447a49952111ff5fc003173797efc6d
8434,91800|136818,61597,93688,"Hamburg-Bergedorf, Germany","Dr. Remeis-Observatory, Bamberg, Germany",FINITE_GEOMETRY_ADMISSIBLE_WITNESS,GEOMETRY_ADMISSIBLE,1,1,0,2,b878a4490058dabcb143ee6b83bc2516a6a28e1e5c3e0a545449c4914c10a784
8435,91801|136815,61598,93685,"Hamburg-Bergedorf, Germany","Dr. Remeis-Observatory, Bamberg, Germany",FINITE_GEOMETRY_ADMISSIBLE_WITNESS,GEOMETRY_ADMISSIBLE,1,1,0,2,f709f5052ce336ef0549cae332bb8d931c0be3b6600a06035c2a0b53b75eeddd
8437,91801|136817,61598,93687,"Hamburg-Bergedorf, Germany","Dr. Remeis-Observatory, Bamberg, Germany",FINITE_GEOMETRY_ADMISSIBLE_WITNESS,GEOMETRY_ADMISSIBLE,1,1,0,1,40abd6aea2f9c3313dd06fd8f523eb2ce016db08ab9480445bef523b21e0acd2
8438,91801|136818,61598,93688,"Hamburg-Bergedorf, Germany","Dr. Remeis-Observatory, Bamberg, Germany",FINITE_GEOMETRY_ADMISSIBLE_WITNESS,GEOMETRY_ADMISSIBLE,1,1,0,2,0576da5fe405b5f9472cb6bb925d2da234c9f29e6cb144952fa8e2d26116bcbe
8442,91801|136824,61598,93694,"Hamburg-Bergedorf, Germany","Dr. Remeis-Observatory, Bamberg, Germany",FINITE_GEOMETRY_ADMISSIBLE_WITNESS,GEOMETRY_ADMISSIBLE,1,1,0,1,2b41c7b9eb24343377abe18e13b9a779083ad88328d3316fa408782185f3c307
8443,91802|136825,61599,93695,"Hamburg-Bergedorf, Germany","Dr. Remeis-Observatory, Bamberg, Germany",FINITE_GEOMETRY_ADMISSIBLE_WITNESS,GEOMETRY_ADMISSIBLE,1,1,0,1,ca81220a8a6120c7707cbd5a5bd4b2a363b68ed971616501e16f1dca8fbaa711
8445,91802|136827,61599,93697,"Hamburg-Bergedorf, Germany","Dr. Remeis-Observatory, Bamberg, Germany",FINITE_GEOMETRY_ADMISSIBLE_WITNESS,GEOMETRY_ADMISSIBLE,1,1,0,1,7f8362b8b80b4ef16d39f36c43b5c43ed3bbd675a725ecbc19ede4b0f60b8f4f
8446,91802|136828,61599,93698,"Hamburg-Bergedorf, Germany","Dr. Remeis-Observatory, Bamberg, Germany",FINITE_GEOMETRY_ADMISSIBLE_WITNESS,GEOMETRY_ADMISSIBLE,1,1,0,1,d64ae357c76d0415f427c5ce2beb9178df93c28e877908ff1d002bb6dce48c8f
8450,91803|136854,61600,93724,"Hamburg-Bergedorf, Germany","Dr. Remeis-Observatory, Bamberg, Germany",FINITE_GEOMETRY_ADMISSIBLE_WITNESS,GEOMETRY_ADMISSIBLE,1,1,0,3,0e82c2d56c5fe2c59b5d399ea7174efd567d8fee0777f2ebe7f443f13e8d0d14
8451,91804|136850,61601,93720,"Hamburg-Bergedorf, Germany","Dr. Remeis-Observatory, Bamberg, Germany",FINITE_GEOMETRY_ADMISSIBLE_WITNESS,GEOMETRY_ADMISSIBLE,1,1,0,1,78274d4fc7df3f49a0e45ed0834b22e1412f4e1dc65433a52741283509e5fbc3
8453,91804|136852,61601,93722,"Hamburg-Bergedorf, Germany","Dr. Remeis-Observatory, Bamberg, Germany",FINITE_GEOMETRY_ADMISSIBLE_WITNESS,GEOMETRY_ADMISSIBLE,1,1,0,1,01f3db88641434ef019e133b1a4002ed7b19784e0cfd4f516637e196c848fe9f
8454,91804|136854,61601,93724,"Hamburg-Bergedorf, Germany","Dr. Remeis-Observatory, Bamberg, Germany",FINITE_GEOMETRY_ADMISSIBLE_WITNESS,GEOMETRY_ADMISSIBLE,1,1,0,1,a17b17ea56353b59bfc31f5f58845d7e57e1805aaf1ca70285f97442e3514c27
8455,91870|137032,61667,93902,"Hamburg-Bergedorf, Germany","Dr. Remeis-Observatory, Bamberg, Germany",FINITE_GEOMETRY_ADMISSIBLE_WITNESS,GEOMETRY_ADMISSIBLE,1,1,0,2,7dbdd6468983e23ca07cbeb4eb46eb3b6f6610def3ca37e1802d047e912c0609
8457,91870|137034,61667,93904,"Hamburg-Bergedorf, Germany","Dr. Remeis-Observatory, Bamberg, Germany",FINITE_GEOMETRY_ADMISSIBLE_WITNESS,GEOMETRY_ADMISSIBLE,1,1,0,1,ac637175765c903a5c95813dce08583f9710a553e41c97cd48b43ea91a6c5f0d
8458,91870|137035,61667,93905,"Hamburg-Bergedorf, Germany","Dr. Remeis-Observatory, Bamberg, Germany",FINITE_GEOMETRY_ADMISSIBLE_WITNESS,GEOMETRY_ADMISSIBLE,1,1,0,1,bf6b43890fef4e83385399dca56e281b2d65ea6e401f1aa4ce247e7c23c79bc4
8459,91871|137032,61668,93902,"Hamburg-Bergedorf, Germany","Dr. Remeis-Observatory, Bamberg, Germany",FINITE_GEOMETRY_ADMISSIBLE_WITNESS,GEOMETRY_ADMISSIBLE,1,1,0,2,ea8f29f4fd14c80a465452ce9ef73a33528975fe2053385d37065de385d9a886
8461,91871|137034,61668,93904,"Hamburg-Bergedorf, Germany","Dr. Remeis-Observatory, Bamberg, Germany",FINITE_GEOMETRY_ADMISSIBLE_WITNESS,GEOMETRY_ADMISSIBLE,1,1,0,1,db5c2bcdde9ca3eb6fb088ff45e6ed6dff15f5add183bca3fa3d6950da97c52c
8462,91871|137035,61668,93905,"Hamburg-Bergedorf, Germany","Dr. Remeis-Observatory, Bamberg, Germany",FINITE_GEOMETRY_ADMISSIBLE_WITNESS,GEOMETRY_ADMISSIBLE,1,1,0,1,b9a12bcec0d7af4e50d5ab67a755c01737d4d4f718fd370d41618bdf8636c308
8463,91872|137037,61669,93907,"Hamburg-Bergedorf, Germany","Dr. Remeis-Observatory, Bamberg, Germany",FINITE_GEOMETRY_ADMISSIBLE_WITNESS,GEOMETRY_ADMISSIBLE,1,1,0,1,d1408c01f3bf4cd37ffcd2bb337acbe34196d15e9fc7116bf3295841017ef71a
8465,91872|137039,61669,93909,"Hamburg-Bergedorf, Germany","Dr. Remeis-Observatory, Bamberg, Germany",FINITE_GEOMETRY_ADMISSIBLE_WITNESS,GEOMETRY_ADMISSIBLE,1,1,0,1,1de803ae20882a80d848cdcc576ebfb3009512385b3843f0207fba6c7da6ebe2
8466,91873|137037,61670,93907,"Hamburg-Bergedorf, Germany","Dr. Remeis-Observatory, Bamberg, Germany",FINITE_GEOMETRY_ADMISSIBLE_WITNESS,GEOMETRY_ADMISSIBLE,1,1,0,2,a6424f0996614bdf6b6089264a50c810b36f73bb9cda6b2c9c284e06ddcce9f5
8468,91873|137039,61670,93909,"Hamburg-Bergedorf, Germany","Dr. Remeis-Observatory, Bamberg, Germany",FINITE_GEOMETRY_ADMISSIBLE_WITNESS,GEOMETRY_ADMISSIBLE,1,1,0,1,a7b9c5b14ea7cb2e3186ccf8e0a8b07e37425de3425f4653da162c2fcff40802
8469,91874|137037,61671,93907,"Hamburg-Bergedorf, Germany","Dr. Remeis-Observatory, Bamberg, Germany",FINITE_GEOMETRY_ADMISSIBLE_WITNESS,GEOMETRY_ADMISSIBLE,1,1,0,1,7c05459b941ffe221256015c2c7717a66c732e5e5312320bb4ace896568d5395
8471,91874|137039,61671,93909,"Hamburg-Bergedorf, Germany","Dr. Remeis-Observatory, Bamberg, Germany",FINITE_GEOMETRY_ADMISSIBLE_WITNESS,GEOMETRY_ADMISSIBLE,1,1,0,2,07b84e677f173b980026611d7559a4e79dd33bd27fc8989ace6a1b3c47254cf1
8472,91907|137447,61704,94317,"Hamburg-Bergedorf, Germany","Dr. Remeis-Observatory, Bamberg, Germany",FINITE_GEOMETRY_ADMISSIBLE_WITNESS,GEOMETRY_ADMISSIBLE,1,1,0,1,5359da51023ae2ec4775f2cd62c9ad789f211c98850b396582f15cc1c9d244cd
8473,91907|137448,61704,94318,"Hamburg-Bergedorf, Germany","Dr. Remeis-Observatory, Bamberg, Germany",FINITE_GEOMETRY_ADMISSIBLE_WITNESS,GEOMETRY_ADMISSIBLE,1,1,0,1,9c51f016fb5dd7fc229b16c840a5065016ac036d2359db1b7efdb708f7e810ea
8474,91907|137449,61704,94319,"Hamburg-Bergedorf, Germany","Dr. Remeis-Observatory, Bamberg, Germany",FINITE_GEOMETRY_ADMISSIBLE_WITNESS,GEOMETRY_ADMISSIBLE,1,1,0,1,97516133dea4c51751216d5cbbe7f54925506df9cc2b806dae3a50ae542d9fec
8475,91907|137450,61704,94320,"Hamburg-Bergedorf, Germany","Dr. Remeis-Observatory, Bamberg, Germany",FINITE_GEOMETRY_ADMISSIBLE_WITNESS,GEOMETRY_ADMISSIBLE,1,1,0,1,b5760085de6a392638c5a58558c757e9d64b35f7335048d1b82bb0067c4263d2
8476,91907|137451,61704,94321,"Hamburg-Bergedorf, Germany","Dr. Remeis-Observatory, Bamberg, Germany",FINITE_GEOMETRY_ADMISSIBLE_WITNESS,GEOMETRY_ADMISSIBLE,1,1,0,1,46d28f9e700bcc2ad3bddd7056094805c2590d0eacbcf6db77d7b660b82c9757
8477,91907|137452,61704,94322,"Hamburg-Bergedorf, Germany","Dr. Remeis-Observatory, Bamberg, Germany",FINITE_GEOMETRY_ADMISSIBLE_WITNESS,GEOMETRY_ADMISSIBLE,1,1,0,1,e5b716801599ffa9a4517f9d82770ae75d5bdf5a1a748346f8b3e31d744c82ff
8478,91907|137453,61704,94323,"Hamburg-Bergedorf, Germany","Dr. Remeis-Observatory, Bamberg, Germany",FINITE_GEOMETRY_ADMISSIBLE_WITNESS,GEOMETRY_ADMISSIBLE,1,1,0,2,82948b39bad2fb2dafc7434077e34a0ba5b042c859fb13e5b2e22234758b6fa9
8479,91907|137454,61704,94324,"Hamburg-Bergedorf, Germany","Dr. Remeis-Observatory, Bamberg, Germany",FINITE_GEOMETRY_ADMISSIBLE_WITNESS,GEOMETRY_ADMISSIBLE,1,1,0,1,89142d333224a9b7368c0111b9de7061a71145d0d05d2ecfc082deaaa94b3577
8480,91915|137559,61712,94429,"Hamburg-Bergedorf, Germany","Dr. Remeis-Observatory, Bamberg, Germany",FINITE_GEOMETRY_ADMISSIBLE_WITNESS,GEOMETRY_ADMISSIBLE,1,1,0,1,1d5a5ba2e820322e456df401776702314440350daf87da5343eede47efe045b7
8481,91915|137560,61712,94430,"Hamburg-Bergedorf, Germany","Dr. Remeis-Observatory, Bamberg, Germany",FINITE_GEOMETRY_ADMISSIBLE_WITNESS,GEOMETRY_ADMISSIBLE,1,1,0,1,e2ca8d602d11921851eb6fbca9a1389bab0ffd72342f31d6dce1a801f2e7857a
8482,91915|137561,61712,94431,"Hamburg-Bergedorf, Germany","Dr. Remeis-Observatory, Bamberg, Germany",FINITE_GEOMETRY_ADMISSIBLE_WITNESS,GEOMETRY_ADMISSIBLE,1,1,0,1,ba5b5aca738b0d3219f9aa4d2727dff9b82762111f3c7c345d58ca4401a980f8
8484,91915|137564,61712,94434,"Hamburg-Bergedorf, Germany","Dr. Remeis-Observatory, Bamberg, Germany",FINITE_GEOMETRY_ADMISSIBLE_WITNESS,GEOMETRY_ADMISSIBLE,1,1,0,2,b079305f82e22fa9211c65bde0a835d8cd13f6a729573239f0ea4787a8e67f7d
8485,91915|137565,61712,94435,"Hamburg-Bergedorf, Germany","Dr. Remeis-Observatory, Bamberg, Germany",FINITE_GEOMETRY_ADMISSIBLE_WITNESS,GEOMETRY_ADMISSIBLE,1,1,0,1,b362ba71bb724513bed361bcb0571da8a53cdcd2704485f3b8ef52f6d5592a48
8487,91994|137863,61791,94733,"Hamburg-Bergedorf, Germany","Dr. Remeis-Observatory, Bamberg, Germany",FINITE_GEOMETRY_ADMISSIBLE_WITNESS,GEOMETRY_ADMISSIBLE,1,1,0,1,bcb3a9ec24984710a998af009e42de4ce847635b371180d9fda2fa7d57c99012
8488,91994|137864,61791,94734,"Hamburg-Bergedorf, Germany","Dr. Remeis-Observatory, Bamberg, Germany",FINITE_GEOMETRY_ADMISSIBLE_WITNESS,GEOMETRY_ADMISSIBLE,1,1,0,1,37f8b59082874e63dd6815998e026e06af01c2d8348a73013ceaa7fc4d87fcf9
8489,91994|137865,61791,94735,"Hamburg-Bergedorf, Germany","Dr. Remeis-Observatory, Bamberg, Germany",FINITE_GEOMETRY_ADMISSIBLE_WITNESS,GEOMETRY_ADMISSIBLE,1,1,0,1,492e17186dabe06febffd1cd0ffcf66a77d07f14b63aae4871c6707e6f0c86b4
8490,91994|137866,61791,94736,"Hamburg-Bergedorf, Germany","Dr. Remeis-Observatory, Bamberg, Germany",FINITE_GEOMETRY_ADMISSIBLE_WITNESS,GEOMETRY_ADMISSIBLE,1,1,0,1,1deb3bbf3d4d4dec8ff955f23471a77081ac61550a3360b55776f044cc0f0d3e
8492,91994|137868,61791,94738,"Hamburg-Bergedorf, Germany","Dr. Remeis-Observatory, Bamberg, Germany",FINITE_GEOMETRY_ADMISSIBLE_WITNESS,GEOMETRY_ADMISSIBLE,1,1,0,1,ca7291f8ed38b013d1c3ec275f89c5b07e43b7cdd9e77dc2c0b5a04099dc93a6
8493,91994|137869,61791,94739,"Hamburg-Bergedorf, Germany","Dr. Remeis-Observatory, Bamberg, Germany",FINITE_GEOMETRY_ADMISSIBLE_WITNESS,GEOMETRY_ADMISSIBLE,1,1,0,1,0c100c240deb63c2768aa881d037c5ea96461b045e03d718cf57071815d7caae
8494,91994|137870,61791,94740,"Hamburg-Bergedorf, Germany","Dr. Remeis-Observatory, Bamberg, Germany",FINITE_GEOMETRY_ADMISSIBLE_WITNESS,GEOMETRY_ADMISSIBLE,1,1,0,1,067e43db3e61265eca304125eadf43618bd5764dad808946294cf085ab11ad85
8495,91995|137863,61792,94733,"Hamburg-Bergedorf, Germany","Dr. Remeis-Observatory, Bamberg, Germany",FINITE_GEOMETRY_ADMISSIBLE_WITNESS,GEOMETRY_ADMISSIBLE,1,1,0,2,5b41b0b2170cceba6a432fda34978b3c181cf473762cc3a55774b35460318f47
8496,91995|137864,61792,94734,"Hamburg-Bergedorf, Germany","Dr. Remeis-Observatory, Bamberg, Germany",FINITE_GEOMETRY_ADMISSIBLE_WITNESS,GEOMETRY_ADMISSIBLE,1,1,0,2,69296e99640aea984d76ea0f5e95aa509130aa9dad78a8e10b3ce7971dfda5d2
8497,91995|137865,61792,94735,"Hamburg-Bergedorf, Germany","Dr. Remeis-Observatory, Bamberg, Germany",FINITE_GEOMETRY_ADMISSIBLE_WITNESS,GEOMETRY_ADMISSIBLE,1,1,0,1,c30d8bf1a83779baa8944fb28960823926c0c8ef21a5eabf77f5482cadde5bc6
8498,91995|137866,61792,94736,"Hamburg-Bergedorf, Germany","Dr. Remeis-Observatory, Bamberg, Germany",FINITE_GEOMETRY_ADMISSIBLE_WITNESS,GEOMETRY_ADMISSIBLE,1,1,0,1,a972ffc13feac7822435ed16d0c2f5d173e7468bd1215c16b2ee159409e6b3da
8499,91995|137867,61792,94737,"Hamburg-Bergedorf, Germany","Dr. Remeis-Observatory, Bamberg, Germany",FINITE_GEOMETRY_ADMISSIBLE_WITNESS,GEOMETRY_ADMISSIBLE,1,1,0,1,486e80584111b6ea4655d0f9587d1aaba2da4c998bf241e5546449a329e3ed6b
8500,91995|137868,61792,94738,"Hamburg-Bergedorf, Germany","Dr. Remeis-Observatory, Bamberg, Germany",FINITE_GEOMETRY_ADMISSIBLE_WITNESS,GEOMETRY_ADMISSIBLE,1,1,0,1,ab169c0859bfa609671ac0fd326fec1f0bd12ddea45ffc72162b109e025adfad
8501,91995|137869,61792,94739,"Hamburg-Bergedorf, Germany","Dr. Remeis-Observatory, Bamberg, Germany",FINITE_GEOMETRY_ADMISSIBLE_WITNESS,GEOMETRY_ADMISSIBLE,1,1,0,3,f493180fecf1d7a1a698034454ff57982d635cd2de0246bf6b9c88dfc57e6a9b
8502,91995|137870,61792,94740,"Hamburg-Bergedorf, Germany","Dr. Remeis-Observatory, Bamberg, Germany",FINITE_GEOMETRY_ADMISSIBLE_WITNESS,GEOMETRY_ADMISSIBLE,1,1,0,1,85313d718022fa9fc50069e41537a5fb4e265c317f4e92ccb08549ddada82a95
8503,91999|137879,61796,94749,"Hamburg-Bergedorf, Germany","Dr. Remeis-Observatory, Bamberg, Germany",FINITE_GEOMETRY_ADMISSIBLE_WITNESS,GEOMETRY_ADMISSIBLE,1,1,0,1,00b9626005d1859061925a516b461b2ef4898cd17e47cb5823a7e9abda300076
8505,91999|137881,61796,94751,"Hamburg-Bergedorf, Germany","Dr. Remeis-Observatory, Bamberg, Germany",FINITE_GEOMETRY_ADMISSIBLE_WITNESS,GEOMETRY_ADMISSIBLE,1,1,0,1,722ba7c55ce80e096c5539b5b4ac97a36e22c4f5a763c988c0278b30c343aac4
8506,91999|137882,61796,94752,"Hamburg-Bergedorf, Germany","Dr. Remeis-Observatory, Bamberg, Germany",FINITE_GEOMETRY_ADMISSIBLE_WITNESS,GEOMETRY_ADMISSIBLE,1,1,0,3,487fd81629696f5126af4d994ff1355f92b6ddbae6f5044b3902473ceca2bb9d
8507,91999|137883,61796,94753,"Hamburg-Bergedorf, Germany","Dr. Remeis-Observatory, Bamberg, Germany",FINITE_GEOMETRY_ADMISSIBLE_WITNESS,GEOMETRY_ADMISSIBLE,1,1,0,1,d84a5f56c9f2f7553e45656e26e46038e79afd0b36c9d35004bfab0c8aed63ea
8508,91999|137884,61796,94754,"Hamburg-Bergedorf, Germany","Dr. Remeis-Observatory, Bamberg, Germany",FINITE_GEOMETRY_ADMISSIBLE_WITNESS,GEOMETRY_ADMISSIBLE,1,1,0,1,a9fb6b88fb13a0eb67182b050ca430aa77d95c82344525cc568f2a49bb0fc79b
8509,91999|137885,61796,94755,"Hamburg-Bergedorf, Germany","Dr. Remeis-Observatory, Bamberg, Germany",FINITE_GEOMETRY_ADMISSIBLE_WITNESS,GEOMETRY_ADMISSIBLE,1,1,0,1,c73af7c1f4e057c3666c472a1ccae1419968972a1984697bd0153ca2871fbf7f
8510,91999|137886,61796,94756,"Hamburg-Bergedorf, Germany","Dr. Remeis-Observatory, Bamberg, Germany",FINITE_GEOMETRY_ADMISSIBLE_WITNESS,GEOMETRY_ADMISSIBLE,1,1,0,1,82e20ecfe32f6e839f54494ed4e4841222dea6a068481f179a323f2fc3c1bb06
8511,92000|137879,61797,94749,"Hamburg-Bergedorf, Germany","Dr. Remeis-Observatory, Bamberg, Germany",FINITE_GEOMETRY_ADMISSIBLE_WITNESS,GEOMETRY_ADMISSIBLE,1,1,0,2,cc78603f4a94ccf2771784e384f6523125d3e80eecce74abf3fb32ebc0dc4ce0
8513,92000|137881,61797,94751,"Hamburg-Bergedorf, Germany","Dr. Remeis-Observatory, Bamberg, Germany",FINITE_GEOMETRY_ADMISSIBLE_WITNESS,GEOMETRY_ADMISSIBLE,1,1,0,2,6fd5d0cd4ef08820d7744ee43ea8cb5ba86edeb44a97c5c6fbc623c5355439cb
8514,92000|137882,61797,94752,"Hamburg-Bergedorf, Germany","Dr. Remeis-Observatory, Bamberg, Germany",FINITE_GEOMETRY_ADMISSIBLE_WITNESS,GEOMETRY_ADMISSIBLE,1,1,0,1,84df45d9e708425334e62276e325bbbe3c98fe57a51f41ae7b4c70be1cc86f68
8515,92000|137883,61797,94753,"Hamburg-Bergedorf, Germany","Dr. Remeis-Observatory, Bamberg, Germany",FINITE_GEOMETRY_ADMISSIBLE_WITNESS,GEOMETRY_ADMISSIBLE,1,1,0,2,87c6271e55710e53cfb410675a28455db8afd75d9e51db7d26057f21a32ac9fa
8516,92000|137884,61797,94754,"Hamburg-Bergedorf, Germany","Dr. Remeis-Observatory, Bamberg, Germany",FINITE_GEOMETRY_ADMISSIBLE_WITNESS,GEOMETRY_ADMISSIBLE,1,1,0,1,bb93d78cb69744314318f1113f12389cc7eb8d4ae02f71651f06e28cd25db01d
8517,92000|137885,61797,94755,"Hamburg-Bergedorf, Germany","Dr. Remeis-Observatory, Bamberg, Germany",FINITE_GEOMETRY_ADMISSIBLE_WITNESS,GEOMETRY_ADMISSIBLE,1,1,0,1,72679d369298673060805b9996b29e6f1a209e66d2bab9624156013838cf1e87
8518,92000|137886,61797,94756,"Hamburg-Bergedorf, Germany","Dr. Remeis-Observatory, Bamberg, Germany",FINITE_GEOMETRY_ADMISSIBLE_WITNESS,GEOMETRY_ADMISSIBLE,1,1,0,1,20314ca7589498ec73734f0cb499bec1d486c87522d8726f5bd687e22c78342e
8519,92001|137887,61798,94757,"Hamburg-Bergedorf, Germany","Dr. Remeis-Observatory, Bamberg, Germany",FINITE_GEOMETRY_ADMISSIBLE_WITNESS,GEOMETRY_ADMISSIBLE,1,1,0,1,6293c61f03617df165e71a0749e605be8d83cf6f31f7fd94cdbbb78f86314b01
8521,92001|137889,61798,94759,"Hamburg-Bergedorf, Germany","Dr. Remeis-Observatory, Bamberg, Germany",FINITE_GEOMETRY_ADMISSIBLE_WITNESS,GEOMETRY_ADMISSIBLE,1,1,0,1,afa1f72c534dc8391bac3af9aa18f5051aa6f1e487754041186ca7dbcf134a5e
8522,92001|137890,61798,94760,"Hamburg-Bergedorf, Germany","Dr. Remeis-Observatory, Bamberg, Germany",FINITE_GEOMETRY_ADMISSIBLE_WITNESS,GEOMETRY_ADMISSIBLE,1,1,0,1,dd7800d907811e601f70f0a69c1ff97d65fe9671f75279ead15b44f0e7370c58
8523,92001|137891,61798,94761,"Hamburg-Bergedorf, Germany","Dr. Remeis-Observatory, Bamberg, Germany",FINITE_GEOMETRY_ADMISSIBLE_WITNESS,GEOMETRY_ADMISSIBLE,1,1,0,1,1f3f1dd7890aa90d2467055242493806c35a5f129be992e5e232e0982f928af5
8524,92001|137892,61798,94762,"Hamburg-Bergedorf, Germany","Dr. Remeis-Observatory, Bamberg, Germany",FINITE_GEOMETRY_ADMISSIBLE_WITNESS,GEOMETRY_ADMISSIBLE,1,1,0,2,d00bfbed6617ed20498fa3956eeed9c54d3457f809f11143c2e9e6b9a2f402e6
8525,92001|137893,61798,94763,"Hamburg-Bergedorf, Germany","Dr. Remeis-Observatory, Bamberg, Germany",FINITE_GEOMETRY_ADMISSIBLE_WITNESS,GEOMETRY_ADMISSIBLE,1,1,0,1,b751b988149323c5122b246f991bc2fce48d71ca46e99699492c676a2e41b30a
8526,92001|137894,61798,94764,"Hamburg-Bergedorf, Germany","Dr. Remeis-Observatory, Bamberg, Germany",FINITE_GEOMETRY_ADMISSIBLE_WITNESS,GEOMETRY_ADMISSIBLE,1,1,0,1,55ec5c49814c80cfcf86dd0deb4923edfe518b5e8982afe1eb77cf34928fb3d3
8527,92002|137887,61799,94757,"Hamburg-Bergedorf, Germany","Dr. Remeis-Observatory, Bamberg, Germany",FINITE_GEOMETRY_ADMISSIBLE_WITNESS,GEOMETRY_ADMISSIBLE,1,1,0,1,a0aecc8e30e5f6a310eda4822aa1f8090403e25022654d6ea1fb26859ecbbbdc
8528,92002|137888,61799,94758,"Hamburg-Bergedorf, Germany","Dr. Remeis-Observatory, Bamberg, Germany",FINITE_GEOMETRY_ADMISSIBLE_WITNESS,GEOMETRY_ADMISSIBLE,1,1,0,1,1eef1655cf12c9b6598f479b1fe81a910e6edfd3aca8a1ed4960fc4c0d194feb
8529,92002|137889,61799,94759,"Hamburg-Bergedorf, Germany","Dr. Remeis-Observatory, Bamberg, Germany",FINITE_GEOMETRY_ADMISSIBLE_WITNESS,GEOMETRY_ADMISSIBLE,1,1,0,1,b45798c2e4b0b0a7fdacb5032af7fc0a23006b431d739fcc9fe5f954e3b0abb0
8530,92002|137890,61799,94760,"Hamburg-Bergedorf, Germany","Dr. Remeis-Observatory, Bamberg, Germany",FINITE_GEOMETRY_ADMISSIBLE_WITNESS,GEOMETRY_ADMISSIBLE,1,1,0,1,83e988052d2ce413c3f539996f611bd834cfbb50233427af4e3084faf1b747b4
8531,92002|137891,61799,94761,"Hamburg-Bergedorf, Germany","Dr. Remeis-Observatory, Bamberg, Germany",FINITE_GEOMETRY_ADMISSIBLE_WITNESS,GEOMETRY_ADMISSIBLE,1,1,0,1,d7c712481febb25e32ad809427d9e8871a2dae80435f6098ee05e9a1a3681a1a
8532,92002|137892,61799,94762,"Hamburg-Bergedorf, Germany","Dr. Remeis-Observatory, Bamberg, Germany",FINITE_GEOMETRY_ADMISSIBLE_WITNESS,GEOMETRY_ADMISSIBLE,1,1,0,1,a79284179d66a344b378e33a9db5cb27f49f0c27ebf22b3d4bf5dbed176309db
8533,92002|137893,61799,94763,"Hamburg-Bergedorf, Germany","Dr. Remeis-Observatory, Bamberg, Germany",FINITE_GEOMETRY_ADMISSIBLE_WITNESS,GEOMETRY_ADMISSIBLE,1,1,0,2,43bb74a662871dac5b9eeb11ee113e9cc7d49fdf66755876be6e23d4d6c1c4ce
8534,92002|137894,61799,94764,"Hamburg-Bergedorf, Germany","Dr. Remeis-Observatory, Bamberg, Germany",FINITE_GEOMETRY_ADMISSIBLE_WITNESS,GEOMETRY_ADMISSIBLE,1,1,0,1,6ae4dce2099669e7330347d3ff8deed86d5a92fed680430547ef21069412cf5c
8535,92003|137895,61800,94765,"Hamburg-Bergedorf, Germany","Dr. Remeis-Observatory, Bamberg, Germany",FINITE_GEOMETRY_ADMISSIBLE_WITNESS,GEOMETRY_ADMISSIBLE,1,1,0,1,cc0df5e7b241b0d767d2190e287961929be8c59ee2de44e6ba273adbb67cf1ec
8537,92003|137897,61800,94767,"Hamburg-Bergedorf, Germany","Dr. Remeis-Observatory, Bamberg, Germany",FINITE_GEOMETRY_ADMISSIBLE_WITNESS,GEOMETRY_ADMISSIBLE,1,1,0,1,664d387304bd0c658671bfacbf2a66e5b5049ad3c9bad5eb8f4575e0901affcc
8538,92003|137898,61800,94768,"Hamburg-Bergedorf, Germany","Dr. Remeis-Observatory, Bamberg, Germany",FINITE_GEOMETRY_ADMISSIBLE_WITNESS,GEOMETRY_ADMISSIBLE,1,1,0,1,4e8580ad431e7626847196c616ed8ca1abe2b914083b9a4113e06d58ad4befa2
8539,92003|137899,61800,94769,"Hamburg-Bergedorf, Germany","Dr. Remeis-Observatory, Bamberg, Germany",FINITE_GEOMETRY_ADMISSIBLE_WITNESS,GEOMETRY_ADMISSIBLE,1,1,0,1,13b84a7189d1efeece362a4d72886a63197a3ba80ecb5c6d4899d797376f2479
8540,92003|137900,61800,94770,"Hamburg-Bergedorf, Germany","Dr. Remeis-Observatory, Bamberg, Germany",FINITE_GEOMETRY_ADMISSIBLE_WITNESS,GEOMETRY_ADMISSIBLE,1,1,0,1,4a9d3c9f29aceec0c3d1bf36be82b958dbdc9049172dadd54cc00f76ed551977
8541,92003|137901,61800,94771,"Hamburg-Bergedorf, Germany","Dr. Remeis-Observatory, Bamberg, Germany",FINITE_GEOMETRY_ADMISSIBLE_WITNESS,GEOMETRY_ADMISSIBLE,1,1,0,1,e0835165b5fb0e45bedbd22c96ca1f3fc390129231f8651723169a1663b5153f
8542,92003|137902,61800,94772,"Hamburg-Bergedorf, Germany","Dr. Remeis-Observatory, Bamberg, Germany",FINITE_GEOMETRY_ADMISSIBLE_WITNESS,GEOMETRY_ADMISSIBLE,1,1,0,1,2646702251b6f209894d6e1e15d4ee4ae13d4889f0f2677d69d6bf1ff62b56e2
8543,92004|137895,61801,94765,"Hamburg-Bergedorf, Germany","Dr. Remeis-Observatory, Bamberg, Germany",FINITE_GEOMETRY_ADMISSIBLE_WITNESS,GEOMETRY_ADMISSIBLE,1,1,0,1,f799fef1922d7fd7e27acbd557cd084efba4a91480a0fb4d15269abbca7271d7
8544,92004|137896,61801,94766,"Hamburg-Bergedorf, Germany","Dr. Remeis-Observatory, Bamberg, Germany",FINITE_GEOMETRY_ADMISSIBLE_WITNESS,GEOMETRY_ADMISSIBLE,1,1,0,1,62c2aad9d8e64e648bad3e209f3db2179d361d96e9c800ed3111e729daf38080
8545,92004|137897,61801,94767,"Hamburg-Bergedorf, Germany","Dr. Remeis-Observatory, Bamberg, Germany",FINITE_GEOMETRY_ADMISSIBLE_WITNESS,GEOMETRY_ADMISSIBLE,1,1,0,1,46e5bd0b2417902e02f3b02bf2975ac45f13e7499935d15c8e61ddc824d05273
8546,92004|137898,61801,94768,"Hamburg-Bergedorf, Germany","Dr. Remeis-Observatory, Bamberg, Germany",FINITE_GEOMETRY_ADMISSIBLE_WITNESS,GEOMETRY_ADMISSIBLE,1,1,0,1,b687f61767b0563a44dfd0f438758ab3db7815b283c8c85ad97d60e96f816b30
8548,92004|137900,61801,94770,"Hamburg-Bergedorf, Germany","Dr. Remeis-Observatory, Bamberg, Germany",FINITE_GEOMETRY_ADMISSIBLE_WITNESS,GEOMETRY_ADMISSIBLE,1,1,0,3,97aeb3a2b3e4a521fbc47dbaf40bb5782398d2750553e52a13c7c81c2ec29679
8549,92004|137901,61801,94771,"Hamburg-Bergedorf, Germany","Dr. Remeis-Observatory, Bamberg, Germany",FINITE_GEOMETRY_ADMISSIBLE_WITNESS,GEOMETRY_ADMISSIBLE,1,1,0,1,12df90d733d25a4c1b8a81c70b5fe64d867ed46e851513a25a1f17e3c9106a11
8550,92004|137902,61801,94772,"Hamburg-Bergedorf, Germany","Dr. Remeis-Observatory, Bamberg, Germany",FINITE_GEOMETRY_ADMISSIBLE_WITNESS,GEOMETRY_ADMISSIBLE,1,1,0,1,692c618d5f73e5fc767dea492fabf943067b91580755b08dc1c16c4d28b43ea8
8551,92004|137903,61801,94773,"Hamburg-Bergedorf, Germany","Dr. Remeis-Observatory, Bamberg, Germany",FINITE_GEOMETRY_ADMISSIBLE_WITNESS,GEOMETRY_ADMISSIBLE,1,1,0,1,ce86f333238d7685dd1cc6ec012aafb2eae8feaace9d273e2e8ee2ff6dbe2948
8553,92004|137905,61801,94775,"Hamburg-Bergedorf, Germany","Dr. Remeis-Observatory, Bamberg, Germany",FINITE_GEOMETRY_ADMISSIBLE_WITNESS,GEOMETRY_ADMISSIBLE,1,1,0,1,1bbd2bc2bb9f816d4d60bbadbe46d5c393ef13c26edcd06c40d8f5215025d910
8554,92004|137906,61801,94776,"Hamburg-Bergedorf, Germany","Dr. Remeis-Observatory, Bamberg, Germany",FINITE_GEOMETRY_ADMISSIBLE_WITNESS,GEOMETRY_ADMISSIBLE,1,1,0,2,9c8a5b27331202ea5e651312b636b4cc7d219d4354734dda60e61206d4fda29c
8555,92004|137907,61801,94777,"Hamburg-Bergedorf, Germany","Dr. Remeis-Observatory, Bamberg, Germany",FINITE_GEOMETRY_ADMISSIBLE_WITNESS,GEOMETRY_ADMISSIBLE,1,1,0,1,258576d5f800bb058803e53afa8a2d5661ffa25d006178eaf6b512d3d8d7f4eb
8556,92004|137908,61801,94778,"Hamburg-Bergedorf, Germany","Dr. Remeis-Observatory, Bamberg, Germany",FINITE_GEOMETRY_ADMISSIBLE_WITNESS,GEOMETRY_ADMISSIBLE,1,1,0,2,77a62a6e8e70d75e28fe2443730514887a5fb233f0f320cab40084e0d41f5adc
8557,92004|137909,61801,94779,"Hamburg-Bergedorf, Germany","Dr. Remeis-Observatory, Bamberg, Germany",FINITE_GEOMETRY_ADMISSIBLE_WITNESS,GEOMETRY_ADMISSIBLE,1,1,0,2,cfc4a14aefd49f525b55b84e995b16032c7285f9a8ccfc82f056a43453ef004f
8558,92004|137910,61801,94780,"Hamburg-Bergedorf, Germany","Dr. Remeis-Observatory, Bamberg, Germany",FINITE_GEOMETRY_ADMISSIBLE_WITNESS,GEOMETRY_ADMISSIBLE,1,1,0,2,6bb1a9469c1be5d275ead8d9cec67f9fd55b784762dc82db79c49bb01a487d85
8559,92005|137903,61802,94773,"Hamburg-Bergedorf, Germany","Dr. Remeis-Observatory, Bamberg, Germany",FINITE_GEOMETRY_ADMISSIBLE_WITNESS,GEOMETRY_ADMISSIBLE,1,1,0,1,121c649e128c27c99be87d1b8e59abbda1104697037d3d9322da0dce71f094ef
8561,92005|137905,61802,94775,"Hamburg-Bergedorf, Germany","Dr. Remeis-Observatory, Bamberg, Germany",FINITE_GEOMETRY_ADMISSIBLE_WITNESS,GEOMETRY_ADMISSIBLE,1,1,0,2,e61cc8ba06fdc84e574b72e587184f5b3abbc884eea88c455dba1b34f0bcb481
8562,92005|137906,61802,94776,"Hamburg-Bergedorf, Germany","Dr. Remeis-Observatory, Bamberg, Germany",FINITE_GEOMETRY_ADMISSIBLE_WITNESS,GEOMETRY_ADMISSIBLE,1,1,0,2,473681ddcba85826f03ce6e49e47b293a7c435e9fbb9c4dbc8d410604d92ecb2
8563,92005|137907,61802,94777,"Hamburg-Bergedorf, Germany","Dr. Remeis-Observatory, Bamberg, Germany",FINITE_GEOMETRY_ADMISSIBLE_WITNESS,GEOMETRY_ADMISSIBLE,1,1,0,1,8d66b73cf55f0ad4c7dcf6e20e02c312a2ce2e06e8cd736d7412fcfab7650702
8564,92005|137908,61802,94778,"Hamburg-Bergedorf, Germany","Dr. Remeis-Observatory, Bamberg, Germany",FINITE_GEOMETRY_ADMISSIBLE_WITNESS,GEOMETRY_ADMISSIBLE,1,1,0,2,8d0d34901a47ba6bf48659a8e79f6c14e70a43ffb9ae8284f32f9fc35d187fee
8565,92005|137909,61802,94779,"Hamburg-Bergedorf, Germany","Dr. Remeis-Observatory, Bamberg, Germany",FINITE_GEOMETRY_ADMISSIBLE_WITNESS,GEOMETRY_ADMISSIBLE,1,1,0,1,e829e14eb77e3c6cb0b8368043b54e2df81eb5df7e3882b6d6c4caa81d91f904
8566,92005|137910,61802,94780,"Hamburg-Bergedorf, Germany","Dr. Remeis-Observatory, Bamberg, Germany",FINITE_GEOMETRY_ADMISSIBLE_WITNESS,GEOMETRY_ADMISSIBLE,1,1,0,1,6660588bdd7877e953fd8c35e17ffcaa50b7a9a0697c077c88e5659d65d8deae
8567,92006|137903,61803,94773,"Hamburg-Bergedorf, Germany","Dr. Remeis-Observatory, Bamberg, Germany",FINITE_GEOMETRY_ADMISSIBLE_WITNESS,GEOMETRY_ADMISSIBLE,1,1,0,1,09409a931e587c390435cc377301a9f882efd5c6332d201355e46770cfbb5ea4
8568,92006|137904,61803,94774,"Hamburg-Bergedorf, Germany","Dr. Remeis-Observatory, Bamberg, Germany",FINITE_GEOMETRY_ADMISSIBLE_WITNESS,GEOMETRY_ADMISSIBLE,1,1,0,1,b6013bc271a1aad1d07230b34796f05eba915b388c16661a3df08a7ffb8bc0d7
8569,92006|137905,61803,94775,"Hamburg-Bergedorf, Germany","Dr. Remeis-Observatory, Bamberg, Germany",FINITE_GEOMETRY_ADMISSIBLE_WITNESS,GEOMETRY_ADMISSIBLE,1,1,0,1,c32cde95e9116cc86c201084cdfdfd708843c9e216ef773213528eb762823798
8570,92006|137906,61803,94776,"Hamburg-Bergedorf, Germany","Dr. Remeis-Observatory, Bamberg, Germany",FINITE_GEOMETRY_ADMISSIBLE_WITNESS,GEOMETRY_ADMISSIBLE,1,1,0,2,75a96835d915ba85c95aa79451fd0f8dc239210449e655853609be743075799f
8572,92006|137908,61803,94778,"Hamburg-Bergedorf, Germany","Dr. Remeis-Observatory, Bamberg, Germany",FINITE_GEOMETRY_ADMISSIBLE_WITNESS,GEOMETRY_ADMISSIBLE,1,1,0,2,cd625012e0cdcff9588b9e9b954cc36c113c49dc678cb013dc17b82ba9f4dcdd
8573,92006|137909,61803,94779,"Hamburg-Bergedorf, Germany","Dr. Remeis-Observatory, Bamberg, Germany",FINITE_GEOMETRY_ADMISSIBLE_WITNESS,GEOMETRY_ADMISSIBLE,1,1,0,1,4cc46fba37b0664861ee03d29096392a90f688b3a276660d751f5485e0f5d969
8575,92006|137911,61803,94781,"Hamburg-Bergedorf, Germany","Dr. Remeis-Observatory, Bamberg, Germany",FINITE_GEOMETRY_ADMISSIBLE_WITNESS,GEOMETRY_ADMISSIBLE,1,1,0,1,f02f3be475d2c7c64d5c0de94a36f3e91289881daa6cb8768677afade045e0f9
8577,92006|137913,61803,94783,"Hamburg-Bergedorf, Germany","Dr. Remeis-Observatory, Bamberg, Germany",FINITE_GEOMETRY_ADMISSIBLE_WITNESS,GEOMETRY_ADMISSIBLE,1,1,0,1,79eb94739080c4f5a2415553569191fa6293ff7f487364fa44975cf99f3f0946
8578,92006|137914,61803,94784,"Hamburg-Bergedorf, Germany","Dr. Remeis-Observatory, Bamberg, Germany",FINITE_GEOMETRY_ADMISSIBLE_WITNESS,GEOMETRY_ADMISSIBLE,1,1,0,1,065ae5f440ce994fec8f4c201551febdef036e05f8cb489f941875691a693b45
8579,92006|137915,61803,94785,"Hamburg-Bergedorf, Germany","Dr. Remeis-Observatory, Bamberg, Germany",FINITE_GEOMETRY_ADMISSIBLE_WITNESS,GEOMETRY_ADMISSIBLE,1,1,0,1,50e3abc57c47f1ddbda2e01b501bf787f1e03622a3b9ad86be0f78958c55314b
8580,92006|137916,61803,94786,"Hamburg-Bergedorf, Germany","Dr. Remeis-Observatory, Bamberg, Germany",FINITE_GEOMETRY_ADMISSIBLE_WITNESS,GEOMETRY_ADMISSIBLE,1,1,0,1,4a1741d5502c15f14b7f981998bdf15249677a00279d775cc3fd1e91ee8fd30c
8581,92006|137917,61803,94787,"Hamburg-Bergedorf, Germany","Dr. Remeis-Observatory, Bamberg, Germany",FINITE_GEOMETRY_ADMISSIBLE_WITNESS,GEOMETRY_ADMISSIBLE,1,1,0,2,43d7d07d2dae04b9cda9570ce481f9591bc43079737869b5d0b908c90cead86b
8582,92006|137918,61803,94788,"Hamburg-Bergedorf, Germany","Dr. Remeis-Observatory, Bamberg, Germany",FINITE_GEOMETRY_ADMISSIBLE_WITNESS,GEOMETRY_ADMISSIBLE,1,1,0,2,7ffeef1f212745048f651919d1654871092706d34a9d191f2de74bb218e0e95e
8583,92012|137919,61809,94789,"Hamburg-Bergedorf, Germany","Dr. Remeis-Observatory, Bamberg, Germany",FINITE_GEOMETRY_ADMISSIBLE_WITNESS,GEOMETRY_ADMISSIBLE,1,1,0,1,7f77a737227000b4a8f6cda0ed3b12efa1850abaf6beeb579c75532abfc2b37a
8584,92012|137920,61809,94790,"Hamburg-Bergedorf, Germany","Dr. Remeis-Observatory, Bamberg, Germany",FINITE_GEOMETRY_ADMISSIBLE_WITNESS,GEOMETRY_ADMISSIBLE,1,1,0,3,326dcd95024eb18d54c623909b564316ada5d9438329b2233eb618000c19fa95
8585,92012|137921,61809,94791,"Hamburg-Bergedorf, Germany","Dr. Remeis-Observatory, Bamberg, Germany",FINITE_GEOMETRY_ADMISSIBLE_WITNESS,GEOMETRY_ADMISSIBLE,1,1,0,2,1afe6375d79a58a3f941e57f416f0acc19960fccccaf9429af70d1034dbb5a42
8586,92012|137923,61809,94793,"Hamburg-Bergedorf, Germany","Dr. Remeis-Observatory, Bamberg, Germany",FINITE_GEOMETRY_ADMISSIBLE_WITNESS,GEOMETRY_ADMISSIBLE,1,1,0,1,8234406327b74d30b7fe9cddf829f96cdc9aec110f32b1a3b2cb0f8542962bf4
8587,92012|137924,61809,94794,"Hamburg-Bergedorf, Germany","Dr. Remeis-Observatory, Bamberg, Germany",FINITE_GEOMETRY_ADMISSIBLE_WITNESS,GEOMETRY_ADMISSIBLE,1,1,0,3,061da202b9221ef8f62123fc32099bfeb048b0e72a77083e4cb4c66a21652d3d
8588,92012|137925,61809,94795,"Hamburg-Bergedorf, Germany","Dr. Remeis-Observatory, Bamberg, Germany",FINITE_GEOMETRY_ADMISSIBLE_WITNESS,GEOMETRY_ADMISSIBLE,1,1,0,1,e0311feb52396d7c2db95f04f393b23a0770b802c59f633a06850497ee1f0b4c
8589,92012|137926,61809,94796,"Hamburg-Bergedorf, Germany","Dr. Remeis-Observatory, Bamberg, Germany",FINITE_GEOMETRY_ADMISSIBLE_WITNESS,GEOMETRY_ADMISSIBLE,1,1,0,1,1ca11c4b0a36474555302d83dc91e033eff74a2fa8f5c12980c58fb98c8c8c2d
8590,92013|137919,61810,94789,"Hamburg-Bergedorf, Germany","Dr. Remeis-Observatory, Bamberg, Germany",FINITE_GEOMETRY_ADMISSIBLE_WITNESS,GEOMETRY_ADMISSIBLE,1,1,0,1,69f7e88b8215b0c269ff5ca86a7ad91907bac1f6159fb72a3b6935d0d2905cad
8591,92013|137920,61810,94790,"Hamburg-Bergedorf, Germany","Dr. Remeis-Observatory, Bamberg, Germany",FINITE_GEOMETRY_ADMISSIBLE_WITNESS,GEOMETRY_ADMISSIBLE,1,1,0,1,bf63d99a4cb690f2ee95440ac14c7be50fb7988e6e76cda5be5116fd1a85a00c
8592,92013|137921,61810,94791,"Hamburg-Bergedorf, Germany","Dr. Remeis-Observatory, Bamberg, Germany",FINITE_GEOMETRY_ADMISSIBLE_WITNESS,GEOMETRY_ADMISSIBLE,1,1,0,3,4af3598395796287625078571dce78bd2fe65c279d7f06d7e02d0a5aa3bb61c4
8594,92013|137924,61810,94794,"Hamburg-Bergedorf, Germany","Dr. Remeis-Observatory, Bamberg, Germany",FINITE_GEOMETRY_ADMISSIBLE_WITNESS,GEOMETRY_ADMISSIBLE,1,1,0,2,3fe144b4a7444f3ef1c30dcc0c24a5a5a47947ad2ebdc439d778b8134835db89
8595,92013|137925,61810,94795,"Hamburg-Bergedorf, Germany","Dr. Remeis-Observatory, Bamberg, Germany",FINITE_GEOMETRY_ADMISSIBLE_WITNESS,GEOMETRY_ADMISSIBLE,1,1,0,1,179b6f50d1dc935373edb5fe85f4051a4aed0a8fc226900fdbbaf6003ef1f3b2
8597,92013|137927,61810,94797,"Hamburg-Bergedorf, Germany","Dr. Remeis-Observatory, Bamberg, Germany",FINITE_GEOMETRY_ADMISSIBLE_WITNESS,GEOMETRY_ADMISSIBLE,1,1,0,1,5ca699b0db56ceb3e64e78c4c308adc9bbd85185b0d4128d164b08cb5779a257
8599,92013|137929,61810,94799,"Hamburg-Bergedorf, Germany","Dr. Remeis-Observatory, Bamberg, Germany",FINITE_GEOMETRY_ADMISSIBLE_WITNESS,GEOMETRY_ADMISSIBLE,1,1,0,1,696d3d17083f202d9b5ae0743a0f2fbc8f43326e403a62aed299f170c92fabdd
8600,92013|137930,61810,94800,"Hamburg-Bergedorf, Germany","Dr. Remeis-Observatory, Bamberg, Germany",FINITE_GEOMETRY_ADMISSIBLE_WITNESS,GEOMETRY_ADMISSIBLE,1,1,0,1,6314c50b668037c509aaa98a2bc667664770f2288dc1b63b3f0d4f64fd9ca8cc
8601,92013|137931,61810,94801,"Hamburg-Bergedorf, Germany","Dr. Remeis-Observatory, Bamberg, Germany",FINITE_GEOMETRY_ADMISSIBLE_WITNESS,GEOMETRY_ADMISSIBLE,1,1,0,1,f35fb44860b3841927405689572733a2364f9269ed530661734ccf59a030f775
8602,92013|137932,61810,94802,"Hamburg-Bergedorf, Germany","Dr. Remeis-Observatory, Bamberg, Germany",FINITE_GEOMETRY_ADMISSIBLE_WITNESS,GEOMETRY_ADMISSIBLE,1,1,0,1,49e78d496c81f48b0a10e85e3c23fd914a76751d4585f0cfaaad4492bafd0754
8603,92013|137933,61810,94803,"Hamburg-Bergedorf, Germany","Dr. Remeis-Observatory, Bamberg, Germany",FINITE_GEOMETRY_ADMISSIBLE_WITNESS,GEOMETRY_ADMISSIBLE,1,1,0,1,d3bb1b338e2cef7f681a6bb26dfd7f5338a19337841544fd74dbd2bbb32eb9e4
8604,92013|137934,61810,94804,"Hamburg-Bergedorf, Germany","Dr. Remeis-Observatory, Bamberg, Germany",FINITE_GEOMETRY_ADMISSIBLE_WITNESS,GEOMETRY_ADMISSIBLE,1,1,0,1,0570657e29c219a4be6dd977b70cf08f49ba74e6c884463052036b5f9151580c
8605,92016|138308,61813,95178,"Hamburg-Bergedorf, Germany","Dr. Remeis-Observatory, Bamberg, Germany",FINITE_GEOMETRY_ADMISSIBLE_WITNESS,GEOMETRY_ADMISSIBLE,1,1,0,1,eae21f2925b31c49bc86a300cc109aed42d65529f2bad21549d7fcb863fe9989
8606,92016|138309,61813,95179,"Hamburg-Bergedorf, Germany","Dr. Remeis-Observatory, Bamberg, Germany",FINITE_GEOMETRY_ADMISSIBLE_WITNESS,GEOMETRY_ADMISSIBLE,1,1,0,1,0d19ab18662b0efc2f8b10eb11b56bcaa847bc26f912ac8c65e60caecca7d54e
8607,92016|138310,61813,95180,"Hamburg-Bergedorf, Germany","Dr. Remeis-Observatory, Bamberg, Germany",FINITE_GEOMETRY_ADMISSIBLE_WITNESS,GEOMETRY_ADMISSIBLE,1,1,0,1,1be14e873e51dfd71d9f1680aa0010779304a4f1c94cb9b6317faccc31e2a794
8613,92016|138316,61813,95186,"Hamburg-Bergedorf, Germany","Dr. Remeis-Observatory, Bamberg, Germany",FINITE_GEOMETRY_ADMISSIBLE_WITNESS,GEOMETRY_ADMISSIBLE,1,1,0,3,38086fdd338e09ba589928ed9b98a9543d62d21e742a9f5d829d3b62bf8b5805
8615,92016|138318,61813,95188,"Hamburg-Bergedorf, Germany","Dr. Remeis-Observatory, Bamberg, Germany",FINITE_GEOMETRY_ADMISSIBLE_WITNESS,GEOMETRY_ADMISSIBLE,1,1,0,3,7fe10123076001c084e2e07bc44085890f09ed330ef0ac27c91e8eb18097c570
8616,92016|138319,61813,95189,"Hamburg-Bergedorf, Germany","Dr. Remeis-Observatory, Bamberg, Germany",FINITE_GEOMETRY_ADMISSIBLE_WITNESS,GEOMETRY_ADMISSIBLE,1,1,0,1,95f80fa5363228ab578f54eb9a32a242acafb520dba120ca5993303e6fe329d5
8617,92016|138320,61813,95190,"Hamburg-Bergedorf, Germany","Dr. Remeis-Observatory, Bamberg, Germany",FINITE_GEOMETRY_ADMISSIBLE_WITNESS,GEOMETRY_ADMISSIBLE,1,1,0,1,6cfbc4d78ebe15aa5bb24ebccf5600130af3186a5aae1a7279ada6fc538c905c
8618,92016|138321,61813,95191,"Hamburg-Bergedorf, Germany","Dr. Remeis-Observatory, Bamberg, Germany",FINITE_GEOMETRY_ADMISSIBLE_WITNESS,GEOMETRY_ADMISSIBLE,1,1,0,1,ee80c724e35793c99a089d8b3a1d4496fe62c7642fd039c6567924949e140047
8619,92016|138322,61813,95192,"Hamburg-Bergedorf, Germany","Dr. Remeis-Observatory, Bamberg, Germany",FINITE_GEOMETRY_ADMISSIBLE_WITNESS,GEOMETRY_ADMISSIBLE,1,1,0,1,df14afed741c8d2d58ddbc80e7b8605d3a1037ee1f5ce0f4fc5d96d9fcbd4b61
8620,92016|138323,61813,95193,"Hamburg-Bergedorf, Germany","Dr. Remeis-Observatory, Bamberg, Germany",FINITE_GEOMETRY_ADMISSIBLE_WITNESS,GEOMETRY_ADMISSIBLE,1,1,0,1,850dbf4d1676f874a8604375480eda87c76ced0609083724947f8e3efeacc75d
8621,92282|128607,62069,85879,"Hamburg-Bergedorf, Germany","Dr. Remeis-Observatory, Bamberg, Germany",FINITE_GEOMETRY_ADMISSIBLE_WITNESS,GEOMETRY_ADMISSIBLE,1,1,0,2,c48fdcc32a880be122a233566dc8a2f6d266fcddd628eaabe142d73a17706690
8627,110681|124002,64780,81296,"Hamburg-Bergedorf, Germany","Dr. Remeis-Observatory, Bamberg, Germany",FINITE_GEOMETRY_ADMISSIBLE_WITNESS,GEOMETRY_ADMISSIBLE,1,1,0,1,2e07a55404e22ba11ded66cffe64e192fa6434622e31a2df637e4c9cf534f5d2
8628,110681|124004,64780,81298,"Hamburg-Bergedorf, Germany","Dr. Remeis-Observatory, Bamberg, Germany",FINITE_GEOMETRY_ADMISSIBLE_WITNESS,GEOMETRY_ADMISSIBLE,1,1,0,1,645107dba498aa767bb5102c53b159bc628792b5c17cae25ebfd138b1f383371
8633,110781|125350,64839,82644,"Hamburg-Bergedorf, Germany","Dr. Remeis-Observatory, Bamberg, Germany",FINITE_GEOMETRY_ADMISSIBLE_WITNESS,GEOMETRY_ADMISSIBLE,1,1,0,1,733097692debc39aee73bc22779d9d1001b0b8670542aa0a08419f87941e50df
8635,110781|125426,64839,82720,"Hamburg-Bergedorf, Germany","Dr. Remeis-Observatory, Bamberg, Germany",FINITE_GEOMETRY_ADMISSIBLE_WITNESS,GEOMETRY_ADMISSIBLE,1,1,0,1,2aaa17389b7e6e18623bc5612f538e2989e87b612fbedafdf62dcd4bc010764a
8636,110781|125427,64839,82721,"Hamburg-Bergedorf, Germany","Dr. Remeis-Observatory, Bamberg, Germany",FINITE_GEOMETRY_ADMISSIBLE_WITNESS,GEOMETRY_ADMISSIBLE,1,1,0,2,410c428055c4ce0ccf0ae706e1a62eb0ab7a5bf0cb16d53cd6633fb22552654f
8637,110781|125428,64839,82722,"Hamburg-Bergedorf, Germany","Dr. Remeis-Observatory, Bamberg, Germany",FINITE_GEOMETRY_ADMISSIBLE_WITNESS,GEOMETRY_ADMISSIBLE,1,1,0,1,509b6106038fe61139579b6d03dc1679a755a8b031d4d8e992144346b99add72
8638,110782|125353,64840,82647,"Hamburg-Bergedorf, Germany","Dr. Remeis-Observatory, Bamberg, Germany",FINITE_GEOMETRY_ADMISSIBLE_WITNESS,GEOMETRY_ADMISSIBLE,1,1,0,2,59bb9912d7fcd8a15bf51986fee3e7258f59a3c6229c22a46ab4521d453ea286
8640,110782|125429,64840,82723,"Hamburg-Bergedorf, Germany","Dr. Remeis-Observatory, Bamberg, Germany",FINITE_GEOMETRY_ADMISSIBLE_WITNESS,GEOMETRY_ADMISSIBLE,1,1,0,1,0d6ec6e7f32163aa3cd024f48ffa320bdd72f4d31982df96390591e7c4f717f4
8641,110782|125430,64840,82724,"Hamburg-Bergedorf, Germany","Dr. Remeis-Observatory, Bamberg, Germany",FINITE_GEOMETRY_ADMISSIBLE_WITNESS,GEOMETRY_ADMISSIBLE,1,1,0,1,348056b9459cc88ac6d84db3cffdeabad5ed504450294a014e237f741836cb51
8642,110829|125531,64871,82825,"Hamburg-Bergedorf, Germany","Dr. Remeis-Observatory, Bamberg, Germany",FINITE_GEOMETRY_ADMISSIBLE_WITNESS,GEOMETRY_ADMISSIBLE,1,1,0,1,7ab8cd3d5d487715af6a1fb0ccc326482b2b8e09b8f64efb9208ae616d183f70
8643,110829|125586,64871,82880,"Hamburg-Bergedorf, Germany","Dr. Remeis-Observatory, Bamberg, Germany",FINITE_GEOMETRY_ADMISSIBLE_WITNESS,GEOMETRY_ADMISSIBLE,1,1,0,1,a5fc322e778e054037d6bd0c1d50463bd005366f19919bfd686f57709943e6ef
8648,110957|129741,64925,87011,"Hamburg-Bergedorf, Germany","Dr. Remeis-Observatory, Bamberg, Germany",FINITE_GEOMETRY_ADMISSIBLE_WITNESS,GEOMETRY_ADMISSIBLE,1,1,0,1,11adeae1666f1ebaa2d31ae09575ffe4b33e2bcba3de1ef5417e0ffe7473de69
8651,110957|129747,64925,87017,"Hamburg-Bergedorf, Germany","Dr. Remeis-Observatory, Bamberg, Germany",FINITE_GEOMETRY_ADMISSIBLE_WITNESS,GEOMETRY_ADMISSIBLE,1,1,0,1,343ff432a5556267557b4255377cab03bcb9472da0d2c90c14d1d540d09a0d15
8652,110958|129751,64926,87021,"Hamburg-Bergedorf, Germany","Dr. Remeis-Observatory, Bamberg, Germany",FINITE_GEOMETRY_ADMISSIBLE_WITNESS,GEOMETRY_ADMISSIBLE,1,1,0,1,c7c7a6fc273cf2289fa8dfb4efbdcad9c2bc07cdfad280124bdb13f566011a9b
8655,111268|130137,64977,87401,"Hamburg-Bergedorf, Germany","Dr. Remeis-Observatory, Bamberg, Germany",FINITE_GEOMETRY_ADMISSIBLE_WITNESS,GEOMETRY_ADMISSIBLE,1,1,0,1,058a4e17ce27082bd706299b0ef4fda8fb5b2c89f2a6cd940feb8e4bda83ce33
8658,111273|130202,64982,87466,"Hamburg-Bergedorf, Germany","Dr. Remeis-Observatory, Bamberg, Germany",FINITE_GEOMETRY_ADMISSIBLE_WITNESS,GEOMETRY_ADMISSIBLE,1,1,0,1,76a1c995ad8b1dec9d57dda9f7b62ec9e003acd72b99307926b7337311f7f871
8659,111283|130237,64992,87501,"Hamburg-Bergedorf, Germany","Dr. Remeis-Observatory, Bamberg, Germany",FINITE_GEOMETRY_ADMISSIBLE_WITNESS,GEOMETRY_ADMISSIBLE,1,1,0,3,0e4f69287336e2fd12c70808b4f12be807674f9492bbaf83e59fe7be0ec4b940
8660,111283|130238,64992,87502,"Hamburg-Bergedorf, Germany","Dr. Remeis-Observatory, Bamberg, Germany",FINITE_GEOMETRY_ADMISSIBLE_WITNESS,GEOMETRY_ADMISSIBLE,1,1,0,1,cba1bb730aa0e35e431a3b60a3d93fb84ce24723909cc60c1f0b424eed4a81af
8670,111468|130631,65034,87845,"Hamburg-Bergedorf, Germany","Dr. Remeis-Observatory, Bamberg, Germany",FINITE_GEOMETRY_ADMISSIBLE_WITNESS,GEOMETRY_ADMISSIBLE,1,1,0,2,65179fe05ba855198833675d5d0d7ab90839d9e5ce4f1266e1b81a40db38c931
8671,111468|130632,65034,87846,"Hamburg-Bergedorf, Germany","Dr. Remeis-Observatory, Bamberg, Germany",FINITE_GEOMETRY_ADMISSIBLE_WITNESS,GEOMETRY_ADMISSIBLE,1,1,0,2,c54c8cfed2a13fa4d05560f1a3b34c41da6f1af9302a1882a04cad40bef28bc6
8675,115242|132701,66410,89627,"Hamburg-Bergedorf, Germany","Dr. Remeis-Observatory, Bamberg, Germany",FINITE_GEOMETRY_ADMISSIBLE_WITNESS,GEOMETRY_ADMISSIBLE,1,1,0,1,7fc5a56aa4f7ef1bbb9f973d8eb8fc7223c4a1a2ebe0cd5f9619806f934364de
8676,115243|132701,66410,89627,"Hamburg-Bergedorf, Germany","Dr. Remeis-Observatory, Bamberg, Germany",FINITE_GEOMETRY_ADMISSIBLE_WITNESS,GEOMETRY_ADMISSIBLE,1,1,0,1,f73989f1dd6a3a39803fe5d1693d2f8df7df3ab4a3d9e2d4bfd5339403850f8e
8677,115244|132701,66410,89627,"Hamburg-Bergedorf, Germany","Dr. Remeis-Observatory, Bamberg, Germany",FINITE_GEOMETRY_ADMISSIBLE_WITNESS,GEOMETRY_ADMISSIBLE,1,1,0,1,0e99b14f790efea48ff46827bdf9b6f0358ba038f1fc301282cc3861657e60d2
8686,132059|139207,88986,96077,"Dr. Remeis-Observatory, Bamberg, Germany","Castel Gandolfo, Italy",FINITE_GEOMETRY_ADMISSIBLE_WITNESS,GEOMETRY_ADMISSIBLE,1,1,0,1,1b65f99c4c9f077888b19197c3a6fafef384418126fb57ba2217871286bc4e8f
8687,132060|139207,88987,96077,"Dr. Remeis-Observatory, Bamberg, Germany","Castel Gandolfo, Italy",FINITE_GEOMETRY_ADMISSIBLE_WITNESS,GEOMETRY_ADMISSIBLE,1,1,0,1,6c5ddc8b287a19e60e4d4de4b60f6c8301a70ddbe4fe311085e709ce434760b5
8706,132404|139417,89330,96287,"Dr. Remeis-Observatory, Bamberg, Germany","Castel Gandolfo, Italy",FINITE_GEOMETRY_ADMISSIBLE_WITNESS,GEOMETRY_ADMISSIBLE,1,1,0,1,43d432b4166ee28c7eea329ab199a9f12e50b6be025428340390505c72d569ff
8707,132404|139418,89330,96288,"Dr. Remeis-Observatory, Bamberg, Germany","Castel Gandolfo, Italy",FINITE_GEOMETRY_ADMISSIBLE_WITNESS,GEOMETRY_ADMISSIBLE,1,1,0,1,cef05386ac01feb51dbc88bf138e69f44fa50f6865998964239e4aa5090e2368
8725,132452|139439,89378,96309,"Dr. Remeis-Observatory, Bamberg, Germany","Castel Gandolfo, Italy",FINITE_GEOMETRY_ADMISSIBLE_WITNESS,GEOMETRY_ADMISSIBLE,1,1,0,1,3dd109647fb78bb94b586a03d72fae6e6b4b42d7e1eeec7ff7b998cbebb4c6c5
8741,132462|139447,89388,96317,"Dr. Remeis-Observatory, Bamberg, Germany","Castel Gandolfo, Italy",FINITE_GEOMETRY_ADMISSIBLE_WITNESS,GEOMETRY_ADMISSIBLE,1,1,0,1,880502874173997160ee74edb7d968a2ca6758dacd15d7e24f58f96fcd2c84c5
8753,132483|139476,89409,96346,"Dr. Remeis-Observatory, Bamberg, Germany","Castel Gandolfo, Italy",FINITE_GEOMETRY_ADMISSIBLE_WITNESS,GEOMETRY_ADMISSIBLE,1,1,0,1,8960b1cb7fd02a49c8370af8f5899b1f4fa7d0f78e1b649da730a1a33a371a45
8763,132507|139490,89433,96360,"Dr. Remeis-Observatory, Bamberg, Germany","Castel Gandolfo, Italy",FINITE_GEOMETRY_ADMISSIBLE_WITNESS,GEOMETRY_ADMISSIBLE,1,1,0,1,11d06ac5aeb55aa857afe1025446457283ae48d9712c4d95b285df9bbf43efad
8764,132507|139491,89433,96361,"Dr. Remeis-Observatory, Bamberg, Germany","Castel Gandolfo, Italy",FINITE_GEOMETRY_ADMISSIBLE_WITNESS,GEOMETRY_ADMISSIBLE,1,1,0,1,95f4f93b22de6de346e8be9317dad337ba48d89da0b5f01b142a980e73239485
8765,132516|139492,89442,96362,"Dr. Remeis-Observatory, Bamberg, Germany","Castel Gandolfo, Italy",FINITE_GEOMETRY_ADMISSIBLE_WITNESS,GEOMETRY_ADMISSIBLE,1,1,0,1,8b52dfaf4e2d4110a41479d3982e38f1a6cd62e460c05637677eb95d764eca62
8766,132516|139493,89442,96363,"Dr. Remeis-Observatory, Bamberg, Germany","Castel Gandolfo, Italy",FINITE_GEOMETRY_ADMISSIBLE_WITNESS,GEOMETRY_ADMISSIBLE,1,1,0,1,25d728b430cd57e762e5b3094825b85955c32bd7d9bd3d0e3b8c28f393215cb0
8767,132516|139494,89442,96364,"Dr. Remeis-Observatory, Bamberg, Germany","Castel Gandolfo, Italy",FINITE_GEOMETRY_ADMISSIBLE_WITNESS,GEOMETRY_ADMISSIBLE,1,1,0,1,66a347620fe2bd899a9bb56a93e8751d30499c20eaba78b31e86fb1d2317b195
8768,132518|139495,89444,96365,"Dr. Remeis-Observatory, Bamberg, Germany","Castel Gandolfo, Italy",FINITE_GEOMETRY_ADMISSIBLE_WITNESS,GEOMETRY_ADMISSIBLE,1,1,0,2,c7a81f7c778d15c1a981b4e4940569ab7099328e5751805bf4438161dc713664
8777,132570|139510,89496,96380,"Dr. Remeis-Observatory, Bamberg, Germany","Castel Gandolfo, Italy",FINITE_GEOMETRY_ADMISSIBLE_WITNESS,GEOMETRY_ADMISSIBLE,1,1,0,1,1a5e3a5390cf700409c1190b615af37966b2a9ad8664828bf52516dd46a4e6e1
8778,132570|139511,89496,96381,"Dr. Remeis-Observatory, Bamberg, Germany","Castel Gandolfo, Italy",FINITE_GEOMETRY_ADMISSIBLE_WITNESS,GEOMETRY_ADMISSIBLE,1,1,0,1,f86663c94b7769c397e55a144716376daefb016dbcc2636cc3ee31cb6c2a8c65
8779,132570|139512,89496,96382,"Dr. Remeis-Observatory, Bamberg, Germany","Castel Gandolfo, Italy",FINITE_GEOMETRY_ADMISSIBLE_WITNESS,GEOMETRY_ADMISSIBLE,1,1,0,1,99e8003aabfb941769b13dcdcd932e2e6700ff820340d6243014b59a6c02bfca
8780,132570|139513,89496,96383,"Dr. Remeis-Observatory, Bamberg, Germany","Castel Gandolfo, Italy",FINITE_GEOMETRY_ADMISSIBLE_WITNESS,GEOMETRY_ADMISSIBLE,1,1,0,1,44bcce254446d6d3d305dfccfced68f9fab2d0558f1dbf8d82f839d46965a179
8781,132570|139514,89496,96384,"Dr. Remeis-Observatory, Bamberg, Germany","Castel Gandolfo, Italy",FINITE_GEOMETRY_ADMISSIBLE_WITNESS,GEOMETRY_ADMISSIBLE,1,1,0,1,a143e91b2e6f57da67d13e63ac9e0622b028acfd7e83d475826fefdec38e968d
8782,132570|139515,89496,96385,"Dr. Remeis-Observatory, Bamberg, Germany","Castel Gandolfo, Italy",FINITE_GEOMETRY_ADMISSIBLE_WITNESS,GEOMETRY_ADMISSIBLE,1,1,0,1,39c0fe334b71e7d5096ce960749278a0ec8111790c8fdac371ddb5c86c82faf2
8783,132570|139516,89496,96386,"Dr. Remeis-Observatory, Bamberg, Germany","Castel Gandolfo, Italy",FINITE_GEOMETRY_ADMISSIBLE_WITNESS,GEOMETRY_ADMISSIBLE,1,1,0,2,7d077c7e5dd51bda3912c1b97081fa0cdf7a80414f5f13fdec0854d87b33572c
8803,132663|139535,89589,96405,"Dr. Remeis-Observatory, Bamberg, Germany","Castel Gandolfo, Italy",FINITE_GEOMETRY_ADMISSIBLE_WITNESS,GEOMETRY_ADMISSIBLE,1,1,0,1,5d0c3e596a706a0ae995dce627e89279c05091cb16b183d03ae8af36fa3a413f
